head,relation,tail,head_type,tail_type,label
100016,CPI,Q15418,compound,protein,0
10026128,CPI,Q9NQB0,compound,protein,0
10029385,CPI,O75116,compound,protein,1
10029385,CPI,P29317,compound,protein,1
10029385,CPI,P00488,compound,protein,0
10040286,CPI,Q99720,compound,protein,1
100526,CPI,Q99714,compound,protein,1
10074640,CPI,O14730,compound,protein,1
10074640,CPI,O14920,compound,protein,1
10074640,CPI,P00519,compound,protein,1
10074640,CPI,P15735,compound,protein,1
10074640,CPI,P31749,compound,protein,1
10074640,CPI,P36896,compound,protein,1
10074640,CPI,P37173,compound,protein,1
10074640,CPI,P41240,compound,protein,1
10074640,CPI,P52564,compound,protein,1
10074640,CPI,P53779,compound,protein,1
10074640,CPI,P80192,compound,protein,1
10074640,CPI,Q13557,compound,protein,1
10074640,CPI,Q15375,compound,protein,1
10074640,CPI,Q16288,compound,protein,1
10074640,CPI,Q8IW41,compound,protein,1
10074640,CPI,Q8WU08,compound,protein,1
10074640,CPI,Q9BYT3,compound,protein,1
10074640,CPI,Q9H093,compound,protein,1
10074640,CPI,Q9H1R3,compound,protein,1
10074640,CPI,Q9NYL2,compound,protein,1
10074640,CPI,Q9UQB9,compound,protein,1
10074640,CPI,Q9Y4K4,compound,protein,1
10074640,CPI,Q9Y6E0,compound,protein,1
10074640,CPI,P29459,compound,protein,0
10074640,CPI,Q92542,compound,protein,0
10074640,CPI,O00429,compound,protein,0
10074640,CPI,P19971,compound,protein,0
10074640,CPI,P42898,compound,protein,0
10074640,CPI,O15374,compound,protein,0
10074640,CPI,Q99728,compound,protein,0
10074640,CPI,O95865,compound,protein,0
10074640,CPI,P14410,compound,protein,0
10074640,CPI,Q6GMR7,compound,protein,0
1007755,CPI,O95977,compound,protein,1
10090485,CPI,O14976,compound,protein,1
10090485,CPI,Q13564,compound,protein,0
10113978,CPI,O60674,compound,protein,1
10113978,CPI,P22694,compound,protein,1
10113978,CPI,P53355,compound,protein,1
10113978,CPI,Q02763,compound,protein,1
10113978,CPI,Q15303,compound,protein,1
10113978,CPI,Q8IW41,compound,protein,1
10113978,CPI,Q8IY84,compound,protein,1
10113978,CPI,Q9BXA7,compound,protein,1
10113978,CPI,Q9Y2K2,compound,protein,1
10113978,CPI,Q9Y6E0,compound,protein,1
10113978,CPI,P11597,compound,protein,0
10113978,CPI,A4D1B5,compound,protein,0
10113978,CPI,Q9HBW0,compound,protein,0
10113978,CPI,P45880,compound,protein,0
10113978,CPI,P63000,compound,protein,0
10113978,CPI,P17735,compound,protein,0
10113978,CPI,Q7Z3E1,compound,protein,0
10113978,CPI,P05413,compound,protein,0
10113978,CPI,Q9BXF3,compound,protein,0
10113978,CPI,P29034,compound,protein,0
10113978,CPI,P53004,compound,protein,0
10113978,CPI,Q6IA69,compound,protein,0
10127622,CPI,O00238,compound,protein,1
10127622,CPI,O15146,compound,protein,1
10127622,CPI,P08631,compound,protein,1
10127622,CPI,P0C264,compound,protein,1
10127622,CPI,P19525,compound,protein,1
10127622,CPI,P21709,compound,protein,1
10127622,CPI,P21860,compound,protein,1
10127622,CPI,P27448,compound,protein,1
10127622,CPI,P36897,compound,protein,1
10127622,CPI,P41240,compound,protein,1
10127622,CPI,P51813,compound,protein,1
10127622,CPI,Q06187,compound,protein,1
10127622,CPI,Q12851,compound,protein,1
10127622,CPI,Q13164,compound,protein,1
10127622,CPI,Q8IW41,compound,protein,1
10127622,CPI,Q8N752,compound,protein,1
10127622,CPI,Q9HAZ1,compound,protein,1
10127622,CPI,Q9UHD2,compound,protein,1
10127622,CPI,Q8WW43,compound,protein,0
10127622,CPI,P10600,compound,protein,0
10127622,CPI,P20645,compound,protein,0
10127622,CPI,Q8IWU5,compound,protein,0
10127622,CPI,P16066,compound,protein,0
10127622,CPI,Q9GZT9,compound,protein,0
10127622,CPI,Q16581,compound,protein,0
10127622,CPI,P53396,compound,protein,0
10127622,CPI,O14842,compound,protein,0
10127622,CPI,O15427,compound,protein,0
10127622,CPI,P30613,compound,protein,0
10127622,CPI,P05187,compound,protein,0
10127622,CPI,Q9H169,compound,protein,0
10141893,CPI,O95352,compound,protein,0
101616,CPI,O75496,compound,protein,1
10168,CPI,Q93008,compound,protein,0
10172943,CPI,Q16236,compound,protein,1
10172943,CPI,P19835,compound,protein,0
10173949,CPI,P00533,compound,protein,1
10182969,CPI,O60331,compound,protein,0
10184653,CPI,P11802,compound,protein,1
10184653,CPI,P12931,compound,protein,1
10184653,CPI,P23458,compound,protein,1
10184653,CPI,P41240,compound,protein,1
10184653,CPI,P41743,compound,protein,1
10184653,CPI,P57059,compound,protein,1
10184653,CPI,Q14012,compound,protein,1
10184653,CPI,Q14164,compound,protein,1
10184653,CPI,Q6XUX3,compound,protein,1
10184653,CPI,Q96SB4,compound,protein,1
10184653,CPI,Q9BXA7,compound,protein,1
10184653,CPI,Q9UKI8,compound,protein,1
10184653,CPI,P45880,compound,protein,0
10184653,CPI,P19022,compound,protein,0
10184653,CPI,P19835,compound,protein,0
10184653,CPI,P00488,compound,protein,0
10184653,CPI,P43003,compound,protein,0
10184653,CPI,Q8IVH4,compound,protein,0
10184653,CPI,P68366,compound,protein,0
10184653,CPI,Q9Y587,compound,protein,0
10184653,CPI,P78540,compound,protein,0
10184653,CPI,P18858,compound,protein,0
10184653,CPI,O15550,compound,protein,0
10184653,CPI,Q9BV23,compound,protein,0
10184653,CPI,Q86TP1,compound,protein,0
10184653,CPI,P19634,compound,protein,0
10184653,CPI,Q9Y4U1,compound,protein,0
10184653,CPI,P27695,compound,protein,0
10196499,CPI,P43220,compound,protein,1
10196499,CPI,Q8N568,compound,protein,0
10200390,CPI,O94806,compound,protein,1
10200390,CPI,P22607,compound,protein,1
10200390,CPI,P41743,compound,protein,1
10200390,CPI,Q15303,compound,protein,1
10200390,CPI,Q16620,compound,protein,1
10200390,CPI,Q8TBC4,compound,protein,0
10200390,CPI,A0AVT1,compound,protein,0
10200390,CPI,P48066,compound,protein,0
10200390,CPI,Q3T906,compound,protein,0
10204,CPI,P00488,compound,protein,0
10205,CPI,P07478,compound,protein,0
10206,CPI,P11597,compound,protein,0
10208,CPI,P11229,compound,protein,0
10212,CPI,Q9UBF8,compound,protein,0
10219702,CPI,Q9Y275,compound,protein,0
102614,CPI,Q14697,compound,protein,1
102614,CPI,Q9UKM7,compound,protein,0
10275789,CPI,P45974,compound,protein,0
10291556,CPI,P07948,compound,protein,0
10295295,CPI,Q6W5P4,compound,protein,0
10297043,CPI,P27544,compound,protein,0
1030,CPI,Q15465,compound,protein,0
10302451,CPI,P07949,compound,protein,1
10302451,CPI,P42685,compound,protein,1
10302451,CPI,Q04771,compound,protein,1
10335364,CPI,P05093,compound,protein,1
10343454,CPI,P25929,compound,protein,0
10365,CPI,O15054,compound,protein,1
10365,CPI,P21397,compound,protein,0
10366136,CPI,O14976,compound,protein,1
10366136,CPI,O75385,compound,protein,1
10366136,CPI,P04629,compound,protein,1
10366136,CPI,Q7L7X3,compound,protein,1
10366136,CPI,P19835,compound,protein,0
10366136,CPI,P43003,compound,protein,0
10366136,CPI,O00767,compound,protein,0
10366136,CPI,P50406,compound,protein,0
10367662,CPI,P57078,compound,protein,0
10367662,CPI,Q06187,compound,protein,0
10370504,CPI,P49768,compound,protein,0
10377751,CPI,P51151,compound,protein,1
10398360,CPI,Q13255,compound,protein,1
10398360,CPI,P25101,compound,protein,0
10410894,CPI,P23219,compound,protein,0
10429242,CPI,P12268,compound,protein,0
10430360,CPI,O94907,compound,protein,0
10436840,CPI,O60674,compound,protein,1
10436840,CPI,Q9H4B4,compound,protein,1
10437018,CPI,Q13163,compound,protein,1
1046,CPI,P10828,compound,protein,1
1046,CPI,P25021,compound,protein,1
1046,CPI,P09601,compound,protein,0
104758,CPI,P15328,compound,protein,1
104850,CPI,Q02108,compound,protein,0
104956,CPI,Q7Z2W7,compound,protein,1
104999,CPI,Q16445,compound,protein,1
104999,CPI,O14730,compound,protein,0
1054,CPI,P20711,compound,protein,1
10631,CPI,P10636,compound,protein,1
10631,CPI,Q96LA8,compound,protein,0
10660,CPI,P11229,compound,protein,1
10666,CPI,P02545,compound,protein,1
10666,CPI,O60894,compound,protein,0
1075698,CPI,P54132,compound,protein,1
1075698,CPI,P27361,compound,protein,0
10767,CPI,Q9NY46,compound,protein,1
10767,CPI,Q9HC97,compound,protein,0
10767,CPI,Q9HC16,compound,protein,0
10770,CPI,Q9UBN7,compound,protein,0
107704,CPI,P10636,compound,protein,1
107715,CPI,Q9Y2T1,compound,protein,0
107751,CPI,P08908,compound,protein,1
107751,CPI,P25021,compound,protein,1
107751,CPI,P55055,compound,protein,1
107780,CPI,P08173,compound,protein,1
107780,CPI,P11712,compound,protein,1
107780,CPI,P16473,compound,protein,1
107780,CPI,P35372,compound,protein,1
107780,CPI,Q15077,compound,protein,0
107838,CPI,P50406,compound,protein,1
107867,CPI,P08047,compound,protein,0
108001,CPI,P04150,compound,protein,0
108029,CPI,Q5QJU3,compound,protein,0
108107,CPI,Q9P0L9,compound,protein,1
108107,CPI,Q6V0L0,compound,protein,0
108143,CPI,O60911,compound,protein,0
108182,CPI,P30939,compound,protein,1
10819,CPI,Q16678,compound,protein,1
1088438,CPI,Q9HC97,compound,protein,1
1088438,CPI,Q12791,compound,protein,0
1088438,CPI,Q08499,compound,protein,0
1088439,CPI,P30838,compound,protein,1
1090779,CPI,Q9UBE8,compound,protein,0
1091784,CPI,P10635,compound,protein,1
10947895,CPI,P25100,compound,protein,1
10947895,CPI,P35368,compound,protein,1
10947895,CPI,P25815,compound,protein,0
1102,CPI,P35218,compound,protein,1
1102,CPI,P22736,compound,protein,0
1102,CPI,P18089,compound,protein,0
1103147,CPI,P08908,compound,protein,0
11052947,CPI,O75496,compound,protein,1
11052947,CPI,P51813,compound,protein,0
110635,CPI,O76074,compound,protein,1
110635,CPI,P08908,compound,protein,1
110635,CPI,P18089,compound,protein,1
11152667,CPI,Q9NR97,compound,protein,0
11152667,CPI,P51511,compound,protein,0
11152667,CPI,P02787,compound,protein,0
11167602,CPI,P08913,compound,protein,1
11167602,CPI,P35968,compound,protein,1
11167602,CPI,Q00537,compound,protein,1
11167602,CPI,Q02153,compound,protein,0
11167602,CPI,Q9Y5S1,compound,protein,0
11207937,CPI,P27695,compound,protein,1
11210478,CPI,P06401,compound,protein,0
11219835,CPI,O15067,compound,protein,0
11219835,CPI,P41240,compound,protein,0
11222830,CPI,P54756,compound,protein,0
11222830,CPI,Q9ULK4,compound,protein,0
11228183,CPI,Q12830,compound,protein,0
11228183,CPI,P49759,compound,protein,0
11256587,CPI,P78540,compound,protein,0
11256587,CPI,Q9UBR2,compound,protein,0
11292680,CPI,P03956,compound,protein,1
11292680,CPI,P35408,compound,protein,0
11302540,CPI,Q92952,compound,protein,1
11302540,CPI,Q8N752,compound,protein,0
11304743,CPI,P38117,compound,protein,0
11304743,CPI,Q96QE3,compound,protein,0
11317348,CPI,P22033,compound,protein,0
11319053,CPI,P18089,compound,protein,0
11326715,CPI,O75460,compound,protein,0
11338033,CPI,O60563,compound,protein,1
11338033,CPI,O95382,compound,protein,1
11338033,CPI,P51946,compound,protein,1
11338033,CPI,P57058,compound,protein,1
11338033,CPI,Q13131,compound,protein,1
11338033,CPI,Q7L7X3,compound,protein,1
11338033,CPI,Q9UM73,compound,protein,1
11338033,CPI,P42898,compound,protein,0
11338033,CPI,P00747,compound,protein,0
11338033,CPI,P42892,compound,protein,0
11338033,CPI,P49356,compound,protein,0
11351968,CPI,P30518,compound,protein,0
11364421,CPI,O60285,compound,protein,1
11364421,CPI,P11802,compound,protein,1
11364421,CPI,P21860,compound,protein,1
11364421,CPI,P24941,compound,protein,1
11364421,CPI,P30291,compound,protein,1
11364421,CPI,P37173,compound,protein,1
11364421,CPI,P51617,compound,protein,1
11364421,CPI,P51817,compound,protein,1
11364421,CPI,P54756,compound,protein,1
11364421,CPI,Q15375,compound,protein,1
11364421,CPI,Q16832,compound,protein,1
11364421,CPI,Q86UX6,compound,protein,1
11364421,CPI,Q8IU85,compound,protein,1
11364421,CPI,Q9C098,compound,protein,1
11364421,CPI,Q9NSY1,compound,protein,1
11364421,CPI,O14735,compound,protein,0
11364421,CPI,P48061,compound,protein,0
11364421,CPI,P01112,compound,protein,0
11364421,CPI,P14770,compound,protein,0
11364421,CPI,P23946,compound,protein,0
11364421,CPI,Q9P296,compound,protein,0
11364421,CPI,Q9Y4D2,compound,protein,0
11364421,CPI,Q05923,compound,protein,0
11364421,CPI,Q9UBX1,compound,protein,0
11364421,CPI,P0DJD9,compound,protein,0
11364421,CPI,Q6FHJ7,compound,protein,0
11364421,CPI,P00480,compound,protein,0
11373846,CPI,Q15418,compound,protein,1
11373846,CPI,P32245,compound,protein,0
11395181,CPI,P57059,compound,protein,0
11427553,CPI,O14976,compound,protein,1
11427553,CPI,O94806,compound,protein,1
11427553,CPI,P30291,compound,protein,1
11427553,CPI,P54764,compound,protein,1
11427553,CPI,Q14164,compound,protein,1
11427553,CPI,Q14680,compound,protein,1
11427553,CPI,Q15139,compound,protein,1
11427553,CPI,Q16832,compound,protein,1
11427553,CPI,Q2M2I8,compound,protein,1
11427553,CPI,Q8IW41,compound,protein,1
11427553,CPI,Q96GD4,compound,protein,1
11427553,CPI,Q9BQI3,compound,protein,1
11427553,CPI,Q8TD43,compound,protein,0
11427553,CPI,P08514,compound,protein,0
11427553,CPI,P00374,compound,protein,0
11427553,CPI,O75912,compound,protein,0
11427553,CPI,P63000,compound,protein,0
11427553,CPI,Q9P2N6,compound,protein,0
11427553,CPI,P14920,compound,protein,0
11427553,CPI,Q9H6Z9,compound,protein,0
11427553,CPI,P48051,compound,protein,0
11442891,CPI,P24941,compound,protein,1
11442891,CPI,P54764,compound,protein,1
11442891,CPI,Q8IY84,compound,protein,1
11442891,CPI,P42898,compound,protein,0
11442891,CPI,Q15878,compound,protein,0
11442891,CPI,Q13574,compound,protein,0
11442891,CPI,O14735,compound,protein,0
11467730,CPI,P35368,compound,protein,0
11476171,CPI,P31749,compound,protein,1
11476171,CPI,O60674,compound,protein,1
11485656,CPI,O00311,compound,protein,1
11485656,CPI,O00418,compound,protein,1
11485656,CPI,O00506,compound,protein,1
11485656,CPI,O15264,compound,protein,1
11485656,CPI,O96017,compound,protein,1
11485656,CPI,P14616,compound,protein,1
11485656,CPI,P24941,compound,protein,1
11485656,CPI,P42684,compound,protein,1
11485656,CPI,P53667,compound,protein,1
11485656,CPI,P53779,compound,protein,1
11485656,CPI,Q00532,compound,protein,1
11485656,CPI,Q15759,compound,protein,1
11485656,CPI,Q96NX5,compound,protein,1
11485656,CPI,Q9H2K8,compound,protein,1
11485656,CPI,Q9UBE8,compound,protein,1
11485656,CPI,Q9UKE5,compound,protein,1
11485656,CPI,Q9Y6R4,compound,protein,1
11485656,CPI,Q9NR22,compound,protein,0
11485656,CPI,P48551,compound,protein,0
11485656,CPI,O15403,compound,protein,0
11485656,CPI,Q9Y617,compound,protein,0
11485656,CPI,P16581,compound,protein,0
11485656,CPI,Q99829,compound,protein,0
11485656,CPI,P38606,compound,protein,0
11485656,CPI,P43354,compound,protein,0
11485656,CPI,P48507,compound,protein,0
11485656,CPI,Q9UNI1,compound,protein,0
11485656,CPI,P61278,compound,protein,0
11485656,CPI,P18848,compound,protein,0
11485656,CPI,P08514,compound,protein,0
11488320,CPI,O95622,compound,protein,0
115113,CPI,P78540,compound,protein,0
115348,CPI,P16473,compound,protein,1
115348,CPI,P42336,compound,protein,0
115368,CPI,P14416,compound,protein,1
11548630,CPI,Q6PL18,compound,protein,0
11552706,CPI,Q16539,compound,protein,1
11552706,CPI,Q03181,compound,protein,0
11556711,CPI,P28065,compound,protein,1
11560787,CPI,P48169,compound,protein,0
11561674,CPI,P11712,compound,protein,1
11570626,CPI,O00238,compound,protein,0
11595431,CPI,Q03181,compound,protein,1
11595431,CPI,Q9Y5N1,compound,protein,0
11597537,CPI,O14976,compound,protein,1
11597537,CPI,P45983,compound,protein,1
11597537,CPI,Q9Y5N1,compound,protein,0
11598628,CPI,Q12879,compound,protein,0
11612883,CPI,P06493,compound,protein,1
11612883,CPI,P50613,compound,protein,1
11618368,CPI,P29274,compound,protein,1
11618368,CPI,P30542,compound,protein,1
11620908,CPI,P27361,compound,protein,1
11620908,CPI,P41240,compound,protein,1
11620908,CPI,P49116,compound,protein,1
11620908,CPI,P30838,compound,protein,0
11625818,CPI,P09958,compound,protein,0
11625818,CPI,P50406,compound,protein,0
11626560,CPI,P06213,compound,protein,1
11626560,CPI,P07948,compound,protein,1
11626560,CPI,P0C1S8,compound,protein,1
11626560,CPI,P11309,compound,protein,1
11626560,CPI,P23975,compound,protein,1
11626560,CPI,P35916,compound,protein,1
11626560,CPI,P42336,compound,protein,1
11626560,CPI,P42345,compound,protein,1
11626560,CPI,P42679,compound,protein,1
11626560,CPI,P54764,compound,protein,1
11626560,CPI,Q00526,compound,protein,1
11626560,CPI,Q01959,compound,protein,1
11626560,CPI,Q02156,compound,protein,1
11626560,CPI,Q13177,compound,protein,1
11626560,CPI,Q5VT25,compound,protein,1
11626560,CPI,Q709F0,compound,protein,1
11626560,CPI,Q86V86,compound,protein,1
11626560,CPI,Q8NG66,compound,protein,1
11626560,CPI,Q8TD19,compound,protein,1
11626560,CPI,Q92696,compound,protein,0
11626560,CPI,P48147,compound,protein,0
11626560,CPI,Q05315,compound,protein,0
11626560,CPI,P31941,compound,protein,0
11626560,CPI,P53985,compound,protein,0
11626560,CPI,P42765,compound,protein,0
11626560,CPI,Q13490,compound,protein,0
11626560,CPI,Q14914,compound,protein,0
11626560,CPI,Q96GW9,compound,protein,0
11626560,CPI,O43708,compound,protein,0
11634155,CPI,Q05940,compound,protein,1
11634725,CPI,P25774,compound,protein,0
11634725,CPI,P48145,compound,protein,0
11644425,CPI,P24941,compound,protein,1
11644425,CPI,Q13123,compound,protein,0
11654378,CPI,O00341,compound,protein,0
11656518,CPI,P12931,compound,protein,1
11656518,CPI,P37023,compound,protein,1
11656518,CPI,P43403,compound,protein,1
11656518,CPI,P51813,compound,protein,1
11656518,CPI,P51956,compound,protein,1
11656518,CPI,Q05655,compound,protein,1
11656518,CPI,Q13557,compound,protein,1
11656518,CPI,Q15303,compound,protein,1
11656518,CPI,Q15375,compound,protein,1
11656518,CPI,Q16513,compound,protein,1
11656518,CPI,Q6ZN16,compound,protein,1
11656518,CPI,Q7L7X3,compound,protein,1
11656518,CPI,Q9BVS4,compound,protein,1
11656518,CPI,Q9P289,compound,protein,1
11656518,CPI,P00505,compound,protein,0
11656518,CPI,Q96SW2,compound,protein,0
11656518,CPI,P62750,compound,protein,0
11656518,CPI,O43148,compound,protein,0
11656518,CPI,O14735,compound,protein,0
11656518,CPI,P23297,compound,protein,0
11656518,CPI,P09871,compound,protein,0
11656518,CPI,Q8WXI7,compound,protein,0
11656518,CPI,P28062,compound,protein,0
11656518,CPI,P17544,compound,protein,0
11656518,CPI,P10606,compound,protein,0
11656518,CPI,Q9GZR1,compound,protein,0
11656518,CPI,Q9NYV8,compound,protein,0
11658860,CPI,P41279,compound,protein,0
11667893,CPI,P06213,compound,protein,1
11667893,CPI,P21709,compound,protein,1
11667893,CPI,P32298,compound,protein,1
11667893,CPI,P35916,compound,protein,1
11667893,CPI,Q00537,compound,protein,1
11667893,CPI,Q13554,compound,protein,1
11667893,CPI,Q16816,compound,protein,1
11667893,CPI,Q2M2I8,compound,protein,1
11667893,CPI,Q86YV6,compound,protein,1
11667893,CPI,Q8NG66,compound,protein,1
11667893,CPI,Q9BX84,compound,protein,1
11667893,CPI,Q9NY57,compound,protein,1
11667893,CPI,Q9UKI8,compound,protein,1
11667893,CPI,Q9UM73,compound,protein,1
11667893,CPI,Q9UPE1,compound,protein,1
11667893,CPI,Q9UQM7,compound,protein,1
11667893,CPI,P49619,compound,protein,0
11667893,CPI,P20366,compound,protein,0
11667893,CPI,P01138,compound,protein,0
11667893,CPI,Q9UHA3,compound,protein,0
11667893,CPI,P48067,compound,protein,0
11667893,CPI,O14818,compound,protein,0
11667893,CPI,Q92831,compound,protein,0
11667893,CPI,Q15878,compound,protein,0
11667893,CPI,P09958,compound,protein,0
11667893,CPI,Q92696,compound,protein,0
11667893,CPI,P22760,compound,protein,0
11667893,CPI,Q15109,compound,protein,0
11674376,CPI,P43220,compound,protein,0
11683,CPI,Q9NTK5,compound,protein,0
11689883,CPI,Q13557,compound,protein,0
11689883,CPI,P07711,compound,protein,0
11715767,CPI,O15530,compound,protein,1
11715767,CPI,P00519,compound,protein,1
11715767,CPI,P42685,compound,protein,1
11715767,CPI,Q13237,compound,protein,1
11715767,CPI,Q9BXA7,compound,protein,1
11715767,CPI,Q9H4B4,compound,protein,1
11715767,CPI,P49619,compound,protein,0
11715767,CPI,Q6ZQN7,compound,protein,0
11715767,CPI,P09237,compound,protein,0
11716890,CPI,Q16665,compound,protein,0
11717001,CPI,O00506,compound,protein,1
11717001,CPI,P08069,compound,protein,1
11717001,CPI,P23443,compound,protein,1
11717001,CPI,P28482,compound,protein,1
11717001,CPI,P29597,compound,protein,1
11717001,CPI,P41240,compound,protein,1
11717001,CPI,P42681,compound,protein,1
11717001,CPI,P49674,compound,protein,1
11717001,CPI,P51817,compound,protein,1
11717001,CPI,P53350,compound,protein,1
11717001,CPI,P53667,compound,protein,1
11717001,CPI,Q00526,compound,protein,1
11717001,CPI,Q00537,compound,protein,1
11717001,CPI,Q13233,compound,protein,1
11717001,CPI,Q13555,compound,protein,1
11717001,CPI,Q16288,compound,protein,1
11717001,CPI,Q9C098,compound,protein,1
11717001,CPI,Q9H3Y6,compound,protein,1
11717001,CPI,Q9Y4K4,compound,protein,1
11717001,CPI,Q9Y6E0,compound,protein,1
11717001,CPI,P41180,compound,protein,0
11717001,CPI,O95749,compound,protein,0
11717001,CPI,P21673,compound,protein,0
11717001,CPI,O95907,compound,protein,0
11717001,CPI,P02787,compound,protein,0
11717001,CPI,Q5T601,compound,protein,0
11717001,CPI,P0CG30,compound,protein,0
11717001,CPI,Q05BQ5,compound,protein,0
11749858,CPI,Q9H4B4,compound,protein,0
11749858,CPI,Q00526,compound,protein,0
117853645,CPI,P42345,compound,protein,0
11795481,CPI,Q9Y463,compound,protein,0
1183113,CPI,Q13523,compound,protein,0
11844351,CPI,Q9BRS2,compound,protein,0
11869537,CPI,P10275,compound,protein,1
11869580,CPI,O15403,compound,protein,0
11869580,CPI,P22830,compound,protein,0
11870423,CPI,O14841,compound,protein,0
1189521,CPI,Q96KQ7,compound,protein,1
1189521,CPI,Q96QE3,compound,protein,1
1189521,CPI,O95931,compound,protein,0
1189521,CPI,P23975,compound,protein,0
119031,CPI,O60882,compound,protein,1
119034,CPI,P28221,compound,protein,0
119376,CPI,O94782,compound,protein,1
119376,CPI,Q7KZI7,compound,protein,0
119461,CPI,Q9NUW8,compound,protein,1
11949646,CPI,O43451,compound,protein,0
11949652,CPI,P25100,compound,protein,0
11950170,CPI,P42679,compound,protein,1
11950170,CPI,P45983,compound,protein,1
11950170,CPI,P23946,compound,protein,0
11950170,CPI,Q16134,compound,protein,0
11950170,CPI,P00736,compound,protein,0
11950170,CPI,Q9Y5X4,compound,protein,0
11950170,CPI,P41968,compound,protein,0
11950726,CPI,O75116,compound,protein,0
119570,CPI,Q99720,compound,protein,1
119570,CPI,O00487,compound,protein,0
119570,CPI,Q9BQF6,compound,protein,0
11957586,CPI,Q8WXI7,compound,protein,0
11957586,CPI,Q9UNA4,compound,protein,0
119607,CPI,P25103,compound,protein,1
119607,CPI,O00341,compound,protein,0
119607,CPI,P09237,compound,protein,0
11964036,CPI,P00966,compound,protein,0
11977753,CPI,Q04771,compound,protein,1
11977753,CPI,O95563,compound,protein,0
11977753,CPI,Q9BZ95,compound,protein,0
11978790,CPI,P68366,compound,protein,0
11978813,CPI,P28222,compound,protein,1
11978813,CPI,Q13885,compound,protein,0
11978813,CPI,P41279,compound,protein,0
119828,CPI,P02788,compound,protein,1
1201549,CPI,O75469,compound,protein,1
1201549,CPI,P08173,compound,protein,1
1201549,CPI,Q9NUW8,compound,protein,1
1203,CPI,P07451,compound,protein,1
1203,CPI,P23219,compound,protein,1
12035,CPI,P18089,compound,protein,1
12035,CPI,Q13224,compound,protein,1
12035,CPI,Q16637,compound,protein,1
12035,CPI,P08700,compound,protein,0
12041,CPI,P10176,compound,protein,0
121051,CPI,Q13148,compound,protein,0
121891,CPI,P18825,compound,protein,1
121891,CPI,P21731,compound,protein,1
121891,CPI,P25929,compound,protein,1
121926,CPI,Q16445,compound,protein,1
121926,CPI,P67775,compound,protein,0
121926,CPI,P48507,compound,protein,0
121930,CPI,Q96KQ7,compound,protein,1
121930,CPI,Q05BQ5,compound,protein,0
121930,CPI,P25929,compound,protein,0
1220,CPI,Q99720,compound,protein,1
1220,CPI,O15121,compound,protein,0
122334,CPI,Q12888,compound,protein,0
1225,CPI,Q96KQ7,compound,protein,1
122623,CPI,P30518,compound,protein,0
12304008,CPI,P06493,compound,protein,0
12309103,CPI,P48167,compound,protein,0
123600,CPI,P19838,compound,protein,1
123606,CPI,P54764,compound,protein,0
123610,CPI,P41968,compound,protein,0
123686,CPI,Q01959,compound,protein,0
123686,CPI,P35372,compound,protein,0
123692,CPI,P10635,compound,protein,1
123692,CPI,O94921,compound,protein,0
123831,CPI,Q96KQ7,compound,protein,1
123831,CPI,P07550,compound,protein,0
123932,CPI,P35462,compound,protein,1
1241,CPI,P56282,compound,protein,0
1241420,CPI,Q16236,compound,protein,0
124226581,CPI,Q7KZI7,compound,protein,0
124246,CPI,Q9NR19,compound,protein,0
124603199,CPI,Q96SB4,compound,protein,0
125017,CPI,P49721,compound,protein,0
1251584,CPI,P84022,compound,protein,1
12555,CPI,Q9UKX2,compound,protein,0
1257,CPI,P41595,compound,protein,1
1257,CPI,P47898,compound,protein,0
1261290,CPI,Q9Y6R4,compound,protein,0
126280,CPI,P21728,compound,protein,1
1263681,CPI,P36544,compound,protein,1
1263681,CPI,Q12879,compound,protein,1
1263681,CPI,Q9UN88,compound,protein,1
1263681,CPI,P28907,compound,protein,0
126388,CPI,P33261,compound,protein,0
126688,CPI,P25021,compound,protein,1
126769,CPI,P21728,compound,protein,0
126941,CPI,P04637,compound,protein,1
126941,CPI,P14416,compound,protein,1
126941,CPI,P19793,compound,protein,1
126941,CPI,P37231,compound,protein,1
126941,CPI,Q99707,compound,protein,1
127382,CPI,P35462,compound,protein,0
127382,CPI,P12004,compound,protein,0
127861,CPI,P10635,compound,protein,1
12790158,CPI,P06493,compound,protein,0
12790158,CPI,Q04864,compound,protein,0
1285940,CPI,O43293,compound,protein,0
1289024,CPI,P31645,compound,protein,0
129009864,CPI,Q9P2K8,compound,protein,0
129009963,CPI,P23458,compound,protein,0
129009977,CPI,P08912,compound,protein,0
129010024,CPI,P14410,compound,protein,1
129010031,CPI,Q14524,compound,protein,0
129010073,CPI,P27482,compound,protein,0
1292,CPI,Q13547,compound,protein,0
129211,CPI,P11229,compound,protein,1
129211,CPI,P21728,compound,protein,1
129211,CPI,P25021,compound,protein,1
129211,CPI,Q8NFD2,compound,protein,0
13017911,CPI,P17948,compound,protein,0
13019201,CPI,P54219,compound,protein,0
1302,CPI,P00533,compound,protein,1
130564,CPI,Q14500,compound,protein,0
130881,CPI,P21397,compound,protein,1
130881,CPI,P35462,compound,protein,1
131747,CPI,P19838,compound,protein,1
13186954,CPI,Q03431,compound,protein,1
131906,CPI,P08908,compound,protein,1
132846,CPI,P33261,compound,protein,1
132887,CPI,P11473,compound,protein,1
1329,CPI,Q96KQ7,compound,protein,1
132971,CPI,O15439,compound,protein,0
133008,CPI,P21731,compound,protein,0
13303884,CPI,P35372,compound,protein,1
133076,CPI,Q13639,compound,protein,1
13342,CPI,Q96RU2,compound,protein,0
133633,CPI,P07814,compound,protein,0
134551,CPI,Q9UL51,compound,protein,0
134772,CPI,P08588,compound,protein,0
13501,CPI,Q9NUW8,compound,protein,0
13505,CPI,Q04756,compound,protein,0
135398495,CPI,O95835,compound,protein,1
135398495,CPI,P00519,compound,protein,1
135398495,CPI,P07947,compound,protein,1
135398495,CPI,P19784,compound,protein,1
135398495,CPI,P29317,compound,protein,1
135398495,CPI,Q9P0U3,compound,protein,0
135398495,CPI,P14854,compound,protein,0
135398495,CPI,O60733,compound,protein,0
135398495,CPI,O60671,compound,protein,0
135398495,CPI,Q96RU2,compound,protein,0
135398499,CPI,P07948,compound,protein,1
135398499,CPI,P24941,compound,protein,1
135398499,CPI,Q12851,compound,protein,1
135398499,CPI,Q13627,compound,protein,1
135398499,CPI,Q8TBX8,compound,protein,1
135398499,CPI,Q96S44,compound,protein,1
135398499,CPI,Q9BZL6,compound,protein,1
135398499,CPI,Q9UL54,compound,protein,1
135398499,CPI,P30711,compound,protein,0
135398499,CPI,P55769,compound,protein,0
135398737,CPI,P09211,compound,protein,1
135398737,CPI,P19838,compound,protein,1
135398737,CPI,P21917,compound,protein,1
135398737,CPI,P35372,compound,protein,1
135398738,CPI,O75469,compound,protein,1
135398738,CPI,P25929,compound,protein,1
135398738,CPI,P29274,compound,protein,1
135398738,CPI,Q01813,compound,protein,0
135398738,CPI,Q9UKX2,compound,protein,0
135398738,CPI,Q96S53,compound,protein,0
135398745,CPI,P28222,compound,protein,1
135398745,CPI,P34903,compound,protein,1
135398745,CPI,P17050,compound,protein,0
1354,CPI,P05106,compound,protein,0
1354,CPI,P50406,compound,protein,0
135400439,CPI,O75874,compound,protein,1
135400439,CPI,P16109,compound,protein,1
135409453,CPI,P18089,compound,protein,1
135409453,CPI,P21731,compound,protein,1
135409453,CPI,P23219,compound,protein,1
135409453,CPI,P25103,compound,protein,1
135409453,CPI,P34969,compound,protein,1
135409453,CPI,P20340,compound,protein,0
135409453,CPI,Q16539,compound,protein,0
135411,CPI,P13631,compound,protein,1
135413533,CPI,P18089,compound,protein,0
135453978,CPI,P34969,compound,protein,0
1355,CPI,P08908,compound,protein,1
1355,CPI,P10828,compound,protein,1
135533054,CPI,Q02156,compound,protein,0
135549936,CPI,P43220,compound,protein,1
135564558,CPI,Q8TDC3,compound,protein,0
135564985,CPI,Q96SB4,compound,protein,0
135565082,CPI,P06401,compound,protein,0
135565545,CPI,O14818,compound,protein,0
135565545,CPI,P98194,compound,protein,0
135565635,CPI,O75116,compound,protein,1
135565635,CPI,O96017,compound,protein,1
135565635,CPI,P23443,compound,protein,1
135565635,CPI,P36896,compound,protein,1
135565635,CPI,P37173,compound,protein,1
135565635,CPI,P51956,compound,protein,1
135565635,CPI,P52333,compound,protein,1
135565635,CPI,P53778,compound,protein,1
135565635,CPI,P54762,compound,protein,1
135565635,CPI,Q13131,compound,protein,1
135565635,CPI,Q15746,compound,protein,1
135565635,CPI,Q96L34,compound,protein,1
135565635,CPI,Q96PY6,compound,protein,1
135565635,CPI,Q9BWU1,compound,protein,1
135565635,CPI,Q9BX84,compound,protein,1
135565635,CPI,Q9H1R3,compound,protein,1
135565635,CPI,Q9UEW8,compound,protein,1
135565635,CPI,Q6J4K2,compound,protein,0
135565635,CPI,Q9Y3Q4,compound,protein,0
135565635,CPI,Q9HBY0,compound,protein,0
135565635,CPI,Q99456,compound,protein,0
135565635,CPI,P38435,compound,protein,0
135565635,CPI,Q12888,compound,protein,0
135565635,CPI,Q9UL51,compound,protein,0
135565635,CPI,P50993,compound,protein,0
135565635,CPI,O95907,compound,protein,0
135565635,CPI,P17752,compound,protein,0
135565635,CPI,Q9H0H5,compound,protein,0
135749824,CPI,P25021,compound,protein,0
135886613,CPI,O15379,compound,protein,1
135886613,CPI,O95271,compound,protein,0
13711,CPI,P33261,compound,protein,0
137698378,CPI,P07900,compound,protein,1
13782419,CPI,P12931,compound,protein,0
13791,CPI,Q9UNI1,compound,protein,0
13791,CPI,P37288,compound,protein,0
139032028,CPI,P08183,compound,protein,1
1394536,CPI,Q8N752,compound,protein,0
13981868,CPI,Q15303,compound,protein,0
1400,CPI,P11309,compound,protein,1
1400,CPI,P45983,compound,protein,1
1400,CPI,Q15303,compound,protein,1
1400,CPI,Q86V86,compound,protein,1
1400,CPI,Q96PF2,compound,protein,1
1400,CPI,Q9HAZ1,compound,protein,1
1400,CPI,P00505,compound,protein,0
1400,CPI,P01130,compound,protein,0
1400,CPI,Q6N021,compound,protein,0
1400246,CPI,P25815,compound,protein,0
1400246,CPI,Q8NI60,compound,protein,0
1401,CPI,P08913,compound,protein,0
1401,CPI,Q9Y5N1,compound,protein,0
14187,CPI,Q99714,compound,protein,1
14187,CPI,Q9Y5N1,compound,protein,0
1456,CPI,Q9UBS0,compound,protein,0
1471787,CPI,P21554,compound,protein,0
148184,CPI,Q8WXR4,compound,protein,0
148192,CPI,P07550,compound,protein,1
148192,CPI,P22309,compound,protein,1
148192,CPI,P41595,compound,protein,1
1493,CPI,P30519,compound,protein,0
1502520,CPI,P16473,compound,protein,1
150311,CPI,P05230,compound,protein,0
150311,CPI,Q6PL18,compound,protein,0
1510379,CPI,O94925,compound,protein,1
1510379,CPI,Q9UIG8,compound,protein,0
151075,CPI,P35354,compound,protein,1
15115512,CPI,P21728,compound,protein,1
15115512,CPI,Q8NA19,compound,protein,0
151194,CPI,O15075,compound,protein,1
151194,CPI,O43293,compound,protein,1
151194,CPI,P04049,compound,protein,1
151194,CPI,P10721,compound,protein,1
151194,CPI,P16234,compound,protein,1
151194,CPI,P23458,compound,protein,1
151194,CPI,P54764,compound,protein,1
151194,CPI,Q13188,compound,protein,1
151194,CPI,Q16832,compound,protein,1
151194,CPI,Q8TD19,compound,protein,1
151194,CPI,Q96L34,compound,protein,1
151194,CPI,Q9BQI3,compound,protein,1
151194,CPI,Q9NQU5,compound,protein,1
151194,CPI,Q02127,compound,protein,0
151194,CPI,Q16621,compound,protein,0
151194,CPI,Q9UBE0,compound,protein,0
151194,CPI,Q8TCT9,compound,protein,0
151194,CPI,P10070,compound,protein,0
151194,CPI,Q15825,compound,protein,0
151194,CPI,O95461,compound,protein,0
151194,CPI,P78417,compound,protein,0
151194,CPI,O14841,compound,protein,0
151194,CPI,P14207,compound,protein,0
1517919,CPI,P51151,compound,protein,1
1517919,CPI,Q09013,compound,protein,0
1520267,CPI,Q8N163,compound,protein,0
152946,CPI,P41143,compound,protein,0
153005,CPI,Q96RJ0,compound,protein,1
153005,CPI,P36507,compound,protein,0
15330,CPI,Q9HC16,compound,protein,0
15330,CPI,O96028,compound,protein,0
15331,CPI,P29375,compound,protein,0
15331,CPI,P29597,compound,protein,0
1537,CPI,P00492,compound,protein,1
1537,CPI,P05362,compound,protein,0
1537,CPI,P27169,compound,protein,0
15376,CPI,P14550,compound,protein,0
15387,CPI,P14416,compound,protein,1
1542103,CPI,P43220,compound,protein,1
154257,CPI,P31645,compound,protein,1
154417,CPI,P41229,compound,protein,0
154417,CPI,P01130,compound,protein,0
154417,CPI,Q9H8M2,compound,protein,0
154417,CPI,P14770,compound,protein,0
1547484,CPI,O43193,compound,protein,1
1547484,CPI,P08913,compound,protein,1
1547484,CPI,P31153,compound,protein,0
1548942,CPI,P08913,compound,protein,1
1548942,CPI,Q7Z2Z2,compound,protein,0
1548942,CPI,P35573,compound,protein,0
155346,CPI,P28221,compound,protein,1
15541,CPI,P11229,compound,protein,1
15541,CPI,P48147,compound,protein,0
155774,CPI,P08588,compound,protein,1
155806,CPI,O75496,compound,protein,1
156391,CPI,P08913,compound,protein,1
156414,CPI,O14965,compound,protein,1
156414,CPI,O15146,compound,protein,1
156414,CPI,O43318,compound,protein,1
156414,CPI,O94804,compound,protein,1
156414,CPI,P08631,compound,protein,1
156414,CPI,P10721,compound,protein,1
156414,CPI,P24941,compound,protein,1
156414,CPI,P42345,compound,protein,1
156414,CPI,P49674,compound,protein,1
156414,CPI,Q12852,compound,protein,1
156414,CPI,Q15759,compound,protein,1
156414,CPI,Q9H2K8,compound,protein,1
156414,CPI,Q9NY57,compound,protein,1
156414,CPI,Q9GZR1,compound,protein,0
156414,CPI,Q13956,compound,protein,0
156414,CPI,P35219,compound,protein,0
156414,CPI,Q96RU2,compound,protein,0
156414,CPI,Q9UGM6,compound,protein,0
156414,CPI,P51857,compound,protein,0
156414,CPI,Q15047,compound,protein,0
156414,CPI,Q12908,compound,protein,0
156414,CPI,P43354,compound,protein,0
156414,CPI,P02787,compound,protein,0
156414,CPI,P27482,compound,protein,0
156419,CPI,P14416,compound,protein,1
15723,CPI,Q9NR21,compound,protein,0
1582687,CPI,P21554,compound,protein,1
1582687,CPI,P53350,compound,protein,1
1582687,CPI,Q9Y2T6,compound,protein,1
158794,CPI,P51788,compound,protein,0
15922487,CPI,Q8IV61,compound,protein,0
159603,CPI,P04629,compound,protein,0
15983966,CPI,O15146,compound,protein,1
15983966,CPI,O15197,compound,protein,1
15983966,CPI,O95382,compound,protein,1
15983966,CPI,P06213,compound,protein,1
15983966,CPI,P0C264,compound,protein,1
15983966,CPI,P21709,compound,protein,1
15983966,CPI,P22607,compound,protein,1
15983966,CPI,P48736,compound,protein,1
15983966,CPI,P49760,compound,protein,1
15983966,CPI,P51813,compound,protein,1
15983966,CPI,Q09013,compound,protein,1
15983966,CPI,Q13188,compound,protein,1
15983966,CPI,Q15831,compound,protein,1
15983966,CPI,Q8NE63,compound,protein,1
15983966,CPI,Q9BQI3,compound,protein,1
15983966,CPI,O94759,compound,protein,0
15983966,CPI,Q96NT5,compound,protein,0
15983966,CPI,P04183,compound,protein,0
15983966,CPI,P00326,compound,protein,0
15983966,CPI,Q969P6,compound,protein,0
15983966,CPI,Q06609,compound,protein,0
15983966,CPI,Q9NP59,compound,protein,0
15983966,CPI,O95870,compound,protein,0
15983966,CPI,O60779,compound,protein,0
15983966,CPI,P22888,compound,protein,0
15983966,CPI,Q92800,compound,protein,0
15983966,CPI,P08473,compound,protein,0
15983966,CPI,P00390,compound,protein,0
15983966,CPI,Q16602,compound,protein,0
15983966,CPI,P31350,compound,protein,0
15983966,CPI,Q6N021,compound,protein,0
16004692,CPI,Q9Y3Q4,compound,protein,0
160254,CPI,P18825,compound,protein,0
160355,CPI,O00506,compound,protein,1
160355,CPI,O94806,compound,protein,1
160355,CPI,P17948,compound,protein,1
160355,CPI,P36896,compound,protein,1
160355,CPI,P41240,compound,protein,1
160355,CPI,P57059,compound,protein,1
160355,CPI,Q08345,compound,protein,1
160355,CPI,Q13237,compound,protein,1
160355,CPI,Q15746,compound,protein,1
160355,CPI,Q15831,compound,protein,1
160355,CPI,Q16659,compound,protein,1
160355,CPI,Q92918,compound,protein,1
160355,CPI,O95931,compound,protein,0
160355,CPI,P04155,compound,protein,0
160355,CPI,P0DMV8,compound,protein,0
160355,CPI,P07384,compound,protein,0
160355,CPI,Q13574,compound,protein,0
160355,CPI,Q13956,compound,protein,0
160355,CPI,P14770,compound,protein,0
160355,CPI,Q13304,compound,protein,0
160355,CPI,O43451,compound,protein,0
160355,CPI,P15336,compound,protein,0
160355,CPI,P29034,compound,protein,0
16038120,CPI,O14976,compound,protein,1
16038120,CPI,P12931,compound,protein,1
16038120,CPI,P23458,compound,protein,1
16038120,CPI,P27361,compound,protein,1
16038120,CPI,P51451,compound,protein,1
16038120,CPI,P52564,compound,protein,1
16038120,CPI,P53779,compound,protein,1
16038120,CPI,Q13131,compound,protein,1
16038120,CPI,Q13464,compound,protein,1
16038120,CPI,Q59H18,compound,protein,1
16038120,CPI,Q5S007,compound,protein,1
16038120,CPI,Q7KZI7,compound,protein,1
16038120,CPI,Q9BXA7,compound,protein,1
16038120,CPI,P00748,compound,protein,0
16038120,CPI,P30532,compound,protein,0
16038120,CPI,Q9Y239,compound,protein,0
16038120,CPI,Q15274,compound,protein,0
16038120,CPI,P04155,compound,protein,0
16038120,CPI,P42262,compound,protein,0
16038120,CPI,Q8NFU7,compound,protein,0
16038120,CPI,P40261,compound,protein,0
16038120,CPI,P62913,compound,protein,0
16041424,CPI,P35968,compound,protein,1
16041424,CPI,Q13224,compound,protein,0
16043,CPI,P21397,compound,protein,0
160517,CPI,Q01959,compound,protein,0
16070100,CPI,P02545,compound,protein,0
16095342,CPI,O14757,compound,protein,1
16095342,CPI,O60674,compound,protein,1
16095342,CPI,P08581,compound,protein,1
16095342,CPI,P35916,compound,protein,1
16095342,CPI,Q16288,compound,protein,1
16095342,CPI,Q5VT25,compound,protein,1
16095342,CPI,Q7KZI7,compound,protein,1
16095342,CPI,Q96SB4,compound,protein,1
16095342,CPI,P38435,compound,protein,0
16095342,CPI,O95977,compound,protein,0
16095342,CPI,P14324,compound,protein,0
16095342,CPI,Q7Z3S7,compound,protein,0
16095342,CPI,P48549,compound,protein,0
16095342,CPI,Q86Y97,compound,protein,0
16095342,CPI,P41440,compound,protein,0
16095342,CPI,Q8TCT9,compound,protein,0
16102146,CPI,P21554,compound,protein,1
16123056,CPI,Q6NVY1,compound,protein,0
16126651,CPI,Q06187,compound,protein,1
16126651,CPI,P28222,compound,protein,0
16129706,CPI,P07550,compound,protein,1
16129706,CPI,P24530,compound,protein,1
16129706,CPI,P30874,compound,protein,1
16129706,CPI,Q9GZP0,compound,protein,0
16187238,CPI,O15392,compound,protein,0
161930,CPI,Q9NR56,compound,protein,1
161930,CPI,Q86SG6,compound,protein,0
161930,CPI,P22607,compound,protein,0
16222096,CPI,P36507,compound,protein,1
16231,CPI,P41595,compound,protein,1
16231,CPI,P53350,compound,protein,1
16231,CPI,O00180,compound,protein,0
16231,CPI,P40306,compound,protein,0
16231,CPI,Q92843,compound,protein,0
162755,CPI,P49748,compound,protein,0
162834,CPI,P27815,compound,protein,0
163091,CPI,P50406,compound,protein,1
163091,CPI,Q06187,compound,protein,0
16330153,CPI,Q9HAZ1,compound,protein,0
16351,CPI,P14416,compound,protein,1
16362,CPI,O95180,compound,protein,1
16362,CPI,P28482,compound,protein,1
16362,CPI,P40225,compound,protein,1
16362,CPI,P41143,compound,protein,1
16362,CPI,P55786,compound,protein,0
16362,CPI,Q9HD36,compound,protein,0
16362,CPI,Q99757,compound,protein,0
16362,CPI,P25440,compound,protein,0
1637653,CPI,Q9ULC5,compound,protein,0
1637653,CPI,Q7Z406,compound,protein,0
163844,CPI,Q16620,compound,protein,0
163844,CPI,P17948,compound,protein,0
1639,CPI,Q99700,compound,protein,1
16404350,CPI,Q14831,compound,protein,0
16446678,CPI,O00337,compound,protein,0
164676,CPI,P01375,compound,protein,1
166553,CPI,Q9UGC6,compound,protein,0
166553,CPI,P23280,compound,protein,0
166553,CPI,Q13557,compound,protein,0
16667669,CPI,P11474,compound,protein,1
16681732,CPI,Q9NUW8,compound,protein,0
16718576,CPI,O15530,compound,protein,1
16718576,CPI,O94806,compound,protein,1
16718576,CPI,O95835,compound,protein,1
16718576,CPI,P27448,compound,protein,1
16718576,CPI,P28482,compound,protein,1
16718576,CPI,P50613,compound,protein,1
16718576,CPI,Q13627,compound,protein,1
16718576,CPI,O43837,compound,protein,0
16718576,CPI,Q96LD8,compound,protein,0
16718576,CPI,Q05901,compound,protein,0
16718576,CPI,P48549,compound,protein,0
16718576,CPI,Q15878,compound,protein,0
16718576,CPI,P32418,compound,protein,0
16720766,CPI,O95352,compound,protein,1
16720766,CPI,Q15084,compound,protein,0
16722836,CPI,O94921,compound,protein,1
16722836,CPI,P06213,compound,protein,1
16722836,CPI,P07948,compound,protein,1
16722836,CPI,P08581,compound,protein,1
16722836,CPI,P17948,compound,protein,1
16722836,CPI,P51957,compound,protein,1
16722836,CPI,P54764,compound,protein,1
16722836,CPI,P57058,compound,protein,1
16722836,CPI,P57078,compound,protein,1
16722836,CPI,Q06187,compound,protein,1
16722836,CPI,Q13153,compound,protein,1
16722836,CPI,Q15831,compound,protein,1
16722836,CPI,Q6ZN16,compound,protein,1
16722836,CPI,Q8IVH8,compound,protein,1
16722836,CPI,Q8IVW4,compound,protein,1
16722836,CPI,Q8TD19,compound,protein,1
16722836,CPI,Q8WXR4,compound,protein,1
16722836,CPI,Q99755,compound,protein,1
16722836,CPI,Q9C098,compound,protein,1
16722836,CPI,Q9H093,compound,protein,1
16722836,CPI,Q9UEW8,compound,protein,1
16722836,CPI,Q9Y6M4,compound,protein,1
16722836,CPI,Q05315,compound,protein,0
16722836,CPI,P17655,compound,protein,0
16722836,CPI,Q13255,compound,protein,0
16722836,CPI,Q9Y4C1,compound,protein,0
16722836,CPI,P50591,compound,protein,0
16722836,CPI,A5X5Y0,compound,protein,0
16722836,CPI,P56524,compound,protein,0
16722836,CPI,P30049,compound,protein,0
16722836,CPI,Q9BYP7,compound,protein,0
16722836,CPI,O60658,compound,protein,0
16722836,CPI,P28300,compound,protein,0
16722836,CPI,Q9NTG7,compound,protein,0
16722836,CPI,Q9NR56,compound,protein,0
16725726,CPI,O15197,compound,protein,1
16725726,CPI,O15264,compound,protein,1
16725726,CPI,O95747,compound,protein,1
16725726,CPI,P04629,compound,protein,1
16725726,CPI,P07948,compound,protein,1
16725726,CPI,P0C1S8,compound,protein,1
16725726,CPI,P36897,compound,protein,1
16725726,CPI,P42685,compound,protein,1
16725726,CPI,P46734,compound,protein,1
16725726,CPI,P49137,compound,protein,1
16725726,CPI,P49759,compound,protein,1
16725726,CPI,P51817,compound,protein,1
16725726,CPI,Q14680,compound,protein,1
16725726,CPI,Q6PHR2,compound,protein,1
16725726,CPI,Q6ZN16,compound,protein,1
16725726,CPI,Q7KZI7,compound,protein,1
16725726,CPI,Q8WXR4,compound,protein,1
16725726,CPI,Q92772,compound,protein,1
16725726,CPI,Q9UL54,compound,protein,1
16725726,CPI,O14788,compound,protein,0
16725726,CPI,Q9H2J7,compound,protein,0
16725726,CPI,Q8NCG7,compound,protein,0
16725726,CPI,P19367,compound,protein,0
16725726,CPI,P30968,compound,protein,0
16725726,CPI,P16581,compound,protein,0
16725726,CPI,Q96NT5,compound,protein,0
16725726,CPI,Q9NRF9,compound,protein,0
16725726,CPI,Q96G23,compound,protein,0
16725726,CPI,P23416,compound,protein,0
16725726,CPI,P15328,compound,protein,0
1674,CPI,P14416,compound,protein,0
16747388,CPI,P12931,compound,protein,1
16759169,CPI,Q99720,compound,protein,0
16759175,CPI,P14416,compound,protein,1
16759605,CPI,P35968,compound,protein,0
16759925,CPI,Q8WXR4,compound,protein,0
16760039,CPI,Q9NUW8,compound,protein,1
16760039,CPI,P04792,compound,protein,0
1687,CPI,P46439,compound,protein,0
169118,CPI,P00374,compound,protein,0
1694,CPI,P17252,compound,protein,1
1694,CPI,P30086,compound,protein,0
16960,CPI,P06401,compound,protein,1
16960,CPI,P08588,compound,protein,1
16960,CPI,P0DMS8,compound,protein,1
16960,CPI,P25021,compound,protein,1
16960,CPI,O14842,compound,protein,0
16960,CPI,Q8IYD1,compound,protein,0
169682,CPI,P21728,compound,protein,0
170361,CPI,Q15825,compound,protein,1
171548,CPI,P08913,compound,protein,1
171548,CPI,P43681,compound,protein,1
171548,CPI,Q9NUW8,compound,protein,1
171548,CPI,Q5JUK3,compound,protein,0
171548,CPI,P51788,compound,protein,0
171548,CPI,Q96L73,compound,protein,0
171548,CPI,O00443,compound,protein,0
171548,CPI,O14980,compound,protein,0
1716436,CPI,P38398,compound,protein,1
1716436,CPI,Q9UPZ9,compound,protein,0
1720,CPI,Q8IV61,compound,protein,0
1720,CPI,P12931,compound,protein,0
172997,CPI,O75469,compound,protein,0
172997,CPI,Q96KQ7,compound,protein,0
17452347,CPI,O95398,compound,protein,1
17452347,CPI,P84022,compound,protein,1
17461,CPI,O75496,compound,protein,0
17534,CPI,P0C264,compound,protein,0
176155,CPI,P04049,compound,protein,1
176155,CPI,P15735,compound,protein,1
176155,CPI,P28482,compound,protein,1
176155,CPI,P53667,compound,protein,1
176155,CPI,Q13188,compound,protein,1
176155,CPI,Q2M2I8,compound,protein,1
176155,CPI,Q6ZN16,compound,protein,1
176155,CPI,Q8WU08,compound,protein,1
176155,CPI,Q92772,compound,protein,1
176155,CPI,Q9NRP7,compound,protein,1
176155,CPI,Q9UPE1,compound,protein,1
176155,CPI,Q9NRF9,compound,protein,0
176155,CPI,Q15910,compound,protein,0
176155,CPI,Q9UBS5,compound,protein,0
176155,CPI,P11474,compound,protein,0
176155,CPI,P13631,compound,protein,0
176155,CPI,P49407,compound,protein,0
176155,CPI,Q9Y265,compound,protein,0
176155,CPI,Q14654,compound,protein,0
176155,CPI,P38398,compound,protein,0
176155,CPI,P33032,compound,protein,0
176155,CPI,P43119,compound,protein,0
176155,CPI,P23469,compound,protein,0
176158,CPI,O75496,compound,protein,1
176167,CPI,O14730,compound,protein,1
176167,CPI,O95382,compound,protein,1
176167,CPI,O95835,compound,protein,1
176167,CPI,P07333,compound,protein,1
176167,CPI,P15735,compound,protein,1
176167,CPI,P36897,compound,protein,1
176167,CPI,P42684,compound,protein,1
176167,CPI,P51817,compound,protein,1
176167,CPI,Q5S007,compound,protein,1
176167,CPI,Q8NEV4,compound,protein,1
176167,CPI,Q9H3Y6,compound,protein,1
176167,CPI,Q12882,compound,protein,0
176167,CPI,P08514,compound,protein,0
176167,CPI,P49721,compound,protein,0
176167,CPI,P62955,compound,protein,0
176167,CPI,P19367,compound,protein,0
176167,CPI,P39086,compound,protein,0
176167,CPI,P21281,compound,protein,0
176167,CPI,P47712,compound,protein,0
176167,CPI,P51164,compound,protein,0
176870,CPI,P04049,compound,protein,1
176870,CPI,P05129,compound,protein,1
176870,CPI,P06213,compound,protein,1
176870,CPI,P09769,compound,protein,1
176870,CPI,P15056,compound,protein,1
176870,CPI,P19784,compound,protein,1
176870,CPI,P42338,compound,protein,1
176870,CPI,P42345,compound,protein,1
176870,CPI,P43405,compound,protein,1
176870,CPI,P49760,compound,protein,1
176870,CPI,P50613,compound,protein,1
176870,CPI,P54756,compound,protein,1
176870,CPI,Q8N568,compound,protein,1
176870,CPI,Q92918,compound,protein,1
176870,CPI,Q96GD4,compound,protein,1
176870,CPI,Q99640,compound,protein,1
176870,CPI,Q9H3Y6,compound,protein,1
176870,CPI,Q13639,compound,protein,0
176870,CPI,P14780,compound,protein,0
176870,CPI,Q9NR96,compound,protein,0
176870,CPI,P15428,compound,protein,0
176870,CPI,O75909,compound,protein,0
176870,CPI,P28845,compound,protein,0
176870,CPI,P42226,compound,protein,0
176870,CPI,P55055,compound,protein,0
176870,CPI,Q13698,compound,protein,0
176870,CPI,P29460,compound,protein,0
176870,CPI,P55287,compound,protein,0
176870,CPI,P10253,compound,protein,0
176870,CPI,P16473,compound,protein,0
176870,CPI,Q460N3,compound,protein,0
176870,CPI,O00625,compound,protein,0
176870,CPI,P08575,compound,protein,0
176870,CPI,Q8N1C3,compound,protein,0
176870,CPI,Q92731,compound,protein,0
176870,CPI,O94788,compound,protein,0
176870,CPI,P03905,compound,protein,0
177236,CPI,Q99700,compound,protein,0
1775,CPI,P02545,compound,protein,1
1775,CPI,P11308,compound,protein,1
1775,CPI,P08574,compound,protein,0
17754438,CPI,P04629,compound,protein,1
17754438,CPI,P08069,compound,protein,1
17754438,CPI,P29323,compound,protein,1
17754438,CPI,Q04759,compound,protein,1
17754438,CPI,Q8IU85,compound,protein,1
17754438,CPI,Q9Y463,compound,protein,1
17755052,CPI,O00506,compound,protein,1
17755052,CPI,O15264,compound,protein,1
17755052,CPI,P19784,compound,protein,1
17755052,CPI,Q13131,compound,protein,1
17755052,CPI,Q13153,compound,protein,1
17755052,CPI,Q13188,compound,protein,1
17755052,CPI,Q14164,compound,protein,1
17755052,CPI,Q8N752,compound,protein,1
17755052,CPI,Q96PY6,compound,protein,1
17755052,CPI,Q96SB4,compound,protein,1
17755052,CPI,Q9BYT3,compound,protein,1
17755052,CPI,Q9H093,compound,protein,1
17755052,CPI,Q9NY57,compound,protein,1
17755052,CPI,Q9UPZ9,compound,protein,1
17755052,CPI,P18405,compound,protein,0
17755052,CPI,P38606,compound,protein,0
17755052,CPI,P35219,compound,protein,0
17755052,CPI,P30305,compound,protein,0
17755052,CPI,Q5BJF2,compound,protein,0
17755052,CPI,P02763,compound,protein,0
17756796,CPI,Q99928,compound,protein,0
17756796,CPI,P41595,compound,protein,0
17757095,CPI,P07355,compound,protein,0
17757146,CPI,O75496,compound,protein,1
1780,CPI,P11142,compound,protein,0
1794,CPI,P00750,compound,protein,1
1794,CPI,Q460N5,compound,protein,0
180081,CPI,Q04756,compound,protein,0
1814490,CPI,Q9GZR1,compound,protein,1
182362,CPI,Q9NUW8,compound,protein,1
182585,CPI,P08908,compound,protein,1
18283,CPI,P25103,compound,protein,1
18283,CPI,Q01959,compound,protein,1
183782,CPI,O75496,compound,protein,0
18680317,CPI,P23975,compound,protein,0
187,CPI,P08173,compound,protein,1
187,CPI,P21731,compound,protein,1
187,CPI,O75496,compound,protein,0
18721,CPI,Q00534,compound,protein,1
1884,CPI,Q99584,compound,protein,0
1884,CPI,P30086,compound,protein,0
1893668,CPI,Q9Y257,compound,protein,0
1893730,CPI,P42338,compound,protein,1
1893730,CPI,Q16322,compound,protein,0
1894361,CPI,Q9Y4R7,compound,protein,0
19003,CPI,O95544,compound,protein,0
19003,CPI,Q01538,compound,protein,0
193949,CPI,P08908,compound,protein,1
19529,CPI,P27695,compound,protein,1
1967,CPI,Q16637,compound,protein,1
1967,CPI,P21554,compound,protein,0
19675,CPI,P41595,compound,protein,1
197033,CPI,P34969,compound,protein,1
197033,CPI,Q15303,compound,protein,0
19728,CPI,P49760,compound,protein,0
1973,CPI,P55263,compound,protein,1
1973,CPI,P21917,compound,protein,0
197690,CPI,Q9Y2W1,compound,protein,0
1978,CPI,P41595,compound,protein,1
1981,CPI,P35354,compound,protein,1
198107,CPI,P16473,compound,protein,1
198107,CPI,P57058,compound,protein,0
1983,CPI,P07451,compound,protein,1
1983,CPI,O95342,compound,protein,0
1983,CPI,P52732,compound,protein,0
1986,CPI,O75493,compound,protein,1
1986,CPI,P14416,compound,protein,1
1986,CPI,P29972,compound,protein,1
1999882,CPI,P52564,compound,protein,0
200,CPI,P28221,compound,protein,0
2022,CPI,P34969,compound,protein,1
2022,CPI,P50406,compound,protein,1
2022,CPI,Q9UBS5,compound,protein,1
2022,CPI,Q7RTN6,compound,protein,0
202225,CPI,O43193,compound,protein,1
202225,CPI,O75469,compound,protein,1
202225,CPI,O75496,compound,protein,0
20279,CPI,P05230,compound,protein,0
20345,CPI,P84022,compound,protein,1
20345,CPI,Q16236,compound,protein,1
2046,CPI,Q99714,compound,protein,1
2047223,CPI,Q12851,compound,protein,0
2048,CPI,Q16236,compound,protein,1
2048,CPI,Q9HD36,compound,protein,0
2049,CPI,O60939,compound,protein,0
205912,CPI,P21728,compound,protein,0
2063,CPI,O14965,compound,protein,0
2081,CPI,P53805,compound,protein,0
2081,CPI,O43193,compound,protein,0
2083,CPI,O75469,compound,protein,1
2083,CPI,P30542,compound,protein,1
2083,CPI,P37288,compound,protein,1
2083,CPI,P43220,compound,protein,1
2083,CPI,Q01959,compound,protein,1
20862034,CPI,P43220,compound,protein,1
2088,CPI,P18089,compound,protein,1
2088,CPI,Q13332,compound,protein,1
208908,CPI,O14965,compound,protein,1
208908,CPI,O75385,compound,protein,1
208908,CPI,O94804,compound,protein,1
208908,CPI,O94806,compound,protein,1
208908,CPI,P29320,compound,protein,1
208908,CPI,P31152,compound,protein,1
208908,CPI,P49336,compound,protein,1
208908,CPI,P50613,compound,protein,1
208908,CPI,P51813,compound,protein,1
208908,CPI,P51956,compound,protein,1
208908,CPI,P53667,compound,protein,1
208908,CPI,Q06187,compound,protein,1
208908,CPI,Q07912,compound,protein,1
208908,CPI,Q13188,compound,protein,1
208908,CPI,Q13546,compound,protein,1
208908,CPI,Q96KB5,compound,protein,1
208908,CPI,Q9UPE1,compound,protein,1
208908,CPI,Q9Y2H1,compound,protein,1
208908,CPI,Q7Z5B4,compound,protein,0
208908,CPI,P07477,compound,protein,0
208908,CPI,Q96SW2,compound,protein,0
208908,CPI,P23743,compound,protein,0
208908,CPI,P68106,compound,protein,0
208908,CPI,P54289,compound,protein,0
208908,CPI,P35236,compound,protein,0
208908,CPI,Q9NYR8,compound,protein,0
208908,CPI,P06401,compound,protein,0
208908,CPI,O75496,compound,protein,0
2094,CPI,P08913,compound,protein,1
2094,CPI,Q9BZE4,compound,protein,0
20969430,CPI,P50750,compound,protein,0
20969430,CPI,P06493,compound,protein,0
2099,CPI,O43193,compound,protein,1
2099,CPI,P30411,compound,protein,1
2099,CPI,P05141,compound,protein,0
21071390,CPI,Q86UX6,compound,protein,0
2113511,CPI,P43220,compound,protein,0
21138,CPI,Q99700,compound,protein,1
21138,CPI,P05230,compound,protein,0
21158442,CPI,Q04759,compound,protein,0
2118,CPI,O43193,compound,protein,1
2118,CPI,P25021,compound,protein,1
2118,CPI,Q01813,compound,protein,0
2118,CPI,O94811,compound,protein,0
2118,CPI,P62993,compound,protein,0
2118,CPI,Q9HAZ1,compound,protein,0
2119,CPI,P31645,compound,protein,1
2119,CPI,Q9H0A0,compound,protein,0
2119,CPI,Q01813,compound,protein,0
2122,CPI,O75643,compound,protein,0
2126,CPI,O00625,compound,protein,0
2130,CPI,P06401,compound,protein,1
2130,CPI,Q13510,compound,protein,0
2130,CPI,P62136,compound,protein,0
2130,CPI,Q9UQF2,compound,protein,0
213046,CPI,P0DMS8,compound,protein,1
213046,CPI,P14416,compound,protein,1
213046,CPI,P35462,compound,protein,1
213046,CPI,Q9BXA6,compound,protein,0
2141,CPI,Q96KQ7,compound,protein,1
2141,CPI,P22455,compound,protein,0
2143,CPI,O43570,compound,protein,1
2143,CPI,Q8N1Q1,compound,protein,1
2143,CPI,P29371,compound,protein,0
2143,CPI,P14415,compound,protein,0
2143,CPI,Q9GZT9,compound,protein,0
2151,CPI,P0C264,compound,protein,0
2153,CPI,P18089,compound,protein,1
2153,CPI,P25021,compound,protein,1
2153,CPI,Q16665,compound,protein,1
2153,CPI,Q9UIF8,compound,protein,1
2153,CPI,Q9NTK5,compound,protein,0
2153,CPI,Q9NSD9,compound,protein,0
2153,CPI,P10398,compound,protein,0
2157,CPI,P08173,compound,protein,1
2157,CPI,P37268,compound,protein,1
2157,CPI,Q9NSY1,compound,protein,0
2157,CPI,P18669,compound,protein,0
2157,CPI,Q9BX84,compound,protein,0
2159,CPI,P41595,compound,protein,1
2159,CPI,P68400,compound,protein,0
2159213,CPI,O94921,compound,protein,0
2159213,CPI,P17948,compound,protein,0
2160,CPI,P35368,compound,protein,1
2160,CPI,P07858,compound,protein,0
2161,CPI,Q9HC97,compound,protein,1
2162,CPI,P25103,compound,protein,1
2162,CPI,P31645,compound,protein,1
2162,CPI,P50406,compound,protein,1
2162,CPI,Q13698,compound,protein,1
2162,CPI,P56373,compound,protein,0
216210,CPI,P35219,compound,protein,0
216210,CPI,O75936,compound,protein,0
216235,CPI,Q14721,compound,protein,0
216235,CPI,P35354,compound,protein,0
216237,CPI,O95342,compound,protein,1
216284,CPI,Q16637,compound,protein,1
216345,CPI,Q9C098,compound,protein,0
216468,CPI,P28222,compound,protein,0
2165,CPI,P18825,compound,protein,1
2165,CPI,Q9NSD9,compound,protein,0
2170,CPI,P02545,compound,protein,1
2170,CPI,P08173,compound,protein,1
2170,CPI,Q16665,compound,protein,1
2170,CPI,P51692,compound,protein,0
2176,CPI,O75496,compound,protein,0
2179,CPI,P08588,compound,protein,1
2179,CPI,P18825,compound,protein,1
2187,CPI,P27695,compound,protein,1
219078,CPI,Q9HC16,compound,protein,0
219078,CPI,P20366,compound,protein,0
2191501,CPI,P30085,compound,protein,0
2194,CPI,Q99808,compound,protein,1
2194,CPI,P62826,compound,protein,0
2194,CPI,Q9Y5X4,compound,protein,0
2196,CPI,P46063,compound,protein,1
2196,CPI,Q99571,compound,protein,0
2196,CPI,Q9NUW8,compound,protein,0
2200,CPI,O15054,compound,protein,0
2201555,CPI,P04899,compound,protein,0
22049997,CPI,P53778,compound,protein,1
22049997,CPI,Q12879,compound,protein,0
2210290,CPI,P37840,compound,protein,1
221493,CPI,P05067,compound,protein,0
22225683,CPI,P00533,compound,protein,1
222515,CPI,P41595,compound,protein,0
222528,CPI,P05090,compound,protein,0
2229,CPI,P40225,compound,protein,1
22347110,CPI,P08908,compound,protein,0
2236,CPI,P08913,compound,protein,0
22416236,CPI,P35354,compound,protein,0
22416251,CPI,P05181,compound,protein,0
22416276,CPI,P51151,compound,protein,1
2244,CPI,O75874,compound,protein,1
2244,CPI,P08588,compound,protein,1
2244,CPI,P78536,compound,protein,0
2244,CPI,P11413,compound,protein,0
2244,CPI,Q8N5S9,compound,protein,0
2247,CPI,O15296,compound,protein,1
2247,CPI,P07550,compound,protein,1
2247,CPI,P21452,compound,protein,1
2247,CPI,P28161,compound,protein,0
2247,CPI,Q9Y6K1,compound,protein,0
2247,CPI,Q9UHC3,compound,protein,0
2250975,CPI,P10635,compound,protein,1
2252,CPI,P54132,compound,protein,1
2252,CPI,Q96KQ7,compound,protein,1
2252,CPI,Q8IY84,compound,protein,0
22565,CPI,Q03154,compound,protein,0
2264,CPI,P01189,compound,protein,0
2265,CPI,P04637,compound,protein,1
2265,CPI,P08908,compound,protein,1
2265,CPI,Q16637,compound,protein,1
2265,CPI,P31689,compound,protein,0
2265,CPI,P21675,compound,protein,0
2266,CPI,P19838,compound,protein,1
2266,CPI,P21397,compound,protein,1
2266,CPI,P30518,compound,protein,1
2266,CPI,P42684,compound,protein,0
2267,CPI,O75688,compound,protein,0
22833647,CPI,P30411,compound,protein,0
2284,CPI,P25103,compound,protein,1
2284,CPI,Q96QE3,compound,protein,1
2286,CPI,Q9Y5N1,compound,protein,0
2300608,CPI,P33261,compound,protein,0
2300880,CPI,O14976,compound,protein,0
2300880,CPI,P29323,compound,protein,0
2311,CPI,Q8WTQ7,compound,protein,0
2318,CPI,P18825,compound,protein,1
2326992,CPI,Q96KQ7,compound,protein,0
2327,CPI,O43193,compound,protein,1
2327,CPI,P07550,compound,protein,1
2327,CPI,O43174,compound,protein,0
2333,CPI,P48544,compound,protein,0
2335,CPI,P08588,compound,protein,1
2335,CPI,P08913,compound,protein,1
2335,CPI,P14416,compound,protein,1
2335,CPI,Q9H0A0,compound,protein,0
2335,CPI,P07947,compound,protein,0
23350989,CPI,Q96NX5,compound,protein,0
23351218,CPI,P08238,compound,protein,1
23351218,CPI,Q9NRM7,compound,protein,0
2336,CPI,Q9NR19,compound,protein,0
2337,CPI,P04150,compound,protein,1
2337,CPI,P49354,compound,protein,0
2343,CPI,P55017,compound,protein,1
2343,CPI,O14924,compound,protein,0
2343,CPI,P42285,compound,protein,0
2345,CPI,Q9Y265,compound,protein,0
2353,CPI,Q86YN6,compound,protein,0
2354,CPI,P45983,compound,protein,0
2355,CPI,P21397,compound,protein,1
23581828,CPI,P30542,compound,protein,1
23635314,CPI,P25100,compound,protein,0
23648026,CPI,P54646,compound,protein,0
23649325,CPI,Q9NR21,compound,protein,0
236702,CPI,O75469,compound,protein,1
236702,CPI,Q9Y5N1,compound,protein,1
236702,CPI,P02708,compound,protein,0
237,CPI,P17252,compound,protein,0
237,CPI,O15056,compound,protein,0
23725625,CPI,Q9H0J9,compound,protein,1
23760137,CPI,P26358,compound,protein,1
23760140,CPI,Q13555,compound,protein,0
23760140,CPI,P18825,compound,protein,0
23760140,CPI,Q9BZL6,compound,protein,0
2377,CPI,P27338,compound,protein,1
2378,CPI,Q9Y4P1,compound,protein,1
2378,CPI,P49674,compound,protein,0
2378,CPI,P08183,compound,protein,0
2381,CPI,P35372,compound,protein,1
23897,CPI,Q96Q04,compound,protein,0
23897,CPI,P18031,compound,protein,0
2391,CPI,P05023,compound,protein,1
2391,CPI,P22736,compound,protein,0
2391,CPI,Q99558,compound,protein,0
2391,CPI,Q6P2M8,compound,protein,0
2391,CPI,P14416,compound,protein,0
2396,CPI,O14757,compound,protein,1
2396,CPI,P51648,compound,protein,0
2396,CPI,P25021,compound,protein,0
2396,CPI,Q9BZL6,compound,protein,0
2396,CPI,Q9H2K8,compound,protein,0
24066,CPI,Q99558,compound,protein,0
24066,CPI,Q15046,compound,protein,0
24140138,CPI,P62942,compound,protein,1
24178170,CPI,Q01959,compound,protein,0
24180719,CPI,O14965,compound,protein,1
24180719,CPI,P15735,compound,protein,1
24180719,CPI,P21709,compound,protein,1
24180719,CPI,P27361,compound,protein,1
24180719,CPI,P48736,compound,protein,1
24180719,CPI,P51817,compound,protein,1
24180719,CPI,P51956,compound,protein,1
24180719,CPI,P53778,compound,protein,1
24180719,CPI,P54764,compound,protein,1
24180719,CPI,P57078,compound,protein,1
24180719,CPI,Q00536,compound,protein,1
24180719,CPI,Q13546,compound,protein,1
24180719,CPI,Q14164,compound,protein,1
24180719,CPI,Q86YV6,compound,protein,1
24180719,CPI,Q8IVW4,compound,protein,1
24180719,CPI,Q8NE63,compound,protein,1
24180719,CPI,Q8WU08,compound,protein,1
24180719,CPI,Q92772,compound,protein,1
24180719,CPI,Q9Y6M4,compound,protein,1
24180719,CPI,Q96LD8,compound,protein,0
24180719,CPI,Q9ULK4,compound,protein,0
24180719,CPI,Q9H255,compound,protein,0
24180719,CPI,P55287,compound,protein,0
24180719,CPI,Q13370,compound,protein,0
2419,CPI,P25100,compound,protein,1
241903,CPI,P20618,compound,protein,1
241903,CPI,Q9UJT0,compound,protein,1
241903,CPI,P25103,compound,protein,0
24242928,CPI,Q96QE3,compound,protein,0
2438,CPI,Q76MJ5,compound,protein,0
2442,CPI,Q05932,compound,protein,0
2443,CPI,P18089,compound,protein,1
2443,CPI,P28222,compound,protein,1
2449454,CPI,P36969,compound,protein,1
2466259,CPI,Q13546,compound,protein,0
2467,CPI,Q8NB16,compound,protein,0
2471,CPI,P27695,compound,protein,1
2471,CPI,P34969,compound,protein,1
2471,CPI,O15151,compound,protein,0
2471,CPI,P57771,compound,protein,0
2471,CPI,P24941,compound,protein,0
24720976,CPI,P42681,compound,protein,0
24747161,CPI,P84022,compound,protein,0
24747174,CPI,P43681,compound,protein,0
24747209,CPI,Q09013,compound,protein,0
24747211,CPI,P84022,compound,protein,1
24747340,CPI,Q16236,compound,protein,1
24748573,CPI,P49760,compound,protein,1
24748573,CPI,P67870,compound,protein,1
24748573,CPI,Q9NR20,compound,protein,1
24748573,CPI,P41222,compound,protein,0
24761960,CPI,P08908,compound,protein,0
2477,CPI,P25021,compound,protein,1
2477,CPI,P03905,compound,protein,0
2477,CPI,P42224,compound,protein,0
24771867,CPI,P23443,compound,protein,1
24771867,CPI,P31749,compound,protein,1
24771867,CPI,P35968,compound,protein,1
24771867,CPI,P78527,compound,protein,1
24771867,CPI,Q13237,compound,protein,1
24771867,CPI,Q8NE63,compound,protein,1
24771867,CPI,Q96PF2,compound,protein,1
24771867,CPI,Q9Y4R7,compound,protein,0
24771867,CPI,Q16720,compound,protein,0
24771867,CPI,A5X5Y0,compound,protein,0
24775005,CPI,P41595,compound,protein,1
24776445,CPI,Q15465,compound,protein,1
24776445,CPI,O95136,compound,protein,0
24779724,CPI,O94804,compound,protein,1
24779724,CPI,P08631,compound,protein,1
24779724,CPI,P09769,compound,protein,1
24779724,CPI,P27448,compound,protein,1
24779724,CPI,P43405,compound,protein,1
24779724,CPI,P49674,compound,protein,1
24779724,CPI,P49759,compound,protein,1
24779724,CPI,P53671,compound,protein,1
24779724,CPI,Q02763,compound,protein,1
24779724,CPI,Q15569,compound,protein,1
24779724,CPI,Q15831,compound,protein,1
24779724,CPI,Q8IWQ3,compound,protein,1
24779724,CPI,Q9UHD2,compound,protein,1
24779724,CPI,Q9Y2U5,compound,protein,1
24779724,CPI,P00742,compound,protein,0
24779724,CPI,P30926,compound,protein,0
24779724,CPI,P04183,compound,protein,0
24779724,CPI,P28161,compound,protein,0
24779724,CPI,P05181,compound,protein,0
24779724,CPI,P35557,compound,protein,0
24779724,CPI,P01375,compound,protein,0
24785538,CPI,P29317,compound,protein,1
24785538,CPI,Q13470,compound,protein,1
24791027,CPI,P84022,compound,protein,1
24794418,CPI,P07949,compound,protein,1
24794418,CPI,O75899,compound,protein,0
24794418,CPI,Q02817,compound,protein,0
24800541,CPI,P28074,compound,protein,1
24812758,CPI,P31639,compound,protein,1
2482,CPI,O00305,compound,protein,1
2482,CPI,O60359,compound,protein,1
2482,CPI,Q13936,compound,protein,1
2482,CPI,P55287,compound,protein,0
2482,CPI,Q96PN8,compound,protein,0
24820091,CPI,P14416,compound,protein,0
24821094,CPI,Q03154,compound,protein,0
24821094,CPI,P62993,compound,protein,0
24821094,CPI,Q9H9B1,compound,protein,0
24821094,CPI,O15146,compound,protein,0
24821094,CPI,P37023,compound,protein,0
24826799,CPI,P07947,compound,protein,1
24826799,CPI,P10721,compound,protein,1
24826799,CPI,P35968,compound,protein,1
24826799,CPI,Q15759,compound,protein,1
24826799,CPI,P50993,compound,protein,0
24826799,CPI,P00338,compound,protein,0
24826799,CPI,P17658,compound,protein,0
24826799,CPI,Q16548,compound,protein,0
24826799,CPI,P13726,compound,protein,0
2484,CPI,P18089,compound,protein,1
24856041,CPI,P49759,compound,protein,1
24856041,CPI,P49761,compound,protein,1
24856041,CPI,Q96SB4,compound,protein,0
24856237,CPI,Q9UNA4,compound,protein,1
24856436,CPI,P08581,compound,protein,1
24857286,CPI,P31645,compound,protein,0
24857885,CPI,P51817,compound,protein,0
24861442,CPI,Q13547,compound,protein,1
24868316,CPI,P53671,compound,protein,0
24889392,CPI,O15197,compound,protein,1
24889392,CPI,O60331,compound,protein,1
24889392,CPI,P37023,compound,protein,1
24889392,CPI,P41743,compound,protein,1
24889392,CPI,P49336,compound,protein,1
24889392,CPI,P53667,compound,protein,1
24889392,CPI,P68400,compound,protein,1
24889392,CPI,Q13177,compound,protein,1
24889392,CPI,Q13523,compound,protein,1
24889392,CPI,Q13627,compound,protein,1
24889392,CPI,Q16659,compound,protein,1
24889392,CPI,Q2M2I8,compound,protein,1
24889392,CPI,Q86UE8,compound,protein,1
24889392,CPI,Q8TBX8,compound,protein,1
24889392,CPI,Q9H1R3,compound,protein,1
24889392,CPI,Q9NY46,compound,protein,0
24889392,CPI,P52732,compound,protein,0
24889392,CPI,P48546,compound,protein,0
24889392,CPI,Q14654,compound,protein,0
24889392,CPI,P35869,compound,protein,0
24889392,CPI,P28222,compound,protein,0
24889392,CPI,P14416,compound,protein,0
24889392,CPI,O95180,compound,protein,0
24889392,CPI,P25116,compound,protein,0
24889392,CPI,P43351,compound,protein,0
24901704,CPI,Q96SW2,compound,protein,0
24901704,CPI,O15554,compound,protein,0
24905203,CPI,Q96NR8,compound,protein,0
24963252,CPI,P36507,compound,protein,1
24963252,CPI,P40225,compound,protein,0
24988881,CPI,O00767,compound,protein,1
24995524,CPI,O43293,compound,protein,1
24995524,CPI,P11309,compound,protein,1
24995524,CPI,P35968,compound,protein,1
24995524,CPI,Q9H4B4,compound,protein,1
24995524,CPI,Q9HCP0,compound,protein,1
24995524,CPI,Q16445,compound,protein,0
24995524,CPI,P30968,compound,protein,0
24995524,CPI,Q70Z44,compound,protein,0
24995524,CPI,P00374,compound,protein,0
24995524,CPI,P14415,compound,protein,0
24996872,CPI,Q8TDV5,compound,protein,1
25022668,CPI,Q99714,compound,protein,0
25023738,CPI,O60885,compound,protein,1
25023738,CPI,P07437,compound,protein,0
25025298,CPI,P17752,compound,protein,1
25025298,CPI,P22314,compound,protein,0
25025298,CPI,Q9H0J9,compound,protein,0
25025298,CPI,P22612,compound,protein,0
25025298,CPI,P31749,compound,protein,0
25025505,CPI,P29323,compound,protein,0
25051,CPI,Q9NUW8,compound,protein,1
25062766,CPI,Q00536,compound,protein,1
25062766,CPI,Q07973,compound,protein,0
25109888,CPI,Q6W5P4,compound,protein,1
25109904,CPI,Q9H2X6,compound,protein,0
25109908,CPI,Q96GD4,compound,protein,0
25109911,CPI,P21917,compound,protein,0
25109985,CPI,Q16236,compound,protein,0
25113764,CPI,O75469,compound,protein,0
25117126,CPI,P21728,compound,protein,1
25117126,CPI,Q7L7X3,compound,protein,1
25124816,CPI,P42338,compound,protein,1
25124816,CPI,P52333,compound,protein,1
25124816,CPI,P48169,compound,protein,0
25124816,CPI,Q02817,compound,protein,0
25124816,CPI,P01111,compound,protein,0
25124816,CPI,Q16850,compound,protein,0
25126798,CPI,O94806,compound,protein,1
25126798,CPI,P08581,compound,protein,1
25126798,CPI,P08922,compound,protein,1
25126798,CPI,P0C1S8,compound,protein,1
25126798,CPI,P49137,compound,protein,1
25126798,CPI,Q13043,compound,protein,1
25126798,CPI,Q13233,compound,protein,1
25126798,CPI,Q13976,compound,protein,1
25126798,CPI,Q16584,compound,protein,1
25126798,CPI,Q9BZL6,compound,protein,1
25126798,CPI,Q9NRM7,compound,protein,1
25126798,CPI,Q9UQ88,compound,protein,1
25126798,CPI,P09884,compound,protein,0
25126798,CPI,P10636,compound,protein,0
25126798,CPI,P55212,compound,protein,0
25126798,CPI,P28221,compound,protein,0
25126798,CPI,Q99700,compound,protein,0
25126798,CPI,Q9GZV3,compound,protein,0
25126798,CPI,P12004,compound,protein,0
25126798,CPI,Q6P6C2,compound,protein,0
25126798,CPI,Q9Y468,compound,protein,0
25126798,CPI,P35498,compound,protein,0
25126798,CPI,P25963,compound,protein,0
25134326,CPI,O14976,compound,protein,1
25134326,CPI,Q07912,compound,protein,1
25134326,CPI,P28562,compound,protein,0
25134326,CPI,Q9H2S1,compound,protein,0
2513861,CPI,O00506,compound,protein,0
25154867,CPI,Q9BQF6,compound,protein,0
25154868,CPI,Q86V86,compound,protein,0
25161177,CPI,P53667,compound,protein,1
25161177,CPI,P10635,compound,protein,0
25161177,CPI,P10636,compound,protein,0
25171648,CPI,P08581,compound,protein,1
25180101,CPI,P07550,compound,protein,0
25182616,CPI,O15264,compound,protein,1
25182616,CPI,O60331,compound,protein,1
25182616,CPI,P04049,compound,protein,1
25182616,CPI,P10721,compound,protein,1
25182616,CPI,P14616,compound,protein,1
25182616,CPI,P17948,compound,protein,1
25182616,CPI,P37023,compound,protein,1
25182616,CPI,P52333,compound,protein,1
25182616,CPI,P53355,compound,protein,1
25182616,CPI,P54764,compound,protein,1
25182616,CPI,P57078,compound,protein,1
25182616,CPI,Q15139,compound,protein,1
25182616,CPI,Q5S007,compound,protein,1
25182616,CPI,Q86UE8,compound,protein,1
25182616,CPI,Q86UX6,compound,protein,1
25182616,CPI,Q86V86,compound,protein,1
25182616,CPI,Q8NFD2,compound,protein,1
25182616,CPI,Q92918,compound,protein,1
25182616,CPI,Q9BVS4,compound,protein,1
25182616,CPI,Q9H4B4,compound,protein,1
25182616,CPI,Q9NRM7,compound,protein,1
25182616,CPI,Q9UM73,compound,protein,1
25182616,CPI,P42261,compound,protein,0
25182616,CPI,Q96LD8,compound,protein,0
25182616,CPI,Q9Y239,compound,protein,0
25182616,CPI,P29474,compound,protein,0
25182616,CPI,P51452,compound,protein,0
25182616,CPI,P47989,compound,protein,0
25182616,CPI,P48547,compound,protein,0
25182616,CPI,P30874,compound,protein,0
25182616,CPI,P35368,compound,protein,0
25182616,CPI,P25103,compound,protein,0
25182616,CPI,P30542,compound,protein,0
25182616,CPI,Q99549,compound,protein,0
25182616,CPI,P0DMS8,compound,protein,0
25182616,CPI,P11498,compound,protein,0
25182616,CPI,P25021,compound,protein,0
2519,CPI,P51160,compound,protein,1
2519,CPI,Q96KQ7,compound,protein,1
2519,CPI,Q9UM73,compound,protein,0
25195294,CPI,Q13873,compound,protein,1
25195352,CPI,Q07912,compound,protein,1
25195352,CPI,Q13882,compound,protein,0
25199517,CPI,Q9H3Y6,compound,protein,0
25199517,CPI,P07947,compound,protein,0
25210493,CPI,P08631,compound,protein,0
25227436,CPI,P15428,compound,protein,0
25227462,CPI,O14976,compound,protein,1
25227462,CPI,O94806,compound,protein,1
25227462,CPI,P07947,compound,protein,1
25227462,CPI,P17252,compound,protein,1
25227462,CPI,P22612,compound,protein,1
25227462,CPI,P00338,compound,protein,0
25227462,CPI,P49146,compound,protein,0
25243777,CPI,Q16513,compound,protein,0
25243779,CPI,Q06187,compound,protein,0
25243780,CPI,P27695,compound,protein,1
25243783,CPI,P09884,compound,protein,0
25243783,CPI,Q9NZ45,compound,protein,0
25243784,CPI,P14618,compound,protein,1
25243784,CPI,O95264,compound,protein,0
25243786,CPI,P51817,compound,protein,0
25243787,CPI,P51151,compound,protein,1
25243788,CPI,P51828,compound,protein,0
25249,CPI,P33261,compound,protein,1
25254071,CPI,P78527,compound,protein,1
25254071,CPI,Q15842,compound,protein,0
25260757,CPI,P05186,compound,protein,0
25262792,CPI,P42338,compound,protein,1
25295,CPI,P28161,compound,protein,0
253078,CPI,P30043,compound,protein,0
25320895,CPI,P49589,compound,protein,0
25320895,CPI,Q59H18,compound,protein,0
253602,CPI,P11166,compound,protein,1
253602,CPI,Q6NUM9,compound,protein,0
253602,CPI,O00571,compound,protein,0
2540,CPI,Q9UBS5,compound,protein,1
2540,CPI,P55263,compound,protein,0
2541,CPI,P13945,compound,protein,1
2541,CPI,P47898,compound,protein,1
2541,CPI,P49795,compound,protein,0
2547325,CPI,P53671,compound,protein,0
2551,CPI,P21731,compound,protein,1
2554,CPI,P41222,compound,protein,0
2554,CPI,Q9BXA7,compound,protein,0
2576,CPI,P08908,compound,protein,1
2576,CPI,P31645,compound,protein,1
2576,CPI,P51151,compound,protein,1
2578,CPI,P00390,compound,protein,1
2581,CPI,P08908,compound,protein,1
2581,CPI,P21554,compound,protein,1
2583,CPI,P30411,compound,protein,1
2583,CPI,O95136,compound,protein,0
2585,CPI,P21554,compound,protein,1
2585,CPI,Q8WUI4,compound,protein,0
2585,CPI,Q9NSA2,compound,protein,0
2585,CPI,Q96RQ3,compound,protein,0
259329,CPI,P30411,compound,protein,0
2603,CPI,Q9NZ45,compound,protein,1
26098,CPI,P33261,compound,protein,0
262093,CPI,P11473,compound,protein,1
262093,CPI,P33261,compound,protein,1
26248,CPI,Q9UHD8,compound,protein,0
265237,CPI,O14920,compound,protein,1
26596,CPI,P07437,compound,protein,1
26596,CPI,Q53GL7,compound,protein,0
26596,CPI,P18825,compound,protein,0
2662,CPI,P11229,compound,protein,1
2662,CPI,P40763,compound,protein,1
2662,CPI,P20618,compound,protein,0
2662,CPI,P11802,compound,protein,0
2662,CPI,P06280,compound,protein,0
2662,CPI,P47989,compound,protein,0
26757,CPI,O43193,compound,protein,1
26757,CPI,P23975,compound,protein,1
2685,CPI,Q92499,compound,protein,0
26879,CPI,P21728,compound,protein,1
26879,CPI,O95136,compound,protein,0
2690,CPI,Q9HC16,compound,protein,1
2690,CPI,Q15831,compound,protein,0
26987,CPI,P25021,compound,protein,1
26987,CPI,Q8N4C6,compound,protein,0
2703,CPI,Q9NUW8,compound,protein,1
2712,CPI,O75496,compound,protein,1
2712,CPI,P34903,compound,protein,1
2712,CPI,O94768,compound,protein,0
2712,CPI,P25705,compound,protein,0
2712,CPI,P51160,compound,protein,0
2713,CPI,P08588,compound,protein,1
2713,CPI,P10635,compound,protein,1
2713,CPI,P11308,compound,protein,1
2713,CPI,P33261,compound,protein,1
2713,CPI,Q9UGN5,compound,protein,0
2713,CPI,Q9UI33,compound,protein,0
2717,CPI,Q5TCX8,compound,protein,0
2717,CPI,Q460N5,compound,protein,0
2719,CPI,P09488,compound,protein,1
2719,CPI,P30411,compound,protein,1
2719,CPI,P30518,compound,protein,1
2719,CPI,P61073,compound,protein,1
2719,CPI,O15392,compound,protein,0
2720,CPI,O94782,compound,protein,0
2722,CPI,P37840,compound,protein,1
2724,CPI,Q9UBE8,compound,protein,0
2725,CPI,P25021,compound,protein,1
2725,CPI,P14625,compound,protein,0
2725,CPI,O75496,compound,protein,0
2725,CPI,Q14164,compound,protein,0
2726824,CPI,P21452,compound,protein,0
2727,CPI,P02545,compound,protein,1
2727,CPI,P11229,compound,protein,1
2727,CPI,Q14123,compound,protein,0
2730,CPI,P10828,compound,protein,1
2732,CPI,O43193,compound,protein,1
2732,CPI,P32245,compound,protein,1
2732,CPI,Q09428,compound,protein,0
2732,CPI,Q96GD4,compound,protein,0
2732,CPI,O95342,compound,protein,0
2733,CPI,P08908,compound,protein,1
2733,CPI,P21728,compound,protein,1
2733,CPI,Q969S8,compound,protein,0
2733,CPI,Q05586,compound,protein,0
2733335,CPI,O60502,compound,protein,1
2733526,CPI,Q02156,compound,protein,1
2733526,CPI,P35372,compound,protein,1
2733526,CPI,P35462,compound,protein,1
2733526,CPI,Q8WZA2,compound,protein,0
2733526,CPI,P57059,compound,protein,0
2733526,CPI,P18507,compound,protein,0
2733526,CPI,P41594,compound,protein,0
273769,CPI,Q16665,compound,protein,1
27400,CPI,P08588,compound,protein,1
27447,CPI,P21589,compound,protein,0
2745684,CPI,Q9HC97,compound,protein,1
2745684,CPI,P20648,compound,protein,0
2746,CPI,P46063,compound,protein,0
2750,CPI,Q16236,compound,protein,1
2753,CPI,Q96KQ7,compound,protein,1
2754,CPI,Q96KQ7,compound,protein,1
2755,CPI,P43220,compound,protein,1
2756,CPI,P31151,compound,protein,0
2757788,CPI,O43193,compound,protein,0
2761,CPI,P11229,compound,protein,1
2761,CPI,Q01668,compound,protein,1
2761,CPI,P16220,compound,protein,0
2762,CPI,P32245,compound,protein,1
2762,CPI,P54132,compound,protein,1
2764,CPI,P18089,compound,protein,1
2764,CPI,P42336,compound,protein,0
2765,CPI,P25100,compound,protein,1
2765,CPI,Q5VT25,compound,protein,0
2769,CPI,Q9UGL1,compound,protein,0
2769,CPI,Q96KQ7,compound,protein,0
2770,CPI,P29372,compound,protein,1
2771,CPI,P21554,compound,protein,1
2771,CPI,Q96KQ7,compound,protein,1
2771,CPI,P22612,compound,protein,0
2780,CPI,P11712,compound,protein,1
2780,CPI,O75030,compound,protein,0
27812,CPI,P51575,compound,protein,0
2784,CPI,P08912,compound,protein,1
2784,CPI,P11229,compound,protein,1
2788,CPI,Q96KQ7,compound,protein,1
27924,CPI,P27695,compound,protein,1
27924,CPI,Q8IV61,compound,protein,1
27924,CPI,Q70Z44,compound,protein,0
2796,CPI,P32297,compound,protein,0
2796,CPI,Q13163,compound,protein,0
2802,CPI,P47870,compound,protein,1
2802,CPI,P00492,compound,protein,0
2802,CPI,P49407,compound,protein,0
2802,CPI,P68106,compound,protein,0
2802894,CPI,O60218,compound,protein,0
2803,CPI,P41595,compound,protein,1
2803,CPI,Q460N5,compound,protein,0
2812,CPI,P25103,compound,protein,1
2812,CPI,P41595,compound,protein,1
2812,CPI,Q16850,compound,protein,1
2812,CPI,Q9UK17,compound,protein,0
2812,CPI,P14625,compound,protein,0
2814135,CPI,P38398,compound,protein,1
2814135,CPI,Q96NR8,compound,protein,0
2817242,CPI,P83916,compound,protein,1
2819095,CPI,P17861,compound,protein,1
28417,CPI,P51813,compound,protein,0
2852569,CPI,P11229,compound,protein,0
2866,CPI,Q8N4C6,compound,protein,0
2866,CPI,Q13627,compound,protein,0
2868392,CPI,P16473,compound,protein,1
2868392,CPI,P42681,compound,protein,0
2868392,CPI,P25021,compound,protein,0
28693,CPI,P51151,compound,protein,0
28693,CPI,P36544,compound,protein,0
28693,CPI,Q8WTQ7,compound,protein,0
2876959,CPI,P37288,compound,protein,0
2893,CPI,P08908,compound,protein,1
2893,CPI,P14416,compound,protein,1
2893,CPI,P18825,compound,protein,1
2893,CPI,P04626,compound,protein,0
2893,CPI,Q9UQ88,compound,protein,0
2895,CPI,P35462,compound,protein,1
2895,CPI,P41595,compound,protein,1
2905,CPI,P51452,compound,protein,0
2905,CPI,P30307,compound,protein,0
2907,CPI,Q3MIX3,compound,protein,0
2910,CPI,P55017,compound,protein,1
2910,CPI,P22612,compound,protein,0
2913,CPI,P10635,compound,protein,1
2930014,CPI,P52732,compound,protein,1
2949965,CPI,P10636,compound,protein,1
2953683,CPI,P16473,compound,protein,1
2955,CPI,P00374,compound,protein,1
2955,CPI,P84022,compound,protein,1
2955,CPI,Q99519,compound,protein,0
2958,CPI,P13500,compound,protein,0
2977478,CPI,P11473,compound,protein,1
2980973,CPI,P43220,compound,protein,1
2980973,CPI,A5X5Y0,compound,protein,0
299,CPI,P27695,compound,protein,1
2990,CPI,O60563,compound,protein,0
2990,CPI,Q9P289,compound,protein,0
2990,CPI,P55211,compound,protein,0
29922606,CPI,O43451,compound,protein,1
2993,CPI,P23975,compound,protein,1
2993,CPI,Q9UBT6,compound,protein,1
2993,CPI,P54132,compound,protein,0
2993,CPI,O95264,compound,protein,0
2993,CPI,P43351,compound,protein,0
2993,CPI,P12931,compound,protein,0
2993,CPI,P08173,compound,protein,0
2995,CPI,P08173,compound,protein,1
2995,CPI,P18825,compound,protein,1
2998821,CPI,P54756,compound,protein,0
3000322,CPI,P37288,compound,protein,1
3000322,CPI,P41595,compound,protein,1
3000540,CPI,O43193,compound,protein,1
3000540,CPI,P08588,compound,protein,1
3000540,CPI,P08908,compound,protein,1
3000540,CPI,P21731,compound,protein,1
3000540,CPI,P25929,compound,protein,1
3000540,CPI,P32245,compound,protein,1
3000540,CPI,O75496,compound,protein,0
3001028,CPI,P53779,compound,protein,0
3001055,CPI,O43193,compound,protein,1
3001055,CPI,P00734,compound,protein,1
3001055,CPI,P30518,compound,protein,1
3001055,CPI,P35354,compound,protein,1
3001055,CPI,Q96RG2,compound,protein,0
3001055,CPI,P01189,compound,protein,0
3001055,CPI,P57764,compound,protein,0
3001055,CPI,Q06203,compound,protein,0
3001055,CPI,Q9UGJ0,compound,protein,0
3003,CPI,P35228,compound,protein,1
3003141,CPI,Q01959,compound,protein,0
3005573,CPI,P41968,compound,protein,0
3009355,CPI,P51681,compound,protein,1
3011155,CPI,P35372,compound,protein,0
3016,CPI,P34903,compound,protein,1
3016,CPI,Q9GZU7,compound,protein,0
3016,CPI,P21462,compound,protein,0
3019,CPI,P08913,compound,protein,1
3019,CPI,P21728,compound,protein,1
3019,CPI,P30518,compound,protein,1
3019,CPI,P32245,compound,protein,1
3022645,CPI,P31645,compound,protein,1
3025,CPI,P08913,compound,protein,1
3025,CPI,Q9Y4P1,compound,protein,0
3025961,CPI,P51151,compound,protein,1
3025986,CPI,O43318,compound,protein,1
3025986,CPI,O76039,compound,protein,1
3025986,CPI,P08581,compound,protein,1
3025986,CPI,P21709,compound,protein,1
3025986,CPI,P29597,compound,protein,1
3025986,CPI,P41743,compound,protein,1
3025986,CPI,P78362,compound,protein,1
3025986,CPI,Q15746,compound,protein,1
3025986,CPI,Q16539,compound,protein,1
3025986,CPI,Q6XUX3,compound,protein,1
3025986,CPI,Q86UE8,compound,protein,1
3025986,CPI,Q8TD19,compound,protein,1
3025986,CPI,Q9UBE8,compound,protein,1
3025986,CPI,Q9Y6R4,compound,protein,1
3025986,CPI,P25101,compound,protein,0
3025986,CPI,Q6W5P4,compound,protein,0
3025986,CPI,P08908,compound,protein,0
3025986,CPI,Q05513,compound,protein,0
3025986,CPI,Q9UQL6,compound,protein,0
3025986,CPI,P25021,compound,protein,0
3025986,CPI,P51160,compound,protein,0
3025986,CPI,P98170,compound,protein,0
3025986,CPI,P25025,compound,protein,0
3025986,CPI,P08254,compound,protein,0
3025986,CPI,Q14721,compound,protein,0
3025986,CPI,Q8N1C3,compound,protein,0
3025986,CPI,Q8N6T7,compound,protein,0
30323,CPI,P30518,compound,protein,1
3033,CPI,O43193,compound,protein,1
3033,CPI,O60218,compound,protein,1
3033,CPI,P02768,compound,protein,1
3033,CPI,Q15759,compound,protein,0
3033,CPI,O76083,compound,protein,0
3033,CPI,Q04759,compound,protein,0
3033637,CPI,Q709F0,compound,protein,0
3033769,CPI,P21917,compound,protein,1
3034010,CPI,Q04759,compound,protein,0
3035672,CPI,P08908,compound,protein,0
3037918,CPI,P23458,compound,protein,0
3038,CPI,O43570,compound,protein,1
3038,CPI,P11229,compound,protein,1
3038,CPI,P21728,compound,protein,1
3038,CPI,Q99808,compound,protein,1
3038,CPI,O94768,compound,protein,0
3038522,CPI,O00238,compound,protein,1
3038522,CPI,O60674,compound,protein,1
3038522,CPI,P22607,compound,protein,1
3038522,CPI,P27448,compound,protein,1
3038522,CPI,P42681,compound,protein,1
3038522,CPI,P53671,compound,protein,1
3038522,CPI,Q00532,compound,protein,1
3038522,CPI,Q02156,compound,protein,1
3038522,CPI,Q07912,compound,protein,1
3038522,CPI,Q13153,compound,protein,1
3038522,CPI,Q13555,compound,protein,1
3038522,CPI,Q16659,compound,protein,1
3038522,CPI,Q16832,compound,protein,1
3038522,CPI,Q59H18,compound,protein,1
3038522,CPI,Q8IYT8,compound,protein,1
3038522,CPI,Q8WTQ7,compound,protein,1
3038522,CPI,Q92630,compound,protein,1
3038522,CPI,Q96L34,compound,protein,1
3038522,CPI,Q96SB4,compound,protein,1
3038522,CPI,Q9H4B4,compound,protein,1
3038522,CPI,Q9NYL2,compound,protein,1
3038522,CPI,Q9UK32,compound,protein,1
3038522,CPI,Q9Y4K4,compound,protein,1
3038522,CPI,P31350,compound,protein,0
3038522,CPI,P23415,compound,protein,0
3038522,CPI,O60885,compound,protein,0
3038522,CPI,P02545,compound,protein,0
3038522,CPI,P14780,compound,protein,0
3038522,CPI,P50747,compound,protein,0
3038522,CPI,Q9UN88,compound,protein,0
3038522,CPI,P61981,compound,protein,0
3038522,CPI,Q5NUL3,compound,protein,0
3038522,CPI,Q96P20,compound,protein,0
3038522,CPI,Q9HC16,compound,protein,0
3038522,CPI,O15440,compound,protein,0
3038525,CPI,P21860,compound,protein,1
3038525,CPI,P37023,compound,protein,1
3038525,CPI,P42345,compound,protein,1
3038525,CPI,P42684,compound,protein,1
3038525,CPI,P43405,compound,protein,1
3038525,CPI,P49674,compound,protein,1
3038525,CPI,P51956,compound,protein,1
3038525,CPI,P53671,compound,protein,1
3038525,CPI,P57059,compound,protein,1
3038525,CPI,Q13546,compound,protein,1
3038525,CPI,Q7L7X3,compound,protein,1
3038525,CPI,Q92772,compound,protein,1
3038525,CPI,Q92918,compound,protein,1
3038525,CPI,Q9BYT3,compound,protein,1
3038525,CPI,Q9UBF8,compound,protein,1
3038525,CPI,P21397,compound,protein,0
3038525,CPI,Q8N1Q1,compound,protein,0
3038525,CPI,P80370,compound,protein,0
3038525,CPI,P51679,compound,protein,0
3038525,CPI,Q12879,compound,protein,0
3038525,CPI,O00418,compound,protein,0
3038525,CPI,O60706,compound,protein,0
3038525,CPI,P27815,compound,protein,0
3038525,CPI,P05771,compound,protein,0
3042,CPI,P11229,compound,protein,1
3042,CPI,P35462,compound,protein,1
3042,CPI,P54646,compound,protein,0
3042,CPI,Q9Y6M4,compound,protein,0
3053,CPI,P33032,compound,protein,0
3059,CPI,O75604,compound,protein,1
3059,CPI,P25929,compound,protein,1
3059,CPI,Q99808,compound,protein,1
3059,CPI,Q13523,compound,protein,0
3059,CPI,P49759,compound,protein,0
3059,CPI,Q9UPZ9,compound,protein,0
3059,CPI,Q9Y5S8,compound,protein,0
3062316,CPI,O95747,compound,protein,1
3062316,CPI,P29320,compound,protein,1
3062316,CPI,P35968,compound,protein,1
3062316,CPI,P51813,compound,protein,1
3062316,CPI,P54753,compound,protein,1
3062316,CPI,Q05655,compound,protein,1
3062316,CPI,Q07912,compound,protein,1
3062316,CPI,Q13188,compound,protein,1
3062316,CPI,Q15208,compound,protein,1
3062316,CPI,Q8IVH8,compound,protein,1
3062316,CPI,Q96L34,compound,protein,1
3062316,CPI,Q9Y2K2,compound,protein,1
3062316,CPI,Q08462,compound,protein,0
3062316,CPI,O60218,compound,protein,0
3062316,CPI,P27707,compound,protein,0
3062316,CPI,Q9Y6L6,compound,protein,0
3062316,CPI,P23975,compound,protein,0
3062316,CPI,Q8TCU5,compound,protein,0
3062316,CPI,Q9Y4K0,compound,protein,0
3062316,CPI,Q9UN88,compound,protein,0
3062316,CPI,Q13177,compound,protein,0
3062316,CPI,Q96JB6,compound,protein,0
3062316,CPI,Q96PY6,compound,protein,0
3062316,CPI,P55263,compound,protein,0
3078519,CPI,O14757,compound,protein,1
3078519,CPI,Q07912,compound,protein,1
3078519,CPI,Q13131,compound,protein,1
3078519,CPI,Q9H2K8,compound,protein,1
3078519,CPI,Q9UHD2,compound,protein,1
3078519,CPI,P12104,compound,protein,0
3078519,CPI,P61956,compound,protein,0
3080554,CPI,Q9UK32,compound,protein,0
3081361,CPI,O43293,compound,protein,1
3081361,CPI,O95382,compound,protein,1
3081361,CPI,P00533,compound,protein,1
3081361,CPI,P06401,compound,protein,1
3081361,CPI,P18089,compound,protein,1
3081361,CPI,P22694,compound,protein,1
3081361,CPI,P49137,compound,protein,1
3081361,CPI,Q13470,compound,protein,1
3081361,CPI,Q15835,compound,protein,1
3081361,CPI,Q6XUX3,compound,protein,1
3081361,CPI,Q9P289,compound,protein,1
3081361,CPI,Q9UBF8,compound,protein,1
3081361,CPI,Q9UEW8,compound,protein,1
3081361,CPI,Q9UHD2,compound,protein,1
3081361,CPI,P05089,compound,protein,0
3081361,CPI,Q08209,compound,protein,0
3081361,CPI,P55072,compound,protein,0
3081361,CPI,P07305,compound,protein,0
3081361,CPI,P10828,compound,protein,0
3081361,CPI,P61981,compound,protein,0
3081361,CPI,Q9Y230,compound,protein,0
3081361,CPI,Q16637,compound,protein,0
3081361,CPI,Q9NYA1,compound,protein,0
3081361,CPI,O60266,compound,protein,0
3082718,CPI,P27707,compound,protein,0
3082718,CPI,P49768,compound,protein,0
30951,CPI,Q99712,compound,protein,0
3100,CPI,P39900,compound,protein,0
3100,CPI,Q09428,compound,protein,0
3101,CPI,Q9Y5S8,compound,protein,1
3101,CPI,Q9BTZ2,compound,protein,0
3101,CPI,P53667,compound,protein,0
3101,CPI,Q9C098,compound,protein,0
31055126,CPI,O75496,compound,protein,1
31055126,CPI,Q16236,compound,protein,1
31055126,CPI,Q8N5Y8,compound,protein,0
3106,CPI,P28562,compound,protein,0
31072,CPI,P06401,compound,protein,1
31072,CPI,P11229,compound,protein,1
31072,CPI,P57058,compound,protein,0
31072,CPI,Q00975,compound,protein,0
31072,CPI,Q14524,compound,protein,0
31072,CPI,P55055,compound,protein,0
3108,CPI,O76074,compound,protein,1
3108,CPI,P84022,compound,protein,1
3108,CPI,P07451,compound,protein,0
3108,CPI,P36897,compound,protein,0
3108,CPI,O15399,compound,protein,0
31101,CPI,P07550,compound,protein,1
31101,CPI,P28221,compound,protein,1
3114,CPI,O15244,compound,protein,1
3114,CPI,P21397,compound,protein,1
3114,CPI,P25021,compound,protein,1
3114,CPI,Q13698,compound,protein,0
3114,CPI,P23280,compound,protein,0
311434,CPI,P00519,compound,protein,0
3117,CPI,O75762,compound,protein,1
3117,CPI,O75874,compound,protein,1
3117,CPI,P21728,compound,protein,1
3117,CPI,P29466,compound,protein,1
3117,CPI,P43681,compound,protein,0
3117,CPI,P18505,compound,protein,0
3121,CPI,P21917,compound,protein,1
3121,CPI,P43681,compound,protein,1
3121,CPI,P42338,compound,protein,0
3121,CPI,Q9H2X6,compound,protein,0
31307,CPI,P02545,compound,protein,1
31307,CPI,Q99571,compound,protein,0
3135,CPI,P15428,compound,protein,1
3136844,CPI,P34897,compound,protein,0
31404,CPI,Q9Y2H1,compound,protein,0
3150672,CPI,O75496,compound,protein,1
3151,CPI,P21728,compound,protein,1
3151,CPI,Q01959,compound,protein,1
3152,CPI,P41595,compound,protein,1
3152,CPI,Q9UBS5,compound,protein,1
3152,CPI,P36897,compound,protein,0
3152,CPI,Q16620,compound,protein,0
31549,CPI,P39023,compound,protein,1
31549,CPI,P68400,compound,protein,0
31549,CPI,Q14683,compound,protein,0
3156,CPI,Q9Y2K2,compound,protein,0
3157,CPI,P25021,compound,protein,1
3157,CPI,Q9C098,compound,protein,0
3162043,CPI,Q01201,compound,protein,0
3164059,CPI,Q01970,compound,protein,0
3164059,CPI,Q6NVY1,compound,protein,0
3164059,CPI,P33032,compound,protein,0
3168,CPI,P48736,compound,protein,0
3168,CPI,Q5NUL3,compound,protein,0
31703,CPI,Q9Y6L6,compound,protein,0
31729,CPI,O95259,compound,protein,0
3177,CPI,O95069,compound,protein,0
3180,CPI,P22303,compound,protein,1
3180,CPI,P41143,compound,protein,1
3180,CPI,Q9UBE8,compound,protein,0
3180,CPI,P67870,compound,protein,0
3194,CPI,O94925,compound,protein,1
3194,CPI,P34913,compound,protein,1
3194,CPI,Q96KQ7,compound,protein,1
3194,CPI,Q99549,compound,protein,1
3194,CPI,O75030,compound,protein,0
3194,CPI,P11498,compound,protein,0
3194,CPI,P46734,compound,protein,0
3194,CPI,Q8N5S9,compound,protein,0
3213,CPI,O75116,compound,protein,1
3213,CPI,Q99700,compound,protein,1
3213,CPI,P00734,compound,protein,0
3220,CPI,P27695,compound,protein,1
32281,CPI,Q00537,compound,protein,0
32281,CPI,P41240,compound,protein,0
3229,CPI,Q9H2S1,compound,protein,0
322968,CPI,P22303,compound,protein,1
3230028,CPI,O43741,compound,protein,0
3233276,CPI,P27695,compound,protein,1
3233276,CPI,Q8NFJ5,compound,protein,0
3234850,CPI,Q13627,compound,protein,1
3234850,CPI,Q9NS75,compound,protein,0
3234850,CPI,O15399,compound,protein,0
3234850,CPI,P22607,compound,protein,0
3234998,CPI,Q9NUW8,compound,protein,1
3235398,CPI,Q9Y5N1,compound,protein,0
3237327,CPI,Q16637,compound,protein,1
3237327,CPI,Q9HBA0,compound,protein,0
3238389,CPI,P02545,compound,protein,1
3238417,CPI,Q92731,compound,protein,0
3238417,CPI,Q9NR56,compound,protein,0
3238944,CPI,P80370,compound,protein,0
3240990,CPI,P16473,compound,protein,1
3241,CPI,Q96FL8,compound,protein,1
3243760,CPI,O75460,compound,protein,0
3243760,CPI,Q9NRH2,compound,protein,0
3243873,CPI,P24462,compound,protein,0
3272300,CPI,Q13639,compound,protein,1
327653,CPI,P0DMV8,compound,protein,1
3278,CPI,P37088,compound,protein,0
3278,CPI,P55072,compound,protein,0
3290,CPI,Q14012,compound,protein,0
3291,CPI,P21554,compound,protein,1
3291,CPI,P30518,compound,protein,1
3291,CPI,P27448,compound,protein,0
3291,CPI,Q99640,compound,protein,0
3291,CPI,O15075,compound,protein,0
33032,CPI,Q9HBA0,compound,protein,0
3305,CPI,P07948,compound,protein,0
3307,CPI,P47869,compound,protein,1
3307,CPI,P42679,compound,protein,0
3308,CPI,Q99808,compound,protein,1
3308,CPI,P11274,compound,protein,0
3314,CPI,O00444,compound,protein,0
3325,CPI,P08588,compound,protein,1
3325,CPI,P21917,compound,protein,1
3325,CPI,P22748,compound,protein,1
3325,CPI,P31645,compound,protein,1
3325,CPI,P34969,compound,protein,1
3325,CPI,Q9Y5N1,compound,protein,1
3325,CPI,P54577,compound,protein,0
3325,CPI,Q9UL54,compound,protein,0
3330,CPI,Q9HBA0,compound,protein,0
3330,CPI,O75496,compound,protein,0
3331,CPI,P14416,compound,protein,1
3331,CPI,Q6W5P4,compound,protein,1
3331,CPI,Q13627,compound,protein,0
3331,CPI,Q14164,compound,protein,0
3333,CPI,P0DP23,compound,protein,1
3333,CPI,P14416,compound,protein,1
3333,CPI,P23975,compound,protein,1
3333,CPI,P04839,compound,protein,0
3334,CPI,O75496,compound,protein,1
3334,CPI,Q16236,compound,protein,1
3334,CPI,Q6PHR2,compound,protein,0
3335,CPI,P55211,compound,protein,1
3339,CPI,P14616,compound,protein,0
3339,CPI,Q96NX5,compound,protein,0
3341,CPI,P50225,compound,protein,0
3341,CPI,Q7L7X3,compound,protein,0
3342298,CPI,P08253,compound,protein,1
3342298,CPI,P00519,compound,protein,0
3342390,CPI,P08173,compound,protein,1
3344,CPI,O75496,compound,protein,0
3346,CPI,P10828,compound,protein,1
3349,CPI,P51817,compound,protein,0
3351,CPI,P18505,compound,protein,0
3354,CPI,P35372,compound,protein,1
3356,CPI,Q9NUW8,compound,protein,1
3357,CPI,P18505,compound,protein,0
33572,CPI,P08588,compound,protein,1
33572,CPI,P23634,compound,protein,1
33572,CPI,Q14500,compound,protein,1
33572,CPI,P08311,compound,protein,0
33572,CPI,P61956,compound,protein,0
33572,CPI,Q9Y5S8,compound,protein,0
33613,CPI,P55055,compound,protein,1
33613,CPI,O75030,compound,protein,0
33613,CPI,Q8WU08,compound,protein,0
33624,CPI,Q99720,compound,protein,1
33630,CPI,P08908,compound,protein,1
33630,CPI,P18825,compound,protein,1
33630,CPI,P21728,compound,protein,1
33630,CPI,P35372,compound,protein,1
33630,CPI,P47898,compound,protein,1
33630,CPI,P27695,compound,protein,0
33630,CPI,O95835,compound,protein,0
33630,CPI,P07550,compound,protein,0
3365,CPI,P11712,compound,protein,1
3365,CPI,P21554,compound,protein,1
3365,CPI,P21917,compound,protein,1
3365,CPI,Q8NEV1,compound,protein,0
3365,CPI,P37840,compound,protein,0
3365,CPI,Q9NYA1,compound,protein,0
3366,CPI,O76074,compound,protein,0
3371,CPI,Q16665,compound,protein,1
3371,CPI,Q86VL8,compound,protein,0
3371,CPI,Q8WUI4,compound,protein,0
3374,CPI,Q9H422,compound,protein,0
33741,CPI,P61925,compound,protein,0
338,CPI,P00918,compound,protein,1
338,CPI,P08908,compound,protein,0
3385,CPI,O75874,compound,protein,1
3385,CPI,P04150,compound,protein,1
3385,CPI,Q96QE3,compound,protein,1
3385203,CPI,P13500,compound,protein,0
3386,CPI,P08913,compound,protein,1
3386,CPI,P18825,compound,protein,1
3386,CPI,P41595,compound,protein,1
3386,CPI,P08183,compound,protein,0
3386,CPI,P18505,compound,protein,0
3386,CPI,P25098,compound,protein,0
3386,CPI,P06493,compound,protein,0
3386873,CPI,P51813,compound,protein,0
33887,CPI,Q13627,compound,protein,0
3394,CPI,P08908,compound,protein,1
3394,CPI,P42330,compound,protein,1
3394,CPI,P10632,compound,protein,0
3394,CPI,Q6ZN16,compound,protein,0
3394,CPI,Q00534,compound,protein,0
3396,CPI,P10635,compound,protein,1
3396,CPI,P23415,compound,protein,1
3396,CPI,P41595,compound,protein,1
3396,CPI,P27707,compound,protein,0
3397,CPI,P08588,compound,protein,1
3397,CPI,P31645,compound,protein,1
3397,CPI,P33261,compound,protein,1
34040,CPI,P11229,compound,protein,1
3413,CPI,O43306,compound,protein,1
3413,CPI,P06280,compound,protein,0
3426979,CPI,P32249,compound,protein,0
34312,CPI,P35499,compound,protein,1
34359,CPI,O94925,compound,protein,1
3440,CPI,P43166,compound,protein,1
3440,CPI,Q01201,compound,protein,0
3447,CPI,P48048,compound,protein,0
3450,CPI,Q8NE63,compound,protein,0
3450,CPI,O60885,compound,protein,0
3450,CPI,Q12879,compound,protein,0
3455,CPI,Q9NUW8,compound,protein,1
3456,CPI,Q14957,compound,protein,0
3463,CPI,P21917,compound,protein,1
3463,CPI,P35462,compound,protein,1
3467177,CPI,Q96SB4,compound,protein,0
3475,CPI,O43193,compound,protein,1
3476986,CPI,P35579,compound,protein,1
3478,CPI,P41143,compound,protein,1
3478,CPI,Q14654,compound,protein,1
3478,CPI,P14616,compound,protein,0
3478,CPI,P08686,compound,protein,0
34781,CPI,P41743,compound,protein,0
34781,CPI,Q13882,compound,protein,0
3488,CPI,O60706,compound,protein,1
3488,CPI,P21728,compound,protein,1
3488,CPI,P48544,compound,protein,1
3503,CPI,P10275,compound,protein,1
3510,CPI,O95264,compound,protein,1
3510,CPI,P37173,compound,protein,0
3516,CPI,P25021,compound,protein,1
3516,CPI,O95398,compound,protein,0
3516,CPI,P33981,compound,protein,0
3516032,CPI,Q5NUL3,compound,protein,0
3516032,CPI,Q96PF2,compound,protein,0
3518,CPI,P02545,compound,protein,1
35370,CPI,P07550,compound,protein,1
35370,CPI,Q9UBS5,compound,protein,1
35370,CPI,Q06710,compound,protein,0
35370,CPI,Q92945,compound,protein,0
354624,CPI,P31350,compound,protein,1
3561,CPI,P35462,compound,protein,1
3561,CPI,Q9NUW8,compound,protein,1
35647030,CPI,Q15139,compound,protein,0
3565209,CPI,Q13526,compound,protein,0
3568,CPI,Q9NUW8,compound,protein,1
3598,CPI,P11021,compound,protein,1
3598,CPI,P18825,compound,protein,1
3598,CPI,P25929,compound,protein,1
3598,CPI,P27815,compound,protein,1
3598,CPI,O15379,compound,protein,0
3606,CPI,Q9UNA0,compound,protein,0
3610,CPI,Q16236,compound,protein,1
3611,CPI,Q9UQL6,compound,protein,1
3611,CPI,Q9UBE8,compound,protein,0
361510,CPI,Q14500,compound,protein,0
361510,CPI,Q9Y466,compound,protein,0
361510,CPI,Q9H3Y6,compound,protein,0
3627,CPI,P21728,compound,protein,1
36314,CPI,O75874,compound,protein,1
36314,CPI,P04637,compound,protein,1
36314,CPI,P08183,compound,protein,1
36314,CPI,P10828,compound,protein,1
36314,CPI,Q16236,compound,protein,1
36314,CPI,P11474,compound,protein,0
36314,CPI,P09769,compound,protein,0
36314,CPI,P30874,compound,protein,0
3641059,CPI,P43403,compound,protein,1
3641059,CPI,O14841,compound,protein,0
3641059,CPI,O75030,compound,protein,0
3641059,CPI,Q6W5P4,compound,protein,0
3645619,CPI,P10635,compound,protein,1
3645619,CPI,Q15375,compound,protein,0
3645619,CPI,Q9H4B4,compound,protein,0
3647,CPI,P08913,compound,protein,1
3647,CPI,O76074,compound,protein,0
3648364,CPI,O14976,compound,protein,0
3652,CPI,P29274,compound,protein,1
3652,CPI,O43570,compound,protein,0
3652,CPI,Q9NRH2,compound,protein,0
3655,CPI,Q5BJF2,compound,protein,0
3658,CPI,P11229,compound,protein,1
3658,CPI,P23975,compound,protein,1
3661,CPI,P21917,compound,protein,0
3661,CPI,Q8NEV1,compound,protein,0
3661,CPI,P21453,compound,protein,0
3672,CPI,P21554,compound,protein,1
3672,CPI,Q9UBS5,compound,protein,1
3672,CPI,O95069,compound,protein,0
3672,CPI,Q15375,compound,protein,0
3672,CPI,P08922,compound,protein,0
3672,CPI,Q9UF33,compound,protein,0
3672,CPI,Q14500,compound,protein,0
3675,CPI,Q9H2X6,compound,protein,0
3675,CPI,P00519,compound,protein,0
3675,CPI,Q9NUW8,compound,protein,0
3676,CPI,P27695,compound,protein,0
3676,CPI,Q8NFU5,compound,protein,0
3676,CPI,Q86YV6,compound,protein,0
3678,CPI,P53779,compound,protein,0
3686,CPI,P47898,compound,protein,1
3689,CPI,Q05586,compound,protein,1
3689,CPI,Q9Y2T6,compound,protein,0
3689413,CPI,P51151,compound,protein,1
3689416,CPI,Q9NUW8,compound,protein,1
3689416,CPI,P22748,compound,protein,0
3693566,CPI,P28221,compound,protein,0
3696,CPI,P08908,compound,protein,1
3696,CPI,P08913,compound,protein,1
3696,CPI,P31645,compound,protein,1
3696,CPI,P35368,compound,protein,1
3696,CPI,Q01959,compound,protein,1
3698,CPI,P10696,compound,protein,0
3702,CPI,P55017,compound,protein,1
3702,CPI,Q9ULX7,compound,protein,1
3715,CPI,P35462,compound,protein,1
3715,CPI,Q16665,compound,protein,1
3715,CPI,P15538,compound,protein,0
3718,CPI,Q03431,compound,protein,1
3718,CPI,Q96QE3,compound,protein,1
3718,CPI,Q9NR56,compound,protein,1
3719993,CPI,P25103,compound,protein,0
3730,CPI,P08913,compound,protein,1
3730,CPI,Q13621,compound,protein,0
3746,CPI,P08173,compound,protein,1
3749,CPI,O95342,compound,protein,1
3749,CPI,P08912,compound,protein,1
3749,CPI,P29274,compound,protein,1
3749,CPI,P41143,compound,protein,1
3749,CPI,P15428,compound,protein,0
37542,CPI,P25021,compound,protein,1
37542,CPI,P41968,compound,protein,1
37542,CPI,Q04759,compound,protein,0
37542,CPI,P28300,compound,protein,0
37542,CPI,Q96S37,compound,protein,0
37542,CPI,P22830,compound,protein,0
3760,CPI,O75469,compound,protein,1
37768,CPI,P25929,compound,protein,1
37768,CPI,P42574,compound,protein,0
3784,CPI,P07550,compound,protein,1
3784,CPI,P21554,compound,protein,1
3784,CPI,Q08289,compound,protein,1
378811,CPI,Q9BQB6,compound,protein,0
379077,CPI,P27695,compound,protein,1
379077,CPI,O43526,compound,protein,0
379077,CPI,P24530,compound,protein,0
3793,CPI,P41595,compound,protein,1
3793,CPI,Q16665,compound,protein,1
3793,CPI,Q9NUW8,compound,protein,1
3793,CPI,P08631,compound,protein,0
3793,CPI,Q9Y4K0,compound,protein,0
3796,CPI,P52333,compound,protein,1
3796,CPI,O94782,compound,protein,0
3797,CPI,P52333,compound,protein,1
3797,CPI,Q99519,compound,protein,0
3799,CPI,Q13523,compound,protein,0
3799,CPI,Q9UK17,compound,protein,0
3799,CPI,P27695,compound,protein,0
38081,CPI,P10826,compound,protein,0
3820,CPI,O60563,compound,protein,1
3820,CPI,P40225,compound,protein,1
3820,CPI,Q15208,compound,protein,0
3820,CPI,Q7L5N7,compound,protein,0
3820,CPI,Q9UI33,compound,protein,0
3822,CPI,P41595,compound,protein,1
3822,CPI,Q9H9B1,compound,protein,0
3823,CPI,P10632,compound,protein,1
3823,CPI,P61073,compound,protein,0
3823,CPI,Q13621,compound,protein,0
3823,CPI,Q15569,compound,protein,0
3823,CPI,P22314,compound,protein,0
3823,CPI,P54289,compound,protein,0
3823,CPI,P06746,compound,protein,0
3823393,CPI,P53350,compound,protein,1
3823393,CPI,Q99720,compound,protein,0
3823887,CPI,P15056,compound,protein,0
3825,CPI,Q01959,compound,protein,1
3825,CPI,Q04760,compound,protein,0
3825,CPI,O00305,compound,protein,0
3825,CPI,Q16584,compound,protein,0
3826,CPI,O43193,compound,protein,1
3826,CPI,P02768,compound,protein,0
3826,CPI,Q9UBT6,compound,protein,0
3826,CPI,Q5BJF2,compound,protein,0
382975,CPI,P45985,compound,protein,0
3854666,CPI,P08908,compound,protein,0
3854666,CPI,Q9NY56,compound,protein,0
3854666,CPI,Q86W47,compound,protein,0
3869,CPI,Q01959,compound,protein,1
3869,CPI,P09467,compound,protein,0
3878,CPI,P18089,compound,protein,1
3878,CPI,P21918,compound,protein,1
3878,CPI,P27695,compound,protein,1
3878,CPI,Q99250,compound,protein,1
3878,CPI,P10145,compound,protein,0
3883,CPI,Q9NUW8,compound,protein,1
3883,CPI,Q9UBS5,compound,protein,1
3883,CPI,Q16513,compound,protein,0
3883,CPI,P11509,compound,protein,0
3883,CPI,P47869,compound,protein,0
38853,CPI,P08588,compound,protein,1
38853,CPI,P08908,compound,protein,1
38853,CPI,P31645,compound,protein,1
38853,CPI,P43681,compound,protein,1
38853,CPI,P84022,compound,protein,1
38853,CPI,Q01959,compound,protein,1
38853,CPI,Q99714,compound,protein,1
38853,CPI,O00206,compound,protein,0
3894573,CPI,P25100,compound,protein,1
3903,CPI,P08913,compound,protein,0
39042,CPI,P07550,compound,protein,1
39042,CPI,P14416,compound,protein,1
39042,CPI,P18089,compound,protein,1
39042,CPI,P23975,compound,protein,1
39042,CPI,Q9NZV8,compound,protein,0
39042,CPI,Q02880,compound,protein,0
3906779,CPI,P04150,compound,protein,0
3913264,CPI,Q99519,compound,protein,0
3915969,CPI,O75874,compound,protein,1
3915969,CPI,P84022,compound,protein,1
392622,CPI,P10635,compound,protein,1
3929516,CPI,Q01668,compound,protein,0
393595,CPI,P31939,compound,protein,0
3938007,CPI,Q16236,compound,protein,0
394449,CPI,O75496,compound,protein,1
39468,CPI,P18031,compound,protein,0
3947,CPI,P04839,compound,protein,0
3950,CPI,Q9H169,compound,protein,1
3951,CPI,P17861,compound,protein,1
3951,CPI,P50052,compound,protein,0
3955,CPI,P02545,compound,protein,1
3955,CPI,Q14524,compound,protein,1
3957,CPI,O43193,compound,protein,1
3957,CPI,P13945,compound,protein,1
3957,CPI,Q6W5P4,compound,protein,1
3957,CPI,Q13148,compound,protein,0
395754,CPI,Q9NUW8,compound,protein,1
3961,CPI,P23975,compound,protein,1
3961,CPI,Q9Y5N1,compound,protein,1
3964,CPI,P08912,compound,protein,1
3964,CPI,P34969,compound,protein,1
3964,CPI,P35462,compound,protein,1
3964,CPI,Q9UM73,compound,protein,0
3964,CPI,P36897,compound,protein,0
3964,CPI,P12821,compound,protein,0
3969,CPI,Q6XUX3,compound,protein,0
3976006,CPI,Q9UKI8,compound,protein,0
398148,CPI,P24941,compound,protein,1
398148,CPI,Q96QE3,compound,protein,1
398148,CPI,P50052,compound,protein,0
3989078,CPI,Q05586,compound,protein,0
39912,CPI,P48426,compound,protein,0
3994,CPI,O60391,compound,protein,0
39981,CPI,Q92753,compound,protein,0
4004,CPI,Q99714,compound,protein,1
4006,CPI,P14618,compound,protein,0
4011,CPI,P17676,compound,protein,0
4011,CPI,Q02880,compound,protein,0
4013695,CPI,P36896,compound,protein,0
4030,CPI,O75496,compound,protein,1
4030,CPI,P21731,compound,protein,1
4030,CPI,P37288,compound,protein,1
4031,CPI,P11229,compound,protein,1
4031,CPI,P37231,compound,protein,0
4032,CPI,P08913,compound,protein,1
4032,CPI,P08069,compound,protein,0
4032,CPI,O15264,compound,protein,0
4032,CPI,O43570,compound,protein,0
4034,CPI,O15197,compound,protein,0
4037,CPI,P28482,compound,protein,1
4037,CPI,Q13526,compound,protein,1
40399,CPI,P14679,compound,protein,1
4044,CPI,P30411,compound,protein,1
4044,CPI,P30518,compound,protein,1
4044,CPI,Q99808,compound,protein,1
4046,CPI,P18825,compound,protein,1
4046,CPI,P05129,compound,protein,0
4046,CPI,Q2M2I8,compound,protein,0
4046,CPI,Q6PHR2,compound,protein,0
40461270,CPI,P35354,compound,protein,1
40467075,CPI,O75469,compound,protein,1
40469526,CPI,P19652,compound,protein,0
40486,CPI,P11021,compound,protein,1
4050965,CPI,O43318,compound,protein,0
4053,CPI,Q99700,compound,protein,1
4053,CPI,P80370,compound,protein,0
40539,CPI,P54132,compound,protein,1
40539,CPI,Q96KQ7,compound,protein,1
4054,CPI,Q14957,compound,protein,1
4054,CPI,O15264,compound,protein,0
4054,CPI,P22694,compound,protein,0
40632,CPI,Q16816,compound,protein,0
4065,CPI,Q9NUW8,compound,protein,1
4065,CPI,P51957,compound,protein,0
4067,CPI,P47989,compound,protein,0
40692,CPI,Q9NUW8,compound,protein,1
40692,CPI,P08908,compound,protein,0
4071,CPI,Q9NUW8,compound,protein,1
4075,CPI,P35228,compound,protein,1
4075,CPI,Q16665,compound,protein,1
4075,CPI,Q9HC16,compound,protein,0
4077460,CPI,Q9H3Y6,compound,protein,0
4078,CPI,P08912,compound,protein,1
4078,CPI,P35372,compound,protein,1
40839,CPI,P23975,compound,protein,0
4089709,CPI,P54646,compound,protein,0
4090,CPI,P28221,compound,protein,1
4090,CPI,O00418,compound,protein,0
4091,CPI,P08913,compound,protein,1
4091,CPI,Q16134,compound,protein,1
4091,CPI,O15244,compound,protein,0
4091,CPI,Q9P289,compound,protein,0
4098,CPI,P41595,compound,protein,1
4098,CPI,O75173,compound,protein,0
4099,CPI,P14416,compound,protein,1
4099,CPI,P37288,compound,protein,1
4099,CPI,Q9NYL2,compound,protein,0
41049,CPI,P23219,compound,protein,1
4107,CPI,P07550,compound,protein,1
4107,CPI,P08908,compound,protein,1
4107,CPI,P21397,compound,protein,1
4107,CPI,P37288,compound,protein,1
4107,CPI,Q01959,compound,protein,1
4112,CPI,Q9NUW8,compound,protein,1
4122,CPI,P19838,compound,protein,1
4140,CPI,P17676,compound,protein,0
414684,CPI,Q9UM73,compound,protein,0
414684,CPI,P29597,compound,protein,0
4167,CPI,P35462,compound,protein,1
4168,CPI,P14416,compound,protein,1
4168,CPI,Q96KQ7,compound,protein,1
4168,CPI,P52209,compound,protein,0
4168,CPI,Q8IWQ3,compound,protein,0
41684,CPI,P19793,compound,protein,1
41684,CPI,P21397,compound,protein,1
41684,CPI,Q99808,compound,protein,1
41684,CPI,Q9H1R3,compound,protein,0
41693,CPI,P37288,compound,protein,0
4170,CPI,P08588,compound,protein,1
4170,CPI,P18089,compound,protein,1
4170,CPI,P62508,compound,protein,0
4170,CPI,P35916,compound,protein,0
417052,CPI,Q9NUW8,compound,protein,1
417052,CPI,Q13164,compound,protein,0
4171,CPI,P43681,compound,protein,1
4171,CPI,P35498,compound,protein,0
4173,CPI,P08913,compound,protein,1
4173,CPI,P25021,compound,protein,1
4173,CPI,Q99808,compound,protein,1
4174,CPI,P30542,compound,protein,1
4174,CPI,P28074,compound,protein,0
4178,CPI,Q8NG66,compound,protein,0
4183496,CPI,O43193,compound,protein,0
4184,CPI,P21397,compound,protein,1
4184,CPI,Q15831,compound,protein,0
4184,CPI,Q9P289,compound,protein,0
41867,CPI,P25021,compound,protein,0
4189,CPI,P07550,compound,protein,1
4189,CPI,P11229,compound,protein,1
4189,CPI,P32245,compound,protein,1
4189,CPI,Q92952,compound,protein,1
4192,CPI,P47870,compound,protein,1
4192,CPI,P68871,compound,protein,0
4192,CPI,Q9NZV8,compound,protein,0
4197,CPI,P25021,compound,protein,1
4201,CPI,P11229,compound,protein,1
4201,CPI,P41595,compound,protein,1
4201,CPI,Q14654,compound,protein,1
4205,CPI,P21452,compound,protein,0
4210951,CPI,P24941,compound,protein,1
4210951,CPI,P14618,compound,protein,0
4210951,CPI,P04626,compound,protein,0
4210951,CPI,Q13164,compound,protein,0
4210951,CPI,P53667,compound,protein,0
4212,CPI,O94925,compound,protein,1
4212,CPI,P14416,compound,protein,1
4212,CPI,P41595,compound,protein,1
4212,CPI,Q14191,compound,protein,1
4212,CPI,Q96KQ7,compound,protein,1
4212,CPI,Q9UL62,compound,protein,0
4212,CPI,Q9UQM7,compound,protein,0
4212,CPI,O15440,compound,protein,0
4217,CPI,Q15746,compound,protein,1
4236,CPI,P02545,compound,protein,1
4236,CPI,P51172,compound,protein,0
4236,CPI,Q96PY6,compound,protein,0
4241,CPI,P84022,compound,protein,0
4257368,CPI,P27695,compound,protein,1
42574,CPI,P18089,compound,protein,1
4261,CPI,O75496,compound,protein,0
42618298,CPI,Q13547,compound,protein,1
4262,CPI,Q13233,compound,protein,0
42640811,CPI,P14416,compound,protein,0
42642645,CPI,O43283,compound,protein,1
42642645,CPI,O95747,compound,protein,1
42642645,CPI,P04049,compound,protein,1
42642645,CPI,P17948,compound,protein,1
42642645,CPI,P36894,compound,protein,1
42642645,CPI,P52333,compound,protein,1
42642645,CPI,P54646,compound,protein,1
42642645,CPI,Q12851,compound,protein,1
42642645,CPI,Q14680,compound,protein,1
42642645,CPI,Q99640,compound,protein,1
42642645,CPI,Q9BVS4,compound,protein,1
42642645,CPI,P47870,compound,protein,0
42642645,CPI,P62942,compound,protein,0
42642645,CPI,O43570,compound,protein,0
42642645,CPI,Q16558,compound,protein,0
42642645,CPI,O00763,compound,protein,0
42642645,CPI,Q9UN88,compound,protein,0
42642645,CPI,P20839,compound,protein,0
42642645,CPI,Q13370,compound,protein,0
42642648,CPI,O15399,compound,protein,0
42955,CPI,Q6W5P4,compound,protein,1
42955,CPI,Q9UGJ0,compound,protein,0
4296,CPI,P09884,compound,protein,0
4299,CPI,P24752,compound,protein,0
4299,CPI,P49662,compound,protein,0
4306,CPI,O15296,compound,protein,1
4306515,CPI,P23219,compound,protein,1
4306515,CPI,P80370,compound,protein,0
4308,CPI,P30989,compound,protein,1
43232,CPI,P07711,compound,protein,0
43232,CPI,Q00987,compound,protein,0
4331799,CPI,P11712,compound,protein,1
43345,CPI,O76074,compound,protein,0
4336830,CPI,P40225,compound,protein,1
4336830,CPI,Q9NUW8,compound,protein,1
4348310,CPI,P27695,compound,protein,1
435678,CPI,Q14680,compound,protein,0
4364841,CPI,P10636,compound,protein,1
4369359,CPI,P21452,compound,protein,1
4369359,CPI,P47898,compound,protein,1
4369359,CPI,P50406,compound,protein,1
4369359,CPI,P09769,compound,protein,0
4376,CPI,P41595,compound,protein,1
4376,CPI,Q13224,compound,protein,1
4376,CPI,Q9UIF8,compound,protein,0
4380267,CPI,P02545,compound,protein,1
4380267,CPI,P15735,compound,protein,0
4381125,CPI,Q01453,compound,protein,0
4381127,CPI,Q15788,compound,protein,1
43815,CPI,P11229,compound,protein,1
43815,CPI,P30939,compound,protein,1
43815,CPI,P47898,compound,protein,1
43815,CPI,Q8N6T7,compound,protein,0
43815,CPI,Q8WXR4,compound,protein,0
43815,CPI,Q9H4B4,compound,protein,0
43815,CPI,O15439,compound,protein,0
438981,CPI,P24941,compound,protein,1
438981,CPI,Q92959,compound,protein,0
439246,CPI,Q16678,compound,protein,1
439246,CPI,P27338,compound,protein,0
439246,CPI,Q9BYT3,compound,protein,0
439533,CPI,P43166,compound,protein,1
439533,CPI,P21731,compound,protein,0
439533,CPI,P18089,compound,protein,0
439654,CPI,P42574,compound,protein,0
439772,CPI,O14976,compound,protein,0
4409,CPI,P08913,compound,protein,1
44093,CPI,P08913,compound,protein,1
44093,CPI,P46663,compound,protein,1
44112,CPI,P23280,compound,protein,0
441130,CPI,P25021,compound,protein,1
441130,CPI,P31645,compound,protein,0
441140,CPI,P00918,compound,protein,0
441243,CPI,P11229,compound,protein,1
441276,CPI,O95263,compound,protein,0
441289,CPI,Q6ZN16,compound,protein,0
4413,CPI,P05981,compound,protein,1
4413,CPI,Q9Y5Y6,compound,protein,1
4413,CPI,P09923,compound,protein,0
441383,CPI,Q9BZL6,compound,protein,0
44139710,CPI,P53609,compound,protein,0
44141938,CPI,P06401,compound,protein,0
44142045,CPI,P25100,compound,protein,0
44142047,CPI,P08235,compound,protein,0
44142048,CPI,Q9HAZ1,compound,protein,1
44142057,CPI,Q14973,compound,protein,0
44142057,CPI,Q13882,compound,protein,0
44142058,CPI,Q13627,compound,protein,1
44142058,CPI,Q9HAZ1,compound,protein,1
44142061,CPI,Q01118,compound,protein,0
44142065,CPI,P41595,compound,protein,0
44142065,CPI,Q13936,compound,protein,0
44142069,CPI,P06401,compound,protein,0
44142077,CPI,Q92772,compound,protein,0
44142079,CPI,P11308,compound,protein,0
44142083,CPI,O14730,compound,protein,0
44142087,CPI,O75496,compound,protein,1
44142087,CPI,Q9NS40,compound,protein,0
44142087,CPI,P15692,compound,protein,0
44142091,CPI,P41240,compound,protein,0
44142092,CPI,Q9HC16,compound,protein,1
44142093,CPI,P27815,compound,protein,1
44142094,CPI,O75496,compound,protein,1
44142094,CPI,P23975,compound,protein,0
44142102,CPI,P27815,compound,protein,1
44142106,CPI,O75496,compound,protein,1
44142110,CPI,Q16236,compound,protein,1
44142110,CPI,P18089,compound,protein,0
44142116,CPI,Q9BYF1,compound,protein,0
44142121,CPI,P09467,compound,protein,0
44142134,CPI,Q9Y572,compound,protein,0
44142135,CPI,P42336,compound,protein,0
44142136,CPI,P98170,compound,protein,0
44142138,CPI,P84022,compound,protein,1
44142143,CPI,Q00653,compound,protein,0
44142143,CPI,O95264,compound,protein,0
44142144,CPI,Q00653,compound,protein,0
44142157,CPI,P08913,compound,protein,0
44142159,CPI,Q00534,compound,protein,0
44142168,CPI,P04637,compound,protein,1
44142168,CPI,P37023,compound,protein,0
44142416,CPI,P38398,compound,protein,1
44143240,CPI,Q13164,compound,protein,0
44143370,CPI,P25021,compound,protein,0
4417,CPI,P35372,compound,protein,1
4418,CPI,P18825,compound,protein,1
44182295,CPI,P34903,compound,protein,0
441853,CPI,Q16539,compound,protein,0
44202276,CPI,Q9UF33,compound,protein,0
44202878,CPI,O75496,compound,protein,1
44205240,CPI,Q16513,compound,protein,1
44223970,CPI,P11473,compound,protein,0
44224257,CPI,P29371,compound,protein,0
44237405,CPI,O94768,compound,protein,0
44237405,CPI,P37173,compound,protein,0
44237406,CPI,P08069,compound,protein,0
44237408,CPI,P51449,compound,protein,1
44237408,CPI,Q16288,compound,protein,0
44246394,CPI,Q8TCC7,compound,protein,0
44246520,CPI,Q03431,compound,protein,0
44246708,CPI,P34998,compound,protein,0
44247542,CPI,Q13546,compound,protein,0
44247568,CPI,P10635,compound,protein,1
44251485,CPI,O95180,compound,protein,1
44259,CPI,O43318,compound,protein,1
44259,CPI,P07333,compound,protein,1
44259,CPI,P19525,compound,protein,1
44259,CPI,P49137,compound,protein,1
44259,CPI,P51955,compound,protein,1
44259,CPI,P57059,compound,protein,1
44259,CPI,Q08345,compound,protein,1
44259,CPI,Q13976,compound,protein,1
44259,CPI,Q14164,compound,protein,1
44259,CPI,Q8N5S9,compound,protein,1
44259,CPI,Q99558,compound,protein,1
44259,CPI,O75874,compound,protein,0
44259,CPI,Q14957,compound,protein,0
44259,CPI,P01375,compound,protein,0
44259,CPI,O75469,compound,protein,0
44259,CPI,Q13639,compound,protein,0
44259,CPI,O60658,compound,protein,0
44259,CPI,P37840,compound,protein,0
44259,CPI,P0DP23,compound,protein,0
44259,CPI,P28074,compound,protein,0
44259,CPI,Q14994,compound,protein,0
44259,CPI,P22748,compound,protein,0
44259,CPI,Q15393,compound,protein,0
44259,CPI,P32239,compound,protein,0
44259,CPI,P28472,compound,protein,0
4426,CPI,Q6XQN6,compound,protein,0
442894,CPI,P21397,compound,protein,1
4431,CPI,P25100,compound,protein,1
4431,CPI,Q16288,compound,protein,0
443389,CPI,Q99714,compound,protein,0
443390,CPI,P34998,compound,protein,0
4436,CPI,P16473,compound,protein,0
443879,CPI,Q9UBS5,compound,protein,1
443879,CPI,P08581,compound,protein,0
443943,CPI,P10275,compound,protein,1
443944,CPI,P29274,compound,protein,1
443944,CPI,P35354,compound,protein,1
443955,CPI,P18825,compound,protein,1
443955,CPI,Q15759,compound,protein,0
444,CPI,P11229,compound,protein,1
444,CPI,P21397,compound,protein,1
444,CPI,P32297,compound,protein,1
444,CPI,P35462,compound,protein,1
444,CPI,Q9Y5N1,compound,protein,1
444025,CPI,P62508,compound,protein,1
444031,CPI,P08588,compound,protein,1
444031,CPI,P08912,compound,protein,1
444031,CPI,P18089,compound,protein,1
444031,CPI,P11387,compound,protein,0
444031,CPI,P22607,compound,protein,0
444031,CPI,O15399,compound,protein,0
444031,CPI,Q9UBT6,compound,protein,0
444031,CPI,Q9NRM7,compound,protein,0
444036,CPI,Q8NFD2,compound,protein,0
444254,CPI,P18825,compound,protein,1
44460187,CPI,Q16513,compound,protein,0
44462758,CPI,P05023,compound,protein,0
44462758,CPI,Q16445,compound,protein,0
44462760,CPI,P06493,compound,protein,1
44462760,CPI,P10398,compound,protein,1
44462760,CPI,P51617,compound,protein,1
44462760,CPI,Q4FZB7,compound,protein,0
444732,CPI,P01375,compound,protein,1
444732,CPI,Q13153,compound,protein,0
444732,CPI,Q14680,compound,protein,0
44473434,CPI,Q86W47,compound,protein,0
444795,CPI,P41595,compound,protein,1
444795,CPI,Q9UNA4,compound,protein,1
444795,CPI,P61088,compound,protein,0
44483270,CPI,P08069,compound,protein,0
44483291,CPI,O95718,compound,protein,1
44483355,CPI,P21397,compound,protein,0
44486959,CPI,Q13163,compound,protein,0
44487409,CPI,P62508,compound,protein,0
44487409,CPI,P53667,compound,protein,0
44488016,CPI,P35968,compound,protein,0
444899,CPI,P43681,compound,protein,0
44498560,CPI,P11229,compound,protein,0
4450,CPI,P57078,compound,protein,0
44504931,CPI,P14616,compound,protein,0
44504955,CPI,Q96D53,compound,protein,0
44505407,CPI,P47898,compound,protein,0
44505414,CPI,P33981,compound,protein,0
44505465,CPI,P27448,compound,protein,0
44505564,CPI,O15264,compound,protein,0
44505834,CPI,Q9H2K8,compound,protein,0
44505834,CPI,Q13043,compound,protein,0
44505834,CPI,Q07912,compound,protein,0
44506448,CPI,P54132,compound,protein,0
44507975,CPI,P12931,compound,protein,0
44516953,CPI,Q06710,compound,protein,0
4452,CPI,P23975,compound,protein,1
4452,CPI,Q01959,compound,protein,1
4452,CPI,Q5BJF2,compound,protein,1
445319,CPI,P35228,compound,protein,1
445354,CPI,P28702,compound,protein,1
445354,CPI,Q9NY56,compound,protein,1
445354,CPI,P68400,compound,protein,0
4453692,CPI,Q16236,compound,protein,0
44537693,CPI,O15146,compound,protein,0
44537709,CPI,P41595,compound,protein,0
44543525,CPI,P31645,compound,protein,0
44543525,CPI,O43193,compound,protein,0
44543605,CPI,Q13882,compound,protein,0
44543605,CPI,Q13177,compound,protein,0
44551660,CPI,O43193,compound,protein,0
44552569,CPI,Q15759,compound,protein,0
445580,CPI,Q9BX84,compound,protein,0
44593869,CPI,Q14654,compound,protein,0
44593870,CPI,O94782,compound,protein,1
44602,CPI,P33261,compound,protein,1
44602374,CPI,P43220,compound,protein,1
44602374,CPI,Q07973,compound,protein,0
44602374,CPI,Q9BZL6,compound,protein,0
44602375,CPI,P53350,compound,protein,1
44602376,CPI,O94925,compound,protein,1
44602378,CPI,P11274,compound,protein,0
44602407,CPI,P34995,compound,protein,0
44607360,CPI,O00591,compound,protein,0
44607360,CPI,O94921,compound,protein,0
44607530,CPI,P28222,compound,protein,0
44607592,CPI,P08183,compound,protein,1
44607949,CPI,Q16637,compound,protein,0
44607954,CPI,P00519,compound,protein,0
446155,CPI,P04626,compound,protein,0
446157,CPI,O75469,compound,protein,1
44617370,CPI,P07333,compound,protein,0
44617670,CPI,P30542,compound,protein,0
44619374,CPI,P21731,compound,protein,0
44620313,CPI,P24941,compound,protein,0
44623833,CPI,P53350,compound,protein,1
44623833,CPI,O75496,compound,protein,0
44623840,CPI,O94921,compound,protein,0
44623946,CPI,Q15759,compound,protein,0
44629742,CPI,Q13148,compound,protein,1
44629744,CPI,Q15078,compound,protein,0
4463,CPI,P21917,compound,protein,1
4463,CPI,P10275,compound,protein,0
4463,CPI,Q9HCR9,compound,protein,0
4463,CPI,P25963,compound,protein,0
44630538,CPI,P13569,compound,protein,0
44630539,CPI,P08183,compound,protein,1
44631784,CPI,Q8WXR4,compound,protein,0
44632017,CPI,P61812,compound,protein,0
44634508,CPI,P43405,compound,protein,0
44640175,CPI,P08183,compound,protein,1
446596,CPI,P18089,compound,protein,1
446596,CPI,P25021,compound,protein,1
446596,CPI,P31644,compound,protein,0
446596,CPI,O95747,compound,protein,0
446598,CPI,Q99720,compound,protein,0
446598,CPI,Q9Y5S2,compound,protein,0
4474,CPI,P21731,compound,protein,1
4474,CPI,P49336,compound,protein,0
4477,CPI,P43220,compound,protein,1
4477,CPI,Q06203,compound,protein,0
447912,CPI,P28702,compound,protein,1
448014,CPI,P07333,compound,protein,1
448014,CPI,P11309,compound,protein,1
448014,CPI,P36544,compound,protein,0
448014,CPI,P18505,compound,protein,0
448014,CPI,Q9NUW8,compound,protein,0
44819697,CPI,P08631,compound,protein,0
448281,CPI,O75385,compound,protein,0
4485,CPI,Q9BRS2,compound,protein,0
4485,CPI,P50406,compound,protein,0
4485,CPI,P15538,compound,protein,0
448537,CPI,P08913,compound,protein,1
448537,CPI,Q8TCU5,compound,protein,0
448537,CPI,P05093,compound,protein,0
4488,CPI,P29274,compound,protein,1
4488,CPI,P37288,compound,protein,1
4488,CPI,Q9NQU5,compound,protein,0
4488,CPI,P51151,compound,protein,0
448991,CPI,Q6PHR2,compound,protein,0
449054,CPI,P07947,compound,protein,1
449171,CPI,P28702,compound,protein,1
4494,CPI,P18825,compound,protein,1
4494,CPI,Q9NR56,compound,protein,0
449459,CPI,P11511,compound,protein,0
4495,CPI,Q96KQ7,compound,protein,1
44968186,CPI,Q9HAZ1,compound,protein,1
44968206,CPI,Q92753,compound,protein,0
4497,CPI,P21397,compound,protein,1
4499,CPI,P04150,compound,protein,1
4499,CPI,P08908,compound,protein,1
4499,CPI,P23975,compound,protein,1
4499,CPI,Q9NY47,compound,protein,0
4499,CPI,P10145,compound,protein,0
4499,CPI,P43119,compound,protein,0
4500,CPI,P14616,compound,protein,0
45006145,CPI,P05141,compound,protein,0
4506,CPI,P30411,compound,protein,1
4506,CPI,Q9UN88,compound,protein,0
4506,CPI,Q8N1C3,compound,protein,0
4506,CPI,O14764,compound,protein,0
4506,CPI,Q8IWQ3,compound,protein,0
4507,CPI,O00305,compound,protein,1
4507,CPI,P08588,compound,protein,1
4507,CPI,Q12851,compound,protein,0
45100448,CPI,O00141,compound,protein,0
45105106,CPI,O00625,compound,protein,0
45110765,CPI,Q8IU85,compound,protein,0
45138674,CPI,Q02156,compound,protein,0
4515,CPI,Q06710,compound,protein,0
4515,CPI,P51956,compound,protein,0
451668,CPI,O75496,compound,protein,1
4519822,CPI,P42261,compound,protein,0
4521392,CPI,O14757,compound,protein,1
4521392,CPI,P22607,compound,protein,1
4521392,CPI,P36507,compound,protein,1
4521392,CPI,P46734,compound,protein,1
4521392,CPI,P49760,compound,protein,1
4521392,CPI,P57059,compound,protein,1
4521392,CPI,Q00536,compound,protein,1
4521392,CPI,Q09013,compound,protein,1
4521392,CPI,Q13882,compound,protein,1
4521392,CPI,Q14164,compound,protein,1
4521392,CPI,Q16584,compound,protein,1
4521392,CPI,Q96PY6,compound,protein,1
4521392,CPI,Q9BYT3,compound,protein,1
4521392,CPI,Q06710,compound,protein,0
4521392,CPI,O60391,compound,protein,0
4521392,CPI,Q06278,compound,protein,0
4521392,CPI,P21452,compound,protein,0
4521392,CPI,O43283,compound,protein,0
4521392,CPI,P27707,compound,protein,0
4521392,CPI,P27695,compound,protein,0
4521392,CPI,P06493,compound,protein,0
4528,CPI,P10635,compound,protein,1
45281794,CPI,P07550,compound,protein,0
4534086,CPI,Q13936,compound,protein,1
45375953,CPI,P14416,compound,protein,0
4539,CPI,Q13873,compound,protein,0
4539,CPI,P28845,compound,protein,0
4549,CPI,P16473,compound,protein,1
4549,CPI,Q9UBN7,compound,protein,1
4549,CPI,Q9NY57,compound,protein,0
456199,CPI,P41143,compound,protein,1
456199,CPI,P50406,compound,protein,1
456199,CPI,P08912,compound,protein,0
456201,CPI,P08686,compound,protein,1
456214,CPI,P04637,compound,protein,1
456214,CPI,P10636,compound,protein,1
456214,CPI,P17252,compound,protein,1
4567,CPI,P08913,compound,protein,1
4567,CPI,Q96KB5,compound,protein,0
4567,CPI,O14920,compound,protein,0
4567,CPI,Q8IUX4,compound,protein,0
457193,CPI,O00418,compound,protein,0
457193,CPI,P14616,compound,protein,0
457193,CPI,Q5VT25,compound,protein,0
4573811,CPI,P23415,compound,protein,0
4578,CPI,P33261,compound,protein,1
4583,CPI,Q96PF2,compound,protein,0
4592,CPI,O94782,compound,protein,0
4594,CPI,Q13224,compound,protein,0
4601225,CPI,P51452,compound,protein,1
4601225,CPI,P18507,compound,protein,0
460747,CPI,P04049,compound,protein,1
460747,CPI,P35236,compound,protein,1
460747,CPI,P18825,compound,protein,0
460747,CPI,P49662,compound,protein,0
4614,CPI,P11229,compound,protein,1
4614,CPI,P41595,compound,protein,1
4614,CPI,Q99640,compound,protein,0
4614,CPI,P37231,compound,protein,0
4614,CPI,P54284,compound,protein,0
4615,CPI,Q99572,compound,protein,1
4615,CPI,P53779,compound,protein,0
46173038,CPI,Q08499,compound,protein,0
46209133,CPI,P27487,compound,protein,1
4621,CPI,P54753,compound,protein,0
46215462,CPI,P54284,compound,protein,0
46215462,CPI,P35498,compound,protein,0
46215462,CPI,O15554,compound,protein,0
46215815,CPI,P11309,compound,protein,0
46215815,CPI,Q13224,compound,protein,0
46216796,CPI,P17252,compound,protein,1
46216796,CPI,P23458,compound,protein,1
46216796,CPI,P50750,compound,protein,1
46216796,CPI,Q9UQD0,compound,protein,0
4622,CPI,P21917,compound,protein,1
46220502,CPI,P11309,compound,protein,1
46220502,CPI,Q13627,compound,protein,1
46220502,CPI,Q08828,compound,protein,0
46220502,CPI,O15264,compound,protein,0
46224413,CPI,Q92542,compound,protein,1
462382,CPI,P49721,compound,protein,1
46244454,CPI,P20839,compound,protein,0
4624993,CPI,P34995,compound,protein,0
4636,CPI,P02545,compound,protein,1
4636,CPI,Q16584,compound,protein,0
4636,CPI,Q86UX6,compound,protein,0
46398810,CPI,P29597,compound,protein,1
46705323,CPI,P48736,compound,protein,0
4671,CPI,P07550,compound,protein,0
4673492,CPI,P08913,compound,protein,0
4674,CPI,Q16539,compound,protein,0
4677798,CPI,Q00537,compound,protein,0
467801,CPI,O43193,compound,protein,0
46780805,CPI,P49759,compound,protein,0
4679,CPI,P18825,compound,protein,1
4679,CPI,P54709,compound,protein,0
4679,CPI,O15245,compound,protein,0
4684,CPI,O75496,compound,protein,1
46843057,CPI,O75116,compound,protein,1
46843057,CPI,Q96DB2,compound,protein,0
46843057,CPI,O14764,compound,protein,0
46843057,CPI,O75604,compound,protein,0
46844147,CPI,O15075,compound,protein,1
46861588,CPI,Q13698,compound,protein,0
4687,CPI,P37288,compound,protein,0
4687238,CPI,P33261,compound,protein,1
46885626,CPI,P47870,compound,protein,0
46903782,CPI,Q9NYL2,compound,protein,0
46904240,CPI,P18089,compound,protein,0
46905029,CPI,Q16236,compound,protein,0
46907664,CPI,Q56UN5,compound,protein,0
46907669,CPI,Q12851,compound,protein,0
46907681,CPI,P11802,compound,protein,0
46907681,CPI,O14757,compound,protein,0
46907683,CPI,Q16637,compound,protein,1
46907714,CPI,Q92772,compound,protein,0
46907720,CPI,Q15835,compound,protein,0
46907720,CPI,Q8NE63,compound,protein,0
46908929,CPI,P31639,compound,protein,1
4691,CPI,P14416,compound,protein,1
4691,CPI,Q15393,compound,protein,0
46916178,CPI,O15379,compound,protein,0
46916179,CPI,P35462,compound,protein,0
46916179,CPI,P05186,compound,protein,0
46916206,CPI,P11309,compound,protein,0
46925870,CPI,Q13237,compound,protein,0
46925884,CPI,P78362,compound,protein,0
46925886,CPI,P27695,compound,protein,1
46926973,CPI,Q12879,compound,protein,0
46931242,CPI,Q9Y468,compound,protein,1
46943432,CPI,O60885,compound,protein,1
46943432,CPI,P41143,compound,protein,0
46948703,CPI,P34969,compound,protein,0
46948705,CPI,P18089,compound,protein,0
4705,CPI,P04626,compound,protein,1
4712,CPI,P10636,compound,protein,1
4712,CPI,Q9NRM7,compound,protein,0
4713,CPI,Q16637,compound,protein,1
4713,CPI,Q9NUW8,compound,protein,1
4728,CPI,P02545,compound,protein,1
4731,CPI,P35916,compound,protein,0
4735,CPI,P35372,compound,protein,1
4737,CPI,O15399,compound,protein,1
4737,CPI,P37288,compound,protein,1
4737,CPI,Q14957,compound,protein,1
4737,CPI,Q9Y6M4,compound,protein,0
4737,CPI,P17861,compound,protein,0
4740,CPI,P06401,compound,protein,1
4740,CPI,Q14680,compound,protein,0
4740,CPI,Q86YV6,compound,protein,0
4740,CPI,P36507,compound,protein,0
4746,CPI,P23975,compound,protein,1
4746,CPI,P41968,compound,protein,1
4746,CPI,Q01959,compound,protein,1
4753,CPI,P08908,compound,protein,1
4753,CPI,P30542,compound,protein,1
4753,CPI,Q01959,compound,protein,1
4753,CPI,P12268,compound,protein,0
4753,CPI,P50750,compound,protein,0
4755,CPI,P37088,compound,protein,1
4756,CPI,P41143,compound,protein,1
4758734,CPI,Q9Y239,compound,protein,1
4758734,CPI,P11474,compound,protein,0
4760,CPI,P43681,compound,protein,1
4761,CPI,P21917,compound,protein,0
4764,CPI,Q16659,compound,protein,0
4768,CPI,P14416,compound,protein,1
4775,CPI,P08588,compound,protein,1
4775,CPI,P21917,compound,protein,1
4775,CPI,Q16637,compound,protein,1
4775,CPI,Q8WUI4,compound,protein,0
4775,CPI,Q14123,compound,protein,0
4788,CPI,O94925,compound,protein,1
4788,CPI,Q96QE3,compound,protein,1
4788,CPI,P49760,compound,protein,0
47936,CPI,O60503,compound,protein,1
47936,CPI,P08908,compound,protein,1
47936,CPI,Q02817,compound,protein,1
47936,CPI,Q13164,compound,protein,1
47936,CPI,Q92952,compound,protein,1
47936,CPI,Q9UBF8,compound,protein,0
47965,CPI,O75496,compound,protein,1
4806,CPI,O75496,compound,protein,1
4813,CPI,Q07912,compound,protein,1
4813,CPI,O75496,compound,protein,1
4813,CPI,P02545,compound,protein,1
4813,CPI,P15428,compound,protein,1
4813,CPI,P41240,compound,protein,0
4813,CPI,P29317,compound,protein,0
4813,CPI,P28702,compound,protein,0
4813,CPI,P27815,compound,protein,0
4814,CPI,P54132,compound,protein,1
4817,CPI,Q9UBS5,compound,protein,0
4826,CPI,O75469,compound,protein,0
4826,CPI,Q8NI60,compound,protein,0
4828,CPI,P28222,compound,protein,1
4828,CPI,P30411,compound,protein,1
4828,CPI,P30542,compound,protein,1
4829,CPI,P11229,compound,protein,1
4829,CPI,P35372,compound,protein,1
4830,CPI,P35372,compound,protein,1
4830,CPI,P35462,compound,protein,1
4831588,CPI,Q13873,compound,protein,0
4832119,CPI,O14764,compound,protein,0
483407,CPI,Q9BXA7,compound,protein,0
483407,CPI,P49674,compound,protein,0
4837,CPI,P28472,compound,protein,1
4846,CPI,P14416,compound,protein,1
4846,CPI,Q13546,compound,protein,0
4849,CPI,Q01064,compound,protein,0
4858,CPI,Q460N3,compound,protein,1
4891,CPI,P21728,compound,protein,1
4891,CPI,P18507,compound,protein,0
4893,CPI,P14416,compound,protein,1
4893,CPI,P41143,compound,protein,1
4893,CPI,Q9UGI6,compound,protein,0
4893,CPI,P07949,compound,protein,0
4893,CPI,P47989,compound,protein,0
4893,CPI,P0DP23,compound,protein,0
4898145,CPI,Q92918,compound,protein,0
4904,CPI,P05023,compound,protein,0
4909,CPI,O14764,compound,protein,1
4909,CPI,P08908,compound,protein,1
4909,CPI,P25929,compound,protein,1
4909,CPI,P47870,compound,protein,1
4909,CPI,Q9NUW8,compound,protein,1
4909,CPI,Q8WU08,compound,protein,0
4910,CPI,P29475,compound,protein,1
4911,CPI,P30542,compound,protein,1
4911,CPI,P37288,compound,protein,1
4911,CPI,P23219,compound,protein,0
4911,CPI,P05067,compound,protein,0
4911,CPI,Q9Y463,compound,protein,0
4912,CPI,Q9NUW8,compound,protein,1
4913,CPI,P14416,compound,protein,1
4913,CPI,P25025,compound,protein,0
4913,CPI,Q9HCR9,compound,protein,0
4914,CPI,P08913,compound,protein,1
4915,CPI,O14578,compound,protein,0
4915,CPI,Q00975,compound,protein,0
4916,CPI,P07550,compound,protein,1
4917,CPI,Q92630,compound,protein,0
4917,CPI,P43405,compound,protein,0
4917,CPI,Q92793,compound,protein,0
4917,CPI,Q05586,compound,protein,0
4919237,CPI,O95718,compound,protein,0
4922,CPI,P21728,compound,protein,1
4922,CPI,P19525,compound,protein,0
492405,CPI,P37840,compound,protein,0
4926,CPI,P14416,compound,protein,1
4926,CPI,P16499,compound,protein,1
4926,CPI,P31645,compound,protein,1
4927,CPI,Q13470,compound,protein,0
4934,CPI,P07550,compound,protein,0
49381,CPI,P08912,compound,protein,1
4939,CPI,P29466,compound,protein,1
4946,CPI,P26358,compound,protein,0
4946,CPI,Q13131,compound,protein,0
4946,CPI,Q96SB4,compound,protein,0
4950,CPI,P23975,compound,protein,1
4950,CPI,Q9NY57,compound,protein,0
4970,CPI,P05186,compound,protein,0
4976,CPI,P02545,compound,protein,1
4976,CPI,P25021,compound,protein,1
4976,CPI,P29274,compound,protein,1
4976,CPI,P30518,compound,protein,1
4976,CPI,P54577,compound,protein,0
4976,CPI,Q9UN88,compound,protein,0
4976,CPI,P10275,compound,protein,0
49792852,CPI,P35968,compound,protein,1
49792852,CPI,Q9UM73,compound,protein,1
49792852,CPI,P48169,compound,protein,0
49792852,CPI,O14764,compound,protein,0
49822384,CPI,Q9H2S1,compound,protein,0
49831257,CPI,Q9NSY1,compound,protein,1
49831257,CPI,Q05586,compound,protein,0
49831257,CPI,P31645,compound,protein,0
49836027,CPI,Q9BPZ7,compound,protein,1
49836027,CPI,Q9UBF8,compound,protein,1
49843416,CPI,Q9Y5N1,compound,protein,0
49846579,CPI,O96028,compound,protein,1
49850262,CPI,P56524,compound,protein,1
49852226,CPI,P54756,compound,protein,0
49867936,CPI,P01215,compound,protein,0
4992,CPI,P08913,compound,protein,1
4994,CPI,O94782,compound,protein,1
4995951,CPI,Q5NUL3,compound,protein,1
4995951,CPI,P42338,compound,protein,0
4996,CPI,O15244,compound,protein,0
5011,CPI,Q9Y2U5,compound,protein,0
5024764,CPI,O75496,compound,protein,1
50248,CPI,O75496,compound,protein,1
5029,CPI,Q14164,compound,protein,0
5032,CPI,P23975,compound,protein,1
5040063,CPI,Q9UBT6,compound,protein,1
5040456,CPI,Q9UIF8,compound,protein,1
5040456,CPI,Q9NR20,compound,protein,0
5040456,CPI,P51449,compound,protein,0
50515,CPI,Q02880,compound,protein,1
5054,CPI,P27695,compound,protein,1
5056,CPI,P54577,compound,protein,1
5056,CPI,P04150,compound,protein,1
5056,CPI,P07711,compound,protein,1
5056,CPI,P42336,compound,protein,1
5056,CPI,Q16637,compound,protein,1
5056,CPI,P08173,compound,protein,0
5056,CPI,P37023,compound,protein,0
5056,CPI,Q16816,compound,protein,0
5056,CPI,P07947,compound,protein,0
5064,CPI,P12268,compound,protein,1
5064,CPI,O94804,compound,protein,0
5073,CPI,P08912,compound,protein,1
5073,CPI,P45985,compound,protein,0
5073,CPI,Q13237,compound,protein,0
5073,CPI,O43283,compound,protein,0
5074,CPI,P23743,compound,protein,1
5074,CPI,Q5BJF2,compound,protein,1
5074,CPI,Q6W5P4,compound,protein,1
5078,CPI,P07550,compound,protein,1
5078,CPI,P21728,compound,protein,1
5081,CPI,Q13546,compound,protein,0
5081913,CPI,Q8TDC3,compound,protein,0
5081913,CPI,P23219,compound,protein,0
5081913,CPI,Q9BX84,compound,protein,0
5083,CPI,P14416,compound,protein,0
5083,CPI,Q16659,compound,protein,0
5090,CPI,P27338,compound,protein,0
50905713,CPI,P42338,compound,protein,1
50905713,CPI,Q01668,compound,protein,0
5092,CPI,P28482,compound,protein,1
5092098,CPI,P08908,compound,protein,0
5095,CPI,P28221,compound,protein,1
5095,CPI,P28222,compound,protein,1
5095,CPI,P35462,compound,protein,1
51000408,CPI,P78527,compound,protein,1
512282,CPI,Q13148,compound,protein,0
51397657,CPI,Q01959,compound,protein,0
5143,CPI,P02545,compound,protein,1
5143,CPI,P22748,compound,protein,1
5143,CPI,O75116,compound,protein,0
515328,CPI,Q8IY84,compound,protein,0
5154691,CPI,P23219,compound,protein,0
51634,CPI,Q12851,compound,protein,0
5166,CPI,O14920,compound,protein,1
5166,CPI,P04629,compound,protein,1
5166,CPI,P08069,compound,protein,1
5166,CPI,P35968,compound,protein,1
5166,CPI,P43405,compound,protein,1
5166,CPI,P51817,compound,protein,1
5166,CPI,Q06187,compound,protein,1
5166,CPI,Q8TDC3,compound,protein,1
5166,CPI,Q9NR20,compound,protein,1
5166,CPI,P02545,compound,protein,0
5166,CPI,O14764,compound,protein,0
5166,CPI,P23975,compound,protein,0
5169,CPI,O60885,compound,protein,1
5169,CPI,O75116,compound,protein,1
5169,CPI,P08069,compound,protein,1
5169,CPI,P12931,compound,protein,1
5169,CPI,P19784,compound,protein,1
5169,CPI,P35968,compound,protein,1
5169,CPI,P49137,compound,protein,1
5169,CPI,P53671,compound,protein,1
5169,CPI,P78362,compound,protein,1
5169,CPI,P78368,compound,protein,1
5169,CPI,Q16513,compound,protein,1
5169,CPI,Q96KQ7,compound,protein,1
5169,CPI,Q96L34,compound,protein,1
5169,CPI,Q9BWU1,compound,protein,1
5169,CPI,Q9NRM7,compound,protein,1
5169,CPI,Q9Y6R4,compound,protein,1
5169,CPI,P18089,compound,protein,0
5169,CPI,Q13224,compound,protein,0
5169,CPI,P24557,compound,protein,0
5169,CPI,O75604,compound,protein,0
5169,CPI,P54289,compound,protein,0
5169,CPI,O60341,compound,protein,0
5169,CPI,P10828,compound,protein,0
5169,CPI,P11511,compound,protein,0
5173,CPI,P21728,compound,protein,0
5184,CPI,Q92793,compound,protein,0
5184,CPI,P49137,compound,protein,0
5186,CPI,P11021,compound,protein,1
5186,CPI,Q96DB2,compound,protein,1
5190,CPI,P07550,compound,protein,1
5191,CPI,Q13639,compound,protein,1
5191289,CPI,Q9H422,compound,protein,0
5195,CPI,O00418,compound,protein,0
5210,CPI,P07550,compound,protein,1
5210,CPI,P31645,compound,protein,1
5210,CPI,O60331,compound,protein,0
5210,CPI,O95747,compound,protein,0
5212,CPI,P34969,compound,protein,1
5212,CPI,P48169,compound,protein,0
5212,CPI,Q8TCU5,compound,protein,0
5245,CPI,P08913,compound,protein,1
5245,CPI,P34969,compound,protein,1
5245,CPI,O60674,compound,protein,0
5253,CPI,P21728,compound,protein,1
5253,CPI,Q96KQ7,compound,protein,1
5253,CPI,O60285,compound,protein,0
5265,CPI,Q9NUW8,compound,protein,1
5270,CPI,Q6W5P4,compound,protein,1
5275,CPI,Q05940,compound,protein,0
5275,CPI,Q9UPZ9,compound,protein,0
5278396,CPI,Q13315,compound,protein,1
5278396,CPI,Q9UBN7,compound,protein,1
5278396,CPI,Q13882,compound,protein,0
5280343,CPI,P60709,compound,protein,1
5280343,CPI,Q14576,compound,protein,1
5280343,CPI,Q15717,compound,protein,1
5280343,CPI,Q16445,compound,protein,0
5280343,CPI,Q8IUX4,compound,protein,0
5280360,CPI,P13945,compound,protein,0
5280363,CPI,O15244,compound,protein,1
5280363,CPI,P21731,compound,protein,1
5280378,CPI,P10636,compound,protein,1
5280378,CPI,P31645,compound,protein,0
5280443,CPI,P11511,compound,protein,1
5280443,CPI,P27487,compound,protein,1
5280443,CPI,Q9UHH9,compound,protein,1
5280443,CPI,O75460,compound,protein,0
5280443,CPI,O94806,compound,protein,0
5280445,CPI,P02545,compound,protein,1
5280445,CPI,P27487,compound,protein,1
5280445,CPI,P35354,compound,protein,1
5280445,CPI,P43405,compound,protein,1
5280445,CPI,Q8NF37,compound,protein,1
5280445,CPI,Q96KQ7,compound,protein,1
5280445,CPI,Q9HC97,compound,protein,1
5280445,CPI,Q9UL62,compound,protein,1
5280445,CPI,Q00534,compound,protein,0
5280445,CPI,P31644,compound,protein,0
5280445,CPI,P08581,compound,protein,0
5280450,CPI,P56524,compound,protein,0
5280450,CPI,P35610,compound,protein,0
5280450,CPI,P25021,compound,protein,0
5280453,CPI,P11473,compound,protein,1
5280723,CPI,Q01959,compound,protein,1
5280754,CPI,P62937,compound,protein,1
5280754,CPI,Q96KQ7,compound,protein,0
5280804,CPI,P00918,compound,protein,1
5280804,CPI,P10253,compound,protein,1
5280863,CPI,P14679,compound,protein,1
5280863,CPI,P27487,compound,protein,1
5280933,CPI,Q9HCR9,compound,protein,0
5280953,CPI,P15428,compound,protein,1
5280953,CPI,P27695,compound,protein,1
5280953,CPI,P13569,compound,protein,0
5281004,CPI,Q15375,compound,protein,0
5281078,CPI,O75469,compound,protein,1
5281222,CPI,O95180,compound,protein,0
5281542,CPI,P35462,compound,protein,0
5281565,CPI,Q16637,compound,protein,0
5281571,CPI,P08581,compound,protein,0
5281571,CPI,P16499,compound,protein,0
5281607,CPI,P50613,compound,protein,0
5281613,CPI,Q96QE3,compound,protein,1
5281614,CPI,O76039,compound,protein,0
5281657,CPI,O43497,compound,protein,0
5281670,CPI,P21728,compound,protein,1
5281670,CPI,Q6P6C2,compound,protein,1
5281672,CPI,O94925,compound,protein,1
5281672,CPI,P11309,compound,protein,1
5281672,CPI,P53350,compound,protein,1
5281672,CPI,Q9NUW8,compound,protein,1
5281672,CPI,P54762,compound,protein,0
5281691,CPI,P27338,compound,protein,0
5281708,CPI,P00918,compound,protein,1
5281708,CPI,P11712,compound,protein,1
5281708,CPI,P51449,compound,protein,1
5281708,CPI,Q9BQI3,compound,protein,0
5281718,CPI,P42336,compound,protein,0
5281727,CPI,Q9Y5N1,compound,protein,0
5281787,CPI,P23219,compound,protein,1
5281787,CPI,O15530,compound,protein,0
5281787,CPI,P54764,compound,protein,0
5281792,CPI,Q8IVW4,compound,protein,0
5281847,CPI,Q08289,compound,protein,0
5281901,CPI,P25705,compound,protein,1
5281901,CPI,Q8WTQ7,compound,protein,0
5282073,CPI,Q9NR20,compound,protein,0
5282073,CPI,P42681,compound,protein,0
5282136,CPI,P21731,compound,protein,1
5282136,CPI,P37288,compound,protein,1
5282136,CPI,P02545,compound,protein,0
5282181,CPI,P51843,compound,protein,0
5282230,CPI,Q16637,compound,protein,1
5282375,CPI,Q15418,compound,protein,0
5282443,CPI,P06401,compound,protein,1
5282443,CPI,P32245,compound,protein,1
5282443,CPI,P53667,compound,protein,0
5283454,CPI,P16473,compound,protein,1
5283454,CPI,P29317,compound,protein,0
5283731,CPI,Q16513,compound,protein,0
5283748,CPI,Q96PF2,compound,protein,0
5284329,CPI,O94768,compound,protein,0
5284513,CPI,P41595,compound,protein,1
5284513,CPI,Q99808,compound,protein,1
5284513,CPI,Q96PF2,compound,protein,0
5284513,CPI,Q9HAZ1,compound,protein,0
5284513,CPI,P11511,compound,protein,0
5284549,CPI,O60240,compound,protein,0
5284549,CPI,Q5BJF2,compound,protein,0
5284583,CPI,P49759,compound,protein,0
5284616,CPI,O43193,compound,protein,1
5284616,CPI,P43681,compound,protein,1
5284616,CPI,Q99808,compound,protein,1
5284616,CPI,O00506,compound,protein,0
5284616,CPI,Q14524,compound,protein,0
5284627,CPI,P08912,compound,protein,1
5284627,CPI,P21917,compound,protein,1
5284627,CPI,Q14524,compound,protein,1
5284627,CPI,Q9NY46,compound,protein,1
5284627,CPI,Q9UI33,compound,protein,1
5284627,CPI,P37840,compound,protein,0
5284627,CPI,Q9P2K8,compound,protein,0
5284627,CPI,P07333,compound,protein,0
5284639,CPI,P31749,compound,protein,1
5284639,CPI,P21728,compound,protein,0
5284639,CPI,P37173,compound,protein,0
5287855,CPI,P42336,compound,protein,0
5288149,CPI,Q9H3Y6,compound,protein,0
5288320,CPI,P08173,compound,protein,0
5289501,CPI,P33261,compound,protein,1
5289501,CPI,P42345,compound,protein,1
5290,CPI,P04150,compound,protein,0
5290,CPI,P36896,compound,protein,0
5291,CPI,O00238,compound,protein,1
5291,CPI,O14976,compound,protein,1
5291,CPI,O15530,compound,protein,1
5291,CPI,P19784,compound,protein,1
5291,CPI,P57059,compound,protein,1
5291,CPI,Q6PHR2,compound,protein,1
5291,CPI,Q86YV6,compound,protein,1
5291,CPI,Q8TD19,compound,protein,1
5291,CPI,Q96PF2,compound,protein,1
5291,CPI,Q96SB4,compound,protein,1
5291,CPI,Q9BVS4,compound,protein,1
5291,CPI,Q9H2X6,compound,protein,1
5291,CPI,Q9NRM7,compound,protein,1
5291,CPI,Q9P289,compound,protein,1
5291,CPI,Q9P2K8,compound,protein,1
5291,CPI,Q9UF33,compound,protein,1
5291,CPI,Q9Y4K4,compound,protein,1
5291,CPI,P25025,compound,protein,0
5291,CPI,P55211,compound,protein,0
5291,CPI,P55055,compound,protein,0
5291,CPI,P08235,compound,protein,0
5291,CPI,P26358,compound,protein,0
5291,CPI,P47989,compound,protein,0
5291,CPI,P25929,compound,protein,0
5291,CPI,P34913,compound,protein,0
5291,CPI,P41968,compound,protein,0
52912189,CPI,Q58F21,compound,protein,1
52912189,CPI,Q6PL18,compound,protein,1
5293655,CPI,P56524,compound,protein,0
53001,CPI,Q9UBN7,compound,protein,0
5309153,CPI,Q8TD19,compound,protein,0
5310966,CPI,P17787,compound,protein,1
5311,CPI,P21917,compound,protein,1
5311,CPI,P28221,compound,protein,0
5311032,CPI,O94806,compound,protein,0
5311047,CPI,P14616,compound,protein,0
5311053,CPI,P28074,compound,protein,0
5311067,CPI,O43193,compound,protein,0
5311067,CPI,P07948,compound,protein,0
5311097,CPI,P21731,compound,protein,0
5311191,CPI,P07101,compound,protein,1
5311191,CPI,P18089,compound,protein,0
5311191,CPI,P04629,compound,protein,0
5311217,CPI,P23975,compound,protein,1
5311217,CPI,Q15046,compound,protein,1
5311221,CPI,Q13370,compound,protein,0
5311221,CPI,Q9H2X6,compound,protein,0
5311257,CPI,P11309,compound,protein,0
5311304,CPI,P35462,compound,protein,0
5311380,CPI,Q15120,compound,protein,1
5311403,CPI,P23975,compound,protein,1
5311424,CPI,P21452,compound,protein,1
5311452,CPI,Q9Y5N1,compound,protein,0
5311507,CPI,O43193,compound,protein,1
5311507,CPI,P33261,compound,protein,1
5311507,CPI,P37288,compound,protein,1
5311507,CPI,P50406,compound,protein,1
5311507,CPI,P41743,compound,protein,0
5312111,CPI,P08908,compound,protein,0
5312137,CPI,O75496,compound,protein,1
5312137,CPI,P68871,compound,protein,1
5312137,CPI,Q13526,compound,protein,1
5312137,CPI,Q99700,compound,protein,1
5312149,CPI,Q13639,compound,protein,1
5314,CPI,P17787,compound,protein,1
5314,CPI,Q9H4B7,compound,protein,0
5317221,CPI,Q9NUW8,compound,protein,0
5318,CPI,P18089,compound,protein,1
5318,CPI,P30939,compound,protein,0
5318,CPI,P31749,compound,protein,0
5318386,CPI,P41240,compound,protein,0
5320,CPI,P32245,compound,protein,1
5320,CPI,Q86UE8,compound,protein,0
5323,CPI,Q9NUW8,compound,protein,1
53232,CPI,P11229,compound,protein,1
53232,CPI,P21917,compound,protein,1
53232,CPI,P08069,compound,protein,0
53232,CPI,P54762,compound,protein,0
53235510,CPI,P06213,compound,protein,1
53235510,CPI,P08631,compound,protein,1
53235510,CPI,P17948,compound,protein,1
53235510,CPI,P28482,compound,protein,1
53235510,CPI,Q96RI1,compound,protein,0
53235510,CPI,P30291,compound,protein,0
53235510,CPI,P27695,compound,protein,0
53235510,CPI,Q16584,compound,protein,0
5324346,CPI,Q96QE3,compound,protein,0
5324346,CPI,Q07912,compound,protein,0
5325,CPI,P21728,compound,protein,1
5325,CPI,P30518,compound,protein,1
5325,CPI,P22455,compound,protein,0
5327,CPI,P25929,compound,protein,1
5327,CPI,P37288,compound,protein,1
5327,CPI,P41968,compound,protein,1
53276,CPI,P35354,compound,protein,1
5327723,CPI,Q969S8,compound,protein,0
5328,CPI,P06401,compound,protein,1
5328,CPI,P23975,compound,protein,1
5328,CPI,P57059,compound,protein,0
5328760,CPI,P10696,compound,protein,1
5328760,CPI,O15245,compound,protein,0
5328771,CPI,P11021,compound,protein,1
5328771,CPI,Q8WU08,compound,protein,0
5328772,CPI,P68400,compound,protein,0
5328807,CPI,Q96KQ7,compound,protein,1
5328940,CPI,P08913,compound,protein,1
5328940,CPI,P21860,compound,protein,1
5328940,CPI,P23443,compound,protein,1
5328940,CPI,P31749,compound,protein,1
5328940,CPI,P42681,compound,protein,1
5328940,CPI,P43403,compound,protein,1
5328940,CPI,P51813,compound,protein,1
5328940,CPI,P51955,compound,protein,1
5328940,CPI,P54646,compound,protein,1
5328940,CPI,P78362,compound,protein,1
5328940,CPI,Q02763,compound,protein,1
5328940,CPI,Q13043,compound,protein,1
5328940,CPI,Q13163,compound,protein,1
5328940,CPI,Q13188,compound,protein,1
5328940,CPI,Q16816,compound,protein,1
5328940,CPI,Q9UPE1,compound,protein,1
5328940,CPI,Q9Y6R4,compound,protein,1
5328940,CPI,P0DP23,compound,protein,0
5328940,CPI,P04035,compound,protein,0
5328940,CPI,Q16637,compound,protein,0
5328940,CPI,P28222,compound,protein,0
5328940,CPI,P10828,compound,protein,0
5328940,CPI,O15244,compound,protein,0
5328940,CPI,P31644,compound,protein,0
5328940,CPI,P11021,compound,protein,0
5328940,CPI,P11473,compound,protein,0
5328940,CPI,P37840,compound,protein,0
5328940,CPI,P51449,compound,protein,0
5328940,CPI,Q96RI1,compound,protein,0
5328940,CPI,P16499,compound,protein,0
5329,CPI,Q08345,compound,protein,0
5329006,CPI,Q9H2S1,compound,protein,0
5329098,CPI,P17948,compound,protein,1
5329098,CPI,P35968,compound,protein,1
5329098,CPI,P54132,compound,protein,1
5329102,CPI,O14730,compound,protein,1
5329102,CPI,P07333,compound,protein,1
5329102,CPI,P08588,compound,protein,1
5329102,CPI,P10826,compound,protein,1
5329102,CPI,P17252,compound,protein,1
5329102,CPI,P22694,compound,protein,1
5329102,CPI,P25929,compound,protein,1
5329102,CPI,P42684,compound,protein,1
5329102,CPI,P43250,compound,protein,1
5329102,CPI,P51617,compound,protein,1
5329102,CPI,P51817,compound,protein,1
5329102,CPI,Q16620,compound,protein,1
5329102,CPI,Q86UX6,compound,protein,1
5329102,CPI,Q8TBX8,compound,protein,1
5329102,CPI,Q92918,compound,protein,1
5329102,CPI,Q96NX5,compound,protein,1
5329102,CPI,Q9H2K8,compound,protein,1
5329102,CPI,Q9UPZ9,compound,protein,1
5329102,CPI,Q9UQ88,compound,protein,1
5329102,CPI,P08254,compound,protein,0
5329102,CPI,Q5BJF2,compound,protein,0
5329102,CPI,P05067,compound,protein,0
5329102,CPI,Q9NZ45,compound,protein,0
5329102,CPI,Q9Y2T6,compound,protein,0
5329102,CPI,Q9NR20,compound,protein,0
5329102,CPI,O60218,compound,protein,0
5329102,CPI,P35228,compound,protein,0
5329102,CPI,Q03431,compound,protein,0
5329102,CPI,P54132,compound,protein,0
5329102,CPI,Q9NUW8,compound,protein,0
5329102,CPI,P40763,compound,protein,0
5329255,CPI,P01215,compound,protein,0
5329255,CPI,Q8IU85,compound,protein,0
5329775,CPI,P41595,compound,protein,0
53299835,CPI,Q8IWQ3,compound,protein,0
5330,CPI,P21728,compound,protein,1
5330,CPI,P25021,compound,protein,1
5330,CPI,P31645,compound,protein,1
5330286,CPI,O15264,compound,protein,1
5330286,CPI,O76074,compound,protein,1
5330286,CPI,P12931,compound,protein,1
5330286,CPI,P14416,compound,protein,1
5330286,CPI,P18825,compound,protein,1
5330286,CPI,P48426,compound,protein,1
5330286,CPI,P49137,compound,protein,1
5330286,CPI,Q9UBS5,compound,protein,1
5330286,CPI,P00918,compound,protein,0
5330286,CPI,Q8NE63,compound,protein,0
5330286,CPI,Q13148,compound,protein,0
5330286,CPI,Q9ULX7,compound,protein,0
5330286,CPI,P08922,compound,protein,0
5330286,CPI,Q8N568,compound,protein,0
5330286,CPI,Q86YV6,compound,protein,0
5330286,CPI,P05129,compound,protein,0
5330535,CPI,P43681,compound,protein,0
5330790,CPI,O14757,compound,protein,1
5330790,CPI,P04049,compound,protein,1
5330790,CPI,P04629,compound,protein,1
5330790,CPI,P17948,compound,protein,1
5330790,CPI,P45985,compound,protein,1
5330790,CPI,Q09013,compound,protein,1
5330790,CPI,Q13627,compound,protein,1
5330790,CPI,Q14680,compound,protein,1
5330790,CPI,Q15418,compound,protein,1
5330790,CPI,Q16513,compound,protein,1
5330790,CPI,Q59H18,compound,protein,1
5330790,CPI,Q7L7X3,compound,protein,1
5330790,CPI,Q8WXR4,compound,protein,1
5330790,CPI,Q9P0L2,compound,protein,1
5330790,CPI,Q9UQ88,compound,protein,1
5330790,CPI,Q9Y463,compound,protein,1
5330790,CPI,Q9Y6E0,compound,protein,1
5330790,CPI,P35372,compound,protein,0
5330790,CPI,O00238,compound,protein,0
5330790,CPI,P11229,compound,protein,0
5330790,CPI,Q9HCR9,compound,protein,0
5330790,CPI,P51617,compound,protein,0
53315878,CPI,Q03164,compound,protein,1
53315878,CPI,Q4FZB7,compound,protein,1
5335,CPI,P19838,compound,protein,1
5335,CPI,Q6W5P4,compound,protein,1
5336,CPI,P30411,compound,protein,1
5336,CPI,Q8IY84,compound,protein,0
5336,CPI,Q16832,compound,protein,0
5336,CPI,Q8IVH8,compound,protein,0
5336,CPI,Q9UBT6,compound,protein,0
5339,CPI,P11229,compound,protein,1
53394010,CPI,P18825,compound,protein,0
53394010,CPI,Q9UNA4,compound,protein,0
53394010,CPI,P01215,compound,protein,0
5340,CPI,P18089,compound,protein,1
5340,CPI,P37023,compound,protein,0
5341934,CPI,P21397,compound,protein,0
5341934,CPI,Q16696,compound,protein,0
5344,CPI,P08588,compound,protein,1
5344,CPI,P11229,compound,protein,1
5344,CPI,P23975,compound,protein,1
5344,CPI,Q02763,compound,protein,0
5344,CPI,P23443,compound,protein,0
53465279,CPI,P00519,compound,protein,0
53484654,CPI,P17752,compound,protein,1
53495165,CPI,O75496,compound,protein,0
53495165,CPI,P34969,compound,protein,0
5352624,CPI,O60218,compound,protein,1
5352624,CPI,P0DMS8,compound,protein,1
5352624,CPI,Q9UQ88,compound,protein,0
5353431,CPI,P10636,compound,protein,1
5353431,CPI,Q9UEE5,compound,protein,0
5353431,CPI,P21452,compound,protein,0
5353432,CPI,Q02880,compound,protein,0
5353432,CPI,Q8IW41,compound,protein,0
5353842,CPI,P57058,compound,protein,0
5353852,CPI,P10828,compound,protein,1
5353853,CPI,P34903,compound,protein,0
5354,CPI,P07948,compound,protein,0
5354,CPI,Q9UBT6,compound,protein,0
5354,CPI,P42679,compound,protein,0
5354033,CPI,P35462,compound,protein,0
5354033,CPI,P00734,compound,protein,0
5358,CPI,P08588,compound,protein,1
5358,CPI,Q9UBS5,compound,protein,1
5359,CPI,Q13627,compound,protein,0
5359,CPI,Q12852,compound,protein,0
5360630,CPI,P61981,compound,protein,0
5360696,CPI,P84022,compound,protein,0
5360697,CPI,O15245,compound,protein,1
5362,CPI,P33261,compound,protein,1
5362124,CPI,P08913,compound,protein,1
5362124,CPI,P12821,compound,protein,1
5362124,CPI,P21452,compound,protein,1
53708,CPI,P07550,compound,protein,1
53708,CPI,P0DMS8,compound,protein,1
53708,CPI,P19838,compound,protein,1
53708,CPI,P41968,compound,protein,1
53708,CPI,Q16678,compound,protein,0
53708,CPI,Q9Y6E0,compound,protein,0
53708,CPI,Q13627,compound,protein,0
53734236,CPI,P34969,compound,protein,1
53734236,CPI,Q9Y6R4,compound,protein,0
53734236,CPI,P00918,compound,protein,0
5377914,CPI,Q9UKV0,compound,protein,0
5379,CPI,Q15139,compound,protein,0
5379,CPI,Q16816,compound,protein,0
5379,CPI,P53350,compound,protein,0
5381,CPI,P10276,compound,protein,1
5381,CPI,P13631,compound,protein,1
5381,CPI,P28702,compound,protein,1
5381,CPI,P35368,compound,protein,0
5382,CPI,P23975,compound,protein,0
5386,CPI,Q9BX84,compound,protein,0
5387,CPI,P10635,compound,protein,1
5388962,CPI,O75385,compound,protein,0
5388962,CPI,P41240,compound,protein,0
5391,CPI,P02545,compound,protein,1
5391,CPI,Q16665,compound,protein,0
5391,CPI,P09769,compound,protein,0
5405,CPI,P18089,compound,protein,1
5405,CPI,P18825,compound,protein,1
5405,CPI,P25021,compound,protein,1
5405,CPI,P37288,compound,protein,1
5405,CPI,O75164,compound,protein,0
5405,CPI,Q15759,compound,protein,0
5405,CPI,P42679,compound,protein,0
54091660,CPI,Q8IUX4,compound,protein,0
5411,CPI,Q8IVW4,compound,protein,0
54167661,CPI,Q13698,compound,protein,1
54167661,CPI,Q9NRM7,compound,protein,0
54167661,CPI,Q9H2K8,compound,protein,0
54248788,CPI,Q08289,compound,protein,1
5426,CPI,P08588,compound,protein,1
5426,CPI,P19652,compound,protein,1
5426,CPI,O00444,compound,protein,0
5429,CPI,P02545,compound,protein,0
5440,CPI,P14416,compound,protein,1
5450,CPI,O15296,compound,protein,1
5450,CPI,P10635,compound,protein,1
5450,CPI,P20366,compound,protein,1
5452,CPI,P21917,compound,protein,1
5452,CPI,P23975,compound,protein,1
5452,CPI,P41968,compound,protein,1
5452,CPI,Q01959,compound,protein,1
5453,CPI,P41595,compound,protein,1
5455,CPI,P11473,compound,protein,1
5455,CPI,P37840,compound,protein,1
5455,CPI,Q13148,compound,protein,1
5455,CPI,Q96JB6,compound,protein,1
5455,CPI,O43570,compound,protein,0
54575046,CPI,Q9BX84,compound,protein,0
5458656,CPI,P21397,compound,protein,1
54618317,CPI,P43403,compound,protein,0
54618771,CPI,Q9Y5N1,compound,protein,0
54618801,CPI,P28221,compound,protein,0
54637824,CPI,Q8IW41,compound,protein,0
54645828,CPI,Q13546,compound,protein,0
54645830,CPI,O94768,compound,protein,0
54646515,CPI,Q06710,compound,protein,1
54646688,CPI,P30411,compound,protein,0
54649995,CPI,Q06710,compound,protein,1
54649995,CPI,P42345,compound,protein,0
54650077,CPI,P43405,compound,protein,0
54657607,CPI,P78527,compound,protein,0
54660649,CPI,P36897,compound,protein,0
54660649,CPI,P02545,compound,protein,0
54660729,CPI,P08913,compound,protein,0
54661292,CPI,P21728,compound,protein,0
5467,CPI,P14416,compound,protein,1
5467,CPI,P28221,compound,protein,1
54675769,CPI,O15530,compound,protein,0
54676038,CPI,P29274,compound,protein,1
54676038,CPI,P30411,compound,protein,1
54676038,CPI,P43403,compound,protein,0
54676535,CPI,P11309,compound,protein,0
54676537,CPI,Q06187,compound,protein,0
54676537,CPI,Q9H4B4,compound,protein,0
54676537,CPI,P27815,compound,protein,0
54678486,CPI,Q14012,compound,protein,0
5468,CPI,P21728,compound,protein,1
5468,CPI,P23219,compound,protein,1
5468,CPI,P43220,compound,protein,1
5468,CPI,P51878,compound,protein,1
5468,CPI,Q7KZI7,compound,protein,0
5468,CPI,P53355,compound,protein,0
5468,CPI,Q8NE63,compound,protein,0
54680692,CPI,P68400,compound,protein,0
54685215,CPI,Q15831,compound,protein,0
54685921,CPI,P46663,compound,protein,0
54687,CPI,Q13464,compound,protein,0
54688261,CPI,P01215,compound,protein,0
5472495,CPI,P06280,compound,protein,1
5472495,CPI,Q9NUW8,compound,protein,1
54746,CPI,P11229,compound,protein,1
54746,CPI,P16499,compound,protein,0
54746,CPI,Q06187,compound,protein,0
54746,CPI,Q13177,compound,protein,0
5475,CPI,P36544,compound,protein,1
5475,CPI,Q9Y2H1,compound,protein,0
54764919,CPI,P06493,compound,protein,0
54764919,CPI,P27361,compound,protein,0
5478883,CPI,P07858,compound,protein,1
5479,CPI,P06401,compound,protein,1
5479,CPI,P54753,compound,protein,0
54841,CPI,Q01959,compound,protein,1
54841,CPI,P49760,compound,protein,0
54841,CPI,P16499,compound,protein,0
5487,CPI,P21397,compound,protein,1
5487,CPI,P41595,compound,protein,1
5487,CPI,Q96QE3,compound,protein,1
54892,CPI,P35372,compound,protein,1
54892,CPI,P43681,compound,protein,1
54892,CPI,Q08499,compound,protein,1
54892,CPI,Q9UEE5,compound,protein,0
54892,CPI,P00519,compound,protein,0
54897,CPI,P25021,compound,protein,1
54897,CPI,Q9NR56,compound,protein,0
5494449,CPI,O00418,compound,protein,1
5494449,CPI,O14730,compound,protein,1
5494449,CPI,O43283,compound,protein,1
5494449,CPI,P10721,compound,protein,1
5494449,CPI,P29597,compound,protein,1
5494449,CPI,P42345,compound,protein,1
5494449,CPI,P46734,compound,protein,1
5494449,CPI,Q15303,compound,protein,1
5494449,CPI,Q15569,compound,protein,1
5494449,CPI,Q5S007,compound,protein,1
5494449,CPI,Q86UE8,compound,protein,1
5494449,CPI,Q8IVW4,compound,protein,1
5494449,CPI,Q9BYT3,compound,protein,1
5494449,CPI,Q9HAZ1,compound,protein,1
5494449,CPI,Q9UBF8,compound,protein,1
5494449,CPI,Q9UL54,compound,protein,1
5494449,CPI,Q01959,compound,protein,0
5494449,CPI,P08588,compound,protein,0
5494449,CPI,P35869,compound,protein,0
5494449,CPI,Q92731,compound,protein,0
5494449,CPI,Q03181,compound,protein,0
5494449,CPI,P29466,compound,protein,0
5494449,CPI,P16499,compound,protein,0
5494449,CPI,P54132,compound,protein,0
5494449,CPI,P0DP23,compound,protein,0
5501,CPI,Q16665,compound,protein,1
5504,CPI,Q9Y4K4,compound,protein,0
5505,CPI,O60706,compound,protein,1
5505,CPI,P18089,compound,protein,1
5505,CPI,P21554,compound,protein,1
5510,CPI,P08908,compound,protein,1
5510,CPI,P41968,compound,protein,1
5510,CPI,Q92731,compound,protein,0
551033,CPI,P35462,compound,protein,0
5522,CPI,P29274,compound,protein,1
55245,CPI,P00734,compound,protein,1
55245,CPI,P04150,compound,protein,1
55245,CPI,P12931,compound,protein,0
55245,CPI,P45983,compound,protein,0
5526,CPI,P11229,compound,protein,1
5526,CPI,P14416,compound,protein,1
5526,CPI,P32245,compound,protein,1
5526,CPI,Q13163,compound,protein,0
5526,CPI,P23443,compound,protein,0
5526,CPI,P0C1S8,compound,protein,0
5526,CPI,Q5S007,compound,protein,0
5526,CPI,P33981,compound,protein,0
5531,CPI,Q9NR20,compound,protein,0
5533,CPI,P21397,compound,protein,1
5533,CPI,P25021,compound,protein,1
5533,CPI,P08922,compound,protein,0
5538,CPI,P19793,compound,protein,1
5538,CPI,O43570,compound,protein,0
5538,CPI,P38398,compound,protein,0
5546,CPI,P08311,compound,protein,1
5546,CPI,Q99700,compound,protein,1
5546,CPI,Q9BQI3,compound,protein,0
5564,CPI,P07900,compound,protein,1
55652,CPI,P35372,compound,protein,1
55652,CPI,P41143,compound,protein,1
55652,CPI,Q9UIF8,compound,protein,0
5566,CPI,P21917,compound,protein,1
5566,CPI,Q9NYX4,compound,protein,1
5568,CPI,O60341,compound,protein,1
5568,CPI,Q01959,compound,protein,1
5573,CPI,P50406,compound,protein,0
5576,CPI,Q9Y5N1,compound,protein,1
5578,CPI,P08913,compound,protein,1
5578,CPI,P31645,compound,protein,1
5584298,CPI,Q13131,compound,protein,0
5585,CPI,P11229,compound,protein,1
5585,CPI,P14416,compound,protein,1
5585,CPI,P21731,compound,protein,1
5585,CPI,P43681,compound,protein,1
5585,CPI,P42679,compound,protein,0
5585,CPI,Q16539,compound,protein,0
5587,CPI,P30518,compound,protein,1
5587,CPI,P41968,compound,protein,1
5587,CPI,O14976,compound,protein,0
5587,CPI,P07900,compound,protein,0
5593,CPI,P06401,compound,protein,1
5593,CPI,P30542,compound,protein,1
5593,CPI,Q9Y2U5,compound,protein,0
5606,CPI,P08588,compound,protein,1
5639,CPI,P18825,compound,protein,1
5639,CPI,Q15759,compound,protein,0
5656,CPI,P23975,compound,protein,1
5656,CPI,P34969,compound,protein,1
56599293,CPI,P00533,compound,protein,1
56649450,CPI,Q99808,compound,protein,0
5665,CPI,P32245,compound,protein,1
5665,CPI,P35354,compound,protein,1
5666,CPI,P08588,compound,protein,1
5666,CPI,P18825,compound,protein,1
566661,CPI,P00533,compound,protein,1
5667,CPI,Q13885,compound,protein,1
5667,CPI,P10636,compound,protein,0
5684,CPI,P34969,compound,protein,1
56846693,CPI,P43220,compound,protein,0
56846693,CPI,P51151,compound,protein,0
5691,CPI,O60894,compound,protein,0
5694,CPI,P35354,compound,protein,1
5694,CPI,Q13557,compound,protein,0
56965966,CPI,Q09428,compound,protein,0
56965966,CPI,Q15910,compound,protein,0
5701996,CPI,P54219,compound,protein,1
5701997,CPI,P33261,compound,protein,0
5702015,CPI,P21917,compound,protein,1
5702015,CPI,Q9UL54,compound,protein,0
5702031,CPI,P13500,compound,protein,1
5702035,CPI,P21397,compound,protein,0
5702036,CPI,P31645,compound,protein,0
5702042,CPI,Q6ZQN7,compound,protein,1
5702068,CPI,P27695,compound,protein,0
5702069,CPI,Q01959,compound,protein,0
5702081,CPI,Q9H093,compound,protein,0
5702090,CPI,P31749,compound,protein,0
5702093,CPI,Q8TBX8,compound,protein,0
5702108,CPI,P06493,compound,protein,0
5702140,CPI,P08913,compound,protein,1
5702164,CPI,Q86YV6,compound,protein,0
5702239,CPI,Q9Y5S2,compound,protein,0
5702266,CPI,P62508,compound,protein,1
5709,CPI,Q9NRM7,compound,protein,0
5709,CPI,P54762,compound,protein,0
5711,CPI,O94806,compound,protein,1
5711,CPI,P17948,compound,protein,1
5711,CPI,P36507,compound,protein,1
5711,CPI,P51957,compound,protein,1
5711,CPI,P61925,compound,protein,1
5711,CPI,Q13557,compound,protein,1
5711,CPI,Q9UHD2,compound,protein,1
5711,CPI,P49674,compound,protein,0
5711,CPI,O95747,compound,protein,0
5711,CPI,P57078,compound,protein,0
5711,CPI,P54132,compound,protein,0
5711,CPI,Q9UK32,compound,protein,0
5711,CPI,Q9UQB9,compound,protein,0
5717,CPI,P21731,compound,protein,1
5717,CPI,P30518,compound,protein,1
5717,CPI,P37288,compound,protein,1
5717,CPI,Q14994,compound,protein,1
5717,CPI,Q86VL8,compound,protein,1
5717,CPI,Q9Y4K4,compound,protein,0
5717,CPI,P46663,compound,protein,0
5717,CPI,P51817,compound,protein,0
5719,CPI,P21397,compound,protein,1
5722,CPI,P02545,compound,protein,1
5722,CPI,P54132,compound,protein,1
5722,CPI,P17252,compound,protein,0
57242,CPI,P07550,compound,protein,1
5730,CPI,P15056,compound,protein,1
5732,CPI,P29323,compound,protein,0
57339144,CPI,P11229,compound,protein,1
5734,CPI,P43681,compound,protein,1
5734,CPI,Q9UBF8,compound,protein,0
5734,CPI,Q9H2K8,compound,protein,0
57340671,CPI,O75496,compound,protein,0
5738263,CPI,P15056,compound,protein,0
57390074,CPI,O14965,compound,protein,1
5742832,CPI,P83916,compound,protein,1
5742832,CPI,P35462,compound,protein,0
5743,CPI,Q86UE8,compound,protein,0
5743,CPI,O14757,compound,protein,0
57469,CPI,P32245,compound,protein,1
57469,CPI,Q8TD19,compound,protein,0
57495783,CPI,Q13946,compound,protein,0
57519544,CPI,P54284,compound,protein,0
5757,CPI,P00734,compound,protein,1
5757,CPI,P11229,compound,protein,1
5757,CPI,P18089,compound,protein,1
5757,CPI,Q16637,compound,protein,1
5757,CPI,Q16678,compound,protein,1
5757,CPI,Q92731,compound,protein,1
5757,CPI,O43283,compound,protein,0
5757,CPI,P29317,compound,protein,0
5765514,CPI,O75874,compound,protein,1
5770,CPI,O43193,compound,protein,1
5770,CPI,P06401,compound,protein,1
5780,CPI,O75496,compound,protein,1
5780,CPI,P83916,compound,protein,1
5803,CPI,P08908,compound,protein,1
5803,CPI,O14976,compound,protein,0
5803,CPI,P78368,compound,protein,0
5816,CPI,P28222,compound,protein,0
5816,CPI,Q8NE63,compound,protein,0
5833,CPI,P07550,compound,protein,1
5833,CPI,P08235,compound,protein,1
5833,CPI,P21554,compound,protein,1
5833,CPI,Q08289,compound,protein,1
5833,CPI,Q13936,compound,protein,1
5833,CPI,P49674,compound,protein,0
5865,CPI,P14416,compound,protein,1
5865,CPI,P18825,compound,protein,1
5865,CPI,Q86YV6,compound,protein,0
5865,CPI,Q15569,compound,protein,0
5866327,CPI,P51511,compound,protein,0
5870,CPI,P06401,compound,protein,1
5878,CPI,P27448,compound,protein,0
5901,CPI,Q16665,compound,protein,0
5906,CPI,P37288,compound,protein,1
5910,CPI,P08173,compound,protein,1
5910,CPI,P08908,compound,protein,1
5910,CPI,P11229,compound,protein,1
5917,CPI,Q7KZI7,compound,protein,0
59174579,CPI,P00533,compound,protein,1
5920,CPI,P35372,compound,protein,1
5920,CPI,Q13547,compound,protein,0
5920,CPI,Q86V86,compound,protein,0
5943,CPI,Q9Y2H1,compound,protein,0
5944,CPI,P32245,compound,protein,0
5944,CPI,Q96GD4,compound,protein,0
59472121,CPI,P00533,compound,protein,0
59472121,CPI,Q99720,compound,protein,0
59472121,CPI,Q9UPZ9,compound,protein,0
59473233,CPI,Q15375,compound,protein,0
5952,CPI,Q16637,compound,protein,1
5961,CPI,P17812,compound,protein,1
5961,CPI,P41595,compound,protein,0
5974189,CPI,P35372,compound,protein,1
5974189,CPI,P51817,compound,protein,0
5978,CPI,P36507,compound,protein,0
5983,CPI,Q92918,compound,protein,0
5983,CPI,Q16832,compound,protein,0
5983,CPI,Q13627,compound,protein,0
5991,CPI,P10275,compound,protein,1
5991,CPI,P25021,compound,protein,1
5991,CPI,P43220,compound,protein,0
5991,CPI,Q99640,compound,protein,0
5995,CPI,P05093,compound,protein,1
5995,CPI,P35354,compound,protein,1
5995,CPI,P37288,compound,protein,1
6000,CPI,P53350,compound,protein,0
6001,CPI,Q96SB4,compound,protein,0
6001181,CPI,O14976,compound,protein,0
6005,CPI,P25021,compound,protein,1
6005,CPI,P57078,compound,protein,0
6010,CPI,P10828,compound,protein,1
60138149,CPI,O75116,compound,protein,1
60149,CPI,P21917,compound,protein,1
60149,CPI,P23975,compound,protein,1
60149,CPI,P50406,compound,protein,1
60149,CPI,P10721,compound,protein,0
60149,CPI,Q9UEE5,compound,protein,0
60164,CPI,P48443,compound,protein,1
60182388,CPI,P00519,compound,protein,1
60185359,CPI,Q9BX84,compound,protein,0
602897,CPI,Q9NUW8,compound,protein,1
6032,CPI,P06401,compound,protein,1
6035,CPI,Q16637,compound,protein,1
6035,CPI,P19971,compound,protein,0
6035,CPI,Q9UPZ9,compound,protein,0
6041,CPI,Q99714,compound,protein,0
604519,CPI,P22303,compound,protein,1
604519,CPI,Q13547,compound,protein,0
6047,CPI,P11473,compound,protein,1
6047,CPI,P21918,compound,protein,1
6049,CPI,P21731,compound,protein,1
6049,CPI,P41968,compound,protein,1
6049,CPI,O43293,compound,protein,0
6049,CPI,Q92731,compound,protein,0
60490,CPI,P20292,compound,protein,1
60490,CPI,Q01959,compound,protein,1
60606,CPI,P08908,compound,protein,1
60606,CPI,P27338,compound,protein,0
60663,CPI,P08908,compound,protein,1
6075,CPI,Q9P2K8,compound,protein,0
60750,CPI,P11229,compound,protein,1
60753,CPI,P31645,compound,protein,1
60769,CPI,P08908,compound,protein,1
6077,CPI,P11229,compound,protein,1
6077,CPI,P35372,compound,protein,1
60773,CPI,P21554,compound,protein,1
60773,CPI,Q13464,compound,protein,0
60773,CPI,Q9NY57,compound,protein,0
60773,CPI,Q16637,compound,protein,0
60795,CPI,P21918,compound,protein,1
60795,CPI,P25103,compound,protein,1
60795,CPI,P37288,compound,protein,1
60795,CPI,O95835,compound,protein,0
60825,CPI,P21728,compound,protein,1
60825,CPI,Q04771,compound,protein,0
60825,CPI,Q9Y4K4,compound,protein,0
6083,CPI,P41231,compound,protein,1
6083,CPI,Q08828,compound,protein,1
6083,CPI,Q9UGI9,compound,protein,1
6083,CPI,Q00537,compound,protein,0
6083,CPI,Q13554,compound,protein,0
6083,CPI,P84022,compound,protein,0
60835,CPI,Q01959,compound,protein,1
60835,CPI,P42336,compound,protein,0
60835,CPI,O75116,compound,protein,0
60846,CPI,Q6ZN16,compound,protein,0
60852,CPI,P35372,compound,protein,1
60859,CPI,P30542,compound,protein,0
60865,CPI,P80511,compound,protein,1
60865,CPI,Q06187,compound,protein,0
6093,CPI,Q99714,compound,protein,1
6093397,CPI,Q01959,compound,protein,1
6093397,CPI,O43193,compound,protein,0
60943,CPI,O14757,compound,protein,0
60947,CPI,P31645,compound,protein,1
60961,CPI,P04626,compound,protein,0
6103,CPI,Q86V86,compound,protein,0
6127,CPI,P23975,compound,protein,1
6127,CPI,Q15831,compound,protein,0
6129,CPI,Q16099,compound,protein,0
616573,CPI,P00533,compound,protein,1
616573,CPI,P51151,compound,protein,1
616573,CPI,P84022,compound,protein,1
6166,CPI,P30291,compound,protein,0
6166563,CPI,P35236,compound,protein,1
6167,CPI,O75751,compound,protein,1
6167,CPI,P04637,compound,protein,1
6167,CPI,P11309,compound,protein,1
6167,CPI,P37231,compound,protein,1
6167,CPI,Q9NRP7,compound,protein,0
6173479,CPI,P13945,compound,protein,0
6185,CPI,Q99700,compound,protein,1
619526,CPI,P18089,compound,protein,0
6197,CPI,P10828,compound,protein,1
6197,CPI,P28222,compound,protein,0
6197,CPI,Q9Y4K4,compound,protein,0
6202912,CPI,O14920,compound,protein,0
6215,CPI,Q14164,compound,protein,0
6230,CPI,P25021,compound,protein,1
6230,CPI,Q9H3Y6,compound,protein,0
6230,CPI,O95382,compound,protein,0
6234,CPI,P00734,compound,protein,1
6249,CPI,Q96KQ7,compound,protein,1
6279,CPI,P29597,compound,protein,0
62887,CPI,Q9Y2K2,compound,protein,0
6291,CPI,P08908,compound,protein,1
6291,CPI,Q9H1R3,compound,protein,0
6293,CPI,P51957,compound,protein,0
6307,CPI,P0DMS8,compound,protein,1
6307,CPI,P52333,compound,protein,0
6307,CPI,P40763,compound,protein,0
63112,CPI,O75496,compound,protein,1
6321411,CPI,P29274,compound,protein,1
6321411,CPI,Q13526,compound,protein,1
6321411,CPI,Q9UBT6,compound,protein,1
6321411,CPI,Q9NRP7,compound,protein,0
6321411,CPI,P06493,compound,protein,0
6321411,CPI,Q16637,compound,protein,0
6335411,CPI,P30291,compound,protein,0
636411,CPI,Q96KQ7,compound,protein,1
636411,CPI,Q92630,compound,protein,0
637858,CPI,Q16236,compound,protein,1
637858,CPI,P21917,compound,protein,0
637858,CPI,Q13163,compound,protein,0
638024,CPI,P51151,compound,protein,1
638034,CPI,P11229,compound,protein,0
638278,CPI,P10636,compound,protein,1
6401129,CPI,P51617,compound,protein,0
64139,CPI,P08908,compound,protein,1
64139,CPI,P25021,compound,protein,1
64143,CPI,Q9NR20,compound,protein,0
6419747,CPI,P06734,compound,protein,1
6419755,CPI,P17252,compound,protein,1
6419833,CPI,Q9C098,compound,protein,0
6419833,CPI,O95153,compound,protein,0
6421522,CPI,Q9Y5N1,compound,protein,1
6422124,CPI,P30542,compound,protein,1
6435415,CPI,P16444,compound,protein,1
6436,CPI,Q04771,compound,protein,0
6436,CPI,P11511,compound,protein,0
6436,CPI,P54753,compound,protein,0
643606,CPI,P46734,compound,protein,0
6437862,CPI,Q9NYL2,compound,protein,0
6437862,CPI,O14730,compound,protein,0
643951,CPI,P10828,compound,protein,1
6439628,CPI,P31260,compound,protein,1
644213,CPI,Q16236,compound,protein,1
644213,CPI,P46734,compound,protein,0
644213,CPI,P04150,compound,protein,0
644213,CPI,P05771,compound,protein,0
644241,CPI,P09769,compound,protein,1
644241,CPI,P16234,compound,protein,1
644241,CPI,Q13464,compound,protein,1
644241,CPI,Q13555,compound,protein,1
644241,CPI,Q9P0L2,compound,protein,1
644241,CPI,Q9Y6E0,compound,protein,1
644241,CPI,Q99700,compound,protein,0
6443013,CPI,P35368,compound,protein,0
6444849,CPI,P08908,compound,protein,0
6445533,CPI,Q13547,compound,protein,1
6445533,CPI,Q9NYL2,compound,protein,0
6445562,CPI,O14965,compound,protein,1
6445562,CPI,P06213,compound,protein,1
6445562,CPI,P07948,compound,protein,1
6445562,CPI,P08631,compound,protein,1
6445562,CPI,P10721,compound,protein,1
6445562,CPI,P16234,compound,protein,1
6445562,CPI,P22455,compound,protein,1
6445562,CPI,P31152,compound,protein,1
6445562,CPI,P35916,compound,protein,1
6445562,CPI,P42336,compound,protein,1
6445562,CPI,P42681,compound,protein,1
6445562,CPI,P54764,compound,protein,1
6445562,CPI,P57059,compound,protein,1
6445562,CPI,P78368,compound,protein,1
6445562,CPI,Q13237,compound,protein,1
6445562,CPI,Q2M2I8,compound,protein,1
6445562,CPI,Q7KZI7,compound,protein,1
6445562,CPI,Q8N5S9,compound,protein,1
6445562,CPI,Q8NI60,compound,protein,1
6445562,CPI,Q96NX5,compound,protein,1
6445562,CPI,Q99640,compound,protein,1
6445562,CPI,Q9NRM7,compound,protein,1
6445562,CPI,Q9Y6R4,compound,protein,1
6445562,CPI,Q01959,compound,protein,0
6445562,CPI,Q6ZN16,compound,protein,0
6445562,CPI,P27338,compound,protein,0
6445562,CPI,P08183,compound,protein,0
6445562,CPI,Q6W5P4,compound,protein,0
6445562,CPI,Q8NE63,compound,protein,0
6445562,CPI,P35869,compound,protein,0
6446,CPI,Q13188,compound,protein,0
644601,CPI,Q05655,compound,protein,0
6450278,CPI,P10275,compound,protein,1
6450278,CPI,P19838,compound,protein,1
6450546,CPI,Q9HC16,compound,protein,0
6451149,CPI,Q01453,compound,protein,0
6451164,CPI,P11712,compound,protein,1
64650,CPI,P31645,compound,protein,1
64650,CPI,P10636,compound,protein,0
6466,CPI,P42685,compound,protein,0
6473866,CPI,O75469,compound,protein,1
6473866,CPI,P06401,compound,protein,1
6473866,CPI,P08588,compound,protein,1
6473866,CPI,P35354,compound,protein,1
6473866,CPI,P42345,compound,protein,1
6473866,CPI,Q9UQB9,compound,protein,0
6473866,CPI,Q9Y5S2,compound,protein,0
6473866,CPI,Q99720,compound,protein,0
6473881,CPI,Q96NX5,compound,protein,0
6473883,CPI,Q13470,compound,protein,0
6473883,CPI,P41968,compound,protein,0
64945,CPI,P28845,compound,protein,1
64983,CPI,Q9ULC5,compound,protein,0
65015,CPI,P61073,compound,protein,1
65016,CPI,P21397,compound,protein,1
65016,CPI,P25021,compound,protein,1
650361,CPI,Q16832,compound,protein,0
65064,CPI,P50281,compound,protein,1
65064,CPI,Q9NUW8,compound,protein,1
65351,CPI,Q96QE3,compound,protein,1
653676,CPI,Q9Y239,compound,protein,1
6539732,CPI,P25929,compound,protein,0
65482,CPI,P57078,compound,protein,0
65482,CPI,Q6ZN16,compound,protein,0
655278,CPI,Q9Y2U5,compound,protein,0
65628,CPI,O15379,compound,protein,1
65628,CPI,Q96KQ7,compound,protein,1
65637,CPI,P22830,compound,protein,0
65659,CPI,Q99720,compound,protein,1
65659,CPI,Q16513,compound,protein,0
656665,CPI,Q13163,compound,protein,0
657237,CPI,Q16236,compound,protein,1
657309,CPI,O75469,compound,protein,0
65752,CPI,P11021,compound,protein,1
65752,CPI,P37288,compound,protein,0
658169,CPI,P21397,compound,protein,0
65863,CPI,P06401,compound,protein,1
65863,CPI,P31645,compound,protein,1
65863,CPI,Q9UK32,compound,protein,0
65957,CPI,P32298,compound,protein,0
65957,CPI,Q9Y616,compound,protein,0
6597,CPI,P25021,compound,protein,0
6603728,CPI,Q8WXR4,compound,protein,0
6603798,CPI,Q9NRM7,compound,protein,0
6603827,CPI,P02545,compound,protein,1
6603827,CPI,Q8NEV4,compound,protein,0
6603897,CPI,P35462,compound,protein,1
6604381,CPI,P21917,compound,protein,0
6604653,CPI,P05166,compound,protein,1
6604653,CPI,Q96GD4,compound,protein,0
6604756,CPI,P08908,compound,protein,1
6604789,CPI,P11229,compound,protein,1
6604789,CPI,Q8NEV4,compound,protein,0
6604822,CPI,P10636,compound,protein,1
6604822,CPI,Q6W5P4,compound,protein,1
6604858,CPI,Q6ZN16,compound,protein,0
6604858,CPI,Q13873,compound,protein,0
6604889,CPI,Q16659,compound,protein,0
6604928,CPI,P37023,compound,protein,0
6604933,CPI,P18089,compound,protein,0
6604933,CPI,P08912,compound,protein,0
6604933,CPI,Q6ZN16,compound,protein,0
6610216,CPI,Q13510,compound,protein,1
6610313,CPI,O00444,compound,protein,0
6610332,CPI,P16152,compound,protein,1
6610353,CPI,O15530,compound,protein,1
6610355,CPI,Q13627,compound,protein,1
6610355,CPI,Q9HAZ1,compound,protein,1
66148,CPI,Q14654,compound,protein,1
66148,CPI,O96017,compound,protein,0
66148,CPI,P00519,compound,protein,0
6623,CPI,P10828,compound,protein,1
6623,CPI,P49759,compound,protein,1
6623,CPI,P50406,compound,protein,1
6623,CPI,Q92630,compound,protein,1
6623,CPI,Q9HCP0,compound,protein,0
66377,CPI,Q96QE3,compound,protein,1
665013,CPI,P33261,compound,protein,0
66524294,CPI,P19838,compound,protein,0
665449,CPI,P17861,compound,protein,1
665518,CPI,Q9Y5N1,compound,protein,0
665518,CPI,P08173,compound,protein,0
665747,CPI,Q96PY6,compound,protein,0
665747,CPI,P34969,compound,protein,0
66577038,CPI,P51955,compound,protein,0
66577038,CPI,Q15375,compound,protein,0
666267,CPI,P04637,compound,protein,1
666410,CPI,P50406,compound,protein,0
66654,CPI,Q16637,compound,protein,1
667453,CPI,P14416,compound,protein,1
667453,CPI,Q01959,compound,protein,0
667476,CPI,O43193,compound,protein,1
667476,CPI,P02545,compound,protein,1
667476,CPI,P11712,compound,protein,1
667477,CPI,P35368,compound,protein,1
667484,CPI,P21728,compound,protein,1
667484,CPI,Q8TDC3,compound,protein,0
667511,CPI,Q13148,compound,protein,0
667528,CPI,P35354,compound,protein,1
667550,CPI,O75496,compound,protein,1
667550,CPI,P83916,compound,protein,0
667550,CPI,Q09013,compound,protein,0
667594,CPI,P21554,compound,protein,0
6708558,CPI,P10636,compound,protein,1
6708706,CPI,Q16236,compound,protein,0
6708706,CPI,P78362,compound,protein,0
6708718,CPI,P28222,compound,protein,0
6708720,CPI,P31645,compound,protein,0
6708778,CPI,Q02880,compound,protein,1
6710621,CPI,P48736,compound,protein,0
6710659,CPI,P08235,compound,protein,1
6710662,CPI,P25103,compound,protein,0
6710729,CPI,P25021,compound,protein,0
6710780,CPI,Q92731,compound,protein,0
6714009,CPI,Q99755,compound,protein,0
6726,CPI,P08912,compound,protein,1
6728944,CPI,P36897,compound,protein,0
673465,CPI,P51813,compound,protein,0
67377767,CPI,Q14164,compound,protein,0
6758,CPI,P42345,compound,protein,1
6760,CPI,P21731,compound,protein,0
6760,CPI,Q01959,compound,protein,0
676352,CPI,Q9H422,compound,protein,0
6803,CPI,P83916,compound,protein,1
6803,CPI,P08913,compound,protein,0
68071,CPI,P32239,compound,protein,0
68093,CPI,P08908,compound,protein,0
68186,CPI,P08913,compound,protein,1
68186,CPI,P28221,compound,protein,1
682802,CPI,P21728,compound,protein,1
6834,CPI,P08912,compound,protein,1
6834,CPI,P28222,compound,protein,0
6839,CPI,P34969,compound,protein,0
6839,CPI,P22455,compound,protein,0
6851740,CPI,Q9UHD2,compound,protein,0
6852167,CPI,Q9UBF8,compound,protein,1
6852376,CPI,P21728,compound,protein,1
6857685,CPI,Q13148,compound,protein,0
6857685,CPI,Q99720,compound,protein,0
68617,CPI,Q13936,compound,protein,1
68617,CPI,Q9UBS5,compound,protein,1
68617,CPI,P41743,compound,protein,0
68617,CPI,O14733,compound,protein,0
68712,CPI,P18089,compound,protein,1
68712,CPI,O76039,compound,protein,0
6872741,CPI,Q96QE3,compound,protein,1
6872741,CPI,P54764,compound,protein,0
6875617,CPI,P27361,compound,protein,0
6875690,CPI,Q9NUW8,compound,protein,1
68778,CPI,P53667,compound,protein,0
68802,CPI,Q9UF33,compound,protein,0
68802,CPI,Q8WXR4,compound,protein,0
688020,CPI,P08908,compound,protein,1
688020,CPI,P43681,compound,protein,1
688272,CPI,P35462,compound,protein,1
6884367,CPI,Q9Y239,compound,protein,1
68848,CPI,P11229,compound,protein,0
688561,CPI,P07949,compound,protein,0
68873,CPI,Q8IWQ3,compound,protein,0
6914273,CPI,P21817,compound,protein,1
6914273,CPI,P02545,compound,protein,1
6914273,CPI,P08908,compound,protein,1
6914273,CPI,Q9NZ45,compound,protein,1
6914273,CPI,Q8NE63,compound,protein,0
6914273,CPI,Q96NX5,compound,protein,0
6914273,CPI,P22694,compound,protein,0
6914273,CPI,Q9C098,compound,protein,0
6917960,CPI,Q9NUW8,compound,protein,0
6918030,CPI,P21731,compound,protein,1
6918030,CPI,Q9NUW8,compound,protein,0
6918140,CPI,Q8WTQ7,compound,protein,0
6918305,CPI,P47870,compound,protein,1
6918305,CPI,Q9UN88,compound,protein,1
6918314,CPI,Q01959,compound,protein,1
6918314,CPI,P21728,compound,protein,0
6918324,CPI,P28221,compound,protein,1
6918324,CPI,Q9H093,compound,protein,0
6918454,CPI,O94768,compound,protein,1
6918454,CPI,O96017,compound,protein,1
6918454,CPI,P07333,compound,protein,1
6918454,CPI,P17948,compound,protein,1
6918454,CPI,P29320,compound,protein,1
6918454,CPI,P36507,compound,protein,1
6918454,CPI,P37023,compound,protein,1
6918454,CPI,P37173,compound,protein,1
6918454,CPI,P42679,compound,protein,1
6918454,CPI,P42684,compound,protein,1
6918454,CPI,P42685,compound,protein,1
6918454,CPI,P52333,compound,protein,1
6918454,CPI,P53667,compound,protein,1
6918454,CPI,Q00536,compound,protein,1
6918454,CPI,Q96D53,compound,protein,1
6918454,CPI,Q9HCP0,compound,protein,1
6918454,CPI,Q9P2K8,compound,protein,1
6918454,CPI,P37288,compound,protein,0
6918454,CPI,P37231,compound,protein,0
6918454,CPI,P32245,compound,protein,0
6918554,CPI,P14416,compound,protein,1
6918554,CPI,Q01959,compound,protein,1
6918554,CPI,O76039,compound,protein,0
6918638,CPI,P21397,compound,protein,1
6918638,CPI,Q9Y5N1,compound,protein,1
6918638,CPI,Q96SB4,compound,protein,0
6918638,CPI,Q5S007,compound,protein,0
6918638,CPI,P11274,compound,protein,0
6918670,CPI,O75164,compound,protein,0
6918852,CPI,O00444,compound,protein,1
6918852,CPI,O14965,compound,protein,1
6918852,CPI,O96017,compound,protein,1
6918852,CPI,P00519,compound,protein,1
6918852,CPI,P04626,compound,protein,1
6918852,CPI,P04629,compound,protein,1
6918852,CPI,P22694,compound,protein,1
6918852,CPI,P29597,compound,protein,1
6918852,CPI,P49759,compound,protein,1
6918852,CPI,P54762,compound,protein,1
6918852,CPI,Q12852,compound,protein,1
6918852,CPI,Q86UX6,compound,protein,1
6918852,CPI,Q9UKI8,compound,protein,1
6918852,CPI,P28222,compound,protein,0
6918852,CPI,P54132,compound,protein,0
6918852,CPI,P08588,compound,protein,0
6918852,CPI,Q6W5P4,compound,protein,0
6918852,CPI,Q96KQ7,compound,protein,0
6918852,CPI,P43166,compound,protein,0
6918878,CPI,O15379,compound,protein,1
6918878,CPI,P56524,compound,protein,1
6918878,CPI,Q969S8,compound,protein,1
701237,CPI,P27695,compound,protein,0
701939,CPI,P17861,compound,protein,1
701939,CPI,Q6ZN16,compound,protein,0
702558,CPI,Q9H4B7,compound,protein,0
7028,CPI,P35462,compound,protein,1
7029,CPI,P08588,compound,protein,1
7029,CPI,P49761,compound,protein,0
704205,CPI,Q9NSY1,compound,protein,0
7061052,CPI,P49674,compound,protein,0
7067797,CPI,Q07912,compound,protein,0
7092995,CPI,P28472,compound,protein,1
7092995,CPI,Q99928,compound,protein,1
7092995,CPI,P04637,compound,protein,0
710962,CPI,P02545,compound,protein,1
71158,CPI,O60341,compound,protein,0
71158,CPI,Q16678,compound,protein,0
71226662,CPI,P0DMS8,compound,protein,1
71226662,CPI,P22607,compound,protein,0
712318,CPI,P51813,compound,protein,0
71271629,CPI,P22748,compound,protein,0
71317162,CPI,O00764,compound,protein,1
71317162,CPI,O14578,compound,protein,1
71317162,CPI,O75116,compound,protein,1
71317162,CPI,P27448,compound,protein,1
71317162,CPI,P31749,compound,protein,1
71317162,CPI,P41743,compound,protein,1
71317162,CPI,P45983,compound,protein,1
71317162,CPI,P49137,compound,protein,1
71317162,CPI,P51617,compound,protein,1
71317162,CPI,P52564,compound,protein,1
71317162,CPI,Q3MIX3,compound,protein,1
71317162,CPI,Q9H093,compound,protein,1
71317162,CPI,Q9NSE4,compound,protein,1
71317162,CPI,Q9H3Y6,compound,protein,0
71329,CPI,P25021,compound,protein,1
71329,CPI,Q9P289,compound,protein,0
71414,CPI,Q16236,compound,protein,1
71414,CPI,Q13177,compound,protein,0
71496458,CPI,P08908,compound,protein,1
715698,CPI,Q9NUW8,compound,protein,1
71616,CPI,P33261,compound,protein,1
71655,CPI,Q9UK32,compound,protein,0
717880,CPI,P31645,compound,protein,1
717880,CPI,Q92731,compound,protein,0
72172,CPI,Q8IYT8,compound,protein,0
7217941,CPI,P21554,compound,protein,0
72193870,CPI,Q13470,compound,protein,0
72281,CPI,P29274,compound,protein,1
72281,CPI,P35610,compound,protein,1
72281,CPI,Q9UPZ9,compound,protein,0
72281,CPI,P28221,compound,protein,0
72281,CPI,P11511,compound,protein,0
72287,CPI,P08913,compound,protein,1
72287,CPI,P18825,compound,protein,1
72287,CPI,Q13233,compound,protein,0
72326,CPI,P05771,compound,protein,0
72326,CPI,P42226,compound,protein,0
72344,CPI,P43681,compound,protein,0
72385,CPI,P41595,compound,protein,0
72734382,CPI,P22303,compound,protein,0
72943187,CPI,Q58F21,compound,protein,1
73010930,CPI,P06213,compound,protein,0
73078,CPI,P53355,compound,protein,0
73157,CPI,P35968,compound,protein,0
73333,CPI,Q08499,compound,protein,0
73333,CPI,P00533,compound,protein,0
73438890,CPI,P42345,compound,protein,1
73438890,CPI,P54646,compound,protein,0
73442743,CPI,P14625,compound,protein,0
73602827,CPI,P51946,compound,protein,1
73602827,CPI,P32245,compound,protein,0
73707354,CPI,P22303,compound,protein,1
73707354,CPI,Q06187,compound,protein,0
73707365,CPI,P01375,compound,protein,1
73707378,CPI,P33121,compound,protein,1
73707386,CPI,Q8TDC3,compound,protein,0
73707402,CPI,O75469,compound,protein,1
73707411,CPI,Q96GD4,compound,protein,0
73707413,CPI,P37840,compound,protein,0
73707426,CPI,P05129,compound,protein,0
73707427,CPI,P42681,compound,protein,0
73707429,CPI,P11712,compound,protein,0
73707445,CPI,P0DP23,compound,protein,1
73707445,CPI,Q15878,compound,protein,1
73707456,CPI,P35590,compound,protein,0
73707466,CPI,P04629,compound,protein,0
73707466,CPI,Q16513,compound,protein,0
73707467,CPI,P21730,compound,protein,0
73707474,CPI,P21918,compound,protein,1
73707474,CPI,O00506,compound,protein,0
73707478,CPI,Q16620,compound,protein,0
73707479,CPI,P00918,compound,protein,0
73707489,CPI,Q13164,compound,protein,0
73707493,CPI,P11229,compound,protein,1
73707499,CPI,Q13546,compound,protein,0
73707500,CPI,P21918,compound,protein,0
73707512,CPI,P39086,compound,protein,0
73707513,CPI,O00180,compound,protein,1
73707513,CPI,P54646,compound,protein,0
73707515,CPI,P14410,compound,protein,1
73707515,CPI,P30291,compound,protein,0
73707519,CPI,Q96QE3,compound,protein,0
73707526,CPI,P50993,compound,protein,1
73707530,CPI,P42345,compound,protein,1
73707530,CPI,P52333,compound,protein,1
73707530,CPI,Q5NUL3,compound,protein,0
73707530,CPI,P31645,compound,protein,0
73707531,CPI,P10635,compound,protein,0
73707544,CPI,P11511,compound,protein,0
73707586,CPI,O95264,compound,protein,1
73707586,CPI,P28221,compound,protein,1
73707586,CPI,P47898,compound,protein,1
73707586,CPI,P50406,compound,protein,1
73707616,CPI,Q9Y5S2,compound,protein,0
7456,CPI,Q9ULX7,compound,protein,1
747185,CPI,Q8IYT8,compound,protein,0
753,CPI,O14717,compound,protein,1
753,CPI,O43570,compound,protein,0
753704,CPI,P49674,compound,protein,0
759940,CPI,P28482,compound,protein,0
761523,CPI,P30411,compound,protein,0
761523,CPI,P22694,compound,protein,0
76968489,CPI,Q92793,compound,protein,0
7699,CPI,O43193,compound,protein,1
7699,CPI,O75469,compound,protein,1
7699,CPI,P31645,compound,protein,1
7699,CPI,P00918,compound,protein,0
7699,CPI,Q6W5P4,compound,protein,0
7699,CPI,Q00532,compound,protein,0
7708820,CPI,Q16288,compound,protein,0
7741,CPI,P21397,compound,protein,1
7741,CPI,P23975,compound,protein,1
7741,CPI,P41968,compound,protein,1
7741,CPI,Q99808,compound,protein,1
7741,CPI,Q06710,compound,protein,0
7741,CPI,P00519,compound,protein,0
776319,CPI,Q13315,compound,protein,1
77918,CPI,Q96QE3,compound,protein,0
77999,CPI,Q8NE63,compound,protein,0
77999,CPI,P51956,compound,protein,0
77999,CPI,Q9P2K8,compound,protein,0
77999,CPI,P22694,compound,protein,0
784670,CPI,Q8N5S9,compound,protein,0
790989,CPI,Q8IYM2,compound,protein,0
800048,CPI,O75496,compound,protein,1
800048,CPI,P35414,compound,protein,1
800048,CPI,Q9NR96,compound,protein,1
800760,CPI,O75496,compound,protein,1
800760,CPI,P41240,compound,protein,0
801047,CPI,Q96KQ7,compound,protein,1
801047,CPI,P08588,compound,protein,0
8056691,CPI,P84022,compound,protein,1
8056691,CPI,P23975,compound,protein,0
807820,CPI,P23975,compound,protein,0
81131,CPI,Q8IWQ3,compound,protein,0
81423,CPI,P06213,compound,protein,0
81423,CPI,P21917,compound,protein,0
82148,CPI,P21554,compound,protein,1
8226,CPI,P14416,compound,protein,1
8226,CPI,P42338,compound,protein,0
824226,CPI,P46063,compound,protein,1
824226,CPI,Q9NUW8,compound,protein,1
824226,CPI,P37288,compound,protein,0
8249,CPI,P41595,compound,protein,1
82755,CPI,Q9UEW8,compound,protein,0
8378,CPI,P35968,compound,protein,1
8378,CPI,P49760,compound,protein,0
838,CPI,P27695,compound,protein,1
838674,CPI,Q9NY57,compound,protein,0
8400,CPI,P42336,compound,protein,0
8515,CPI,P19525,compound,protein,1
8569,CPI,P21918,compound,protein,0
8609,CPI,Q13464,compound,protein,0
877874,CPI,Q9NR56,compound,protein,1
877874,CPI,Q9Y5N1,compound,protein,0
888706,CPI,Q6PHR2,compound,protein,0
894165,CPI,P29323,compound,protein,0
894165,CPI,Q13546,compound,protein,0
8955,CPI,O14920,compound,protein,0
896,CPI,Q12852,compound,protein,0
896331,CPI,Q9UL54,compound,protein,0
89683805,CPI,O75874,compound,protein,1
8974,CPI,P28482,compound,protein,1
8987,CPI,Q9NYL2,compound,protein,0
8997,CPI,Q08345,compound,protein,0
902452,CPI,Q14012,compound,protein,0
902452,CPI,Q8IYT8,compound,protein,0
9064,CPI,P08588,compound,protein,1
9064,CPI,P15428,compound,protein,0
90936519,CPI,P62937,compound,protein,1
90936519,CPI,P41229,compound,protein,0
90936519,CPI,O14757,compound,protein,0
9128,CPI,P10828,compound,protein,1
914635,CPI,P35462,compound,protein,0
914635,CPI,P09769,compound,protein,0
91536,CPI,P10635,compound,protein,1
91536,CPI,P13945,compound,protein,1
91668547,CPI,Q9NUW8,compound,protein,0
91769,CPI,Q07699,compound,protein,0
92144482,CPI,Q96BI3,compound,protein,1
92400,CPI,P35354,compound,protein,1
92400,CPI,P37288,compound,protein,1
92400,CPI,P06213,compound,protein,0
9266740,CPI,P07550,compound,protein,1
92727,CPI,P08913,compound,protein,1
92727,CPI,P21397,compound,protein,1
92786,CPI,O14764,compound,protein,1
92786,CPI,Q16445,compound,protein,1
92786,CPI,Q8N1C3,compound,protein,1
92786,CPI,P07333,compound,protein,0
92974,CPI,P08588,compound,protein,1
9305,CPI,O00167,compound,protein,1
9305,CPI,O75164,compound,protein,1
932,CPI,P00918,compound,protein,1
936,CPI,Q10588,compound,protein,1
936,CPI,P37023,compound,protein,0
9363,CPI,P54132,compound,protein,1
9363,CPI,P08908,compound,protein,0
938,CPI,P11229,compound,protein,1
938,CPI,Q9HBW0,compound,protein,0
941361,CPI,O95180,compound,protein,1
941361,CPI,P35372,compound,protein,1
941361,CPI,P35462,compound,protein,1
941361,CPI,Q92918,compound,protein,0
941361,CPI,Q9UNA4,compound,protein,0
9417,CPI,Q99720,compound,protein,1
94175,CPI,P37173,compound,protein,0
9429,CPI,P27361,compound,protein,0
9444,CPI,O75874,compound,protein,1
9444,CPI,P54132,compound,protein,1
9444,CPI,Q9H2X6,compound,protein,0
9444,CPI,Q15208,compound,protein,0
9458,CPI,Q9Y233,compound,protein,1
951,CPI,P21709,compound,protein,0
9549284,CPI,P45985,compound,protein,1
9549298,CPI,P28222,compound,protein,0
9550286,CPI,P42338,compound,protein,0
95801,CPI,O15374,compound,protein,1
95801,CPI,P04049,compound,protein,0
95801,CPI,P50406,compound,protein,0
9601084,CPI,P27695,compound,protein,1
9601084,CPI,Q9UNA4,compound,protein,0
9601084,CPI,P21728,compound,protein,0
9651,CPI,P45983,compound,protein,0
9675990,CPI,P42345,compound,protein,1
9675990,CPI,Q99700,compound,protein,1
9675990,CPI,P27695,compound,protein,1
9681,CPI,P21397,compound,protein,1
9681,CPI,Q13131,compound,protein,0
9687,CPI,O43193,compound,protein,1
9687,CPI,P18825,compound,protein,1
9687,CPI,P10636,compound,protein,0
9687,CPI,Q99714,compound,protein,0
9690109,CPI,Q9UQM7,compound,protein,0
969472,CPI,Q8TDC3,compound,protein,0
969516,CPI,O15440,compound,protein,1
969516,CPI,P22303,compound,protein,1
969516,CPI,P37059,compound,protein,1
969516,CPI,P0C1S8,compound,protein,0
97226,CPI,Q00526,compound,protein,0
975656,CPI,P43220,compound,protein,1
976135,CPI,P21453,compound,protein,1
9782,CPI,P10828,compound,protein,1
9782,CPI,Q07912,compound,protein,0
9794218,CPI,Q9HAZ1,compound,protein,0
9795278,CPI,P41595,compound,protein,0
9796290,CPI,Q6V1X1,compound,protein,1
9801,CPI,P35462,compound,protein,1
9801,CPI,Q14524,compound,protein,1
9801969,CPI,Q15759,compound,protein,1
9801969,CPI,Q16539,compound,protein,1
9801969,CPI,Q99720,compound,protein,0
9804992,CPI,Q13547,compound,protein,1
9806229,CPI,P07947,compound,protein,1
9806229,CPI,Q02127,compound,protein,0
9806229,CPI,P42898,compound,protein,0
9806229,CPI,P16473,compound,protein,0
9808022,CPI,P12931,compound,protein,0
9809715,CPI,O14976,compound,protein,1
9809715,CPI,O43318,compound,protein,1
9809715,CPI,O75460,compound,protein,1
9809715,CPI,P08069,compound,protein,1
9809715,CPI,P30411,compound,protein,1
9809715,CPI,P49336,compound,protein,1
9809715,CPI,P51451,compound,protein,1
9809715,CPI,P51957,compound,protein,1
9809715,CPI,Q12852,compound,protein,1
9809715,CPI,Q15835,compound,protein,1
9809715,CPI,Q8IYT8,compound,protein,1
9809715,CPI,Q9P2K8,compound,protein,1
9809715,CPI,Q9UEE5,compound,protein,1
9809715,CPI,Q9UEW8,compound,protein,1
9809715,CPI,Q9UKI8,compound,protein,1
9809715,CPI,Q9UL54,compound,protein,1
9809715,CPI,Q9Y5S2,compound,protein,1
9809715,CPI,P27695,compound,protein,0
9809715,CPI,P28222,compound,protein,0
9809715,CPI,P11473,compound,protein,0
9809715,CPI,P32245,compound,protein,0
9810884,CPI,P50750,compound,protein,1
9810884,CPI,P28221,compound,protein,0
9810884,CPI,P21917,compound,protein,0
9811606,CPI,P34969,compound,protein,0
9811834,CPI,Q9NUW8,compound,protein,0
9813758,CPI,P21860,compound,protein,1
9813758,CPI,P48736,compound,protein,1
9813758,CPI,P49761,compound,protein,1
9813758,CPI,P53667,compound,protein,1
9813758,CPI,P57059,compound,protein,1
9813758,CPI,Q00537,compound,protein,1
9813758,CPI,Q13464,compound,protein,1
9813758,CPI,Q8IWQ3,compound,protein,1
9813758,CPI,Q96PY6,compound,protein,1
9813758,CPI,Q9BVS4,compound,protein,1
9813758,CPI,Q9UQ88,compound,protein,1
9813758,CPI,Q99700,compound,protein,0
9813758,CPI,P08183,compound,protein,0
9813758,CPI,P0DMS8,compound,protein,0
9813758,CPI,P40225,compound,protein,0
9813758,CPI,P10635,compound,protein,0
9813758,CPI,Q9UBN7,compound,protein,0
9816959,CPI,Q8NFD2,compound,protein,0
98179087,CPI,Q13546,compound,protein,0
9818682,CPI,Q08499,compound,protein,1
9819927,CPI,P08913,compound,protein,0
9820008,CPI,P43354,compound,protein,1
9821849,CPI,P08908,compound,protein,1
9823820,CPI,O75460,compound,protein,1
9823820,CPI,P22830,compound,protein,1
9823820,CPI,Q16832,compound,protein,1
9823820,CPI,P49336,compound,protein,0
9823820,CPI,P0C1S8,compound,protein,0
9824562,CPI,P10275,compound,protein,1
9825149,CPI,P62829,compound,protein,0
9826308,CPI,O96017,compound,protein,1
9826308,CPI,P05129,compound,protein,1
9826308,CPI,P10721,compound,protein,1
9826308,CPI,Q96KB5,compound,protein,1
9826308,CPI,Q9Y4K4,compound,protein,1
9826308,CPI,P46734,compound,protein,0
9826308,CPI,P19838,compound,protein,0
9826308,CPI,P10828,compound,protein,0
9826308,CPI,Q12852,compound,protein,0
9826528,CPI,P15056,compound,protein,1
9826528,CPI,P30518,compound,protein,0
9827968,CPI,P15735,compound,protein,0
9827968,CPI,P43166,compound,protein,0
9828429,CPI,O00519,compound,protein,0
9829523,CPI,O75909,compound,protein,1
9829523,CPI,P11802,compound,protein,1
9829523,CPI,P42681,compound,protein,1
9829523,CPI,P51813,compound,protein,1
9829523,CPI,P53778,compound,protein,1
9829523,CPI,Q05655,compound,protein,1
9829523,CPI,Q13976,compound,protein,1
9829523,CPI,Q15418,compound,protein,1
9829523,CPI,Q5VT25,compound,protein,1
9829523,CPI,Q6XUX3,compound,protein,1
9829523,CPI,Q86YV6,compound,protein,1
9829523,CPI,Q8NEV4,compound,protein,1
9829523,CPI,Q8NG66,compound,protein,1
9829523,CPI,Q9BQI3,compound,protein,1
9829523,CPI,Q9BVS4,compound,protein,1
9829523,CPI,Q9BWU1,compound,protein,1
9829523,CPI,Q9P2K8,compound,protein,1
9829523,CPI,Q9UF33,compound,protein,1
9829523,CPI,Q9Y5N1,compound,protein,0
9829523,CPI,P37840,compound,protein,0
9841596,CPI,P28482,compound,protein,0
9841596,CPI,Q15569,compound,protein,0
9841596,CPI,Q16288,compound,protein,0
984170,CPI,P07947,compound,protein,1
984170,CPI,P16234,compound,protein,0
9841834,CPI,O76039,compound,protein,0
9849616,CPI,P37840,compound,protein,0
9852185,CPI,Q9HD36,compound,protein,1
9852185,CPI,P23975,compound,protein,0
9855081,CPI,P24941,compound,protein,0
9855081,CPI,P28221,compound,protein,0
9862248,CPI,P41595,compound,protein,0
9862248,CPI,Q8IU85,compound,protein,0
986349,CPI,P02545,compound,protein,1
9865515,CPI,P34969,compound,protein,0
9867642,CPI,P43681,compound,protein,1
9867642,CPI,P00918,compound,protein,0
9871074,CPI,Q9NUW8,compound,protein,0
9871875,CPI,O95622,compound,protein,1
9871875,CPI,P40145,compound,protein,1
9871875,CPI,Q13164,compound,protein,1
9871875,CPI,Q13148,compound,protein,0
9871875,CPI,O15530,compound,protein,0
9874913,CPI,O14976,compound,protein,1
9874913,CPI,P04049,compound,protein,1
9874913,CPI,P04629,compound,protein,1
9874913,CPI,P15056,compound,protein,1
9874913,CPI,P15735,compound,protein,1
9874913,CPI,P29597,compound,protein,1
9874913,CPI,P51451,compound,protein,1
9874913,CPI,Q13164,compound,protein,1
9874913,CPI,Q13554,compound,protein,1
9874913,CPI,Q15418,compound,protein,1
9874913,CPI,Q86YV6,compound,protein,1
9874913,CPI,Q8IU85,compound,protein,1
9874913,CPI,Q8N5S9,compound,protein,1
9874913,CPI,Q9Y5S2,compound,protein,1
9874913,CPI,P50406,compound,protein,0
9874913,CPI,Q8IYT8,compound,protein,0
9874913,CPI,P13945,compound,protein,0
9875401,CPI,P29597,compound,protein,0
9875401,CPI,Q5VT25,compound,protein,0
9880,CPI,P08908,compound,protein,1
9880,CPI,O95747,compound,protein,0
9882979,CPI,O75496,compound,protein,0
9884685,CPI,O14976,compound,protein,1
9884685,CPI,P04629,compound,protein,1
9884685,CPI,P08069,compound,protein,1
9884685,CPI,P29597,compound,protein,1
9884685,CPI,P35590,compound,protein,1
9884685,CPI,P37173,compound,protein,1
9884685,CPI,P51817,compound,protein,1
9884685,CPI,Q00537,compound,protein,1
9884685,CPI,Q02763,compound,protein,1
9884685,CPI,Q12852,compound,protein,1
9884685,CPI,Q13177,compound,protein,1
9884685,CPI,Q13546,compound,protein,1
9884685,CPI,Q15831,compound,protein,1
9884685,CPI,Q16620,compound,protein,1
9884685,CPI,Q7KZI7,compound,protein,1
9884685,CPI,Q86YV6,compound,protein,1
9884685,CPI,Q8WXR4,compound,protein,1
9884685,CPI,Q9BXA7,compound,protein,1
9884685,CPI,Q9UL54,compound,protein,1
9884685,CPI,P04637,compound,protein,0
9884685,CPI,Q96QE3,compound,protein,0
9884685,CPI,Q9NUW8,compound,protein,0
9884685,CPI,P11229,compound,protein,0
9886086,CPI,P18089,compound,protein,0
9887381,CPI,Q9H2K8,compound,protein,0
98889,CPI,O15296,compound,protein,1
9893924,CPI,P31645,compound,protein,1
9902313,CPI,Q9BZL6,compound,protein,0
9903,CPI,Q96RI1,compound,protein,1
9903,CPI,P46734,compound,protein,0
9906875,CPI,Q9H4B4,compound,protein,1
9910224,CPI,P25101,compound,protein,1
9910486,CPI,P78368,compound,protein,0
9910486,CPI,O43570,compound,protein,0
9911463,CPI,P16473,compound,protein,1
9911830,CPI,P08581,compound,protein,1
9911830,CPI,P11274,compound,protein,1
9911830,CPI,P29274,compound,protein,1
9911830,CPI,O60285,compound,protein,0
9911830,CPI,Q96KQ7,compound,protein,0
9913,CPI,P00533,compound,protein,0
9914412,CPI,P04629,compound,protein,1
9914412,CPI,P51817,compound,protein,1
9914412,CPI,P57058,compound,protein,0
9914412,CPI,Q9BRS2,compound,protein,0
9914412,CPI,P29317,compound,protein,0
9914412,CPI,Q9Y2H1,compound,protein,0
9914412,CPI,Q9Y5N1,compound,protein,0
9914412,CPI,Q96PY6,compound,protein,0
9915743,CPI,O94806,compound,protein,1
9915743,CPI,P41240,compound,protein,1
9915743,CPI,Q00537,compound,protein,1
9915743,CPI,Q16288,compound,protein,1
9915743,CPI,Q7KZI7,compound,protein,1
9915743,CPI,Q86YV6,compound,protein,1
9915743,CPI,Q9Y6M4,compound,protein,1
9915743,CPI,P11712,compound,protein,0
9915743,CPI,P08173,compound,protein,0
9915743,CPI,P08913,compound,protein,0
9915743,CPI,Q9UBN7,compound,protein,0
9915743,CPI,Q99714,compound,protein,0
9915743,CPI,P30542,compound,protein,0
9915886,CPI,P31644,compound,protein,1
9915886,CPI,Q9UIF8,compound,protein,1
9915886,CPI,P30291,compound,protein,0
9918,CPI,P09769,compound,protein,0
9918559,CPI,P27448,compound,protein,0
9924495,CPI,P78527,compound,protein,0
9931891,CPI,Q9UQB9,compound,protein,0
9931954,CPI,O14757,compound,protein,1
9931954,CPI,O75116,compound,protein,1
9931954,CPI,P28482,compound,protein,1
9931954,CPI,Q08499,compound,protein,1
9931954,CPI,Q13131,compound,protein,1
9931954,CPI,Q13627,compound,protein,1
9931954,CPI,Q9UBE8,compound,protein,0
9931954,CPI,P21554,compound,protein,0
9931954,CPI,Q96QE3,compound,protein,0
9933475,CPI,O43318,compound,protein,1
9933475,CPI,P00519,compound,protein,1
9933475,CPI,P11274,compound,protein,1
9933475,CPI,P15735,compound,protein,1
9933475,CPI,P46734,compound,protein,1
9933475,CPI,P53671,compound,protein,1
9933475,CPI,Q13163,compound,protein,1
9933475,CPI,Q13177,compound,protein,1
9933475,CPI,Q13470,compound,protein,1
9933475,CPI,Q13554,compound,protein,1
9933475,CPI,Q13557,compound,protein,1
9933475,CPI,Q16832,compound,protein,1
9933475,CPI,P22303,compound,protein,0
9933475,CPI,P41595,compound,protein,0
9933475,CPI,P35462,compound,protein,0
9933475,CPI,P83916,compound,protein,0
9933475,CPI,P10635,compound,protein,0
9933475,CPI,P18825,compound,protein,0
9934347,CPI,P07949,compound,protein,1
9934347,CPI,P27448,compound,protein,1
9934347,CPI,P35968,compound,protein,1
9934347,CPI,P36507,compound,protein,1
9934347,CPI,P51957,compound,protein,1
9934347,CPI,P52333,compound,protein,1
9934347,CPI,P53778,compound,protein,1
9934347,CPI,Q12851,compound,protein,1
9934347,CPI,Q16288,compound,protein,1
9934347,CPI,Q9BXA7,compound,protein,1
9934347,CPI,Q8NI60,compound,protein,0
9934347,CPI,Q99755,compound,protein,0
9934347,CPI,O00238,compound,protein,0
9934347,CPI,P18089,compound,protein,0
9934347,CPI,O75874,compound,protein,0
9935249,CPI,Q8N568,compound,protein,0
9936388,CPI,P27361,compound,protein,0
9936388,CPI,P10636,compound,protein,0
9936746,CPI,P27815,compound,protein,0
9939609,CPI,Q13093,compound,protein,1
9941444,CPI,P21917,compound,protein,1
9941444,CPI,P30874,compound,protein,1
9941444,CPI,P37288,compound,protein,0
9941444,CPI,P19525,compound,protein,0
9949641,CPI,P51817,compound,protein,0
9950038,CPI,P10636,compound,protein,0
9952773,CPI,O00311,compound,protein,1
9952773,CPI,P07948,compound,protein,1
9952773,CPI,P68400,compound,protein,1
9952773,CPI,Q13627,compound,protein,1
9952773,CPI,P53779,compound,protein,0
9952773,CPI,P40225,compound,protein,0
9952773,CPI,O43318,compound,protein,0
9953599,CPI,P10636,compound,protein,0
9956119,CPI,P07948,compound,protein,1
9956119,CPI,P08069,compound,protein,1
9956119,CPI,P10721,compound,protein,1
9956119,CPI,P28482,compound,protein,1
9956119,CPI,Q13153,compound,protein,1
9956119,CPI,Q13237,compound,protein,1
9956119,CPI,Q14012,compound,protein,1
9956119,CPI,Q16620,compound,protein,1
9956119,CPI,Q7KZI7,compound,protein,1
9956119,CPI,Q8IW41,compound,protein,1
9956119,CPI,Q96KB5,compound,protein,1
9956119,CPI,O75496,compound,protein,0
9956119,CPI,P47869,compound,protein,0
9956119,CPI,Q9Y5N1,compound,protein,0
9956119,CPI,P21709,compound,protein,0
9956119,CPI,Q00532,compound,protein,0
9956119,CPI,Q9P2K8,compound,protein,0
9956119,CPI,Q13470,compound,protein,0
9956145,CPI,P0DMS8,compound,protein,0
9956222,CPI,Q8IVH8,compound,protein,0
9956637,CPI,P35228,compound,protein,0
