head,relation,tail,head_type,tail_type,label
10029385,CPI,P45983,compound,protein,1
10029385,CPI,P49760,compound,protein,1
10029385,CPI,Q16620,compound,protein,1
10029385,CPI,Q9H2X6,compound,protein,1
10029385,CPI,Q9UEE5,compound,protein,1
10029385,CPI,P34981,compound,protein,0
10029385,CPI,Q8NFA2,compound,protein,0
10029385,CPI,P50570,compound,protein,0
10052040,CPI,Q16706,compound,protein,0
10071196,CPI,P20645,compound,protein,0
10074640,CPI,O43318,compound,protein,1
10074640,CPI,O75385,compound,protein,1
10074640,CPI,O95747,compound,protein,1
10074640,CPI,P06213,compound,protein,1
10074640,CPI,P0C264,compound,protein,1
10074640,CPI,P36897,compound,protein,1
10074640,CPI,P50613,compound,protein,1
10074640,CPI,Q00532,compound,protein,1
10074640,CPI,Q5S007,compound,protein,1
10074640,CPI,Q96BR1,compound,protein,1
10074640,CPI,Q9P1W9,compound,protein,1
10074640,CPI,Q9P2K8,compound,protein,1
10074640,CPI,Q9UK32,compound,protein,1
10074640,CPI,Q92633,compound,protein,0
10074640,CPI,P20645,compound,protein,0
10074640,CPI,P50570,compound,protein,0
10074640,CPI,P00750,compound,protein,0
10074640,CPI,P21281,compound,protein,0
10074640,CPI,P05113,compound,protein,0
10074640,CPI,P06702,compound,protein,0
10074640,CPI,P29508,compound,protein,0
10074640,CPI,P21673,compound,protein,0
10077130,CPI,O95342,compound,protein,1
10090485,CPI,Q9Y275,compound,protein,0
10096344,CPI,P07550,compound,protein,1
10096344,CPI,P18089,compound,protein,1
10096344,CPI,P25021,compound,protein,1
10096344,CPI,P08559,compound,protein,0
10096344,CPI,Q96KQ7,compound,protein,0
10109823,CPI,O75582,compound,protein,1
10109823,CPI,P45985,compound,protein,1
10109823,CPI,P53779,compound,protein,1
10109823,CPI,P19022,compound,protein,0
10113978,CPI,O75460,compound,protein,1
10113978,CPI,P15735,compound,protein,1
10113978,CPI,P31152,compound,protein,1
10113978,CPI,P33981,compound,protein,1
10113978,CPI,P42681,compound,protein,1
10113978,CPI,P49674,compound,protein,1
10113978,CPI,P51813,compound,protein,1
10113978,CPI,Q15349,compound,protein,1
10113978,CPI,Q15569,compound,protein,1
10113978,CPI,Q32MK0,compound,protein,1
10113978,CPI,Q59H18,compound,protein,1
10113978,CPI,Q86Y07,compound,protein,1
10113978,CPI,Q9BUB5,compound,protein,1
10113978,CPI,Q9UBF8,compound,protein,1
10113978,CPI,Q9Y2U5,compound,protein,1
10113978,CPI,Q16706,compound,protein,0
10113978,CPI,Q9HBW0,compound,protein,0
10113978,CPI,P10092,compound,protein,0
10113978,CPI,P40926,compound,protein,0
10113978,CPI,Q15155,compound,protein,0
10113978,CPI,P50440,compound,protein,0
10113978,CPI,Q15238,compound,protein,0
10113978,CPI,P22888,compound,protein,0
10113978,CPI,Q5QJU3,compound,protein,0
10113978,CPI,P17752,compound,protein,0
10113978,CPI,O15528,compound,protein,0
10127622,CPI,O60285,compound,protein,1
10127622,CPI,P30530,compound,protein,1
10127622,CPI,P48736,compound,protein,1
10127622,CPI,P52333,compound,protein,1
10127622,CPI,Q02750,compound,protein,1
10127622,CPI,Q05397,compound,protein,1
10127622,CPI,Q12866,compound,protein,1
10127622,CPI,Q13188,compound,protein,1
10127622,CPI,Q14012,compound,protein,1
10127622,CPI,Q15208,compound,protein,1
10127622,CPI,Q15746,compound,protein,1
10127622,CPI,Q59H18,compound,protein,1
10127622,CPI,Q5S007,compound,protein,1
10127622,CPI,Q6DT37,compound,protein,1
10127622,CPI,Q6PHR2,compound,protein,1
10127622,CPI,Q6ZN16,compound,protein,1
10127622,CPI,Q86V86,compound,protein,1
10127622,CPI,Q96PY6,compound,protein,1
10127622,CPI,Q9UQM7,compound,protein,1
10127622,CPI,P23284,compound,protein,0
10127622,CPI,Q16613,compound,protein,0
10127622,CPI,P43004,compound,protein,0
10127622,CPI,Q12882,compound,protein,0
10127622,CPI,Q969P6,compound,protein,0
10127622,CPI,P23381,compound,protein,0
10127622,CPI,P10606,compound,protein,0
10127622,CPI,Q9Y5K2,compound,protein,0
10127622,CPI,P10586,compound,protein,0
10127622,CPI,P28072,compound,protein,0
10127622,CPI,Q6IA69,compound,protein,0
10127622,CPI,Q9NR22,compound,protein,0
10133,CPI,P60568,compound,protein,0
10173949,CPI,Q8IZX4,compound,protein,0
10184653,CPI,O00329,compound,protein,1
10184653,CPI,O00506,compound,protein,1
10184653,CPI,P15735,compound,protein,1
10184653,CPI,P19525,compound,protein,1
10184653,CPI,P22694,compound,protein,1
10184653,CPI,P29376,compound,protein,1
10184653,CPI,P29597,compound,protein,1
10184653,CPI,Q02763,compound,protein,1
10184653,CPI,Q13523,compound,protein,1
10184653,CPI,Q14012,compound,protein,1
10184653,CPI,Q15759,compound,protein,1
10184653,CPI,Q86V86,compound,protein,1
10184653,CPI,Q96PY6,compound,protein,1
10184653,CPI,Q96Q40,compound,protein,1
10184653,CPI,Q9H2G2,compound,protein,1
10184653,CPI,Q8N474,compound,protein,0
10184653,CPI,P20393,compound,protein,0
10184653,CPI,O60894,compound,protein,0
10184653,CPI,Q15761,compound,protein,0
10184653,CPI,P55769,compound,protein,0
10184653,CPI,O14841,compound,protein,0
10184653,CPI,P16662,compound,protein,0
10184653,CPI,P15382,compound,protein,0
10184653,CPI,P42892,compound,protein,0
10184653,CPI,P68363,compound,protein,0
10184653,CPI,P38936,compound,protein,0
10184653,CPI,Q99728,compound,protein,0
10196499,CPI,O75874,compound,protein,1
10200390,CPI,P04629,compound,protein,1
10200390,CPI,P49841,compound,protein,1
10200390,CPI,Q13131,compound,protein,1
10200390,CPI,Q9NYL2,compound,protein,1
10200390,CPI,P32754,compound,protein,0
10200390,CPI,Q96D31,compound,protein,0
10201696,CPI,Q9Y6I3,compound,protein,0
10201696,CPI,Q08499,compound,protein,0
10202642,CPI,Q99700,compound,protein,0
10205,CPI,Q16762,compound,protein,1
102175,CPI,O75469,compound,protein,0
10224714,CPI,P21439,compound,protein,0
10224714,CPI,P31639,compound,protein,0
10253143,CPI,P34972,compound,protein,1
10275789,CPI,P36888,compound,protein,1
10296883,CPI,P06493,compound,protein,1
10296883,CPI,P15735,compound,protein,1
10296883,CPI,Q13153,compound,protein,1
10296883,CPI,Q7Z2K8,compound,protein,0
10296883,CPI,Q9Y2K7,compound,protein,0
10296883,CPI,O95954,compound,protein,0
10296883,CPI,P25774,compound,protein,0
10297043,CPI,Q07912,compound,protein,1
10297043,CPI,P51685,compound,protein,0
10302451,CPI,P60568,compound,protein,0
10302451,CPI,P13866,compound,protein,0
10302451,CPI,O60911,compound,protein,0
10313,CPI,O95718,compound,protein,0
10335364,CPI,P08172,compound,protein,0
10377751,CPI,P13866,compound,protein,0
10377751,CPI,P31639,compound,protein,0
10410894,CPI,Q13237,compound,protein,0
10427712,CPI,O14920,compound,protein,1
10427712,CPI,O14936,compound,protein,1
10427712,CPI,O96017,compound,protein,1
10427712,CPI,P07949,compound,protein,1
10427712,CPI,P57059,compound,protein,1
10427712,CPI,P78362,compound,protein,1
10427712,CPI,Q04771,compound,protein,1
10427712,CPI,Q13976,compound,protein,1
10427712,CPI,Q16816,compound,protein,1
10427712,CPI,Q96RR4,compound,protein,1
10427712,CPI,Q9NWZ3,compound,protein,1
10427712,CPI,Q9NYY3,compound,protein,1
10427712,CPI,Q9UEE5,compound,protein,1
10427712,CPI,O60894,compound,protein,0
10427712,CPI,Q13443,compound,protein,0
10427712,CPI,P53396,compound,protein,0
10427712,CPI,Q16478,compound,protein,0
10427712,CPI,P34995,compound,protein,0
10427712,CPI,Q8NFI3,compound,protein,0
10427712,CPI,P08686,compound,protein,0
10427712,CPI,P53004,compound,protein,0
10427712,CPI,Q8N6T3,compound,protein,0
10427712,CPI,P17752,compound,protein,0
10427712,CPI,Q9Y239,compound,protein,0
10427712,CPI,P07477,compound,protein,0
10436840,CPI,P00533,compound,protein,1
10446295,CPI,P21709,compound,protein,0
10461508,CPI,P53350,compound,protein,1
10461815,CPI,O00506,compound,protein,1
10461815,CPI,O15111,compound,protein,1
10461815,CPI,O43293,compound,protein,1
10461815,CPI,P19525,compound,protein,1
10461815,CPI,P19784,compound,protein,1
10461815,CPI,Q05655,compound,protein,1
10461815,CPI,Q06418,compound,protein,1
10461815,CPI,Q08881,compound,protein,1
10461815,CPI,Q13557,compound,protein,1
10461815,CPI,Q15746,compound,protein,1
10461815,CPI,Q6ZN16,compound,protein,1
10461815,CPI,Q8NEV4,compound,protein,1
10461815,CPI,Q8TDX7,compound,protein,1
10461815,CPI,Q96SB4,compound,protein,1
10461815,CPI,Q9H3Y6,compound,protein,1
10461815,CPI,P78417,compound,protein,0
10461815,CPI,Q14573,compound,protein,0
10461815,CPI,Q02108,compound,protein,0
10461815,CPI,O95696,compound,protein,0
10461815,CPI,P13073,compound,protein,0
10461815,CPI,O00482,compound,protein,0
10461815,CPI,Q96NZ9,compound,protein,0
10461815,CPI,Q9Y5Y6,compound,protein,0
10461815,CPI,P23921,compound,protein,0
10461815,CPI,Q9Y2K7,compound,protein,0
10461815,CPI,P10070,compound,protein,0
10461815,CPI,P07602,compound,protein,0
10461815,CPI,Q02153,compound,protein,0
10461815,CPI,P11150,compound,protein,0
104842,CPI,Q92831,compound,protein,0
104850,CPI,P41595,compound,protein,1
104850,CPI,P26196,compound,protein,0
104850,CPI,P62736,compound,protein,0
104865,CPI,Q96K76,compound,protein,0
104865,CPI,P27037,compound,protein,0
105008,CPI,Q6W5P4,compound,protein,1
1054,CPI,P20711,compound,protein,1
10607,CPI,Q8NFM4,compound,protein,0
10607,CPI,P25103,compound,protein,0
10607,CPI,P28223,compound,protein,0
10631,CPI,Q9H2G2,compound,protein,0
10633,CPI,P28482,compound,protein,1
10742,CPI,P41145,compound,protein,0
1075883,CPI,Q6W5P4,compound,protein,1
1075883,CPI,P42680,compound,protein,0
10770,CPI,P36542,compound,protein,0
107704,CPI,P10636,compound,protein,1
107704,CPI,O43323,compound,protein,0
107715,CPI,P08908,compound,protein,1
107715,CPI,P13945,compound,protein,1
107715,CPI,P21917,compound,protein,1
107715,CPI,P01350,compound,protein,0
107775,CPI,P07550,compound,protein,0
107780,CPI,P22894,compound,protein,0
107807,CPI,P12821,compound,protein,1
107807,CPI,P10635,compound,protein,0
107935,CPI,Q9NUW8,compound,protein,1
107935,CPI,Q9HBY0,compound,protein,0
107935,CPI,P41595,compound,protein,0
107970,CPI,P33261,compound,protein,0
107985,CPI,O00329,compound,protein,0
108046,CPI,P41595,compound,protein,0
108094,CPI,P41145,compound,protein,0
108137,CPI,O43193,compound,protein,0
108137,CPI,Q9Y2K7,compound,protein,0
108143,CPI,P11229,compound,protein,1
108182,CPI,Q13490,compound,protein,0
10831,CPI,P08173,compound,protein,1
10831,CPI,Q14432,compound,protein,1
1092458,CPI,O60603,compound,protein,0
10947895,CPI,P11229,compound,protein,1
10947895,CPI,P23975,compound,protein,1
10947895,CPI,P41595,compound,protein,1
10947895,CPI,Q13443,compound,protein,0
11003969,CPI,Q9ULD4,compound,protein,0
1102,CPI,P22748,compound,protein,1
1102,CPI,P11388,compound,protein,0
1102,CPI,P35557,compound,protein,0
110634,CPI,O76074,compound,protein,1
110634,CPI,P32320,compound,protein,0
110635,CPI,O43193,compound,protein,1
110635,CPI,P08908,compound,protein,1
110635,CPI,P28223,compound,protein,1
110635,CPI,P13569,compound,protein,0
11095,CPI,O15393,compound,protein,0
11095,CPI,Q16832,compound,protein,0
11152667,CPI,O96013,compound,protein,1
11152667,CPI,P06239,compound,protein,1
11152667,CPI,P07949,compound,protein,1
11152667,CPI,O60678,compound,protein,0
11152667,CPI,Q14654,compound,protein,0
11154555,CPI,P08908,compound,protein,1
11154555,CPI,P28223,compound,protein,1
11154555,CPI,P28335,compound,protein,1
11154555,CPI,P41595,compound,protein,1
11167602,CPI,P22455,compound,protein,1
11167602,CPI,P53667,compound,protein,1
11213558,CPI,P15735,compound,protein,1
11213558,CPI,P31751,compound,protein,1
11213558,CPI,P49759,compound,protein,1
11213558,CPI,P53779,compound,protein,1
11213558,CPI,P54764,compound,protein,1
11213558,CPI,P57078,compound,protein,1
11213558,CPI,Q00532,compound,protein,1
11213558,CPI,Q13188,compound,protein,1
11213558,CPI,Q16288,compound,protein,1
11213558,CPI,Q16513,compound,protein,1
11213558,CPI,Q16816,compound,protein,1
11213558,CPI,Q9H2X6,compound,protein,1
11213558,CPI,Q9UEW8,compound,protein,1
11213558,CPI,Q9UK32,compound,protein,1
11213558,CPI,P50391,compound,protein,0
11213558,CPI,O95696,compound,protein,0
11213558,CPI,P24298,compound,protein,0
11213558,CPI,P30711,compound,protein,0
11213558,CPI,Q9UJT1,compound,protein,0
11213558,CPI,Q8IWT1,compound,protein,0
11213558,CPI,P16860,compound,protein,0
11213558,CPI,P49448,compound,protein,0
11213558,CPI,Q9UGM6,compound,protein,0
11213558,CPI,P60903,compound,protein,0
11213558,CPI,O95136,compound,protein,0
11213558,CPI,Q9NYW4,compound,protein,0
11213558,CPI,Q13003,compound,protein,0
11213558,CPI,P57789,compound,protein,0
11219195,CPI,Q6ZN16,compound,protein,0
11226090,CPI,Q9UP65,compound,protein,0
11234052,CPI,P17948,compound,protein,1
11234052,CPI,P42338,compound,protein,1
11234052,CPI,P49674,compound,protein,1
11234052,CPI,P51451,compound,protein,1
11234052,CPI,P52564,compound,protein,1
11234052,CPI,P54760,compound,protein,1
11234052,CPI,Q08881,compound,protein,1
11234052,CPI,Q15759,compound,protein,1
11234052,CPI,Q8N752,compound,protein,1
11234052,CPI,Q99755,compound,protein,1
11234052,CPI,Q9BYT3,compound,protein,1
11234052,CPI,Q9H0K1,compound,protein,1
11234052,CPI,Q9UBF8,compound,protein,1
11234052,CPI,Q9NYW1,compound,protein,0
11234052,CPI,P48051,compound,protein,0
11234052,CPI,P20701,compound,protein,0
11234052,CPI,P01350,compound,protein,0
11234052,CPI,P04746,compound,protein,0
11234052,CPI,P0DPH7,compound,protein,0
11234052,CPI,P06865,compound,protein,0
11234052,CPI,P49585,compound,protein,0
11234052,CPI,Q9Y3Q4,compound,protein,0
11234052,CPI,Q99456,compound,protein,0
11256587,CPI,Q13422,compound,protein,0
11282283,CPI,P10721,compound,protein,1
11289,CPI,P21554,compound,protein,1
11289630,CPI,P57059,compound,protein,0
11289630,CPI,A8K7I4,compound,protein,0
11302540,CPI,P42330,compound,protein,0
11317348,CPI,P18858,compound,protein,0
11319053,CPI,Q96KB5,compound,protein,0
11327430,CPI,P05187,compound,protein,0
11338033,CPI,O14976,compound,protein,1
11338033,CPI,O15111,compound,protein,1
11338033,CPI,O60674,compound,protein,1
11338033,CPI,O75582,compound,protein,1
11338033,CPI,O95382,compound,protein,1
11338033,CPI,P00533,compound,protein,1
11338033,CPI,P30530,compound,protein,1
11338033,CPI,P37173,compound,protein,1
11338033,CPI,P42336,compound,protein,1
11338033,CPI,P48730,compound,protein,1
11338033,CPI,P50613,compound,protein,1
11338033,CPI,P51813,compound,protein,1
11338033,CPI,P54764,compound,protein,1
11338033,CPI,Q86YV6,compound,protein,1
11338033,CPI,Q8IVW4,compound,protein,1
11338033,CPI,Q96GD4,compound,protein,1
11338033,CPI,Q9HCP0,compound,protein,1
11338033,CPI,Q9NQU5,compound,protein,1
11338033,CPI,Q9UHD2,compound,protein,1
11338033,CPI,Q9UK32,compound,protein,1
11338033,CPI,P25815,compound,protein,0
11338033,CPI,P30049,compound,protein,0
11338033,CPI,P17538,compound,protein,0
11338033,CPI,Q9NR22,compound,protein,0
11338033,CPI,Q8TDU6,compound,protein,0
11338033,CPI,P49895,compound,protein,0
11338033,CPI,P36776,compound,protein,0
11338033,CPI,Q2M3G0,compound,protein,0
11338033,CPI,Q9UF02,compound,protein,0
11338033,CPI,P17936,compound,protein,0
11339118,CPI,P08588,compound,protein,0
11364421,CPI,O14965,compound,protein,1
11364421,CPI,O75747,compound,protein,1
11364421,CPI,P37023,compound,protein,1
11364421,CPI,P51812,compound,protein,1
11364421,CPI,P51956,compound,protein,1
11364421,CPI,P68400,compound,protein,1
11364421,CPI,Q05655,compound,protein,1
11364421,CPI,Q13523,compound,protein,1
11364421,CPI,Q13873,compound,protein,1
11364421,CPI,Q14012,compound,protein,1
11364421,CPI,Q14680,compound,protein,1
11364421,CPI,Q15208,compound,protein,1
11364421,CPI,Q16539,compound,protein,1
11364421,CPI,Q58F21,compound,protein,1
11364421,CPI,Q8IVH8,compound,protein,1
11364421,CPI,Q9HBH9,compound,protein,1
11364421,CPI,P21281,compound,protein,0
11364421,CPI,P14410,compound,protein,0
11364421,CPI,P35520,compound,protein,0
11364421,CPI,P62913,compound,protein,0
11364421,CPI,P02787,compound,protein,0
11364421,CPI,Q9NSA0,compound,protein,0
11364421,CPI,Q05315,compound,protein,0
11364421,CPI,P25090,compound,protein,0
11364421,CPI,P38606,compound,protein,0
11364421,CPI,P04179,compound,protein,0
11382492,CPI,P53611,compound,protein,0
11404337,CPI,Q92843,compound,protein,1
11404337,CPI,Q9HD36,compound,protein,1
11427553,CPI,O60285,compound,protein,1
11427553,CPI,P04049,compound,protein,1
11427553,CPI,P06241,compound,protein,1
11427553,CPI,P0C264,compound,protein,1
11427553,CPI,P48730,compound,protein,1
11427553,CPI,P49336,compound,protein,1
11427553,CPI,P51812,compound,protein,1
11427553,CPI,P53671,compound,protein,1
11427553,CPI,Q02750,compound,protein,1
11427553,CPI,Q04771,compound,protein,1
11427553,CPI,Q05397,compound,protein,1
11427553,CPI,Q12866,compound,protein,1
11427553,CPI,Q16659,compound,protein,1
11427553,CPI,Q2M2I8,compound,protein,1
11427553,CPI,Q8N4C8,compound,protein,1
11427553,CPI,Q8NE63,compound,protein,1
11427553,CPI,Q96D53,compound,protein,1
11427553,CPI,Q96Q40,compound,protein,1
11427553,CPI,Q9BX84,compound,protein,1
11427553,CPI,Q9H2K8,compound,protein,1
11427553,CPI,Q9P2K8,compound,protein,1
11427553,CPI,P14207,compound,protein,0
11427553,CPI,P63279,compound,protein,0
11427553,CPI,P36969,compound,protein,0
11427553,CPI,P43235,compound,protein,0
11427553,CPI,P25815,compound,protein,0
11427553,CPI,Q7Z5B4,compound,protein,0
11427553,CPI,Q14573,compound,protein,0
11427553,CPI,P62829,compound,protein,0
11427553,CPI,Q9NYK1,compound,protein,0
11427553,CPI,P48051,compound,protein,0
11427553,CPI,P02144,compound,protein,0
11427553,CPI,P05113,compound,protein,0
11427553,CPI,Q16134,compound,protein,0
11427553,CPI,P59537,compound,protein,0
11427553,CPI,Q9UBB5,compound,protein,0
1143390,CPI,P35367,compound,protein,0
11434515,CPI,O95342,compound,protein,0
11442891,CPI,P00533,compound,protein,1
11442891,CPI,P31749,compound,protein,1
11442891,CPI,P36888,compound,protein,1
11442891,CPI,Q07912,compound,protein,1
11442891,CPI,Q13043,compound,protein,1
11442891,CPI,Q13188,compound,protein,1
11442891,CPI,P02774,compound,protein,0
11442891,CPI,Q9NUW8,compound,protein,0
11450633,CPI,P18089,compound,protein,1
11455910,CPI,Q02641,compound,protein,0
11476171,CPI,P06213,compound,protein,1
11476171,CPI,P43405,compound,protein,1
11476171,CPI,Q9UM73,compound,protein,1
11476171,CPI,Q16134,compound,protein,0
114811,CPI,Q92830,compound,protein,0
114829,CPI,P42336,compound,protein,0
11485656,CPI,O00329,compound,protein,1
11485656,CPI,O14733,compound,protein,1
11485656,CPI,O60674,compound,protein,1
11485656,CPI,O75460,compound,protein,1
11485656,CPI,O94768,compound,protein,1
11485656,CPI,P07947,compound,protein,1
11485656,CPI,P16591,compound,protein,1
11485656,CPI,P20794,compound,protein,1
11485656,CPI,P27448,compound,protein,1
11485656,CPI,P29376,compound,protein,1
11485656,CPI,P35590,compound,protein,1
11485656,CPI,P36888,compound,protein,1
11485656,CPI,P37173,compound,protein,1
11485656,CPI,P49336,compound,protein,1
11485656,CPI,P49760,compound,protein,1
11485656,CPI,P57058,compound,protein,1
11485656,CPI,Q07002,compound,protein,1
11485656,CPI,Q07912,compound,protein,1
11485656,CPI,Q13237,compound,protein,1
11485656,CPI,Q14004,compound,protein,1
11485656,CPI,Q8TDX7,compound,protein,1
11485656,CPI,Q96PY6,compound,protein,1
11485656,CPI,Q96SB4,compound,protein,1
11485656,CPI,Q9UBE8,compound,protein,1
11485656,CPI,P11678,compound,protein,0
11485656,CPI,P23469,compound,protein,0
11485656,CPI,P00797,compound,protein,0
11485656,CPI,Q6P6C2,compound,protein,0
11485656,CPI,P06865,compound,protein,0
11485656,CPI,Q12830,compound,protein,0
11485656,CPI,Q9UHJ3,compound,protein,0
11485656,CPI,O14717,compound,protein,0
11485656,CPI,O00222,compound,protein,0
11485656,CPI,O00341,compound,protein,0
11485656,CPI,P15169,compound,protein,0
11485656,CPI,P48995,compound,protein,0
11485656,CPI,P30411,compound,protein,0
11485656,CPI,P21554,compound,protein,0
11488320,CPI,Q8IWU9,compound,protein,0
114904,CPI,P30559,compound,protein,1
11497983,CPI,O95819,compound,protein,1
11497983,CPI,Q02779,compound,protein,1
11497983,CPI,P51648,compound,protein,0
11497983,CPI,O14672,compound,protein,0
11497983,CPI,Q92847,compound,protein,0
11503972,CPI,P35367,compound,protein,0
11511120,CPI,Q16696,compound,protein,0
11511120,CPI,P35916,compound,protein,0
11519070,CPI,P54710,compound,protein,0
11524144,CPI,P37023,compound,protein,1
11531745,CPI,P43005,compound,protein,1
11531745,CPI,P10276,compound,protein,0
115368,CPI,Q8NFT8,compound,protein,0
11548630,CPI,Q9UP65,compound,protein,0
11561674,CPI,Q00534,compound,protein,1
11570626,CPI,Q12809,compound,protein,1
11570626,CPI,P59534,compound,protein,0
11617559,CPI,O60285,compound,protein,1
11617559,CPI,P10721,compound,protein,1
11617559,CPI,Q13153,compound,protein,1
11617559,CPI,Q13554,compound,protein,1
11617559,CPI,Q96SB4,compound,protein,1
11617559,CPI,Q9UK32,compound,protein,1
11617559,CPI,Q9Y2K2,compound,protein,1
11617559,CPI,Q9Y5K3,compound,protein,0
11617559,CPI,P30990,compound,protein,0
11617559,CPI,P00742,compound,protein,0
11617559,CPI,Q14571,compound,protein,0
11617559,CPI,P35573,compound,protein,0
11617559,CPI,Q06520,compound,protein,0
11620908,CPI,O00238,compound,protein,1
11620908,CPI,Q6V1X1,compound,protein,0
11620908,CPI,P55157,compound,protein,0
11625818,CPI,P23219,compound,protein,1
11631681,CPI,P28223,compound,protein,0
11634725,CPI,P49840,compound,protein,1
11644425,CPI,P19525,compound,protein,1
11644425,CPI,Q9BUB5,compound,protein,1
11644425,CPI,O95696,compound,protein,0
11644425,CPI,Q9NUW8,compound,protein,0
11667893,CPI,P00533,compound,protein,1
11667893,CPI,P06213,compound,protein,1
11667893,CPI,P06241,compound,protein,1
11667893,CPI,P08069,compound,protein,1
11667893,CPI,P14616,compound,protein,1
11667893,CPI,P29317,compound,protein,1
11667893,CPI,P29322,compound,protein,1
11667893,CPI,P29597,compound,protein,1
11667893,CPI,P49760,compound,protein,1
11667893,CPI,Q15139,compound,protein,1
11667893,CPI,Q16566,compound,protein,1
11667893,CPI,Q86UE8,compound,protein,1
11667893,CPI,Q8N5S9,compound,protein,1
11667893,CPI,Q96L34,compound,protein,1
11667893,CPI,Q9H093,compound,protein,1
11667893,CPI,Q9H2G2,compound,protein,1
11667893,CPI,Q9H3Y6,compound,protein,1
11667893,CPI,Q9H422,compound,protein,1
11667893,CPI,Q9NRH2,compound,protein,1
11667893,CPI,Q12908,compound,protein,0
11667893,CPI,Q99259,compound,protein,0
11667893,CPI,O15342,compound,protein,0
11667893,CPI,Q9H492,compound,protein,0
11667893,CPI,P13639,compound,protein,0
11667893,CPI,P48067,compound,protein,0
11667893,CPI,Q7L0J3,compound,protein,0
11676786,CPI,P30556,compound,protein,0
11683,CPI,P10275,compound,protein,1
11689583,CPI,P48544,compound,protein,0
11712649,CPI,O14976,compound,protein,1
11712649,CPI,O75116,compound,protein,1
11712649,CPI,O75676,compound,protein,1
11712649,CPI,P16234,compound,protein,1
11712649,CPI,P29323,compound,protein,1
11712649,CPI,P42681,compound,protein,1
11712649,CPI,P48729,compound,protein,1
11712649,CPI,P49841,compound,protein,1
11712649,CPI,P51957,compound,protein,1
11712649,CPI,P52333,compound,protein,1
11712649,CPI,Q02750,compound,protein,1
11712649,CPI,Q13873,compound,protein,1
11712649,CPI,Q16512,compound,protein,1
11712649,CPI,Q96BR1,compound,protein,1
11712649,CPI,Q9Y6R4,compound,protein,1
11712649,CPI,Q96I99,compound,protein,0
11712649,CPI,P52789,compound,protein,0
11712649,CPI,P51787,compound,protein,0
11712649,CPI,P08514,compound,protein,0
11712649,CPI,Q8NCG7,compound,protein,0
11712649,CPI,P00742,compound,protein,0
11713159,CPI,P36507,compound,protein,1
11713159,CPI,Q13131,compound,protein,1
11713159,CPI,Q13153,compound,protein,1
11713159,CPI,Q13627,compound,protein,1
11713159,CPI,Q16644,compound,protein,1
11713159,CPI,Q5S007,compound,protein,1
11713159,CPI,Q96PF2,compound,protein,1
11713159,CPI,Q9UEE5,compound,protein,1
11713159,CPI,Q96L21,compound,protein,0
11713159,CPI,Q01196,compound,protein,0
11713159,CPI,O95644,compound,protein,0
11713159,CPI,P50213,compound,protein,0
11713159,CPI,P24468,compound,protein,0
11713159,CPI,O43708,compound,protein,0
11713159,CPI,Q12882,compound,protein,0
11715767,CPI,P36507,compound,protein,1
11715767,CPI,P53667,compound,protein,1
11715767,CPI,Q96GD4,compound,protein,1
11715767,CPI,Q9Y463,compound,protein,1
11715767,CPI,Q99500,compound,protein,0
11715767,CPI,Q14330,compound,protein,0
11715767,CPI,P17752,compound,protein,0
11715767,CPI,Q8TF61,compound,protein,0
11715767,CPI,Q9NUW8,compound,protein,0
11719003,CPI,Q96PD7,compound,protein,0
1176,CPI,P00918,compound,protein,1
1176,CPI,Q03181,compound,protein,1
11771279,CPI,P49760,compound,protein,0
11771279,CPI,Q12809,compound,protein,0
11773081,CPI,P10275,compound,protein,1
11773081,CPI,Q16620,compound,protein,0
1177322,CPI,Q96KQ7,compound,protein,0
11784736,CPI,Q9Y5Z0,compound,protein,0
11842604,CPI,P08631,compound,protein,0
11862,CPI,P21673,compound,protein,0
11865433,CPI,Q9UNK4,compound,protein,0
11870423,CPI,P08588,compound,protein,0
11870426,CPI,P06493,compound,protein,0
119,CPI,Q96KQ7,compound,protein,1
119,CPI,P12429,compound,protein,0
119192,CPI,Q99523,compound,protein,1
119369,CPI,P08908,compound,protein,1
119376,CPI,Q14697,compound,protein,0
11950170,CPI,O14965,compound,protein,1
11950170,CPI,O96017,compound,protein,1
11950170,CPI,P05129,compound,protein,1
11950170,CPI,P07949,compound,protein,1
11950170,CPI,P29317,compound,protein,1
11950170,CPI,Q00535,compound,protein,1
11950170,CPI,P50579,compound,protein,0
11950170,CPI,Q02108,compound,protein,0
11950170,CPI,Q8IZS8,compound,protein,0
119570,CPI,P08172,compound,protein,1
119570,CPI,P35367,compound,protein,1
119570,CPI,P50406,compound,protein,1
119570,CPI,P13639,compound,protein,0
11957499,CPI,O95153,compound,protein,0
11957499,CPI,Q9BX84,compound,protein,0
11957615,CPI,P14416,compound,protein,1
11957615,CPI,P18089,compound,protein,1
11957615,CPI,P21918,compound,protein,1
11957615,CPI,P34969,compound,protein,1
11957615,CPI,Q96PN8,compound,protein,0
11960529,CPI,P09874,compound,protein,1
11964036,CPI,Q6B0I6,compound,protein,0
11973736,CPI,P07949,compound,protein,1
11977753,CPI,P29376,compound,protein,1
11977753,CPI,P51817,compound,protein,1
11977753,CPI,P53667,compound,protein,1
11977753,CPI,P31040,compound,protein,0
11977753,CPI,P01112,compound,protein,0
11977753,CPI,Q9P0U3,compound,protein,0
11978790,CPI,P42345,compound,protein,1
11978790,CPI,P49759,compound,protein,1
11978790,CPI,P59535,compound,protein,0
11978790,CPI,Q09428,compound,protein,0
11978790,CPI,Q99250,compound,protein,0
11978813,CPI,P18089,compound,protein,1
11978813,CPI,Q05315,compound,protein,0
11978813,CPI,P24310,compound,protein,0
1203,CPI,P23219,compound,protein,1
1203,CPI,P45984,compound,protein,0
12035,CPI,P49798,compound,protein,1
12035,CPI,Q9UKV0,compound,protein,0
12043281,CPI,P20674,compound,protein,0
12179987,CPI,P28329,compound,protein,0
121846,CPI,O00329,compound,protein,0
121877,CPI,P51956,compound,protein,0
121891,CPI,P23975,compound,protein,1
1219,CPI,Q9UNK4,compound,protein,0
121926,CPI,P18507,compound,protein,1
121930,CPI,P05177,compound,protein,1
122023,CPI,O75311,compound,protein,0
122136,CPI,P23975,compound,protein,1
122136,CPI,Q8N5S9,compound,protein,0
122334,CPI,P27695,compound,protein,1
122335,CPI,Q9H2K8,compound,protein,0
122623,CPI,P50591,compound,protein,0
123606,CPI,O95342,compound,protein,0
123619,CPI,P08588,compound,protein,1
123619,CPI,P30556,compound,protein,1
123619,CPI,P34969,compound,protein,1
123619,CPI,Q9Y5N1,compound,protein,1
123619,CPI,Q9Y2K7,compound,protein,0
123619,CPI,O75311,compound,protein,0
123619,CPI,Q6PHW0,compound,protein,0
123631,CPI,O00311,compound,protein,1
123631,CPI,O75460,compound,protein,1
123631,CPI,O95819,compound,protein,1
123631,CPI,O95835,compound,protein,1
123631,CPI,P00533,compound,protein,1
123631,CPI,P05129,compound,protein,1
123631,CPI,P17948,compound,protein,1
123631,CPI,P19784,compound,protein,1
123631,CPI,P36896,compound,protein,1
123631,CPI,P45985,compound,protein,1
123631,CPI,P48730,compound,protein,1
123631,CPI,P49841,compound,protein,1
123631,CPI,P51812,compound,protein,1
123631,CPI,Q05397,compound,protein,1
123631,CPI,Q08345,compound,protein,1
123631,CPI,Q5S007,compound,protein,1
123631,CPI,Q8NI60,compound,protein,1
123631,CPI,Q9BWU1,compound,protein,1
123631,CPI,Q9HCP0,compound,protein,1
123631,CPI,Q9NRH2,compound,protein,1
123631,CPI,P25774,compound,protein,0
123631,CPI,P42892,compound,protein,0
123631,CPI,Q13443,compound,protein,0
123631,CPI,P15144,compound,protein,0
123631,CPI,Q8N159,compound,protein,0
123631,CPI,Q05BQ5,compound,protein,0
123631,CPI,Q9NQW7,compound,protein,0
123631,CPI,P07099,compound,protein,0
123631,CPI,Q16769,compound,protein,0
123631,CPI,Q8NA19,compound,protein,0
123631,CPI,Q6PHW0,compound,protein,0
123631,CPI,Q14833,compound,protein,0
123631,CPI,P30711,compound,protein,0
123631,CPI,Q6B0I6,compound,protein,0
123631,CPI,P32745,compound,protein,0
123631,CPI,P01023,compound,protein,0
123831,CPI,P33261,compound,protein,1
123964,CPI,Q92847,compound,protein,0
1241420,CPI,P19525,compound,protein,0
12420,CPI,P21860,compound,protein,0
12420,CPI,Q9Y243,compound,protein,0
124246,CPI,P23219,compound,protein,1
124518205,CPI,O00238,compound,protein,0
124735,CPI,O75496,compound,protein,0
124835980,CPI,P32320,compound,protein,0
1254,CPI,P42336,compound,protein,0
12560,CPI,O43193,compound,protein,1
12560,CPI,P08172,compound,protein,1
12560,CPI,P08588,compound,protein,1
12560,CPI,P08684,compound,protein,1
12560,CPI,Q9NUW8,compound,protein,1
1257,CPI,P21917,compound,protein,1
12597,CPI,P08173,compound,protein,0
1261290,CPI,O14936,compound,protein,0
126280,CPI,P23975,compound,protein,1
1263681,CPI,P14867,compound,protein,1
1263681,CPI,P46098,compound,protein,1
126688,CPI,Q9C098,compound,protein,0
126769,CPI,Q9Y4C1,compound,protein,0
126941,CPI,O00206,compound,protein,1
126941,CPI,P14207,compound,protein,1
126941,CPI,P42892,compound,protein,0
12790158,CPI,P04150,compound,protein,1
12790158,CPI,P48730,compound,protein,0
127951,CPI,P28223,compound,protein,0
128563,CPI,Q92945,compound,protein,0
129009868,CPI,P32320,compound,protein,0
129009890,CPI,P07550,compound,protein,0
129010007,CPI,Q9Y4K0,compound,protein,0
129010024,CPI,Q9ULD4,compound,protein,0
129010071,CPI,Q92847,compound,protein,0
129010073,CPI,P25105,compound,protein,1
129010074,CPI,P08047,compound,protein,0
129010078,CPI,Q9BXF3,compound,protein,0
129010090,CPI,P68400,compound,protein,0
129211,CPI,P41595,compound,protein,1
129211,CPI,Q9Y5N1,compound,protein,1
129211,CPI,P15104,compound,protein,0
129348,CPI,P10636,compound,protein,0
129989,CPI,P08172,compound,protein,1
129989,CPI,O75469,compound,protein,0
13017911,CPI,P36507,compound,protein,0
1302,CPI,P00533,compound,protein,1
1302,CPI,P08908,compound,protein,0
1302558,CPI,O15118,compound,protein,1
1302558,CPI,P07814,compound,protein,0
1302558,CPI,P54762,compound,protein,0
130611,CPI,P51957,compound,protein,0
13071436,CPI,Q6N021,compound,protein,0
130881,CPI,O43193,compound,protein,1
130881,CPI,P30556,compound,protein,1
130881,CPI,Q9Y2W1,compound,protein,0
130918,CPI,P28300,compound,protein,0
13200033,CPI,P54753,compound,protein,0
132059,CPI,Q59H18,compound,protein,0
132496,CPI,Q99549,compound,protein,1
132971,CPI,O95342,compound,protein,0
132971,CPI,Q9H0A0,compound,protein,0
132981,CPI,P29322,compound,protein,0
132995,CPI,P27695,compound,protein,1
13342,CPI,P61586,compound,protein,0
133633,CPI,O14924,compound,protein,0
134018,CPI,Q93009,compound,protein,0
134117,CPI,P10635,compound,protein,1
134780,CPI,Q13422,compound,protein,1
1348,CPI,P00352,compound,protein,1
1348,CPI,P43686,compound,protein,0
135398495,CPI,O14965,compound,protein,1
135398495,CPI,O14976,compound,protein,1
135398495,CPI,O75582,compound,protein,1
135398495,CPI,O75716,compound,protein,1
135398495,CPI,Q15418,compound,protein,1
135398495,CPI,Q6IA69,compound,protein,0
135398495,CPI,P00325,compound,protein,0
135398495,CPI,P84077,compound,protein,0
135398495,CPI,O75493,compound,protein,0
135398495,CPI,P11498,compound,protein,0
135398495,CPI,Q8NEY4,compound,protein,0
135398499,CPI,O14976,compound,protein,1
135398499,CPI,P05771,compound,protein,1
135398499,CPI,P11274,compound,protein,1
135398499,CPI,P15735,compound,protein,1
135398499,CPI,P29323,compound,protein,1
135398499,CPI,Q02750,compound,protein,1
135398499,CPI,P20701,compound,protein,0
135398499,CPI,O15393,compound,protein,0
135398499,CPI,P51857,compound,protein,0
135398499,CPI,Q16654,compound,protein,0
135398499,CPI,P08238,compound,protein,0
135398499,CPI,Q8IVW4,compound,protein,0
135398510,CPI,Q9H9B1,compound,protein,0
135398516,CPI,O43193,compound,protein,0
135398737,CPI,P07550,compound,protein,1
135398737,CPI,P08908,compound,protein,1
135398737,CPI,P50406,compound,protein,1
135398737,CPI,P49116,compound,protein,0
135398737,CPI,Q16236,compound,protein,0
135398737,CPI,Q06187,compound,protein,0
135398738,CPI,O15439,compound,protein,0
135398738,CPI,Q9Y2K7,compound,protein,0
135398738,CPI,P24046,compound,protein,0
135398738,CPI,O43318,compound,protein,0
135398738,CPI,Q9Y243,compound,protein,0
135398745,CPI,P11229,compound,protein,1
135398745,CPI,P28222,compound,protein,1
135398745,CPI,Q9NPD8,compound,protein,0
135409468,CPI,P11217,compound,protein,0
135409468,CPI,O95622,compound,protein,0
135409468,CPI,P20248,compound,protein,0
135409468,CPI,Q16665,compound,protein,0
135413533,CPI,P11387,compound,protein,1
135419190,CPI,Q9H228,compound,protein,0
135419190,CPI,P23297,compound,protein,0
135440466,CPI,P35367,compound,protein,0
1355,CPI,Q9NTK5,compound,protein,0
135511839,CPI,P00533,compound,protein,0
135554441,CPI,Q9H792,compound,protein,0
135564985,CPI,O96017,compound,protein,0
135565082,CPI,Q9UKK3,compound,protein,1
135565635,CPI,O00329,compound,protein,1
135565635,CPI,O14733,compound,protein,1
135565635,CPI,O95819,compound,protein,1
135565635,CPI,P04629,compound,protein,1
135565635,CPI,P07949,compound,protein,1
135565635,CPI,P16591,compound,protein,1
135565635,CPI,P30530,compound,protein,1
135565635,CPI,P45984,compound,protein,1
135565635,CPI,P51956,compound,protein,1
135565635,CPI,Q13882,compound,protein,1
135565635,CPI,Q86YV6,compound,protein,1
135565635,CPI,Q96NX5,compound,protein,1
135565635,CPI,Q9BRS2,compound,protein,1
135565635,CPI,Q9H3Y6,compound,protein,1
135565635,CPI,Q9HC98,compound,protein,1
135565635,CPI,Q9UF33,compound,protein,1
135565635,CPI,P41229,compound,protein,0
135565635,CPI,Q8WW43,compound,protein,0
135565635,CPI,Q9P1Z3,compound,protein,0
135565635,CPI,O15552,compound,protein,0
135565635,CPI,P60903,compound,protein,0
135565635,CPI,P30872,compound,protein,0
135565635,CPI,P02708,compound,protein,0
135565635,CPI,O95461,compound,protein,0
135565635,CPI,P32248,compound,protein,0
135565635,CPI,P17752,compound,protein,0
135565635,CPI,P68363,compound,protein,0
135565635,CPI,Q96RU2,compound,protein,0
135565635,CPI,P14324,compound,protein,0
135656310,CPI,P09871,compound,protein,0
135886613,CPI,O75688,compound,protein,0
1359,CPI,P05177,compound,protein,1
1359,CPI,Q9NUW8,compound,protein,1
136238508,CPI,P25021,compound,protein,0
1367095,CPI,Q05923,compound,protein,0
13791,CPI,Q03405,compound,protein,0
13819073,CPI,Q8NFU7,compound,protein,0
1383884,CPI,P08912,compound,protein,1
1383884,CPI,P20309,compound,protein,1
1383884,CPI,P28566,compound,protein,1
1383884,CPI,P32297,compound,protein,1
1383884,CPI,Q12809,compound,protein,1
139032026,CPI,P22792,compound,protein,0
13927310,CPI,P46098,compound,protein,0
1398674,CPI,P49840,compound,protein,1
1398674,CPI,P03372,compound,protein,0
1400,CPI,P00533,compound,protein,1
1400,CPI,P16591,compound,protein,1
1400,CPI,Q13131,compound,protein,1
1400,CPI,Q96GD4,compound,protein,1
1400,CPI,Q9H2X6,compound,protein,1
1400,CPI,Q9NYB5,compound,protein,0
1400,CPI,Q9H5I1,compound,protein,0
1400,CPI,P48147,compound,protein,0
1400,CPI,Q8NHE4,compound,protein,0
1400,CPI,Q14896,compound,protein,0
1403142,CPI,Q16637,compound,protein,1
1409759,CPI,P10696,compound,protein,1
1409759,CPI,Q99700,compound,protein,1
1432578,CPI,P41595,compound,protein,0
1434960,CPI,P18089,compound,protein,0
1471787,CPI,Q9H093,compound,protein,0
1471787,CPI,P47898,compound,protein,0
1474853,CPI,P37058,compound,protein,0
148192,CPI,P21283,compound,protein,0
148195,CPI,P25105,compound,protein,0
148198,CPI,P41231,compound,protein,0
14925,CPI,O75116,compound,protein,0
15032,CPI,Q8NFI3,compound,protein,0
15032,CPI,P02144,compound,protein,0
1510379,CPI,Q99259,compound,protein,0
151166,CPI,O60674,compound,protein,0
151170,CPI,P51788,compound,protein,0
151170,CPI,Q8N0U8,compound,protein,0
151171,CPI,Q9HBH9,compound,protein,0
1512045,CPI,P10253,compound,protein,1
1512045,CPI,Q14004,compound,protein,0
151582,CPI,P26447,compound,protein,1
1517919,CPI,Q9NUW8,compound,protein,1
1520267,CPI,P18089,compound,protein,0
15376,CPI,P42330,compound,protein,0
154059,CPI,Q08881,compound,protein,0
154257,CPI,Q9NUW8,compound,protein,0
154417,CPI,P23975,compound,protein,1
154417,CPI,P35354,compound,protein,1
154417,CPI,Q8IYD1,compound,protein,0
15443,CPI,P08908,compound,protein,1
154575,CPI,P04083,compound,protein,0
15478,CPI,Q6ZQN7,compound,protein,1
1548076,CPI,O43193,compound,protein,0
1548955,CPI,P05141,compound,protein,0
1549000,CPI,P35367,compound,protein,1
1549000,CPI,P02144,compound,protein,0
1549120,CPI,P14416,compound,protein,1
15541,CPI,P11229,compound,protein,1
15541,CPI,P21554,compound,protein,1
15541,CPI,P28223,compound,protein,1
15541,CPI,Q9Y5N1,compound,protein,1
15541,CPI,P60903,compound,protein,0
15541,CPI,O00487,compound,protein,0
155806,CPI,P21554,compound,protein,0
155815,CPI,Q8NFT8,compound,protein,0
156391,CPI,P55211,compound,protein,1
156414,CPI,O14936,compound,protein,1
156414,CPI,O43318,compound,protein,1
156414,CPI,P20794,compound,protein,1
156414,CPI,P48736,compound,protein,1
156414,CPI,P49336,compound,protein,1
156414,CPI,Q16584,compound,protein,1
156414,CPI,Q8TBX8,compound,protein,1
156414,CPI,Q9NRH2,compound,protein,1
156414,CPI,Q9NYL2,compound,protein,1
156414,CPI,P00326,compound,protein,0
156414,CPI,P56385,compound,protein,0
156414,CPI,P29074,compound,protein,0
156414,CPI,Q9NYW0,compound,protein,0
156414,CPI,Q9NYW1,compound,protein,0
156414,CPI,Q9Y337,compound,protein,0
156414,CPI,Q15910,compound,protein,0
156414,CPI,P02144,compound,protein,0
156414,CPI,P59542,compound,protein,0
156414,CPI,Q05BQ5,compound,protein,0
156422,CPI,O14578,compound,protein,1
156422,CPI,O14920,compound,protein,1
156422,CPI,O94768,compound,protein,1
156422,CPI,O96013,compound,protein,1
156422,CPI,O96017,compound,protein,1
156422,CPI,P54646,compound,protein,1
156422,CPI,Q04912,compound,protein,1
156422,CPI,Q15759,compound,protein,1
156422,CPI,Q5VT25,compound,protein,1
156422,CPI,Q86Y07,compound,protein,1
156422,CPI,Q8IVH8,compound,protein,1
156422,CPI,Q99759,compound,protein,1
156422,CPI,Q9H2X6,compound,protein,1
156422,CPI,Q9UF33,compound,protein,1
156422,CPI,Q9UM73,compound,protein,1
156422,CPI,Q6PIU2,compound,protein,0
156422,CPI,Q9Y587,compound,protein,0
156422,CPI,P48058,compound,protein,0
156422,CPI,P07384,compound,protein,0
156422,CPI,Q92598,compound,protein,0
156422,CPI,P12235,compound,protein,0
156422,CPI,Q9UJT1,compound,protein,0
156422,CPI,Q9P1Z3,compound,protein,0
15723,CPI,Q13148,compound,protein,1
1580719,CPI,Q16816,compound,protein,0
158758,CPI,P15692,compound,protein,1
158781,CPI,P30556,compound,protein,1
158781,CPI,Q9HCN6,compound,protein,0
15897,CPI,P41595,compound,protein,1
15922487,CPI,P21731,compound,protein,1
15922487,CPI,P41595,compound,protein,0
159642,CPI,Q8NER1,compound,protein,0
15983966,CPI,O75747,compound,protein,1
15983966,CPI,O95819,compound,protein,1
15983966,CPI,Q04771,compound,protein,1
15983966,CPI,Q07912,compound,protein,1
15983966,CPI,Q13188,compound,protein,1
15983966,CPI,Q13470,compound,protein,1
15983966,CPI,Q13554,compound,protein,1
15983966,CPI,Q56UN5,compound,protein,1
15983966,CPI,Q59H18,compound,protein,1
15983966,CPI,Q86UX6,compound,protein,1
15983966,CPI,Q9Y2H1,compound,protein,1
15983966,CPI,P50225,compound,protein,0
15983966,CPI,O00222,compound,protein,0
15983966,CPI,P22001,compound,protein,0
15983966,CPI,P31391,compound,protein,0
15983966,CPI,Q9UL51,compound,protein,0
15983966,CPI,P48058,compound,protein,0
15983966,CPI,P43235,compound,protein,0
15983966,CPI,P30872,compound,protein,0
15983966,CPI,O43525,compound,protein,0
16004692,CPI,P24530,compound,protein,1
16004692,CPI,P08173,compound,protein,0
16007391,CPI,P00533,compound,protein,1
16007391,CPI,P57058,compound,protein,1
16007391,CPI,P57059,compound,protein,1
16007391,CPI,Q04759,compound,protein,1
16007391,CPI,Q16644,compound,protein,1
16007391,CPI,Q2M2I8,compound,protein,1
16007391,CPI,Q52WX2,compound,protein,1
16007391,CPI,Q6DT37,compound,protein,1
16007391,CPI,Q86UX6,compound,protein,1
16007391,CPI,Q8N4C8,compound,protein,1
16007391,CPI,Q96D53,compound,protein,1
16007391,CPI,Q9H3Y6,compound,protein,1
16007391,CPI,Q9Y6R4,compound,protein,1
16007391,CPI,Q13003,compound,protein,0
16007391,CPI,Q15274,compound,protein,0
16007391,CPI,O15528,compound,protein,0
16007391,CPI,O43525,compound,protein,0
16007391,CPI,Q96NT5,compound,protein,0
16007391,CPI,Q9UGM1,compound,protein,0
16007391,CPI,P41594,compound,protein,0
16007391,CPI,O60671,compound,protein,0
16007391,CPI,P42262,compound,protein,0
16007391,CPI,P62913,compound,protein,0
16013152,CPI,Q9H2G2,compound,protein,0
16013152,CPI,P28223,compound,protein,0
16014341,CPI,Q9GZV3,compound,protein,1
16014341,CPI,P00736,compound,protein,0
16014341,CPI,P03372,compound,protein,0
16016502,CPI,P15735,compound,protein,0
160355,CPI,P49336,compound,protein,1
160355,CPI,P78362,compound,protein,1
160355,CPI,Q14012,compound,protein,1
160355,CPI,Q86UX6,compound,protein,1
160355,CPI,Q86V86,compound,protein,1
160355,CPI,Q8N163,compound,protein,1
160355,CPI,Q9UIK4,compound,protein,1
160355,CPI,P22694,compound,protein,0
160355,CPI,P59543,compound,protein,0
160355,CPI,P43490,compound,protein,0
160355,CPI,P22079,compound,protein,0
160355,CPI,Q6PL18,compound,protein,0
160355,CPI,Q9NZD2,compound,protein,0
160355,CPI,Q13003,compound,protein,0
160355,CPI,Q13574,compound,protein,0
160355,CPI,P30990,compound,protein,0
160355,CPI,P03952,compound,protein,0
160355,CPI,P28329,compound,protein,0
160355,CPI,P04746,compound,protein,0
160355,CPI,Q969F8,compound,protein,0
16038120,CPI,O43293,compound,protein,1
16038120,CPI,O95382,compound,protein,1
16038120,CPI,P04049,compound,protein,1
16038120,CPI,P11802,compound,protein,1
16038120,CPI,P34947,compound,protein,1
16038120,CPI,P48730,compound,protein,1
16038120,CPI,P48736,compound,protein,1
16038120,CPI,P49761,compound,protein,1
16038120,CPI,P54762,compound,protein,1
16038120,CPI,Q13188,compound,protein,1
16038120,CPI,Q15139,compound,protein,1
16038120,CPI,Q5VT25,compound,protein,1
16038120,CPI,Q8TD08,compound,protein,1
16038120,CPI,Q8WU08,compound,protein,1
16038120,CPI,Q99759,compound,protein,1
16038120,CPI,Q9BUB5,compound,protein,1
16038120,CPI,Q9H3Y6,compound,protein,1
16038120,CPI,Q9NRH2,compound,protein,1
16038120,CPI,Q9UHD2,compound,protein,1
16038120,CPI,P42765,compound,protein,0
16038120,CPI,Q9Y251,compound,protein,0
16038120,CPI,P39086,compound,protein,0
16038120,CPI,P17302,compound,protein,0
16038120,CPI,Q9NR22,compound,protein,0
16038120,CPI,P62955,compound,protein,0
1604254,CPI,P35354,compound,protein,0
16055219,CPI,P25105,compound,protein,1
16062593,CPI,O00222,compound,protein,1
16095342,CPI,O14920,compound,protein,1
16095342,CPI,O60674,compound,protein,1
16095342,CPI,Q8IW41,compound,protein,1
16095342,CPI,P59543,compound,protein,0
16095342,CPI,Q99418,compound,protein,0
16118392,CPI,Q13163,compound,protein,1
16118392,CPI,Q15569,compound,protein,1
1612038,CPI,P43681,compound,protein,0
16126898,CPI,P00797,compound,protein,1
16129706,CPI,P25929,compound,protein,1
16129706,CPI,P46098,compound,protein,1
16129706,CPI,P47871,compound,protein,1
16129706,CPI,P21675,compound,protein,0
16133851,CPI,P49761,compound,protein,0
161930,CPI,P02545,compound,protein,1
16218975,CPI,Q13698,compound,protein,1
16218975,CPI,Q15910,compound,protein,0
16218975,CPI,Q9GZQ4,compound,protein,0
16218979,CPI,P99999,compound,protein,1
16218979,CPI,Q96QE3,compound,protein,0
16220172,CPI,P49682,compound,protein,0
16222096,CPI,P36507,compound,protein,1
16222096,CPI,P61158,compound,protein,1
16231,CPI,Q14833,compound,protein,0
16273006,CPI,P45984,compound,protein,0
16273161,CPI,P27695,compound,protein,1
16351,CPI,Q9UBL9,compound,protein,0
16351,CPI,Q9H237,compound,protein,0
16362,CPI,P18089,compound,protein,1
16362,CPI,P21917,compound,protein,1
16362,CPI,Q16665,compound,protein,1
16362,CPI,Q9Y2W1,compound,protein,0
16362,CPI,P08575,compound,protein,0
16362,CPI,Q07108,compound,protein,0
16363,CPI,P08172,compound,protein,1
16363,CPI,Q8N163,compound,protein,0
16363,CPI,P08238,compound,protein,0
163844,CPI,Q16445,compound,protein,1
163844,CPI,P83916,compound,protein,0
1639,CPI,P08684,compound,protein,1
16397403,CPI,Q13547,compound,protein,0
16414,CPI,P10635,compound,protein,1
1649,CPI,P33261,compound,protein,1
1649,CPI,P51817,compound,protein,0
166553,CPI,P48544,compound,protein,0
166553,CPI,Q9BQI3,compound,protein,0
166558,CPI,Q9UIK4,compound,protein,0
16659841,CPI,Q9H2G2,compound,protein,1
16667733,CPI,P51570,compound,protein,0
16718576,CPI,P05771,compound,protein,1
16718576,CPI,P06239,compound,protein,1
16718576,CPI,P48729,compound,protein,1
16718576,CPI,Q96RR4,compound,protein,1
16718576,CPI,P54709,compound,protein,0
16718576,CPI,P30926,compound,protein,0
16718576,CPI,A5X5Y0,compound,protein,0
16718576,CPI,Q14432,compound,protein,0
16722832,CPI,Q16236,compound,protein,0
16722836,CPI,P04626,compound,protein,1
16722836,CPI,P09619,compound,protein,1
16722836,CPI,P21802,compound,protein,1
16722836,CPI,P42336,compound,protein,1
16722836,CPI,P42685,compound,protein,1
16722836,CPI,P45984,compound,protein,1
16722836,CPI,Q00537,compound,protein,1
16722836,CPI,Q08881,compound,protein,1
16722836,CPI,Q13557,compound,protein,1
16722836,CPI,Q13882,compound,protein,1
16722836,CPI,Q14004,compound,protein,1
16722836,CPI,Q9BQI3,compound,protein,1
16722836,CPI,Q9H093,compound,protein,1
16722836,CPI,Q9H0K1,compound,protein,1
16722836,CPI,Q9HBH9,compound,protein,1
16722836,CPI,Q9P2K8,compound,protein,1
16722836,CPI,Q9Y5N1,compound,protein,1
16722836,CPI,P08263,compound,protein,0
16722836,CPI,O95551,compound,protein,0
16722836,CPI,Q9C0B1,compound,protein,0
16722836,CPI,P01584,compound,protein,0
16722836,CPI,P10827,compound,protein,0
16722836,CPI,Q16280,compound,protein,0
16722836,CPI,Q70Z44,compound,protein,0
16722836,CPI,P06746,compound,protein,0
16722836,CPI,Q9UI33,compound,protein,0
16722836,CPI,Q9HBA0,compound,protein,0
16725726,CPI,P11362,compound,protein,1
16725726,CPI,P17252,compound,protein,1
16725726,CPI,P31749,compound,protein,1
16725726,CPI,P31751,compound,protein,1
16725726,CPI,P42680,compound,protein,1
16725726,CPI,P46734,compound,protein,1
16725726,CPI,Q14004,compound,protein,1
16725726,CPI,Q56UN5,compound,protein,1
16725726,CPI,Q8NE63,compound,protein,1
16725726,CPI,Q96NX5,compound,protein,1
16725726,CPI,Q9BUB5,compound,protein,1
16725726,CPI,Q9UF33,compound,protein,1
16725726,CPI,Q9Y616,compound,protein,1
16725726,CPI,Q09428,compound,protein,0
16725726,CPI,Q9Y6A2,compound,protein,0
16725726,CPI,P31350,compound,protein,0
16725726,CPI,P03952,compound,protein,0
16725726,CPI,Q15825,compound,protein,0
16725726,CPI,P49019,compound,protein,0
16725726,CPI,P35408,compound,protein,0
16725726,CPI,Q99829,compound,protein,0
16725726,CPI,O60427,compound,protein,0
16725726,CPI,O95263,compound,protein,0
16736978,CPI,O00329,compound,protein,1
16739650,CPI,O75909,compound,protein,1
16739650,CPI,P18074,compound,protein,1
16739650,CPI,P23458,compound,protein,1
16739650,CPI,P49841,compound,protein,1
16739650,CPI,P50613,compound,protein,1
16739650,CPI,Q86TW2,compound,protein,1
16739650,CPI,P80511,compound,protein,0
16739650,CPI,P55017,compound,protein,0
16741,CPI,P62736,compound,protein,1
16741,CPI,Q8TBX8,compound,protein,0
16746329,CPI,Q8NER1,compound,protein,1
16747388,CPI,P54753,compound,protein,1
16747388,CPI,P18545,compound,protein,0
16747388,CPI,P30556,compound,protein,0
167551,CPI,P49760,compound,protein,0
16759157,CPI,Q14957,compound,protein,0
16759157,CPI,P25929,compound,protein,0
16759605,CPI,P49589,compound,protein,0
1676,CPI,P54132,compound,protein,1
16760039,CPI,Q16515,compound,protein,0
167715,CPI,Q6VAB6,compound,protein,0
1691,CPI,P11388,compound,protein,1
1694,CPI,P16083,compound,protein,1
1694,CPI,P68400,compound,protein,1
1694,CPI,Q14232,compound,protein,0
16960,CPI,P30411,compound,protein,1
16960,CPI,P53041,compound,protein,0
170344,CPI,Q16665,compound,protein,1
170344,CPI,Q96EB6,compound,protein,0
171548,CPI,Q8IV61,compound,protein,0
171548,CPI,Q59H18,compound,protein,0
1716436,CPI,P01215,compound,protein,1
1720,CPI,Q03164,compound,protein,1
1720,CPI,P54709,compound,protein,0
1720,CPI,O15254,compound,protein,0
1727,CPI,P10636,compound,protein,1
1727,CPI,Q92953,compound,protein,1
1727,CPI,P43686,compound,protein,0
174174,CPI,P43681,compound,protein,1
1744,CPI,P10276,compound,protein,1
17572266,CPI,Q9UBT6,compound,protein,0
176155,CPI,O14936,compound,protein,1
176155,CPI,O15111,compound,protein,1
176155,CPI,O96013,compound,protein,1
176155,CPI,P04629,compound,protein,1
176155,CPI,P06213,compound,protein,1
176155,CPI,P0C1S8,compound,protein,1
176155,CPI,P22607,compound,protein,1
176155,CPI,P47871,compound,protein,1
176155,CPI,P51955,compound,protein,1
176155,CPI,Q02779,compound,protein,1
176155,CPI,Q13163,compound,protein,1
176155,CPI,Q13188,compound,protein,1
176155,CPI,Q13627,compound,protein,1
176155,CPI,Q14289,compound,protein,1
176155,CPI,Q16584,compound,protein,1
176155,CPI,Q52WX2,compound,protein,1
176155,CPI,Q9BRS2,compound,protein,1
176155,CPI,Q9BXA7,compound,protein,1
176155,CPI,Q9H2G2,compound,protein,1
176155,CPI,Q9HBH9,compound,protein,1
176155,CPI,Q9UIK4,compound,protein,1
176155,CPI,P05141,compound,protein,0
176155,CPI,P10696,compound,protein,0
176155,CPI,Q8N163,compound,protein,0
176155,CPI,P98170,compound,protein,0
176155,CPI,O95544,compound,protein,0
176155,CPI,P32239,compound,protein,0
176155,CPI,Q6IQ20,compound,protein,0
176155,CPI,P07550,compound,protein,0
176155,CPI,Q5NUL3,compound,protein,0
176155,CPI,P08311,compound,protein,0
176155,CPI,O75911,compound,protein,0
176157,CPI,O75469,compound,protein,1
176407,CPI,Q01201,compound,protein,0
176408,CPI,P29274,compound,protein,1
176870,CPI,O14976,compound,protein,1
176870,CPI,O43683,compound,protein,1
176870,CPI,P08684,compound,protein,1
176870,CPI,P14616,compound,protein,1
176870,CPI,P23219,compound,protein,1
176870,CPI,P32238,compound,protein,1
176870,CPI,P43403,compound,protein,1
176870,CPI,P49759,compound,protein,1
176870,CPI,P51817,compound,protein,1
176870,CPI,P52564,compound,protein,1
176870,CPI,P78356,compound,protein,1
176870,CPI,Q05655,compound,protein,1
176870,CPI,Q08345,compound,protein,1
176870,CPI,Q13554,compound,protein,1
176870,CPI,Q16659,compound,protein,1
176870,CPI,Q16832,compound,protein,1
176870,CPI,Q32MK0,compound,protein,1
176870,CPI,Q8N5S9,compound,protein,1
176870,CPI,Q8NE63,compound,protein,1
176870,CPI,Q92772,compound,protein,1
176870,CPI,Q9BQI3,compound,protein,1
176870,CPI,Q9BX84,compound,protein,1
176870,CPI,Q9H773,compound,protein,1
176870,CPI,Q9HBH9,compound,protein,1
176870,CPI,P62942,compound,protein,0
176870,CPI,Q6ZQN7,compound,protein,0
176870,CPI,P54652,compound,protein,0
176870,CPI,P80370,compound,protein,0
176870,CPI,P47895,compound,protein,0
176870,CPI,Q9UHA3,compound,protein,0
176870,CPI,Q13324,compound,protein,0
176870,CPI,O60488,compound,protein,0
176870,CPI,P28065,compound,protein,0
176870,CPI,Q9Y2I1,compound,protein,0
176870,CPI,P04183,compound,protein,0
176870,CPI,P05166,compound,protein,0
176870,CPI,P58215,compound,protein,0
176870,CPI,P55157,compound,protein,0
176870,CPI,P21817,compound,protein,0
17748,CPI,O75496,compound,protein,1
17748,CPI,P07550,compound,protein,0
1775,CPI,Q99558,compound,protein,0
1775,CPI,Q01538,compound,protein,0
1775,CPI,C0HM02,compound,protein,0
17754438,CPI,P34947,compound,protein,1
17754438,CPI,P51812,compound,protein,1
17754438,CPI,O60656,compound,protein,0
17754438,CPI,P16389,compound,protein,0
17754438,CPI,Q9GZZ6,compound,protein,0
17754438,CPI,P21554,compound,protein,0
17755052,CPI,O00459,compound,protein,1
17755052,CPI,O00750,compound,protein,1
17755052,CPI,P17948,compound,protein,1
17755052,CPI,P30530,compound,protein,1
17755052,CPI,P37173,compound,protein,1
17755052,CPI,P68400,compound,protein,1
17755052,CPI,Q13153,compound,protein,1
17755052,CPI,Q13705,compound,protein,1
17755052,CPI,Q15746,compound,protein,1
17755052,CPI,Q6ZN16,compound,protein,1
17755052,CPI,Q8TDR2,compound,protein,1
17755052,CPI,Q96D53,compound,protein,1
17755052,CPI,Q9HBH9,compound,protein,1
17755052,CPI,Q9NWZ3,compound,protein,1
17755052,CPI,Q9P1W9,compound,protein,1
17755052,CPI,P07355,compound,protein,0
17755052,CPI,Q9Y6L6,compound,protein,0
17755052,CPI,Q16873,compound,protein,0
17755052,CPI,Q16678,compound,protein,0
17755052,CPI,Q9UF02,compound,protein,0
17755052,CPI,O94811,compound,protein,0
17755052,CPI,P07858,compound,protein,0
17755052,CPI,Q5TCX8,compound,protein,0
17755052,CPI,O95864,compound,protein,0
17755052,CPI,Q07108,compound,protein,0
17755052,CPI,P14415,compound,protein,0
17755052,CPI,P12429,compound,protein,0
17755052,CPI,P22314,compound,protein,0
17755052,CPI,P01584,compound,protein,0
17756791,CPI,O95551,compound,protein,1
17756791,CPI,P20309,compound,protein,0
17756796,CPI,P04626,compound,protein,1
17757275,CPI,Q16236,compound,protein,1
1779,CPI,P07550,compound,protein,0
178,CPI,Q01453,compound,protein,1
1794,CPI,P05177,compound,protein,1
1794,CPI,P12314,compound,protein,0
1794427,CPI,O75496,compound,protein,1
1797,CPI,P61160,compound,protein,0
180933,CPI,P11473,compound,protein,1
1814489,CPI,Q9H0A0,compound,protein,0
1817779,CPI,P06241,compound,protein,0
18283,CPI,P18089,compound,protein,1
18283,CPI,Q96PN6,compound,protein,0
1830,CPI,P20340,compound,protein,0
1830,CPI,P40933,compound,protein,0
184644,CPI,P51681,compound,protein,1
1858,CPI,P41145,compound,protein,0
18680317,CPI,P29274,compound,protein,1
18680317,CPI,Q99685,compound,protein,0
187,CPI,P21554,compound,protein,1
187,CPI,P46098,compound,protein,1
187,CPI,P08758,compound,protein,0
187,CPI,P51828,compound,protein,0
187079,CPI,Q96NT5,compound,protein,0
187079,CPI,P01215,compound,protein,0
18755269,CPI,Q8IXQ6,compound,protein,0
1889993,CPI,O14965,compound,protein,0
1892,CPI,P27695,compound,protein,1
1893668,CPI,P49759,compound,protein,1
1893668,CPI,P21554,compound,protein,0
1893730,CPI,P30556,compound,protein,0
189748,CPI,Q12809,compound,protein,0
190006,CPI,P11509,compound,protein,0
19003,CPI,P35354,compound,protein,1
1901244,CPI,Q9NUW8,compound,protein,1
1916559,CPI,Q96RR4,compound,protein,0
192197,CPI,P47900,compound,protein,0
1923,CPI,P06276,compound,protein,1
1935,CPI,P49841,compound,protein,1
193962,CPI,P03372,compound,protein,1
193962,CPI,P23975,compound,protein,1
19529,CPI,O75496,compound,protein,1
19585362,CPI,P36888,compound,protein,0
19675,CPI,P35367,compound,protein,1
196841,CPI,P49798,compound,protein,1
196841,CPI,Q9NY72,compound,protein,0
197033,CPI,P25100,compound,protein,1
197383,CPI,Q15418,compound,protein,0
197706,CPI,Q9P289,compound,protein,0
197706,CPI,P52895,compound,protein,0
197712,CPI,P24530,compound,protein,1
197712,CPI,P13861,compound,protein,0
1978,CPI,P04150,compound,protein,1
1978,CPI,P35367,compound,protein,1
1978,CPI,Q99808,compound,protein,1
1978,CPI,P49674,compound,protein,0
1979,CPI,P08912,compound,protein,1
1979,CPI,P48775,compound,protein,0
1979,CPI,Q9ULC5,compound,protein,0
1981,CPI,P32239,compound,protein,1
1981,CPI,O15151,compound,protein,0
1983,CPI,O43570,compound,protein,1
1983,CPI,P35218,compound,protein,0
1986,CPI,P10828,compound,protein,1
1986,CPI,P54803,compound,protein,1
1986,CPI,P43490,compound,protein,0
1986,CPI,P42285,compound,protein,0
2017368,CPI,Q9Y2H1,compound,protein,0
201986,CPI,Q8NBN7,compound,protein,0
201986,CPI,Q96PN6,compound,protein,0
2022,CPI,P46098,compound,protein,1
2022,CPI,P50406,compound,protein,1
202225,CPI,P08588,compound,protein,1
202225,CPI,Q96QT4,compound,protein,0
20345,CPI,Q16236,compound,protein,1
2048,CPI,P09619,compound,protein,1
2048,CPI,P36888,compound,protein,1
2048,CPI,Q16236,compound,protein,1
2048,CPI,P08912,compound,protein,0
20507134,CPI,Q9NUW8,compound,protein,0
2051,CPI,Q13002,compound,protein,0
2052,CPI,O75164,compound,protein,1
2052,CPI,P43686,compound,protein,0
2052,CPI,P42685,compound,protein,0
2061,CPI,Q9NUW8,compound,protein,1
2082,CPI,O43193,compound,protein,1
2082,CPI,P11229,compound,protein,1
2082,CPI,P21554,compound,protein,1
2082,CPI,P30518,compound,protein,1
2082,CPI,Q16637,compound,protein,1
2082,CPI,P52732,compound,protein,0
2082,CPI,P41231,compound,protein,0
2082,CPI,Q9BZ95,compound,protein,0
2083,CPI,P25021,compound,protein,1
2083,CPI,P29274,compound,protein,1
2083,CPI,P84077,compound,protein,0
20854208,CPI,Q99755,compound,protein,0
20854208,CPI,Q99808,compound,protein,0
2088,CPI,P14635,compound,protein,0
2088,CPI,O95749,compound,protein,0
2088,CPI,Q96KQ7,compound,protein,0
208898,CPI,P25100,compound,protein,1
208898,CPI,P32418,compound,protein,1
208898,CPI,P63252,compound,protein,1
208898,CPI,Q13698,compound,protein,1
208898,CPI,Q14524,compound,protein,1
208901,CPI,P08172,compound,protein,0
2090,CPI,Q13882,compound,protein,0
2090194,CPI,P54753,compound,protein,0
20969430,CPI,P10253,compound,protein,1
2099,CPI,P08238,compound,protein,0
2099,CPI,O14924,compound,protein,0
21138,CPI,Q15825,compound,protein,0
21138,CPI,Q16566,compound,protein,0
2118,CPI,P09525,compound,protein,0
2118,CPI,P35580,compound,protein,0
2119,CPI,P07550,compound,protein,1
2120,CPI,Q9NUW8,compound,protein,0
2120347,CPI,P32238,compound,protein,0
2123,CPI,P08908,compound,protein,1
2123,CPI,P21397,compound,protein,1
2123,CPI,P23975,compound,protein,1
2123,CPI,P25021,compound,protein,1
2123,CPI,O95342,compound,protein,0
2123,CPI,O94953,compound,protein,0
2123,CPI,Q7RTN6,compound,protein,0
2123,CPI,Q12931,compound,protein,0
2123,CPI,Q14003,compound,protein,0
2125,CPI,Q9Y5N1,compound,protein,0
2130,CPI,Q92847,compound,protein,1
2130404,CPI,Q96KQ7,compound,protein,1
2130404,CPI,Q9UKK3,compound,protein,0
2131,CPI,P35372,compound,protein,1
2131,CPI,P41145,compound,protein,1
2143,CPI,Q12931,compound,protein,0
2143,CPI,P35557,compound,protein,0
2143,CPI,P29317,compound,protein,0
2145,CPI,O75907,compound,protein,0
2148,CPI,O43193,compound,protein,0
2153,CPI,P11229,compound,protein,1
2153,CPI,P14416,compound,protein,1
2153,CPI,P41145,compound,protein,1
2153,CPI,Q15155,compound,protein,1
2157,CPI,P10827,compound,protein,1
2157,CPI,P21554,compound,protein,1
2157,CPI,P28223,compound,protein,1
2157,CPI,Q92847,compound,protein,1
2157,CPI,Q96RR4,compound,protein,0
2162,CPI,P21397,compound,protein,1
2162,CPI,P21917,compound,protein,1
2162,CPI,P50591,compound,protein,0
2162,CPI,O14727,compound,protein,0
216237,CPI,P28335,compound,protein,1
216239,CPI,P10721,compound,protein,1
216239,CPI,P15735,compound,protein,1
216239,CPI,P35916,compound,protein,1
216239,CPI,P36894,compound,protein,1
216239,CPI,P43166,compound,protein,1
216239,CPI,P53350,compound,protein,1
216239,CPI,P54753,compound,protein,1
216239,CPI,Q05655,compound,protein,1
216239,CPI,Q16644,compound,protein,1
216239,CPI,Q16832,compound,protein,1
216239,CPI,Q8NG66,compound,protein,1
216239,CPI,Q8NI60,compound,protein,1
216239,CPI,Q8WU08,compound,protein,1
216239,CPI,Q96NX5,compound,protein,1
216239,CPI,Q9C098,compound,protein,1
216239,CPI,Q9H0K1,compound,protein,1
216239,CPI,Q9H244,compound,protein,0
216239,CPI,P11137,compound,protein,0
216239,CPI,Q13393,compound,protein,0
216239,CPI,P00749,compound,protein,0
216239,CPI,O75365,compound,protein,0
216239,CPI,P57764,compound,protein,0
216239,CPI,Q9NPH5,compound,protein,0
216239,CPI,Q71U36,compound,protein,0
216239,CPI,P41231,compound,protein,0
216239,CPI,B1AH88,compound,protein,0
216239,CPI,Q9NYR8,compound,protein,0
216239,CPI,O94953,compound,protein,0
216239,CPI,P05026,compound,protein,0
216239,CPI,O75751,compound,protein,0
216239,CPI,P13631,compound,protein,0
216239,CPI,Q92945,compound,protein,0
21625941,CPI,O60741,compound,protein,1
21625941,CPI,P09884,compound,protein,0
216327,CPI,O15554,compound,protein,1
216345,CPI,Q16558,compound,protein,0
216468,CPI,Q13148,compound,protein,0
2165,CPI,Q9Y5N1,compound,protein,1
21700,CPI,P25021,compound,protein,1
2174,CPI,Q99700,compound,protein,0
2179,CPI,O94782,compound,protein,1
2179,CPI,P25929,compound,protein,1
2179,CPI,P39748,compound,protein,1
219078,CPI,P00918,compound,protein,1
219078,CPI,Q9ULX7,compound,protein,1
2196,CPI,P42262,compound,protein,1
2196,CPI,Q14500,compound,protein,0
2200,CPI,P10635,compound,protein,1
2200,CPI,P11229,compound,protein,1
2200,CPI,Q96S37,compound,protein,0
2200,CPI,P27695,compound,protein,0
2201555,CPI,Q99814,compound,protein,1
22049997,CPI,O60674,compound,protein,1
22049997,CPI,Q16539,compound,protein,1
2206,CPI,Q6XQN6,compound,protein,1
2206,CPI,P35580,compound,protein,0
2210290,CPI,P49146,compound,protein,0
221493,CPI,P09669,compound,protein,1
22228376,CPI,P29597,compound,protein,1
22228376,CPI,Q96PF2,compound,protein,1
22228376,CPI,Q9BXA7,compound,protein,1
22228376,CPI,O75899,compound,protein,0
22228376,CPI,Q9BUB5,compound,protein,0
22245026,CPI,Q59H18,compound,protein,0
222528,CPI,O75496,compound,protein,1
222528,CPI,Q9HCP0,compound,protein,0
2225472,CPI,P49795,compound,protein,1
2225472,CPI,Q9HC29,compound,protein,0
2228302,CPI,Q96RQ3,compound,protein,0
2229,CPI,Q9BQI3,compound,protein,0
223368,CPI,Q9NUW8,compound,protein,1
2236,CPI,Q8IVT5,compound,protein,0
22416235,CPI,Q8TCT1,compound,protein,1
22416236,CPI,P53350,compound,protein,1
2244,CPI,P00533,compound,protein,1
2244,CPI,P54646,compound,protein,1
2244,CPI,O14976,compound,protein,0
2244,CPI,P06280,compound,protein,0
2244,CPI,Q16515,compound,protein,0
22565,CPI,Q99700,compound,protein,0
2265,CPI,O75874,compound,protein,1
2265,CPI,P41145,compound,protein,1
2265,CPI,Q9Y5N1,compound,protein,1
2267,CPI,P35367,compound,protein,1
2267,CPI,O00204,compound,protein,0
22833647,CPI,P35372,compound,protein,0
2284,CPI,P08684,compound,protein,1
2284,CPI,P43250,compound,protein,0
2300608,CPI,P54764,compound,protein,0
2300608,CPI,A5X5Y0,compound,protein,0
230748,CPI,P11229,compound,protein,0
2315,CPI,Q13621,compound,protein,1
2315,CPI,P51570,compound,protein,0
23236067,CPI,P34897,compound,protein,0
2327,CPI,P35367,compound,protein,1
2327953,CPI,P49795,compound,protein,1
2327953,CPI,O75908,compound,protein,0
2333,CPI,P33261,compound,protein,1
2333,CPI,Q96KQ7,compound,protein,1
2333,CPI,Q9Y478,compound,protein,0
2335,CPI,P10635,compound,protein,1
2335,CPI,Q04637,compound,protein,0
2335,CPI,P48736,compound,protein,0
23351218,CPI,Q15120,compound,protein,1
23351218,CPI,P0C1S8,compound,protein,0
2337,CPI,Q99808,compound,protein,1
2337,CPI,O15357,compound,protein,0
2337,CPI,P18545,compound,protein,0
2343,CPI,Q92934,compound,protein,0
2343,CPI,P23458,compound,protein,0
2351,CPI,O75688,compound,protein,0
2351,CPI,Q9BXA6,compound,protein,0
2353,CPI,P51160,compound,protein,0
2356,CPI,P01584,compound,protein,1
2356,CPI,P11362,compound,protein,0
23581805,CPI,O75496,compound,protein,0
23612552,CPI,P01215,compound,protein,1
23633604,CPI,Q8IWU9,compound,protein,1
23633604,CPI,B1AH88,compound,protein,0
23648021,CPI,O75496,compound,protein,1
23648022,CPI,P53779,compound,protein,0
23648022,CPI,Q05397,compound,protein,0
23725,CPI,Q06609,compound,protein,1
23725625,CPI,P21554,compound,protein,1
2375,CPI,P14416,compound,protein,1
2375,CPI,P41145,compound,protein,1
2375,CPI,Q14432,compound,protein,1
2375,CPI,P50591,compound,protein,0
2375,CPI,O75582,compound,protein,0
23760137,CPI,P10635,compound,protein,0
23760717,CPI,Q14978,compound,protein,0
2377,CPI,Q99558,compound,protein,0
2378,CPI,Q9Y4P1,compound,protein,1
2378,CPI,Q9Y5S1,compound,protein,0
2378,CPI,O00763,compound,protein,0
2381,CPI,P11229,compound,protein,1
23897,CPI,P14416,compound,protein,0
2390,CPI,P51955,compound,protein,1
2390,CPI,Q96KB5,compound,protein,1
2390,CPI,O75496,compound,protein,1
2390,CPI,P04062,compound,protein,1
2390,CPI,P28482,compound,protein,1
2390,CPI,Q9UHH9,compound,protein,0
2390,CPI,P11509,compound,protein,0
2392,CPI,P00352,compound,protein,1
2392,CPI,P07477,compound,protein,0
2396,CPI,P41743,compound,protein,1
2396,CPI,P49798,compound,protein,1
2396,CPI,Q05655,compound,protein,1
2396,CPI,Q9Y263,compound,protein,0
2396,CPI,Q9UHC3,compound,protein,0
24041599,CPI,P41231,compound,protein,0
2405,CPI,P83916,compound,protein,1
2405,CPI,P57764,compound,protein,0
24058669,CPI,O14746,compound,protein,0
2406,CPI,O75469,compound,protein,1
2406,CPI,P00533,compound,protein,1
2406,CPI,P04637,compound,protein,1
2406,CPI,P08588,compound,protein,0
2406,CPI,Q9NWH9,compound,protein,0
24066,CPI,P29274,compound,protein,1
24066,CPI,P41145,compound,protein,1
24066,CPI,O14578,compound,protein,0
2416356,CPI,Q8NER1,compound,protein,0
24180719,CPI,O00625,compound,protein,1
24180719,CPI,O14965,compound,protein,1
24180719,CPI,P08069,compound,protein,1
24180719,CPI,P29597,compound,protein,1
24180719,CPI,P33981,compound,protein,1
24180719,CPI,P35590,compound,protein,1
24180719,CPI,P42681,compound,protein,1
24180719,CPI,P52333,compound,protein,1
24180719,CPI,P53671,compound,protein,1
24180719,CPI,Q00537,compound,protein,1
24180719,CPI,Q15831,compound,protein,1
24180719,CPI,Q16288,compound,protein,1
24180719,CPI,Q5VT25,compound,protein,1
24180719,CPI,Q96BR1,compound,protein,1
24180719,CPI,Q9BXA7,compound,protein,1
24180719,CPI,O15303,compound,protein,0
24180719,CPI,P07477,compound,protein,0
24180719,CPI,P22001,compound,protein,0
24180719,CPI,P14415,compound,protein,0
24180719,CPI,P60953,compound,protein,0
24180719,CPI,P34969,compound,protein,0
24180719,CPI,Q96QE3,compound,protein,0
24180719,CPI,P30085,compound,protein,0
24180719,CPI,P25098,compound,protein,0
24180719,CPI,P14867,compound,protein,0
24180719,CPI,P36544,compound,protein,0
24180719,CPI,P29475,compound,protein,0
24180719,CPI,P24462,compound,protein,0
241903,CPI,P49721,compound,protein,1
24242928,CPI,Q9UK17,compound,protein,0
2430,CPI,P84022,compound,protein,1
2435,CPI,P39748,compound,protein,1
24360,CPI,P68871,compound,protein,1
24360,CPI,Q14721,compound,protein,0
2443,CPI,P28222,compound,protein,1
2443,CPI,P28223,compound,protein,1
2443,CPI,P62136,compound,protein,0
2448,CPI,P08912,compound,protein,1
2448,CPI,P33121,compound,protein,0
2448,CPI,O75496,compound,protein,0
2453,CPI,P33121,compound,protein,0
2457,CPI,P05177,compound,protein,1
2457,CPI,Q9NUW8,compound,protein,0
2460,CPI,Q16637,compound,protein,1
2460,CPI,Q8IYT8,compound,protein,0
2466,CPI,P05177,compound,protein,1
2466,CPI,Q9NPA1,compound,protein,0
2471,CPI,P18089,compound,protein,1
2471,CPI,Q16236,compound,protein,1
2471,CPI,P56373,compound,protein,0
24737642,CPI,P98170,compound,protein,1
24737642,CPI,Q13043,compound,protein,0
24737642,CPI,Q96P20,compound,protein,0
24739943,CPI,Q9NUW8,compound,protein,0
2474,CPI,P02818,compound,protein,0
24747175,CPI,P06213,compound,protein,0
24747176,CPI,P46019,compound,protein,0
24747191,CPI,O75496,compound,protein,1
24747211,CPI,P41145,compound,protein,0
24747278,CPI,O75496,compound,protein,1
24747341,CPI,O75385,compound,protein,0
24747343,CPI,P50613,compound,protein,0
24748573,CPI,P19784,compound,protein,1
24748573,CPI,P49761,compound,protein,1
24748573,CPI,P51787,compound,protein,0
24748573,CPI,Q08257,compound,protein,0
24748573,CPI,P00813,compound,protein,0
24768935,CPI,P49841,compound,protein,0
24772860,CPI,P25098,compound,protein,0
24775005,CPI,P07550,compound,protein,1
24775005,CPI,Q9UBC3,compound,protein,0
24776445,CPI,P41595,compound,protein,1
24779724,CPI,P0C264,compound,protein,1
24779724,CPI,P19525,compound,protein,1
24779724,CPI,P21709,compound,protein,1
24779724,CPI,P24941,compound,protein,1
24779724,CPI,P28482,compound,protein,1
24779724,CPI,P30530,compound,protein,1
24779724,CPI,P36897,compound,protein,1
24779724,CPI,P48730,compound,protein,1
24779724,CPI,P49336,compound,protein,1
24779724,CPI,P49759,compound,protein,1
24779724,CPI,Q13163,compound,protein,1
24779724,CPI,Q13188,compound,protein,1
24779724,CPI,Q13554,compound,protein,1
24779724,CPI,Q16288,compound,protein,1
24779724,CPI,Q59H18,compound,protein,1
24779724,CPI,Q8NG66,compound,protein,1
24779724,CPI,Q9Y6R4,compound,protein,1
24779724,CPI,Q99873,compound,protein,0
24779724,CPI,P47712,compound,protein,0
24779724,CPI,Q96NT5,compound,protein,0
24779724,CPI,Q9UGM1,compound,protein,0
24779724,CPI,P42263,compound,protein,0
24779724,CPI,Q8IXQ6,compound,protein,0
24779724,CPI,P00367,compound,protein,0
24779724,CPI,P07225,compound,protein,0
24779724,CPI,P61956,compound,protein,0
24779724,CPI,P11498,compound,protein,0
24779724,CPI,Q99519,compound,protein,0
24779724,CPI,P41145,compound,protein,0
24779724,CPI,P05177,compound,protein,0
24779724,CPI,Q14654,compound,protein,0
2478,CPI,P02545,compound,protein,1
24780598,CPI,P49238,compound,protein,1
24780598,CPI,Q9BQB6,compound,protein,0
24785538,CPI,P04629,compound,protein,1
24785538,CPI,P06213,compound,protein,1
24785538,CPI,O14521,compound,protein,0
24785538,CPI,P23921,compound,protein,0
24788740,CPI,Q06710,compound,protein,0
24795070,CPI,P00352,compound,protein,0
2480,CPI,O75496,compound,protein,1
2481,CPI,O43193,compound,protein,1
2481,CPI,P04150,compound,protein,1
2481,CPI,P35354,compound,protein,1
2481,CPI,P78334,compound,protein,1
2481,CPI,Q99972,compound,protein,0
2481,CPI,Q01668,compound,protein,0
2481,CPI,P52333,compound,protein,0
24812758,CPI,P31639,compound,protein,1
24821094,CPI,Q9BRX8,compound,protein,1
24821094,CPI,P33121,compound,protein,0
24821094,CPI,P07437,compound,protein,0
24826799,CPI,P08069,compound,protein,1
24826799,CPI,Q13546,compound,protein,1
24826799,CPI,Q86W47,compound,protein,0
2484,CPI,P10635,compound,protein,1
2484,CPI,P41968,compound,protein,1
2484,CPI,O75385,compound,protein,0
2484,CPI,P48048,compound,protein,0
24856041,CPI,Q16832,compound,protein,1
24856041,CPI,Q96PR1,compound,protein,0
24856041,CPI,O43497,compound,protein,0
24856041,CPI,Q08257,compound,protein,0
24856041,CPI,P20618,compound,protein,0
24856041,CPI,P57058,compound,protein,0
24856436,CPI,O14976,compound,protein,1
24856436,CPI,O43293,compound,protein,1
24856436,CPI,P19784,compound,protein,1
24856436,CPI,P51812,compound,protein,1
24856436,CPI,Q00535,compound,protein,1
24856436,CPI,Q16288,compound,protein,1
24857286,CPI,Q5NUL3,compound,protein,1
24857286,CPI,P41146,compound,protein,0
24858111,CPI,P23458,compound,protein,0
24868309,CPI,P32298,compound,protein,0
24868317,CPI,Q13554,compound,protein,0
24868317,CPI,O94806,compound,protein,0
24880028,CPI,P25929,compound,protein,0
24901704,CPI,P08172,compound,protein,1
24905203,CPI,P00533,compound,protein,1
24905203,CPI,P48736,compound,protein,1
24946690,CPI,O95835,compound,protein,0
24951314,CPI,P08185,compound,protein,0
24951314,CPI,P35372,compound,protein,0
24963293,CPI,Q14432,compound,protein,1
24964624,CPI,P47895,compound,protein,0
24989044,CPI,P42336,compound,protein,1
24989044,CPI,P48736,compound,protein,1
25015515,CPI,P25929,compound,protein,0
25015515,CPI,Q9Y5S2,compound,protein,0
25019940,CPI,P22612,compound,protein,0
25025505,CPI,P08684,compound,protein,0
25031915,CPI,P07550,compound,protein,0
25033539,CPI,P42345,compound,protein,1
25033539,CPI,P37023,compound,protein,0
25066467,CPI,O95819,compound,protein,1
25066467,CPI,Q16539,compound,protein,1
25066467,CPI,Q92953,compound,protein,0
25066467,CPI,Q14957,compound,protein,0
25067484,CPI,Q9Y263,compound,protein,1
25073775,CPI,P53779,compound,protein,1
25099184,CPI,P30556,compound,protein,0
25102847,CPI,P22830,compound,protein,1
25102847,CPI,Q13882,compound,protein,1
25105719,CPI,Q96QE3,compound,protein,1
25113764,CPI,P54762,compound,protein,0
25117126,CPI,P27448,compound,protein,1
25117126,CPI,Q14289,compound,protein,1
25117126,CPI,Q08462,compound,protein,0
25117126,CPI,P84022,compound,protein,0
2512,CPI,P18089,compound,protein,1
2512,CPI,Q9BYT3,compound,protein,0
25126798,CPI,O95382,compound,protein,1
25126798,CPI,P15735,compound,protein,1
25126798,CPI,P22455,compound,protein,1
25126798,CPI,P49336,compound,protein,1
25126798,CPI,Q00537,compound,protein,1
25126798,CPI,Q06187,compound,protein,1
25126798,CPI,Q15418,compound,protein,1
25126798,CPI,Q5VT25,compound,protein,1
25126798,CPI,Q6ZN16,compound,protein,1
25126798,CPI,Q86Y07,compound,protein,1
25126798,CPI,Q99683,compound,protein,1
25126798,CPI,Q99755,compound,protein,1
25126798,CPI,Q9P2K8,compound,protein,1
25126798,CPI,Q9UM73,compound,protein,1
25126798,CPI,P43115,compound,protein,0
25126798,CPI,O15296,compound,protein,0
25126798,CPI,P00918,compound,protein,0
25126798,CPI,Q16790,compound,protein,0
25126798,CPI,P02818,compound,protein,0
25126798,CPI,Q8TF76,compound,protein,0
25126798,CPI,Q12809,compound,protein,0
25126798,CPI,P51172,compound,protein,0
25134326,CPI,P07332,compound,protein,1
25134326,CPI,P07947,compound,protein,1
25134326,CPI,P16591,compound,protein,1
25134326,CPI,P42685,compound,protein,1
25134326,CPI,P26599,compound,protein,0
2513861,CPI,P29074,compound,protein,0
25150857,CPI,P26358,compound,protein,1
25161177,CPI,Q15746,compound,protein,1
25161177,CPI,Q08289,compound,protein,0
25161177,CPI,Q8TDV5,compound,protein,0
25171648,CPI,P49327,compound,protein,0
25171648,CPI,P78334,compound,protein,0
2519,CPI,O60658,compound,protein,1
2519,CPI,O75496,compound,protein,1
2519,CPI,P08908,compound,protein,1
2519,CPI,P41145,compound,protein,1
2519,CPI,Q08493,compound,protein,1
2519,CPI,P21709,compound,protein,0
2519,CPI,P41594,compound,protein,0
2519,CPI,Q460N5,compound,protein,0
2519,CPI,Q96D53,compound,protein,0
25195348,CPI,P41145,compound,protein,0
25199538,CPI,O75908,compound,protein,0
2520,CPI,P07550,compound,protein,1
2520,CPI,P23975,compound,protein,1
2520,CPI,Q08499,compound,protein,1
2520,CPI,Q92887,compound,protein,1
2520,CPI,Q9P0X4,compound,protein,1
2520,CPI,Q5XXA6,compound,protein,0
2520,CPI,P61088,compound,protein,0
2520,CPI,P51451,compound,protein,0
25209788,CPI,P05177,compound,protein,0
25227436,CPI,P53667,compound,protein,1
25227436,CPI,Q16584,compound,protein,1
25227436,CPI,O14521,compound,protein,0
25227436,CPI,P34903,compound,protein,0
25227462,CPI,Q13557,compound,protein,1
25227462,CPI,Q9NSY1,compound,protein,1
25227462,CPI,Q99707,compound,protein,0
25227462,CPI,P78334,compound,protein,0
25243736,CPI,P84022,compound,protein,1
25243736,CPI,P98066,compound,protein,0
25243736,CPI,Q05940,compound,protein,0
25243780,CPI,P27695,compound,protein,1
25243780,CPI,Q13315,compound,protein,0
25254071,CPI,P42345,compound,protein,1
25254071,CPI,P42680,compound,protein,1
25254071,CPI,Q9NUW8,compound,protein,0
25260757,CPI,P04049,compound,protein,0
25262792,CPI,P00749,compound,protein,0
25267262,CPI,Q9H2K2,compound,protein,1
25295,CPI,P33261,compound,protein,1
25295,CPI,P35367,compound,protein,1
25295,CPI,Q12809,compound,protein,1
253078,CPI,Q16236,compound,protein,1
253078,CPI,Q9Y6F1,compound,protein,0
2532,CPI,Q86Y07,compound,protein,0
2536,CPI,Q08462,compound,protein,0
253602,CPI,O75909,compound,protein,0
253602,CPI,P55157,compound,protein,0
2540,CPI,O75469,compound,protein,1
2540,CPI,P21918,compound,protein,1
2540,CPI,P25103,compound,protein,1
2540,CPI,Q9NPD5,compound,protein,1
2541,CPI,P08173,compound,protein,1
2541,CPI,P13945,compound,protein,1
2549,CPI,Q16665,compound,protein,1
2549,CPI,Q8NER1,compound,protein,1
2551,CPI,P08908,compound,protein,1
2551,CPI,P43681,compound,protein,1
2551,CPI,P25103,compound,protein,0
2554,CPI,O14733,compound,protein,0
2562,CPI,O60240,compound,protein,1
2562,CPI,Q12809,compound,protein,1
2562,CPI,Q9UI33,compound,protein,1
2562,CPI,P31213,compound,protein,0
2563,CPI,P17658,compound,protein,0
2564,CPI,Q12809,compound,protein,1
25668960,CPI,P54646,compound,protein,0
2577,CPI,P10635,compound,protein,1
2577,CPI,Q9H0J9,compound,protein,0
2581,CPI,P41145,compound,protein,1
2581,CPI,Q8TBX8,compound,protein,0
2583,CPI,P25929,compound,protein,1
2583,CPI,P29274,compound,protein,1
2585,CPI,P07550,compound,protein,1
2585,CPI,P08908,compound,protein,1
2585,CPI,O95264,compound,protein,0
25886838,CPI,P19525,compound,protein,0
25886838,CPI,P29376,compound,protein,0
259329,CPI,Q01201,compound,protein,0
259329,CPI,P07550,compound,protein,0
26043913,CPI,O14733,compound,protein,0
26043913,CPI,P43405,compound,protein,0
262093,CPI,P55211,compound,protein,1
262093,CPI,Q92830,compound,protein,1
26248,CPI,Q96KQ7,compound,protein,1
26248,CPI,Q9BRX8,compound,protein,0
265237,CPI,P41145,compound,protein,0
266934,CPI,P54619,compound,protein,1
266934,CPI,P48048,compound,protein,0
2678,CPI,P08588,compound,protein,1
26879,CPI,P00813,compound,protein,0
2690,CPI,P25021,compound,protein,0
26937,CPI,P41145,compound,protein,1
26937,CPI,P00338,compound,protein,0
26987,CPI,P08172,compound,protein,1
26987,CPI,P14416,compound,protein,1
26987,CPI,P28223,compound,protein,1
2703,CPI,Q16637,compound,protein,1
2703,CPI,Q9Y618,compound,protein,0
2703,CPI,P03372,compound,protein,0
2710,CPI,P02545,compound,protein,0
2712,CPI,Q9Y5N1,compound,protein,1
2712,CPI,P17861,compound,protein,0
2712,CPI,P12268,compound,protein,0
2712,CPI,P36894,compound,protein,0
2713,CPI,P08172,compound,protein,1
2713,CPI,P14780,compound,protein,1
2713,CPI,Q13163,compound,protein,0
2713,CPI,P26599,compound,protein,0
2713,CPI,O95382,compound,protein,0
2724385,CPI,O43193,compound,protein,1
2724385,CPI,P32238,compound,protein,1
2725,CPI,P23975,compound,protein,1
2725,CPI,P28335,compound,protein,1
2725,CPI,P35372,compound,protein,1
2725,CPI,O00391,compound,protein,0
2725,CPI,P55211,compound,protein,0
2725,CPI,Q13043,compound,protein,0
2725,CPI,P09467,compound,protein,0
2725,CPI,Q9UNA0,compound,protein,0
2726,CPI,P11229,compound,protein,1
2726,CPI,P35368,compound,protein,1
2726,CPI,Q8IVW4,compound,protein,0
2726,CPI,P45983,compound,protein,0
2726824,CPI,P49798,compound,protein,0
2727,CPI,P07550,compound,protein,1
2727,CPI,P08908,compound,protein,1
2727,CPI,P37840,compound,protein,0
2732,CPI,O75469,compound,protein,1
2732,CPI,P21731,compound,protein,1
2732,CPI,P23975,compound,protein,1
2732,CPI,P30556,compound,protein,1
2732,CPI,Q9H2X9,compound,protein,0
2732,CPI,P62508,compound,protein,0
2732,CPI,Q9HCC0,compound,protein,0
2733,CPI,P08172,compound,protein,1
2733,CPI,P21554,compound,protein,1
2733,CPI,P35367,compound,protein,1
2733526,CPI,Q96KQ7,compound,protein,1
2733526,CPI,Q9BY08,compound,protein,1
2733526,CPI,P11802,compound,protein,0
2733526,CPI,P11498,compound,protein,0
2733526,CPI,Q9UIK4,compound,protein,0
2733768,CPI,P21917,compound,protein,0
2735313,CPI,P08684,compound,protein,1
27447,CPI,P08908,compound,protein,1
27447,CPI,P21397,compound,protein,1
27447,CPI,P23975,compound,protein,1
27447,CPI,P25103,compound,protein,1
27447,CPI,P28223,compound,protein,1
2745687,CPI,P11473,compound,protein,0
2752,CPI,O94782,compound,protein,1
2752,CPI,P14416,compound,protein,1
2752,CPI,P23975,compound,protein,1
2752,CPI,P35354,compound,protein,1
2752,CPI,P54284,compound,protein,1
2753,CPI,O76074,compound,protein,1
2756,CPI,P21917,compound,protein,1
2756,CPI,P25103,compound,protein,1
2756,CPI,P27815,compound,protein,1
2756,CPI,P35372,compound,protein,1
2761,CPI,Q93084,compound,protein,0
2762,CPI,P02545,compound,protein,1
2762,CPI,Q92847,compound,protein,1
2763,CPI,P54652,compound,protein,0
2764,CPI,P00352,compound,protein,1
2764,CPI,P02545,compound,protein,1
27648,CPI,Q16280,compound,protein,0
27661,CPI,P21397,compound,protein,1
27661,CPI,Q8TDS4,compound,protein,1
27661,CPI,Q8TCT1,compound,protein,0
27661,CPI,P56817,compound,protein,0
2769,CPI,P10635,compound,protein,1
2769,CPI,Q6ZN16,compound,protein,0
2769,CPI,P62942,compound,protein,0
2769229,CPI,P10636,compound,protein,1
2769229,CPI,P27695,compound,protein,1
2769229,CPI,Q8TC12,compound,protein,0
2777,CPI,P20309,compound,protein,0
2782,CPI,P21731,compound,protein,1
2787526,CPI,P56817,compound,protein,0
2788,CPI,P37840,compound,protein,1
2788,CPI,Q13554,compound,protein,0
2788,CPI,P27707,compound,protein,0
2788,CPI,P30556,compound,protein,0
2788,CPI,O15296,compound,protein,0
2790,CPI,Q92499,compound,protein,0
27924,CPI,Q8IV61,compound,protein,1
2796,CPI,P08684,compound,protein,1
2796,CPI,P21554,compound,protein,1
2796,CPI,P41595,compound,protein,1
2797577,CPI,Q03181,compound,protein,0
2801,CPI,P23975,compound,protein,1
2802,CPI,P21397,compound,protein,1
2802,CPI,P21554,compound,protein,1
2802,CPI,O95347,compound,protein,0
2802190,CPI,P00352,compound,protein,1
2802190,CPI,O00264,compound,protein,0
2803,CPI,Q16678,compound,protein,0
2812,CPI,O75469,compound,protein,1
2812,CPI,P16050,compound,protein,1
2812,CPI,P20309,compound,protein,1
2812,CPI,Q96KQ7,compound,protein,1
2812,CPI,P56524,compound,protein,0
2819095,CPI,Q16236,compound,protein,1
2819095,CPI,P28223,compound,protein,0
2837530,CPI,Q96KQ7,compound,protein,1
2837530,CPI,Q8N5Y8,compound,protein,0
2837663,CPI,P27695,compound,protein,1
28417,CPI,P08908,compound,protein,1
28417,CPI,P35367,compound,protein,1
28417,CPI,P57058,compound,protein,0
28417,CPI,P20794,compound,protein,0
2852569,CPI,O15118,compound,protein,1
2852569,CPI,Q8N4C8,compound,protein,0
2857183,CPI,P00352,compound,protein,0
2858523,CPI,Q3MIX3,compound,protein,0
2861757,CPI,P08311,compound,protein,0
2861757,CPI,P10635,compound,protein,0
2866,CPI,Q86T13,compound,protein,0
2866,CPI,Q9H773,compound,protein,0
2878586,CPI,Q8IYT8,compound,protein,0
2882,CPI,O75907,compound,protein,0
2894,CPI,P09874,compound,protein,0
2895,CPI,P14416,compound,protein,1
2905,CPI,P28223,compound,protein,1
2905,CPI,P05177,compound,protein,0
2905,CPI,P10636,compound,protein,0
2910,CPI,P54710,compound,protein,1
2921148,CPI,Q13946,compound,protein,1
29243,CPI,P0C264,compound,protein,0
29327,CPI,Q13188,compound,protein,0
2948,CPI,Q9Y5N1,compound,protein,0
2949,CPI,P03372,compound,protein,1
2949965,CPI,Q14974,compound,protein,1
2949965,CPI,Q92736,compound,protein,0
2949965,CPI,O95461,compound,protein,0
2953683,CPI,Q15569,compound,protein,0
2955,CPI,P29274,compound,protein,1
2955,CPI,P47989,compound,protein,0
2955,CPI,O00443,compound,protein,0
2965120,CPI,P25103,compound,protein,0
2968,CPI,P39748,compound,protein,1
2968,CPI,Q15822,compound,protein,1
2977478,CPI,P00352,compound,protein,1
2977478,CPI,Q15139,compound,protein,0
299,CPI,O00443,compound,protein,0
2993,CPI,P05177,compound,protein,1
2993,CPI,P42345,compound,protein,1
29985980,CPI,P07949,compound,protein,0
3000540,CPI,P43681,compound,protein,1
3001028,CPI,Q8NER1,compound,protein,0
3001055,CPI,P14416,compound,protein,1
3001055,CPI,P21917,compound,protein,1
3001055,CPI,P25929,compound,protein,1
3001055,CPI,Q8TCU5,compound,protein,0
3001055,CPI,Q09428,compound,protein,0
3001055,CPI,P17252,compound,protein,0
3003565,CPI,P27986,compound,protein,1
3005573,CPI,P08588,compound,protein,0
3009355,CPI,P08172,compound,protein,1
3012,CPI,P49798,compound,protein,1
3019,CPI,P43681,compound,protein,1
3025920,CPI,Q15788,compound,protein,0
30323,CPI,Q92847,compound,protein,1
30323,CPI,Q9NR21,compound,protein,0
30323,CPI,P80192,compound,protein,0
3033637,CPI,P14416,compound,protein,1
3033637,CPI,P21554,compound,protein,1
3033637,CPI,P35367,compound,protein,1
3033637,CPI,Q9NR96,compound,protein,0
3033637,CPI,P16234,compound,protein,0
3033825,CPI,P17658,compound,protein,0
3033825,CPI,P53779,compound,protein,0
3034010,CPI,P11150,compound,protein,1
3034010,CPI,Q9UBT6,compound,protein,1
3035746,CPI,P05166,compound,protein,0
3035842,CPI,Q92772,compound,protein,0
3036780,CPI,P14416,compound,protein,1
3036780,CPI,P22459,compound,protein,0
3037,CPI,O75496,compound,protein,1
3038,CPI,P23280,compound,protein,1
3038,CPI,P30411,compound,protein,1
3038,CPI,Q8IW41,compound,protein,0
3038495,CPI,Q08828,compound,protein,0
3038495,CPI,Q9HCP0,compound,protein,0
3038522,CPI,P06239,compound,protein,1
3038522,CPI,P08069,compound,protein,1
3038522,CPI,P31751,compound,protein,1
3038522,CPI,P36507,compound,protein,1
3038522,CPI,P51956,compound,protein,1
3038522,CPI,P80192,compound,protein,1
3038522,CPI,Q12866,compound,protein,1
3038522,CPI,Q32MK0,compound,protein,1
3038522,CPI,Q6DT37,compound,protein,1
3038522,CPI,Q92630,compound,protein,1
3038522,CPI,Q96Q40,compound,protein,1
3038522,CPI,Q9NQU5,compound,protein,1
3038522,CPI,Q9UEE5,compound,protein,1
3038522,CPI,Q9Y616,compound,protein,1
3038522,CPI,O95263,compound,protein,0
3038522,CPI,P51449,compound,protein,0
3038522,CPI,Q14376,compound,protein,0
3038522,CPI,P35218,compound,protein,0
3038522,CPI,P36542,compound,protein,0
3038522,CPI,Q9UKV0,compound,protein,0
3038522,CPI,P42574,compound,protein,0
3038522,CPI,P24462,compound,protein,0
3038522,CPI,P08172,compound,protein,0
3038522,CPI,P50135,compound,protein,0
3038522,CPI,Q03181,compound,protein,0
3038522,CPI,P58215,compound,protein,0
3038522,CPI,O95271,compound,protein,0
3038522,CPI,P14416,compound,protein,0
3038525,CPI,P08069,compound,protein,1
3038525,CPI,P27361,compound,protein,1
3038525,CPI,P36507,compound,protein,1
3038525,CPI,P37023,compound,protein,1
3038525,CPI,P42338,compound,protein,1
3038525,CPI,P51451,compound,protein,1
3038525,CPI,P51956,compound,protein,1
3038525,CPI,Q02750,compound,protein,1
3038525,CPI,Q13627,compound,protein,1
3038525,CPI,Q13705,compound,protein,1
3038525,CPI,Q15349,compound,protein,1
3038525,CPI,Q8IYT8,compound,protein,1
3038525,CPI,Q8TDR2,compound,protein,1
3038525,CPI,Q9P289,compound,protein,1
3038525,CPI,P11474,compound,protein,0
3038525,CPI,O43172,compound,protein,0
3038525,CPI,Q9H4B7,compound,protein,0
3038525,CPI,P53634,compound,protein,0
3038525,CPI,P05164,compound,protein,0
3038525,CPI,O75762,compound,protein,0
3038525,CPI,P20815,compound,protein,0
3038525,CPI,Q96RG2,compound,protein,0
3038525,CPI,P01031,compound,protein,0
3038525,CPI,P48544,compound,protein,0
3038525,CPI,O60563,compound,protein,0
3039,CPI,P27695,compound,protein,1
3052776,CPI,P50406,compound,protein,1
3053,CPI,Q7KZI7,compound,protein,0
3055,CPI,P08908,compound,protein,1
3059,CPI,P28223,compound,protein,1
3059,CPI,O43683,compound,protein,0
3059,CPI,Q92731,compound,protein,0
3062316,CPI,O14757,compound,protein,1
3062316,CPI,O14976,compound,protein,1
3062316,CPI,O94806,compound,protein,1
3062316,CPI,O95835,compound,protein,1
3062316,CPI,P20794,compound,protein,1
3062316,CPI,Q01538,compound,protein,1
3062316,CPI,Q02156,compound,protein,1
3062316,CPI,Q07912,compound,protein,1
3062316,CPI,Q13163,compound,protein,1
3062316,CPI,Q16584,compound,protein,1
3062316,CPI,Q6DT37,compound,protein,1
3062316,CPI,Q8WXR4,compound,protein,1
3062316,CPI,Q9H093,compound,protein,1
3062316,CPI,Q9H0K1,compound,protein,1
3062316,CPI,Q9NRH2,compound,protein,1
3062316,CPI,P12821,compound,protein,0
3062316,CPI,P02545,compound,protein,0
3062316,CPI,P10275,compound,protein,0
3062316,CPI,P34972,compound,protein,0
3062316,CPI,P61088,compound,protein,0
3062316,CPI,P41279,compound,protein,0
3062316,CPI,P19801,compound,protein,0
3062316,CPI,P36894,compound,protein,0
3071,CPI,P35869,compound,protein,1
3071,CPI,O00443,compound,protein,0
3071,CPI,Q13523,compound,protein,0
3074,CPI,P33981,compound,protein,0
30751,CPI,P09884,compound,protein,1
30751,CPI,P51817,compound,protein,0
3078519,CPI,O95382,compound,protein,1
3078519,CPI,P36888,compound,protein,1
3078519,CPI,Q07912,compound,protein,1
3078519,CPI,Q9Y2H1,compound,protein,1
3078519,CPI,Q9H2X9,compound,protein,0
3078519,CPI,O00591,compound,protein,0
3078519,CPI,P42262,compound,protein,0
3081361,CPI,P18089,compound,protein,1
3081361,CPI,P27037,compound,protein,1
3081361,CPI,P29317,compound,protein,1
3081361,CPI,P35367,compound,protein,1
3081361,CPI,P80192,compound,protein,1
3081361,CPI,Q8WTQ7,compound,protein,1
3081361,CPI,Q9BX84,compound,protein,1
3081361,CPI,Q9UBF8,compound,protein,1
3081361,CPI,Q9UF33,compound,protein,1
3081361,CPI,Q9UIK4,compound,protein,1
3081361,CPI,Q9Y243,compound,protein,1
3081361,CPI,P14061,compound,protein,0
3081361,CPI,P07339,compound,protein,0
3081361,CPI,Q03164,compound,protein,0
3081361,CPI,Q9NR20,compound,protein,0
3081361,CPI,P25105,compound,protein,0
3081361,CPI,P10276,compound,protein,0
3081361,CPI,Q9BY08,compound,protein,0
3081361,CPI,Q9Y5Y4,compound,protein,0
3081361,CPI,P08185,compound,protein,0
3081361,CPI,P20711,compound,protein,0
3081361,CPI,Q13315,compound,protein,0
3081361,CPI,O95718,compound,protein,0
3085219,CPI,P25100,compound,protein,1
3085219,CPI,P46098,compound,protein,1
3085416,CPI,Q96KQ7,compound,protein,0
3091786,CPI,Q14164,compound,protein,0
3100,CPI,O43193,compound,protein,1
3100,CPI,P23975,compound,protein,1
3100,CPI,Q9C098,compound,protein,0
31055126,CPI,P07550,compound,protein,1
31072,CPI,O75469,compound,protein,1
31072,CPI,Q9BY41,compound,protein,0
31101,CPI,P50406,compound,protein,1
31101,CPI,Q8NEV1,compound,protein,0
3114,CPI,P08172,compound,protein,1
3114,CPI,P13945,compound,protein,1
3114,CPI,O43614,compound,protein,0
3114,CPI,Q02790,compound,protein,0
3114,CPI,P78334,compound,protein,0
3114,CPI,Q9BWU1,compound,protein,0
3117,CPI,P07550,compound,protein,1
3117,CPI,P18089,compound,protein,1
3117,CPI,P27361,compound,protein,1
3117,CPI,P35414,compound,protein,1
3117,CPI,Q58F21,compound,protein,0
3117,CPI,P49760,compound,protein,0
3117,CPI,Q8TD08,compound,protein,0
3117,CPI,Q9H422,compound,protein,0
3117,CPI,Q00537,compound,protein,0
3117,CPI,P17252,compound,protein,0
312145,CPI,P78527,compound,protein,1
3132,CPI,Q5S007,compound,protein,0
3132,CPI,P21709,compound,protein,0
3135,CPI,P05067,compound,protein,1
3135,CPI,P27695,compound,protein,1
3135,CPI,P49798,compound,protein,1
31404,CPI,P08912,compound,protein,0
3151,CPI,O43193,compound,protein,1
3151,CPI,O75496,compound,protein,1
3151,CPI,P10635,compound,protein,1
3151,CPI,O14983,compound,protein,0
3151,CPI,P01137,compound,protein,0
3151,CPI,O96017,compound,protein,0
3151,CPI,Q99755,compound,protein,0
3152,CPI,Q12809,compound,protein,1
3152,CPI,Q13224,compound,protein,1
3152,CPI,P04798,compound,protein,0
3152,CPI,P29597,compound,protein,0
3152,CPI,P00533,compound,protein,0
3152,CPI,Q9P289,compound,protein,0
31549,CPI,P61927,compound,protein,1
31549,CPI,Q9NWZ3,compound,protein,0
31553,CPI,Q6DT37,compound,protein,0
3157,CPI,P07550,compound,protein,1
3157,CPI,P11229,compound,protein,1
3157,CPI,P14416,compound,protein,1
3159995,CPI,P12821,compound,protein,0
3162043,CPI,P27695,compound,protein,1
3162043,CPI,Q9BYT3,compound,protein,1
3162043,CPI,O75496,compound,protein,0
3168,CPI,P68400,compound,protein,0
31703,CPI,P04626,compound,protein,1
31729,CPI,O15554,compound,protein,1
31729,CPI,P16615,compound,protein,1
31729,CPI,Q9Y6Q9,compound,protein,0
31729,CPI,P26358,compound,protein,0
31729,CPI,Q01201,compound,protein,0
31729,CPI,Q9NR20,compound,protein,0
3177,CPI,P21397,compound,protein,0
3177,CPI,P30411,compound,protein,0
3194,CPI,O00391,compound,protein,1
3194,CPI,P05106,compound,protein,0
3198,CPI,O43193,compound,protein,1
3198,CPI,P08684,compound,protein,1
3198,CPI,P13945,compound,protein,1
3198,CPI,P14416,compound,protein,1
3198,CPI,Q12809,compound,protein,1
3198,CPI,Q92847,compound,protein,1
3198,CPI,Q86V86,compound,protein,0
3202,CPI,P35372,compound,protein,1
3213,CPI,P28482,compound,protein,1
3213,CPI,P33261,compound,protein,1
3213,CPI,Q13224,compound,protein,0
3220,CPI,P10636,compound,protein,1
3220,CPI,Q96GD4,compound,protein,0
3226,CPI,P18505,compound,protein,1
3226,CPI,P98194,compound,protein,1
3226,CPI,Q5NUL3,compound,protein,0
3232621,CPI,P49761,compound,protein,1
3232621,CPI,P19801,compound,protein,0
3232621,CPI,P21731,compound,protein,0
3233012,CPI,P49662,compound,protein,0
3233012,CPI,Q08828,compound,protein,0
3234028,CPI,P09172,compound,protein,0
3234028,CPI,Q13705,compound,protein,0
3234345,CPI,P21554,compound,protein,0
3234518,CPI,P23975,compound,protein,0
3234850,CPI,Q16665,compound,protein,1
3235086,CPI,P08684,compound,protein,1
3235086,CPI,Q16665,compound,protein,1
3237327,CPI,P16050,compound,protein,0
3237904,CPI,P24666,compound,protein,0
3237904,CPI,P18089,compound,protein,0
3238389,CPI,P04637,compound,protein,1
3238389,CPI,P33261,compound,protein,1
3238389,CPI,Q02641,compound,protein,0
3238417,CPI,P07550,compound,protein,1
3238417,CPI,P04083,compound,protein,0
3238551,CPI,Q13555,compound,protein,0
3242997,CPI,P49840,compound,protein,0
3243424,CPI,Q13085,compound,protein,0
3243424,CPI,Q9H0K1,compound,protein,0
3245059,CPI,P49137,compound,protein,0
3270699,CPI,O60391,compound,protein,0
3276,CPI,Q12809,compound,protein,0
3278392,CPI,O00141,compound,protein,0
3278392,CPI,P07332,compound,protein,0
3280,CPI,P05177,compound,protein,1
3280,CPI,Q9NUW8,compound,protein,1
3280,CPI,P43405,compound,protein,0
3287,CPI,P25021,compound,protein,1
3287,CPI,O43781,compound,protein,0
3287,CPI,P04054,compound,protein,0
32875,CPI,P01215,compound,protein,1
32875,CPI,Q02880,compound,protein,1
32875,CPI,P19099,compound,protein,0
3290,CPI,P06276,compound,protein,1
3291,CPI,P04150,compound,protein,1
3291,CPI,P07550,compound,protein,1
3291,CPI,P23975,compound,protein,1
3291,CPI,P30556,compound,protein,1
3291,CPI,P32238,compound,protein,1
3291,CPI,Q96KQ7,compound,protein,1
3291,CPI,P68400,compound,protein,0
3293,CPI,P84022,compound,protein,1
3293,CPI,Q9H2K2,compound,protein,0
33032,CPI,Q96RQ3,compound,protein,0
33032,CPI,Q8WTS6,compound,protein,0
33032,CPI,Q9NPH5,compound,protein,0
3306,CPI,O60755,compound,protein,1
3324,CPI,P07550,compound,protein,1
3324,CPI,P21917,compound,protein,1
3324,CPI,P23975,compound,protein,1
3324,CPI,P25021,compound,protein,1
3325,CPI,P21917,compound,protein,1
3325,CPI,P04049,compound,protein,0
3325,CPI,P10145,compound,protein,0
3325,CPI,Q13370,compound,protein,0
3325,CPI,Q9H2G2,compound,protein,0
3330,CPI,P08684,compound,protein,1
3331,CPI,Q6W5P4,compound,protein,1
3331,CPI,P35414,compound,protein,0
3333,CPI,P28223,compound,protein,1
3333,CPI,Q01668,compound,protein,1
3334,CPI,P03372,compound,protein,0
3335,CPI,P29466,compound,protein,1
3335,CPI,P55211,compound,protein,1
3336,CPI,P35372,compound,protein,1
3336,CPI,Q9NXA8,compound,protein,0
3341,CPI,P41595,compound,protein,1
3341,CPI,Q9UHH9,compound,protein,0
3341,CPI,Q14164,compound,protein,0
3342390,CPI,O95264,compound,protein,0
3342390,CPI,P00734,compound,protein,0
3343,CPI,P50406,compound,protein,1
3343,CPI,Q14680,compound,protein,0
3348,CPI,Q03181,compound,protein,0
3351,CPI,P05177,compound,protein,1
3354,CPI,P47898,compound,protein,0
33572,CPI,Q15842,compound,protein,1
33572,CPI,Q8NEV1,compound,protein,0
33613,CPI,P04150,compound,protein,1
33613,CPI,P08173,compound,protein,1
33630,CPI,P25100,compound,protein,1
33630,CPI,P28223,compound,protein,1
33630,CPI,P05177,compound,protein,0
3365,CPI,Q15788,compound,protein,0
3371,CPI,Q16665,compound,protein,1
3371,CPI,Q9BYF1,compound,protein,0
3371,CPI,P09467,compound,protein,0
3372,CPI,O43193,compound,protein,1
3372,CPI,P11229,compound,protein,1
3372,CPI,P18089,compound,protein,1
3372,CPI,Q9UK32,compound,protein,0
3373,CPI,P33261,compound,protein,1
3373,CPI,P31751,compound,protein,0
33741,CPI,Q13627,compound,protein,0
3385,CPI,Q12882,compound,protein,1
3387354,CPI,O14757,compound,protein,1
3387354,CPI,P11802,compound,protein,1
3392161,CPI,P30411,compound,protein,0
3392161,CPI,Q8WXR4,compound,protein,0
3392731,CPI,P24666,compound,protein,0
3394,CPI,P35354,compound,protein,1
3394,CPI,Q9Y2U5,compound,protein,0
3396,CPI,P08684,compound,protein,1
3396,CPI,P33261,compound,protein,1
3396,CPI,P41146,compound,protein,1
3396,CPI,P10721,compound,protein,0
3396,CPI,O14757,compound,protein,0
3396,CPI,P08648,compound,protein,0
3406,CPI,P36897,compound,protein,0
3418,CPI,Q8TF76,compound,protein,0
3423,CPI,P10275,compound,protein,0
3426979,CPI,P14416,compound,protein,0
34359,CPI,Q9NUW8,compound,protein,1
3440,CPI,P08912,compound,protein,1
3440,CPI,P34969,compound,protein,1
3440,CPI,Q86TW2,compound,protein,0
3446,CPI,Q00975,compound,protein,1
3446,CPI,P51648,compound,protein,0
3446,CPI,P16083,compound,protein,0
3447,CPI,P41145,compound,protein,0
3456,CPI,P30518,compound,protein,0
3456,CPI,Q15842,compound,protein,0
3463,CPI,P08588,compound,protein,1
3463,CPI,P18089,compound,protein,1
3463,CPI,Q9NPD5,compound,protein,1
3463,CPI,Q04759,compound,protein,0
3463,CPI,Q16850,compound,protein,0
34633,CPI,Q16665,compound,protein,1
3474,CPI,P11229,compound,protein,1
3474,CPI,P23219,compound,protein,1
3474,CPI,P51955,compound,protein,0
3474,CPI,P23458,compound,protein,0
3475,CPI,P30411,compound,protein,1
3475,CPI,Q9P289,compound,protein,0
3475,CPI,P13945,compound,protein,0
3476986,CPI,P49798,compound,protein,1
3478,CPI,P02545,compound,protein,1
3478,CPI,P78508,compound,protein,1
3478,CPI,Q09428,compound,protein,1
3478,CPI,Q02763,compound,protein,0
3488,CPI,O43193,compound,protein,1
3488,CPI,P07550,compound,protein,1
3488,CPI,P11229,compound,protein,1
3488,CPI,P14416,compound,protein,1
3488,CPI,P08173,compound,protein,0
3488,CPI,O95747,compound,protein,0
3488,CPI,P02766,compound,protein,0
3489614,CPI,Q9BZL6,compound,protein,0
3489614,CPI,P45983,compound,protein,0
35028748,CPI,Q16816,compound,protein,0
3503,CPI,P00338,compound,protein,1
3503,CPI,P16050,compound,protein,1
3503,CPI,Q12809,compound,protein,0
3516032,CPI,Q14500,compound,protein,0
3517,CPI,P35372,compound,protein,1
3517,CPI,Q16637,compound,protein,1
3517,CPI,Q9P0X4,compound,protein,0
3517,CPI,Q16659,compound,protein,0
3517,CPI,Q16539,compound,protein,0
3519,CPI,Q9P1W9,compound,protein,0
3528206,CPI,P22748,compound,protein,0
35370,CPI,Q99928,compound,protein,0
3538,CPI,P42263,compound,protein,1
353825,CPI,P35367,compound,protein,0
3545,CPI,Q13547,compound,protein,0
3547,CPI,O95819,compound,protein,1
3547,CPI,P04626,compound,protein,1
3547,CPI,P13500,compound,protein,1
3547,CPI,P16083,compound,protein,1
3547,CPI,P25103,compound,protein,1
3547,CPI,P27448,compound,protein,1
3547,CPI,P51451,compound,protein,1
3547,CPI,Q14680,compound,protein,1
3547,CPI,Q9Y5N1,compound,protein,1
3547,CPI,Q13224,compound,protein,0
3547,CPI,O60391,compound,protein,0
3547,CPI,Q99250,compound,protein,0
3547,CPI,P10636,compound,protein,0
3547,CPI,P20794,compound,protein,0
3559,CPI,P21554,compound,protein,1
3559,CPI,P28223,compound,protein,0
3561,CPI,P50406,compound,protein,1
3561,CPI,Q14376,compound,protein,1
3568,CPI,P49798,compound,protein,1
3598,CPI,P05121,compound,protein,1
3598,CPI,P08172,compound,protein,1
3598,CPI,P25929,compound,protein,1
3598,CPI,P33261,compound,protein,1
3598,CPI,Q00534,compound,protein,0
3598,CPI,P42338,compound,protein,0
3604,CPI,P08172,compound,protein,0
3606,CPI,P29275,compound,protein,0
3611,CPI,Q92769,compound,protein,1
361510,CPI,P10636,compound,protein,1
361510,CPI,Q92847,compound,protein,0
36314,CPI,P14416,compound,protein,1
36314,CPI,P21397,compound,protein,1
36314,CPI,P21554,compound,protein,1
36314,CPI,P25021,compound,protein,1
36314,CPI,Q9NPD5,compound,protein,1
36314,CPI,Q9Y5N1,compound,protein,1
36314,CPI,P22455,compound,protein,0
36314,CPI,Q13946,compound,protein,0
36314,CPI,P01215,compound,protein,0
36339,CPI,Q8N1C3,compound,protein,1
36339,CPI,P35354,compound,protein,0
36339,CPI,Q8IVH8,compound,protein,0
36339,CPI,P04278,compound,protein,0
3634,CPI,P16615,compound,protein,0
3634,CPI,Q96DB2,compound,protein,0
3634,CPI,P43681,compound,protein,0
3639,CPI,P07550,compound,protein,1
3639,CPI,P21917,compound,protein,1
3639,CPI,P35372,compound,protein,1
3639,CPI,P50406,compound,protein,1
3639,CPI,Q96KQ7,compound,protein,1
3639,CPI,O60840,compound,protein,0
3640,CPI,P27695,compound,protein,0
3645619,CPI,Q9NUW8,compound,protein,0
3646,CPI,Q16637,compound,protein,0
36462,CPI,P21554,compound,protein,1
36462,CPI,Q02880,compound,protein,1
36462,CPI,Q92630,compound,protein,0
3647,CPI,P53779,compound,protein,0
3647,CPI,Q16512,compound,protein,0
3651377,CPI,Q9BQB6,compound,protein,0
3652,CPI,P08908,compound,protein,1
3652,CPI,Q92772,compound,protein,0
3652,CPI,Q00534,compound,protein,0
365287,CPI,O00750,compound,protein,0
3658,CPI,P21554,compound,protein,1
3658,CPI,P41145,compound,protein,1
3658,CPI,P41595,compound,protein,1
3658,CPI,P67870,compound,protein,0
3668,CPI,P11229,compound,protein,0
3668,CPI,P08588,compound,protein,0
3671,CPI,P05177,compound,protein,1
3671,CPI,P27815,compound,protein,1
3671,CPI,Q08493,compound,protein,1
3672,CPI,P07550,compound,protein,1
3678,CPI,P23975,compound,protein,1
36811,CPI,O94925,compound,protein,1
36811,CPI,Q8NEV4,compound,protein,0
3689,CPI,P08908,compound,protein,1
3689,CPI,P35367,compound,protein,1
3689,CPI,P41595,compound,protein,1
3689,CPI,P28482,compound,protein,0
3689413,CPI,Q06710,compound,protein,1
3689413,CPI,Q99700,compound,protein,1
3689415,CPI,Q07002,compound,protein,0
3689416,CPI,Q00532,compound,protein,0
3689416,CPI,Q92847,compound,protein,0
3690,CPI,P78508,compound,protein,0
3690,CPI,P10253,compound,protein,0
3696,CPI,O43318,compound,protein,0
3696,CPI,P31213,compound,protein,0
370,CPI,Q9ULX7,compound,protein,1
370,CPI,Q92753,compound,protein,0
370,CPI,P48546,compound,protein,0
370,CPI,Q00532,compound,protein,0
3702,CPI,P10253,compound,protein,1
3702,CPI,P21554,compound,protein,1
3702,CPI,P51787,compound,protein,1
3702,CPI,Q96NX5,compound,protein,0
3702,CPI,P21964,compound,protein,0
3702,CPI,P61925,compound,protein,0
3707,CPI,P06493,compound,protein,1
3707,CPI,P03372,compound,protein,0
3712,CPI,P20309,compound,protein,0
3715,CPI,P10275,compound,protein,1
3715,CPI,P15121,compound,protein,1
3715,CPI,Q6W5P4,compound,protein,1
3715,CPI,Q6XQN6,compound,protein,1
3715,CPI,P49760,compound,protein,0
3715,CPI,Q9H2S1,compound,protein,0
3715,CPI,Q6PHR2,compound,protein,0
3715,CPI,P28482,compound,protein,0
37175,CPI,P04183,compound,protein,0
3719993,CPI,Q6W5P4,compound,protein,1
3719993,CPI,P51170,compound,protein,0
3721046,CPI,P18089,compound,protein,0
3739,CPI,P08588,compound,protein,1
3739,CPI,P23975,compound,protein,1
3739,CPI,P51168,compound,protein,0
3739,CPI,Q13163,compound,protein,0
374536,CPI,P10636,compound,protein,1
374536,CPI,Q00987,compound,protein,1
374536,CPI,P22830,compound,protein,0
3746,CPI,P78527,compound,protein,0
37461,CPI,P17655,compound,protein,0
37463,CPI,P41145,compound,protein,0
37463,CPI,Q9H2K8,compound,protein,0
3747,CPI,P42224,compound,protein,1
3749,CPI,P28335,compound,protein,1
3749,CPI,Q9C0B1,compound,protein,0
3749,CPI,P33261,compound,protein,0
3749,CPI,Q9UF33,compound,protein,0
3749,CPI,Q16678,compound,protein,0
3749,CPI,P83916,compound,protein,0
37542,CPI,P03372,compound,protein,1
37542,CPI,P08069,compound,protein,0
37542,CPI,P52564,compound,protein,0
3758,CPI,Q01064,compound,protein,1
3759,CPI,P30518,compound,protein,1
3759,CPI,P41145,compound,protein,1
3759,CPI,Q2M2I8,compound,protein,0
3759,CPI,Q9HC98,compound,protein,0
3760,CPI,P41145,compound,protein,1
3765,CPI,Q6PHR2,compound,protein,0
3767,CPI,Q9NYY3,compound,protein,0
3767,CPI,P49798,compound,protein,0
3779,CPI,P08172,compound,protein,1
3779,CPI,P35916,compound,protein,0
3779,CPI,Q13224,compound,protein,0
3779,CPI,P54762,compound,protein,0
3783,CPI,P08908,compound,protein,1
3783,CPI,P10635,compound,protein,1
3783,CPI,P63165,compound,protein,0
3784,CPI,P07550,compound,protein,1
3784,CPI,Q13936,compound,protein,1
3784,CPI,Q8WZA2,compound,protein,0
379077,CPI,Q9NQR1,compound,protein,1
379077,CPI,O75496,compound,protein,0
379077,CPI,P19525,compound,protein,0
379077,CPI,Q99640,compound,protein,0
3793,CPI,P35372,compound,protein,1
3793,CPI,P50406,compound,protein,1
3793,CPI,Q16665,compound,protein,1
3793,CPI,Q92952,compound,protein,0
3793,CPI,P29597,compound,protein,0
3820,CPI,O75116,compound,protein,1
3820,CPI,Q13131,compound,protein,1
3820,CPI,Q9BZL6,compound,protein,1
3820,CPI,Q9HBY8,compound,protein,1
3820,CPI,P05186,compound,protein,0
3820,CPI,P18505,compound,protein,0
3820,CPI,P35372,compound,protein,0
3820,CPI,Q13698,compound,protein,0
3822,CPI,P21397,compound,protein,1
3822,CPI,P33261,compound,protein,1
3822,CPI,P35367,compound,protein,1
3823887,CPI,P05129,compound,protein,0
3823887,CPI,Q9UBE8,compound,protein,0
3826,CPI,P04150,compound,protein,1
3827,CPI,O75469,compound,protein,1
3827,CPI,P08588,compound,protein,1
3827,CPI,P08912,compound,protein,1
3827,CPI,P28335,compound,protein,1
3827,CPI,P35354,compound,protein,1
3827,CPI,P83916,compound,protein,1
3828,CPI,P54803,compound,protein,1
38409,CPI,P27695,compound,protein,1
3845,CPI,P10253,compound,protein,1
3845,CPI,P83916,compound,protein,1
3845,CPI,Q9UBT6,compound,protein,1
3853,CPI,P35869,compound,protein,0
3853,CPI,Q96GD4,compound,protein,0
387447,CPI,Q9NUW8,compound,protein,1
387447,CPI,Q9UEW8,compound,protein,0
387447,CPI,P03956,compound,protein,0
3878,CPI,P02708,compound,protein,1
3878,CPI,O94782,compound,protein,0
3878,CPI,Q13546,compound,protein,0
3878,CPI,Q13509,compound,protein,0
3894,CPI,P00533,compound,protein,1
3894,CPI,P04150,compound,protein,0
38945,CPI,P08588,compound,protein,1
38945,CPI,P11229,compound,protein,1
38945,CPI,P25021,compound,protein,1
38945,CPI,P50406,compound,protein,1
38945,CPI,Q96PY6,compound,protein,0
38945,CPI,Q9UKV0,compound,protein,0
3899,CPI,Q02127,compound,protein,1
3899,CPI,Q56UN5,compound,protein,0
3899541,CPI,P02545,compound,protein,1
3899541,CPI,P41595,compound,protein,0
3906779,CPI,O15296,compound,protein,1
39186,CPI,P54289,compound,protein,1
3921071,CPI,P28335,compound,protein,0
3921071,CPI,P21731,compound,protein,0
3921152,CPI,P53667,compound,protein,0
3926,CPI,Q9NZV8,compound,protein,0
3926,CPI,O00206,compound,protein,0
3926,CPI,P51813,compound,protein,0
3929516,CPI,P23975,compound,protein,1
3938007,CPI,Q9P1Z3,compound,protein,1
394449,CPI,O00555,compound,protein,0
3949,CPI,Q12809,compound,protein,1
3950,CPI,P21554,compound,protein,0
3953303,CPI,P35590,compound,protein,0
3953303,CPI,P29320,compound,protein,0
3957,CPI,P25021,compound,protein,1
3957,CPI,Q9H3N8,compound,protein,1
3957,CPI,Q9P0X4,compound,protein,0
3957,CPI,Q96GD4,compound,protein,0
3958,CPI,P43681,compound,protein,1
3958,CPI,P35398,compound,protein,0
3958,CPI,P53350,compound,protein,0
3961,CPI,P11229,compound,protein,1
3969,CPI,P18505,compound,protein,0
3973,CPI,O75496,compound,protein,0
3973,CPI,P28845,compound,protein,0
39765,CPI,P23458,compound,protein,0
39912,CPI,Q07869,compound,protein,1
39912,CPI,Q05940,compound,protein,0
3994476,CPI,P08908,compound,protein,1
4004,CPI,P00352,compound,protein,1
4004,CPI,O75716,compound,protein,0
4008,CPI,O75469,compound,protein,1
4008,CPI,P14416,compound,protein,1
4008,CPI,Q8N6T7,compound,protein,0
4011,CPI,P10635,compound,protein,1
4011,CPI,P42345,compound,protein,1
4011,CPI,P36897,compound,protein,0
4014291,CPI,Q92830,compound,protein,1
4020,CPI,P08172,compound,protein,1
4030,CPI,P18089,compound,protein,1
4030,CPI,P43681,compound,protein,1
4030,CPI,P68371,compound,protein,1
4030,CPI,Q16539,compound,protein,0
4032,CPI,P03372,compound,protein,1
4032,CPI,P08172,compound,protein,1
4032,CPI,P23975,compound,protein,1
4032,CPI,Q86UX6,compound,protein,0
4034,CPI,P08172,compound,protein,1
4034,CPI,P25021,compound,protein,1
4034,CPI,Q8TDS4,compound,protein,1
4034,CPI,P50406,compound,protein,0
4034,CPI,P30305,compound,protein,0
4034,CPI,P84022,compound,protein,0
4034,CPI,P42345,compound,protein,0
40399,CPI,P20309,compound,protein,0
40399,CPI,Q13148,compound,protein,0
4044,CPI,P08172,compound,protein,1
4044,CPI,P43681,compound,protein,1
4044,CPI,Q9Y5N1,compound,protein,1
4044,CPI,Q9NWZ3,compound,protein,0
4044,CPI,P06276,compound,protein,0
4044,CPI,P22830,compound,protein,0
4046,CPI,P09467,compound,protein,0
4046,CPI,Q06187,compound,protein,0
40467075,CPI,P04083,compound,protein,1
40469477,CPI,P01215,compound,protein,0
40469854,CPI,P05177,compound,protein,0
40469854,CPI,Q9Y2I1,compound,protein,0
4054,CPI,O00591,compound,protein,1
4054,CPI,Q9Y5N1,compound,protein,1
4054,CPI,Q9UHD2,compound,protein,0
4054,CPI,P23280,compound,protein,0
4055,CPI,Q99808,compound,protein,1
4055,CPI,P09936,compound,protein,0
4055,CPI,O00238,compound,protein,0
4055,CPI,Q8N6T7,compound,protein,0
4055,CPI,P36897,compound,protein,0
4055306,CPI,P39748,compound,protein,1
40632,CPI,O43570,compound,protein,0
40634,CPI,O94925,compound,protein,1
4066,CPI,P08172,compound,protein,1
4066,CPI,O95342,compound,protein,0
4071,CPI,P00352,compound,protein,1
4075,CPI,O94956,compound,protein,0
4076092,CPI,Q96RG2,compound,protein,0
4078,CPI,P14416,compound,protein,1
4089709,CPI,Q9BYT3,compound,protein,0
4090,CPI,P28222,compound,protein,1
4090,CPI,P14679,compound,protein,0
4091,CPI,Q92830,compound,protein,1
4091,CPI,P21709,compound,protein,0
4107,CPI,P23975,compound,protein,1
4107,CPI,Q8TDR2,compound,protein,0
4107,CPI,P34903,compound,protein,0
4107,CPI,P43490,compound,protein,0
4112,CPI,Q16236,compound,protein,1
4112,CPI,Q32MK0,compound,protein,0
4115,CPI,P03372,compound,protein,1
4115,CPI,P05186,compound,protein,0
4116,CPI,O00591,compound,protein,1
4116,CPI,P18507,compound,protein,1
4139,CPI,O75496,compound,protein,1
4168,CPI,P10635,compound,protein,1
41693,CPI,P35354,compound,protein,0
4170,CPI,P18089,compound,protein,1
4170,CPI,Q12879,compound,protein,0
417052,CPI,P50406,compound,protein,1
417052,CPI,Q9NUW8,compound,protein,1
4171,CPI,P28223,compound,protein,1
4171,CPI,P35367,compound,protein,1
4171,CPI,P41145,compound,protein,1
4171,CPI,Q08499,compound,protein,1
4173,CPI,P03372,compound,protein,1
4173,CPI,P30518,compound,protein,1
4173,CPI,P30556,compound,protein,1
4174,CPI,P23975,compound,protein,1
4174,CPI,O95835,compound,protein,0
4174,CPI,P34903,compound,protein,0
41774,CPI,O75460,compound,protein,0
41781,CPI,P08588,compound,protein,1
41781,CPI,P35354,compound,protein,1
41781,CPI,Q13936,compound,protein,0
4184,CPI,P21918,compound,protein,1
4184,CPI,P56817,compound,protein,0
4199,CPI,P20309,compound,protein,1
4199,CPI,Q12809,compound,protein,1
4205,CPI,P28335,compound,protein,1
4210951,CPI,Q96QE3,compound,protein,1
4211,CPI,Q01453,compound,protein,0
4212,CPI,P25929,compound,protein,1
4212,CPI,Q16236,compound,protein,1
4212,CPI,P00734,compound,protein,0
4212,CPI,P07949,compound,protein,0
4214594,CPI,P24462,compound,protein,0
4214594,CPI,P83916,compound,protein,0
4216,CPI,Q15746,compound,protein,1
421610,CPI,P15692,compound,protein,0
421610,CPI,P10721,compound,protein,0
4217,CPI,P30411,compound,protein,0
4233538,CPI,P28222,compound,protein,1
4233538,CPI,O94806,compound,protein,0
4235,CPI,P08908,compound,protein,1
4235,CPI,P14416,compound,protein,1
4235,CPI,P30411,compound,protein,1
4235,CPI,P41968,compound,protein,1
4236,CPI,P23975,compound,protein,0
4237309,CPI,P29274,compound,protein,0
42601363,CPI,Q9BYT3,compound,protein,1
42601363,CPI,Q8TCT1,compound,protein,0
42618298,CPI,Q14654,compound,protein,0
42636535,CPI,P42336,compound,protein,1
42636535,CPI,P78508,compound,protein,0
42636535,CPI,Q9C098,compound,protein,0
42640807,CPI,P42224,compound,protein,1
42640811,CPI,P42224,compound,protein,1
42642645,CPI,O14920,compound,protein,1
42642645,CPI,O75582,compound,protein,1
42642645,CPI,P04629,compound,protein,1
42642645,CPI,P21127,compound,protein,1
42642645,CPI,P21709,compound,protein,1
42642645,CPI,P33981,compound,protein,1
42642645,CPI,P51817,compound,protein,1
42642645,CPI,Q08345,compound,protein,1
42642645,CPI,Q13627,compound,protein,1
42642645,CPI,Q13976,compound,protein,1
42642645,CPI,Q15746,compound,protein,1
42642645,CPI,Q5VT25,compound,protein,1
42642645,CPI,Q9BYT3,compound,protein,1
42642645,CPI,Q9NQU5,compound,protein,1
42642645,CPI,Q9NYL2,compound,protein,1
42642645,CPI,P55055,compound,protein,0
42642645,CPI,P35228,compound,protein,0
42642645,CPI,Q9NZ45,compound,protein,0
42642645,CPI,Q13698,compound,protein,0
42642645,CPI,Q9ULX7,compound,protein,0
42642645,CPI,P16050,compound,protein,0
42642645,CPI,P54289,compound,protein,0
42642645,CPI,Q9H2K2,compound,protein,0
42642645,CPI,P30989,compound,protein,0
42642645,CPI,Q14524,compound,protein,0
42642648,CPI,P41145,compound,protein,0
4267713,CPI,Q9NSY1,compound,protein,0
42760,CPI,P21397,compound,protein,0
4284,CPI,Q13163,compound,protein,0
4284525,CPI,P49798,compound,protein,1
4284525,CPI,Q96KQ7,compound,protein,1
42890,CPI,P11473,compound,protein,1
42955,CPI,P21731,compound,protein,1
42955,CPI,Q6W5P4,compound,protein,1
42955,CPI,Q96KQ7,compound,protein,1
42955,CPI,Q9P1W9,compound,protein,0
42955,CPI,O43293,compound,protein,0
42955,CPI,Q9NWZ3,compound,protein,0
4296,CPI,Q96PY6,compound,protein,0
4302116,CPI,Q9HCP0,compound,protein,0
4302960,CPI,P49798,compound,protein,1
4302963,CPI,P08631,compound,protein,0
4306,CPI,Q9BY41,compound,protein,0
4306,CPI,P08172,compound,protein,0
43231,CPI,Q92952,compound,protein,0
43232,CPI,P10398,compound,protein,0
4336830,CPI,Q6XQN6,compound,protein,0
43507,CPI,O43293,compound,protein,0
4350931,CPI,Q16790,compound,protein,0
4362,CPI,P02545,compound,protein,1
4362,CPI,Q05315,compound,protein,1
4362,CPI,P08684,compound,protein,0
4369359,CPI,Q8TCU5,compound,protein,0
4375,CPI,Q16665,compound,protein,0
4375,CPI,Q15596,compound,protein,0
4376,CPI,P51679,compound,protein,0
4376,CPI,Q9Y2U5,compound,protein,0
4380267,CPI,O15118,compound,protein,1
4381125,CPI,P27707,compound,protein,0
4381126,CPI,O15118,compound,protein,1
4381127,CPI,P21397,compound,protein,0
43815,CPI,P07550,compound,protein,1
43815,CPI,P30939,compound,protein,1
43815,CPI,P35368,compound,protein,1
43815,CPI,Q59H18,compound,protein,0
439260,CPI,P21397,compound,protein,1
439260,CPI,O43318,compound,protein,0
439260,CPI,P45983,compound,protein,0
439260,CPI,Q15822,compound,protein,0
439530,CPI,P62829,compound,protein,1
439530,CPI,Q16832,compound,protein,0
4409,CPI,P07550,compound,protein,1
4409,CPI,P02766,compound,protein,0
440936,CPI,P48426,compound,protein,0
441074,CPI,P07550,compound,protein,1
441074,CPI,P08172,compound,protein,1
441074,CPI,P21397,compound,protein,1
441074,CPI,P51955,compound,protein,0
4411,CPI,P23975,compound,protein,1
4411,CPI,P25929,compound,protein,1
4411,CPI,Q16539,compound,protein,0
441140,CPI,P11229,compound,protein,1
441140,CPI,P42336,compound,protein,0
441194,CPI,Q14164,compound,protein,0
441199,CPI,P50613,compound,protein,0
441243,CPI,P21554,compound,protein,1
441243,CPI,Q9NYA1,compound,protein,0
441276,CPI,Q9Y2I1,compound,protein,0
441276,CPI,P78362,compound,protein,0
441289,CPI,P25929,compound,protein,1
441289,CPI,P43681,compound,protein,1
4413,CPI,P07949,compound,protein,0
441314,CPI,P45983,compound,protein,0
441314,CPI,Q86Z02,compound,protein,0
441336,CPI,P98170,compound,protein,0
44137675,CPI,P54289,compound,protein,0
441383,CPI,P07900,compound,protein,1
44142046,CPI,P62508,compound,protein,0
44142048,CPI,P48544,compound,protein,0
44142052,CPI,Q16236,compound,protein,1
44142057,CPI,P09874,compound,protein,0
44142060,CPI,O75496,compound,protein,1
44142060,CPI,P55055,compound,protein,0
44142062,CPI,P06241,compound,protein,0
44142062,CPI,P25098,compound,protein,0
44142062,CPI,Q9P289,compound,protein,0
44142072,CPI,P03372,compound,protein,0
44142076,CPI,P11274,compound,protein,0
44142080,CPI,Q07912,compound,protein,0
44142084,CPI,Q9UIK4,compound,protein,0
44142084,CPI,P37173,compound,protein,0
44142090,CPI,P84022,compound,protein,1
44142093,CPI,P23975,compound,protein,0
44142094,CPI,O75496,compound,protein,1
44142094,CPI,P25098,compound,protein,0
44142094,CPI,P14416,compound,protein,0
44142094,CPI,O43318,compound,protein,0
44142100,CPI,O75496,compound,protein,1
44142102,CPI,Q15139,compound,protein,0
44142114,CPI,P17252,compound,protein,0
44142121,CPI,P29317,compound,protein,0
44142132,CPI,O75496,compound,protein,1
44142133,CPI,Q00653,compound,protein,0
44142138,CPI,Q04864,compound,protein,0
44142145,CPI,P10275,compound,protein,0
44142146,CPI,O60359,compound,protein,0
44142147,CPI,Q8NE63,compound,protein,0
44142148,CPI,Q06710,compound,protein,1
44142150,CPI,P21709,compound,protein,0
44142168,CPI,P08908,compound,protein,0
44142351,CPI,P49336,compound,protein,0
44143091,CPI,P43235,compound,protein,1
44143091,CPI,P21127,compound,protein,0
44143092,CPI,O75676,compound,protein,0
44143092,CPI,P17948,compound,protein,0
44143153,CPI,Q9H3R0,compound,protein,1
44143153,CPI,Q14524,compound,protein,0
44143370,CPI,P11473,compound,protein,0
44143700,CPI,P10275,compound,protein,0
44143703,CPI,O75496,compound,protein,1
44155856,CPI,P30530,compound,protein,1
44155856,CPI,Q9Y5Y4,compound,protein,0
44176347,CPI,P49336,compound,protein,0
44176347,CPI,P21397,compound,protein,0
4418,CPI,P49798,compound,protein,1
4418,CPI,Q8TD08,compound,protein,0
44187,CPI,Q9Y6R4,compound,protein,0
44187362,CPI,O14733,compound,protein,1
44187362,CPI,P36507,compound,protein,1
44187362,CPI,P48039,compound,protein,0
44199317,CPI,P10635,compound,protein,0
44202300,CPI,O14976,compound,protein,0
44202878,CPI,P07550,compound,protein,0
44205240,CPI,P49759,compound,protein,1
44205240,CPI,Q13557,compound,protein,1
44205240,CPI,Q9Y2T6,compound,protein,0
44205240,CPI,Q8TDX7,compound,protein,0
4421,CPI,P02545,compound,protein,1
44219749,CPI,P05177,compound,protein,0
44219749,CPI,P16050,compound,protein,0
44223965,CPI,P49759,compound,protein,1
44223973,CPI,Q9Y463,compound,protein,1
44224144,CPI,P24468,compound,protein,1
44229066,CPI,Q9Y5S2,compound,protein,0
44229066,CPI,P0DP23,compound,protein,0
44246374,CPI,P53779,compound,protein,0
44246520,CPI,Q5S007,compound,protein,0
44246708,CPI,P21964,compound,protein,0
44247568,CPI,P29317,compound,protein,0
44251485,CPI,Q96BR1,compound,protein,0
442530,CPI,Q4U2R8,compound,protein,1
442530,CPI,Q9Y2T6,compound,protein,0
44257,CPI,P53350,compound,protein,0
44257,CPI,Q07820,compound,protein,0
44259,CPI,O75747,compound,protein,1
44259,CPI,O75909,compound,protein,1
44259,CPI,O94768,compound,protein,1
44259,CPI,P00533,compound,protein,1
44259,CPI,P06241,compound,protein,1
44259,CPI,P48730,compound,protein,1
44259,CPI,P53779,compound,protein,1
44259,CPI,P54753,compound,protein,1
44259,CPI,Q96NX5,compound,protein,1
44259,CPI,Q96PF2,compound,protein,1
44259,CPI,Q9P2K8,compound,protein,1
44259,CPI,Q9Y616,compound,protein,1
44259,CPI,Q9NR20,compound,protein,0
44259,CPI,Q9H9B1,compound,protein,0
44259,CPI,P21462,compound,protein,0
44259,CPI,P43166,compound,protein,0
44259,CPI,Q9Y6L6,compound,protein,0
44259,CPI,P08172,compound,protein,0
44259,CPI,P12268,compound,protein,0
44259,CPI,P27487,compound,protein,0
44259,CPI,P05121,compound,protein,0
44259,CPI,P08173,compound,protein,0
44259,CPI,P08588,compound,protein,0
442793,CPI,Q9Y271,compound,protein,0
442897,CPI,P54132,compound,protein,1
442972,CPI,Q99835,compound,protein,1
442972,CPI,Q8IXJ6,compound,protein,0
443118,CPI,O14818,compound,protein,1
443372,CPI,P23975,compound,protein,0
443372,CPI,P29320,compound,protein,0
443390,CPI,Q16665,compound,protein,1
443390,CPI,P50613,compound,protein,0
443872,CPI,Q8TDX7,compound,protein,0
443879,CPI,Q02880,compound,protein,0
443935,CPI,P57078,compound,protein,0
443943,CPI,P30304,compound,protein,0
443953,CPI,Q9NPD5,compound,protein,1
443955,CPI,Q08499,compound,protein,1
443955,CPI,Q96KQ7,compound,protein,1
443955,CPI,O75582,compound,protein,0
444008,CPI,Q08499,compound,protein,1
444031,CPI,P09960,compound,protein,0
444031,CPI,P10276,compound,protein,0
444031,CPI,P54760,compound,protein,0
444254,CPI,P41595,compound,protein,1
444254,CPI,P42685,compound,protein,0
44460110,CPI,P16050,compound,protein,1
44460110,CPI,Q99829,compound,protein,0
44460121,CPI,O95747,compound,protein,0
44460121,CPI,Q96SB4,compound,protein,0
44460122,CPI,Q52WX2,compound,protein,0
44460125,CPI,O75496,compound,protein,0
44460138,CPI,P16050,compound,protein,1
44460187,CPI,O75164,compound,protein,1
44462760,CPI,P06239,compound,protein,1
44462760,CPI,P06493,compound,protein,1
44462760,CPI,Q9Y572,compound,protein,1
44462760,CPI,P21918,compound,protein,0
44473434,CPI,Q9H2G2,compound,protein,0
444795,CPI,Q9NUW8,compound,protein,1
444795,CPI,Q16288,compound,protein,0
444795,CPI,Q9NR96,compound,protein,0
444795,CPI,O15554,compound,protein,0
44483163,CPI,P23975,compound,protein,0
44483298,CPI,Q9Y5S8,compound,protein,0
44483303,CPI,P29597,compound,protein,0
44483339,CPI,P02545,compound,protein,0
44485068,CPI,O95835,compound,protein,0
44489271,CPI,P47869,compound,protein,0
44489694,CPI,Q9NUW8,compound,protein,1
4449,CPI,P21397,compound,protein,1
4449,CPI,P28335,compound,protein,1
4449,CPI,Q9UEE5,compound,protein,0
44490230,CPI,P41595,compound,protein,0
44497719,CPI,Q9NUW8,compound,protein,1
44497719,CPI,P25021,compound,protein,0
44502358,CPI,Q15831,compound,protein,0
44502468,CPI,O00238,compound,protein,0
44503649,CPI,O94768,compound,protein,0
44504316,CPI,Q14004,compound,protein,0
44504994,CPI,P37840,compound,protein,1
44505394,CPI,O14936,compound,protein,0
44505394,CPI,P37023,compound,protein,0
44505415,CPI,Q99755,compound,protein,0
44505480,CPI,P14780,compound,protein,0
44505564,CPI,O95835,compound,protein,0
44505831,CPI,P27037,compound,protein,0
44505831,CPI,P09619,compound,protein,0
44505831,CPI,Q16512,compound,protein,0
44505980,CPI,Q07912,compound,protein,0
44507247,CPI,O15379,compound,protein,1
44517658,CPI,P08173,compound,protein,0
4452,CPI,P21917,compound,protein,1
4452,CPI,P41595,compound,protein,1
4452,CPI,P01215,compound,protein,0
445354,CPI,Q96KQ7,compound,protein,1
445354,CPI,P03372,compound,protein,1
445354,CPI,P04150,compound,protein,1
445354,CPI,P41595,compound,protein,1
445354,CPI,P42338,compound,protein,0
44537767,CPI,Q06710,compound,protein,1
44557636,CPI,Q86V86,compound,protein,0
445580,CPI,P83916,compound,protein,0
445713,CPI,P10276,compound,protein,0
445858,CPI,O75496,compound,protein,1
445858,CPI,Q00987,compound,protein,0
44591583,CPI,P43405,compound,protein,0
44593870,CPI,Q9NUW8,compound,protein,1
44595079,CPI,Q13188,compound,protein,1
44595079,CPI,Q9UK32,compound,protein,1
44601455,CPI,Q13547,compound,protein,1
44601455,CPI,P20309,compound,protein,0
44601470,CPI,P08588,compound,protein,0
44601475,CPI,P57078,compound,protein,0
44601476,CPI,P27986,compound,protein,0
44602352,CPI,Q15349,compound,protein,0
44602374,CPI,P35367,compound,protein,0
44602375,CPI,P28335,compound,protein,0
44602376,CPI,O94925,compound,protein,1
44603533,CPI,Q16566,compound,protein,1
44603533,CPI,Q9BUB5,compound,protein,1
44603533,CPI,Q9Y233,compound,protein,0
44607587,CPI,P53671,compound,protein,0
44607954,CPI,Q00537,compound,protein,0
44607965,CPI,Q15759,compound,protein,0
44607965,CPI,Q8TD08,compound,protein,0
446155,CPI,Q02779,compound,protein,0
44617670,CPI,Q9Y2T6,compound,protein,0
44623889,CPI,P11229,compound,protein,0
446284,CPI,P31213,compound,protein,0
44629744,CPI,P30518,compound,protein,0
44629987,CPI,O15296,compound,protein,0
44630539,CPI,Q9NUW8,compound,protein,1
44631784,CPI,Q16665,compound,protein,1
44631784,CPI,P20815,compound,protein,0
44634701,CPI,O75496,compound,protein,1
44640176,CPI,P14416,compound,protein,0
44640177,CPI,Q9UNQ0,compound,protein,1
4464271,CPI,P28223,compound,protein,0
446541,CPI,Q56UN5,compound,protein,0
446596,CPI,P43681,compound,protein,1
446596,CPI,P78334,compound,protein,0
446598,CPI,Q01453,compound,protein,0
447043,CPI,Q02880,compound,protein,0
4474,CPI,O60840,compound,protein,1
4474,CPI,P35372,compound,protein,1
4474,CPI,P54289,compound,protein,1
4474,CPI,Q15822,compound,protein,0
4474,CPI,Q16513,compound,protein,0
4474,CPI,P04150,compound,protein,0
4477,CPI,P33261,compound,protein,1
4477,CPI,P35869,compound,protein,1
4477,CPI,P39748,compound,protein,1
4477,CPI,Q96KQ7,compound,protein,1
447912,CPI,Q96DB2,compound,protein,0
447966,CPI,P08684,compound,protein,1
448014,CPI,P31749,compound,protein,1
448014,CPI,P51955,compound,protein,1
448014,CPI,Q05655,compound,protein,1
448014,CPI,P36544,compound,protein,0
448014,CPI,O00555,compound,protein,0
448014,CPI,P43403,compound,protein,0
448042,CPI,Q8NEV4,compound,protein,0
448042,CPI,P34913,compound,protein,0
44807133,CPI,P18054,compound,protein,0
44818131,CPI,P43403,compound,protein,0
44820647,CPI,Q9Y6R4,compound,protein,0
44828476,CPI,P08912,compound,protein,0
4484064,CPI,P07900,compound,protein,1
448537,CPI,P43405,compound,protein,0
4486,CPI,Q13946,compound,protein,0
4488,CPI,P02766,compound,protein,1
4488,CPI,P21554,compound,protein,1
4488,CPI,P23975,compound,protein,1
4488,CPI,Q8WU08,compound,protein,0
4488,CPI,O94759,compound,protein,0
448912,CPI,P06493,compound,protein,1
448912,CPI,Q15078,compound,protein,1
448912,CPI,Q9UKV0,compound,protein,0
448912,CPI,Q07343,compound,protein,0
448991,CPI,P04629,compound,protein,1
448991,CPI,Q16620,compound,protein,1
449054,CPI,P07947,compound,protein,1
449054,CPI,P49798,compound,protein,0
449171,CPI,P10276,compound,protein,1
449171,CPI,P48443,compound,protein,1
449215,CPI,P27707,compound,protein,0
4493,CPI,P46734,compound,protein,0
4493,CPI,P30530,compound,protein,0
4494,CPI,O95342,compound,protein,1
4494,CPI,P41145,compound,protein,1
4494,CPI,P54284,compound,protein,1
4494,CPI,Q9P0X4,compound,protein,1
44968186,CPI,P49759,compound,protein,1
44968186,CPI,Q9Y463,compound,protein,1
44968231,CPI,O00555,compound,protein,0
4497,CPI,P08172,compound,protein,1
4497,CPI,P11229,compound,protein,1
4497,CPI,P27487,compound,protein,0
4497,CPI,Q16637,compound,protein,0
4497,CPI,P46734,compound,protein,0
4499,CPI,P07550,compound,protein,1
4499,CPI,P14416,compound,protein,1
4499,CPI,Q9H2K2,compound,protein,0
4499,CPI,Q16678,compound,protein,0
4500,CPI,P00352,compound,protein,0
45006067,CPI,O43497,compound,protein,0
4506,CPI,Q92630,compound,protein,0
4506,CPI,O75716,compound,protein,0
4506,CPI,Q9UIK4,compound,protein,0
4507,CPI,O60840,compound,protein,1
4507,CPI,P11229,compound,protein,1
4507,CPI,P14416,compound,protein,1
4507,CPI,Q01668,compound,protein,1
4507,CPI,Q08289,compound,protein,1
4507,CPI,Q9H2S1,compound,protein,1
4507,CPI,Q14289,compound,protein,0
4507,CPI,Q13370,compound,protein,0
45100444,CPI,P24468,compound,protein,1
45115620,CPI,Q32MK0,compound,protein,0
45138674,CPI,P28223,compound,protein,1
4520732,CPI,P05177,compound,protein,1
4521392,CPI,O43293,compound,protein,1
4521392,CPI,O96013,compound,protein,1
4521392,CPI,P22455,compound,protein,1
4521392,CPI,P33981,compound,protein,1
4521392,CPI,P46734,compound,protein,1
4521392,CPI,Q02156,compound,protein,1
4521392,CPI,Q04912,compound,protein,1
4521392,CPI,Q13546,compound,protein,1
4521392,CPI,Q16832,compound,protein,1
4521392,CPI,Q9P1W9,compound,protein,1
4521392,CPI,Q9UIK4,compound,protein,1
4521392,CPI,Q9UKI8,compound,protein,1
4521392,CPI,Q9UM73,compound,protein,1
4521392,CPI,Q9Y2H1,compound,protein,1
4521392,CPI,O75469,compound,protein,0
4521392,CPI,P0DP23,compound,protein,0
4521392,CPI,P14061,compound,protein,0
4521392,CPI,Q04206,compound,protein,0
4521392,CPI,P21980,compound,protein,0
4521392,CPI,Q15858,compound,protein,0
4521392,CPI,Q9Y478,compound,protein,0
4521392,CPI,O75496,compound,protein,0
45279963,CPI,P28223,compound,protein,1
45281797,CPI,P27338,compound,protein,0
4539,CPI,P11388,compound,protein,1
4539,CPI,P41968,compound,protein,1
4539,CPI,P26358,compound,protein,0
4539,CPI,P29320,compound,protein,0
4539,CPI,Q13976,compound,protein,0
454216,CPI,P40926,compound,protein,0
4543,CPI,P10145,compound,protein,0
4543,CPI,P35499,compound,protein,0
4552,CPI,P04818,compound,protein,0
456199,CPI,P08908,compound,protein,1
456199,CPI,Q9UN88,compound,protein,0
456201,CPI,O95342,compound,protein,1
4578,CPI,Q16513,compound,protein,0
457964,CPI,P14416,compound,protein,0
4595,CPI,P27707,compound,protein,0
4595,CPI,Q92731,compound,protein,0
459617,CPI,O43151,compound,protein,1
459617,CPI,P78527,compound,protein,0
4601,CPI,Q8TCU5,compound,protein,1
4601,CPI,Q86UE8,compound,protein,0
4614,CPI,P41595,compound,protein,1
4614,CPI,Q04912,compound,protein,0
46173038,CPI,P35368,compound,protein,0
46191454,CPI,O14920,compound,protein,1
46191454,CPI,P28482,compound,protein,1
46191454,CPI,Q9BZL6,compound,protein,1
46196517,CPI,P49841,compound,protein,0
46215462,CPI,P16234,compound,protein,1
46215462,CPI,P42345,compound,protein,1
46215462,CPI,P11802,compound,protein,0
46215815,CPI,P31749,compound,protein,1
46216796,CPI,O60674,compound,protein,1
46216796,CPI,Q9NY57,compound,protein,0
4622,CPI,O75496,compound,protein,1
4622,CPI,Q6W5P4,compound,protein,0
46220502,CPI,Q13555,compound,protein,1
46220502,CPI,Q13557,compound,protein,1
46220502,CPI,Q92630,compound,protein,1
462382,CPI,P80370,compound,protein,0
46239015,CPI,P20815,compound,protein,0
4624,CPI,P27695,compound,protein,1
4631,CPI,P10635,compound,protein,1
4631,CPI,P11229,compound,protein,1
4631,CPI,P10636,compound,protein,0
4633,CPI,P23458,compound,protein,0
4634,CPI,O43193,compound,protein,0
46398810,CPI,P07947,compound,protein,1
46398810,CPI,P25100,compound,protein,0
4641,CPI,P20309,compound,protein,0
4649,CPI,O15111,compound,protein,1
4659569,CPI,P02766,compound,protein,1
4659569,CPI,P07550,compound,protein,1
4659569,CPI,P43681,compound,protein,1
4659569,CPI,Q9UI33,compound,protein,0
4666,CPI,P29597,compound,protein,0
46700756,CPI,Q86V86,compound,protein,1
46700756,CPI,Q15858,compound,protein,0
4671,CPI,Q9Y2T6,compound,protein,1
46740,CPI,Q13224,compound,protein,1
46742354,CPI,Q9BQI3,compound,protein,0
467801,CPI,Q9UQL6,compound,protein,1
467801,CPI,P49798,compound,protein,0
467801,CPI,P39748,compound,protein,0
46783268,CPI,P26358,compound,protein,1
4679,CPI,P21917,compound,protein,1
4679,CPI,Q9Y5N1,compound,protein,1
4679312,CPI,O00264,compound,protein,1
4680,CPI,P02545,compound,protein,1
46835808,CPI,Q16236,compound,protein,0
46843906,CPI,P27695,compound,protein,0
46848036,CPI,P09619,compound,protein,1
46861588,CPI,P25929,compound,protein,0
46861588,CPI,P34972,compound,protein,0
46868135,CPI,P43681,compound,protein,0
46869940,CPI,Q9Y6F1,compound,protein,0
46869941,CPI,Q86YV6,compound,protein,0
46893585,CPI,Q9HBY8,compound,protein,0
46898058,CPI,P54760,compound,protein,0
46903432,CPI,P05177,compound,protein,0
46903432,CPI,Q15208,compound,protein,0
46903465,CPI,Q6DT37,compound,protein,0
46904195,CPI,Q9NUW8,compound,protein,1
46907676,CPI,Q16637,compound,protein,1
46907753,CPI,Q9UHD2,compound,protein,0
46907757,CPI,Q9UHD2,compound,protein,0
46907787,CPI,Q8NFT8,compound,protein,1
46907798,CPI,P42224,compound,protein,1
46912090,CPI,P28566,compound,protein,0
46916170,CPI,P48039,compound,protein,0
46916178,CPI,Q8WZA2,compound,protein,0
46916178,CPI,Q96DB2,compound,protein,0
46916179,CPI,Q9Y463,compound,protein,1
46916192,CPI,Q8TDS4,compound,protein,0
46916193,CPI,P41145,compound,protein,0
46916204,CPI,P16591,compound,protein,0
46925881,CPI,O95835,compound,protein,0
46925886,CPI,P22607,compound,protein,0
46925889,CPI,P39748,compound,protein,1
46925889,CPI,Q13163,compound,protein,0
46926350,CPI,Q13936,compound,protein,0
46931242,CPI,Q96T88,compound,protein,1
46931953,CPI,Q96K76,compound,protein,1
46947264,CPI,P04083,compound,protein,0
46947264,CPI,P14061,compound,protein,0
46948706,CPI,Q5S007,compound,protein,0
4701,CPI,Q9NUW8,compound,protein,0
4705,CPI,P10635,compound,protein,1
4705,CPI,Q9NUW8,compound,protein,1
4705,CPI,P21397,compound,protein,0
47319,CPI,P68366,compound,protein,0
4748,CPI,P21462,compound,protein,1
4748,CPI,P21554,compound,protein,1
4748,CPI,P41968,compound,protein,1
4748,CPI,P49238,compound,protein,1
4748,CPI,Q12809,compound,protein,1
4748,CPI,Q86V86,compound,protein,0
4748,CPI,P08912,compound,protein,0
4748,CPI,O94768,compound,protein,0
4748,CPI,Q8NEV4,compound,protein,0
4748,CPI,Q04206,compound,protein,0
4748,CPI,P29323,compound,protein,0
4748,CPI,Q92830,compound,protein,0
47528,CPI,P25103,compound,protein,0
4753,CPI,P08908,compound,protein,1
4753,CPI,P11229,compound,protein,1
4753,CPI,P83916,compound,protein,0
4754,CPI,O00311,compound,protein,0
4755,CPI,Q96QE3,compound,protein,1
4756,CPI,P41145,compound,protein,1
4760,CPI,Q15858,compound,protein,0
4760,CPI,Q08289,compound,protein,0
4760,CPI,P47869,compound,protein,0
4761,CPI,P0C264,compound,protein,0
4768,CPI,P18089,compound,protein,1
4771,CPI,P08172,compound,protein,1
4771,CPI,Q12866,compound,protein,0
4771,CPI,P48730,compound,protein,0
4775,CPI,P08172,compound,protein,1
4775,CPI,O15379,compound,protein,0
4780,CPI,Q96KQ7,compound,protein,1
4781,CPI,P07550,compound,protein,1
4781,CPI,P08588,compound,protein,1
4781,CPI,P42685,compound,protein,0
47811,CPI,P25021,compound,protein,1
47811,CPI,P28335,compound,protein,1
47811,CPI,Q9BY41,compound,protein,0
4787756,CPI,P04062,compound,protein,1
4788,CPI,O75496,compound,protein,1
4788,CPI,P84022,compound,protein,1
4788,CPI,Q99700,compound,protein,0
4810,CPI,P49137,compound,protein,0
4822,CPI,Q9Y233,compound,protein,0
4828,CPI,P28482,compound,protein,1
4828,CPI,P28566,compound,protein,1
4828,CPI,P30556,compound,protein,1
4828,CPI,P16234,compound,protein,0
4828,CPI,Q00532,compound,protein,0
4829,CPI,P35367,compound,protein,1
4829,CPI,P41595,compound,protein,1
4829,CPI,P50406,compound,protein,1
4829,CPI,Q8N5K1,compound,protein,1
4830,CPI,P30939,compound,protein,1
4847,CPI,Q96KQ7,compound,protein,1
4848,CPI,P02545,compound,protein,1
4848,CPI,Q96QE3,compound,protein,1
4849,CPI,Q00535,compound,protein,0
4850,CPI,P18089,compound,protein,1
4855,CPI,P62942,compound,protein,0
4858,CPI,P26358,compound,protein,0
4865,CPI,Q16236,compound,protein,1
4877,CPI,P48443,compound,protein,0
4878,CPI,O43293,compound,protein,1
4878,CPI,P16234,compound,protein,1
4878,CPI,P34947,compound,protein,1
4878,CPI,P48729,compound,protein,1
4878,CPI,P51812,compound,protein,1
4878,CPI,Q07912,compound,protein,1
4878,CPI,Q96PY6,compound,protein,0
4878,CPI,P07947,compound,protein,0
4878,CPI,P10275,compound,protein,0
4879,CPI,P00533,compound,protein,1
4879425,CPI,P53779,compound,protein,0
4879425,CPI,P50406,compound,protein,0
4883,CPI,O75469,compound,protein,1
4883,CPI,P29274,compound,protein,1
4883,CPI,P41145,compound,protein,1
4883,CPI,P41968,compound,protein,1
4883,CPI,P10275,compound,protein,0
4886,CPI,P35499,compound,protein,1
4887,CPI,Q00653,compound,protein,1
4909,CPI,P08588,compound,protein,1
4909,CPI,P43681,compound,protein,1
4917,CPI,P07550,compound,protein,1
4917,CPI,P08172,compound,protein,1
4917,CPI,P08173,compound,protein,1
4917,CPI,P08912,compound,protein,1
4917,CPI,P18089,compound,protein,1
4917,CPI,Q9Y5N1,compound,protein,1
4919,CPI,P20309,compound,protein,1
4919,CPI,P23975,compound,protein,1
4919,CPI,P30518,compound,protein,1
4923,CPI,Q86Y07,compound,protein,0
4927,CPI,P23975,compound,protein,1
4927,CPI,P25100,compound,protein,1
4927,CPI,P41595,compound,protein,1
4927,CPI,Q9ULX7,compound,protein,0
4927,CPI,O75716,compound,protein,0
4934,CPI,P25103,compound,protein,0
4935,CPI,P09668,compound,protein,0
493570,CPI,P10828,compound,protein,1
493570,CPI,Q16620,compound,protein,0
493570,CPI,P35916,compound,protein,0
493570,CPI,P21397,compound,protein,0
4943,CPI,P10415,compound,protein,0
4950,CPI,P02545,compound,protein,1
4950,CPI,P07550,compound,protein,1
4950,CPI,P23975,compound,protein,1
4950,CPI,P28223,compound,protein,1
4950,CPI,Q9Y5N1,compound,protein,1
4950,CPI,P50613,compound,protein,0
4950,CPI,P10635,compound,protein,0
4950,CPI,P57078,compound,protein,0
4967,CPI,Q04759,compound,protein,0
4976,CPI,P03372,compound,protein,1
4976,CPI,P29274,compound,protein,1
4976,CPI,P24530,compound,protein,0
4976,CPI,P13631,compound,protein,0
4976,CPI,Q15418,compound,protein,0
49766530,CPI,P36969,compound,protein,1
49787910,CPI,P16050,compound,protein,1
49787910,CPI,Q16288,compound,protein,0
49792852,CPI,Q14680,compound,protein,1
49792852,CPI,Q9NZJ5,compound,protein,1
49792852,CPI,Q9P1W9,compound,protein,1
49792852,CPI,P78334,compound,protein,0
49792852,CPI,Q13554,compound,protein,0
49792852,CPI,P49760,compound,protein,0
49806720,CPI,Q16236,compound,protein,0
49806720,CPI,P22607,compound,protein,0
49831257,CPI,P18505,compound,protein,0
49835913,CPI,Q00535,compound,protein,0
49836027,CPI,O00750,compound,protein,1
49836027,CPI,P27986,compound,protein,1
49836027,CPI,O95398,compound,protein,0
49848070,CPI,P00352,compound,protein,0
49852959,CPI,O00329,compound,protein,0
49867936,CPI,P07947,compound,protein,0
4991,CPI,Q96SB4,compound,protein,0
4992,CPI,P35372,compound,protein,1
4993,CPI,P05177,compound,protein,1
4993,CPI,P30556,compound,protein,1
4993,CPI,Q9BRS2,compound,protein,0
4995951,CPI,P35372,compound,protein,1
4995951,CPI,Q96RR4,compound,protein,0
4995951,CPI,O60285,compound,protein,0
5002,CPI,P08172,compound,protein,1
5002,CPI,Q9UEW8,compound,protein,0
5002,CPI,Q8NE63,compound,protein,0
5002,CPI,O43497,compound,protein,0
50248,CPI,P37840,compound,protein,1
50287,CPI,P10635,compound,protein,1
50287,CPI,Q9H3N8,compound,protein,1
50287,CPI,P05177,compound,protein,0
5029,CPI,P49327,compound,protein,1
5029,CPI,P54284,compound,protein,0
5034,CPI,Q9Y572,compound,protein,1
5035,CPI,P01031,compound,protein,1
5035,CPI,P10635,compound,protein,1
5035,CPI,Q8TDR2,compound,protein,0
5039877,CPI,P56817,compound,protein,0
5040063,CPI,P08684,compound,protein,1
5040456,CPI,O15492,compound,protein,1
5055,CPI,P18054,compound,protein,0
5056,CPI,P42345,compound,protein,1
5056,CPI,Q16678,compound,protein,1
5056,CPI,Q7KZI7,compound,protein,0
5056,CPI,P07947,compound,protein,0
5059,CPI,Q8TDU6,compound,protein,1
5059,CPI,Q08493,compound,protein,0
50599,CPI,O43193,compound,protein,1
50599,CPI,O75469,compound,protein,1
50599,CPI,P41968,compound,protein,1
50599,CPI,O60840,compound,protein,0
50599,CPI,P51451,compound,protein,0
50599,CPI,P11474,compound,protein,0
50599,CPI,P42574,compound,protein,0
5063,CPI,P41595,compound,protein,0
5073,CPI,P35368,compound,protein,1
5073,CPI,Q8N752,compound,protein,0
5073,CPI,Q00987,compound,protein,0
5074,CPI,O75496,compound,protein,1
5074,CPI,P35368,compound,protein,1
5074,CPI,Q00975,compound,protein,1
5074,CPI,Q9Y2K2,compound,protein,0
5076,CPI,P08684,compound,protein,1
5076,CPI,Q9UK32,compound,protein,0
5078,CPI,Q9NR20,compound,protein,0
50878566,CPI,P14416,compound,protein,0
5090,CPI,P08588,compound,protein,1
5090,CPI,P48729,compound,protein,0
5090,CPI,P29597,compound,protein,0
50905713,CPI,P27986,compound,protein,1
50942,CPI,Q86V86,compound,protein,0
51001932,CPI,P42336,compound,protein,1
51001932,CPI,O95718,compound,protein,0
51038269,CPI,P98170,compound,protein,0
51039095,CPI,P21802,compound,protein,1
5104,CPI,Q52WX2,compound,protein,0
51173,CPI,P21554,compound,protein,0
512282,CPI,P27815,compound,protein,0
51358113,CPI,P78527,compound,protein,1
51358113,CPI,Q9HBH9,compound,protein,1
51397657,CPI,Q9Y572,compound,protein,0
5143,CPI,Q9ULX7,compound,protein,1
5143,CPI,P34969,compound,protein,0
5143,CPI,P49798,compound,protein,0
5145950,CPI,P28223,compound,protein,0
5152,CPI,O00418,compound,protein,0
5154,CPI,P08588,compound,protein,0
5166,CPI,Q15759,compound,protein,1
5166,CPI,O00311,compound,protein,1
5166,CPI,P04629,compound,protein,1
5166,CPI,P49798,compound,protein,1
5166,CPI,P51957,compound,protein,1
5166,CPI,Q16288,compound,protein,1
5166,CPI,O94768,compound,protein,0
5166,CPI,P27037,compound,protein,0
5166,CPI,Q9Y616,compound,protein,0
5166,CPI,O00329,compound,protein,0
5166,CPI,Q08493,compound,protein,0
5166,CPI,P08684,compound,protein,0
51683,CPI,Q9H093,compound,protein,0
51683,CPI,P34972,compound,protein,0
5169,CPI,P19784,compound,protein,1
5169,CPI,P29317,compound,protein,1
5169,CPI,P34947,compound,protein,1
5169,CPI,P49137,compound,protein,1
5169,CPI,P49674,compound,protein,1
5169,CPI,P51451,compound,protein,1
5169,CPI,P53671,compound,protein,1
5169,CPI,P80192,compound,protein,1
5169,CPI,Q13705,compound,protein,1
5169,CPI,Q13976,compound,protein,1
5169,CPI,Q14012,compound,protein,1
5169,CPI,Q15569,compound,protein,1
5169,CPI,Q16566,compound,protein,1
5169,CPI,Q9HBH9,compound,protein,1
5169,CPI,Q9NSY1,compound,protein,1
5169,CPI,O43193,compound,protein,0
5169,CPI,Q16790,compound,protein,0
5169,CPI,Q02880,compound,protein,0
5169,CPI,P16152,compound,protein,0
5169,CPI,P08173,compound,protein,0
5169,CPI,Q16678,compound,protein,0
5169,CPI,O75874,compound,protein,0
5169,CPI,Q9H2K2,compound,protein,0
5169,CPI,Q00987,compound,protein,0
5174,CPI,Q8IWU9,compound,protein,0
5174,CPI,P48058,compound,protein,0
5184,CPI,P08172,compound,protein,1
5190,CPI,P49146,compound,protein,0
5190,CPI,Q92630,compound,protein,0
5195,CPI,Q13237,compound,protein,0
5215,CPI,P23975,compound,protein,1
5215,CPI,P41145,compound,protein,1
5215,CPI,Q9Y243,compound,protein,0
5228,CPI,O60674,compound,protein,1
5236771,CPI,Q9Y468,compound,protein,1
5244802,CPI,O15118,compound,protein,0
5245,CPI,P34969,compound,protein,1
5245,CPI,Q9H2X6,compound,protein,0
5253,CPI,O95747,compound,protein,0
5253,CPI,P34913,compound,protein,0
5265,CPI,P18089,compound,protein,1
5265,CPI,Q13131,compound,protein,0
5268,CPI,Q5VT25,compound,protein,0
5273569,CPI,P27695,compound,protein,1
5275,CPI,O75164,compound,protein,0
5277135,CPI,Q86Y07,compound,protein,0
5280335,CPI,Q13131,compound,protein,0
5280343,CPI,P00918,compound,protein,1
5280343,CPI,P05164,compound,protein,1
5280343,CPI,P05177,compound,protein,1
5280343,CPI,P30518,compound,protein,1
5280343,CPI,P35218,compound,protein,1
5280343,CPI,P54652,compound,protein,1
5280343,CPI,Q9UBT6,compound,protein,1
5280343,CPI,Q9UNQ0,compound,protein,1
5280343,CPI,Q16816,compound,protein,0
5280343,CPI,Q8TDR2,compound,protein,0
5280343,CPI,O14936,compound,protein,0
5280343,CPI,P52564,compound,protein,0
5280343,CPI,P14616,compound,protein,0
5280343,CPI,Q9NYY3,compound,protein,0
5280343,CPI,Q9BWU1,compound,protein,0
5280436,CPI,Q96RR4,compound,protein,0
5280445,CPI,P18054,compound,protein,1
5280445,CPI,Q16637,compound,protein,1
5280445,CPI,P49674,compound,protein,0
5280450,CPI,P05413,compound,protein,1
5280453,CPI,P35354,compound,protein,1
5280453,CPI,O96017,compound,protein,0
5280489,CPI,P54646,compound,protein,0
5280723,CPI,O75469,compound,protein,1
5280723,CPI,P29274,compound,protein,1
5280723,CPI,P43681,compound,protein,1
5280723,CPI,P13945,compound,protein,0
5280754,CPI,Q07002,compound,protein,0
5280804,CPI,Q13188,compound,protein,0
5280863,CPI,Q8N1Q1,compound,protein,0
5280933,CPI,P02545,compound,protein,0
5280934,CPI,Q9NXB9,compound,protein,1
5280953,CPI,Q8TF76,compound,protein,1
5280953,CPI,Q9NUW8,compound,protein,1
5280953,CPI,P22694,compound,protein,0
5280953,CPI,P05129,compound,protein,0
5280954,CPI,P21554,compound,protein,1
5280954,CPI,P21731,compound,protein,1
5280954,CPI,P20813,compound,protein,0
5280954,CPI,Q9Y463,compound,protein,0
5280961,CPI,P11474,compound,protein,1
5280961,CPI,Q15596,compound,protein,1
5280961,CPI,Q16512,compound,protein,0
5281004,CPI,P43681,compound,protein,1
5281004,CPI,Q9Y5N1,compound,protein,1
5281004,CPI,P29597,compound,protein,0
5281004,CPI,P31749,compound,protein,0
5281004,CPI,O75385,compound,protein,0
5281037,CPI,P28223,compound,protein,1
5281037,CPI,P35367,compound,protein,1
5281037,CPI,Q92847,compound,protein,1
5281037,CPI,Q96KQ7,compound,protein,0
5281037,CPI,Q9HC97,compound,protein,0
5281051,CPI,P47869,compound,protein,0
5281081,CPI,P33261,compound,protein,0
5281081,CPI,P10828,compound,protein,0
5281081,CPI,P41145,compound,protein,0
5281222,CPI,P04062,compound,protein,1
5281404,CPI,P48775,compound,protein,1
5281404,CPI,Q9BUB5,compound,protein,0
5281404,CPI,P04062,compound,protein,0
5281404,CPI,P23975,compound,protein,0
5281426,CPI,P00915,compound,protein,1
5281571,CPI,P04637,compound,protein,1
5281571,CPI,P55210,compound,protein,1
5281607,CPI,O43570,compound,protein,1
5281607,CPI,P05177,compound,protein,1
5281672,CPI,Q8NFU5,compound,protein,1
5281691,CPI,P08253,compound,protein,0
5281691,CPI,O15379,compound,protein,0
5281707,CPI,O43451,compound,protein,1
5281707,CPI,Q00975,compound,protein,0
5281727,CPI,O75496,compound,protein,1
5281787,CPI,P09917,compound,protein,1
5281787,CPI,P15121,compound,protein,1
5281787,CPI,P28482,compound,protein,1
5281787,CPI,P11229,compound,protein,0
5281787,CPI,Q99755,compound,protein,0
5281787,CPI,P08253,compound,protein,0
5281792,CPI,P02766,compound,protein,1
5281855,CPI,P10253,compound,protein,1
5281855,CPI,P23280,compound,protein,1
5281855,CPI,P43166,compound,protein,1
5281855,CPI,P54760,compound,protein,1
5281855,CPI,Q9UBT6,compound,protein,1
5281855,CPI,Q9Y6R4,compound,protein,0
5281855,CPI,P30411,compound,protein,0
5281969,CPI,P23975,compound,protein,0
5282060,CPI,P10636,compound,protein,1
5282073,CPI,P05164,compound,protein,1
5282073,CPI,Q9BZL6,compound,protein,0
5282181,CPI,P27695,compound,protein,0
5282230,CPI,Q9Y5S1,compound,protein,1
5282367,CPI,Q96QE3,compound,protein,1
5282375,CPI,P08588,compound,protein,1
5282375,CPI,O95382,compound,protein,0
5282375,CPI,P50406,compound,protein,0
5282443,CPI,Q12809,compound,protein,1
5282443,CPI,Q96KQ7,compound,protein,1
5282443,CPI,Q9UKV0,compound,protein,0
5282443,CPI,O96017,compound,protein,0
5282451,CPI,P20701,compound,protein,1
5282452,CPI,P41968,compound,protein,1
5282452,CPI,Q9H244,compound,protein,0
5282452,CPI,P00533,compound,protein,0
5282493,CPI,P16050,compound,protein,0
5283387,CPI,P41595,compound,protein,0
5283389,CPI,Q9Y616,compound,protein,0
5283454,CPI,Q9BRS2,compound,protein,0
5283748,CPI,P11473,compound,protein,1
5283748,CPI,P32238,compound,protein,0
5284353,CPI,P11229,compound,protein,0
5284513,CPI,P21731,compound,protein,1
5284513,CPI,P43681,compound,protein,1
5284513,CPI,P00734,compound,protein,0
5284513,CPI,P84022,compound,protein,0
5284515,CPI,Q15759,compound,protein,0
5284549,CPI,P29322,compound,protein,0
5284550,CPI,P11474,compound,protein,0
5284557,CPI,P04150,compound,protein,1
5284557,CPI,P08069,compound,protein,0
5284566,CPI,Q16637,compound,protein,0
5284616,CPI,P35372,compound,protein,1
5284627,CPI,O43570,compound,protein,1
5284627,CPI,P21709,compound,protein,0
5284627,CPI,Q13873,compound,protein,0
5286239,CPI,P22830,compound,protein,0
5287620,CPI,Q06710,compound,protein,1
5287620,CPI,Q96QE3,compound,protein,1
5287969,CPI,O14920,compound,protein,1
5287969,CPI,O75716,compound,protein,1
5287969,CPI,O95747,compound,protein,1
5287969,CPI,P0C264,compound,protein,1
5287969,CPI,P10721,compound,protein,1
5287969,CPI,P14616,compound,protein,1
5287969,CPI,P29376,compound,protein,1
5287969,CPI,P36896,compound,protein,1
5287969,CPI,P54753,compound,protein,1
5287969,CPI,P78356,compound,protein,1
5287969,CPI,Q9BYT3,compound,protein,1
5287969,CPI,Q9H093,compound,protein,1
5287969,CPI,Q9HBH9,compound,protein,1
5287969,CPI,Q9UEE5,compound,protein,1
5287969,CPI,P25100,compound,protein,0
5287969,CPI,P21731,compound,protein,0
5287969,CPI,P54284,compound,protein,0
5287969,CPI,P09884,compound,protein,0
5287969,CPI,P17861,compound,protein,0
5287969,CPI,P11308,compound,protein,0
5287969,CPI,P10635,compound,protein,0
5287969,CPI,Q14432,compound,protein,0
5287969,CPI,Q04206,compound,protein,0
5288149,CPI,Q04771,compound,protein,0
5288209,CPI,P47871,compound,protein,0
5288382,CPI,Q4U2R8,compound,protein,0
5289501,CPI,P42345,compound,protein,1
5289501,CPI,Q16236,compound,protein,1
5289501,CPI,P08172,compound,protein,0
5289501,CPI,Q7KZI7,compound,protein,0
5289501,CPI,O94956,compound,protein,0
5289501,CPI,O43781,compound,protein,0
5291,CPI,O95747,compound,protein,1
5291,CPI,O96013,compound,protein,1
5291,CPI,O96017,compound,protein,1
5291,CPI,P00915,compound,protein,1
5291,CPI,P06239,compound,protein,1
5291,CPI,P15735,compound,protein,1
5291,CPI,P24941,compound,protein,1
5291,CPI,P36894,compound,protein,1
5291,CPI,Q8IVH8,compound,protein,1
5291,CPI,Q96D53,compound,protein,1
5291,CPI,Q96L34,compound,protein,1
5291,CPI,Q96Q40,compound,protein,1
5291,CPI,Q9H2G2,compound,protein,1
5291,CPI,Q9P289,compound,protein,1
5291,CPI,Q9UK32,compound,protein,1
5291,CPI,Q9Y463,compound,protein,1
5291,CPI,Q9H3N8,compound,protein,0
5291,CPI,P35354,compound,protein,0
5291,CPI,P04150,compound,protein,0
5291,CPI,Q4U2R8,compound,protein,0
5291,CPI,Q16678,compound,protein,0
5291,CPI,O94782,compound,protein,0
5291,CPI,Q08499,compound,protein,0
5291,CPI,P24530,compound,protein,0
5291,CPI,P78334,compound,protein,0
5291,CPI,P21917,compound,protein,0
5293655,CPI,Q13224,compound,protein,0
5293655,CPI,Q16236,compound,protein,0
53001,CPI,Q16769,compound,protein,1
5310786,CPI,P27695,compound,protein,1
5311,CPI,P21917,compound,protein,1
5311,CPI,Q15746,compound,protein,0
5311,CPI,O15550,compound,protein,0
5311042,CPI,Q8N1Q1,compound,protein,0
5311053,CPI,P34995,compound,protein,1
5311053,CPI,P43115,compound,protein,1
5311067,CPI,P02545,compound,protein,1
5311211,CPI,O60563,compound,protein,0
5311217,CPI,O75469,compound,protein,1
5311217,CPI,P49761,compound,protein,0
5311221,CPI,P21731,compound,protein,1
5311257,CPI,P10636,compound,protein,1
5311257,CPI,P10275,compound,protein,0
5311276,CPI,Q9NY57,compound,protein,0
5311309,CPI,O76074,compound,protein,0
5311380,CPI,P07900,compound,protein,1
5311412,CPI,P51813,compound,protein,0
5311452,CPI,P21397,compound,protein,0
5311479,CPI,P29274,compound,protein,1
5311493,CPI,Q9H093,compound,protein,0
5311507,CPI,Q12809,compound,protein,1
5311507,CPI,O00311,compound,protein,0
5311507,CPI,Q14994,compound,protein,0
5311507,CPI,Q9P0L2,compound,protein,0
5311507,CPI,P10632,compound,protein,0
5312137,CPI,O75496,compound,protein,1
5312137,CPI,P05177,compound,protein,1
5312137,CPI,Q05397,compound,protein,0
5312137,CPI,P27338,compound,protein,0
5312137,CPI,P18054,compound,protein,0
5312149,CPI,P50406,compound,protein,1
5314,CPI,Q05901,compound,protein,1
5316606,CPI,P37023,compound,protein,0
5317221,CPI,Q99527,compound,protein,1
5317223,CPI,Q9NR20,compound,protein,0
5318,CPI,P23975,compound,protein,1
5318386,CPI,Q9HCP0,compound,protein,0
5318433,CPI,P51817,compound,protein,0
5320,CPI,P18089,compound,protein,1
5320,CPI,P21397,compound,protein,1
5320,CPI,P35367,compound,protein,1
5320,CPI,Q15418,compound,protein,0
5320,CPI,P53667,compound,protein,0
5320,CPI,P51589,compound,protein,0
5323714,CPI,Q14994,compound,protein,0
5324,CPI,P16234,compound,protein,0
53240420,CPI,O15151,compound,protein,1
5324346,CPI,O15296,compound,protein,1
5324346,CPI,P21397,compound,protein,1
5324346,CPI,P29274,compound,protein,1
5324346,CPI,O95180,compound,protein,0
5324346,CPI,Q16620,compound,protein,0
5325,CPI,Q16678,compound,protein,0
5328,CPI,P21731,compound,protein,1
5328,CPI,P30518,compound,protein,1
5328,CPI,Q99808,compound,protein,1
5328,CPI,Q92731,compound,protein,0
5328,CPI,Q9P289,compound,protein,0
5328769,CPI,O75496,compound,protein,1
5328771,CPI,Q96KQ7,compound,protein,1
5328771,CPI,P41595,compound,protein,0
5328771,CPI,P23458,compound,protein,0
5328772,CPI,Q7KZI7,compound,protein,0
5328804,CPI,P00533,compound,protein,1
5328940,CPI,O14757,compound,protein,1
5328940,CPI,P11362,compound,protein,1
5328940,CPI,P23975,compound,protein,1
5328940,CPI,P24941,compound,protein,1
5328940,CPI,P36897,compound,protein,1
5328940,CPI,P78362,compound,protein,1
5328940,CPI,Q02763,compound,protein,1
5328940,CPI,Q04771,compound,protein,1
5328940,CPI,Q07912,compound,protein,1
5328940,CPI,Q13470,compound,protein,1
5328940,CPI,Q5S007,compound,protein,1
5328940,CPI,Q96RR4,compound,protein,1
5328940,CPI,Q9BYT3,compound,protein,1
5328940,CPI,Q9H2X6,compound,protein,1
5328940,CPI,O75874,compound,protein,0
5328940,CPI,O60885,compound,protein,0
5328940,CPI,Q16790,compound,protein,0
5328940,CPI,P34903,compound,protein,0
5328940,CPI,Q03164,compound,protein,0
5329,CPI,O43193,compound,protein,1
5329,CPI,P07550,compound,protein,1
5329,CPI,P41595,compound,protein,1
5329,CPI,P34972,compound,protein,0
5329,CPI,P16234,compound,protein,0
5329099,CPI,Q16584,compound,protein,1
5329099,CPI,Q8N1C3,compound,protein,0
5329099,CPI,P06280,compound,protein,0
5329103,CPI,P08172,compound,protein,0
5329255,CPI,P16050,compound,protein,1
5329255,CPI,Q99549,compound,protein,1
5329255,CPI,Q8WXR4,compound,protein,0
5330286,CPI,O60674,compound,protein,1
5330286,CPI,P08069,compound,protein,1
5330286,CPI,P09619,compound,protein,1
5330286,CPI,P17948,compound,protein,1
5330286,CPI,P19525,compound,protein,1
5330286,CPI,P21918,compound,protein,1
5330286,CPI,P41595,compound,protein,1
5330286,CPI,Q04759,compound,protein,1
5330286,CPI,Q13131,compound,protein,1
5330286,CPI,Q9UQM7,compound,protein,1
5330286,CPI,P00352,compound,protein,0
5330286,CPI,Q08289,compound,protein,0
5330286,CPI,Q9P0L2,compound,protein,0
5330535,CPI,Q96QE3,compound,protein,1
5330535,CPI,P08908,compound,protein,0
5330790,CPI,O94806,compound,protein,1
5330790,CPI,O95835,compound,protein,1
5330790,CPI,P51817,compound,protein,1
5330790,CPI,P54753,compound,protein,1
5330790,CPI,Q14289,compound,protein,1
5330790,CPI,Q14680,compound,protein,1
5330790,CPI,Q16513,compound,protein,1
5330790,CPI,Q16539,compound,protein,1
5330790,CPI,Q86YV6,compound,protein,1
5330790,CPI,Q8TDX7,compound,protein,1
5330790,CPI,Q9BYT3,compound,protein,1
5330790,CPI,Q9UIK4,compound,protein,1
5330790,CPI,Q9Y2H1,compound,protein,1
5330790,CPI,Q13936,compound,protein,0
5330790,CPI,P27695,compound,protein,0
5330790,CPI,P18089,compound,protein,0
5330790,CPI,P83916,compound,protein,0
5330790,CPI,Q8N1Q1,compound,protein,0
5330790,CPI,O43570,compound,protein,0
5330790,CPI,O14920,compound,protein,0
5330790,CPI,P11473,compound,protein,0
5330790,CPI,P20794,compound,protein,0
5330790,CPI,O75469,compound,protein,0
53315878,CPI,P35372,compound,protein,1
53315878,CPI,Q9H2X6,compound,protein,0
53340666,CPI,P46098,compound,protein,0
53347979,CPI,P30518,compound,protein,0
53377419,CPI,P49759,compound,protein,0
5337997,CPI,Q9NUW8,compound,protein,1
5337997,CPI,O75874,compound,protein,1
53382764,CPI,P35916,compound,protein,0
53387035,CPI,Q9UHD2,compound,protein,0
5339,CPI,Q14973,compound,protein,1
5339,CPI,Q9Y5N1,compound,protein,1
53393127,CPI,Q9NWZ3,compound,protein,0
5340,CPI,P21554,compound,protein,1
5340,CPI,P23975,compound,protein,1
5340,CPI,O94768,compound,protein,0
5342,CPI,O75496,compound,protein,1
5342,CPI,P30411,compound,protein,1
5342,CPI,P32238,compound,protein,1
5342,CPI,O75582,compound,protein,0
5342,CPI,Q9Y5N1,compound,protein,0
5344,CPI,P18089,compound,protein,1
5344,CPI,P21397,compound,protein,1
5344,CPI,Q16678,compound,protein,0
5344,CPI,Q9H2X6,compound,protein,0
5344,CPI,O95747,compound,protein,0
5350,CPI,Q16236,compound,protein,1
5352,CPI,P19793,compound,protein,1
5352,CPI,P35367,compound,protein,1
5352,CPI,P35590,compound,protein,0
5352,CPI,Q02750,compound,protein,0
5352062,CPI,O43318,compound,protein,0
5352624,CPI,P15121,compound,protein,1
5352624,CPI,P35354,compound,protein,1
5353432,CPI,O75496,compound,protein,1
5353432,CPI,P37840,compound,protein,1
5353432,CPI,Q15831,compound,protein,0
5353464,CPI,Q96KQ7,compound,protein,0
5353685,CPI,Q15418,compound,protein,0
5353760,CPI,P22694,compound,protein,0
5353842,CPI,P20794,compound,protein,0
5353853,CPI,P07949,compound,protein,0
5354033,CPI,O15296,compound,protein,1
53569,CPI,P06241,compound,protein,0
5358,CPI,P21554,compound,protein,1
5358,CPI,P35372,compound,protein,1
5361,CPI,O75469,compound,protein,1
5361,CPI,P14555,compound,protein,1
5361,CPI,P23945,compound,protein,1
5361,CPI,P49798,compound,protein,1
5361,CPI,Q96KQ7,compound,protein,1
5361,CPI,Q99873,compound,protein,1
5361,CPI,Q9UIK4,compound,protein,0
5361202,CPI,Q9HCP0,compound,protein,0
5362116,CPI,Q9BUB5,compound,protein,0
5362119,CPI,P43681,compound,protein,1
5362119,CPI,Q9Y5N1,compound,protein,1
5362119,CPI,Q14680,compound,protein,0
5362119,CPI,Q9HCP0,compound,protein,0
5362124,CPI,Q9Y5N1,compound,protein,1
5362124,CPI,P33981,compound,protein,0
5362124,CPI,Q86UE8,compound,protein,0
5362124,CPI,P35414,compound,protein,0
5362129,CPI,O43193,compound,protein,1
5362129,CPI,P09619,compound,protein,0
5368,CPI,P53355,compound,protein,0
5369129,CPI,Q16637,compound,protein,1
53708,CPI,O75469,compound,protein,1
53708,CPI,P45984,compound,protein,0
53708,CPI,Q01668,compound,protein,0
53729257,CPI,Q13698,compound,protein,1
53734236,CPI,Q9Y463,compound,protein,0
5375083,CPI,P36888,compound,protein,0
5379,CPI,P35354,compound,protein,1
5379,CPI,Q96SB4,compound,protein,0
5379,CPI,Q07820,compound,protein,0
5381,CPI,P08172,compound,protein,1
5381,CPI,P43681,compound,protein,1
5381,CPI,Q96KQ7,compound,protein,1
5382,CPI,P02545,compound,protein,1
5388962,CPI,P14780,compound,protein,0
5388962,CPI,P10721,compound,protein,0
5388993,CPI,P51843,compound,protein,1
5391,CPI,P20309,compound,protein,1
5391,CPI,Q14432,compound,protein,1
5391,CPI,Q16445,compound,protein,0
5392,CPI,P08588,compound,protein,0
5392,CPI,P11274,compound,protein,0
5392245,CPI,O75496,compound,protein,1
5401,CPI,Q9H252,compound,protein,1
5403,CPI,P21554,compound,protein,0
5405,CPI,P11229,compound,protein,1
5405,CPI,P21554,compound,protein,1
5405,CPI,O75469,compound,protein,0
5405,CPI,P42338,compound,protein,0
54091660,CPI,P35236,compound,protein,1
5411,CPI,P08912,compound,protein,1
5411,CPI,P35367,compound,protein,1
5416418,CPI,P25103,compound,protein,0
5416418,CPI,O14936,compound,protein,0
54167661,CPI,Q13698,compound,protein,1
5417,CPI,P14416,compound,protein,1
5419,CPI,P28335,compound,protein,0
5426,CPI,P10828,compound,protein,1
5426,CPI,Q07343,compound,protein,0
5426,CPI,O15118,compound,protein,0
5426,CPI,Q01453,compound,protein,0
5430,CPI,Q16637,compound,protein,1
5430,CPI,P27695,compound,protein,0
5430,CPI,P35367,compound,protein,0
54367,CPI,P10635,compound,protein,1
54367,CPI,P43681,compound,protein,0
54416523,CPI,P07949,compound,protein,0
54445,CPI,Q15208,compound,protein,0
54454,CPI,O75469,compound,protein,1
54454,CPI,P23975,compound,protein,1
54459,CPI,P08912,compound,protein,0
54459,CPI,P08684,compound,protein,0
54477,CPI,Q9UM73,compound,protein,0
5450,CPI,P10635,compound,protein,1
5450,CPI,P21731,compound,protein,0
5452,CPI,Q9NUW8,compound,protein,1
5452,CPI,Q9HC97,compound,protein,0
5452,CPI,Q05655,compound,protein,0
5455,CPI,P42330,compound,protein,0
5455,CPI,P28566,compound,protein,0
5455,CPI,P35354,compound,protein,0
5456,CPI,P41145,compound,protein,0
54562,CPI,P02545,compound,protein,1
54562,CPI,Q9BXA7,compound,protein,0
54575046,CPI,P27361,compound,protein,1
54575046,CPI,P22694,compound,protein,0
5458656,CPI,P29323,compound,protein,0
54616981,CPI,Q06710,compound,protein,1
54617779,CPI,Q06710,compound,protein,1
54618067,CPI,Q9P289,compound,protein,0
54618317,CPI,Q8NER1,compound,protein,0
54618330,CPI,O14920,compound,protein,0
54618919,CPI,Q06710,compound,protein,1
54618968,CPI,Q06710,compound,protein,1
54618968,CPI,Q9NSY1,compound,protein,0
54637825,CPI,Q9Y5N1,compound,protein,0
54645828,CPI,Q06418,compound,protein,0
54645832,CPI,Q5VT25,compound,protein,0
54646515,CPI,Q52WX2,compound,protein,0
54657607,CPI,Q06710,compound,protein,1
54660649,CPI,Q9NZ08,compound,protein,1
54666674,CPI,Q06710,compound,protein,1
54676038,CPI,P02545,compound,protein,1
54676038,CPI,P04150,compound,protein,1
54676038,CPI,Q06418,compound,protein,0
54676038,CPI,Q9NYY3,compound,protein,0
54676537,CPI,Q86UE8,compound,protein,0
54685921,CPI,Q9HC98,compound,protein,0
54688261,CPI,Q9BQB6,compound,protein,1
54688261,CPI,P16234,compound,protein,0
5469318,CPI,P24941,compound,protein,1
5472,CPI,P08172,compound,protein,1
5472495,CPI,Q96KQ7,compound,protein,1
54764919,CPI,Q13148,compound,protein,0
5479,CPI,P30411,compound,protein,1
5479,CPI,P22748,compound,protein,0
5487,CPI,P41145,compound,protein,1
5487,CPI,P49798,compound,protein,1
5487,CPI,Q9Y5N1,compound,protein,1
5487,CPI,Q01668,compound,protein,0
5487,CPI,Q9BXA7,compound,protein,0
5487427,CPI,P07550,compound,protein,1
5488548,CPI,Q13936,compound,protein,1
54892,CPI,P08588,compound,protein,1
54892,CPI,P11229,compound,protein,1
54892,CPI,P12821,compound,protein,1
54897,CPI,P53350,compound,protein,0
54897,CPI,Q86Y07,compound,protein,0
5493444,CPI,Q86V86,compound,protein,0
5494449,CPI,O15111,compound,protein,1
5494449,CPI,O75385,compound,protein,1
5494449,CPI,O96017,compound,protein,1
5494449,CPI,P11274,compound,protein,1
5494449,CPI,P29597,compound,protein,1
5494449,CPI,P35590,compound,protein,1
5494449,CPI,P36896,compound,protein,1
5494449,CPI,P48736,compound,protein,1
5494449,CPI,P49336,compound,protein,1
5494449,CPI,Q13188,compound,protein,1
5494449,CPI,Q13557,compound,protein,1
5494449,CPI,Q13705,compound,protein,1
5494449,CPI,Q16539,compound,protein,1
5494449,CPI,Q96D53,compound,protein,1
5494449,CPI,Q9P2K8,compound,protein,1
5494449,CPI,P41595,compound,protein,0
5494449,CPI,P30939,compound,protein,0
5494449,CPI,P03372,compound,protein,0
5494449,CPI,P49798,compound,protein,0
5497136,CPI,O43293,compound,protein,0
5503,CPI,P21554,compound,protein,1
5505,CPI,P08172,compound,protein,1
5505,CPI,P18089,compound,protein,1
5505,CPI,Q14994,compound,protein,0
5509,CPI,P21917,compound,protein,0
5510,CPI,P08588,compound,protein,1
5510,CPI,Q96QE3,compound,protein,1
5510,CPI,Q9NR20,compound,protein,0
5510,CPI,O15296,compound,protein,0
5510,CPI,P16083,compound,protein,0
5522,CPI,P14867,compound,protein,1
55245,CPI,P03372,compound,protein,1
55245,CPI,Q13627,compound,protein,0
5526,CPI,P30556,compound,protein,1
5526,CPI,Q14524,compound,protein,0
55445,CPI,P21917,compound,protein,1
5546,CPI,P04062,compound,protein,1
5546,CPI,P08172,compound,protein,1
5546,CPI,P08908,compound,protein,1
5546,CPI,P83916,compound,protein,1
5546,CPI,P22455,compound,protein,0
5546,CPI,P27037,compound,protein,0
5546,CPI,P06239,compound,protein,0
5564,CPI,P83916,compound,protein,0
5566,CPI,P10636,compound,protein,1
5566,CPI,P23975,compound,protein,1
5568,CPI,O76074,compound,protein,0
5574,CPI,P08172,compound,protein,1
5576,CPI,P07550,compound,protein,1
5576,CPI,P54764,compound,protein,0
5577,CPI,P33261,compound,protein,1
5578,CPI,P41595,compound,protein,1
5578,CPI,Q13555,compound,protein,0
5578,CPI,Q96GD4,compound,protein,0
5584,CPI,P13945,compound,protein,1
5584,CPI,P28335,compound,protein,1
5584,CPI,P35367,compound,protein,1
5584,CPI,P30939,compound,protein,0
5584,CPI,P28482,compound,protein,0
5584298,CPI,O75496,compound,protein,1
5585,CPI,P18089,compound,protein,1
5585,CPI,P25929,compound,protein,1
5585,CPI,Q16790,compound,protein,0
5587,CPI,P41595,compound,protein,1
5587,CPI,P41968,compound,protein,1
5587,CPI,P36888,compound,protein,0
5587,CPI,Q96KQ7,compound,protein,0
5591,CPI,Q14432,compound,protein,1
5591,CPI,Q06710,compound,protein,0
5593,CPI,P27695,compound,protein,0
5593,CPI,Q99928,compound,protein,0
5593,CPI,P46734,compound,protein,0
5601,CPI,P31040,compound,protein,1
5606,CPI,Q96KB5,compound,protein,0
5614,CPI,O75874,compound,protein,1
5614,CPI,P00352,compound,protein,1
5614,CPI,P33261,compound,protein,1
5614,CPI,Q96QE3,compound,protein,1
564,CPI,O75496,compound,protein,1
564,CPI,P21397,compound,protein,1
564,CPI,P49798,compound,protein,1
564,CPI,P04062,compound,protein,0
5656,CPI,O43193,compound,protein,1
5656,CPI,P08588,compound,protein,1
5656,CPI,P35367,compound,protein,1
5656,CPI,P04054,compound,protein,0
5656,CPI,Q13523,compound,protein,0
5656,CPI,O60674,compound,protein,0
56599293,CPI,P00533,compound,protein,1
56599306,CPI,P35368,compound,protein,0
5665,CPI,P08172,compound,protein,1
5665,CPI,P21554,compound,protein,1
5665,CPI,P35367,compound,protein,1
5665,CPI,P41145,compound,protein,1
5665,CPI,Q99640,compound,protein,0
5665,CPI,Q9H422,compound,protein,0
56654642,CPI,P20309,compound,protein,0
56676725,CPI,P33261,compound,protein,0
56676725,CPI,P10636,compound,protein,0
56719,CPI,Q92769,compound,protein,1
5681,CPI,O15296,compound,protein,1
56835213,CPI,Q13153,compound,protein,0
56835259,CPI,O14920,compound,protein,0
56839178,CPI,P25929,compound,protein,0
56839178,CPI,P25101,compound,protein,0
5685,CPI,P08908,compound,protein,1
5685,CPI,P08631,compound,protein,0
5685,CPI,Q9UK32,compound,protein,0
5685,CPI,P30926,compound,protein,0
56959,CPI,Q14500,compound,protein,1
56959,CPI,Q99250,compound,protein,1
56959,CPI,P01215,compound,protein,0
56965963,CPI,Q06710,compound,protein,0
5701997,CPI,Q9Y616,compound,protein,0
5701998,CPI,O00311,compound,protein,0
5702036,CPI,P04150,compound,protein,1
5702074,CPI,O75496,compound,protein,0
5702074,CPI,P47871,compound,protein,0
5702106,CPI,P14416,compound,protein,0
5702135,CPI,P23415,compound,protein,1
5702239,CPI,P08908,compound,protein,0
5702265,CPI,P05121,compound,protein,1
5702265,CPI,P13569,compound,protein,1
5702265,CPI,Q86UX6,compound,protein,0
57030,CPI,Q86UX6,compound,protein,0
5703330,CPI,O43353,compound,protein,0
5709,CPI,P49840,compound,protein,0
5711,CPI,P08069,compound,protein,1
5711,CPI,Q06187,compound,protein,1
5711,CPI,Q9UQM7,compound,protein,1
5711,CPI,P35368,compound,protein,0
5711,CPI,P10635,compound,protein,0
5711,CPI,Q99928,compound,protein,0
5711,CPI,P37840,compound,protein,0
5712,CPI,P37173,compound,protein,0
5717,CPI,P08588,compound,protein,1
5717801,CPI,P05198,compound,protein,1
5720,CPI,P05771,compound,protein,0
5722,CPI,O00408,compound,protein,1
5722,CPI,P41145,compound,protein,0
5722,CPI,O14965,compound,protein,0
57242,CPI,P25100,compound,protein,1
5726,CPI,P10828,compound,protein,0
5726,CPI,P11473,compound,protein,0
57267,CPI,Q12809,compound,protein,0
57267,CPI,P49840,compound,protein,0
5730,CPI,O14965,compound,protein,0
5732,CPI,P08172,compound,protein,1
5732,CPI,P14867,compound,protein,1
5732,CPI,P41595,compound,protein,1
57335384,CPI,P35354,compound,protein,0
57339144,CPI,P04626,compound,protein,0
5734,CPI,O75493,compound,protein,1
5734,CPI,P27338,compound,protein,1
5734,CPI,P27695,compound,protein,1
5734,CPI,P41145,compound,protein,1
5734,CPI,O14920,compound,protein,0
57363,CPI,P11229,compound,protein,1
57363,CPI,P28482,compound,protein,1
57363,CPI,Q08499,compound,protein,1
57379345,CPI,Q16566,compound,protein,1
57390074,CPI,P28566,compound,protein,0
57390074,CPI,Q8TDS4,compound,protein,0
57390074,CPI,Q15842,compound,protein,0
5742673,CPI,Q14680,compound,protein,0
5742832,CPI,Q9NUW8,compound,protein,1
5743,CPI,P04083,compound,protein,1
5743,CPI,P35228,compound,protein,1
5743,CPI,P43405,compound,protein,0
5745,CPI,P04083,compound,protein,1
5745,CPI,P08172,compound,protein,1
57469,CPI,P21554,compound,protein,1
57469,CPI,P41145,compound,protein,1
57469,CPI,Q9NYL2,compound,protein,0
57469,CPI,Q32MK0,compound,protein,0
57469,CPI,P36897,compound,protein,0
57469,CPI,Q15831,compound,protein,0
57519544,CPI,P25929,compound,protein,0
5753,CPI,P08185,compound,protein,1
5753,CPI,P04049,compound,protein,0
5753,CPI,P28223,compound,protein,0
5754137,CPI,P10415,compound,protein,1
5754137,CPI,P51449,compound,protein,0
5756371,CPI,P84022,compound,protein,1
5756371,CPI,O94768,compound,protein,0
5757,CPI,P11474,compound,protein,1
5757,CPI,Q02880,compound,protein,0
5757,CPI,Q9P1W9,compound,protein,0
5757,CPI,Q9NR56,compound,protein,0
57662985,CPI,Q99835,compound,protein,1
5770,CPI,P21731,compound,protein,1
5770,CPI,P28223,compound,protein,1
5770,CPI,P32238,compound,protein,1
5775,CPI,P41595,compound,protein,1
5775,CPI,Q14654,compound,protein,1
5790,CPI,P04818,compound,protein,1
58144,CPI,P10636,compound,protein,1
5816,CPI,P28482,compound,protein,1
5819,CPI,P02545,compound,protein,1
5819,CPI,P34969,compound,protein,0
5832,CPI,P21731,compound,protein,1
5833,CPI,Q13936,compound,protein,1
58423153,CPI,Q86V86,compound,protein,1
58423153,CPI,Q9NR56,compound,protein,0
5865,CPI,P45985,compound,protein,0
5870,CPI,P54132,compound,protein,1
5881,CPI,O60391,compound,protein,1
5881,CPI,P27695,compound,protein,1
5881,CPI,P28223,compound,protein,0
5901,CPI,P83916,compound,protein,1
5904441,CPI,P10636,compound,protein,1
5904441,CPI,Q9Y5S2,compound,protein,0
5906,CPI,Q04912,compound,protein,0
59227,CPI,O15296,compound,protein,0
5944,CPI,P36873,compound,protein,1
5944,CPI,Q13188,compound,protein,0
59473233,CPI,P30411,compound,protein,0
596344,CPI,Q9UBF8,compound,protein,0
596344,CPI,Q52WX2,compound,protein,0
5966,CPI,P49137,compound,protein,0
5978,CPI,P46734,compound,protein,0
5983,CPI,P06276,compound,protein,1
5991,CPI,P41145,compound,protein,1
5991,CPI,P29323,compound,protein,0
5994,CPI,P08185,compound,protein,1
5994,CPI,P08684,compound,protein,1
5994,CPI,Q6W5P4,compound,protein,1
5995,CPI,O43193,compound,protein,1
5995,CPI,O75469,compound,protein,1
5995,CPI,P02545,compound,protein,1
5995,CPI,P21397,compound,protein,1
5995,CPI,P32238,compound,protein,1
5995,CPI,Q04771,compound,protein,0
6000,CPI,P32297,compound,protein,1
6000,CPI,Q15822,compound,protein,1
6000533,CPI,Q9Y616,compound,protein,0
6001181,CPI,P24666,compound,protein,1
6001181,CPI,P26358,compound,protein,1
6001181,CPI,P84022,compound,protein,1
60063,CPI,P08172,compound,protein,1
60063,CPI,P20309,compound,protein,0
6009,CPI,P05177,compound,protein,1
6010,CPI,P02545,compound,protein,0
6010,CPI,Q14289,compound,protein,0
60138149,CPI,O00141,compound,protein,1
60164,CPI,P49137,compound,protein,0
60184847,CPI,O96013,compound,protein,0
60185024,CPI,Q96SB4,compound,protein,0
60185081,CPI,Q06710,compound,protein,1
60185081,CPI,P42345,compound,protein,0
60185196,CPI,Q9UM73,compound,protein,0
60191404,CPI,O75385,compound,protein,0
60191404,CPI,P46734,compound,protein,0
60198,CPI,P18089,compound,protein,1
60198,CPI,P09917,compound,protein,0
6032,CPI,P25929,compound,protein,1
6032,CPI,P32238,compound,protein,1
6032,CPI,O94782,compound,protein,0
6035,CPI,P14416,compound,protein,0
6035,CPI,P29323,compound,protein,0
6049,CPI,P29274,compound,protein,1
6049,CPI,P41145,compound,protein,1
60602,CPI,P33981,compound,protein,0
60606,CPI,P21917,compound,protein,1
60606,CPI,P21918,compound,protein,1
60606,CPI,P25103,compound,protein,1
60606,CPI,Q92630,compound,protein,0
60648,CPI,Q92830,compound,protein,0
60663,CPI,P11229,compound,protein,1
60663,CPI,P22748,compound,protein,0
60663,CPI,Q13163,compound,protein,0
60663,CPI,P46098,compound,protein,0
60663,CPI,P54762,compound,protein,0
60700,CPI,P46098,compound,protein,0
60726,CPI,Q8IW41,compound,protein,0
6075,CPI,P08172,compound,protein,1
6075,CPI,P50406,compound,protein,1
6075,CPI,P10635,compound,protein,0
6077,CPI,O75496,compound,protein,1
6077,CPI,P14416,compound,protein,1
60773,CPI,P18089,compound,protein,1
60785,CPI,P04626,compound,protein,0
60823,CPI,P21397,compound,protein,1
60823,CPI,O75676,compound,protein,0
60825,CPI,P34969,compound,protein,1
60825,CPI,P48729,compound,protein,0
60825,CPI,P00915,compound,protein,0
6083,CPI,O43741,compound,protein,1
6083,CPI,Q9UGI9,compound,protein,1
6083,CPI,P30530,compound,protein,0
6083,CPI,Q02779,compound,protein,0
60854,CPI,P35368,compound,protein,1
60854,CPI,Q9UNQ0,compound,protein,0
6091659,CPI,Q12866,compound,protein,0
60923,CPI,P11802,compound,protein,0
60943,CPI,P30518,compound,protein,1
610479,CPI,P02545,compound,protein,1
610479,CPI,P32239,compound,protein,1
6127,CPI,P18089,compound,protein,1
6127,CPI,P30556,compound,protein,1
6127,CPI,P35354,compound,protein,1
6127,CPI,Q92630,compound,protein,0
6128,CPI,P54132,compound,protein,0
6128,CPI,Q14012,compound,protein,0
6128,CPI,O15118,compound,protein,0
6166563,CPI,Q6ZN16,compound,protein,0
6167,CPI,O75751,compound,protein,1
6167,CPI,P07437,compound,protein,1
6167,CPI,Q96QE3,compound,protein,1
6173479,CPI,Q9BYT3,compound,protein,1
6185,CPI,Q86Y07,compound,protein,0
6215,CPI,P04150,compound,protein,1
6230,CPI,Q9Y5N1,compound,protein,1
6230,CPI,O75914,compound,protein,0
6230,CPI,P04049,compound,protein,0
6230,CPI,Q13555,compound,protein,0
6230,CPI,Q9Y243,compound,protein,0
6231,CPI,Q03164,compound,protein,0
6234,CPI,Q9P1W9,compound,protein,0
62389,CPI,Q13131,compound,protein,0
62389,CPI,P04637,compound,protein,0
6253,CPI,P05129,compound,protein,0
6253,CPI,Q9H0K1,compound,protein,0
6253,CPI,P34969,compound,protein,0
6253,CPI,Q04771,compound,protein,0
6256,CPI,Q8WU08,compound,protein,0
6279,CPI,O94925,compound,protein,0
6291,CPI,P08908,compound,protein,1
6291,CPI,Q8WU08,compound,protein,0
6291,CPI,O95819,compound,protein,0
6291,CPI,Q86UE8,compound,protein,0
6291,CPI,P42336,compound,protein,0
6291,CPI,Q96D53,compound,protein,0
6305,CPI,P08908,compound,protein,0
6305,CPI,P50406,compound,protein,0
6307,CPI,P30556,compound,protein,1
6307,CPI,O75496,compound,protein,0
6337640,CPI,P04637,compound,protein,0
6338099,CPI,Q96KQ7,compound,protein,1
636411,CPI,Q6ZQW0,compound,protein,1
637542,CPI,P28222,compound,protein,0
637542,CPI,O43293,compound,protein,0
637568,CPI,Q04206,compound,protein,1
637568,CPI,P08912,compound,protein,0
638278,CPI,P10636,compound,protein,1
639665,CPI,Q13148,compound,protein,0
6399253,CPI,P08172,compound,protein,1
6399253,CPI,P21731,compound,protein,1
6399253,CPI,P06239,compound,protein,0
6399253,CPI,P00734,compound,protein,0
641266,CPI,Q13547,compound,protein,0
64139,CPI,P08684,compound,protein,1
64139,CPI,Q16288,compound,protein,0
64139,CPI,P57059,compound,protein,0
64143,CPI,Q14012,compound,protein,0
64143,CPI,Q8IVW4,compound,protein,0
6419753,CPI,Q92952,compound,protein,0
6419753,CPI,Q92769,compound,protein,0
6419753,CPI,Q9NQU5,compound,protein,0
6419755,CPI,Q06187,compound,protein,0
6419833,CPI,P61088,compound,protein,0
6422124,CPI,P25021,compound,protein,1
6422124,CPI,P35367,compound,protein,1
6426894,CPI,P08172,compound,protein,1
6433346,CPI,Q15139,compound,protein,0
6435901,CPI,Q14164,compound,protein,0
6436048,CPI,Q06187,compound,protein,0
643606,CPI,P28335,compound,protein,1
643606,CPI,Q9UF33,compound,protein,0
6437862,CPI,Q9Y243,compound,protein,0
6437862,CPI,P42336,compound,protein,0
6440033,CPI,Q02763,compound,protein,0
644076,CPI,P24941,compound,protein,0
644213,CPI,Q99549,compound,protein,1
6442177,CPI,P10636,compound,protein,0
644241,CPI,O94768,compound,protein,1
644241,CPI,P08912,compound,protein,1
644241,CPI,P11362,compound,protein,1
644241,CPI,P29322,compound,protein,1
644241,CPI,P36897,compound,protein,1
644241,CPI,P43403,compound,protein,1
644241,CPI,P45984,compound,protein,1
644241,CPI,P49336,compound,protein,1
644241,CPI,P50613,compound,protein,1
644241,CPI,P54760,compound,protein,1
644241,CPI,Q13131,compound,protein,1
644241,CPI,Q8NI60,compound,protein,1
644241,CPI,Q9NQU5,compound,protein,1
644241,CPI,Q9NSY1,compound,protein,1
644241,CPI,Q9P0L2,compound,protein,1
644241,CPI,Q9UHD2,compound,protein,1
644241,CPI,P25100,compound,protein,0
644241,CPI,Q96KQ7,compound,protein,0
644241,CPI,P01215,compound,protein,0
6444692,CPI,Q16678,compound,protein,0
6444692,CPI,P41595,compound,protein,0
6445533,CPI,Q9UKV0,compound,protein,1
6445533,CPI,Q99808,compound,protein,0
6445540,CPI,P31749,compound,protein,0
6446,CPI,P29274,compound,protein,1
6446,CPI,P35354,compound,protein,1
6446,CPI,P41968,compound,protein,1
6446,CPI,P84022,compound,protein,1
6446,CPI,O94782,compound,protein,0
6446,CPI,P54646,compound,protein,0
6449767,CPI,Q8NER1,compound,protein,1
6450278,CPI,O75469,compound,protein,1
6450278,CPI,P10275,compound,protein,1
6450278,CPI,Q8IVH8,compound,protein,0
6450546,CPI,Q13224,compound,protein,1
6450551,CPI,O14757,compound,protein,1
6450551,CPI,O43293,compound,protein,1
6450551,CPI,O95342,compound,protein,1
6450551,CPI,O96017,compound,protein,1
6450551,CPI,P04150,compound,protein,1
6450551,CPI,P19525,compound,protein,1
6450551,CPI,P21709,compound,protein,1
6450551,CPI,P22455,compound,protein,1
6450551,CPI,P28482,compound,protein,1
6450551,CPI,P29322,compound,protein,1
6450551,CPI,P36894,compound,protein,1
6450551,CPI,P49137,compound,protein,1
6450551,CPI,Q05655,compound,protein,1
6450551,CPI,Q07002,compound,protein,1
6450551,CPI,Q13976,compound,protein,1
6450551,CPI,Q7KZI7,compound,protein,1
6450551,CPI,Q9H2G2,compound,protein,1
6450551,CPI,Q9UM73,compound,protein,1
6450551,CPI,P00918,compound,protein,0
6450551,CPI,P16050,compound,protein,0
6450551,CPI,P25103,compound,protein,0
6450551,CPI,P10828,compound,protein,0
6450813,CPI,O15296,compound,protein,0
6451164,CPI,Q32MK0,compound,protein,0
64715,CPI,Q9UEE5,compound,protein,0
6473866,CPI,P29274,compound,protein,1
6473866,CPI,P41595,compound,protein,1
6473866,CPI,P47871,compound,protein,1
6473866,CPI,Q99808,compound,protein,1
6473866,CPI,Q9Y6L6,compound,protein,1
6473866,CPI,Q16790,compound,protein,0
6473866,CPI,Q96Q40,compound,protein,0
6473866,CPI,P35218,compound,protein,0
6473881,CPI,Q00653,compound,protein,1
6473883,CPI,O43193,compound,protein,0
64945,CPI,Q6W5P4,compound,protein,0
64945,CPI,P13945,compound,protein,0
64945,CPI,P09172,compound,protein,0
65016,CPI,P41595,compound,protein,1
650228,CPI,P41595,compound,protein,0
6505803,CPI,P19793,compound,protein,0
6505803,CPI,P00352,compound,protein,0
65064,CPI,O14746,compound,protein,1
65064,CPI,Q9NR20,compound,protein,1
653676,CPI,Q9NR20,compound,protein,0
653676,CPI,P34947,compound,protein,0
653676,CPI,Q9P0X4,compound,protein,0
6540478,CPI,O43570,compound,protein,0
654376,CPI,Q14004,compound,protein,0
65457,CPI,P19784,compound,protein,0
655278,CPI,Q9NUW8,compound,protein,1
655278,CPI,P50406,compound,protein,0
655490,CPI,P10636,compound,protein,1
65628,CPI,Q92769,compound,protein,1
65628,CPI,O94925,compound,protein,0
656516,CPI,P33981,compound,protein,0
656731,CPI,P43403,compound,protein,0
656731,CPI,Q56UN5,compound,protein,0
656732,CPI,P16050,compound,protein,1
656765,CPI,P54132,compound,protein,1
65681,CPI,O75496,compound,protein,1
65681,CPI,P27695,compound,protein,1
6575,CPI,P36507,compound,protein,0
65856,CPI,O15296,compound,protein,1
65863,CPI,P14902,compound,protein,1
65906,CPI,P35367,compound,protein,1
65937,CPI,P32239,compound,protein,1
65937,CPI,Q9NUW8,compound,protein,0
6597,CPI,P0C264,compound,protein,0
65999,CPI,P34969,compound,protein,1
65999,CPI,Q96GD4,compound,protein,0
6603728,CPI,Q13546,compound,protein,0
6603820,CPI,P07550,compound,protein,1
6603901,CPI,O75496,compound,protein,1
6603901,CPI,Q07869,compound,protein,1
6603931,CPI,P08684,compound,protein,1
6604009,CPI,P00352,compound,protein,1
6604200,CPI,P03372,compound,protein,1
6604200,CPI,P21554,compound,protein,1
6604200,CPI,Q99755,compound,protein,0
6604284,CPI,P33261,compound,protein,1
6604284,CPI,Q9NUW8,compound,protein,1
6604284,CPI,P36894,compound,protein,0
6604471,CPI,P06239,compound,protein,0
6604653,CPI,P50747,compound,protein,1
6604653,CPI,P31152,compound,protein,0
6604653,CPI,P53350,compound,protein,0
6604724,CPI,P08684,compound,protein,1
6604724,CPI,P49798,compound,protein,1
6604858,CPI,P39748,compound,protein,1
6604858,CPI,P49759,compound,protein,0
6604889,CPI,Q16637,compound,protein,0
6604893,CPI,P41594,compound,protein,1
6604926,CPI,P29274,compound,protein,1
6604931,CPI,P16083,compound,protein,0
6610310,CPI,Q16637,compound,protein,1
6610326,CPI,Q9BUB5,compound,protein,0
6610344,CPI,P13569,compound,protein,1
6610344,CPI,Q08462,compound,protein,1
6610344,CPI,Q9UGI6,compound,protein,1
6610344,CPI,Q6PHR2,compound,protein,0
6610350,CPI,P48729,compound,protein,1
6610353,CPI,P06239,compound,protein,1
6610353,CPI,P11229,compound,protein,1
6610353,CPI,Q05655,compound,protein,1
6610355,CPI,Q00975,compound,protein,0
6610355,CPI,P07900,compound,protein,0
661907,CPI,P08908,compound,protein,0
663459,CPI,P29322,compound,protein,0
663872,CPI,Q5VT25,compound,protein,0
66414,CPI,Q13873,compound,protein,0
665449,CPI,P10636,compound,protein,1
665449,CPI,P28222,compound,protein,0
665449,CPI,Q9H2K8,compound,protein,0
66577038,CPI,P11362,compound,protein,1
66577038,CPI,P17948,compound,protein,1
666267,CPI,P04637,compound,protein,1
667468,CPI,P30411,compound,protein,1
667468,CPI,P30518,compound,protein,1
667468,CPI,Q14432,compound,protein,1
667468,CPI,P02545,compound,protein,0
667468,CPI,P45983,compound,protein,0
667476,CPI,P21397,compound,protein,1
667477,CPI,P25100,compound,protein,1
667477,CPI,P35367,compound,protein,1
667477,CPI,P45983,compound,protein,0
667484,CPI,Q9HC98,compound,protein,0
667484,CPI,Q02763,compound,protein,0
667511,CPI,P23975,compound,protein,1
667511,CPI,P51451,compound,protein,0
667601,CPI,P04626,compound,protein,1
66931399,CPI,P08588,compound,protein,0
66931399,CPI,P32238,compound,protein,0
66931399,CPI,P16234,compound,protein,0
67077825,CPI,P30518,compound,protein,0
6708636,CPI,P06746,compound,protein,0
6708716,CPI,O95819,compound,protein,0
6708720,CPI,P49798,compound,protein,0
6708815,CPI,P45983,compound,protein,0
6708815,CPI,P10253,compound,protein,0
6708815,CPI,Q13043,compound,protein,0
6710654,CPI,Q9NWZ3,compound,protein,0
6710658,CPI,Q92731,compound,protein,1
6710733,CPI,Q13546,compound,protein,0
6713942,CPI,P05129,compound,protein,0
6713947,CPI,P05771,compound,protein,0
6713958,CPI,O15111,compound,protein,0
6714003,CPI,P10275,compound,protein,1
6714010,CPI,P49336,compound,protein,0
672296,CPI,P41595,compound,protein,0
673465,CPI,Q99759,compound,protein,0
676292,CPI,P39086,compound,protein,0
6769,CPI,Q96KQ7,compound,protein,1
680501,CPI,Q16659,compound,protein,0
681,CPI,P27695,compound,protein,1
681,CPI,P16591,compound,protein,0
68186,CPI,P08588,compound,protein,1
68296,CPI,Q9NUW8,compound,protein,1
6852167,CPI,P28222,compound,protein,0
6852378,CPI,P13674,compound,protein,1
6857685,CPI,P41968,compound,protein,0
6857685,CPI,Q9UF33,compound,protein,0
6857791,CPI,Q16637,compound,protein,1
6857791,CPI,P34969,compound,protein,0
6857791,CPI,P41595,compound,protein,0
68617,CPI,P23975,compound,protein,1
68617,CPI,P35372,compound,protein,1
68617,CPI,Q7RTT9,compound,protein,1
68617,CPI,P04278,compound,protein,0
68740,CPI,Q06710,compound,protein,0
68740,CPI,P53667,compound,protein,0
6875617,CPI,Q05655,compound,protein,0
68770,CPI,P08588,compound,protein,1
68770,CPI,P34913,compound,protein,1
68802,CPI,P29322,compound,protein,0
688020,CPI,P14416,compound,protein,1
688020,CPI,P30556,compound,protein,1
688020,CPI,P46098,compound,protein,1
688020,CPI,P48736,compound,protein,0
688020,CPI,P22455,compound,protein,0
688020,CPI,P57058,compound,protein,0
688020,CPI,P21127,compound,protein,0
688020,CPI,Q16539,compound,protein,0
688020,CPI,P54753,compound,protein,0
68827,CPI,O94782,compound,protein,1
68827,CPI,P27695,compound,protein,1
68827,CPI,Q9NUW8,compound,protein,1
688272,CPI,P11229,compound,protein,1
688272,CPI,P21917,compound,protein,1
688272,CPI,Q06187,compound,protein,0
68848,CPI,P14616,compound,protein,0
68870,CPI,Q13547,compound,protein,0
689043,CPI,P23280,compound,protein,1
689043,CPI,Q16790,compound,protein,1
689043,CPI,P23219,compound,protein,0
689043,CPI,P20309,compound,protein,0
68909,CPI,O75469,compound,protein,1
68909,CPI,P18089,compound,protein,0
6914657,CPI,P10636,compound,protein,0
6916127,CPI,P32239,compound,protein,0
6918155,CPI,P30411,compound,protein,1
6918155,CPI,Q8IW41,compound,protein,0
6918305,CPI,Q8N1C3,compound,protein,1
6918305,CPI,P57059,compound,protein,0
6918314,CPI,P10635,compound,protein,0
6918453,CPI,P10632,compound,protein,0
6918454,CPI,O96017,compound,protein,1
6918454,CPI,P29317,compound,protein,1
6918454,CPI,P45983,compound,protein,1
6918454,CPI,P45984,compound,protein,1
6918454,CPI,P50613,compound,protein,1
6918454,CPI,P80192,compound,protein,1
6918454,CPI,Q13188,compound,protein,1
6918454,CPI,Q13557,compound,protein,1
6918454,CPI,Q14680,compound,protein,1
6918454,CPI,Q8IYT8,compound,protein,1
6918454,CPI,Q9H2X6,compound,protein,1
6918454,CPI,P30518,compound,protein,0
6918454,CPI,P00352,compound,protein,0
6918454,CPI,P13945,compound,protein,0
6918454,CPI,P33261,compound,protein,0
6918454,CPI,P06493,compound,protein,0
6918454,CPI,P30556,compound,protein,0
6918454,CPI,O15118,compound,protein,0
6918454,CPI,P20309,compound,protein,0
6918454,CPI,P07900,compound,protein,0
6918456,CPI,P42574,compound,protein,0
6918508,CPI,Q13470,compound,protein,0
6918537,CPI,P08912,compound,protein,1
6918537,CPI,P34969,compound,protein,1
6918537,CPI,P23219,compound,protein,0
6918540,CPI,P16234,compound,protein,0
6918540,CPI,P08172,compound,protein,0
6918638,CPI,P09960,compound,protein,1
6918638,CPI,Q07002,compound,protein,0
6918670,CPI,P11229,compound,protein,0
6918736,CPI,P32238,compound,protein,0
6918837,CPI,Q9UQL6,compound,protein,1
6918837,CPI,Q9UEW8,compound,protein,0
6918852,CPI,O43293,compound,protein,1
6918852,CPI,O75582,compound,protein,1
6918852,CPI,P07949,compound,protein,1
6918852,CPI,P21860,compound,protein,1
6918852,CPI,P43405,compound,protein,1
6918852,CPI,P49840,compound,protein,1
6918852,CPI,Q06418,compound,protein,1
6918852,CPI,Q59H18,compound,protein,1
6918852,CPI,Q6ZN16,compound,protein,1
6918852,CPI,Q86Z02,compound,protein,1
6918852,CPI,Q8N752,compound,protein,1
6918852,CPI,Q8TDR2,compound,protein,1
6918852,CPI,Q9H422,compound,protein,1
6918852,CPI,Q9P1W9,compound,protein,1
6918852,CPI,Q9Y6R4,compound,protein,1
6918852,CPI,P04637,compound,protein,0
6918852,CPI,Q16236,compound,protein,0
6918852,CPI,P00352,compound,protein,0
695345,CPI,P27695,compound,protein,0
6976314,CPI,P07900,compound,protein,0
7029,CPI,P21397,compound,protein,1
7029,CPI,P28223,compound,protein,1
7029,CPI,Q13523,compound,protein,0
704473,CPI,P14616,compound,protein,0
7048624,CPI,O43293,compound,protein,0
7048624,CPI,Q12866,compound,protein,0
7048664,CPI,Q9P1W9,compound,protein,0
7048709,CPI,P10275,compound,protein,1
70547,CPI,P80192,compound,protein,0
7059423,CPI,P54619,compound,protein,0
7059505,CPI,P18089,compound,protein,1
7067797,CPI,O95718,compound,protein,1
7067797,CPI,P04150,compound,protein,1
7082,CPI,Q9HBY0,compound,protein,1
7083563,CPI,O60674,compound,protein,0
7092664,CPI,P10275,compound,protein,1
7108,CPI,P21397,compound,protein,1
7108,CPI,P35354,compound,protein,1
710962,CPI,P49841,compound,protein,1
71157,CPI,Q9NUW8,compound,protein,0
71158,CPI,P19525,compound,protein,0
71158,CPI,Q8NE63,compound,protein,0
71158,CPI,P16234,compound,protein,0
71203,CPI,P20309,compound,protein,1
71203,CPI,Q9NWZ3,compound,protein,0
71226662,CPI,P06241,compound,protein,1
71277,CPI,Q16850,compound,protein,1
71277,CPI,Q8TBX8,compound,protein,0
71310,CPI,P08588,compound,protein,0
71311933,CPI,P34947,compound,protein,0
71317558,CPI,Q13936,compound,protein,1
71329,CPI,P35499,compound,protein,0
71329,CPI,Q14012,compound,protein,0
71329,CPI,Q9BRS2,compound,protein,0
71360,CPI,P37023,compound,protein,0
71360,CPI,Q99759,compound,protein,0
71360,CPI,Q06187,compound,protein,0
71496458,CPI,P51451,compound,protein,0
715454,CPI,P10696,compound,protein,1
715454,CPI,Q96KQ7,compound,protein,1
715698,CPI,P08172,compound,protein,0
71714682,CPI,P45985,compound,protein,0
71714682,CPI,Q9H2G2,compound,protein,0
7172,CPI,P04062,compound,protein,0
7172,CPI,P25929,compound,protein,0
71760892,CPI,P08069,compound,protein,1
71768304,CPI,Q9HBY8,compound,protein,0
71771,CPI,P53671,compound,protein,0
717880,CPI,P37840,compound,protein,1
717880,CPI,Q9NRH2,compound,protein,0
72016,CPI,O75116,compound,protein,0
72124,CPI,P15502,compound,protein,0
72172,CPI,Q96BR1,compound,protein,0
7217942,CPI,Q08499,compound,protein,0
7217946,CPI,O94925,compound,protein,0
7217947,CPI,P25103,compound,protein,0
72199292,CPI,O43318,compound,protein,0
72199293,CPI,Q92800,compound,protein,1
72199293,CPI,Q14978,compound,protein,0
72281,CPI,P10635,compound,protein,1
72281,CPI,P30556,compound,protein,1
72281,CPI,P16083,compound,protein,0
72281,CPI,P53667,compound,protein,0
72281,CPI,Q9NRH2,compound,protein,0
72326,CPI,O76074,compound,protein,0
72344,CPI,Q96KQ7,compound,protein,1
72385,CPI,P08173,compound,protein,0
727137,CPI,Q9Y243,compound,protein,0
727137,CPI,P02545,compound,protein,0
72836888,CPI,P28482,compound,protein,0
73265211,CPI,O94782,compound,protein,0
7333,CPI,P32239,compound,protein,0
73417326,CPI,P20309,compound,protein,1
73440752,CPI,Q92630,compound,protein,0
73440795,CPI,P23975,compound,protein,0
73442743,CPI,Q15910,compound,protein,1
73453,CPI,P21731,compound,protein,0
736269,CPI,P55789,compound,protein,1
736269,CPI,P21731,compound,protein,0
73707340,CPI,P08908,compound,protein,0
73707352,CPI,P35354,compound,protein,0
73707356,CPI,P35354,compound,protein,0
73707356,CPI,P29317,compound,protein,0
73707358,CPI,P51813,compound,protein,0
73707372,CPI,P04049,compound,protein,1
73707372,CPI,Q99700,compound,protein,0
73707374,CPI,P62942,compound,protein,1
73707384,CPI,P07900,compound,protein,1
73707390,CPI,Q9Y5N1,compound,protein,0
73707390,CPI,Q8NI60,compound,protein,0
73707415,CPI,P04150,compound,protein,1
73707417,CPI,P49327,compound,protein,0
73707429,CPI,Q13627,compound,protein,0
73707430,CPI,P30968,compound,protein,1
73707445,CPI,O00555,compound,protein,1
73707445,CPI,P07332,compound,protein,0
73707445,CPI,Q14004,compound,protein,0
73707445,CPI,O94806,compound,protein,0
73707449,CPI,P83916,compound,protein,0
73707455,CPI,Q8NEV4,compound,protein,0
73707456,CPI,P10275,compound,protein,1
73707459,CPI,O75164,compound,protein,0
73707466,CPI,P14415,compound,protein,1
73707467,CPI,Q16539,compound,protein,0
73707473,CPI,P08684,compound,protein,0
73707474,CPI,P21918,compound,protein,1
73707474,CPI,P23975,compound,protein,0
73707474,CPI,Q16659,compound,protein,0
73707479,CPI,P08684,compound,protein,0
73707489,CPI,Q86V86,compound,protein,0
73707492,CPI,Q8NEB9,compound,protein,0
73707493,CPI,P08172,compound,protein,1
73707498,CPI,Q9UM07,compound,protein,1
73707506,CPI,P21917,compound,protein,1
73707506,CPI,O60285,compound,protein,0
73707507,CPI,P34969,compound,protein,0
73707513,CPI,Q05397,compound,protein,0
73707513,CPI,P25021,compound,protein,0
73707526,CPI,P24941,compound,protein,0
73707530,CPI,P49760,compound,protein,1
73707530,CPI,P51813,compound,protein,1
73707530,CPI,P52333,compound,protein,1
73707530,CPI,Q00532,compound,protein,0
73707536,CPI,P35372,compound,protein,0
73707544,CPI,P14867,compound,protein,0
73707586,CPI,P34969,compound,protein,1
73707586,CPI,O00329,compound,protein,0
73707586,CPI,Q16665,compound,protein,0
73707587,CPI,O94806,compound,protein,0
73707616,CPI,P04150,compound,protein,1
753,CPI,Q13148,compound,protein,0
75919,CPI,P21554,compound,protein,0
76285486,CPI,Q9H9B1,compound,protein,1
7638,CPI,Q15746,compound,protein,0
7699,CPI,P21397,compound,protein,1
7699,CPI,P21731,compound,protein,1
7699,CPI,P41595,compound,protein,1
7708820,CPI,Q99640,compound,protein,0
774,CPI,Q05940,compound,protein,1
7741,CPI,P41145,compound,protein,1
7741,CPI,Q9H2K8,compound,protein,0
7741,CPI,P08069,compound,protein,0
7741,CPI,Q9NYY3,compound,protein,0
7741,CPI,Q02750,compound,protein,0
77918,CPI,P11308,compound,protein,1
77918,CPI,P29372,compound,protein,0
781660,CPI,P41595,compound,protein,0
78357780,CPI,O14578,compound,protein,0
78428958,CPI,Q9UGI6,compound,protein,1
78428958,CPI,O00238,compound,protein,0
790,CPI,P21554,compound,protein,0
800048,CPI,P53350,compound,protein,1
800048,CPI,Q9NR96,compound,protein,1
8056641,CPI,P21917,compound,protein,0
8197,CPI,Q9NUW8,compound,protein,1
82146,CPI,P55055,compound,protein,1
82146,CPI,Q9NUW8,compound,protein,1
82146,CPI,Q9UNQ0,compound,protein,0
82148,CPI,P25021,compound,protein,1
8226,CPI,P10636,compound,protein,1
824226,CPI,Q12809,compound,protein,0
8378,CPI,P27361,compound,protein,0
8378,CPI,P41743,compound,protein,0
838,CPI,P36888,compound,protein,0
8400,CPI,P42336,compound,protein,0
8421,CPI,P10635,compound,protein,0
843289,CPI,Q13148,compound,protein,0
8512230,CPI,Q9NRH2,compound,protein,0
8512230,CPI,Q8WTQ7,compound,protein,0
854019,CPI,P11509,compound,protein,0
854019,CPI,P33261,compound,protein,0
8550,CPI,P12821,compound,protein,1
8550,CPI,P18089,compound,protein,1
8550,CPI,P41595,compound,protein,1
8569,CPI,P04278,compound,protein,1
8593,CPI,P34969,compound,protein,0
861,CPI,P09619,compound,protein,0
8616,CPI,P84022,compound,protein,1
89594,CPI,P05177,compound,protein,0
896,CPI,P16083,compound,protein,1
896,CPI,Q9UEW8,compound,protein,0
8969,CPI,P28223,compound,protein,1
8969,CPI,O14757,compound,protein,0
8969,CPI,Q9H0K1,compound,protein,0
8974,CPI,P29274,compound,protein,1
8975,CPI,P49841,compound,protein,0
8975,CPI,P14416,compound,protein,0
8997,CPI,Q5S007,compound,protein,0
90488984,CPI,P28335,compound,protein,0
906542,CPI,P54132,compound,protein,1
91192474,CPI,O14815,compound,protein,0
91270,CPI,P12821,compound,protein,1
91469,CPI,Q15139,compound,protein,0
91486,CPI,P36897,compound,protein,0
91536,CPI,Q16665,compound,protein,0
91610,CPI,P55055,compound,protein,1
91654625,CPI,P45983,compound,protein,0
91668,CPI,P21731,compound,protein,1
91668541,CPI,P62736,compound,protein,0
92400,CPI,P43681,compound,protein,1
92409,CPI,P51451,compound,protein,0
92727,CPI,P08908,compound,protein,1
92727,CPI,P23975,compound,protein,1
92766,CPI,P10635,compound,protein,1
92859,CPI,P28702,compound,protein,0
92974,CPI,P49759,compound,protein,0
92974,CPI,Q9P289,compound,protein,0
9305,CPI,Q96KQ7,compound,protein,1
932,CPI,P22694,compound,protein,0
9330,CPI,Q86Y07,compound,protein,0
936,CPI,P16591,compound,protein,0
936,CPI,Q16288,compound,protein,0
941361,CPI,P28223,compound,protein,1
9417,CPI,Q86V86,compound,protein,0
94175,CPI,Q9H2G2,compound,protein,0
94175,CPI,P08912,compound,protein,0
9429,CPI,P11229,compound,protein,1
9444,CPI,P07550,compound,protein,1
9444,CPI,P10145,compound,protein,1
9444,CPI,P14416,compound,protein,1
9444,CPI,P18089,compound,protein,1
9444,CPI,P28223,compound,protein,1
9444,CPI,P30518,compound,protein,1
9444,CPI,Q9UHD2,compound,protein,0
9444,CPI,Q13555,compound,protein,0
9458,CPI,P25103,compound,protein,0
9458,CPI,Q9H093,compound,protein,0
9547215,CPI,P10275,compound,protein,1
9551230,CPI,P42345,compound,protein,0
9583102,CPI,P01215,compound,protein,1
9600409,CPI,O75469,compound,protein,1
9601084,CPI,Q14432,compound,protein,0
9604993,CPI,P31751,compound,protein,0
9604993,CPI,Q59H18,compound,protein,0
9651,CPI,P35367,compound,protein,0
9675990,CPI,Q96KQ7,compound,protein,1
9681,CPI,O43193,compound,protein,1
9681,CPI,P30939,compound,protein,1
9681,CPI,Q92630,compound,protein,0
9681,CPI,P54760,compound,protein,0
9687,CPI,P25021,compound,protein,1
9687,CPI,Q96BR1,compound,protein,0
9690109,CPI,O95835,compound,protein,0
96946,CPI,P05106,compound,protein,0
969472,CPI,O14764,compound,protein,1
969472,CPI,P78334,compound,protein,1
969516,CPI,Q16790,compound,protein,1
969516,CPI,Q9NRH2,compound,protein,0
9782,CPI,Q16236,compound,protein,1
9795867,CPI,P48736,compound,protein,0
9804992,CPI,P04278,compound,protein,0
9805390,CPI,P32745,compound,protein,1
9806229,CPI,Q06418,compound,protein,0
9810884,CPI,Q9Y2K2,compound,protein,1
9810884,CPI,P37023,compound,protein,0
9813758,CPI,O14578,compound,protein,1
9813758,CPI,O75747,compound,protein,1
9813758,CPI,P17948,compound,protein,1
9813758,CPI,P28482,compound,protein,1
9813758,CPI,P36894,compound,protein,1
9813758,CPI,P37173,compound,protein,1
9813758,CPI,P51957,compound,protein,1
9813758,CPI,P54762,compound,protein,1
9813758,CPI,Q2M2I8,compound,protein,1
9813758,CPI,Q8NEV4,compound,protein,1
9813758,CPI,Q8TD08,compound,protein,1
9813758,CPI,Q9BZL6,compound,protein,1
9813758,CPI,Q9Y243,compound,protein,1
9813758,CPI,P84022,compound,protein,0
9813758,CPI,P41968,compound,protein,0
9813758,CPI,P10828,compound,protein,0
9813758,CPI,Q16665,compound,protein,0
9813758,CPI,P47898,compound,protein,0
9813758,CPI,P25929,compound,protein,0
9813758,CPI,P04637,compound,protein,0
9813758,CPI,P54803,compound,protein,0
9813758,CPI,Q96QE3,compound,protein,0
9818682,CPI,P13497,compound,protein,1
9819927,CPI,P48736,compound,protein,0
9820008,CPI,P49674,compound,protein,0
9820766,CPI,P25929,compound,protein,1
9820766,CPI,Q9BX84,compound,protein,0
9821459,CPI,P08172,compound,protein,1
9821459,CPI,O75164,compound,protein,0
9821459,CPI,Q15208,compound,protein,0
9823820,CPI,Q13163,compound,protein,1
9823820,CPI,O75496,compound,protein,0
9828911,CPI,Q52WX2,compound,protein,0
9829523,CPI,P06239,compound,protein,1
9829523,CPI,P29322,compound,protein,1
9829523,CPI,P80370,compound,protein,1
9829523,CPI,Q04759,compound,protein,1
9829523,CPI,Q07912,compound,protein,1
9829523,CPI,Q08345,compound,protein,1
9829523,CPI,Q08881,compound,protein,1
9829523,CPI,Q13131,compound,protein,1
9829523,CPI,Q16539,compound,protein,1
9829523,CPI,Q16566,compound,protein,1
9829523,CPI,Q9BX84,compound,protein,1
9829523,CPI,Q9Y463,compound,protein,1
9829523,CPI,P25103,compound,protein,0
9840076,CPI,Q13163,compound,protein,0
9841596,CPI,Q9NUW8,compound,protein,0
984333,CPI,Q92959,compound,protein,0
9847023,CPI,Q7KZI7,compound,protein,0
9853053,CPI,P04049,compound,protein,0
9858940,CPI,Q16539,compound,protein,1
9858940,CPI,P62508,compound,protein,0
9863367,CPI,O96017,compound,protein,1
9863367,CPI,P28482,compound,protein,1
9863367,CPI,P36507,compound,protein,1
9863367,CPI,P49760,compound,protein,1
9863367,CPI,Q13153,compound,protein,1
9863367,CPI,Q13237,compound,protein,1
9863367,CPI,Q14289,compound,protein,1
9863367,CPI,P54132,compound,protein,0
9863367,CPI,P00918,compound,protein,0
9863367,CPI,Q16816,compound,protein,0
9863367,CPI,Q9UEW8,compound,protein,0
9865515,CPI,Q96DB2,compound,protein,1
9865515,CPI,Q9BY41,compound,protein,1
9865554,CPI,O95342,compound,protein,1
9865652,CPI,P07949,compound,protein,0
9867642,CPI,P27815,compound,protein,1
9872438,CPI,P19525,compound,protein,0
9872438,CPI,P45983,compound,protein,0
9874913,CPI,O14757,compound,protein,1
9874913,CPI,O75582,compound,protein,1
9874913,CPI,P52564,compound,protein,1
9874913,CPI,P53350,compound,protein,1
9874913,CPI,P53667,compound,protein,1
9874913,CPI,P54753,compound,protein,1
9874913,CPI,Q96SB4,compound,protein,1
9874913,CPI,Q9UKI8,compound,protein,1
9874913,CPI,P42338,compound,protein,0
9874913,CPI,Q16236,compound,protein,0
9874913,CPI,P32239,compound,protein,0
9874913,CPI,P32238,compound,protein,0
9874913,CPI,P30518,compound,protein,0
9874913,CPI,P37840,compound,protein,0
9874913,CPI,Q99700,compound,protein,0
9874913,CPI,O14733,compound,protein,0
9874913,CPI,P28335,compound,protein,0
9874913,CPI,P21917,compound,protein,0
9874913,CPI,P10635,compound,protein,0
9882979,CPI,O00506,compound,protein,0
9883029,CPI,P05093,compound,protein,1
9887537,CPI,P27448,compound,protein,0
9888030,CPI,Q14004,compound,protein,0
98889,CPI,Q32MK0,compound,protein,0
9891901,CPI,P08908,compound,protein,1
9891901,CPI,P21917,compound,protein,1
9893924,CPI,P11229,compound,protein,1
9904854,CPI,Q15858,compound,protein,0
9905190,CPI,P00352,compound,protein,1
9907093,CPI,P13945,compound,protein,0
9909648,CPI,P35367,compound,protein,0
9910224,CPI,O14936,compound,protein,0
9910486,CPI,Q96PY6,compound,protein,0
9914412,CPI,P29376,compound,protein,1
9914412,CPI,Q02750,compound,protein,1
9914412,CPI,Q04912,compound,protein,1
9914412,CPI,Q13131,compound,protein,1
9914412,CPI,O75676,compound,protein,0
9914412,CPI,Q15746,compound,protein,0
9914412,CPI,P33261,compound,protein,0
9915743,CPI,O14976,compound,protein,1
9915743,CPI,P07550,compound,protein,1
9915743,CPI,P11229,compound,protein,1
9915743,CPI,P14416,compound,protein,1
9915743,CPI,P14616,compound,protein,1
9915743,CPI,P25021,compound,protein,1
9915743,CPI,P27361,compound,protein,1
9915743,CPI,P36894,compound,protein,1
9915743,CPI,P51957,compound,protein,1
9915743,CPI,P54764,compound,protein,1
9915743,CPI,P57058,compound,protein,1
9915743,CPI,Q13131,compound,protein,1
9915743,CPI,Q16288,compound,protein,1
9915743,CPI,Q8WU08,compound,protein,1
9915743,CPI,Q9NQU5,compound,protein,1
9915743,CPI,Q9UBT6,compound,protein,0
9915743,CPI,P34969,compound,protein,0
9915886,CPI,P78334,compound,protein,1
9917079,CPI,P25103,compound,protein,1
9918,CPI,P10635,compound,protein,1
992,CPI,O95398,compound,protein,0
9926048,CPI,Q14289,compound,protein,0
9926791,CPI,O75116,compound,protein,1
9926791,CPI,O75747,compound,protein,1
9926791,CPI,O95747,compound,protein,1
9926791,CPI,O96017,compound,protein,1
9926791,CPI,P04049,compound,protein,1
9926791,CPI,P19525,compound,protein,1
9926791,CPI,P46098,compound,protein,1
9926791,CPI,Q02763,compound,protein,1
9926791,CPI,Q04912,compound,protein,1
9926791,CPI,Q13131,compound,protein,1
9926791,CPI,Q13554,compound,protein,1
9926791,CPI,Q15139,compound,protein,1
9926791,CPI,Q16512,compound,protein,1
9926791,CPI,Q8NG66,compound,protein,1
9926791,CPI,Q8TD19,compound,protein,1
9926791,CPI,Q96BR1,compound,protein,1
9926791,CPI,Q99640,compound,protein,1
9926791,CPI,Q9BYT3,compound,protein,1
9926791,CPI,P27695,compound,protein,0
9926832,CPI,Q15349,compound,protein,0
9927531,CPI,P34969,compound,protein,0
9930049,CPI,Q9NXB9,compound,protein,0
9930049,CPI,O43193,compound,protein,0
9930049,CPI,P07947,compound,protein,0
9930049,CPI,P05106,compound,protein,0
9931891,CPI,O94806,compound,protein,0
9931954,CPI,P09874,compound,protein,1
9931954,CPI,P35367,compound,protein,1
9931954,CPI,P49137,compound,protein,1
9931954,CPI,Q16644,compound,protein,1
9931954,CPI,Q9BZL6,compound,protein,1
9931954,CPI,Q9NR20,compound,protein,1
9931954,CPI,Q9Y6F1,compound,protein,1
9933475,CPI,O00418,compound,protein,1
9933475,CPI,O00750,compound,protein,1
9933475,CPI,P06213,compound,protein,1
9933475,CPI,P07332,compound,protein,1
9933475,CPI,P08631,compound,protein,1
9933475,CPI,P0C1S8,compound,protein,1
9933475,CPI,P27448,compound,protein,1
9933475,CPI,P32298,compound,protein,1
9933475,CPI,P52564,compound,protein,1
9933475,CPI,P78362,compound,protein,1
9933475,CPI,Q13043,compound,protein,1
9933475,CPI,Q15418,compound,protein,1
9933475,CPI,Q15831,compound,protein,1
9933475,CPI,Q16513,compound,protein,1
9933475,CPI,Q59H18,compound,protein,1
9933475,CPI,Q8NE63,compound,protein,1
9933475,CPI,Q9NQU5,compound,protein,1
9933475,CPI,P08912,compound,protein,0
9933475,CPI,P41968,compound,protein,0
9933475,CPI,P20309,compound,protein,0
9933475,CPI,Q9Y5N1,compound,protein,0
9933475,CPI,Q16665,compound,protein,0
9933475,CPI,P22748,compound,protein,0
9933475,CPI,Q16236,compound,protein,0
9934347,CPI,P06239,compound,protein,1
9934347,CPI,Q02750,compound,protein,1
9934347,CPI,Q9NYL2,compound,protein,1
9934347,CPI,Q9P1W9,compound,protein,1
9934347,CPI,Q8TD08,compound,protein,0
9934347,CPI,P11229,compound,protein,0
9934347,CPI,Q8WTQ7,compound,protein,0
9934347,CPI,Q9BYT3,compound,protein,0
9934347,CPI,Q08499,compound,protein,0
9934347,CPI,Q96PY6,compound,protein,0
9934347,CPI,P54753,compound,protein,0
9934458,CPI,P10828,compound,protein,1
9935249,CPI,Q9H3Y6,compound,protein,0
9935681,CPI,P13612,compound,protein,1
9938840,CPI,Q96BR1,compound,protein,0
9949641,CPI,Q14232,compound,protein,1
9952709,CPI,Q13163,compound,protein,0
9953599,CPI,Q16236,compound,protein,0
9956119,CPI,O00418,compound,protein,1
9956119,CPI,O14757,compound,protein,1
9956119,CPI,O60674,compound,protein,1
9956119,CPI,O95819,compound,protein,1
9956119,CPI,P48729,compound,protein,1
9956119,CPI,P51955,compound,protein,1
9956119,CPI,Q05397,compound,protein,1
9956119,CPI,Q16513,compound,protein,1
9956119,CPI,Q9HBH9,compound,protein,1
9956119,CPI,P04150,compound,protein,0
9967941,CPI,P42345,compound,protein,1
