head,relation,tail,head_type,tail_type,label
10000456,CPI,O00754,compound,protein,0
10000456,CPI,P25100,compound,protein,0
10026128,CPI,P06733,compound,protein,0
10026128,CPI,P06702,compound,protein,0
10029385,CPI,Q14012,compound,protein,1
10029385,CPI,Q8TDC3,compound,protein,1
10029385,CPI,A0AVT1,compound,protein,0
10029385,CPI,P31327,compound,protein,0
10029385,CPI,Q9HBW0,compound,protein,0
100526,CPI,O00444,compound,protein,0
10071166,CPI,P43004,compound,protein,1
10071166,CPI,O75385,compound,protein,0
10071196,CPI,Q99720,compound,protein,1
10074640,CPI,O14936,compound,protein,1
10074640,CPI,O60331,compound,protein,1
10074640,CPI,O95747,compound,protein,1
10074640,CPI,O96013,compound,protein,1
10074640,CPI,P22607,compound,protein,1
10074640,CPI,P23458,compound,protein,1
10074640,CPI,P27361,compound,protein,1
10074640,CPI,P42685,compound,protein,1
10074640,CPI,P49759,compound,protein,1
10074640,CPI,Q04912,compound,protein,1
10074640,CPI,Q9UPE1,compound,protein,1
10074640,CPI,Q9UQB9,compound,protein,1
10074640,CPI,Q9Y6M4,compound,protein,1
10074640,CPI,Q16613,compound,protein,0
10074640,CPI,P05198,compound,protein,0
10074640,CPI,O00429,compound,protein,0
10074640,CPI,P17174,compound,protein,0
10074640,CPI,P23921,compound,protein,0
10074640,CPI,P09669,compound,protein,0
10074640,CPI,P01303,compound,protein,0
10074640,CPI,Q6ZMT4,compound,protein,0
10074640,CPI,P55201,compound,protein,0
10077130,CPI,O95342,compound,protein,1
10077130,CPI,P31645,compound,protein,1
10077130,CPI,Q9Y5N1,compound,protein,1
10077147,CPI,Q12879,compound,protein,0
1007755,CPI,Q9NYY3,compound,protein,0
10090485,CPI,P01137,compound,protein,1
10090485,CPI,Q8TBC4,compound,protein,0
10090485,CPI,Q9Y5L3,compound,protein,0
10096344,CPI,P08588,compound,protein,1
10096344,CPI,P28223,compound,protein,1
10099206,CPI,P23975,compound,protein,0
10099206,CPI,P78368,compound,protein,0
10113978,CPI,O15075,compound,protein,1
10113978,CPI,O75116,compound,protein,1
10113978,CPI,P23443,compound,protein,1
10113978,CPI,P27037,compound,protein,1
10113978,CPI,P27448,compound,protein,1
10113978,CPI,P43405,compound,protein,1
10113978,CPI,P57058,compound,protein,1
10113978,CPI,Q86UX6,compound,protein,1
10113978,CPI,Q8IW41,compound,protein,1
10113978,CPI,Q96L34,compound,protein,1
10113978,CPI,Q9H0K1,compound,protein,1
10113978,CPI,Q9H4B4,compound,protein,1
10113978,CPI,Q9UQ88,compound,protein,1
10113978,CPI,Q9Y2K2,compound,protein,1
10113978,CPI,P27544,compound,protein,0
10113978,CPI,P29144,compound,protein,0
10113978,CPI,Q16706,compound,protein,0
10113978,CPI,P49961,compound,protein,0
10113978,CPI,Q9UBK8,compound,protein,0
10113978,CPI,P50570,compound,protein,0
10113978,CPI,P10092,compound,protein,0
10113978,CPI,Q13422,compound,protein,0
10113978,CPI,P20701,compound,protein,0
10113978,CPI,P62736,compound,protein,0
10113978,CPI,P17931,compound,protein,0
10113978,CPI,Q9UHL4,compound,protein,0
10113978,CPI,P56385,compound,protein,0
10117987,CPI,P29274,compound,protein,1
10117987,CPI,Q2M2I8,compound,protein,0
10127622,CPI,O75716,compound,protein,1
10127622,CPI,P00533,compound,protein,1
10127622,CPI,P06241,compound,protein,1
10127622,CPI,P31152,compound,protein,1
10127622,CPI,P35367,compound,protein,1
10127622,CPI,P36507,compound,protein,1
10127622,CPI,P45985,compound,protein,1
10127622,CPI,P54753,compound,protein,1
10127622,CPI,Q02750,compound,protein,1
10127622,CPI,Q15759,compound,protein,1
10127622,CPI,Q8IVH8,compound,protein,1
10127622,CPI,Q96NX5,compound,protein,1
10127622,CPI,Q9C098,compound,protein,1
10127622,CPI,Q9UK32,compound,protein,1
10127622,CPI,Q9Y6M4,compound,protein,1
10127622,CPI,Q01543,compound,protein,0
10127622,CPI,P19835,compound,protein,0
10127622,CPI,Q15843,compound,protein,0
10127622,CPI,P45974,compound,protein,0
10127622,CPI,P22033,compound,protein,0
10127622,CPI,Q13564,compound,protein,0
10127622,CPI,Q8N543,compound,protein,0
10127622,CPI,O14818,compound,protein,0
10127622,CPI,O00401,compound,protein,0
10127622,CPI,Q14697,compound,protein,0
10127622,CPI,Q8N5Z0,compound,protein,0
10127622,CPI,Q9UNX3,compound,protein,0
10133,CPI,P84022,compound,protein,0
10133297,CPI,Q9P2K8,compound,protein,0
10135759,CPI,P25100,compound,protein,0
101616,CPI,P14416,compound,protein,0
10171544,CPI,P36888,compound,protein,0
10172943,CPI,Q16236,compound,protein,1
10173949,CPI,P23975,compound,protein,0
10184653,CPI,P35968,compound,protein,1
10184653,CPI,P51956,compound,protein,1
10184653,CPI,P54646,compound,protein,1
10184653,CPI,Q12852,compound,protein,1
10184653,CPI,Q13163,compound,protein,1
10184653,CPI,Q8N4C8,compound,protein,1
10184653,CPI,Q99640,compound,protein,1
10184653,CPI,Q9UKE5,compound,protein,1
10184653,CPI,Q9Y616,compound,protein,1
10184653,CPI,Q9NYW6,compound,protein,0
10184653,CPI,P02675,compound,protein,0
10184653,CPI,P55011,compound,protein,0
10184653,CPI,P51580,compound,protein,0
10184653,CPI,P10606,compound,protein,0
10184653,CPI,P40926,compound,protein,0
10184653,CPI,Q9Y5K3,compound,protein,0
10184653,CPI,Q9NYB5,compound,protein,0
10184653,CPI,O15403,compound,protein,0
10184653,CPI,Q9UKX2,compound,protein,0
10184653,CPI,P43487,compound,protein,0
10184653,CPI,P17752,compound,protein,0
10184653,CPI,Q2M3G0,compound,protein,0
101989,CPI,P29144,compound,protein,0
10200390,CPI,O60674,compound,protein,1
10200390,CPI,O96017,compound,protein,1
10200390,CPI,P53778,compound,protein,1
10200390,CPI,Q9H2X6,compound,protein,1
10200390,CPI,Q9Y243,compound,protein,1
10200390,CPI,P06702,compound,protein,0
10200390,CPI,O00754,compound,protein,0
10200390,CPI,O60894,compound,protein,0
10201696,CPI,P32754,compound,protein,0
10202642,CPI,P01137,compound,protein,1
10205,CPI,P08684,compound,protein,1
10205,CPI,P10636,compound,protein,1
10205,CPI,P50570,compound,protein,0
10212,CPI,Q13148,compound,protein,1
10212,CPI,P51659,compound,protein,0
102175,CPI,Q9NUW8,compound,protein,1
10219,CPI,O15439,compound,protein,0
10219,CPI,O15438,compound,protein,0
10219,CPI,O00429,compound,protein,0
10219702,CPI,P00533,compound,protein,0
10223146,CPI,O95977,compound,protein,1
10223146,CPI,P06733,compound,protein,0
10223146,CPI,P03372,compound,protein,0
10235,CPI,Q15822,compound,protein,1
10252734,CPI,P18825,compound,protein,0
10265481,CPI,Q13237,compound,protein,0
10275777,CPI,P00742,compound,protein,1
10275777,CPI,Q8IVH4,compound,protein,0
10275789,CPI,Q15843,compound,protein,0
10275789,CPI,P19022,compound,protein,0
10275789,CPI,O75496,compound,protein,0
10291556,CPI,P35354,compound,protein,1
10291556,CPI,O00754,compound,protein,0
10296883,CPI,C0HM02,compound,protein,1
10296883,CPI,O15264,compound,protein,1
10296883,CPI,P30530,compound,protein,1
10296883,CPI,P42338,compound,protein,1
10296883,CPI,Q04759,compound,protein,1
10296883,CPI,Q13188,compound,protein,1
10296883,CPI,Q16620,compound,protein,1
10296883,CPI,Q5VT25,compound,protein,1
10296883,CPI,Q8N474,compound,protein,0
10296883,CPI,Q9Y570,compound,protein,0
10296883,CPI,P00488,compound,protein,0
10296883,CPI,Q9NPH2,compound,protein,0
10296883,CPI,Q9NZD2,compound,protein,0
10296883,CPI,Q96PD7,compound,protein,0
10296883,CPI,O43868,compound,protein,0
10297043,CPI,Q07912,compound,protein,1
10297043,CPI,Q8N474,compound,protein,0
10302451,CPI,P06241,compound,protein,1
10302451,CPI,Q15119,compound,protein,0
10302451,CPI,P27695,compound,protein,0
10341154,CPI,Q9UBF8,compound,protein,1
10341154,CPI,P33261,compound,protein,0
1036002,CPI,Q99720,compound,protein,0
10365,CPI,P41229,compound,protein,1
10365,CPI,P08684,compound,protein,0
10366136,CPI,Q13418,compound,protein,1
10366136,CPI,Q13557,compound,protein,1
10366136,CPI,Q16584,compound,protein,1
10366136,CPI,Q9NVM4,compound,protein,0
10366136,CPI,P0C869,compound,protein,0
10367662,CPI,Q9UBY5,compound,protein,1
10377751,CPI,Q13627,compound,protein,1
10377751,CPI,P10092,compound,protein,0
10385095,CPI,P04062,compound,protein,0
10410310,CPI,P28223,compound,protein,0
10427712,CPI,O15530,compound,protein,1
10427712,CPI,O60331,compound,protein,1
10427712,CPI,P28482,compound,protein,1
10427712,CPI,P29597,compound,protein,1
10427712,CPI,P35590,compound,protein,1
10427712,CPI,P50613,compound,protein,1
10427712,CPI,P51817,compound,protein,1
10427712,CPI,Q05397,compound,protein,1
10427712,CPI,Q16816,compound,protein,1
10427712,CPI,Q5VT25,compound,protein,1
10427712,CPI,Q86UX6,compound,protein,1
10427712,CPI,Q92918,compound,protein,1
10427712,CPI,Q99640,compound,protein,1
10427712,CPI,Q9C098,compound,protein,1
10427712,CPI,Q9H3Y6,compound,protein,1
10427712,CPI,Q9UBF8,compound,protein,1
10427712,CPI,Q9Y6M4,compound,protein,1
10427712,CPI,P10092,compound,protein,0
10427712,CPI,P36776,compound,protein,0
10427712,CPI,Q96T88,compound,protein,0
10427712,CPI,P59540,compound,protein,0
10427712,CPI,P21673,compound,protein,0
10427712,CPI,Q13255,compound,protein,0
10427712,CPI,P02788,compound,protein,0
10427712,CPI,Q14181,compound,protein,0
10427712,CPI,P07098,compound,protein,0
10427712,CPI,P12724,compound,protein,0
10427712,CPI,Q9NYW3,compound,protein,0
10427712,CPI,P09466,compound,protein,0
10427712,CPI,P04271,compound,protein,0
10427712,CPI,Q10588,compound,protein,0
10427712,CPI,P78417,compound,protein,0
10429242,CPI,P78540,compound,protein,0
10429242,CPI,Q99928,compound,protein,0
10430360,CPI,P16083,compound,protein,1
10430360,CPI,Q9NSY1,compound,protein,1
10430360,CPI,Q9UKE5,compound,protein,1
10430360,CPI,P0C869,compound,protein,0
10436840,CPI,P31751,compound,protein,1
10436840,CPI,O95399,compound,protein,0
10437018,CPI,Q8IZX4,compound,protein,0
10448938,CPI,Q13188,compound,protein,0
10448938,CPI,Q9UBN7,compound,protein,0
10461508,CPI,Q9H4B4,compound,protein,1
10461508,CPI,P41439,compound,protein,0
10461815,CPI,O60285,compound,protein,1
10461815,CPI,O75582,compound,protein,1
10461815,CPI,O75747,compound,protein,1
10461815,CPI,O75914,compound,protein,1
10461815,CPI,P08581,compound,protein,1
10461815,CPI,P11362,compound,protein,1
10461815,CPI,P11802,compound,protein,1
10461815,CPI,P27361,compound,protein,1
10461815,CPI,P41240,compound,protein,1
10461815,CPI,P50613,compound,protein,1
10461815,CPI,Q00537,compound,protein,1
10461815,CPI,Q04771,compound,protein,1
10461815,CPI,Q13873,compound,protein,1
10461815,CPI,Q15759,compound,protein,1
10461815,CPI,Q86YV6,compound,protein,1
10461815,CPI,Q9UL54,compound,protein,1
10461815,CPI,Q12772,compound,protein,0
10461815,CPI,P31040,compound,protein,0
10461815,CPI,P06858,compound,protein,0
10461815,CPI,Q9BV23,compound,protein,0
10461815,CPI,Q13003,compound,protein,0
10461815,CPI,O76054,compound,protein,0
10461815,CPI,P45880,compound,protein,0
10461815,CPI,Q9NR22,compound,protein,0
10461815,CPI,P29033,compound,protein,0
10461815,CPI,Q9Y6T7,compound,protein,0
10461815,CPI,P68363,compound,protein,0
10461815,CPI,P17936,compound,protein,0
10461815,CPI,Q05469,compound,protein,0
104741,CPI,P03372,compound,protein,1
104741,CPI,Q9NUW8,compound,protein,1
10474339,CPI,Q12791,compound,protein,1
104767,CPI,Q93050,compound,protein,0
104842,CPI,O60885,compound,protein,0
104850,CPI,P21452,compound,protein,1
104858,CPI,Q96KQ7,compound,protein,1
104865,CPI,P15884,compound,protein,0
1048845,CPI,P36888,compound,protein,1
105008,CPI,P53609,compound,protein,0
105008,CPI,P08913,compound,protein,0
10531,CPI,P49798,compound,protein,1
10531,CPI,P62136,compound,protein,0
10531,CPI,P26439,compound,protein,0
1054,CPI,P23219,compound,protein,1
10607,CPI,P27815,compound,protein,1
10607,CPI,Q9UBX1,compound,protein,0
10607,CPI,P07741,compound,protein,0
10621,CPI,P40933,compound,protein,0
1065,CPI,Q14524,compound,protein,1
10666,CPI,P29597,compound,protein,0
10687292,CPI,O75496,compound,protein,0
10687292,CPI,Q96KQ7,compound,protein,0
10748,CPI,P11511,compound,protein,1
10748,CPI,Q9ULX7,compound,protein,1
10748,CPI,P00918,compound,protein,0
1075698,CPI,P29218,compound,protein,0
10767,CPI,P80098,compound,protein,0
10767,CPI,Q9HBY8,compound,protein,0
107704,CPI,P18084,compound,protein,0
107704,CPI,Q15722,compound,protein,0
107715,CPI,P21728,compound,protein,1
107715,CPI,P28566,compound,protein,1
107715,CPI,P25774,compound,protein,0
107751,CPI,P04150,compound,protein,1
107751,CPI,Q92598,compound,protein,0
107775,CPI,Q2M2I8,compound,protein,0
107780,CPI,P41143,compound,protein,1
107780,CPI,O14841,compound,protein,0
107905,CPI,O15056,compound,protein,1
107905,CPI,P41143,compound,protein,1
107905,CPI,P08172,compound,protein,0
107926,CPI,P61088,compound,protein,0
107935,CPI,Q9NYV9,compound,protein,0
107935,CPI,Q12851,compound,protein,0
107950,CPI,Q16445,compound,protein,1
107950,CPI,Q9Y5K2,compound,protein,0
107982,CPI,Q9NRP7,compound,protein,0
10798271,CPI,O00206,compound,protein,1
10798271,CPI,P05556,compound,protein,0
107985,CPI,Q9Y487,compound,protein,0
108029,CPI,P08684,compound,protein,1
108107,CPI,O75496,compound,protein,0
108107,CPI,Q9UQM7,compound,protein,0
10831,CPI,P14416,compound,protein,1
10831,CPI,P23975,compound,protein,1
10831,CPI,O95551,compound,protein,0
1088,CPI,Q12797,compound,protein,0
1088438,CPI,P10253,compound,protein,1
1088438,CPI,Q16445,compound,protein,0
1088439,CPI,P78540,compound,protein,0
1092458,CPI,P80098,compound,protein,0
10947895,CPI,Q13075,compound,protein,0
10947895,CPI,Q13563,compound,protein,0
10947895,CPI,Q92835,compound,protein,0
11012,CPI,P28335,compound,protein,0
110634,CPI,O60240,compound,protein,1
110634,CPI,O60911,compound,protein,0
110635,CPI,P28482,compound,protein,1
11095,CPI,O75496,compound,protein,1
11095,CPI,P10635,compound,protein,0
11152667,CPI,Q05397,compound,protein,1
11152667,CPI,Q06187,compound,protein,1
11152667,CPI,Q7KZI7,compound,protein,1
11152667,CPI,Q96GD4,compound,protein,1
11152667,CPI,P17050,compound,protein,0
11167602,CPI,P04049,compound,protein,1
11167602,CPI,P08913,compound,protein,1
11167602,CPI,P35916,compound,protein,1
11175137,CPI,P10275,compound,protein,0
11175137,CPI,P10253,compound,protein,0
11175137,CPI,Q9UBT6,compound,protein,0
11213558,CPI,O43318,compound,protein,1
11213558,CPI,P06241,compound,protein,1
11213558,CPI,P30291,compound,protein,1
11213558,CPI,P45985,compound,protein,1
11213558,CPI,P57059,compound,protein,1
11213558,CPI,Q02779,compound,protein,1
11213558,CPI,Q13177,compound,protein,1
11213558,CPI,Q13470,compound,protein,1
11213558,CPI,Q15139,compound,protein,1
11213558,CPI,Q59H18,compound,protein,1
11213558,CPI,Q8N568,compound,protein,1
11213558,CPI,Q8N5S9,compound,protein,1
11213558,CPI,Q9UKI8,compound,protein,1
11213558,CPI,Q9NYW4,compound,protein,0
11213558,CPI,P62714,compound,protein,0
11213558,CPI,O00341,compound,protein,0
11213558,CPI,P50440,compound,protein,0
11213558,CPI,O95977,compound,protein,0
11213558,CPI,Q9NRE1,compound,protein,0
11213558,CPI,Q99259,compound,protein,0
11213558,CPI,Q16552,compound,protein,0
11213558,CPI,P17302,compound,protein,0
11213558,CPI,P28072,compound,protein,0
11214940,CPI,P31645,compound,protein,0
11219195,CPI,Q13148,compound,protein,1
11219835,CPI,P62937,compound,protein,0
11224409,CPI,O14936,compound,protein,0
11226090,CPI,P10635,compound,protein,1
11234052,CPI,O00329,compound,protein,1
11234052,CPI,O96013,compound,protein,1
11234052,CPI,P09769,compound,protein,1
11234052,CPI,P29322,compound,protein,1
11234052,CPI,P30530,compound,protein,1
11234052,CPI,P41240,compound,protein,1
11234052,CPI,P41743,compound,protein,1
11234052,CPI,P49840,compound,protein,1
11234052,CPI,P51812,compound,protein,1
11234052,CPI,P53667,compound,protein,1
11234052,CPI,P57059,compound,protein,1
11234052,CPI,P68400,compound,protein,1
11234052,CPI,Q13464,compound,protein,1
11234052,CPI,Q16513,compound,protein,1
11234052,CPI,Q8IVH8,compound,protein,1
11234052,CPI,Q8NI60,compound,protein,1
11234052,CPI,Q9UBE8,compound,protein,1
11234052,CPI,Q9UBF8,compound,protein,1
11234052,CPI,Q9UHD2,compound,protein,1
11234052,CPI,Q9Y243,compound,protein,1
11234052,CPI,P30926,compound,protein,0
11234052,CPI,Q96L21,compound,protein,0
11234052,CPI,P17812,compound,protein,0
11234052,CPI,Q7Z3E1,compound,protein,0
11234052,CPI,P23469,compound,protein,0
11234052,CPI,P54687,compound,protein,0
11234052,CPI,Q9NRF9,compound,protein,0
11234052,CPI,Q15274,compound,protein,0
11234052,CPI,Q14831,compound,protein,0
11234052,CPI,Q9UHJ3,compound,protein,0
11234052,CPI,Q13488,compound,protein,0
11234052,CPI,Q9ULW8,compound,protein,0
11234052,CPI,P19878,compound,protein,0
11238823,CPI,P15884,compound,protein,0
11270783,CPI,P32927,compound,protein,0
11289,CPI,O75496,compound,protein,1
11289,CPI,P30838,compound,protein,0
11292680,CPI,P50281,compound,protein,1
11292680,CPI,P20794,compound,protein,0
11296282,CPI,P08684,compound,protein,1
11296282,CPI,Q9HBH9,compound,protein,0
11296583,CPI,P22303,compound,protein,1
11302540,CPI,P05556,compound,protein,0
11319053,CPI,P21917,compound,protein,0
11327430,CPI,P09466,compound,protein,0
11338033,CPI,O43293,compound,protein,1
11338033,CPI,O75385,compound,protein,1
11338033,CPI,O76039,compound,protein,1
11338033,CPI,P06213,compound,protein,1
11338033,CPI,P0C264,compound,protein,1
11338033,CPI,P22455,compound,protein,1
11338033,CPI,P23458,compound,protein,1
11338033,CPI,P29317,compound,protein,1
11338033,CPI,P54753,compound,protein,1
11338033,CPI,P54756,compound,protein,1
11338033,CPI,Q05397,compound,protein,1
11338033,CPI,Q15078,compound,protein,1
11338033,CPI,Q16816,compound,protein,1
11338033,CPI,Q5VT25,compound,protein,1
11338033,CPI,Q8IY84,compound,protein,1
11338033,CPI,Q8NFD2,compound,protein,1
11338033,CPI,Q99755,compound,protein,1
11338033,CPI,Q9NWZ3,compound,protein,1
11338033,CPI,Q9P1W9,compound,protein,1
11338033,CPI,P46721,compound,protein,0
11338033,CPI,Q13488,compound,protein,0
11338033,CPI,P31946,compound,protein,0
11338033,CPI,Q96LB4,compound,protein,0
11338033,CPI,P07148,compound,protein,0
11338033,CPI,O60882,compound,protein,0
11338033,CPI,O60427,compound,protein,0
11338033,CPI,P14324,compound,protein,0
11338033,CPI,P62955,compound,protein,0
11338033,CPI,P00736,compound,protein,0
11338033,CPI,P11177,compound,protein,0
11360300,CPI,P14616,compound,protein,0
11364421,CPI,O00750,compound,protein,1
11364421,CPI,P06241,compound,protein,1
11364421,CPI,P08581,compound,protein,1
11364421,CPI,Q13237,compound,protein,1
11364421,CPI,Q16816,compound,protein,1
11364421,CPI,Q9H1R3,compound,protein,1
11364421,CPI,Q9UF33,compound,protein,1
11364421,CPI,Q92598,compound,protein,0
11364421,CPI,Q9BUL5,compound,protein,0
11364421,CPI,P17936,compound,protein,0
11364421,CPI,P14324,compound,protein,0
11364421,CPI,P29972,compound,protein,0
11364421,CPI,Q8WUK0,compound,protein,0
11364421,CPI,O95644,compound,protein,0
11364421,CPI,P54707,compound,protein,0
11364421,CPI,P27797,compound,protein,0
11364421,CPI,O43463,compound,protein,0
11364421,CPI,Q99456,compound,protein,0
11364421,CPI,P41229,compound,protein,0
11364421,CPI,Q92835,compound,protein,0
11364421,CPI,Q9UP65,compound,protein,0
11373846,CPI,Q13451,compound,protein,0
11387409,CPI,P27815,compound,protein,1
11395181,CPI,Q92769,compound,protein,1
11417954,CPI,P41143,compound,protein,1
11427553,CPI,O14730,compound,protein,1
11427553,CPI,P20794,compound,protein,1
11427553,CPI,P32298,compound,protein,1
11427553,CPI,P49840,compound,protein,1
11427553,CPI,Q02750,compound,protein,1
11427553,CPI,Q02763,compound,protein,1
11427553,CPI,Q08345,compound,protein,1
11427553,CPI,Q13163,compound,protein,1
11427553,CPI,Q86Y07,compound,protein,1
11427553,CPI,Q86YV6,compound,protein,1
11427553,CPI,Q8IYT8,compound,protein,1
11427553,CPI,Q8N568,compound,protein,1
11427553,CPI,Q8NI60,compound,protein,1
11427553,CPI,Q9UBE8,compound,protein,1
11427553,CPI,Q14697,compound,protein,0
11427553,CPI,P09086,compound,protein,0
11427553,CPI,O00341,compound,protein,0
11427553,CPI,P51553,compound,protein,0
11427553,CPI,P43354,compound,protein,0
11427553,CPI,Q14573,compound,protein,0
11427553,CPI,P61978,compound,protein,0
11427553,CPI,Q15047,compound,protein,0
11427553,CPI,P31939,compound,protein,0
11427553,CPI,P11766,compound,protein,0
11427553,CPI,P21728,compound,protein,0
11442891,CPI,P11274,compound,protein,1
11442891,CPI,P28482,compound,protein,1
11442891,CPI,P78559,compound,protein,0
11442891,CPI,O60502,compound,protein,0
11450633,CPI,P21728,compound,protein,1
11450633,CPI,Q9HAW7,compound,protein,0
11450633,CPI,Q6N021,compound,protein,0
11451527,CPI,P17948,compound,protein,1
114750,CPI,Q8N568,compound,protein,0
11476171,CPI,P30530,compound,protein,1
11476171,CPI,P43405,compound,protein,1
11476171,CPI,Q9Y4R7,compound,protein,0
1148,CPI,Q9UGM6,compound,protein,1
11485656,CPI,P04626,compound,protein,1
11485656,CPI,P37173,compound,protein,1
11485656,CPI,P45984,compound,protein,1
11485656,CPI,Q13470,compound,protein,1
11485656,CPI,Q6DT37,compound,protein,1
11485656,CPI,Q9BVS4,compound,protein,1
11485656,CPI,Q9H2G2,compound,protein,1
11485656,CPI,Q9H4B4,compound,protein,1
11485656,CPI,Q9UPZ9,compound,protein,1
11485656,CPI,Q05209,compound,protein,0
11485656,CPI,P01258,compound,protein,0
11485656,CPI,P62917,compound,protein,0
11485656,CPI,Q9UI32,compound,protein,0
11485656,CPI,Q12830,compound,protein,0
11485656,CPI,Q13507,compound,protein,0
11485656,CPI,Q12888,compound,protein,0
11485656,CPI,P59538,compound,protein,0
11488320,CPI,P04626,compound,protein,1
11488320,CPI,P07949,compound,protein,1
11488320,CPI,P29323,compound,protein,1
11488320,CPI,Q9Y572,compound,protein,1
11488320,CPI,Q16348,compound,protein,0
114924,CPI,Q9UH92,compound,protein,0
11493598,CPI,P27361,compound,protein,1
11497983,CPI,P00533,compound,protein,1
11497983,CPI,P06241,compound,protein,1
11497983,CPI,P07949,compound,protein,1
11497983,CPI,P08069,compound,protein,1
11497983,CPI,Q02779,compound,protein,1
11497983,CPI,Q9H0K1,compound,protein,1
11497983,CPI,P54709,compound,protein,0
11497983,CPI,A8K7I4,compound,protein,0
11503972,CPI,Q8IY84,compound,protein,0
115175,CPI,Q92830,compound,protein,1
11519070,CPI,P20309,compound,protein,1
11524144,CPI,P17948,compound,protein,1
11527661,CPI,Q5XXA6,compound,protein,0
11527661,CPI,P21554,compound,protein,0
11531745,CPI,P13631,compound,protein,0
115348,CPI,P12821,compound,protein,0
115368,CPI,P50591,compound,protein,0
115368,CPI,O00391,compound,protein,0
11538455,CPI,Q969S8,compound,protein,1
11538455,CPI,Q13490,compound,protein,0
11538455,CPI,Q96QE3,compound,protein,0
11552706,CPI,P21728,compound,protein,0
11556711,CPI,P27695,compound,protein,0
11561674,CPI,O00337,compound,protein,0
11570626,CPI,P49642,compound,protein,0
11581936,CPI,P26358,compound,protein,0
11595431,CPI,Q5NUL3,compound,protein,1
11598628,CPI,Q9Y616,compound,protein,0
11617559,CPI,O14936,compound,protein,1
11617559,CPI,O60331,compound,protein,1
11617559,CPI,O75116,compound,protein,1
11617559,CPI,P29317,compound,protein,1
11617559,CPI,Q13043,compound,protein,1
11617559,CPI,Q32MK0,compound,protein,1
11617559,CPI,Q92630,compound,protein,1
11617559,CPI,Q9BWU1,compound,protein,1
11617559,CPI,Q9H1R3,compound,protein,1
11617559,CPI,Q9H422,compound,protein,1
11617559,CPI,Q9UQB9,compound,protein,1
11617559,CPI,Q9Y616,compound,protein,1
11617559,CPI,Q969F8,compound,protein,0
11617559,CPI,O60911,compound,protein,0
11617559,CPI,Q9UP65,compound,protein,0
11617559,CPI,Q8TDS5,compound,protein,0
11617559,CPI,P02788,compound,protein,0
11617559,CPI,P68366,compound,protein,0
11617559,CPI,Q96CA5,compound,protein,0
11617559,CPI,Q9NQW7,compound,protein,0
11617559,CPI,Q9NRF9,compound,protein,0
11617559,CPI,O15164,compound,protein,0
11617559,CPI,P24298,compound,protein,0
11617559,CPI,P51511,compound,protein,0
11620908,CPI,P08069,compound,protein,1
11620908,CPI,P09619,compound,protein,1
11620908,CPI,P41240,compound,protein,1
11620908,CPI,P53350,compound,protein,1
11620908,CPI,Q02750,compound,protein,1
11620908,CPI,P14550,compound,protein,0
11620908,CPI,Q9Y256,compound,protein,0
11622909,CPI,O15399,compound,protein,1
11622909,CPI,Q8TCU5,compound,protein,1
11625818,CPI,O00329,compound,protein,1
11625818,CPI,Q8NEB9,compound,protein,1
11626560,CPI,O75747,compound,protein,1
11626560,CPI,P0C1S8,compound,protein,1
11626560,CPI,P0C264,compound,protein,1
11626560,CPI,P17948,compound,protein,1
11626560,CPI,P19784,compound,protein,1
11626560,CPI,P42338,compound,protein,1
11626560,CPI,Q02750,compound,protein,1
11626560,CPI,Q13177,compound,protein,1
11626560,CPI,Q16539,compound,protein,1
11626560,CPI,Q16832,compound,protein,1
11626560,CPI,Q92772,compound,protein,1
11626560,CPI,Q99640,compound,protein,1
11626560,CPI,Q9BWU1,compound,protein,1
11626560,CPI,Q9Y243,compound,protein,1
11626560,CPI,Q9Y6R4,compound,protein,1
11626560,CPI,P17706,compound,protein,0
11626560,CPI,Q9BXF3,compound,protein,0
11626560,CPI,P22102,compound,protein,0
11626560,CPI,O00341,compound,protein,0
11626560,CPI,Q12830,compound,protein,0
11626560,CPI,P56696,compound,protein,0
11626560,CPI,Q9UNX3,compound,protein,0
11626560,CPI,P55809,compound,protein,0
11626560,CPI,P04179,compound,protein,0
11626560,CPI,P08243,compound,protein,0
11626560,CPI,Q9BYV1,compound,protein,0
11626927,CPI,P00533,compound,protein,1
11631681,CPI,O14965,compound,protein,1
11631681,CPI,P24941,compound,protein,1
11631681,CPI,P49759,compound,protein,1
11631681,CPI,Q96GD4,compound,protein,1
11634725,CPI,O15375,compound,protein,0
11634725,CPI,Q8N5K1,compound,protein,0
11640390,CPI,P22830,compound,protein,1
11640390,CPI,Q3MIX3,compound,protein,1
11644425,CPI,O75469,compound,protein,0
11644425,CPI,Q8TDS4,compound,protein,0
11646777,CPI,P43490,compound,protein,0
11647372,CPI,P48736,compound,protein,1
11655119,CPI,P28566,compound,protein,0
11656518,CPI,O00444,compound,protein,1
11656518,CPI,O15530,compound,protein,1
11656518,CPI,O75116,compound,protein,1
11656518,CPI,O75747,compound,protein,1
11656518,CPI,P14616,compound,protein,1
11656518,CPI,P31751,compound,protein,1
11656518,CPI,Q15375,compound,protein,1
11656518,CPI,Q16832,compound,protein,1
11656518,CPI,Q86YV6,compound,protein,1
11656518,CPI,Q8N4C8,compound,protein,1
11656518,CPI,P43235,compound,protein,0
11656518,CPI,Q92482,compound,protein,0
11656518,CPI,P12724,compound,protein,0
11656518,CPI,P67936,compound,protein,0
11656518,CPI,P20701,compound,protein,0
11656518,CPI,Q96SD1,compound,protein,0
11658860,CPI,P23416,compound,protein,0
11667893,CPI,O14733,compound,protein,1
11667893,CPI,P06241,compound,protein,1
11667893,CPI,P31152,compound,protein,1
11667893,CPI,P49336,compound,protein,1
11667893,CPI,P49761,compound,protein,1
11667893,CPI,P54756,compound,protein,1
11667893,CPI,P57078,compound,protein,1
11667893,CPI,P78368,compound,protein,1
11667893,CPI,Q00537,compound,protein,1
11667893,CPI,Q13523,compound,protein,1
11667893,CPI,Q16659,compound,protein,1
11667893,CPI,Q5VT25,compound,protein,1
11667893,CPI,Q9BZL6,compound,protein,1
11667893,CPI,Q9P1W9,compound,protein,1
11667893,CPI,Q6J4K2,compound,protein,0
11667893,CPI,P10176,compound,protein,0
11667893,CPI,P40926,compound,protein,0
11667893,CPI,P15884,compound,protein,0
11667893,CPI,Q8TDD5,compound,protein,0
11667893,CPI,P15104,compound,protein,0
11667893,CPI,P62955,compound,protein,0
11667893,CPI,P46439,compound,protein,0
11667893,CPI,P36776,compound,protein,0
11667893,CPI,P11150,compound,protein,0
11667893,CPI,Q6FHJ7,compound,protein,0
11667893,CPI,P43235,compound,protein,0
11667893,CPI,Q99418,compound,protein,0
11667893,CPI,O15427,compound,protein,0
11667893,CPI,Q9NYW3,compound,protein,0
11667893,CPI,O95864,compound,protein,0
11674376,CPI,Q13003,compound,protein,0
11676786,CPI,O95865,compound,protein,0
11683,CPI,Q6W5P4,compound,protein,1
11683,CPI,Q04844,compound,protein,0
11688990,CPI,Q13188,compound,protein,0
11688990,CPI,Q05397,compound,protein,0
11689583,CPI,P21397,compound,protein,0
11712649,CPI,O75385,compound,protein,1
11712649,CPI,O96013,compound,protein,1
11712649,CPI,P17948,compound,protein,1
11712649,CPI,P21802,compound,protein,1
11712649,CPI,P27361,compound,protein,1
11712649,CPI,P29323,compound,protein,1
11712649,CPI,P29376,compound,protein,1
11712649,CPI,P29597,compound,protein,1
11712649,CPI,P36888,compound,protein,1
11712649,CPI,P51617,compound,protein,1
11712649,CPI,P51817,compound,protein,1
11712649,CPI,P54646,compound,protein,1
11712649,CPI,P54760,compound,protein,1
11712649,CPI,Q02779,compound,protein,1
11712649,CPI,Q08345,compound,protein,1
11712649,CPI,Q12851,compound,protein,1
11712649,CPI,Q13043,compound,protein,1
11712649,CPI,Q15375,compound,protein,1
11712649,CPI,Q99683,compound,protein,1
11712649,CPI,Q9Y243,compound,protein,1
11712649,CPI,Q9Y2U5,compound,protein,1
11712649,CPI,Q9Y463,compound,protein,1
11712649,CPI,Q9Y5S2,compound,protein,1
11712649,CPI,P61421,compound,protein,0
11712649,CPI,Q13574,compound,protein,0
11712649,CPI,P57789,compound,protein,0
11712649,CPI,P30049,compound,protein,0
11712649,CPI,P28072,compound,protein,0
11712649,CPI,P15954,compound,protein,0
11712649,CPI,P62736,compound,protein,0
11712649,CPI,P49619,compound,protein,0
11713159,CPI,P11362,compound,protein,1
11713159,CPI,P22607,compound,protein,1
11713159,CPI,P48730,compound,protein,1
11713159,CPI,Q00535,compound,protein,1
11713159,CPI,Q8TD08,compound,protein,1
11713159,CPI,Q96GD4,compound,protein,1
11713159,CPI,P48506,compound,protein,0
11713159,CPI,P56282,compound,protein,0
11715767,CPI,O96017,compound,protein,1
11715767,CPI,P48730,compound,protein,1
11715767,CPI,P53350,compound,protein,1
11715767,CPI,Q8N4C8,compound,protein,1
11715767,CPI,Q9H2G2,compound,protein,1
11715767,CPI,Q13510,compound,protein,0
11716890,CPI,Q13255,compound,protein,1
11717001,CPI,O00506,compound,protein,1
11717001,CPI,O14936,compound,protein,1
11717001,CPI,O14976,compound,protein,1
11717001,CPI,O95747,compound,protein,1
11717001,CPI,P00533,compound,protein,1
11717001,CPI,P09619,compound,protein,1
11717001,CPI,P29323,compound,protein,1
11717001,CPI,P51451,compound,protein,1
11717001,CPI,P53779,compound,protein,1
11717001,CPI,Q00613,compound,protein,1
11717001,CPI,Q13163,compound,protein,1
11717001,CPI,Q13233,compound,protein,1
11717001,CPI,Q13470,compound,protein,1
11717001,CPI,Q13523,compound,protein,1
11717001,CPI,Q15746,compound,protein,1
11717001,CPI,Q7KZI7,compound,protein,1
11717001,CPI,Q8NE63,compound,protein,1
11717001,CPI,Q9NYW7,compound,protein,0
11717001,CPI,P19878,compound,protein,0
11717001,CPI,Q02221,compound,protein,0
11717001,CPI,P80365,compound,protein,0
11717001,CPI,O94760,compound,protein,0
11717001,CPI,Q96G23,compound,protein,0
11717001,CPI,Q9Y6T7,compound,protein,0
11717001,CPI,Q9NR28,compound,protein,0
11717001,CPI,Q13733,compound,protein,0
11717001,CPI,Q13956,compound,protein,0
11717001,CPI,P62258,compound,protein,0
11717001,CPI,Q99259,compound,protein,0
11717001,CPI,P00736,compound,protein,0
11717001,CPI,P35222,compound,protein,0
11717001,CPI,Q96LD8,compound,protein,0
11717001,CPI,O95749,compound,protein,0
11717001,CPI,O14818,compound,protein,0
11717001,CPI,P41252,compound,protein,0
11749858,CPI,Q9UKV0,compound,protein,1
11754511,CPI,Q8TEK3,compound,protein,0
11754511,CPI,P11308,compound,protein,0
11773081,CPI,P03372,compound,protein,1
11842604,CPI,O75914,compound,protein,0
11869537,CPI,P11511,compound,protein,1
11869580,CPI,O15067,compound,protein,0
11869580,CPI,P08684,compound,protein,0
1189521,CPI,O75030,compound,protein,1
1189521,CPI,Q96QE3,compound,protein,1
119,CPI,P21728,compound,protein,1
119031,CPI,Q9ULZ9,compound,protein,1
119032,CPI,P23219,compound,protein,1
119053,CPI,P08684,compound,protein,0
11908593,CPI,O15392,compound,protein,1
119182,CPI,P23921,compound,protein,1
119182,CPI,Q14432,compound,protein,1
119369,CPI,P06753,compound,protein,0
119373,CPI,P08183,compound,protein,1
119373,CPI,P08684,compound,protein,1
119373,CPI,Q9HCC0,compound,protein,0
119373,CPI,P48736,compound,protein,0
11950170,CPI,O43293,compound,protein,1
11950170,CPI,P51617,compound,protein,1
11950170,CPI,P78368,compound,protein,1
11950170,CPI,Q8N4C8,compound,protein,1
11950170,CPI,P54886,compound,protein,0
11950170,CPI,P56381,compound,protein,0
11950726,CPI,Q13188,compound,protein,0
11955855,CPI,Q8N1Q1,compound,protein,0
119570,CPI,Q969G6,compound,protein,0
119570,CPI,P31639,compound,protein,0
119570,CPI,P12235,compound,protein,0
11957499,CPI,P35222,compound,protein,0
11957615,CPI,P07550,compound,protein,1
11957722,CPI,P11142,compound,protein,0
119584,CPI,P61313,compound,protein,0
119607,CPI,P23975,compound,protein,1
119607,CPI,P43166,compound,protein,1
119607,CPI,Q08499,compound,protein,1
119607,CPI,Q13219,compound,protein,0
119607,CPI,Q9UKQ2,compound,protein,0
11973736,CPI,P24903,compound,protein,0
11977753,CPI,P36888,compound,protein,1
11977753,CPI,P30926,compound,protein,0
1201549,CPI,P04150,compound,protein,1
1203,CPI,Q9Y6K9,compound,protein,0
1203,CPI,O75348,compound,protein,0
1204,CPI,Q9H0J9,compound,protein,0
12124,CPI,O94925,compound,protein,1
12124,CPI,Q8WXD0,compound,protein,0
121396,CPI,P42574,compound,protein,0
12179987,CPI,P05067,compound,protein,1
12179987,CPI,Q13233,compound,protein,0
12179987,CPI,Q9H8P0,compound,protein,0
1218,CPI,P21918,compound,protein,1
121846,CPI,P18405,compound,protein,0
121877,CPI,P13945,compound,protein,1
121877,CPI,O75348,compound,protein,0
121878,CPI,Q15842,compound,protein,1
121891,CPI,P21397,compound,protein,1
121891,CPI,O43915,compound,protein,0
1219,CPI,P29033,compound,protein,0
121926,CPI,P45954,compound,protein,0
121930,CPI,P07550,compound,protein,0
1220,CPI,Q9NP59,compound,protein,0
1220,CPI,Q9Y5K3,compound,protein,0
122136,CPI,P21728,compound,protein,1
122136,CPI,Q9BXF3,compound,protein,0
122295,CPI,P18825,compound,protein,1
122295,CPI,P01112,compound,protein,0
122334,CPI,Q9BXA6,compound,protein,0
1225,CPI,P39748,compound,protein,1
12310313,CPI,O15342,compound,protein,0
1234,CPI,P28335,compound,protein,1
12358880,CPI,Q99549,compound,protein,0
123610,CPI,P05106,compound,protein,1
123610,CPI,P29320,compound,protein,0
123619,CPI,P28335,compound,protein,1
123619,CPI,P41968,compound,protein,1
123619,CPI,P07814,compound,protein,0
123631,CPI,O15264,compound,protein,1
123631,CPI,P04049,compound,protein,1
123631,CPI,P11802,compound,protein,1
123631,CPI,P54760,compound,protein,1
123631,CPI,Q32MK0,compound,protein,1
123631,CPI,Q8IY84,compound,protein,1
123631,CPI,Q9H422,compound,protein,1
123631,CPI,Q9NRP7,compound,protein,1
123631,CPI,Q9NY57,compound,protein,1
123631,CPI,Q9UPE1,compound,protein,1
123631,CPI,Q9Y243,compound,protein,1
123631,CPI,Q9UKQ2,compound,protein,0
123631,CPI,Q9UDR5,compound,protein,0
123631,CPI,P14060,compound,protein,0
123631,CPI,Q15904,compound,protein,0
123631,CPI,P61421,compound,protein,0
123631,CPI,Q8WTV0,compound,protein,0
123631,CPI,P08514,compound,protein,0
123631,CPI,P62258,compound,protein,0
123631,CPI,Q9P1Z3,compound,protein,0
123631,CPI,Q96LB4,compound,protein,0
123631,CPI,P04040,compound,protein,0
123631,CPI,O95870,compound,protein,0
123631,CPI,P53004,compound,protein,0
123631,CPI,O00481,compound,protein,0
123767,CPI,P51828,compound,protein,0
123831,CPI,Q8N2K0,compound,protein,0
123879,CPI,P21728,compound,protein,1
123879,CPI,P01308,compound,protein,0
123879,CPI,P62826,compound,protein,0
123879,CPI,P05231,compound,protein,0
124007,CPI,P21728,compound,protein,0
124079495,CPI,P51956,compound,protein,0
124087,CPI,P50406,compound,protein,1
1242,CPI,P29274,compound,protein,0
124334,CPI,P43405,compound,protein,0
124334,CPI,Q9HBH9,compound,protein,0
124603199,CPI,Q8IVH8,compound,protein,0
124835980,CPI,P35968,compound,protein,0
1249064,CPI,Q13163,compound,protein,0
1249064,CPI,O15197,compound,protein,0
1254,CPI,Q7Z2W7,compound,protein,1
1254,CPI,Q8TD08,compound,protein,0
12555,CPI,Q9HAS3,compound,protein,0
125564,CPI,P28223,compound,protein,1
12560,CPI,P08913,compound,protein,1
1259573,CPI,Q96NX5,compound,protein,0
12598377,CPI,P05177,compound,protein,0
1261822,CPI,P08684,compound,protein,0
126280,CPI,P08913,compound,protein,0
1263681,CPI,O15357,compound,protein,0
1263681,CPI,P50579,compound,protein,0
126402,CPI,Q13546,compound,protein,0
126941,CPI,Q9NSE4,compound,protein,0
126941,CPI,P08575,compound,protein,0
127861,CPI,P28223,compound,protein,0
127898,CPI,Q9NZ42,compound,protein,0
128268,CPI,P84077,compound,protein,0
128563,CPI,Q06609,compound,protein,0
128563,CPI,P30519,compound,protein,0
12866477,CPI,P46734,compound,protein,0
128784,CPI,P17752,compound,protein,0
128878,CPI,P21730,compound,protein,0
1288922,CPI,O43193,compound,protein,0
129009942,CPI,P21731,compound,protein,0
129009987,CPI,P51817,compound,protein,0
129010022,CPI,Q08209,compound,protein,1
129010022,CPI,P14415,compound,protein,0
129010074,CPI,Q16644,compound,protein,0
129010078,CPI,P14867,compound,protein,0
129010090,CPI,P11229,compound,protein,0
129010103,CPI,P55201,compound,protein,0
129228,CPI,P84022,compound,protein,1
129228,CPI,P48735,compound,protein,0
129989,CPI,P08172,compound,protein,1
129989,CPI,P08047,compound,protein,0
13019152,CPI,P35367,compound,protein,0
13021033,CPI,P04150,compound,protein,1
13021033,CPI,P09769,compound,protein,0
1302558,CPI,P11229,compound,protein,0
130424,CPI,P21728,compound,protein,1
130564,CPI,O43184,compound,protein,0
13071436,CPI,P17405,compound,protein,1
130881,CPI,P07741,compound,protein,0
130881,CPI,P51512,compound,protein,0
131414,CPI,Q99814,compound,protein,0
131414,CPI,Q13526,compound,protein,0
1316,CPI,P19838,compound,protein,1
1316,CPI,Q15822,compound,protein,1
1316,CPI,Q99700,compound,protein,1
131906,CPI,P28223,compound,protein,0
13200033,CPI,Q9BVS4,compound,protein,0
132252,CPI,Q13470,compound,protein,0
132496,CPI,Q16620,compound,protein,0
132519,CPI,O14672,compound,protein,1
132519,CPI,P08254,compound,protein,1
132519,CPI,P78536,compound,protein,1
132519,CPI,Q02156,compound,protein,0
1328218,CPI,Q04206,compound,protein,0
132846,CPI,P25103,compound,protein,1
132862,CPI,P29475,compound,protein,1
1329,CPI,Q16478,compound,protein,0
1329,CPI,P51553,compound,protein,0
132971,CPI,P14416,compound,protein,1
132971,CPI,P21728,compound,protein,1
13303884,CPI,P16220,compound,protein,1
13303884,CPI,Q16665,compound,protein,0
133407,CPI,P41743,compound,protein,0
13342,CPI,P23219,compound,protein,1
13342,CPI,P61278,compound,protein,0
13342,CPI,P38606,compound,protein,0
133633,CPI,O60779,compound,protein,0
133633,CPI,O94804,compound,protein,0
134018,CPI,P25116,compound,protein,0
134018,CPI,Q9NPA1,compound,protein,0
134141,CPI,Q16236,compound,protein,0
1345,CPI,O75496,compound,protein,1
1345,CPI,P14867,compound,protein,1
134551,CPI,P21728,compound,protein,1
134551,CPI,P27695,compound,protein,1
13505,CPI,O94782,compound,protein,1
13505,CPI,P35372,compound,protein,1
13505,CPI,P41143,compound,protein,1
13505,CPI,Q15109,compound,protein,0
13505,CPI,O00341,compound,protein,0
135398495,CPI,O15197,compound,protein,1
135398495,CPI,O96013,compound,protein,1
135398495,CPI,Q99759,compound,protein,1
135398495,CPI,P06753,compound,protein,0
135398495,CPI,O00401,compound,protein,0
135398495,CPI,Q03393,compound,protein,0
135398495,CPI,Q9UJW3,compound,protein,0
135398495,CPI,P54707,compound,protein,0
135398495,CPI,P23634,compound,protein,0
135398495,CPI,Q92736,compound,protein,0
135398499,CPI,P06239,compound,protein,1
135398499,CPI,P54760,compound,protein,1
135398499,CPI,Q9NWZ3,compound,protein,1
135398499,CPI,P16860,compound,protein,0
135398499,CPI,Q13507,compound,protein,0
135398516,CPI,Q9UBE8,compound,protein,1
135398737,CPI,O43193,compound,protein,1
135398737,CPI,P34969,compound,protein,1
135398737,CPI,P41143,compound,protein,1
135398737,CPI,Q8N1C3,compound,protein,1
135398737,CPI,Q9Y5N1,compound,protein,1
135398738,CPI,O43193,compound,protein,1
135398738,CPI,P14780,compound,protein,1
135398738,CPI,P21554,compound,protein,1
135398738,CPI,Q14831,compound,protein,0
135398738,CPI,Q9UQQ2,compound,protein,0
135398738,CPI,O95977,compound,protein,0
135398745,CPI,P62714,compound,protein,0
135398745,CPI,P08684,compound,protein,0
1354,CPI,P40225,compound,protein,1
135400439,CPI,O75469,compound,protein,0
135409453,CPI,P08913,compound,protein,1
135409453,CPI,Q99418,compound,protein,0
135409453,CPI,P21399,compound,protein,0
135409468,CPI,P08912,compound,protein,1
135409468,CPI,P20309,compound,protein,1
135409468,CPI,P28223,compound,protein,1
135409468,CPI,P19113,compound,protein,0
135409468,CPI,Q86V24,compound,protein,0
135411,CPI,Q9Y5N1,compound,protein,0
135412795,CPI,O43614,compound,protein,0
135419176,CPI,Q9UQF2,compound,protein,0
135419190,CPI,Q53GL7,compound,protein,0
135419190,CPI,Q9Y6K9,compound,protein,0
135440466,CPI,P35367,compound,protein,0
135440466,CPI,Q05586,compound,protein,0
135449527,CPI,Q9NUW8,compound,protein,1
135449527,CPI,Q12888,compound,protein,0
135460532,CPI,Q8TD19,compound,protein,0
1355,CPI,P28335,compound,protein,1
1355,CPI,P34969,compound,protein,1
1355,CPI,Q99720,compound,protein,1
1355,CPI,Q7L2E3,compound,protein,0
135511839,CPI,P25090,compound,protein,0
135539077,CPI,P14625,compound,protein,1
135539077,CPI,P15954,compound,protein,0
135539077,CPI,O96017,compound,protein,0
135539077,CPI,P33261,compound,protein,0
135565082,CPI,Q9UM07,compound,protein,0
135565082,CPI,P48167,compound,protein,0
135565545,CPI,Q99728,compound,protein,0
135565635,CPI,P08069,compound,protein,1
135565635,CPI,P20794,compound,protein,1
135565635,CPI,P29317,compound,protein,1
135565635,CPI,P42681,compound,protein,1
135565635,CPI,P51956,compound,protein,1
135565635,CPI,P53778,compound,protein,1
135565635,CPI,Q15208,compound,protein,1
135565635,CPI,Q96GD4,compound,protein,1
135565635,CPI,Q99759,compound,protein,1
135565635,CPI,Q9BX84,compound,protein,1
135565635,CPI,Q9H422,compound,protein,1
135565635,CPI,Q9HC98,compound,protein,1
135565635,CPI,Q9NQU5,compound,protein,1
135565635,CPI,P06870,compound,protein,0
135565635,CPI,P61586,compound,protein,0
135565635,CPI,O95644,compound,protein,0
135565635,CPI,P43005,compound,protein,0
135565635,CPI,Q14831,compound,protein,0
135565635,CPI,P19224,compound,protein,0
135565635,CPI,Q13123,compound,protein,0
135565635,CPI,Q9NR28,compound,protein,0
135565635,CPI,Q96KS0,compound,protein,0
135565635,CPI,O15067,compound,protein,0
135565635,CPI,Q6B0I6,compound,protein,0
135565635,CPI,P19113,compound,protein,0
135565635,CPI,P61278,compound,protein,0
135565635,CPI,Q9NY65,compound,protein,0
1359,CPI,O75496,compound,protein,1
1359,CPI,Q14145,compound,protein,0
135925261,CPI,P09874,compound,protein,0
13765,CPI,O75496,compound,protein,1
13765,CPI,P10275,compound,protein,1
13765,CPI,Q9H228,compound,protein,0
13765,CPI,P18825,compound,protein,0
13765,CPI,Q13546,compound,protein,0
137698378,CPI,P07900,compound,protein,1
13782419,CPI,P45985,compound,protein,0
13791,CPI,O75469,compound,protein,1
1379247,CPI,Q13003,compound,protein,0
1379247,CPI,Q96RU2,compound,protein,0
13819073,CPI,Q9UGH3,compound,protein,0
1383884,CPI,P23975,compound,protein,1
1383884,CPI,P25021,compound,protein,1
1383884,CPI,P43681,compound,protein,1
1383884,CPI,Q96GD4,compound,protein,0
139032026,CPI,Q9H3R0,compound,protein,0
1394536,CPI,P25929,compound,protein,0
13981868,CPI,Q13936,compound,protein,1
13981868,CPI,Q02750,compound,protein,0
1398674,CPI,P49116,compound,protein,0
13994399,CPI,P41143,compound,protein,1
13994399,CPI,P21554,compound,protein,0
1400,CPI,O43293,compound,protein,1
1400,CPI,P06241,compound,protein,1
1400,CPI,P15735,compound,protein,1
1400,CPI,P41240,compound,protein,1
1400,CPI,P42345,compound,protein,1
1400,CPI,P49137,compound,protein,1
1400,CPI,P32248,compound,protein,0
1400,CPI,P51553,compound,protein,0
1400,CPI,Q96LB4,compound,protein,0
1400698,CPI,O43193,compound,protein,0
1401,CPI,O75496,compound,protein,1
1401,CPI,O95237,compound,protein,0
1403142,CPI,Q99714,compound,protein,1
1409759,CPI,Q8N568,compound,protein,0
14187,CPI,O43193,compound,protein,0
1434956,CPI,P27169,compound,protein,0
1434956,CPI,Q9H228,compound,protein,0
1456,CPI,P49137,compound,protein,0
14580381,CPI,P37173,compound,protein,0
148121,CPI,P00374,compound,protein,1
148124,CPI,P50406,compound,protein,0
148192,CPI,O43184,compound,protein,0
148198,CPI,P49765,compound,protein,0
14896501,CPI,Q9UNA4,compound,protein,1
149096,CPI,Q02880,compound,protein,1
1493,CPI,O75496,compound,protein,1
1493,CPI,Q9UQQ2,compound,protein,0
149784,CPI,Q9NUW8,compound,protein,1
15096,CPI,P49137,compound,protein,0
1510379,CPI,Q13148,compound,protein,1
15115512,CPI,P14416,compound,protein,1
151166,CPI,O15439,compound,protein,0
151171,CPI,Q8N3A8,compound,protein,0
151194,CPI,O43781,compound,protein,1
151194,CPI,O75747,compound,protein,1
151194,CPI,P06213,compound,protein,1
151194,CPI,P08069,compound,protein,1
151194,CPI,P28482,compound,protein,1
151194,CPI,P57078,compound,protein,1
151194,CPI,Q04771,compound,protein,1
151194,CPI,Q13043,compound,protein,1
151194,CPI,Q13470,compound,protein,1
151194,CPI,Q9UKI8,compound,protein,1
151194,CPI,P54578,compound,protein,0
151194,CPI,Q9Y266,compound,protein,0
151194,CPI,P23743,compound,protein,0
151194,CPI,O60671,compound,protein,0
151194,CPI,Q86Y97,compound,protein,0
151194,CPI,P07148,compound,protein,0
151194,CPI,P13497,compound,protein,0
151194,CPI,Q96RU2,compound,protein,0
151194,CPI,P38606,compound,protein,0
151194,CPI,Q9UKP6,compound,protein,0
151194,CPI,Q9Y2D1,compound,protein,0
1512045,CPI,Q92847,compound,protein,0
151582,CPI,P40225,compound,protein,1
1517919,CPI,O75874,compound,protein,1
15330,CPI,Q8TDC3,compound,protein,0
1537,CPI,P0C870,compound,protein,0
1537,CPI,P30411,compound,protein,0
15387,CPI,P25929,compound,protein,0
154059,CPI,Q9UNA0,compound,protein,0
154257,CPI,P35372,compound,protein,1
154417,CPI,P31645,compound,protein,1
1547484,CPI,P08173,compound,protein,1
1547484,CPI,P23975,compound,protein,1
1547484,CPI,Q9UL51,compound,protein,0
1548076,CPI,Q12851,compound,protein,0
1548942,CPI,P04062,compound,protein,1
1548942,CPI,P30556,compound,protein,1
1548942,CPI,P32238,compound,protein,1
1548942,CPI,P06734,compound,protein,0
1548942,CPI,P42229,compound,protein,0
1548942,CPI,Q96SD1,compound,protein,0
1548953,CPI,P06241,compound,protein,1
1548953,CPI,P23975,compound,protein,1
1548953,CPI,P28223,compound,protein,1
1548953,CPI,Q8TF61,compound,protein,0
1548953,CPI,P49585,compound,protein,0
1549120,CPI,Q96RI1,compound,protein,1
1549120,CPI,P56282,compound,protein,0
1549120,CPI,P51512,compound,protein,0
155346,CPI,P08588,compound,protein,1
15541,CPI,Q16548,compound,protein,0
1554210,CPI,Q9H2K8,compound,protein,0
15547703,CPI,O43318,compound,protein,0
15548,CPI,P47869,compound,protein,0
15558439,CPI,P24941,compound,protein,0
155815,CPI,Q9BZM2,compound,protein,1
1560402,CPI,Q9Y6Q9,compound,protein,1
1560402,CPI,Q16513,compound,protein,0
156391,CPI,P27695,compound,protein,1
156391,CPI,P00374,compound,protein,0
156391,CPI,Q9UQQ2,compound,protein,0
156414,CPI,O00750,compound,protein,1
156414,CPI,O14920,compound,protein,1
156414,CPI,P19525,compound,protein,1
156414,CPI,P36507,compound,protein,1
156414,CPI,P41240,compound,protein,1
156414,CPI,P48736,compound,protein,1
156414,CPI,P57058,compound,protein,1
156414,CPI,Q05397,compound,protein,1
156414,CPI,Q86UX6,compound,protein,1
156414,CPI,Q9BUB5,compound,protein,1
156414,CPI,Q9H1R3,compound,protein,1
156414,CPI,Q9H2X6,compound,protein,1
156414,CPI,Q9H3Y6,compound,protein,1
156414,CPI,Q9NQU5,compound,protein,1
156414,CPI,Q9NY57,compound,protein,1
156414,CPI,P78559,compound,protein,0
156414,CPI,P01138,compound,protein,0
156414,CPI,Q92990,compound,protein,0
156414,CPI,Q14145,compound,protein,0
156414,CPI,P08670,compound,protein,0
156414,CPI,P17812,compound,protein,0
156414,CPI,P46721,compound,protein,0
156414,CPI,Q9Y2D1,compound,protein,0
156414,CPI,Q12884,compound,protein,0
156414,CPI,O95870,compound,protein,0
156419,CPI,P23975,compound,protein,1
156419,CPI,Q13177,compound,protein,0
156422,CPI,O14936,compound,protein,1
156422,CPI,O43283,compound,protein,1
156422,CPI,O75582,compound,protein,1
156422,CPI,O95819,compound,protein,1
156422,CPI,P11362,compound,protein,1
156422,CPI,P42684,compound,protein,1
156422,CPI,P49336,compound,protein,1
156422,CPI,P53779,compound,protein,1
156422,CPI,Q13705,compound,protein,1
156422,CPI,Q14004,compound,protein,1
156422,CPI,Q2M2I8,compound,protein,1
156422,CPI,Q32MK0,compound,protein,1
156422,CPI,Q8IVH8,compound,protein,1
156422,CPI,Q9NQU5,compound,protein,1
156422,CPI,Q13258,compound,protein,0
156422,CPI,P08151,compound,protein,0
156422,CPI,Q8WTV0,compound,protein,0
156422,CPI,P04040,compound,protein,0
156422,CPI,Q8TET4,compound,protein,0
156422,CPI,P02144,compound,protein,0
156422,CPI,Q9Y239,compound,protein,0
156422,CPI,P53985,compound,protein,0
156422,CPI,P51787,compound,protein,0
156422,CPI,P59536,compound,protein,0
156422,CPI,Q96NT5,compound,protein,0
156422,CPI,Q969G6,compound,protein,0
156422,CPI,P04150,compound,protein,0
15760,CPI,P28223,compound,protein,1
159278,CPI,P05067,compound,protein,1
15945539,CPI,O75496,compound,protein,1
159594,CPI,Q12809,compound,protein,0
159603,CPI,P08684,compound,protein,0
15983966,CPI,O00750,compound,protein,1
15983966,CPI,O14757,compound,protein,1
15983966,CPI,O14976,compound,protein,1
15983966,CPI,O43353,compound,protein,1
15983966,CPI,O75385,compound,protein,1
15983966,CPI,P07947,compound,protein,1
15983966,CPI,P29320,compound,protein,1
15983966,CPI,P29376,compound,protein,1
15983966,CPI,P35916,compound,protein,1
15983966,CPI,Q00535,compound,protein,1
15983966,CPI,Q13237,compound,protein,1
15983966,CPI,Q15139,compound,protein,1
15983966,CPI,Q16513,compound,protein,1
15983966,CPI,Q16620,compound,protein,1
15983966,CPI,Q16659,compound,protein,1
15983966,CPI,Q9H093,compound,protein,1
15983966,CPI,Q9H2G2,compound,protein,1
15983966,CPI,Q9Y5S2,compound,protein,1
15983966,CPI,Q9Y616,compound,protein,1
15983966,CPI,O14815,compound,protein,0
15983966,CPI,P38606,compound,protein,0
15983966,CPI,Q86TI2,compound,protein,0
15983966,CPI,P35520,compound,protein,0
15983966,CPI,O14649,compound,protein,0
15983966,CPI,Q9Y6T7,compound,protein,0
15983966,CPI,P42263,compound,protein,0
15983966,CPI,P15328,compound,protein,0
15983966,CPI,P16860,compound,protein,0
15983966,CPI,P23469,compound,protein,0
160020,CPI,P21397,compound,protein,1
160020,CPI,P53667,compound,protein,0
16007391,CPI,O15197,compound,protein,1
16007391,CPI,P14616,compound,protein,1
16007391,CPI,P21860,compound,protein,1
16007391,CPI,P31152,compound,protein,1
16007391,CPI,P42679,compound,protein,1
16007391,CPI,P46734,compound,protein,1
16007391,CPI,P51812,compound,protein,1
16007391,CPI,P53779,compound,protein,1
16007391,CPI,Q05397,compound,protein,1
16007391,CPI,Q06187,compound,protein,1
16007391,CPI,Q13523,compound,protein,1
16007391,CPI,Q13546,compound,protein,1
16007391,CPI,Q92772,compound,protein,1
16007391,CPI,Q96BR1,compound,protein,1
16007391,CPI,Q96RR4,compound,protein,1
16007391,CPI,Q9UHD2,compound,protein,1
16007391,CPI,Q9Y2K2,compound,protein,1
16007391,CPI,P23743,compound,protein,0
16007391,CPI,Q9Y6K1,compound,protein,0
16007391,CPI,P21673,compound,protein,0
16007391,CPI,P15090,compound,protein,0
16007391,CPI,O75912,compound,protein,0
16007391,CPI,P23258,compound,protein,0
16007391,CPI,P48147,compound,protein,0
16007391,CPI,P41440,compound,protein,0
16007391,CPI,P13612,compound,protein,0
16007391,CPI,P23297,compound,protein,0
16014494,CPI,P04637,compound,protein,1
160254,CPI,P11473,compound,protein,1
160254,CPI,P49116,compound,protein,0
160355,CPI,P42684,compound,protein,1
160355,CPI,P54762,compound,protein,1
160355,CPI,P78356,compound,protein,1
160355,CPI,Q00537,compound,protein,1
160355,CPI,Q04771,compound,protein,1
160355,CPI,Q08345,compound,protein,1
160355,CPI,Q13557,compound,protein,1
160355,CPI,Q13976,compound,protein,1
160355,CPI,Q14012,compound,protein,1
160355,CPI,Q8N568,compound,protein,1
160355,CPI,Q9BZL6,compound,protein,1
160355,CPI,Q9P2K8,compound,protein,1
160355,CPI,Q9Y6M4,compound,protein,1
160355,CPI,Q9NS85,compound,protein,0
160355,CPI,O75912,compound,protein,0
160355,CPI,Q9P1Z3,compound,protein,0
160355,CPI,O95977,compound,protein,0
160355,CPI,P59534,compound,protein,0
160355,CPI,Q9H2J7,compound,protein,0
16038120,CPI,O75914,compound,protein,1
16038120,CPI,P20794,compound,protein,1
16038120,CPI,P35968,compound,protein,1
16038120,CPI,P49674,compound,protein,1
16038120,CPI,P51957,compound,protein,1
16038120,CPI,P54760,compound,protein,1
16038120,CPI,Q07002,compound,protein,1
16038120,CPI,Q12866,compound,protein,1
16038120,CPI,Q92630,compound,protein,1
16038120,CPI,P49585,compound,protein,0
16038120,CPI,P23946,compound,protein,0
16038120,CPI,P42262,compound,protein,0
16038120,CPI,Q14416,compound,protein,0
16038120,CPI,O95298,compound,protein,0
16038120,CPI,P61927,compound,protein,0
16038120,CPI,Q9NYV7,compound,protein,0
16038120,CPI,P02708,compound,protein,0
16055219,CPI,Q92843,compound,protein,0
16055219,CPI,P84022,compound,protein,0
16062593,CPI,Q14833,compound,protein,1
16095342,CPI,O43293,compound,protein,1
16095342,CPI,P29597,compound,protein,1
16095342,CPI,Q9Y6M4,compound,protein,1
16095342,CPI,P08473,compound,protein,0
16095342,CPI,P23634,compound,protein,0
16095342,CPI,P19367,compound,protein,0
16095342,CPI,Q9HAS3,compound,protein,0
16095342,CPI,Q969F8,compound,protein,0
16095342,CPI,Q14957,compound,protein,0
16118392,CPI,P01189,compound,protein,0
16126898,CPI,Q99700,compound,protein,0
16129706,CPI,Q4G0J3,compound,protein,0
16129706,CPI,Q9NZ42,compound,protein,0
16129706,CPI,Q9HD36,compound,protein,0
161591,CPI,O43463,compound,protein,1
16190867,CPI,P23975,compound,protein,0
16218975,CPI,P08588,compound,protein,1
16218975,CPI,P37231,compound,protein,1
16218975,CPI,Q12809,compound,protein,1
16220015,CPI,P19838,compound,protein,1
16220015,CPI,P06730,compound,protein,0
16220051,CPI,P10721,compound,protein,0
16220172,CPI,P35367,compound,protein,1
16220172,CPI,P23258,compound,protein,0
16222096,CPI,Q02750,compound,protein,1
16231,CPI,Q14232,compound,protein,0
162834,CPI,P35236,compound,protein,0
16307489,CPI,Q13523,compound,protein,0
163091,CPI,P28562,compound,protein,0
16351,CPI,P27695,compound,protein,1
16362,CPI,P32238,compound,protein,1
1639,CPI,P08684,compound,protein,1
1639,CPI,P41145,compound,protein,0
164522,CPI,P18825,compound,protein,0
16654980,CPI,P42338,compound,protein,1
166558,CPI,Q9NZ42,compound,protein,0
166596686,CPI,P08581,compound,protein,0
16659841,CPI,Q9H2G2,compound,protein,1
16659841,CPI,Q14994,compound,protein,0
16659841,CPI,P08913,compound,protein,0
16666708,CPI,Q06278,compound,protein,0
16667722,CPI,O94782,compound,protein,0
16718576,CPI,P35968,compound,protein,1
16718576,CPI,Q15759,compound,protein,1
16718576,CPI,Q9HC98,compound,protein,1
16718576,CPI,Q86T13,compound,protein,0
16718576,CPI,Q16647,compound,protein,0
16718576,CPI,P32418,compound,protein,0
16718576,CPI,P00748,compound,protein,0
16718576,CPI,P30518,compound,protein,0
16720766,CPI,Q15843,compound,protein,1
16722832,CPI,Q58F21,compound,protein,1
16722836,CPI,O95382,compound,protein,1
16722836,CPI,P07948,compound,protein,1
16722836,CPI,P08172,compound,protein,1
16722836,CPI,P11274,compound,protein,1
16722836,CPI,P11362,compound,protein,1
16722836,CPI,P27037,compound,protein,1
16722836,CPI,P27448,compound,protein,1
16722836,CPI,P29320,compound,protein,1
16722836,CPI,P29376,compound,protein,1
16722836,CPI,P31645,compound,protein,1
16722836,CPI,P42684,compound,protein,1
16722836,CPI,P42685,compound,protein,1
16722836,CPI,Q05397,compound,protein,1
16722836,CPI,Q15375,compound,protein,1
16722836,CPI,Q15746,compound,protein,1
16722836,CPI,Q86TW2,compound,protein,1
16722836,CPI,Q92772,compound,protein,1
16722836,CPI,Q96L34,compound,protein,1
16722836,CPI,Q99755,compound,protein,1
16722836,CPI,Q99759,compound,protein,1
16722836,CPI,Q9BVS4,compound,protein,1
16722836,CPI,Q9NQU5,compound,protein,1
16722836,CPI,Q9UBF8,compound,protein,1
16722836,CPI,Q9UKI8,compound,protein,1
16722836,CPI,Q9Y243,compound,protein,1
16722836,CPI,O75311,compound,protein,0
16722836,CPI,P04179,compound,protein,0
16722836,CPI,P23416,compound,protein,0
16722836,CPI,Q6NUM9,compound,protein,0
16722836,CPI,Q16881,compound,protein,0
16722836,CPI,P68371,compound,protein,0
16722836,CPI,Q13574,compound,protein,0
16722836,CPI,P31644,compound,protein,0
16722836,CPI,P11511,compound,protein,0
16722836,CPI,Q86U10,compound,protein,0
16722836,CPI,O15492,compound,protein,0
16722836,CPI,O94925,compound,protein,0
16722836,CPI,Q6W5P4,compound,protein,0
16725726,CPI,O14757,compound,protein,1
16725726,CPI,O14976,compound,protein,1
16725726,CPI,O60331,compound,protein,1
16725726,CPI,O75116,compound,protein,1
16725726,CPI,P09769,compound,protein,1
16725726,CPI,P19784,compound,protein,1
16725726,CPI,P29317,compound,protein,1
16725726,CPI,P36507,compound,protein,1
16725726,CPI,P36894,compound,protein,1
16725726,CPI,P36897,compound,protein,1
16725726,CPI,Q00535,compound,protein,1
16725726,CPI,Q02779,compound,protein,1
16725726,CPI,Q13976,compound,protein,1
16725726,CPI,Q16832,compound,protein,1
16725726,CPI,Q8NFD2,compound,protein,1
16725726,CPI,Q8WXR4,compound,protein,1
16725726,CPI,Q96BR1,compound,protein,1
16725726,CPI,Q96L34,compound,protein,1
16725726,CPI,Q9NRP7,compound,protein,1
16725726,CPI,Q9UQM7,compound,protein,1
16725726,CPI,P25105,compound,protein,0
16725726,CPI,P02675,compound,protein,0
16725726,CPI,Q9Y4D2,compound,protein,0
16725726,CPI,O14744,compound,protein,0
16725726,CPI,P48058,compound,protein,0
16725726,CPI,P01350,compound,protein,0
16725726,CPI,P05362,compound,protein,0
16725726,CPI,Q96PD7,compound,protein,0
16725726,CPI,Q96LD8,compound,protein,0
16725726,CPI,P31639,compound,protein,0
16725726,CPI,Q969F8,compound,protein,0
16725726,CPI,O14842,compound,protein,0
16725726,CPI,P21554,compound,protein,0
16725726,CPI,O75469,compound,protein,0
16734800,CPI,O75469,compound,protein,1
16734800,CPI,P55055,compound,protein,1
16736529,CPI,P17252,compound,protein,0
16739650,CPI,O96028,compound,protein,0
1674,CPI,P35869,compound,protein,1
16741,CPI,P06753,compound,protein,1
16741,CPI,P56385,compound,protein,1
16741,CPI,P68366,compound,protein,1
16741,CPI,P14635,compound,protein,0
16741,CPI,Q86TP1,compound,protein,0
16741,CPI,P68106,compound,protein,0
16741,CPI,P21731,compound,protein,0
16741282,CPI,P42338,compound,protein,0
16746402,CPI,O75496,compound,protein,1
16747683,CPI,P20248,compound,protein,1
16747683,CPI,P24941,compound,protein,1
16747683,CPI,P48730,compound,protein,1
16747683,CPI,Q9NSY1,compound,protein,1
16755649,CPI,O75496,compound,protein,0
16757524,CPI,O94788,compound,protein,0
16758824,CPI,P10635,compound,protein,0
16759160,CPI,P11229,compound,protein,0
16759163,CPI,P30518,compound,protein,0
16759175,CPI,Q9H665,compound,protein,0
16759925,CPI,P31645,compound,protein,0
16759997,CPI,O00750,compound,protein,0
16760039,CPI,Q15067,compound,protein,0
16760039,CPI,P18074,compound,protein,0
16760391,CPI,P20813,compound,protein,0
16760391,CPI,Q16558,compound,protein,0
16773791,CPI,Q9UBN7,compound,protein,1
1691,CPI,Q9UGC6,compound,protein,0
169118,CPI,P04035,compound,protein,0
1694,CPI,Q02750,compound,protein,1
1694,CPI,Q13627,compound,protein,1
1694,CPI,Q14833,compound,protein,0
16960,CPI,O75469,compound,protein,1
16960,CPI,P32238,compound,protein,1
16960,CPI,P35354,compound,protein,1
16960,CPI,P35367,compound,protein,1
169682,CPI,P01308,compound,protein,0
169682,CPI,Q9UF02,compound,protein,0
169682,CPI,Q86V86,compound,protein,0
170344,CPI,O15296,compound,protein,1
171548,CPI,P41968,compound,protein,1
1716436,CPI,P42285,compound,protein,0
1716436,CPI,P29274,compound,protein,0
1720,CPI,P09874,compound,protein,1
1720,CPI,P10636,compound,protein,1
1720,CPI,Q9Y694,compound,protein,0
1720,CPI,P80511,compound,protein,0
1727,CPI,Q14833,compound,protein,0
174174,CPI,P43681,compound,protein,1
1744,CPI,Q07869,compound,protein,1
1744,CPI,P30989,compound,protein,0
17460708,CPI,P21728,compound,protein,0
17461,CPI,Q2M2I8,compound,protein,0
175540,CPI,Q96KQ7,compound,protein,1
175540,CPI,O75643,compound,protein,0
176155,CPI,O00329,compound,protein,1
176155,CPI,O00444,compound,protein,1
176155,CPI,O43293,compound,protein,1
176155,CPI,P09619,compound,protein,1
176155,CPI,P27361,compound,protein,1
176155,CPI,P29320,compound,protein,1
176155,CPI,P42336,compound,protein,1
176155,CPI,P42685,compound,protein,1
176155,CPI,P50613,compound,protein,1
176155,CPI,P54753,compound,protein,1
176155,CPI,Q15569,compound,protein,1
176155,CPI,Q15759,compound,protein,1
176155,CPI,Q8WXR4,compound,protein,1
176155,CPI,Q9HBH9,compound,protein,1
176155,CPI,Q9UQ88,compound,protein,1
176155,CPI,Q9Y6E0,compound,protein,1
176155,CPI,P50591,compound,protein,0
176155,CPI,P10253,compound,protein,0
176155,CPI,P06280,compound,protein,0
176155,CPI,P21817,compound,protein,0
176155,CPI,A5X5Y0,compound,protein,0
176155,CPI,O75899,compound,protein,0
176155,CPI,P12821,compound,protein,0
176155,CPI,P00439,compound,protein,0
176155,CPI,P04083,compound,protein,0
176155,CPI,O95298,compound,protein,0
176158,CPI,Q96KQ7,compound,protein,1
176158,CPI,P80511,compound,protein,0
176167,CPI,O14730,compound,protein,1
176167,CPI,O15075,compound,protein,1
176167,CPI,O60674,compound,protein,1
176167,CPI,O75460,compound,protein,1
176167,CPI,O75716,compound,protein,1
176167,CPI,O76039,compound,protein,1
176167,CPI,P0C1S8,compound,protein,1
176167,CPI,P0C264,compound,protein,1
176167,CPI,P11309,compound,protein,1
176167,CPI,P42681,compound,protein,1
176167,CPI,Q04771,compound,protein,1
176167,CPI,Q13546,compound,protein,1
176167,CPI,Q16512,compound,protein,1
176167,CPI,Q56UN5,compound,protein,1
176167,CPI,Q8WTQ7,compound,protein,1
176167,CPI,Q96PY6,compound,protein,1
176167,CPI,Q9H2G2,compound,protein,1
176167,CPI,Q9H2X6,compound,protein,1
176167,CPI,Q9HBH9,compound,protein,1
176167,CPI,Q9UBE8,compound,protein,1
176167,CPI,Q9Y6M4,compound,protein,1
176167,CPI,Q99500,compound,protein,0
176167,CPI,P39086,compound,protein,0
176167,CPI,Q14643,compound,protein,0
176167,CPI,Q9Y5Y6,compound,protein,0
176167,CPI,Q7LG56,compound,protein,0
176167,CPI,Q96PD7,compound,protein,0
176167,CPI,Q86TP1,compound,protein,0
176407,CPI,Q5JUK3,compound,protein,0
176408,CPI,P29274,compound,protein,1
176870,CPI,O00329,compound,protein,1
176870,CPI,O14757,compound,protein,1
176870,CPI,O75385,compound,protein,1
176870,CPI,O94804,compound,protein,1
176870,CPI,P06213,compound,protein,1
176870,CPI,P08922,compound,protein,1
176870,CPI,P22455,compound,protein,1
176870,CPI,P27361,compound,protein,1
176870,CPI,P27448,compound,protein,1
176870,CPI,P34947,compound,protein,1
176870,CPI,P78356,compound,protein,1
176870,CPI,Q06418,compound,protein,1
176870,CPI,Q16816,compound,protein,1
176870,CPI,Q86Y07,compound,protein,1
176870,CPI,Q96GD4,compound,protein,1
176870,CPI,Q9H2K8,compound,protein,1
176870,CPI,Q9UKE5,compound,protein,1
176870,CPI,Q9Y2U5,compound,protein,1
176870,CPI,Q5NUL3,compound,protein,0
176870,CPI,Q9H4A3,compound,protein,0
176870,CPI,Q71U36,compound,protein,0
176870,CPI,P49238,compound,protein,0
176870,CPI,Q9NPC1,compound,protein,0
176870,CPI,Q16720,compound,protein,0
176870,CPI,P03905,compound,protein,0
176870,CPI,P05230,compound,protein,0
176870,CPI,Q9UM07,compound,protein,0
176873,CPI,P06241,compound,protein,0
177236,CPI,O43306,compound,protein,0
17748,CPI,P84022,compound,protein,1
1775,CPI,P49356,compound,protein,0
17754438,CPI,P17948,compound,protein,1
17754438,CPI,Q06187,compound,protein,1
17754438,CPI,Q07912,compound,protein,1
17754438,CPI,Q9BZ95,compound,protein,0
17754438,CPI,Q15825,compound,protein,0
17754438,CPI,P32418,compound,protein,0
17755052,CPI,O00444,compound,protein,1
17755052,CPI,O75385,compound,protein,1
17755052,CPI,P16083,compound,protein,1
17755052,CPI,P24941,compound,protein,1
17755052,CPI,P29597,compound,protein,1
17755052,CPI,P30530,compound,protein,1
17755052,CPI,P42345,compound,protein,1
17755052,CPI,P49674,compound,protein,1
17755052,CPI,P78356,compound,protein,1
17755052,CPI,Q04771,compound,protein,1
17755052,CPI,Q16539,compound,protein,1
17755052,CPI,Q16620,compound,protein,1
17755052,CPI,Q8IYT8,compound,protein,1
17755052,CPI,Q96RR4,compound,protein,1
17755052,CPI,Q9UK32,compound,protein,1
17755052,CPI,Q9Y2H1,compound,protein,1
17755052,CPI,Q14833,compound,protein,0
17755052,CPI,P02708,compound,protein,0
17755052,CPI,P16860,compound,protein,0
17755052,CPI,P63000,compound,protein,0
17755052,CPI,P14410,compound,protein,0
17755052,CPI,Q8N5K1,compound,protein,0
17755052,CPI,O95136,compound,protein,0
17755052,CPI,P11229,compound,protein,0
17755052,CPI,P28562,compound,protein,0
17755052,CPI,Q99835,compound,protein,0
17755052,CPI,P78536,compound,protein,0
17755052,CPI,P51512,compound,protein,0
17755052,CPI,Q14654,compound,protein,0
17755052,CPI,P29762,compound,protein,0
17755052,CPI,Q9UGC6,compound,protein,0
17755052,CPI,Q9Y5Y4,compound,protein,0
17755052,CPI,Q9H8M2,compound,protein,0
17756785,CPI,P08913,compound,protein,0
17756939,CPI,P14416,compound,protein,0
17757086,CPI,Q16236,compound,protein,1
1779,CPI,P21728,compound,protein,0
178,CPI,P54132,compound,protein,1
1780,CPI,Q9NUW8,compound,protein,1
1780,CPI,Q8N4C6,compound,protein,0
1780,CPI,P35367,compound,protein,0
178024,CPI,P21731,compound,protein,0
1794,CPI,Q9UKT9,compound,protein,0
1794427,CPI,P48145,compound,protein,0
1797,CPI,Q9NQS7,compound,protein,0
180081,CPI,Q99714,compound,protein,1
180081,CPI,P20248,compound,protein,0
180559,CPI,P21728,compound,protein,0
180933,CPI,O15296,compound,protein,1
1814489,CPI,Q9BQF6,compound,protein,1
1817779,CPI,P04637,compound,protein,1
1817779,CPI,Q86SG6,compound,protein,0
18283,CPI,O43193,compound,protein,1
18283,CPI,P04150,compound,protein,1
18283,CPI,P43681,compound,protein,1
18283,CPI,P54132,compound,protein,1
18283,CPI,Q9NRC8,compound,protein,0
18283,CPI,P13861,compound,protein,0
1830,CPI,Q15131,compound,protein,0
183470,CPI,Q86SG6,compound,protein,0
18381,CPI,O94925,compound,protein,1
184644,CPI,O75496,compound,protein,0
1853,CPI,P09874,compound,protein,1
1858,CPI,P35367,compound,protein,0
18680317,CPI,Q92769,compound,protein,1
18680317,CPI,Q86SG6,compound,protein,0
187,CPI,P25103,compound,protein,1
187079,CPI,P23975,compound,protein,0
18721,CPI,Q14978,compound,protein,0
1889993,CPI,Q12772,compound,protein,1
1893,CPI,P27695,compound,protein,1
1893,CPI,Q9NUW8,compound,protein,1
1893,CPI,P31689,compound,protein,0
1893668,CPI,P30086,compound,protein,0
1893668,CPI,P16220,compound,protein,0
189562,CPI,Q8WXD0,compound,protein,0
189562,CPI,P20248,compound,protein,0
189748,CPI,Q92847,compound,protein,0
19003,CPI,P35367,compound,protein,1
19003,CPI,Q92847,compound,protein,1
1901244,CPI,P35626,compound,protein,0
192197,CPI,P23975,compound,protein,0
1923,CPI,P13861,compound,protein,0
192706,CPI,Q9NUW8,compound,protein,1
192706,CPI,Q92847,compound,protein,0
193962,CPI,Q9UM07,compound,protein,0
1963150,CPI,P41240,compound,protein,0
1967,CPI,P33991,compound,protein,0
1967,CPI,Q9NSD9,compound,protein,0
196841,CPI,P08684,compound,protein,1
196968,CPI,P28335,compound,protein,1
197033,CPI,P06276,compound,protein,1
197033,CPI,P14416,compound,protein,1
197033,CPI,P55212,compound,protein,0
197383,CPI,O14757,compound,protein,0
197383,CPI,Q96L34,compound,protein,0
1978,CPI,P08588,compound,protein,1
1978,CPI,P18825,compound,protein,1
1981,CPI,P01111,compound,protein,0
1986,CPI,Q9ULX7,compound,protein,1
1986,CPI,P99999,compound,protein,0
1989,CPI,O95977,compound,protein,0
1989,CPI,P43490,compound,protein,0
199472,CPI,Q9BTZ2,compound,protein,0
2016258,CPI,Q8WZA2,compound,protein,1
2022,CPI,Q01538,compound,protein,0
202225,CPI,P04150,compound,protein,1
202225,CPI,O15151,compound,protein,0
202225,CPI,Q9Y5N1,compound,protein,0
20279,CPI,P09884,compound,protein,1
20279,CPI,P33121,compound,protein,0
2031,CPI,O95342,compound,protein,0
20393,CPI,P37231,compound,protein,1
2040,CPI,P08172,compound,protein,1
2048,CPI,Q9NUW8,compound,protein,1
20507134,CPI,Q9Y572,compound,protein,0
2051,CPI,Q16539,compound,protein,1
2051,CPI,O14744,compound,protein,0
2052,CPI,P10636,compound,protein,1
2052,CPI,P80511,compound,protein,0
20555075,CPI,Q9Y5N1,compound,protein,0
205912,CPI,Q92630,compound,protein,0
2061,CPI,P00533,compound,protein,1
2061,CPI,Q16665,compound,protein,1
2061,CPI,Q6W5P4,compound,protein,1
2063,CPI,Q7RTN6,compound,protein,0
2068,CPI,O75874,compound,protein,0
2081,CPI,Q7LG56,compound,protein,0
2082,CPI,O75874,compound,protein,1
2082,CPI,P16152,compound,protein,0
2083,CPI,O75469,compound,protein,1
2083,CPI,P25021,compound,protein,1
2083,CPI,Q92847,compound,protein,1
2083,CPI,Q99808,compound,protein,1
2083,CPI,O95551,compound,protein,0
20854254,CPI,P41145,compound,protein,1
20862025,CPI,Q9UPZ9,compound,protein,0
20862034,CPI,Q9NYY3,compound,protein,0
20876331,CPI,O60674,compound,protein,0
2088,CPI,P08172,compound,protein,1
2088,CPI,P20309,compound,protein,1
2088,CPI,P23469,compound,protein,1
2088,CPI,P43681,compound,protein,1
208898,CPI,P31645,compound,protein,1
208898,CPI,P11217,compound,protein,0
208898,CPI,O75643,compound,protein,0
208898,CPI,P33991,compound,protein,0
208898,CPI,P41231,compound,protein,0
208898,CPI,P12314,compound,protein,0
208901,CPI,P37231,compound,protein,1
208902,CPI,P07947,compound,protein,0
208908,CPI,O00444,compound,protein,1
208908,CPI,O00506,compound,protein,1
208908,CPI,O43318,compound,protein,1
208908,CPI,O96013,compound,protein,1
208908,CPI,P07333,compound,protein,1
208908,CPI,P22455,compound,protein,1
208908,CPI,P27361,compound,protein,1
208908,CPI,P34947,compound,protein,1
208908,CPI,P42336,compound,protein,1
208908,CPI,P45984,compound,protein,1
208908,CPI,P49137,compound,protein,1
208908,CPI,Q13470,compound,protein,1
208908,CPI,Q86UX6,compound,protein,1
208908,CPI,Q8IY84,compound,protein,1
208908,CPI,Q8WXR4,compound,protein,1
208908,CPI,Q96BR1,compound,protein,1
208908,CPI,Q9UBE8,compound,protein,1
208908,CPI,Q9Y463,compound,protein,1
208908,CPI,Q9NS85,compound,protein,0
208908,CPI,P24046,compound,protein,0
208908,CPI,Q6NUM9,compound,protein,0
208908,CPI,P09210,compound,protein,0
208908,CPI,Q99972,compound,protein,0
208908,CPI,O95237,compound,protein,0
208908,CPI,P06746,compound,protein,0
208908,CPI,P08253,compound,protein,0
208953,CPI,P51956,compound,protein,0
2090,CPI,O14727,compound,protein,1
2094,CPI,Q9P0J0,compound,protein,0
2094,CPI,Q9HBH9,compound,protein,0
2099,CPI,O75469,compound,protein,1
2099,CPI,P32238,compound,protein,1
210332,CPI,P12429,compound,protein,0
210332,CPI,Q9Y239,compound,protein,0
2107,CPI,Q01813,compound,protein,0
2116,CPI,P10636,compound,protein,1
2116,CPI,P00390,compound,protein,0
2118,CPI,Q8N1C3,compound,protein,1
2118,CPI,Q9H7Z7,compound,protein,0
2119,CPI,P00734,compound,protein,1
2119,CPI,Q14839,compound,protein,0
2120347,CPI,Q16236,compound,protein,1
2120347,CPI,Q8IYT8,compound,protein,0
2123,CPI,P11229,compound,protein,1
2123,CPI,P14416,compound,protein,1
2123,CPI,P29274,compound,protein,1
2123,CPI,Q13510,compound,protein,0
2123,CPI,Q92843,compound,protein,0
2123,CPI,P78536,compound,protein,0
2125,CPI,P34972,compound,protein,1
2126,CPI,P31645,compound,protein,0
2130,CPI,P04150,compound,protein,1
213023,CPI,Q9H255,compound,protein,0
213040,CPI,P08183,compound,protein,1
213040,CPI,Q96Q83,compound,protein,0
213040,CPI,P52564,compound,protein,0
213046,CPI,P21728,compound,protein,1
213056,CPI,P54760,compound,protein,0
2131,CPI,P41145,compound,protein,1
2132,CPI,P12429,compound,protein,0
2132,CPI,P62993,compound,protein,0
2132,CPI,Q96KQ7,compound,protein,0
2133,CPI,Q8N5Y8,compound,protein,0
2143,CPI,Q9NS85,compound,protein,1
214347,CPI,P28562,compound,protein,0
2146,CPI,P39748,compound,protein,1
2148,CPI,Q16665,compound,protein,1
2153,CPI,P18825,compound,protein,1
2153,CPI,Q96KQ7,compound,protein,1
2153,CPI,Q13946,compound,protein,0
2155128,CPI,O75874,compound,protein,0
2157,CPI,P35372,compound,protein,1
2157,CPI,Q9P0X4,compound,protein,1
2157,CPI,Q9H2K8,compound,protein,0
21584481,CPI,Q13627,compound,protein,0
2160,CPI,P14416,compound,protein,1
2160,CPI,P21554,compound,protein,1
2160,CPI,P21728,compound,protein,1
2160,CPI,P47900,compound,protein,0
2160,CPI,Q06124,compound,protein,0
2160,CPI,Q9Y265,compound,protein,0
2162,CPI,O95069,compound,protein,1
2162,CPI,P62993,compound,protein,0
216210,CPI,P07477,compound,protein,1
216210,CPI,Q9Y2U5,compound,protein,0
216237,CPI,O95342,compound,protein,1
216239,CPI,O00506,compound,protein,1
216239,CPI,O00750,compound,protein,1
216239,CPI,O75582,compound,protein,1
216239,CPI,P07333,compound,protein,1
216239,CPI,P19525,compound,protein,1
216239,CPI,P21397,compound,protein,1
216239,CPI,P29320,compound,protein,1
216239,CPI,P36888,compound,protein,1
216239,CPI,P51956,compound,protein,1
216239,CPI,Q12852,compound,protein,1
216239,CPI,Q13177,compound,protein,1
216239,CPI,Q14289,compound,protein,1
216239,CPI,Q5S007,compound,protein,1
216239,CPI,Q8N568,compound,protein,1
216239,CPI,Q99640,compound,protein,1
216239,CPI,Q9H2K8,compound,protein,1
216239,CPI,Q9H4B4,compound,protein,1
216239,CPI,P04792,compound,protein,0
216239,CPI,Q9Y239,compound,protein,0
216239,CPI,P22459,compound,protein,0
216239,CPI,Q8NBN7,compound,protein,0
216239,CPI,Q13332,compound,protein,0
216239,CPI,Q9Y5S1,compound,protein,0
216239,CPI,P28300,compound,protein,0
216239,CPI,P68366,compound,protein,0
216239,CPI,Q01970,compound,protein,0
216239,CPI,O95551,compound,protein,0
216239,CPI,Q06124,compound,protein,0
216239,CPI,P05981,compound,protein,0
216239,CPI,P14415,compound,protein,0
216239,CPI,Q9H8M2,compound,protein,0
216284,CPI,Q9P0J0,compound,protein,0
216284,CPI,Q8IXQ6,compound,protein,0
216326,CPI,O60885,compound,protein,1
216326,CPI,Q9UKT9,compound,protein,1
216326,CPI,P30559,compound,protein,0
216327,CPI,Q9NUW8,compound,protein,0
216454,CPI,P01111,compound,protein,1
216454,CPI,Q8WXD0,compound,protein,0
2165,CPI,P14416,compound,protein,1
21678144,CPI,Q96KQ7,compound,protein,1
2170,CPI,P08588,compound,protein,1
2170,CPI,P21917,compound,protein,1
2170,CPI,P55211,compound,protein,0
21700,CPI,P10275,compound,protein,1
21700,CPI,Q93009,compound,protein,0
2176,CPI,Q96PY6,compound,protein,0
2179,CPI,P02763,compound,protein,1
2179,CPI,P41145,compound,protein,1
2179,CPI,Q9UBN7,compound,protein,0
2179,CPI,P43235,compound,protein,0
2179,CPI,P49795,compound,protein,0
2182,CPI,P20309,compound,protein,1
2182,CPI,P25021,compound,protein,1
2182,CPI,P29350,compound,protein,0
2182,CPI,Q09472,compound,protein,0
2182,CPI,Q14012,compound,protein,0
219104,CPI,P34995,compound,protein,0
2191501,CPI,Q96QE3,compound,protein,1
2191501,CPI,Q9Y2K2,compound,protein,0
219271,CPI,Q9P2K8,compound,protein,0
219271,CPI,Q8IXJ6,compound,protein,0
2194,CPI,Q08499,compound,protein,1
2196,CPI,P54132,compound,protein,1
2200,CPI,P50406,compound,protein,1
2200,CPI,P49354,compound,protein,0
2201555,CPI,Q9NUW8,compound,protein,1
2201555,CPI,Q14978,compound,protein,0
220184,CPI,P35368,compound,protein,0
22049997,CPI,Q8TCU5,compound,protein,0
2206,CPI,P08913,compound,protein,1
2206,CPI,P21554,compound,protein,1
2206,CPI,P23219,compound,protein,1
2206,CPI,P26196,compound,protein,0
221493,CPI,P04054,compound,protein,0
22228376,CPI,P24941,compound,protein,1
22228376,CPI,P27695,compound,protein,1
22228376,CPI,Q06418,compound,protein,1
22228376,CPI,Q13554,compound,protein,1
22228376,CPI,O00180,compound,protein,0
22228376,CPI,O94759,compound,protein,0
22228376,CPI,P16220,compound,protein,0
22228376,CPI,P45985,compound,protein,0
222528,CPI,O60760,compound,protein,1
222528,CPI,O75496,compound,protein,1
2228302,CPI,Q00535,compound,protein,0
2236,CPI,O75496,compound,protein,1
2236,CPI,P08684,compound,protein,1
224246,CPI,Q86TW2,compound,protein,0
2243732,CPI,P35236,compound,protein,1
2243732,CPI,P07550,compound,protein,0
2244,CPI,O14920,compound,protein,1
2244,CPI,P14416,compound,protein,1
2244,CPI,P25021,compound,protein,1
2244,CPI,P31152,compound,protein,1
2244,CPI,Q12931,compound,protein,0
2244,CPI,P04798,compound,protein,0
2247,CPI,P28335,compound,protein,1
2247,CPI,P43681,compound,protein,1
2247,CPI,Q9Y5N1,compound,protein,1
2247,CPI,Q58F21,compound,protein,0
2247,CPI,O15492,compound,protein,0
2249,CPI,Q9Y2H1,compound,protein,0
2250,CPI,P27487,compound,protein,1
2250975,CPI,P33261,compound,protein,1
2250975,CPI,P21728,compound,protein,0
2265,CPI,P08684,compound,protein,1
2265,CPI,P21728,compound,protein,1
2265,CPI,P07477,compound,protein,0
2265,CPI,Q15842,compound,protein,0
2266,CPI,P21397,compound,protein,1
2266,CPI,P35367,compound,protein,1
2266,CPI,Q9BXA6,compound,protein,0
2267,CPI,P28223,compound,protein,1
227112,CPI,P51692,compound,protein,0
2284,CPI,P21728,compound,protein,1
2286,CPI,Q13976,compound,protein,0
2300608,CPI,P35236,compound,protein,1
2303,CPI,P27695,compound,protein,1
230748,CPI,Q99714,compound,protein,1
2308203,CPI,Q96KQ7,compound,protein,1
2315,CPI,O14924,compound,protein,0
2318,CPI,P24941,compound,protein,0
2320,CPI,Q08499,compound,protein,1
2326992,CPI,P61088,compound,protein,1
2333,CPI,P28223,compound,protein,1
2333,CPI,P33261,compound,protein,1
2335,CPI,P35372,compound,protein,1
23351218,CPI,O00167,compound,protein,0
2336,CPI,P28482,compound,protein,0
2337,CPI,P07550,compound,protein,1
2337,CPI,P14416,compound,protein,1
2337,CPI,P35367,compound,protein,1
2337,CPI,Q9NY46,compound,protein,0
2337,CPI,P11509,compound,protein,0
2343,CPI,O43570,compound,protein,1
2343,CPI,P00918,compound,protein,1
2343,CPI,P55017,compound,protein,1
2343,CPI,Q16790,compound,protein,1
2351,CPI,Q8N4C6,compound,protein,0
2351,CPI,O00571,compound,protein,0
2353,CPI,Q16665,compound,protein,1
23581828,CPI,Q52WX2,compound,protein,0
23612543,CPI,P49336,compound,protein,0
23612554,CPI,P21554,compound,protein,1
23612554,CPI,P41235,compound,protein,0
23612554,CPI,P18825,compound,protein,0
23612567,CPI,Q99700,compound,protein,1
23612567,CPI,Q8IVH8,compound,protein,0
23625762,CPI,P18545,compound,protein,0
23625762,CPI,Q16665,compound,protein,0
23626877,CPI,P05412,compound,protein,0
23631972,CPI,Q86YN6,compound,protein,0
23648021,CPI,P04062,compound,protein,1
23648022,CPI,Q15759,compound,protein,0
23648023,CPI,P04062,compound,protein,1
23648024,CPI,P48736,compound,protein,0
2366,CPI,P05164,compound,protein,0
236702,CPI,P52732,compound,protein,0
236702,CPI,Q8TDV5,compound,protein,0
236702,CPI,P55287,compound,protein,0
237,CPI,P35372,compound,protein,1
237,CPI,P19801,compound,protein,0
2370,CPI,O75469,compound,protein,1
2370,CPI,P08172,compound,protein,1
2370,CPI,P07237,compound,protein,0
23725625,CPI,Q93009,compound,protein,0
2375,CPI,P35372,compound,protein,1
2375,CPI,P53634,compound,protein,0
2378,CPI,P07900,compound,protein,1
2378,CPI,P14416,compound,protein,1
2378,CPI,P30518,compound,protein,1
2381,CPI,P08173,compound,protein,1
2381,CPI,Q12809,compound,protein,1
23897,CPI,P14416,compound,protein,0
2390,CPI,P23443,compound,protein,1
2390,CPI,Q8N4C8,compound,protein,1
2390,CPI,Q9H4B4,compound,protein,1
2390,CPI,P08684,compound,protein,1
2390,CPI,P11473,compound,protein,1
2390,CPI,P27695,compound,protein,1
2390,CPI,P07204,compound,protein,0
2390,CPI,P06400,compound,protein,0
2390,CPI,O00303,compound,protein,0
2390,CPI,O60760,compound,protein,0
2390,CPI,P18031,compound,protein,0
2391,CPI,Q9BRX8,compound,protein,0
2391,CPI,P47900,compound,protein,0
2391,CPI,Q96PY6,compound,protein,0
2396,CPI,P53778,compound,protein,1
2396,CPI,P14598,compound,protein,0
2405,CPI,P41145,compound,protein,1
2405,CPI,P24928,compound,protein,0
2406,CPI,P03372,compound,protein,1
2406,CPI,P18054,compound,protein,1
2406,CPI,P21731,compound,protein,1
2406,CPI,P29274,compound,protein,1
2406,CPI,Q16539,compound,protein,1
2406,CPI,P46059,compound,protein,0
24066,CPI,P28223,compound,protein,1
24066,CPI,P30556,compound,protein,1
24066,CPI,Q99808,compound,protein,1
2416356,CPI,P28223,compound,protein,0
24180719,CPI,O00625,compound,protein,1
24180719,CPI,O75582,compound,protein,1
24180719,CPI,O76039,compound,protein,1
24180719,CPI,P06241,compound,protein,1
24180719,CPI,P07949,compound,protein,1
24180719,CPI,P11802,compound,protein,1
24180719,CPI,P20794,compound,protein,1
24180719,CPI,P49137,compound,protein,1
24180719,CPI,P51812,compound,protein,1
24180719,CPI,Q13177,compound,protein,1
24180719,CPI,Q13976,compound,protein,1
24180719,CPI,Q14004,compound,protein,1
24180719,CPI,Q16620,compound,protein,1
24180719,CPI,Q8TD19,compound,protein,1
24180719,CPI,Q9P289,compound,protein,1
24180719,CPI,Q9UKI8,compound,protein,1
24180719,CPI,Q9Y616,compound,protein,1
24180719,CPI,O60359,compound,protein,0
24180719,CPI,O14649,compound,protein,0
24180719,CPI,Q9BQF6,compound,protein,0
24180719,CPI,P51828,compound,protein,0
24180719,CPI,P84022,compound,protein,0
24180719,CPI,Q02641,compound,protein,0
24180719,CPI,P08912,compound,protein,0
24180719,CPI,Q9P2N6,compound,protein,0
24180719,CPI,Q9Y3S1,compound,protein,0
24180719,CPI,O94925,compound,protein,0
24180719,CPI,P78329,compound,protein,0
24180719,CPI,Q16236,compound,protein,0
24180719,CPI,P37268,compound,protein,0
2419,CPI,P39748,compound,protein,1
241903,CPI,P49721,compound,protein,1
24360,CPI,O75496,compound,protein,1
24360,CPI,Q9BRS2,compound,protein,0
2446,CPI,O00204,compound,protein,0
2448,CPI,Q12931,compound,protein,0
2449454,CPI,Q2M2I8,compound,protein,0
2457,CPI,P23921,compound,protein,0
2460,CPI,Q16637,compound,protein,1
2460,CPI,Q8IYT8,compound,protein,0
2466,CPI,Q92769,compound,protein,0
2466,CPI,Q07002,compound,protein,0
2467,CPI,P50406,compound,protein,0
2471,CPI,Q8N5S9,compound,protein,0
2471,CPI,Q14123,compound,protein,0
24733,CPI,P02585,compound,protein,0
24747152,CPI,P21918,compound,protein,0
24747161,CPI,O75496,compound,protein,1
24747161,CPI,Q9NRP7,compound,protein,0
24747173,CPI,P03372,compound,protein,0
24747174,CPI,Q15746,compound,protein,0
24747181,CPI,P15880,compound,protein,0
24747189,CPI,P16220,compound,protein,0
24747214,CPI,P33261,compound,protein,0
24747216,CPI,Q14004,compound,protein,0
24747246,CPI,P25021,compound,protein,0
24747340,CPI,P38398,compound,protein,1
24747341,CPI,Q8NE63,compound,protein,0
24747342,CPI,P35367,compound,protein,0
24747343,CPI,O95931,compound,protein,0
24748573,CPI,P24941,compound,protein,1
24748573,CPI,Q92630,compound,protein,1
24748573,CPI,P47869,compound,protein,0
24748573,CPI,P34903,compound,protein,0
24748573,CPI,P78329,compound,protein,0
24748573,CPI,Q96RQ3,compound,protein,0
24748573,CPI,Q5T601,compound,protein,0
24748573,CPI,P08172,compound,protein,0
2477,CPI,P43681,compound,protein,1
2477,CPI,Q9Y5N1,compound,protein,1
2477,CPI,P42356,compound,protein,0
24771867,CPI,O00444,compound,protein,1
24771867,CPI,O60674,compound,protein,1
24771867,CPI,P78368,compound,protein,1
24771867,CPI,Q02750,compound,protein,1
24771867,CPI,Q8N4C8,compound,protein,1
24771867,CPI,Q9UQM7,compound,protein,1
24771867,CPI,Q9Y6M4,compound,protein,1
24771867,CPI,P05023,compound,protein,0
24771867,CPI,Q9UGC6,compound,protein,0
24771867,CPI,P20292,compound,protein,0
24771867,CPI,P15328,compound,protein,0
24771867,CPI,P35913,compound,protein,0
24775005,CPI,P07550,compound,protein,1
24775005,CPI,P53634,compound,protein,0
24776445,CPI,P14416,compound,protein,1
24776445,CPI,P24468,compound,protein,0
24779724,CPI,O00750,compound,protein,1
24779724,CPI,O43293,compound,protein,1
24779724,CPI,O75460,compound,protein,1
24779724,CPI,P14616,compound,protein,1
24779724,CPI,P35968,compound,protein,1
24779724,CPI,P41240,compound,protein,1
24779724,CPI,P42336,compound,protein,1
24779724,CPI,Q15746,compound,protein,1
24779724,CPI,Q16584,compound,protein,1
24779724,CPI,Q16620,compound,protein,1
24779724,CPI,Q32MK0,compound,protein,1
24779724,CPI,Q96BR1,compound,protein,1
24779724,CPI,Q9P2K8,compound,protein,1
24779724,CPI,Q9Y2U5,compound,protein,1
24779724,CPI,P15328,compound,protein,0
24779724,CPI,P41440,compound,protein,0
24779724,CPI,Q9HCN6,compound,protein,0
24779724,CPI,P25024,compound,protein,0
24779724,CPI,Q9UPY5,compound,protein,0
24779724,CPI,P05121,compound,protein,0
24779724,CPI,P53634,compound,protein,0
24794418,CPI,Q12851,compound,protein,1
24795070,CPI,P42261,compound,protein,0
2480,CPI,P10253,compound,protein,1
24800541,CPI,Q96PR1,compound,protein,0
2481,CPI,P07550,compound,protein,1
2481,CPI,P34903,compound,protein,1
2481,CPI,Q8NEB9,compound,protein,0
2482,CPI,O00305,compound,protein,1
2482,CPI,O00555,compound,protein,1
2482,CPI,Q96NR8,compound,protein,0
24820091,CPI,P51956,compound,protein,0
24821094,CPI,O14980,compound,protein,0
24821094,CPI,Q9UGI6,compound,protein,0
24826799,CPI,O14976,compound,protein,1
24826799,CPI,P29376,compound,protein,1
24826799,CPI,O15492,compound,protein,0
24826799,CPI,P00492,compound,protein,0
24826799,CPI,P45452,compound,protein,0
24826799,CPI,O95271,compound,protein,0
24826799,CPI,P14555,compound,protein,0
2482839,CPI,O75496,compound,protein,0
2484,CPI,P18825,compound,protein,1
24856041,CPI,P16083,compound,protein,1
24856041,CPI,Q9Y2W1,compound,protein,1
24856224,CPI,P10636,compound,protein,0
24856237,CPI,Q9NYY3,compound,protein,0
24856313,CPI,Q15375,compound,protein,0
24856436,CPI,O60674,compound,protein,1
24856436,CPI,P43405,compound,protein,1
24856436,CPI,P52333,compound,protein,1
24856436,CPI,P23921,compound,protein,0
24856436,CPI,Q16445,compound,protein,0
24857286,CPI,P46734,compound,protein,0
24857885,CPI,P17706,compound,protein,1
24864821,CPI,P08684,compound,protein,1
24864821,CPI,P60568,compound,protein,0
24875320,CPI,Q99714,compound,protein,0
24889392,CPI,O00506,compound,protein,1
24889392,CPI,O14757,compound,protein,1
24889392,CPI,O94804,compound,protein,1
24889392,CPI,P14616,compound,protein,1
24889392,CPI,P51957,compound,protein,1
24889392,CPI,P54762,compound,protein,1
24889392,CPI,Q13470,compound,protein,1
24889392,CPI,Q14004,compound,protein,1
24889392,CPI,Q16620,compound,protein,1
24889392,CPI,Q52WX2,compound,protein,1
24889392,CPI,Q6DT37,compound,protein,1
24889392,CPI,Q96L34,compound,protein,1
24889392,CPI,Q96NX5,compound,protein,1
24889392,CPI,Q99755,compound,protein,1
24889392,CPI,Q9NY57,compound,protein,1
24889392,CPI,Q9NYY3,compound,protein,1
24889392,CPI,Q9Y2H1,compound,protein,1
24889392,CPI,P30559,compound,protein,0
24889392,CPI,Q8N5K1,compound,protein,0
24889392,CPI,P17405,compound,protein,0
24889392,CPI,A5X5Y0,compound,protein,0
24889392,CPI,Q10471,compound,protein,0
24889392,CPI,Q99873,compound,protein,0
24889392,CPI,Q02817,compound,protein,0
24889392,CPI,P22309,compound,protein,0
24889392,CPI,P05177,compound,protein,0
24905203,CPI,P42345,compound,protein,1
24905203,CPI,O14727,compound,protein,0
24905203,CPI,Q9NQU5,compound,protein,0
24963252,CPI,Q99720,compound,protein,0
24963293,CPI,Q08493,compound,protein,1
24964624,CPI,P31751,compound,protein,1
24964624,CPI,Q99808,compound,protein,0
24965990,CPI,P30307,compound,protein,0
24978538,CPI,P32238,compound,protein,0
24989044,CPI,P48736,compound,protein,1
24989044,CPI,Q14376,compound,protein,0
24989044,CPI,Q96KQ7,compound,protein,0
24995524,CPI,O15530,compound,protein,1
24995524,CPI,O96013,compound,protein,1
24995524,CPI,P00533,compound,protein,1
24995524,CPI,P06213,compound,protein,1
24995524,CPI,P27448,compound,protein,1
24995524,CPI,P45984,compound,protein,1
24995524,CPI,Q16513,compound,protein,1
24995524,CPI,Q86V86,compound,protein,1
24995524,CPI,Q9NR20,compound,protein,1
24995524,CPI,Q9Y6M4,compound,protein,1
24995524,CPI,O60359,compound,protein,0
24995524,CPI,P39086,compound,protein,0
24995524,CPI,Q70Z44,compound,protein,0
24995524,CPI,Q02127,compound,protein,0
24995524,CPI,P20648,compound,protein,0
24995524,CPI,Q14957,compound,protein,0
25019940,CPI,Q99759,compound,protein,0
25019940,CPI,Q96P20,compound,protein,0
25021165,CPI,P07947,compound,protein,1
25022668,CPI,Q9Y466,compound,protein,0
25022668,CPI,Q9NYR8,compound,protein,0
25033539,CPI,O00305,compound,protein,0
25062766,CPI,Q04771,compound,protein,1
25062766,CPI,Q9UPZ9,compound,protein,1
25062766,CPI,Q9Y2K2,compound,protein,1
25062766,CPI,P55157,compound,protein,0
25062766,CPI,Q00975,compound,protein,0
25062766,CPI,P26599,compound,protein,0
25066467,CPI,Q5S007,compound,protein,1
25066467,CPI,Q9Y466,compound,protein,0
25066467,CPI,Q99250,compound,protein,0
25066467,CPI,Q05586,compound,protein,0
25067492,CPI,P08912,compound,protein,0
25099184,CPI,P41968,compound,protein,0
25102847,CPI,P00533,compound,protein,1
25102847,CPI,P42684,compound,protein,1
25102847,CPI,Q9Y572,compound,protein,1
25102847,CPI,O15492,compound,protein,0
25105715,CPI,P22607,compound,protein,0
25109896,CPI,P20794,compound,protein,0
25109911,CPI,Q92753,compound,protein,0
25109912,CPI,P19838,compound,protein,0
25117126,CPI,P29597,compound,protein,1
25117126,CPI,Q92918,compound,protein,1
25117126,CPI,P03886,compound,protein,0
25124816,CPI,P06239,compound,protein,1
25124816,CPI,Q96L73,compound,protein,0
25124816,CPI,P42261,compound,protein,0
25126798,CPI,O14578,compound,protein,1
25126798,CPI,O96013,compound,protein,1
25126798,CPI,P14616,compound,protein,1
25126798,CPI,P27448,compound,protein,1
25126798,CPI,P49840,compound,protein,1
25126798,CPI,Q12866,compound,protein,1
25126798,CPI,Q13523,compound,protein,1
25126798,CPI,Q15759,compound,protein,1
25126798,CPI,Q16513,compound,protein,1
25126798,CPI,Q16566,compound,protein,1
25126798,CPI,Q8TD19,compound,protein,1
25126798,CPI,Q9BZL6,compound,protein,1
25126798,CPI,Q9H1R3,compound,protein,1
25126798,CPI,Q9NWZ3,compound,protein,1
25126798,CPI,Q9Y243,compound,protein,1
25126798,CPI,P29475,compound,protein,0
25126798,CPI,Q96NT5,compound,protein,0
25126798,CPI,O75030,compound,protein,0
25126798,CPI,P14210,compound,protein,0
25126798,CPI,P10828,compound,protein,0
25126798,CPI,Q16654,compound,protein,0
25126798,CPI,P04798,compound,protein,0
25126798,CPI,P14625,compound,protein,0
25126798,CPI,P51172,compound,protein,0
25126798,CPI,P22303,compound,protein,0
25126798,CPI,P18545,compound,protein,0
25134326,CPI,Q9H422,compound,protein,0
25150857,CPI,Q96L73,compound,protein,0
25150857,CPI,Q08257,compound,protein,0
25151504,CPI,P08684,compound,protein,1
25161177,CPI,Q08345,compound,protein,1
25161177,CPI,Q13233,compound,protein,1
25161177,CPI,Q15759,compound,protein,1
25161177,CPI,Q16539,compound,protein,1
25161177,CPI,Q96RP8,compound,protein,0
25171648,CPI,P08581,compound,protein,1
25171648,CPI,Q14376,compound,protein,0
25181240,CPI,P15121,compound,protein,0
25182616,CPI,P14616,compound,protein,1
25182616,CPI,P42685,compound,protein,1
25182616,CPI,P53350,compound,protein,1
25182616,CPI,P54646,compound,protein,1
25182616,CPI,Q13177,compound,protein,1
25182616,CPI,Q13554,compound,protein,1
25182616,CPI,Q15303,compound,protein,1
25182616,CPI,Q7KZI7,compound,protein,1
25182616,CPI,Q86V86,compound,protein,1
25182616,CPI,Q8IY84,compound,protein,1
25182616,CPI,Q8N5S9,compound,protein,1
25182616,CPI,Q8TD19,compound,protein,1
25182616,CPI,Q8WXR4,compound,protein,1
25182616,CPI,Q9BUB5,compound,protein,1
25182616,CPI,Q9BVS4,compound,protein,1
25182616,CPI,Q9NSY1,compound,protein,1
25182616,CPI,Q9UBF8,compound,protein,1
25182616,CPI,Q9UF33,compound,protein,1
25182616,CPI,Q9Y243,compound,protein,1
25182616,CPI,Q9Y6E0,compound,protein,1
25182616,CPI,P10827,compound,protein,0
25182616,CPI,Q9NPA1,compound,protein,0
25182616,CPI,P49798,compound,protein,0
25182616,CPI,P29460,compound,protein,0
25182616,CPI,P30874,compound,protein,0
25182616,CPI,P57764,compound,protein,0
25182616,CPI,P98066,compound,protein,0
25182616,CPI,P25963,compound,protein,0
25182616,CPI,Q9NPC1,compound,protein,0
25182616,CPI,P21731,compound,protein,0
2519,CPI,O75496,compound,protein,1
2519,CPI,Q9UNQ0,compound,protein,0
2519,CPI,Q8WZA2,compound,protein,0
2519,CPI,Q8TDR2,compound,protein,0
2519,CPI,Q56UN5,compound,protein,0
25195294,CPI,P27037,compound,protein,1
25195294,CPI,P51857,compound,protein,0
25195352,CPI,Q14289,compound,protein,1
25199538,CPI,Q9Y263,compound,protein,1
2520,CPI,O43193,compound,protein,1
2520,CPI,P33527,compound,protein,1
2520,CPI,P35367,compound,protein,1
2520,CPI,Q14654,compound,protein,1
2520,CPI,Q96RQ3,compound,protein,0
2520,CPI,P29322,compound,protein,0
2520,CPI,Q9H2G2,compound,protein,0
2520,CPI,Q8N3A8,compound,protein,0
25209788,CPI,P04626,compound,protein,0
25227462,CPI,P51946,compound,protein,1
25227462,CPI,Q06187,compound,protein,1
25227462,CPI,Q07002,compound,protein,1
25227462,CPI,Q13043,compound,protein,1
25227462,CPI,Q15208,compound,protein,1
25227462,CPI,Q15418,compound,protein,1
25227462,CPI,Q16445,compound,protein,0
25227462,CPI,P00749,compound,protein,0
25227462,CPI,P49407,compound,protein,0
25227462,CPI,P48048,compound,protein,0
25227462,CPI,P09429,compound,protein,0
25243729,CPI,Q03431,compound,protein,0
25243729,CPI,P29762,compound,protein,0
25243744,CPI,P21554,compound,protein,0
25243774,CPI,P35354,compound,protein,0
25243779,CPI,O75164,compound,protein,0
25243780,CPI,Q99504,compound,protein,0
25243782,CPI,P19525,compound,protein,0
25243785,CPI,O14980,compound,protein,0
25243788,CPI,P50406,compound,protein,0
25246343,CPI,P51617,compound,protein,0
25254071,CPI,P42345,compound,protein,1
25295,CPI,Q12908,compound,protein,0
253078,CPI,P05177,compound,protein,1
253078,CPI,Q9NUW8,compound,protein,1
2536,CPI,P21452,compound,protein,1
2536,CPI,P22459,compound,protein,0
253602,CPI,P84022,compound,protein,1
253602,CPI,Q8TC12,compound,protein,0
253602,CPI,P30559,compound,protein,0
2540,CPI,Q9NZK7,compound,protein,0
2540,CPI,P49286,compound,protein,0
2541,CPI,P21917,compound,protein,1
2541,CPI,O96013,compound,protein,0
2549,CPI,Q13148,compound,protein,1
2549,CPI,Q96KQ7,compound,protein,1
2549,CPI,P07550,compound,protein,0
2551,CPI,P41968,compound,protein,1
2551,CPI,Q86TW2,compound,protein,0
2554,CPI,Q12866,compound,protein,0
2554,CPI,P21728,compound,protein,0
2562,CPI,P08684,compound,protein,1
2562,CPI,P35499,compound,protein,1
2562,CPI,Q12809,compound,protein,1
2562,CPI,Q99835,compound,protein,0
2564,CPI,Q12866,compound,protein,0
25668960,CPI,O94925,compound,protein,1
2576,CPI,P03372,compound,protein,1
2576,CPI,P21554,compound,protein,1
2576,CPI,P41145,compound,protein,1
2576,CPI,P09488,compound,protein,0
2576,CPI,Q06203,compound,protein,0
25791508,CPI,O43193,compound,protein,0
2581,CPI,P18825,compound,protein,1
2581,CPI,P21397,compound,protein,1
2581,CPI,O95747,compound,protein,0
2583,CPI,P07339,compound,protein,0
2583,CPI,P09429,compound,protein,0
2583,CPI,Q99571,compound,protein,0
2583,CPI,Q9Y6E0,compound,protein,0
2585,CPI,O43193,compound,protein,1
2585,CPI,P14416,compound,protein,1
2585,CPI,P16860,compound,protein,1
2585,CPI,P21397,compound,protein,1
2585,CPI,Q16678,compound,protein,1
26043913,CPI,P08913,compound,protein,0
260972,CPI,P21397,compound,protein,0
262093,CPI,P04406,compound,protein,1
262093,CPI,P10636,compound,protein,1
262093,CPI,Q16637,compound,protein,1
26248,CPI,P09917,compound,protein,1
265237,CPI,O95069,compound,protein,0
265237,CPI,O94782,compound,protein,0
2662,CPI,P00915,compound,protein,1
2662,CPI,P08172,compound,protein,1
2662,CPI,P08173,compound,protein,1
2662,CPI,P08913,compound,protein,1
2662,CPI,P18825,compound,protein,1
2662,CPI,P50613,compound,protein,0
2662,CPI,P02768,compound,protein,0
2663,CPI,P13945,compound,protein,1
2663,CPI,Q9H773,compound,protein,0
266934,CPI,Q92772,compound,protein,0
26757,CPI,P32238,compound,protein,1
26757,CPI,Q96KQ7,compound,protein,1
26757,CPI,P36542,compound,protein,0
2678,CPI,P34949,compound,protein,0
2678,CPI,P42356,compound,protein,0
2687,CPI,O00459,compound,protein,0
2688,CPI,P10636,compound,protein,1
2689,CPI,O15296,compound,protein,1
2690,CPI,P10828,compound,protein,1
2690,CPI,P21728,compound,protein,1
2690,CPI,P49674,compound,protein,1
2690,CPI,Q8WUI4,compound,protein,0
2690,CPI,P29475,compound,protein,0
2691,CPI,P08684,compound,protein,0
26937,CPI,P11137,compound,protein,0
26987,CPI,P31645,compound,protein,1
26987,CPI,P50406,compound,protein,1
26987,CPI,Q15842,compound,protein,0
26987,CPI,P29466,compound,protein,0
2703,CPI,P27695,compound,protein,1
2703,CPI,Q99700,compound,protein,1
2708,CPI,Q13873,compound,protein,0
2710,CPI,P11229,compound,protein,1
2712,CPI,Q8IWT1,compound,protein,0
2713,CPI,O75751,compound,protein,1
2713,CPI,P21397,compound,protein,1
2713,CPI,P23975,compound,protein,1
2713,CPI,P49761,compound,protein,1
2713,CPI,Q92630,compound,protein,1
2713,CPI,Q9H2K8,compound,protein,0
2717,CPI,P07550,compound,protein,1
2717,CPI,P08588,compound,protein,1
2719,CPI,P05067,compound,protein,1
2719,CPI,P08173,compound,protein,1
2719,CPI,P31645,compound,protein,1
2719,CPI,P41145,compound,protein,1
2719,CPI,P30989,compound,protein,0
2719,CPI,P11362,compound,protein,0
2719,CPI,P11474,compound,protein,0
2720,CPI,P55017,compound,protein,1
2720,CPI,Q8IXJ6,compound,protein,0
2724354,CPI,P00734,compound,protein,1
2724385,CPI,P07437,compound,protein,0
2724385,CPI,Q9UQB9,compound,protein,0
2724385,CPI,Q9H0K1,compound,protein,0
2724385,CPI,O15244,compound,protein,0
2725,CPI,P35372,compound,protein,1
2725,CPI,Q9ULX7,compound,protein,0
2726,CPI,P11229,compound,protein,1
2726,CPI,Q06278,compound,protein,1
2726,CPI,Q15393,compound,protein,0
2726824,CPI,O95271,compound,protein,1
2726824,CPI,O00305,compound,protein,0
2727,CPI,P05771,compound,protein,0
2728,CPI,P03372,compound,protein,1
272833,CPI,Q6NUM9,compound,protein,0
2730,CPI,Q99714,compound,protein,1
2732,CPI,P00918,compound,protein,1
2732,CPI,P07550,compound,protein,1
2732,CPI,P21554,compound,protein,1
2732,CPI,Q92847,compound,protein,1
2732,CPI,P60709,compound,protein,0
2733,CPI,P41968,compound,protein,1
2733526,CPI,P28223,compound,protein,1
2733526,CPI,P35367,compound,protein,1
2733526,CPI,P35372,compound,protein,1
2733526,CPI,P51956,compound,protein,0
2733526,CPI,P05093,compound,protein,0
2733526,CPI,Q52WX2,compound,protein,0
2733526,CPI,Q5NUL3,compound,protein,0
2733526,CPI,Q86V24,compound,protein,0
273769,CPI,P14902,compound,protein,1
273769,CPI,Q9UHC3,compound,protein,0
27400,CPI,P21554,compound,protein,1
27400,CPI,P21728,compound,protein,1
27400,CPI,Q9P2K8,compound,protein,0
2741632,CPI,Q04759,compound,protein,0
27447,CPI,P07305,compound,protein,0
27447,CPI,Q2M2I8,compound,protein,0
2746,CPI,Q13547,compound,protein,1
2749,CPI,O75385,compound,protein,0
2750,CPI,P21728,compound,protein,1
2750,CPI,O43614,compound,protein,0
2752,CPI,O75469,compound,protein,1
2752,CPI,P30411,compound,protein,1
2752,CPI,P30518,compound,protein,1
2752,CPI,Q14524,compound,protein,1
2752,CPI,Q15046,compound,protein,1
2752,CPI,P18054,compound,protein,0
2752,CPI,P29322,compound,protein,0
2753,CPI,O00764,compound,protein,0
27559,CPI,P28335,compound,protein,1
2756,CPI,P25021,compound,protein,1
2756,CPI,P42345,compound,protein,0
2761,CPI,Q8TCG2,compound,protein,0
2761,CPI,O75030,compound,protein,0
2762,CPI,P08253,compound,protein,0
2762,CPI,O95747,compound,protein,0
2764,CPI,P34969,compound,protein,1
2764,CPI,P35372,compound,protein,1
27648,CPI,P51957,compound,protein,0
2765,CPI,P42224,compound,protein,0
2765,CPI,Q13470,compound,protein,0
27661,CPI,P33261,compound,protein,0
2769,CPI,P08172,compound,protein,1
2769,CPI,P41143,compound,protein,1
2769,CPI,Q9Y5N1,compound,protein,1
2769,CPI,O15554,compound,protein,0
2771,CPI,P21397,compound,protein,1
2771,CPI,P21554,compound,protein,1
2771,CPI,Q99720,compound,protein,1
2771,CPI,Q9Y5N1,compound,protein,1
2771,CPI,P20366,compound,protein,0
2772126,CPI,P49761,compound,protein,0
2775426,CPI,O75496,compound,protein,1
2775510,CPI,P49798,compound,protein,1
2777,CPI,P45452,compound,protein,1
2777391,CPI,Q9Y6K1,compound,protein,0
2780,CPI,O43306,compound,protein,0
27812,CPI,P04150,compound,protein,1
27812,CPI,Q14432,compound,protein,1
2782,CPI,P08172,compound,protein,1
2782,CPI,P43403,compound,protein,0
2783,CPI,P08588,compound,protein,1
2784,CPI,P08648,compound,protein,0
2788,CPI,P21731,compound,protein,1
2788,CPI,Q16637,compound,protein,1
2788,CPI,Q8TDR2,compound,protein,0
27924,CPI,Q02156,compound,protein,1
2794,CPI,P35367,compound,protein,1
2794,CPI,O60488,compound,protein,0
2797,CPI,Q9NUW8,compound,protein,1
2797,CPI,P37231,compound,protein,0
2797,CPI,Q13418,compound,protein,0
2799,CPI,P51649,compound,protein,0
2801,CPI,P50406,compound,protein,1
2801,CPI,P24941,compound,protein,0
2801,CPI,P42262,compound,protein,0
2801,CPI,Q86Y07,compound,protein,0
2802,CPI,P18505,compound,protein,1
2802,CPI,P18825,compound,protein,1
2802,CPI,P55157,compound,protein,0
2802190,CPI,Q96KQ7,compound,protein,1
2802894,CPI,P32239,compound,protein,1
2803,CPI,P51589,compound,protein,0
2803,CPI,Q16512,compound,protein,0
2807869,CPI,P50591,compound,protein,0
2807869,CPI,P08069,compound,protein,0
2812,CPI,P08172,compound,protein,1
2812,CPI,P20309,compound,protein,1
2812,CPI,P22001,compound,protein,1
2812,CPI,P28335,compound,protein,1
2812,CPI,Q7Z2W7,compound,protein,1
2812,CPI,Q8TDS4,compound,protein,1
2812,CPI,P20366,compound,protein,0
2812,CPI,P07948,compound,protein,0
2812,CPI,Q8TCG2,compound,protein,0
2817242,CPI,P06734,compound,protein,0
2819095,CPI,P60568,compound,protein,0
2819095,CPI,P20309,compound,protein,0
2819767,CPI,O75496,compound,protein,1
2819767,CPI,P08913,compound,protein,0
2819993,CPI,Q96KQ7,compound,protein,0
2824173,CPI,P42226,compound,protein,0
28280238,CPI,Q9H2X6,compound,protein,0
28280238,CPI,P07949,compound,protein,0
2833,CPI,P30085,compound,protein,0
2837663,CPI,Q01201,compound,protein,0
28417,CPI,P07550,compound,protein,1
28417,CPI,P08172,compound,protein,1
28417,CPI,P17948,compound,protein,0
2842253,CPI,Q6W5P4,compound,protein,1
2842253,CPI,Q99500,compound,protein,1
2852569,CPI,P11509,compound,protein,0
2853908,CPI,P18054,compound,protein,1
2853908,CPI,Q00537,compound,protein,0
2857183,CPI,P49798,compound,protein,0
28693,CPI,O75604,compound,protein,1
28693,CPI,P18031,compound,protein,0
28693,CPI,Q9HCC0,compound,protein,0
28693,CPI,P00533,compound,protein,0
2871,CPI,P08684,compound,protein,1
2871,CPI,P43088,compound,protein,0
28761,CPI,P25089,compound,protein,0
2882,CPI,Q9NUW8,compound,protein,1
2893,CPI,P21731,compound,protein,1
2893,CPI,P14735,compound,protein,0
2893,CPI,P08183,compound,protein,0
2894,CPI,P35368,compound,protein,1
2894,CPI,O95747,compound,protein,0
2895,CPI,O60488,compound,protein,0
2896739,CPI,O00329,compound,protein,0
2900,CPI,P53779,compound,protein,0
290486,CPI,Q9Y243,compound,protein,1
290486,CPI,P25105,compound,protein,0
2907,CPI,P83916,compound,protein,1
2910,CPI,Q9ULX7,compound,protein,1
2910,CPI,Q92499,compound,protein,0
2913,CPI,P28223,compound,protein,1
2913,CPI,Q9NSA0,compound,protein,0
2914104,CPI,P09923,compound,protein,0
2921053,CPI,P84022,compound,protein,1
29243,CPI,P19784,compound,protein,0
2930014,CPI,Q92499,compound,protein,0
2941,CPI,P29317,compound,protein,0
2946881,CPI,Q16236,compound,protein,1
2949965,CPI,P03372,compound,protein,0
2950007,CPI,P22748,compound,protein,0
2951172,CPI,Q00532,compound,protein,0
2953683,CPI,P10636,compound,protein,1
2953683,CPI,P14555,compound,protein,0
2958,CPI,P0DP23,compound,protein,0
2966,CPI,Q96JB6,compound,protein,0
2966,CPI,O14965,compound,protein,0
2966,CPI,O75582,compound,protein,0
299,CPI,Q96RI1,compound,protein,1
29922189,CPI,P04035,compound,protein,1
29922606,CPI,P10253,compound,protein,1
2993,CPI,P08684,compound,protein,1
2993,CPI,Q9H1R3,compound,protein,0
2993,CPI,Q9Y5S2,compound,protein,0
2998821,CPI,O94925,compound,protein,1
3000322,CPI,P21554,compound,protein,1
3000322,CPI,P25101,compound,protein,0
3000322,CPI,Q8WZA2,compound,protein,0
3000540,CPI,Q13547,compound,protein,0
3001055,CPI,P00734,compound,protein,1
3001055,CPI,P23975,compound,protein,1
3001055,CPI,P35354,compound,protein,1
3001055,CPI,Q92847,compound,protein,1
3001055,CPI,Q13085,compound,protein,0
3001055,CPI,P15121,compound,protein,0
3001055,CPI,Q00537,compound,protein,0
3001055,CPI,Q16445,compound,protein,0
3001055,CPI,P54756,compound,protein,0
3005573,CPI,O15438,compound,protein,1
3005573,CPI,P16615,compound,protein,0
3006531,CPI,Q96KQ7,compound,protein,1
3006531,CPI,P10635,compound,protein,0
3011155,CPI,Q12809,compound,protein,0
3011155,CPI,P10635,compound,protein,0
3012,CPI,Q14978,compound,protein,0
3016,CPI,P08913,compound,protein,1
3016,CPI,P18507,compound,protein,1
3016,CPI,O00238,compound,protein,0
3017,CPI,Q9Y618,compound,protein,0
3019,CPI,P32238,compound,protein,1
3019,CPI,P35968,compound,protein,0
3025,CPI,P11229,compound,protein,1
3025,CPI,P21554,compound,protein,1
3025,CPI,P25021,compound,protein,1
3025945,CPI,Q9NQU5,compound,protein,0
3025961,CPI,O15303,compound,protein,1
3025986,CPI,O14733,compound,protein,1
3025986,CPI,O43318,compound,protein,1
3025986,CPI,P10721,compound,protein,1
3025986,CPI,P28482,compound,protein,1
3025986,CPI,P36894,compound,protein,1
3025986,CPI,P50613,compound,protein,1
3025986,CPI,P51817,compound,protein,1
3025986,CPI,Q16832,compound,protein,1
3025986,CPI,Q86V86,compound,protein,1
3025986,CPI,Q86Z02,compound,protein,1
3025986,CPI,Q9BYT3,compound,protein,1
3025986,CPI,Q9H2X6,compound,protein,1
3025986,CPI,Q9NYY3,compound,protein,1
3025986,CPI,Q9UBE8,compound,protein,1
3025986,CPI,Q9UQ88,compound,protein,1
3025986,CPI,P20648,compound,protein,0
3025986,CPI,Q6NUS8,compound,protein,0
3025986,CPI,P25705,compound,protein,0
3025986,CPI,Q9H3N8,compound,protein,0
3025986,CPI,Q86YN6,compound,protein,0
30323,CPI,P25929,compound,protein,1
30323,CPI,Q9BY41,compound,protein,1
30323,CPI,Q9NR21,compound,protein,0
30323,CPI,P29375,compound,protein,0
30323,CPI,Q8TDR2,compound,protein,0
3033,CPI,O43193,compound,protein,1
3033,CPI,P23219,compound,protein,1
3033,CPI,P28223,compound,protein,1
3033,CPI,P35367,compound,protein,1
3033,CPI,Q06203,compound,protein,0
3033,CPI,P20366,compound,protein,0
3033,CPI,O43293,compound,protein,0
3033,CPI,P51451,compound,protein,0
3033,CPI,Q96L34,compound,protein,0
3033637,CPI,P22303,compound,protein,1
3033637,CPI,P30411,compound,protein,1
3033637,CPI,P30518,compound,protein,1
3033637,CPI,P35372,compound,protein,1
3033637,CPI,P54652,compound,protein,0
3033769,CPI,Q99873,compound,protein,0
3033769,CPI,P04150,compound,protein,0
3034034,CPI,P05089,compound,protein,0
3035746,CPI,P20309,compound,protein,1
3035842,CPI,P25021,compound,protein,1
3036,CPI,Q6NVY1,compound,protein,0
3036,CPI,P10635,compound,protein,0
3036780,CPI,P21728,compound,protein,1
3036864,CPI,P21917,compound,protein,1
3038,CPI,Q99816,compound,protein,0
3038,CPI,Q15303,compound,protein,0
3038522,CPI,O43318,compound,protein,1
3038522,CPI,O96017,compound,protein,1
3038522,CPI,P08922,compound,protein,1
3038522,CPI,P49840,compound,protein,1
3038522,CPI,P54762,compound,protein,1
3038522,CPI,Q02779,compound,protein,1
3038522,CPI,Q13164,compound,protein,1
3038522,CPI,Q6DT37,compound,protein,1
3038522,CPI,Q9GZP0,compound,protein,1
3038522,CPI,Q9H093,compound,protein,1
3038522,CPI,Q9UL54,compound,protein,1
3038522,CPI,Q9Y6R4,compound,protein,1
3038522,CPI,P25963,compound,protein,0
3038522,CPI,P33261,compound,protein,0
3038522,CPI,O43175,compound,protein,0
3038522,CPI,P25103,compound,protein,0
3038522,CPI,P43166,compound,protein,0
3038522,CPI,Q8WTS6,compound,protein,0
3038522,CPI,Q5NUL3,compound,protein,0
3038522,CPI,P42226,compound,protein,0
3038522,CPI,P20711,compound,protein,0
3038522,CPI,Q9NYX4,compound,protein,0
3038522,CPI,Q16637,compound,protein,0
3038522,CPI,Q9UPY5,compound,protein,0
3038522,CPI,Q13936,compound,protein,0
3038525,CPI,O00238,compound,protein,1
3038525,CPI,O75460,compound,protein,1
3038525,CPI,P07949,compound,protein,1
3038525,CPI,P11802,compound,protein,1
3038525,CPI,P29597,compound,protein,1
3038525,CPI,P31152,compound,protein,1
3038525,CPI,P42684,compound,protein,1
3038525,CPI,P53778,compound,protein,1
3038525,CPI,P78368,compound,protein,1
3038525,CPI,Q07912,compound,protein,1
3038525,CPI,Q13705,compound,protein,1
3038525,CPI,Q16512,compound,protein,1
3038525,CPI,Q16620,compound,protein,1
3038525,CPI,Q16659,compound,protein,1
3038525,CPI,Q8IW41,compound,protein,1
3038525,CPI,Q8IY84,compound,protein,1
3038525,CPI,P30304,compound,protein,0
3038525,CPI,Q9UBM7,compound,protein,0
3038525,CPI,P05164,compound,protein,0
3038525,CPI,P41597,compound,protein,0
3038525,CPI,P24557,compound,protein,0
3038525,CPI,P38435,compound,protein,0
3038525,CPI,P50281,compound,protein,0
3038525,CPI,O43497,compound,protein,0
3042,CPI,P08912,compound,protein,1
3059,CPI,P08172,compound,protein,1
3059,CPI,P30556,compound,protein,1
3059,CPI,O14521,compound,protein,0
3062316,CPI,O14965,compound,protein,1
3062316,CPI,O14976,compound,protein,1
3062316,CPI,O76039,compound,protein,1
3062316,CPI,O95747,compound,protein,1
3062316,CPI,P07948,compound,protein,1
3062316,CPI,P08069,compound,protein,1
3062316,CPI,P11142,compound,protein,1
3062316,CPI,P42336,compound,protein,1
3062316,CPI,Q05397,compound,protein,1
3062316,CPI,Q06187,compound,protein,1
3062316,CPI,Q08345,compound,protein,1
3062316,CPI,Q15418,compound,protein,1
3062316,CPI,Q8IW41,compound,protein,1
3062316,CPI,Q92630,compound,protein,1
3062316,CPI,Q96L34,compound,protein,1
3062316,CPI,Q9NWZ3,compound,protein,1
3062316,CPI,P08183,compound,protein,0
3062316,CPI,P35354,compound,protein,0
3062316,CPI,Q9NXA8,compound,protein,0
3062316,CPI,P20839,compound,protein,0
3062316,CPI,Q13418,compound,protein,0
3062316,CPI,Q9Y478,compound,protein,0
3062316,CPI,P06746,compound,protein,0
3062316,CPI,Q9H9B1,compound,protein,0
3062316,CPI,P10145,compound,protein,0
3062316,CPI,P41145,compound,protein,0
3062316,CPI,Q9Y2T6,compound,protein,0
3064778,CPI,Q9NUW8,compound,protein,0
30668,CPI,P42224,compound,protein,0
3074,CPI,O15296,compound,protein,1
3074,CPI,P08588,compound,protein,1
3074,CPI,Q16637,compound,protein,1
30751,CPI,P00918,compound,protein,1
3076,CPI,O14757,compound,protein,0
3076,CPI,Q00653,compound,protein,0
3077,CPI,O75908,compound,protein,0
3078519,CPI,O94804,compound,protein,1
3078519,CPI,Q13464,compound,protein,1
3078519,CPI,Q9UGJ0,compound,protein,1
3078519,CPI,P04083,compound,protein,0
3078519,CPI,Q9HC29,compound,protein,0
3080926,CPI,P68366,compound,protein,0
3081361,CPI,P08581,compound,protein,1
3081361,CPI,P31152,compound,protein,1
3081361,CPI,P32298,compound,protein,1
3081361,CPI,P37173,compound,protein,1
3081361,CPI,P42336,compound,protein,1
3081361,CPI,P46734,compound,protein,1
3081361,CPI,Q04759,compound,protein,1
3081361,CPI,Q04912,compound,protein,1
3081361,CPI,Q13164,compound,protein,1
3081361,CPI,Q13233,compound,protein,1
3081361,CPI,Q13554,compound,protein,1
3081361,CPI,Q14004,compound,protein,1
3081361,CPI,Q15746,compound,protein,1
3081361,CPI,Q16539,compound,protein,1
3081361,CPI,Q16584,compound,protein,1
3081361,CPI,Q8IVH8,compound,protein,1
3081361,CPI,Q99640,compound,protein,1
3081361,CPI,P30043,compound,protein,0
3081361,CPI,O14727,compound,protein,0
3081361,CPI,P47989,compound,protein,0
3081361,CPI,P51857,compound,protein,0
3081361,CPI,P62942,compound,protein,0
3081361,CPI,Q9H2X9,compound,protein,0
3081361,CPI,Q86VL8,compound,protein,0
3081361,CPI,P50225,compound,protein,0
3081361,CPI,Q07699,compound,protein,0
3081361,CPI,P10828,compound,protein,0
3081361,CPI,Q99685,compound,protein,0
3081361,CPI,P01137,compound,protein,0
3082718,CPI,P41143,compound,protein,1
3085107,CPI,Q02880,compound,protein,1
3085219,CPI,P28335,compound,protein,1
3085219,CPI,P21554,compound,protein,0
3085416,CPI,P08069,compound,protein,0
3086618,CPI,Q92793,compound,protein,0
3091786,CPI,P35869,compound,protein,1
3091786,CPI,P20309,compound,protein,0
3100,CPI,O75496,compound,protein,1
3100,CPI,P43681,compound,protein,1
3100,CPI,Q8WZA2,compound,protein,0
3100,CPI,Q96BR1,compound,protein,0
3101,CPI,P04839,compound,protein,1
31055126,CPI,P22612,compound,protein,0
31072,CPI,P11229,compound,protein,1
31072,CPI,P35367,compound,protein,1
31072,CPI,Q92847,compound,protein,1
31072,CPI,O15244,compound,protein,0
3108,CPI,Q92830,compound,protein,1
3108,CPI,P57059,compound,protein,0
3108,CPI,Q16654,compound,protein,0
31101,CPI,P11229,compound,protein,1
31101,CPI,P14416,compound,protein,1
31101,CPI,P21918,compound,protein,1
31101,CPI,O00303,compound,protein,0
31101,CPI,P43250,compound,protein,0
3114,CPI,P41145,compound,protein,1
3114,CPI,P51172,compound,protein,0
3114,CPI,P33527,compound,protein,0
3114,CPI,Q9BRS2,compound,protein,0
3116236,CPI,P10636,compound,protein,1
3117,CPI,O60240,compound,protein,1
3117,CPI,O95342,compound,protein,1
3117,CPI,P50406,compound,protein,1
3117,CPI,O00519,compound,protein,0
3117,CPI,Q9UBS5,compound,protein,0
3117,CPI,O00506,compound,protein,0
3117,CPI,O75914,compound,protein,0
3117,CPI,Q02880,compound,protein,0
3117,CPI,P57078,compound,protein,0
3121,CPI,P80404,compound,protein,1
3121,CPI,P15056,compound,protein,0
312145,CPI,P51812,compound,protein,0
3132,CPI,P51681,compound,protein,0
3132,CPI,P80404,compound,protein,0
3132,CPI,P22830,compound,protein,0
3135,CPI,P28482,compound,protein,1
3135,CPI,Q9H4B4,compound,protein,0
3136845,CPI,P14616,compound,protein,0
31404,CPI,P21397,compound,protein,0
3146158,CPI,Q01201,compound,protein,0
31508,CPI,P00533,compound,protein,1
3151,CPI,O75496,compound,protein,1
3151,CPI,O75604,compound,protein,1
3151,CPI,P28335,compound,protein,1
3151,CPI,Q96KQ7,compound,protein,1
3151,CPI,P14780,compound,protein,0
3152,CPI,Q9UPY5,compound,protein,0
31549,CPI,P40429,compound,protein,1
31549,CPI,P61313,compound,protein,1
31549,CPI,Q9NRH2,compound,protein,0
31549,CPI,Q9UKK3,compound,protein,0
31549,CPI,Q86YN6,compound,protein,0
31553,CPI,P41145,compound,protein,0
3157,CPI,P08913,compound,protein,1
3162,CPI,Q14994,compound,protein,1
3162,CPI,Q96KQ7,compound,protein,1
3162,CPI,P04035,compound,protein,0
3162043,CPI,Q07002,compound,protein,0
3164059,CPI,O94782,compound,protein,1
3164059,CPI,Q6W5P4,compound,protein,1
3164059,CPI,Q96QE3,compound,protein,1
3164059,CPI,P05067,compound,protein,0
31703,CPI,P04626,compound,protein,1
31703,CPI,P28223,compound,protein,1
31703,CPI,Q12809,compound,protein,1
31703,CPI,O94956,compound,protein,0
31703,CPI,P14550,compound,protein,0
31729,CPI,Q9NZV8,compound,protein,0
31729,CPI,Q9HC98,compound,protein,0
3180,CPI,O43193,compound,protein,1
3180,CPI,P35367,compound,protein,1
3185,CPI,Q12809,compound,protein,1
3193014,CPI,P21554,compound,protein,1
3193014,CPI,O75469,compound,protein,0
3194,CPI,Q14957,compound,protein,0
3194,CPI,Q08289,compound,protein,0
3194,CPI,P42685,compound,protein,0
3198,CPI,P24557,compound,protein,1
3198,CPI,P31645,compound,protein,1
3198,CPI,Q16236,compound,protein,0
3198,CPI,Q13621,compound,protein,0
3198,CPI,Q00537,compound,protein,0
3213,CPI,P10635,compound,protein,1
3213,CPI,Q9NUW8,compound,protein,1
32170,CPI,P45452,compound,protein,0
3219,CPI,P35367,compound,protein,1
3220,CPI,Q9C0B1,compound,protein,1
3226,CPI,P62955,compound,protein,1
3226,CPI,Q05586,compound,protein,1
3226,CPI,Q99928,compound,protein,1
3226,CPI,P05177,compound,protein,0
3229,CPI,P08173,compound,protein,1
3229,CPI,P08588,compound,protein,1
3229,CPI,P20309,compound,protein,1
3229,CPI,P21731,compound,protein,1
3229,CPI,P25021,compound,protein,1
3229,CPI,P34969,compound,protein,1
3229,CPI,P35367,compound,protein,1
3229,CPI,P43681,compound,protein,1
3229,CPI,Q13526,compound,protein,0
322968,CPI,Q9NUW8,compound,protein,1
323,CPI,Q16790,compound,protein,1
3232217,CPI,P10636,compound,protein,0
3232217,CPI,Q9Y572,compound,protein,0
3232621,CPI,Q9Y463,compound,protein,1
3233012,CPI,Q13627,compound,protein,1
3233276,CPI,O75496,compound,protein,1
32334,CPI,P21860,compound,protein,0
3234028,CPI,Q13627,compound,protein,1
3234028,CPI,P04155,compound,protein,0
3234184,CPI,P28482,compound,protein,1
3234518,CPI,P01137,compound,protein,0
3234998,CPI,O43306,compound,protein,0
3234998,CPI,P04626,compound,protein,0
3235398,CPI,P41145,compound,protein,0
3235537,CPI,Q16665,compound,protein,1
3237298,CPI,P42685,compound,protein,0
3237327,CPI,Q01970,compound,protein,0
3237327,CPI,Q8NE63,compound,protein,0
3243760,CPI,Q12852,compound,protein,0
3266419,CPI,Q9Y6K1,compound,protein,1
3266419,CPI,P36894,compound,protein,0
3266419,CPI,Q16832,compound,protein,0
3272524,CPI,P48058,compound,protein,1
3272524,CPI,Q9H773,compound,protein,0
3275,CPI,Q96KQ7,compound,protein,1
3277,CPI,P25963,compound,protein,0
3278,CPI,O60240,compound,protein,1
3278,CPI,P08913,compound,protein,1
3278,CPI,P21728,compound,protein,1
3278,CPI,P29274,compound,protein,1
3278,CPI,P30556,compound,protein,1
3278,CPI,Q9UJU2,compound,protein,1
3278,CPI,Q9BVS4,compound,protein,0
3278,CPI,Q99712,compound,protein,0
32798,CPI,Q9NYV4,compound,protein,0
3280,CPI,P08684,compound,protein,1
3280,CPI,Q9NUW8,compound,protein,1
3287,CPI,P32238,compound,protein,1
3287,CPI,P41968,compound,protein,1
3287,CPI,P43681,compound,protein,1
32875,CPI,O75874,compound,protein,1
32875,CPI,Q9BWU1,compound,protein,0
32875,CPI,Q9Y6M4,compound,protein,0
3290,CPI,Q8TCU5,compound,protein,1
3291,CPI,P32238,compound,protein,1
3291,CPI,P35354,compound,protein,1
3291,CPI,P41968,compound,protein,1
3291,CPI,Q9NPH5,compound,protein,0
3292447,CPI,P28566,compound,protein,1
3292447,CPI,Q9NQU5,compound,protein,0
33032,CPI,P07814,compound,protein,1
33032,CPI,P17735,compound,protein,1
33032,CPI,Q12879,compound,protein,1
33032,CPI,Q14416,compound,protein,1
33032,CPI,Q99519,compound,protein,0
33032,CPI,O43683,compound,protein,0
33032,CPI,P68106,compound,protein,0
33036,CPI,O75030,compound,protein,0
3307,CPI,Q9NS87,compound,protein,0
3308,CPI,P41145,compound,protein,1
3324,CPI,P21728,compound,protein,1
3325,CPI,P50406,compound,protein,1
3326,CPI,P48426,compound,protein,0
3330,CPI,P18074,compound,protein,0
3331,CPI,P35367,compound,protein,1
3331,CPI,Q05397,compound,protein,0
3331,CPI,O00748,compound,protein,0
3332,CPI,P32745,compound,protein,0
3333,CPI,O43193,compound,protein,1
3333,CPI,P21917,compound,protein,1
3333,CPI,Q16620,compound,protein,0
3333,CPI,Q9UK32,compound,protein,0
3333,CPI,P67870,compound,protein,0
3334,CPI,Q86W47,compound,protein,0
3336,CPI,P41180,compound,protein,1
3336,CPI,P14625,compound,protein,0
3336,CPI,O75475,compound,protein,0
3339,CPI,P08172,compound,protein,1
3339,CPI,P10636,compound,protein,1
3339,CPI,P21917,compound,protein,1
3339,CPI,Q9UNQ0,compound,protein,1
3339,CPI,P30043,compound,protein,0
3342390,CPI,P41143,compound,protein,1
3342390,CPI,P21728,compound,protein,0
3343,CPI,P41143,compound,protein,1
3343,CPI,P20366,compound,protein,0
3346,CPI,P30411,compound,protein,0
3348,CPI,Q02641,compound,protein,0
3348,CPI,Q9NS40,compound,protein,0
3352,CPI,Q9NUW8,compound,protein,1
3352,CPI,Q86YN6,compound,protein,0
3354,CPI,P08912,compound,protein,1
3356,CPI,O60503,compound,protein,0
3356,CPI,Q9Y468,compound,protein,0
3357,CPI,P51451,compound,protein,0
33572,CPI,Q14500,compound,protein,1
33572,CPI,P19801,compound,protein,0
33572,CPI,O43193,compound,protein,0
33613,CPI,P13631,compound,protein,1
33613,CPI,P21452,compound,protein,1
33613,CPI,P21728,compound,protein,1
33613,CPI,P25103,compound,protein,1
33624,CPI,P49798,compound,protein,1
33630,CPI,P24530,compound,protein,0
33630,CPI,Q99928,compound,protein,0
33630,CPI,O75716,compound,protein,0
336423,CPI,Q16348,compound,protein,0
3365,CPI,Q9Y5N1,compound,protein,1
3365,CPI,Q9Y2U5,compound,protein,0
3366,CPI,O43193,compound,protein,1
3366,CPI,P11474,compound,protein,0
3371,CPI,P07550,compound,protein,1
3371,CPI,Q9NUW8,compound,protein,1
3372,CPI,P14416,compound,protein,1
3372,CPI,P33032,compound,protein,1
3372,CPI,Q9Y5N1,compound,protein,1
3373,CPI,Q8N1C3,compound,protein,1
3373,CPI,Q01668,compound,protein,0
33741,CPI,P08913,compound,protein,1
33741,CPI,P11229,compound,protein,1
33741,CPI,P22460,compound,protein,0
3380841,CPI,P33261,compound,protein,1
3385203,CPI,P21728,compound,protein,0
3386,CPI,P23975,compound,protein,1
3386,CPI,P35367,compound,protein,1
3392161,CPI,Q9NUW8,compound,protein,1
3392731,CPI,P14555,compound,protein,0
3396,CPI,P18825,compound,protein,1
3396,CPI,Q6W5P4,compound,protein,1
3397,CPI,P21554,compound,protein,1
3397,CPI,P21731,compound,protein,1
3397,CPI,Q16637,compound,protein,1
3397,CPI,Q16280,compound,protein,0
3397,CPI,P10635,compound,protein,0
3397945,CPI,Q16539,compound,protein,0
3401,CPI,Q99808,compound,protein,1
34040,CPI,P21731,compound,protein,1
34040,CPI,O14746,compound,protein,0
3406,CPI,P14416,compound,protein,1
3406,CPI,P11308,compound,protein,0
3406,CPI,P41597,compound,protein,0
3413,CPI,O75475,compound,protein,0
3426979,CPI,Q96QE3,compound,protein,1
3440,CPI,P08913,compound,protein,1
3440,CPI,P21554,compound,protein,1
3440,CPI,Q9H4B4,compound,protein,0
3446,CPI,P54289,compound,protein,1
3446,CPI,P61088,compound,protein,0
3449,CPI,P06276,compound,protein,1
3450,CPI,O43193,compound,protein,1
3450,CPI,P23975,compound,protein,1
3450,CPI,P29460,compound,protein,0
3450,CPI,Q9UI33,compound,protein,0
3450,CPI,O60760,compound,protein,0
3454,CPI,Q96KQ7,compound,protein,1
3454,CPI,Q13627,compound,protein,0
3456,CPI,Q8N4C8,compound,protein,0
3456,CPI,P43681,compound,protein,0
3463,CPI,P21554,compound,protein,1
34633,CPI,Q14524,compound,protein,1
3464963,CPI,P06730,compound,protein,0
3475,CPI,P08172,compound,protein,1
3475,CPI,Q86V86,compound,protein,0
3478,CPI,P08912,compound,protein,1
3478,CPI,P37231,compound,protein,1
3478,CPI,Q96KQ7,compound,protein,1
3478,CPI,Q08209,compound,protein,0
3478,CPI,P07900,compound,protein,0
3488,CPI,P14416,compound,protein,1
3488,CPI,P49798,compound,protein,1
3488,CPI,O43781,compound,protein,0
3503,CPI,P00338,compound,protein,1
3503,CPI,P33261,compound,protein,1
3503,CPI,Q07817,compound,protein,1
3503,CPI,P42685,compound,protein,0
3503,CPI,P30304,compound,protein,0
3505,CPI,P35354,compound,protein,0
3510,CPI,P21554,compound,protein,1
3516,CPI,P21397,compound,protein,1
3516032,CPI,P57058,compound,protein,0
3517,CPI,Q9NYV4,compound,protein,0
3519,CPI,Q9NPH5,compound,protein,0
3528206,CPI,Q86Y07,compound,protein,0
3532,CPI,Q8NI60,compound,protein,0
35375,CPI,P23219,compound,protein,1
353825,CPI,P08684,compound,protein,1
353825,CPI,Q16665,compound,protein,1
353825,CPI,Q07699,compound,protein,0
353825,CPI,P28223,compound,protein,0
3539719,CPI,Q96KQ7,compound,protein,0
3540,CPI,P14555,compound,protein,0
3540,CPI,Q99808,compound,protein,0
3542,CPI,P49238,compound,protein,0
3544,CPI,P10635,compound,protein,1
3544,CPI,P05177,compound,protein,0
3544,CPI,Q14123,compound,protein,0
354624,CPI,P31350,compound,protein,1
354624,CPI,P29320,compound,protein,0
3547,CPI,O60674,compound,protein,1
3547,CPI,O96017,compound,protein,1
3547,CPI,P24941,compound,protein,1
3547,CPI,P27448,compound,protein,1
3547,CPI,P36507,compound,protein,1
3547,CPI,P51451,compound,protein,1
3547,CPI,P51812,compound,protein,1
3547,CPI,P53778,compound,protein,1
3547,CPI,Q02750,compound,protein,1
3547,CPI,Q15746,compound,protein,1
3547,CPI,Q5VT25,compound,protein,1
3547,CPI,Q9UQM7,compound,protein,1
3547,CPI,Q9Y463,compound,protein,1
3547,CPI,O00506,compound,protein,0
3547,CPI,P09874,compound,protein,0
3559,CPI,P04439,compound,protein,1
3559,CPI,P18825,compound,protein,1
3559,CPI,P21917,compound,protein,1
3559,CPI,P23219,compound,protein,1
3559,CPI,Q13224,compound,protein,1
3559,CPI,Q9UBS5,compound,protein,1
3559,CPI,Q9BVS4,compound,protein,0
3561,CPI,P27707,compound,protein,0
3561,CPI,P05186,compound,protein,0
3568,CPI,Q9Y4K0,compound,protein,0
3598,CPI,O75496,compound,protein,1
3598,CPI,P07900,compound,protein,1
3598,CPI,P23219,compound,protein,1
3598,CPI,P35354,compound,protein,1
3598,CPI,Q16236,compound,protein,1
3598,CPI,Q99640,compound,protein,0
3598,CPI,Q14376,compound,protein,0
3607,CPI,Q12809,compound,protein,1
3607,CPI,Q96KQ7,compound,protein,0
3610,CPI,Q99685,compound,protein,0
3611,CPI,Q9UBN7,compound,protein,1
36314,CPI,P21554,compound,protein,1
3634,CPI,Q16665,compound,protein,1
3639,CPI,P21917,compound,protein,1
3639,CPI,O95069,compound,protein,0
3639,CPI,P46059,compound,protein,0
3639,CPI,O14684,compound,protein,0
3639,CPI,O95747,compound,protein,0
3639,CPI,P51817,compound,protein,0
3641059,CPI,P43403,compound,protein,1
3641059,CPI,P51589,compound,protein,0
3645619,CPI,Q96QE3,compound,protein,1
36462,CPI,P41145,compound,protein,1
36462,CPI,P22309,compound,protein,0
3647,CPI,P00915,compound,protein,1
3647,CPI,P03372,compound,protein,1
3647,CPI,P21728,compound,protein,1
3647,CPI,P25929,compound,protein,1
3647,CPI,O60885,compound,protein,0
3647,CPI,P14735,compound,protein,0
3648364,CPI,O00750,compound,protein,0
3652,CPI,P19099,compound,protein,0
3654103,CPI,P03372,compound,protein,0
3658,CPI,P31645,compound,protein,1
3658,CPI,P05067,compound,protein,0
3658,CPI,Q92830,compound,protein,0
3661,CPI,P10696,compound,protein,0
3671,CPI,P05177,compound,protein,1
3671,CPI,Q9BRS2,compound,protein,0
3672,CPI,O15264,compound,protein,0
3673,CPI,Q6P6C2,compound,protein,0
3675,CPI,O14578,compound,protein,0
3676,CPI,P08173,compound,protein,1
3676,CPI,P11229,compound,protein,1
3676,CPI,P41145,compound,protein,1
3676,CPI,Q9NUW8,compound,protein,1
3676,CPI,O60391,compound,protein,0
36811,CPI,P00915,compound,protein,1
36811,CPI,Q13237,compound,protein,0
36811,CPI,Q9BX84,compound,protein,0
3683,CPI,P41279,compound,protein,0
3686,CPI,P18825,compound,protein,1
3686,CPI,P43681,compound,protein,1
3689,CPI,P23975,compound,protein,1
3689,CPI,P48544,compound,protein,1
3689413,CPI,O15118,compound,protein,1
3689415,CPI,O60674,compound,protein,1
3689415,CPI,O75874,compound,protein,1
3689416,CPI,P14416,compound,protein,0
3690,CPI,P08684,compound,protein,1
3690,CPI,O14578,compound,protein,0
36906,CPI,P55212,compound,protein,0
36906,CPI,P35968,compound,protein,0
36906,CPI,Q9P289,compound,protein,0
3696,CPI,P08173,compound,protein,1
3696,CPI,P17405,compound,protein,1
3696,CPI,P21728,compound,protein,1
3696,CPI,P21918,compound,protein,1
3696,CPI,P33261,compound,protein,1
3696,CPI,P42330,compound,protein,0
3698,CPI,P21554,compound,protein,1
3698,CPI,O14965,compound,protein,0
3698,CPI,Q9Y463,compound,protein,0
3698,CPI,Q96PF2,compound,protein,0
370,CPI,Q14957,compound,protein,0
3702,CPI,P14416,compound,protein,1
3702,CPI,P23280,compound,protein,1
3702,CPI,P51787,compound,protein,1
3702,CPI,Q08499,compound,protein,1
3702,CPI,P51843,compound,protein,0
3702,CPI,Q8N6T7,compound,protein,0
3702,CPI,P11362,compound,protein,0
3702,CPI,P51956,compound,protein,0
3702,CPI,Q00535,compound,protein,0
3707,CPI,Q00535,compound,protein,1
3707,CPI,P04798,compound,protein,1
3712,CPI,O75496,compound,protein,1
3712,CPI,P24941,compound,protein,0
3712,CPI,P18825,compound,protein,0
3715,CPI,O15439,compound,protein,1
3715,CPI,P25021,compound,protein,1
3715,CPI,P30530,compound,protein,0
3715,CPI,P24941,compound,protein,0
37175,CPI,P16615,compound,protein,0
3718,CPI,Q16832,compound,protein,0
3719993,CPI,Q6W5P4,compound,protein,1
3719993,CPI,P35367,compound,protein,0
3719993,CPI,P35968,compound,protein,0
3728,CPI,P08684,compound,protein,0
3730,CPI,P28223,compound,protein,1
3730,CPI,Q02750,compound,protein,0
3730,CPI,P25705,compound,protein,0
3730,CPI,Q16665,compound,protein,0
3739,CPI,P02768,compound,protein,1
3739,CPI,P08588,compound,protein,1
3739,CPI,P30518,compound,protein,1
3739,CPI,P35354,compound,protein,1
3739,CPI,O00408,compound,protein,0
37393,CPI,P24462,compound,protein,0
374536,CPI,Q99571,compound,protein,0
37463,CPI,P25021,compound,protein,1
3747,CPI,Q9UF33,compound,protein,0
3749,CPI,P21452,compound,protein,1
37542,CPI,P21397,compound,protein,1
37542,CPI,P14867,compound,protein,0
37542,CPI,Q13233,compound,protein,0
3758,CPI,P29274,compound,protein,1
3758,CPI,P25098,compound,protein,0
3759,CPI,O75469,compound,protein,1
3759,CPI,Q96KQ7,compound,protein,1
3759,CPI,P32249,compound,protein,0
3760,CPI,P57059,compound,protein,0
3760,CPI,P34969,compound,protein,0
3763775,CPI,P51617,compound,protein,0
37768,CPI,P10635,compound,protein,0
37768,CPI,P07948,compound,protein,0
37768,CPI,Q9Y6E0,compound,protein,0
3779,CPI,Q9NYV8,compound,protein,1
3779,CPI,Q9UPY5,compound,protein,0
3779,CPI,P35414,compound,protein,0
3783,CPI,Q16665,compound,protein,1
379077,CPI,Q71U36,compound,protein,0
3793,CPI,P10636,compound,protein,1
3793,CPI,P27361,compound,protein,0
3797,CPI,P05177,compound,protein,1
3820,CPI,P27361,compound,protein,1
3820,CPI,P49840,compound,protein,1
3820,CPI,Q15303,compound,protein,1
3820,CPI,Q99700,compound,protein,1
3820,CPI,P11511,compound,protein,0
3822,CPI,P30305,compound,protein,0
3823,CPI,P05093,compound,protein,1
3823,CPI,P08913,compound,protein,1
3823,CPI,P32238,compound,protein,1
3823,CPI,Q12809,compound,protein,1
3823,CPI,P00915,compound,protein,0
3823,CPI,P05164,compound,protein,0
3823,CPI,Q9Y2I1,compound,protein,0
3823,CPI,P04406,compound,protein,0
3823,CPI,Q9NYV4,compound,protein,0
3823,CPI,P20813,compound,protein,0
3823393,CPI,P11509,compound,protein,0
3825,CPI,O75496,compound,protein,1
3825,CPI,Q00534,compound,protein,0
3825829,CPI,P32298,compound,protein,0
3826,CPI,P51878,compound,protein,1
3827,CPI,P04150,compound,protein,1
3827,CPI,P08173,compound,protein,1
3827,CPI,P43681,compound,protein,1
3827,CPI,Q12809,compound,protein,1
38409,CPI,O14521,compound,protein,0
3845,CPI,Q9NUW8,compound,protein,1
3845,CPI,P34903,compound,protein,0
3845,CPI,P18505,compound,protein,0
38521,CPI,P23975,compound,protein,1
3853,CPI,P35368,compound,protein,1
3854666,CPI,P08172,compound,protein,0
387447,CPI,P17538,compound,protein,1
387447,CPI,P28062,compound,protein,1
387447,CPI,P36776,compound,protein,1
387447,CPI,P40306,compound,protein,1
3878,CPI,Q01118,compound,protein,1
3878,CPI,Q8NE63,compound,protein,0
3883,CPI,Q96KQ7,compound,protein,1
38853,CPI,P41968,compound,protein,1
38888103,CPI,Q04771,compound,protein,0
38888103,CPI,Q9UHD2,compound,protein,0
38945,CPI,Q04864,compound,protein,0
3894573,CPI,O15296,compound,protein,1
3894573,CPI,P25100,compound,protein,1
3896,CPI,Q96KQ7,compound,protein,1
3899,CPI,O15118,compound,protein,1
3899,CPI,P08684,compound,protein,1
3899,CPI,P41143,compound,protein,1
3899,CPI,Q14289,compound,protein,1
3899,CPI,Q9Y5N1,compound,protein,1
3899541,CPI,P39086,compound,protein,1
39042,CPI,P08913,compound,protein,1
3906894,CPI,P28335,compound,protein,1
3906894,CPI,Q86UX6,compound,protein,0
3913264,CPI,P50052,compound,protein,0
3913264,CPI,P24385,compound,protein,0
39186,CPI,P23975,compound,protein,1
3921071,CPI,P05186,compound,protein,1
3926,CPI,Q12809,compound,protein,1
3926,CPI,P25024,compound,protein,0
392622,CPI,O75469,compound,protein,1
392622,CPI,O95342,compound,protein,1
3926765,CPI,Q02880,compound,protein,1
3932,CPI,O43451,compound,protein,0
39385,CPI,P08588,compound,protein,0
394449,CPI,P53350,compound,protein,1
394449,CPI,P61088,compound,protein,1
3947,CPI,P21554,compound,protein,1
3947,CPI,P35367,compound,protein,1
3949,CPI,P10696,compound,protein,0
3949,CPI,P30305,compound,protein,0
3949,CPI,Q96GD4,compound,protein,0
3950,CPI,P08913,compound,protein,1
3950,CPI,Q9H2G2,compound,protein,0
3950926,CPI,Q16644,compound,protein,0
3955,CPI,P08684,compound,protein,1
3955,CPI,O15528,compound,protein,0
3957,CPI,P08172,compound,protein,1
3957,CPI,P10636,compound,protein,1
3957,CPI,P21397,compound,protein,1
3957,CPI,P21728,compound,protein,1
3957,CPI,P31645,compound,protein,1
3957,CPI,P35372,compound,protein,1
3957,CPI,Q96RI1,compound,protein,1
3957,CPI,Q9NUW8,compound,protein,1
3957,CPI,Q9C098,compound,protein,0
395754,CPI,P0C1S8,compound,protein,0
3960,CPI,P32238,compound,protein,1
3961,CPI,P09923,compound,protein,0
3961,CPI,P51452,compound,protein,0
3964,CPI,P43681,compound,protein,1
3964,CPI,Q12851,compound,protein,0
3964,CPI,P04406,compound,protein,0
3964693,CPI,P21917,compound,protein,0
3969,CPI,O75716,compound,protein,0
3971,CPI,O60885,compound,protein,1
3973,CPI,P53350,compound,protein,1
3973,CPI,Q86V86,compound,protein,1
3973,CPI,P08183,compound,protein,0
3976006,CPI,Q15831,compound,protein,0
3995234,CPI,B1AH88,compound,protein,1
4011,CPI,Q9UPY5,compound,protein,0
4020,CPI,P21452,compound,protein,1
4020,CPI,P07949,compound,protein,0
4030,CPI,P25929,compound,protein,1
4030,CPI,P13945,compound,protein,0
4030,CPI,P30989,compound,protein,0
4032,CPI,Q96P20,compound,protein,0
4032,CPI,P27487,compound,protein,0
4032,CPI,P04439,compound,protein,0
4032,CPI,O00444,compound,protein,0
4034,CPI,P21554,compound,protein,1
4034,CPI,P21917,compound,protein,1
4037,CPI,Q13526,compound,protein,1
4037,CPI,Q9HC29,compound,protein,0
4037,CPI,P51681,compound,protein,0
4044,CPI,P08588,compound,protein,1
4044,CPI,P28223,compound,protein,1
4044,CPI,P52895,compound,protein,1
4044,CPI,Q99808,compound,protein,1
4044,CPI,Q9P0X4,compound,protein,0
4046,CPI,P05177,compound,protein,1
4046,CPI,P08172,compound,protein,1
4046,CPI,P32238,compound,protein,1
4046,CPI,Q12809,compound,protein,1
4046,CPI,O60391,compound,protein,0
40461270,CPI,P33151,compound,protein,1
40467075,CPI,P17405,compound,protein,0
40469854,CPI,P62508,compound,protein,1
4053,CPI,P83916,compound,protein,1
4053,CPI,Q02880,compound,protein,0
40539,CPI,Q9NPH5,compound,protein,0
4054,CPI,P03372,compound,protein,1
4054,CPI,Q9NPD5,compound,protein,0
4054,CPI,Q16832,compound,protein,0
4055,CPI,P11473,compound,protein,1
4055,CPI,Q9Y2U5,compound,protein,0
4055,CPI,P10721,compound,protein,0
4055,CPI,Q14654,compound,protein,0
4060,CPI,Q14524,compound,protein,1
4066,CPI,P11229,compound,protein,1
4066,CPI,Q8TDS4,compound,protein,0
4066,CPI,Q9H1R3,compound,protein,0
4067,CPI,P11150,compound,protein,0
4075,CPI,Q00987,compound,protein,0
4076092,CPI,P80370,compound,protein,0
4077460,CPI,O43193,compound,protein,0
4078,CPI,P35372,compound,protein,1
40839,CPI,P23975,compound,protein,0
40854,CPI,P29274,compound,protein,1
4086,CPI,Q92793,compound,protein,0
4089709,CPI,Q9NZ08,compound,protein,1
4089709,CPI,Q13043,compound,protein,0
4091,CPI,P18825,compound,protein,1
4091,CPI,P41145,compound,protein,1
4091,CPI,Q16134,compound,protein,1
4091,CPI,Q07820,compound,protein,0
4091,CPI,P04049,compound,protein,0
4097,CPI,P10635,compound,protein,1
4098,CPI,P08172,compound,protein,1
4098,CPI,Q12809,compound,protein,1
4099,CPI,P18825,compound,protein,1
4099,CPI,P25021,compound,protein,1
4099,CPI,P41145,compound,protein,1
4100,CPI,P43166,compound,protein,1
4104,CPI,Q9NY72,compound,protein,0
4104,CPI,P10398,compound,protein,0
4107,CPI,Q15046,compound,protein,0
4112,CPI,O75874,compound,protein,1
4112,CPI,Q16236,compound,protein,1
4112,CPI,P10636,compound,protein,0
4116,CPI,O15528,compound,protein,0
4116,CPI,P25024,compound,protein,0
4116,CPI,P16083,compound,protein,0
4116,CPI,P35869,compound,protein,0
4122,CPI,Q96KQ7,compound,protein,1
4122,CPI,P08684,compound,protein,0
4122,CPI,Q13324,compound,protein,0
4139,CPI,P21397,compound,protein,1
4158,CPI,Q8NF37,compound,protein,0
4163,CPI,P28335,compound,protein,1
4163,CPI,P05091,compound,protein,0
4168,CPI,P10635,compound,protein,1
4168,CPI,P11229,compound,protein,1
4168,CPI,P48426,compound,protein,0
4168,CPI,Q12797,compound,protein,0
4168,CPI,Q13946,compound,protein,0
41684,CPI,P04150,compound,protein,1
41684,CPI,P07550,compound,protein,1
41684,CPI,Q99808,compound,protein,1
41684,CPI,Q14576,compound,protein,0
4170,CPI,P41145,compound,protein,1
4170,CPI,P04818,compound,protein,0
4170,CPI,Q9UL62,compound,protein,0
4173,CPI,O43193,compound,protein,1
4173,CPI,P35354,compound,protein,1
4173,CPI,P41145,compound,protein,1
4173,CPI,O43293,compound,protein,0
4174,CPI,O43193,compound,protein,1
4174,CPI,P05093,compound,protein,1
4174,CPI,P07550,compound,protein,1
4174,CPI,P43681,compound,protein,1
41774,CPI,P04746,compound,protein,1
4178,CPI,Q13526,compound,protein,1
41781,CPI,P35367,compound,protein,1
41781,CPI,P11926,compound,protein,0
4184,CPI,P25021,compound,protein,1
4184,CPI,P17861,compound,protein,0
4184,CPI,P48050,compound,protein,0
41867,CPI,P21731,compound,protein,1
4189,CPI,P08183,compound,protein,1
4189,CPI,P11511,compound,protein,1
4189,CPI,P21397,compound,protein,1
4189,CPI,P23975,compound,protein,1
4189,CPI,P45452,compound,protein,0
4189,CPI,P55072,compound,protein,0
4189,CPI,O43353,compound,protein,0
4192,CPI,P05067,compound,protein,0
4195,CPI,P11229,compound,protein,1
4195,CPI,P21918,compound,protein,1
4195,CPI,P31645,compound,protein,1
4195,CPI,P41143,compound,protein,1
4195,CPI,P08185,compound,protein,0
4195,CPI,O75385,compound,protein,0
4197,CPI,Q9UL54,compound,protein,0
4197,CPI,P19099,compound,protein,0
41987,CPI,P31645,compound,protein,1
4199,CPI,O43193,compound,protein,1
4199,CPI,P28223,compound,protein,1
4199,CPI,Q8TDS4,compound,protein,1
4201,CPI,O43193,compound,protein,1
4201,CPI,O75496,compound,protein,1
4201,CPI,P01584,compound,protein,0
4203080,CPI,P54756,compound,protein,0
4205,CPI,P28223,compound,protein,1
4205,CPI,P28335,compound,protein,1
4205,CPI,P35367,compound,protein,1
42052020,CPI,P08684,compound,protein,1
42066809,CPI,P04818,compound,protein,1
42066809,CPI,O75116,compound,protein,0
4210951,CPI,P19838,compound,protein,1
4210951,CPI,Q99714,compound,protein,1
4211,CPI,P21397,compound,protein,1
4211,CPI,P54132,compound,protein,1
4211,CPI,Q08345,compound,protein,0
4211,CPI,P54760,compound,protein,0
4212,CPI,P00533,compound,protein,1
4212,CPI,P08173,compound,protein,1
4212,CPI,P04049,compound,protein,0
4214594,CPI,P30926,compound,protein,0
4216,CPI,Q99755,compound,protein,0
421610,CPI,P21817,compound,protein,0
4217,CPI,Q96QE3,compound,protein,1
4235,CPI,P35354,compound,protein,1
4235,CPI,P41145,compound,protein,1
4235,CPI,O75164,compound,protein,0
4236,CPI,P08172,compound,protein,1
4236,CPI,Q99928,compound,protein,0
4236,CPI,P11802,compound,protein,0
4237,CPI,P35354,compound,protein,1
4239,CPI,P03372,compound,protein,0
42574,CPI,P84022,compound,protein,1
42574,CPI,P52895,compound,protein,0
4261,CPI,P08684,compound,protein,1
42611257,CPI,P07947,compound,protein,1
4262,CPI,P36544,compound,protein,0
42633508,CPI,O15118,compound,protein,0
42636535,CPI,O00329,compound,protein,1
42636535,CPI,Q9Y2T6,compound,protein,0
42640809,CPI,Q9Y6E0,compound,protein,0
42642645,CPI,O14757,compound,protein,1
42642645,CPI,O43353,compound,protein,1
42642645,CPI,P10721,compound,protein,1
42642645,CPI,P19525,compound,protein,1
42642645,CPI,P24941,compound,protein,1
42642645,CPI,P29323,compound,protein,1
42642645,CPI,P45985,compound,protein,1
42642645,CPI,P51817,compound,protein,1
42642645,CPI,P51957,compound,protein,1
42642645,CPI,Q56UN5,compound,protein,1
42642645,CPI,Q8WTQ7,compound,protein,1
42642645,CPI,Q99835,compound,protein,1
42642645,CPI,Q9H3Y6,compound,protein,1
42642645,CPI,Q9HC97,compound,protein,1
42642645,CPI,Q9UBE8,compound,protein,1
42642645,CPI,Q9UHD2,compound,protein,1
42642645,CPI,Q9UKI8,compound,protein,1
42642645,CPI,P28566,compound,protein,0
42642645,CPI,P39748,compound,protein,0
42642645,CPI,P48050,compound,protein,0
42642645,CPI,O43451,compound,protein,0
42642645,CPI,P22460,compound,protein,0
42642645,CPI,P60953,compound,protein,0
42642645,CPI,P54289,compound,protein,0
42642645,CPI,Q8TDS4,compound,protein,0
42642645,CPI,P0DP23,compound,protein,0
42642645,CPI,P04278,compound,protein,0
42642645,CPI,Q13285,compound,protein,0
42642645,CPI,O14684,compound,protein,0
42642645,CPI,P37231,compound,protein,0
42642645,CPI,P33261,compound,protein,0
42642645,CPI,O00591,compound,protein,0
42642645,CPI,Q99250,compound,protein,0
42642645,CPI,P12821,compound,protein,0
42642645,CPI,Q01668,compound,protein,0
42642645,CPI,Q15046,compound,protein,0
42642648,CPI,Q9UGI6,compound,protein,0
4273754,CPI,Q13148,compound,protein,1
42760,CPI,P34972,compound,protein,1
4284720,CPI,P34969,compound,protein,1
42890,CPI,Q07889,compound,protein,1
42890,CPI,Q16637,compound,protein,1
42890,CPI,Q9UQM7,compound,protein,0
42890,CPI,P19099,compound,protein,0
42955,CPI,P06746,compound,protein,1
42955,CPI,P14416,compound,protein,1
42955,CPI,P29274,compound,protein,1
42955,CPI,P32239,compound,protein,1
42955,CPI,Q8NI60,compound,protein,0
42955,CPI,P25705,compound,protein,0
42955,CPI,Q9BVS4,compound,protein,0
4299,CPI,Q00653,compound,protein,0
4302116,CPI,P15735,compound,protein,0
4302962,CPI,O00167,compound,protein,0
4302962,CPI,Q13233,compound,protein,0
4306,CPI,P04083,compound,protein,0
4306515,CPI,P40225,compound,protein,1
4306515,CPI,Q9UQD0,compound,protein,0
4306515,CPI,P25025,compound,protein,0
43231,CPI,P27695,compound,protein,1
43231,CPI,Q01201,compound,protein,0
4331799,CPI,P10636,compound,protein,1
43345,CPI,O60706,compound,protein,1
43345,CPI,P08684,compound,protein,1
4348310,CPI,Q9BQB6,compound,protein,0
43507,CPI,Q9Y5N1,compound,protein,1
4350931,CPI,Q12809,compound,protein,1
4350931,CPI,Q96KQ7,compound,protein,1
4355450,CPI,P48730,compound,protein,0
435678,CPI,P42226,compound,protein,1
4369233,CPI,Q13547,compound,protein,0
4369270,CPI,O75874,compound,protein,1
4369270,CPI,P05023,compound,protein,1
4369359,CPI,P00915,compound,protein,1
4375,CPI,P08172,compound,protein,0
4376,CPI,P08912,compound,protein,1
4376,CPI,P28335,compound,protein,1
4376,CPI,Q9Y5S2,compound,protein,0
4376,CPI,P22748,compound,protein,0
4380,CPI,O94782,compound,protein,1
4380,CPI,P33261,compound,protein,1
4380,CPI,Q9NY57,compound,protein,0
4381125,CPI,O15118,compound,protein,1
4381126,CPI,P41143,compound,protein,0
4381126,CPI,P50613,compound,protein,0
43815,CPI,Q70Z44,compound,protein,1
43815,CPI,P02753,compound,protein,0
43815,CPI,P03956,compound,protein,0
43815,CPI,P42336,compound,protein,0
438981,CPI,P49840,compound,protein,1
438981,CPI,P10635,compound,protein,0
439246,CPI,Q9NUW8,compound,protein,1
439260,CPI,P41145,compound,protein,1
439260,CPI,P33261,compound,protein,0
439525,CPI,Q02880,compound,protein,1
439530,CPI,P61313,compound,protein,1
439533,CPI,P00915,compound,protein,1
439533,CPI,Q96KQ7,compound,protein,1
439620,CPI,P25101,compound,protein,0
439654,CPI,P21728,compound,protein,1
4409,CPI,P25929,compound,protein,1
4409,CPI,P27695,compound,protein,1
4409,CPI,P38398,compound,protein,1
4409,CPI,P49761,compound,protein,0
44093,CPI,P08588,compound,protein,1
44093,CPI,P11229,compound,protein,1
44093,CPI,P21397,compound,protein,1
44093,CPI,P35367,compound,protein,1
441074,CPI,P11229,compound,protein,1
441074,CPI,P18507,compound,protein,0
4411,CPI,P27695,compound,protein,1
4411,CPI,P08173,compound,protein,0
441130,CPI,P30518,compound,protein,1
441130,CPI,P23975,compound,protein,0
441130,CPI,Q99808,compound,protein,0
441140,CPI,P14416,compound,protein,1
441140,CPI,P41145,compound,protein,1
441140,CPI,Q13547,compound,protein,0
441140,CPI,Q96GD4,compound,protein,0
441194,CPI,P41143,compound,protein,0
441194,CPI,P36507,compound,protein,0
441199,CPI,P10635,compound,protein,0
441199,CPI,P03956,compound,protein,0
441243,CPI,P24557,compound,protein,1
441243,CPI,Q59H18,compound,protein,0
441243,CPI,P22001,compound,protein,0
441243,CPI,Q9UBS5,compound,protein,0
441276,CPI,O75469,compound,protein,1
441276,CPI,Q9NUW8,compound,protein,0
441289,CPI,Q99808,compound,protein,1
441289,CPI,Q9Y2K2,compound,protein,0
441290,CPI,Q92753,compound,protein,0
4413,CPI,P25929,compound,protein,1
4413,CPI,Q12809,compound,protein,1
441314,CPI,P10253,compound,protein,1
441336,CPI,O75496,compound,protein,1
44137675,CPI,P19174,compound,protein,0
44137675,CPI,P09923,compound,protein,0
44137675,CPI,P29274,compound,protein,0
44137946,CPI,P45984,compound,protein,1
44137946,CPI,P11229,compound,protein,0
44137946,CPI,P27695,compound,protein,0
441383,CPI,P08173,compound,protein,1
44139710,CPI,Q8TDS4,compound,protein,0
44142043,CPI,P84022,compound,protein,1
44142046,CPI,O00591,compound,protein,0
44142048,CPI,P23219,compound,protein,0
44142054,CPI,Q13627,compound,protein,1
44142055,CPI,Q99720,compound,protein,0
44142057,CPI,P08172,compound,protein,0
44142059,CPI,Q86UX6,compound,protein,0
44142061,CPI,Q96KQ7,compound,protein,0
44142062,CPI,Q96QE3,compound,protein,1
44142062,CPI,P57059,compound,protein,0
44142063,CPI,P28566,compound,protein,0
44142064,CPI,Q9HC97,compound,protein,0
44142069,CPI,Q96QE3,compound,protein,1
44142078,CPI,O15118,compound,protein,1
44142087,CPI,Q96KQ7,compound,protein,0
44142090,CPI,P25098,compound,protein,0
44142091,CPI,Q16236,compound,protein,1
44142091,CPI,Q99808,compound,protein,0
44142093,CPI,Q92847,compound,protein,0
44142096,CPI,P84022,compound,protein,1
44142096,CPI,Q99928,compound,protein,0
44142098,CPI,Q04864,compound,protein,0
44142100,CPI,O75496,compound,protein,1
44142100,CPI,Q9UBT6,compound,protein,1
44142103,CPI,P84022,compound,protein,1
44142103,CPI,P21397,compound,protein,0
44142112,CPI,P28335,compound,protein,0
44142114,CPI,P50406,compound,protein,0
44142117,CPI,P08913,compound,protein,0
44142124,CPI,O15118,compound,protein,1
44142126,CPI,P08913,compound,protein,0
44142126,CPI,O60674,compound,protein,0
44142140,CPI,Q9H3Y6,compound,protein,0
44142149,CPI,Q14500,compound,protein,0
44142159,CPI,Q13546,compound,protein,0
44142168,CPI,Q96QE3,compound,protein,1
44142346,CPI,O75496,compound,protein,1
44142346,CPI,P18054,compound,protein,1
44142351,CPI,P31645,compound,protein,0
44143089,CPI,Q16236,compound,protein,1
44143091,CPI,P11166,compound,protein,0
44143153,CPI,Q92830,compound,protein,1
44143703,CPI,P19784,compound,protein,0
4417,CPI,P35372,compound,protein,1
44176347,CPI,P43681,compound,protein,0
4418,CPI,P41145,compound,protein,1
4418,CPI,Q9HBY8,compound,protein,0
4418,CPI,Q02880,compound,protein,0
442009,CPI,Q16236,compound,protein,0
44202433,CPI,O60331,compound,protein,0
44202878,CPI,O75496,compound,protein,1
44202943,CPI,P07237,compound,protein,1
44202943,CPI,Q12851,compound,protein,0
44205240,CPI,O75385,compound,protein,1
44216737,CPI,Q15375,compound,protein,0
44216737,CPI,Q15831,compound,protein,0
4422,CPI,P41143,compound,protein,1
44223965,CPI,Q16678,compound,protein,0
44223965,CPI,Q9NUW8,compound,protein,0
44223965,CPI,P20813,compound,protein,0
44223970,CPI,P28482,compound,protein,0
44223974,CPI,P49761,compound,protein,1
44223974,CPI,P25929,compound,protein,0
44224144,CPI,P51451,compound,protein,0
44229067,CPI,P10636,compound,protein,0
44237404,CPI,Q8N4C8,compound,protein,0
44237405,CPI,P27037,compound,protein,0
44237406,CPI,O94925,compound,protein,1
44237408,CPI,Q03431,compound,protein,0
44240264,CPI,O15530,compound,protein,0
44246455,CPI,P04062,compound,protein,1
44246499,CPI,Q9UBE8,compound,protein,0
44246514,CPI,Q12809,compound,protein,0
44246515,CPI,P10635,compound,protein,0
44246520,CPI,Q96KQ7,compound,protein,1
44246708,CPI,Q07820,compound,protein,1
44246708,CPI,Q07817,compound,protein,0
442530,CPI,Q9Y2I1,compound,protein,0
442530,CPI,P07305,compound,protein,0
44259,CPI,O00506,compound,protein,1
44259,CPI,O43318,compound,protein,1
44259,CPI,P07947,compound,protein,1
44259,CPI,P27361,compound,protein,1
44259,CPI,P30291,compound,protein,1
44259,CPI,P35968,compound,protein,1
44259,CPI,P36507,compound,protein,1
44259,CPI,P43403,compound,protein,1
44259,CPI,P43405,compound,protein,1
44259,CPI,P45984,compound,protein,1
44259,CPI,Q02763,compound,protein,1
44259,CPI,Q05397,compound,protein,1
44259,CPI,Q13164,compound,protein,1
44259,CPI,Q16566,compound,protein,1
44259,CPI,Q32MK0,compound,protein,1
44259,CPI,Q59H18,compound,protein,1
44259,CPI,Q9BRS2,compound,protein,1
44259,CPI,Q9P2K8,compound,protein,1
44259,CPI,Q9Y3S1,compound,protein,1
44259,CPI,Q9Y6M4,compound,protein,1
44259,CPI,P11166,compound,protein,0
44259,CPI,P04439,compound,protein,0
44259,CPI,P54132,compound,protein,0
44259,CPI,Q9C0B1,compound,protein,0
44259,CPI,Q92793,compound,protein,0
44259,CPI,Q13148,compound,protein,0
44259,CPI,P11926,compound,protein,0
44259,CPI,P48048,compound,protein,0
44259,CPI,P04035,compound,protein,0
44259,CPI,Q9UN88,compound,protein,0
44259,CPI,P05412,compound,protein,0
44259,CPI,Q13324,compound,protein,0
44259,CPI,P42574,compound,protein,0
442872,CPI,P14867,compound,protein,1
442897,CPI,P23975,compound,protein,0
4431,CPI,Q02763,compound,protein,0
443278,CPI,Q9UBN7,compound,protein,1
443372,CPI,P19838,compound,protein,1
443389,CPI,P28223,compound,protein,1
443390,CPI,P04637,compound,protein,1
443390,CPI,P28335,compound,protein,1
4436,CPI,P28482,compound,protein,1
443872,CPI,P03372,compound,protein,1
443872,CPI,P07550,compound,protein,1
443872,CPI,P08172,compound,protein,1
443879,CPI,P29376,compound,protein,0
443935,CPI,P10275,compound,protein,1
443935,CPI,P31645,compound,protein,0
443943,CPI,Q99835,compound,protein,1
443944,CPI,Q92847,compound,protein,1
443944,CPI,P35499,compound,protein,0
443953,CPI,P08684,compound,protein,1
443953,CPI,Q12809,compound,protein,1
443953,CPI,O60285,compound,protein,0
443955,CPI,Q12809,compound,protein,1
443955,CPI,Q15596,compound,protein,0
443955,CPI,Q05586,compound,protein,0
444,CPI,P08588,compound,protein,1
444,CPI,P18825,compound,protein,1
444,CPI,P21397,compound,protein,1
444,CPI,Q13627,compound,protein,0
444,CPI,Q16659,compound,protein,0
444008,CPI,Q96RG2,compound,protein,0
444025,CPI,Q16644,compound,protein,0
444031,CPI,P23975,compound,protein,1
444254,CPI,P18825,compound,protein,1
444254,CPI,P27815,compound,protein,1
44460110,CPI,Q14012,compound,protein,0
44460112,CPI,P21127,compound,protein,0
44460113,CPI,P07948,compound,protein,0
44460114,CPI,Q99640,compound,protein,0
44460116,CPI,P29317,compound,protein,0
44460126,CPI,O95819,compound,protein,0
44460127,CPI,P34972,compound,protein,0
44460141,CPI,Q96PY6,compound,protein,0
44460172,CPI,P84022,compound,protein,1
44462758,CPI,O60674,compound,protein,1
44462758,CPI,P04818,compound,protein,0
44462758,CPI,Q96RI1,compound,protein,0
44462760,CPI,O75460,compound,protein,1
44462760,CPI,P36897,compound,protein,1
44462760,CPI,P29375,compound,protein,0
44462760,CPI,O95747,compound,protein,0
44462760,CPI,O75762,compound,protein,0
44473128,CPI,P08172,compound,protein,0
444732,CPI,P34995,compound,protein,1
44473434,CPI,P49798,compound,protein,0
44473434,CPI,P08913,compound,protein,0
44473434,CPI,P21397,compound,protein,0
444795,CPI,P51449,compound,protein,1
444795,CPI,P45984,compound,protein,0
444795,CPI,Q15858,compound,protein,0
444795,CPI,P55055,compound,protein,0
44483164,CPI,Q9P289,compound,protein,0
44483247,CPI,P45452,compound,protein,0
44483269,CPI,P06280,compound,protein,0
44483270,CPI,O15264,compound,protein,0
44483274,CPI,Q02880,compound,protein,1
44487409,CPI,Q9NUW8,compound,protein,1
44488016,CPI,P49840,compound,protein,0
44488016,CPI,Q9Y2T6,compound,protein,0
4449,CPI,P14416,compound,protein,1
4449,CPI,P28335,compound,protein,1
4449,CPI,P62942,compound,protein,0
4449,CPI,Q8NER1,compound,protein,0
44497719,CPI,Q02750,compound,protein,0
44498587,CPI,Q9UBF8,compound,protein,0
4450,CPI,P20309,compound,protein,1
44502358,CPI,Q8TDR2,compound,protein,0
44502358,CPI,P04637,compound,protein,0
44504316,CPI,O94925,compound,protein,1
44504986,CPI,P17252,compound,protein,0
44505017,CPI,P06241,compound,protein,0
44505336,CPI,O14920,compound,protein,0
44505339,CPI,Q6DT37,compound,protein,0
44505394,CPI,P42684,compound,protein,0
44505555,CPI,Q9NUW8,compound,protein,1
44505603,CPI,P30291,compound,protein,0
44505892,CPI,P00533,compound,protein,0
44505980,CPI,P51817,compound,protein,0
44506448,CPI,P20309,compound,protein,0
44506647,CPI,Q8N568,compound,protein,0
445070,CPI,O43781,compound,protein,0
44517658,CPI,O15118,compound,protein,1
44517659,CPI,P08912,compound,protein,0
4452,CPI,P41145,compound,protein,1
445354,CPI,Q8TC12,compound,protein,1
445354,CPI,P28223,compound,protein,1
445354,CPI,P43681,compound,protein,1
445354,CPI,P13631,compound,protein,1
445354,CPI,Q13627,compound,protein,0
445354,CPI,Q9Y5S2,compound,protein,0
4453692,CPI,Q92830,compound,protein,1
44543525,CPI,P08912,compound,protein,0
44543605,CPI,Q99640,compound,protein,0
445713,CPI,P47869,compound,protein,0
445713,CPI,Q96RG2,compound,protein,0
445858,CPI,Q16512,compound,protein,0
44593869,CPI,P29376,compound,protein,0
44595079,CPI,P07333,compound,protein,1
44595079,CPI,P51812,compound,protein,1
44595079,CPI,Q13285,compound,protein,0
44601470,CPI,P41145,compound,protein,1
44601476,CPI,Q9Y2H1,compound,protein,0
44602376,CPI,P23975,compound,protein,0
44602378,CPI,Q9HC98,compound,protein,0
44602404,CPI,Q9NRP7,compound,protein,0
44602405,CPI,Q13148,compound,protein,1
44602406,CPI,P28223,compound,protein,0
44603533,CPI,P47989,compound,protein,0
44607577,CPI,Q96KQ7,compound,protein,0
44607586,CPI,P05186,compound,protein,0
44607591,CPI,Q9NUW8,compound,protein,1
44607954,CPI,Q9Y570,compound,protein,1
44607954,CPI,Q9P2K8,compound,protein,0
44607954,CPI,P51817,compound,protein,0
446155,CPI,O95718,compound,protein,0
44618522,CPI,Q9UKE5,compound,protein,0
44620882,CPI,P63000,compound,protein,0
44620939,CPI,P49761,compound,protein,0
44623833,CPI,O94925,compound,protein,1
44623839,CPI,Q16832,compound,protein,0
44623839,CPI,Q9UPZ9,compound,protein,0
44623844,CPI,P35354,compound,protein,0
446284,CPI,O14842,compound,protein,1
4463,CPI,P34969,compound,protein,1
4463,CPI,P07949,compound,protein,0
44630538,CPI,Q9NUW8,compound,protein,1
44630540,CPI,O43193,compound,protein,0
44630541,CPI,P30530,compound,protein,0
44634570,CPI,O95382,compound,protein,0
44640137,CPI,P84022,compound,protein,1
44640176,CPI,P08183,compound,protein,1
44640177,CPI,P28335,compound,protein,0
44640177,CPI,O75716,compound,protein,0
44640183,CPI,O75469,compound,protein,0
4464266,CPI,P35916,compound,protein,0
4464271,CPI,Q9NUW8,compound,protein,0
446541,CPI,Q05397,compound,protein,0
446596,CPI,P21554,compound,protein,1
446596,CPI,Q8N1Q1,compound,protein,0
446596,CPI,P08581,compound,protein,0
446598,CPI,P08913,compound,protein,1
446598,CPI,O14746,compound,protein,0
446598,CPI,P55211,compound,protein,0
446598,CPI,Q99685,compound,protein,0
447043,CPI,P11229,compound,protein,1
4472,CPI,P10635,compound,protein,1
4474,CPI,O00555,compound,protein,1
4474,CPI,P20309,compound,protein,1
4474,CPI,P23975,compound,protein,1
4474,CPI,P25100,compound,protein,1
4474,CPI,P27815,compound,protein,1
4474,CPI,P62955,compound,protein,1
4474,CPI,Q8WXS5,compound,protein,1
4474,CPI,Q13873,compound,protein,0
4477,CPI,O75496,compound,protein,1
447713,CPI,P12821,compound,protein,0
447912,CPI,Q8WUI4,compound,protein,0
448014,CPI,P48730,compound,protein,1
448014,CPI,P28472,compound,protein,0
448014,CPI,Q14524,compound,protein,0
448014,CPI,P03956,compound,protein,0
448042,CPI,O75116,compound,protein,1
448042,CPI,P23381,compound,protein,0
44820554,CPI,O43570,compound,protein,0
44820562,CPI,P04062,compound,protein,1
44825304,CPI,O94925,compound,protein,1
44828481,CPI,Q13233,compound,protein,0
4485,CPI,P07550,compound,protein,1
4485,CPI,Q06278,compound,protein,0
448537,CPI,P41143,compound,protein,1
448537,CPI,Q06278,compound,protein,1
448537,CPI,Q9Y6E0,compound,protein,0
448537,CPI,Q8NFD2,compound,protein,0
4488,CPI,P02766,compound,protein,1
4488,CPI,P21397,compound,protein,1
4488,CPI,P35354,compound,protein,1
4488,CPI,Q9HC97,compound,protein,1
4488,CPI,O43318,compound,protein,0
4488,CPI,P0DP23,compound,protein,0
4488,CPI,Q16637,compound,protein,0
4488,CPI,P47989,compound,protein,0
448991,CPI,P11802,compound,protein,1
449054,CPI,P05177,compound,protein,0
449171,CPI,Q13133,compound,protein,1
449193,CPI,Q9NP56,compound,protein,0
4493,CPI,P11362,compound,protein,0
4493,CPI,Q00537,compound,protein,0
4494,CPI,O00305,compound,protein,1
4494,CPI,Q08499,compound,protein,1
4494,CPI,Q9HBH9,compound,protein,0
449459,CPI,O75496,compound,protein,1
4496,CPI,P06746,compound,protein,0
4496,CPI,Q9UBT6,compound,protein,0
44968231,CPI,Q9NUW8,compound,protein,0
44968259,CPI,P43681,compound,protein,0
4497,CPI,Q6W5P4,compound,protein,1
4497,CPI,Q99808,compound,protein,1
4497,CPI,Q9H2X6,compound,protein,0
4499,CPI,Q9BX84,compound,protein,0
45006067,CPI,O15554,compound,protein,0
4506,CPI,P08172,compound,protein,1
4506,CPI,P34903,compound,protein,0
4506,CPI,O00591,compound,protein,0
4506,CPI,P47869,compound,protein,0
4506,CPI,P05093,compound,protein,0
4506,CPI,O95398,compound,protein,0
4507,CPI,O95180,compound,protein,1
4507,CPI,P21397,compound,protein,1
4507,CPI,Q13698,compound,protein,1
4507,CPI,Q7KZI7,compound,protein,0
45115620,CPI,Q9P0X4,compound,protein,1
4514,CPI,P08173,compound,protein,0
451668,CPI,P49336,compound,protein,0
4516886,CPI,P42336,compound,protein,0
4521392,CPI,O60285,compound,protein,1
4521392,CPI,O95819,compound,protein,1
4521392,CPI,P04049,compound,protein,1
4521392,CPI,P34947,compound,protein,1
4521392,CPI,P36897,compound,protein,1
4521392,CPI,P42685,compound,protein,1
4521392,CPI,Q02763,compound,protein,1
4521392,CPI,Q15375,compound,protein,1
4521392,CPI,Q7KZI7,compound,protein,1
4521392,CPI,Q9H3Y6,compound,protein,1
4521392,CPI,Q9H4B4,compound,protein,1
4521392,CPI,P10145,compound,protein,0
4521392,CPI,O76074,compound,protein,0
4521392,CPI,Q03431,compound,protein,0
4521392,CPI,P08173,compound,protein,0
45281798,CPI,P11473,compound,protein,0
45358132,CPI,O43497,compound,protein,0
45375953,CPI,O00459,compound,protein,1
4539,CPI,Q96KQ7,compound,protein,1
4539,CPI,P10275,compound,protein,0
4539,CPI,P19793,compound,protein,0
4543,CPI,P08912,compound,protein,1
4543,CPI,P08913,compound,protein,1
4543,CPI,Q99720,compound,protein,1
4552,CPI,P05177,compound,protein,1
456199,CPI,P35354,compound,protein,0
456214,CPI,P42226,compound,protein,1
456214,CPI,P27037,compound,protein,0
456389,CPI,Q96KQ7,compound,protein,1
4565183,CPI,P10635,compound,protein,0
4567,CPI,P21917,compound,protein,1
4567,CPI,P54762,compound,protein,0
457193,CPI,Q96KQ7,compound,protein,1
457193,CPI,O15075,compound,protein,0
457193,CPI,P29376,compound,protein,0
4573811,CPI,O95382,compound,protein,0
4574540,CPI,P10635,compound,protein,0
4579,CPI,P04054,compound,protein,1
457964,CPI,P30411,compound,protein,0
4583,CPI,Q96KQ7,compound,protein,1
4592,CPI,P30281,compound,protein,0
4595,CPI,O15244,compound,protein,1
459617,CPI,P11387,compound,protein,0
4601,CPI,Q13946,compound,protein,0
460612,CPI,Q96KQ7,compound,protein,1
460747,CPI,P04637,compound,protein,1
460747,CPI,P84022,compound,protein,1
460747,CPI,Q13627,compound,protein,0
460747,CPI,Q12866,compound,protein,0
460747,CPI,P21731,compound,protein,0
4614,CPI,P11229,compound,protein,1
4614,CPI,P28482,compound,protein,1
4615,CPI,P35367,compound,protein,1
4615,CPI,Q9UBF8,compound,protein,0
46172919,CPI,P48145,compound,protein,1
46172926,CPI,P48145,compound,protein,1
46191176,CPI,P11511,compound,protein,1
46191454,CPI,O14757,compound,protein,1
46191454,CPI,O14965,compound,protein,1
46191454,CPI,P06213,compound,protein,1
46191454,CPI,P15735,compound,protein,1
46191454,CPI,Q9NYY3,compound,protein,1
46191454,CPI,Q9P289,compound,protein,1
46191454,CPI,P47870,compound,protein,0
46191454,CPI,Q9UN88,compound,protein,0
46199207,CPI,P23458,compound,protein,0
46199207,CPI,Q14191,compound,protein,0
462,CPI,Q96RI1,compound,protein,1
46213929,CPI,P29597,compound,protein,1
46213929,CPI,P21728,compound,protein,0
46213929,CPI,P21554,compound,protein,0
46213929,CPI,P10827,compound,protein,0
46213929,CPI,P17861,compound,protein,0
46215462,CPI,O14965,compound,protein,1
46215462,CPI,P18405,compound,protein,0
46216796,CPI,P16083,compound,protein,1
46216796,CPI,Q8IYT8,compound,protein,0
46216796,CPI,P09884,compound,protein,0
46216796,CPI,O75751,compound,protein,0
46220502,CPI,O94804,compound,protein,1
46220502,CPI,P49674,compound,protein,1
46220502,CPI,P48546,compound,protein,0
46220502,CPI,Q9NRH2,compound,protein,0
46224413,CPI,A4D1B5,compound,protein,1
46224516,CPI,P00533,compound,protein,0
46233311,CPI,Q07869,compound,protein,1
462382,CPI,P07858,compound,protein,1
462382,CPI,P25963,compound,protein,1
462382,CPI,P29323,compound,protein,0
46239015,CPI,Q9UK32,compound,protein,1
46239015,CPI,Q92793,compound,protein,0
46245505,CPI,Q9BXF3,compound,protein,0
4631,CPI,P18825,compound,protein,1
4631,CPI,P41145,compound,protein,1
4633,CPI,Q16665,compound,protein,1
4636,CPI,P35354,compound,protein,1
4636,CPI,O95180,compound,protein,0
4636,CPI,Q16236,compound,protein,0
46398810,CPI,P39748,compound,protein,0
4659569,CPI,P25929,compound,protein,1
4659569,CPI,Q92847,compound,protein,1
4659569,CPI,Q9HC97,compound,protein,1
4659569,CPI,P54132,compound,protein,0
4668801,CPI,Q71U36,compound,protein,0
46695,CPI,P45984,compound,protein,0
46700756,CPI,Q9Y5Y9,compound,protein,0
46700756,CPI,Q99250,compound,protein,0
46700756,CPI,Q01668,compound,protein,0
46700756,CPI,O15554,compound,protein,0
4673492,CPI,P35367,compound,protein,0
4674,CPI,P49840,compound,protein,0
4674,CPI,P29275,compound,protein,0
46742340,CPI,Q9H2K8,compound,protein,0
4677798,CPI,P32249,compound,protein,0
467801,CPI,Q8WUI4,compound,protein,1
46783527,CPI,Q9Y6E0,compound,protein,0
4679,CPI,P14415,compound,protein,0
4679,CPI,Q06187,compound,protein,0
4679,CPI,Q9BUB5,compound,protein,0
4680,CPI,P33261,compound,protein,1
4680,CPI,Q00532,compound,protein,0
46843772,CPI,Q07869,compound,protein,0
46843906,CPI,P19838,compound,protein,0
46843906,CPI,O43193,compound,protein,0
4684627,CPI,P41143,compound,protein,0
46861588,CPI,P25929,compound,protein,0
46869951,CPI,Q14833,compound,protein,1
4687238,CPI,Q9Y2T6,compound,protein,0
46885626,CPI,Q16832,compound,protein,1
46885626,CPI,Q32MK0,compound,protein,1
46885626,CPI,O60840,compound,protein,0
46893585,CPI,Q15418,compound,protein,0
46903353,CPI,O94782,compound,protein,1
46903432,CPI,Q9NUW8,compound,protein,1
46903465,CPI,P29320,compound,protein,0
46903884,CPI,Q9UKI8,compound,protein,0
46904195,CPI,P21728,compound,protein,0
46907661,CPI,Q16637,compound,protein,1
46907664,CPI,Q00535,compound,protein,0
46907689,CPI,Q16637,compound,protein,1
46907689,CPI,P23975,compound,protein,0
46907705,CPI,Q9BVS4,compound,protein,0
46907714,CPI,Q16637,compound,protein,1
46907714,CPI,O95747,compound,protein,0
46907753,CPI,P11802,compound,protein,0
46907798,CPI,P27487,compound,protein,0
4691,CPI,P11229,compound,protein,1
4691,CPI,P14416,compound,protein,1
4691,CPI,P35367,compound,protein,1
4691,CPI,P35368,compound,protein,1
4691,CPI,P83916,compound,protein,0
46911863,CPI,P17861,compound,protein,0
46916179,CPI,Q9Y5S2,compound,protein,0
46916180,CPI,O95718,compound,protein,0
46925870,CPI,P54753,compound,protein,0
46926350,CPI,P24941,compound,protein,1
46926350,CPI,P49759,compound,protein,1
46926350,CPI,Q9UPZ9,compound,protein,1
46926350,CPI,Q06278,compound,protein,0
46926360,CPI,P21728,compound,protein,0
46926360,CPI,P42681,compound,protein,0
46931012,CPI,P09874,compound,protein,0
46931242,CPI,O95931,compound,protein,1
46931953,CPI,P25929,compound,protein,0
46943243,CPI,Q9UBS5,compound,protein,0
46943432,CPI,Q07869,compound,protein,0
46943432,CPI,P32239,compound,protein,0
46944259,CPI,P28223,compound,protein,0
46944259,CPI,Q9NWZ3,compound,protein,0
46947264,CPI,P42336,compound,protein,1
46948703,CPI,O75496,compound,protein,0
4701,CPI,Q9NUW8,compound,protein,0
4705,CPI,P35968,compound,protein,1
4705,CPI,P08913,compound,protein,0
4707,CPI,P47869,compound,protein,0
4707,CPI,P41240,compound,protein,0
471161,CPI,P27815,compound,protein,0
4712,CPI,P08684,compound,protein,1
4712,CPI,P10636,compound,protein,1
4728,CPI,P10636,compound,protein,1
47319,CPI,P18825,compound,protein,1
4735,CPI,P00734,compound,protein,1
4735,CPI,O15554,compound,protein,0
4735,CPI,Q2M2I8,compound,protein,0
4737,CPI,P03372,compound,protein,1
4737,CPI,P29274,compound,protein,1
4737,CPI,P34903,compound,protein,1
4737,CPI,P19652,compound,protein,0
4737,CPI,P42336,compound,protein,0
4737,CPI,Q03431,compound,protein,0
4740,CPI,O76074,compound,protein,1
4740,CPI,P04150,compound,protein,1
4740,CPI,P21728,compound,protein,1
4740,CPI,P46734,compound,protein,0
4740,CPI,Q8IY84,compound,protein,0
4740,CPI,P24941,compound,protein,0
4746,CPI,P08912,compound,protein,1
4748,CPI,P07550,compound,protein,1
4748,CPI,P25929,compound,protein,1
4748,CPI,Q6W5P4,compound,protein,1
4748,CPI,Q8TDV5,compound,protein,1
4748,CPI,Q9NWZ3,compound,protein,0
4748,CPI,P42336,compound,protein,0
4748,CPI,Q9NZ45,compound,protein,0
4753,CPI,P15121,compound,protein,0
4753,CPI,P55072,compound,protein,0
4754,CPI,Q99700,compound,protein,0
4756,CPI,P04150,compound,protein,0
4758734,CPI,P34998,compound,protein,0
4758734,CPI,Q9UBS5,compound,protein,0
4760,CPI,P25021,compound,protein,1
4760,CPI,P41968,compound,protein,1
4760,CPI,P05164,compound,protein,0
47641,CPI,Q9Y5N1,compound,protein,1
47641,CPI,P05023,compound,protein,0
4771,CPI,P08172,compound,protein,1
4771,CPI,P08588,compound,protein,1
4771,CPI,Q9H2G2,compound,protein,0
4775,CPI,P08588,compound,protein,1
4775,CPI,Q9UKV0,compound,protein,0
4775,CPI,Q99755,compound,protein,0
4780,CPI,Q96KQ7,compound,protein,1
4781,CPI,P08172,compound,protein,1
4781,CPI,P08913,compound,protein,1
4781,CPI,Q9H4B7,compound,protein,0
4781,CPI,Q16566,compound,protein,0
4781,CPI,Q07912,compound,protein,0
4781,CPI,Q9BVS4,compound,protein,0
47811,CPI,O95342,compound,protein,1
4788,CPI,P03372,compound,protein,1
4788,CPI,P33261,compound,protein,1
47936,CPI,P37231,compound,protein,1
47936,CPI,Q92952,compound,protein,1
47936,CPI,P36507,compound,protein,0
47936,CPI,P11362,compound,protein,0
4806,CPI,P15056,compound,protein,0
4813,CPI,O95819,compound,protein,1
4813,CPI,P51812,compound,protein,1
4813,CPI,P51817,compound,protein,1
4813,CPI,P49798,compound,protein,1
4813,CPI,P20794,compound,protein,0
4813,CPI,P36507,compound,protein,0
4813,CPI,Q08499,compound,protein,0
4813,CPI,P08912,compound,protein,0
4828,CPI,P29274,compound,protein,1
4828,CPI,P83916,compound,protein,1
4828,CPI,P45984,compound,protein,0
4828,CPI,O60218,compound,protein,0
4829,CPI,Q9Y616,compound,protein,0
4832119,CPI,P29474,compound,protein,0
4837,CPI,Q9BZL6,compound,protein,0
4843,CPI,P25089,compound,protein,0
4846,CPI,Q96KQ7,compound,protein,1
4849,CPI,O75604,compound,protein,1
4858,CPI,P09874,compound,protein,1
4858,CPI,Q14432,compound,protein,0
4858,CPI,P35228,compound,protein,0
4865,CPI,Q9NPD5,compound,protein,0
4878,CPI,P51817,compound,protein,1
4878,CPI,Q02750,compound,protein,1
4878,CPI,Q04771,compound,protein,1
4878,CPI,P43403,compound,protein,0
4878,CPI,P13631,compound,protein,0
4878,CPI,P28223,compound,protein,0
4878,CPI,Q9UNQ0,compound,protein,0
4878,CPI,Q9Y616,compound,protein,0
4879298,CPI,Q9GZU7,compound,protein,0
4879425,CPI,P41143,compound,protein,0
4883,CPI,O43193,compound,protein,1
4883,CPI,P41968,compound,protein,1
4883,CPI,Q9Y5N1,compound,protein,0
4887,CPI,P23280,compound,protein,0
4887,CPI,Q16512,compound,protein,0
4889,CPI,P04035,compound,protein,1
4889,CPI,P30291,compound,protein,0
4893,CPI,Q99759,compound,protein,0
4904,CPI,P10635,compound,protein,1
4906,CPI,Q9BUB5,compound,protein,0
4909,CPI,O00591,compound,protein,1
4909,CPI,P14867,compound,protein,1
4909,CPI,O14757,compound,protein,0
4910,CPI,P08684,compound,protein,1
4910,CPI,Q99720,compound,protein,1
4910,CPI,P10636,compound,protein,0
4911,CPI,P00918,compound,protein,1
4911,CPI,O15118,compound,protein,0
4911,CPI,Q8WXR4,compound,protein,0
4912,CPI,P07550,compound,protein,1
4913,CPI,P23975,compound,protein,1
4913,CPI,Q07820,compound,protein,0
4914,CPI,O15554,compound,protein,1
4914,CPI,P08588,compound,protein,1
4914,CPI,P35498,compound,protein,0
4915,CPI,P23975,compound,protein,1
4915,CPI,P21453,compound,protein,0
4915,CPI,O00329,compound,protein,0
4916,CPI,P08684,compound,protein,0
4917,CPI,P07550,compound,protein,1
4917,CPI,P33261,compound,protein,1
4917,CPI,P35368,compound,protein,1
4917,CPI,P51957,compound,protein,0
4919,CPI,O43193,compound,protein,1
4919,CPI,P10275,compound,protein,0
4922,CPI,P25103,compound,protein,1
4923,CPI,P21728,compound,protein,1
4926,CPI,P08173,compound,protein,1
4926,CPI,P21397,compound,protein,1
4926,CPI,P21918,compound,protein,1
4926,CPI,Q96RR4,compound,protein,0
4926,CPI,P50613,compound,protein,0
4926,CPI,P51956,compound,protein,0
4927,CPI,O75496,compound,protein,0
4934,CPI,P08172,compound,protein,1
4934,CPI,Q8IY84,compound,protein,0
4934,CPI,Q9UQ88,compound,protein,0
4935,CPI,P48546,compound,protein,0
4935,CPI,Q9UKV0,compound,protein,0
49381,CPI,P28335,compound,protein,1
49381,CPI,Q16637,compound,protein,0
4939,CPI,Q9Y5Y9,compound,protein,0
4943,CPI,P11474,compound,protein,0
4946,CPI,P05177,compound,protein,1
4946,CPI,P21917,compound,protein,1
4946,CPI,P33261,compound,protein,1
4946,CPI,P02768,compound,protein,0
4946,CPI,P18505,compound,protein,0
4950,CPI,P21397,compound,protein,1
4950,CPI,P41968,compound,protein,1
4950,CPI,Q99808,compound,protein,1
4950,CPI,Q9Y2T6,compound,protein,0
4970,CPI,P33261,compound,protein,1
4970,CPI,P23975,compound,protein,0
49766530,CPI,Q9BYT3,compound,protein,0
49792852,CPI,P06213,compound,protein,1
49792852,CPI,P23458,compound,protein,1
49792852,CPI,Q9UBU7,compound,protein,1
49806720,CPI,P31645,compound,protein,1
49806720,CPI,P06276,compound,protein,0
49806720,CPI,Q9UHH9,compound,protein,0
49806720,CPI,P57059,compound,protein,0
49831257,CPI,P62508,compound,protein,0
49831257,CPI,Q01668,compound,protein,0
49836027,CPI,P42345,compound,protein,1
49836027,CPI,Q8NEB9,compound,protein,1
49848070,CPI,P50406,compound,protein,0
49850262,CPI,O60840,compound,protein,0
49850262,CPI,P21728,compound,protein,0
49852226,CPI,P29323,compound,protein,0
49852229,CPI,Q8WTQ7,compound,protein,0
49852229,CPI,P21127,compound,protein,0
49853258,CPI,Q8TDR2,compound,protein,0
49853292,CPI,Q9NQU5,compound,protein,0
49853301,CPI,Q9NR20,compound,protein,0
49855250,CPI,Q9H3Y6,compound,protein,0
49867936,CPI,P20618,compound,protein,1
49867936,CPI,Q8TDC3,compound,protein,0
49867936,CPI,Q13237,compound,protein,0
4992,CPI,P28223,compound,protein,1
4993,CPI,P05177,compound,protein,1
4993,CPI,P30411,compound,protein,1
4994,CPI,P14616,compound,protein,0
4995951,CPI,P52333,compound,protein,0
4995951,CPI,P22830,compound,protein,0
4996,CPI,P35968,compound,protein,0
5002,CPI,P11308,compound,protein,1
5002,CPI,P20366,compound,protein,1
5002,CPI,P21554,compound,protein,1
5002,CPI,P21918,compound,protein,1
5002,CPI,Q8TD08,compound,protein,0
5002,CPI,O96017,compound,protein,0
5013,CPI,P05177,compound,protein,1
5022426,CPI,P50406,compound,protein,0
5023925,CPI,Q9H6Z9,compound,protein,0
5024764,CPI,P21917,compound,protein,0
50248,CPI,P10636,compound,protein,1
50248,CPI,P00533,compound,protein,0
50287,CPI,P35367,compound,protein,1
5029,CPI,P28223,compound,protein,1
5029,CPI,Q86YV6,compound,protein,0
5029,CPI,P06213,compound,protein,0
5029,CPI,Q9P289,compound,protein,0
5034,CPI,P38398,compound,protein,1
5034,CPI,P54132,compound,protein,1
5034,CPI,Q13526,compound,protein,1
5034,CPI,Q99714,compound,protein,1
5034,CPI,Q03181,compound,protein,0
5035,CPI,P13945,compound,protein,1
5035,CPI,P33261,compound,protein,1
5035,CPI,P35372,compound,protein,1
5035,CPI,Q8TD19,compound,protein,0
5035,CPI,P51957,compound,protein,0
5035,CPI,O43570,compound,protein,0
5039877,CPI,P42262,compound,protein,1
5040063,CPI,P31644,compound,protein,0
5040456,CPI,P34949,compound,protein,1
5040456,CPI,Q9NUW8,compound,protein,1
5040456,CPI,Q00532,compound,protein,0
5042,CPI,Q9Y6M4,compound,protein,0
5050726,CPI,O15111,compound,protein,0
5053,CPI,P49137,compound,protein,0
5056,CPI,O75762,compound,protein,1
5056,CPI,Q9NTG7,compound,protein,1
5056,CPI,Q13233,compound,protein,0
5056,CPI,O14920,compound,protein,0
5059,CPI,P07437,compound,protein,0
50599,CPI,P30411,compound,protein,1
5063,CPI,Q9Y572,compound,protein,0
5064,CPI,Q8IYT8,compound,protein,0
5070,CPI,O75604,compound,protein,1
5070,CPI,P04054,compound,protein,0
5071,CPI,P18825,compound,protein,1
5071,CPI,P32238,compound,protein,1
5071,CPI,Q13188,compound,protein,0
5073,CPI,P11308,compound,protein,1
5073,CPI,P21918,compound,protein,1
5073,CPI,Q9BUB5,compound,protein,0
5074,CPI,P34969,compound,protein,1
5074,CPI,O14733,compound,protein,0
5076,CPI,P33261,compound,protein,1
5078,CPI,P07550,compound,protein,1
5078,CPI,Q9Y2U5,compound,protein,0
5078,CPI,Q8IVH8,compound,protein,0
5081,CPI,Q9UBT6,compound,protein,0
5081,CPI,Q12791,compound,protein,0
5090,CPI,P09917,compound,protein,1
5090,CPI,P14416,compound,protein,1
5090,CPI,Q9BVS4,compound,protein,0
5092,CPI,Q08493,compound,protein,1
5094,CPI,P43681,compound,protein,0
5095,CPI,Q16637,compound,protein,0
51000408,CPI,P21554,compound,protein,0
51039,CPI,O00408,compound,protein,0
5104,CPI,O75604,compound,protein,1
51049968,CPI,P01258,compound,protein,1
5113032,CPI,P21731,compound,protein,0
512282,CPI,P51449,compound,protein,0
5124753,CPI,P35367,compound,protein,0
5126051,CPI,Q8TD08,compound,protein,0
5132514,CPI,O15296,compound,protein,1
5132514,CPI,P13637,compound,protein,0
51348735,CPI,P23219,compound,protein,1
51371328,CPI,P78559,compound,protein,1
51397657,CPI,P04150,compound,protein,1
5143,CPI,P06276,compound,protein,1
5143,CPI,Q16790,compound,protein,1
5143,CPI,P23975,compound,protein,0
5143,CPI,Q9BVS4,compound,protein,0
5149140,CPI,P10635,compound,protein,1
5152,CPI,P08913,compound,protein,1
5152,CPI,P11274,compound,protein,0
515328,CPI,P21397,compound,protein,0
5154,CPI,P40225,compound,protein,1
5154,CPI,Q9UGC6,compound,protein,1
5154,CPI,Q8TDR2,compound,protein,0
5154,CPI,O60218,compound,protein,0
5154,CPI,Q8NI60,compound,protein,0
51576,CPI,O15075,compound,protein,0
5163,CPI,Q9UBN7,compound,protein,1
5166,CPI,P11362,compound,protein,1
5166,CPI,P22607,compound,protein,1
5166,CPI,P51617,compound,protein,1
5166,CPI,P68400,compound,protein,1
5166,CPI,Q8TDC3,compound,protein,1
5166,CPI,Q96GD4,compound,protein,1
5166,CPI,P83916,compound,protein,0
5166,CPI,P21802,compound,protein,0
5166,CPI,Q8NI60,compound,protein,0
5166,CPI,P04150,compound,protein,0
5166,CPI,Q03181,compound,protein,0
5169,CPI,O60885,compound,protein,1
5169,CPI,P08069,compound,protein,1
5169,CPI,P24941,compound,protein,1
5169,CPI,P45984,compound,protein,1
5169,CPI,P54756,compound,protein,1
5169,CPI,Q15746,compound,protein,1
5169,CPI,Q16566,compound,protein,1
5169,CPI,Q16659,compound,protein,1
5169,CPI,Q92830,compound,protein,1
5169,CPI,Q99640,compound,protein,1
5169,CPI,Q9H1R3,compound,protein,1
5169,CPI,Q9HBH9,compound,protein,1
5169,CPI,Q9P289,compound,protein,1
5169,CPI,Q9UNA4,compound,protein,1
5169,CPI,Q9UQ88,compound,protein,1
5169,CPI,Q9Y463,compound,protein,1
5169,CPI,Q9Y5S2,compound,protein,1
5169,CPI,P30411,compound,protein,0
5169,CPI,O14764,compound,protein,0
5169,CPI,O15244,compound,protein,0
5169,CPI,Q07343,compound,protein,0
5169,CPI,P35368,compound,protein,0
5169,CPI,O15399,compound,protein,0
5169,CPI,P39748,compound,protein,0
5169,CPI,Q9UEW8,compound,protein,0
5173,CPI,Q13547,compound,protein,1
5173,CPI,O95180,compound,protein,0
51755,CPI,Q12809,compound,protein,1
51755,CPI,Q9NRP7,compound,protein,0
5186,CPI,Q13547,compound,protein,1
5186,CPI,Q15858,compound,protein,0
5186,CPI,Q9Y5Y9,compound,protein,0
5186,CPI,Q9Y2T6,compound,protein,0
5186,CPI,P31645,compound,protein,0
5191289,CPI,P31751,compound,protein,0
5205,CPI,P08913,compound,protein,1
5210,CPI,P21397,compound,protein,1
5212,CPI,O76074,compound,protein,1
5212,CPI,P21554,compound,protein,1
5212,CPI,P35367,compound,protein,1
5212,CPI,O15075,compound,protein,0
5212,CPI,P68871,compound,protein,0
5212,CPI,Q9P1W9,compound,protein,0
5215,CPI,P31645,compound,protein,1
5215,CPI,Q32MK0,compound,protein,0
5219,CPI,P35367,compound,protein,0
5230270,CPI,P21589,compound,protein,0
5230270,CPI,P29275,compound,protein,0
5230270,CPI,O95718,compound,protein,0
5244802,CPI,P21728,compound,protein,1
5244802,CPI,P41145,compound,protein,1
5244802,CPI,O15118,compound,protein,0
5245,CPI,P21917,compound,protein,1
5253,CPI,P08172,compound,protein,1
5253,CPI,Q7KZI7,compound,protein,0
5265,CPI,P10635,compound,protein,1
5265,CPI,Q9UKE5,compound,protein,0
5265,CPI,Q16584,compound,protein,0
5270,CPI,P11362,compound,protein,0
5271544,CPI,P11511,compound,protein,1
5280343,CPI,O94956,compound,protein,1
5280343,CPI,P14780,compound,protein,1
5280343,CPI,P21554,compound,protein,1
5280343,CPI,P23280,compound,protein,1
5280343,CPI,P34969,compound,protein,1
5280343,CPI,Q8N4C8,compound,protein,0
5280343,CPI,Q02779,compound,protein,0
5280343,CPI,Q16832,compound,protein,0
5280360,CPI,O15244,compound,protein,1
5280360,CPI,Q9Y5Y4,compound,protein,1
5280360,CPI,Q16566,compound,protein,0
5280363,CPI,Q9NTG7,compound,protein,0
5280378,CPI,P33261,compound,protein,1
5280436,CPI,P29322,compound,protein,0
5280443,CPI,P04062,compound,protein,1
5280443,CPI,P08183,compound,protein,1
5280443,CPI,P33527,compound,protein,1
5280443,CPI,Q00532,compound,protein,0
5280445,CPI,P00918,compound,protein,1
5280445,CPI,P06746,compound,protein,1
5280445,CPI,Q96BR1,compound,protein,0
5280445,CPI,Q9BY41,compound,protein,0
5280445,CPI,P15735,compound,protein,0
5280445,CPI,P14867,compound,protein,0
5280450,CPI,Q969S8,compound,protein,0
5280453,CPI,P31260,compound,protein,1
5280453,CPI,Q9NRP7,compound,protein,0
5280567,CPI,Q9BRS2,compound,protein,0
5280647,CPI,Q9H093,compound,protein,0
5280723,CPI,Q9BUB5,compound,protein,0
5280723,CPI,Q13698,compound,protein,0
5280805,CPI,P16152,compound,protein,1
5280805,CPI,Q96KQ7,compound,protein,1
5280863,CPI,P33261,compound,protein,1
5280863,CPI,Q14004,compound,protein,0
5280863,CPI,P52564,compound,protein,0
5280863,CPI,Q07912,compound,protein,0
5280881,CPI,P54219,compound,protein,0
5280934,CPI,Q9NXB9,compound,protein,1
5280934,CPI,Q9UF33,compound,protein,0
5280953,CPI,P08684,compound,protein,1
5280953,CPI,P50613,compound,protein,1
5280953,CPI,Q13547,compound,protein,1
5280953,CPI,P17861,compound,protein,0
5280954,CPI,O75469,compound,protein,1
5280954,CPI,P12821,compound,protein,1
5280954,CPI,Q12809,compound,protein,1
5280954,CPI,Q99700,compound,protein,0
5280954,CPI,P30530,compound,protein,0
5280961,CPI,P10828,compound,protein,1
5280961,CPI,P11166,compound,protein,1
5280961,CPI,Q14289,compound,protein,1
5280961,CPI,Q16236,compound,protein,1
5280961,CPI,Q9NPD5,compound,protein,1
5280961,CPI,Q9P0X4,compound,protein,0
5280961,CPI,P51449,compound,protein,0
5281004,CPI,P10275,compound,protein,1
5281004,CPI,P19838,compound,protein,1
5281037,CPI,Q08499,compound,protein,1
5281040,CPI,Q9NS75,compound,protein,1
5281040,CPI,Q9Y6E0,compound,protein,0
5281051,CPI,P08263,compound,protein,1
5281081,CPI,O60656,compound,protein,1
5281087,CPI,P43681,compound,protein,1
5281542,CPI,O75496,compound,protein,1
5281565,CPI,P42345,compound,protein,1
5281571,CPI,Q14524,compound,protein,0
5281607,CPI,P04798,compound,protein,1
5281607,CPI,P11511,compound,protein,1
5281607,CPI,P37231,compound,protein,1
5281613,CPI,P08588,compound,protein,0
5281614,CPI,P68400,compound,protein,1
5281614,CPI,Q00534,compound,protein,1
5281614,CPI,Q9UBT6,compound,protein,1
5281614,CPI,P23443,compound,protein,0
5281643,CPI,P41143,compound,protein,1
5281670,CPI,Q9UNA4,compound,protein,1
5281670,CPI,Q9BX84,compound,protein,0
5281672,CPI,Q15746,compound,protein,1
5281672,CPI,Q9HC97,compound,protein,1
5281672,CPI,Q9Y468,compound,protein,1
5281672,CPI,Q9Y2T6,compound,protein,0
5281672,CPI,Q9HC98,compound,protein,0
5281672,CPI,P54756,compound,protein,0
5281691,CPI,P05067,compound,protein,1
5281708,CPI,P33261,compound,protein,1
5281708,CPI,P49798,compound,protein,1
5281727,CPI,Q8TD08,compound,protein,0
5281743,CPI,Q96QE3,compound,protein,1
5281787,CPI,O60218,compound,protein,1
5281787,CPI,P10636,compound,protein,1
5281787,CPI,Q9HBH9,compound,protein,0
5281792,CPI,P27695,compound,protein,1
5281847,CPI,Q9NUW8,compound,protein,1
5281855,CPI,P23280,compound,protein,1
5281855,CPI,Q14576,compound,protein,1
5281855,CPI,Q96GD4,compound,protein,1
5281855,CPI,Q96KQ7,compound,protein,1
5281855,CPI,Q9HC97,compound,protein,1
5281855,CPI,A4D1B5,compound,protein,0
5281855,CPI,Q99759,compound,protein,0
5281894,CPI,Q969S8,compound,protein,0
5281901,CPI,P28566,compound,protein,0
5281912,CPI,P43354,compound,protein,1
5282060,CPI,O75496,compound,protein,1
5282060,CPI,P10636,compound,protein,1
5282136,CPI,P08588,compound,protein,1
5282136,CPI,P30556,compound,protein,1
5282136,CPI,P41145,compound,protein,1
5282136,CPI,P43681,compound,protein,1
5282136,CPI,P49840,compound,protein,0
5282226,CPI,P21860,compound,protein,0
5282230,CPI,O15118,compound,protein,1
5282272,CPI,Q9Y463,compound,protein,0
5282367,CPI,P23219,compound,protein,1
5282375,CPI,P23975,compound,protein,1
5282375,CPI,P25021,compound,protein,1
5282375,CPI,P43681,compound,protein,1
5282375,CPI,P11511,compound,protein,0
5282443,CPI,P21397,compound,protein,1
5282443,CPI,P28472,compound,protein,0
5282443,CPI,Q5VT25,compound,protein,0
5282443,CPI,Q08345,compound,protein,0
5282451,CPI,P20701,compound,protein,1
5282452,CPI,P30518,compound,protein,1
5282493,CPI,Q96QE3,compound,protein,1
5282593,CPI,P18507,compound,protein,0
5283344,CPI,P04150,compound,protein,0
5283389,CPI,P21554,compound,protein,1
5283389,CPI,Q52WX2,compound,protein,0
5283454,CPI,O75385,compound,protein,0
5283454,CPI,Q92769,compound,protein,0
5283731,CPI,Q9UBE8,compound,protein,0
5284353,CPI,P08913,compound,protein,1
5284353,CPI,Q9NZ45,compound,protein,0
5284513,CPI,P31645,compound,protein,1
5284513,CPI,P08069,compound,protein,0
5284513,CPI,Q9NYL2,compound,protein,0
5284513,CPI,P24557,compound,protein,0
5284515,CPI,P19793,compound,protein,1
5284515,CPI,P46734,compound,protein,0
5284549,CPI,Q9Y478,compound,protein,0
5284550,CPI,Q9Y616,compound,protein,0
5284596,CPI,P16220,compound,protein,1
5284596,CPI,O43318,compound,protein,0
5284616,CPI,P28223,compound,protein,1
5284616,CPI,Q13451,compound,protein,1
5284616,CPI,Q16678,compound,protein,0
5284627,CPI,P21728,compound,protein,1
5284627,CPI,P28472,compound,protein,1
5284627,CPI,P41145,compound,protein,1
5284627,CPI,Q01118,compound,protein,1
5284627,CPI,Q08345,compound,protein,0
5284627,CPI,O95819,compound,protein,0
5284627,CPI,P11802,compound,protein,0
5284627,CPI,P35869,compound,protein,0
5284639,CPI,O15118,compound,protein,1
5284639,CPI,Q15596,compound,protein,1
5287855,CPI,P48736,compound,protein,1
5287953,CPI,P49137,compound,protein,0
5287969,CPI,O14920,compound,protein,1
5287969,CPI,P09619,compound,protein,1
5287969,CPI,P17948,compound,protein,1
5287969,CPI,P19525,compound,protein,1
5287969,CPI,P23458,compound,protein,1
5287969,CPI,P27448,compound,protein,1
5287969,CPI,P42685,compound,protein,1
5287969,CPI,Q04771,compound,protein,1
5287969,CPI,Q07912,compound,protein,1
5287969,CPI,Q15078,compound,protein,1
5287969,CPI,Q15375,compound,protein,1
5287969,CPI,Q8TD19,compound,protein,1
5287969,CPI,Q9BVS4,compound,protein,1
5287969,CPI,Q9H422,compound,protein,1
5287969,CPI,Q9UKI8,compound,protein,1
5287969,CPI,P27695,compound,protein,0
5287969,CPI,O75469,compound,protein,0
5287969,CPI,Q96RI1,compound,protein,0
5287969,CPI,Q13698,compound,protein,0
5287969,CPI,Q02641,compound,protein,0
5287969,CPI,P11021,compound,protein,0
5287969,CPI,P16152,compound,protein,0
5287969,CPI,Q13285,compound,protein,0
5287969,CPI,Q8NER1,compound,protein,0
5287969,CPI,P18825,compound,protein,0
5287969,CPI,P83916,compound,protein,0
5287969,CPI,Q96KQ7,compound,protein,0
5287969,CPI,P04798,compound,protein,0
5287969,CPI,P35367,compound,protein,0
5287969,CPI,P37231,compound,protein,0
5287969,CPI,P00915,compound,protein,0
5287969,CPI,O14684,compound,protein,0
5287969,CPI,Q92830,compound,protein,0
5287969,CPI,Q8TDS4,compound,protein,0
5288209,CPI,O75496,compound,protein,1
5288209,CPI,Q99549,compound,protein,1
5288382,CPI,Q12931,compound,protein,1
5288382,CPI,Q07002,compound,protein,0
5288600,CPI,Q16665,compound,protein,1
5288783,CPI,P03372,compound,protein,1
5289501,CPI,Q96RI1,compound,protein,1
5291,CPI,P10721,compound,protein,1
5291,CPI,P24557,compound,protein,1
5291,CPI,P49840,compound,protein,1
5291,CPI,P51956,compound,protein,1
5291,CPI,Q15831,compound,protein,1
5291,CPI,Q56UN5,compound,protein,1
5291,CPI,Q9BZL6,compound,protein,1
5291,CPI,Q9H3Y6,compound,protein,1
5291,CPI,Q9NWZ3,compound,protein,1
5291,CPI,Q9UBF8,compound,protein,1
5291,CPI,Q9Y6E0,compound,protein,1
5291,CPI,Q9UI33,compound,protein,0
5291,CPI,P42574,compound,protein,0
5291,CPI,O00305,compound,protein,0
5291,CPI,Q12809,compound,protein,0
5291,CPI,P14416,compound,protein,0
5291,CPI,Q9NPD5,compound,protein,0
5291,CPI,Q13133,compound,protein,0
5291,CPI,P29275,compound,protein,0
5291,CPI,Q8N1C3,compound,protein,0
5291,CPI,P18507,compound,protein,0
5291,CPI,P02766,compound,protein,0
5291,CPI,P29274,compound,protein,0
5291,CPI,Q96RJ0,compound,protein,0
5291,CPI,P35372,compound,protein,0
5291,CPI,P07900,compound,protein,0
5291,CPI,P26358,compound,protein,0
5291,CPI,Q92847,compound,protein,0
5291,CPI,Q13526,compound,protein,0
52912189,CPI,P08684,compound,protein,1
53025,CPI,P00533,compound,protein,1
5309153,CPI,P28223,compound,protein,0
5310988,CPI,P41145,compound,protein,1
5310988,CPI,P10636,compound,protein,0
5311,CPI,Q8WUI4,compound,protein,1
5311,CPI,Q9UBS5,compound,protein,1
5311,CPI,O15439,compound,protein,0
5311,CPI,Q8IYT8,compound,protein,0
5311046,CPI,Q9P1W9,compound,protein,0
5311047,CPI,P84022,compound,protein,1
5311053,CPI,P43088,compound,protein,1
5311053,CPI,Q92959,compound,protein,1
5311053,CPI,Q16832,compound,protein,0
5311067,CPI,O43193,compound,protein,0
5311203,CPI,P14867,compound,protein,1
5311217,CPI,O15264,compound,protein,0
5311340,CPI,P35367,compound,protein,0
5311380,CPI,P23975,compound,protein,0
5311412,CPI,O75496,compound,protein,1
5311412,CPI,Q8NER1,compound,protein,0
5311454,CPI,P34903,compound,protein,1
5311454,CPI,Q9H0K1,compound,protein,0
5311493,CPI,P21731,compound,protein,1
5311497,CPI,P08684,compound,protein,1
5311507,CPI,P04150,compound,protein,1
5311507,CPI,P30518,compound,protein,1
5311507,CPI,P41145,compound,protein,1
5311507,CPI,P43681,compound,protein,1
5311507,CPI,Q15831,compound,protein,0
5311510,CPI,P05067,compound,protein,0
5311510,CPI,O76074,compound,protein,0
5312111,CPI,Q92772,compound,protein,0
5312114,CPI,O14757,compound,protein,0
5312122,CPI,Q02641,compound,protein,0
5312137,CPI,P06239,compound,protein,1
5312137,CPI,P42345,compound,protein,1
5312137,CPI,Q13557,compound,protein,1
5312137,CPI,P19793,compound,protein,0
5312137,CPI,Q9UKI8,compound,protein,0
5315,CPI,P00374,compound,protein,1
5315,CPI,P35228,compound,protein,0
5318,CPI,P08913,compound,protein,1
5318,CPI,P24557,compound,protein,1
5318,CPI,P30411,compound,protein,1
5318,CPI,P30291,compound,protein,0
5318386,CPI,P20309,compound,protein,1
5320,CPI,O75469,compound,protein,1
5320,CPI,P21918,compound,protein,0
5320346,CPI,P04150,compound,protein,1
5320716,CPI,P20309,compound,protein,0
5320716,CPI,Q13177,compound,protein,0
5320716,CPI,Q6DT37,compound,protein,0
53232,CPI,Q16566,compound,protein,0
53232,CPI,P21127,compound,protein,0
53235510,CPI,P06241,compound,protein,1
53235510,CPI,P55211,compound,protein,0
53235510,CPI,O43193,compound,protein,0
53235510,CPI,O15245,compound,protein,0
53235510,CPI,O15296,compound,protein,0
53235510,CPI,P84022,compound,protein,0
5323714,CPI,P29320,compound,protein,0
5323714,CPI,P49674,compound,protein,0
5323714,CPI,Q9H4B4,compound,protein,0
53240420,CPI,Q00987,compound,protein,1
5324346,CPI,O15296,compound,protein,1
5324346,CPI,P08684,compound,protein,1
5324346,CPI,P30411,compound,protein,1
5324346,CPI,O95180,compound,protein,0
53245473,CPI,P07550,compound,protein,0
5325,CPI,O75469,compound,protein,1
5325,CPI,P03372,compound,protein,1
5325,CPI,P14416,compound,protein,1
5325,CPI,P31645,compound,protein,1
5325,CPI,Q9Y5N1,compound,protein,1
5325,CPI,Q14012,compound,protein,0
5325,CPI,P49761,compound,protein,0
5327,CPI,P08913,compound,protein,1
5327,CPI,Q16637,compound,protein,1
5327,CPI,O75762,compound,protein,0
5327723,CPI,Q04759,compound,protein,1
5328,CPI,P41968,compound,protein,1
5328,CPI,Q9UBE8,compound,protein,0
5328,CPI,Q9NPD5,compound,protein,0
5328,CPI,Q9UI33,compound,protein,0
5328,CPI,O95819,compound,protein,0
5328760,CPI,O75164,compound,protein,1
5328760,CPI,P27695,compound,protein,1
5328760,CPI,P08913,compound,protein,0
5328769,CPI,O60840,compound,protein,0
5328771,CPI,P00533,compound,protein,1
5328771,CPI,Q16665,compound,protein,1
5328771,CPI,Q99720,compound,protein,0
5328771,CPI,P15056,compound,protein,0
5328807,CPI,P00533,compound,protein,1
5328807,CPI,P48730,compound,protein,0
5328807,CPI,P24557,compound,protein,0
5328807,CPI,P18825,compound,protein,0
5328940,CPI,O43293,compound,protein,1
5328940,CPI,O75385,compound,protein,1
5328940,CPI,P29323,compound,protein,1
5328940,CPI,P68400,compound,protein,1
5328940,CPI,Q00537,compound,protein,1
5328940,CPI,Q12852,compound,protein,1
5328940,CPI,Q16584,compound,protein,1
5328940,CPI,Q9UBF8,compound,protein,1
5328940,CPI,P42574,compound,protein,0
5328940,CPI,P24557,compound,protein,0
5328940,CPI,P00918,compound,protein,0
5328940,CPI,O60840,compound,protein,0
5328940,CPI,Q99700,compound,protein,0
5328940,CPI,O95718,compound,protein,0
5329,CPI,P07550,compound,protein,1
5329,CPI,O43570,compound,protein,0
5329,CPI,P53667,compound,protein,0
5329006,CPI,P36544,compound,protein,0
5329098,CPI,P35968,compound,protein,1
5329098,CPI,Q9NUW8,compound,protein,1
5329099,CPI,P36888,compound,protein,1
5329099,CPI,Q9NSY1,compound,protein,1
5329099,CPI,Q8N1C3,compound,protein,0
5329099,CPI,O75874,compound,protein,0
5329102,CPI,O15530,compound,protein,1
5329102,CPI,P09769,compound,protein,1
5329102,CPI,P25929,compound,protein,1
5329102,CPI,P28335,compound,protein,1
5329102,CPI,P41240,compound,protein,1
5329102,CPI,P54756,compound,protein,1
5329102,CPI,Q02779,compound,protein,1
5329102,CPI,Q15208,compound,protein,1
5329102,CPI,Q8NE63,compound,protein,1
5329102,CPI,Q8NI60,compound,protein,1
5329102,CPI,Q96BR1,compound,protein,1
5329102,CPI,Q96NX5,compound,protein,1
5329102,CPI,Q9BUB5,compound,protein,1
5329102,CPI,P23219,compound,protein,0
5329102,CPI,O75164,compound,protein,0
5329102,CPI,O60885,compound,protein,0
5329102,CPI,P47870,compound,protein,0
5329103,CPI,P09619,compound,protein,1
5329103,CPI,P10721,compound,protein,1
5329103,CPI,P05093,compound,protein,0
5329480,CPI,P00533,compound,protein,1
5329480,CPI,P18825,compound,protein,0
53299835,CPI,O14980,compound,protein,0
5330,CPI,P13631,compound,protein,0
5330,CPI,P02766,compound,protein,0
5330,CPI,O15264,compound,protein,0
5330286,CPI,O43193,compound,protein,1
5330286,CPI,O43293,compound,protein,1
5330286,CPI,O60285,compound,protein,1
5330286,CPI,O96013,compound,protein,1
5330286,CPI,P21918,compound,protein,1
5330286,CPI,P49840,compound,protein,1
5330286,CPI,Q06418,compound,protein,1
5330286,CPI,Q8WTQ7,compound,protein,0
5330286,CPI,P54646,compound,protein,0
5330535,CPI,P08913,compound,protein,0
5330790,CPI,P34947,compound,protein,1
5330790,CPI,P50613,compound,protein,1
5330790,CPI,P53778,compound,protein,1
5330790,CPI,Q13237,compound,protein,1
5330790,CPI,Q13546,compound,protein,1
5330790,CPI,Q9NYL2,compound,protein,1
5330790,CPI,O15244,compound,protein,0
5330790,CPI,O15197,compound,protein,0
5330790,CPI,Q6W5P4,compound,protein,0
5330790,CPI,P57078,compound,protein,0
5330790,CPI,P11474,compound,protein,0
5330790,CPI,Q9UBN7,compound,protein,0
5330790,CPI,Q03181,compound,protein,0
53315878,CPI,P42330,compound,protein,0
53315878,CPI,P35916,compound,protein,0
53315882,CPI,Q9NQR1,compound,protein,1
53340666,CPI,Q8WUI4,compound,protein,1
53358942,CPI,P83916,compound,protein,0
5336,CPI,P43681,compound,protein,1
5337366,CPI,P17861,compound,protein,1
5337997,CPI,P21554,compound,protein,0
5338,CPI,P11362,compound,protein,0
53382764,CPI,P43681,compound,protein,0
53389,CPI,P05177,compound,protein,1
5339,CPI,P25021,compound,protein,1
5339,CPI,Q00653,compound,protein,1
5339,CPI,Q16644,compound,protein,0
5339,CPI,P00734,compound,protein,0
5340,CPI,P11229,compound,protein,1
5340,CPI,P11474,compound,protein,0
5342,CPI,O43193,compound,protein,1
5342,CPI,P08684,compound,protein,1
5342,CPI,P30518,compound,protein,1
5342,CPI,P29376,compound,protein,0
5344,CPI,P08172,compound,protein,1
5344,CPI,P43681,compound,protein,1
5344,CPI,Q13557,compound,protein,0
5344,CPI,P06280,compound,protein,0
5344,CPI,Q99714,compound,protein,0
5346285,CPI,P23975,compound,protein,0
53465279,CPI,O14730,compound,protein,0
5351344,CPI,Q13509,compound,protein,1
5351344,CPI,P42336,compound,protein,0
5352,CPI,P05177,compound,protein,1
5352,CPI,P25929,compound,protein,1
5352,CPI,P37231,compound,protein,1
5352,CPI,P43681,compound,protein,1
5352,CPI,Q04760,compound,protein,1
5352,CPI,Q9P0X4,compound,protein,0
5352,CPI,P31751,compound,protein,0
5352,CPI,O75762,compound,protein,0
5352062,CPI,Q32MK0,compound,protein,0
5352624,CPI,Q9UNQ0,compound,protein,0
5353432,CPI,O75496,compound,protein,1
5353432,CPI,Q92847,compound,protein,0
5353454,CPI,Q9UEW8,compound,protein,0
5353464,CPI,P42684,compound,protein,0
5353623,CPI,P49798,compound,protein,1
5353685,CPI,Q13557,compound,protein,0
5353760,CPI,P78356,compound,protein,0
5353852,CPI,P57078,compound,protein,0
5354,CPI,P08912,compound,protein,1
5354,CPI,P28223,compound,protein,0
5354,CPI,Q96RI1,compound,protein,0
5354,CPI,P21917,compound,protein,0
5354033,CPI,Q9Y2U5,compound,protein,1
5355,CPI,P54132,compound,protein,1
5358,CPI,P21917,compound,protein,1
5358,CPI,Q9UBS5,compound,protein,1
5359371,CPI,Q15822,compound,protein,1
5359371,CPI,P19838,compound,protein,0
5359371,CPI,Q9UQB9,compound,protein,0
5360515,CPI,P57059,compound,protein,0
5360696,CPI,P04839,compound,protein,1
5360697,CPI,P27695,compound,protein,0
5360697,CPI,Q15569,compound,protein,0
5361,CPI,Q13526,compound,protein,1
5361,CPI,Q96KQ7,compound,protein,1
5361298,CPI,P35590,compound,protein,0
5362124,CPI,P08172,compound,protein,1
5362124,CPI,P08173,compound,protein,1
5362124,CPI,P28335,compound,protein,1
5362124,CPI,P07333,compound,protein,0
5362124,CPI,Q5S007,compound,protein,0
5362422,CPI,P50281,compound,protein,1
5362422,CPI,P21802,compound,protein,0
53708,CPI,P29274,compound,protein,1
53708,CPI,P30556,compound,protein,1
53708,CPI,Q13163,compound,protein,0
53734236,CPI,P28566,compound,protein,0
5379,CPI,P07550,compound,protein,1
5379,CPI,P21397,compound,protein,1
5379,CPI,P25929,compound,protein,1
5379,CPI,P29274,compound,protein,1
5381,CPI,P08172,compound,protein,1
5382,CPI,P54756,compound,protein,0
5386,CPI,P45984,compound,protein,0
5388962,CPI,P20309,compound,protein,1
5388962,CPI,P31645,compound,protein,1
5388993,CPI,P41968,compound,protein,0
5391,CPI,P07550,compound,protein,1
5391,CPI,Q16445,compound,protein,0
5391,CPI,P34903,compound,protein,0
5391149,CPI,Q99755,compound,protein,0
5392245,CPI,O75496,compound,protein,1
5392245,CPI,O94925,compound,protein,1
5394,CPI,P25021,compound,protein,1
5401,CPI,P35368,compound,protein,1
5401,CPI,Q16678,compound,protein,0
5405,CPI,O43193,compound,protein,1
5405,CPI,P21731,compound,protein,1
5405,CPI,O00444,compound,protein,0
54091660,CPI,P34903,compound,protein,0
5411,CPI,P07550,compound,protein,1
5411,CPI,P08912,compound,protein,1
5411,CPI,P28223,compound,protein,1
5411,CPI,Q01118,compound,protein,1
5411,CPI,P10253,compound,protein,0
5411,CPI,Q9Y6E0,compound,protein,0
5411,CPI,O43781,compound,protein,0
5411,CPI,O15111,compound,protein,0
5411,CPI,O15245,compound,protein,0
5416418,CPI,Q9Y2U5,compound,protein,0
54167661,CPI,P08173,compound,protein,0
54167661,CPI,P22455,compound,protein,0
5417,CPI,Q9BYT3,compound,protein,0
5419,CPI,Q96RJ0,compound,protein,1
54248788,CPI,Q08289,compound,protein,1
5426,CPI,P11229,compound,protein,1
5426,CPI,P28223,compound,protein,1
5426,CPI,Q9Y5N1,compound,protein,1
5426,CPI,Q07343,compound,protein,0
5426,CPI,P10276,compound,protein,0
5426,CPI,Q14524,compound,protein,0
5426,CPI,Q9BWU1,compound,protein,0
5429,CPI,Q99808,compound,protein,1
5429,CPI,Q9H2X6,compound,protein,0
5429,CPI,P49674,compound,protein,0
5430,CPI,Q00537,compound,protein,0
5436,CPI,Q9UBT6,compound,protein,0
54367,CPI,P28223,compound,protein,1
5440,CPI,P14416,compound,protein,1
54416523,CPI,O15530,compound,protein,0
54445,CPI,Q12866,compound,protein,0
54454,CPI,P21554,compound,protein,1
54454,CPI,P21731,compound,protein,1
54454,CPI,P43354,compound,protein,1
54459,CPI,P08913,compound,protein,1
54477,CPI,O75747,compound,protein,0
5450,CPI,P08913,compound,protein,1
5450,CPI,P20309,compound,protein,1
5450,CPI,P35367,compound,protein,1
5450,CPI,Q13177,compound,protein,0
5452,CPI,P06241,compound,protein,1
5452,CPI,Q9HBY8,compound,protein,0
5455,CPI,Q00987,compound,protein,1
5455,CPI,P29323,compound,protein,0
5456,CPI,O43353,compound,protein,0
54575046,CPI,Q96GD4,compound,protein,0
54585,CPI,P09917,compound,protein,1
5460339,CPI,Q9UNQ0,compound,protein,0
54615639,CPI,P49840,compound,protein,0
54618728,CPI,Q92830,compound,protein,0
54618750,CPI,Q16513,compound,protein,0
5462501,CPI,P46663,compound,protein,1
54637825,CPI,Q12851,compound,protein,0
54645828,CPI,Q9Y2U5,compound,protein,0
54646520,CPI,Q13557,compound,protein,0
54646520,CPI,P25103,compound,protein,0
54646688,CPI,Q9NYL2,compound,protein,0
54657608,CPI,Q7KZI7,compound,protein,0
54661292,CPI,Q16236,compound,protein,0
5467,CPI,P21917,compound,protein,1
5467,CPI,Q12809,compound,protein,1
5467,CPI,P22303,compound,protein,0
54675769,CPI,P27695,compound,protein,1
54676038,CPI,P03372,compound,protein,1
54676038,CPI,Q02156,compound,protein,0
54676038,CPI,O76074,compound,protein,0
54676537,CPI,P21731,compound,protein,1
54676537,CPI,O14920,compound,protein,0
54677407,CPI,P10636,compound,protein,1
54678486,CPI,P25021,compound,protein,1
54678486,CPI,P25103,compound,protein,1
54678486,CPI,Q03431,compound,protein,0
5468,CPI,P23975,compound,protein,1
5468,CPI,P25021,compound,protein,1
5468,CPI,Q12809,compound,protein,1
5468,CPI,P05771,compound,protein,0
5468216,CPI,Q9Y2I1,compound,protein,0
54687,CPI,P25021,compound,protein,1
5472,CPI,P19784,compound,protein,0
5472495,CPI,P21860,compound,protein,0
54746,CPI,P21917,compound,protein,1
54746,CPI,P36897,compound,protein,0
5475,CPI,P36544,compound,protein,1
54752951,CPI,Q9Y468,compound,protein,0
5475586,CPI,P02766,compound,protein,0
54764919,CPI,P35414,compound,protein,1
54764919,CPI,Q9H228,compound,protein,1
54766,CPI,P07550,compound,protein,1
54766,CPI,P10635,compound,protein,1
5478883,CPI,P25021,compound,protein,0
5479,CPI,P06241,compound,protein,0
5479,CPI,P49761,compound,protein,0
5479433,CPI,Q9NRP7,compound,protein,0
5479433,CPI,P35590,compound,protein,0
5480230,CPI,Q9UBF8,compound,protein,0
5482,CPI,P41143,compound,protein,1
5482874,CPI,Q15569,compound,protein,0
54841,CPI,P41145,compound,protein,1
5487,CPI,O43193,compound,protein,1
5487,CPI,P35368,compound,protein,1
5487,CPI,Q9Y5N1,compound,protein,1
54892,CPI,Q9UBS5,compound,protein,1
54892,CPI,Q08289,compound,protein,0
54897,CPI,P47871,compound,protein,1
5494449,CPI,O15264,compound,protein,1
5494449,CPI,O75496,compound,protein,1
5494449,CPI,P04049,compound,protein,1
5494449,CPI,P06241,compound,protein,1
5494449,CPI,P11362,compound,protein,1
5494449,CPI,P20794,compound,protein,1
5494449,CPI,P51956,compound,protein,1
5494449,CPI,Q9H2G2,compound,protein,1
5494449,CPI,Q9H2X6,compound,protein,1
5494449,CPI,Q9P2K8,compound,protein,1
5494449,CPI,Q9Y616,compound,protein,1
5494449,CPI,Q9Y468,compound,protein,0
5494449,CPI,P04278,compound,protein,0
5494449,CPI,P21917,compound,protein,0
5494449,CPI,Q92847,compound,protein,0
5494449,CPI,P49798,compound,protein,0
5494449,CPI,Q16665,compound,protein,0
5494449,CPI,P21397,compound,protein,0
5494449,CPI,P26358,compound,protein,0
5494449,CPI,Q9UBT6,compound,protein,0
5494449,CPI,P19838,compound,protein,0
5494449,CPI,P22303,compound,protein,0
5494449,CPI,P10276,compound,protein,0
5503,CPI,P04150,compound,protein,1
5503,CPI,P21554,compound,protein,1
5503,CPI,P21728,compound,protein,1
5503,CPI,P32238,compound,protein,1
5503,CPI,P41968,compound,protein,1
5503,CPI,Q9BYT3,compound,protein,0
5503,CPI,Q9H4B4,compound,protein,0
5505,CPI,P48048,compound,protein,1
5510,CPI,P28223,compound,protein,1
551033,CPI,P21728,compound,protein,0
5511,CPI,P08172,compound,protein,1
5511,CPI,P53667,compound,protein,0
5515,CPI,P35372,compound,protein,0
551704,CPI,Q06187,compound,protein,0
5522,CPI,P40225,compound,protein,1
5522,CPI,P13631,compound,protein,0
5522,CPI,P53779,compound,protein,0
5522,CPI,P22303,compound,protein,0
55245,CPI,P08913,compound,protein,1
55245,CPI,P14416,compound,protein,1
55245,CPI,P25021,compound,protein,1
55245,CPI,Q14432,compound,protein,1
55245,CPI,Q13163,compound,protein,0
5526,CPI,P28223,compound,protein,1
5526,CPI,P41145,compound,protein,1
5526,CPI,P11309,compound,protein,0
5531,CPI,Q08499,compound,protein,1
5533,CPI,P25100,compound,protein,1
5533,CPI,P17252,compound,protein,0
5538,CPI,Q8NFJ5,compound,protein,1
55445,CPI,P34903,compound,protein,0
5546,CPI,P18054,compound,protein,1
5546,CPI,P51172,compound,protein,1
5546,CPI,P42684,compound,protein,0
5546,CPI,P27361,compound,protein,0
5560,CPI,P22748,compound,protein,1
55652,CPI,P35372,compound,protein,1
55652,CPI,O75496,compound,protein,0
5566,CPI,Q9BY08,compound,protein,1
5566,CPI,Q13554,compound,protein,0
5566,CPI,P50613,compound,protein,0
5566,CPI,P27037,compound,protein,0
5566,CPI,Q9H422,compound,protein,0
5566,CPI,P37173,compound,protein,0
5568,CPI,O15296,compound,protein,1
5568,CPI,O60341,compound,protein,1
5568,CPI,Q8WXR4,compound,protein,0
5572,CPI,P20309,compound,protein,1
5573,CPI,P46734,compound,protein,0
5574,CPI,Q92918,compound,protein,0
5576,CPI,Q9UF33,compound,protein,0
5577,CPI,P27695,compound,protein,0
5578,CPI,P54132,compound,protein,1
5584,CPI,P29323,compound,protein,0
5584298,CPI,O75496,compound,protein,1
5585,CPI,P08172,compound,protein,1
5585,CPI,Q92847,compound,protein,1
5585,CPI,P22607,compound,protein,0
5591,CPI,O75469,compound,protein,1
5593,CPI,P08684,compound,protein,0
5593,CPI,Q9UNA4,compound,protein,0
5593,CPI,Q13523,compound,protein,0
5593,CPI,P04626,compound,protein,0
5593,CPI,Q15375,compound,protein,0
5595,CPI,O75311,compound,protein,0
564,CPI,P25929,compound,protein,1
564,CPI,P32238,compound,protein,1
564,CPI,P41968,compound,protein,1
564,CPI,P04626,compound,protein,0
5650,CPI,O96013,compound,protein,0
5656,CPI,P57078,compound,protein,0
5656,CPI,Q15375,compound,protein,0
56599306,CPI,Q99720,compound,protein,0
56599306,CPI,P25100,compound,protein,0
5665,CPI,Q16512,compound,protein,0
5666,CPI,P08912,compound,protein,1
5666,CPI,Q9Y468,compound,protein,0
5667,CPI,Q9UJT1,compound,protein,1
5684,CPI,P35372,compound,protein,1
568416,CPI,Q9UBN7,compound,protein,1
56846693,CPI,Q9H4B4,compound,protein,0
56846693,CPI,Q13526,compound,protein,0
5685,CPI,P08913,compound,protein,1
5691,CPI,P53350,compound,protein,1
5691,CPI,Q8N1C3,compound,protein,0
5691,CPI,P28566,compound,protein,0
5694,CPI,P10828,compound,protein,1
5694,CPI,Q07869,compound,protein,1
56959,CPI,Q9NY72,compound,protein,1
56959,CPI,Q9H4B4,compound,protein,0
56965963,CPI,P51812,compound,protein,1
57007282,CPI,P00813,compound,protein,1
5701990,CPI,P10275,compound,protein,1
5702015,CPI,Q9BYT3,compound,protein,0
5702048,CPI,O43318,compound,protein,0
5702051,CPI,Q16644,compound,protein,0
5702067,CPI,P11473,compound,protein,0
5702081,CPI,P04150,compound,protein,1
5702096,CPI,Q13557,compound,protein,0
5702108,CPI,Q86YV6,compound,protein,0
5702114,CPI,P14410,compound,protein,1
5702127,CPI,P22314,compound,protein,0
5702135,CPI,P08912,compound,protein,0
5702140,CPI,Q9NR20,compound,protein,0
5702164,CPI,P61927,compound,protein,1
5702164,CPI,Q13627,compound,protein,0
5702178,CPI,Q9HBY8,compound,protein,0
5702178,CPI,Q92769,compound,protein,0
5702239,CPI,Q9HC98,compound,protein,0
5702265,CPI,P51828,compound,protein,1
5702265,CPI,Q12791,compound,protein,1
5702265,CPI,Q99714,compound,protein,0
5707,CPI,Q15303,compound,protein,0
5707818,CPI,P57058,compound,protein,0
5709,CPI,Q96KQ7,compound,protein,1
5711,CPI,Q05397,compound,protein,1
5711,CPI,Q12851,compound,protein,1
5711,CPI,Q13188,compound,protein,1
5711,CPI,Q13464,compound,protein,1
5711,CPI,Q96GD4,compound,protein,1
5711,CPI,Q02641,compound,protein,0
5711,CPI,P46734,compound,protein,0
57118766,CPI,P21731,compound,protein,0
5717,CPI,P08172,compound,protein,1
5717,CPI,P28482,compound,protein,1
5717,CPI,P35367,compound,protein,1
5717,CPI,P35372,compound,protein,1
5717,CPI,P41145,compound,protein,1
5717,CPI,P54762,compound,protein,0
5717737,CPI,Q9NUW8,compound,protein,1
5717737,CPI,Q16539,compound,protein,0
5719,CPI,P21397,compound,protein,1
5719,CPI,P11802,compound,protein,0
5722,CPI,P27695,compound,protein,1
5722,CPI,Q12852,compound,protein,0
57242,CPI,P07550,compound,protein,1
5732,CPI,Q8NEB9,compound,protein,0
5732,CPI,P49336,compound,protein,0
57339144,CPI,P08172,compound,protein,1
57339144,CPI,Q8NA19,compound,protein,1
57339144,CPI,Q9UHD2,compound,protein,0
57339144,CPI,Q13526,compound,protein,0
5734,CPI,P08588,compound,protein,1
5734,CPI,P27338,compound,protein,1
5734,CPI,Q99250,compound,protein,1
5734,CPI,Q9UI33,compound,protein,1
57340680,CPI,P53779,compound,protein,1
5735,CPI,P06746,compound,protein,0
5735,CPI,Q06187,compound,protein,0
57363,CPI,P31645,compound,protein,1
57363,CPI,Q13627,compound,protein,0
57364,CPI,P54762,compound,protein,0
57379345,CPI,P07949,compound,protein,1
57379345,CPI,Q86UX6,compound,protein,0
57394468,CPI,Q8N4C8,compound,protein,0
5742832,CPI,O75164,compound,protein,1
5742832,CPI,P08172,compound,protein,0
5743,CPI,P28223,compound,protein,1
5743,CPI,P09769,compound,protein,0
5745,CPI,P10275,compound,protein,1
57469,CPI,P25021,compound,protein,1
57469,CPI,P30556,compound,protein,1
57469,CPI,P42679,compound,protein,0
57469,CPI,P45985,compound,protein,0
5753,CPI,O75496,compound,protein,1
5753,CPI,P28482,compound,protein,1
5757,CPI,O15245,compound,protein,1
5757,CPI,P08588,compound,protein,1
5757,CPI,P21554,compound,protein,1
5757,CPI,P21728,compound,protein,1
5757,CPI,Q9Y5N1,compound,protein,1
5765514,CPI,P35968,compound,protein,0
57662985,CPI,Q96KQ7,compound,protein,0
57662985,CPI,P35354,compound,protein,0
5770,CPI,O94804,compound,protein,0
5770,CPI,Q92918,compound,protein,0
5775,CPI,P28223,compound,protein,1
5775,CPI,P35372,compound,protein,1
5775,CPI,Q5S007,compound,protein,0
5775,CPI,P05177,compound,protein,0
5794,CPI,P41968,compound,protein,0
57946,CPI,P11274,compound,protein,0
5803,CPI,Q9UBE8,compound,protein,0
5803,CPI,P21860,compound,protein,0
5814,CPI,O94782,compound,protein,0
5814,CPI,Q15746,compound,protein,0
58153637,CPI,P10636,compound,protein,0
58153637,CPI,P09769,compound,protein,0
5816,CPI,P28482,compound,protein,1
5816,CPI,P21127,compound,protein,0
58258,CPI,Q96KQ7,compound,protein,1
5832,CPI,P11229,compound,protein,1
5833,CPI,P21728,compound,protein,1
5833,CPI,Q9P1W9,compound,protein,0
5833,CPI,Q9BRS2,compound,protein,0
5833,CPI,P27037,compound,protein,0
5833,CPI,Q8TD19,compound,protein,0
58423153,CPI,P34903,compound,protein,0
58573469,CPI,P11362,compound,protein,0
58573469,CPI,P51617,compound,protein,0
5865,CPI,P25103,compound,protein,1
5870,CPI,O94804,compound,protein,0
5870,CPI,P36888,compound,protein,0
5870,CPI,O60331,compound,protein,0
5879,CPI,P08185,compound,protein,1
5881,CPI,Q8TCU5,compound,protein,1
5881,CPI,Q9H3N8,compound,protein,0
5893,CPI,P00390,compound,protein,1
5893,CPI,P27037,compound,protein,0
5897,CPI,P30291,compound,protein,0
5901,CPI,P18825,compound,protein,0
5904,CPI,P07550,compound,protein,1
5904,CPI,P21397,compound,protein,1
5904,CPI,Q99759,compound,protein,0
5904,CPI,Q99683,compound,protein,0
5904441,CPI,P11308,compound,protein,1
5904441,CPI,O00506,compound,protein,0
5905,CPI,P11473,compound,protein,0
5906,CPI,P41968,compound,protein,1
5906,CPI,Q02763,compound,protein,0
5906,CPI,Q99720,compound,protein,0
5908088,CPI,Q8N1C3,compound,protein,0
5910,CPI,P07550,compound,protein,1
5910,CPI,P53667,compound,protein,0
5910,CPI,P35590,compound,protein,0
59149652,CPI,Q8TD19,compound,protein,0
5917,CPI,P10636,compound,protein,1
5917,CPI,Q9BWU1,compound,protein,0
59174488,CPI,Q07108,compound,protein,1
5920,CPI,P28335,compound,protein,1
5920,CPI,P50406,compound,protein,1
5920,CPI,P00918,compound,protein,0
5920,CPI,P11511,compound,protein,0
5920,CPI,P43681,compound,protein,0
5920,CPI,Q99714,compound,protein,0
59239165,CPI,P21728,compound,protein,0
5926218,CPI,Q16558,compound,protein,0
5944,CPI,P62136,compound,protein,1
59472121,CPI,P36888,compound,protein,1
59472121,CPI,P78527,compound,protein,1
5952,CPI,P27695,compound,protein,1
5958,CPI,Q92630,compound,protein,0
5959,CPI,P08174,compound,protein,1
596,CPI,O43353,compound,protein,0
5974189,CPI,P36507,compound,protein,0
5983,CPI,P22303,compound,protein,1
5983,CPI,P35372,compound,protein,1
5983,CPI,P54132,compound,protein,1
5991,CPI,P41145,compound,protein,1
5994,CPI,P08185,compound,protein,1
5994,CPI,P43681,compound,protein,1
5995,CPI,P08588,compound,protein,1
5995,CPI,P11473,compound,protein,1
5995,CPI,P14416,compound,protein,1
5995,CPI,P30518,compound,protein,1
6000,CPI,Q15661,compound,protein,0
6000533,CPI,Q86V86,compound,protein,0
6001181,CPI,P84022,compound,protein,1
6005,CPI,P18825,compound,protein,1
6005,CPI,Q00987,compound,protein,1
6005,CPI,Q9UKE5,compound,protein,0
600670,CPI,O75496,compound,protein,1
60138149,CPI,P35372,compound,protein,0
60138149,CPI,P25100,compound,protein,0
6018,CPI,P14616,compound,protein,0
60182388,CPI,P28335,compound,protein,0
60185239,CPI,Q9UGI6,compound,protein,0
60198,CPI,P21728,compound,protein,1
6024,CPI,Q9Y694,compound,protein,0
6024,CPI,P27338,compound,protein,0
602897,CPI,Q15303,compound,protein,0
6032,CPI,P04150,compound,protein,1
6032,CPI,P41968,compound,protein,1
6032,CPI,Q8NI60,compound,protein,0
6037,CPI,P08581,compound,protein,0
6041,CPI,P51451,compound,protein,0
6041,CPI,P04278,compound,protein,0
6047,CPI,Q14191,compound,protein,1
6047,CPI,Q9UKE5,compound,protein,0
6049,CPI,Q96KQ7,compound,protein,1
6049,CPI,Q03181,compound,protein,0
60490,CPI,P09917,compound,protein,1
60490,CPI,Q00535,compound,protein,0
60602,CPI,P10635,compound,protein,1
60602,CPI,P35414,compound,protein,1
60602,CPI,Q9Y5N1,compound,protein,1
60602,CPI,Q12851,compound,protein,0
60602,CPI,P32239,compound,protein,0
60602,CPI,O00750,compound,protein,0
60606,CPI,P08173,compound,protein,1
60606,CPI,P42336,compound,protein,0
60606,CPI,P00734,compound,protein,0
60606,CPI,P10636,compound,protein,0
60663,CPI,P51451,compound,protein,0
60703,CPI,Q13224,compound,protein,1
60703,CPI,P10828,compound,protein,0
6075,CPI,P08173,compound,protein,1
6075,CPI,P50406,compound,protein,1
6075,CPI,P57078,compound,protein,0
6075,CPI,P05177,compound,protein,0
60750,CPI,P41145,compound,protein,1
60753,CPI,P18825,compound,protein,1
60753,CPI,Q96KQ7,compound,protein,0
60753,CPI,P10636,compound,protein,0
6077,CPI,P14416,compound,protein,1
60773,CPI,P43681,compound,protein,1
60795,CPI,P11308,compound,protein,1
60795,CPI,P34969,compound,protein,1
60795,CPI,Q13224,compound,protein,1
60795,CPI,O96017,compound,protein,0
60823,CPI,Q96RI1,compound,protein,1
60823,CPI,Q9NPD5,compound,protein,1
60823,CPI,Q9UBS5,compound,protein,1
60823,CPI,Q9Y6M4,compound,protein,0
60825,CPI,P08912,compound,protein,1
60825,CPI,P21452,compound,protein,1
60825,CPI,P50406,compound,protein,1
60835,CPI,P41145,compound,protein,1
60838,CPI,Q86VL8,compound,protein,1
60840,CPI,Q96QE3,compound,protein,1
60840,CPI,Q9Y243,compound,protein,0
60852,CPI,P25103,compound,protein,1
60852,CPI,P30556,compound,protein,1
60854,CPI,P21397,compound,protein,1
60854,CPI,P11511,compound,protein,0
60857,CPI,P21917,compound,protein,0
60865,CPI,P35367,compound,protein,1
60865,CPI,Q9Y5N1,compound,protein,1
60865,CPI,P38398,compound,protein,0
6091659,CPI,P08684,compound,protein,1
60923,CPI,P10635,compound,protein,1
60937,CPI,Q93050,compound,protein,1
60937,CPI,Q14994,compound,protein,0
60943,CPI,Q9Y6E0,compound,protein,0
60943,CPI,P21728,compound,protein,0
60961,CPI,O43868,compound,protein,1
60961,CPI,P29275,compound,protein,1
60961,CPI,P0DMV8,compound,protein,0
60961,CPI,O14733,compound,protein,0
610479,CPI,P04054,compound,protein,1
6127,CPI,P21554,compound,protein,1
6129,CPI,P50406,compound,protein,0
6160690,CPI,Q6W5P4,compound,protein,1
616433,CPI,Q9Y6Q9,compound,protein,1
616573,CPI,P00533,compound,protein,1
616573,CPI,P41145,compound,protein,0
6166,CPI,P42336,compound,protein,0
6166563,CPI,P35236,compound,protein,1
6166563,CPI,P11229,compound,protein,0
6167,CPI,P37231,compound,protein,1
6167,CPI,P84022,compound,protein,1
6167,CPI,P04278,compound,protein,0
6173479,CPI,O75874,compound,protein,1
6175,CPI,P24530,compound,protein,0
6185,CPI,P38398,compound,protein,1
6185,CPI,Q8TDS4,compound,protein,0
6185,CPI,Q13237,compound,protein,0
619526,CPI,O75496,compound,protein,1
6197,CPI,P84022,compound,protein,1
6197,CPI,Q13148,compound,protein,1
6197,CPI,Q00532,compound,protein,0
6197,CPI,P54762,compound,protein,0
6197,CPI,P41143,compound,protein,0
6197,CPI,P10721,compound,protein,0
6202912,CPI,Q96LD8,compound,protein,0
6212,CPI,Q8N568,compound,protein,0
6212,CPI,O14757,compound,protein,0
6215,CPI,Q9NUW8,compound,protein,1
6215,CPI,Q16637,compound,protein,0
6230,CPI,P11229,compound,protein,1
6230,CPI,P31645,compound,protein,1
6230,CPI,P43681,compound,protein,1
6230,CPI,Q16584,compound,protein,0
6230,CPI,Q04771,compound,protein,0
6234,CPI,Q9UQB9,compound,protein,0
62389,CPI,P27695,compound,protein,1
6249,CPI,O94925,compound,protein,1
6253,CPI,O94782,compound,protein,1
6253,CPI,P03372,compound,protein,1
6253,CPI,Q9NWZ3,compound,protein,0
6253,CPI,Q9BX84,compound,protein,0
6256,CPI,P18825,compound,protein,1
6256,CPI,Q9UNQ0,compound,protein,0
6274486,CPI,O00750,compound,protein,0
6279,CPI,O00591,compound,protein,1
6279,CPI,P08183,compound,protein,1
6279,CPI,P18507,compound,protein,1
6279,CPI,Q9H3Y6,compound,protein,0
62887,CPI,Q15825,compound,protein,1
6291,CPI,P40225,compound,protein,0
6291,CPI,P34969,compound,protein,0
62959,CPI,Q96RI1,compound,protein,1
6305,CPI,P08254,compound,protein,0
6305,CPI,P57059,compound,protein,0
6307,CPI,Q13164,compound,protein,0
6307,CPI,P35916,compound,protein,0
6307,CPI,Q04771,compound,protein,0
63112,CPI,Q16637,compound,protein,1
6321411,CPI,O94925,compound,protein,1
6321411,CPI,P30411,compound,protein,1
6321411,CPI,P35367,compound,protein,1
6321411,CPI,Q14432,compound,protein,1
6321411,CPI,Q9Y468,compound,protein,1
6321411,CPI,P21731,compound,protein,0
6321411,CPI,O00444,compound,protein,0
6337614,CPI,P31645,compound,protein,1
636411,CPI,Q96KQ7,compound,protein,1
637542,CPI,Q9Y468,compound,protein,0
638024,CPI,O15118,compound,protein,1
638278,CPI,P04062,compound,protein,1
638278,CPI,P11511,compound,protein,1
638278,CPI,Q96P20,compound,protein,1
638278,CPI,Q13233,compound,protein,0
638278,CPI,Q96PY6,compound,protein,0
639665,CPI,P09917,compound,protein,1
6399253,CPI,O15439,compound,protein,1
6399253,CPI,P11229,compound,protein,1
6399253,CPI,P31645,compound,protein,1
6399253,CPI,Q6PHR2,compound,protein,0
6401129,CPI,Q6W5P4,compound,protein,1
6401129,CPI,P22607,compound,protein,0
6404603,CPI,P08684,compound,protein,0
6404603,CPI,Q52WX2,compound,protein,0
6404603,CPI,P0C264,compound,protein,0
64139,CPI,Q9Y6A2,compound,protein,1
64143,CPI,P51957,compound,protein,0
641785,CPI,P19838,compound,protein,0
641785,CPI,P21731,compound,protein,0
6419747,CPI,P06734,compound,protein,1
6419747,CPI,P43405,compound,protein,1
6419753,CPI,P25021,compound,protein,0
6419753,CPI,Q03181,compound,protein,0
6419755,CPI,P23458,compound,protein,1
6420045,CPI,P35968,compound,protein,0
6422124,CPI,Q96QE3,compound,protein,1
6436,CPI,O75874,compound,protein,1
6436048,CPI,Q9HC97,compound,protein,0
643606,CPI,P28335,compound,protein,1
643606,CPI,Q16236,compound,protein,0
6437862,CPI,P31751,compound,protein,0
6437862,CPI,P53779,compound,protein,0
6438629,CPI,Q9NYY3,compound,protein,0
643951,CPI,O75469,compound,protein,0
643951,CPI,Q2M2I8,compound,protein,0
6439628,CPI,P11473,compound,protein,1
6439628,CPI,P42338,compound,protein,0
6440033,CPI,P19801,compound,protein,0
6440033,CPI,Q8TD08,compound,protein,0
644213,CPI,P10635,compound,protein,1
644213,CPI,P37231,compound,protein,1
644213,CPI,P51449,compound,protein,1
644215,CPI,P42345,compound,protein,1
644215,CPI,Q05397,compound,protein,0
644241,CPI,O14733,compound,protein,1
644241,CPI,O14920,compound,protein,1
644241,CPI,O15111,compound,protein,1
644241,CPI,P0C1S8,compound,protein,1
644241,CPI,P0C264,compound,protein,1
644241,CPI,P15056,compound,protein,1
644241,CPI,P21127,compound,protein,1
644241,CPI,P21452,compound,protein,1
644241,CPI,P21918,compound,protein,1
644241,CPI,P27037,compound,protein,1
644241,CPI,P31751,compound,protein,1
644241,CPI,P36888,compound,protein,1
644241,CPI,P42684,compound,protein,1
644241,CPI,P46734,compound,protein,1
644241,CPI,P49759,compound,protein,1
644241,CPI,Q08345,compound,protein,1
644241,CPI,Q13237,compound,protein,1
644241,CPI,Q13554,compound,protein,1
644241,CPI,Q96L34,compound,protein,1
644241,CPI,Q99759,compound,protein,1
644241,CPI,Q9UKI8,compound,protein,1
644241,CPI,Q9Y2H1,compound,protein,1
644241,CPI,Q9Y2K2,compound,protein,1
644241,CPI,Q9Y5S2,compound,protein,1
644241,CPI,Q99714,compound,protein,0
644241,CPI,P10636,compound,protein,0
644241,CPI,Q9UNA4,compound,protein,0
644241,CPI,Q99720,compound,protein,0
644241,CPI,Q99700,compound,protein,0
6444849,CPI,Q9BRS2,compound,protein,0
6445540,CPI,Q02750,compound,protein,0
6445562,CPI,P07947,compound,protein,1
6445562,CPI,P09619,compound,protein,1
6445562,CPI,P29317,compound,protein,1
6445562,CPI,P46734,compound,protein,1
6445562,CPI,P57059,compound,protein,1
6445562,CPI,Q00535,compound,protein,1
6445562,CPI,Q13873,compound,protein,1
6445562,CPI,Q16816,compound,protein,1
6445562,CPI,Q8WXR4,compound,protein,1
6445562,CPI,Q99759,compound,protein,1
6445562,CPI,Q9UKE5,compound,protein,1
6445562,CPI,O75164,compound,protein,0
6445562,CPI,P22303,compound,protein,0
6445562,CPI,P43681,compound,protein,0
6445562,CPI,P27815,compound,protein,0
6445562,CPI,O75874,compound,protein,0
6445562,CPI,P39748,compound,protein,0
6445562,CPI,P34947,compound,protein,0
6445562,CPI,Q92630,compound,protein,0
6445562,CPI,O15264,compound,protein,0
6445562,CPI,P35368,compound,protein,0
6445562,CPI,Q13523,compound,protein,0
6446,CPI,Q7KZI7,compound,protein,0
6446,CPI,Q86Y07,compound,protein,0
644601,CPI,P11802,compound,protein,0
6449767,CPI,Q13188,compound,protein,0
6450278,CPI,O14936,compound,protein,0
6450551,CPI,O75116,compound,protein,1
6450551,CPI,P30530,compound,protein,1
6450551,CPI,P41240,compound,protein,1
6450551,CPI,P51957,compound,protein,1
6450551,CPI,P57059,compound,protein,1
6450551,CPI,Q12851,compound,protein,1
6450551,CPI,Q15759,compound,protein,1
6450551,CPI,Q6DT37,compound,protein,1
6450551,CPI,Q8TD08,compound,protein,1
6450551,CPI,Q9HBH9,compound,protein,1
6450551,CPI,Q9NRH2,compound,protein,1
6450551,CPI,Q9UHD2,compound,protein,1
6450551,CPI,Q9UL54,compound,protein,1
6450551,CPI,P30411,compound,protein,0
6450551,CPI,P06746,compound,protein,0
6450551,CPI,P51449,compound,protein,0
64650,CPI,Q9Y5S2,compound,protein,0
64650,CPI,P21728,compound,protein,0
6466,CPI,Q99808,compound,protein,0
6466,CPI,Q9Y5S2,compound,protein,0
6473767,CPI,P14867,compound,protein,1
6473866,CPI,Q08209,compound,protein,1
6473866,CPI,P30989,compound,protein,1
6473866,CPI,P25100,compound,protein,0
6473866,CPI,Q9HC97,compound,protein,0
6473866,CPI,Q9UNA4,compound,protein,0
6473866,CPI,Q15418,compound,protein,0
6473866,CPI,Q16584,compound,protein,0
6477762,CPI,P11473,compound,protein,1
6484054,CPI,P28223,compound,protein,0
6484054,CPI,P21397,compound,protein,0
64945,CPI,P11217,compound,protein,1
64945,CPI,P18031,compound,protein,1
64945,CPI,P28845,compound,protein,1
64945,CPI,Q16539,compound,protein,0
64971,CPI,Q02156,compound,protein,0
64983,CPI,Q15746,compound,protein,0
65016,CPI,P28223,compound,protein,1
65016,CPI,Q9P1W9,compound,protein,0
65016,CPI,Q9Y2H1,compound,protein,0
6505803,CPI,Q9NUW8,compound,protein,1
65064,CPI,P35869,compound,protein,1
65064,CPI,Q13627,compound,protein,1
65064,CPI,P10275,compound,protein,0
65064,CPI,O60331,compound,protein,0
650899,CPI,P20309,compound,protein,1
65351,CPI,P10635,compound,protein,1
65351,CPI,P33261,compound,protein,1
653676,CPI,P35228,compound,protein,0
6539732,CPI,P07900,compound,protein,0
6540478,CPI,P03372,compound,protein,1
654376,CPI,P04049,compound,protein,0
65482,CPI,O95050,compound,protein,1
65482,CPI,Q99873,compound,protein,1
65482,CPI,P25929,compound,protein,0
655278,CPI,O15118,compound,protein,1
655490,CPI,Q9Y337,compound,protein,1
65655,CPI,P21554,compound,protein,0
65659,CPI,Q9UBS0,compound,protein,0
656765,CPI,P41743,compound,protein,0
657309,CPI,P08172,compound,protein,1
65752,CPI,O15118,compound,protein,1
65752,CPI,Q00532,compound,protein,0
65856,CPI,P52564,compound,protein,0
65889,CPI,P30556,compound,protein,0
659101,CPI,Q9NUW8,compound,protein,1
65957,CPI,P08913,compound,protein,1
65957,CPI,P25929,compound,protein,1
65957,CPI,Q92847,compound,protein,1
65957,CPI,P05771,compound,protein,0
65981,CPI,Q9NRH2,compound,protein,0
659840,CPI,Q13546,compound,protein,0
65999,CPI,P21917,compound,protein,1
65999,CPI,P30556,compound,protein,1
65999,CPI,P34969,compound,protein,1
65999,CPI,Q08499,compound,protein,1
65999,CPI,Q9UQ88,compound,protein,0
6603797,CPI,P19838,compound,protein,1
6603797,CPI,Q92830,compound,protein,0
6603820,CPI,P08588,compound,protein,1
6603820,CPI,P19838,compound,protein,1
6603827,CPI,P54132,compound,protein,1
6603931,CPI,P54132,compound,protein,1
6604009,CPI,P08684,compound,protein,1
6604200,CPI,P35354,compound,protein,1
6604200,CPI,Q96RR4,compound,protein,0
6604381,CPI,O75604,compound,protein,1
6604471,CPI,Q92499,compound,protein,0
6604471,CPI,P08172,compound,protein,0
6604653,CPI,Q13936,compound,protein,0
6604724,CPI,P41145,compound,protein,1
6604724,CPI,P07948,compound,protein,0
6604756,CPI,Q9H0K1,compound,protein,0
6604779,CPI,P49336,compound,protein,0
6604789,CPI,Q06187,compound,protein,0
6604893,CPI,P78356,compound,protein,0
6610243,CPI,P05177,compound,protein,0
6610243,CPI,Q15139,compound,protein,0
6610243,CPI,P11274,compound,protein,0
6610310,CPI,P04150,compound,protein,0
6610332,CPI,P06239,compound,protein,0
6610350,CPI,Q8TDS4,compound,protein,0
6610353,CPI,P24941,compound,protein,1
6610355,CPI,P46663,compound,protein,0
6622773,CPI,P49286,compound,protein,0
6623,CPI,Q92630,compound,protein,1
6623,CPI,P29597,compound,protein,0
662944,CPI,Q8N5S9,compound,protein,0
663281,CPI,P07333,compound,protein,0
66524294,CPI,P83916,compound,protein,0
665449,CPI,P11021,compound,protein,1
665518,CPI,Q9NUW8,compound,protein,1
665654,CPI,P05177,compound,protein,1
665654,CPI,P35398,compound,protein,1
665654,CPI,Q92830,compound,protein,1
66577038,CPI,P29323,compound,protein,1
66577038,CPI,Q13526,compound,protein,0
66577038,CPI,Q8TDC3,compound,protein,0
66577038,CPI,P45984,compound,protein,0
666267,CPI,P04637,compound,protein,1
667466,CPI,O96017,compound,protein,0
667466,CPI,P51451,compound,protein,0
667468,CPI,P10275,compound,protein,1
667468,CPI,P21397,compound,protein,1
667468,CPI,Q99808,compound,protein,1
667468,CPI,Q9Y5N1,compound,protein,1
667468,CPI,Q56UN5,compound,protein,0
667477,CPI,P05177,compound,protein,1
667477,CPI,Q00537,compound,protein,0
667484,CPI,P07550,compound,protein,1
667484,CPI,P25929,compound,protein,1
667484,CPI,Q13526,compound,protein,0
667484,CPI,P37231,compound,protein,0
667511,CPI,P23975,compound,protein,1
667528,CPI,Q8N568,compound,protein,0
667550,CPI,P25025,compound,protein,1
667550,CPI,Q96KQ7,compound,protein,1
667594,CPI,O60911,compound,protein,0
667594,CPI,P35368,compound,protein,0
667601,CPI,P05177,compound,protein,1
667601,CPI,P07333,compound,protein,1
667601,CPI,Q16665,compound,protein,1
6708558,CPI,P45984,compound,protein,0
6708720,CPI,Q15825,compound,protein,1
6708720,CPI,O14936,compound,protein,0
6708725,CPI,Q12852,compound,protein,0
6708764,CPI,P21452,compound,protein,0
6708815,CPI,Q9HBH9,compound,protein,0
6710621,CPI,Q8NER1,compound,protein,0
6710654,CPI,O75914,compound,protein,0
6710657,CPI,P00533,compound,protein,0
6710690,CPI,P10253,compound,protein,1
6710700,CPI,O14920,compound,protein,0
6710780,CPI,Q00532,compound,protein,0
6713924,CPI,Q9UNQ0,compound,protein,0
6713958,CPI,P47712,compound,protein,0
6713984,CPI,Q9NWZ3,compound,protein,0
6714003,CPI,P78368,compound,protein,0
672296,CPI,P25021,compound,protein,0
6728942,CPI,Q92769,compound,protein,1
673465,CPI,P10635,compound,protein,0
67361,CPI,P19793,compound,protein,0
6758,CPI,P19793,compound,protein,1
6758,CPI,P50406,compound,protein,1
6758,CPI,Q9UEW8,compound,protein,0
6758,CPI,P53350,compound,protein,0
6758,CPI,Q9NYY3,compound,protein,0
6760,CPI,O95398,compound,protein,1
6760,CPI,P08684,compound,protein,1
6760,CPI,Q99714,compound,protein,1
676288,CPI,Q02779,compound,protein,0
676288,CPI,Q9UQM7,compound,protein,0
6803,CPI,Q9NUW8,compound,protein,1
68077,CPI,P10828,compound,protein,1
681,CPI,P30518,compound,protein,0
681,CPI,Q8IVH8,compound,protein,0
681,CPI,P16083,compound,protein,0
68186,CPI,P34969,compound,protein,1
68186,CPI,P41145,compound,protein,1
68186,CPI,Q9NUW8,compound,protein,1
68186,CPI,P43403,compound,protein,0
68186,CPI,O14965,compound,protein,0
68210102,CPI,P20309,compound,protein,0
6839,CPI,P30556,compound,protein,1
6843,CPI,Q14524,compound,protein,1
68508601,CPI,P27487,compound,protein,1
6852167,CPI,P04278,compound,protein,0
6857685,CPI,Q12879,compound,protein,0
68617,CPI,P33032,compound,protein,1
68617,CPI,P41968,compound,protein,1
68617,CPI,Q52WX2,compound,protein,0
68617,CPI,Q16816,compound,protein,0
68617,CPI,P42684,compound,protein,0
686211,CPI,Q8TD19,compound,protein,0
686211,CPI,Q6PHR2,compound,protein,0
68712,CPI,P35367,compound,protein,1
68740,CPI,P14616,compound,protein,0
68770,CPI,P07550,compound,protein,1
68770,CPI,P11021,compound,protein,0
688020,CPI,P20309,compound,protein,1
688020,CPI,P25929,compound,protein,1
688020,CPI,Q02779,compound,protein,0
688020,CPI,Q9UQ88,compound,protein,0
688020,CPI,O60331,compound,protein,0
688020,CPI,Q06418,compound,protein,0
68827,CPI,P05177,compound,protein,1
68827,CPI,P08684,compound,protein,1
688272,CPI,P18825,compound,protein,1
688272,CPI,P21397,compound,protein,1
688272,CPI,P21554,compound,protein,1
688272,CPI,P35367,compound,protein,1
688272,CPI,P27448,compound,protein,0
68844,CPI,O43570,compound,protein,1
68844,CPI,O75460,compound,protein,0
68848,CPI,P34969,compound,protein,1
68871,CPI,P08173,compound,protein,0
68873,CPI,P10275,compound,protein,1
688798,CPI,P24941,compound,protein,0
689043,CPI,P08253,compound,protein,1
689043,CPI,P19838,compound,protein,1
6914273,CPI,O43193,compound,protein,1
6914273,CPI,Q9NZ45,compound,protein,1
6914273,CPI,P39748,compound,protein,0
6914273,CPI,Q14289,compound,protein,0
6914657,CPI,P21452,compound,protein,0
6915744,CPI,P28482,compound,protein,0
6917698,CPI,P28223,compound,protein,1
6918097,CPI,P25100,compound,protein,1
6918155,CPI,P08588,compound,protein,1
6918155,CPI,P21397,compound,protein,1
6918155,CPI,P21731,compound,protein,1
6918155,CPI,P23975,compound,protein,1
6918155,CPI,P30556,compound,protein,1
6918155,CPI,P27361,compound,protein,0
6918305,CPI,O00591,compound,protein,1
6918305,CPI,O14757,compound,protein,0
6918324,CPI,Q9Y243,compound,protein,0
6918453,CPI,P13637,compound,protein,0
6918454,CPI,O00750,compound,protein,1
6918454,CPI,O14578,compound,protein,1
6918454,CPI,O14976,compound,protein,1
6918454,CPI,O75460,compound,protein,1
6918454,CPI,P42681,compound,protein,1
6918454,CPI,Q05397,compound,protein,1
6918454,CPI,Q07002,compound,protein,1
6918454,CPI,Q16620,compound,protein,1
6918454,CPI,Q5S007,compound,protein,1
6918454,CPI,Q86Y07,compound,protein,1
6918454,CPI,Q9UBE8,compound,protein,1
6918454,CPI,Q9UKE5,compound,protein,1
6918454,CPI,Q9Y2U5,compound,protein,1
6918454,CPI,P25021,compound,protein,0
6918454,CPI,Q6W5P4,compound,protein,0
6918454,CPI,P54132,compound,protein,0
6918454,CPI,P83916,compound,protein,0
6918454,CPI,O75874,compound,protein,0
6918454,CPI,P00918,compound,protein,0
6918454,CPI,P25103,compound,protein,0
6918456,CPI,P10275,compound,protein,1
6918493,CPI,O15118,compound,protein,0
6918537,CPI,Q9UBS5,compound,protein,1
6918537,CPI,Q86V86,compound,protein,0
6918554,CPI,P50406,compound,protein,1
6918638,CPI,O43193,compound,protein,1
6918638,CPI,P08173,compound,protein,1
6918638,CPI,P18825,compound,protein,1
6918638,CPI,P25101,compound,protein,1
6918837,CPI,Q92769,compound,protein,1
6918837,CPI,Q9NTG7,compound,protein,1
6918837,CPI,P27815,compound,protein,0
6918837,CPI,Q99720,compound,protein,0
6918852,CPI,P07947,compound,protein,1
6918852,CPI,P11309,compound,protein,1
6918852,CPI,P42679,compound,protein,1
6918852,CPI,Q13043,compound,protein,1
6918852,CPI,Q15375,compound,protein,1
6918852,CPI,Q8NI60,compound,protein,1
6918852,CPI,Q99683,compound,protein,1
6918852,CPI,Q99755,compound,protein,1
6918852,CPI,Q9H2G2,compound,protein,1
6918852,CPI,Q9NYY3,compound,protein,1
6918852,CPI,Q9UQ88,compound,protein,1
6918852,CPI,Q9Y5N1,compound,protein,0
6918852,CPI,Q12809,compound,protein,0
6918852,CPI,P10828,compound,protein,0
6918852,CPI,Q16236,compound,protein,0
6918852,CPI,P23280,compound,protein,0
6918852,CPI,P28223,compound,protein,0
701237,CPI,Q8WZA2,compound,protein,1
701939,CPI,Q96KQ7,compound,protein,0
7028,CPI,P51617,compound,protein,0
7028,CPI,P51957,compound,protein,0
7029,CPI,P25021,compound,protein,1
702927,CPI,P51617,compound,protein,0
7048624,CPI,P29274,compound,protein,0
7059505,CPI,P28223,compound,protein,1
7059505,CPI,P25929,compound,protein,0
7067797,CPI,P11474,compound,protein,1
70684,CPI,Q9NYL2,compound,protein,0
7083563,CPI,Q06418,compound,protein,0
7088398,CPI,P31751,compound,protein,0
7092517,CPI,Q9UBS5,compound,protein,1
7092995,CPI,P14867,compound,protein,1
709391,CPI,O75496,compound,protein,1
71077,CPI,P21731,compound,protein,0
7108,CPI,P06276,compound,protein,1
71157,CPI,P43681,compound,protein,0
71158,CPI,O60391,compound,protein,1
7122097,CPI,Q14432,compound,protein,1
7122097,CPI,P18825,compound,protein,0
71226662,CPI,Q8TDS4,compound,protein,0
71271629,CPI,O60885,compound,protein,1
71271629,CPI,O00401,compound,protein,0
71317162,CPI,O14965,compound,protein,1
71317162,CPI,O43683,compound,protein,1
71317162,CPI,O60313,compound,protein,1
71317162,CPI,O76039,compound,protein,1
71317162,CPI,P06213,compound,protein,1
71317162,CPI,P11362,compound,protein,1
71317162,CPI,P31751,compound,protein,1
71317162,CPI,P54756,compound,protein,1
71317162,CPI,Q06187,compound,protein,1
71317162,CPI,Q9NYV4,compound,protein,1
71317162,CPI,Q9Y5S2,compound,protein,1
71317162,CPI,P83916,compound,protein,0
71317162,CPI,P37231,compound,protein,0
71317162,CPI,P23975,compound,protein,0
71317162,CPI,Q96BR1,compound,protein,0
71317162,CPI,P17948,compound,protein,0
71317162,CPI,Q13547,compound,protein,0
71329,CPI,O43193,compound,protein,1
71329,CPI,O95069,compound,protein,1
71329,CPI,Q9UI33,compound,protein,0
71329,CPI,Q01118,compound,protein,0
71333,CPI,P04637,compound,protein,0
71360,CPI,P35367,compound,protein,1
71360,CPI,P50406,compound,protein,1
71360,CPI,Q8NI60,compound,protein,0
71384,CPI,P28482,compound,protein,0
7141881,CPI,O75747,compound,protein,0
71433510,CPI,P30411,compound,protein,0
71490,CPI,P84022,compound,protein,0
71490,CPI,Q02750,compound,protein,0
71496458,CPI,P35968,compound,protein,1
71496458,CPI,Q9UF33,compound,protein,0
715698,CPI,Q8NFD2,compound,protein,0
7172,CPI,P51449,compound,protein,1
7172,CPI,Q96KQ7,compound,protein,1
71721648,CPI,Q04759,compound,protein,0
71748056,CPI,P00533,compound,protein,1
71760892,CPI,P35368,compound,protein,0
71771,CPI,P30530,compound,protein,0
71771,CPI,Q9Y243,compound,protein,0
72124,CPI,Q14432,compound,protein,1
72172,CPI,Q96BR1,compound,protein,0
7217941,CPI,Q9UBN7,compound,protein,0
7217946,CPI,Q08499,compound,protein,0
7217947,CPI,P22303,compound,protein,0
72199292,CPI,Q8TDS4,compound,protein,0
72199293,CPI,O75496,compound,protein,0
72281,CPI,O75907,compound,protein,1
72281,CPI,P18825,compound,protein,1
72281,CPI,P29274,compound,protein,1
72281,CPI,P41145,compound,protein,1
72281,CPI,Q9UBN7,compound,protein,1
72281,CPI,Q13546,compound,protein,0
72287,CPI,P08173,compound,protein,1
72287,CPI,P11229,compound,protein,1
72287,CPI,P28223,compound,protein,1
72287,CPI,P35367,compound,protein,1
72287,CPI,Q14289,compound,protein,0
72287,CPI,O75747,compound,protein,0
72301,CPI,P14416,compound,protein,1
72326,CPI,Q02156,compound,protein,0
72376,CPI,Q8NI60,compound,protein,0
7251185,CPI,P09619,compound,protein,0
7251185,CPI,Q32MK0,compound,protein,0
72703790,CPI,Q96QE3,compound,protein,0
72836888,CPI,O76074,compound,protein,0
72894,CPI,P23280,compound,protein,1
72894,CPI,P43166,compound,protein,1
72894,CPI,Q02156,compound,protein,0
72943187,CPI,P21675,compound,protein,1
73078,CPI,O75496,compound,protein,1
73078,CPI,P57058,compound,protein,0
7326481,CPI,P10636,compound,protein,1
7326481,CPI,P51817,compound,protein,0
73265276,CPI,Q03181,compound,protein,0
7333,CPI,O15296,compound,protein,1
7333,CPI,Q8WTQ7,compound,protein,0
73364,CPI,Q8TD08,compound,protein,0
73453,CPI,P28335,compound,protein,1
73453,CPI,P42679,compound,protein,0
73602827,CPI,Q99720,compound,protein,0
73707347,CPI,Q9H2G2,compound,protein,0
73707365,CPI,Q13148,compound,protein,0
73707388,CPI,O75604,compound,protein,0
73707390,CPI,Q9NYY3,compound,protein,1
73707402,CPI,P08172,compound,protein,0
73707404,CPI,P27815,compound,protein,0
73707410,CPI,Q9BX84,compound,protein,0
73707413,CPI,P08172,compound,protein,0
73707414,CPI,Q9UKI8,compound,protein,0
73707414,CPI,Q9UBF8,compound,protein,0
73707415,CPI,P07550,compound,protein,0
73707445,CPI,O95180,compound,protein,1
73707445,CPI,P54289,compound,protein,1
73707445,CPI,P48730,compound,protein,0
73707445,CPI,Q7KZI7,compound,protein,0
73707445,CPI,P37231,compound,protein,0
73707449,CPI,O95718,compound,protein,1
73707449,CPI,P62508,compound,protein,1
73707456,CPI,P78368,compound,protein,0
73707465,CPI,P05023,compound,protein,1
73707466,CPI,P21802,compound,protein,0
73707466,CPI,O60674,compound,protein,0
73707466,CPI,P30530,compound,protein,0
73707467,CPI,P51817,compound,protein,0
73707474,CPI,P30556,compound,protein,0
73707478,CPI,P62508,compound,protein,1
73707479,CPI,P04839,compound,protein,0
73707480,CPI,O43353,compound,protein,0
73707487,CPI,Q9NYL2,compound,protein,0
73707492,CPI,P04150,compound,protein,1
73707493,CPI,P08173,compound,protein,1
73707494,CPI,Q9H4B7,compound,protein,1
73707498,CPI,Q9UM07,compound,protein,1
73707498,CPI,Q15822,compound,protein,0
73707501,CPI,P10636,compound,protein,0
73707506,CPI,P21917,compound,protein,1
73707509,CPI,P42345,compound,protein,0
73707509,CPI,P41143,compound,protein,0
73707509,CPI,O00264,compound,protein,0
73707513,CPI,P09884,compound,protein,0
73707515,CPI,P11229,compound,protein,1
73707526,CPI,P54753,compound,protein,0
73707531,CPI,P11229,compound,protein,0
73707532,CPI,Q03181,compound,protein,0
73707545,CPI,Q16678,compound,protein,0
73707545,CPI,P35372,compound,protein,0
73707545,CPI,P27338,compound,protein,0
73707586,CPI,Q92772,compound,protein,0
73707588,CPI,P25021,compound,protein,0
73707602,CPI,P47871,compound,protein,0
73707603,CPI,P49840,compound,protein,0
73707615,CPI,P08588,compound,protein,0
73707615,CPI,P07949,compound,protein,0
74490,CPI,P19525,compound,protein,0
74490,CPI,P22607,compound,protein,0
7456,CPI,O75762,compound,protein,1
7456,CPI,P23219,compound,protein,1
7456,CPI,O14965,compound,protein,0
747185,CPI,P29320,compound,protein,0
74812,CPI,Q9NQU5,compound,protein,0
75299811,CPI,Q9H2G2,compound,protein,0
753,CPI,P00325,compound,protein,1
753,CPI,P17050,compound,protein,1
753,CPI,O75469,compound,protein,0
753704,CPI,O95819,compound,protein,1
753704,CPI,P35916,compound,protein,0
753704,CPI,Q13554,compound,protein,0
755673,CPI,Q16816,compound,protein,0
759940,CPI,Q13554,compound,protein,0
766949,CPI,P36897,compound,protein,1
766949,CPI,Q00532,compound,protein,0
766949,CPI,O75460,compound,protein,0
7699,CPI,P08588,compound,protein,1
7699,CPI,O43570,compound,protein,0
771910,CPI,Q9BWU1,compound,protein,0
771910,CPI,P42338,compound,protein,0
774,CPI,Q14012,compound,protein,0
7741,CPI,P31645,compound,protein,1
7741,CPI,Q8IVH8,compound,protein,0
7741,CPI,P22748,compound,protein,0
776319,CPI,P84022,compound,protein,1
77999,CPI,P08913,compound,protein,1
77999,CPI,P28223,compound,protein,1
77999,CPI,P27815,compound,protein,0
78428958,CPI,P19525,compound,protein,0
784670,CPI,P41145,compound,protein,0
790,CPI,P11229,compound,protein,0
800048,CPI,O15118,compound,protein,1
800048,CPI,Q9UBE8,compound,protein,0
800048,CPI,O60331,compound,protein,0
800048,CPI,P09769,compound,protein,0
800760,CPI,Q6W5P4,compound,protein,1
800760,CPI,P06213,compound,protein,0
807820,CPI,Q15208,compound,protein,0
81131,CPI,P11229,compound,protein,1
81131,CPI,P18825,compound,protein,1
81131,CPI,Q9NPH5,compound,protein,1
82146,CPI,O94925,compound,protein,0
82148,CPI,P23975,compound,protein,1
82148,CPI,Q8TD19,compound,protein,0
8226,CPI,P10635,compound,protein,1
824820,CPI,Q9H422,compound,protein,0
8249,CPI,Q16665,compound,protein,1
830235,CPI,Q99755,compound,protein,0
830235,CPI,Q9H0K1,compound,protein,0
8362,CPI,Q59H18,compound,protein,0
8400,CPI,Q13705,compound,protein,0
8421,CPI,Q9H2K8,compound,protein,0
8433,CPI,Q12851,compound,protein,0
8515,CPI,P08173,compound,protein,0
8515,CPI,Q06418,compound,protein,0
8550,CPI,P21728,compound,protein,1
8550,CPI,P30556,compound,protein,1
871154,CPI,P83916,compound,protein,1
871154,CPI,Q8TDR2,compound,protein,0
87372,CPI,Q9UNA4,compound,protein,1
882273,CPI,P14867,compound,protein,0
892,CPI,O00750,compound,protein,0
8955,CPI,O00204,compound,protein,1
8955,CPI,O75469,compound,protein,1
89594,CPI,P08684,compound,protein,0
89594,CPI,P28223,compound,protein,0
89594,CPI,Q9H3Y6,compound,protein,0
89674953,CPI,P04035,compound,protein,1
89683805,CPI,P21731,compound,protein,1
89683805,CPI,Q56UN5,compound,protein,0
8969,CPI,P00734,compound,protein,1
8969,CPI,P07550,compound,protein,1
8969,CPI,P34969,compound,protein,1
8969,CPI,Q92847,compound,protein,1
8969,CPI,Q96QE3,compound,protein,0
8974,CPI,O00408,compound,protein,1
8975,CPI,Q9NUW8,compound,protein,1
8975,CPI,Q13233,compound,protein,0
8987,CPI,P11229,compound,protein,1
902452,CPI,Q9UNA4,compound,protein,1
902452,CPI,P54760,compound,protein,0
90488984,CPI,Q92793,compound,protein,1
9051,CPI,P05177,compound,protein,0
9064,CPI,O43570,compound,protein,1
9064,CPI,P28223,compound,protein,1
9064,CPI,P09769,compound,protein,0
9064,CPI,Q15831,compound,protein,0
906542,CPI,O75164,compound,protein,1
906542,CPI,P10636,compound,protein,1
906542,CPI,Q02779,compound,protein,0
90821603,CPI,P34995,compound,protein,0
91192474,CPI,Q14994,compound,protein,0
9128,CPI,P49798,compound,protein,0
91610,CPI,P07947,compound,protein,0
91654625,CPI,P07333,compound,protein,0
91754484,CPI,Q99814,compound,protein,1
92144482,CPI,P42261,compound,protein,0
9223,CPI,P04150,compound,protein,1
92400,CPI,P41968,compound,protein,1
92400,CPI,O00329,compound,protein,0
9266740,CPI,Q9H3Y6,compound,protein,0
92727,CPI,O43193,compound,protein,1
92727,CPI,Q9Y5N1,compound,protein,1
92727,CPI,Q6DT37,compound,protein,0
92786,CPI,O00591,compound,protein,1
936,CPI,P30556,compound,protein,0
938,CPI,P28223,compound,protein,1
938,CPI,Q9Y616,compound,protein,0
941361,CPI,O75874,compound,protein,0
941361,CPI,P22748,compound,protein,0
9416,CPI,Q16637,compound,protein,0
9417,CPI,Q04771,compound,protein,0
9417,CPI,P08581,compound,protein,0
9417,CPI,P05177,compound,protein,0
9429,CPI,P35367,compound,protein,1
94364,CPI,Q99714,compound,protein,1
94378,CPI,P05177,compound,protein,1
94378,CPI,P25100,compound,protein,0
94378,CPI,P53667,compound,protein,0
9444,CPI,O75469,compound,protein,1
9444,CPI,P08913,compound,protein,1
9444,CPI,P10275,compound,protein,1
9444,CPI,P23975,compound,protein,1
9444,CPI,P51449,compound,protein,1
9444,CPI,P08183,compound,protein,0
94701,CPI,P36507,compound,protein,0
951,CPI,Q9UQ88,compound,protein,0
9549289,CPI,P39748,compound,protein,0
9549297,CPI,P10275,compound,protein,0
9549305,CPI,P14902,compound,protein,0
9550235,CPI,O95747,compound,protein,0
9550286,CPI,O43193,compound,protein,0
9551230,CPI,Q9UL54,compound,protein,0
9571107,CPI,P27487,compound,protein,1
95801,CPI,O43570,compound,protein,1
95801,CPI,P53985,compound,protein,1
9583102,CPI,O75496,compound,protein,1
9583102,CPI,P84022,compound,protein,1
9642,CPI,P84022,compound,protein,1
9687,CPI,P08172,compound,protein,1
9690109,CPI,P31645,compound,protein,0
969472,CPI,P34903,compound,protein,1
969472,CPI,Q99835,compound,protein,0
969516,CPI,Q16659,compound,protein,0
969516,CPI,Q96GD4,compound,protein,0
969516,CPI,O15264,compound,protein,0
9705,CPI,O96013,compound,protein,0
975656,CPI,P07550,compound,protein,1
976690,CPI,P51956,compound,protein,0
978061,CPI,P0C1S8,compound,protein,0
978395,CPI,P08913,compound,protein,0
978395,CPI,Q13464,compound,protein,0
9797568,CPI,Q9UKP6,compound,protein,1
9799509,CPI,Q13464,compound,protein,0
9801,CPI,Q92847,compound,protein,1
9806229,CPI,P04626,compound,protein,1
9808022,CPI,Q5S007,compound,protein,0
9809715,CPI,O60331,compound,protein,1
9809715,CPI,O75116,compound,protein,1
9809715,CPI,O75385,compound,protein,1
9809715,CPI,O75460,compound,protein,1
9809715,CPI,P08183,compound,protein,1
9809715,CPI,P09769,compound,protein,1
9809715,CPI,P10721,compound,protein,1
9809715,CPI,P48730,compound,protein,1
9809715,CPI,P49761,compound,protein,1
9809715,CPI,P68400,compound,protein,1
9809715,CPI,Q8WTQ7,compound,protein,1
9809715,CPI,Q99700,compound,protein,0
9809715,CPI,Q16665,compound,protein,0
9809715,CPI,Q99549,compound,protein,0
9809715,CPI,P19838,compound,protein,0
9809715,CPI,P05177,compound,protein,0
9811606,CPI,Q9Y5N1,compound,protein,0
9813758,CPI,O43293,compound,protein,1
9813758,CPI,O43318,compound,protein,1
9813758,CPI,P04049,compound,protein,1
9813758,CPI,P0C264,compound,protein,1
9813758,CPI,P36897,compound,protein,1
9813758,CPI,P43403,compound,protein,1
9813758,CPI,P78356,compound,protein,1
9813758,CPI,Q02763,compound,protein,1
9813758,CPI,Q08345,compound,protein,1
9813758,CPI,Q13163,compound,protein,1
9813758,CPI,Q7KZI7,compound,protein,1
9813758,CPI,Q86UX6,compound,protein,1
9813758,CPI,Q8NFD2,compound,protein,1
9813758,CPI,Q96L34,compound,protein,1
9813758,CPI,Q96PY6,compound,protein,1
9813758,CPI,Q9H0K1,compound,protein,1
9813758,CPI,Q9UBE8,compound,protein,1
9813758,CPI,Q9UHD2,compound,protein,1
9813758,CPI,P08684,compound,protein,0
9813758,CPI,O15296,compound,protein,0
9816959,CPI,Q16637,compound,protein,0
9820008,CPI,Q15418,compound,protein,0
9820008,CPI,P00915,compound,protein,0
9821459,CPI,P08172,compound,protein,1
9821849,CPI,P05093,compound,protein,1
9823820,CPI,P17948,compound,protein,1
9823820,CPI,Q16539,compound,protein,1
9823820,CPI,O14730,compound,protein,0
9826308,CPI,O15530,compound,protein,1
9826308,CPI,P11362,compound,protein,1
9826308,CPI,P29317,compound,protein,1
9826308,CPI,P30530,compound,protein,1
9826308,CPI,P49840,compound,protein,1
9826308,CPI,P53667,compound,protein,1
9826308,CPI,Q13554,compound,protein,1
9826308,CPI,Q13627,compound,protein,1
9826308,CPI,Q8N4C8,compound,protein,1
9826308,CPI,Q8TDC3,compound,protein,1
9826308,CPI,Q9P1W9,compound,protein,1
9826308,CPI,P29376,compound,protein,0
9826528,CPI,P36507,compound,protein,1
9827968,CPI,O94925,compound,protein,0
9827968,CPI,P78368,compound,protein,0
9827968,CPI,P23280,compound,protein,0
9828429,CPI,P30291,compound,protein,0
9829523,CPI,O00750,compound,protein,1
9829523,CPI,P17252,compound,protein,1
9829523,CPI,P30291,compound,protein,1
9829523,CPI,P30530,compound,protein,1
9829523,CPI,P35590,compound,protein,1
9829523,CPI,P51817,compound,protein,1
9829523,CPI,Q12852,compound,protein,1
9829523,CPI,Q14289,compound,protein,1
9829523,CPI,Q86V86,compound,protein,1
9829523,CPI,Q9BZL6,compound,protein,1
9829523,CPI,Q9P2K8,compound,protein,1
9829523,CPI,Q9UKI8,compound,protein,1
9829523,CPI,Q9UL54,compound,protein,1
9829523,CPI,Q9Y243,compound,protein,1
9829523,CPI,Q9Y2K2,compound,protein,1
9829523,CPI,P43166,compound,protein,0
9829523,CPI,Q99700,compound,protein,0
9829523,CPI,P10636,compound,protein,0
9829523,CPI,P04150,compound,protein,0
9829523,CPI,Q13148,compound,protein,0
9830392,CPI,P18825,compound,protein,0
9832447,CPI,P17252,compound,protein,0
9838712,CPI,Q13163,compound,protein,0
9838712,CPI,Q9Y463,compound,protein,0
9839311,CPI,P43681,compound,protein,0
9841560,CPI,Q96KQ7,compound,protein,0
9841560,CPI,O75496,compound,protein,0
9841834,CPI,P14415,compound,protein,1
9841834,CPI,P30530,compound,protein,0
984333,CPI,P29350,compound,protein,0
9849616,CPI,Q2M2I8,compound,protein,0
9853053,CPI,O14757,compound,protein,0
9855081,CPI,Q08209,compound,protein,1
9860529,CPI,P30518,compound,protein,0
9862248,CPI,Q13705,compound,protein,0
9863367,CPI,O75116,compound,protein,1
9863367,CPI,P06239,compound,protein,1
9863367,CPI,P08069,compound,protein,1
9863367,CPI,P51957,compound,protein,1
9863367,CPI,Q13188,compound,protein,1
9863367,CPI,Q14012,compound,protein,1
9863367,CPI,Q9NR20,compound,protein,1
9863367,CPI,P21397,compound,protein,0
9863367,CPI,Q99683,compound,protein,0
9863367,CPI,P50613,compound,protein,0
9863672,CPI,P25929,compound,protein,0
9865515,CPI,Q9NQU5,compound,protein,0
9865554,CPI,O94782,compound,protein,0
9867642,CPI,P21731,compound,protein,1
9867642,CPI,P21917,compound,protein,1
9867642,CPI,P21918,compound,protein,0
9867642,CPI,P49759,compound,protein,0
9867812,CPI,P09917,compound,protein,0
9867812,CPI,P17252,compound,protein,0
9868037,CPI,O60674,compound,protein,0
9871074,CPI,P16083,compound,protein,1
9871074,CPI,Q15759,compound,protein,1
9871875,CPI,Q92952,compound,protein,1
9871875,CPI,P29376,compound,protein,0
9872438,CPI,Q86YV6,compound,protein,0
9874913,CPI,O00506,compound,protein,1
9874913,CPI,P04626,compound,protein,1
9874913,CPI,P06241,compound,protein,1
9874913,CPI,P19525,compound,protein,1
9874913,CPI,P51451,compound,protein,1
9874913,CPI,P54760,compound,protein,1
9874913,CPI,Q04771,compound,protein,1
9874913,CPI,Q07002,compound,protein,1
9874913,CPI,Q9UKE5,compound,protein,1
9874913,CPI,P20794,compound,protein,0
9874913,CPI,P21397,compound,protein,0
9874913,CPI,Q00532,compound,protein,0
9874913,CPI,P37231,compound,protein,0
9874913,CPI,O94782,compound,protein,0
9874913,CPI,Q13148,compound,protein,0
9874913,CPI,P41143,compound,protein,0
9880,CPI,Q99755,compound,protein,0
9880,CPI,Q8N5S9,compound,protein,0
9882580,CPI,P14770,compound,protein,0
9882979,CPI,P35367,compound,protein,1
9882979,CPI,P54756,compound,protein,0
9884685,CPI,O14730,compound,protein,1
9884685,CPI,O15264,compound,protein,1
9884685,CPI,O43283,compound,protein,1
9884685,CPI,O43318,compound,protein,1
9884685,CPI,O75460,compound,protein,1
9884685,CPI,O75747,compound,protein,1
9884685,CPI,O96017,compound,protein,1
9884685,CPI,P11802,compound,protein,1
9884685,CPI,P31152,compound,protein,1
9884685,CPI,P37173,compound,protein,1
9884685,CPI,P42679,compound,protein,1
9884685,CPI,P49759,compound,protein,1
9884685,CPI,P50613,compound,protein,1
9884685,CPI,P78356,compound,protein,1
9884685,CPI,Q06187,compound,protein,1
9884685,CPI,Q13188,compound,protein,1
9884685,CPI,Q16659,compound,protein,1
9884685,CPI,Q16832,compound,protein,1
9884685,CPI,Q5S007,compound,protein,1
9884685,CPI,Q86YV6,compound,protein,1
9884685,CPI,Q8NE63,compound,protein,1
9884685,CPI,Q8NFD2,compound,protein,1
9884685,CPI,Q8TD08,compound,protein,1
9884685,CPI,Q99640,compound,protein,1
9884685,CPI,Q9Y2U5,compound,protein,1
9884685,CPI,P11229,compound,protein,0
9884685,CPI,P27695,compound,protein,0
9884685,CPI,P84022,compound,protein,0
9884685,CPI,P43681,compound,protein,0
9884685,CPI,P08684,compound,protein,0
9884685,CPI,P54132,compound,protein,0
9884685,CPI,O15118,compound,protein,0
9888030,CPI,P11229,compound,protein,0
9888590,CPI,P35968,compound,protein,1
9893924,CPI,P18825,compound,protein,1
9893924,CPI,P32249,compound,protein,1
9893924,CPI,P50406,compound,protein,1
9893924,CPI,P25101,compound,protein,0
9893924,CPI,O14757,compound,protein,0
9903,CPI,Q9UNA4,compound,protein,1
9903,CPI,Q9H3Y6,compound,protein,0
9903,CPI,Q13164,compound,protein,0
9903757,CPI,P08922,compound,protein,0
9903786,CPI,O14920,compound,protein,1
9903786,CPI,P00533,compound,protein,0
9904,CPI,O14976,compound,protein,0
9905190,CPI,P18054,compound,protein,1
9905190,CPI,P08684,compound,protein,0
9906851,CPI,Q9H2K8,compound,protein,0
990823,CPI,Q96QE3,compound,protein,1
9910224,CPI,P24530,compound,protein,1
9910486,CPI,P21127,compound,protein,0
9911463,CPI,O43353,compound,protein,0
9911830,CPI,Q16832,compound,protein,1
9911830,CPI,O15118,compound,protein,0
9911830,CPI,P04049,compound,protein,0
9914412,CPI,P00533,compound,protein,1
9914412,CPI,P27448,compound,protein,1
9914412,CPI,P53350,compound,protein,1
9914412,CPI,Q9UPE1,compound,protein,0
9914412,CPI,O75604,compound,protein,0
9914412,CPI,P25103,compound,protein,0
9914412,CPI,P25021,compound,protein,0
9915743,CPI,O14757,compound,protein,1
9915743,CPI,O75582,compound,protein,1
9915743,CPI,P07948,compound,protein,1
9915743,CPI,P27448,compound,protein,1
9915743,CPI,P29320,compound,protein,1
9915743,CPI,P35367,compound,protein,1
9915743,CPI,P42338,compound,protein,1
9915743,CPI,P43681,compound,protein,1
9915743,CPI,P49759,compound,protein,1
9915743,CPI,P49761,compound,protein,1
9915743,CPI,P53350,compound,protein,1
9915743,CPI,Q02763,compound,protein,1
9915743,CPI,Q06187,compound,protein,1
9915743,CPI,Q13873,compound,protein,1
9915743,CPI,Q14004,compound,protein,1
9915743,CPI,Q15208,compound,protein,1
9915743,CPI,Q9H1R3,compound,protein,1
9915743,CPI,Q9Y2U5,compound,protein,1
9915743,CPI,P08183,compound,protein,0
9917079,CPI,Q13526,compound,protein,0
9918,CPI,Q99700,compound,protein,1
9924495,CPI,Q96QE3,compound,protein,0
99253,CPI,P29275,compound,protein,1
99253,CPI,Q99714,compound,protein,1
9926791,CPI,P11802,compound,protein,1
9926791,CPI,P28223,compound,protein,1
9926791,CPI,P31751,compound,protein,1
9926791,CPI,P41240,compound,protein,1
9926791,CPI,P51451,compound,protein,1
9926791,CPI,P57058,compound,protein,1
9926791,CPI,Q13233,compound,protein,1
9926791,CPI,Q15208,compound,protein,1
9926791,CPI,Q16539,compound,protein,1
9926791,CPI,Q9HC98,compound,protein,1
9926791,CPI,Q9UKI8,compound,protein,1
9926791,CPI,Q9UPZ9,compound,protein,1
9926791,CPI,P39748,compound,protein,0
9926791,CPI,O15118,compound,protein,0
9926791,CPI,P10275,compound,protein,0
9931891,CPI,Q07343,compound,protein,1
9931954,CPI,O43781,compound,protein,1
9931954,CPI,P09874,compound,protein,1
9931954,CPI,P21397,compound,protein,1
9931954,CPI,P49759,compound,protein,1
9931954,CPI,P53778,compound,protein,1
9931954,CPI,Q16644,compound,protein,1
9931954,CPI,Q9BZL6,compound,protein,1
9931954,CPI,Q9H4B4,compound,protein,1
9931954,CPI,Q8IVH8,compound,protein,0
9931954,CPI,P06239,compound,protein,0
9932888,CPI,Q03164,compound,protein,0
9933475,CPI,O60331,compound,protein,1
9933475,CPI,P07333,compound,protein,1
9933475,CPI,Q04912,compound,protein,1
9933475,CPI,Q07912,compound,protein,1
9933475,CPI,Q99755,compound,protein,1
9933475,CPI,Q9H2G2,compound,protein,1
9933475,CPI,P08173,compound,protein,0
9933475,CPI,P21452,compound,protein,0
9933475,CPI,P40225,compound,protein,0
9933475,CPI,O75604,compound,protein,0
9933475,CPI,P08913,compound,protein,0
9933475,CPI,P27695,compound,protein,0
9933475,CPI,P20309,compound,protein,0
9933475,CPI,P30556,compound,protein,0
9934347,CPI,P00533,compound,protein,1
9934347,CPI,P07949,compound,protein,1
9934347,CPI,P09619,compound,protein,1
9934347,CPI,P11362,compound,protein,1
9934347,CPI,P49137,compound,protein,1
9934347,CPI,P52333,compound,protein,1
9934347,CPI,P53667,compound,protein,1
9934347,CPI,Q00535,compound,protein,1
9934347,CPI,Q02750,compound,protein,1
9934347,CPI,Q05397,compound,protein,1
9934347,CPI,Q12851,compound,protein,1
9934347,CPI,Q9HBY8,compound,protein,1
9934347,CPI,Q9UQM7,compound,protein,1
9934347,CPI,O75460,compound,protein,0
9934347,CPI,P50406,compound,protein,0
9934347,CPI,Q15569,compound,protein,0
9934347,CPI,P35916,compound,protein,0
9935249,CPI,P08922,compound,protein,0
9935681,CPI,P08913,compound,protein,0
9941444,CPI,P14416,compound,protein,1
9941444,CPI,O75116,compound,protein,0
9941444,CPI,P43405,compound,protein,0
9941444,CPI,P53667,compound,protein,0
9941444,CPI,O75469,compound,protein,0
9949641,CPI,P29274,compound,protein,0
9952220,CPI,P14416,compound,protein,1
9952220,CPI,P21917,compound,protein,1
9952605,CPI,Q9BX84,compound,protein,0
9952709,CPI,Q9UBN7,compound,protein,0
9952773,CPI,P06213,compound,protein,1
9952773,CPI,P49840,compound,protein,1
9952773,CPI,P53667,compound,protein,1
9952773,CPI,Q96PF2,compound,protein,1
9952773,CPI,Q9NYL2,compound,protein,1
9952773,CPI,Q8WTQ7,compound,protein,0
9952773,CPI,O43318,compound,protein,0
9954280,CPI,P37231,compound,protein,1
9954280,CPI,P11802,compound,protein,0
9955,CPI,O96013,compound,protein,0
9956119,CPI,O15111,compound,protein,1
9956119,CPI,O96013,compound,protein,1
9956119,CPI,O96017,compound,protein,1
9956119,CPI,P51617,compound,protein,1
9956119,CPI,Q13976,compound,protein,1
9956119,CPI,Q14012,compound,protein,1
9956119,CPI,Q96RG2,compound,protein,1
9956119,CPI,Q9NWZ3,compound,protein,1
9956119,CPI,Q9UBS5,compound,protein,0
9956119,CPI,P21802,compound,protein,0
9956119,CPI,O43283,compound,protein,0
9956119,CPI,Q6PHR2,compound,protein,0
9956146,CPI,Q9UQ88,compound,protein,0
9956637,CPI,O43497,compound,protein,0
9956637,CPI,P10275,compound,protein,0
996,CPI,P06280,compound,protein,1
9960285,CPI,P05556,compound,protein,1
9966051,CPI,P35354,compound,protein,1
99719310,CPI,O15054,compound,protein,1
99719310,CPI,Q04771,compound,protein,0
9994677,CPI,P23975,compound,protein,1
