head,relation,tail,head_type,tail_type,label
10000456,CPI,Q14289,compound,protein,0
10022508,CPI,P54764,compound,protein,0
10026128,CPI,P08559,compound,protein,0
10029385,CPI,P49760,compound,protein,1
10029385,CPI,Q05655,compound,protein,1
10029385,CPI,Q8TDC3,compound,protein,1
10029385,CPI,Q9NR20,compound,protein,1
10029385,CPI,Q9UEE5,compound,protein,1
10029385,CPI,P19971,compound,protein,0
10029385,CPI,Q9HBW0,compound,protein,0
10029385,CPI,Q13564,compound,protein,0
10071196,CPI,P07550,compound,protein,1
10071196,CPI,P23975,compound,protein,1
10071196,CPI,P08559,compound,protein,0
10074640,CPI,O14733,compound,protein,1
10074640,CPI,O15146,compound,protein,1
10074640,CPI,P23443,compound,protein,1
10074640,CPI,P42681,compound,protein,1
10074640,CPI,P53671,compound,protein,1
10074640,CPI,Q13163,compound,protein,1
10074640,CPI,Q13177,compound,protein,1
10074640,CPI,Q13546,compound,protein,1
10074640,CPI,Q14289,compound,protein,1
10074640,CPI,Q15139,compound,protein,1
10074640,CPI,Q8IU85,compound,protein,1
10074640,CPI,Q8N5S9,compound,protein,1
10074640,CPI,Q8NG66,compound,protein,1
10074640,CPI,Q8WU08,compound,protein,1
10074640,CPI,Q9BQI3,compound,protein,1
10074640,CPI,Q9BXA7,compound,protein,1
10074640,CPI,Q9Y2U5,compound,protein,1
10074640,CPI,Q9Y6R4,compound,protein,1
10074640,CPI,P50570,compound,protein,0
10074640,CPI,Q99798,compound,protein,0
10074640,CPI,Q8TBC4,compound,protein,0
10074640,CPI,P19971,compound,protein,0
10074640,CPI,Q96K76,compound,protein,0
10074640,CPI,Q15077,compound,protein,0
10074640,CPI,Q15910,compound,protein,0
10074640,CPI,P17936,compound,protein,0
10074640,CPI,P61278,compound,protein,0
10074640,CPI,Q16621,compound,protein,0
10074640,CPI,Q9NYP7,compound,protein,0
10074640,CPI,P09086,compound,protein,0
10074640,CPI,P53004,compound,protein,0
10077130,CPI,P05198,compound,protein,0
10077130,CPI,P16473,compound,protein,0
10090485,CPI,P61812,compound,protein,1
10090485,CPI,Q92633,compound,protein,0
10096344,CPI,P21397,compound,protein,1
10109823,CPI,P45983,compound,protein,1
10109823,CPI,Q16539,compound,protein,1
10113978,CPI,O75716,compound,protein,1
10113978,CPI,O95382,compound,protein,1
10113978,CPI,P21127,compound,protein,1
10113978,CPI,P28482,compound,protein,1
10113978,CPI,P33981,compound,protein,1
10113978,CPI,P34947,compound,protein,1
10113978,CPI,P48730,compound,protein,1
10113978,CPI,P54756,compound,protein,1
10113978,CPI,Q14004,compound,protein,1
10113978,CPI,Q16566,compound,protein,1
10113978,CPI,Q52WX2,compound,protein,1
10113978,CPI,Q6XUX3,compound,protein,1
10113978,CPI,Q86V86,compound,protein,1
10113978,CPI,Q96Q40,compound,protein,1
10113978,CPI,Q99683,compound,protein,1
10113978,CPI,Q9H2X6,compound,protein,1
10113978,CPI,Q92887,compound,protein,0
10113978,CPI,P31040,compound,protein,0
10113978,CPI,O00754,compound,protein,0
10113978,CPI,Q96K76,compound,protein,0
10113978,CPI,Q9Y4U1,compound,protein,0
10113978,CPI,Q16864,compound,protein,0
10113978,CPI,P28838,compound,protein,0
10113978,CPI,P18848,compound,protein,0
10113978,CPI,Q04756,compound,protein,0
10113978,CPI,Q9UBX1,compound,protein,0
10113978,CPI,Q7Z5B4,compound,protein,0
10127622,CPI,O00506,compound,protein,1
10127622,CPI,O15264,compound,protein,1
10127622,CPI,P31749,compound,protein,1
10127622,CPI,Q12852,compound,protein,1
10127622,CPI,Q13546,compound,protein,1
10127622,CPI,Q15569,compound,protein,1
10127622,CPI,Q16620,compound,protein,1
10127622,CPI,Q5VT25,compound,protein,1
10127622,CPI,Q8IW41,compound,protein,1
10127622,CPI,Q96RR4,compound,protein,1
10127622,CPI,Q9H1R3,compound,protein,1
10127622,CPI,Q9P2K8,compound,protein,1
10127622,CPI,Q96K76,compound,protein,0
10127622,CPI,Q86U44,compound,protein,0
10127622,CPI,P27482,compound,protein,0
10127622,CPI,O75355,compound,protein,0
10127622,CPI,P0DJD9,compound,protein,0
10127622,CPI,Q9Y266,compound,protein,0
10127622,CPI,P15104,compound,protein,0
10127622,CPI,Q14697,compound,protein,0
10131112,CPI,Q9UKM7,compound,protein,0
10133,CPI,Q8TDU6,compound,protein,1
10133,CPI,Q8IWU5,compound,protein,0
10135759,CPI,Q9HBW0,compound,protein,0
10152654,CPI,P25774,compound,protein,1
10154,CPI,Q96NX5,compound,protein,0
10158940,CPI,P10275,compound,protein,0
10168,CPI,Q9Y2I7,compound,protein,0
10172943,CPI,O75496,compound,protein,1
10172943,CPI,P61925,compound,protein,1
10172943,CPI,P08559,compound,protein,0
10173949,CPI,P04049,compound,protein,1
10173949,CPI,P36888,compound,protein,1
1017704,CPI,Q9NR56,compound,protein,1
10184653,CPI,P18089,compound,protein,1
10184653,CPI,P31749,compound,protein,1
10184653,CPI,P49760,compound,protein,1
10184653,CPI,P53671,compound,protein,1
10184653,CPI,Q13163,compound,protein,1
10184653,CPI,Q14289,compound,protein,1
10184653,CPI,Q15569,compound,protein,1
10184653,CPI,Q16539,compound,protein,1
10184653,CPI,Q86UX6,compound,protein,1
10184653,CPI,Q8TDR2,compound,protein,1
10184653,CPI,Q8TDX7,compound,protein,1
10184653,CPI,Q92918,compound,protein,1
10184653,CPI,Q9BYT3,compound,protein,1
10184653,CPI,Q9H093,compound,protein,1
10184653,CPI,Q9UEE5,compound,protein,1
10184653,CPI,P27482,compound,protein,0
10184653,CPI,A0AVT1,compound,protein,0
10184653,CPI,Q8TBC4,compound,protein,0
10184653,CPI,O00482,compound,protein,0
10184653,CPI,P22102,compound,protein,0
10184653,CPI,Q96A05,compound,protein,0
10200390,CPI,P48730,compound,protein,1
10200390,CPI,P49840,compound,protein,1
10200390,CPI,P32754,compound,protein,0
10200390,CPI,Q14623,compound,protein,0
10200390,CPI,P06733,compound,protein,0
10200390,CPI,O60894,compound,protein,0
10200390,CPI,Q15119,compound,protein,0
10200390,CPI,Q9Y275,compound,protein,0
10200390,CPI,P16066,compound,protein,0
10205,CPI,Q09472,compound,protein,1
10205,CPI,P10600,compound,protein,0
10206,CPI,P05177,compound,protein,0
10208,CPI,O60894,compound,protein,0
102175,CPI,Q02224,compound,protein,0
10219,CPI,P29459,compound,protein,0
10223146,CPI,P21453,compound,protein,1
10223146,CPI,Q9H228,compound,protein,1
10224714,CPI,P10632,compound,protein,0
10224714,CPI,P10828,compound,protein,0
102614,CPI,Q15119,compound,protein,0
10265481,CPI,Q9NRH2,compound,protein,0
10275789,CPI,Q9HBW0,compound,protein,0
10275789,CPI,Q9UKM7,compound,protein,0
10294813,CPI,Q08345,compound,protein,0
10295295,CPI,P11712,compound,protein,0
10295295,CPI,P05177,compound,protein,0
10296883,CPI,P27448,compound,protein,1
10296883,CPI,P41743,compound,protein,1
10296883,CPI,P49336,compound,protein,1
10296883,CPI,Q05513,compound,protein,1
10296883,CPI,Q86V86,compound,protein,1
10296883,CPI,Q9HBY8,compound,protein,1
10296883,CPI,A0AVT1,compound,protein,0
10296883,CPI,P02788,compound,protein,0
10297043,CPI,Q9Y6R4,compound,protein,1
10297043,CPI,P49961,compound,protein,0
10302451,CPI,P07948,compound,protein,1
10302451,CPI,P09769,compound,protein,1
10302451,CPI,P12931,compound,protein,1
10302451,CPI,P11597,compound,protein,0
10302451,CPI,P27482,compound,protein,0
10313,CPI,P54803,compound,protein,1
10322450,CPI,Q7L7X3,compound,protein,0
10341154,CPI,O94806,compound,protein,1
10341154,CPI,Q99798,compound,protein,0
10343454,CPI,Q05655,compound,protein,0
10343454,CPI,O96017,compound,protein,0
10366136,CPI,P51686,compound,protein,0
10366136,CPI,P61421,compound,protein,0
10366136,CPI,Q9HBH9,compound,protein,0
10367662,CPI,P47901,compound,protein,0
10370504,CPI,Q96NX5,compound,protein,0
10370504,CPI,Q13148,compound,protein,0
10377751,CPI,Q92843,compound,protein,0
10385095,CPI,Q5QJU3,compound,protein,0
10407195,CPI,Q99549,compound,protein,0
10427712,CPI,O95382,compound,protein,1
10427712,CPI,P11309,compound,protein,1
10427712,CPI,P32298,compound,protein,1
10427712,CPI,P48730,compound,protein,1
10427712,CPI,P53671,compound,protein,1
10427712,CPI,P78368,compound,protein,1
10427712,CPI,Q04912,compound,protein,1
10427712,CPI,Q06187,compound,protein,1
10427712,CPI,Q32MK0,compound,protein,1
10427712,CPI,Q92630,compound,protein,1
10427712,CPI,Q9BYT3,compound,protein,1
10427712,CPI,Q9H4B4,compound,protein,1
10427712,CPI,P41252,compound,protein,0
10427712,CPI,P0CG30,compound,protein,0
10427712,CPI,Q9ULC6,compound,protein,0
10427712,CPI,Q9Y5R2,compound,protein,0
10427712,CPI,P34932,compound,protein,0
10427712,CPI,Q9NR22,compound,protein,0
10427712,CPI,Q9UL51,compound,protein,0
10427712,CPI,Q00722,compound,protein,0
10427712,CPI,Q9UIG8,compound,protein,0
10427712,CPI,Q6GMR7,compound,protein,0
10427712,CPI,Q96SD1,compound,protein,0
10427712,CPI,P30556,compound,protein,0
10429242,CPI,P01308,compound,protein,1
10436840,CPI,P31749,compound,protein,1
10453870,CPI,P39877,compound,protein,0
1046,CPI,P21917,compound,protein,1
1046,CPI,Q03181,compound,protein,1
10461815,CPI,O60285,compound,protein,1
10461815,CPI,O75582,compound,protein,1
10461815,CPI,P09619,compound,protein,1
10461815,CPI,P11309,compound,protein,1
10461815,CPI,P11362,compound,protein,1
10461815,CPI,P48730,compound,protein,1
10461815,CPI,P49137,compound,protein,1
10461815,CPI,P50613,compound,protein,1
10461815,CPI,P51813,compound,protein,1
10461815,CPI,Q16288,compound,protein,1
10461815,CPI,Q8NE63,compound,protein,1
10461815,CPI,Q8TDX7,compound,protein,1
10461815,CPI,Q9H4B4,compound,protein,1
10461815,CPI,P12235,compound,protein,0
10461815,CPI,P33260,compound,protein,0
10461815,CPI,P80098,compound,protein,0
10461815,CPI,P23469,compound,protein,0
10461815,CPI,Q86W10,compound,protein,0
10461815,CPI,Q15120,compound,protein,0
104758,CPI,Q96KQ7,compound,protein,1
104845,CPI,P14867,compound,protein,1
104845,CPI,P30838,compound,protein,0
104850,CPI,P21554,compound,protein,1
104850,CPI,Q12809,compound,protein,1
104850,CPI,P43003,compound,protein,0
104865,CPI,P07384,compound,protein,0
104999,CPI,P48169,compound,protein,1
104999,CPI,P00352,compound,protein,0
10521421,CPI,P11309,compound,protein,1
10531,CPI,P08684,compound,protein,1
10531,CPI,P08908,compound,protein,1
10531,CPI,P14416,compound,protein,1
10531,CPI,Q13639,compound,protein,1
10531,CPI,Q01344,compound,protein,0
10607,CPI,P02545,compound,protein,1
10607,CPI,P08684,compound,protein,1
10607,CPI,Q02880,compound,protein,1
10607,CPI,Q8N543,compound,protein,0
10607,CPI,P30085,compound,protein,0
10621,CPI,Q9NUW8,compound,protein,1
10621,CPI,Q9UQB9,compound,protein,0
10633,CPI,Q13490,compound,protein,0
10660,CPI,Q01959,compound,protein,1
10742,CPI,Q92835,compound,protein,0
10742,CPI,P16066,compound,protein,0
10742,CPI,P36543,compound,protein,0
10748,CPI,P56817,compound,protein,0
1075698,CPI,P51159,compound,protein,0
1075883,CPI,P04062,compound,protein,1
1075883,CPI,P80075,compound,protein,0
10767,CPI,Q8NHE4,compound,protein,0
10767,CPI,Q9UBN7,compound,protein,0
107704,CPI,P05177,compound,protein,1
107715,CPI,P13945,compound,protein,1
107715,CPI,P23443,compound,protein,0
107780,CPI,P14416,compound,protein,1
107780,CPI,Q9UBR2,compound,protein,0
107780,CPI,O43915,compound,protein,0
107838,CPI,Q9NUW8,compound,protein,0
107905,CPI,P53609,compound,protein,0
107905,CPI,P07355,compound,protein,0
107905,CPI,P12931,compound,protein,0
107926,CPI,P47869,compound,protein,1
107967,CPI,P25103,compound,protein,1
107970,CPI,Q99500,compound,protein,1
107970,CPI,Q15743,compound,protein,0
107970,CPI,Q9NUW8,compound,protein,0
107985,CPI,P51151,compound,protein,1
107992,CPI,P08908,compound,protein,1
107992,CPI,P33261,compound,protein,1
107992,CPI,Q96CA5,compound,protein,0
107992,CPI,P19838,compound,protein,0
108001,CPI,Q8TDC3,compound,protein,0
108029,CPI,P08588,compound,protein,0
1080352,CPI,P35498,compound,protein,0
108046,CPI,P08908,compound,protein,1
108107,CPI,Q9Y5X9,compound,protein,0
10831,CPI,P07550,compound,protein,1
10831,CPI,P28223,compound,protein,1
10831,CPI,P48066,compound,protein,0
10831,CPI,Q13219,compound,protein,0
1088438,CPI,P10828,compound,protein,0
1090779,CPI,P78362,compound,protein,0
10947895,CPI,P28222,compound,protein,1
10947895,CPI,O95551,compound,protein,0
10947895,CPI,P35222,compound,protein,0
11003969,CPI,O00408,compound,protein,1
1102,CPI,P00918,compound,protein,1
1102,CPI,O43184,compound,protein,0
11052,CPI,P10721,compound,protein,0
110634,CPI,Q13370,compound,protein,1
110634,CPI,P27449,compound,protein,0
110635,CPI,O76083,compound,protein,1
110635,CPI,P07814,compound,protein,0
110635,CPI,P40429,compound,protein,0
11152667,CPI,Q13163,compound,protein,1
11152667,CPI,Q8NHE4,compound,protein,0
11152667,CPI,O95670,compound,protein,0
11152667,CPI,Q93050,compound,protein,0
11152667,CPI,Q07075,compound,protein,0
11154555,CPI,P49765,compound,protein,0
11167602,CPI,O43353,compound,protein,1
11167602,CPI,Q01959,compound,protein,1
11167602,CPI,P49721,compound,protein,0
11175137,CPI,P01023,compound,protein,0
11180808,CPI,P05556,compound,protein,0
11192346,CPI,Q06187,compound,protein,0
11201035,CPI,Q92731,compound,protein,1
11201035,CPI,P28223,compound,protein,0
11201035,CPI,Q92918,compound,protein,0
11207937,CPI,P21127,compound,protein,0
11213558,CPI,O00329,compound,protein,1
11213558,CPI,O14730,compound,protein,1
11213558,CPI,O43318,compound,protein,1
11213558,CPI,P07949,compound,protein,1
11213558,CPI,P12931,compound,protein,1
11213558,CPI,P14616,compound,protein,1
11213558,CPI,P21802,compound,protein,1
11213558,CPI,P32298,compound,protein,1
11213558,CPI,P35580,compound,protein,1
11213558,CPI,P41743,compound,protein,1
11213558,CPI,P42336,compound,protein,1
11213558,CPI,P42345,compound,protein,1
11213558,CPI,P51955,compound,protein,1
11213558,CPI,P52564,compound,protein,1
11213558,CPI,Q13237,compound,protein,1
11213558,CPI,Q5VT25,compound,protein,1
11213558,CPI,Q86V86,compound,protein,1
11213558,CPI,Q96PY6,compound,protein,1
11213558,CPI,Q9BWU1,compound,protein,1
11213558,CPI,Q9HCP0,compound,protein,1
11213558,CPI,Q9NY57,compound,protein,1
11213558,CPI,Q9Y6R4,compound,protein,1
11213558,CPI,Q14697,compound,protein,0
11213558,CPI,P03952,compound,protein,0
11213558,CPI,Q9UGM6,compound,protein,0
11213558,CPI,O43708,compound,protein,0
11213558,CPI,P49768,compound,protein,0
11213558,CPI,P08243,compound,protein,0
11213558,CPI,P49721,compound,protein,0
11213558,CPI,P30532,compound,protein,0
11213558,CPI,P08151,compound,protein,0
11213558,CPI,Q9UH92,compound,protein,0
11213558,CPI,P31350,compound,protein,0
11213558,CPI,O75311,compound,protein,0
11213558,CPI,P50591,compound,protein,0
11213558,CPI,P42263,compound,protein,0
11222830,CPI,P45974,compound,protein,1
11226090,CPI,P08684,compound,protein,1
11226090,CPI,P78540,compound,protein,0
11234049,CPI,P21397,compound,protein,1
11234052,CPI,P04629,compound,protein,1
11234052,CPI,P27448,compound,protein,1
11234052,CPI,P49840,compound,protein,1
11234052,CPI,P51812,compound,protein,1
11234052,CPI,P51817,compound,protein,1
11234052,CPI,P51955,compound,protein,1
11234052,CPI,Q05397,compound,protein,1
11234052,CPI,Q13557,compound,protein,1
11234052,CPI,Q16288,compound,protein,1
11234052,CPI,Q2M2I8,compound,protein,1
11234052,CPI,Q6XUX3,compound,protein,1
11234052,CPI,Q8N752,compound,protein,1
11234052,CPI,Q8TD08,compound,protein,1
11234052,CPI,Q9H4B4,compound,protein,1
11234052,CPI,Q9HCP0,compound,protein,1
11234052,CPI,Q9UKI8,compound,protein,1
11234052,CPI,P46721,compound,protein,0
11234052,CPI,Q99757,compound,protein,0
11234052,CPI,Q7RTT9,compound,protein,0
11234052,CPI,Q9NRE1,compound,protein,0
11234052,CPI,P62955,compound,protein,0
11234052,CPI,Q86X55,compound,protein,0
11234052,CPI,Q7RTR8,compound,protein,0
11234052,CPI,P00748,compound,protein,0
11234052,CPI,P16112,compound,protein,0
11234052,CPI,P22760,compound,protein,0
11234052,CPI,O14672,compound,protein,0
11234052,CPI,P15144,compound,protein,0
11234052,CPI,O95696,compound,protein,0
11238147,CPI,Q9HAB3,compound,protein,0
11243969,CPI,P49760,compound,protein,0
11243969,CPI,P29466,compound,protein,0
11256587,CPI,P08684,compound,protein,1
11256587,CPI,Q9BPZ7,compound,protein,0
11272107,CPI,Q8WTQ7,compound,protein,0
11289,CPI,P03372,compound,protein,1
11289,CPI,P20248,compound,protein,0
11292191,CPI,O00142,compound,protein,0
11292680,CPI,P13073,compound,protein,0
11296583,CPI,P21731,compound,protein,1
11296583,CPI,P27695,compound,protein,0
11338033,CPI,O43283,compound,protein,1
11338033,CPI,O43318,compound,protein,1
11338033,CPI,P14616,compound,protein,1
11338033,CPI,P16234,compound,protein,1
11338033,CPI,P21709,compound,protein,1
11338033,CPI,P28482,compound,protein,1
11338033,CPI,P53667,compound,protein,1
11338033,CPI,Q04759,compound,protein,1
11338033,CPI,Q13976,compound,protein,1
11338033,CPI,Q16513,compound,protein,1
11338033,CPI,Q5S007,compound,protein,1
11338033,CPI,Q7L7X3,compound,protein,1
11338033,CPI,Q8IVW4,compound,protein,1
11338033,CPI,Q8IY84,compound,protein,1
11338033,CPI,Q9H0K1,compound,protein,1
11338033,CPI,Q9H3Y6,compound,protein,1
11338033,CPI,Q9NY57,compound,protein,1
11338033,CPI,O43837,compound,protein,0
11338033,CPI,P13637,compound,protein,0
11338033,CPI,P08243,compound,protein,0
11338033,CPI,Q7RTR8,compound,protein,0
11338033,CPI,P31785,compound,protein,0
11338033,CPI,Q9NPH2,compound,protein,0
11338033,CPI,O95153,compound,protein,0
11351968,CPI,Q99572,compound,protein,1
11351968,CPI,P08908,compound,protein,0
11360300,CPI,P17931,compound,protein,0
11360300,CPI,Q13464,compound,protein,0
11364421,CPI,O14733,compound,protein,1
11364421,CPI,O15111,compound,protein,1
11364421,CPI,O96013,compound,protein,1
11364421,CPI,P08581,compound,protein,1
11364421,CPI,P31152,compound,protein,1
11364421,CPI,P49760,compound,protein,1
11364421,CPI,P51955,compound,protein,1
11364421,CPI,Q13470,compound,protein,1
11364421,CPI,Q13555,compound,protein,1
11364421,CPI,Q14680,compound,protein,1
11364421,CPI,Q15569,compound,protein,1
11364421,CPI,Q86Y07,compound,protein,1
11364421,CPI,Q8TD08,compound,protein,1
11364421,CPI,Q9H2K8,compound,protein,1
11364421,CPI,Q9NY57,compound,protein,1
11364421,CPI,Q04637,compound,protein,0
11364421,CPI,P20674,compound,protein,0
11364421,CPI,Q9NYW7,compound,protein,0
11364421,CPI,Q8N159,compound,protein,0
11364421,CPI,Q9Y5K3,compound,protein,0
11364421,CPI,P14410,compound,protein,0
11364421,CPI,O60911,compound,protein,0
11364421,CPI,P21730,compound,protein,0
11364421,CPI,Q9BUL5,compound,protein,0
11364421,CPI,P53582,compound,protein,0
11373846,CPI,Q6W5P4,compound,protein,0
11395181,CPI,Q96KQ7,compound,protein,0
11427553,CPI,O15146,compound,protein,1
11427553,CPI,O15264,compound,protein,1
11427553,CPI,P00519,compound,protein,1
11427553,CPI,P04629,compound,protein,1
11427553,CPI,P06239,compound,protein,1
11427553,CPI,P07332,compound,protein,1
11427553,CPI,P29317,compound,protein,1
11427553,CPI,P42345,compound,protein,1
11427553,CPI,P53671,compound,protein,1
11427553,CPI,P78368,compound,protein,1
11427553,CPI,Q08345,compound,protein,1
11427553,CPI,Q6XUX3,compound,protein,1
11427553,CPI,Q86UE8,compound,protein,1
11427553,CPI,Q8IVW4,compound,protein,1
11427553,CPI,Q8IW41,compound,protein,1
11427553,CPI,Q8N752,compound,protein,1
11427553,CPI,Q8NI60,compound,protein,1
11427553,CPI,Q9BQI3,compound,protein,1
11427553,CPI,Q9BRS2,compound,protein,1
11427553,CPI,Q9C098,compound,protein,1
11427553,CPI,Q9NWZ3,compound,protein,1
11427553,CPI,Q16621,compound,protein,0
11427553,CPI,O00244,compound,protein,0
11427553,CPI,Q6FHJ7,compound,protein,0
11427553,CPI,Q13510,compound,protein,0
11427553,CPI,Q460N3,compound,protein,0
11427553,CPI,P59540,compound,protein,0
11427553,CPI,P23416,compound,protein,0
11427553,CPI,Q6ZQW0,compound,protein,0
11427553,CPI,P16885,compound,protein,0
11427553,CPI,O60911,compound,protein,0
11427553,CPI,Q16769,compound,protein,0
11427553,CPI,Q13219,compound,protein,0
11427553,CPI,P19634,compound,protein,0
11434515,CPI,P17752,compound,protein,0
11434515,CPI,Q16637,compound,protein,0
11442891,CPI,O94804,compound,protein,1
11442891,CPI,P17252,compound,protein,1
11442891,CPI,Q07912,compound,protein,1
11442891,CPI,Q96GD4,compound,protein,1
11442891,CPI,O43252,compound,protein,0
11442891,CPI,P35573,compound,protein,0
11442891,CPI,P14410,compound,protein,0
11442891,CPI,P05023,compound,protein,0
11450633,CPI,P08908,compound,protein,1
11450633,CPI,P18089,compound,protein,1
11450633,CPI,P33261,compound,protein,1
11450633,CPI,Q14524,compound,protein,0
11450633,CPI,P10586,compound,protein,0
114750,CPI,P14625,compound,protein,0
114750,CPI,P35968,compound,protein,0
11476171,CPI,Q16539,compound,protein,1
11476171,CPI,P56696,compound,protein,0
1148,CPI,Q13490,compound,protein,0
1148,CPI,Q92630,compound,protein,0
11485656,CPI,O75460,compound,protein,1
11485656,CPI,P00519,compound,protein,1
11485656,CPI,P12931,compound,protein,1
11485656,CPI,P16591,compound,protein,1
11485656,CPI,P51957,compound,protein,1
11485656,CPI,P54760,compound,protein,1
11485656,CPI,P68400,compound,protein,1
11485656,CPI,Q00537,compound,protein,1
11485656,CPI,Q13555,compound,protein,1
11485656,CPI,Q15746,compound,protein,1
11485656,CPI,Q16566,compound,protein,1
11485656,CPI,Q92918,compound,protein,1
11485656,CPI,Q96KB5,compound,protein,1
11485656,CPI,Q9H093,compound,protein,1
11485656,CPI,Q9H4B4,compound,protein,1
11485656,CPI,O15375,compound,protein,0
11485656,CPI,P52597,compound,protein,0
11485656,CPI,P10515,compound,protein,0
11485656,CPI,Q01344,compound,protein,0
11485656,CPI,P48449,compound,protein,0
11485656,CPI,Q96CA5,compound,protein,0
11488320,CPI,P05177,compound,protein,1
11488320,CPI,P29317,compound,protein,1
11488320,CPI,Q9NSA0,compound,protein,0
11488320,CPI,O00337,compound,protein,0
11488320,CPI,P49019,compound,protein,0
114924,CPI,P04035,compound,protein,0
11497983,CPI,P09619,compound,protein,1
11497983,CPI,P16234,compound,protein,1
11497983,CPI,Q00535,compound,protein,1
11497983,CPI,Q02750,compound,protein,1
11497983,CPI,Q16864,compound,protein,0
11497983,CPI,P13639,compound,protein,0
11503972,CPI,P14618,compound,protein,0
11507802,CPI,Q9UBF8,compound,protein,0
1150897,CPI,P53779,compound,protein,0
1150897,CPI,P25103,compound,protein,0
11511120,CPI,P12931,compound,protein,1
11511120,CPI,P40429,compound,protein,0
11524144,CPI,Q15418,compound,protein,1
11527152,CPI,P05023,compound,protein,1
11531745,CPI,P49765,compound,protein,0
11531745,CPI,Q12809,compound,protein,0
11538455,CPI,Q9NRC8,compound,protein,1
11552706,CPI,O95263,compound,protein,0
11581936,CPI,Q9Y233,compound,protein,1
11581936,CPI,P08575,compound,protein,0
11597537,CPI,P28482,compound,protein,1
11597537,CPI,P00352,compound,protein,0
11617559,CPI,O14976,compound,protein,1
11617559,CPI,P07948,compound,protein,1
11617559,CPI,P0C1S8,compound,protein,1
11617559,CPI,P14616,compound,protein,1
11617559,CPI,P45985,compound,protein,1
11617559,CPI,Q5VT25,compound,protein,1
11617559,CPI,Q8WU08,compound,protein,1
11617559,CPI,Q96RR4,compound,protein,1
11617559,CPI,Q9H1R3,compound,protein,1
11617559,CPI,Q9UIK4,compound,protein,1
11617559,CPI,P18850,compound,protein,0
11617559,CPI,Q92990,compound,protein,0
11617559,CPI,Q99829,compound,protein,0
11617559,CPI,Q9UI32,compound,protein,0
11617559,CPI,P00492,compound,protein,0
11617559,CPI,P01100,compound,protein,0
11617559,CPI,Q9Y2K7,compound,protein,0
11617559,CPI,Q03393,compound,protein,0
11620908,CPI,Q05397,compound,protein,1
11620908,CPI,Q13163,compound,protein,1
11622909,CPI,Q13224,compound,protein,1
11622909,CPI,P33261,compound,protein,0
11625818,CPI,Q99259,compound,protein,0
11626560,CPI,O15357,compound,protein,1
11626560,CPI,O60285,compound,protein,1
11626560,CPI,O75460,compound,protein,1
11626560,CPI,O75914,compound,protein,1
11626560,CPI,P52564,compound,protein,1
11626560,CPI,Q02750,compound,protein,1
11626560,CPI,Q04912,compound,protein,1
11626560,CPI,Q15046,compound,protein,1
11626560,CPI,Q15375,compound,protein,1
11626560,CPI,Q15569,compound,protein,1
11626560,CPI,Q86UX6,compound,protein,1
11626560,CPI,Q86V86,compound,protein,1
11626560,CPI,Q9NWT8,compound,protein,1
11626560,CPI,Q9UEW8,compound,protein,1
11626560,CPI,Q9Y3Q4,compound,protein,0
11626560,CPI,Q07864,compound,protein,0
11626560,CPI,P53985,compound,protein,0
11626560,CPI,Q9NR28,compound,protein,0
11626560,CPI,P09238,compound,protein,0
11626560,CPI,P27348,compound,protein,0
11626560,CPI,O95665,compound,protein,0
11626560,CPI,O14735,compound,protein,0
11626560,CPI,P28329,compound,protein,0
11626560,CPI,P55201,compound,protein,0
11626927,CPI,Q9UH92,compound,protein,0
11631681,CPI,P54753,compound,protein,1
11631681,CPI,Q96GD4,compound,protein,1
11631681,CPI,P48637,compound,protein,0
11631681,CPI,Q92542,compound,protein,0
11634725,CPI,P04350,compound,protein,0
11640390,CPI,Q12851,compound,protein,1
11644425,CPI,P42345,compound,protein,1
11646823,CPI,P41594,compound,protein,1
11654378,CPI,P46098,compound,protein,0
11656518,CPI,O14733,compound,protein,1
11656518,CPI,P08922,compound,protein,1
11656518,CPI,P32298,compound,protein,1
11656518,CPI,P49674,compound,protein,1
11656518,CPI,P53779,compound,protein,1
11656518,CPI,Q12852,compound,protein,1
11656518,CPI,Q13705,compound,protein,1
11656518,CPI,Q14164,compound,protein,1
11656518,CPI,Q8IVW4,compound,protein,1
11656518,CPI,Q8IYT8,compound,protein,1
11656518,CPI,Q96GD4,compound,protein,1
11656518,CPI,Q96Q40,compound,protein,1
11656518,CPI,Q9UKE5,compound,protein,1
11656518,CPI,Q9P296,compound,protein,0
11656518,CPI,O43148,compound,protein,0
11656518,CPI,O60911,compound,protein,0
11656518,CPI,P03952,compound,protein,0
11656518,CPI,P09238,compound,protein,0
11656518,CPI,Q9P0U3,compound,protein,0
11656518,CPI,P10515,compound,protein,0
11656518,CPI,Q9NWT6,compound,protein,0
11656518,CPI,P17174,compound,protein,0
11656518,CPI,P11150,compound,protein,0
11656518,CPI,O00341,compound,protein,0
11656518,CPI,Q12830,compound,protein,0
11656518,CPI,Q9NR82,compound,protein,0
11656518,CPI,P29033,compound,protein,0
11658860,CPI,P28335,compound,protein,1
11667893,CPI,O00329,compound,protein,1
11667893,CPI,O75676,compound,protein,1
11667893,CPI,P07332,compound,protein,1
11667893,CPI,P08922,compound,protein,1
11667893,CPI,P29597,compound,protein,1
11667893,CPI,P49760,compound,protein,1
11667893,CPI,P51817,compound,protein,1
11667893,CPI,Q16620,compound,protein,1
11667893,CPI,Q6ZN16,compound,protein,1
11667893,CPI,Q8IU85,compound,protein,1
11667893,CPI,Q8TBX8,compound,protein,1
11667893,CPI,Q92918,compound,protein,1
11667893,CPI,Q7Z3E1,compound,protein,0
11667893,CPI,P06307,compound,protein,0
11667893,CPI,P61313,compound,protein,0
11667893,CPI,P55809,compound,protein,0
11667893,CPI,O60882,compound,protein,0
11667893,CPI,P23381,compound,protein,0
11667893,CPI,O43463,compound,protein,0
11667893,CPI,P17787,compound,protein,0
11667893,CPI,Q15111,compound,protein,0
11667893,CPI,Q9UNI1,compound,protein,0
11667893,CPI,P49795,compound,protein,0
11676786,CPI,P07947,compound,protein,1
11676786,CPI,P51161,compound,protein,0
11676786,CPI,Q9NR96,compound,protein,0
11687907,CPI,Q14004,compound,protein,0
11689583,CPI,P0DMS8,compound,protein,1
11703255,CPI,P51161,compound,protein,0
11712649,CPI,O60285,compound,protein,1
11712649,CPI,O96013,compound,protein,1
11712649,CPI,P00519,compound,protein,1
11712649,CPI,P04626,compound,protein,1
11712649,CPI,P10721,compound,protein,1
11712649,CPI,P20794,compound,protein,1
11712649,CPI,P31751,compound,protein,1
11712649,CPI,P42681,compound,protein,1
11712649,CPI,P49840,compound,protein,1
11712649,CPI,P53671,compound,protein,1
11712649,CPI,Q05513,compound,protein,1
11712649,CPI,Q08881,compound,protein,1
11712649,CPI,Q13153,compound,protein,1
11712649,CPI,Q96Q40,compound,protein,1
11712649,CPI,Q9HBY8,compound,protein,1
11712649,CPI,Q9P289,compound,protein,1
11712649,CPI,O95870,compound,protein,0
11712649,CPI,P00742,compound,protein,0
11712649,CPI,Q9NYW0,compound,protein,0
11712649,CPI,P17302,compound,protein,0
11712649,CPI,P55011,compound,protein,0
11712649,CPI,Q14914,compound,protein,0
11712649,CPI,Q13885,compound,protein,0
11712649,CPI,Q92598,compound,protein,0
11712649,CPI,P08151,compound,protein,0
11712649,CPI,P61313,compound,protein,0
11712649,CPI,Q2M3G0,compound,protein,0
11712649,CPI,P34932,compound,protein,0
11712649,CPI,P05026,compound,protein,0
11712649,CPI,P00492,compound,protein,0
11712649,CPI,O95298,compound,protein,0
11712649,CPI,Q8N5Z0,compound,protein,0
11712649,CPI,Q13422,compound,protein,0
11713159,CPI,P06241,compound,protein,1
11713159,CPI,P49840,compound,protein,1
11713159,CPI,Q04912,compound,protein,1
11713159,CPI,Q06187,compound,protein,1
11713159,CPI,Q16513,compound,protein,1
11713159,CPI,Q7L7X3,compound,protein,1
11713159,CPI,Q9H2J7,compound,protein,0
11713159,CPI,O00180,compound,protein,0
11713159,CPI,P48147,compound,protein,0
11713159,CPI,P38606,compound,protein,0
11713159,CPI,Q15878,compound,protein,0
11713159,CPI,P09210,compound,protein,0
11713159,CPI,Q9NYB5,compound,protein,0
11713159,CPI,P10619,compound,protein,0
11715767,CPI,P05129,compound,protein,1
11715767,CPI,P34947,compound,protein,1
11715767,CPI,P51817,compound,protein,1
11715767,CPI,Q05513,compound,protein,1
11715767,CPI,Q13557,compound,protein,1
11715767,CPI,Q6ZQN7,compound,protein,0
11715767,CPI,Q9UBB5,compound,protein,0
11715767,CPI,P27348,compound,protein,0
11715767,CPI,P05362,compound,protein,0
11715767,CPI,Q04637,compound,protein,0
11717001,CPI,O00750,compound,protein,1
11717001,CPI,P08581,compound,protein,1
11717001,CPI,P42681,compound,protein,1
11717001,CPI,P49336,compound,protein,1
11717001,CPI,P49840,compound,protein,1
11717001,CPI,Q04759,compound,protein,1
11717001,CPI,Q13546,compound,protein,1
11717001,CPI,Q99640,compound,protein,1
11717001,CPI,Q05923,compound,protein,0
11717001,CPI,P49366,compound,protein,0
11717001,CPI,P48145,compound,protein,0
11717001,CPI,Q8TDD5,compound,protein,0
11717001,CPI,Q9Y698,compound,protein,0
11717001,CPI,P36956,compound,protein,0
11717001,CPI,P04271,compound,protein,0
11717001,CPI,P39023,compound,protein,0
11717001,CPI,P54829,compound,protein,0
11771279,CPI,Q9H4B7,compound,protein,0
11773081,CPI,P51686,compound,protein,0
11773081,CPI,P23975,compound,protein,0
11831,CPI,Q14004,compound,protein,0
11842604,CPI,Q9UEE5,compound,protein,0
11844351,CPI,P01023,compound,protein,0
11844351,CPI,P29376,compound,protein,0
11862,CPI,O43283,compound,protein,0
11865433,CPI,Q9H8P0,compound,protein,1
11875278,CPI,O75469,compound,protein,0
119,CPI,A8MPY1,compound,protein,1
119,CPI,P02545,compound,protein,1
119,CPI,Q93096,compound,protein,0
119031,CPI,Q9ULZ9,compound,protein,1
119031,CPI,P13073,compound,protein,0
119031,CPI,P31350,compound,protein,0
119034,CPI,P18089,compound,protein,0
119053,CPI,P22303,compound,protein,1
119053,CPI,Q9NYB5,compound,protein,0
11908593,CPI,Q12874,compound,protein,0
11908593,CPI,Q99700,compound,protein,0
119182,CPI,P08172,compound,protein,1
119214,CPI,Q9P289,compound,protein,0
119461,CPI,Q16236,compound,protein,0
11949646,CPI,P16473,compound,protein,0
11950170,CPI,P04629,compound,protein,1
11950170,CPI,P08581,compound,protein,1
11950170,CPI,P51955,compound,protein,1
11950170,CPI,Q13555,compound,protein,1
11950170,CPI,Q15109,compound,protein,0
11950170,CPI,P41252,compound,protein,0
11950170,CPI,Q14833,compound,protein,0
11950170,CPI,P50440,compound,protein,0
11950170,CPI,P24310,compound,protein,0
11950726,CPI,Q9P2K8,compound,protein,0
119570,CPI,P28223,compound,protein,1
119570,CPI,P41595,compound,protein,1
119570,CPI,Q7Z406,compound,protein,0
11957499,CPI,P83916,compound,protein,1
11957499,CPI,Q9H5I1,compound,protein,0
11957499,CPI,P36956,compound,protein,0
11957499,CPI,P09958,compound,protein,0
11957615,CPI,Q9H4A3,compound,protein,0
119607,CPI,P21452,compound,protein,1
119607,CPI,P21918,compound,protein,1
119607,CPI,P35367,compound,protein,1
119607,CPI,P61586,compound,protein,0
119607,CPI,P48067,compound,protein,0
11973736,CPI,P29323,compound,protein,1
11977753,CPI,P49336,compound,protein,1
11977753,CPI,Q5S007,compound,protein,1
11977753,CPI,P23526,compound,protein,0
11977753,CPI,A8MPY1,compound,protein,0
11977753,CPI,Q86U10,compound,protein,0
11978813,CPI,P28335,compound,protein,1
11978813,CPI,P35367,compound,protein,1
11978813,CPI,Q02221,compound,protein,0
11998575,CPI,Q9UF33,compound,protein,0
12001014,CPI,Q16558,compound,protein,0
12004950,CPI,O75874,compound,protein,1
1201549,CPI,P08912,compound,protein,1
1201549,CPI,P35367,compound,protein,1
1201549,CPI,Q9UBB5,compound,protein,0
1201976,CPI,P36894,compound,protein,0
1203,CPI,Q86X55,compound,protein,0
12035,CPI,P04150,compound,protein,1
12035,CPI,Q03154,compound,protein,1
12035,CPI,Q9BY41,compound,protein,0
12035,CPI,P17752,compound,protein,0
12043281,CPI,O75496,compound,protein,1
12135546,CPI,P30542,compound,protein,0
121396,CPI,Q9HC97,compound,protein,0
121878,CPI,Q04759,compound,protein,0
121891,CPI,O94760,compound,protein,0
121892,CPI,P56696,compound,protein,1
121892,CPI,Q9NR82,compound,protein,1
1219,CPI,O43708,compound,protein,0
121928,CPI,P23280,compound,protein,0
1220,CPI,P62829,compound,protein,0
1220,CPI,Q15109,compound,protein,0
1220,CPI,Q8NA19,compound,protein,0
122136,CPI,O00487,compound,protein,0
122272,CPI,Q96KQ7,compound,protein,0
122295,CPI,Q9ULX7,compound,protein,0
122335,CPI,Q07912,compound,protein,0
1225,CPI,P14416,compound,protein,1
12304008,CPI,P28482,compound,protein,0
1234,CPI,P02545,compound,protein,1
123606,CPI,P28221,compound,protein,1
123606,CPI,P43220,compound,protein,1
123610,CPI,Q12830,compound,protein,0
123619,CPI,Q01959,compound,protein,1
123619,CPI,Q9UBS5,compound,protein,1
123619,CPI,P55786,compound,protein,0
123631,CPI,O15146,compound,protein,1
123631,CPI,O75676,compound,protein,1
123631,CPI,O94806,compound,protein,1
123631,CPI,P07947,compound,protein,1
123631,CPI,P22607,compound,protein,1
123631,CPI,P24941,compound,protein,1
123631,CPI,P78368,compound,protein,1
123631,CPI,Q00537,compound,protein,1
123631,CPI,Q04771,compound,protein,1
123631,CPI,Q13153,compound,protein,1
123631,CPI,Q13164,compound,protein,1
123631,CPI,Q15375,compound,protein,1
123631,CPI,Q59H18,compound,protein,1
123631,CPI,Q86UE8,compound,protein,1
123631,CPI,Q9HAZ1,compound,protein,1
123631,CPI,Q9NY57,compound,protein,1
123631,CPI,Q8TDS5,compound,protein,0
123631,CPI,P41439,compound,protein,0
123631,CPI,P0DPH7,compound,protein,0
123631,CPI,P59538,compound,protein,0
123631,CPI,Q05469,compound,protein,0
123631,CPI,Q9UBR2,compound,protein,0
123631,CPI,P26439,compound,protein,0
123631,CPI,Q9P296,compound,protein,0
123631,CPI,Q9NYW0,compound,protein,0
123631,CPI,Q15120,compound,protein,0
123631,CPI,P11150,compound,protein,0
123631,CPI,P49915,compound,protein,0
123631,CPI,P22792,compound,protein,0
123631,CPI,P48664,compound,protein,0
123662,CPI,P14867,compound,protein,1
123686,CPI,P13945,compound,protein,1
123692,CPI,P16473,compound,protein,1
123692,CPI,Q96KQ7,compound,protein,1
123831,CPI,P16473,compound,protein,1
123879,CPI,P0DPH7,compound,protein,0
123932,CPI,O60741,compound,protein,0
124087,CPI,P02545,compound,protein,1
1241420,CPI,P48507,compound,protein,0
12420,CPI,P54578,compound,protein,0
124202151,CPI,O60840,compound,protein,1
124202151,CPI,P08047,compound,protein,0
124518205,CPI,Q9NUW8,compound,protein,0
124735,CPI,P14555,compound,protein,0
124835980,CPI,P32245,compound,protein,1
125017,CPI,O43151,compound,protein,0
12555,CPI,P08908,compound,protein,1
125564,CPI,P39023,compound,protein,0
1261290,CPI,P01215,compound,protein,1
1261822,CPI,P48426,compound,protein,1
1261822,CPI,Q9Y2T6,compound,protein,1
1261822,CPI,P33261,compound,protein,0
1261822,CPI,Q9Y6E0,compound,protein,0
1263681,CPI,P36544,compound,protein,1
126402,CPI,Q16555,compound,protein,0
126688,CPI,O94768,compound,protein,0
126941,CPI,O75496,compound,protein,1
126941,CPI,Q16236,compound,protein,1
126941,CPI,Q96KQ7,compound,protein,1
126968712,CPI,Q15349,compound,protein,0
127382,CPI,P12268,compound,protein,0
127894,CPI,P28074,compound,protein,0
127898,CPI,Q8TDD5,compound,protein,0
12790158,CPI,P04150,compound,protein,1
128268,CPI,P28472,compound,protein,0
128355,CPI,P12429,compound,protein,0
128563,CPI,P28222,compound,protein,1
12866477,CPI,O94806,compound,protein,0
128878,CPI,P03372,compound,protein,0
1289024,CPI,Q9NYB5,compound,protein,0
129009868,CPI,Q9H4B4,compound,protein,0
129009890,CPI,P26439,compound,protein,1
129009942,CPI,Q9BQI3,compound,protein,0
129009966,CPI,Q9Y5Y9,compound,protein,0
129009966,CPI,P28482,compound,protein,0
129009977,CPI,O96013,compound,protein,0
129009987,CPI,P10275,compound,protein,1
129010025,CPI,Q9UPE1,compound,protein,0
129010071,CPI,Q12852,compound,protein,0
129010078,CPI,P19838,compound,protein,1
129211,CPI,P21397,compound,protein,1
129211,CPI,P21554,compound,protein,1
129228,CPI,P83916,compound,protein,1
1297,CPI,P42336,compound,protein,0
129989,CPI,P24046,compound,protein,0
13017911,CPI,O95563,compound,protein,0
13017911,CPI,P0DMS8,compound,protein,0
13019152,CPI,O15264,compound,protein,0
130881,CPI,Q9Y6L6,compound,protein,1
130918,CPI,Q2M2I8,compound,protein,0
1316,CPI,Q99700,compound,protein,1
131906,CPI,P18089,compound,protein,0
132519,CPI,P09237,compound,protein,1
132519,CPI,Q9NRE1,compound,protein,1
132519,CPI,Q9UNA0,compound,protein,1
132519,CPI,P31327,compound,protein,0
132862,CPI,Q13976,compound,protein,0
1329,CPI,P05177,compound,protein,1
13292831,CPI,Q92630,compound,protein,0
132981,CPI,Q96Q40,compound,protein,0
132995,CPI,Q15391,compound,protein,0
133002,CPI,P06734,compound,protein,0
133008,CPI,Q9NUW8,compound,protein,1
133008,CPI,P14635,compound,protein,0
133017,CPI,Q96KQ7,compound,protein,0
13303884,CPI,O00206,compound,protein,1
133076,CPI,P11712,compound,protein,1
133538,CPI,P48547,compound,protein,0
133633,CPI,P53004,compound,protein,0
134044,CPI,P07550,compound,protein,1
134117,CPI,Q6ZQW0,compound,protein,0
134117,CPI,Q13470,compound,protein,0
134551,CPI,P35625,compound,protein,0
134772,CPI,P11229,compound,protein,0
1348,CPI,P00352,compound,protein,1
1348,CPI,P33261,compound,protein,1
13505,CPI,Q96KQ7,compound,protein,1
135398495,CPI,O00506,compound,protein,1
135398495,CPI,P17252,compound,protein,1
135398495,CPI,P21802,compound,protein,1
135398495,CPI,Q92630,compound,protein,1
135398495,CPI,Q9Y4K4,compound,protein,1
135398495,CPI,P04746,compound,protein,0
135398499,CPI,P05771,compound,protein,1
135398499,CPI,P15735,compound,protein,1
135398499,CPI,P36896,compound,protein,1
135398499,CPI,P45984,compound,protein,1
135398499,CPI,P54760,compound,protein,1
135398499,CPI,Q16832,compound,protein,1
135398499,CPI,Q9HCP0,compound,protein,1
135398499,CPI,Q13258,compound,protein,0
135398499,CPI,P07686,compound,protein,0
135398499,CPI,P15090,compound,protein,0
135398499,CPI,Q92598,compound,protein,0
135398499,CPI,P04070,compound,protein,0
135398499,CPI,P28702,compound,protein,0
135398506,CPI,P12931,compound,protein,0
135398510,CPI,P09619,compound,protein,1
135398737,CPI,O15296,compound,protein,1
135398737,CPI,Q06278,compound,protein,1
135398737,CPI,Q96QE3,compound,protein,1
135398737,CPI,Q9UBS5,compound,protein,1
135398737,CPI,Q00613,compound,protein,0
135398737,CPI,O60841,compound,protein,0
135398737,CPI,Q14232,compound,protein,0
135398737,CPI,P35573,compound,protein,0
135398738,CPI,P30542,compound,protein,1
135398738,CPI,P41145,compound,protein,1
135398738,CPI,O95342,compound,protein,0
135398738,CPI,P43490,compound,protein,0
135398745,CPI,P11229,compound,protein,1
135398745,CPI,P28221,compound,protein,1
135398745,CPI,P28222,compound,protein,1
135398745,CPI,P28223,compound,protein,1
135398745,CPI,Q4FZB7,compound,protein,0
135398745,CPI,Q9H8M2,compound,protein,0
1354,CPI,P14416,compound,protein,0
135409453,CPI,P25103,compound,protein,1
135409453,CPI,P28335,compound,protein,1
135409453,CPI,P24468,compound,protein,0
135409468,CPI,P10635,compound,protein,1
135409468,CPI,O75530,compound,protein,0
135411,CPI,P16050,compound,protein,1
135411,CPI,P54578,compound,protein,0
135412795,CPI,P99999,compound,protein,0
135412795,CPI,P11216,compound,protein,0
135413511,CPI,P28221,compound,protein,0
135413511,CPI,Q9H4B4,compound,protein,0
135413533,CPI,Q5VT25,compound,protein,0
135419190,CPI,Q9Y266,compound,protein,0
135470813,CPI,O75496,compound,protein,0
1355,CPI,P23975,compound,protein,1
1355,CPI,P28223,compound,protein,1
1355,CPI,P41595,compound,protein,1
1355,CPI,O94811,compound,protein,0
135533054,CPI,P50570,compound,protein,1
135539077,CPI,P14625,compound,protein,1
135554441,CPI,P33261,compound,protein,0
135564558,CPI,O95263,compound,protein,1
135564558,CPI,O15399,compound,protein,0
135565082,CPI,O95271,compound,protein,1
135565082,CPI,P09874,compound,protein,1
135565082,CPI,Q9UKK3,compound,protein,1
135565082,CPI,P08069,compound,protein,0
135565082,CPI,O15146,compound,protein,0
135565181,CPI,Q16572,compound,protein,0
135565635,CPI,O75460,compound,protein,1
135565635,CPI,P24941,compound,protein,1
135565635,CPI,P50613,compound,protein,1
135565635,CPI,Q04759,compound,protein,1
135565635,CPI,Q04912,compound,protein,1
135565635,CPI,Q52WX2,compound,protein,1
135565635,CPI,Q8IW41,compound,protein,1
135565635,CPI,Q8TDX7,compound,protein,1
135565635,CPI,Q9BQI3,compound,protein,1
135565635,CPI,Q9BXA7,compound,protein,1
135565635,CPI,Q9NRM7,compound,protein,1
135565635,CPI,Q9UIK4,compound,protein,1
135565635,CPI,Q9Y2U5,compound,protein,1
135565635,CPI,Q05469,compound,protein,0
135565635,CPI,Q6ZQW0,compound,protein,0
135565635,CPI,Q7RTR8,compound,protein,0
135565635,CPI,Q6V1X1,compound,protein,0
135565635,CPI,P29972,compound,protein,0
135565635,CPI,P59538,compound,protein,0
135565635,CPI,O95665,compound,protein,0
135565635,CPI,Q92482,compound,protein,0
135565635,CPI,Q15185,compound,protein,0
135749824,CPI,P23975,compound,protein,0
135857069,CPI,Q5T601,compound,protein,0
135857069,CPI,Q8WU08,compound,protein,0
135857071,CPI,O00337,compound,protein,0
135886613,CPI,Q9H2X6,compound,protein,0
1361332,CPI,P11309,compound,protein,1
137698378,CPI,P06401,compound,protein,0
13782419,CPI,O75355,compound,protein,1
13819073,CPI,P48730,compound,protein,0
1383884,CPI,P08912,compound,protein,1
1383884,CPI,P35367,compound,protein,1
1383884,CPI,O15427,compound,protein,0
1394536,CPI,P10696,compound,protein,1
1394536,CPI,P55263,compound,protein,0
1398027,CPI,Q6V1X1,compound,protein,0
13994399,CPI,P51812,compound,protein,0
1400,CPI,P06493,compound,protein,1
1400,CPI,P08922,compound,protein,1
1400,CPI,P29317,compound,protein,1
1400,CPI,Q9NYW6,compound,protein,0
1400,CPI,P11532,compound,protein,0
1400,CPI,Q13003,compound,protein,0
14249524,CPI,P50416,compound,protein,1
1432578,CPI,Q9HBL8,compound,protein,1
1432578,CPI,Q08881,compound,protein,0
1434953,CPI,P43220,compound,protein,1
1434957,CPI,P21397,compound,protein,0
1456,CPI,P08684,compound,protein,1
146570,CPI,P15144,compound,protein,0
14709,CPI,O75874,compound,protein,1
14709,CPI,P06400,compound,protein,0
1471787,CPI,O43570,compound,protein,0
148192,CPI,Q16552,compound,protein,0
14900,CPI,P42574,compound,protein,0
14925,CPI,O14976,compound,protein,0
14973220,CPI,Q16539,compound,protein,1
149784,CPI,P14416,compound,protein,0
14987,CPI,O75496,compound,protein,1
1502520,CPI,Q03431,compound,protein,1
15032,CPI,P11474,compound,protein,1
1510378,CPI,P34949,compound,protein,1
1510379,CPI,P61604,compound,protein,0
151166,CPI,Q9P0L2,compound,protein,0
151194,CPI,P04626,compound,protein,1
151194,CPI,P27448,compound,protein,1
151194,CPI,Q04912,compound,protein,1
151194,CPI,Q05397,compound,protein,1
151194,CPI,Q13163,compound,protein,1
151194,CPI,Q14680,compound,protein,1
151194,CPI,Q8IVW4,compound,protein,1
151194,CPI,Q8NEV4,compound,protein,1
151194,CPI,Q96PY6,compound,protein,1
151194,CPI,P54710,compound,protein,0
151194,CPI,P48067,compound,protein,0
151194,CPI,Q9NYW2,compound,protein,0
151194,CPI,P06756,compound,protein,0
151194,CPI,P11086,compound,protein,0
151194,CPI,O14788,compound,protein,0
151194,CPI,P12955,compound,protein,0
151194,CPI,P30532,compound,protein,0
151194,CPI,Q8WYN0,compound,protein,0
151194,CPI,P48664,compound,protein,0
151194,CPI,P49802,compound,protein,0
151194,CPI,P41594,compound,protein,0
151194,CPI,P07327,compound,protein,0
151194,CPI,O14672,compound,protein,0
151194,CPI,Q9NYV7,compound,protein,0
151194,CPI,Q969F8,compound,protein,0
151582,CPI,P42226,compound,protein,1
151582,CPI,Q16647,compound,protein,0
1517919,CPI,P02545,compound,protein,1
1523656,CPI,Q9H2X6,compound,protein,0
152946,CPI,P14867,compound,protein,0
153241,CPI,P12268,compound,protein,1
1537,CPI,P01112,compound,protein,0
15387,CPI,P08912,compound,protein,1
153948,CPI,P14416,compound,protein,0
154059,CPI,Q14524,compound,protein,1
154059,CPI,P41595,compound,protein,0
154257,CPI,Q12809,compound,protein,1
154417,CPI,O75469,compound,protein,1
154417,CPI,Q99808,compound,protein,1
154417,CPI,P43686,compound,protein,0
154417,CPI,P21675,compound,protein,0
154417,CPI,Q9H239,compound,protein,0
154417,CPI,P14770,compound,protein,0
15443,CPI,P18089,compound,protein,0
154575,CPI,O43837,compound,protein,0
1547484,CPI,P21731,compound,protein,1
1547484,CPI,P30556,compound,protein,1
1547484,CPI,P35462,compound,protein,1
1547484,CPI,Q13698,compound,protein,1
1547484,CPI,Q92847,compound,protein,1
1547484,CPI,Q99549,compound,protein,1
1547484,CPI,O94811,compound,protein,0
1547484,CPI,P10586,compound,protein,0
15478,CPI,Q9NUW8,compound,protein,1
1548076,CPI,P48549,compound,protein,0
1548942,CPI,P02545,compound,protein,1
1548942,CPI,P06401,compound,protein,1
1548942,CPI,P29274,compound,protein,1
1548942,CPI,Q09470,compound,protein,1
1548942,CPI,Q92847,compound,protein,1
1548942,CPI,O43399,compound,protein,0
1548942,CPI,Q9BPZ7,compound,protein,0
1548953,CPI,Q9H492,compound,protein,0
1548953,CPI,P14635,compound,protein,0
1548955,CPI,O60240,compound,protein,1
1548955,CPI,P61088,compound,protein,1
1548955,CPI,P01258,compound,protein,0
1549008,CPI,O15439,compound,protein,0
1549120,CPI,O95342,compound,protein,1
1549120,CPI,Q9GZV3,compound,protein,1
1550607,CPI,Q99558,compound,protein,0
155346,CPI,P07550,compound,protein,1
15541,CPI,O75469,compound,protein,1
15541,CPI,P40238,compound,protein,0
15547703,CPI,P28838,compound,protein,1
15547703,CPI,P22607,compound,protein,0
15547703,CPI,Q16570,compound,protein,0
15558393,CPI,P09668,compound,protein,0
15558393,CPI,P09874,compound,protein,0
15558439,CPI,Q06418,compound,protein,0
155806,CPI,P23975,compound,protein,0
155815,CPI,Q9BZM2,compound,protein,1
155815,CPI,Q9Y6K9,compound,protein,0
155815,CPI,Q9NPC2,compound,protein,0
1560,CPI,P49798,compound,protein,1
1560,CPI,Q96DB2,compound,protein,0
15604015,CPI,O75914,compound,protein,0
156333,CPI,P11229,compound,protein,0
156391,CPI,P14416,compound,protein,1
156391,CPI,P27695,compound,protein,1
1564,CPI,P21731,compound,protein,0
156414,CPI,O60285,compound,protein,1
156414,CPI,O96017,compound,protein,1
156414,CPI,P22607,compound,protein,1
156414,CPI,P22694,compound,protein,1
156414,CPI,P23458,compound,protein,1
156414,CPI,P27448,compound,protein,1
156414,CPI,P36888,compound,protein,1
156414,CPI,P42684,compound,protein,1
156414,CPI,P51813,compound,protein,1
156414,CPI,Q13464,compound,protein,1
156414,CPI,Q13627,compound,protein,1
156414,CPI,Q9UF33,compound,protein,1
156414,CPI,Q92482,compound,protein,0
156414,CPI,O43837,compound,protein,0
156414,CPI,Q9NPC2,compound,protein,0
156414,CPI,Q99456,compound,protein,0
156414,CPI,Q14571,compound,protein,0
156414,CPI,P50440,compound,protein,0
156414,CPI,Q9UGM6,compound,protein,0
156414,CPI,O14717,compound,protein,0
156414,CPI,Q15274,compound,protein,0
156414,CPI,P59537,compound,protein,0
156414,CPI,Q13956,compound,protein,0
156414,CPI,Q15059,compound,protein,0
156419,CPI,P28335,compound,protein,1
156422,CPI,O00750,compound,protein,1
156422,CPI,O43283,compound,protein,1
156422,CPI,O43318,compound,protein,1
156422,CPI,P04626,compound,protein,1
156422,CPI,P10721,compound,protein,1
156422,CPI,P29597,compound,protein,1
156422,CPI,P42336,compound,protein,1
156422,CPI,P54753,compound,protein,1
156422,CPI,P68400,compound,protein,1
156422,CPI,P80192,compound,protein,1
156422,CPI,Q00536,compound,protein,1
156422,CPI,Q06187,compound,protein,1
156422,CPI,Q08881,compound,protein,1
156422,CPI,Q14004,compound,protein,1
156422,CPI,Q16539,compound,protein,1
156422,CPI,Q59H18,compound,protein,1
156422,CPI,Q6ZN16,compound,protein,1
156422,CPI,Q8IY84,compound,protein,1
156422,CPI,Q8NG66,compound,protein,1
156422,CPI,Q8TDC3,compound,protein,1
156422,CPI,Q9UIK4,compound,protein,1
156422,CPI,Q14940,compound,protein,0
156422,CPI,P20648,compound,protein,0
156422,CPI,Q9NYW4,compound,protein,0
156422,CPI,P07148,compound,protein,0
156422,CPI,Q99707,compound,protein,0
156422,CPI,P00813,compound,protein,0
156422,CPI,O60733,compound,protein,0
156422,CPI,Q05469,compound,protein,0
156422,CPI,P57771,compound,protein,0
156422,CPI,P49768,compound,protein,0
156422,CPI,P07101,compound,protein,0
156422,CPI,P04040,compound,protein,0
156422,CPI,P09466,compound,protein,0
156422,CPI,P13612,compound,protein,0
1582687,CPI,O75604,compound,protein,1
1582687,CPI,P21554,compound,protein,1
1582687,CPI,P26196,compound,protein,0
158758,CPI,P27815,compound,protein,1
158781,CPI,P11021,compound,protein,0
15945391,CPI,P00352,compound,protein,1
15945391,CPI,Q8IVW4,compound,protein,0
159594,CPI,P18054,compound,protein,0
15983966,CPI,P16234,compound,protein,1
15983966,CPI,P22694,compound,protein,1
15983966,CPI,P23458,compound,protein,1
15983966,CPI,P29323,compound,protein,1
15983966,CPI,P31749,compound,protein,1
15983966,CPI,P50613,compound,protein,1
15983966,CPI,P54760,compound,protein,1
15983966,CPI,Q05655,compound,protein,1
15983966,CPI,Q12852,compound,protein,1
15983966,CPI,Q86Y07,compound,protein,1
15983966,CPI,Q8TD19,compound,protein,1
15983966,CPI,Q96BR1,compound,protein,1
15983966,CPI,Q9BX84,compound,protein,1
15983966,CPI,P78536,compound,protein,0
15983966,CPI,Q06432,compound,protein,0
15983966,CPI,Q9GZT9,compound,protein,0
15983966,CPI,P29972,compound,protein,0
15983966,CPI,P48051,compound,protein,0
15983966,CPI,O43837,compound,protein,0
15983966,CPI,P08174,compound,protein,0
15983966,CPI,P61313,compound,protein,0
15983966,CPI,P00439,compound,protein,0
15983966,CPI,P23416,compound,protein,0
15983966,CPI,Q9UF02,compound,protein,0
15983966,CPI,Q8WW43,compound,protein,0
15983966,CPI,Q04637,compound,protein,0
15983966,CPI,P47712,compound,protein,0
16004692,CPI,P23975,compound,protein,1
16007391,CPI,P23443,compound,protein,1
16007391,CPI,P36507,compound,protein,1
16007391,CPI,P42685,compound,protein,1
16007391,CPI,P49841,compound,protein,1
16007391,CPI,P50613,compound,protein,1
16007391,CPI,P52333,compound,protein,1
16007391,CPI,P52564,compound,protein,1
16007391,CPI,P80192,compound,protein,1
16007391,CPI,Q02779,compound,protein,1
16007391,CPI,Q2M2I8,compound,protein,1
16007391,CPI,Q92630,compound,protein,1
16007391,CPI,Q9P2K8,compound,protein,1
16007391,CPI,Q9BV23,compound,protein,0
16007391,CPI,P48051,compound,protein,0
16007391,CPI,Q6B0I6,compound,protein,0
16007391,CPI,P15153,compound,protein,0
16007391,CPI,P08519,compound,protein,0
16007391,CPI,P41252,compound,protein,0
16007391,CPI,P11137,compound,protein,0
16007391,CPI,P36021,compound,protein,0
16007391,CPI,Q14416,compound,protein,0
16007391,CPI,Q03393,compound,protein,0
16007391,CPI,Q9HBL8,compound,protein,0
16007391,CPI,Q8TCT1,compound,protein,0
16007391,CPI,O75311,compound,protein,0
16007391,CPI,P14415,compound,protein,0
16007391,CPI,P33260,compound,protein,0
16007391,CPI,P30532,compound,protein,0
16007391,CPI,P17752,compound,protein,0
16014494,CPI,P11473,compound,protein,1
16014494,CPI,P51151,compound,protein,1
160254,CPI,P40763,compound,protein,1
160355,CPI,O15146,compound,protein,1
160355,CPI,O94806,compound,protein,1
160355,CPI,O96013,compound,protein,1
160355,CPI,P04049,compound,protein,1
160355,CPI,P36896,compound,protein,1
160355,CPI,P37023,compound,protein,1
160355,CPI,P45984,compound,protein,1
160355,CPI,P51946,compound,protein,1
160355,CPI,Q00537,compound,protein,1
160355,CPI,Q13705,compound,protein,1
160355,CPI,Q14164,compound,protein,1
160355,CPI,Q14289,compound,protein,1
160355,CPI,Q59H18,compound,protein,1
160355,CPI,P54709,compound,protein,0
160355,CPI,Q8NA19,compound,protein,0
160355,CPI,Q96BI3,compound,protein,0
160355,CPI,Q96GW9,compound,protein,0
160355,CPI,Q7RTT9,compound,protein,0
160355,CPI,P59534,compound,protein,0
160355,CPI,P11532,compound,protein,0
160355,CPI,P05113,compound,protein,0
160355,CPI,P17174,compound,protein,0
160355,CPI,Q96JM7,compound,protein,0
160355,CPI,P04040,compound,protein,0
16038120,CPI,P23458,compound,protein,1
16038120,CPI,P29376,compound,protein,1
16038120,CPI,P33981,compound,protein,1
16038120,CPI,Q06418,compound,protein,1
16038120,CPI,Q8N5S9,compound,protein,1
16038120,CPI,Q8NI60,compound,protein,1
16038120,CPI,Q9BRS2,compound,protein,1
16038120,CPI,Q9H093,compound,protein,1
16038120,CPI,Q9NRH2,compound,protein,1
16038120,CPI,O43614,compound,protein,0
16038120,CPI,Q9BU89,compound,protein,0
16038120,CPI,Q15661,compound,protein,0
16038120,CPI,P07384,compound,protein,0
16038120,CPI,P59535,compound,protein,0
16038120,CPI,Q9Y2K7,compound,protein,0
16038120,CPI,P15144,compound,protein,0
16038120,CPI,Q99829,compound,protein,0
16038120,CPI,P62750,compound,protein,0
16038120,CPI,O43193,compound,protein,0
16041424,CPI,P35968,compound,protein,1
16041424,CPI,P48443,compound,protein,0
16043,CPI,P03372,compound,protein,1
16048642,CPI,P31751,compound,protein,1
16048642,CPI,P35968,compound,protein,0
16070100,CPI,O15379,compound,protein,1
16095342,CPI,O15264,compound,protein,1
16095342,CPI,O96017,compound,protein,1
16095342,CPI,P22607,compound,protein,1
16095342,CPI,P29597,compound,protein,1
16095342,CPI,P31751,compound,protein,1
16095342,CPI,P07477,compound,protein,0
16095342,CPI,P08588,compound,protein,0
16118392,CPI,P46098,compound,protein,0
16123056,CPI,O00329,compound,protein,1
16123056,CPI,P42336,compound,protein,1
16126651,CPI,P00533,compound,protein,1
16126651,CPI,Q14571,compound,protein,0
16129706,CPI,P23975,compound,protein,1
16129706,CPI,Q9UQF2,compound,protein,0
16129706,CPI,Q96PH1,compound,protein,0
161591,CPI,P61073,compound,protein,0
16190867,CPI,Q13557,compound,protein,0
161930,CPI,Q9NUW8,compound,protein,1
161930,CPI,P30519,compound,protein,0
16218975,CPI,Q02641,compound,protein,1
16218975,CPI,Q12809,compound,protein,1
16218979,CPI,Q13621,compound,protein,0
16220015,CPI,Q04206,compound,protein,1
16220051,CPI,Q9UF33,compound,protein,0
16222096,CPI,Q02750,compound,protein,1
16231,CPI,O75496,compound,protein,1
16231,CPI,P37088,compound,protein,1
16231,CPI,P41595,compound,protein,1
16273161,CPI,O75496,compound,protein,1
16273161,CPI,P08908,compound,protein,0
162755,CPI,P34969,compound,protein,1
162834,CPI,Q9C0B1,compound,protein,1
163091,CPI,P28223,compound,protein,1
163091,CPI,P35462,compound,protein,1
163091,CPI,P41595,compound,protein,1
16330153,CPI,Q9NUW8,compound,protein,1
16362,CPI,P13945,compound,protein,1
16362,CPI,P32238,compound,protein,1
16362,CPI,P06734,compound,protein,0
16362,CPI,P49767,compound,protein,0
16397403,CPI,Q8NG66,compound,protein,0
16404350,CPI,Q9UEW8,compound,protein,0
16446868,CPI,P62955,compound,protein,0
164676,CPI,P48775,compound,protein,1
164676,CPI,P47901,compound,protein,0
16654980,CPI,O00750,compound,protein,1
166553,CPI,P27815,compound,protein,1
166596686,CPI,P49116,compound,protein,0
16659841,CPI,O60755,compound,protein,0
16666708,CPI,Q13163,compound,protein,1
16667669,CPI,P30044,compound,protein,1
16667722,CPI,O60840,compound,protein,0
16678941,CPI,O00571,compound,protein,0
16678941,CPI,Q92736,compound,protein,0
16718576,CPI,P0C1S8,compound,protein,1
16718576,CPI,P30291,compound,protein,1
16718576,CPI,P42685,compound,protein,1
16718576,CPI,Q00534,compound,protein,1
16718576,CPI,P05026,compound,protein,0
16718576,CPI,O14764,compound,protein,0
16718576,CPI,Q9Y257,compound,protein,0
16718576,CPI,P51648,compound,protein,0
16720766,CPI,Q15843,compound,protein,1
16722832,CPI,Q03181,compound,protein,0
16722836,CPI,P08581,compound,protein,1
16722836,CPI,P16083,compound,protein,1
16722836,CPI,P53779,compound,protein,1
16722836,CPI,Q00532,compound,protein,1
16722836,CPI,Q02779,compound,protein,1
16722836,CPI,Q13237,compound,protein,1
16722836,CPI,Q13546,compound,protein,1
16722836,CPI,Q58F21,compound,protein,1
16722836,CPI,Q5VT25,compound,protein,1
16722836,CPI,Q8IY84,compound,protein,1
16722836,CPI,Q8TBX8,compound,protein,1
16722836,CPI,Q9NQU5,compound,protein,1
16722836,CPI,Q9Y6R4,compound,protein,1
16722836,CPI,Q969P6,compound,protein,0
16722836,CPI,P62829,compound,protein,0
16722836,CPI,Q13510,compound,protein,0
16722836,CPI,P62913,compound,protein,0
16722836,CPI,P31941,compound,protein,0
16722836,CPI,O95264,compound,protein,0
16722836,CPI,P68106,compound,protein,0
16722836,CPI,P07355,compound,protein,0
16722836,CPI,Q9Y466,compound,protein,0
16722836,CPI,Q96PR1,compound,protein,0
16722836,CPI,Q71U36,compound,protein,0
16722836,CPI,Q9Y271,compound,protein,0
16725726,CPI,O96013,compound,protein,1
16725726,CPI,P12931,compound,protein,1
16725726,CPI,P27037,compound,protein,1
16725726,CPI,P29323,compound,protein,1
16725726,CPI,P30530,compound,protein,1
16725726,CPI,P51812,compound,protein,1
16725726,CPI,Q00532,compound,protein,1
16725726,CPI,Q06187,compound,protein,1
16725726,CPI,Q08345,compound,protein,1
16725726,CPI,Q12852,compound,protein,1
16725726,CPI,Q13153,compound,protein,1
16725726,CPI,Q13164,compound,protein,1
16725726,CPI,Q5VT25,compound,protein,1
16725726,CPI,Q8NE63,compound,protein,1
16725726,CPI,Q8TDR2,compound,protein,1
16725726,CPI,Q8TDX7,compound,protein,1
16725726,CPI,Q9P2K8,compound,protein,1
16725726,CPI,O00482,compound,protein,0
16725726,CPI,P31260,compound,protein,0
16725726,CPI,P00492,compound,protein,0
16725726,CPI,Q9UF02,compound,protein,0
16725726,CPI,Q6V1X1,compound,protein,0
16725726,CPI,P43235,compound,protein,0
16725726,CPI,Q13574,compound,protein,0
16725726,CPI,Q15910,compound,protein,0
16725726,CPI,Q01196,compound,protein,0
16725726,CPI,Q15633,compound,protein,0
16725726,CPI,Q15274,compound,protein,0
16725726,CPI,Q9Y4R7,compound,protein,0
16734800,CPI,P10275,compound,protein,1
16739650,CPI,P16591,compound,protein,1
16739650,CPI,P03905,compound,protein,0
16739650,CPI,P09488,compound,protein,0
1674,CPI,P11216,compound,protein,0
16741,CPI,P62736,compound,protein,1
16741,CPI,Q9H4B7,compound,protein,1
16741,CPI,P00747,compound,protein,0
16741,CPI,P00439,compound,protein,0
16741,CPI,P25101,compound,protein,0
16747683,CPI,P30281,compound,protein,1
16755649,CPI,O15054,compound,protein,0
16757524,CPI,Q04912,compound,protein,1
16759157,CPI,Q16850,compound,protein,0
16759157,CPI,P10828,compound,protein,0
16759175,CPI,Q8NFU7,compound,protein,0
16759925,CPI,P25103,compound,protein,0
16759997,CPI,P08908,compound,protein,1
16760039,CPI,P00915,compound,protein,1
167715,CPI,P49798,compound,protein,1
167715,CPI,Q96KQ7,compound,protein,1
1694,CPI,P23443,compound,protein,1
1694,CPI,Q13464,compound,protein,1
16960,CPI,P03372,compound,protein,1
16960,CPI,P0DMS8,compound,protein,1
16960,CPI,P30556,compound,protein,1
16960,CPI,P41968,compound,protein,1
16960,CPI,Q9H8M2,compound,protein,0
16960,CPI,P12314,compound,protein,0
16960,CPI,O95544,compound,protein,0
16960,CPI,P42680,compound,protein,0
170344,CPI,P21397,compound,protein,0
170361,CPI,P11309,compound,protein,0
171548,CPI,P11229,compound,protein,1
171548,CPI,P30556,compound,protein,1
171548,CPI,P35367,compound,protein,1
171548,CPI,Q96BI3,compound,protein,0
17253222,CPI,Q12809,compound,protein,0
1727,CPI,P09038,compound,protein,0
1727,CPI,P14550,compound,protein,0
1727,CPI,P28223,compound,protein,0
172997,CPI,P41595,compound,protein,0
174174,CPI,P28335,compound,protein,1
174174,CPI,O95342,compound,protein,0
174174,CPI,Q96Q15,compound,protein,0
17452347,CPI,Q9GZP0,compound,protein,0
17461,CPI,P09668,compound,protein,0
17534,CPI,P00492,compound,protein,1
17534,CPI,P08908,compound,protein,0
17540423,CPI,Q92918,compound,protein,0
175540,CPI,P21554,compound,protein,1
175540,CPI,P12314,compound,protein,0
175540,CPI,P49411,compound,protein,0
176155,CPI,P08684,compound,protein,1
176155,CPI,P09619,compound,protein,1
176155,CPI,P11229,compound,protein,1
176155,CPI,P27037,compound,protein,1
176155,CPI,P30542,compound,protein,1
176155,CPI,P35968,compound,protein,1
176155,CPI,P36896,compound,protein,1
176155,CPI,P51817,compound,protein,1
176155,CPI,P53671,compound,protein,1
176155,CPI,Q02779,compound,protein,1
176155,CPI,Q13164,compound,protein,1
176155,CPI,Q13555,compound,protein,1
176155,CPI,Q13976,compound,protein,1
176155,CPI,Q16620,compound,protein,1
176155,CPI,Q8N752,compound,protein,1
176155,CPI,Q8TDX7,compound,protein,1
176155,CPI,Q96BR1,compound,protein,1
176155,CPI,Q96KB5,compound,protein,1
176155,CPI,Q9H0K1,compound,protein,1
176155,CPI,P49802,compound,protein,0
176155,CPI,P16860,compound,protein,0
176155,CPI,Q96S53,compound,protein,0
176155,CPI,P61024,compound,protein,0
176155,CPI,O00337,compound,protein,0
176155,CPI,P15121,compound,protein,0
176155,CPI,P22001,compound,protein,0
176158,CPI,P20020,compound,protein,0
176158,CPI,P49767,compound,protein,0
176158,CPI,P18089,compound,protein,0
176167,CPI,P32298,compound,protein,1
176167,CPI,P45985,compound,protein,1
176167,CPI,P49674,compound,protein,1
176167,CPI,P49760,compound,protein,1
176167,CPI,Q06187,compound,protein,1
176167,CPI,Q08345,compound,protein,1
176167,CPI,Q09013,compound,protein,1
176167,CPI,Q15139,compound,protein,1
176167,CPI,Q15375,compound,protein,1
176167,CPI,Q59H18,compound,protein,1
176167,CPI,Q8NI60,compound,protein,1
176167,CPI,Q8TD19,compound,protein,1
176167,CPI,Q96GD4,compound,protein,1
176167,CPI,Q9H2K8,compound,protein,1
176167,CPI,Q9NRH2,compound,protein,1
176167,CPI,Q96PD7,compound,protein,0
176167,CPI,P14410,compound,protein,0
176167,CPI,P50993,compound,protein,0
176167,CPI,Q96NT5,compound,protein,0
176167,CPI,O60733,compound,protein,0
176167,CPI,Q13002,compound,protein,0
176167,CPI,P24046,compound,protein,0
176167,CPI,P02788,compound,protein,0
176167,CPI,Q96BD0,compound,protein,0
176167,CPI,P09651,compound,protein,0
176167,CPI,O95551,compound,protein,0
176167,CPI,Q15391,compound,protein,0
176167,CPI,P08172,compound,protein,0
176407,CPI,P10635,compound,protein,1
176407,CPI,Q5BJF2,compound,protein,1
176408,CPI,P04637,compound,protein,1
176870,CPI,O00311,compound,protein,1
176870,CPI,O14730,compound,protein,1
176870,CPI,O96013,compound,protein,1
176870,CPI,P24941,compound,protein,1
176870,CPI,P41743,compound,protein,1
176870,CPI,P42680,compound,protein,1
176870,CPI,P45983,compound,protein,1
176870,CPI,P49336,compound,protein,1
176870,CPI,Q00535,compound,protein,1
176870,CPI,Q13131,compound,protein,1
176870,CPI,Q16288,compound,protein,1
176870,CPI,Q8TD19,compound,protein,1
176870,CPI,Q8WTQ7,compound,protein,1
176870,CPI,Q96KB5,compound,protein,1
176870,CPI,Q96SB4,compound,protein,1
176870,CPI,Q9H2X6,compound,protein,1
176870,CPI,Q9NR20,compound,protein,1
176870,CPI,Q07869,compound,protein,0
176870,CPI,Q4G0J3,compound,protein,0
176870,CPI,P50993,compound,protein,0
176870,CPI,Q13258,compound,protein,0
176870,CPI,Q14457,compound,protein,0
176870,CPI,Q9H0J9,compound,protein,0
176870,CPI,Q9NWT8,compound,protein,0
176870,CPI,P26358,compound,protein,0
176870,CPI,Q9UJU2,compound,protein,0
176873,CPI,Q96NX5,compound,protein,0
1775,CPI,Q9BZE4,compound,protein,0
1775,CPI,P24864,compound,protein,0
17754438,CPI,P08581,compound,protein,1
17754438,CPI,P48058,compound,protein,0
17754438,CPI,Q9Y5S1,compound,protein,0
17754438,CPI,P84098,compound,protein,0
17754438,CPI,P53041,compound,protein,0
17755052,CPI,O14733,compound,protein,1
17755052,CPI,O95382,compound,protein,1
17755052,CPI,P08631,compound,protein,1
17755052,CPI,P16591,compound,protein,1
17755052,CPI,P32298,compound,protein,1
17755052,CPI,Q08345,compound,protein,1
17755052,CPI,Q86V86,compound,protein,1
17755052,CPI,Q96NX5,compound,protein,1
17755052,CPI,P37088,compound,protein,0
17755052,CPI,P62508,compound,protein,0
17755052,CPI,P07195,compound,protein,0
17755052,CPI,P30542,compound,protein,0
17755052,CPI,Q86W47,compound,protein,0
17755052,CPI,Q9NSA0,compound,protein,0
17755052,CPI,O43193,compound,protein,0
17756796,CPI,Q9UGI6,compound,protein,0
17756939,CPI,P42684,compound,protein,0
17757146,CPI,O75496,compound,protein,1
17757146,CPI,P61026,compound,protein,0
17757274,CPI,Q9UPE1,compound,protein,0
17757386,CPI,Q96GD4,compound,protein,0
177990,CPI,O95835,compound,protein,0
178,CPI,P21554,compound,protein,0
1780,CPI,P28562,compound,protein,1
1780,CPI,Q8IXQ6,compound,protein,0
1780,CPI,P14635,compound,protein,0
1794,CPI,P19634,compound,protein,1
1794,CPI,Q96QE3,compound,protein,1
1794427,CPI,P21397,compound,protein,0
1797,CPI,C0HM02,compound,protein,0
180081,CPI,P18054,compound,protein,1
180081,CPI,P04637,compound,protein,0
180933,CPI,P10635,compound,protein,1
180933,CPI,P39748,compound,protein,0
182362,CPI,P16050,compound,protein,1
182362,CPI,P38398,compound,protein,1
1830,CPI,P02545,compound,protein,1
18343,CPI,O75496,compound,protein,1
1853,CPI,O00571,compound,protein,0
18680317,CPI,P0DMS8,compound,protein,1
187,CPI,P36544,compound,protein,1
1871033,CPI,P43119,compound,protein,0
1871033,CPI,P50613,compound,protein,0
18721,CPI,P14061,compound,protein,1
1889993,CPI,P43220,compound,protein,0
1889993,CPI,Q9BXA6,compound,protein,0
189562,CPI,P20645,compound,protein,0
19003,CPI,P41595,compound,protein,1
19003,CPI,Q99808,compound,protein,1
19003,CPI,P46059,compound,protein,0
19009,CPI,P07550,compound,protein,0
1901244,CPI,Q9GZP0,compound,protein,0
19103,CPI,Q15750,compound,protein,0
192197,CPI,P33261,compound,protein,1
1935,CPI,O15244,compound,protein,1
1935,CPI,P08758,compound,protein,0
1935,CPI,P78536,compound,protein,0
19385000,CPI,P49761,compound,protein,0
193962,CPI,P02545,compound,protein,0
195165,CPI,P08684,compound,protein,1
1963150,CPI,Q16584,compound,protein,0
1967,CPI,P00352,compound,protein,1
1967,CPI,P02545,compound,protein,1
1967,CPI,Q16637,compound,protein,1
19675,CPI,P14416,compound,protein,1
19675,CPI,Q96S53,compound,protein,0
196968,CPI,P41595,compound,protein,1
197690,CPI,Q9NUW8,compound,protein,1
1978,CPI,P49795,compound,protein,0
1978,CPI,P34949,compound,protein,0
1978,CPI,Q96QT4,compound,protein,0
1978,CPI,P14635,compound,protein,0
1983,CPI,P10635,compound,protein,1
1986,CPI,P21397,compound,protein,1
1986,CPI,Q9NR56,compound,protein,0
1986,CPI,O95342,compound,protein,0
1986,CPI,Q9NSD9,compound,protein,0
1989,CPI,Q96RI1,compound,protein,1
1989,CPI,O00571,compound,protein,0
1989,CPI,Q01538,compound,protein,0
1998811,CPI,Q2M2I8,compound,protein,0
20039,CPI,Q9H4B4,compound,protein,0
201986,CPI,P49841,compound,protein,0
2022,CPI,P35462,compound,protein,1
202225,CPI,P08588,compound,protein,1
202225,CPI,P61026,compound,protein,0
20279,CPI,P09874,compound,protein,1
20299,CPI,P11229,compound,protein,1
20355585,CPI,P48039,compound,protein,1
20393,CPI,P07477,compound,protein,0
2040,CPI,O15121,compound,protein,0
2049,CPI,P00352,compound,protein,1
2051,CPI,Q16539,compound,protein,1
2051,CPI,Q92843,compound,protein,0
2052,CPI,P11712,compound,protein,1
2052,CPI,Q03431,compound,protein,0
2052,CPI,P08700,compound,protein,0
2052,CPI,Q14978,compound,protein,0
2055451,CPI,P04062,compound,protein,1
20555075,CPI,P07550,compound,protein,1
20555075,CPI,P35367,compound,protein,0
205912,CPI,P28482,compound,protein,0
2061,CPI,Q6W5P4,compound,protein,1
2068,CPI,P54764,compound,protein,0
2082,CPI,O75496,compound,protein,1
2082,CPI,P30518,compound,protein,1
2083,CPI,P30556,compound,protein,1
2083,CPI,P41145,compound,protein,1
2083,CPI,P62136,compound,protein,0
20854208,CPI,Q6P6C2,compound,protein,0
208901,CPI,P28223,compound,protein,0
208902,CPI,Q07912,compound,protein,0
208908,CPI,O94804,compound,protein,1
208908,CPI,P22694,compound,protein,1
208908,CPI,P29376,compound,protein,1
208908,CPI,P36894,compound,protein,1
208908,CPI,P50750,compound,protein,1
208908,CPI,P53667,compound,protein,1
208908,CPI,P54756,compound,protein,1
208908,CPI,Q06187,compound,protein,1
208908,CPI,Q13163,compound,protein,1
208908,CPI,Q16539,compound,protein,1
208908,CPI,Q5VT25,compound,protein,1
208908,CPI,Q6ZN16,compound,protein,1
208908,CPI,Q86UX6,compound,protein,1
208908,CPI,Q8IVW4,compound,protein,1
208908,CPI,Q96GD4,compound,protein,1
208908,CPI,Q99640,compound,protein,1
208908,CPI,Q9BXA7,compound,protein,1
208908,CPI,Q9UKE5,compound,protein,1
208908,CPI,Q9UM73,compound,protein,1
208908,CPI,Q13936,compound,protein,0
208908,CPI,P62750,compound,protein,0
208908,CPI,P00797,compound,protein,0
208908,CPI,P02708,compound,protein,0
208908,CPI,Q96PD7,compound,protein,0
208908,CPI,Q92959,compound,protein,0
208908,CPI,Q99549,compound,protein,0
208908,CPI,P49146,compound,protein,0
208908,CPI,P30531,compound,protein,0
208908,CPI,P10997,compound,protein,0
208908,CPI,O60840,compound,protein,0
208908,CPI,O14983,compound,protein,0
208953,CPI,Q6DT37,compound,protein,0
2090,CPI,P53779,compound,protein,0
2092,CPI,Q14524,compound,protein,0
2099,CPI,P28335,compound,protein,1
2099,CPI,Q7RTN6,compound,protein,0
2099,CPI,O95544,compound,protein,0
210332,CPI,Q8TCG2,compound,protein,0
2107,CPI,P28335,compound,protein,1
21071390,CPI,P34969,compound,protein,1
2113511,CPI,P0DMS8,compound,protein,0
21138,CPI,P07550,compound,protein,1
21158442,CPI,P11473,compound,protein,1
2118,CPI,P18507,compound,protein,1
2118,CPI,P25105,compound,protein,1
2118,CPI,P48169,compound,protein,1
2118,CPI,P43686,compound,protein,0
2118,CPI,Q96S44,compound,protein,0
2119,CPI,P10275,compound,protein,1
2119,CPI,P11229,compound,protein,1
2123,CPI,P30542,compound,protein,1
2123,CPI,P31689,compound,protein,0
21249869,CPI,P36544,compound,protein,1
2125,CPI,P02545,compound,protein,1
2129,CPI,O00443,compound,protein,0
2130,CPI,C0HM02,compound,protein,0
2130,CPI,O75688,compound,protein,0
2130,CPI,Q9H665,compound,protein,0
213023,CPI,Q56UN5,compound,protein,0
2131,CPI,O43174,compound,protein,0
2132,CPI,P21917,compound,protein,1
2132,CPI,P29350,compound,protein,0
2132,CPI,Q9H7Z7,compound,protein,0
2141,CPI,P49798,compound,protein,1
2143,CPI,P35218,compound,protein,1
2143,CPI,Q07699,compound,protein,1
2143,CPI,Q9NPI1,compound,protein,0
2143,CPI,Q8NEB9,compound,protein,0
2148,CPI,P30291,compound,protein,0
2153,CPI,P05186,compound,protein,1
2153,CPI,P41145,compound,protein,1
2153,CPI,P78334,compound,protein,0
2153,CPI,P49336,compound,protein,0
2157,CPI,P04626,compound,protein,1
2157,CPI,P11712,compound,protein,1
2157,CPI,P14416,compound,protein,1
2157,CPI,P18089,compound,protein,1
2157,CPI,P28482,compound,protein,1
2157,CPI,Q01668,compound,protein,1
2157,CPI,P14735,compound,protein,0
2159,CPI,P28566,compound,protein,1
2160,CPI,P08908,compound,protein,1
2160,CPI,P19838,compound,protein,1
2160,CPI,Q9NS40,compound,protein,1
2160,CPI,P12429,compound,protein,0
2160,CPI,O43868,compound,protein,0
2160,CPI,O95544,compound,protein,0
2160,CPI,P19367,compound,protein,0
2160,CPI,P09525,compound,protein,0
2161,CPI,P08172,compound,protein,1
2162,CPI,P21917,compound,protein,1
216210,CPI,O15244,compound,protein,1
216210,CPI,P16083,compound,protein,1
216210,CPI,P09211,compound,protein,0
216235,CPI,P21731,compound,protein,1
216235,CPI,Q8WXA8,compound,protein,0
216239,CPI,O60285,compound,protein,1
216239,CPI,O75496,compound,protein,1
216239,CPI,O75914,compound,protein,1
216239,CPI,O95342,compound,protein,1
216239,CPI,O95819,compound,protein,1
216239,CPI,P08069,compound,protein,1
216239,CPI,P08684,compound,protein,1
216239,CPI,P31751,compound,protein,1
216239,CPI,P42680,compound,protein,1
216239,CPI,P45984,compound,protein,1
216239,CPI,P51812,compound,protein,1
216239,CPI,P78362,compound,protein,1
216239,CPI,Q12852,compound,protein,1
216239,CPI,Q13153,compound,protein,1
216239,CPI,Q13555,compound,protein,1
216239,CPI,Q13627,compound,protein,1
216239,CPI,Q13705,compound,protein,1
216239,CPI,Q15139,compound,protein,1
216239,CPI,Q15835,compound,protein,1
216239,CPI,Q8IW41,compound,protein,1
216239,CPI,Q8TD19,compound,protein,1
216239,CPI,Q9BRS2,compound,protein,1
216239,CPI,Q9HCP0,compound,protein,1
216239,CPI,Q9UNQ0,compound,protein,1
216239,CPI,Q9Y4K4,compound,protein,1
216239,CPI,Q04760,compound,protein,0
216239,CPI,Q9UBN7,compound,protein,0
216239,CPI,Q13332,compound,protein,0
216239,CPI,Q8WXA8,compound,protein,0
216239,CPI,P16152,compound,protein,0
216239,CPI,P10827,compound,protein,0
216239,CPI,O95263,compound,protein,0
216239,CPI,P31391,compound,protein,0
216239,CPI,Q9HC16,compound,protein,0
216239,CPI,O43174,compound,protein,0
216239,CPI,Q04206,compound,protein,0
21625941,CPI,P54756,compound,protein,0
216326,CPI,Q96SW2,compound,protein,1
216327,CPI,P11413,compound,protein,0
216327,CPI,P10721,compound,protein,0
216468,CPI,Q9NPD5,compound,protein,0
21678144,CPI,Q86UX6,compound,protein,0
2170,CPI,O00591,compound,protein,1
2170,CPI,P02545,compound,protein,1
2170,CPI,Q9NUW8,compound,protein,1
2170,CPI,Q9UBS5,compound,protein,1
2170,CPI,Q9Y6L6,compound,protein,0
2170,CPI,Q9P289,compound,protein,0
21700,CPI,P11229,compound,protein,1
21700,CPI,P21397,compound,protein,1
21700,CPI,Q9H7Z7,compound,protein,0
2176,CPI,Q8IVT5,compound,protein,0
2179,CPI,P02763,compound,protein,1
2179,CPI,P42345,compound,protein,1
2179,CPI,O14842,compound,protein,0
21800,CPI,O75469,compound,protein,1
21800,CPI,P30307,compound,protein,0
2182,CPI,Q05193,compound,protein,0
219078,CPI,Q16555,compound,protein,1
219104,CPI,Q15746,compound,protein,0
2191501,CPI,P42679,compound,protein,0
219271,CPI,Q8TDR2,compound,protein,0
219271,CPI,P78368,compound,protein,0
2194,CPI,P23975,compound,protein,1
2194,CPI,P32239,compound,protein,1
2200,CPI,P34969,compound,protein,1
2201555,CPI,O75874,compound,protein,1
2206,CPI,O75496,compound,protein,1
2206,CPI,Q05193,compound,protein,0
2206,CPI,Q6NS38,compound,protein,0
2214,CPI,P27695,compound,protein,0
221493,CPI,P10606,compound,protein,1
22225683,CPI,Q9Y257,compound,protein,0
22228376,CPI,P06493,compound,protein,1
22228376,CPI,Q05655,compound,protein,1
22228376,CPI,Q9H4B4,compound,protein,1
22228376,CPI,Q92934,compound,protein,0
22228376,CPI,P14598,compound,protein,0
22245026,CPI,P15954,compound,protein,0
222515,CPI,Q9UBU7,compound,protein,0
222528,CPI,P0CG30,compound,protein,1
222528,CPI,P48544,compound,protein,0
2225472,CPI,Q9NR56,compound,protein,1
222786,CPI,P83916,compound,protein,1
2229,CPI,Q13574,compound,protein,0
2229,CPI,P03372,compound,protein,0
223368,CPI,P03372,compound,protein,1
223368,CPI,Q9NUW8,compound,protein,1
22416236,CPI,P21554,compound,protein,0
22416251,CPI,Q03431,compound,protein,1
22416251,CPI,P04150,compound,protein,0
22416272,CPI,P02708,compound,protein,0
224246,CPI,O75496,compound,protein,1
2244,CPI,P41145,compound,protein,1
2244,CPI,P98066,compound,protein,1
2244,CPI,Q96KQ7,compound,protein,1
2244,CPI,P05164,compound,protein,0
2244,CPI,P04818,compound,protein,0
2244,CPI,Q13177,compound,protein,0
2247,CPI,P35346,compound,protein,1
2247,CPI,Q9NWZ3,compound,protein,0
2252,CPI,P07686,compound,protein,0
2258411,CPI,P51452,compound,protein,1
2264,CPI,Q16696,compound,protein,0
2265,CPI,P08588,compound,protein,1
2265,CPI,P21554,compound,protein,1
2265,CPI,P35367,compound,protein,1
2265,CPI,Q6XUX3,compound,protein,0
2265,CPI,P68106,compound,protein,0
2266,CPI,Q6JQN1,compound,protein,0
2266,CPI,Q2M2I8,compound,protein,0
2266,CPI,P35408,compound,protein,0
2266,CPI,O14684,compound,protein,0
2267,CPI,Q14790,compound,protein,0
2267,CPI,Q00613,compound,protein,0
2267,CPI,P43220,compound,protein,0
2267,CPI,P62913,compound,protein,0
2284,CPI,P47898,compound,protein,1
2303,CPI,P27448,compound,protein,0
2307,CPI,O75604,compound,protein,1
2307,CPI,P04150,compound,protein,1
2308203,CPI,P37288,compound,protein,0
2315,CPI,Q03405,compound,protein,0
2315,CPI,Q9UKV0,compound,protein,0
2315,CPI,O75164,compound,protein,0
2318,CPI,P33121,compound,protein,0
2320,CPI,Q15109,compound,protein,1
2321431,CPI,P0DMS8,compound,protein,0
2327,CPI,O43193,compound,protein,1
2327,CPI,P03372,compound,protein,1
2327,CPI,P08908,compound,protein,1
2327,CPI,Q9NRA0,compound,protein,0
2327,CPI,Q00613,compound,protein,0
2327953,CPI,Q8TCT1,compound,protein,1
2333,CPI,P08908,compound,protein,1
2335,CPI,P49773,compound,protein,0
2335,CPI,Q13085,compound,protein,0
2337,CPI,P14416,compound,protein,1
2337,CPI,P41968,compound,protein,1
2337,CPI,P39748,compound,protein,0
2343,CPI,O43570,compound,protein,1
2343,CPI,P0DMS8,compound,protein,1
2343,CPI,P35218,compound,protein,1
2343,CPI,P43166,compound,protein,1
2343,CPI,Q9BWU1,compound,protein,0
2344,CPI,Q01959,compound,protein,1
2351,CPI,P33261,compound,protein,1
2351,CPI,Q01064,compound,protein,1
2351,CPI,Q13705,compound,protein,0
2353,CPI,O60341,compound,protein,1
2354,CPI,P30044,compound,protein,1
2354,CPI,P36894,compound,protein,0
2355,CPI,P08684,compound,protein,1
2355,CPI,P48547,compound,protein,0
2360837,CPI,P10721,compound,protein,0
23612554,CPI,Q96QE3,compound,protein,1
23626877,CPI,P05412,compound,protein,0
23633604,CPI,P11229,compound,protein,0
23646672,CPI,P18031,compound,protein,1
23648021,CPI,Q53GL7,compound,protein,0
2366,CPI,P06239,compound,protein,0
2366,CPI,Q9Y263,compound,protein,0
236702,CPI,Q92934,compound,protein,0
2369,CPI,P21397,compound,protein,0
237,CPI,P20309,compound,protein,1
237,CPI,P35462,compound,protein,1
2370,CPI,P04150,compound,protein,1
2370,CPI,P21397,compound,protein,1
2370,CPI,Q13621,compound,protein,0
2370,CPI,Q58F21,compound,protein,0
23725625,CPI,P09874,compound,protein,1
23725625,CPI,Q8N5Y8,compound,protein,1
23748533,CPI,P51151,compound,protein,0
2375,CPI,Q12931,compound,protein,0
23760717,CPI,P41145,compound,protein,0
2378,CPI,P41595,compound,protein,1
2378,CPI,Q96KQ7,compound,protein,1
2378,CPI,P09525,compound,protein,0
2378,CPI,Q9UPY5,compound,protein,0
2378,CPI,O00311,compound,protein,0
2378,CPI,P15559,compound,protein,0
2378,CPI,O15439,compound,protein,0
23817956,CPI,P13674,compound,protein,1
2390,CPI,P05129,compound,protein,1
2390,CPI,Q05513,compound,protein,1
2390,CPI,Q16644,compound,protein,1
2390,CPI,P11021,compound,protein,1
2390,CPI,O76083,compound,protein,0
2390,CPI,P14555,compound,protein,0
2390,CPI,Q16570,compound,protein,0
2390,CPI,Q9NZV8,compound,protein,0
2390,CPI,P31151,compound,protein,0
2391,CPI,P16473,compound,protein,1
2391,CPI,Q16236,compound,protein,1
2391,CPI,P49773,compound,protein,0
24041599,CPI,P24046,compound,protein,1
24041599,CPI,Q9Y466,compound,protein,0
2405,CPI,O43193,compound,protein,1
24058669,CPI,Q16513,compound,protein,0
2406,CPI,P06401,compound,protein,1
2406,CPI,P28335,compound,protein,1
2406,CPI,P22694,compound,protein,0
24066,CPI,O75469,compound,protein,1
24066,CPI,P21731,compound,protein,1
24066,CPI,P35367,compound,protein,1
24180719,CPI,P09769,compound,protein,1
24180719,CPI,P31751,compound,protein,1
24180719,CPI,P36896,compound,protein,1
24180719,CPI,Q02779,compound,protein,1
24180719,CPI,Q05397,compound,protein,1
24180719,CPI,Q13976,compound,protein,1
24180719,CPI,Q8IYT8,compound,protein,1
24180719,CPI,Q99759,compound,protein,1
24180719,CPI,P25105,compound,protein,0
24180719,CPI,Q9Y6K1,compound,protein,0
24180719,CPI,Q01196,compound,protein,0
24180719,CPI,Q92847,compound,protein,0
24180719,CPI,P16499,compound,protein,0
24180719,CPI,P09211,compound,protein,0
24180719,CPI,P18031,compound,protein,0
24180719,CPI,P61981,compound,protein,0
24180719,CPI,P26599,compound,protein,0
24180719,CPI,O14746,compound,protein,0
24180719,CPI,Q9H3R0,compound,protein,0
24180719,CPI,P21918,compound,protein,0
24180719,CPI,Q00975,compound,protein,0
24180719,CPI,P0DUB6,compound,protein,0
241903,CPI,Q92945,compound,protein,0
24242928,CPI,P14416,compound,protein,0
2430,CPI,P08588,compound,protein,0
2431,CPI,P42345,compound,protein,0
2432214,CPI,P43220,compound,protein,1
2432214,CPI,Q16236,compound,protein,1
2432214,CPI,Q99640,compound,protein,0
24360,CPI,O15439,compound,protein,1
24360,CPI,Q09013,compound,protein,0
2442,CPI,P10635,compound,protein,1
2442,CPI,Q99720,compound,protein,1
2442307,CPI,Q9NUW8,compound,protein,1
2443,CPI,P34969,compound,protein,1
2446,CPI,Q9Y239,compound,protein,0
2453,CPI,Q9UKK3,compound,protein,0
2460,CPI,P05121,compound,protein,1
2460,CPI,Q8IYT8,compound,protein,0
2466259,CPI,Q99808,compound,protein,0
2467,CPI,P54652,compound,protein,0
2467,CPI,Q9Y230,compound,protein,0
2471,CPI,P20309,compound,protein,1
2471,CPI,P41145,compound,protein,1
2471,CPI,P55011,compound,protein,1
2471,CPI,P29323,compound,protein,0
2471,CPI,Q8N0U8,compound,protein,0
24747160,CPI,O60563,compound,protein,0
24747173,CPI,P19838,compound,protein,0
24747189,CPI,O75496,compound,protein,1
24747189,CPI,Q92847,compound,protein,0
24747214,CPI,O95382,compound,protein,0
24747216,CPI,Q9NUW8,compound,protein,0
24747246,CPI,P18089,compound,protein,0
24747246,CPI,P50225,compound,protein,0
24747340,CPI,O15054,compound,protein,0
24747342,CPI,O75716,compound,protein,0
24747342,CPI,P07947,compound,protein,0
24747343,CPI,P07947,compound,protein,0
24748573,CPI,Q96JB6,compound,protein,0
24748573,CPI,Q13285,compound,protein,0
2477,CPI,P10635,compound,protein,1
2477,CPI,Q9Y2R2,compound,protein,0
24771867,CPI,P06493,compound,protein,1
24771867,CPI,P07949,compound,protein,1
24771867,CPI,P19784,compound,protein,1
24771867,CPI,P36507,compound,protein,1
24771867,CPI,Q13557,compound,protein,1
24771867,CPI,Q13882,compound,protein,1
24771867,CPI,Q14012,compound,protein,1
24771867,CPI,Q5VT25,compound,protein,1
24771867,CPI,Q8TDC3,compound,protein,1
24771867,CPI,Q9NR20,compound,protein,1
24771867,CPI,P54709,compound,protein,0
24771867,CPI,Q9Y263,compound,protein,0
24771867,CPI,P07202,compound,protein,0
24771867,CPI,P01189,compound,protein,0
24771867,CPI,P09651,compound,protein,0
24771867,CPI,P19801,compound,protein,0
24771867,CPI,P00750,compound,protein,0
24771867,CPI,O75185,compound,protein,0
24772860,CPI,P09651,compound,protein,0
24775005,CPI,P14416,compound,protein,1
24775005,CPI,P51570,compound,protein,0
24776445,CPI,Q9UNQ0,compound,protein,1
24776445,CPI,Q14790,compound,protein,0
24779724,CPI,O00329,compound,protein,1
24779724,CPI,P04629,compound,protein,1
24779724,CPI,P43405,compound,protein,1
24779724,CPI,P49674,compound,protein,1
24779724,CPI,Q08345,compound,protein,1
24779724,CPI,Q09013,compound,protein,1
24779724,CPI,Q13470,compound,protein,1
24779724,CPI,Q13557,compound,protein,1
24779724,CPI,Q8IW41,compound,protein,1
24779724,CPI,Q9UIK4,compound,protein,1
24779724,CPI,Q9UKI8,compound,protein,1
24779724,CPI,Q9UM73,compound,protein,1
24779724,CPI,Q13002,compound,protein,0
24779724,CPI,Q15878,compound,protein,0
24779724,CPI,P06401,compound,protein,0
24779724,CPI,Q04828,compound,protein,0
24779724,CPI,Q16790,compound,protein,0
24779724,CPI,O43193,compound,protein,0
24779724,CPI,P40225,compound,protein,0
24779724,CPI,Q96QE3,compound,protein,0
24779724,CPI,Q9NZQ7,compound,protein,0
24779724,CPI,Q96KQ7,compound,protein,0
24779724,CPI,P13569,compound,protein,0
24779724,CPI,O75469,compound,protein,0
24779724,CPI,Q9HBY8,compound,protein,0
24785538,CPI,P07332,compound,protein,1
24785538,CPI,Q96Q04,compound,protein,1
24785538,CPI,P51168,compound,protein,0
24785538,CPI,P05166,compound,protein,0
24785538,CPI,Q9GZQ4,compound,protein,0
24794418,CPI,P00519,compound,protein,1
24794418,CPI,P24941,compound,protein,1
24794418,CPI,Q08345,compound,protein,1
24794418,CPI,Q9NUW8,compound,protein,0
2481,CPI,P07550,compound,protein,1
2481,CPI,P21731,compound,protein,1
2481,CPI,P30518,compound,protein,1
2481,CPI,Q99972,compound,protein,0
2482,CPI,Q13148,compound,protein,1
2482,CPI,Q9Y698,compound,protein,1
2482,CPI,O00443,compound,protein,0
2482,CPI,Q460N5,compound,protein,0
24821094,CPI,P00533,compound,protein,1
24821094,CPI,P04626,compound,protein,1
24821094,CPI,P07947,compound,protein,1
24821094,CPI,P42685,compound,protein,1
24826799,CPI,P04629,compound,protein,1
24826799,CPI,P32238,compound,protein,1
24826799,CPI,P45984,compound,protein,1
24826799,CPI,Q14721,compound,protein,0
2482839,CPI,Q8IYT8,compound,protein,0
2484,CPI,P28223,compound,protein,1
2484,CPI,P37288,compound,protein,1
2484,CPI,Q12809,compound,protein,1
2484,CPI,Q96KQ7,compound,protein,1
2484,CPI,P51168,compound,protein,0
2484,CPI,P68871,compound,protein,0
2484,CPI,P00519,compound,protein,0
24855958,CPI,P00533,compound,protein,0
24856041,CPI,Q05655,compound,protein,1
24856237,CPI,Q96QE3,compound,protein,1
24856238,CPI,O14649,compound,protein,0
24856313,CPI,Q99640,compound,protein,0
24856436,CPI,P11362,compound,protein,1
24856436,CPI,P16234,compound,protein,1
24856436,CPI,P51817,compound,protein,1
24856436,CPI,Q13131,compound,protein,1
24856436,CPI,Q9HAZ1,compound,protein,1
24856436,CPI,P00374,compound,protein,0
24856436,CPI,O75185,compound,protein,0
24856436,CPI,Q92934,compound,protein,0
24856436,CPI,P14859,compound,protein,0
24856436,CPI,Q8TDU6,compound,protein,0
24861442,CPI,Q9UBN7,compound,protein,1
24872560,CPI,P14867,compound,protein,1
24872560,CPI,Q9NS40,compound,protein,0
24872560,CPI,O94956,compound,protein,0
24889392,CPI,O75716,compound,protein,1
24889392,CPI,P36507,compound,protein,1
24889392,CPI,P42681,compound,protein,1
24889392,CPI,P49760,compound,protein,1
24889392,CPI,P51946,compound,protein,1
24889392,CPI,P53355,compound,protein,1
24889392,CPI,P54760,compound,protein,1
24889392,CPI,Q00526,compound,protein,1
24889392,CPI,Q13555,compound,protein,1
24889392,CPI,Q15418,compound,protein,1
24889392,CPI,Q2M2I8,compound,protein,1
24889392,CPI,Q7L7X3,compound,protein,1
24889392,CPI,Q8IU85,compound,protein,1
24889392,CPI,Q8N752,compound,protein,1
24889392,CPI,Q9BQI3,compound,protein,1
24889392,CPI,Q9HAZ1,compound,protein,1
24889392,CPI,Q9HBH9,compound,protein,1
24889392,CPI,Q9P0L2,compound,protein,1
24889392,CPI,P00742,compound,protein,0
24889392,CPI,Q8IZS8,compound,protein,0
24889392,CPI,Q9Y239,compound,protein,0
24889392,CPI,Q9UBN1,compound,protein,0
24889392,CPI,P09923,compound,protein,0
24889392,CPI,Q9UN88,compound,protein,0
24889392,CPI,Q86YN6,compound,protein,0
24889392,CPI,P25103,compound,protein,0
24889392,CPI,P08254,compound,protein,0
24889392,CPI,P08173,compound,protein,0
24889392,CPI,Q16570,compound,protein,0
24889392,CPI,P50281,compound,protein,0
24901704,CPI,P08581,compound,protein,1
24951314,CPI,Q9UHD8,compound,protein,0
24963252,CPI,P06280,compound,protein,0
24963293,CPI,O76074,compound,protein,1
24963293,CPI,P10696,compound,protein,0
24964624,CPI,P14859,compound,protein,0
24989044,CPI,P48775,compound,protein,0
24995524,CPI,O15264,compound,protein,1
24995524,CPI,O96017,compound,protein,1
24995524,CPI,P08581,compound,protein,1
24995524,CPI,Q04771,compound,protein,1
24995524,CPI,Q06418,compound,protein,1
24995524,CPI,Q12851,compound,protein,1
24995524,CPI,Q13002,compound,protein,0
24995524,CPI,Q8N5K1,compound,protein,0
24995524,CPI,P30968,compound,protein,0
24995524,CPI,Q9UF02,compound,protein,0
25015515,CPI,P09237,compound,protein,0
25021165,CPI,P28222,compound,protein,0
25023738,CPI,O60885,compound,protein,1
25062766,CPI,Q00534,compound,protein,1
25062766,CPI,Q96PY6,compound,protein,1
25062766,CPI,O15056,compound,protein,0
25066467,CPI,P07949,compound,protein,1
25066467,CPI,P24941,compound,protein,1
25066467,CPI,P53779,compound,protein,1
25066467,CPI,Q15746,compound,protein,1
25066467,CPI,P28300,compound,protein,0
25067484,CPI,P05177,compound,protein,0
25067484,CPI,P31639,compound,protein,0
25102847,CPI,P03372,compound,protein,1
25102847,CPI,P11362,compound,protein,1
25102847,CPI,P12931,compound,protein,1
25109888,CPI,Q6W5P4,compound,protein,1
25109888,CPI,Q15418,compound,protein,0
25109893,CPI,P08684,compound,protein,0
25109911,CPI,Q9H2X6,compound,protein,0
25109985,CPI,Q15465,compound,protein,1
25117126,CPI,P24941,compound,protein,1
25117126,CPI,P35968,compound,protein,1
25117126,CPI,Q14289,compound,protein,1
25117126,CPI,Q9P0L2,compound,protein,1
25117126,CPI,O00206,compound,protein,0
25117126,CPI,P41595,compound,protein,0
25117126,CPI,P11229,compound,protein,0
25118059,CPI,O15379,compound,protein,1
25118059,CPI,Q92769,compound,protein,1
2512,CPI,P68400,compound,protein,0
2512,CPI,P06239,compound,protein,0
25124816,CPI,P31751,compound,protein,1
25124816,CPI,Q9Y6M4,compound,protein,1
25124816,CPI,P47895,compound,protein,0
25124816,CPI,P36544,compound,protein,0
25124826,CPI,Q92736,compound,protein,0
25126798,CPI,O14733,compound,protein,1
25126798,CPI,P06239,compound,protein,1
25126798,CPI,P09619,compound,protein,1
25126798,CPI,P35968,compound,protein,1
25126798,CPI,P49137,compound,protein,1
25126798,CPI,P54753,compound,protein,1
25126798,CPI,Q13546,compound,protein,1
25126798,CPI,Q13627,compound,protein,1
25126798,CPI,Q13976,compound,protein,1
25126798,CPI,Q15208,compound,protein,1
25126798,CPI,Q2M2I8,compound,protein,1
25126798,CPI,Q96GD4,compound,protein,1
25126798,CPI,Q9H4B4,compound,protein,1
25126798,CPI,P04155,compound,protein,0
25126798,CPI,Q9HCC0,compound,protein,0
25126798,CPI,Q04760,compound,protein,0
25126798,CPI,Q92793,compound,protein,0
25126798,CPI,Q13332,compound,protein,0
25126798,CPI,P07550,compound,protein,0
25126798,CPI,Q9BQB6,compound,protein,0
25126798,CPI,P31939,compound,protein,0
25126798,CPI,O60658,compound,protein,0
25126798,CPI,P28845,compound,protein,0
25126798,CPI,P05412,compound,protein,0
25126798,CPI,P51589,compound,protein,0
25126798,CPI,Q07817,compound,protein,0
25134326,CPI,P53667,compound,protein,1
25134326,CPI,Q09470,compound,protein,0
25147679,CPI,Q8NFJ5,compound,protein,0
25151504,CPI,Q9UGI9,compound,protein,0
25161177,CPI,O43306,compound,protein,0
25171648,CPI,O94782,compound,protein,0
25182616,CPI,O94804,compound,protein,1
25182616,CPI,P10721,compound,protein,1
25182616,CPI,P11309,compound,protein,1
25182616,CPI,P20794,compound,protein,1
25182616,CPI,P23458,compound,protein,1
25182616,CPI,Q16513,compound,protein,1
25182616,CPI,Q8NG66,compound,protein,1
25182616,CPI,Q8NI60,compound,protein,1
25182616,CPI,Q96PY6,compound,protein,1
25182616,CPI,Q99683,compound,protein,1
25182616,CPI,Q9BX84,compound,protein,1
25182616,CPI,P42261,compound,protein,0
25182616,CPI,P47712,compound,protein,0
25182616,CPI,Q9NR20,compound,protein,0
25182616,CPI,P10635,compound,protein,0
25182616,CPI,Q9UPY5,compound,protein,0
25183872,CPI,Q14012,compound,protein,0
25183872,CPI,P30542,compound,protein,0
25183872,CPI,P27037,compound,protein,0
2519,CPI,P07550,compound,protein,1
2519,CPI,Q9Y233,compound,protein,1
2519,CPI,Q86W47,compound,protein,0
25195348,CPI,Q9Y6F1,compound,protein,0
25195352,CPI,P28223,compound,protein,0
2520,CPI,P22001,compound,protein,1
2520,CPI,P35367,compound,protein,1
2520,CPI,Q01959,compound,protein,1
2520,CPI,Q9UNQ0,compound,protein,1
2520,CPI,P27707,compound,protein,0
2520,CPI,O43353,compound,protein,0
25227436,CPI,P31749,compound,protein,1
25227462,CPI,O14976,compound,protein,1
25227462,CPI,P07947,compound,protein,1
25227462,CPI,Q16566,compound,protein,1
25227462,CPI,P31151,compound,protein,0
25227462,CPI,Q8TCT1,compound,protein,0
25227462,CPI,P36544,compound,protein,0
25227462,CPI,P11229,compound,protein,0
25243728,CPI,P14618,compound,protein,1
25243746,CPI,P29973,compound,protein,0
25243750,CPI,P11229,compound,protein,0
25243780,CPI,P36894,compound,protein,0
25243785,CPI,P11229,compound,protein,0
25243786,CPI,P04278,compound,protein,0
25243787,CPI,P61956,compound,protein,0
25243794,CPI,P08069,compound,protein,0
25249,CPI,P10275,compound,protein,1
25249,CPI,P10635,compound,protein,1
25254071,CPI,O94804,compound,protein,1
25254071,CPI,P16591,compound,protein,1
25254071,CPI,Q09470,compound,protein,0
2531,CPI,P20020,compound,protein,1
2532,CPI,P0DMS8,compound,protein,0
2532,CPI,P11712,compound,protein,0
2536,CPI,Q8IU80,compound,protein,1
253602,CPI,P61927,compound,protein,1
253602,CPI,Q16637,compound,protein,1
253602,CPI,Q96L21,compound,protein,1
253602,CPI,Q9UGN5,compound,protein,0
2540,CPI,P42224,compound,protein,0
2541,CPI,P00533,compound,protein,1
2541,CPI,P08684,compound,protein,1
2541,CPI,P21452,compound,protein,1
2541,CPI,P32245,compound,protein,1
25429,CPI,P55157,compound,protein,0
25429,CPI,Q9Y6F1,compound,protein,0
2549,CPI,O75496,compound,protein,1
2549,CPI,P16050,compound,protein,1
2549,CPI,Q05397,compound,protein,0
2551,CPI,P06401,compound,protein,1
2551,CPI,P30556,compound,protein,1
2551,CPI,P35367,compound,protein,1
2551,CPI,Q92847,compound,protein,1
2551,CPI,P14555,compound,protein,0
2562,CPI,P08684,compound,protein,1
2562,CPI,P48546,compound,protein,0
2576,CPI,P83916,compound,protein,1
2581,CPI,P14416,compound,protein,1
2583,CPI,P07550,compound,protein,1
2583,CPI,P35367,compound,protein,1
2583,CPI,P05089,compound,protein,0
2583,CPI,P22894,compound,protein,0
2583,CPI,Q15208,compound,protein,0
2585,CPI,O75469,compound,protein,1
2585,CPI,O95069,compound,protein,1
2585,CPI,P35236,compound,protein,0
259329,CPI,P11137,compound,protein,1
26098,CPI,Q9NR21,compound,protein,0
262093,CPI,O75496,compound,protein,1
262093,CPI,P37840,compound,protein,1
262093,CPI,Q99714,compound,protein,1
262093,CPI,O94956,compound,protein,0
262093,CPI,P18031,compound,protein,0
264,CPI,O75914,compound,protein,0
26450846,CPI,Q8N5Y8,compound,protein,0
2662,CPI,P23280,compound,protein,1
2662,CPI,Q9UBS5,compound,protein,1
2662,CPI,P35968,compound,protein,0
2662,CPI,P51957,compound,protein,0
2662,CPI,P34903,compound,protein,0
2662,CPI,P61088,compound,protein,0
2662,CPI,P09769,compound,protein,0
266934,CPI,P34995,compound,protein,0
26757,CPI,P21731,compound,protein,1
26757,CPI,P30542,compound,protein,1
26757,CPI,Q13332,compound,protein,0
26757,CPI,P53671,compound,protein,0
26757,CPI,P10276,compound,protein,0
2678,CPI,Q96FL8,compound,protein,0
26879,CPI,P09923,compound,protein,1
2689,CPI,P28222,compound,protein,1
2689,CPI,O15054,compound,protein,0
2690,CPI,O75496,compound,protein,1
2690,CPI,P42345,compound,protein,1
2690,CPI,O75874,compound,protein,0
2690,CPI,P61073,compound,protein,0
2691,CPI,P08686,compound,protein,0
26937,CPI,P54764,compound,protein,0
26987,CPI,Q12809,compound,protein,1
26987,CPI,P35236,compound,protein,0
26987,CPI,Q9UK17,compound,protein,0
2708,CPI,P16473,compound,protein,1
2708,CPI,P40225,compound,protein,1
2708,CPI,Q9NUW8,compound,protein,1
2712,CPI,Q9UKV0,compound,protein,0
2712,CPI,Q86UE8,compound,protein,0
2713,CPI,O15245,compound,protein,1
2713,CPI,O60240,compound,protein,1
2713,CPI,P04150,compound,protein,1
2713,CPI,P04637,compound,protein,1
2713,CPI,P49674,compound,protein,1
2713,CPI,P61088,compound,protein,1
2713,CPI,Q86VL8,compound,protein,1
2713,CPI,P05106,compound,protein,0
2717,CPI,P30556,compound,protein,1
2717,CPI,Q01959,compound,protein,1
2719,CPI,P06401,compound,protein,1
2719,CPI,P08172,compound,protein,1
2719,CPI,P11229,compound,protein,1
2719,CPI,P14416,compound,protein,1
2719,CPI,Q9NR96,compound,protein,1
2719,CPI,Q08345,compound,protein,0
2719,CPI,P47871,compound,protein,0
2719,CPI,Q9UQL6,compound,protein,0
2720,CPI,P18089,compound,protein,1
2720,CPI,P49888,compound,protein,0
2723,CPI,P11229,compound,protein,1
2724,CPI,P36896,compound,protein,0
2724385,CPI,P07550,compound,protein,1
2724385,CPI,P04070,compound,protein,0
2725,CPI,P08912,compound,protein,1
2725,CPI,P47898,compound,protein,1
2726,CPI,P23975,compound,protein,1
2726,CPI,Q16637,compound,protein,1
2726,CPI,O75475,compound,protein,0
2726,CPI,P11926,compound,protein,0
2726824,CPI,P35222,compound,protein,1
2726824,CPI,P17787,compound,protein,0
2727,CPI,P02545,compound,protein,1
2727,CPI,P78508,compound,protein,1
2727,CPI,P22459,compound,protein,0
2730,CPI,O75496,compound,protein,1
2730,CPI,Q8N884,compound,protein,0
2732,CPI,P06401,compound,protein,1
2732,CPI,P30411,compound,protein,1
2732,CPI,P45985,compound,protein,0
2733,CPI,O75469,compound,protein,1
2733,CPI,P03372,compound,protein,1
2733,CPI,P37288,compound,protein,1
2733,CPI,Q12791,compound,protein,1
2733526,CPI,Q05513,compound,protein,1
2733526,CPI,P41595,compound,protein,1
2733526,CPI,O75365,compound,protein,0
2733526,CPI,Q00537,compound,protein,0
273769,CPI,O00167,compound,protein,1
27400,CPI,P28222,compound,protein,1
27400,CPI,O15054,compound,protein,0
27447,CPI,P04070,compound,protein,0
2745688,CPI,Q06710,compound,protein,0
2745694,CPI,P39086,compound,protein,0
2746,CPI,Q9UKV0,compound,protein,1
2749,CPI,Q96FL8,compound,protein,0
2750,CPI,P15428,compound,protein,1
2750,CPI,P07949,compound,protein,0
2752,CPI,O75469,compound,protein,1
2752,CPI,P08588,compound,protein,1
2752,CPI,P46098,compound,protein,1
27559,CPI,P0DMS8,compound,protein,0
2757788,CPI,P21397,compound,protein,0
2761,CPI,P08912,compound,protein,1
2762,CPI,P32238,compound,protein,1
2762,CPI,Q8IWQ3,compound,protein,0
2764,CPI,P21917,compound,protein,1
27648,CPI,Q16236,compound,protein,1
2765,CPI,P49798,compound,protein,1
27661,CPI,Q03164,compound,protein,0
2769,CPI,P28335,compound,protein,1
2769,CPI,Q05655,compound,protein,0
2769230,CPI,P01375,compound,protein,0
2770,CPI,P41595,compound,protein,0
2771,CPI,P14416,compound,protein,1
2771,CPI,Q92630,compound,protein,0
2771,CPI,O15296,compound,protein,0
2777,CPI,P21452,compound,protein,0
2778748,CPI,P43220,compound,protein,1
2780,CPI,O43306,compound,protein,0
27806705,CPI,P16860,compound,protein,1
27812,CPI,P10635,compound,protein,0
2782,CPI,O15296,compound,protein,1
2782,CPI,P02545,compound,protein,1
2782,CPI,P33261,compound,protein,1
2782,CPI,Q9H3N8,compound,protein,1
2782,CPI,P27037,compound,protein,0
2783,CPI,P20618,compound,protein,0
2788,CPI,P05067,compound,protein,1
2794,CPI,Q9UNQ0,compound,protein,1
2796,CPI,P14416,compound,protein,1
2796,CPI,P08238,compound,protein,0
2797577,CPI,P49761,compound,protein,1
2799,CPI,O75874,compound,protein,1
2799,CPI,O15379,compound,protein,0
2801,CPI,P08912,compound,protein,1
2801,CPI,Q96QE3,compound,protein,1
2801,CPI,Q12791,compound,protein,0
2802,CPI,O43193,compound,protein,1
2802,CPI,P28223,compound,protein,1
2802,CPI,P35367,compound,protein,1
2802190,CPI,P08631,compound,protein,0
2803,CPI,P11712,compound,protein,1
2803,CPI,P29376,compound,protein,0
2803,CPI,P37059,compound,protein,0
2806,CPI,P50750,compound,protein,0
2806,CPI,Q9NY57,compound,protein,0
2806,CPI,P08908,compound,protein,0
2809273,CPI,P43220,compound,protein,1
2812,CPI,P08908,compound,protein,1
2812,CPI,P10635,compound,protein,1
2812,CPI,P13945,compound,protein,1
2812,CPI,P16050,compound,protein,1
2812,CPI,P49238,compound,protein,0
2812,CPI,P16591,compound,protein,0
2812,CPI,Q12851,compound,protein,0
2812,CPI,P00367,compound,protein,0
2819095,CPI,P51151,compound,protein,1
2824173,CPI,O43353,compound,protein,0
2833,CPI,Q86TW2,compound,protein,0
28417,CPI,P11229,compound,protein,1
28417,CPI,P14416,compound,protein,1
28417,CPI,P21554,compound,protein,1
28417,CPI,O15054,compound,protein,0
28417,CPI,O60218,compound,protein,0
28417,CPI,P05090,compound,protein,0
28417,CPI,P24530,compound,protein,0
2853908,CPI,P0DMS8,compound,protein,0
2858523,CPI,O75496,compound,protein,1
2861757,CPI,Q14457,compound,protein,0
2861757,CPI,P27815,compound,protein,0
2866,CPI,P28335,compound,protein,1
28693,CPI,P28223,compound,protein,1
2871,CPI,P08684,compound,protein,1
2871,CPI,Q3MIX3,compound,protein,0
2876959,CPI,P04637,compound,protein,1
2878586,CPI,P26358,compound,protein,1
2878586,CPI,P14859,compound,protein,0
2882,CPI,P07900,compound,protein,1
2882,CPI,Q9NR21,compound,protein,0
288216,CPI,P07947,compound,protein,0
2893,CPI,Q08257,compound,protein,0
2895,CPI,Q12809,compound,protein,1
2895,CPI,Q9Y4P1,compound,protein,0
2895,CPI,Q14457,compound,protein,0
290486,CPI,Q9NUW8,compound,protein,1
290486,CPI,Q02817,compound,protein,0
2905,CPI,P28223,compound,protein,1
2905,CPI,Q9UBC3,compound,protein,0
2905,CPI,P28300,compound,protein,0
2907,CPI,P20813,compound,protein,1
2910,CPI,P24666,compound,protein,0
2910,CPI,Q9BRX8,compound,protein,0
2911646,CPI,P08172,compound,protein,0
2913,CPI,O00303,compound,protein,0
2921148,CPI,Q9NR56,compound,protein,1
2930014,CPI,P29371,compound,protein,0
2941,CPI,P0DMS8,compound,protein,0
2941340,CPI,Q9UL54,compound,protein,0
2949,CPI,P02545,compound,protein,0
2949965,CPI,P04637,compound,protein,1
2950,CPI,P11473,compound,protein,1
2950,CPI,Q96KQ7,compound,protein,1
2951172,CPI,Q9UQB9,compound,protein,0
2958,CPI,O43193,compound,protein,0
2966,CPI,P21917,compound,protein,0
2968,CPI,O14983,compound,protein,0
2972,CPI,P33261,compound,protein,1
2972,CPI,P52333,compound,protein,0
2973,CPI,P51575,compound,protein,0
2977478,CPI,P98066,compound,protein,0
298,CPI,Q13002,compound,protein,0
2980973,CPI,Q16236,compound,protein,1
299,CPI,Q96RI1,compound,protein,1
299,CPI,O00443,compound,protein,0
2990,CPI,Q9UNA4,compound,protein,1
2990,CPI,Q9H0J9,compound,protein,0
2990,CPI,Q16566,compound,protein,0
29922189,CPI,Q02750,compound,protein,0
2993,CPI,P08684,compound,protein,1
2993,CPI,P16473,compound,protein,1
2993,CPI,P27815,compound,protein,1
2995,CPI,Q16832,compound,protein,0
3000322,CPI,P18089,compound,protein,1
3000322,CPI,P41145,compound,protein,1
3000322,CPI,O75899,compound,protein,0
3000322,CPI,O14983,compound,protein,0
3000540,CPI,P06401,compound,protein,1
3000540,CPI,Q92847,compound,protein,1
3000540,CPI,P40763,compound,protein,0
3001028,CPI,P25098,compound,protein,0
3001055,CPI,P08172,compound,protein,1
3001055,CPI,P11229,compound,protein,1
3001055,CPI,P21731,compound,protein,1
3001055,CPI,Q9Y2I1,compound,protein,0
3001055,CPI,O15264,compound,protein,0
3003,CPI,P04083,compound,protein,1
3003,CPI,P04150,compound,protein,1
3006531,CPI,P43088,compound,protein,0
3009355,CPI,P04150,compound,protein,0
3016,CPI,Q9UPE1,compound,protein,0
3017,CPI,Q99714,compound,protein,1
3019,CPI,P29274,compound,protein,1
3019,CPI,P41968,compound,protein,1
3025,CPI,P05177,compound,protein,1
3025,CPI,P14416,compound,protein,1
3025,CPI,P41595,compound,protein,1
3025,CPI,Q9HC29,compound,protein,0
3025,CPI,O43497,compound,protein,0
3025,CPI,P38398,compound,protein,0
3025986,CPI,O14733,compound,protein,1
3025986,CPI,P00519,compound,protein,1
3025986,CPI,P21802,compound,protein,1
3025986,CPI,P32298,compound,protein,1
3025986,CPI,P35590,compound,protein,1
3025986,CPI,P36896,compound,protein,1
3025986,CPI,P45983,compound,protein,1
3025986,CPI,P50750,compound,protein,1
3025986,CPI,P80192,compound,protein,1
3025986,CPI,Q00536,compound,protein,1
3025986,CPI,Q13177,compound,protein,1
3025986,CPI,Q14004,compound,protein,1
3025986,CPI,Q9BQI3,compound,protein,1
3025986,CPI,Q9BWU1,compound,protein,1
3025986,CPI,Q9H1R3,compound,protein,1
3025986,CPI,Q9HBY8,compound,protein,1
3025986,CPI,Q9HC98,compound,protein,1
3025986,CPI,Q9UKI8,compound,protein,1
3025986,CPI,Q9Y463,compound,protein,1
3025986,CPI,Q13002,compound,protein,0
3025986,CPI,P48443,compound,protein,0
3025986,CPI,Q15596,compound,protein,0
3025986,CPI,P04439,compound,protein,0
3025986,CPI,P25116,compound,protein,0
3025986,CPI,Q8TF76,compound,protein,0
3025986,CPI,P02763,compound,protein,0
30323,CPI,P55210,compound,protein,0
30323,CPI,P41279,compound,protein,0
3033,CPI,P07550,compound,protein,1
3033,CPI,P08173,compound,protein,1
3033,CPI,Q01959,compound,protein,1
3033,CPI,P30939,compound,protein,0
3033,CPI,Q13698,compound,protein,0
3033,CPI,P05165,compound,protein,0
3033,CPI,P36896,compound,protein,0
3033,CPI,Q13639,compound,protein,0
3033637,CPI,Q86Z02,compound,protein,0
3033769,CPI,Q96PN6,compound,protein,0
3033769,CPI,P08172,compound,protein,0
3034010,CPI,Q8NCG7,compound,protein,1
3034010,CPI,O14983,compound,protein,0
3034034,CPI,P02768,compound,protein,0
3035672,CPI,P02545,compound,protein,0
3035842,CPI,P09429,compound,protein,0
3036864,CPI,P28335,compound,protein,1
3037,CPI,O75908,compound,protein,0
3038,CPI,P08588,compound,protein,1
3038495,CPI,P08588,compound,protein,0
3038522,CPI,O14733,compound,protein,1
3038522,CPI,P08069,compound,protein,1
3038522,CPI,P51955,compound,protein,1
3038522,CPI,P53779,compound,protein,1
3038522,CPI,P54756,compound,protein,1
3038522,CPI,Q16620,compound,protein,1
3038522,CPI,Q5S007,compound,protein,1
3038522,CPI,Q86UE8,compound,protein,1
3038522,CPI,Q8IWQ3,compound,protein,1
3038522,CPI,Q8IY84,compound,protein,1
3038522,CPI,Q8WXR4,compound,protein,1
3038522,CPI,Q99640,compound,protein,1
3038522,CPI,Q9BQI3,compound,protein,1
3038522,CPI,Q9BRS2,compound,protein,1
3038522,CPI,Q9UQM7,compound,protein,1
3038522,CPI,Q8TCT1,compound,protein,0
3038522,CPI,Q9Y468,compound,protein,0
3038522,CPI,Q9Y2I1,compound,protein,0
3038522,CPI,P43088,compound,protein,0
3038522,CPI,Q9NPD5,compound,protein,0
3038522,CPI,Q99571,compound,protein,0
3038522,CPI,Q92959,compound,protein,0
3038522,CPI,P35367,compound,protein,0
3038522,CPI,P57764,compound,protein,0
3038525,CPI,O15264,compound,protein,1
3038525,CPI,O43318,compound,protein,1
3038525,CPI,P07947,compound,protein,1
3038525,CPI,P22607,compound,protein,1
3038525,CPI,P27037,compound,protein,1
3038525,CPI,P29597,compound,protein,1
3038525,CPI,P36507,compound,protein,1
3038525,CPI,P36894,compound,protein,1
3038525,CPI,P48730,compound,protein,1
3038525,CPI,P49137,compound,protein,1
3038525,CPI,P57058,compound,protein,1
3038525,CPI,Q13470,compound,protein,1
3038525,CPI,Q5S007,compound,protein,1
3038525,CPI,Q8TBX8,compound,protein,1
3038525,CPI,Q96Q40,compound,protein,1
3038525,CPI,Q9UKE5,compound,protein,1
3038525,CPI,Q00653,compound,protein,0
3038525,CPI,O75475,compound,protein,0
3038525,CPI,Q9HBA0,compound,protein,0
3038525,CPI,P16050,compound,protein,0
3038525,CPI,Q13148,compound,protein,0
3038525,CPI,P26447,compound,protein,0
3038525,CPI,Q96PN6,compound,protein,0
3038525,CPI,P33032,compound,protein,0
3038525,CPI,O00206,compound,protein,0
3039,CPI,P02787,compound,protein,1
3039,CPI,P52564,compound,protein,0
3042,CPI,P28335,compound,protein,1
3042,CPI,Q96QE3,compound,protein,1
3042,CPI,Q02880,compound,protein,0
3052776,CPI,P18089,compound,protein,1
3052776,CPI,Q96PN6,compound,protein,0
3053,CPI,P21917,compound,protein,0
3055,CPI,P08173,compound,protein,1
3059,CPI,O75604,compound,protein,1
3059,CPI,P00915,compound,protein,1
3059,CPI,P32238,compound,protein,1
3059,CPI,P42345,compound,protein,0
3059,CPI,P20366,compound,protein,0
3062316,CPI,P32298,compound,protein,1
3062316,CPI,P45983,compound,protein,1
3062316,CPI,P49760,compound,protein,1
3062316,CPI,Q06203,compound,protein,1
3062316,CPI,Q15139,compound,protein,1
3062316,CPI,Q15349,compound,protein,1
3062316,CPI,Q86V86,compound,protein,1
3062316,CPI,Q8IWQ3,compound,protein,1
3062316,CPI,Q8IYT8,compound,protein,1
3062316,CPI,Q9NRP7,compound,protein,1
3062316,CPI,Q9GZV3,compound,protein,0
3062316,CPI,Q12851,compound,protein,0
3062316,CPI,P46098,compound,protein,0
3062316,CPI,P10827,compound,protein,0
3062316,CPI,P08908,compound,protein,0
3062316,CPI,Q96KB5,compound,protein,0
3062316,CPI,P30411,compound,protein,0
3062316,CPI,Q13315,compound,protein,0
3062316,CPI,Q9NS40,compound,protein,0
3062316,CPI,Q9Y6L6,compound,protein,0
3062316,CPI,Q00534,compound,protein,0
3062316,CPI,P05067,compound,protein,0
3066,CPI,Q13315,compound,protein,0
3066,CPI,P37288,compound,protein,0
3074,CPI,P12268,compound,protein,0
30751,CPI,O95342,compound,protein,0
3078519,CPI,P05771,compound,protein,1
3078519,CPI,P27448,compound,protein,1
3078519,CPI,Q05397,compound,protein,1
3078519,CPI,Q13557,compound,protein,1
3078519,CPI,O14983,compound,protein,0
3078519,CPI,O95069,compound,protein,0
3081361,CPI,O43353,compound,protein,1
3081361,CPI,P16234,compound,protein,1
3081361,CPI,P21802,compound,protein,1
3081361,CPI,P31749,compound,protein,1
3081361,CPI,P49841,compound,protein,1
3081361,CPI,P57058,compound,protein,1
3081361,CPI,Q00537,compound,protein,1
3081361,CPI,Q05655,compound,protein,1
3081361,CPI,Q13177,compound,protein,1
3081361,CPI,Q14012,compound,protein,1
3081361,CPI,Q15831,compound,protein,1
3081361,CPI,Q16566,compound,protein,1
3081361,CPI,Q16584,compound,protein,1
3081361,CPI,Q7L7X3,compound,protein,1
3081361,CPI,Q86UE8,compound,protein,1
3081361,CPI,Q9HBA0,compound,protein,0
3081361,CPI,P01375,compound,protein,0
3081361,CPI,P05067,compound,protein,0
3081361,CPI,P49286,compound,protein,0
3081361,CPI,Q07973,compound,protein,0
3081361,CPI,Q9NR20,compound,protein,0
3081361,CPI,P06730,compound,protein,0
3081361,CPI,Q13285,compound,protein,0
3081361,CPI,P61981,compound,protein,0
3081361,CPI,Q96PN6,compound,protein,0
3085107,CPI,O60285,compound,protein,0
3085416,CPI,P50225,compound,protein,0
3100,CPI,P21554,compound,protein,1
3100,CPI,P53671,compound,protein,0
3100,CPI,P25089,compound,protein,0
3100,CPI,P10632,compound,protein,0
3103,CPI,Q12809,compound,protein,1
3105,CPI,P08588,compound,protein,1
31072,CPI,P50613,compound,protein,0
31072,CPI,P29323,compound,protein,0
31072,CPI,Q12852,compound,protein,0
31072,CPI,Q96NX5,compound,protein,0
3108,CPI,P08908,compound,protein,1
3108,CPI,Q15046,compound,protein,0
3108,CPI,P54619,compound,protein,0
31101,CPI,P08908,compound,protein,1
31101,CPI,P21554,compound,protein,1
31101,CPI,P36888,compound,protein,0
31101,CPI,P29371,compound,protein,0
3114,CPI,P19652,compound,protein,1
3114,CPI,P08311,compound,protein,0
3117,CPI,O60240,compound,protein,1
3117,CPI,O95342,compound,protein,1
3117,CPI,P11712,compound,protein,1
3117,CPI,P35414,compound,protein,1
3117,CPI,Q12809,compound,protein,1
3117,CPI,Q99623,compound,protein,0
3121,CPI,P08588,compound,protein,1
3121,CPI,P49798,compound,protein,1
3121,CPI,Q01959,compound,protein,1
3121,CPI,Q9NUW8,compound,protein,1
3121,CPI,P40225,compound,protein,0
3121,CPI,A5X5Y0,compound,protein,0
312145,CPI,Q96KQ7,compound,protein,1
312145,CPI,Q9H4B4,compound,protein,1
3132,CPI,P42892,compound,protein,1
3135,CPI,Q01453,compound,protein,1
3136666,CPI,P68371,compound,protein,0
3151,CPI,P08172,compound,protein,1
3151,CPI,P28223,compound,protein,1
3151,CPI,P41145,compound,protein,1
3152,CPI,P08172,compound,protein,1
3152,CPI,P21554,compound,protein,1
31549,CPI,P84098,compound,protein,1
31553,CPI,P55263,compound,protein,0
31553,CPI,Q16850,compound,protein,0
3157,CPI,P21397,compound,protein,1
3157,CPI,Q12809,compound,protein,1
3162,CPI,Q08050,compound,protein,0
3162043,CPI,Q9BYT3,compound,protein,1
3168,CPI,P35462,compound,protein,1
3168,CPI,Q9BY41,compound,protein,0
3168,CPI,Q9UEE5,compound,protein,0
31703,CPI,P42226,compound,protein,0
31703,CPI,P21589,compound,protein,0
31729,CPI,P08172,compound,protein,1
31729,CPI,P21397,compound,protein,1
3177,CPI,P35367,compound,protein,0
3177,CPI,Q07812,compound,protein,0
3180,CPI,P46098,compound,protein,1
3180,CPI,O00748,compound,protein,0
3180,CPI,Q96S37,compound,protein,0
3193014,CPI,P55263,compound,protein,0
3194,CPI,Q86T13,compound,protein,0
3194,CPI,Q12797,compound,protein,0
3198,CPI,Q7Z2W7,compound,protein,1
3198,CPI,Q9HC29,compound,protein,0
3198,CPI,P09884,compound,protein,0
3198,CPI,Q9H2X6,compound,protein,0
3213,CPI,O15296,compound,protein,1
3213,CPI,P04798,compound,protein,1
3213,CPI,Q02880,compound,protein,1
3213,CPI,Q8IUX4,compound,protein,1
3213,CPI,Q6DT37,compound,protein,0
32170,CPI,P35499,compound,protein,1
3220,CPI,P04150,compound,protein,1
3220,CPI,Q8NEV1,compound,protein,1
3220,CPI,Q96KQ7,compound,protein,1
3220,CPI,Q9UNA4,compound,protein,1
3223669,CPI,P05412,compound,protein,0
3226,CPI,Q9UBN1,compound,protein,1
3226,CPI,P41279,compound,protein,0
3229,CPI,P20309,compound,protein,1
322968,CPI,P33261,compound,protein,1
322968,CPI,Q9H773,compound,protein,0
323,CPI,O43570,compound,protein,1
3232217,CPI,P43403,compound,protein,0
3233012,CPI,Q08462,compound,protein,0
3234028,CPI,P24666,compound,protein,0
3234345,CPI,Q96QE3,compound,protein,1
3234850,CPI,Q13627,compound,protein,1
3235086,CPI,Q9Y2T6,compound,protein,0
3235398,CPI,P10635,compound,protein,1
3235398,CPI,P40763,compound,protein,0
3235429,CPI,P27695,compound,protein,1
3235429,CPI,O75376,compound,protein,0
3235537,CPI,Q07699,compound,protein,0
3237327,CPI,Q16637,compound,protein,1
3238389,CPI,P50135,compound,protein,0
3238417,CPI,P07550,compound,protein,1
3238944,CPI,Q9UGJ0,compound,protein,0
3240581,CPI,P01215,compound,protein,1
3240990,CPI,P43220,compound,protein,1
3242434,CPI,Q9UIF8,compound,protein,1
3243424,CPI,P11712,compound,protein,1
3247059,CPI,P33261,compound,protein,0
3266419,CPI,P53779,compound,protein,0
3266419,CPI,Q03431,compound,protein,0
3270699,CPI,P02545,compound,protein,1
3272300,CPI,P40225,compound,protein,1
3272524,CPI,P16050,compound,protein,1
3272524,CPI,P48058,compound,protein,1
3272524,CPI,P08908,compound,protein,0
3277,CPI,Q06203,compound,protein,0
3277,CPI,Q9Y6E0,compound,protein,0
3278,CPI,P11473,compound,protein,1
3278,CPI,P14416,compound,protein,1
3278,CPI,P21554,compound,protein,1
3278,CPI,P30411,compound,protein,1
3278,CPI,P30518,compound,protein,1
3278,CPI,P32245,compound,protein,1
3278,CPI,P41595,compound,protein,1
3278,CPI,P52564,compound,protein,1
3278,CPI,Q92887,compound,protein,1
3278,CPI,Q96KQ7,compound,protein,1
3278,CPI,Q08209,compound,protein,0
3279,CPI,P18089,compound,protein,0
3279,CPI,P21731,compound,protein,0
32798,CPI,P17516,compound,protein,0
3287,CPI,P21554,compound,protein,1
3287,CPI,P41595,compound,protein,1
3287,CPI,Q03431,compound,protein,0
3287,CPI,Q9H9B1,compound,protein,0
32875,CPI,Q96KQ7,compound,protein,1
3290,CPI,P35367,compound,protein,1
3291,CPI,P06401,compound,protein,1
3291,CPI,P18089,compound,protein,1
33032,CPI,O15067,compound,protein,1
33032,CPI,Q8TCU5,compound,protein,1
33032,CPI,Q99259,compound,protein,1
33032,CPI,P49238,compound,protein,0
33032,CPI,O43683,compound,protein,0
33032,CPI,P20292,compound,protein,0
33036,CPI,P08912,compound,protein,1
3305,CPI,P38606,compound,protein,1
3305,CPI,Q96EB6,compound,protein,0
3307,CPI,P47870,compound,protein,1
3308,CPI,P30411,compound,protein,1
3308,CPI,Q92847,compound,protein,1
3308,CPI,P35346,compound,protein,0
3324,CPI,P41595,compound,protein,1
3325,CPI,O43193,compound,protein,1
3325,CPI,P08588,compound,protein,1
3325,CPI,P18089,compound,protein,1
3325,CPI,P36542,compound,protein,0
3325,CPI,P21964,compound,protein,0
3325,CPI,P26358,compound,protein,0
3326,CPI,P10635,compound,protein,1
3331,CPI,P18089,compound,protein,1
3331,CPI,P30518,compound,protein,1
3331,CPI,Q08050,compound,protein,0
3331,CPI,P55789,compound,protein,0
3333,CPI,P08235,compound,protein,1
3333,CPI,P21731,compound,protein,1
3333,CPI,Q96GD4,compound,protein,1
3333,CPI,Q7L7X3,compound,protein,0
3333,CPI,Q15349,compound,protein,0
3333,CPI,Q12791,compound,protein,0
3333,CPI,P63252,compound,protein,0
3334,CPI,P38398,compound,protein,0
3335,CPI,P51878,compound,protein,1
3335,CPI,P00374,compound,protein,0
3335,CPI,Q00534,compound,protein,0
3339,CPI,P11498,compound,protein,0
3339,CPI,P07947,compound,protein,0
3339,CPI,Q8TBX8,compound,protein,0
3342,CPI,Q96GD4,compound,protein,0
3342390,CPI,P35367,compound,protein,1
3343,CPI,P16499,compound,protein,1
3343,CPI,Q9UIF8,compound,protein,0
3343,CPI,P28702,compound,protein,0
3348,CPI,Q9Y2T6,compound,protein,0
3351,CPI,P41145,compound,protein,0
3354,CPI,P05177,compound,protein,1
3354,CPI,Q9NRP7,compound,protein,0
3356,CPI,P35499,compound,protein,1
3356,CPI,Q92736,compound,protein,1
3356,CPI,Q96Q40,compound,protein,0
33572,CPI,Q9C0B1,compound,protein,0
33572,CPI,P51452,compound,protein,0
3361211,CPI,Q00532,compound,protein,0
33613,CPI,P13631,compound,protein,1
33613,CPI,O60840,compound,protein,0
33613,CPI,Q16637,compound,protein,0
33630,CPI,P35498,compound,protein,0
3364609,CPI,P49798,compound,protein,0
3365,CPI,O43193,compound,protein,1
3365,CPI,P18089,compound,protein,1
3365,CPI,P21397,compound,protein,1
3366,CPI,P51589,compound,protein,0
3366,CPI,Q8TBX8,compound,protein,0
3366,CPI,Q8N752,compound,protein,0
3371,CPI,P16473,compound,protein,1
3371,CPI,P19801,compound,protein,0
3371,CPI,Q9Y5S8,compound,protein,0
3372,CPI,P08908,compound,protein,1
3372,CPI,P21554,compound,protein,1
3372,CPI,P00352,compound,protein,0
3373,CPI,P31644,compound,protein,1
3373,CPI,Q96KQ7,compound,protein,1
3373,CPI,Q9UN88,compound,protein,1
33741,CPI,P20309,compound,protein,1
33741,CPI,Q05586,compound,protein,1
33741,CPI,O43683,compound,protein,0
33741,CPI,Q14457,compound,protein,0
33741,CPI,P54756,compound,protein,0
3385,CPI,Q9Y463,compound,protein,0
3386,CPI,P08172,compound,protein,1
3386,CPI,P21918,compound,protein,1
3386,CPI,P25103,compound,protein,1
3386,CPI,P32239,compound,protein,1
3386,CPI,Q8TDX7,compound,protein,0
3386,CPI,P22460,compound,protein,0
3392161,CPI,Q99816,compound,protein,0
3392731,CPI,O94782,compound,protein,1
3392731,CPI,Q99759,compound,protein,0
3394,CPI,P08908,compound,protein,1
3394,CPI,P21964,compound,protein,0
3396,CPI,P18089,compound,protein,1
3396,CPI,P41968,compound,protein,1
3396,CPI,Q96RR4,compound,protein,0
3397,CPI,P08172,compound,protein,1
3397,CPI,P10275,compound,protein,1
3397,CPI,Q01959,compound,protein,1
3397,CPI,P13631,compound,protein,0
34040,CPI,Q9NUW8,compound,protein,1
34040,CPI,P06746,compound,protein,0
3406,CPI,P21397,compound,protein,1
3406,CPI,P28223,compound,protein,1
3406,CPI,Q92847,compound,protein,1
3406,CPI,Q00535,compound,protein,0
3406,CPI,P11309,compound,protein,0
3413,CPI,O60266,compound,protein,1
3413,CPI,Q16659,compound,protein,1
3413,CPI,P68106,compound,protein,0
3413,CPI,O75604,compound,protein,0
3413,CPI,P52564,compound,protein,0
3413,CPI,Q9NPD5,compound,protein,0
3413,CPI,P07550,compound,protein,0
34312,CPI,P54803,compound,protein,1
34312,CPI,P11388,compound,protein,0
34359,CPI,Q99549,compound,protein,1
34359,CPI,P31644,compound,protein,0
3440,CPI,P00915,compound,protein,1
3440,CPI,P49798,compound,protein,0
3446,CPI,P10635,compound,protein,0
3447,CPI,P00742,compound,protein,1
3447,CPI,P08172,compound,protein,1
3450,CPI,P16050,compound,protein,1
3450,CPI,Q92830,compound,protein,1
3450,CPI,Q13233,compound,protein,0
3454,CPI,P02545,compound,protein,1
3455,CPI,P09172,compound,protein,0
3463,CPI,Q01959,compound,protein,1
3463,CPI,Q9UBS5,compound,protein,1
3463,CPI,Q9Y6L6,compound,protein,1
3463,CPI,Q9UNQ0,compound,protein,0
3463,CPI,P06241,compound,protein,0
3463,CPI,Q9BRS2,compound,protein,0
34633,CPI,P11712,compound,protein,0
3467177,CPI,Q8TD19,compound,protein,0
3467590,CPI,P55210,compound,protein,1
3474,CPI,P08684,compound,protein,1
3475,CPI,P07550,compound,protein,1
3475,CPI,Q01959,compound,protein,1
3475,CPI,Q9NUW8,compound,protein,0
3475,CPI,P07900,compound,protein,0
3475,CPI,P14867,compound,protein,0
3476986,CPI,P35580,compound,protein,1
34772,CPI,Q99571,compound,protein,0
34772,CPI,P24666,compound,protein,0
3478,CPI,P41145,compound,protein,1
3478,CPI,P41595,compound,protein,1
3478,CPI,Q01959,compound,protein,1
3478439,CPI,P03372,compound,protein,1
34870,CPI,Q9Y5X9,compound,protein,0
3488,CPI,P18089,compound,protein,1
3488,CPI,P49662,compound,protein,0
3488,CPI,O43525,compound,protein,0
3489614,CPI,O75899,compound,protein,1
3503,CPI,P16050,compound,protein,1
3503,CPI,P33261,compound,protein,1
3503,CPI,Q92830,compound,protein,1
3503,CPI,P51955,compound,protein,0
3503,CPI,P35218,compound,protein,0
3503,CPI,P16615,compound,protein,0
3510,CPI,P08173,compound,protein,1
3510,CPI,P28223,compound,protein,1
3516,CPI,P35462,compound,protein,1
3517,CPI,P06401,compound,protein,1
3517,CPI,P10275,compound,protein,1
3517,CPI,P35968,compound,protein,1
3517,CPI,Q9NRH2,compound,protein,0
3519,CPI,O43193,compound,protein,1
3519,CPI,P28335,compound,protein,1
3519,CPI,P07451,compound,protein,0
3519541,CPI,Q96LD8,compound,protein,0
35370,CPI,P28223,compound,protein,1
35370,CPI,Q9NUW8,compound,protein,1
35370,CPI,P05771,compound,protein,0
35370,CPI,O15399,compound,protein,0
35375,CPI,P05177,compound,protein,1
3538,CPI,P33261,compound,protein,1
353825,CPI,P43220,compound,protein,1
353825,CPI,Q8TD19,compound,protein,0
3544,CPI,P48729,compound,protein,0
3544,CPI,Q02127,compound,protein,0
3544,CPI,O00763,compound,protein,0
354624,CPI,Q7LG56,compound,protein,1
3547,CPI,P00533,compound,protein,1
3547,CPI,P04629,compound,protein,1
3547,CPI,P23443,compound,protein,1
3547,CPI,P24941,compound,protein,1
3547,CPI,P31751,compound,protein,1
3547,CPI,P51955,compound,protein,1
3547,CPI,P53667,compound,protein,1
3547,CPI,Q04759,compound,protein,1
3547,CPI,P10276,compound,protein,0
3547,CPI,P35869,compound,protein,0
3547,CPI,Q9HCN6,compound,protein,0
3547,CPI,Q14973,compound,protein,0
3559,CPI,P0DMS8,compound,protein,1
3559,CPI,P21917,compound,protein,1
3559,CPI,P34969,compound,protein,1
3559,CPI,Q96KQ7,compound,protein,1
3559,CPI,Q14012,compound,protein,0
3563638,CPI,P05067,compound,protein,0
35647030,CPI,P29274,compound,protein,0
3565209,CPI,Q9UKI8,compound,protein,0
35802,CPI,Q9HC29,compound,protein,0
3598,CPI,P05121,compound,protein,1
3598,CPI,P28335,compound,protein,1
3598,CPI,P29274,compound,protein,1
3598,CPI,Q96RI1,compound,protein,1
3598,CPI,O95264,compound,protein,0
3598,CPI,Q8TCT1,compound,protein,0
3598,CPI,P17676,compound,protein,0
3607,CPI,P08908,compound,protein,1
3607,CPI,P23975,compound,protein,1
3616,CPI,P14416,compound,protein,0
362328,CPI,P04083,compound,protein,0
3627,CPI,P68871,compound,protein,0
3627,CPI,O15440,compound,protein,0
36314,CPI,Q99714,compound,protein,1
36314,CPI,Q13148,compound,protein,0
36339,CPI,P31644,compound,protein,1
36339,CPI,Q9UN88,compound,protein,1
36339,CPI,P30411,compound,protein,0
3639,CPI,P11712,compound,protein,1
3639,CPI,P21397,compound,protein,1
3640,CPI,Q13627,compound,protein,0
3647,CPI,P00915,compound,protein,1
3647,CPI,P08908,compound,protein,1
3647,CPI,P32245,compound,protein,1
3647,CPI,P41595,compound,protein,1
3647,CPI,P41968,compound,protein,1
3652,CPI,P03372,compound,protein,1
3652,CPI,P21731,compound,protein,1
3652,CPI,P28074,compound,protein,0
3652,CPI,P11388,compound,protein,0
3652,CPI,O15379,compound,protein,0
3654103,CPI,P30939,compound,protein,1
3656150,CPI,O94768,compound,protein,0
3658,CPI,P25103,compound,protein,1
3658,CPI,Q8NG66,compound,protein,0
3658,CPI,P54219,compound,protein,0
3658,CPI,P78527,compound,protein,0
3661,CPI,P50281,compound,protein,0
3672,CPI,P07550,compound,protein,1
3675,CPI,O75469,compound,protein,0
3676,CPI,Q9UPY5,compound,protein,0
3676,CPI,Q03164,compound,protein,0
3676,CPI,P51955,compound,protein,0
3677,CPI,Q9NY57,compound,protein,0
3678,CPI,Q12809,compound,protein,1
3683,CPI,Q96KB5,compound,protein,0
3686,CPI,P07550,compound,protein,1
3686,CPI,P16499,compound,protein,1
3686,CPI,P31391,compound,protein,0
3689,CPI,P41145,compound,protein,1
3689,CPI,P48544,compound,protein,1
3689,CPI,P78527,compound,protein,0
3689,CPI,Q16539,compound,protein,0
3689413,CPI,Q8NEB9,compound,protein,1
3689413,CPI,P50052,compound,protein,0
3689413,CPI,Q8TBX8,compound,protein,0
3689415,CPI,P18074,compound,protein,0
3689416,CPI,P51151,compound,protein,1
3690,CPI,Q00535,compound,protein,0
3693566,CPI,Q5NUL3,compound,protein,0
3696,CPI,P47898,compound,protein,1
3696,CPI,P39748,compound,protein,0
3698,CPI,P21554,compound,protein,1
3698,CPI,P49336,compound,protein,0
3698,CPI,P35408,compound,protein,0
370,CPI,O43570,compound,protein,1
370,CPI,P04637,compound,protein,1
370,CPI,Q99571,compound,protein,0
3702,CPI,O43193,compound,protein,1
3702,CPI,Q9ULX7,compound,protein,1
3702,CPI,P43119,compound,protein,0
3702,CPI,Q01201,compound,protein,0
3702,CPI,P51452,compound,protein,0
3702,CPI,Q9H2X6,compound,protein,0
3707,CPI,Q14973,compound,protein,0
3712,CPI,P02545,compound,protein,0
3715,CPI,P15121,compound,protein,1
3715,CPI,P52895,compound,protein,1
3715,CPI,Q00536,compound,protein,0
37175,CPI,P08684,compound,protein,1
37175,CPI,Q9Y230,compound,protein,0
37175,CPI,P27448,compound,protein,0
3718,CPI,O75496,compound,protein,1
3718,CPI,P28223,compound,protein,1
3718,CPI,Q6XUX3,compound,protein,0
3721046,CPI,P03372,compound,protein,0
3721046,CPI,P20815,compound,protein,0
3728,CPI,O75604,compound,protein,1
3728,CPI,Q13153,compound,protein,0
3728,CPI,Q5BJF2,compound,protein,0
3730,CPI,P11229,compound,protein,1
3735,CPI,Q9NQU5,compound,protein,0
3739,CPI,P03372,compound,protein,1
3739,CPI,P08588,compound,protein,1
3739,CPI,P08908,compound,protein,1
3739,CPI,P29274,compound,protein,1
3739,CPI,Q92847,compound,protein,1
3739,CPI,Q99527,compound,protein,0
3744,CPI,Q00526,compound,protein,0
374536,CPI,Q00987,compound,protein,1
37463,CPI,Q9H3N8,compound,protein,1
3747,CPI,P10253,compound,protein,1
3748,CPI,P36896,compound,protein,0
3749,CPI,O95342,compound,protein,1
3749,CPI,P08908,compound,protein,1
3749,CPI,P21397,compound,protein,1
3749,CPI,P34969,compound,protein,1
3749,CPI,P35968,compound,protein,0
3749,CPI,P05186,compound,protein,0
37542,CPI,P18089,compound,protein,1
37542,CPI,P32245,compound,protein,1
37542,CPI,O96017,compound,protein,0
3759,CPI,Q5NUL3,compound,protein,0
3760,CPI,Q12809,compound,protein,1
3760,CPI,P09601,compound,protein,0
3767,CPI,P21917,compound,protein,1
3767,CPI,P49137,compound,protein,0
37768,CPI,P03372,compound,protein,1
37768,CPI,P21731,compound,protein,1
37768,CPI,Q01959,compound,protein,1
37768,CPI,Q99808,compound,protein,1
37768,CPI,Q13464,compound,protein,0
3779,CPI,P28223,compound,protein,1
3779,CPI,P41145,compound,protein,1
3779,CPI,Q9HBH9,compound,protein,0
3779,CPI,Q9UK17,compound,protein,0
3784,CPI,P10632,compound,protein,1
3784,CPI,Q01668,compound,protein,1
3784,CPI,O75460,compound,protein,0
3784,CPI,P04839,compound,protein,0
37907,CPI,P08684,compound,protein,1
3792,CPI,Q13131,compound,protein,0
3795,CPI,P28482,compound,protein,0
3795,CPI,Q9BXA7,compound,protein,0
3796,CPI,P18507,compound,protein,0
3799,CPI,P06239,compound,protein,1
3799,CPI,Q16288,compound,protein,0
3820,CPI,P04626,compound,protein,1
3820,CPI,P14618,compound,protein,1
3820,CPI,P31751,compound,protein,1
3820,CPI,Q08881,compound,protein,1
3820,CPI,Q5VT25,compound,protein,1
3820,CPI,Q6W5P4,compound,protein,0
3822,CPI,P11712,compound,protein,1
3822,CPI,P21731,compound,protein,1
3822,CPI,P28223,compound,protein,1
3822,CPI,P04626,compound,protein,0
3823,CPI,P06401,compound,protein,1
3823,CPI,P30411,compound,protein,1
3823,CPI,P30556,compound,protein,1
3823,CPI,Q00532,compound,protein,0
3823393,CPI,P24666,compound,protein,1
3823887,CPI,P05412,compound,protein,1
3823887,CPI,P42679,compound,protein,0
3825,CPI,P37288,compound,protein,1
3825,CPI,P39748,compound,protein,1
3825,CPI,Q04760,compound,protein,0
3825,CPI,P11166,compound,protein,0
3825,CPI,P27815,compound,protein,0
3825,CPI,P0DUB6,compound,protein,0
3825829,CPI,Q9UL54,compound,protein,0
3826,CPI,P08908,compound,protein,1
3826,CPI,P60953,compound,protein,1
3827,CPI,P32245,compound,protein,1
3827,CPI,Q92847,compound,protein,1
3827,CPI,O15439,compound,protein,0
3827,CPI,P04278,compound,protein,0
3828,CPI,Q9NUW8,compound,protein,1
3828,CPI,Q00526,compound,protein,0
3828,CPI,Q9P2K8,compound,protein,0
382975,CPI,P54753,compound,protein,0
3838,CPI,Q9UQM7,compound,protein,1
38409,CPI,P51170,compound,protein,0
3845,CPI,Q9NUW8,compound,protein,1
3853,CPI,P83916,compound,protein,1
3856780,CPI,P33402,compound,protein,0
387447,CPI,P20618,compound,protein,1
387447,CPI,P35218,compound,protein,1
387447,CPI,Q9BY41,compound,protein,1
3878,CPI,P14416,compound,protein,1
3878,CPI,P18507,compound,protein,1
3878,CPI,P23975,compound,protein,1
3878,CPI,P54803,compound,protein,1
3878,CPI,Q9UI33,compound,protein,1
3883,CPI,P0DMS8,compound,protein,1
3883,CPI,P10635,compound,protein,1
3883,CPI,Q8TCT1,compound,protein,1
3883,CPI,Q01064,compound,protein,0
38853,CPI,Q08345,compound,protein,0
38853,CPI,P33527,compound,protein,0
38853,CPI,P32249,compound,protein,0
38888103,CPI,P46098,compound,protein,0
3894,CPI,P05177,compound,protein,0
38945,CPI,O95180,compound,protein,0
38945,CPI,P16591,compound,protein,0
38945,CPI,Q9UKE5,compound,protein,0
3899,CPI,P35869,compound,protein,1
3899,CPI,P10635,compound,protein,0
3899,CPI,O15554,compound,protein,0
3899541,CPI,Q13224,compound,protein,1
3903,CPI,P57058,compound,protein,0
39042,CPI,P19793,compound,protein,1
39042,CPI,P28702,compound,protein,1
39042,CPI,P41968,compound,protein,1
39042,CPI,Q86Y07,compound,protein,0
39042,CPI,P54764,compound,protein,0
39065,CPI,P39748,compound,protein,0
39147,CPI,P08588,compound,protein,1
3915969,CPI,O75469,compound,protein,0
39186,CPI,P14416,compound,protein,1
39186,CPI,P41595,compound,protein,1
39186,CPI,Q06432,compound,protein,1
39186,CPI,P17252,compound,protein,0
39186,CPI,Q9UNU6,compound,protein,0
3921071,CPI,P05186,compound,protein,1
3926,CPI,P28223,compound,protein,1
3926,CPI,Q14524,compound,protein,0
392622,CPI,P20815,compound,protein,1
392622,CPI,P28223,compound,protein,1
392622,CPI,Q9HBH9,compound,protein,0
392622,CPI,Q5NUL3,compound,protein,0
3926765,CPI,P11388,compound,protein,1
393595,CPI,P31939,compound,protein,0
3941250,CPI,P02545,compound,protein,1
394449,CPI,O75874,compound,protein,1
3946,CPI,Q9HC16,compound,protein,0
3946,CPI,P40225,compound,protein,0
3947,CPI,P13631,compound,protein,0
3951,CPI,P50052,compound,protein,0
3953303,CPI,P21802,compound,protein,0
3953303,CPI,Q9H3Y6,compound,protein,0
3955,CPI,P02545,compound,protein,1
3955,CPI,P08183,compound,protein,1
3955,CPI,P11229,compound,protein,1
3955,CPI,Q13233,compound,protein,0
3955,CPI,P05164,compound,protein,0
39562,CPI,P20366,compound,protein,0
3957,CPI,O43193,compound,protein,1
3957,CPI,P21554,compound,protein,1
3957,CPI,P21917,compound,protein,1
3957,CPI,P35367,compound,protein,1
3957,CPI,Q6W5P4,compound,protein,1
395754,CPI,Q9NUW8,compound,protein,1
3958,CPI,P18089,compound,protein,1
3958,CPI,P28223,compound,protein,1
3958,CPI,P35462,compound,protein,1
3958,CPI,P51817,compound,protein,0
3958,CPI,P49761,compound,protein,0
3960,CPI,Q8IU85,compound,protein,0
3961,CPI,P21554,compound,protein,1
3961,CPI,P21918,compound,protein,1
3961,CPI,P23975,compound,protein,1
3964,CPI,Q9Y6M4,compound,protein,0
3964,CPI,Q96PY6,compound,protein,0
3964,CPI,Q9ULX7,compound,protein,0
3964693,CPI,P41145,compound,protein,1
3969,CPI,P06280,compound,protein,1
3969,CPI,P19793,compound,protein,1
3971,CPI,P00352,compound,protein,1
3973,CPI,Q9H4B4,compound,protein,1
3973,CPI,Q56UN5,compound,protein,0
3976,CPI,Q16236,compound,protein,0
3976,CPI,P04629,compound,protein,0
3976006,CPI,Q86Z02,compound,protein,0
398148,CPI,P48546,compound,protein,0
3994,CPI,Q86VL8,compound,protein,0
3995234,CPI,Q9Y6K1,compound,protein,0
4004,CPI,P41743,compound,protein,0
4004,CPI,P26447,compound,protein,0
4008,CPI,O43497,compound,protein,1
4008,CPI,Q01668,compound,protein,1
4008,CPI,Q96KQ7,compound,protein,1
4011,CPI,P21918,compound,protein,1
4011,CPI,P43220,compound,protein,1
4011,CPI,Q12809,compound,protein,1
4011,CPI,Q9NUW8,compound,protein,1
4011,CPI,Q15208,compound,protein,0
4011,CPI,Q9BQB6,compound,protein,0
4011,CPI,Q9H3N8,compound,protein,0
4013695,CPI,Q04912,compound,protein,0
4014291,CPI,P08172,compound,protein,0
4018512,CPI,Q13555,compound,protein,0
4018928,CPI,P00918,compound,protein,1
4020,CPI,P21918,compound,protein,1
4021,CPI,P00352,compound,protein,1
4021,CPI,P27695,compound,protein,1
4030,CPI,P02545,compound,protein,1
4030,CPI,P32238,compound,protein,1
4030,CPI,Q92847,compound,protein,1
4031,CPI,Q12809,compound,protein,1
4031,CPI,P05771,compound,protein,0
4032,CPI,O43193,compound,protein,1
4032,CPI,P17787,compound,protein,1
4032,CPI,P21731,compound,protein,1
4032,CPI,P23975,compound,protein,1
4032,CPI,P30518,compound,protein,1
4032,CPI,P41968,compound,protein,1
4032,CPI,P49798,compound,protein,1
4032,CPI,P23415,compound,protein,0
4034,CPI,P07550,compound,protein,1
4034,CPI,P06241,compound,protein,0
4037,CPI,P02766,compound,protein,1
4037,CPI,Q9BXA7,compound,protein,0
4043357,CPI,P14416,compound,protein,0
4044,CPI,P02766,compound,protein,0
4044,CPI,Q8NE63,compound,protein,0
4046,CPI,P08588,compound,protein,1
4046,CPI,P29274,compound,protein,1
4046,CPI,P30518,compound,protein,1
4046,CPI,Q12809,compound,protein,1
4046,CPI,P15538,compound,protein,0
40461270,CPI,P41595,compound,protein,0
40467075,CPI,O75469,compound,protein,1
40467984,CPI,P00352,compound,protein,0
40469418,CPI,P04083,compound,protein,1
40469854,CPI,P19652,compound,protein,0
4050965,CPI,P28562,compound,protein,1
40539,CPI,P49798,compound,protein,1
40539,CPI,P15428,compound,protein,0
4054,CPI,P03372,compound,protein,1
4054,CPI,P78334,compound,protein,1
4054,CPI,P05129,compound,protein,0
40632,CPI,P01137,compound,protein,1
40632,CPI,Q9HC98,compound,protein,0
4066,CPI,P37840,compound,protein,1
4075,CPI,P83916,compound,protein,0
4075,CPI,P41145,compound,protein,0
4075,CPI,Q8NEB9,compound,protein,0
4076092,CPI,P49798,compound,protein,1
4076092,CPI,Q9NUW8,compound,protein,0
4077460,CPI,P21453,compound,protein,1
4078,CPI,P20309,compound,protein,1
40839,CPI,Q9H4B7,compound,protein,1
4084010,CPI,P49761,compound,protein,0
4089709,CPI,P54619,compound,protein,0
4091,CPI,P25103,compound,protein,1
4091,CPI,P37288,compound,protein,1
4091,CPI,Q13557,compound,protein,0
4091,CPI,P08173,compound,protein,0
4097,CPI,P08912,compound,protein,1
4097,CPI,P20309,compound,protein,1
4099,CPI,P04150,compound,protein,1
4099,CPI,P37288,compound,protein,1
4099,CPI,P41145,compound,protein,1
4099,CPI,Q99808,compound,protein,1
4099,CPI,P49146,compound,protein,0
4099,CPI,P35414,compound,protein,0
4100,CPI,P00918,compound,protein,1
4100,CPI,P43166,compound,protein,1
4104,CPI,P28472,compound,protein,0
41049,CPI,Q7L7X3,compound,protein,0
4107,CPI,P46063,compound,protein,0
4107,CPI,P50281,compound,protein,0
4112,CPI,Q9NUW8,compound,protein,1
4114,CPI,P04183,compound,protein,0
4115,CPI,Q96RI1,compound,protein,1
4122,CPI,P28482,compound,protein,1
4122,CPI,Q9P0L2,compound,protein,0
4139,CPI,P21397,compound,protein,1
4140,CPI,P28335,compound,protein,1
4167,CPI,Q03164,compound,protein,0
4168,CPI,P21397,compound,protein,1
4168,CPI,P52209,compound,protein,0
4168,CPI,P34995,compound,protein,0
41684,CPI,Q07869,compound,protein,0
4170,CPI,Q9Y2T6,compound,protein,0
4171,CPI,P21397,compound,protein,1
4171,CPI,P51589,compound,protein,1
4173,CPI,Q92847,compound,protein,1
4173,CPI,P28472,compound,protein,0
4173,CPI,P27487,compound,protein,0
4174,CPI,P21731,compound,protein,1
4174,CPI,P32245,compound,protein,1
4174,CPI,P10275,compound,protein,0
4174,CPI,Q14957,compound,protein,0
41774,CPI,Q5VT25,compound,protein,0
41781,CPI,P06401,compound,protein,1
41781,CPI,P11229,compound,protein,1
41781,CPI,P41595,compound,protein,1
41781,CPI,Q16288,compound,protein,0
41781,CPI,Q9NRH2,compound,protein,0
4184,CPI,P28221,compound,protein,1
4184,CPI,P41595,compound,protein,1
4184,CPI,P48169,compound,protein,0
4184,CPI,P07949,compound,protein,0
4189,CPI,P06401,compound,protein,1
4189,CPI,P09467,compound,protein,0
4192,CPI,P18089,compound,protein,1
4192,CPI,Q9UN88,compound,protein,1
4195,CPI,P08908,compound,protein,1
4195,CPI,P08912,compound,protein,1
4195,CPI,P20309,compound,protein,1
4197,CPI,O75496,compound,protein,1
4197,CPI,O94782,compound,protein,0
4197,CPI,P20815,compound,protein,0
4199,CPI,P08588,compound,protein,1
4199,CPI,P11229,compound,protein,1
4199,CPI,P21397,compound,protein,1
4199,CPI,P25103,compound,protein,1
4201,CPI,P41595,compound,protein,1
4201,CPI,P20839,compound,protein,0
4205,CPI,P41595,compound,protein,1
4205,CPI,P43115,compound,protein,0
4210951,CPI,P60953,compound,protein,0
4210951,CPI,P25103,compound,protein,0
4211,CPI,O43193,compound,protein,1
4211,CPI,P32238,compound,protein,1
4211,CPI,Q9NWZ3,compound,protein,0
4212,CPI,P08183,compound,protein,1
4212,CPI,P28482,compound,protein,1
4212,CPI,Q16236,compound,protein,1
4212,CPI,Q9UNQ0,compound,protein,1
4212,CPI,Q9Y233,compound,protein,0
4212,CPI,P08069,compound,protein,0
4212,CPI,Q9H4B4,compound,protein,0
4216,CPI,P16473,compound,protein,1
421610,CPI,P49841,compound,protein,0
4233538,CPI,P68400,compound,protein,0
4236,CPI,P08172,compound,protein,1
4236,CPI,P28223,compound,protein,1
4236,CPI,P35367,compound,protein,1
4237,CPI,P32239,compound,protein,1
4237,CPI,P11926,compound,protein,0
4241,CPI,Q9BYT3,compound,protein,0
4241,CPI,Q15569,compound,protein,0
4257368,CPI,P01215,compound,protein,1
42574,CPI,P08684,compound,protein,1
42574,CPI,P05067,compound,protein,0
42601363,CPI,Q9BYT3,compound,protein,1
42618298,CPI,P51812,compound,protein,0
42628507,CPI,P36888,compound,protein,1
42633508,CPI,Q8WZA2,compound,protein,0
42636535,CPI,P12268,compound,protein,0
42640808,CPI,P40763,compound,protein,1
42642645,CPI,O14733,compound,protein,1
42642645,CPI,P04629,compound,protein,1
42642645,CPI,P29320,compound,protein,1
42642645,CPI,P35414,compound,protein,1
42642645,CPI,P48736,compound,protein,1
42642645,CPI,P49137,compound,protein,1
42642645,CPI,P49760,compound,protein,1
42642645,CPI,P50750,compound,protein,1
42642645,CPI,P51813,compound,protein,1
42642645,CPI,P80192,compound,protein,1
42642645,CPI,Q15831,compound,protein,1
42642645,CPI,Q6XUX3,compound,protein,1
42642645,CPI,Q96RR4,compound,protein,1
42642645,CPI,Q9UKE5,compound,protein,1
42642645,CPI,Q9UL54,compound,protein,1
42642645,CPI,O60706,compound,protein,0
42642645,CPI,Q86W47,compound,protein,0
42642645,CPI,P54284,compound,protein,0
42642645,CPI,P02763,compound,protein,0
42642645,CPI,P67870,compound,protein,0
42642645,CPI,Q9NPD5,compound,protein,0
42642645,CPI,P21731,compound,protein,0
42642645,CPI,P48169,compound,protein,0
42642645,CPI,Q9NTG7,compound,protein,0
4284720,CPI,Q04206,compound,protein,0
42890,CPI,Q86VL8,compound,protein,0
42955,CPI,O43193,compound,protein,1
42955,CPI,P00352,compound,protein,1
42955,CPI,P06746,compound,protein,1
42955,CPI,Q9NUW8,compound,protein,1
42955,CPI,Q8TDV5,compound,protein,0
42955,CPI,P09923,compound,protein,0
42955,CPI,Q9HBH9,compound,protein,0
4302116,CPI,Q9Y2R2,compound,protein,1
4302116,CPI,P49336,compound,protein,0
4302116,CPI,P55789,compound,protein,0
4302962,CPI,P34972,compound,protein,1
4302962,CPI,O43172,compound,protein,0
4302963,CPI,P04183,compound,protein,0
4302963,CPI,P42336,compound,protein,0
43231,CPI,Q13148,compound,protein,1
43231,CPI,Q12852,compound,protein,0
4331799,CPI,P78508,compound,protein,0
4331799,CPI,P02545,compound,protein,0
4336830,CPI,Q96KQ7,compound,protein,1
4350931,CPI,P10635,compound,protein,1
4353886,CPI,Q9HC16,compound,protein,0
4363,CPI,Q96RR4,compound,protein,0
4364841,CPI,P51813,compound,protein,0
4364841,CPI,Q8IY84,compound,protein,0
4369359,CPI,Q16790,compound,protein,1
4369359,CPI,P17405,compound,protein,0
4376,CPI,Q9BX84,compound,protein,0
4380267,CPI,Q05397,compound,protein,0
4381125,CPI,Q9H244,compound,protein,0
4381126,CPI,O75496,compound,protein,1
4381126,CPI,Q99700,compound,protein,1
4381126,CPI,Q9UKE5,compound,protein,0
43815,CPI,P11229,compound,protein,1
43815,CPI,P21397,compound,protein,1
43815,CPI,P21452,compound,protein,1
43815,CPI,P25103,compound,protein,1
43815,CPI,P28221,compound,protein,1
43815,CPI,P41595,compound,protein,1
43815,CPI,Q8WXA8,compound,protein,1
438981,CPI,Q00535,compound,protein,1
438981,CPI,P21554,compound,protein,0
439246,CPI,P41145,compound,protein,1
439246,CPI,Q9NRP7,compound,protein,0
439260,CPI,P21397,compound,protein,1
439260,CPI,P30518,compound,protein,1
439260,CPI,O95180,compound,protein,0
439260,CPI,Q9NPH5,compound,protein,0
439530,CPI,Q01201,compound,protein,0
439533,CPI,P14618,compound,protein,1
439533,CPI,Q13639,compound,protein,0
439533,CPI,O15554,compound,protein,0
439533,CPI,P23975,compound,protein,0
439620,CPI,Q9UBF8,compound,protein,0
4396344,CPI,P47898,compound,protein,0
4409,CPI,P41595,compound,protein,1
44093,CPI,P14780,compound,protein,1
44093,CPI,P21397,compound,protein,1
44093,CPI,Q96KQ7,compound,protein,1
44093,CPI,Q16637,compound,protein,0
44093,CPI,P23415,compound,protein,0
44093,CPI,P16473,compound,protein,0
441074,CPI,Q12852,compound,protein,0
441074,CPI,P29376,compound,protein,0
4411,CPI,P23975,compound,protein,1
4411,CPI,P29274,compound,protein,1
4411,CPI,P41595,compound,protein,1
4411,CPI,P06737,compound,protein,0
44112,CPI,P10635,compound,protein,1
44112,CPI,P41595,compound,protein,1
441130,CPI,P32245,compound,protein,1
441140,CPI,P37288,compound,protein,1
441140,CPI,Q13885,compound,protein,0
441194,CPI,Q02779,compound,protein,0
4412255,CPI,Q01959,compound,protein,0
4412255,CPI,P10398,compound,protein,0
441243,CPI,P35367,compound,protein,1
441276,CPI,P26447,compound,protein,0
441289,CPI,P23975,compound,protein,1
441289,CPI,Q99808,compound,protein,1
441289,CPI,O00750,compound,protein,0
4413,CPI,P00736,compound,protein,1
4413,CPI,P45452,compound,protein,0
441336,CPI,P06737,compound,protein,0
441336,CPI,P67870,compound,protein,0
44137675,CPI,Q9UBF8,compound,protein,1
44137946,CPI,P36888,compound,protein,1
44137946,CPI,Q9Y616,compound,protein,1
44137946,CPI,Q13639,compound,protein,0
441383,CPI,P35462,compound,protein,1
44139710,CPI,O15399,compound,protein,0
441401,CPI,Q08881,compound,protein,0
441401,CPI,Q9GZT9,compound,protein,0
44142049,CPI,Q99720,compound,protein,0
44142053,CPI,P56373,compound,protein,0
44142056,CPI,P51151,compound,protein,0
44142062,CPI,Q96QE3,compound,protein,1
44142063,CPI,Q14957,compound,protein,0
44142073,CPI,P16050,compound,protein,1
44142077,CPI,P30542,compound,protein,0
44142085,CPI,Q9H2X6,compound,protein,0
44142086,CPI,P36507,compound,protein,0
44142087,CPI,P27815,compound,protein,1
44142097,CPI,Q02763,compound,protein,0
44142098,CPI,Q8IU85,compound,protein,0
44142100,CPI,O75496,compound,protein,1
44142103,CPI,Q06710,compound,protein,1
44142110,CPI,Q16236,compound,protein,1
44142114,CPI,Q16620,compound,protein,0
44142124,CPI,Q9UNA4,compound,protein,0
44142130,CPI,O95264,compound,protein,0
44142131,CPI,O95264,compound,protein,0
44142133,CPI,Q00653,compound,protein,0
44142136,CPI,Q8TBX8,compound,protein,1
44142148,CPI,O75496,compound,protein,1
44142149,CPI,Q9HC16,compound,protein,1
44142150,CPI,P11229,compound,protein,0
44142346,CPI,Q9NS40,compound,protein,0
44143089,CPI,P07711,compound,protein,1
44143091,CPI,O00750,compound,protein,0
44143703,CPI,P41595,compound,protein,0
44155856,CPI,Q00987,compound,protein,0
44155856,CPI,P13637,compound,protein,0
4418,CPI,P41595,compound,protein,1
441853,CPI,Q9H4B4,compound,protein,0
44187,CPI,P41145,compound,protein,1
44197249,CPI,Q16816,compound,protein,0
44199317,CPI,Q96NZ9,compound,protein,1
44199317,CPI,P04150,compound,protein,0
44201003,CPI,P27487,compound,protein,1
44202569,CPI,Q9UGJ0,compound,protein,0
44202600,CPI,P49841,compound,protein,0
44202729,CPI,P09769,compound,protein,0
44202876,CPI,P08684,compound,protein,0
44202878,CPI,P43351,compound,protein,0
44202980,CPI,Q00653,compound,protein,0
44205240,CPI,Q13233,compound,protein,1
4421,CPI,P11388,compound,protein,1
44219749,CPI,P42336,compound,protein,1
44223952,CPI,Q8TBX8,compound,protein,1
44223955,CPI,P20813,compound,protein,0
44223970,CPI,P49760,compound,protein,1
44223970,CPI,P23443,compound,protein,0
44223974,CPI,P35398,compound,protein,0
44223974,CPI,P11474,compound,protein,0
44224135,CPI,O60911,compound,protein,1
44224257,CPI,Q9HBH9,compound,protein,0
44237407,CPI,P48729,compound,protein,0
44237408,CPI,Q13627,compound,protein,0
44237409,CPI,Q59H18,compound,protein,0
44246374,CPI,P35590,compound,protein,0
44246394,CPI,Q86W47,compound,protein,0
44246514,CPI,O00506,compound,protein,0
44246520,CPI,Q06418,compound,protein,0
44246708,CPI,P42574,compound,protein,1
44246708,CPI,Q07820,compound,protein,1
44247568,CPI,P33261,compound,protein,1
44247568,CPI,Q99720,compound,protein,1
44247568,CPI,Q96RR4,compound,protein,0
4425,CPI,P16220,compound,protein,1
442530,CPI,Q96RJ0,compound,protein,0
44257,CPI,Q9BWU1,compound,protein,0
44259,CPI,O75460,compound,protein,1
44259,CPI,O96013,compound,protein,1
44259,CPI,P11229,compound,protein,1
44259,CPI,P17252,compound,protein,1
44259,CPI,P36888,compound,protein,1
44259,CPI,P36894,compound,protein,1
44259,CPI,P43403,compound,protein,1
44259,CPI,P49760,compound,protein,1
44259,CPI,P53671,compound,protein,1
44259,CPI,P54753,compound,protein,1
44259,CPI,Q04771,compound,protein,1
44259,CPI,Q13523,compound,protein,1
44259,CPI,Q13882,compound,protein,1
44259,CPI,Q15078,compound,protein,1
44259,CPI,Q15569,compound,protein,1
44259,CPI,Q56UN5,compound,protein,1
44259,CPI,Q6XUX3,compound,protein,1
44259,CPI,Q86Y07,compound,protein,1
44259,CPI,Q8TD19,compound,protein,1
44259,CPI,Q99558,compound,protein,1
44259,CPI,Q9H4B4,compound,protein,1
44259,CPI,Q9Y3S1,compound,protein,1
44259,CPI,Q9Y616,compound,protein,1
44259,CPI,P01375,compound,protein,0
44259,CPI,O15554,compound,protein,0
44259,CPI,O75751,compound,protein,0
44259,CPI,P10398,compound,protein,0
44259,CPI,P08686,compound,protein,0
44259,CPI,Q06710,compound,protein,0
44259,CPI,P04637,compound,protein,0
44259,CPI,O75475,compound,protein,0
44259,CPI,Q01064,compound,protein,0
44259,CPI,P10635,compound,protein,0
44259,CPI,P40225,compound,protein,0
44259,CPI,P02766,compound,protein,0
44259,CPI,Q92731,compound,protein,0
44259,CPI,Q16558,compound,protein,0
44259,CPI,Q6W5P4,compound,protein,0
44259,CPI,P05023,compound,protein,0
4426,CPI,O00418,compound,protein,0
4428,CPI,P60953,compound,protein,0
442894,CPI,P41145,compound,protein,0
442897,CPI,Q00534,compound,protein,0
4429,CPI,Q8TD08,compound,protein,0
442972,CPI,P11229,compound,protein,0
4431,CPI,P34969,compound,protein,1
443278,CPI,Q9UGJ0,compound,protein,0
443375,CPI,P0DMS8,compound,protein,0
443375,CPI,P78527,compound,protein,0
443389,CPI,P10635,compound,protein,1
443389,CPI,Q04912,compound,protein,0
443389,CPI,P21397,compound,protein,0
443390,CPI,Q9Y616,compound,protein,0
443423,CPI,O60706,compound,protein,1
4436,CPI,P14416,compound,protein,1
4436,CPI,P28482,compound,protein,1
443872,CPI,P37023,compound,protein,0
443872,CPI,Q9P0L2,compound,protein,0
443879,CPI,P23975,compound,protein,1
443879,CPI,P49798,compound,protein,0
443879,CPI,P11712,compound,protein,0
443879,CPI,P43220,compound,protein,0
443879,CPI,O94956,compound,protein,0
443879,CPI,Q6DT37,compound,protein,0
443944,CPI,P18089,compound,protein,1
443944,CPI,Q99250,compound,protein,0
443944,CPI,Q9UBN7,compound,protein,0
443953,CPI,P08684,compound,protein,1
443953,CPI,Q13976,compound,protein,0
443955,CPI,Q96KQ7,compound,protein,1
444,CPI,P14416,compound,protein,1
444,CPI,P16499,compound,protein,1
444031,CPI,P08173,compound,protein,1
444031,CPI,P21397,compound,protein,1
444031,CPI,P41145,compound,protein,1
444031,CPI,Q12809,compound,protein,1
444036,CPI,Q9UEW8,compound,protein,0
444254,CPI,P10253,compound,protein,1
444254,CPI,P27815,compound,protein,1
444254,CPI,P52209,compound,protein,0
44460113,CPI,P31644,compound,protein,0
44460114,CPI,Q9Y463,compound,protein,0
44460121,CPI,Q9H0K1,compound,protein,0
44460122,CPI,P42681,compound,protein,0
44460127,CPI,P10721,compound,protein,0
44460128,CPI,Q9Y463,compound,protein,0
44460134,CPI,P16050,compound,protein,1
44460137,CPI,P14616,compound,protein,0
44460137,CPI,Q00536,compound,protein,0
44460137,CPI,P30939,compound,protein,0
44460139,CPI,P37023,compound,protein,0
44460172,CPI,P18054,compound,protein,1
44460172,CPI,Q9BX84,compound,protein,0
44460172,CPI,P46098,compound,protein,0
44462758,CPI,P09769,compound,protein,1
44462758,CPI,P80192,compound,protein,1
44462760,CPI,O43353,compound,protein,1
44462760,CPI,O94806,compound,protein,1
44462760,CPI,Q00535,compound,protein,1
44462760,CPI,P05412,compound,protein,0
444732,CPI,P35408,compound,protein,1
444732,CPI,Q96DB2,compound,protein,1
444732,CPI,O60706,compound,protein,0
444795,CPI,P0DMS8,compound,protein,1
444795,CPI,P30542,compound,protein,1
444795,CPI,Q9H255,compound,protein,1
44483164,CPI,P43220,compound,protein,1
44483269,CPI,P35498,compound,protein,0
44483270,CPI,P13637,compound,protein,1
44483291,CPI,P04150,compound,protein,1
44483303,CPI,Q9HAZ1,compound,protein,0
44483336,CPI,P06401,compound,protein,1
44484526,CPI,Q2TB90,compound,protein,0
44485055,CPI,P01215,compound,protein,1
44486349,CPI,O75475,compound,protein,0
444899,CPI,O75604,compound,protein,1
444899,CPI,P42684,compound,protein,0
4449,CPI,P25103,compound,protein,1
4449,CPI,P37288,compound,protein,1
4449,CPI,P83916,compound,protein,0
4449,CPI,P35590,compound,protein,0
44493079,CPI,O60706,compound,protein,0
44495105,CPI,P21731,compound,protein,0
4450,CPI,O75460,compound,protein,0
44502358,CPI,Q9NUW8,compound,protein,1
44504955,CPI,P51812,compound,protein,0
44505336,CPI,P06241,compound,protein,0
44505339,CPI,P18089,compound,protein,0
44505394,CPI,O15146,compound,protein,0
44505394,CPI,P06213,compound,protein,0
44505465,CPI,Q9UKE5,compound,protein,0
44505555,CPI,Q9NUW8,compound,protein,1
44505555,CPI,Q01959,compound,protein,0
44505564,CPI,Q9UEE5,compound,protein,0
44505588,CPI,P10635,compound,protein,0
44505604,CPI,P37023,compound,protein,0
44505604,CPI,Q59H18,compound,protein,0
44505961,CPI,P41595,compound,protein,0
44506647,CPI,P54803,compound,protein,0
44506647,CPI,P12931,compound,protein,0
44507247,CPI,Q04771,compound,protein,0
44507247,CPI,P45985,compound,protein,0
44507975,CPI,Q02763,compound,protein,0
44511091,CPI,Q14289,compound,protein,0
44516953,CPI,P25024,compound,protein,0
44517658,CPI,Q14654,compound,protein,0
4452,CPI,P08908,compound,protein,1
4452,CPI,P14416,compound,protein,1
4452,CPI,P23975,compound,protein,1
4452,CPI,Q14012,compound,protein,0
445354,CPI,P28702,compound,protein,1
445354,CPI,Q92753,compound,protein,1
44537709,CPI,P45983,compound,protein,0
44537767,CPI,P21709,compound,protein,0
44537767,CPI,P21918,compound,protein,0
44543605,CPI,Q02880,compound,protein,0
44551660,CPI,P06401,compound,protein,0
44552569,CPI,Q16832,compound,protein,0
445580,CPI,P36956,compound,protein,1
445580,CPI,P61073,compound,protein,0
445580,CPI,Q12809,compound,protein,0
445580,CPI,Q08345,compound,protein,0
4456,CPI,Q9H4B4,compound,protein,0
445621,CPI,P0DMS8,compound,protein,0
44564,CPI,Q00534,compound,protein,0
445713,CPI,Q9HC98,compound,protein,0
445713,CPI,P32298,compound,protein,0
445713,CPI,Q92918,compound,protein,0
44593387,CPI,O15379,compound,protein,1
44593387,CPI,P10276,compound,protein,0
44593387,CPI,P22001,compound,protein,0
44593870,CPI,O94782,compound,protein,1
44601455,CPI,Q92769,compound,protein,1
44601470,CPI,P41145,compound,protein,1
44601470,CPI,Q03431,compound,protein,0
44601475,CPI,P14416,compound,protein,0
44602374,CPI,P43220,compound,protein,1
44602374,CPI,O95263,compound,protein,0
44602375,CPI,P68400,compound,protein,0
44602406,CPI,Q86Z02,compound,protein,0
44602407,CPI,P43115,compound,protein,0
44603533,CPI,Q16832,compound,protein,1
44603533,CPI,O15146,compound,protein,0
44607360,CPI,P21731,compound,protein,0
44607573,CPI,Q16539,compound,protein,0
44607577,CPI,P05177,compound,protein,0
44607586,CPI,P08183,compound,protein,1
44607965,CPI,Q02779,compound,protein,0
44607969,CPI,P54764,compound,protein,0
44607969,CPI,O00750,compound,protein,0
44617787,CPI,Q9UM73,compound,protein,0
44617931,CPI,Q9H2K8,compound,protein,0
44617931,CPI,P29376,compound,protein,0
44618522,CPI,P53667,compound,protein,0
44620657,CPI,P22455,compound,protein,0
44620882,CPI,Q58F21,compound,protein,0
44620883,CPI,O95977,compound,protein,1
44620944,CPI,P29466,compound,protein,1
44623834,CPI,Q16637,compound,protein,0
44623838,CPI,P18089,compound,protein,0
44623849,CPI,Q14004,compound,protein,0
446284,CPI,O14842,compound,protein,1
44629742,CPI,P08684,compound,protein,0
44629742,CPI,P35590,compound,protein,0
44629744,CPI,P18089,compound,protein,0
4463,CPI,P0DMS8,compound,protein,1
4463,CPI,P11229,compound,protein,1
4463,CPI,P34969,compound,protein,1
4463,CPI,P37288,compound,protein,1
4463,CPI,Q16816,compound,protein,0
4463,CPI,O95069,compound,protein,0
4463,CPI,Q16513,compound,protein,0
44630540,CPI,Q15835,compound,protein,0
446313,CPI,P04035,compound,protein,1
44634544,CPI,Q00532,compound,protein,0
44634547,CPI,Q13177,compound,protein,0
44634701,CPI,O75496,compound,protein,1
44634865,CPI,Q86UX6,compound,protein,0
446378,CPI,Q07869,compound,protein,0
44640137,CPI,Q9P0L2,compound,protein,0
44640137,CPI,O60285,compound,protein,0
44640177,CPI,Q9UNQ0,compound,protein,1
446541,CPI,P43220,compound,protein,1
446541,CPI,P22309,compound,protein,0
446596,CPI,P29274,compound,protein,1
446596,CPI,P30411,compound,protein,1
446596,CPI,P30556,compound,protein,1
446596,CPI,P35367,compound,protein,1
446596,CPI,P41595,compound,protein,1
446596,CPI,P08173,compound,protein,0
446596,CPI,P31749,compound,protein,0
446598,CPI,P37288,compound,protein,1
44665680,CPI,P78527,compound,protein,0
447043,CPI,P21397,compound,protein,1
447043,CPI,Q96SB4,compound,protein,0
447043,CPI,Q04759,compound,protein,0
4474,CPI,O60840,compound,protein,1
4474,CPI,P10635,compound,protein,1
4474,CPI,P51589,compound,protein,1
4474,CPI,Q9NY47,compound,protein,1
4474,CPI,P27448,compound,protein,0
4477,CPI,P00352,compound,protein,1
4477,CPI,P05067,compound,protein,0
4477,CPI,P14867,compound,protein,0
447905,CPI,Q9H9B1,compound,protein,0
447912,CPI,P61925,compound,protein,0
448013,CPI,Q71U36,compound,protein,1
448014,CPI,Q13153,compound,protein,1
448014,CPI,Q13464,compound,protein,1
448014,CPI,P47869,compound,protein,0
448014,CPI,P51589,compound,protein,0
448014,CPI,P00915,compound,protein,0
448042,CPI,P13500,compound,protein,1
448042,CPI,Q13546,compound,protein,0
448055,CPI,Q96DB2,compound,protein,0
44820550,CPI,P04062,compound,protein,1
44820554,CPI,P04062,compound,protein,1
44820554,CPI,P49721,compound,protein,0
44820647,CPI,Q16288,compound,protein,0
44825280,CPI,Q99759,compound,protein,0
44828477,CPI,P41145,compound,protein,1
4484064,CPI,Q9NUW8,compound,protein,1
4485,CPI,O43497,compound,protein,1
4485,CPI,P08172,compound,protein,1
4485,CPI,P08908,compound,protein,1
4485,CPI,P51589,compound,protein,1
4485,CPI,Q96KQ7,compound,protein,1
4485,CPI,P30939,compound,protein,0
448537,CPI,P00915,compound,protein,1
448537,CPI,P30542,compound,protein,1
4486,CPI,Q86VL8,compound,protein,1
4487,CPI,P02545,compound,protein,1
4488,CPI,P05177,compound,protein,1
4488,CPI,P06401,compound,protein,1
4488,CPI,P07550,compound,protein,1
4488,CPI,P27695,compound,protein,1
4488,CPI,P28223,compound,protein,1
4488,CPI,P35367,compound,protein,1
448991,CPI,P04629,compound,protein,1
448991,CPI,P28482,compound,protein,1
449171,CPI,P10276,compound,protein,1
449193,CPI,O60658,compound,protein,0
4493,CPI,P61925,compound,protein,0
4494,CPI,P53355,compound,protein,0
449459,CPI,Q9UGI6,compound,protein,0
4495,CPI,Q12852,compound,protein,0
4495,CPI,Q16539,compound,protein,0
44968206,CPI,P29466,compound,protein,0
44968206,CPI,P54284,compound,protein,0
44968259,CPI,P20366,compound,protein,0
4497,CPI,P41968,compound,protein,1
4497,CPI,Q14524,compound,protein,1
4497,CPI,P31152,compound,protein,0
4499,CPI,P08172,compound,protein,1
4499,CPI,Q15046,compound,protein,0
4499,CPI,P21918,compound,protein,0
4499,CPI,Q9BRS2,compound,protein,0
4500,CPI,P23975,compound,protein,1
45006067,CPI,P30556,compound,protein,0
45006140,CPI,P11388,compound,protein,1
45006145,CPI,P08684,compound,protein,0
4506,CPI,Q05397,compound,protein,0
4507,CPI,O43193,compound,protein,1
4507,CPI,O75469,compound,protein,1
4507,CPI,Q86W47,compound,protein,1
45100444,CPI,P14416,compound,protein,0
45105106,CPI,P36507,compound,protein,0
4515,CPI,P18054,compound,protein,1
4521392,CPI,P52564,compound,protein,1
4521392,CPI,Q13464,compound,protein,1
4521392,CPI,Q13470,compound,protein,1
4521392,CPI,Q13705,compound,protein,1
4521392,CPI,Q14164,compound,protein,1
4521392,CPI,Q8WXR4,compound,protein,1
4521392,CPI,Q96PY6,compound,protein,1
4521392,CPI,Q9BRS2,compound,protein,1
4521392,CPI,Q9HCP0,compound,protein,1
4521392,CPI,Q9NQU5,compound,protein,1
4521392,CPI,Q9UIF8,compound,protein,0
4521392,CPI,Q58F21,compound,protein,0
4521392,CPI,Q01453,compound,protein,0
4521392,CPI,P02768,compound,protein,0
4521392,CPI,Q92952,compound,protein,0
4521392,CPI,P25089,compound,protein,0
4521392,CPI,Q8TBX8,compound,protein,0
4521392,CPI,Q99250,compound,protein,0
4521392,CPI,O95263,compound,protein,0
4521392,CPI,Q9C0B1,compound,protein,0
45281794,CPI,P11473,compound,protein,0
45281797,CPI,P51151,compound,protein,0
4534,CPI,P18054,compound,protein,1
4534,CPI,Q01959,compound,protein,0
45375953,CPI,Q9Y5Y9,compound,protein,0
4539,CPI,P08588,compound,protein,1
4539,CPI,P30556,compound,protein,1
4539,CPI,O15264,compound,protein,0
4539,CPI,Q13285,compound,protein,0
4539,CPI,Q9Y572,compound,protein,0
4543,CPI,P18089,compound,protein,1
4543,CPI,Q15596,compound,protein,0
4552,CPI,Q9NY46,compound,protein,0
456199,CPI,P20309,compound,protein,1
456199,CPI,P35367,compound,protein,1
456199,CPI,P54619,compound,protein,0
456214,CPI,O75676,compound,protein,0
456214,CPI,Q96RR4,compound,protein,0
456214,CPI,Q99720,compound,protein,0
4567,CPI,Q12809,compound,protein,1
4567,CPI,Q92630,compound,protein,0
4567,CPI,P56524,compound,protein,0
457193,CPI,P08183,compound,protein,1
457193,CPI,P22303,compound,protein,1
457193,CPI,P08922,compound,protein,0
4578,CPI,P05177,compound,protein,1
457964,CPI,P46063,compound,protein,1
4581,CPI,P35590,compound,protein,0
4594,CPI,P15428,compound,protein,1
4595,CPI,P08172,compound,protein,0
4595,CPI,P23458,compound,protein,0
459617,CPI,Q9C0B1,compound,protein,1
459617,CPI,Q9Y2K7,compound,protein,1
459617,CPI,P07332,compound,protein,0
4601,CPI,P35462,compound,protein,1
4614,CPI,O60218,compound,protein,0
4614,CPI,P11309,compound,protein,0
4615,CPI,P14618,compound,protein,1
4615,CPI,Q01959,compound,protein,1
46172926,CPI,Q96KQ7,compound,protein,0
46191454,CPI,O75385,compound,protein,1
46191454,CPI,P08069,compound,protein,1
46191454,CPI,P18074,compound,protein,1
46191454,CPI,P50750,compound,protein,1
46191454,CPI,Q00526,compound,protein,1
46191454,CPI,Q15078,compound,protein,1
46191454,CPI,O14764,compound,protein,0
46191454,CPI,P42226,compound,protein,0
46191454,CPI,P51957,compound,protein,0
46196517,CPI,Q14191,compound,protein,0
46196517,CPI,Q96KB5,compound,protein,0
462,CPI,Q96RI1,compound,protein,1
462,CPI,Q99720,compound,protein,0
462,CPI,P14780,compound,protein,0
4621,CPI,O15296,compound,protein,1
4621,CPI,P02545,compound,protein,1
46213929,CPI,P53667,compound,protein,1
46215462,CPI,O43497,compound,protein,0
46216796,CPI,P09619,compound,protein,1
46216796,CPI,Q9H4B7,compound,protein,0
4622,CPI,P30530,compound,protein,0
46220502,CPI,O94806,compound,protein,1
46220502,CPI,P45983,compound,protein,1
46220502,CPI,Q2M2I8,compound,protein,1
46220502,CPI,Q86TW2,compound,protein,1
46220502,CPI,P22460,compound,protein,0
46224413,CPI,Q07817,compound,protein,0
46224516,CPI,P0DUB6,compound,protein,0
46224516,CPI,Q05397,compound,protein,0
46239015,CPI,Q06710,compound,protein,0
46239015,CPI,P35398,compound,protein,0
46239015,CPI,P10827,compound,protein,0
4624993,CPI,Q9UNA4,compound,protein,1
4628,CPI,P83916,compound,protein,1
4628,CPI,Q96KQ7,compound,protein,1
4628,CPI,P34903,compound,protein,0
4631,CPI,P14416,compound,protein,1
4632,CPI,Q96KQ7,compound,protein,0
4636,CPI,P02545,compound,protein,1
4636,CPI,P28335,compound,protein,1
4636,CPI,P41595,compound,protein,1
4636,CPI,Q02641,compound,protein,0
4641,CPI,P11473,compound,protein,1
4641,CPI,Q96KQ7,compound,protein,1
4659569,CPI,P14416,compound,protein,1
4659569,CPI,P54619,compound,protein,0
4659569,CPI,P56524,compound,protein,0
4666,CPI,Q9H4B7,compound,protein,1
46700756,CPI,P11309,compound,protein,1
46700756,CPI,P36544,compound,protein,0
4673492,CPI,P10635,compound,protein,1
4674,CPI,P35462,compound,protein,1
4674,CPI,P42574,compound,protein,1
4674,CPI,Q13148,compound,protein,0
46740,CPI,P04629,compound,protein,0
4677798,CPI,Q9H093,compound,protein,0
46783359,CPI,Q9Y2I1,compound,protein,0
46783403,CPI,O75469,compound,protein,1
46783538,CPI,P07900,compound,protein,1
4679,CPI,P20309,compound,protein,1
4679,CPI,P19793,compound,protein,0
4679312,CPI,P07550,compound,protein,0
4680,CPI,Q8WXR4,compound,protein,0
4680,CPI,P21802,compound,protein,0
4680,CPI,Q9Y6L6,compound,protein,0
46835808,CPI,P40225,compound,protein,0
46843772,CPI,Q5S007,compound,protein,1
46843772,CPI,P16050,compound,protein,0
46851313,CPI,P11309,compound,protein,0
46854655,CPI,P68400,compound,protein,0
46854655,CPI,Q96GD4,compound,protein,0
46861588,CPI,P23458,compound,protein,1
46861588,CPI,P28335,compound,protein,0
46861588,CPI,Q99720,compound,protein,0
46868135,CPI,Q13133,compound,protein,0
4687238,CPI,P54753,compound,protein,0
4687238,CPI,O75751,compound,protein,0
46873819,CPI,Q9Y463,compound,protein,0
46885626,CPI,P07949,compound,protein,1
46885626,CPI,P41597,compound,protein,0
46885626,CPI,Q15125,compound,protein,0
46898058,CPI,Q6DT37,compound,protein,0
46898058,CPI,P04626,compound,protein,0
46903432,CPI,P30411,compound,protein,0
46905000,CPI,P08183,compound,protein,1
46905018,CPI,Q16236,compound,protein,0
46907658,CPI,Q04912,compound,protein,0
46907659,CPI,O43613,compound,protein,0
46907661,CPI,P19801,compound,protein,0
46907689,CPI,Q13523,compound,protein,0
46907705,CPI,Q9NUW8,compound,protein,0
46907720,CPI,P28223,compound,protein,0
46907787,CPI,P28335,compound,protein,0
46907787,CPI,P14061,compound,protein,0
46907796,CPI,Q01453,compound,protein,0
46907796,CPI,P11309,compound,protein,0
46908929,CPI,Q9NUW8,compound,protein,0
46912192,CPI,Q8IVW4,compound,protein,0
46912194,CPI,Q2M2I8,compound,protein,0
46912230,CPI,Q9BPZ7,compound,protein,1
46916178,CPI,Q96KQ7,compound,protein,0
46916192,CPI,Q07869,compound,protein,0
46916193,CPI,O60658,compound,protein,0
46925875,CPI,P21127,compound,protein,0
46926350,CPI,P49336,compound,protein,1
46926350,CPI,P50613,compound,protein,1
46926350,CPI,Q99527,compound,protein,0
46926350,CPI,Q05940,compound,protein,0
46926973,CPI,O75874,compound,protein,0
46931012,CPI,P10275,compound,protein,0
46940575,CPI,Q8IUX4,compound,protein,0
46947264,CPI,Q06710,compound,protein,0
4698,CPI,P21453,compound,protein,0
4705,CPI,P05177,compound,protein,1
4705,CPI,P11712,compound,protein,1
4708,CPI,O43497,compound,protein,0
4712,CPI,O43353,compound,protein,1
4712,CPI,P49798,compound,protein,1
4712,CPI,Q96KQ7,compound,protein,1
4713,CPI,Q59H18,compound,protein,0
4723,CPI,Q9UQB9,compound,protein,0
4728,CPI,O60563,compound,protein,0
47319,CPI,P28335,compound,protein,1
4735,CPI,O14717,compound,protein,1
4735,CPI,Q8TD19,compound,protein,0
4735,CPI,Q9Y478,compound,protein,0
4737,CPI,P08588,compound,protein,1
4737,CPI,P36544,compound,protein,1
4737,CPI,P43166,compound,protein,0
4740,CPI,O43193,compound,protein,1
4740,CPI,O43570,compound,protein,0
4740,CPI,O00506,compound,protein,0
4746,CPI,P08172,compound,protein,1
4748,CPI,O75469,compound,protein,1
4748,CPI,P08588,compound,protein,1
4748,CPI,P18089,compound,protein,1
4748,CPI,P21462,compound,protein,1
4748,CPI,P32245,compound,protein,1
4748,CPI,P41968,compound,protein,1
4748,CPI,Q8TDV5,compound,protein,1
4748,CPI,P78527,compound,protein,0
4748,CPI,Q15375,compound,protein,0
4748,CPI,Q13153,compound,protein,0
47510,CPI,P14416,compound,protein,1
47528,CPI,O60706,compound,protein,1
4753,CPI,P03372,compound,protein,1
4753,CPI,P0DMS8,compound,protein,1
4753,CPI,Q04828,compound,protein,0
4753,CPI,P36544,compound,protein,0
4758734,CPI,Q9Y239,compound,protein,1
4760,CPI,P04150,compound,protein,1
4760,CPI,P32245,compound,protein,1
4760,CPI,P35228,compound,protein,0
4764,CPI,Q9NR56,compound,protein,0
4764,CPI,P19838,compound,protein,0
4764,CPI,P08588,compound,protein,0
4768,CPI,O15244,compound,protein,1
4768,CPI,O75751,compound,protein,1
4768,CPI,P35462,compound,protein,1
4768,CPI,Q14012,compound,protein,0
4770,CPI,O75496,compound,protein,1
4771,CPI,P40225,compound,protein,0
4775,CPI,Q8WUI4,compound,protein,0
47751,CPI,P26358,compound,protein,1
4781,CPI,P21554,compound,protein,1
4781,CPI,Q96KB5,compound,protein,0
47811,CPI,Q99798,compound,protein,0
4788,CPI,P08684,compound,protein,1
4788,CPI,Q99549,compound,protein,1
4788,CPI,P37288,compound,protein,0
47936,CPI,Q16236,compound,protein,1
47936,CPI,Q92793,compound,protein,1
47936,CPI,P05106,compound,protein,0
4806,CPI,P21462,compound,protein,0
4813,CPI,P06576,compound,protein,1
4813,CPI,P51812,compound,protein,1
4813,CPI,P51817,compound,protein,1
4813,CPI,Q04771,compound,protein,1
4813,CPI,O15296,compound,protein,1
4813,CPI,P02766,compound,protein,1
4813,CPI,P14780,compound,protein,1
4813,CPI,P42345,compound,protein,1
4813,CPI,Q16637,compound,protein,1
4813,CPI,P28566,compound,protein,0
4813,CPI,O60341,compound,protein,0
4815,CPI,P31749,compound,protein,0
481747,CPI,P27695,compound,protein,1
4822,CPI,P08908,compound,protein,1
4822,CPI,P35462,compound,protein,1
4822,CPI,Q12809,compound,protein,1
4822,CPI,P14867,compound,protein,0
4828,CPI,P0DMS8,compound,protein,1
4828,CPI,P21731,compound,protein,1
4829,CPI,P21731,compound,protein,1
4829,CPI,Q8N5K1,compound,protein,1
4846,CPI,P35462,compound,protein,1
4846,CPI,Q96KQ7,compound,protein,1
4847,CPI,P46063,compound,protein,0
4848,CPI,P05177,compound,protein,1
4848,CPI,P02768,compound,protein,0
4850,CPI,P41595,compound,protein,1
4865,CPI,P08173,compound,protein,0
4870494,CPI,O75496,compound,protein,1
4877,CPI,P24530,compound,protein,0
4878,CPI,P08631,compound,protein,1
4878,CPI,P09619,compound,protein,1
4878,CPI,P16234,compound,protein,1
4878,CPI,Q16288,compound,protein,1
4878,CPI,Q9HBY8,compound,protein,1
4878,CPI,P19838,compound,protein,0
4878,CPI,Q05586,compound,protein,0
4878,CPI,P10827,compound,protein,0
4878,CPI,O15296,compound,protein,0
4878,CPI,P10253,compound,protein,0
4879,CPI,P16473,compound,protein,1
4879298,CPI,P06213,compound,protein,0
4879298,CPI,P48169,compound,protein,0
4879425,CPI,Q01959,compound,protein,0
4883,CPI,Q92847,compound,protein,1
4883,CPI,O94921,compound,protein,0
4887,CPI,P19838,compound,protein,1
4887,CPI,P09960,compound,protein,0
4887,CPI,P11388,compound,protein,0
4889,CPI,Q9P2K8,compound,protein,0
4891,CPI,P08588,compound,protein,1
4891,CPI,Q16637,compound,protein,1
4891,CPI,Q8IW41,compound,protein,0
4893,CPI,P21397,compound,protein,1
4893,CPI,P48039,compound,protein,1
4904,CPI,P28223,compound,protein,0
4906,CPI,P06401,compound,protein,1
4908,CPI,P08908,compound,protein,1
4908,CPI,O76074,compound,protein,0
4908,CPI,Q52WX2,compound,protein,0
4909,CPI,P21397,compound,protein,1
4909,CPI,P36544,compound,protein,1
4911,CPI,Q09013,compound,protein,0
4911,CPI,P42345,compound,protein,0
4914,CPI,Q8TCU5,compound,protein,1
4914,CPI,P49137,compound,protein,0
4915,CPI,P06401,compound,protein,1
4915,CPI,P08588,compound,protein,1
4915,CPI,P08908,compound,protein,1
4915,CPI,P28223,compound,protein,1
4915,CPI,P33261,compound,protein,1
4915,CPI,Q6W5P4,compound,protein,0
4915,CPI,Q14524,compound,protein,0
4915,CPI,Q5S007,compound,protein,0
4919,CPI,P30542,compound,protein,1
4919,CPI,Q00536,compound,protein,0
4919,CPI,Q9Y463,compound,protein,0
492405,CPI,P49761,compound,protein,0
4926,CPI,P10635,compound,protein,1
4926,CPI,Q9HC98,compound,protein,0
4927,CPI,Q99250,compound,protein,1
4928,CPI,P04150,compound,protein,1
4932,CPI,P13569,compound,protein,0
4934,CPI,P30411,compound,protein,0
4935,CPI,Q99720,compound,protein,1
4935,CPI,Q9Y5Y9,compound,protein,1
493570,CPI,Q16762,compound,protein,1
493570,CPI,Q9NUW8,compound,protein,1
493570,CPI,P10721,compound,protein,0
4939,CPI,Q05940,compound,protein,0
4943,CPI,P37059,compound,protein,0
494471,CPI,P36544,compound,protein,1
494471,CPI,Q6ZN16,compound,protein,0
4946,CPI,P05177,compound,protein,1
4946,CPI,P25101,compound,protein,1
4946,CPI,P37288,compound,protein,1
4946,CPI,Q99720,compound,protein,1
4946,CPI,Q86Y07,compound,protein,0
4946,CPI,P20794,compound,protein,0
4946,CPI,P54577,compound,protein,0
4950,CPI,O43193,compound,protein,1
4950,CPI,P14416,compound,protein,1
4950,CPI,P08631,compound,protein,0
4950,CPI,Q13470,compound,protein,0
4970,CPI,P10635,compound,protein,1
4976,CPI,P08684,compound,protein,1
4976,CPI,P08908,compound,protein,1
4976,CPI,P21554,compound,protein,1
4976,CPI,P41968,compound,protein,1
49792852,CPI,P00519,compound,protein,1
49792852,CPI,P08922,compound,protein,1
49792852,CPI,Q12851,compound,protein,0
49792852,CPI,Q96SB4,compound,protein,0
49806720,CPI,P16591,compound,protein,1
49806720,CPI,P35228,compound,protein,0
49831257,CPI,P13945,compound,protein,0
49835913,CPI,Q9NUW8,compound,protein,0
49836027,CPI,O43497,compound,protein,0
49836027,CPI,P05093,compound,protein,0
49846579,CPI,P10415,compound,protein,1
49853301,CPI,Q9HCP0,compound,protein,0
49867930,CPI,P05121,compound,protein,0
49867936,CPI,P37288,compound,protein,0
49867936,CPI,P07949,compound,protein,0
49867936,CPI,Q9P289,compound,protein,0
49871818,CPI,Q15059,compound,protein,1
4993,CPI,P06865,compound,protein,1
4993,CPI,P08172,compound,protein,1
4993,CPI,P30518,compound,protein,1
4993,CPI,P51957,compound,protein,0
4993,CPI,P07947,compound,protein,0
4993,CPI,Q8NE63,compound,protein,0
4993,CPI,Q9Y616,compound,protein,0
4995951,CPI,P08172,compound,protein,1
4996,CPI,O14764,compound,protein,0
4996,CPI,P21964,compound,protein,0
5002,CPI,P20309,compound,protein,1
5002,CPI,Q13153,compound,protein,0
5011,CPI,P28222,compound,protein,1
5011,CPI,P35968,compound,protein,0
5013,CPI,O43193,compound,protein,0
5024764,CPI,P21918,compound,protein,0
5029,CPI,P11362,compound,protein,0
5029,CPI,P21462,compound,protein,0
5029,CPI,P23443,compound,protein,0
5029,CPI,P49798,compound,protein,0
5034,CPI,O15296,compound,protein,1
5034,CPI,P11712,compound,protein,1
5034,CPI,P42226,compound,protein,1
5034,CPI,P78527,compound,protein,0
5034,CPI,P34972,compound,protein,0
5035,CPI,P06241,compound,protein,1
5035,CPI,P23975,compound,protein,1
5040063,CPI,P08684,compound,protein,1
5040063,CPI,P04629,compound,protein,0
5056,CPI,O43570,compound,protein,1
5056,CPI,P48039,compound,protein,1
5056,CPI,Q92945,compound,protein,1
5056,CPI,P55789,compound,protein,1
5056,CPI,Q16236,compound,protein,1
5056,CPI,Q16678,compound,protein,1
5056,CPI,P41743,compound,protein,0
5056,CPI,P28223,compound,protein,0
5056,CPI,Q92769,compound,protein,0
5056,CPI,P35367,compound,protein,0
5056,CPI,P30939,compound,protein,0
5056,CPI,Q8TD19,compound,protein,0
50599,CPI,P37288,compound,protein,1
5070,CPI,Q04759,compound,protein,0
5070,CPI,P51955,compound,protein,0
5071,CPI,P0DMS8,compound,protein,1
5071,CPI,P28223,compound,protein,1
5071,CPI,P37288,compound,protein,1
5071,CPI,P29466,compound,protein,0
5071,CPI,P28482,compound,protein,0
5073,CPI,P30939,compound,protein,1
5073,CPI,P47898,compound,protein,1
5073,CPI,Q96KQ7,compound,protein,0
5074,CPI,P35367,compound,protein,1
5074,CPI,Q9BX84,compound,protein,0
5076,CPI,P05177,compound,protein,1
5076,CPI,P05181,compound,protein,1
5076,CPI,P11712,compound,protein,1
5076,CPI,Q16637,compound,protein,0
5081,CPI,P11473,compound,protein,0
5081913,CPI,P51575,compound,protein,1
5081913,CPI,Q13131,compound,protein,1
5081913,CPI,O14764,compound,protein,0
5081913,CPI,Q96D53,compound,protein,0
5083,CPI,Q9NTG7,compound,protein,1
5090,CPI,P34969,compound,protein,1
5090,CPI,Q9UBS5,compound,protein,1
5090,CPI,P05121,compound,protein,0
5090,CPI,Q9UBN7,compound,protein,0
5092,CPI,P08172,compound,protein,0
51000408,CPI,P78527,compound,protein,1
51001932,CPI,Q9UQD0,compound,protein,0
51039095,CPI,Q02641,compound,protein,0
51039095,CPI,P21917,compound,protein,0
5104,CPI,Q07869,compound,protein,0
5104,CPI,Q12809,compound,protein,0
5113032,CPI,Q96EB6,compound,protein,1
51173,CPI,O75496,compound,protein,0
512282,CPI,P25089,compound,protein,1
51346455,CPI,P18089,compound,protein,0
51358113,CPI,Q9UBF8,compound,protein,1
51358113,CPI,Q01668,compound,protein,0
51358113,CPI,Q02641,compound,protein,0
5152,CPI,P08172,compound,protein,1
5152,CPI,P11229,compound,protein,1
5152,CPI,P28221,compound,protein,1
5154,CPI,P11021,compound,protein,1
5154,CPI,Q7L7X3,compound,protein,0
5154691,CPI,P30989,compound,protein,0
5163,CPI,P39748,compound,protein,1
5163,CPI,P51151,compound,protein,1
5163,CPI,Q07869,compound,protein,0
51634,CPI,P28300,compound,protein,1
5166,CPI,P29317,compound,protein,1
5166,CPI,P49841,compound,protein,1
5166,CPI,P68400,compound,protein,1
5166,CPI,Q7L7X3,compound,protein,1
5166,CPI,P54289,compound,protein,0
5166,CPI,P48039,compound,protein,0
5166,CPI,Q9BX84,compound,protein,0
5166,CPI,P04150,compound,protein,0
5166,CPI,P25089,compound,protein,0
5166,CPI,P08908,compound,protein,0
5166,CPI,Q59H18,compound,protein,0
51683,CPI,P22607,compound,protein,0
51683,CPI,O00750,compound,protein,0
5169,CPI,Q04759,compound,protein,1
5169,CPI,Q13131,compound,protein,1
5169,CPI,Q15418,compound,protein,1
5169,CPI,Q16288,compound,protein,1
5169,CPI,Q9BXA7,compound,protein,1
5169,CPI,Q9H1R3,compound,protein,1
5169,CPI,Q9P2K8,compound,protein,1
5169,CPI,Q9Y6M4,compound,protein,1
5169,CPI,P33527,compound,protein,0
5169,CPI,Q52WX2,compound,protein,0
5169,CPI,Q9UNQ0,compound,protein,0
5169,CPI,P05067,compound,protein,0
5169,CPI,Q16637,compound,protein,0
5169,CPI,O75874,compound,protein,0
5169,CPI,O00311,compound,protein,0
5169,CPI,P21917,compound,protein,0
5169,CPI,Q13698,compound,protein,0
5175,CPI,Q9Y572,compound,protein,0
5184,CPI,P21802,compound,protein,0
5186,CPI,O15379,compound,protein,1
5186,CPI,Q92542,compound,protein,0
5186,CPI,O15399,compound,protein,0
5191289,CPI,P28223,compound,protein,1
5202,CPI,P45984,compound,protein,0
5205,CPI,P08172,compound,protein,1
5205,CPI,P18089,compound,protein,1
5210,CPI,O43193,compound,protein,1
5210,CPI,P21554,compound,protein,1
5210,CPI,Q9Y5S2,compound,protein,0
5212,CPI,P08172,compound,protein,1
5212,CPI,P18089,compound,protein,1
5212,CPI,P46098,compound,protein,1
5212,CPI,Q9Y233,compound,protein,1
5212,CPI,Q4U2R8,compound,protein,0
5212,CPI,P02545,compound,protein,0
5215,CPI,P00918,compound,protein,1
5215,CPI,P21397,compound,protein,1
5215,CPI,P53355,compound,protein,0
5230270,CPI,P54284,compound,protein,1
5230270,CPI,P23280,compound,protein,0
5234410,CPI,P10635,compound,protein,1
5252,CPI,P29320,compound,protein,0
5253,CPI,O60885,compound,protein,0
5265,CPI,P08172,compound,protein,1
5265,CPI,P10635,compound,protein,1
5265,CPI,P51151,compound,protein,1
5265,CPI,Q9Y468,compound,protein,0
5268,CPI,Q07869,compound,protein,0
5277135,CPI,Q86U44,compound,protein,1
5280343,CPI,P16473,compound,protein,1
5280343,CPI,P18089,compound,protein,1
5280343,CPI,P35367,compound,protein,1
5280343,CPI,P43166,compound,protein,1
5280343,CPI,Q16678,compound,protein,1
5280343,CPI,Q9UBN7,compound,protein,1
5280343,CPI,Q9ULX7,compound,protein,1
5280343,CPI,O00329,compound,protein,0
5280343,CPI,Q8TD19,compound,protein,0
5280343,CPI,P56524,compound,protein,0
5280343,CPI,Q8TDR2,compound,protein,0
5280360,CPI,P21731,compound,protein,1
5280360,CPI,P29597,compound,protein,0
5280378,CPI,P35398,compound,protein,0
5280443,CPI,O60218,compound,protein,1
5280443,CPI,O75604,compound,protein,1
5280443,CPI,P08684,compound,protein,1
5280443,CPI,P22303,compound,protein,1
5280443,CPI,P40225,compound,protein,1
5280443,CPI,P68400,compound,protein,1
5280443,CPI,Q99549,compound,protein,1
5280443,CPI,Q86UE8,compound,protein,0
5280443,CPI,Q05397,compound,protein,0
5280443,CPI,P06280,compound,protein,0
5280443,CPI,Q15569,compound,protein,0
5280445,CPI,P05067,compound,protein,1
5280445,CPI,P43166,compound,protein,1
5280445,CPI,P49841,compound,protein,1
5280445,CPI,Q16678,compound,protein,1
5280445,CPI,Q99714,compound,protein,1
5280445,CPI,P51946,compound,protein,0
5280445,CPI,Q9Y478,compound,protein,0
5280453,CPI,P02774,compound,protein,1
5280567,CPI,O43570,compound,protein,1
5280567,CPI,P08684,compound,protein,0
5280567,CPI,Q16513,compound,protein,0
5280569,CPI,P39748,compound,protein,1
5280581,CPI,Q07869,compound,protein,1
5280723,CPI,P49840,compound,protein,0
5280723,CPI,Q15835,compound,protein,0
5280723,CPI,Q9UNA4,compound,protein,0
5280723,CPI,O15245,compound,protein,0
5280804,CPI,P10253,compound,protein,1
5280804,CPI,P43166,compound,protein,1
5280804,CPI,Q9NR56,compound,protein,1
5280805,CPI,P21397,compound,protein,1
5280805,CPI,Q8NI60,compound,protein,0
5280805,CPI,P62508,compound,protein,0
5280863,CPI,P14679,compound,protein,1
5280863,CPI,Q9BQI3,compound,protein,0
5280934,CPI,P49798,compound,protein,1
5280934,CPI,O43283,compound,protein,0
5280934,CPI,P49336,compound,protein,0
5280953,CPI,P18089,compound,protein,1
5280953,CPI,Q15078,compound,protein,1
5280953,CPI,Q9Y2I1,compound,protein,1
5280953,CPI,P10632,compound,protein,0
5280954,CPI,P35367,compound,protein,1
5280961,CPI,P11166,compound,protein,1
5280961,CPI,P12931,compound,protein,1
5280961,CPI,Q5S007,compound,protein,0
5280961,CPI,P51955,compound,protein,0
5281004,CPI,Q9Y4P1,compound,protein,0
5281004,CPI,O75716,compound,protein,0
5281037,CPI,P34969,compound,protein,1
5281037,CPI,P48730,compound,protein,0
5281037,CPI,P11473,compound,protein,0
5281040,CPI,P20309,compound,protein,1
5281040,CPI,P41595,compound,protein,1
5281040,CPI,Q16873,compound,protein,1
5281051,CPI,P12821,compound,protein,0
5281051,CPI,Q99759,compound,protein,0
5281051,CPI,Q9Y616,compound,protein,0
5281078,CPI,P20839,compound,protein,1
5281078,CPI,Q03393,compound,protein,1
5281078,CPI,P43405,compound,protein,0
5281087,CPI,Q12809,compound,protein,1
5281087,CPI,Q9UL54,compound,protein,0
5281104,CPI,Q9H3Y6,compound,protein,0
5281222,CPI,P21554,compound,protein,0
5281365,CPI,P00352,compound,protein,1
5281404,CPI,P21397,compound,protein,1
5281404,CPI,P55210,compound,protein,0
5281542,CPI,P00918,compound,protein,0
5281571,CPI,P06746,compound,protein,1
5281607,CPI,P13569,compound,protein,0
5281613,CPI,P35869,compound,protein,1
5281613,CPI,O76074,compound,protein,0
5281614,CPI,P24941,compound,protein,1
5281670,CPI,O00167,compound,protein,1
5281670,CPI,P29372,compound,protein,1
5281670,CPI,P15735,compound,protein,0
5281672,CPI,P16050,compound,protein,1
5281672,CPI,P55212,compound,protein,1
5281672,CPI,Q99549,compound,protein,1
5281672,CPI,Q5BJF2,compound,protein,0
5281672,CPI,O60563,compound,protein,0
5281707,CPI,P68400,compound,protein,1
5281708,CPI,Q9Y463,compound,protein,0
5281708,CPI,P23415,compound,protein,0
5281743,CPI,Q9NUW8,compound,protein,1
5281787,CPI,P30939,compound,protein,0
5281792,CPI,P33261,compound,protein,0
5281804,CPI,P08172,compound,protein,0
5281847,CPI,O43318,compound,protein,0
5281855,CPI,O95398,compound,protein,1
5281855,CPI,P15428,compound,protein,1
5281855,CPI,Q15139,compound,protein,0
5281855,CPI,Q8NE63,compound,protein,0
5281855,CPI,P42226,compound,protein,0
5281855,CPI,Q96QE3,compound,protein,0
5281855,CPI,Q13470,compound,protein,0
5281881,CPI,P11229,compound,protein,1
5281881,CPI,Q07869,compound,protein,0
5281884,CPI,P00742,compound,protein,1
5281884,CPI,P04040,compound,protein,0
5281899,CPI,P07332,compound,protein,0
5281899,CPI,Q9UM73,compound,protein,0
5281912,CPI,Q9NUW8,compound,protein,0
5281951,CPI,P10635,compound,protein,0
5281951,CPI,Q16620,compound,protein,0
5281969,CPI,Q9HBY8,compound,protein,0
5282136,CPI,P51817,compound,protein,0
5282136,CPI,P04062,compound,protein,0
5282219,CPI,P51946,compound,protein,0
5282230,CPI,P11021,compound,protein,1
5282230,CPI,Q04760,compound,protein,0
5282272,CPI,P21554,compound,protein,1
5282272,CPI,P41595,compound,protein,0
5282367,CPI,O00311,compound,protein,0
5282375,CPI,P10276,compound,protein,1
5282375,CPI,P11229,compound,protein,1
5282375,CPI,P30556,compound,protein,1
5282375,CPI,P11474,compound,protein,0
5282443,CPI,Q9NUW8,compound,protein,1
5282452,CPI,P30542,compound,protein,1
5282452,CPI,P41968,compound,protein,1
5282452,CPI,Q9Y6L6,compound,protein,1
5282452,CPI,P48039,compound,protein,0
5282452,CPI,Q03164,compound,protein,0
5282493,CPI,O75874,compound,protein,1
5284353,CPI,O75496,compound,protein,0
5284353,CPI,Q96FL8,compound,protein,0
5284513,CPI,Q03181,compound,protein,0
5284515,CPI,P29376,compound,protein,0
5284549,CPI,P00915,compound,protein,1
5284549,CPI,P51946,compound,protein,0
5284550,CPI,P28223,compound,protein,1
5284550,CPI,P41595,compound,protein,1
5284557,CPI,P10275,compound,protein,1
5284557,CPI,Q9HBY8,compound,protein,0
5284566,CPI,Q9BWU1,compound,protein,0
5284616,CPI,P35462,compound,protein,1
5284616,CPI,P41595,compound,protein,1
5284627,CPI,P18507,compound,protein,1
5284627,CPI,P21554,compound,protein,1
5284627,CPI,Q16099,compound,protein,1
5284627,CPI,P07451,compound,protein,0
5284627,CPI,P46063,compound,protein,0
5284627,CPI,P42336,compound,protein,0
5284627,CPI,P24941,compound,protein,0
5284639,CPI,Q9NR56,compound,protein,1
5286239,CPI,P38398,compound,protein,1
5287620,CPI,P30411,compound,protein,0
5287969,CPI,O14733,compound,protein,1
5287969,CPI,O75460,compound,protein,1
5287969,CPI,O75716,compound,protein,1
5287969,CPI,O96013,compound,protein,1
5287969,CPI,P06737,compound,protein,1
5287969,CPI,P07948,compound,protein,1
5287969,CPI,P14616,compound,protein,1
5287969,CPI,P21802,compound,protein,1
5287969,CPI,P27037,compound,protein,1
5287969,CPI,P29323,compound,protein,1
5287969,CPI,P48729,compound,protein,1
5287969,CPI,P51812,compound,protein,1
5287969,CPI,Q00537,compound,protein,1
5287969,CPI,Q13627,compound,protein,1
5287969,CPI,Q86YV6,compound,protein,1
5287969,CPI,Q86Z02,compound,protein,1
5287969,CPI,Q96RR4,compound,protein,1
5287969,CPI,Q9BRS2,compound,protein,1
5287969,CPI,Q9H0K1,compound,protein,1
5287969,CPI,Q9HAZ1,compound,protein,1
5287969,CPI,Q9UKI8,compound,protein,1
5287969,CPI,Q9UQM7,compound,protein,1
5287969,CPI,Q9Y2U5,compound,protein,1
5287969,CPI,P35398,compound,protein,0
5287969,CPI,Q07869,compound,protein,0
5287969,CPI,P34947,compound,protein,0
5287969,CPI,P52895,compound,protein,0
5287969,CPI,O14764,compound,protein,0
5287969,CPI,Q16644,compound,protein,0
5287969,CPI,P00915,compound,protein,0
5287969,CPI,P33261,compound,protein,0
5287969,CPI,O75164,compound,protein,0
5287969,CPI,P47869,compound,protein,0
5287969,CPI,P04637,compound,protein,0
5287969,CPI,P29274,compound,protein,0
5287969,CPI,Q16790,compound,protein,0
5287969,CPI,Q13285,compound,protein,0
5287969,CPI,P34972,compound,protein,0
5288149,CPI,P11473,compound,protein,1
5288209,CPI,P20794,compound,protein,0
5288600,CPI,Q96KQ7,compound,protein,1
5289501,CPI,O43174,compound,protein,1
5289501,CPI,P08684,compound,protein,1
5289501,CPI,Q16637,compound,protein,1
5291,CPI,O15111,compound,protein,1
5291,CPI,O95835,compound,protein,1
5291,CPI,P00519,compound,protein,1
5291,CPI,P00533,compound,protein,1
5291,CPI,P31749,compound,protein,1
5291,CPI,P41743,compound,protein,1
5291,CPI,P42680,compound,protein,1
5291,CPI,P68400,compound,protein,1
5291,CPI,Q07912,compound,protein,1
5291,CPI,Q12852,compound,protein,1
5291,CPI,Q13131,compound,protein,1
5291,CPI,Q7L7X3,compound,protein,1
5291,CPI,Q9NWZ3,compound,protein,1
5291,CPI,Q9P2K8,compound,protein,1
5291,CPI,Q96RI1,compound,protein,0
5291,CPI,P83916,compound,protein,0
5291,CPI,P49286,compound,protein,0
5291,CPI,P20309,compound,protein,0
5291,CPI,O95718,compound,protein,0
5291,CPI,P14416,compound,protein,0
5291,CPI,P16050,compound,protein,0
5291,CPI,P34913,compound,protein,0
5291,CPI,Q9Y6L6,compound,protein,0
5291,CPI,P33261,compound,protein,0
52912189,CPI,Q58F21,compound,protein,1
52912189,CPI,Q03164,compound,protein,0
5300,CPI,P33261,compound,protein,1
5300,CPI,O15528,compound,protein,0
53025,CPI,P00533,compound,protein,1
5310993,CPI,O00750,compound,protein,0
5311,CPI,Q07812,compound,protein,1
5311,CPI,Q9UBN7,compound,protein,1
5311,CPI,Q8TDR2,compound,protein,0
5311,CPI,P28222,compound,protein,0
5311018,CPI,Q16513,compound,protein,0
5311030,CPI,P11229,compound,protein,1
5311046,CPI,Q9H4B4,compound,protein,0
5311047,CPI,P11712,compound,protein,1
5311067,CPI,P30542,compound,protein,0
5311097,CPI,Q15208,compound,protein,0
5311100,CPI,P10635,compound,protein,0
5311191,CPI,P14416,compound,protein,1
5311191,CPI,P16473,compound,protein,1
5311191,CPI,P23975,compound,protein,0
5311203,CPI,P18089,compound,protein,0
5311217,CPI,Q8TDR2,compound,protein,0
5311217,CPI,Q8NI60,compound,protein,0
5311304,CPI,P07711,compound,protein,0
5311412,CPI,P29274,compound,protein,1
5311412,CPI,O60218,compound,protein,0
5311412,CPI,O60341,compound,protein,0
5311452,CPI,Q8NG66,compound,protein,0
5311479,CPI,P47898,compound,protein,0
5311493,CPI,P41968,compound,protein,0
5311497,CPI,P21452,compound,protein,1
5311507,CPI,P30518,compound,protein,1
5311507,CPI,Q01959,compound,protein,1
5311507,CPI,Q8IUX4,compound,protein,0
5312137,CPI,P16234,compound,protein,0
5312137,CPI,Q9P2K8,compound,protein,0
5312529,CPI,Q00532,compound,protein,0
5312531,CPI,Q9Y616,compound,protein,0
5314,CPI,P00918,compound,protein,0
5315,CPI,P02545,compound,protein,1
5315,CPI,O75469,compound,protein,0
5316606,CPI,P08173,compound,protein,0
5317221,CPI,P03372,compound,protein,1
5317750,CPI,Q9UBN7,compound,protein,1
5317750,CPI,O75751,compound,protein,0
5318,CPI,P27815,compound,protein,0
5318,CPI,Q16288,compound,protein,0
5318386,CPI,P41145,compound,protein,0
5320,CPI,P06401,compound,protein,1
5320,CPI,P21397,compound,protein,1
5320,CPI,P21731,compound,protein,1
5320,CPI,P30411,compound,protein,1
5320,CPI,P30556,compound,protein,1
5320,CPI,Q13148,compound,protein,1
5320,CPI,P49841,compound,protein,0
5320,CPI,P14616,compound,protein,0
5320716,CPI,P02763,compound,protein,1
53232,CPI,O75496,compound,protein,1
53232,CPI,P04035,compound,protein,1
53232,CPI,O60240,compound,protein,0
53232,CPI,P06213,compound,protein,0
53232,CPI,O43353,compound,protein,0
53235510,CPI,Q9H4A3,compound,protein,1
53235510,CPI,Q9NWZ3,compound,protein,1
53235510,CPI,Q96PY6,compound,protein,0
53235510,CPI,Q8IYT8,compound,protein,0
53235510,CPI,O75164,compound,protein,0
5323714,CPI,Q16637,compound,protein,1
5324,CPI,P02545,compound,protein,1
5324346,CPI,P30542,compound,protein,1
5324346,CPI,P37288,compound,protein,1
5324346,CPI,P43403,compound,protein,0
5324346,CPI,Q02779,compound,protein,0
5324346,CPI,P00352,compound,protein,0
5325,CPI,P07550,compound,protein,1
5325,CPI,Q92847,compound,protein,1
5325,CPI,P21802,compound,protein,0
5325,CPI,O75460,compound,protein,0
5327,CPI,P21554,compound,protein,1
5327,CPI,P78334,compound,protein,0
53276,CPI,P09619,compound,protein,0
5327723,CPI,Q15078,compound,protein,1
5327723,CPI,Q05586,compound,protein,0
5328,CPI,O75469,compound,protein,1
5328,CPI,P0DMS8,compound,protein,1
5328,CPI,P21731,compound,protein,1
5328,CPI,P30411,compound,protein,1
5328,CPI,P30556,compound,protein,1
5328,CPI,O00506,compound,protein,0
5328769,CPI,P08684,compound,protein,1
5328769,CPI,P34969,compound,protein,0
5328769,CPI,Q8WTQ7,compound,protein,0
5328769,CPI,P21731,compound,protein,0
5328771,CPI,P39748,compound,protein,1
5328772,CPI,P00352,compound,protein,0
5328807,CPI,P11362,compound,protein,1
5328807,CPI,Q14191,compound,protein,1
5328940,CPI,O14730,compound,protein,1
5328940,CPI,P22694,compound,protein,1
5328940,CPI,P27037,compound,protein,1
5328940,CPI,P45985,compound,protein,1
5328940,CPI,Q5S007,compound,protein,1
5328940,CPI,Q8IY84,compound,protein,1
5328940,CPI,Q8N5S9,compound,protein,1
5328940,CPI,Q8NG66,compound,protein,1
5328940,CPI,Q96RR4,compound,protein,1
5328940,CPI,Q9UF33,compound,protein,1
5328940,CPI,P54803,compound,protein,0
5328940,CPI,P05129,compound,protein,0
5328940,CPI,Q16678,compound,protein,0
5328940,CPI,P30939,compound,protein,0
5328940,CPI,P40225,compound,protein,0
5328940,CPI,P18054,compound,protein,0
5328940,CPI,P29466,compound,protein,0
5328940,CPI,P36544,compound,protein,0
5328940,CPI,P31644,compound,protein,0
5328940,CPI,O94782,compound,protein,0
5329,CPI,P20309,compound,protein,1
5329,CPI,Q96SB4,compound,protein,0
5329,CPI,Q13882,compound,protein,0
5329,CPI,Q9UNQ0,compound,protein,0
5329098,CPI,Q9HC16,compound,protein,1
5329099,CPI,Q9UKE5,compound,protein,1
5329099,CPI,O75762,compound,protein,0
5329102,CPI,O00506,compound,protein,1
5329102,CPI,O15146,compound,protein,1
5329102,CPI,O43172,compound,protein,1
5329102,CPI,P21709,compound,protein,1
5329102,CPI,P32298,compound,protein,1
5329102,CPI,P47898,compound,protein,1
5329102,CPI,Q00536,compound,protein,1
5329102,CPI,Q01959,compound,protein,1
5329102,CPI,Q08881,compound,protein,1
5329102,CPI,Q16566,compound,protein,1
5329102,CPI,Q6ZN16,compound,protein,1
5329102,CPI,Q8NE63,compound,protein,1
5329102,CPI,Q8NEV4,compound,protein,1
5329102,CPI,Q92847,compound,protein,1
5329102,CPI,P36544,compound,protein,0
5329102,CPI,P16473,compound,protein,0
5329102,CPI,P40763,compound,protein,0
5329102,CPI,Q9NR20,compound,protein,0
5329102,CPI,P14618,compound,protein,0
5329102,CPI,Q03181,compound,protein,0
5329103,CPI,P35968,compound,protein,1
5329150,CPI,Q9Y5Y9,compound,protein,0
5329468,CPI,P42224,compound,protein,0
5329480,CPI,P47869,compound,protein,0
5329775,CPI,Q9Y468,compound,protein,0
5330,CPI,P08588,compound,protein,1
5330,CPI,P25103,compound,protein,1
5330,CPI,P05067,compound,protein,0
5330,CPI,Q9UQ88,compound,protein,0
5330286,CPI,O60285,compound,protein,1
5330286,CPI,O96013,compound,protein,1
5330286,CPI,P06493,compound,protein,1
5330286,CPI,P28223,compound,protein,1
5330286,CPI,P29376,compound,protein,1
5330286,CPI,P52333,compound,protein,1
5330286,CPI,Q02750,compound,protein,1
5330286,CPI,Q06418,compound,protein,1
5330286,CPI,Q07912,compound,protein,1
5330286,CPI,Q13163,compound,protein,1
5330286,CPI,Q9UM73,compound,protein,1
5330286,CPI,P35414,compound,protein,0
5330286,CPI,Q99714,compound,protein,0
5330286,CPI,Q9NRH2,compound,protein,0
5330286,CPI,P30939,compound,protein,0
5330790,CPI,O60285,compound,protein,1
5330790,CPI,O94768,compound,protein,1
5330790,CPI,P36507,compound,protein,1
5330790,CPI,P42336,compound,protein,1
5330790,CPI,P52564,compound,protein,1
5330790,CPI,Q00536,compound,protein,1
5330790,CPI,Q06418,compound,protein,1
5330790,CPI,Q13976,compound,protein,1
5330790,CPI,Q16539,compound,protein,1
5330790,CPI,Q8IW41,compound,protein,1
5330790,CPI,Q8TDX7,compound,protein,1
5330790,CPI,Q96GD4,compound,protein,1
5330790,CPI,Q9C098,compound,protein,1
5330790,CPI,Q9NRM7,compound,protein,1
5330790,CPI,Q8IYT8,compound,protein,0
5330790,CPI,Q92847,compound,protein,0
5330790,CPI,Q96Q40,compound,protein,0
5330790,CPI,Q96BR1,compound,protein,0
5330790,CPI,P15121,compound,protein,0
53315104,CPI,O60563,compound,protein,0
5335,CPI,P37288,compound,protein,0
5335,CPI,Q12852,compound,protein,0
5336,CPI,P23975,compound,protein,1
5336,CPI,P30518,compound,protein,1
5336,CPI,P32245,compound,protein,1
5336,CPI,Q14004,compound,protein,0
5336,CPI,P19838,compound,protein,0
5337366,CPI,Q9NUW8,compound,protein,1
53377419,CPI,O94782,compound,protein,0
53377419,CPI,Q9H4B7,compound,protein,0
5337997,CPI,Q9NUW8,compound,protein,1
5337997,CPI,P16050,compound,protein,0
53382792,CPI,Q13148,compound,protein,1
53382792,CPI,P52564,compound,protein,0
5339,CPI,O94956,compound,protein,1
5339,CPI,P19838,compound,protein,1
53393127,CPI,Q14289,compound,protein,0
5340,CPI,P04798,compound,protein,0
5340,CPI,P31751,compound,protein,0
5341934,CPI,P35236,compound,protein,1
5341943,CPI,P41968,compound,protein,0
5342,CPI,P21731,compound,protein,1
5342,CPI,P30411,compound,protein,1
5342,CPI,Q96KQ7,compound,protein,1
5344,CPI,P14618,compound,protein,0
5344,CPI,O43151,compound,protein,0
5351344,CPI,Q9H4B7,compound,protein,1
5352,CPI,P30556,compound,protein,1
5352,CPI,Q04760,compound,protein,1
5352,CPI,Q99640,compound,protein,0
5352062,CPI,Q9UBN7,compound,protein,1
5352624,CPI,Q9BY41,compound,protein,0
5353,CPI,Q16620,compound,protein,0
5353454,CPI,P02545,compound,protein,1
5353464,CPI,P08912,compound,protein,0
5353593,CPI,Q9UEW8,compound,protein,0
5353623,CPI,P27695,compound,protein,1
5353623,CPI,O94804,compound,protein,0
5353623,CPI,Q06418,compound,protein,0
5353842,CPI,P07332,compound,protein,0
5353852,CPI,Q96QE3,compound,protein,1
5353853,CPI,P11229,compound,protein,1
5353853,CPI,P20309,compound,protein,1
5354,CPI,P06241,compound,protein,1
5354033,CPI,O15296,compound,protein,1
5354033,CPI,Q9Y2U5,compound,protein,1
5355,CPI,O43570,compound,protein,1
5355,CPI,P49798,compound,protein,1
5355,CPI,P05067,compound,protein,0
5355,CPI,P40225,compound,protein,0
5358,CPI,P46098,compound,protein,1
5358,CPI,P04626,compound,protein,0
5358,CPI,Q9H093,compound,protein,0
5359,CPI,P07550,compound,protein,1
5359,CPI,P21554,compound,protein,1
5359,CPI,Q99808,compound,protein,1
5359,CPI,P06746,compound,protein,0
5360630,CPI,P36888,compound,protein,0
5360696,CPI,P14598,compound,protein,1
5360696,CPI,P36544,compound,protein,1
5360696,CPI,Q03181,compound,protein,0
5361,CPI,P80192,compound,protein,0
5361202,CPI,P03372,compound,protein,1
5361298,CPI,Q08881,compound,protein,0
5361298,CPI,O96017,compound,protein,0
5362116,CPI,Q13163,compound,protein,0
5362124,CPI,P14416,compound,protein,1
5362124,CPI,P20309,compound,protein,1
5362124,CPI,P06493,compound,protein,0
5362129,CPI,P08172,compound,protein,1
5362422,CPI,P78536,compound,protein,1
5362422,CPI,Q00526,compound,protein,0
5362440,CPI,O15245,compound,protein,0
53708,CPI,P23975,compound,protein,1
53708,CPI,Q01959,compound,protein,1
53708,CPI,Q92847,compound,protein,1
53708,CPI,P07332,compound,protein,0
53734236,CPI,P09172,compound,protein,1
5377914,CPI,Q15822,compound,protein,0
5379,CPI,P07550,compound,protein,1
5379,CPI,P08908,compound,protein,1
5379,CPI,P32245,compound,protein,1
5381,CPI,P08684,compound,protein,1
5381,CPI,P35367,compound,protein,1
5381,CPI,Q08881,compound,protein,0
5381,CPI,Q9NR56,compound,protein,0
5382,CPI,Q16637,compound,protein,1
5386,CPI,P14616,compound,protein,0
5387,CPI,Q9Y463,compound,protein,0
5387,CPI,P39748,compound,protein,0
5388962,CPI,P02545,compound,protein,1
5388962,CPI,P08908,compound,protein,1
5388962,CPI,O95342,compound,protein,0
5388962,CPI,Q8IVW4,compound,protein,0
5388993,CPI,P35398,compound,protein,1
5391,CPI,P37288,compound,protein,1
5391,CPI,P41595,compound,protein,1
5391,CPI,P02766,compound,protein,0
5392,CPI,Q9NUW8,compound,protein,1
5392,CPI,P50613,compound,protein,0
5401,CPI,O43193,compound,protein,1
5401,CPI,P37288,compound,protein,1
5401,CPI,Q16637,compound,protein,1
5401,CPI,P32298,compound,protein,0
5401,CPI,Q9H2X6,compound,protein,0
5403,CPI,P07550,compound,protein,1
5405,CPI,P00352,compound,protein,1
5405,CPI,P28335,compound,protein,1
5405,CPI,P34969,compound,protein,1
5405,CPI,Q9UBS5,compound,protein,1
5405,CPI,O75582,compound,protein,0
5405,CPI,P43220,compound,protein,0
5405,CPI,O60563,compound,protein,0
54091660,CPI,P36507,compound,protein,0
54091660,CPI,Q8TD19,compound,protein,0
5411,CPI,P07550,compound,protein,1
5411,CPI,P08908,compound,protein,1
5411,CPI,P21397,compound,protein,1
5411,CPI,P21554,compound,protein,1
5411,CPI,Q92736,compound,protein,1
5417,CPI,P13726,compound,protein,1
5417,CPI,Q9NUW8,compound,protein,1
5426,CPI,Q13153,compound,protein,0
5426,CPI,Q00526,compound,protein,0
5429,CPI,P08588,compound,protein,1
5429,CPI,P29274,compound,protein,1
5429,CPI,Q15746,compound,protein,0
5429,CPI,Q9Y2U5,compound,protein,0
54416524,CPI,Q9UPE1,compound,protein,0
54477,CPI,P08908,compound,protein,1
54477,CPI,P41595,compound,protein,1
5450,CPI,P19838,compound,protein,1
5450,CPI,P20309,compound,protein,1
5452,CPI,P00533,compound,protein,1
5452,CPI,Q9NUW8,compound,protein,1
5452,CPI,O96017,compound,protein,0
5453,CPI,P08908,compound,protein,1
5453,CPI,P35367,compound,protein,1
5455,CPI,P18054,compound,protein,1
5455,CPI,Q96JB6,compound,protein,1
5455,CPI,P03372,compound,protein,0
5455,CPI,Q9UBN7,compound,protein,0
5455,CPI,Q13153,compound,protein,0
5456,CPI,P21283,compound,protein,1
5458656,CPI,P08684,compound,protein,1
5460339,CPI,P10635,compound,protein,0
54617779,CPI,P35218,compound,protein,0
54618746,CPI,Q9UNQ0,compound,protein,0
54618750,CPI,Q06710,compound,protein,1
54618762,CPI,Q00535,compound,protein,0
54618845,CPI,Q8N752,compound,protein,0
54618864,CPI,Q13164,compound,protein,0
54618940,CPI,Q99683,compound,protein,0
54619148,CPI,Q13237,compound,protein,0
54637826,CPI,P20794,compound,protein,0
54645828,CPI,P15428,compound,protein,0
54645830,CPI,Q8IY84,compound,protein,0
54646515,CPI,Q8NG66,compound,protein,0
54646688,CPI,Q96RR4,compound,protein,0
54664831,CPI,Q6XQN6,compound,protein,0
5467,CPI,Q9Y5Y9,compound,protein,1
54671008,CPI,Q01668,compound,protein,0
54676038,CPI,O75469,compound,protein,1
54676038,CPI,P03372,compound,protein,1
54676038,CPI,P04637,compound,protein,1
54676038,CPI,P11712,compound,protein,1
54676038,CPI,P30518,compound,protein,1
54676038,CPI,P41145,compound,protein,1
54676535,CPI,O75460,compound,protein,0
54676537,CPI,O75496,compound,protein,1
54676537,CPI,P08588,compound,protein,1
54676537,CPI,P0DMS8,compound,protein,1
54676537,CPI,P14416,compound,protein,1
54676537,CPI,P37288,compound,protein,1
54676537,CPI,P31751,compound,protein,0
54677407,CPI,O75604,compound,protein,1
54677407,CPI,P04150,compound,protein,0
54678486,CPI,P21917,compound,protein,1
54678486,CPI,P25103,compound,protein,1
54687,CPI,P07550,compound,protein,1
5469318,CPI,P46063,compound,protein,1
5472,CPI,P41145,compound,protein,1
5472,CPI,Q99640,compound,protein,0
5472495,CPI,O76074,compound,protein,1
5472495,CPI,P06280,compound,protein,1
5472495,CPI,P83916,compound,protein,1
5472495,CPI,P0DMS8,compound,protein,0
54746,CPI,P21917,compound,protein,1
54746,CPI,P07949,compound,protein,0
54764919,CPI,P32249,compound,protein,1
54764919,CPI,P35414,compound,protein,1
54764919,CPI,P03372,compound,protein,0
5479,CPI,P28223,compound,protein,1
5479,CPI,P35367,compound,protein,1
5479,CPI,Q16584,compound,protein,0
5479,CPI,P45985,compound,protein,0
5482,CPI,P05093,compound,protein,1
5482,CPI,P0DMS8,compound,protein,1
54841,CPI,O15399,compound,protein,1
5487,CPI,Q96D53,compound,protein,0
54892,CPI,P21397,compound,protein,1
54892,CPI,P34969,compound,protein,1
54897,CPI,P08172,compound,protein,1
54897,CPI,P08908,compound,protein,1
54897,CPI,P47871,compound,protein,1
54897,CPI,P78368,compound,protein,0
54897,CPI,Q9UKE5,compound,protein,0
5494449,CPI,O95819,compound,protein,1
5494449,CPI,P27448,compound,protein,1
5494449,CPI,P30530,compound,protein,1
5494449,CPI,P49674,compound,protein,1
5494449,CPI,Q00526,compound,protein,1
5494449,CPI,Q13131,compound,protein,1
5494449,CPI,Q14164,compound,protein,1
5494449,CPI,Q15746,compound,protein,1
5494449,CPI,Q16816,compound,protein,1
5494449,CPI,Q86Z02,compound,protein,1
5494449,CPI,Q8N752,compound,protein,1
5494449,CPI,Q9BXA7,compound,protein,1
5494449,CPI,Q9H093,compound,protein,1
5494449,CPI,Q9NRM7,compound,protein,1
5494449,CPI,Q9UEE5,compound,protein,1
5494449,CPI,Q9UKI8,compound,protein,1
5494449,CPI,Q9UQM7,compound,protein,1
5494449,CPI,Q9Y4K4,compound,protein,1
5494449,CPI,Q9Y5S2,compound,protein,1
5494449,CPI,O60218,compound,protein,0
5494449,CPI,P06276,compound,protein,0
5494449,CPI,Q13148,compound,protein,0
5494449,CPI,Q9H3N8,compound,protein,0
5494449,CPI,P08173,compound,protein,0
5494449,CPI,P08183,compound,protein,0
5494449,CPI,O75469,compound,protein,0
5494449,CPI,O43570,compound,protein,0
5494449,CPI,P27487,compound,protein,0
5494449,CPI,P47871,compound,protein,0
5494449,CPI,P30542,compound,protein,0
5496659,CPI,P07477,compound,protein,1
5496659,CPI,O96013,compound,protein,0
5497183,CPI,Q9UL54,compound,protein,0
5503,CPI,P30411,compound,protein,1
5503,CPI,P32245,compound,protein,1
5503,CPI,O00329,compound,protein,0
5504,CPI,P05177,compound,protein,1
5504,CPI,O95180,compound,protein,0
5505,CPI,O75496,compound,protein,1
5510,CPI,P41968,compound,protein,1
5510,CPI,Q8NEV4,compound,protein,0
5511,CPI,Q99720,compound,protein,1
5517,CPI,Q9NUW8,compound,protein,1
5522,CPI,P14867,compound,protein,1
55245,CPI,P35968,compound,protein,1
55245,CPI,Q13546,compound,protein,0
55283,CPI,P21554,compound,protein,0
55283,CPI,Q9BRS2,compound,protein,0
55283,CPI,P39748,compound,protein,0
55445,CPI,P23975,compound,protein,0
5546,CPI,P06280,compound,protein,1
5546,CPI,P08908,compound,protein,1
5546,CPI,P41595,compound,protein,1
5546,CPI,O14730,compound,protein,0
5560,CPI,P35218,compound,protein,1
5564,CPI,P02545,compound,protein,1
5564,CPI,P07900,compound,protein,1
5566,CPI,O95342,compound,protein,1
5568,CPI,O60341,compound,protein,1
5573,CPI,O15554,compound,protein,1
5573,CPI,O95342,compound,protein,1
5573,CPI,P08172,compound,protein,1
557589,CPI,P49840,compound,protein,0
5576,CPI,O00506,compound,protein,0
5578,CPI,Q01959,compound,protein,1
5578,CPI,P14618,compound,protein,0
5578,CPI,P38398,compound,protein,0
5578,CPI,Q13133,compound,protein,0
5585,CPI,P07550,compound,protein,1
5585,CPI,Q9BYT3,compound,protein,0
5585,CPI,P08631,compound,protein,0
5587,CPI,P21554,compound,protein,1
5587,CPI,P29274,compound,protein,1
5587,CPI,Q12809,compound,protein,1
5591,CPI,P04626,compound,protein,0
5593,CPI,O43193,compound,protein,1
5595,CPI,P28222,compound,protein,1
5595,CPI,P42345,compound,protein,1
5601,CPI,Q13470,compound,protein,0
56052,CPI,P03372,compound,protein,1
56052,CPI,P34949,compound,protein,0
56052,CPI,P78368,compound,protein,0
5614,CPI,O75496,compound,protein,1
5614,CPI,P51151,compound,protein,1
5614,CPI,Q9NRH2,compound,protein,0
5614,CPI,P11309,compound,protein,0
5626,CPI,P28482,compound,protein,1
564,CPI,O75496,compound,protein,1
564,CPI,Q9NUW8,compound,protein,0
56463,CPI,P21554,compound,protein,1
5656,CPI,P21397,compound,protein,1
5656,CPI,P29320,compound,protein,0
5656,CPI,Q13163,compound,protein,0
5656,CPI,O95819,compound,protein,0
56649450,CPI,O00750,compound,protein,0
5665,CPI,P08172,compound,protein,1
5665,CPI,P32238,compound,protein,1
56654642,CPI,O15379,compound,protein,1
56654642,CPI,P11362,compound,protein,0
56655374,CPI,Q05586,compound,protein,0
5666,CPI,O43193,compound,protein,1
5666,CPI,P21917,compound,protein,1
5666,CPI,Q13557,compound,protein,0
5667,CPI,P06276,compound,protein,0
568416,CPI,Q9UBN7,compound,protein,1
56846693,CPI,P23458,compound,protein,1
56846693,CPI,P21918,compound,protein,0
56846693,CPI,P13631,compound,protein,0
5685,CPI,P31751,compound,protein,0
5685,CPI,Q12851,compound,protein,0
56959,CPI,Q8IWT1,compound,protein,1
56962336,CPI,Q96GD4,compound,protein,0
5701996,CPI,Q8NG66,compound,protein,0
5701997,CPI,P28223,compound,protein,1
5701997,CPI,P47898,compound,protein,1
5702015,CPI,P28335,compound,protein,1
5702015,CPI,Q9NUW8,compound,protein,0
5702035,CPI,P83916,compound,protein,0
5702035,CPI,Q56UN5,compound,protein,0
5702041,CPI,Q00535,compound,protein,0
5702041,CPI,O15296,compound,protein,0
5702042,CPI,P05026,compound,protein,1
5702065,CPI,P20794,compound,protein,0
5702069,CPI,P28223,compound,protein,0
5702081,CPI,P30518,compound,protein,0
5702085,CPI,P06493,compound,protein,0
5702090,CPI,P41145,compound,protein,1
5702095,CPI,P10275,compound,protein,1
5702106,CPI,P04150,compound,protein,1
5702108,CPI,Q9UQ88,compound,protein,0
5702114,CPI,P20309,compound,protein,1
5702114,CPI,Q99759,compound,protein,0
5702125,CPI,Q92769,compound,protein,0
5702127,CPI,P06493,compound,protein,0
5702134,CPI,Q9Y6E0,compound,protein,0
5702140,CPI,P28222,compound,protein,1
5702140,CPI,Q9P0L2,compound,protein,0
5702164,CPI,P84098,compound,protein,1
5702164,CPI,O94804,compound,protein,0
5702174,CPI,P04150,compound,protein,1
5702233,CPI,O43193,compound,protein,0
5702265,CPI,Q96PN6,compound,protein,1
5702265,CPI,Q96RI1,compound,protein,0
5702266,CPI,P62508,compound,protein,1
5702266,CPI,P21554,compound,protein,0
5702266,CPI,Q16539,compound,protein,0
5702274,CPI,P04150,compound,protein,1
57030,CPI,Q7L7X3,compound,protein,0
5703330,CPI,Q13882,compound,protein,0
5707,CPI,P29376,compound,protein,0
5711,CPI,P07948,compound,protein,1
5711,CPI,P12931,compound,protein,1
5711,CPI,P28482,compound,protein,1
5711,CPI,P36888,compound,protein,1
5711,CPI,Q16513,compound,protein,1
5711,CPI,Q16620,compound,protein,1
5711,CPI,Q8IW41,compound,protein,1
5711,CPI,P07451,compound,protein,0
5711,CPI,P34903,compound,protein,0
5711,CPI,Q05586,compound,protein,0
5711,CPI,Q2M2I8,compound,protein,0
5711,CPI,P19793,compound,protein,0
5711,CPI,Q15208,compound,protein,0
57118766,CPI,P11473,compound,protein,1
57118766,CPI,P08912,compound,protein,0
5717,CPI,Q9H2X6,compound,protein,0
5717,CPI,P07332,compound,protein,0
5717,CPI,P42336,compound,protein,0
5717719,CPI,P57058,compound,protein,0
5717801,CPI,Q6W5P4,compound,protein,0
5719,CPI,P08908,compound,protein,1
5719,CPI,P11229,compound,protein,1
5719,CPI,O15439,compound,protein,0
5720188,CPI,Q06418,compound,protein,0
5723,CPI,P05177,compound,protein,1
5723,CPI,Q16637,compound,protein,1
5732,CPI,P21918,compound,protein,1
5732,CPI,P48736,compound,protein,0
57335384,CPI,P00533,compound,protein,1
57335384,CPI,P42680,compound,protein,1
57335384,CPI,Q05397,compound,protein,1
5734,CPI,P03372,compound,protein,1
5734,CPI,P08172,compound,protein,1
5734,CPI,P14416,compound,protein,1
5734,CPI,Q8IWT1,compound,protein,1
5734,CPI,P10253,compound,protein,0
5734,CPI,O75676,compound,protein,0
5734,CPI,Q00532,compound,protein,0
57340680,CPI,P32245,compound,protein,0
57345410,CPI,P15121,compound,protein,0
5735,CPI,P23458,compound,protein,0
5735,CPI,Q9P289,compound,protein,0
57363,CPI,O43193,compound,protein,1
57363,CPI,P33261,compound,protein,1
57363,CPI,P04278,compound,protein,0
57363,CPI,P10253,compound,protein,0
57364,CPI,P21397,compound,protein,0
57379345,CPI,P10721,compound,protein,1
57379345,CPI,Q13164,compound,protein,1
57379345,CPI,P34969,compound,protein,0
57379345,CPI,P48736,compound,protein,0
5738263,CPI,P43220,compound,protein,1
5742673,CPI,P39748,compound,protein,1
5742832,CPI,P21397,compound,protein,0
5743,CPI,O75874,compound,protein,1
5743,CPI,P08172,compound,protein,1
5743,CPI,P10275,compound,protein,1
5745,CPI,P04150,compound,protein,1
5745,CPI,P62508,compound,protein,1
57469,CPI,P08172,compound,protein,1
57469,CPI,P17252,compound,protein,0
57469,CPI,P36507,compound,protein,0
574780,CPI,P49798,compound,protein,1
574780,CPI,O75469,compound,protein,0
574780,CPI,P05186,compound,protein,0
57519544,CPI,Q01959,compound,protein,0
57519544,CPI,O75874,compound,protein,0
5753,CPI,P19838,compound,protein,1
5753,CPI,Q16637,compound,protein,1
5756,CPI,P04278,compound,protein,1
5756371,CPI,Q9UNA4,compound,protein,1
5756371,CPI,P03372,compound,protein,0
5757,CPI,P03372,compound,protein,1
5757,CPI,P04150,compound,protein,1
5757,CPI,P07550,compound,protein,1
5757,CPI,P18089,compound,protein,1
5757,CPI,O95398,compound,protein,0
576989,CPI,Q92630,compound,protein,0
5770,CPI,P19793,compound,protein,1
5770,CPI,P55210,compound,protein,1
5770,CPI,O00750,compound,protein,0
5770,CPI,P06493,compound,protein,0
5775,CPI,P08172,compound,protein,1
5775,CPI,Q05513,compound,protein,0
5780,CPI,O75496,compound,protein,1
5790,CPI,P02545,compound,protein,1
5803,CPI,P08908,compound,protein,1
5803,CPI,P11712,compound,protein,1
5803,CPI,Q14973,compound,protein,1
58153637,CPI,Q9Y616,compound,protein,0
5819,CPI,P30411,compound,protein,1
5819,CPI,Q9C098,compound,protein,0
5833,CPI,P10275,compound,protein,1
5833,CPI,P28223,compound,protein,1
5833,CPI,P43220,compound,protein,1
5833,CPI,Q16236,compound,protein,1
5833,CPI,Q92731,compound,protein,1
58423153,CPI,P30939,compound,protein,0
5853,CPI,P12931,compound,protein,0
5865,CPI,Q16236,compound,protein,1
5865,CPI,P11473,compound,protein,0
5881,CPI,Q99720,compound,protein,1
5881,CPI,Q16584,compound,protein,0
5881,CPI,P30530,compound,protein,0
5893,CPI,P12268,compound,protein,1
5893,CPI,P45984,compound,protein,0
5897,CPI,P41595,compound,protein,1
5901,CPI,P37840,compound,protein,1
5904,CPI,P14416,compound,protein,1
5904441,CPI,P37840,compound,protein,1
5906,CPI,P03372,compound,protein,1
5906,CPI,Q01959,compound,protein,1
5906,CPI,Q9Y6R4,compound,protein,0
5906,CPI,P06493,compound,protein,0
5906,CPI,Q9UQB9,compound,protein,0
5908088,CPI,Q96SB4,compound,protein,1
5920,CPI,P18089,compound,protein,1
5920,CPI,P43220,compound,protein,1
5920,CPI,P11309,compound,protein,0
5920,CPI,Q14289,compound,protein,0
5920,CPI,Q02880,compound,protein,0
5921,CPI,Q03181,compound,protein,1
59227,CPI,P35462,compound,protein,1
5944,CPI,P53041,compound,protein,1
5944,CPI,Q03181,compound,protein,0
59473233,CPI,P10635,compound,protein,1
5958,CPI,Q9UM73,compound,protein,0
596,CPI,Q09013,compound,protein,0
59603622,CPI,O43193,compound,protein,0
5961,CPI,Q8IW41,compound,protein,0
5962587,CPI,P08684,compound,protein,1
596344,CPI,P29274,compound,protein,0
59671085,CPI,Q00G26,compound,protein,0
59693,CPI,P42345,compound,protein,0
5974189,CPI,Q99759,compound,protein,0
59768,CPI,P08588,compound,protein,1
5983,CPI,Q9H3N8,compound,protein,0
5991,CPI,P20813,compound,protein,1
5991,CPI,Q9H093,compound,protein,0
5991,CPI,O43283,compound,protein,0
5994,CPI,P06493,compound,protein,0
5994,CPI,Q13153,compound,protein,0
5995,CPI,P08172,compound,protein,1
5995,CPI,P08588,compound,protein,1
5995,CPI,Q9UQ88,compound,protein,0
5995,CPI,Q8TD08,compound,protein,0
6001181,CPI,O94804,compound,protein,0
6001181,CPI,Q13163,compound,protein,0
6005,CPI,P21554,compound,protein,1
6005,CPI,P21918,compound,protein,1
6005,CPI,Q9Y243,compound,protein,0
6005,CPI,Q86UX6,compound,protein,0
6005,CPI,O43353,compound,protein,0
6005,CPI,Q15569,compound,protein,0
6009,CPI,O94768,compound,protein,0
60138149,CPI,Q5VT25,compound,protein,1
60148439,CPI,Q86Y07,compound,protein,0
60149,CPI,O75469,compound,protein,1
60149,CPI,P41595,compound,protein,1
60149,CPI,Q9P0L2,compound,protein,0
60149,CPI,Q05655,compound,protein,0
60160561,CPI,P27695,compound,protein,0
60160561,CPI,Q09472,compound,protein,0
60164,CPI,P48443,compound,protein,1
60164,CPI,Q9Y572,compound,protein,0
60167550,CPI,Q16637,compound,protein,0
6018,CPI,P39748,compound,protein,1
60185047,CPI,P29323,compound,protein,0
60185196,CPI,Q14164,compound,protein,0
60189737,CPI,P08183,compound,protein,0
60198,CPI,P21554,compound,protein,1
60198,CPI,Q9P0L2,compound,protein,0
6024,CPI,Q13153,compound,protein,0
602897,CPI,P11229,compound,protein,0
6032,CPI,P49674,compound,protein,0
6032,CPI,Q13976,compound,protein,0
6032,CPI,P29376,compound,protein,0
6035,CPI,Q96D53,compound,protein,0
6041,CPI,P34969,compound,protein,1
6041,CPI,P35462,compound,protein,1
6041,CPI,Q01959,compound,protein,1
6041,CPI,P35590,compound,protein,0
6041,CPI,P06493,compound,protein,0
6041,CPI,P27695,compound,protein,0
604519,CPI,P22303,compound,protein,1
60464,CPI,O43193,compound,protein,0
6047,CPI,Q8TDR2,compound,protein,0
60490,CPI,P41595,compound,protein,1
60490,CPI,P54803,compound,protein,1
60490,CPI,P25101,compound,protein,0
60602,CPI,P30530,compound,protein,0
60648,CPI,O96013,compound,protein,0
60663,CPI,Q14524,compound,protein,1
60700,CPI,Q12809,compound,protein,0
60700,CPI,Q15569,compound,protein,0
60700,CPI,Q9NWZ3,compound,protein,0
60703,CPI,Q96KQ7,compound,protein,1
6075,CPI,P28335,compound,protein,1
60750,CPI,P11229,compound,protein,1
60750,CPI,P30085,compound,protein,1
60750,CPI,P48730,compound,protein,0
60773,CPI,P28223,compound,protein,1
60773,CPI,P35462,compound,protein,1
60785,CPI,P34969,compound,protein,1
60785,CPI,P30518,compound,protein,0
60785,CPI,P49137,compound,protein,0
60785,CPI,Q06418,compound,protein,0
60795,CPI,P21731,compound,protein,1
60795,CPI,P47898,compound,protein,1
60795,CPI,Q14957,compound,protein,1
60795,CPI,Q06418,compound,protein,0
60795,CPI,Q00537,compound,protein,0
60795,CPI,Q07912,compound,protein,0
60823,CPI,Q16513,compound,protein,0
60823,CPI,P54764,compound,protein,0
60823,CPI,Q9Y4K4,compound,protein,0
60823,CPI,P16083,compound,protein,0
60825,CPI,P21918,compound,protein,1
60835,CPI,P34969,compound,protein,1
60835,CPI,Q15375,compound,protein,0
60835,CPI,P04626,compound,protein,0
60840,CPI,Q05586,compound,protein,1
60843,CPI,P00374,compound,protein,1
60846,CPI,P33261,compound,protein,0
60854,CPI,P11229,compound,protein,1
60854,CPI,Q9Y616,compound,protein,0
60854,CPI,Q9NY57,compound,protein,0
60865,CPI,P29274,compound,protein,0
6091659,CPI,Q96QE3,compound,protein,0
6093,CPI,Q9UL54,compound,protein,0
60937,CPI,Q06418,compound,protein,0
60937,CPI,P29597,compound,protein,0
60943,CPI,P35414,compound,protein,1
60943,CPI,P37288,compound,protein,1
60961,CPI,Q16637,compound,protein,1
60961,CPI,P05771,compound,protein,0
6103,CPI,P54803,compound,protein,1
610479,CPI,P05177,compound,protein,1
6127,CPI,Q8IW41,compound,protein,0
6129,CPI,Q9UKI8,compound,protein,0
6129,CPI,P08912,compound,protein,0
6129,CPI,Q16659,compound,protein,0
613000,CPI,P42684,compound,protein,0
616573,CPI,P23443,compound,protein,1
6166,CPI,P08185,compound,protein,1
6167,CPI,P10275,compound,protein,1
6167,CPI,Q8IW41,compound,protein,0
6194,CPI,P27815,compound,protein,0
6202912,CPI,P06401,compound,protein,0
6212,CPI,Q9P0L2,compound,protein,0
6230,CPI,P28223,compound,protein,1
6230,CPI,P35367,compound,protein,1
6230,CPI,P41595,compound,protein,1
6231,CPI,Q9Y5S2,compound,protein,0
62389,CPI,O75496,compound,protein,1
6253,CPI,Q00987,compound,protein,1
6253,CPI,Q9NUW8,compound,protein,1
6253,CPI,P05771,compound,protein,0
6256,CPI,P35367,compound,protein,1
6256,CPI,Q92847,compound,protein,1
6256,CPI,Q07869,compound,protein,0
6274486,CPI,P51452,compound,protein,1
6274486,CPI,P21709,compound,protein,0
6279,CPI,P47869,compound,protein,1
62887,CPI,Q8NE63,compound,protein,0
62887,CPI,Q9UM73,compound,protein,0
6291,CPI,P08588,compound,protein,1
6291,CPI,P30518,compound,protein,1
6291,CPI,P41145,compound,protein,1
6291,CPI,P0C264,compound,protein,0
6291,CPI,P34969,compound,protein,0
6291,CPI,Q86UX6,compound,protein,0
6291,CPI,P01215,compound,protein,0
6293,CPI,Q16678,compound,protein,1
6293,CPI,Q16659,compound,protein,0
62959,CPI,P08581,compound,protein,0
629852,CPI,P04637,compound,protein,1
6305,CPI,P08684,compound,protein,1
6305,CPI,O94782,compound,protein,0
6307,CPI,P21554,compound,protein,1
6307,CPI,P30542,compound,protein,1
6307,CPI,P30556,compound,protein,1
6307,CPI,P41595,compound,protein,1
6321411,CPI,P03372,compound,protein,1
6321411,CPI,P30411,compound,protein,1
6321411,CPI,Q92847,compound,protein,1
6321411,CPI,Q86Z02,compound,protein,0
6321411,CPI,P16591,compound,protein,0
6321411,CPI,P04629,compound,protein,0
6321411,CPI,Q9UBN7,compound,protein,0
63306,CPI,Q9BYT3,compound,protein,0
6337640,CPI,Q99714,compound,protein,0
6338099,CPI,Q16236,compound,protein,1
6338099,CPI,P49841,compound,protein,0
636403,CPI,P53779,compound,protein,0
636411,CPI,Q6ZQW0,compound,protein,1
637566,CPI,P41743,compound,protein,0
637568,CPI,P01375,compound,protein,0
637858,CPI,Q92731,compound,protein,0
637858,CPI,P35462,compound,protein,0
638278,CPI,P28223,compound,protein,0
6399253,CPI,P11229,compound,protein,1
6399253,CPI,P21554,compound,protein,1
6399253,CPI,P28335,compound,protein,1
6399253,CPI,P08581,compound,protein,0
64139,CPI,Q6W5P4,compound,protein,1
64143,CPI,P10635,compound,protein,1
64143,CPI,P21452,compound,protein,1
6419753,CPI,P07550,compound,protein,0
6419753,CPI,Q92769,compound,protein,0
6419755,CPI,P17252,compound,protein,1
6419755,CPI,P41968,compound,protein,0
6420045,CPI,P37288,compound,protein,0
6422124,CPI,Q9H3N8,compound,protein,1
6433119,CPI,P04637,compound,protein,0
643606,CPI,P08908,compound,protein,1
643606,CPI,P28221,compound,protein,1
643606,CPI,P28335,compound,protein,1
643606,CPI,Q96GD4,compound,protein,0
643606,CPI,P10253,compound,protein,0
6436393,CPI,P22694,compound,protein,0
6438629,CPI,P04062,compound,protein,1
6438629,CPI,P08684,compound,protein,0
6440033,CPI,Q06710,compound,protein,0
6440033,CPI,Q9H252,compound,protein,0
644030,CPI,P36507,compound,protein,0
644213,CPI,P39748,compound,protein,1
644213,CPI,Q99549,compound,protein,1
644213,CPI,Q8TD19,compound,protein,0
644213,CPI,O75582,compound,protein,0
644213,CPI,Q99683,compound,protein,0
644215,CPI,P51946,compound,protein,1
6442177,CPI,P42345,compound,protein,1
6442177,CPI,Q9BVC4,compound,protein,1
6442177,CPI,Q12809,compound,protein,0
6442177,CPI,P0DMS8,compound,protein,0
644241,CPI,O75914,compound,protein,1
644241,CPI,P16499,compound,protein,1
644241,CPI,P16591,compound,protein,1
644241,CPI,P19784,compound,protein,1
644241,CPI,P21917,compound,protein,1
644241,CPI,P36894,compound,protein,1
644241,CPI,P36896,compound,protein,1
644241,CPI,P51955,compound,protein,1
644241,CPI,P52564,compound,protein,1
644241,CPI,Q16288,compound,protein,1
644241,CPI,Q16790,compound,protein,1
644241,CPI,Q16816,compound,protein,1
644241,CPI,Q9UBS5,compound,protein,1
644241,CPI,Q6W5P4,compound,protein,0
644241,CPI,P39748,compound,protein,0
644241,CPI,P27815,compound,protein,0
644241,CPI,P54803,compound,protein,0
644241,CPI,Q9NR56,compound,protein,0
6444692,CPI,O76074,compound,protein,0
6445533,CPI,Q8WUI4,compound,protein,1
6445533,CPI,Q9UKV0,compound,protein,1
6445562,CPI,P45983,compound,protein,1
6445562,CPI,P48730,compound,protein,1
6445562,CPI,P53355,compound,protein,1
6445562,CPI,Q00536,compound,protein,1
6445562,CPI,Q16832,compound,protein,1
6445562,CPI,Q99759,compound,protein,1
6445562,CPI,Q9HBH9,compound,protein,1
6445562,CPI,Q9P289,compound,protein,1
6445562,CPI,Q99808,compound,protein,0
6445562,CPI,P01375,compound,protein,0
6445562,CPI,P0C264,compound,protein,0
6445562,CPI,Q8WTQ7,compound,protein,0
6445562,CPI,P04062,compound,protein,0
6445562,CPI,P20309,compound,protein,0
6445562,CPI,P25103,compound,protein,0
6445562,CPI,P21918,compound,protein,0
6445562,CPI,P08588,compound,protein,0
6446,CPI,P0DMS8,compound,protein,1
6446,CPI,P04629,compound,protein,0
644601,CPI,Q9UIF8,compound,protein,1
6450278,CPI,Q96RI1,compound,protein,1
6450278,CPI,Q96KQ7,compound,protein,0
6450551,CPI,P08631,compound,protein,1
6450551,CPI,P09769,compound,protein,1
6450551,CPI,P12931,compound,protein,1
6450551,CPI,P21709,compound,protein,1
6450551,CPI,P22607,compound,protein,1
6450551,CPI,P28482,compound,protein,1
6450551,CPI,P45985,compound,protein,1
6450551,CPI,P54756,compound,protein,1
6450551,CPI,P78368,compound,protein,1
6450551,CPI,Q8WU08,compound,protein,1
6450551,CPI,Q8WXR4,compound,protein,1
6450551,CPI,Q9UEW8,compound,protein,1
6450551,CPI,Q9Y463,compound,protein,1
6450551,CPI,P37840,compound,protein,0
6450551,CPI,P32245,compound,protein,0
6450551,CPI,P05067,compound,protein,0
6450551,CPI,O75164,compound,protein,0
6450551,CPI,P33261,compound,protein,0
6450551,CPI,Q16236,compound,protein,0
6450551,CPI,P15121,compound,protein,0
6451164,CPI,Q12809,compound,protein,1
6451164,CPI,Q9UNQ0,compound,protein,1
6473866,CPI,O75469,compound,protein,1
6473866,CPI,P08908,compound,protein,1
6473866,CPI,P28335,compound,protein,1
6473866,CPI,P30556,compound,protein,1
6473866,CPI,P32238,compound,protein,1
6473866,CPI,P32245,compound,protein,1
6473866,CPI,Q12809,compound,protein,1
6473866,CPI,P00352,compound,protein,0
6473866,CPI,Q13555,compound,protein,0
6473866,CPI,P51813,compound,protein,0
6473866,CPI,P05067,compound,protein,0
6473866,CPI,O15264,compound,protein,0
6473866,CPI,Q9Y6E0,compound,protein,0
64981,CPI,O15111,compound,protein,1
64981,CPI,P28223,compound,protein,0
64983,CPI,Q7L7X3,compound,protein,0
65015,CPI,Q16513,compound,protein,0
65016,CPI,P30556,compound,protein,1
65057,CPI,P45983,compound,protein,0
6505803,CPI,P56524,compound,protein,0
65064,CPI,Q9HAZ1,compound,protein,1
65064,CPI,Q9NR20,compound,protein,1
65064,CPI,Q16659,compound,protein,0
65399,CPI,P31751,compound,protein,1
6540825,CPI,P13500,compound,protein,1
6540825,CPI,P30968,compound,protein,1
6540825,CPI,Q9UQ88,compound,protein,0
6545175,CPI,Q06710,compound,protein,1
6545175,CPI,Q06418,compound,protein,0
65457,CPI,P80192,compound,protein,0
65482,CPI,Q8WTS6,compound,protein,1
65490,CPI,Q01959,compound,protein,0
655278,CPI,P11712,compound,protein,0
65659,CPI,Q13464,compound,protein,0
656615,CPI,P07900,compound,protein,0
656665,CPI,O14976,compound,protein,0
656765,CPI,P02545,compound,protein,1
65681,CPI,O75496,compound,protein,1
657380,CPI,O43193,compound,protein,0
6575,CPI,Q9H2K8,compound,protein,0
6575,CPI,Q9UEW8,compound,protein,0
65752,CPI,P05177,compound,protein,1
65752,CPI,Q13976,compound,protein,0
659101,CPI,P16050,compound,protein,1
659101,CPI,P16473,compound,protein,1
659101,CPI,Q16236,compound,protein,1
659101,CPI,Q15569,compound,protein,0
65937,CPI,P11021,compound,protein,0
65957,CPI,Q9UIF8,compound,protein,0
65957,CPI,P53671,compound,protein,0
65957,CPI,Q9Y6L6,compound,protein,0
65957,CPI,P51957,compound,protein,0
6597,CPI,Q13131,compound,protein,0
65981,CPI,Q13163,compound,protein,0
659840,CPI,P07332,compound,protein,0
659840,CPI,P36896,compound,protein,0
65997,CPI,P07900,compound,protein,0
65999,CPI,P30556,compound,protein,1
65999,CPI,P51589,compound,protein,1
65999,CPI,Q6W5P4,compound,protein,1
65999,CPI,O43570,compound,protein,0
65999,CPI,P27695,compound,protein,0
6603797,CPI,Q99714,compound,protein,1
6603797,CPI,P21554,compound,protein,0
6603797,CPI,P28223,compound,protein,0
6603798,CPI,Q9NUW8,compound,protein,1
6603798,CPI,P50613,compound,protein,0
6603827,CPI,Q9UEW8,compound,protein,0
6603865,CPI,Q9H0K1,compound,protein,0
6603897,CPI,P21127,compound,protein,0
6603931,CPI,P02545,compound,protein,1
6604009,CPI,P04637,compound,protein,1
6604009,CPI,Q9Y6E0,compound,protein,0
6604200,CPI,P18089,compound,protein,1
6604284,CPI,P33261,compound,protein,1
6604381,CPI,P02545,compound,protein,1
6604446,CPI,Q13464,compound,protein,0
6604724,CPI,Q9UF33,compound,protein,0
6604780,CPI,P13945,compound,protein,1
6604794,CPI,Q96GD4,compound,protein,0
6604822,CPI,Q99640,compound,protein,0
6604858,CPI,P19838,compound,protein,1
6604889,CPI,P49798,compound,protein,1
6604889,CPI,P08912,compound,protein,0
6604893,CPI,O75469,compound,protein,0
6604918,CPI,P03372,compound,protein,0
6604926,CPI,P28221,compound,protein,0
6604931,CPI,P06493,compound,protein,1
6604931,CPI,Q13237,compound,protein,0
6610216,CPI,P05177,compound,protein,0
6610243,CPI,P22694,compound,protein,0
6610268,CPI,P45985,compound,protein,0
6610303,CPI,P06280,compound,protein,1
6610332,CPI,Q09013,compound,protein,0
6610344,CPI,Q92793,compound,protein,1
6610350,CPI,P49798,compound,protein,1
6610353,CPI,P05129,compound,protein,1
6610353,CPI,P11309,compound,protein,1
663281,CPI,P08684,compound,protein,1
663281,CPI,Q99714,compound,protein,1
663872,CPI,Q99700,compound,protein,1
66414,CPI,P03372,compound,protein,0
665013,CPI,O15296,compound,protein,1
665013,CPI,P14618,compound,protein,1
665013,CPI,P29597,compound,protein,0
66558664,CPI,Q8N5S9,compound,protein,0
66558664,CPI,Q06418,compound,protein,0
665654,CPI,P32245,compound,protein,0
66576988,CPI,Q9NUW8,compound,protein,0
66577038,CPI,P42345,compound,protein,0
666410,CPI,O75604,compound,protein,1
666410,CPI,Q9NUW8,compound,protein,1
6674,CPI,P36888,compound,protein,0
667453,CPI,Q05940,compound,protein,1
667453,CPI,P11021,compound,protein,0
667466,CPI,Q96KQ7,compound,protein,1
667468,CPI,P49146,compound,protein,1
667468,CPI,Q99720,compound,protein,1
667476,CPI,P04278,compound,protein,1
667476,CPI,P08684,compound,protein,1
667476,CPI,P33261,compound,protein,1
667476,CPI,Q16513,compound,protein,0
667477,CPI,P08173,compound,protein,1
667484,CPI,P07947,compound,protein,0
6675804,CPI,O15379,compound,protein,1
6675804,CPI,Q13936,compound,protein,0
667601,CPI,P00352,compound,protein,1
667601,CPI,P16050,compound,protein,1
667601,CPI,P11473,compound,protein,0
667601,CPI,P43220,compound,protein,0
668081,CPI,Q9NUW8,compound,protein,1
66931399,CPI,P28223,compound,protein,0
6708706,CPI,Q92830,compound,protein,0
6708716,CPI,Q16790,compound,protein,1
6708716,CPI,Q06710,compound,protein,0
6708742,CPI,P0DMS8,compound,protein,0
6710628,CPI,P06401,compound,protein,1
6710651,CPI,P30411,compound,protein,0
6710654,CPI,P10275,compound,protein,1
6710658,CPI,Q92731,compound,protein,1
6710662,CPI,P04150,compound,protein,1
6710678,CPI,P04150,compound,protein,1
6710690,CPI,P29317,compound,protein,0
6710732,CPI,P20309,compound,protein,0
6710780,CPI,P05412,compound,protein,1
6713984,CPI,Q13976,compound,protein,0
6713984,CPI,P12931,compound,protein,0
6714009,CPI,Q9BQI3,compound,protein,0
672296,CPI,Q99720,compound,protein,0
67361,CPI,P00915,compound,protein,0
67377767,CPI,P07332,compound,protein,0
67505836,CPI,O96017,compound,protein,0
6758,CPI,Q5S007,compound,protein,0
6758,CPI,Q16539,compound,protein,0
6759,CPI,O75496,compound,protein,0
6803,CPI,Q16236,compound,protein,1
680501,CPI,P16473,compound,protein,1
681,CPI,P27695,compound,protein,1
681,CPI,Q8NEV4,compound,protein,0
681,CPI,Q96GD4,compound,protein,0
68186,CPI,P32249,compound,protein,1
68186,CPI,P41595,compound,protein,1
68186,CPI,Q99720,compound,protein,1
68186,CPI,Q9NUW8,compound,protein,1
68186,CPI,O95382,compound,protein,0
68186,CPI,Q8TDC3,compound,protein,0
68296,CPI,P00352,compound,protein,1
6839,CPI,O75469,compound,protein,1
6839,CPI,P04150,compound,protein,1
6839,CPI,P23975,compound,protein,1
6843,CPI,P10635,compound,protein,1
6851740,CPI,P03886,compound,protein,0
6851740,CPI,Q96PY6,compound,protein,0
68602,CPI,Q9BXA7,compound,protein,0
68617,CPI,P41595,compound,protein,1
68617,CPI,Q00537,compound,protein,0
686211,CPI,P54578,compound,protein,0
6872741,CPI,Q96QE3,compound,protein,1
68740,CPI,O43570,compound,protein,1
6875617,CPI,Q9UEW8,compound,protein,0
6875690,CPI,Q9P289,compound,protein,0
6875690,CPI,P28223,compound,protein,0
68770,CPI,P07550,compound,protein,1
68770,CPI,Q6DT37,compound,protein,0
68778,CPI,O75469,compound,protein,0
6878030,CPI,Q92830,compound,protein,0
688020,CPI,P21554,compound,protein,1
688020,CPI,P28335,compound,protein,1
688020,CPI,O75874,compound,protein,0
688020,CPI,P43220,compound,protein,0
688020,CPI,P48730,compound,protein,0
68848,CPI,P30939,compound,protein,1
688666,CPI,Q15375,compound,protein,0
68871,CPI,P21397,compound,protein,1
689043,CPI,P28482,compound,protein,1
689043,CPI,P30556,compound,protein,1
689043,CPI,P11362,compound,protein,0
6913176,CPI,Q8IWU5,compound,protein,1
6913176,CPI,O14730,compound,protein,0
6913176,CPI,P49327,compound,protein,0
6913176,CPI,P50750,compound,protein,0
6914273,CPI,P04150,compound,protein,1
6914273,CPI,P32245,compound,protein,1
6914273,CPI,Q16584,compound,protein,0
6915744,CPI,P08183,compound,protein,1
6916127,CPI,P54803,compound,protein,0
6918030,CPI,Q96KQ7,compound,protein,1
6918140,CPI,Q9Y5S2,compound,protein,0
6918140,CPI,P42685,compound,protein,0
6918155,CPI,P30556,compound,protein,1
6918155,CPI,P32238,compound,protein,1
6918155,CPI,P41968,compound,protein,1
6918155,CPI,Q01959,compound,protein,1
6918155,CPI,P20794,compound,protein,0
6918305,CPI,Q96KQ7,compound,protein,1
6918314,CPI,Q12809,compound,protein,1
6918314,CPI,Q9Y243,compound,protein,0
6918324,CPI,P23443,compound,protein,0
6918453,CPI,P07858,compound,protein,0
6918454,CPI,O00141,compound,protein,1
6918454,CPI,O15111,compound,protein,1
6918454,CPI,O94806,compound,protein,1
6918454,CPI,P11362,compound,protein,1
6918454,CPI,P15735,compound,protein,1
6918454,CPI,P21802,compound,protein,1
6918454,CPI,P42679,compound,protein,1
6918454,CPI,P51817,compound,protein,1
6918454,CPI,P52333,compound,protein,1
6918454,CPI,Q08881,compound,protein,1
6918454,CPI,Q13237,compound,protein,1
6918454,CPI,Q15349,compound,protein,1
6918454,CPI,Q15375,compound,protein,1
6918454,CPI,Q15418,compound,protein,1
6918454,CPI,Q8N752,compound,protein,1
6918454,CPI,Q8NE63,compound,protein,1
6918454,CPI,Q8NI60,compound,protein,1
6918454,CPI,Q8WU08,compound,protein,1
6918454,CPI,P11021,compound,protein,0
6918454,CPI,Q9NR56,compound,protein,0
6918454,CPI,Q92731,compound,protein,0
6918454,CPI,P00918,compound,protein,0
6918454,CPI,Q96RI1,compound,protein,0
6918454,CPI,P10828,compound,protein,0
6918456,CPI,O95342,compound,protein,1
6918456,CPI,Q86UX6,compound,protein,0
6918509,CPI,P32249,compound,protein,0
6918509,CPI,Q9H2K8,compound,protein,0
6918537,CPI,Q92990,compound,protein,1
6918554,CPI,Q5BJF2,compound,protein,1
6918638,CPI,P37288,compound,protein,1
6918638,CPI,Q12797,compound,protein,1
6918638,CPI,Q9UBN7,compound,protein,1
6918638,CPI,Q9UQL6,compound,protein,1
6918638,CPI,P08922,compound,protein,0
6918638,CPI,P16591,compound,protein,0
6918638,CPI,P50613,compound,protein,0
6918638,CPI,P42679,compound,protein,0
6918736,CPI,Q13936,compound,protein,0
6918837,CPI,Q96DB2,compound,protein,1
6918852,CPI,O43353,compound,protein,1
6918852,CPI,O95382,compound,protein,1
6918852,CPI,P07949,compound,protein,1
6918852,CPI,P48730,compound,protein,1
6918852,CPI,P51813,compound,protein,1
6918852,CPI,P53355,compound,protein,1
6918852,CPI,Q00537,compound,protein,1
6918852,CPI,Q14289,compound,protein,1
6918852,CPI,Q2M2I8,compound,protein,1
6918852,CPI,Q92630,compound,protein,1
6918852,CPI,Q9HBH9,compound,protein,1
6918852,CPI,P21917,compound,protein,0
6918852,CPI,Q12809,compound,protein,0
6918852,CPI,Q92731,compound,protein,0
6918852,CPI,P15428,compound,protein,0
6927363,CPI,P35367,compound,protein,0
69550,CPI,O60563,compound,protein,0
698942,CPI,Q96QE3,compound,protein,1
698942,CPI,P29323,compound,protein,0
701939,CPI,O75874,compound,protein,1
702558,CPI,Q9Y6K1,compound,protein,0
7028,CPI,P40225,compound,protein,1
7028,CPI,P60568,compound,protein,1
7028,CPI,P53667,compound,protein,0
7028,CPI,O94782,compound,protein,0
7028,CPI,Q13705,compound,protein,0
7029,CPI,P08172,compound,protein,1
7029,CPI,P36894,compound,protein,0
702927,CPI,Q8TBX8,compound,protein,0
704205,CPI,O75164,compound,protein,1
7046,CPI,P11086,compound,protein,1
7046,CPI,P14416,compound,protein,0
7046,CPI,P98170,compound,protein,0
7046,CPI,Q12809,compound,protein,0
7048664,CPI,Q9UEE5,compound,protein,0
7048664,CPI,Q96PY6,compound,protein,0
7059423,CPI,Q92731,compound,protein,1
7059505,CPI,Q7L7X3,compound,protein,0
7059505,CPI,P51812,compound,protein,0
7061052,CPI,P49761,compound,protein,0
7061052,CPI,P32239,compound,protein,0
7061273,CPI,P06401,compound,protein,1
7067797,CPI,P35869,compound,protein,0
7076513,CPI,Q12809,compound,protein,0
7079134,CPI,Q9UNA4,compound,protein,1
7088398,CPI,Q13163,compound,protein,0
70912,CPI,Q9BX84,compound,protein,0
7092995,CPI,P48169,compound,protein,1
7092995,CPI,O15264,compound,protein,0
71077,CPI,P42685,compound,protein,0
71158,CPI,P62829,compound,protein,0
71158,CPI,Q99808,compound,protein,0
7122097,CPI,Q8IYM2,compound,protein,1
7122097,CPI,Q99683,compound,protein,0
7122097,CPI,Q08881,compound,protein,0
71226662,CPI,P35968,compound,protein,1
71310,CPI,P54803,compound,protein,1
71317162,CPI,O75582,compound,protein,1
71317162,CPI,P08574,compound,protein,1
71317162,CPI,P12931,compound,protein,1
71317162,CPI,P27448,compound,protein,1
71317162,CPI,P31749,compound,protein,1
71317162,CPI,P33981,compound,protein,1
71317162,CPI,P42684,compound,protein,1
71317162,CPI,P53667,compound,protein,1
71317162,CPI,P54577,compound,protein,1
71317162,CPI,Q01813,compound,protein,1
71317162,CPI,Q13470,compound,protein,1
71317162,CPI,Q8TD08,compound,protein,1
71317162,CPI,Q8TDX7,compound,protein,1
71317162,CPI,Q9NSE4,compound,protein,1
71317162,CPI,Q9Y6E0,compound,protein,1
71317162,CPI,Q8WU08,compound,protein,0
71317162,CPI,Q9NUW8,compound,protein,0
71317162,CPI,P03372,compound,protein,0
71317162,CPI,Q92830,compound,protein,0
71317162,CPI,P21802,compound,protein,0
71317162,CPI,O43318,compound,protein,0
71317162,CPI,Q00532,compound,protein,0
71317162,CPI,Q9UQB9,compound,protein,0
71317162,CPI,P52333,compound,protein,0
71317162,CPI,O75469,compound,protein,0
71317558,CPI,Q9NUW8,compound,protein,0
71329,CPI,P08908,compound,protein,1
71329,CPI,Q12809,compound,protein,1
71350,CPI,Q99720,compound,protein,0
71360,CPI,P08912,compound,protein,1
71360,CPI,P54760,compound,protein,0
71360,CPI,P05177,compound,protein,0
71414,CPI,P02545,compound,protein,1
71414,CPI,P41145,compound,protein,0
7141881,CPI,Q12809,compound,protein,1
71433510,CPI,Q92769,compound,protein,1
71496458,CPI,O43193,compound,protein,1
71496458,CPI,P04626,compound,protein,1
71496458,CPI,P08908,compound,protein,1
71496458,CPI,P16083,compound,protein,1
71616,CPI,P11712,compound,protein,1
71714682,CPI,Q99700,compound,protein,0
7172,CPI,Q96KQ7,compound,protein,1
71721648,CPI,P33261,compound,protein,1
71721648,CPI,P00918,compound,protein,0
71748056,CPI,Q06187,compound,protein,1
71768304,CPI,P05129,compound,protein,0
71771,CPI,P41595,compound,protein,1
71781,CPI,Q01959,compound,protein,1
717880,CPI,P18089,compound,protein,1
717880,CPI,P28335,compound,protein,1
72016,CPI,Q15375,compound,protein,0
72093,CPI,P48729,compound,protein,0
72281,CPI,P08588,compound,protein,1
72281,CPI,O75460,compound,protein,0
72281,CPI,Q8IW41,compound,protein,0
72287,CPI,P28335,compound,protein,1
72301,CPI,P08183,compound,protein,0
72326,CPI,Q8TDU6,compound,protein,1
72344,CPI,P43220,compound,protein,1
72344,CPI,P29597,compound,protein,0
72430,CPI,P42345,compound,protein,0
72894,CPI,P07451,compound,protein,0
72943187,CPI,Q9BXF3,compound,protein,1
72943187,CPI,Q9NPI1,compound,protein,1
72943187,CPI,P54803,compound,protein,0
73078,CPI,P21554,compound,protein,0
73157,CPI,Q9HC97,compound,protein,1
73157,CPI,O75385,compound,protein,0
73438893,CPI,P45984,compound,protein,0
73438893,CPI,P11473,compound,protein,0
73453,CPI,Q04912,compound,protein,0
73602827,CPI,P35367,compound,protein,0
73707340,CPI,P08588,compound,protein,1
73707340,CPI,Q16566,compound,protein,0
73707345,CPI,P08908,compound,protein,1
73707349,CPI,Q8IW41,compound,protein,0
73707365,CPI,Q13148,compound,protein,0
73707374,CPI,P53671,compound,protein,0
73707383,CPI,P49760,compound,protein,0
73707386,CPI,P04637,compound,protein,1
73707386,CPI,P30411,compound,protein,0
73707388,CPI,P22303,compound,protein,0
73707406,CPI,Q6ZN16,compound,protein,0
73707408,CPI,Q9C098,compound,protein,0
73707414,CPI,O75164,compound,protein,0
73707415,CPI,P05177,compound,protein,0
73707415,CPI,P35968,compound,protein,0
73707426,CPI,Q9NRH2,compound,protein,0
73707427,CPI,P10721,compound,protein,0
73707430,CPI,O00311,compound,protein,0
73707430,CPI,Q8TDR2,compound,protein,0
73707445,CPI,P54289,compound,protein,1
73707445,CPI,Q9NRM7,compound,protein,0
73707449,CPI,P62508,compound,protein,1
73707459,CPI,Q06710,compound,protein,0
73707465,CPI,P19838,compound,protein,0
73707467,CPI,Q13627,compound,protein,0
73707467,CPI,O75914,compound,protein,0
73707474,CPI,P83916,compound,protein,0
73707474,CPI,Q00526,compound,protein,0
73707478,CPI,P41595,compound,protein,0
73707479,CPI,P06493,compound,protein,0
73707487,CPI,P54760,compound,protein,0
73707493,CPI,P17787,compound,protein,1
73707498,CPI,P11309,compound,protein,0
73707502,CPI,Q8NEV1,compound,protein,0
73707506,CPI,Q96SB4,compound,protein,0
73707506,CPI,O15111,compound,protein,0
73707515,CPI,P08069,compound,protein,0
73707515,CPI,P08588,compound,protein,0
73707519,CPI,P21554,compound,protein,0
73707524,CPI,P10275,compound,protein,1
73707524,CPI,P51955,compound,protein,0
73707530,CPI,P49760,compound,protein,1
73707535,CPI,O15379,compound,protein,1
73707535,CPI,Q92769,compound,protein,1
73707545,CPI,P49336,compound,protein,0
73707550,CPI,P34903,compound,protein,0
73707586,CPI,P42680,compound,protein,0
73707588,CPI,P28223,compound,protein,1
73707588,CPI,P33261,compound,protein,0
73707615,CPI,P21452,compound,protein,0
73707616,CPI,P10696,compound,protein,0
7456,CPI,P00915,compound,protein,1
7456,CPI,Q99714,compound,protein,0
7456,CPI,P28223,compound,protein,0
75299800,CPI,P17980,compound,protein,0
753,CPI,O43708,compound,protein,1
753,CPI,P18089,compound,protein,0
766949,CPI,P04626,compound,protein,1
766949,CPI,P53779,compound,protein,1
76968376,CPI,O95819,compound,protein,0
7699,CPI,P54764,compound,protein,0
7699,CPI,Q9Y6E0,compound,protein,0
770820,CPI,Q92959,compound,protein,0
7741,CPI,P30556,compound,protein,1
7741,CPI,Q92847,compound,protein,1
7741,CPI,Q9HC16,compound,protein,0
7741,CPI,P40225,compound,protein,0
77999,CPI,P21554,compound,protein,1
77999,CPI,P06241,compound,protein,0
78428958,CPI,Q9UGI6,compound,protein,1
78435479,CPI,Q92793,compound,protein,0
8056641,CPI,P23415,compound,protein,0
81131,CPI,P41595,compound,protein,1
81131,CPI,Q9NPH5,compound,protein,1
82146,CPI,P48443,compound,protein,1
82146,CPI,P0C264,compound,protein,0
82146,CPI,Q07912,compound,protein,0
82148,CPI,O95835,compound,protein,0
82148,CPI,Q16816,compound,protein,0
8226,CPI,P35462,compound,protein,1
8226,CPI,Q99714,compound,protein,0
824226,CPI,Q08345,compound,protein,0
824820,CPI,Q96KQ7,compound,protein,0
8362,CPI,P03372,compound,protein,1
84029,CPI,P08684,compound,protein,1
84029,CPI,Q9Y6L6,compound,protein,1
84029,CPI,P11473,compound,protein,0
8421,CPI,Q9H2K8,compound,protein,0
8421,CPI,Q6ZN16,compound,protein,0
8512230,CPI,Q8IVW4,compound,protein,0
8515,CPI,P28482,compound,protein,1
8515,CPI,P51812,compound,protein,0
854019,CPI,P54803,compound,protein,1
8550,CPI,P08908,compound,protein,1
8550,CPI,P39748,compound,protein,0
8569,CPI,P04278,compound,protein,1
8569,CPI,P68400,compound,protein,0
8569,CPI,Q14012,compound,protein,0
864,CPI,P19793,compound,protein,1
877874,CPI,Q9Y2U5,compound,protein,0
8796093,CPI,P21554,compound,protein,0
888706,CPI,Q15274,compound,protein,1
888706,CPI,Q96PD7,compound,protein,1
888706,CPI,Q9UL54,compound,protein,0
888706,CPI,Q00532,compound,protein,0
89594,CPI,Q9UGM1,compound,protein,1
896,CPI,P05164,compound,protein,1
89683805,CPI,Q12809,compound,protein,1
8969,CPI,P07550,compound,protein,1
8969,CPI,P08172,compound,protein,1
8969,CPI,P34969,compound,protein,1
8969,CPI,Q13237,compound,protein,0
8969,CPI,P51817,compound,protein,0
8969,CPI,P83916,compound,protein,0
8969,CPI,O75582,compound,protein,0
8969,CPI,Q9C098,compound,protein,0
897475,CPI,Q14004,compound,protein,0
8975,CPI,O94921,compound,protein,0
8987,CPI,P21731,compound,protein,1
90097975,CPI,P04150,compound,protein,1
90097975,CPI,P41743,compound,protein,0
90488984,CPI,Q9UNQ0,compound,protein,0
906542,CPI,Q9Y616,compound,protein,0
906542,CPI,P06401,compound,protein,0
90821603,CPI,P21127,compound,protein,0
90936519,CPI,P49840,compound,protein,0
91192474,CPI,Q9Y4P1,compound,protein,1
91469,CPI,Q00537,compound,protein,0
91486,CPI,Q8NEV4,compound,protein,0
91610,CPI,Q16566,compound,protein,0
91668,CPI,P04150,compound,protein,1
91668541,CPI,P47712,compound,protein,0
92144482,CPI,P25103,compound,protein,0
92400,CPI,P14416,compound,protein,1
92400,CPI,P30518,compound,protein,1
92400,CPI,P32245,compound,protein,1
92400,CPI,Q99808,compound,protein,1
92400,CPI,Q96PY6,compound,protein,0
9266740,CPI,Q15375,compound,protein,0
92727,CPI,P20309,compound,protein,1
92727,CPI,P21917,compound,protein,1
92727,CPI,P23975,compound,protein,1
92727,CPI,P49336,compound,protein,0
92786,CPI,P31644,compound,protein,1
92786,CPI,P47870,compound,protein,1
92786,CPI,P49798,compound,protein,1
92786,CPI,P78334,compound,protein,1
92786,CPI,Q9UN88,compound,protein,1
92786,CPI,P08588,compound,protein,0
92786,CPI,Q5VT25,compound,protein,0
92786,CPI,Q9NR56,compound,protein,0
92974,CPI,P18089,compound,protein,1
92974,CPI,P31749,compound,protein,0
9305,CPI,O00167,compound,protein,1
9305,CPI,O14924,compound,protein,1
9305,CPI,O75496,compound,protein,1
932,CPI,Q96KQ7,compound,protein,0
933171,CPI,Q14654,compound,protein,0
936,CPI,P09874,compound,protein,0
938,CPI,P20794,compound,protein,0
938,CPI,Q8NEV4,compound,protein,0
938,CPI,O15296,compound,protein,0
941361,CPI,P41145,compound,protein,1
941361,CPI,Q9NRM7,compound,protein,0
9417,CPI,P28221,compound,protein,0
94175,CPI,Q13546,compound,protein,0
9429,CPI,P08908,compound,protein,1
94364,CPI,Q96GD4,compound,protein,0
9444,CPI,O43193,compound,protein,1
9444,CPI,P23975,compound,protein,1
9444,CPI,Q9UIF8,compound,protein,1
9444,CPI,P0C1S8,compound,protein,0
94701,CPI,Q86UX6,compound,protein,0
9547243,CPI,O75676,compound,protein,0
95801,CPI,O15427,compound,protein,1
95801,CPI,O75582,compound,protein,0
9583102,CPI,P01215,compound,protein,1
9583102,CPI,P16591,compound,protein,0
9616928,CPI,Q16584,compound,protein,0
9642,CPI,P04150,compound,protein,1
9642,CPI,P00915,compound,protein,0
9642,CPI,P21554,compound,protein,0
9651,CPI,P06276,compound,protein,1
9675990,CPI,P27695,compound,protein,1
9675990,CPI,P98170,compound,protein,1
9681,CPI,O43193,compound,protein,1
9681,CPI,P21554,compound,protein,1
9681,CPI,Q96KQ7,compound,protein,1
9687,CPI,Q92630,compound,protein,0
969472,CPI,P11473,compound,protein,0
969516,CPI,P16615,compound,protein,1
969516,CPI,P22303,compound,protein,1
969516,CPI,P23280,compound,protein,1
969516,CPI,P49761,compound,protein,1
969516,CPI,P29323,compound,protein,0
969516,CPI,O95835,compound,protein,0
969516,CPI,Q86V86,compound,protein,0
9727,CPI,P33981,compound,protein,0
973891,CPI,P51151,compound,protein,1
975656,CPI,P07550,compound,protein,1
976135,CPI,P21453,compound,protein,1
978061,CPI,Q96QE3,compound,protein,1
978061,CPI,Q8IYT8,compound,protein,0
9782,CPI,Q14004,compound,protein,0
9797568,CPI,P35367,compound,protein,0
9801,CPI,P35462,compound,protein,1
9801,CPI,O75676,compound,protein,0
9803433,CPI,P13945,compound,protein,0
9803475,CPI,P41145,compound,protein,1
9803963,CPI,Q5VT25,compound,protein,0
9804992,CPI,O15379,compound,protein,1
9804992,CPI,Q9BY41,compound,protein,1
9804992,CPI,Q9UN88,compound,protein,0
9806229,CPI,Q9H1R3,compound,protein,0
9806229,CPI,P32238,compound,protein,0
9808844,CPI,P09619,compound,protein,1
9809715,CPI,O14733,compound,protein,1
9809715,CPI,O15146,compound,protein,1
9809715,CPI,O15264,compound,protein,1
9809715,CPI,O94921,compound,protein,1
9809715,CPI,O95382,compound,protein,1
9809715,CPI,O95819,compound,protein,1
9809715,CPI,P22455,compound,protein,1
9809715,CPI,P27037,compound,protein,1
9809715,CPI,P28482,compound,protein,1
9809715,CPI,P36507,compound,protein,1
9809715,CPI,P36896,compound,protein,1
9809715,CPI,P45984,compound,protein,1
9809715,CPI,P52333,compound,protein,1
9809715,CPI,P54753,compound,protein,1
9809715,CPI,P68400,compound,protein,1
9809715,CPI,Q00537,compound,protein,1
9809715,CPI,Q12852,compound,protein,1
9809715,CPI,Q13163,compound,protein,1
9809715,CPI,Q13557,compound,protein,1
9809715,CPI,Q6ZN16,compound,protein,1
9809715,CPI,Q8IWQ3,compound,protein,1
9809715,CPI,Q8IYT8,compound,protein,1
9809715,CPI,Q8NEV4,compound,protein,1
9809715,CPI,Q8WXR4,compound,protein,1
9809715,CPI,Q9NY57,compound,protein,1
9809715,CPI,Q9UKI8,compound,protein,1
9809715,CPI,Q9Y616,compound,protein,1
9809715,CPI,Q9Y6R4,compound,protein,1
9809715,CPI,P83916,compound,protein,0
9809715,CPI,P04637,compound,protein,0
9809715,CPI,P21452,compound,protein,0
9810884,CPI,P19784,compound,protein,1
9810884,CPI,Q9Y5S2,compound,protein,1
9813758,CPI,O00506,compound,protein,1
9813758,CPI,O75582,compound,protein,1
9813758,CPI,P10721,compound,protein,1
9813758,CPI,P20794,compound,protein,1
9813758,CPI,P24941,compound,protein,1
9813758,CPI,P28482,compound,protein,1
9813758,CPI,P51955,compound,protein,1
9813758,CPI,P54764,compound,protein,1
9813758,CPI,Q02750,compound,protein,1
9813758,CPI,Q52WX2,compound,protein,1
9813758,CPI,Q7L7X3,compound,protein,1
9813758,CPI,Q86UE8,compound,protein,1
9813758,CPI,Q8TDX7,compound,protein,1
9813758,CPI,Q8WXR4,compound,protein,1
9813758,CPI,Q9H2X6,compound,protein,1
9813758,CPI,Q9UEE5,compound,protein,1
9813758,CPI,P21918,compound,protein,0
9813758,CPI,P83916,compound,protein,0
9813758,CPI,P15428,compound,protein,0
9813758,CPI,O94782,compound,protein,0
9813758,CPI,P21554,compound,protein,0
9813758,CPI,P08684,compound,protein,0
9816959,CPI,O00329,compound,protein,0
9818903,CPI,P42681,compound,protein,0
9819927,CPI,Q13237,compound,protein,0
9823820,CPI,O14733,compound,protein,0
9826308,CPI,P24941,compound,protein,1
9826308,CPI,P53667,compound,protein,1
9826308,CPI,P78368,compound,protein,1
9826308,CPI,Q8TDC3,compound,protein,1
9826308,CPI,P16234,compound,protein,0
9826308,CPI,P49798,compound,protein,0
9826308,CPI,Q9Y6E0,compound,protein,0
9827968,CPI,O15146,compound,protein,0
9828429,CPI,P20309,compound,protein,0
9829523,CPI,O14976,compound,protein,1
9829523,CPI,O60285,compound,protein,1
9829523,CPI,P19784,compound,protein,1
9829523,CPI,P23443,compound,protein,1
9829523,CPI,P29597,compound,protein,1
9829523,CPI,P33981,compound,protein,1
9829523,CPI,P49336,compound,protein,1
9829523,CPI,P50750,compound,protein,1
9829523,CPI,P53355,compound,protein,1
9829523,CPI,P54760,compound,protein,1
9829523,CPI,Q08345,compound,protein,1
9829523,CPI,Q15139,compound,protein,1
9829523,CPI,Q32MK0,compound,protein,1
9829523,CPI,Q52WX2,compound,protein,1
9829523,CPI,Q8IY84,compound,protein,1
9829523,CPI,Q92630,compound,protein,1
9829523,CPI,P11712,compound,protein,0
9829523,CPI,P08173,compound,protein,0
9829523,CPI,Q96KQ7,compound,protein,0
9829523,CPI,O43193,compound,protein,0
9829523,CPI,P83916,compound,protein,0
9829523,CPI,P06401,compound,protein,0
9829523,CPI,O75874,compound,protein,0
9829523,CPI,P08912,compound,protein,0
9829526,CPI,P49760,compound,protein,0
9840076,CPI,Q16236,compound,protein,1
9841596,CPI,Q15125,compound,protein,1
9841596,CPI,Q5BJF2,compound,protein,1
9841596,CPI,P49760,compound,protein,0
984170,CPI,P42685,compound,protein,0
9844347,CPI,O15296,compound,protein,0
9846332,CPI,P07550,compound,protein,0
9849616,CPI,Q15349,compound,protein,0
9849616,CPI,P57058,compound,protein,0
9852185,CPI,P30411,compound,protein,0
9855081,CPI,Q05655,compound,protein,0
9860529,CPI,O94782,compound,protein,0
9862248,CPI,P10828,compound,protein,1
9863367,CPI,P06213,compound,protein,1
9863367,CPI,P78368,compound,protein,1
9863367,CPI,Q86UE8,compound,protein,0
9863367,CPI,P0C1S8,compound,protein,0
9863367,CPI,P42684,compound,protein,0
9863367,CPI,P18089,compound,protein,0
986349,CPI,Q8N2K0,compound,protein,0
9864378,CPI,P13631,compound,protein,1
9865515,CPI,Q9UBN7,compound,protein,1
9865515,CPI,O75582,compound,protein,0
9867642,CPI,P37288,compound,protein,1
9867642,CPI,P43119,compound,protein,1
9867642,CPI,Q9BRS2,compound,protein,0
9867642,CPI,P29323,compound,protein,0
9867642,CPI,Q9HC98,compound,protein,0
9867812,CPI,P18507,compound,protein,1
9867812,CPI,P28472,compound,protein,1
9867812,CPI,Q9UN88,compound,protein,1
9871074,CPI,Q96BR1,compound,protein,0
9871875,CPI,Q12791,compound,protein,1
9871875,CPI,Q92952,compound,protein,1
9871875,CPI,Q7L7X3,compound,protein,0
9871875,CPI,P54803,compound,protein,0
9874838,CPI,Q9Y463,compound,protein,0
9874838,CPI,Q9Y6M4,compound,protein,0
9874913,CPI,P29376,compound,protein,1
9874913,CPI,P49841,compound,protein,1
9874913,CPI,P50613,compound,protein,1
9874913,CPI,P53779,compound,protein,1
9874913,CPI,Q13555,compound,protein,1
9874913,CPI,Q8TDC3,compound,protein,1
9874913,CPI,Q96NX5,compound,protein,1
9874913,CPI,Q9HBH9,compound,protein,1
9874913,CPI,Q9HCP0,compound,protein,1
9874913,CPI,Q9UEE5,compound,protein,1
9874913,CPI,Q9UM73,compound,protein,1
9874913,CPI,Q9Y5S2,compound,protein,1
9874913,CPI,Q9UPE1,compound,protein,0
9874913,CPI,Q92830,compound,protein,0
9874913,CPI,P19838,compound,protein,0
9875401,CPI,Q14680,compound,protein,0
9880,CPI,P28223,compound,protein,1
9880,CPI,P41145,compound,protein,1
9880,CPI,P31152,compound,protein,0
9882979,CPI,P28335,compound,protein,1
9884685,CPI,P04626,compound,protein,1
9884685,CPI,P11309,compound,protein,1
9884685,CPI,P23443,compound,protein,1
9884685,CPI,P24941,compound,protein,1
9884685,CPI,P36894,compound,protein,1
9884685,CPI,P42345,compound,protein,1
9884685,CPI,P49137,compound,protein,1
9884685,CPI,P51955,compound,protein,1
9884685,CPI,P54760,compound,protein,1
9884685,CPI,P78362,compound,protein,1
9884685,CPI,P78368,compound,protein,1
9884685,CPI,Q00535,compound,protein,1
9884685,CPI,Q00536,compound,protein,1
9884685,CPI,Q06418,compound,protein,1
9884685,CPI,Q15349,compound,protein,1
9884685,CPI,Q16644,compound,protein,1
9884685,CPI,Q8N5S9,compound,protein,1
9884685,CPI,Q8WTQ7,compound,protein,1
9884685,CPI,Q9H0K1,compound,protein,1
9884685,CPI,Q9UL54,compound,protein,1
9884685,CPI,Q9Y2U5,compound,protein,1
9884685,CPI,P16473,compound,protein,0
9884685,CPI,P25103,compound,protein,0
9884685,CPI,P46098,compound,protein,0
9884817,CPI,P07332,compound,protein,0
9886086,CPI,P35557,compound,protein,1
9886086,CPI,P08172,compound,protein,0
9886498,CPI,Q05586,compound,protein,1
9887381,CPI,P22888,compound,protein,1
9887381,CPI,O43318,compound,protein,0
9888590,CPI,P16050,compound,protein,0
9893924,CPI,P11229,compound,protein,1
9893924,CPI,P47898,compound,protein,1
9903,CPI,P18031,compound,protein,1
9904,CPI,Q16654,compound,protein,0
9904854,CPI,P35367,compound,protein,0
9904854,CPI,Q92731,compound,protein,0
9907323,CPI,Q15125,compound,protein,1
990823,CPI,Q16236,compound,protein,1
990823,CPI,Q8IY84,compound,protein,0
9908992,CPI,O43283,compound,protein,0
9909648,CPI,Q13177,compound,protein,0
9910224,CPI,P06493,compound,protein,0
9911830,CPI,Q08345,compound,protein,1
9911830,CPI,Q16832,compound,protein,1
9913,CPI,P39023,compound,protein,1
9914412,CPI,P00519,compound,protein,1
9914412,CPI,P08069,compound,protein,1
9914412,CPI,P51817,compound,protein,1
9914412,CPI,Q13627,compound,protein,1
9914412,CPI,Q96GD4,compound,protein,1
9914412,CPI,O94768,compound,protein,0
9914412,CPI,P22303,compound,protein,0
9914412,CPI,P21731,compound,protein,0
9915743,CPI,O00329,compound,protein,1
9915743,CPI,O15111,compound,protein,1
9915743,CPI,O75716,compound,protein,1
9915743,CPI,O94806,compound,protein,1
9915743,CPI,O95382,compound,protein,1
9915743,CPI,P08922,compound,protein,1
9915743,CPI,P30291,compound,protein,1
9915743,CPI,P31152,compound,protein,1
9915743,CPI,P42679,compound,protein,1
9915743,CPI,P48729,compound,protein,1
9915743,CPI,P48730,compound,protein,1
9915743,CPI,P48736,compound,protein,1
9915743,CPI,Q02763,compound,protein,1
9915743,CPI,Q2M2I8,compound,protein,1
9915743,CPI,Q9NQU5,compound,protein,1
9915743,CPI,Q9NWZ3,compound,protein,1
9915743,CPI,Q9Y616,compound,protein,1
9915743,CPI,Q16236,compound,protein,0
9915743,CPI,P32238,compound,protein,0
9915743,CPI,P27695,compound,protein,0
9915743,CPI,P08684,compound,protein,0
9915743,CPI,P13945,compound,protein,0
9915743,CPI,P37288,compound,protein,0
9915743,CPI,P41145,compound,protein,0
9915886,CPI,P34903,compound,protein,1
9924495,CPI,P48058,compound,protein,1
9926048,CPI,P36544,compound,protein,1
9926048,CPI,P11712,compound,protein,0
9926791,CPI,P14616,compound,protein,1
9926791,CPI,P21397,compound,protein,1
9926791,CPI,P29320,compound,protein,1
9926791,CPI,P45983,compound,protein,1
9926791,CPI,Q00537,compound,protein,1
9926791,CPI,Q12851,compound,protein,1
9926791,CPI,Q14012,compound,protein,1
9926791,CPI,Q16620,compound,protein,1
9926791,CPI,Q6ZN16,compound,protein,1
9926791,CPI,Q86UE8,compound,protein,1
9926791,CPI,Q86V86,compound,protein,1
9926791,CPI,Q8TD19,compound,protein,1
9926791,CPI,Q9P0L2,compound,protein,1
9926791,CPI,Q9Y5S2,compound,protein,1
9926791,CPI,P20309,compound,protein,0
9926791,CPI,Q96KQ7,compound,protein,0
9926791,CPI,O75874,compound,protein,0
9926791,CPI,Q16637,compound,protein,0
9931891,CPI,P34995,compound,protein,1
9931891,CPI,P43119,compound,protein,1
9931954,CPI,O15264,compound,protein,1
9931954,CPI,P14416,compound,protein,1
9931954,CPI,Q13131,compound,protein,1
9931954,CPI,Q9H0J9,compound,protein,1
9931954,CPI,O94921,compound,protein,0
9931954,CPI,Q8TD19,compound,protein,0
9931954,CPI,Q04912,compound,protein,0
9931954,CPI,P11712,compound,protein,0
9933475,CPI,P07332,compound,protein,1
9933475,CPI,P10721,compound,protein,1
9933475,CPI,P23443,compound,protein,1
9933475,CPI,P43405,compound,protein,1
9933475,CPI,P49760,compound,protein,1
9933475,CPI,P51812,compound,protein,1
9933475,CPI,P53671,compound,protein,1
9933475,CPI,P68400,compound,protein,1
9933475,CPI,Q05655,compound,protein,1
9933475,CPI,Q13164,compound,protein,1
9933475,CPI,Q13555,compound,protein,1
9933475,CPI,Q15375,compound,protein,1
9933475,CPI,Q16620,compound,protein,1
9933475,CPI,Q16832,compound,protein,1
9933475,CPI,Q8NI60,compound,protein,1
9933475,CPI,Q99759,compound,protein,1
9933475,CPI,Q9BWU1,compound,protein,1
9933475,CPI,Q9HCP0,compound,protein,1
9933475,CPI,Q9Y616,compound,protein,1
9933475,CPI,Q13148,compound,protein,0
9933475,CPI,P35462,compound,protein,0
9933475,CPI,P43220,compound,protein,0
9933475,CPI,P21397,compound,protein,0
9934347,CPI,P51812,compound,protein,1
9934347,CPI,P51955,compound,protein,1
9934347,CPI,P78368,compound,protein,1
9934347,CPI,Q13464,compound,protein,1
9934347,CPI,Q9UM73,compound,protein,1
9934347,CPI,Q9UEW8,compound,protein,0
9934347,CPI,Q9P2K8,compound,protein,0
9934347,CPI,Q16584,compound,protein,0
9934347,CPI,P22303,compound,protein,0
9934458,CPI,P00352,compound,protein,1
9936746,CPI,P41145,compound,protein,0
9941444,CPI,P24530,compound,protein,1
9941444,CPI,P32239,compound,protein,1
9941444,CPI,P34969,compound,protein,1
9941444,CPI,Q96QE3,compound,protein,0
9941444,CPI,Q8N5S9,compound,protein,0
9941444,CPI,P04629,compound,protein,0
9941444,CPI,P24941,compound,protein,0
9941444,CPI,Q14012,compound,protein,0
9949641,CPI,Q14232,compound,protein,1
9949641,CPI,P49840,compound,protein,0
9952773,CPI,O95819,compound,protein,1
9952773,CPI,P31751,compound,protein,1
9952773,CPI,Q13131,compound,protein,1
9952773,CPI,Q13627,compound,protein,1
9952773,CPI,P14616,compound,protein,0
9952773,CPI,P49761,compound,protein,0
9952773,CPI,O14733,compound,protein,0
9952773,CPI,O75716,compound,protein,0
9953065,CPI,P08908,compound,protein,0
9953599,CPI,P43220,compound,protein,1
9953769,CPI,P48730,compound,protein,0
9956119,CPI,P11309,compound,protein,1
9956119,CPI,P30530,compound,protein,1
9956119,CPI,Q13882,compound,protein,1
9956119,CPI,P30556,compound,protein,0
9956119,CPI,Q59H18,compound,protein,0
9956119,CPI,O00329,compound,protein,0
9956119,CPI,P21397,compound,protein,0
9956145,CPI,Q9H1R3,compound,protein,0
9956146,CPI,Q00532,compound,protein,0
9956222,CPI,P10635,compound,protein,0
9960285,CPI,Q9UBF8,compound,protein,0
9966051,CPI,P23975,compound,protein,1
99719310,CPI,P07900,compound,protein,1
99719310,CPI,P29375,compound,protein,1
9989505,CPI,P29597,compound,protein,0
