head,relation,tail,head_type,tail_type,label
10022508,CPI,P33981,compound,protein,0
10026128,CPI,Q7Z2K8,compound,protein,0
10029385,CPI,Q13153,compound,protein,1
10052040,CPI,O75747,compound,protein,0
10074640,CPI,O75747,compound,protein,1
10074640,CPI,O94921,compound,protein,1
10074640,CPI,P00533,compound,protein,1
10074640,CPI,P07948,compound,protein,1
10074640,CPI,P11274,compound,protein,1
10074640,CPI,P23458,compound,protein,1
10074640,CPI,P29317,compound,protein,1
10074640,CPI,P30530,compound,protein,1
10074640,CPI,Q02750,compound,protein,1
10074640,CPI,Q15759,compound,protein,1
10074640,CPI,Q8IVH8,compound,protein,1
10074640,CPI,Q8IY84,compound,protein,1
10074640,CPI,Q8NEV4,compound,protein,1
10074640,CPI,Q96BR1,compound,protein,1
10074640,CPI,Q9BVS4,compound,protein,1
10074640,CPI,Q9UKI8,compound,protein,1
10074640,CPI,Q15119,compound,protein,0
10074640,CPI,P51685,compound,protein,0
10074640,CPI,Q96D31,compound,protein,0
10074640,CPI,P69905,compound,protein,0
10074640,CPI,Q00722,compound,protein,0
10074640,CPI,Q9HBG4,compound,protein,0
10074640,CPI,P15328,compound,protein,0
10074640,CPI,P46721,compound,protein,0
10074640,CPI,P48735,compound,protein,0
10074640,CPI,P18858,compound,protein,0
10074640,CPI,P25929,compound,protein,0
10077130,CPI,P53396,compound,protein,0
10077130,CPI,P43004,compound,protein,0
10096344,CPI,P11229,compound,protein,1
10096344,CPI,P19835,compound,protein,0
10109823,CPI,Q9Y275,compound,protein,0
10109823,CPI,P08913,compound,protein,0
10113978,CPI,O14976,compound,protein,1
10113978,CPI,O94806,compound,protein,1
10113978,CPI,P08581,compound,protein,1
10113978,CPI,P0C264,compound,protein,1
10113978,CPI,P15056,compound,protein,1
10113978,CPI,P52564,compound,protein,1
10113978,CPI,P53355,compound,protein,1
10113978,CPI,P54756,compound,protein,1
10113978,CPI,Q00535,compound,protein,1
10113978,CPI,Q00536,compound,protein,1
10113978,CPI,Q00537,compound,protein,1
10113978,CPI,Q14012,compound,protein,1
10113978,CPI,Q15375,compound,protein,1
10113978,CPI,Q15746,compound,protein,1
10113978,CPI,Q99755,compound,protein,1
10113978,CPI,Q9BUB5,compound,protein,1
10113978,CPI,Q9Y5S2,compound,protein,1
10113978,CPI,P05198,compound,protein,0
10113978,CPI,Q3T906,compound,protein,0
10113978,CPI,Q9NR97,compound,protein,0
10113978,CPI,P00736,compound,protein,0
10113978,CPI,P19878,compound,protein,0
10113978,CPI,P11168,compound,protein,0
10113978,CPI,P59536,compound,protein,0
10113978,CPI,P06865,compound,protein,0
10113978,CPI,Q16552,compound,protein,0
10113978,CPI,Q16581,compound,protein,0
10113978,CPI,P00742,compound,protein,0
10113978,CPI,P42262,compound,protein,0
10113978,CPI,Q8WXS5,compound,protein,0
10113978,CPI,O43463,compound,protein,0
10113978,CPI,Q05901,compound,protein,0
10126189,CPI,P08047,compound,protein,1
10126189,CPI,Q14896,compound,protein,0
10126189,CPI,P54619,compound,protein,0
10127622,CPI,P21728,compound,protein,1
10127622,CPI,P29322,compound,protein,1
10127622,CPI,P31749,compound,protein,1
10127622,CPI,P53667,compound,protein,1
10127622,CPI,Q13177,compound,protein,1
10127622,CPI,Q13873,compound,protein,1
10127622,CPI,Q7L7X3,compound,protein,1
10127622,CPI,Q99759,compound,protein,1
10127622,CPI,Q9BVS4,compound,protein,1
10127622,CPI,Q9P1W9,compound,protein,1
10127622,CPI,Q9UBF8,compound,protein,1
10127622,CPI,Q9UKI8,compound,protein,1
10127622,CPI,Q9Y5S2,compound,protein,1
10127622,CPI,P09417,compound,protein,0
10127622,CPI,P20645,compound,protein,0
10127622,CPI,Q15238,compound,protein,0
10127622,CPI,O14841,compound,protein,0
10127622,CPI,P62736,compound,protein,0
10127622,CPI,O43837,compound,protein,0
10127622,CPI,Q9Y4C1,compound,protein,0
10127622,CPI,Q9Y617,compound,protein,0
10127622,CPI,P14060,compound,protein,0
10127622,CPI,P48506,compound,protein,0
10127622,CPI,Q8NHE4,compound,protein,0
10127622,CPI,Q5QJU3,compound,protein,0
10133,CPI,P21917,compound,protein,0
10152654,CPI,Q92542,compound,protein,0
10154,CPI,P10635,compound,protein,1
10154,CPI,P42345,compound,protein,0
10168,CPI,P37231,compound,protein,1
10168,CPI,P46063,compound,protein,1
10168,CPI,Q96NZ9,compound,protein,0
10172943,CPI,O75496,compound,protein,1
10173949,CPI,O95352,compound,protein,0
10173949,CPI,P19835,compound,protein,0
1017704,CPI,Q96QE3,compound,protein,1
1017704,CPI,P49768,compound,protein,0
1017704,CPI,P14416,compound,protein,0
10184653,CPI,O14757,compound,protein,1
10184653,CPI,O76039,compound,protein,1
10184653,CPI,P11362,compound,protein,1
10184653,CPI,P19525,compound,protein,1
10184653,CPI,P31749,compound,protein,1
10184653,CPI,P42338,compound,protein,1
10184653,CPI,P42345,compound,protein,1
10184653,CPI,P49336,compound,protein,1
10184653,CPI,Q00535,compound,protein,1
10184653,CPI,Q15418,compound,protein,1
10184653,CPI,Q16566,compound,protein,1
10184653,CPI,Q96GD4,compound,protein,1
10184653,CPI,Q96SB4,compound,protein,1
10184653,CPI,Q9BZL6,compound,protein,1
10184653,CPI,Q9NYL2,compound,protein,1
10184653,CPI,Q9UKE5,compound,protein,1
10184653,CPI,Q08211,compound,protein,0
10184653,CPI,Q96BI3,compound,protein,0
10184653,CPI,P62917,compound,protein,0
10184653,CPI,O95563,compound,protein,0
10184653,CPI,P84098,compound,protein,0
10184653,CPI,P13639,compound,protein,0
10184653,CPI,P22888,compound,protein,0
10184653,CPI,Q15185,compound,protein,0
10184653,CPI,P07814,compound,protein,0
10200390,CPI,O00444,compound,protein,1
10200390,CPI,P17948,compound,protein,1
10200390,CPI,Q05655,compound,protein,1
10200390,CPI,Q9H2G2,compound,protein,1
10200390,CPI,Q9HCP0,compound,protein,1
10200390,CPI,Q92835,compound,protein,0
10200390,CPI,P37288,compound,protein,0
10204,CPI,Q7Z2K8,compound,protein,0
10204,CPI,P21452,compound,protein,0
10205,CPI,P11473,compound,protein,1
10206,CPI,P19835,compound,protein,0
10208,CPI,O75355,compound,protein,0
10212,CPI,P43220,compound,protein,1
102175,CPI,P07900,compound,protein,1
102175,CPI,O60674,compound,protein,0
10219,CPI,Q96KQ7,compound,protein,1
10223146,CPI,Q9BZL6,compound,protein,0
10251,CPI,P16444,compound,protein,0
10265481,CPI,P62937,compound,protein,0
10275777,CPI,P00747,compound,protein,1
10275789,CPI,P42338,compound,protein,1
10275789,CPI,P49761,compound,protein,1
10296883,CPI,O43293,compound,protein,1
10296883,CPI,P00519,compound,protein,1
10296883,CPI,P08631,compound,protein,1
10296883,CPI,P51957,compound,protein,1
10296883,CPI,Q05397,compound,protein,1
10296883,CPI,Q08211,compound,protein,0
10296883,CPI,Q8N6T3,compound,protein,0
10296883,CPI,P32248,compound,protein,0
10302451,CPI,P00533,compound,protein,1
10302451,CPI,P29323,compound,protein,1
10302451,CPI,P36896,compound,protein,1
10302451,CPI,P36897,compound,protein,1
10302451,CPI,P42685,compound,protein,1
10302451,CPI,P54756,compound,protein,1
10302451,CPI,Q9NYL2,compound,protein,1
10302451,CPI,Q8WW43,compound,protein,0
10302451,CPI,P49961,compound,protein,0
10313,CPI,Q9UBN7,compound,protein,1
10316032,CPI,P31644,compound,protein,0
10322450,CPI,P33527,compound,protein,1
10341154,CPI,Q15746,compound,protein,1
10341154,CPI,O75355,compound,protein,0
1034641,CPI,P54764,compound,protein,0
10365,CPI,Q96KQ7,compound,protein,1
10365,CPI,Q9H6Z9,compound,protein,1
10366136,CPI,P04629,compound,protein,1
10366136,CPI,Q9UK32,compound,protein,1
10366136,CPI,P20393,compound,protein,0
10377751,CPI,Q99798,compound,protein,0
10377751,CPI,P34981,compound,protein,0
10379137,CPI,P31751,compound,protein,0
10398360,CPI,P16444,compound,protein,0
10407195,CPI,P28221,compound,protein,0
10410310,CPI,Q9UM07,compound,protein,1
10427712,CPI,P24941,compound,protein,1
10427712,CPI,P51451,compound,protein,1
10427712,CPI,P54646,compound,protein,1
10427712,CPI,P54753,compound,protein,1
10427712,CPI,P54762,compound,protein,1
10427712,CPI,Q00535,compound,protein,1
10427712,CPI,Q08881,compound,protein,1
10427712,CPI,Q15349,compound,protein,1
10427712,CPI,Q8IWQ3,compound,protein,1
10427712,CPI,Q8IY84,compound,protein,1
10427712,CPI,Q8TBX8,compound,protein,1
10427712,CPI,Q8WTQ7,compound,protein,1
10427712,CPI,Q99759,compound,protein,1
10427712,CPI,Q8N2K0,compound,protein,0
10427712,CPI,Q6PIU2,compound,protein,0
10427712,CPI,Q9Y5K8,compound,protein,0
10427712,CPI,Q9UKP6,compound,protein,0
10427712,CPI,Q14914,compound,protein,0
10427712,CPI,P00480,compound,protein,0
10427712,CPI,P55011,compound,protein,0
10429242,CPI,P62937,compound,protein,0
10429242,CPI,P51946,compound,protein,0
10430360,CPI,Q9NR20,compound,protein,1
10430360,CPI,Q9UP65,compound,protein,0
10430360,CPI,Q8N6T3,compound,protein,0
10430360,CPI,P06702,compound,protein,0
10436840,CPI,P36888,compound,protein,1
10436840,CPI,Q08881,compound,protein,1
10437018,CPI,P00533,compound,protein,1
10437018,CPI,Q8IVH4,compound,protein,0
1046,CPI,P11473,compound,protein,1
1046,CPI,P50406,compound,protein,1
1046,CPI,O95342,compound,protein,0
1046,CPI,O60894,compound,protein,0
10461815,CPI,P11802,compound,protein,1
10461815,CPI,P15735,compound,protein,1
10461815,CPI,P22607,compound,protein,1
10461815,CPI,P51957,compound,protein,1
10461815,CPI,P54646,compound,protein,1
10461815,CPI,P54753,compound,protein,1
10461815,CPI,Q13554,compound,protein,1
10461815,CPI,Q7L7X3,compound,protein,1
10461815,CPI,Q8NEV4,compound,protein,1
10461815,CPI,Q92918,compound,protein,1
10461815,CPI,Q9BVS4,compound,protein,1
10461815,CPI,Q9NQU5,compound,protein,1
10461815,CPI,P23381,compound,protein,0
10461815,CPI,P51511,compound,protein,0
10461815,CPI,P0CG30,compound,protein,0
10461815,CPI,P49366,compound,protein,0
10461815,CPI,Q9NYV7,compound,protein,0
10461815,CPI,Q6GMR7,compound,protein,0
10461815,CPI,Q9Y617,compound,protein,0
10461815,CPI,P51553,compound,protein,0
104741,CPI,Q93008,compound,protein,0
104741,CPI,O14965,compound,protein,0
104767,CPI,Q13237,compound,protein,1
104842,CPI,Q9HAW7,compound,protein,1
104842,CPI,Q9NRP7,compound,protein,0
104842,CPI,P46098,compound,protein,0
104845,CPI,Q96KQ7,compound,protein,1
104845,CPI,Q15077,compound,protein,0
104850,CPI,P10635,compound,protein,1
104850,CPI,Q9Y4C1,compound,protein,0
104850,CPI,P47872,compound,protein,0
104865,CPI,P18089,compound,protein,1
104865,CPI,P25021,compound,protein,1
104865,CPI,P53609,compound,protein,0
104865,CPI,Q5QJU3,compound,protein,0
104956,CPI,P48995,compound,protein,1
105007,CPI,P24557,compound,protein,1
105008,CPI,P08588,compound,protein,0
105078,CPI,Q16445,compound,protein,1
10531,CPI,P08913,compound,protein,1
10531,CPI,P11229,compound,protein,1
10531,CPI,Q08499,compound,protein,1
1054,CPI,O95342,compound,protein,0
10607,CPI,P51843,compound,protein,1
10607,CPI,Q16665,compound,protein,1
10631,CPI,P54803,compound,protein,1
10633,CPI,P29317,compound,protein,0
1065,CPI,Q14524,compound,protein,1
1065,CPI,P33261,compound,protein,0
10668061,CPI,P10635,compound,protein,0
10668211,CPI,Q15208,compound,protein,0
10687292,CPI,P21728,compound,protein,0
10742,CPI,Q9ULX7,compound,protein,1
10748,CPI,Q8N6T3,compound,protein,0
1075698,CPI,O75496,compound,protein,1
1075883,CPI,P04062,compound,protein,1
10767,CPI,Q8IUX4,compound,protein,0
107704,CPI,P80098,compound,protein,0
107715,CPI,Q8NFT8,compound,protein,0
107715,CPI,Q9BYV1,compound,protein,0
107751,CPI,P07550,compound,protein,1
107751,CPI,P23975,compound,protein,1
107751,CPI,P48145,compound,protein,0
107775,CPI,P32245,compound,protein,0
107780,CPI,P16473,compound,protein,1
107780,CPI,P34969,compound,protein,1
107780,CPI,P42345,compound,protein,1
107780,CPI,O43708,compound,protein,0
107935,CPI,P07900,compound,protein,1
107935,CPI,P23975,compound,protein,0
107970,CPI,Q99500,compound,protein,1
107970,CPI,P53350,compound,protein,0
107985,CPI,O43323,compound,protein,0
107992,CPI,P48066,compound,protein,0
107992,CPI,P05198,compound,protein,0
107992,CPI,Q13188,compound,protein,0
108029,CPI,P48735,compound,protein,0
108046,CPI,P08908,compound,protein,1
108107,CPI,Q9GZP0,compound,protein,0
10831,CPI,Q9NSE4,compound,protein,0
1088,CPI,P80075,compound,protein,0
10947895,CPI,Q13639,compound,protein,1
10947895,CPI,P13866,compound,protein,0
10970751,CPI,P42898,compound,protein,0
10970751,CPI,Q86V86,compound,protein,0
11001318,CPI,P06702,compound,protein,0
1103147,CPI,P10636,compound,protein,1
110634,CPI,Q07343,compound,protein,1
110635,CPI,P08913,compound,protein,1
110635,CPI,Q9HCR9,compound,protein,1
11095,CPI,P54687,compound,protein,0
1109840,CPI,P04637,compound,protein,1
11152667,CPI,O60674,compound,protein,1
11152667,CPI,P00519,compound,protein,1
11152667,CPI,P35503,compound,protein,0
11152667,CPI,P30711,compound,protein,0
11167602,CPI,P21709,compound,protein,1
11167602,CPI,P33981,compound,protein,1
11167602,CPI,P35968,compound,protein,1
11167602,CPI,Q16539,compound,protein,1
11167602,CPI,P11168,compound,protein,0
11180808,CPI,P56704,compound,protein,0
11201705,CPI,P42574,compound,protein,1
11201705,CPI,P08912,compound,protein,0
11213558,CPI,O43293,compound,protein,1
11213558,CPI,P17948,compound,protein,1
11213558,CPI,P29322,compound,protein,1
11213558,CPI,P49336,compound,protein,1
11213558,CPI,P80192,compound,protein,1
11213558,CPI,Q13153,compound,protein,1
11213558,CPI,Q13523,compound,protein,1
11213558,CPI,Q14164,compound,protein,1
11213558,CPI,Q8NE63,compound,protein,1
11213558,CPI,Q8TBX8,compound,protein,1
11213558,CPI,Q8TD08,compound,protein,1
11213558,CPI,Q96SB4,compound,protein,1
11213558,CPI,Q9UIK4,compound,protein,1
11213558,CPI,Q9NR28,compound,protein,0
11213558,CPI,O95298,compound,protein,0
11213558,CPI,P01579,compound,protein,0
11213558,CPI,P36639,compound,protein,0
11213558,CPI,Q15661,compound,protein,0
11213558,CPI,Q9BYV1,compound,protein,0
11213558,CPI,O60603,compound,protein,0
11213558,CPI,P14060,compound,protein,0
11213558,CPI,Q9BV23,compound,protein,0
11213558,CPI,Q9UHL4,compound,protein,0
11213558,CPI,Q14145,compound,protein,0
11213558,CPI,Q9BXF3,compound,protein,0
11213558,CPI,Q9UJT0,compound,protein,0
11213558,CPI,Q9Y4D2,compound,protein,0
11219195,CPI,Q01959,compound,protein,0
11219835,CPI,P11532,compound,protein,1
11222830,CPI,Q9P1W9,compound,protein,0
11224409,CPI,P14415,compound,protein,0
11234052,CPI,O15146,compound,protein,1
11234052,CPI,O15530,compound,protein,1
11234052,CPI,P21860,compound,protein,1
11234052,CPI,P29317,compound,protein,1
11234052,CPI,P36896,compound,protein,1
11234052,CPI,P49840,compound,protein,1
11234052,CPI,P54753,compound,protein,1
11234052,CPI,P54762,compound,protein,1
11234052,CPI,Q6PHR2,compound,protein,1
11234052,CPI,Q9H2K8,compound,protein,1
11234052,CPI,Q9UEE5,compound,protein,1
11234052,CPI,P01148,compound,protein,0
11234052,CPI,P56704,compound,protein,0
11234052,CPI,P07602,compound,protein,0
11234052,CPI,Q15047,compound,protein,0
11234052,CPI,P41252,compound,protein,0
11234052,CPI,P16112,compound,protein,0
11234052,CPI,P02675,compound,protein,0
11234052,CPI,Q9UHL4,compound,protein,0
11234052,CPI,P62714,compound,protein,0
11234052,CPI,P61313,compound,protein,0
11256587,CPI,O15496,compound,protein,0
11270783,CPI,Q9HAW9,compound,protein,0
11282283,CPI,P23975,compound,protein,0
11282283,CPI,P25100,compound,protein,0
11282283,CPI,P02753,compound,protein,0
11289,CPI,Q99700,compound,protein,1
11289,CPI,Q9P0J0,compound,protein,0
11289630,CPI,P31645,compound,protein,0
11292191,CPI,Q9Y5Y4,compound,protein,1
11304743,CPI,Q02846,compound,protein,1
11319053,CPI,P08173,compound,protein,0
11327430,CPI,Q13315,compound,protein,1
11338033,CPI,O14757,compound,protein,1
11338033,CPI,O14965,compound,protein,1
11338033,CPI,O75460,compound,protein,1
11338033,CPI,O75747,compound,protein,1
11338033,CPI,P29376,compound,protein,1
11338033,CPI,P41743,compound,protein,1
11338033,CPI,P42680,compound,protein,1
11338033,CPI,P48730,compound,protein,1
11338033,CPI,Q00526,compound,protein,1
11338033,CPI,Q05655,compound,protein,1
11338033,CPI,Q12851,compound,protein,1
11338033,CPI,Q15418,compound,protein,1
11338033,CPI,Q16659,compound,protein,1
11338033,CPI,Q5VT25,compound,protein,1
11338033,CPI,Q8NE63,compound,protein,1
11338033,CPI,Q8WUK0,compound,protein,0
11338033,CPI,P11150,compound,protein,0
11338033,CPI,Q9UI12,compound,protein,0
11338033,CPI,Q96T88,compound,protein,0
11338033,CPI,P36969,compound,protein,0
11338033,CPI,P17706,compound,protein,0
11338033,CPI,P05981,compound,protein,0
11338033,CPI,P05413,compound,protein,0
11338033,CPI,Q9UBN1,compound,protein,0
11338033,CPI,Q04756,compound,protein,0
11338033,CPI,O95461,compound,protein,0
11351021,CPI,Q8N5S9,compound,protein,0
11351968,CPI,P08913,compound,protein,0
11360391,CPI,Q96A05,compound,protein,0
11364421,CPI,O76039,compound,protein,1
11364421,CPI,O95382,compound,protein,1
11364421,CPI,P07332,compound,protein,1
11364421,CPI,P32298,compound,protein,1
11364421,CPI,P45983,compound,protein,1
11364421,CPI,P45984,compound,protein,1
11364421,CPI,P49841,compound,protein,1
11364421,CPI,P51817,compound,protein,1
11364421,CPI,P53671,compound,protein,1
11364421,CPI,P54760,compound,protein,1
11364421,CPI,Q00537,compound,protein,1
11364421,CPI,Q05655,compound,protein,1
11364421,CPI,Q09013,compound,protein,1
11364421,CPI,Q13873,compound,protein,1
11364421,CPI,Q16512,compound,protein,1
11364421,CPI,Q16539,compound,protein,1
11364421,CPI,Q8IU85,compound,protein,1
11364421,CPI,Q7RTR8,compound,protein,0
11364421,CPI,Q14571,compound,protein,0
11364421,CPI,P18858,compound,protein,0
11364421,CPI,Q9GZR1,compound,protein,0
11364421,CPI,Q86X55,compound,protein,0
11364421,CPI,Q9UBX1,compound,protein,0
11364421,CPI,P15090,compound,protein,0
11364421,CPI,Q969P6,compound,protein,0
11364421,CPI,O95563,compound,protein,0
11364421,CPI,P07686,compound,protein,0
11364421,CPI,P25021,compound,protein,0
11373846,CPI,Q14994,compound,protein,0
11427553,CPI,O15075,compound,protein,1
11427553,CPI,P29323,compound,protein,1
11427553,CPI,Q02156,compound,protein,1
11427553,CPI,Q15139,compound,protein,1
11427553,CPI,Q15759,compound,protein,1
11427553,CPI,Q9BZL6,compound,protein,1
11427553,CPI,Q9H2G2,compound,protein,1
11427553,CPI,Q9HCP0,compound,protein,1
11427553,CPI,Q9NYL2,compound,protein,1
11427553,CPI,Q9Y5Y6,compound,protein,0
11427553,CPI,P07327,compound,protein,0
11427553,CPI,O95153,compound,protein,0
11427553,CPI,P59536,compound,protein,0
11434515,CPI,P11229,compound,protein,1
11440648,CPI,P00533,compound,protein,0
11442891,CPI,P15735,compound,protein,1
11442891,CPI,P35968,compound,protein,1
11442891,CPI,P42680,compound,protein,1
11442891,CPI,Q9Y4K4,compound,protein,1
11442891,CPI,Q15465,compound,protein,0
11442891,CPI,P61024,compound,protein,0
11442891,CPI,Q6PIU2,compound,protein,0
11442891,CPI,Q9HBG4,compound,protein,0
11442891,CPI,P15336,compound,protein,0
11442891,CPI,P03952,compound,protein,0
11442891,CPI,Q06432,compound,protein,0
11442891,CPI,P23975,compound,protein,0
11450633,CPI,O43193,compound,protein,1
11450633,CPI,P25103,compound,protein,1
11450633,CPI,P51659,compound,protein,0
11450633,CPI,Q01813,compound,protein,0
11455910,CPI,Q14289,compound,protein,0
11467730,CPI,Q96CA5,compound,protein,0
11476171,CPI,P00533,compound,protein,1
11476171,CPI,P06239,compound,protein,1
11476171,CPI,P54760,compound,protein,1
11476171,CPI,P08700,compound,protein,0
11476171,CPI,P29973,compound,protein,0
114811,CPI,O75496,compound,protein,0
114829,CPI,P11511,compound,protein,1
114829,CPI,Q92731,compound,protein,1
114829,CPI,Q9UP65,compound,protein,0
11485656,CPI,O15530,compound,protein,1
11485656,CPI,O75676,compound,protein,1
11485656,CPI,P15056,compound,protein,1
11485656,CPI,P36507,compound,protein,1
11485656,CPI,P37173,compound,protein,1
11485656,CPI,P42345,compound,protein,1
11485656,CPI,Q02763,compound,protein,1
11485656,CPI,Q04759,compound,protein,1
11485656,CPI,Q13233,compound,protein,1
11485656,CPI,Q13237,compound,protein,1
11485656,CPI,Q14004,compound,protein,1
11485656,CPI,Q8N5S9,compound,protein,1
11485656,CPI,Q8TBX8,compound,protein,1
11485656,CPI,Q8WU08,compound,protein,1
11485656,CPI,Q8WXR4,compound,protein,1
11485656,CPI,Q92772,compound,protein,1
11485656,CPI,Q9H2K8,compound,protein,1
11485656,CPI,Q9HCP0,compound,protein,1
11485656,CPI,Q9NYL2,compound,protein,1
11485656,CPI,Q8N2K0,compound,protein,0
11485656,CPI,Q9UNI1,compound,protein,0
11485656,CPI,P49721,compound,protein,0
11485656,CPI,P08514,compound,protein,0
11485656,CPI,Q9ULA0,compound,protein,0
11485656,CPI,P48449,compound,protein,0
11485656,CPI,Q99500,compound,protein,0
11485656,CPI,P21266,compound,protein,0
11485656,CPI,P17980,compound,protein,0
11485656,CPI,P15328,compound,protein,0
11488320,CPI,Q9Y572,compound,protein,1
114904,CPI,P37288,compound,protein,1
114924,CPI,Q92830,compound,protein,1
11493598,CPI,P51151,compound,protein,0
11497983,CPI,O14965,compound,protein,1
11497983,CPI,P06241,compound,protein,1
11497983,CPI,P48729,compound,protein,1
11497983,CPI,P49840,compound,protein,1
11497983,CPI,Q06187,compound,protein,1
11497983,CPI,Q06418,compound,protein,1
11497983,CPI,Q96CA5,compound,protein,0
11497983,CPI,Q460N3,compound,protein,0
11497983,CPI,Q86TP1,compound,protein,0
11503972,CPI,O95050,compound,protein,0
11507802,CPI,O95747,compound,protein,0
11511120,CPI,P16662,compound,protein,0
11511120,CPI,Q15059,compound,protein,0
11511120,CPI,P35462,compound,protein,0
11519070,CPI,O60882,compound,protein,0
115210,CPI,Q9ULZ9,compound,protein,0
11524144,CPI,Q15418,compound,protein,1
11524144,CPI,P59551,compound,protein,0
11524144,CPI,Q9NY47,compound,protein,0
11527152,CPI,P05023,compound,protein,1
115348,CPI,P10635,compound,protein,1
115355,CPI,P18846,compound,protein,0
115368,CPI,Q01959,compound,protein,1
115368,CPI,P61160,compound,protein,0
11538455,CPI,P09960,compound,protein,1
11538455,CPI,Q9BY41,compound,protein,1
11538455,CPI,P00748,compound,protein,0
11552706,CPI,Q16539,compound,protein,1
11570626,CPI,O43193,compound,protein,0
11581936,CPI,O76083,compound,protein,1
11581936,CPI,O60882,compound,protein,0
11581936,CPI,O14976,compound,protein,0
11595431,CPI,P11229,compound,protein,0
11597537,CPI,P00533,compound,protein,1
11597537,CPI,P35590,compound,protein,0
11598628,CPI,Q05397,compound,protein,1
11598628,CPI,P21917,compound,protein,0
11609586,CPI,P12931,compound,protein,0
11609955,CPI,P00480,compound,protein,0
11609955,CPI,Q15125,compound,protein,0
11612883,CPI,P11712,compound,protein,0
11617559,CPI,O75747,compound,protein,1
11617559,CPI,P22455,compound,protein,1
11617559,CPI,P30530,compound,protein,1
11617559,CPI,P41743,compound,protein,1
11617559,CPI,P42338,compound,protein,1
11617559,CPI,P53671,compound,protein,1
11617559,CPI,Q02750,compound,protein,1
11617559,CPI,Q15208,compound,protein,1
11617559,CPI,Q7L7X3,compound,protein,1
11617559,CPI,Q8NE63,compound,protein,1
11617559,CPI,Q9Y2K2,compound,protein,1
11617559,CPI,Q9Y2U5,compound,protein,1
11617559,CPI,Q9Y6E0,compound,protein,1
11617559,CPI,P33151,compound,protein,0
11617559,CPI,Q9UNI1,compound,protein,0
11617559,CPI,P40261,compound,protein,0
11617559,CPI,P29074,compound,protein,0
11617559,CPI,Q9NYW4,compound,protein,0
11617559,CPI,P10070,compound,protein,0
11617559,CPI,P07148,compound,protein,0
11617559,CPI,P39023,compound,protein,0
11617559,CPI,Q13002,compound,protein,0
11617559,CPI,P10619,compound,protein,0
11617559,CPI,O43399,compound,protein,0
11617559,CPI,P15336,compound,protein,0
11617559,CPI,P06753,compound,protein,0
11617559,CPI,Q9UJT1,compound,protein,0
11617559,CPI,Q05315,compound,protein,0
11618368,CPI,P0DMS8,compound,protein,1
11620908,CPI,O00238,compound,protein,1
11620908,CPI,O15197,compound,protein,1
11620908,CPI,P10721,compound,protein,1
11620908,CPI,P22607,compound,protein,1
11620908,CPI,Q9Y266,compound,protein,0
11622909,CPI,Q12879,compound,protein,1
11622909,CPI,P28074,compound,protein,0
11625818,CPI,P42356,compound,protein,1
11626560,CPI,O14976,compound,protein,1
11626560,CPI,O75914,compound,protein,1
11626560,CPI,O94806,compound,protein,1
11626560,CPI,O94921,compound,protein,1
11626560,CPI,P15735,compound,protein,1
11626560,CPI,P35590,compound,protein,1
11626560,CPI,P42338,compound,protein,1
11626560,CPI,P42685,compound,protein,1
11626560,CPI,P45985,compound,protein,1
11626560,CPI,P51617,compound,protein,1
11626560,CPI,P51812,compound,protein,1
11626560,CPI,Q13557,compound,protein,1
11626560,CPI,Q56UN5,compound,protein,1
11626560,CPI,Q59H18,compound,protein,1
11626560,CPI,Q86UX6,compound,protein,1
11626560,CPI,Q8IVW4,compound,protein,1
11626560,CPI,Q8NB16,compound,protein,1
11626560,CPI,Q96BR1,compound,protein,1
11626560,CPI,Q9BXA7,compound,protein,1
11626560,CPI,Q9Y2U5,compound,protein,1
11626560,CPI,Q9Y572,compound,protein,1
11626560,CPI,Q8TF61,compound,protein,0
11626560,CPI,P29218,compound,protein,0
11626560,CPI,Q969G6,compound,protein,0
11626560,CPI,Q9NQS5,compound,protein,0
11626560,CPI,Q6ZQW0,compound,protein,0
11631681,CPI,P06241,compound,protein,1
11631681,CPI,P10636,compound,protein,0
11634725,CPI,P43403,compound,protein,1
11634725,CPI,P49840,compound,protein,1
11634725,CPI,P51617,compound,protein,1
11640390,CPI,P22830,compound,protein,1
11640390,CPI,Q92598,compound,protein,0
11644425,CPI,O60563,compound,protein,1
11655119,CPI,Q96KQ7,compound,protein,0
11655119,CPI,Q99700,compound,protein,0
11656518,CPI,O00444,compound,protein,1
11656518,CPI,O75460,compound,protein,1
11656518,CPI,O95819,compound,protein,1
11656518,CPI,O95835,compound,protein,1
11656518,CPI,P04629,compound,protein,1
11656518,CPI,P06241,compound,protein,1
11656518,CPI,P27037,compound,protein,1
11656518,CPI,P37173,compound,protein,1
11656518,CPI,P48736,compound,protein,1
11656518,CPI,Q15349,compound,protein,1
11656518,CPI,Q5VT25,compound,protein,1
11656518,CPI,Q96BR1,compound,protein,1
11656518,CPI,Q96PY6,compound,protein,1
11656518,CPI,Q9BUB5,compound,protein,1
11656518,CPI,Q9H422,compound,protein,1
11656518,CPI,Q9NRH2,compound,protein,1
11656518,CPI,Q9UIK4,compound,protein,1
11656518,CPI,P07099,compound,protein,0
11656518,CPI,O95477,compound,protein,0
11656518,CPI,Q86TP1,compound,protein,0
11656518,CPI,Q9BUL5,compound,protein,0
11656518,CPI,P54687,compound,protein,0
11656518,CPI,Q05209,compound,protein,0
11656518,CPI,Q16552,compound,protein,0
11656518,CPI,Q9Y3Q4,compound,protein,0
11667893,CPI,O75460,compound,protein,1
11667893,CPI,P08922,compound,protein,1
11667893,CPI,P11802,compound,protein,1
11667893,CPI,P27361,compound,protein,1
11667893,CPI,P46734,compound,protein,1
11667893,CPI,P50613,compound,protein,1
11667893,CPI,P52564,compound,protein,1
11667893,CPI,Q13882,compound,protein,1
11667893,CPI,Q15208,compound,protein,1
11667893,CPI,Q16584,compound,protein,1
11667893,CPI,Q9H2K8,compound,protein,1
11667893,CPI,Q9UBE8,compound,protein,1
11667893,CPI,Q9HBG4,compound,protein,0
11667893,CPI,P22792,compound,protein,0
11667893,CPI,Q13885,compound,protein,0
11667893,CPI,Q9NZK7,compound,protein,0
11667893,CPI,P42262,compound,protein,0
11667893,CPI,Q9UIF9,compound,protein,0
11667893,CPI,O60911,compound,protein,0
11667893,CPI,Q16581,compound,protein,0
11667893,CPI,P40429,compound,protein,0
11676786,CPI,P15056,compound,protein,1
11683,CPI,Q16637,compound,protein,1
11683,CPI,Q6W5P4,compound,protein,1
11689583,CPI,Q9BQE3,compound,protein,0
11689583,CPI,P25103,compound,protein,0
11703255,CPI,P31785,compound,protein,1
11707110,CPI,P30838,compound,protein,0
11707110,CPI,P21728,compound,protein,0
11712649,CPI,O14920,compound,protein,1
11712649,CPI,O14936,compound,protein,1
11712649,CPI,O14965,compound,protein,1
11712649,CPI,P04629,compound,protein,1
11712649,CPI,P21860,compound,protein,1
11712649,CPI,P29376,compound,protein,1
11712649,CPI,P36897,compound,protein,1
11712649,CPI,P37023,compound,protein,1
11712649,CPI,P42338,compound,protein,1
11712649,CPI,P43403,compound,protein,1
11712649,CPI,P80192,compound,protein,1
11712649,CPI,Q14680,compound,protein,1
11712649,CPI,Q8WXR4,compound,protein,1
11712649,CPI,Q9BXA7,compound,protein,1
11712649,CPI,Q9NQU5,compound,protein,1
11712649,CPI,Q9P1W9,compound,protein,1
11712649,CPI,Q9UEE5,compound,protein,1
11712649,CPI,Q9UL54,compound,protein,1
11712649,CPI,Q9Y2H1,compound,protein,1
11712649,CPI,Q9Y6A2,compound,protein,0
11712649,CPI,P34932,compound,protein,0
11712649,CPI,P48067,compound,protein,0
11712649,CPI,P15151,compound,protein,0
11712649,CPI,Q9H169,compound,protein,0
11712649,CPI,Q8NEC5,compound,protein,0
11712649,CPI,P14854,compound,protein,0
11712649,CPI,Q15155,compound,protein,0
11712649,CPI,Q9NYB5,compound,protein,0
11712649,CPI,P05362,compound,protein,0
11712649,CPI,Q9Y5Z0,compound,protein,0
11713159,CPI,P22607,compound,protein,1
11713159,CPI,Q00535,compound,protein,1
11713159,CPI,Q14012,compound,protein,1
11713159,CPI,Q16513,compound,protein,1
11713159,CPI,Q96GD4,compound,protein,1
11713159,CPI,Q06520,compound,protein,0
11713159,CPI,Q9H5I1,compound,protein,0
11713159,CPI,Q9BUL5,compound,protein,0
11713159,CPI,Q16099,compound,protein,0
11713159,CPI,Q07889,compound,protein,0
11713159,CPI,O95864,compound,protein,0
11713159,CPI,P14920,compound,protein,0
11715767,CPI,O14920,compound,protein,1
11715767,CPI,P35916,compound,protein,1
11715767,CPI,P49336,compound,protein,1
11715767,CPI,Q00535,compound,protein,1
11715767,CPI,Q04771,compound,protein,1
11715767,CPI,Q13153,compound,protein,1
11715767,CPI,Q14164,compound,protein,1
11715767,CPI,Q6J4K2,compound,protein,0
11715767,CPI,Q9H2X9,compound,protein,0
11715767,CPI,O95461,compound,protein,0
11717001,CPI,O00625,compound,protein,1
11717001,CPI,P04626,compound,protein,1
11717001,CPI,P07948,compound,protein,1
11717001,CPI,P51956,compound,protein,1
11717001,CPI,Q04759,compound,protein,1
11717001,CPI,Q04912,compound,protein,1
11717001,CPI,Q16659,compound,protein,1
11717001,CPI,Q8N5S9,compound,protein,1
11717001,CPI,Q8TD08,compound,protein,1
11717001,CPI,Q8WU08,compound,protein,1
11717001,CPI,P54829,compound,protein,0
11717001,CPI,A8K7I4,compound,protein,0
11717001,CPI,Q8TDD5,compound,protein,0
11717001,CPI,Q96GW9,compound,protein,0
11717001,CPI,Q9NYP7,compound,protein,0
11717001,CPI,P22079,compound,protein,0
11717001,CPI,Q9BQE3,compound,protein,0
11717001,CPI,P53805,compound,protein,0
11717001,CPI,P20618,compound,protein,0
11717001,CPI,P25090,compound,protein,0
11717001,CPI,P25929,compound,protein,0
11773081,CPI,Q8TCT1,compound,protein,0
1177322,CPI,P50406,compound,protein,0
1183113,CPI,P08684,compound,protein,0
11844351,CPI,P35968,compound,protein,1
11844351,CPI,Q8TDS5,compound,protein,0
11844351,CPI,Q13258,compound,protein,0
11862,CPI,P30532,compound,protein,0
11862,CPI,Q9UQL6,compound,protein,0
11869537,CPI,P55201,compound,protein,0
11869580,CPI,O95264,compound,protein,0
11869602,CPI,Q99527,compound,protein,1
11869602,CPI,P51168,compound,protein,0
11870423,CPI,P18031,compound,protein,1
11870423,CPI,P45984,compound,protein,0
11875278,CPI,P42685,compound,protein,0
1189521,CPI,Q96KQ7,compound,protein,1
119,CPI,P02545,compound,protein,1
119,CPI,Q9UIF8,compound,protein,1
119031,CPI,Q99542,compound,protein,1
119031,CPI,P50750,compound,protein,0
119032,CPI,P35354,compound,protein,1
11908593,CPI,Q9NRC8,compound,protein,0
11908593,CPI,P45983,compound,protein,0
119198,CPI,Q6N021,compound,protein,0
119369,CPI,P43681,compound,protein,0
119369,CPI,P46098,compound,protein,0
119376,CPI,P27695,compound,protein,1
11949646,CPI,P13866,compound,protein,1
11950170,CPI,O00444,compound,protein,1
11950170,CPI,P31751,compound,protein,1
11950170,CPI,P51451,compound,protein,1
11950170,CPI,Q12851,compound,protein,1
11950170,CPI,Q13153,compound,protein,1
11950170,CPI,Q9UEE5,compound,protein,1
11950170,CPI,Q9UM73,compound,protein,1
11950170,CPI,P10070,compound,protein,0
11950170,CPI,O95136,compound,protein,0
11950170,CPI,P05362,compound,protein,0
11950170,CPI,Q8IVW4,compound,protein,0
11950726,CPI,Q16539,compound,protein,0
11955855,CPI,P55072,compound,protein,0
11955855,CPI,Q6NUS8,compound,protein,0
119570,CPI,P25021,compound,protein,1
119570,CPI,P46098,compound,protein,1
119570,CPI,O15438,compound,protein,0
11957499,CPI,P11021,compound,protein,1
11957499,CPI,P16473,compound,protein,1
11957499,CPI,Q01453,compound,protein,1
11957499,CPI,Q8TDS5,compound,protein,0
11957722,CPI,Q16552,compound,protein,0
119584,CPI,P08684,compound,protein,1
119584,CPI,P11712,compound,protein,1
11960529,CPI,Q8N5Y8,compound,protein,1
11960529,CPI,P25021,compound,protein,0
11960529,CPI,P19838,compound,protein,0
119607,CPI,O15439,compound,protein,0
119607,CPI,Q96SD1,compound,protein,0
11973736,CPI,P35610,compound,protein,0
11973736,CPI,P30305,compound,protein,0
11977753,CPI,P06239,compound,protein,1
11977753,CPI,P50750,compound,protein,1
11977753,CPI,P52333,compound,protein,1
11977753,CPI,Q00535,compound,protein,1
11977753,CPI,Q13131,compound,protein,1
11977753,CPI,Q9UM73,compound,protein,1
11977753,CPI,Q00722,compound,protein,0
11977753,CPI,O15550,compound,protein,0
11977753,CPI,Q9HD36,compound,protein,0
11978790,CPI,P08908,compound,protein,0
11978813,CPI,P08588,compound,protein,1
11978813,CPI,Q01959,compound,protein,1
11978813,CPI,P08758,compound,protein,0
11998575,CPI,P42685,compound,protein,0
12004949,CPI,P78417,compound,protein,1
12035,CPI,P18089,compound,protein,1
12035,CPI,P56524,compound,protein,0
12035,CPI,Q9NRC8,compound,protein,0
12179987,CPI,P05067,compound,protein,1
12179987,CPI,Q99523,compound,protein,0
121846,CPI,P0DMS8,compound,protein,0
121891,CPI,O43193,compound,protein,1
121891,CPI,O14924,compound,protein,0
1219,CPI,P21917,compound,protein,1
121930,CPI,P27449,compound,protein,0
121930,CPI,P04150,compound,protein,0
1220,CPI,Q9P0L9,compound,protein,0
122077,CPI,P48039,compound,protein,0
122077,CPI,P08253,compound,protein,0
122136,CPI,P62736,compound,protein,0
122162,CPI,Q9BXA7,compound,protein,0
122327,CPI,Q9NUW8,compound,protein,1
122327,CPI,P05230,compound,protein,0
122327,CPI,O75469,compound,protein,0
1225,CPI,Q96KQ7,compound,protein,1
12310313,CPI,P55201,compound,protein,0
1234,CPI,P18825,compound,protein,1
1234,CPI,Q92800,compound,protein,0
123619,CPI,P21452,compound,protein,1
123619,CPI,P32239,compound,protein,1
123619,CPI,P35354,compound,protein,1
123619,CPI,Q9UKQ2,compound,protein,0
123619,CPI,P30281,compound,protein,0
123631,CPI,O43318,compound,protein,1
123631,CPI,P0C264,compound,protein,1
123631,CPI,P20794,compound,protein,1
123631,CPI,P29317,compound,protein,1
123631,CPI,P42681,compound,protein,1
123631,CPI,P51817,compound,protein,1
123631,CPI,Q06187,compound,protein,1
123631,CPI,Q08345,compound,protein,1
123631,CPI,Q13153,compound,protein,1
123631,CPI,Q86Z02,compound,protein,1
123631,CPI,Q8IVW4,compound,protein,1
123631,CPI,Q96L34,compound,protein,1
123631,CPI,Q99759,compound,protein,1
123631,CPI,Q9P1W9,compound,protein,1
123631,CPI,O60669,compound,protein,0
123631,CPI,Q9UJW3,compound,protein,0
123631,CPI,P07327,compound,protein,0
123631,CPI,Q5JPH6,compound,protein,0
123631,CPI,Q969G3,compound,protein,0
123631,CPI,Q05901,compound,protein,0
123631,CPI,O95954,compound,protein,0
123631,CPI,O95907,compound,protein,0
123631,CPI,P23381,compound,protein,0
123631,CPI,P61978,compound,protein,0
123631,CPI,P09493,compound,protein,0
123631,CPI,P49915,compound,protein,0
123692,CPI,P16473,compound,protein,1
123924,CPI,P31151,compound,protein,0
123964,CPI,Q9NUW8,compound,protein,0
124087,CPI,P21728,compound,protein,1
124087,CPI,Q9UDX3,compound,protein,0
124087,CPI,Q6IA69,compound,protein,0
124172,CPI,P08913,compound,protein,0
124202151,CPI,O00305,compound,protein,1
124518205,CPI,Q9NRH2,compound,protein,0
124735,CPI,P30532,compound,protein,0
1254,CPI,P06493,compound,protein,0
12555,CPI,P08908,compound,protein,1
12560,CPI,P18089,compound,protein,1
1261822,CPI,Q06124,compound,protein,1
1261872,CPI,O60841,compound,protein,0
126280,CPI,Q9UM73,compound,protein,0
1263681,CPI,O60391,compound,protein,1
1263681,CPI,P78334,compound,protein,1
126402,CPI,Q14839,compound,protein,0
126402,CPI,P61278,compound,protein,0
126941,CPI,O43193,compound,protein,1
126941,CPI,P07550,compound,protein,1
126941,CPI,P11229,compound,protein,1
126941,CPI,Q03181,compound,protein,1
126941,CPI,O15438,compound,protein,0
127382,CPI,O94788,compound,protein,0
127894,CPI,Q9UBS5,compound,protein,1
128018,CPI,P09493,compound,protein,0
128355,CPI,Q86V86,compound,protein,0
128563,CPI,P14416,compound,protein,1
128784,CPI,P21728,compound,protein,0
129009868,CPI,O75469,compound,protein,0
129009977,CPI,Q9H8P0,compound,protein,1
129009977,CPI,P53779,compound,protein,0
129009977,CPI,P12931,compound,protein,0
129010024,CPI,Q02156,compound,protein,0
129010025,CPI,P29275,compound,protein,0
129010049,CPI,Q15125,compound,protein,0
129010071,CPI,Q9NYL2,compound,protein,0
129010073,CPI,Q6PHR2,compound,protein,0
129010074,CPI,O95665,compound,protein,0
129010074,CPI,P41595,compound,protein,0
129010090,CPI,P30281,compound,protein,0
129211,CPI,O43193,compound,protein,1
129211,CPI,P41595,compound,protein,1
129211,CPI,Q12874,compound,protein,0
129211,CPI,P19634,compound,protein,0
129211,CPI,Q99542,compound,protein,0
129228,CPI,Q15858,compound,protein,1
129228,CPI,Q9NY46,compound,protein,1
1299526,CPI,P10253,compound,protein,1
129989,CPI,P08912,compound,protein,1
129989,CPI,Q5BJF2,compound,protein,1
13017911,CPI,P47898,compound,protein,0
13019152,CPI,P33402,compound,protein,1
13019152,CPI,P06241,compound,protein,0
130325,CPI,P84022,compound,protein,0
130325,CPI,O60341,compound,protein,0
130881,CPI,O15438,compound,protein,1
130881,CPI,P25929,compound,protein,1
130881,CPI,Q9NUW8,compound,protein,1
130881,CPI,Q8N163,compound,protein,0
130918,CPI,P08908,compound,protein,1
130956,CPI,O60285,compound,protein,0
131411,CPI,P43220,compound,protein,1
1316,CPI,P43681,compound,protein,1
131682,CPI,P27338,compound,protein,1
131682,CPI,P12644,compound,protein,0
131682,CPI,Q86UX6,compound,protein,0
1317466,CPI,Q07002,compound,protein,0
131747,CPI,Q9NUW8,compound,protein,0
132496,CPI,P08684,compound,protein,1
132519,CPI,P45452,compound,protein,1
132519,CPI,Q4FZB7,compound,protein,0
1328218,CPI,P18825,compound,protein,0
132846,CPI,Q96D53,compound,protein,0
1329,CPI,Q9NUW8,compound,protein,1
1329,CPI,Q01538,compound,protein,0
132971,CPI,O94953,compound,protein,0
132995,CPI,Q99720,compound,protein,1
133008,CPI,Q96KQ7,compound,protein,1
133008,CPI,Q9BZ95,compound,protein,0
133076,CPI,P00533,compound,protein,0
13342,CPI,P23219,compound,protein,1
133621,CPI,P18089,compound,protein,1
133633,CPI,Q9NZJ5,compound,protein,0
134551,CPI,Q9NRM7,compound,protein,0
134772,CPI,P31645,compound,protein,1
134780,CPI,Q96SW2,compound,protein,1
1348,CPI,P33261,compound,protein,1
135398495,CPI,P36896,compound,protein,1
135398495,CPI,Q13131,compound,protein,1
135398495,CPI,Q16512,compound,protein,1
135398495,CPI,Q92918,compound,protein,1
135398495,CPI,Q9UK32,compound,protein,1
135398495,CPI,P43487,compound,protein,0
135398495,CPI,Q16348,compound,protein,0
135398495,CPI,P17302,compound,protein,0
135398495,CPI,Q9NYW4,compound,protein,0
135398499,CPI,O94806,compound,protein,1
135398499,CPI,P49840,compound,protein,1
135398499,CPI,Q15418,compound,protein,1
135398499,CPI,Q969P6,compound,protein,0
135398499,CPI,O00519,compound,protein,0
135398499,CPI,P84077,compound,protein,0
135398499,CPI,P07237,compound,protein,0
135398499,CPI,P08519,compound,protein,0
135398499,CPI,Q969F8,compound,protein,0
135398499,CPI,P17787,compound,protein,0
135398737,CPI,P23975,compound,protein,1
135398737,CPI,P28222,compound,protein,1
135398737,CPI,P31645,compound,protein,1
135398737,CPI,P41143,compound,protein,1
135398737,CPI,Q9Y5N1,compound,protein,1
135398738,CPI,P18089,compound,protein,1
135398738,CPI,P35354,compound,protein,1
135398738,CPI,O15438,compound,protein,0
135398738,CPI,Q99500,compound,protein,0
135398745,CPI,P21452,compound,protein,1
135398745,CPI,P25021,compound,protein,1
135398745,CPI,P35354,compound,protein,1
135398745,CPI,P47898,compound,protein,1
135398745,CPI,Q99928,compound,protein,1
135398745,CPI,P20674,compound,protein,0
135398745,CPI,P49585,compound,protein,0
1354,CPI,P05106,compound,protein,0
135400439,CPI,Q92800,compound,protein,0
135409453,CPI,P21728,compound,protein,1
135409453,CPI,P10599,compound,protein,0
135411,CPI,Q16637,compound,protein,1
135412795,CPI,P31644,compound,protein,1
135412795,CPI,P48169,compound,protein,1
135413533,CPI,P0DMS8,compound,protein,0
135419190,CPI,Q9Y487,compound,protein,0
135419190,CPI,P48735,compound,protein,0
135460532,CPI,O75582,compound,protein,0
135470813,CPI,Q02156,compound,protein,0
1355,CPI,P34932,compound,protein,0
135511839,CPI,Q9NUW8,compound,protein,1
135549936,CPI,O43318,compound,protein,0
135564558,CPI,Q14123,compound,protein,1
135564558,CPI,P00491,compound,protein,0
135565082,CPI,Q8N3A8,compound,protein,1
135565545,CPI,O14757,compound,protein,1
135565545,CPI,P62508,compound,protein,0
135565545,CPI,O60841,compound,protein,0
135565635,CPI,O60285,compound,protein,1
135565635,CPI,O96017,compound,protein,1
135565635,CPI,P00533,compound,protein,1
135565635,CPI,P36896,compound,protein,1
135565635,CPI,P41240,compound,protein,1
135565635,CPI,P49674,compound,protein,1
135565635,CPI,Q04912,compound,protein,1
135565635,CPI,Q13188,compound,protein,1
135565635,CPI,Q13882,compound,protein,1
135565635,CPI,Q15139,compound,protein,1
135565635,CPI,Q8NFD2,compound,protein,1
135565635,CPI,Q9UEE5,compound,protein,1
135565635,CPI,Q9BQB4,compound,protein,0
135565635,CPI,P59551,compound,protein,0
135565635,CPI,P59540,compound,protein,0
135565635,CPI,P10176,compound,protein,0
135565635,CPI,P29074,compound,protein,0
135565635,CPI,Q9BZ95,compound,protein,0
135565635,CPI,P12724,compound,protein,0
135565635,CPI,Q8NHM5,compound,protein,0
135565635,CPI,P61278,compound,protein,0
135565635,CPI,P08514,compound,protein,0
135565635,CPI,P49682,compound,protein,0
135565635,CPI,P24387,compound,protein,0
135565635,CPI,P21695,compound,protein,0
135565635,CPI,O95907,compound,protein,0
135565635,CPI,Q8NA19,compound,protein,0
135565635,CPI,P17544,compound,protein,0
135565635,CPI,Q96RU2,compound,protein,0
135565635,CPI,Q9NYW6,compound,protein,0
1359,CPI,P39748,compound,protein,1
136238508,CPI,P07602,compound,protein,0
13711,CPI,P21917,compound,protein,0
137698378,CPI,P16473,compound,protein,1
137698378,CPI,Q8N4C8,compound,protein,0
13791,CPI,P02545,compound,protein,1
13791,CPI,Q96S53,compound,protein,0
1383884,CPI,Q01959,compound,protein,1
13981868,CPI,P30530,compound,protein,0
1398345,CPI,P84022,compound,protein,1
1398674,CPI,P49840,compound,protein,1
1400,CPI,P04629,compound,protein,1
1400,CPI,P10721,compound,protein,1
1400,CPI,P11362,compound,protein,1
1400,CPI,P12931,compound,protein,1
1400,CPI,P42345,compound,protein,1
1400,CPI,P48729,compound,protein,1
1400,CPI,P51957,compound,protein,1
1400,CPI,Q86V86,compound,protein,1
1400,CPI,Q9NR20,compound,protein,1
1400,CPI,Q9NUW8,compound,protein,1
1400,CPI,Q86Y97,compound,protein,0
1400,CPI,Q9NYW6,compound,protein,0
1400,CPI,P00325,compound,protein,0
1400,CPI,O43868,compound,protein,0
1400246,CPI,P54132,compound,protein,1
1400246,CPI,Q9NSA0,compound,protein,0
1400698,CPI,P19838,compound,protein,0
1401,CPI,P01100,compound,protein,0
1409759,CPI,P10696,compound,protein,1
1409759,CPI,P25021,compound,protein,0
1409759,CPI,P41595,compound,protein,0
1432578,CPI,Q9NUW8,compound,protein,1
1434957,CPI,Q8N568,compound,protein,0
1464,CPI,P11387,compound,protein,1
148121,CPI,P34897,compound,protein,0
148124,CPI,Q9NUW8,compound,protein,0
148192,CPI,P08908,compound,protein,1
148192,CPI,Q9Y6L6,compound,protein,1
148192,CPI,Q9GZR1,compound,protein,0
148198,CPI,P43490,compound,protein,1
148198,CPI,P07550,compound,protein,0
148201,CPI,Q9UBE8,compound,protein,0
149096,CPI,O94768,compound,protein,0
14973220,CPI,Q16539,compound,protein,1
14987,CPI,P31946,compound,protein,0
14987,CPI,Q9H237,compound,protein,0
1502520,CPI,Q03431,compound,protein,1
1502520,CPI,Q99755,compound,protein,0
1510379,CPI,Q9HD36,compound,protein,0
151075,CPI,P14416,compound,protein,0
151075,CPI,P08908,compound,protein,0
151075,CPI,Q16637,compound,protein,0
151170,CPI,P25090,compound,protein,1
151171,CPI,Q8NG66,compound,protein,0
151194,CPI,O14757,compound,protein,1
151194,CPI,P17948,compound,protein,1
151194,CPI,P37023,compound,protein,1
151194,CPI,P51957,compound,protein,1
151194,CPI,P52564,compound,protein,1
151194,CPI,Q13976,compound,protein,1
151194,CPI,Q16512,compound,protein,1
151194,CPI,Q16513,compound,protein,1
151194,CPI,Q6DT37,compound,protein,1
151194,CPI,Q9UEW8,compound,protein,1
151194,CPI,Q9Y5S2,compound,protein,1
151194,CPI,Q96JM7,compound,protein,0
151194,CPI,Q9NP59,compound,protein,0
151194,CPI,Q9UHC9,compound,protein,0
151194,CPI,P23921,compound,protein,0
151194,CPI,Q14181,compound,protein,0
151194,CPI,Q92482,compound,protein,0
151194,CPI,P28072,compound,protein,0
151194,CPI,P31040,compound,protein,0
151194,CPI,P17538,compound,protein,0
151194,CPI,Q9UDX3,compound,protein,0
151194,CPI,Q4FZB7,compound,protein,0
151194,CPI,P48449,compound,protein,0
151194,CPI,Q8NCG7,compound,protein,0
151194,CPI,P49019,compound,protein,0
1512045,CPI,P14416,compound,protein,0
151582,CPI,P42226,compound,protein,1
1520267,CPI,Q6J4K2,compound,protein,0
153005,CPI,Q8NFT8,compound,protein,0
153241,CPI,P18825,compound,protein,0
15331,CPI,P27695,compound,protein,1
1537,CPI,P27695,compound,protein,1
1537,CPI,P01138,compound,protein,0
1537,CPI,P23469,compound,protein,0
15376,CPI,P45984,compound,protein,0
153948,CPI,P51956,compound,protein,0
154087,CPI,Q15759,compound,protein,0
154087,CPI,P28222,compound,protein,0
154257,CPI,P35354,compound,protein,1
154257,CPI,P35462,compound,protein,1
154257,CPI,Q96QT4,compound,protein,0
154417,CPI,P25929,compound,protein,1
154417,CPI,P32238,compound,protein,1
154417,CPI,P49411,compound,protein,0
154417,CPI,Q9NPH2,compound,protein,0
1547484,CPI,P30518,compound,protein,1
1547484,CPI,P01130,compound,protein,0
15478,CPI,Q9Y3Q4,compound,protein,0
15478,CPI,P00325,compound,protein,0
15478,CPI,P51553,compound,protein,0
1548076,CPI,Q96QE3,compound,protein,1
1548942,CPI,O60341,compound,protein,1
1548942,CPI,P29218,compound,protein,0
1548953,CPI,P10635,compound,protein,1
1548955,CPI,P00734,compound,protein,1
1548955,CPI,P84022,compound,protein,1
1548955,CPI,Q9BPZ7,compound,protein,0
1548955,CPI,P02787,compound,protein,0
1549120,CPI,P10636,compound,protein,1
1549120,CPI,O00487,compound,protein,0
15541,CPI,P30518,compound,protein,1
15541,CPI,O75643,compound,protein,0
15541,CPI,Q9UQF2,compound,protein,0
15548,CPI,P16233,compound,protein,0
155806,CPI,P08729,compound,protein,0
155815,CPI,Q96NX5,compound,protein,0
1560,CPI,P31645,compound,protein,0
156314,CPI,Q96KQ7,compound,protein,1
156391,CPI,P23219,compound,protein,1
156414,CPI,O14976,compound,protein,1
156414,CPI,O60285,compound,protein,1
156414,CPI,O94806,compound,protein,1
156414,CPI,P00533,compound,protein,1
156414,CPI,P37023,compound,protein,1
156414,CPI,P42338,compound,protein,1
156414,CPI,P42679,compound,protein,1
156414,CPI,P51957,compound,protein,1
156414,CPI,Q06187,compound,protein,1
156414,CPI,Q8WXR4,compound,protein,1
156414,CPI,Q96L34,compound,protein,1
156414,CPI,Q9NSY1,compound,protein,1
156414,CPI,Q9UEE5,compound,protein,1
156414,CPI,Q9UM73,compound,protein,1
156414,CPI,P00326,compound,protein,0
156414,CPI,O95461,compound,protein,0
156414,CPI,P55786,compound,protein,0
156414,CPI,Q6B0I6,compound,protein,0
156414,CPI,Q15761,compound,protein,0
156414,CPI,Q8TDD5,compound,protein,0
156414,CPI,Q02153,compound,protein,0
156414,CPI,P32246,compound,protein,0
156414,CPI,P13674,compound,protein,0
156414,CPI,Q9UDX3,compound,protein,0
156414,CPI,P43354,compound,protein,0
156419,CPI,P18825,compound,protein,1
156419,CPI,P41180,compound,protein,1
156419,CPI,P07355,compound,protein,0
156422,CPI,O14757,compound,protein,1
156422,CPI,P07333,compound,protein,1
156422,CPI,P08581,compound,protein,1
156422,CPI,P12931,compound,protein,1
156422,CPI,P15735,compound,protein,1
156422,CPI,P20794,compound,protein,1
156422,CPI,P23458,compound,protein,1
156422,CPI,P42338,compound,protein,1
156422,CPI,P52564,compound,protein,1
156422,CPI,Q15375,compound,protein,1
156422,CPI,Q6PHR2,compound,protein,1
156422,CPI,Q8IY84,compound,protein,1
156422,CPI,Q96NX5,compound,protein,1
156422,CPI,Q9UBF8,compound,protein,1
156422,CPI,Q96PD7,compound,protein,0
156422,CPI,P07602,compound,protein,0
156422,CPI,Q9NYW2,compound,protein,0
156422,CPI,P31639,compound,protein,0
156422,CPI,P30990,compound,protein,0
156422,CPI,Q15761,compound,protein,0
156422,CPI,P61024,compound,protein,0
156422,CPI,Q92800,compound,protein,0
156422,CPI,P61927,compound,protein,0
1585,CPI,P29317,compound,protein,0
158758,CPI,P41594,compound,protein,0
158781,CPI,Q9Y4K4,compound,protein,0
159324,CPI,P41595,compound,protein,0
159324,CPI,P08069,compound,protein,0
15945539,CPI,Q06710,compound,protein,1
15983966,CPI,P07333,compound,protein,1
15983966,CPI,P19525,compound,protein,1
15983966,CPI,P36894,compound,protein,1
15983966,CPI,P42685,compound,protein,1
15983966,CPI,P53778,compound,protein,1
15983966,CPI,Q00537,compound,protein,1
15983966,CPI,Q13153,compound,protein,1
15983966,CPI,Q15349,compound,protein,1
15983966,CPI,Q15418,compound,protein,1
15983966,CPI,Q15746,compound,protein,1
15983966,CPI,Q56UN5,compound,protein,1
15983966,CPI,Q92772,compound,protein,1
15983966,CPI,Q96PY6,compound,protein,1
15983966,CPI,Q9BXA7,compound,protein,1
15983966,CPI,Q9NSY1,compound,protein,1
15983966,CPI,Q9P0L2,compound,protein,1
15983966,CPI,Q9P1W9,compound,protein,1
15983966,CPI,P60842,compound,protein,0
15983966,CPI,Q13574,compound,protein,0
15983966,CPI,Q9UIG8,compound,protein,0
15983966,CPI,O95644,compound,protein,0
15983966,CPI,P41229,compound,protein,0
15983966,CPI,P17538,compound,protein,0
15983966,CPI,P12724,compound,protein,0
15983966,CPI,P00750,compound,protein,0
15983966,CPI,P00747,compound,protein,0
15983966,CPI,Q15274,compound,protein,0
16004692,CPI,P31645,compound,protein,1
16007367,CPI,P49759,compound,protein,0
16007391,CPI,O14578,compound,protein,1
16007391,CPI,O75460,compound,protein,1
16007391,CPI,O75914,compound,protein,1
16007391,CPI,O94804,compound,protein,1
16007391,CPI,O95819,compound,protein,1
16007391,CPI,P09619,compound,protein,1
16007391,CPI,P27037,compound,protein,1
16007391,CPI,P29323,compound,protein,1
16007391,CPI,P36894,compound,protein,1
16007391,CPI,P48730,compound,protein,1
16007391,CPI,P51451,compound,protein,1
16007391,CPI,P54753,compound,protein,1
16007391,CPI,Q00526,compound,protein,1
16007391,CPI,Q13546,compound,protein,1
16007391,CPI,Q14012,compound,protein,1
16007391,CPI,Q16816,compound,protein,1
16007391,CPI,Q99683,compound,protein,1
16007391,CPI,Q9H2G2,compound,protein,1
16007391,CPI,Q9UBF8,compound,protein,1
16007391,CPI,Q9UPE1,compound,protein,1
16007391,CPI,Q6FHJ7,compound,protein,0
16007391,CPI,P28329,compound,protein,0
16007391,CPI,Q02083,compound,protein,0
16007391,CPI,P48145,compound,protein,0
16007391,CPI,Q99436,compound,protein,0
16007391,CPI,Q8N2K0,compound,protein,0
16007391,CPI,Q15878,compound,protein,0
16007391,CPI,P61278,compound,protein,0
16007391,CPI,Q6SZW1,compound,protein,0
16007391,CPI,Q8NET8,compound,protein,0
16007391,CPI,P0DMS8,compound,protein,0
16007391,CPI,P23975,compound,protein,0
16013152,CPI,P10635,compound,protein,1
16014341,CPI,P04637,compound,protein,1
16014341,CPI,Q03431,compound,protein,1
16014341,CPI,P18089,compound,protein,0
160355,CPI,O14976,compound,protein,1
160355,CPI,O94921,compound,protein,1
160355,CPI,P07332,compound,protein,1
160355,CPI,P29322,compound,protein,1
160355,CPI,P43403,compound,protein,1
160355,CPI,P49760,compound,protein,1
160355,CPI,P51451,compound,protein,1
160355,CPI,Q13177,compound,protein,1
160355,CPI,Q13557,compound,protein,1
160355,CPI,Q16637,compound,protein,1
160355,CPI,Q8TDC3,compound,protein,1
160355,CPI,Q8TDX7,compound,protein,1
160355,CPI,Q9BRS2,compound,protein,1
160355,CPI,Q9NQU5,compound,protein,1
160355,CPI,Q9UKI8,compound,protein,1
160355,CPI,Q9UM73,compound,protein,1
160355,CPI,Q9Y2H1,compound,protein,1
160355,CPI,Q9Y4K4,compound,protein,1
160355,CPI,Q9Y6E0,compound,protein,1
160355,CPI,P14920,compound,protein,0
160355,CPI,P18847,compound,protein,0
160355,CPI,P47901,compound,protein,0
160355,CPI,Q8NCG7,compound,protein,0
16038120,CPI,O75914,compound,protein,1
16038120,CPI,P05129,compound,protein,1
16038120,CPI,P0C264,compound,protein,1
16038120,CPI,P43405,compound,protein,1
16038120,CPI,P49761,compound,protein,1
16038120,CPI,P54760,compound,protein,1
16038120,CPI,P78356,compound,protein,1
16038120,CPI,P80192,compound,protein,1
16038120,CPI,Q08345,compound,protein,1
16038120,CPI,Q15835,compound,protein,1
16038120,CPI,Q6DT37,compound,protein,1
16038120,CPI,Q86UX6,compound,protein,1
16038120,CPI,Q8NE63,compound,protein,1
16038120,CPI,Q9UQM7,compound,protein,1
16038120,CPI,Q9Y263,compound,protein,0
16038120,CPI,P49619,compound,protein,0
16038120,CPI,O75311,compound,protein,0
16038120,CPI,P55017,compound,protein,0
16038120,CPI,P54710,compound,protein,0
16038120,CPI,P30968,compound,protein,0
16038120,CPI,Q9NR33,compound,protein,0
16038120,CPI,P31639,compound,protein,0
16038120,CPI,Q04609,compound,protein,0
16038120,CPI,P09668,compound,protein,0
16038120,CPI,Q8TD43,compound,protein,0
16041424,CPI,P16109,compound,protein,0
16043,CPI,P00352,compound,protein,1
16043,CPI,Q9NYW7,compound,protein,0
16061509,CPI,P29274,compound,protein,0
16062593,CPI,Q8N163,compound,protein,0
16095342,CPI,P04629,compound,protein,1
16095342,CPI,P07333,compound,protein,1
16095342,CPI,P29317,compound,protein,1
16095342,CPI,P31751,compound,protein,1
16095342,CPI,P45983,compound,protein,1
16095342,CPI,P49841,compound,protein,1
16095342,CPI,Q05513,compound,protein,1
16095342,CPI,Q05655,compound,protein,1
16095342,CPI,Q8NE63,compound,protein,1
16095342,CPI,Q9NR20,compound,protein,1
16095342,CPI,P00374,compound,protein,0
16095342,CPI,P14920,compound,protein,0
16095342,CPI,P51787,compound,protein,0
16118392,CPI,P36888,compound,protein,1
16118392,CPI,P62955,compound,protein,0
16118392,CPI,Q11130,compound,protein,0
16118392,CPI,P17787,compound,protein,0
16126651,CPI,P08684,compound,protein,0
16126898,CPI,P28482,compound,protein,0
16129666,CPI,P07550,compound,protein,0
16129706,CPI,P23975,compound,protein,1
16129706,CPI,Q9UBS5,compound,protein,1
16129706,CPI,P28065,compound,protein,0
161591,CPI,O43463,compound,protein,1
161930,CPI,P02545,compound,protein,1
161930,CPI,Q9NR56,compound,protein,1
16195819,CPI,P06241,compound,protein,0
16218975,CPI,P49407,compound,protein,0
16220172,CPI,P08913,compound,protein,1
16220172,CPI,P43681,compound,protein,1
16220172,CPI,P84098,compound,protein,0
16231,CPI,P21917,compound,protein,1
16231,CPI,P34969,compound,protein,1
16231,CPI,P09525,compound,protein,0
16231,CPI,Q15059,compound,protein,0
162755,CPI,P21917,compound,protein,1
162755,CPI,P35462,compound,protein,1
16307489,CPI,P51617,compound,protein,0
16307489,CPI,Q15208,compound,protein,0
163091,CPI,P08913,compound,protein,1
163091,CPI,P41595,compound,protein,1
163091,CPI,P08758,compound,protein,0
16351,CPI,P11229,compound,protein,1
16351,CPI,P22234,compound,protein,0
16351,CPI,Q8NFU7,compound,protein,0
16362,CPI,P02545,compound,protein,1
16362,CPI,P0DMS8,compound,protein,1
16362,CPI,P21917,compound,protein,1
16362,CPI,Q8TDS4,compound,protein,1
16362,CPI,P29034,compound,protein,0
1637653,CPI,Q06710,compound,protein,1
1639,CPI,P08684,compound,protein,1
16414,CPI,Q16720,compound,protein,0
164676,CPI,Q9HD36,compound,protein,0
1649,CPI,Q9NR56,compound,protein,1
16654980,CPI,P48736,compound,protein,1
166553,CPI,P11308,compound,protein,1
16659841,CPI,P11362,compound,protein,1
16659841,CPI,P28222,compound,protein,0
16667669,CPI,P30044,compound,protein,1
16667669,CPI,P14415,compound,protein,0
16667669,CPI,P05067,compound,protein,0
16667686,CPI,P51151,compound,protein,0
16718576,CPI,P11274,compound,protein,1
16718576,CPI,Q00536,compound,protein,1
16718576,CPI,Q9Y4K4,compound,protein,1
16718576,CPI,P00374,compound,protein,0
16718576,CPI,Q96PD7,compound,protein,0
16718576,CPI,Q9UBN1,compound,protein,0
16722832,CPI,P23458,compound,protein,1
16722836,CPI,O14578,compound,protein,1
16722836,CPI,P04626,compound,protein,1
16722836,CPI,P06239,compound,protein,1
16722836,CPI,P10721,compound,protein,1
16722836,CPI,P11802,compound,protein,1
16722836,CPI,P18825,compound,protein,1
16722836,CPI,P45985,compound,protein,1
16722836,CPI,P80370,compound,protein,1
16722836,CPI,Q13546,compound,protein,1
16722836,CPI,Q15835,compound,protein,1
16722836,CPI,Q16566,compound,protein,1
16722836,CPI,Q86UE8,compound,protein,1
16722836,CPI,Q8N5S9,compound,protein,1
16722836,CPI,Q8TDC3,compound,protein,1
16722836,CPI,Q9NRP7,compound,protein,1
16722836,CPI,Q9NSY1,compound,protein,1
16722836,CPI,Q9P0L2,compound,protein,1
16722836,CPI,Q9UQM7,compound,protein,1
16722836,CPI,P68366,compound,protein,0
16722836,CPI,Q9GZR1,compound,protein,0
16722836,CPI,P08684,compound,protein,0
16722836,CPI,P12104,compound,protein,0
16722836,CPI,P29460,compound,protein,0
16722836,CPI,O95622,compound,protein,0
16722836,CPI,P10145,compound,protein,0
16722836,CPI,P04070,compound,protein,0
16722836,CPI,P27338,compound,protein,0
16722836,CPI,P55212,compound,protein,0
16722836,CPI,Q9NRA0,compound,protein,0
16722836,CPI,Q14833,compound,protein,0
16722836,CPI,Q8NBN7,compound,protein,0
16722836,CPI,Q13547,compound,protein,0
16725726,CPI,O14965,compound,protein,1
16725726,CPI,P08922,compound,protein,1
16725726,CPI,P30530,compound,protein,1
16725726,CPI,P49674,compound,protein,1
16725726,CPI,P49760,compound,protein,1
16725726,CPI,Q00526,compound,protein,1
16725726,CPI,Q15375,compound,protein,1
16725726,CPI,Q15759,compound,protein,1
16725726,CPI,Q15835,compound,protein,1
16725726,CPI,Q6DT37,compound,protein,1
16725726,CPI,Q8IVW4,compound,protein,1
16725726,CPI,Q96RG2,compound,protein,1
16725726,CPI,Q9BXA7,compound,protein,1
16725726,CPI,Q9HAZ1,compound,protein,1
16725726,CPI,Q9HCP0,compound,protein,1
16725726,CPI,Q9NRH2,compound,protein,1
16725726,CPI,Q9P289,compound,protein,1
16725726,CPI,P03952,compound,protein,0
16725726,CPI,P49721,compound,protein,0
16725726,CPI,P23921,compound,protein,0
16725726,CPI,Q9UGM1,compound,protein,0
16725726,CPI,P14415,compound,protein,0
16725726,CPI,P36639,compound,protein,0
16725726,CPI,Q969P6,compound,protein,0
16725726,CPI,Q6V1X1,compound,protein,0
16725726,CPI,O75493,compound,protein,0
16725726,CPI,P24298,compound,protein,0
16725726,CPI,Q9NYW2,compound,protein,0
16725726,CPI,Q9Y5Y6,compound,protein,0
16725726,CPI,Q16853,compound,protein,0
16725726,CPI,Q15155,compound,protein,0
16725726,CPI,Q9NYW1,compound,protein,0
16725726,CPI,Q9UBN1,compound,protein,0
16725726,CPI,P19634,compound,protein,0
16725726,CPI,P13612,compound,protein,0
16725726,CPI,P05981,compound,protein,0
16734800,CPI,O75469,compound,protein,1
16739650,CPI,Q9BZL6,compound,protein,1
16739650,CPI,Q9Y2K2,compound,protein,1
16739650,CPI,Q96RQ3,compound,protein,0
16739650,CPI,Q13509,compound,protein,0
16739650,CPI,O43151,compound,protein,0
1674,CPI,P0DMS8,compound,protein,1
16741,CPI,O75762,compound,protein,1
16741,CPI,P05181,compound,protein,1
16741,CPI,P31946,compound,protein,1
16741,CPI,P67936,compound,protein,1
16741,CPI,Q04844,compound,protein,0
16741,CPI,Q8WUI4,compound,protein,0
16747388,CPI,P54756,compound,protein,1
16747388,CPI,O75496,compound,protein,0
16747683,CPI,P45983,compound,protein,1
16747683,CPI,P07711,compound,protein,0
16759175,CPI,P21917,compound,protein,1
16759359,CPI,P21731,compound,protein,1
16759359,CPI,P08913,compound,protein,0
16760027,CPI,P24941,compound,protein,1
16760037,CPI,P67775,compound,protein,1
16760039,CPI,P23219,compound,protein,1
16760039,CPI,O15254,compound,protein,0
167683,CPI,Q16236,compound,protein,1
16773791,CPI,Q9NXA8,compound,protein,0
168613,CPI,P07550,compound,protein,1
1691,CPI,P54284,compound,protein,0
16958021,CPI,P10635,compound,protein,0
17134,CPI,P31751,compound,protein,0
1714884,CPI,Q16236,compound,protein,1
1714884,CPI,Q9GZZ6,compound,protein,0
171548,CPI,P21728,compound,protein,1
1720,CPI,P08684,compound,protein,1
1720,CPI,Q03164,compound,protein,1
1720,CPI,P14635,compound,protein,0
1720,CPI,P21397,compound,protein,0
1727,CPI,P11308,compound,protein,1
1727,CPI,Q16322,compound,protein,1
1727,CPI,P05231,compound,protein,0
174174,CPI,P25100,compound,protein,1
17452347,CPI,Q8NB16,compound,protein,0
17461,CPI,Q16236,compound,protein,0
175540,CPI,Q08499,compound,protein,1
175805,CPI,P33261,compound,protein,0
176155,CPI,P21860,compound,protein,1
176155,CPI,P42679,compound,protein,1
176155,CPI,P54762,compound,protein,1
176155,CPI,P78362,compound,protein,1
176155,CPI,Q13153,compound,protein,1
176155,CPI,Q13177,compound,protein,1
176155,CPI,Q13882,compound,protein,1
176155,CPI,Q15349,compound,protein,1
176155,CPI,Q16513,compound,protein,1
176155,CPI,Q8N4C8,compound,protein,1
176155,CPI,Q9BZL6,compound,protein,1
176155,CPI,Q9H4B4,compound,protein,1
176155,CPI,Q9NYW2,compound,protein,0
176155,CPI,P43235,compound,protein,0
176155,CPI,Q9NRF9,compound,protein,0
176155,CPI,Q2TB90,compound,protein,0
176155,CPI,P49286,compound,protein,0
176155,CPI,P11274,compound,protein,0
176155,CPI,P31151,compound,protein,0
176155,CPI,P09211,compound,protein,0
176155,CPI,Q92731,compound,protein,0
176155,CPI,Q14643,compound,protein,0
176158,CPI,P10636,compound,protein,1
176167,CPI,O94768,compound,protein,1
176167,CPI,O95835,compound,protein,1
176167,CPI,P05129,compound,protein,1
176167,CPI,P08581,compound,protein,1
176167,CPI,P36888,compound,protein,1
176167,CPI,P36894,compound,protein,1
176167,CPI,P36897,compound,protein,1
176167,CPI,P42345,compound,protein,1
176167,CPI,P51451,compound,protein,1
176167,CPI,Q14004,compound,protein,1
176167,CPI,Q16288,compound,protein,1
176167,CPI,Q52WX2,compound,protein,1
176167,CPI,Q8TD08,compound,protein,1
176167,CPI,Q9HCP0,compound,protein,1
176167,CPI,Q9UEE5,compound,protein,1
176167,CPI,P32418,compound,protein,0
176167,CPI,P20701,compound,protein,0
176167,CPI,Q9NP59,compound,protein,0
176167,CPI,P00750,compound,protein,0
176167,CPI,P54709,compound,protein,0
176167,CPI,P41594,compound,protein,0
176167,CPI,Q9UNX3,compound,protein,0
176167,CPI,P00742,compound,protein,0
176167,CPI,P50453,compound,protein,0
176167,CPI,Q04206,compound,protein,0
176167,CPI,P22309,compound,protein,0
176167,CPI,O75908,compound,protein,0
176167,CPI,P35398,compound,protein,0
176167,CPI,P60709,compound,protein,0
176167,CPI,P28562,compound,protein,0
176167,CPI,P01189,compound,protein,0
176407,CPI,P29275,compound,protein,1
176407,CPI,Q13547,compound,protein,1
176408,CPI,P43490,compound,protein,0
176408,CPI,P01189,compound,protein,0
176870,CPI,O43318,compound,protein,1
176870,CPI,P06241,compound,protein,1
176870,CPI,P07332,compound,protein,1
176870,CPI,P08684,compound,protein,1
176870,CPI,P0DMS8,compound,protein,1
176870,CPI,P53671,compound,protein,1
176870,CPI,P78356,compound,protein,1
176870,CPI,Q13131,compound,protein,1
176870,CPI,Q16288,compound,protein,1
176870,CPI,Q6DT37,compound,protein,1
176870,CPI,Q6PHR2,compound,protein,1
176870,CPI,Q8IWQ3,compound,protein,1
176870,CPI,Q8TD19,compound,protein,1
176870,CPI,Q8WTQ7,compound,protein,1
176870,CPI,Q9BZL6,compound,protein,1
176870,CPI,Q9H2K8,compound,protein,1
176870,CPI,Q9HC98,compound,protein,1
176870,CPI,Q9UBE8,compound,protein,1
176870,CPI,Q9UPZ9,compound,protein,1
176870,CPI,Q9UQM7,compound,protein,1
176870,CPI,P00374,compound,protein,0
176870,CPI,P24557,compound,protein,0
176870,CPI,P30989,compound,protein,0
176870,CPI,O14983,compound,protein,0
176870,CPI,P10415,compound,protein,0
176870,CPI,P51570,compound,protein,0
176870,CPI,P30518,compound,protein,0
176870,CPI,O43306,compound,protein,0
176870,CPI,Q99873,compound,protein,0
176870,CPI,Q9Y2R2,compound,protein,0
176870,CPI,P35346,compound,protein,0
176870,CPI,P48637,compound,protein,0
1775,CPI,P54132,compound,protein,1
1775,CPI,Q03431,compound,protein,1
1775,CPI,Q07699,compound,protein,1
17754438,CPI,O14757,compound,protein,1
17754438,CPI,O14965,compound,protein,1
17754438,CPI,P51817,compound,protein,1
17754438,CPI,P54750,compound,protein,1
17754438,CPI,Q93009,compound,protein,0
17754438,CPI,Q969P6,compound,protein,0
17754438,CPI,Q11130,compound,protein,0
17754438,CPI,Q9NS85,compound,protein,0
17755052,CPI,O75116,compound,protein,1
17755052,CPI,O75747,compound,protein,1
17755052,CPI,P06241,compound,protein,1
17755052,CPI,P29322,compound,protein,1
17755052,CPI,P43403,compound,protein,1
17755052,CPI,Q16566,compound,protein,1
17755052,CPI,Q8IU85,compound,protein,1
17755052,CPI,Q9NYY3,compound,protein,1
17755052,CPI,O75493,compound,protein,0
17755052,CPI,P49773,compound,protein,0
17755052,CPI,P25089,compound,protein,0
17755052,CPI,Q99814,compound,protein,0
17755052,CPI,P12004,compound,protein,0
17755052,CPI,P28221,compound,protein,0
17755052,CPI,Q9HCR9,compound,protein,0
17755052,CPI,P49407,compound,protein,0
17755052,CPI,P00374,compound,protein,0
17755052,CPI,P07686,compound,protein,0
17755052,CPI,Q9NP56,compound,protein,0
17755052,CPI,P25705,compound,protein,0
17755052,CPI,Q9NZ45,compound,protein,0
17755052,CPI,Q15722,compound,protein,0
17756791,CPI,Q9P289,compound,protein,0
17756939,CPI,P02545,compound,protein,0
17756939,CPI,Q9NRH2,compound,protein,0
17757086,CPI,Q96QE3,compound,protein,1
17757092,CPI,Q7Z406,compound,protein,0
17757095,CPI,Q9HD36,compound,protein,0
17757274,CPI,P15056,compound,protein,0
17757274,CPI,Q9NYY3,compound,protein,0
17759555,CPI,Q9UQB9,compound,protein,0
177992,CPI,Q12791,compound,protein,0
1780,CPI,P18054,compound,protein,1
1780,CPI,P98194,compound,protein,0
1794,CPI,O15118,compound,protein,1
1797,CPI,P41250,compound,protein,0
180081,CPI,Q9HD36,compound,protein,0
1814489,CPI,P42574,compound,protein,1
1817779,CPI,Q460N5,compound,protein,0
182362,CPI,P04637,compound,protein,1
182585,CPI,P50406,compound,protein,0
182593,CPI,Q96DB2,compound,protein,0
18283,CPI,P08912,compound,protein,1
18283,CPI,Q16236,compound,protein,1
1830,CPI,Q96SW2,compound,protein,0
1830,CPI,Q9NQR1,compound,protein,0
183782,CPI,P14635,compound,protein,0
1853,CPI,Q460N3,compound,protein,1
1856447,CPI,Q9UNA4,compound,protein,0
1858,CPI,Q01538,compound,protein,0
1862,CPI,P53355,compound,protein,0
1864426,CPI,P01215,compound,protein,1
18680317,CPI,Q9NUW8,compound,protein,0
18721,CPI,P15880,compound,protein,0
1889993,CPI,O00444,compound,protein,0
1893,CPI,P29475,compound,protein,1
1893,CPI,Q16236,compound,protein,1
1893,CPI,Q16637,compound,protein,1
1893668,CPI,O75897,compound,protein,0
19003,CPI,P30518,compound,protein,1
19003,CPI,P62826,compound,protein,0
19003,CPI,P43235,compound,protein,0
19003,CPI,P01130,compound,protein,0
19009,CPI,Q09472,compound,protein,1
19009,CPI,Q9Y5N1,compound,protein,0
1901244,CPI,Q86V24,compound,protein,0
1923,CPI,P84022,compound,protein,1
1923,CPI,Q6JQN1,compound,protein,0
193962,CPI,Q99873,compound,protein,0
193962,CPI,P00352,compound,protein,0
19582717,CPI,P16050,compound,protein,0
19585362,CPI,Q15084,compound,protein,0
1963150,CPI,O94768,compound,protein,0
19675,CPI,P41250,compound,protein,0
19675,CPI,Q01813,compound,protein,0
196841,CPI,P23219,compound,protein,1
196968,CPI,P50406,compound,protein,1
197706,CPI,P45983,compound,protein,0
1978,CPI,P31645,compound,protein,1
1978,CPI,Q9P2N6,compound,protein,0
1978,CPI,O00459,compound,protein,0
1981,CPI,P35354,compound,protein,1
198107,CPI,P16473,compound,protein,1
1983,CPI,P21397,compound,protein,1
1986,CPI,O75493,compound,protein,1
1986,CPI,P08908,compound,protein,1
1986,CPI,P25929,compound,protein,1
1986,CPI,P41595,compound,protein,1
1989,CPI,P04150,compound,protein,1
1989,CPI,P30542,compound,protein,1
1999882,CPI,Q9NUW8,compound,protein,0
200,CPI,Q13131,compound,protein,1
20039,CPI,Q04844,compound,protein,0
2005,CPI,Q9Y2H1,compound,protein,0
2017368,CPI,P80192,compound,protein,0
2022,CPI,P25021,compound,protein,1
2022,CPI,P35462,compound,protein,1
2022,CPI,P50406,compound,protein,1
202225,CPI,P07550,compound,protein,1
202225,CPI,P0DMS8,compound,protein,1
202225,CPI,P35236,compound,protein,0
20279,CPI,Q9NRF9,compound,protein,1
2031,CPI,P16591,compound,protein,0
20345,CPI,P08700,compound,protein,0
20345,CPI,P31645,compound,protein,0
20355585,CPI,P51817,compound,protein,0
203911,CPI,Q96L34,compound,protein,0
203911,CPI,P08631,compound,protein,0
2046,CPI,P08684,compound,protein,1
2048,CPI,P36888,compound,protein,1
2048,CPI,O15056,compound,protein,0
20507134,CPI,P54619,compound,protein,0
2051,CPI,Q13258,compound,protein,0
2052,CPI,Q9NPI1,compound,protein,0
2055451,CPI,P13631,compound,protein,0
2081,CPI,P31645,compound,protein,1
2082,CPI,P08588,compound,protein,1
2082,CPI,P08908,compound,protein,1
2082,CPI,P25021,compound,protein,1
2082,CPI,P31645,compound,protein,1
2083,CPI,P21731,compound,protein,1
2083,CPI,P35354,compound,protein,1
2083,CPI,P99999,compound,protein,0
20854254,CPI,P27037,compound,protein,0
20862034,CPI,Q14123,compound,protein,0
20876331,CPI,Q86TI2,compound,protein,0
2088,CPI,Q9NZJ5,compound,protein,0
208898,CPI,P08908,compound,protein,1
208898,CPI,P18089,compound,protein,1
208898,CPI,P35462,compound,protein,1
208898,CPI,P08912,compound,protein,0
208908,CPI,P09619,compound,protein,1
208908,CPI,P10721,compound,protein,1
208908,CPI,P20794,compound,protein,1
208908,CPI,P32298,compound,protein,1
208908,CPI,P42680,compound,protein,1
208908,CPI,P45985,compound,protein,1
208908,CPI,P51813,compound,protein,1
208908,CPI,P53779,compound,protein,1
208908,CPI,Q8TBX8,compound,protein,1
208908,CPI,Q99755,compound,protein,1
208908,CPI,Q9NSY1,compound,protein,1
208908,CPI,Q9UIK4,compound,protein,1
208908,CPI,Q9GZZ6,compound,protein,0
208908,CPI,P17787,compound,protein,0
208908,CPI,P02708,compound,protein,0
208908,CPI,Q96SW2,compound,protein,0
208908,CPI,Q06124,compound,protein,0
208908,CPI,Q8NF37,compound,protein,0
208908,CPI,Q9HCC0,compound,protein,0
208908,CPI,Q96Q83,compound,protein,0
208908,CPI,P41143,compound,protein,0
208908,CPI,P35354,compound,protein,0
208908,CPI,P10145,compound,protein,0
208908,CPI,O95398,compound,protein,0
208908,CPI,O76083,compound,protein,0
208908,CPI,P05164,compound,protein,0
208908,CPI,P55210,compound,protein,0
208908,CPI,Q8N8N7,compound,protein,0
208908,CPI,P02763,compound,protein,0
2094,CPI,P08588,compound,protein,1
2094,CPI,P20340,compound,protein,0
2099,CPI,P07550,compound,protein,1
2099,CPI,P34969,compound,protein,1
2099,CPI,Q9NUW8,compound,protein,0
2100018,CPI,P11216,compound,protein,0
210332,CPI,Q02750,compound,protein,1
21158442,CPI,P08581,compound,protein,0
21158442,CPI,P08912,compound,protein,0
2116,CPI,O75899,compound,protein,0
2118,CPI,P41595,compound,protein,1
2118,CPI,P43681,compound,protein,1
2118,CPI,Q16445,compound,protein,1
2118,CPI,Q8TDS4,compound,protein,1
2118,CPI,P28065,compound,protein,0
2119,CPI,P31645,compound,protein,1
2122,CPI,P50750,compound,protein,0
2123,CPI,P08908,compound,protein,1
2123,CPI,Q96KQ7,compound,protein,1
2123,CPI,P08240,compound,protein,0
2123,CPI,O00459,compound,protein,0
21249869,CPI,P31645,compound,protein,0
2126,CPI,P14859,compound,protein,0
2129,CPI,Q13188,compound,protein,0
213046,CPI,P34969,compound,protein,1
213046,CPI,P20340,compound,protein,0
213046,CPI,P35626,compound,protein,0
2132,CPI,O14924,compound,protein,0
2132,CPI,Q9NZ08,compound,protein,0
2132,CPI,P35580,compound,protein,0
2133,CPI,P11474,compound,protein,1
2133,CPI,P43686,compound,protein,0
2141,CPI,P10696,compound,protein,1
2143,CPI,Q9Y4K0,compound,protein,0
2145,CPI,P08758,compound,protein,0
2146,CPI,P15121,compound,protein,1
2148,CPI,Q9Y2K2,compound,protein,0
2148,CPI,Q86UE8,compound,protein,0
2153,CPI,P08684,compound,protein,1
2153,CPI,Q9Y5N1,compound,protein,1
2153,CPI,P33991,compound,protein,0
2153,CPI,P42681,compound,protein,0
2155128,CPI,P27815,compound,protein,0
2157,CPI,O43497,compound,protein,0
2157,CPI,Q9H9B1,compound,protein,0
2157,CPI,Q15046,compound,protein,0
2157,CPI,Q13131,compound,protein,0
21584481,CPI,Q8WXI7,compound,protein,1
2159213,CPI,P09923,compound,protein,0
2160,CPI,P23975,compound,protein,1
2161,CPI,Q99584,compound,protein,1
2161,CPI,Q9NYL2,compound,protein,0
2162,CPI,P08908,compound,protein,1
216210,CPI,P00742,compound,protein,1
216210,CPI,Q9NZK7,compound,protein,0
216235,CPI,P48547,compound,protein,0
216235,CPI,Q02750,compound,protein,0
216235,CPI,Q7L7X3,compound,protein,0
216239,CPI,O14733,compound,protein,1
216239,CPI,O15075,compound,protein,1
216239,CPI,P19525,compound,protein,1
216239,CPI,P21709,compound,protein,1
216239,CPI,P23458,compound,protein,1
216239,CPI,P29317,compound,protein,1
216239,CPI,Q00534,compound,protein,1
216239,CPI,Q13557,compound,protein,1
216239,CPI,Q14004,compound,protein,1
216239,CPI,Q15418,compound,protein,1
216239,CPI,Q16584,compound,protein,1
216239,CPI,Q8IVH8,compound,protein,1
216239,CPI,Q8IVW4,compound,protein,1
216239,CPI,Q8TBX8,compound,protein,1
216239,CPI,Q9NQU5,compound,protein,1
216239,CPI,Q9P0L2,compound,protein,1
216239,CPI,Q7Z3S7,compound,protein,0
216239,CPI,O43614,compound,protein,0
216239,CPI,O75907,compound,protein,0
216239,CPI,O15118,compound,protein,0
216239,CPI,P22748,compound,protein,0
216239,CPI,Q14994,compound,protein,0
216239,CPI,P10826,compound,protein,0
216239,CPI,P09172,compound,protein,0
216239,CPI,Q8N3A8,compound,protein,0
216239,CPI,Q16570,compound,protein,0
216239,CPI,O60488,compound,protein,0
216239,CPI,P39023,compound,protein,0
216239,CPI,P12821,compound,protein,0
216239,CPI,P78334,compound,protein,0
216326,CPI,Q15788,compound,protein,0
216454,CPI,P01111,compound,protein,1
216468,CPI,Q9NP59,compound,protein,0
2165,CPI,Q12908,compound,protein,0
2170,CPI,P08908,compound,protein,1
2170,CPI,P16499,compound,protein,1
2170,CPI,P18505,compound,protein,1
2170,CPI,Q16445,compound,protein,1
2170,CPI,P07477,compound,protein,0
21700,CPI,Q9Y5N1,compound,protein,1
2179,CPI,O60341,compound,protein,1
2179,CPI,P18825,compound,protein,1
2179,CPI,Q9UBN7,compound,protein,0
21800,CPI,Q92918,compound,protein,0
2182,CPI,O43193,compound,protein,1
21865526,CPI,P08235,compound,protein,1
21874557,CPI,P29274,compound,protein,1
219078,CPI,P07451,compound,protein,1
219078,CPI,P17861,compound,protein,0
219101,CPI,Q13224,compound,protein,1
2194,CPI,P0DMS8,compound,protein,1
2194,CPI,P30542,compound,protein,1
2194,CPI,Q96KQ7,compound,protein,1
2194,CPI,Q86SG6,compound,protein,0
2201555,CPI,O75496,compound,protein,1
2201555,CPI,Q9H3Y6,compound,protein,0
2206,CPI,P25021,compound,protein,1
2206,CPI,Q96S44,compound,protein,0
2210290,CPI,P13637,compound,protein,0
221493,CPI,P24310,compound,protein,1
221493,CPI,Q02221,compound,protein,1
22228376,CPI,O95819,compound,protein,1
22228376,CPI,P48729,compound,protein,1
22228376,CPI,P48730,compound,protein,1
22228376,CPI,Q86V86,compound,protein,1
22228376,CPI,Q9UBN7,compound,protein,1
22228376,CPI,Q7Z5B4,compound,protein,0
22228376,CPI,P00742,compound,protein,0
22228376,CPI,P23921,compound,protein,0
22228376,CPI,O43174,compound,protein,0
22228376,CPI,P14415,compound,protein,0
22228376,CPI,P43220,compound,protein,0
22228376,CPI,P02818,compound,protein,0
22245026,CPI,O95819,compound,protein,0
222528,CPI,P09488,compound,protein,1
222528,CPI,Q12908,compound,protein,1
222528,CPI,Q9UBU7,compound,protein,0
2225472,CPI,Q9HC16,compound,protein,1
2225472,CPI,P21281,compound,protein,0
2236,CPI,P43250,compound,protein,0
223997,CPI,P0DMS8,compound,protein,0
224246,CPI,P30085,compound,protein,0
2244,CPI,P41595,compound,protein,1
2244,CPI,P51449,compound,protein,1
2244,CPI,Q9H792,compound,protein,0
2244,CPI,P51956,compound,protein,0
2247,CPI,O43193,compound,protein,1
2247,CPI,P21917,compound,protein,1
2247,CPI,P25100,compound,protein,1
2247,CPI,P54284,compound,protein,0
2247,CPI,Q9H3R0,compound,protein,0
2249,CPI,P24864,compound,protein,0
2250975,CPI,P33261,compound,protein,1
2252,CPI,P43490,compound,protein,0
22548477,CPI,P08173,compound,protein,0
2258411,CPI,O00444,compound,protein,0
2265,CPI,P21397,compound,protein,1
2266,CPI,P43681,compound,protein,1
2266,CPI,P0C264,compound,protein,0
2284,CPI,P08684,compound,protein,1
2286,CPI,P30086,compound,protein,0
2300608,CPI,P14416,compound,protein,0
2303,CPI,Q86TW2,compound,protein,0
2303,CPI,P11229,compound,protein,0
2311,CPI,P28482,compound,protein,0
2315,CPI,P55017,compound,protein,1
2315,CPI,Q12931,compound,protein,0
2315,CPI,O15151,compound,protein,0
2321431,CPI,Q16236,compound,protein,1
2321431,CPI,P47895,compound,protein,0
2321431,CPI,Q9UBN7,compound,protein,0
23236067,CPI,Q9NZ08,compound,protein,0
2327,CPI,P03905,compound,protein,0
2327953,CPI,O15492,compound,protein,1
2327953,CPI,P16050,compound,protein,1
2333,CPI,P06401,compound,protein,1
2333,CPI,P11712,compound,protein,1
2333,CPI,P25021,compound,protein,1
2333,CPI,Q99504,compound,protein,1
2333,CPI,O15392,compound,protein,0
2333,CPI,Q13882,compound,protein,0
2335,CPI,Q9Y5Y9,compound,protein,1
23418,CPI,P54803,compound,protein,1
2343,CPI,P21731,compound,protein,1
2343,CPI,P41595,compound,protein,1
2343,CPI,P35626,compound,protein,0
2343,CPI,Q86SG6,compound,protein,0
2344,CPI,P31645,compound,protein,1
2345373,CPI,P41143,compound,protein,0
23492,CPI,Q99683,compound,protein,0
2351,CPI,P04792,compound,protein,0
2354,CPI,P21673,compound,protein,1
2354,CPI,P12931,compound,protein,0
2356,CPI,P01375,compound,protein,1
2356,CPI,P50406,compound,protein,0
2356,CPI,Q9NR20,compound,protein,0
23581805,CPI,P22607,compound,protein,0
23625762,CPI,Q02763,compound,protein,1
23626877,CPI,P48736,compound,protein,0
23626877,CPI,Q6NUM9,compound,protein,0
23646672,CPI,O43193,compound,protein,0
23648022,CPI,P08069,compound,protein,0
23648028,CPI,P54753,compound,protein,0
23649154,CPI,O75469,compound,protein,0
23649325,CPI,P41595,compound,protein,0
236702,CPI,P04150,compound,protein,1
2369,CPI,Q6VAB6,compound,protein,0
2369,CPI,P28482,compound,protein,0
237,CPI,Q96QE3,compound,protein,1
237,CPI,P04792,compound,protein,0
237,CPI,P31151,compound,protein,0
2370,CPI,P07550,compound,protein,1
2370,CPI,P08912,compound,protein,1
2370,CPI,P11229,compound,protein,1
2370,CPI,P18089,compound,protein,1
2370,CPI,P32238,compound,protein,1
2370,CPI,Q9Y2R2,compound,protein,0
2370,CPI,O43174,compound,protein,0
23725,CPI,Q16445,compound,protein,0
23725625,CPI,Q8N3A8,compound,protein,1
23727689,CPI,Q99584,compound,protein,0
2375,CPI,P18089,compound,protein,1
2375,CPI,O43174,compound,protein,0
23760137,CPI,P29323,compound,protein,0
2378,CPI,P25021,compound,protein,1
2378,CPI,O43741,compound,protein,0
2378,CPI,P08842,compound,protein,0
2378,CPI,P11712,compound,protein,0
23817956,CPI,P13674,compound,protein,1
23817956,CPI,O95835,compound,protein,0
23897,CPI,P50406,compound,protein,1
2390,CPI,Q8NE63,compound,protein,1
2390,CPI,P34947,compound,protein,0
2391,CPI,O75496,compound,protein,1
2391,CPI,P20020,compound,protein,0
23947601,CPI,P05023,compound,protein,1
2396,CPI,Q15418,compound,protein,1
2396,CPI,P02585,compound,protein,0
24041599,CPI,P00797,compound,protein,0
2406,CPI,Q9UL62,compound,protein,0
24066,CPI,P10636,compound,protein,1
24066,CPI,P21731,compound,protein,1
24066,CPI,P32245,compound,protein,1
24066,CPI,P27707,compound,protein,0
24066,CPI,Q969P6,compound,protein,0
2416356,CPI,P55211,compound,protein,0
24180719,CPI,P09619,compound,protein,1
24180719,CPI,P22607,compound,protein,1
24180719,CPI,P29323,compound,protein,1
24180719,CPI,P42685,compound,protein,1
24180719,CPI,P51956,compound,protein,1
24180719,CPI,Q7L7X3,compound,protein,1
24180719,CPI,Q8N4C8,compound,protein,1
24180719,CPI,Q8WTQ7,compound,protein,1
24180719,CPI,Q96RR4,compound,protein,1
24180719,CPI,Q9UBE8,compound,protein,1
24180719,CPI,Q9UEW8,compound,protein,1
24180719,CPI,Q9UIK4,compound,protein,1
24180719,CPI,P20701,compound,protein,0
24180719,CPI,P51151,compound,protein,0
24180719,CPI,P31391,compound,protein,0
24180719,CPI,P25089,compound,protein,0
24180719,CPI,P05181,compound,protein,0
24180719,CPI,P47869,compound,protein,0
24180719,CPI,P47901,compound,protein,0
2419,CPI,P08908,compound,protein,1
2419,CPI,P35368,compound,protein,1
2432214,CPI,P01215,compound,protein,1
2435,CPI,P08908,compound,protein,1
24360,CPI,P51151,compound,protein,1
24360,CPI,Q9NR56,compound,protein,1
24360,CPI,O75030,compound,protein,0
24360,CPI,P18825,compound,protein,0
2443,CPI,P35368,compound,protein,1
2443,CPI,P28161,compound,protein,0
2448,CPI,O75469,compound,protein,1
2448,CPI,P08908,compound,protein,1
2448,CPI,Q92934,compound,protein,0
2448,CPI,P35580,compound,protein,0
244898,CPI,O75496,compound,protein,1
2453,CPI,Q9NUW8,compound,protein,1
2453,CPI,Q04844,compound,protein,0
2466,CPI,Q16665,compound,protein,1
2471,CPI,P02545,compound,protein,1
2471,CPI,P34969,compound,protein,1
2471,CPI,P41143,compound,protein,1
2471,CPI,Q16665,compound,protein,1
24720976,CPI,P11229,compound,protein,0
24720976,CPI,O00571,compound,protein,0
2474,CPI,O14939,compound,protein,0
2474,CPI,P41594,compound,protein,0
24747173,CPI,P54646,compound,protein,0
24747181,CPI,Q9HBH5,compound,protein,0
24747242,CPI,P30531,compound,protein,0
24747242,CPI,Q96Q40,compound,protein,0
24747246,CPI,Q9Y5N1,compound,protein,0
24747270,CPI,P43119,compound,protein,0
24747341,CPI,Q16236,compound,protein,1
24747341,CPI,P51617,compound,protein,0
24747343,CPI,P17787,compound,protein,0
24747343,CPI,P35462,compound,protein,0
24748573,CPI,O94804,compound,protein,1
24748573,CPI,P67870,compound,protein,1
24748573,CPI,Q00535,compound,protein,1
24748573,CPI,Q9HAZ1,compound,protein,1
24748573,CPI,P22309,compound,protein,0
24748573,CPI,O60755,compound,protein,0
24748573,CPI,P09488,compound,protein,0
24761960,CPI,O75496,compound,protein,1
2477,CPI,P08908,compound,protein,1
2477,CPI,P21728,compound,protein,1
2477,CPI,P03905,compound,protein,0
24771867,CPI,P06241,compound,protein,1
24771867,CPI,P07333,compound,protein,1
24771867,CPI,P08581,compound,protein,1
24771867,CPI,P12931,compound,protein,1
24771867,CPI,P48729,compound,protein,1
24771867,CPI,P50613,compound,protein,1
24771867,CPI,Q00535,compound,protein,1
24771867,CPI,Q9NYL2,compound,protein,1
24771867,CPI,Q07889,compound,protein,0
24771867,CPI,P13637,compound,protein,0
24771867,CPI,Q14654,compound,protein,0
24772860,CPI,P14625,compound,protein,1
24772860,CPI,P32239,compound,protein,0
24775005,CPI,P08908,compound,protein,1
24775005,CPI,P23975,compound,protein,1
24775005,CPI,Q9H3R0,compound,protein,0
24775005,CPI,P03886,compound,protein,0
24775005,CPI,O15054,compound,protein,0
24779724,CPI,O00329,compound,protein,1
24779724,CPI,O14578,compound,protein,1
24779724,CPI,O14920,compound,protein,1
24779724,CPI,O94768,compound,protein,1
24779724,CPI,P07332,compound,protein,1
24779724,CPI,P09619,compound,protein,1
24779724,CPI,P11802,compound,protein,1
24779724,CPI,P22607,compound,protein,1
24779724,CPI,P48730,compound,protein,1
24779724,CPI,P48736,compound,protein,1
24779724,CPI,P51617,compound,protein,1
24779724,CPI,P51955,compound,protein,1
24779724,CPI,Q00537,compound,protein,1
24779724,CPI,Q04759,compound,protein,1
24779724,CPI,Q06187,compound,protein,1
24779724,CPI,Q08345,compound,protein,1
24779724,CPI,Q14004,compound,protein,1
24779724,CPI,Q96PY6,compound,protein,1
24779724,CPI,Q99683,compound,protein,1
24779724,CPI,Q13258,compound,protein,0
24779724,CPI,P48443,compound,protein,0
24779724,CPI,Q9NPH5,compound,protein,0
24779724,CPI,P16152,compound,protein,0
24779724,CPI,P12821,compound,protein,0
24779724,CPI,Q96KB5,compound,protein,0
24779724,CPI,O60755,compound,protein,0
24779724,CPI,P45954,compound,protein,0
24779724,CPI,P07711,compound,protein,0
24779724,CPI,Q07812,compound,protein,0
24779724,CPI,P05164,compound,protein,0
24779724,CPI,Q8N8N7,compound,protein,0
2478,CPI,P02545,compound,protein,1
24791027,CPI,P06400,compound,protein,0
24791027,CPI,Q8N8N7,compound,protein,0
24794418,CPI,Q12866,compound,protein,1
24794418,CPI,Q09470,compound,protein,0
24795070,CPI,P36888,compound,protein,1
24795070,CPI,Q9H2G2,compound,protein,1
24795070,CPI,Q99720,compound,protein,0
2480,CPI,P10253,compound,protein,1
24800541,CPI,P08311,compound,protein,1
2481,CPI,P14867,compound,protein,1
2481,CPI,P37288,compound,protein,1
2481,CPI,P52732,compound,protein,0
2482,CPI,Q9Y251,compound,protein,0
2482,CPI,Q02218,compound,protein,0
2482,CPI,P15880,compound,protein,0
24820091,CPI,P43220,compound,protein,1
24821094,CPI,P11712,compound,protein,1
24821094,CPI,Q8NFD2,compound,protein,0
24821094,CPI,P09211,compound,protein,0
24821094,CPI,P10145,compound,protein,0
24826799,CPI,P08069,compound,protein,1
24826799,CPI,P11274,compound,protein,1
24826799,CPI,P03886,compound,protein,0
24826799,CPI,P49407,compound,protein,0
24826799,CPI,P07195,compound,protein,0
24826799,CPI,P49795,compound,protein,0
2482839,CPI,P04062,compound,protein,1
2484,CPI,P12268,compound,protein,0
24856041,CPI,Q02880,compound,protein,1
24856041,CPI,Q08345,compound,protein,1
24856041,CPI,Q12851,compound,protein,1
24856041,CPI,P31941,compound,protein,0
24856237,CPI,P10145,compound,protein,1
24856436,CPI,P43405,compound,protein,1
24856436,CPI,P49760,compound,protein,1
24856436,CPI,P50613,compound,protein,1
24856436,CPI,P51956,compound,protein,1
24856436,CPI,Q16288,compound,protein,1
24856436,CPI,P15538,compound,protein,0
24856436,CPI,Q99705,compound,protein,0
24868309,CPI,P11712,compound,protein,0
24872560,CPI,Q9UBT6,compound,protein,0
24875320,CPI,Q02817,compound,protein,0
24875320,CPI,O75604,compound,protein,0
24880028,CPI,Q08345,compound,protein,1
24889392,CPI,O00329,compound,protein,1
24889392,CPI,O95819,compound,protein,1
24889392,CPI,P11362,compound,protein,1
24889392,CPI,P36888,compound,protein,1
24889392,CPI,P43403,compound,protein,1
24889392,CPI,P49759,compound,protein,1
24889392,CPI,Q13188,compound,protein,1
24889392,CPI,Q15303,compound,protein,1
24889392,CPI,Q8IVH8,compound,protein,1
24889392,CPI,Q8IWQ3,compound,protein,1
24889392,CPI,Q8TDR2,compound,protein,1
24889392,CPI,Q92772,compound,protein,1
24889392,CPI,Q96SB4,compound,protein,1
24889392,CPI,Q9P289,compound,protein,1
24889392,CPI,Q9UBE8,compound,protein,1
24889392,CPI,O94788,compound,protein,0
24889392,CPI,Q8NER1,compound,protein,0
24889392,CPI,P50135,compound,protein,0
24889392,CPI,O60218,compound,protein,0
24889392,CPI,P31213,compound,protein,0
24889392,CPI,P53634,compound,protein,0
24889392,CPI,P34969,compound,protein,0
24889392,CPI,P14735,compound,protein,0
24889392,CPI,Q9H3N8,compound,protein,0
24889392,CPI,P46019,compound,protein,0
24889392,CPI,Q99700,compound,protein,0
24889392,CPI,P35372,compound,protein,0
24889392,CPI,Q14376,compound,protein,0
24905203,CPI,O00329,compound,protein,1
24951314,CPI,Q07973,compound,protein,0
24957182,CPI,P61956,compound,protein,0
24963293,CPI,O95263,compound,protein,1
24964624,CPI,P84022,compound,protein,1
24965990,CPI,O75469,compound,protein,1
24988881,CPI,O00767,compound,protein,1
24988881,CPI,O14920,compound,protein,0
24995524,CPI,P34947,compound,protein,1
24995524,CPI,P41743,compound,protein,1
24995524,CPI,Q13153,compound,protein,1
24995524,CPI,Q13554,compound,protein,1
24995524,CPI,Q9BWU1,compound,protein,1
24995524,CPI,Q9BXA7,compound,protein,1
24995524,CPI,Q9UEE5,compound,protein,1
24995524,CPI,Q06432,compound,protein,0
24995524,CPI,Q9UJU2,compound,protein,0
24995524,CPI,Q92772,compound,protein,0
25019940,CPI,P01258,compound,protein,1
25022668,CPI,P29350,compound,protein,0
25023738,CPI,Q13188,compound,protein,1
25023738,CPI,Q15349,compound,protein,1
25025298,CPI,P23219,compound,protein,1
25025298,CPI,P17658,compound,protein,0
25025298,CPI,Q13315,compound,protein,0
25033539,CPI,P42338,compound,protein,1
25062766,CPI,O60674,compound,protein,1
25062766,CPI,Q13555,compound,protein,1
25062766,CPI,Q96PY6,compound,protein,1
25062766,CPI,Q9NSY1,compound,protein,1
25062766,CPI,Q04828,compound,protein,0
25062766,CPI,P61073,compound,protein,0
25062766,CPI,Q99873,compound,protein,0
25062766,CPI,Q92945,compound,protein,0
25062766,CPI,Q08050,compound,protein,0
25066467,CPI,P11802,compound,protein,1
25066467,CPI,P16591,compound,protein,1
25066467,CPI,Q06187,compound,protein,1
25066467,CPI,Q92918,compound,protein,1
25066467,CPI,P11137,compound,protein,0
25099184,CPI,O60674,compound,protein,1
25102847,CPI,P30530,compound,protein,1
25102847,CPI,Q02763,compound,protein,1
25105713,CPI,P51451,compound,protein,0
25105719,CPI,Q8NB16,compound,protein,0
25109893,CPI,Q6W5P4,compound,protein,1
25109893,CPI,O95835,compound,protein,0
25113764,CPI,Q9UGN5,compound,protein,1
25117126,CPI,P24941,compound,protein,1
25117126,CPI,P48547,compound,protein,0
25117126,CPI,P03886,compound,protein,0
25118059,CPI,P23415,compound,protein,0
25118059,CPI,Q12866,compound,protein,0
2512,CPI,P08913,compound,protein,1
25124816,CPI,P04626,compound,protein,1
25124816,CPI,P43405,compound,protein,1
25124816,CPI,P53779,compound,protein,1
25126798,CPI,O14578,compound,protein,1
25126798,CPI,O15146,compound,protein,1
25126798,CPI,O95819,compound,protein,1
25126798,CPI,P21127,compound,protein,1
25126798,CPI,P29317,compound,protein,1
25126798,CPI,P35590,compound,protein,1
25126798,CPI,P36888,compound,protein,1
25126798,CPI,P36896,compound,protein,1
25126798,CPI,P37173,compound,protein,1
25126798,CPI,P42338,compound,protein,1
25126798,CPI,P48730,compound,protein,1
25126798,CPI,P49674,compound,protein,1
25126798,CPI,Q13557,compound,protein,1
25126798,CPI,Q13976,compound,protein,1
25126798,CPI,Q14012,compound,protein,1
25126798,CPI,Q6XUX3,compound,protein,1
25126798,CPI,Q86Z02,compound,protein,1
25126798,CPI,Q8IWQ3,compound,protein,1
25126798,CPI,Q9H2K8,compound,protein,1
25126798,CPI,Q9UPE1,compound,protein,1
25126798,CPI,Q9Y4K4,compound,protein,1
25126798,CPI,P07202,compound,protein,0
25126798,CPI,Q9H4B7,compound,protein,0
25126798,CPI,P14210,compound,protein,0
25126798,CPI,O00418,compound,protein,0
25126798,CPI,P10696,compound,protein,0
25126798,CPI,P49238,compound,protein,0
25126798,CPI,P40145,compound,protein,0
25126798,CPI,P14902,compound,protein,0
25126798,CPI,P51172,compound,protein,0
25126798,CPI,Q15858,compound,protein,0
25126798,CPI,P31644,compound,protein,0
25126798,CPI,Q92952,compound,protein,0
25126798,CPI,Q92570,compound,protein,0
25126798,CPI,O95718,compound,protein,0
25134326,CPI,Q08345,compound,protein,1
25134326,CPI,Q9BZE4,compound,protein,1
25134326,CPI,Q9NSA0,compound,protein,0
2513861,CPI,Q9NRM7,compound,protein,0
25150857,CPI,P84022,compound,protein,1
25150857,CPI,P30518,compound,protein,0
25154867,CPI,O75496,compound,protein,0
25180101,CPI,Q9Y2I1,compound,protein,0
25180101,CPI,P02545,compound,protein,0
25182616,CPI,O00329,compound,protein,1
25182616,CPI,P04629,compound,protein,1
25182616,CPI,P22455,compound,protein,1
25182616,CPI,P31751,compound,protein,1
25182616,CPI,P32298,compound,protein,1
25182616,CPI,P42338,compound,protein,1
25182616,CPI,P49761,compound,protein,1
25182616,CPI,Q00536,compound,protein,1
25182616,CPI,Q06187,compound,protein,1
25182616,CPI,Q13131,compound,protein,1
25182616,CPI,Q13882,compound,protein,1
25182616,CPI,Q14289,compound,protein,1
25182616,CPI,Q15139,compound,protein,1
25182616,CPI,Q16539,compound,protein,1
25182616,CPI,Q7L7X3,compound,protein,1
25182616,CPI,Q8TD08,compound,protein,1
25182616,CPI,Q8TD19,compound,protein,1
25182616,CPI,Q8WTQ7,compound,protein,1
25182616,CPI,Q9NRP7,compound,protein,1
25182616,CPI,P32297,compound,protein,0
25182616,CPI,P15121,compound,protein,0
25182616,CPI,P53634,compound,protein,0
25182616,CPI,P04637,compound,protein,0
25182616,CPI,Q9UBT6,compound,protein,0
25182616,CPI,P05121,compound,protein,0
25182616,CPI,P10145,compound,protein,0
25182616,CPI,P02763,compound,protein,0
25182616,CPI,Q9Y4P1,compound,protein,0
25182616,CPI,P10635,compound,protein,0
25182616,CPI,P25705,compound,protein,0
25182616,CPI,P27695,compound,protein,0
25182616,CPI,Q13946,compound,protein,0
25182616,CPI,P98066,compound,protein,0
25182616,CPI,P17861,compound,protein,0
25183872,CPI,Q5VT25,compound,protein,0
2519,CPI,O95263,compound,protein,1
2519,CPI,P16499,compound,protein,1
2519,CPI,P18825,compound,protein,1
2519,CPI,P46098,compound,protein,1
2519,CPI,Q01064,compound,protein,1
2519,CPI,Q9HC16,compound,protein,0
25190912,CPI,P78508,compound,protein,0
25195294,CPI,P27037,compound,protein,1
25195294,CPI,Q9UNA4,compound,protein,0
25195352,CPI,O14939,compound,protein,0
25199538,CPI,P10696,compound,protein,1
2520,CPI,O95180,compound,protein,1
2520,CPI,P07550,compound,protein,1
2520,CPI,Q08499,compound,protein,1
2520,CPI,Q9UEW8,compound,protein,0
25209788,CPI,P49019,compound,protein,0
25209788,CPI,P12821,compound,protein,0
25210493,CPI,Q14680,compound,protein,0
25227436,CPI,O75116,compound,protein,1
25227436,CPI,Q04844,compound,protein,0
25227462,CPI,Q16584,compound,protein,1
25227462,CPI,Q99816,compound,protein,0
25243721,CPI,O14976,compound,protein,0
25243723,CPI,P30613,compound,protein,1
25243723,CPI,Q8WXR4,compound,protein,0
25243730,CPI,Q01959,compound,protein,0
25243736,CPI,P84022,compound,protein,1
25243744,CPI,P30613,compound,protein,1
25243750,CPI,P30613,compound,protein,1
25243780,CPI,Q13882,compound,protein,0
25243785,CPI,O15254,compound,protein,0
25243788,CPI,P18089,compound,protein,0
25254071,CPI,P17252,compound,protein,1
25254071,CPI,P42345,compound,protein,1
25254071,CPI,P37058,compound,protein,0
25254071,CPI,Q07973,compound,protein,0
25262792,CPI,P04637,compound,protein,0
25295,CPI,P28161,compound,protein,0
25295,CPI,O43193,compound,protein,0
2531,CPI,P54750,compound,protein,1
2531,CPI,P55211,compound,protein,1
2531,CPI,Q96LD8,compound,protein,0
2536,CPI,P05981,compound,protein,1
2536,CPI,P22459,compound,protein,0
2536,CPI,P55263,compound,protein,0
2536,CPI,Q04637,compound,protein,0
2540,CPI,P50052,compound,protein,1
2540,CPI,Q08499,compound,protein,1
2540,CPI,Q13332,compound,protein,0
2540,CPI,P00352,compound,protein,0
2540,CPI,Q9NRH2,compound,protein,0
2540,CPI,P78334,compound,protein,0
2541,CPI,P22459,compound,protein,0
2541,CPI,O95136,compound,protein,0
2541,CPI,P04062,compound,protein,0
2541,CPI,Q9NPA1,compound,protein,0
2547325,CPI,Q13177,compound,protein,0
2549,CPI,P08684,compound,protein,1
2551,CPI,P08912,compound,protein,1
2551,CPI,O95136,compound,protein,0
2551,CPI,P10997,compound,protein,0
2551,CPI,P09651,compound,protein,0
2562,CPI,Q9NY46,compound,protein,1
2562,CPI,Q9Y5Y9,compound,protein,1
2562,CPI,O60503,compound,protein,0
2576,CPI,P07550,compound,protein,1
2576,CPI,P08913,compound,protein,1
2576,CPI,P23975,compound,protein,1
2576,CPI,P51151,compound,protein,1
2576,CPI,P08311,compound,protein,0
2576,CPI,P09467,compound,protein,0
2576,CPI,P15692,compound,protein,0
2577,CPI,Q13510,compound,protein,1
2581,CPI,P35354,compound,protein,1
2583,CPI,O43193,compound,protein,1
2583,CPI,P30518,compound,protein,1
2585,CPI,P07550,compound,protein,1
2585,CPI,P25103,compound,protein,1
2585,CPI,P46098,compound,protein,1
2585,CPI,O14980,compound,protein,0
2585,CPI,P17252,compound,protein,0
259329,CPI,Q06124,compound,protein,1
2603,CPI,P16473,compound,protein,1
2603,CPI,Q8N5S9,compound,protein,0
2608,CPI,P32245,compound,protein,0
262093,CPI,Q8IUX4,compound,protein,1
262093,CPI,Q9NUW8,compound,protein,1
262093,CPI,Q9UNA4,compound,protein,1
26248,CPI,Q9UQB9,compound,protein,0
26471808,CPI,Q92570,compound,protein,0
26471808,CPI,Q04864,compound,protein,0
265237,CPI,P01350,compound,protein,0
2662,CPI,P21918,compound,protein,1
2662,CPI,P25103,compound,protein,1
2662,CPI,P00740,compound,protein,0
2662,CPI,P35968,compound,protein,0
26757,CPI,P07550,compound,protein,1
26757,CPI,P43681,compound,protein,1
26757,CPI,Q04844,compound,protein,0
2678,CPI,P08913,compound,protein,1
2678,CPI,O95342,compound,protein,0
26849680,CPI,P29475,compound,protein,0
2685,CPI,P50591,compound,protein,0
26879,CPI,P09923,compound,protein,1
2688,CPI,P14416,compound,protein,0
2690,CPI,P0DMS8,compound,protein,1
2690,CPI,P30542,compound,protein,1
2690,CPI,P48736,compound,protein,1
2690,CPI,P35236,compound,protein,0
2691,CPI,P30542,compound,protein,1
26987,CPI,P25021,compound,protein,1
26987,CPI,P25100,compound,protein,1
26987,CPI,Q01959,compound,protein,1
2708,CPI,P30085,compound,protein,0
2710,CPI,Q8TCG2,compound,protein,0
2712,CPI,P31644,compound,protein,1
2712,CPI,P04637,compound,protein,0
2712,CPI,P11388,compound,protein,0
2713,CPI,O43193,compound,protein,1
2713,CPI,O60240,compound,protein,1
2713,CPI,P04150,compound,protein,1
2713,CPI,P07550,compound,protein,1
2713,CPI,P18825,compound,protein,1
2717,CPI,P23975,compound,protein,1
2717,CPI,P25929,compound,protein,1
2717,CPI,P30542,compound,protein,1
2717,CPI,P37840,compound,protein,0
2717,CPI,P42574,compound,protein,0
2719,CPI,O75469,compound,protein,1
2719,CPI,P21728,compound,protein,1
2719,CPI,P25021,compound,protein,1
2719,CPI,P32238,compound,protein,1
2719,CPI,Q9NR96,compound,protein,1
2719,CPI,O60488,compound,protein,0
2719,CPI,P16591,compound,protein,0
2720,CPI,P08588,compound,protein,1
2722,CPI,P04637,compound,protein,1
2722,CPI,P84022,compound,protein,1
2723,CPI,P11473,compound,protein,1
2724354,CPI,Q9UEW8,compound,protein,0
2724385,CPI,P10828,compound,protein,1
2724385,CPI,P13637,compound,protein,1
2724385,CPI,P29274,compound,protein,1
2724385,CPI,P37288,compound,protein,1
2724385,CPI,P46063,compound,protein,1
2724385,CPI,Q03431,compound,protein,1
2724385,CPI,Q96QE3,compound,protein,1
2724385,CPI,Q12791,compound,protein,0
2724385,CPI,Q16584,compound,protein,0
2724385,CPI,Q8WTQ7,compound,protein,0
2724385,CPI,Q04206,compound,protein,0
2724385,CPI,O15530,compound,protein,0
2724385,CPI,Q86Z02,compound,protein,0
2725,CPI,P08912,compound,protein,1
2725,CPI,P46098,compound,protein,1
2725,CPI,O15305,compound,protein,0
2725,CPI,O14733,compound,protein,0
2726,CPI,P21918,compound,protein,1
2726,CPI,P34969,compound,protein,1
2726,CPI,P35372,compound,protein,1
2726,CPI,P43681,compound,protein,1
2726,CPI,Q9H3N8,compound,protein,1
2726,CPI,Q86Z02,compound,protein,0
2726,CPI,Q7L7X3,compound,protein,0
2726824,CPI,Q9Y6F1,compound,protein,1
2727,CPI,Q00526,compound,protein,0
2727,CPI,Q05586,compound,protein,0
2732,CPI,P33032,compound,protein,0
2732,CPI,P11509,compound,protein,0
2733,CPI,P23975,compound,protein,1
2733,CPI,P29474,compound,protein,1
2733,CPI,P42338,compound,protein,0
2733335,CPI,Q9NUW8,compound,protein,0
2733526,CPI,P05129,compound,protein,1
2733526,CPI,P17252,compound,protein,1
2733526,CPI,P18089,compound,protein,1
2733526,CPI,Q15303,compound,protein,0
2733526,CPI,O14976,compound,protein,0
2733526,CPI,Q14534,compound,protein,0
2733526,CPI,O15528,compound,protein,0
2736690,CPI,O75582,compound,protein,0
27400,CPI,P07550,compound,protein,1
27400,CPI,P14416,compound,protein,1
27400,CPI,O15305,compound,protein,0
2741632,CPI,P16473,compound,protein,0
27447,CPI,P23975,compound,protein,1
27447,CPI,P37288,compound,protein,1
27447,CPI,P08238,compound,protein,0
27447,CPI,P36888,compound,protein,0
27447,CPI,Q16873,compound,protein,0
2750,CPI,O75496,compound,protein,1
2750,CPI,P00533,compound,protein,1
2752,CPI,P08913,compound,protein,1
2752,CPI,P25929,compound,protein,1
2755,CPI,P50591,compound,protein,0
2756,CPI,Q01959,compound,protein,1
2756,CPI,O00748,compound,protein,0
2757788,CPI,P10636,compound,protein,0
2761,CPI,Q9UBC3,compound,protein,0
2762,CPI,P30518,compound,protein,1
2762,CPI,P35354,compound,protein,1
2763,CPI,P02545,compound,protein,1
2764,CPI,P43681,compound,protein,1
2764,CPI,Q9NUW8,compound,protein,1
2764,CPI,P04062,compound,protein,0
2764,CPI,Q8N0U8,compound,protein,0
27648,CPI,Q16236,compound,protein,1
2765,CPI,P18825,compound,protein,1
2765,CPI,P33261,compound,protein,1
2765,CPI,Q13177,compound,protein,0
27661,CPI,P08588,compound,protein,1
27661,CPI,P08913,compound,protein,1
27661,CPI,P28907,compound,protein,0
2769,CPI,P27815,compound,protein,0
2769,CPI,Q9UK32,compound,protein,0
2771,CPI,Q8TDS4,compound,protein,1
2772126,CPI,P12821,compound,protein,1
2775426,CPI,O75496,compound,protein,1
2775426,CPI,P24387,compound,protein,1
27806705,CPI,P06239,compound,protein,0
2782,CPI,P10635,compound,protein,1
2782,CPI,P41595,compound,protein,1
2782,CPI,O14983,compound,protein,0
2783,CPI,Q9NUW8,compound,protein,0
2788,CPI,O94788,compound,protein,0
2790,CPI,Q8N3A8,compound,protein,0
27924,CPI,P05129,compound,protein,1
2796,CPI,P08684,compound,protein,1
2797577,CPI,P51160,compound,protein,0
2799,CPI,Q14432,compound,protein,1
2799,CPI,P30307,compound,protein,0
27991,CPI,P09619,compound,protein,0
2801,CPI,P08908,compound,protein,1
2801,CPI,P16473,compound,protein,1
2801,CPI,Q8TCU5,compound,protein,0
2801,CPI,P10828,compound,protein,0
2802,CPI,P21728,compound,protein,1
2802,CPI,Q92830,compound,protein,0
2802,CPI,P05067,compound,protein,0
2802,CPI,O14727,compound,protein,0
2802190,CPI,Q13131,compound,protein,0
2803,CPI,P35462,compound,protein,1
2803,CPI,Q9UPZ9,compound,protein,0
2803,CPI,P48048,compound,protein,0
2812,CPI,P0DMS8,compound,protein,1
2812,CPI,Q8TDS4,compound,protein,1
2812,CPI,P21709,compound,protein,0
2812,CPI,O15118,compound,protein,0
2812,CPI,Q9NYY3,compound,protein,0
2819095,CPI,P00352,compound,protein,1
2819095,CPI,Q16236,compound,protein,1
2824173,CPI,P54760,compound,protein,0
2833,CPI,P07437,compound,protein,1
28417,CPI,P11712,compound,protein,1
28417,CPI,P23975,compound,protein,1
28417,CPI,P35372,compound,protein,1
28417,CPI,P04798,compound,protein,0
28417,CPI,P23458,compound,protein,0
2842253,CPI,P50225,compound,protein,0
2858523,CPI,P08684,compound,protein,1
2866,CPI,P28221,compound,protein,1
2866,CPI,P21728,compound,protein,0
28693,CPI,P43115,compound,protein,1
28693,CPI,P29376,compound,protein,0
2871,CPI,Q8N3A8,compound,protein,0
2893,CPI,P11229,compound,protein,1
2893,CPI,Q13546,compound,protein,0
2893,CPI,Q96LD8,compound,protein,0
2895,CPI,Q00975,compound,protein,1
2905,CPI,P30518,compound,protein,1
2905,CPI,P00338,compound,protein,0
2907,CPI,O00764,compound,protein,0
2910,CPI,Q9BRX8,compound,protein,0
2913,CPI,P34969,compound,protein,1
2921053,CPI,P18054,compound,protein,1
2930014,CPI,P55263,compound,protein,0
29327,CPI,Q13976,compound,protein,0
2941340,CPI,P38398,compound,protein,1
2941340,CPI,Q8WTQ7,compound,protein,0
2946881,CPI,Q96KQ7,compound,protein,0
2946881,CPI,Q96KB5,compound,protein,0
2948,CPI,P15056,compound,protein,0
2949,CPI,Q8NEV1,compound,protein,0
2949,CPI,P11712,compound,protein,0
2949965,CPI,P10636,compound,protein,1
2949965,CPI,Q9BWU1,compound,protein,0
2950,CPI,Q9UIF8,compound,protein,1
2950007,CPI,Q96D53,compound,protein,0
2953683,CPI,P16473,compound,protein,1
2955,CPI,P16473,compound,protein,1
2955,CPI,P29274,compound,protein,1
2955,CPI,P31645,compound,protein,1
2955,CPI,P15056,compound,protein,0
2966,CPI,Q99816,compound,protein,0
2977478,CPI,O75496,compound,protein,1
2977478,CPI,P01215,compound,protein,1
2980973,CPI,Q13285,compound,protein,1
299,CPI,P16050,compound,protein,1
2990,CPI,P45983,compound,protein,0
29922606,CPI,P10253,compound,protein,1
2993,CPI,P11388,compound,protein,0
2993,CPI,Q8N0U8,compound,protein,0
2993,CPI,P43681,compound,protein,0
2995,CPI,P08912,compound,protein,1
2995,CPI,Q6P5Z2,compound,protein,0
2995,CPI,P52209,compound,protein,0
2998821,CPI,O94925,compound,protein,1
2998821,CPI,Q9UNA4,compound,protein,0
3000022,CPI,P17676,compound,protein,0
3000322,CPI,P04150,compound,protein,1
3000322,CPI,P30542,compound,protein,1
3000322,CPI,P23280,compound,protein,0
3000540,CPI,P0DMS8,compound,protein,1
3000540,CPI,P23975,compound,protein,1
3000540,CPI,Q96NX5,compound,protein,0
3000540,CPI,P28702,compound,protein,0
3001055,CPI,P80370,compound,protein,0
3001055,CPI,P41597,compound,protein,0
3001055,CPI,Q9UGN5,compound,protein,0
3001055,CPI,P30043,compound,protein,0
3005573,CPI,Q9H4B4,compound,protein,0
3006531,CPI,Q9Y2U5,compound,protein,1
3011155,CPI,P18858,compound,protein,1
3011155,CPI,Q9Y2H1,compound,protein,0
3016,CPI,P07550,compound,protein,1
3016,CPI,P18089,compound,protein,1
3016,CPI,Q08499,compound,protein,1
3016,CPI,Q99928,compound,protein,1
3016,CPI,Q14500,compound,protein,0
3017,CPI,P04150,compound,protein,1
3019,CPI,O75496,compound,protein,1
3019,CPI,P25929,compound,protein,1
3019,CPI,P30049,compound,protein,1
3019,CPI,P30542,compound,protein,1
3019,CPI,P32238,compound,protein,1
3019,CPI,Q8NFJ5,compound,protein,0
3019,CPI,Q99928,compound,protein,0
3025,CPI,P10635,compound,protein,1
3025,CPI,Q99705,compound,protein,0
3025,CPI,P51857,compound,protein,0
3025,CPI,P08684,compound,protein,0
3025920,CPI,P16234,compound,protein,0
3025986,CPI,P36507,compound,protein,1
3025986,CPI,P37173,compound,protein,1
3025986,CPI,P51813,compound,protein,1
3025986,CPI,P51955,compound,protein,1
3025986,CPI,P53350,compound,protein,1
3025986,CPI,P80192,compound,protein,1
3025986,CPI,Q00534,compound,protein,1
3025986,CPI,Q13043,compound,protein,1
3025986,CPI,Q13153,compound,protein,1
3025986,CPI,Q7L7X3,compound,protein,1
3025986,CPI,Q8NFD2,compound,protein,1
3025986,CPI,Q8NG66,compound,protein,1
3025986,CPI,Q96BR1,compound,protein,1
3025986,CPI,Q9UEE5,compound,protein,1
3025986,CPI,Q9UIK4,compound,protein,1
3025986,CPI,Q9UKI8,compound,protein,1
3025986,CPI,Q9UPE1,compound,protein,1
3025986,CPI,Q9Y6E0,compound,protein,1
3025986,CPI,Q9HCN6,compound,protein,0
3025986,CPI,Q08493,compound,protein,0
3025986,CPI,Q05513,compound,protein,0
3025986,CPI,Q92753,compound,protein,0
3025986,CPI,P08235,compound,protein,0
3025986,CPI,P35346,compound,protein,0
3025986,CPI,P05165,compound,protein,0
3025986,CPI,Q16236,compound,protein,0
3025986,CPI,Q9UGN5,compound,protein,0
3025986,CPI,P09884,compound,protein,0
3025986,CPI,Q9NS40,compound,protein,0
3025986,CPI,P49327,compound,protein,0
3025986,CPI,P35610,compound,protein,0
3025986,CPI,Q969S8,compound,protein,0
3025986,CPI,P23415,compound,protein,0
30322,CPI,Q8NEV4,compound,protein,0
30323,CPI,Q9BY41,compound,protein,1
3033,CPI,P08912,compound,protein,1
3033,CPI,P10145,compound,protein,1
3033,CPI,P14416,compound,protein,1
3033,CPI,P25024,compound,protein,1
3033,CPI,Q9Y5N1,compound,protein,1
3033,CPI,Q8N4C8,compound,protein,0
3033637,CPI,O14727,compound,protein,0
3034034,CPI,P14770,compound,protein,1
3034034,CPI,P02768,compound,protein,0
3035842,CPI,Q9Y5N1,compound,protein,1
3035842,CPI,P00367,compound,protein,0
3037918,CPI,Q7KZI7,compound,protein,0
3038,CPI,P07550,compound,protein,1
3038,CPI,P11229,compound,protein,1
3038,CPI,P22748,compound,protein,1
3038,CPI,Q96S37,compound,protein,0
3038495,CPI,P08684,compound,protein,1
3038522,CPI,O14920,compound,protein,1
3038522,CPI,O43172,compound,protein,1
3038522,CPI,O75676,compound,protein,1
3038522,CPI,P06239,compound,protein,1
3038522,CPI,P07332,compound,protein,1
3038522,CPI,P07948,compound,protein,1
3038522,CPI,P08922,compound,protein,1
3038522,CPI,P11362,compound,protein,1
3038522,CPI,P29597,compound,protein,1
3038522,CPI,P51451,compound,protein,1
3038522,CPI,Q00536,compound,protein,1
3038522,CPI,Q13233,compound,protein,1
3038522,CPI,Q13470,compound,protein,1
3038522,CPI,Q5VT25,compound,protein,1
3038522,CPI,Q7L7X3,compound,protein,1
3038522,CPI,P42261,compound,protein,0
3038522,CPI,P51878,compound,protein,0
3038522,CPI,Q9NPH5,compound,protein,0
3038522,CPI,Q16665,compound,protein,0
3038522,CPI,P01137,compound,protein,0
3038522,CPI,P11474,compound,protein,0
3038522,CPI,Q16654,compound,protein,0
3038522,CPI,P30307,compound,protein,0
3038522,CPI,P09467,compound,protein,0
3038522,CPI,P02768,compound,protein,0
3038522,CPI,Q86W47,compound,protein,0
3038522,CPI,Q16348,compound,protein,0
3038522,CPI,P41595,compound,protein,0
3038522,CPI,P50052,compound,protein,0
3038522,CPI,Q9NR20,compound,protein,0
3038522,CPI,O95069,compound,protein,0
3038525,CPI,O15197,compound,protein,1
3038525,CPI,O95747,compound,protein,1
3038525,CPI,O95819,compound,protein,1
3038525,CPI,O96017,compound,protein,1
3038525,CPI,P41743,compound,protein,1
3038525,CPI,P42345,compound,protein,1
3038525,CPI,P48729,compound,protein,1
3038525,CPI,P49841,compound,protein,1
3038525,CPI,P53671,compound,protein,1
3038525,CPI,P78362,compound,protein,1
3038525,CPI,Q02156,compound,protein,1
3038525,CPI,Q16659,compound,protein,1
3038525,CPI,Q8IVH8,compound,protein,1
3038525,CPI,Q9HAZ1,compound,protein,1
3038525,CPI,Q9NYY3,compound,protein,1
3038525,CPI,Q9UKE5,compound,protein,1
3038525,CPI,Q9UL54,compound,protein,1
3038525,CPI,P21397,compound,protein,0
3038525,CPI,O00206,compound,protein,0
3038525,CPI,P10636,compound,protein,0
3038525,CPI,P29460,compound,protein,0
3038525,CPI,P25024,compound,protein,0
3038525,CPI,Q9NZV8,compound,protein,0
3038525,CPI,P06401,compound,protein,0
3038525,CPI,Q96RQ3,compound,protein,0
3038525,CPI,P20815,compound,protein,0
3039,CPI,P52789,compound,protein,0
3042,CPI,O75469,compound,protein,1
3042,CPI,P11229,compound,protein,1
3042,CPI,P50406,compound,protein,1
305,CPI,O15244,compound,protein,0
3053,CPI,P08913,compound,protein,1
3053,CPI,P31645,compound,protein,1
3053,CPI,P39748,compound,protein,1
3053,CPI,Q96KQ7,compound,protein,1
3053,CPI,Q96RR4,compound,protein,0
3055,CPI,P10635,compound,protein,1
3055,CPI,Q8TCG2,compound,protein,0
3059,CPI,P08913,compound,protein,1
3059,CPI,Q9NPA1,compound,protein,0
3062316,CPI,P45985,compound,protein,1
3062316,CPI,P49336,compound,protein,1
3062316,CPI,P53779,compound,protein,1
3062316,CPI,P54764,compound,protein,1
3062316,CPI,Q13188,compound,protein,1
3062316,CPI,Q8WU08,compound,protein,1
3062316,CPI,Q8WXR4,compound,protein,1
3062316,CPI,Q96L34,compound,protein,1
3062316,CPI,Q9NQU5,compound,protein,1
3062316,CPI,Q96RI1,compound,protein,0
3062316,CPI,P09211,compound,protein,0
3062316,CPI,P34947,compound,protein,0
3062316,CPI,Q6IQ20,compound,protein,0
3062316,CPI,O75030,compound,protein,0
3062316,CPI,Q14191,compound,protein,0
3064778,CPI,Q16513,compound,protein,1
3064778,CPI,O75604,compound,protein,0
3064778,CPI,Q15465,compound,protein,0
30668,CPI,P08913,compound,protein,1
30668,CPI,P28221,compound,protein,1
3071,CPI,O60939,compound,protein,0
3074,CPI,O95264,compound,protein,0
30751,CPI,O96028,compound,protein,0
3076,CPI,O00444,compound,protein,0
3078519,CPI,O14757,compound,protein,1
3078519,CPI,P36888,compound,protein,1
3078519,CPI,Q96GD4,compound,protein,1
3078519,CPI,Q9H2K8,compound,protein,1
3078519,CPI,O43175,compound,protein,0
3078519,CPI,P15559,compound,protein,0
3081361,CPI,O00329,compound,protein,1
3081361,CPI,O15075,compound,protein,1
3081361,CPI,O43318,compound,protein,1
3081361,CPI,O75460,compound,protein,1
3081361,CPI,P00519,compound,protein,1
3081361,CPI,P07332,compound,protein,1
3081361,CPI,P19525,compound,protein,1
3081361,CPI,P21709,compound,protein,1
3081361,CPI,P31645,compound,protein,1
3081361,CPI,P32298,compound,protein,1
3081361,CPI,P42345,compound,protein,1
3081361,CPI,P42679,compound,protein,1
3081361,CPI,P43405,compound,protein,1
3081361,CPI,P51817,compound,protein,1
3081361,CPI,P53355,compound,protein,1
3081361,CPI,P54756,compound,protein,1
3081361,CPI,Q13233,compound,protein,1
3081361,CPI,Q13523,compound,protein,1
3081361,CPI,Q16513,compound,protein,1
3081361,CPI,Q5VT25,compound,protein,1
3081361,CPI,Q8IVH8,compound,protein,1
3081361,CPI,Q8TDC3,compound,protein,1
3081361,CPI,Q8WXR4,compound,protein,1
3081361,CPI,Q96KQ7,compound,protein,1
3081361,CPI,Q96NX5,compound,protein,1
3081361,CPI,Q99683,compound,protein,1
3081361,CPI,Q9HC98,compound,protein,1
3081361,CPI,Q9Y5N1,compound,protein,1
3081361,CPI,A5X5Y0,compound,protein,0
3081361,CPI,P63165,compound,protein,0
3081361,CPI,Q96KB5,compound,protein,0
3081361,CPI,Q16549,compound,protein,0
3081361,CPI,P28222,compound,protein,0
3081361,CPI,Q16348,compound,protein,0
3081361,CPI,O60755,compound,protein,0
3081361,CPI,P51151,compound,protein,0
3081361,CPI,Q2TB90,compound,protein,0
3081361,CPI,Q13324,compound,protein,0
3081361,CPI,P00441,compound,protein,0
3081361,CPI,O60939,compound,protein,0
3083928,CPI,P43166,compound,protein,1
3085219,CPI,P18089,compound,protein,1
3100,CPI,P10635,compound,protein,1
3100,CPI,P21452,compound,protein,1
3100,CPI,P37288,compound,protein,1
3100,CPI,Q01959,compound,protein,1
3101,CPI,P35228,compound,protein,1
3101,CPI,Q9UBS5,compound,protein,0
3103,CPI,O75030,compound,protein,0
31055126,CPI,Q06710,compound,protein,1
31055126,CPI,Q16280,compound,protein,0
310557,CPI,P10636,compound,protein,0
3106,CPI,P19838,compound,protein,1
31072,CPI,P08913,compound,protein,1
31072,CPI,P29274,compound,protein,1
31072,CPI,P30542,compound,protein,1
3108,CPI,Q92830,compound,protein,1
3108,CPI,P10632,compound,protein,0
3108,CPI,P24752,compound,protein,0
31101,CPI,P08908,compound,protein,1
31101,CPI,P25100,compound,protein,1
3111211,CPI,P56696,compound,protein,1
3114,CPI,P19652,compound,protein,1
3114,CPI,Q01668,compound,protein,0
3114,CPI,P42261,compound,protein,0
3114,CPI,O00311,compound,protein,0
3116236,CPI,P10636,compound,protein,1
3117,CPI,O60240,compound,protein,1
3117,CPI,Q99685,compound,protein,1
3117,CPI,Q9ULX7,compound,protein,0
3121,CPI,Q96QE3,compound,protein,1
3121,CPI,Q9NZQ7,compound,protein,1
3121,CPI,Q9BY41,compound,protein,0
3121,CPI,P27037,compound,protein,0
3121,CPI,Q8TCC7,compound,protein,0
312145,CPI,Q9NYY3,compound,protein,1
312145,CPI,Q9UBF8,compound,protein,1
31275,CPI,Q13285,compound,protein,0
3135,CPI,P05067,compound,protein,1
3135,CPI,P11021,compound,protein,1
3135,CPI,Q6W5P4,compound,protein,1
3135,CPI,O43451,compound,protein,0
3136666,CPI,P31645,compound,protein,0
3146158,CPI,Q9UNA4,compound,protein,1
3151,CPI,P35372,compound,protein,1
3151,CPI,Q00975,compound,protein,0
3151,CPI,P51449,compound,protein,0
3152,CPI,P56524,compound,protein,0
31549,CPI,O75469,compound,protein,0
31553,CPI,Q9NUW8,compound,protein,1
31553,CPI,P54646,compound,protein,0
3156,CPI,O95622,compound,protein,0
3159995,CPI,Q13470,compound,protein,0
3162043,CPI,P27695,compound,protein,1
3162043,CPI,Q96D53,compound,protein,0
3164059,CPI,Q9Y4P1,compound,protein,1
3164059,CPI,P39900,compound,protein,0
3168,CPI,P43220,compound,protein,1
3168,CPI,Q16665,compound,protein,1
3168,CPI,P07900,compound,protein,0
3168,CPI,P32249,compound,protein,0
31703,CPI,P06401,compound,protein,1
31703,CPI,P33261,compound,protein,0
31729,CPI,Q96QE3,compound,protein,1
3180,CPI,O43193,compound,protein,1
3180,CPI,P22607,compound,protein,0
3182,CPI,P30542,compound,protein,1
3182,CPI,P35354,compound,protein,0
3194,CPI,P00352,compound,protein,1
3194,CPI,Q96KQ7,compound,protein,1
3194,CPI,Q9UBN7,compound,protein,1
3194,CPI,Q13470,compound,protein,0
3198,CPI,O75469,compound,protein,1
3198,CPI,P18089,compound,protein,1
3198,CPI,P21728,compound,protein,1
3198,CPI,Q8WTQ7,compound,protein,0
3198,CPI,Q13177,compound,protein,0
3198,CPI,O15075,compound,protein,0
3213,CPI,P08069,compound,protein,0
32170,CPI,P00533,compound,protein,0
3220,CPI,P08684,compound,protein,1
3220,CPI,P28074,compound,protein,1
3220,CPI,P78334,compound,protein,0
3220,CPI,P34998,compound,protein,0
3223669,CPI,O95835,compound,protein,0
3226,CPI,P09917,compound,protein,0
3229,CPI,Q15633,compound,protein,1
3229,CPI,Q9UEW8,compound,protein,0
323,CPI,P04150,compound,protein,1
323,CPI,P10828,compound,protein,1
3232621,CPI,P11712,compound,protein,1
3234028,CPI,Q6XQN6,compound,protein,0
3236979,CPI,Q02750,compound,protein,0
3236979,CPI,P54756,compound,protein,0
3237327,CPI,P35398,compound,protein,1
3237327,CPI,Q16637,compound,protein,1
3237327,CPI,Q99700,compound,protein,1
3237904,CPI,Q16236,compound,protein,1
3237904,CPI,Q14973,compound,protein,0
3238389,CPI,P35398,compound,protein,1
3238389,CPI,O15245,compound,protein,0
3238417,CPI,Q9P1W9,compound,protein,0
3238944,CPI,P08253,compound,protein,1
3238944,CPI,Q9UNA4,compound,protein,1
3238944,CPI,P21728,compound,protein,0
3240990,CPI,P35354,compound,protein,0
3242434,CPI,Q16513,compound,protein,0
3242997,CPI,P41594,compound,protein,0
3242997,CPI,P11678,compound,protein,0
3243873,CPI,P37840,compound,protein,1
3243873,CPI,O75496,compound,protein,0
3248000,CPI,P33261,compound,protein,1
3250,CPI,P28562,compound,protein,0
3266419,CPI,Q9Y6K1,compound,protein,1
3278,CPI,P29274,compound,protein,1
3278,CPI,Q9UNA4,compound,protein,1
3278,CPI,Q9Y2I1,compound,protein,0
3280,CPI,P11712,compound,protein,1
3280,CPI,P28482,compound,protein,1
3280,CPI,O14965,compound,protein,0
3287,CPI,P37288,compound,protein,1
3287,CPI,P51449,compound,protein,1
3287,CPI,Q03431,compound,protein,0
3287,CPI,Q14004,compound,protein,0
3287,CPI,O00303,compound,protein,0
3291,CPI,P21397,compound,protein,1
3291,CPI,P15538,compound,protein,0
3291,CPI,Q8NEV1,compound,protein,0
3291,CPI,Q9UL62,compound,protein,0
3292,CPI,Q14524,compound,protein,1
3292447,CPI,P27695,compound,protein,1
3292447,CPI,Q9UBT6,compound,protein,1
3293,CPI,P10635,compound,protein,1
3301126,CPI,P08173,compound,protein,0
33032,CPI,P39086,compound,protein,1
33032,CPI,Q05932,compound,protein,1
33032,CPI,Q16099,compound,protein,1
33032,CPI,Q9ULA0,compound,protein,1
33032,CPI,P51172,compound,protein,0
33032,CPI,Q9UKE5,compound,protein,0
33032,CPI,O43293,compound,protein,0
3308,CPI,P08913,compound,protein,1
3308,CPI,P54750,compound,protein,0
3308,CPI,P62942,compound,protein,0
3324,CPI,O43193,compound,protein,1
3325,CPI,P25021,compound,protein,1
3325,CPI,P25103,compound,protein,1
3325,CPI,Q96KQ7,compound,protein,1
3325,CPI,Q9H3N8,compound,protein,1
3325,CPI,P35228,compound,protein,0
3325,CPI,Q13188,compound,protein,0
3325,CPI,Q13177,compound,protein,0
3330,CPI,Q96KQ7,compound,protein,1
3331,CPI,P29274,compound,protein,1
3331,CPI,P32238,compound,protein,1
3333,CPI,P14416,compound,protein,1
3333,CPI,P21728,compound,protein,1
3333,CPI,Q13936,compound,protein,1
3334,CPI,O75469,compound,protein,1
3336,CPI,P04150,compound,protein,0
3339,CPI,P23975,compound,protein,1
3339,CPI,Q9Y5N1,compound,protein,1
3341,CPI,P08913,compound,protein,1
3341,CPI,P18089,compound,protein,1
3342298,CPI,Q96SB4,compound,protein,0
3343,CPI,P35372,compound,protein,1
3343,CPI,P41595,compound,protein,1
3343,CPI,Q01959,compound,protein,1
3343,CPI,P16473,compound,protein,0
3348,CPI,Q16236,compound,protein,0
33613,CPI,P34969,compound,protein,1
33613,CPI,Q9NYA1,compound,protein,0
33630,CPI,Q86VL8,compound,protein,0
3365,CPI,Q9Y5N1,compound,protein,1
3365,CPI,Q14654,compound,protein,0
3366,CPI,P06401,compound,protein,1
3366,CPI,P07550,compound,protein,1
3366,CPI,P49286,compound,protein,0
3366,CPI,Q96FL8,compound,protein,0
3371,CPI,P07550,compound,protein,1
3371,CPI,P18825,compound,protein,1
3371,CPI,P27695,compound,protein,1
3371,CPI,P10696,compound,protein,0
3371,CPI,P61073,compound,protein,0
3371,CPI,P29475,compound,protein,0
3372,CPI,P28222,compound,protein,1
3372,CPI,P43681,compound,protein,1
3372,CPI,Q13153,compound,protein,0
3372,CPI,O15118,compound,protein,0
3373,CPI,P54132,compound,protein,1
3373,CPI,Q16637,compound,protein,1
3373,CPI,P25089,compound,protein,0
3373,CPI,O75460,compound,protein,0
33741,CPI,Q9NUW8,compound,protein,1
3385203,CPI,P04626,compound,protein,1
3385203,CPI,P48169,compound,protein,0
3386,CPI,P23975,compound,protein,1
3386,CPI,P25021,compound,protein,1
3386,CPI,Q9NR56,compound,protein,0
3386,CPI,P39748,compound,protein,0
3386873,CPI,P27695,compound,protein,1
3392731,CPI,Q96GD4,compound,protein,0
3394,CPI,P21731,compound,protein,1
3394,CPI,P25929,compound,protein,1
3394,CPI,P41595,compound,protein,1
3394,CPI,Q9HAZ1,compound,protein,0
3394,CPI,P04406,compound,protein,0
3396,CPI,P18089,compound,protein,1
3396,CPI,P21728,compound,protein,1
3396,CPI,Q06432,compound,protein,1
3396,CPI,P62508,compound,protein,0
3397,CPI,O75469,compound,protein,1
3397,CPI,P02545,compound,protein,1
3397945,CPI,P08913,compound,protein,0
34040,CPI,P68106,compound,protein,0
3406,CPI,P08588,compound,protein,1
3406,CPI,P21731,compound,protein,1
3406,CPI,Q99700,compound,protein,0
3409332,CPI,P30542,compound,protein,0
3410883,CPI,Q9UIK4,compound,protein,0
3413,CPI,Q05397,compound,protein,0
3423,CPI,Q13936,compound,protein,1
3423,CPI,P48730,compound,protein,0
34312,CPI,Q99250,compound,protein,1
34359,CPI,P00352,compound,protein,1
3437,CPI,Q96D53,compound,protein,0
3440,CPI,P52209,compound,protein,0
3440,CPI,P15056,compound,protein,0
3440,CPI,P25963,compound,protein,0
3442,CPI,Q13133,compound,protein,0
3446,CPI,P07550,compound,protein,1
3446,CPI,Q96KQ7,compound,protein,1
3447,CPI,Q99519,compound,protein,0
3449,CPI,P11511,compound,protein,0
3450,CPI,P41597,compound,protein,0
3455,CPI,Q96QE3,compound,protein,1
3456,CPI,P21728,compound,protein,1
3456,CPI,Q9NRM7,compound,protein,0
3456,CPI,P20711,compound,protein,0
3456,CPI,P54132,compound,protein,0
3463,CPI,P08913,compound,protein,1
3463,CPI,P25103,compound,protein,1
3463,CPI,Q8TDS4,compound,protein,1
3463,CPI,Q9Y6L6,compound,protein,1
3467177,CPI,P08684,compound,protein,1
3467177,CPI,P05121,compound,protein,0
3467590,CPI,Q96RQ3,compound,protein,0
3474,CPI,P08684,compound,protein,1
3474,CPI,P11229,compound,protein,1
3475,CPI,Q96Q40,compound,protein,0
3476986,CPI,P10636,compound,protein,1
3478,CPI,P16473,compound,protein,1
3478,CPI,P25103,compound,protein,1
3478,CPI,Q14654,compound,protein,1
3478,CPI,Q13131,compound,protein,0
3478439,CPI,P51817,compound,protein,0
3488,CPI,P25021,compound,protein,1
3503,CPI,Q96QE3,compound,protein,1
3503,CPI,Q9Y6L6,compound,protein,1
3503,CPI,Q15842,compound,protein,0
350929,CPI,P08908,compound,protein,0
3510,CPI,P23975,compound,protein,1
3510,CPI,P41143,compound,protein,1
3510,CPI,Q99705,compound,protein,0
3510,CPI,Q14123,compound,protein,0
3516,CPI,P08913,compound,protein,1
3516,CPI,P25021,compound,protein,1
3516,CPI,P84022,compound,protein,0
3516,CPI,P42574,compound,protein,0
3517,CPI,P06401,compound,protein,1
3519,CPI,P36896,compound,protein,0
35370,CPI,P31645,compound,protein,1
35370,CPI,P36888,compound,protein,1
35370,CPI,Q9UBS5,compound,protein,1
35370,CPI,O43614,compound,protein,0
35370,CPI,Q8N752,compound,protein,0
3538,CPI,O60488,compound,protein,0
3542,CPI,P33261,compound,protein,0
3544,CPI,P15692,compound,protein,0
354624,CPI,P31350,compound,protein,1
3547,CPI,O43193,compound,protein,1
3547,CPI,P12931,compound,protein,1
3547,CPI,P25021,compound,protein,1
3547,CPI,Q06418,compound,protein,1
3547,CPI,Q9P1W9,compound,protein,1
3547,CPI,O14521,compound,protein,0
3547,CPI,O15528,compound,protein,0
3547,CPI,Q9UIK4,compound,protein,0
3547,CPI,P50052,compound,protein,0
3547,CPI,P19652,compound,protein,0
3547,CPI,Q9NTG7,compound,protein,0
3549,CPI,Q06187,compound,protein,0
3549,CPI,P23975,compound,protein,0
3559,CPI,P11229,compound,protein,1
3559,CPI,P25100,compound,protein,1
3559,CPI,P50406,compound,protein,1
3559,CPI,Q99705,compound,protein,1
3559,CPI,P25089,compound,protein,0
3559,CPI,Q15822,compound,protein,0
3561,CPI,P49146,compound,protein,0
3561,CPI,P29375,compound,protein,0
3563638,CPI,P25103,compound,protein,1
3568,CPI,P52333,compound,protein,0
3598,CPI,Q06710,compound,protein,1
3598,CPI,P01031,compound,protein,0
3598,CPI,P25021,compound,protein,0
3598,CPI,P61088,compound,protein,0
3604,CPI,Q8TF76,compound,protein,0
3607,CPI,P11229,compound,protein,1
3610,CPI,P09917,compound,protein,1
3610,CPI,Q13285,compound,protein,0
3611,CPI,P08684,compound,protein,1
3627,CPI,P51843,compound,protein,0
36314,CPI,O43193,compound,protein,1
36314,CPI,P04150,compound,protein,1
36314,CPI,P10415,compound,protein,1
36314,CPI,Q99700,compound,protein,1
36314,CPI,Q9Y5N1,compound,protein,1
36314,CPI,Q9Y6L6,compound,protein,1
36314,CPI,Q13131,compound,protein,0
36314,CPI,Q00526,compound,protein,0
36339,CPI,Q16513,compound,protein,0
3634,CPI,Q6DT37,compound,protein,0
3639,CPI,P14416,compound,protein,1
3639,CPI,P21918,compound,protein,1
3639,CPI,Q01959,compound,protein,1
3639,CPI,P02768,compound,protein,0
3639,CPI,P29475,compound,protein,0
3639,CPI,P49841,compound,protein,0
3641059,CPI,P21397,compound,protein,0
3641059,CPI,P00915,compound,protein,0
3645619,CPI,Q96QE3,compound,protein,1
36462,CPI,Q14957,compound,protein,0
3647,CPI,P32245,compound,protein,1
3647,CPI,P35354,compound,protein,1
3647,CPI,P07451,compound,protein,0
3647,CPI,P21709,compound,protein,0
3647906,CPI,Q14432,compound,protein,0
3648364,CPI,P05023,compound,protein,0
3651377,CPI,P10827,compound,protein,0
3652,CPI,P04150,compound,protein,1
3652,CPI,P08913,compound,protein,1
3652,CPI,P32245,compound,protein,1
3652,CPI,Q08828,compound,protein,0
3652,CPI,P54132,compound,protein,0
3655,CPI,Q9P1W9,compound,protein,0
3658,CPI,Q8TDS4,compound,protein,1
3658,CPI,Q8NER1,compound,protein,0
3658,CPI,O75030,compound,protein,0
3658,CPI,Q8N4C8,compound,protein,0
3658,CPI,P36896,compound,protein,0
3661,CPI,Q15788,compound,protein,0
3671,CPI,Q08499,compound,protein,1
3672,CPI,O14727,compound,protein,0
3672,CPI,P21918,compound,protein,0
3675,CPI,P48169,compound,protein,0
3676,CPI,Q96FL8,compound,protein,0
3676,CPI,Q99250,compound,protein,0
3678,CPI,P21728,compound,protein,1
3678,CPI,P23975,compound,protein,1
3678,CPI,Q00G26,compound,protein,1
3678,CPI,P02545,compound,protein,0
36811,CPI,P78527,compound,protein,0
36811,CPI,Q99712,compound,protein,0
36811,CPI,Q16236,compound,protein,0
3682,CPI,P50579,compound,protein,0
3683,CPI,P49336,compound,protein,0
3686,CPI,O60331,compound,protein,0
3686,CPI,Q9NYL2,compound,protein,0
3689,CPI,P41743,compound,protein,0
3689,CPI,Q9UN88,compound,protein,0
3689413,CPI,Q9NUW8,compound,protein,1
3689413,CPI,O15245,compound,protein,0
3689415,CPI,Q9NUW8,compound,protein,1
3689416,CPI,Q16236,compound,protein,1
3696,CPI,P25100,compound,protein,1
3696,CPI,P25103,compound,protein,1
3696,CPI,Q9Y5N1,compound,protein,1
3696,CPI,O14936,compound,protein,0
3696,CPI,Q02779,compound,protein,0
3696,CPI,Q96NX5,compound,protein,0
3698,CPI,P42338,compound,protein,0
370,CPI,P00352,compound,protein,1
370,CPI,P02545,compound,protein,1
370,CPI,O43318,compound,protein,0
370,CPI,Q13153,compound,protein,0
370,CPI,O60674,compound,protein,0
370,CPI,P07550,compound,protein,0
3702,CPI,Q08499,compound,protein,1
3707,CPI,Q9Y4K0,compound,protein,0
3715,CPI,O15439,compound,protein,1
3715,CPI,P11473,compound,protein,1
3715,CPI,P19525,compound,protein,1
3715,CPI,Q16665,compound,protein,1
3715,CPI,P17252,compound,protein,0
37175,CPI,A5X5Y0,compound,protein,0
3718,CPI,P0C264,compound,protein,0
3719993,CPI,O43193,compound,protein,0
3721046,CPI,P42261,compound,protein,1
3728,CPI,O15244,compound,protein,0
3739,CPI,P55055,compound,protein,0
3739,CPI,O94806,compound,protein,0
3746,CPI,P08912,compound,protein,1
37461,CPI,P18031,compound,protein,0
37461,CPI,P48729,compound,protein,0
37463,CPI,P25021,compound,protein,1
3747,CPI,Q9BVC4,compound,protein,0
3748,CPI,Q9H773,compound,protein,0
3749,CPI,P21728,compound,protein,1
37542,CPI,P12268,compound,protein,1
37542,CPI,P22694,compound,protein,0
37542,CPI,P84022,compound,protein,0
3758,CPI,P35610,compound,protein,0
3765615,CPI,Q9NP56,compound,protein,0
3767,CPI,P05181,compound,protein,1
3767,CPI,P10632,compound,protein,0
37768,CPI,O43193,compound,protein,1
37768,CPI,P02545,compound,protein,1
3779,CPI,P21728,compound,protein,1
3779,CPI,P59540,compound,protein,1
3779,CPI,Q9NYW4,compound,protein,1
3779,CPI,P35346,compound,protein,0
3783,CPI,P35462,compound,protein,1
3783,CPI,P53355,compound,protein,0
3784,CPI,Q08499,compound,protein,1
378811,CPI,Q9NUW8,compound,protein,1
379077,CPI,P04637,compound,protein,1
379077,CPI,Q9NQR1,compound,protein,1
3793,CPI,Q9UBS5,compound,protein,1
3796,CPI,O00591,compound,protein,0
3797,CPI,P00352,compound,protein,1
3797,CPI,P19838,compound,protein,1
3797,CPI,Q9UK32,compound,protein,0
3799,CPI,P00533,compound,protein,1
3799,CPI,P56373,compound,protein,0
3820,CPI,O00311,compound,protein,1
3820,CPI,P02545,compound,protein,1
3820,CPI,P04629,compound,protein,1
3820,CPI,P06241,compound,protein,1
3820,CPI,P14618,compound,protein,1
3820,CPI,P49841,compound,protein,1
3822,CPI,P00352,compound,protein,1
3822,CPI,P50406,compound,protein,1
3823,CPI,P10826,compound,protein,1
3823,CPI,Q16665,compound,protein,1
3823,CPI,Q9NRP7,compound,protein,0
3823,CPI,P80192,compound,protein,0
3823,CPI,P10827,compound,protein,0
3823,CPI,P49286,compound,protein,0
3823393,CPI,P30304,compound,protein,1
3823393,CPI,Q9H4B7,compound,protein,0
3823393,CPI,Q15858,compound,protein,0
3823887,CPI,Q8IVH8,compound,protein,0
3825,CPI,P25024,compound,protein,1
3825,CPI,Q96GD4,compound,protein,0
3825829,CPI,Q92772,compound,protein,0
3826,CPI,P34998,compound,protein,0
3827,CPI,O95382,compound,protein,0
3827,CPI,O43318,compound,protein,0
3845,CPI,P14867,compound,protein,0
3845,CPI,P47869,compound,protein,0
3853,CPI,P21917,compound,protein,1
3853,CPI,O95069,compound,protein,0
386331,CPI,O75496,compound,protein,0
387447,CPI,P28062,compound,protein,1
387447,CPI,Q99527,compound,protein,0
3878,CPI,P04626,compound,protein,0
3878,CPI,P24385,compound,protein,0
3883,CPI,P21731,compound,protein,1
3883,CPI,P54760,compound,protein,0
38853,CPI,P10636,compound,protein,1
38853,CPI,P30518,compound,protein,1
38888103,CPI,Q02750,compound,protein,0
38945,CPI,P14416,compound,protein,1
38945,CPI,P37288,compound,protein,1
38945,CPI,Q9UBS5,compound,protein,1
38945,CPI,P54132,compound,protein,0
38945,CPI,Q9NY46,compound,protein,0
3894573,CPI,P35368,compound,protein,1
3894573,CPI,P78334,compound,protein,0
3896,CPI,P12931,compound,protein,1
3899,CPI,O15118,compound,protein,1
3899,CPI,P35869,compound,protein,1
3899,CPI,Q01959,compound,protein,1
3899,CPI,Q9UBS5,compound,protein,1
3899,CPI,Q05940,compound,protein,0
3899541,CPI,P30613,compound,protein,0
3902,CPI,P16473,compound,protein,1
39042,CPI,P25021,compound,protein,1
39042,CPI,P25929,compound,protein,1
39042,CPI,Q04759,compound,protein,0
3913,CPI,P80370,compound,protein,0
3913264,CPI,P02545,compound,protein,1
3915969,CPI,Q86TW2,compound,protein,0
39186,CPI,P62508,compound,protein,0
3926,CPI,P08913,compound,protein,1
3926,CPI,Q01959,compound,protein,1
3926,CPI,P53779,compound,protein,0
392622,CPI,P10635,compound,protein,1
392622,CPI,P41595,compound,protein,1
392622,CPI,P54756,compound,protein,0
3926765,CPI,P02763,compound,protein,1
3932,CPI,Q6XUX3,compound,protein,0
3932,CPI,O60674,compound,protein,0
393595,CPI,P15428,compound,protein,1
393595,CPI,P07451,compound,protein,0
394449,CPI,O75496,compound,protein,1
3950,CPI,P08588,compound,protein,0
3950926,CPI,P53779,compound,protein,0
3951,CPI,P17861,compound,protein,1
395754,CPI,Q86W47,compound,protein,0
3958,CPI,P18825,compound,protein,1
3958,CPI,P43681,compound,protein,1
3961,CPI,P47898,compound,protein,1
3961,CPI,Q9H8P0,compound,protein,0
3964,CPI,P08588,compound,protein,1
3964,CPI,P08908,compound,protein,1
3964,CPI,P16499,compound,protein,1
3964,CPI,P42226,compound,protein,0
3973,CPI,P48736,compound,protein,1
3973,CPI,Q9H4B4,compound,protein,1
3976006,CPI,P25021,compound,protein,0
398148,CPI,P16499,compound,protein,0
398148,CPI,P30542,compound,protein,0
39836,CPI,P39748,compound,protein,1
3989078,CPI,P51812,compound,protein,0
39912,CPI,P07359,compound,protein,1
3994476,CPI,O75173,compound,protein,0
4003359,CPI,P51813,compound,protein,0
4011,CPI,O75469,compound,protein,1
4011,CPI,Q00975,compound,protein,1
4011,CPI,P42680,compound,protein,0
4011,CPI,P22455,compound,protein,0
4018928,CPI,P35462,compound,protein,1
4018928,CPI,P11229,compound,protein,0
4020,CPI,P0DMS8,compound,protein,1
4020,CPI,P16499,compound,protein,1
4020,CPI,P25021,compound,protein,1
4020,CPI,P49840,compound,protein,0
4021,CPI,P22694,compound,protein,0
4030,CPI,O43193,compound,protein,1
4030,CPI,P00519,compound,protein,1
4030,CPI,P49146,compound,protein,0
4030,CPI,O43497,compound,protein,0
4030,CPI,P09211,compound,protein,0
4030,CPI,Q9H9B1,compound,protein,0
4031,CPI,P51955,compound,protein,0
4031,CPI,O75716,compound,protein,0
4034,CPI,P11229,compound,protein,1
4034,CPI,P14416,compound,protein,1
4034,CPI,P25103,compound,protein,1
4034,CPI,P43681,compound,protein,1
4034,CPI,Q8TDU6,compound,protein,0
4034,CPI,P06493,compound,protein,0
4037,CPI,O43526,compound,protein,1
4037,CPI,P31391,compound,protein,0
4044,CPI,P08913,compound,protein,1
4044,CPI,P11473,compound,protein,1
4044,CPI,P16233,compound,protein,0
4046,CPI,P21728,compound,protein,1
4046,CPI,Q99700,compound,protein,1
4046,CPI,Q92772,compound,protein,0
40469415,CPI,P54760,compound,protein,0
40469854,CPI,Q96PF2,compound,protein,0
40486,CPI,P04062,compound,protein,1
40488233,CPI,P09917,compound,protein,0
40488277,CPI,P04629,compound,protein,0
40539,CPI,Q96KQ7,compound,protein,1
40539,CPI,P35462,compound,protein,0
4054,CPI,P08908,compound,protein,1
4054,CPI,P00519,compound,protein,0
4055,CPI,P00740,compound,protein,1
4055,CPI,P04637,compound,protein,1
4055,CPI,P16083,compound,protein,1
4055,CPI,P38435,compound,protein,1
4055,CPI,Q9HC98,compound,protein,0
4055,CPI,P09172,compound,protein,0
4055,CPI,Q9NYL2,compound,protein,0
4062,CPI,Q9Y5S2,compound,protein,0
40632,CPI,Q8TF76,compound,protein,0
40632,CPI,Q15717,compound,protein,0
4065,CPI,P53671,compound,protein,0
4071,CPI,Q9NUW8,compound,protein,1
4075,CPI,Q00537,compound,protein,0
4075,CPI,P45985,compound,protein,0
4078,CPI,P08913,compound,protein,1
4078,CPI,P35372,compound,protein,1
4078,CPI,P55210,compound,protein,0
4078,CPI,P31644,compound,protein,0
4084010,CPI,O75469,compound,protein,0
4086,CPI,P00734,compound,protein,1
4091,CPI,P00374,compound,protein,0
4099,CPI,Q9BQB6,compound,protein,0
4099,CPI,Q9HAZ1,compound,protein,0
4099,CPI,Q13557,compound,protein,0
4104,CPI,Q96KQ7,compound,protein,1
41049,CPI,P29275,compound,protein,0
41049,CPI,P04150,compound,protein,0
4106,CPI,P50406,compound,protein,1
4106,CPI,Q6W5P4,compound,protein,0
4107,CPI,Q07002,compound,protein,0
4107,CPI,P26358,compound,protein,0
4107,CPI,P49840,compound,protein,0
4107,CPI,O60563,compound,protein,0
4112,CPI,Q16637,compound,protein,1
4112,CPI,P32297,compound,protein,0
4112,CPI,Q13393,compound,protein,0
4115,CPI,Q96RI1,compound,protein,1
4116,CPI,Q15393,compound,protein,0
4116,CPI,Q969S8,compound,protein,0
4122,CPI,P00519,compound,protein,1
4122,CPI,P78508,compound,protein,0
4131581,CPI,Q13285,compound,protein,1
4139,CPI,Q9NUW8,compound,protein,1
4140,CPI,P35462,compound,protein,1
4140,CPI,Q15717,compound,protein,0
4141,CPI,Q13131,compound,protein,0
414684,CPI,P55212,compound,protein,0
4158,CPI,P31645,compound,protein,1
4168,CPI,P11229,compound,protein,1
4168,CPI,P23975,compound,protein,1
41684,CPI,P07550,compound,protein,1
41684,CPI,P32238,compound,protein,1
41684,CPI,P40763,compound,protein,1
41684,CPI,P22607,compound,protein,0
4170,CPI,P25929,compound,protein,1
4170,CPI,P29274,compound,protein,1
4170,CPI,Q9ULX7,compound,protein,1
4171,CPI,P08908,compound,protein,1
4171,CPI,P41595,compound,protein,1
4171,CPI,P11474,compound,protein,0
4173,CPI,P00352,compound,protein,1
4173,CPI,P08684,compound,protein,1
4173,CPI,P08913,compound,protein,1
4173,CPI,Q08828,compound,protein,0
4173,CPI,Q9UHD2,compound,protein,0
4174,CPI,P15538,compound,protein,1
4174,CPI,P29274,compound,protein,1
4174,CPI,P09172,compound,protein,0
41781,CPI,P14061,compound,protein,0
4183496,CPI,Q9HC16,compound,protein,1
4184,CPI,P08908,compound,protein,1
4184,CPI,P35368,compound,protein,1
4184,CPI,P42574,compound,protein,0
41867,CPI,P21731,compound,protein,1
4189,CPI,P08588,compound,protein,1
4189,CPI,P30518,compound,protein,1
4189,CPI,P27487,compound,protein,0
4189,CPI,Q9NXA8,compound,protein,0
4189,CPI,O00763,compound,protein,0
4195,CPI,P33402,compound,protein,0
4195,CPI,P05023,compound,protein,0
4195,CPI,P04798,compound,protein,0
4197,CPI,P05106,compound,protein,0
4199,CPI,P18825,compound,protein,1
4199,CPI,Q8TDS4,compound,protein,1
4201,CPI,P23219,compound,protein,1
4201,CPI,Q13936,compound,protein,0
4205,CPI,Q9UI33,compound,protein,0
42052020,CPI,P08684,compound,protein,1
4210951,CPI,P24941,compound,protein,1
4210951,CPI,P49840,compound,protein,1
4211,CPI,P08913,compound,protein,1
4211,CPI,Q14500,compound,protein,0
4212,CPI,P11021,compound,protein,1
4212,CPI,P16050,compound,protein,1
4212,CPI,P28482,compound,protein,1
4212,CPI,Q9NR56,compound,protein,1
4212,CPI,Q9UBT6,compound,protein,1
4212,CPI,P36888,compound,protein,0
4212,CPI,P80370,compound,protein,0
4212,CPI,P05121,compound,protein,0
4212,CPI,Q9NY47,compound,protein,0
4214594,CPI,Q12851,compound,protein,0
4235,CPI,P41743,compound,protein,0
4235,CPI,Q6W5P4,compound,protein,0
4236,CPI,P54646,compound,protein,0
4238,CPI,Q9UQM7,compound,protein,0
4246,CPI,Q9H4B4,compound,protein,0
4257368,CPI,Q9NUW8,compound,protein,1
4257368,CPI,P04035,compound,protein,0
4257368,CPI,O60341,compound,protein,0
4262,CPI,P62942,compound,protein,0
42623900,CPI,P08684,compound,protein,0
42628507,CPI,P51955,compound,protein,0
42640809,CPI,P40763,compound,protein,1
42642645,CPI,O15075,compound,protein,1
42642645,CPI,O15530,compound,protein,1
42642645,CPI,O96017,compound,protein,1
42642645,CPI,P21860,compound,protein,1
42642645,CPI,P22607,compound,protein,1
42642645,CPI,P28482,compound,protein,1
42642645,CPI,P36897,compound,protein,1
42642645,CPI,P49761,compound,protein,1
42642645,CPI,P52333,compound,protein,1
42642645,CPI,P54756,compound,protein,1
42642645,CPI,P54762,compound,protein,1
42642645,CPI,Q12851,compound,protein,1
42642645,CPI,Q16539,compound,protein,1
42642645,CPI,Q6ZN16,compound,protein,1
42642645,CPI,Q99759,compound,protein,1
42642645,CPI,Q9NRH2,compound,protein,1
42642645,CPI,Q9P0L2,compound,protein,1
42642645,CPI,Q9P289,compound,protein,1
42642645,CPI,Q9Y2H1,compound,protein,1
42642645,CPI,Q9Y2K2,compound,protein,1
42642645,CPI,P04054,compound,protein,0
42642645,CPI,Q05586,compound,protein,0
42642645,CPI,Q01453,compound,protein,0
42642645,CPI,Q86W47,compound,protein,0
42642645,CPI,P47869,compound,protein,0
42642645,CPI,P52209,compound,protein,0
42642645,CPI,Q13324,compound,protein,0
42642645,CPI,P48443,compound,protein,0
4267713,CPI,Q7Z2K8,compound,protein,1
4273754,CPI,P00441,compound,protein,0
42760,CPI,Q9Y5S2,compound,protein,0
42785,CPI,P53350,compound,protein,0
42785,CPI,Q9UBS5,compound,protein,0
4284,CPI,Q9NR20,compound,protein,0
4284525,CPI,P48039,compound,protein,1
4284720,CPI,P28222,compound,protein,1
4284720,CPI,Q9NZ45,compound,protein,0
42890,CPI,P06401,compound,protein,1
42890,CPI,P09884,compound,protein,0
42890,CPI,P00915,compound,protein,0
42890,CPI,P53667,compound,protein,0
4292126,CPI,P0DMS8,compound,protein,0
42955,CPI,P43119,compound,protein,1
42955,CPI,P25021,compound,protein,1
42955,CPI,P43681,compound,protein,1
42955,CPI,Q9Y2U5,compound,protein,0
4299,CPI,P54750,compound,protein,1
4299,CPI,O15392,compound,protein,0
4306,CPI,P0DP23,compound,protein,1
4306515,CPI,Q01118,compound,protein,0
4306515,CPI,Q06203,compound,protein,0
43232,CPI,P08173,compound,protein,1
43232,CPI,P11229,compound,protein,1
43232,CPI,P23975,compound,protein,0
4331799,CPI,P84022,compound,protein,0
4342,CPI,Q96KQ7,compound,protein,1
4348310,CPI,Q8TDX7,compound,protein,0
4350931,CPI,Q96QE3,compound,protein,1
4350931,CPI,P18825,compound,protein,0
4362,CPI,P10636,compound,protein,1
4362,CPI,P51151,compound,protein,0
4364841,CPI,P52732,compound,protein,0
4369359,CPI,P21728,compound,protein,1
4369359,CPI,Q14524,compound,protein,0
4369359,CPI,Q99700,compound,protein,0
4369359,CPI,Q9Y2H1,compound,protein,0
4376,CPI,P11473,compound,protein,0
4376,CPI,P21589,compound,protein,0
4380,CPI,P27338,compound,protein,1
4380,CPI,Q99720,compound,protein,1
4380,CPI,P54756,compound,protein,0
4380267,CPI,P35590,compound,protein,0
4381125,CPI,P51151,compound,protein,1
4381125,CPI,P51955,compound,protein,0
4381127,CPI,O75030,compound,protein,1
43815,CPI,Q13546,compound,protein,0
43815,CPI,P55072,compound,protein,0
43815,CPI,P53778,compound,protein,0
438981,CPI,P49841,compound,protein,1
438981,CPI,P49662,compound,protein,0
439246,CPI,P16152,compound,protein,1
439246,CPI,P01375,compound,protein,0
439260,CPI,P08913,compound,protein,1
439260,CPI,P27695,compound,protein,1
439260,CPI,P35462,compound,protein,1
439530,CPI,P40429,compound,protein,1
439530,CPI,Q9NRP7,compound,protein,0
439533,CPI,P27695,compound,protein,1
439533,CPI,P41143,compound,protein,1
439533,CPI,Q9BRS2,compound,protein,0
4409,CPI,P04062,compound,protein,1
4409,CPI,P06401,compound,protein,1
4409,CPI,P35354,compound,protein,1
4409,CPI,P04278,compound,protein,0
4409,CPI,P28702,compound,protein,0
44093,CPI,Q8NER1,compound,protein,1
440936,CPI,P14679,compound,protein,1
441074,CPI,Q15717,compound,protein,0
441074,CPI,P51681,compound,protein,0
441074,CPI,P33402,compound,protein,0
4411,CPI,P37288,compound,protein,1
44112,CPI,P07550,compound,protein,1
44118238,CPI,Q99835,compound,protein,1
4412255,CPI,Q13882,compound,protein,0
441243,CPI,P08588,compound,protein,1
441289,CPI,P30518,compound,protein,1
441289,CPI,P37288,compound,protein,1
441289,CPI,Q15842,compound,protein,0
441336,CPI,P33402,compound,protein,0
441383,CPI,O75496,compound,protein,1
441383,CPI,Q13393,compound,protein,0
441383,CPI,P21860,compound,protein,0
441383,CPI,P10721,compound,protein,0
44141938,CPI,Q9Y4K4,compound,protein,0
44142045,CPI,P25100,compound,protein,0
44142049,CPI,P07711,compound,protein,0
44142050,CPI,Q9NUW8,compound,protein,0
44142052,CPI,P33402,compound,protein,0
44142054,CPI,Q8N1C3,compound,protein,0
44142056,CPI,P51151,compound,protein,0
44142056,CPI,O60755,compound,protein,0
44142059,CPI,Q03431,compound,protein,0
44142060,CPI,O75496,compound,protein,1
44142062,CPI,Q9UM73,compound,protein,0
44142062,CPI,Q96KQ7,compound,protein,0
44142063,CPI,Q9HAZ1,compound,protein,1
44142064,CPI,Q05586,compound,protein,0
44142065,CPI,Q9Y263,compound,protein,0
44142068,CPI,O43451,compound,protein,0
44142070,CPI,Q96RG2,compound,protein,0
44142076,CPI,P10636,compound,protein,0
44142076,CPI,Q13233,compound,protein,0
44142080,CPI,Q12851,compound,protein,0
44142087,CPI,Q9NS40,compound,protein,0
44142093,CPI,O75469,compound,protein,0
44142096,CPI,P09619,compound,protein,0
44142099,CPI,O75496,compound,protein,1
44142100,CPI,Q9HC16,compound,protein,1
44142101,CPI,P15121,compound,protein,0
44142103,CPI,Q9NS40,compound,protein,0
44142108,CPI,O75899,compound,protein,0
44142123,CPI,P13500,compound,protein,0
44142137,CPI,P42345,compound,protein,0
44142140,CPI,Q9HC16,compound,protein,1
44142141,CPI,P08684,compound,protein,0
44142143,CPI,Q9UNA4,compound,protein,0
44142145,CPI,O75496,compound,protein,1
44142147,CPI,Q9UPZ9,compound,protein,0
44142149,CPI,Q8NE63,compound,protein,0
44142155,CPI,Q16236,compound,protein,1
44142155,CPI,P05412,compound,protein,0
44142168,CPI,P84022,compound,protein,1
44142346,CPI,Q9UNA4,compound,protein,1
44142346,CPI,P27707,compound,protein,0
44143088,CPI,P14416,compound,protein,0
44143088,CPI,P21589,compound,protein,0
44143089,CPI,P07711,compound,protein,1
44143089,CPI,P18825,compound,protein,0
44143090,CPI,Q9UEE5,compound,protein,0
44143153,CPI,Q8IVH8,compound,protein,0
44143698,CPI,P53779,compound,protein,0
44143772,CPI,P42685,compound,protein,0
4418,CPI,P25100,compound,protein,1
44182295,CPI,P35368,compound,protein,0
44182295,CPI,P55072,compound,protein,0
44187,CPI,Q9NR96,compound,protein,0
44187362,CPI,O14733,compound,protein,1
44199317,CPI,P11362,compound,protein,0
44202433,CPI,Q8WU08,compound,protein,0
44202572,CPI,P21918,compound,protein,0
44202600,CPI,O75496,compound,protein,1
44202876,CPI,O00329,compound,protein,0
44202935,CPI,P34969,compound,protein,0
44202980,CPI,P43220,compound,protein,1
44205240,CPI,Q13233,compound,protein,1
44205240,CPI,Q13557,compound,protein,1
44205240,CPI,Q9H4B7,compound,protein,0
44205240,CPI,Q9NRM7,compound,protein,0
44223973,CPI,P25100,compound,protein,0
44223973,CPI,P21728,compound,protein,0
44229066,CPI,Q9Y239,compound,protein,1
44229067,CPI,P10636,compound,protein,0
44237408,CPI,Q9BZL6,compound,protein,0
44237409,CPI,Q16236,compound,protein,0
442428,CPI,P11308,compound,protein,1
44246374,CPI,Q8NFD2,compound,protein,0
44246498,CPI,P14618,compound,protein,1
44246498,CPI,Q9Y5S2,compound,protein,0
44246512,CPI,Q9UHD2,compound,protein,0
44246514,CPI,Q13237,compound,protein,0
44246515,CPI,O75496,compound,protein,1
44246715,CPI,P12931,compound,protein,0
44247471,CPI,Q9UM07,compound,protein,1
44247542,CPI,P84022,compound,protein,1
44247542,CPI,P00519,compound,protein,0
44251479,CPI,P02545,compound,protein,0
442530,CPI,Q13639,compound,protein,0
44259,CPI,O75460,compound,protein,1
44259,CPI,O75676,compound,protein,1
44259,CPI,P22694,compound,protein,1
44259,CPI,P31751,compound,protein,1
44259,CPI,P52333,compound,protein,1
44259,CPI,P54756,compound,protein,1
44259,CPI,Q02779,compound,protein,1
44259,CPI,Q13153,compound,protein,1
44259,CPI,Q5TCX8,compound,protein,1
44259,CPI,Q86SG6,compound,protein,1
44259,CPI,Q8NEV4,compound,protein,1
44259,CPI,Q96SB4,compound,protein,1
44259,CPI,Q9BVS4,compound,protein,1
44259,CPI,Q9H792,compound,protein,1
44259,CPI,Q9UEE5,compound,protein,1
44259,CPI,Q9Y2H1,compound,protein,1
44259,CPI,Q9UQL6,compound,protein,0
44259,CPI,P48443,compound,protein,0
44259,CPI,O00555,compound,protein,0
44259,CPI,P02768,compound,protein,0
44259,CPI,Q00987,compound,protein,0
44259,CPI,P21397,compound,protein,0
44259,CPI,O00418,compound,protein,0
44259,CPI,Q8NFU5,compound,protein,0
44259,CPI,P51589,compound,protein,0
44259,CPI,Q12879,compound,protein,0
44259,CPI,P22309,compound,protein,0
44259,CPI,Q9Y6Q9,compound,protein,0
44259,CPI,P25929,compound,protein,0
44259,CPI,Q03181,compound,protein,0
44259,CPI,Q99685,compound,protein,0
44259,CPI,Q01453,compound,protein,0
44259,CPI,Q9NTG7,compound,protein,0
44259,CPI,O43193,compound,protein,0
4426,CPI,O00206,compound,protein,1
442872,CPI,P14867,compound,protein,1
442872,CPI,Q16665,compound,protein,0
443372,CPI,P21127,compound,protein,0
443372,CPI,O75496,compound,protein,0
443375,CPI,P32238,compound,protein,1
443389,CPI,P10635,compound,protein,1
443389,CPI,P08913,compound,protein,0
443423,CPI,Q15842,compound,protein,1
4436,CPI,P10636,compound,protein,1
443874,CPI,P12821,compound,protein,1
443879,CPI,P46098,compound,protein,1
443879,CPI,P49761,compound,protein,0
443944,CPI,O75469,compound,protein,1
443944,CPI,P21728,compound,protein,1
443944,CPI,Q00G26,compound,protein,0
443955,CPI,Q9Y233,compound,protein,1
443955,CPI,Q9NR96,compound,protein,0
444,CPI,P08173,compound,protein,1
444,CPI,P21452,compound,protein,1
444,CPI,P37288,compound,protein,1
444,CPI,P33527,compound,protein,0
444025,CPI,P11474,compound,protein,1
444031,CPI,P35372,compound,protein,1
444254,CPI,P35372,compound,protein,1
444254,CPI,P41595,compound,protein,1
44460120,CPI,P29317,compound,protein,0
44460121,CPI,Q16288,compound,protein,0
44460122,CPI,Q96CA5,compound,protein,0
44460122,CPI,P11362,compound,protein,0
44460127,CPI,P41595,compound,protein,0
44460128,CPI,Q14164,compound,protein,0
44460132,CPI,P16050,compound,protein,1
44460133,CPI,P49761,compound,protein,0
44460136,CPI,Q9BRS2,compound,protein,0
44460139,CPI,P16591,compound,protein,0
44460141,CPI,Q01959,compound,protein,0
44460175,CPI,O15528,compound,protein,0
44460175,CPI,P11274,compound,protein,0
44460176,CPI,Q96KQ7,compound,protein,1
44473128,CPI,O14965,compound,protein,0
444732,CPI,Q9UBN7,compound,protein,1
444732,CPI,Q9BXA7,compound,protein,0
44473434,CPI,P57078,compound,protein,0
444795,CPI,P02753,compound,protein,1
444795,CPI,P31025,compound,protein,1
444795,CPI,P41595,compound,protein,1
444795,CPI,P51449,compound,protein,1
444795,CPI,P35354,compound,protein,0
44483247,CPI,O95718,compound,protein,1
44483259,CPI,P35368,compound,protein,0
44483274,CPI,P35968,compound,protein,0
44483291,CPI,P04150,compound,protein,1
44483291,CPI,Q9BZL6,compound,protein,0
44483304,CPI,Q8NFU5,compound,protein,0
44483304,CPI,P49760,compound,protein,0
44483339,CPI,P17706,compound,protein,1
44483339,CPI,Q8N568,compound,protein,0
44485047,CPI,P10636,compound,protein,0
44485055,CPI,P01215,compound,protein,1
44485055,CPI,P0DMS8,compound,protein,0
44486342,CPI,Q16236,compound,protein,0
44486959,CPI,Q96RJ0,compound,protein,0
44487411,CPI,Q14004,compound,protein,0
44489271,CPI,P21918,compound,protein,0
44489675,CPI,Q9UBT6,compound,protein,0
44489806,CPI,Q9NUW8,compound,protein,1
444899,CPI,P35354,compound,protein,1
444899,CPI,P37288,compound,protein,0
444899,CPI,P11712,compound,protein,0
4449,CPI,P35462,compound,protein,1
4449,CPI,P50406,compound,protein,1
4449,CPI,O43497,compound,protein,0
44490230,CPI,P06401,compound,protein,0
44495105,CPI,Q06710,compound,protein,1
44495105,CPI,P02763,compound,protein,0
44497719,CPI,P41595,compound,protein,0
44498560,CPI,Q13224,compound,protein,0
44498587,CPI,Q06710,compound,protein,1
44502358,CPI,P11229,compound,protein,0
44502485,CPI,P51817,compound,protein,0
44503649,CPI,Q12866,compound,protein,0
44504931,CPI,P29376,compound,protein,0
44504994,CPI,P34969,compound,protein,0
44505414,CPI,P37840,compound,protein,1
44505604,CPI,P10635,compound,protein,0
44505834,CPI,P78362,compound,protein,0
44505892,CPI,O75496,compound,protein,0
44506448,CPI,P47869,compound,protein,0
44506647,CPI,Q9BZL6,compound,protein,0
44511091,CPI,P11511,compound,protein,1
44516953,CPI,P08908,compound,protein,0
44516953,CPI,P46098,compound,protein,0
44516953,CPI,P12821,compound,protein,0
44517659,CPI,Q96D53,compound,protein,0
4452,CPI,P08588,compound,protein,1
4452,CPI,O95069,compound,protein,0
445319,CPI,Q9P289,compound,protein,0
445354,CPI,P21731,compound,protein,1
445354,CPI,Q8IUX4,compound,protein,0
445354,CPI,P49327,compound,protein,0
44551660,CPI,P42345,compound,protein,1
44551660,CPI,Q9BRS2,compound,protein,0
445580,CPI,P35354,compound,protein,1
4456,CPI,P43088,compound,protein,0
44577753,CPI,Q16665,compound,protein,0
445858,CPI,P00915,compound,protein,1
44593387,CPI,Q9BY41,compound,protein,1
44593387,CPI,P27815,compound,protein,0
44595079,CPI,O60285,compound,protein,1
44595079,CPI,P53779,compound,protein,1
44595079,CPI,Q13188,compound,protein,1
44595079,CPI,P18405,compound,protein,0
44602352,CPI,P45984,compound,protein,0
44602374,CPI,P08684,compound,protein,0
44602376,CPI,P07550,compound,protein,0
44602404,CPI,Q16659,compound,protein,0
44603533,CPI,Q9NRP7,compound,protein,0
44603533,CPI,P37840,compound,protein,0
44607576,CPI,P21728,compound,protein,0
44607587,CPI,O75676,compound,protein,0
44607591,CPI,P08588,compound,protein,0
44607592,CPI,Q13237,compound,protein,0
44607949,CPI,P54764,compound,protein,0
44607949,CPI,P10828,compound,protein,0
44607969,CPI,Q9Y570,compound,protein,1
446155,CPI,P48048,compound,protein,0
44618522,CPI,Q05940,compound,protein,0
44619374,CPI,P16591,compound,protein,0
44620895,CPI,Q8IUX4,compound,protein,0
44620895,CPI,P78362,compound,protein,0
44623833,CPI,P24941,compound,protein,0
44623838,CPI,P49336,compound,protein,0
44623888,CPI,P00352,compound,protein,0
446284,CPI,Q96KQ7,compound,protein,1
446284,CPI,Q9NRM7,compound,protein,0
4463,CPI,P10635,compound,protein,1
4463,CPI,P11712,compound,protein,1
4463,CPI,P50406,compound,protein,1
4463,CPI,P10632,compound,protein,0
4463,CPI,P11362,compound,protein,0
4463,CPI,Q8NG66,compound,protein,0
44630539,CPI,Q9NUW8,compound,protein,1
44630539,CPI,P07550,compound,protein,0
44630540,CPI,P01215,compound,protein,0
44631783,CPI,Q8N752,compound,protein,0
44631783,CPI,P34947,compound,protein,0
44631783,CPI,Q04771,compound,protein,0
44634547,CPI,P51817,compound,protein,0
446378,CPI,Q9NUW8,compound,protein,1
44640136,CPI,P07550,compound,protein,0
44640181,CPI,P36894,compound,protein,0
44640183,CPI,Q99700,compound,protein,1
446556,CPI,P00374,compound,protein,1
446556,CPI,P15328,compound,protein,1
446598,CPI,P43681,compound,protein,1
447043,CPI,P18825,compound,protein,1
447043,CPI,P25021,compound,protein,1
447043,CPI,P43119,compound,protein,0
4472,CPI,P02545,compound,protein,1
4474,CPI,P08908,compound,protein,1
4474,CPI,P0DP23,compound,protein,1
4474,CPI,P10632,compound,protein,1
4474,CPI,Q08289,compound,protein,1
4474,CPI,P20813,compound,protein,0
4474,CPI,Q9NY46,compound,protein,0
4474,CPI,Q9UPE1,compound,protein,0
4477,CPI,P41597,compound,protein,0
4477,CPI,Q9UQM7,compound,protein,0
447713,CPI,P55769,compound,protein,0
447912,CPI,O75469,compound,protein,1
447966,CPI,Q96KQ7,compound,protein,0
448013,CPI,Q9H4B7,compound,protein,1
448014,CPI,O75116,compound,protein,1
448014,CPI,P45984,compound,protein,1
448014,CPI,Q9BZL6,compound,protein,1
448014,CPI,O00591,compound,protein,0
448014,CPI,O75676,compound,protein,0
448014,CPI,P30518,compound,protein,0
448042,CPI,O75116,compound,protein,1
448055,CPI,P10636,compound,protein,1
44818131,CPI,Q14164,compound,protein,0
44819697,CPI,P30542,compound,protein,0
44820570,CPI,Q9NUW8,compound,protein,1
44825280,CPI,P30989,compound,protein,0
44828477,CPI,Q6XUX3,compound,protein,0
4485,CPI,P0DMS8,compound,protein,1
4485,CPI,Q02750,compound,protein,0
4485,CPI,P32249,compound,protein,0
4485,CPI,Q9UK32,compound,protein,0
448537,CPI,P08684,compound,protein,1
448537,CPI,P14416,compound,protein,1
448537,CPI,P18825,compound,protein,1
4488,CPI,P19838,compound,protein,1
4488,CPI,Q58F21,compound,protein,0
448991,CPI,P78362,compound,protein,1
449054,CPI,O00305,compound,protein,0
449171,CPI,P14416,compound,protein,0
449241,CPI,P61925,compound,protein,1
449241,CPI,Q99720,compound,protein,0
4494,CPI,P08908,compound,protein,1
4494,CPI,Q96DB2,compound,protein,0
449459,CPI,P10636,compound,protein,1
4495,CPI,Q16236,compound,protein,1
4495,CPI,P11802,compound,protein,0
4495,CPI,Q9H2G2,compound,protein,0
44968186,CPI,Q9P0X4,compound,protein,0
44968224,CPI,Q9P0X4,compound,protein,0
44968227,CPI,Q8TDU6,compound,protein,0
44968231,CPI,P49759,compound,protein,1
44968231,CPI,Q00987,compound,protein,0
4497,CPI,P35354,compound,protein,1
4497,CPI,Q08499,compound,protein,1
4497,CPI,Q9UQM7,compound,protein,0
4499,CPI,P23975,compound,protein,1
4499,CPI,P28482,compound,protein,0
4499,CPI,P37231,compound,protein,0
4499,CPI,Q92918,compound,protein,0
450,CPI,P14416,compound,protein,0
45006140,CPI,Q14524,compound,protein,0
45006145,CPI,P17174,compound,protein,0
4506,CPI,O43193,compound,protein,1
4506,CPI,P14416,compound,protein,1
4506,CPI,P21397,compound,protein,1
4506,CPI,Q9NYY3,compound,protein,0
4507,CPI,O00305,compound,protein,1
4507,CPI,P21397,compound,protein,1
4507,CPI,Q13936,compound,protein,1
4507,CPI,P37231,compound,protein,0
45100444,CPI,P18825,compound,protein,0
45100448,CPI,P31645,compound,protein,0
45100448,CPI,O14976,compound,protein,0
45105106,CPI,P05129,compound,protein,0
45115620,CPI,P41595,compound,protein,0
45136810,CPI,Q13976,compound,protein,0
45138674,CPI,P08913,compound,protein,1
45138674,CPI,Q12851,compound,protein,0
45138674,CPI,O15530,compound,protein,0
4514,CPI,O75469,compound,protein,1
4515,CPI,P18054,compound,protein,1
451668,CPI,P56524,compound,protein,1
451668,CPI,Q96QE3,compound,protein,1
451668,CPI,Q9NUW8,compound,protein,1
451668,CPI,P33032,compound,protein,0
4519822,CPI,O75676,compound,protein,0
4520732,CPI,P29275,compound,protein,0
4521392,CPI,O15530,compound,protein,1
4521392,CPI,P00519,compound,protein,1
4521392,CPI,P51817,compound,protein,1
4521392,CPI,P78356,compound,protein,1
4521392,CPI,Q05655,compound,protein,1
4521392,CPI,Q8N5S9,compound,protein,1
4521392,CPI,Q9Y6E0,compound,protein,1
4521392,CPI,Q96RG2,compound,protein,0
4521392,CPI,Q96RJ0,compound,protein,0
4521392,CPI,P51957,compound,protein,0
4521392,CPI,P35408,compound,protein,0
4521392,CPI,P11166,compound,protein,0
4521392,CPI,P32298,compound,protein,0
4521392,CPI,P41743,compound,protein,0
45279963,CPI,P01375,compound,protein,1
4528,CPI,P31645,compound,protein,1
45281798,CPI,P32238,compound,protein,0
4534,CPI,Q96QT4,compound,protein,1
4534,CPI,Q9H4B7,compound,protein,0
4534,CPI,Q09013,compound,protein,0
4534,CPI,O43318,compound,protein,0
4534086,CPI,Q9UBT6,compound,protein,0
45375953,CPI,P42338,compound,protein,1
4539,CPI,P30542,compound,protein,1
4539,CPI,P08253,compound,protein,0
4539,CPI,P50613,compound,protein,0
4543,CPI,P14416,compound,protein,1
4543,CPI,O94806,compound,protein,0
4549,CPI,P11712,compound,protein,1
4552,CPI,P33261,compound,protein,1
456201,CPI,O15528,compound,protein,1
456201,CPI,Q52WX2,compound,protein,0
456214,CPI,P49841,compound,protein,1
456214,CPI,P50406,compound,protein,1
456214,CPI,Q15418,compound,protein,1
456214,CPI,Q14123,compound,protein,0
456389,CPI,Q96PF2,compound,protein,0
4565183,CPI,Q9Y6L6,compound,protein,1
4567,CPI,P08908,compound,protein,1
4567,CPI,P11229,compound,protein,1
4567,CPI,P47898,compound,protein,1
4567,CPI,P48551,compound,protein,1
4567,CPI,P50406,compound,protein,1
4567,CPI,P17252,compound,protein,0
4567,CPI,P14780,compound,protein,0
457193,CPI,P11473,compound,protein,1
457193,CPI,Q02880,compound,protein,1
4573811,CPI,P04062,compound,protein,1
4573811,CPI,P21860,compound,protein,0
457964,CPI,Q13285,compound,protein,1
457964,CPI,Q07817,compound,protein,0
4581,CPI,P46098,compound,protein,1
4583,CPI,P25101,compound,protein,0
4592,CPI,Q16637,compound,protein,1
4592,CPI,Q9Y5N1,compound,protein,0
4593,CPI,P00533,compound,protein,0
45934210,CPI,P08912,compound,protein,1
4594,CPI,P0DMS8,compound,protein,1
4594,CPI,O15439,compound,protein,0
4595,CPI,Q9Y2I1,compound,protein,1
4595,CPI,O75496,compound,protein,0
459617,CPI,P34969,compound,protein,0
460,CPI,Q16236,compound,protein,1
4601,CPI,P54764,compound,protein,0
4601225,CPI,P08575,compound,protein,1
4601225,CPI,P30542,compound,protein,0
4605,CPI,P45984,compound,protein,0
460612,CPI,Q9NUW8,compound,protein,1
460747,CPI,P54132,compound,protein,1
460747,CPI,Q9UNA4,compound,protein,1
460747,CPI,P48729,compound,protein,0
4614,CPI,P21728,compound,protein,1
4614,CPI,P43681,compound,protein,1
4614,CPI,Q9NPH5,compound,protein,0
4615,CPI,P35462,compound,protein,1
46172919,CPI,P21453,compound,protein,0
46173038,CPI,P11473,compound,protein,0
46173053,CPI,P28482,compound,protein,0
46191454,CPI,Q14004,compound,protein,1
46191454,CPI,Q9NYV4,compound,protein,1
46199207,CPI,P47898,compound,protein,0
46209133,CPI,P31645,compound,protein,0
4621,CPI,P53350,compound,protein,0
46213929,CPI,P62942,compound,protein,0
46215462,CPI,P42345,compound,protein,1
46216796,CPI,P49759,compound,protein,1
46216796,CPI,Q96GD4,compound,protein,1
46216796,CPI,P29375,compound,protein,0
46220502,CPI,P06493,compound,protein,1
46220502,CPI,P49674,compound,protein,1
46220502,CPI,Q9UPZ9,compound,protein,1
46224413,CPI,Q92542,compound,protein,1
46224413,CPI,Q14012,compound,protein,0
46224413,CPI,Q96GD4,compound,protein,0
462382,CPI,Q96PF2,compound,protein,0
4624993,CPI,Q9UNA4,compound,protein,1
4634,CPI,P08173,compound,protein,1
4636,CPI,P28221,compound,protein,1
4636,CPI,Q9Y2I1,compound,protein,1
4641,CPI,P25021,compound,protein,0
4641,CPI,Q9UL54,compound,protein,0
4649,CPI,Q13546,compound,protein,0
4659569,CPI,P35354,compound,protein,1
4666,CPI,P56524,compound,protein,0
46700756,CPI,P32245,compound,protein,0
46705323,CPI,P49286,compound,protein,0
4671,CPI,Q8N568,compound,protein,0
4674,CPI,P10145,compound,protein,0
46740,CPI,Q13224,compound,protein,1
46783268,CPI,Q15835,compound,protein,0
46783538,CPI,P14867,compound,protein,0
4679312,CPI,P06493,compound,protein,0
46861588,CPI,Q9Y6L6,compound,protein,0
46868135,CPI,P25103,compound,protein,1
46868135,CPI,P15121,compound,protein,0
46869941,CPI,P08246,compound,protein,0
46869952,CPI,Q9NUW8,compound,protein,0
4688,CPI,O75604,compound,protein,1
46885626,CPI,Q9BZL6,compound,protein,1
46902718,CPI,Q8N568,compound,protein,0
46903404,CPI,Q9NUW8,compound,protein,1
46903432,CPI,P24941,compound,protein,0
46903465,CPI,P35590,compound,protein,0
46903542,CPI,Q99755,compound,protein,0
46903546,CPI,P47871,compound,protein,0
46907658,CPI,Q6XUX3,compound,protein,0
46907659,CPI,Q9UPZ9,compound,protein,0
46907669,CPI,O15197,compound,protein,0
46907681,CPI,Q04912,compound,protein,0
46907714,CPI,Q9Y4P1,compound,protein,0
46907787,CPI,P13500,compound,protein,1
46907787,CPI,Q14994,compound,protein,0
46907798,CPI,P10696,compound,protein,0
4691,CPI,Q16584,compound,protein,0
4691,CPI,Q9UK32,compound,protein,0
46912091,CPI,P37173,compound,protein,0
46912230,CPI,Q9BPZ7,compound,protein,1
46916170,CPI,P49759,compound,protein,1
46916170,CPI,P21917,compound,protein,0
46916178,CPI,Q99720,compound,protein,0
46916178,CPI,P0DP23,compound,protein,0
46916193,CPI,P41595,compound,protein,0
46916204,CPI,P37173,compound,protein,0
46925861,CPI,P27695,compound,protein,1
46925875,CPI,P08912,compound,protein,0
46931242,CPI,Q8TDC3,compound,protein,0
46931953,CPI,Q93009,compound,protein,1
46943339,CPI,Q15208,compound,protein,0
46943432,CPI,P25440,compound,protein,1
46947264,CPI,Q15858,compound,protein,0
46948703,CPI,O75496,compound,protein,0
4705,CPI,P17948,compound,protein,0
4712,CPI,P37840,compound,protein,1
4712,CPI,P80192,compound,protein,0
4723,CPI,O43193,compound,protein,1
4723,CPI,P25021,compound,protein,1
4731,CPI,P45984,compound,protein,0
47319,CPI,P43681,compound,protein,1
4735,CPI,P24941,compound,protein,0
4737,CPI,P08913,compound,protein,1
4737,CPI,P30518,compound,protein,1
4737,CPI,P32238,compound,protein,1
4737,CPI,Q8N1C3,compound,protein,1
4737,CPI,Q8N568,compound,protein,0
4737,CPI,O15379,compound,protein,0
4740,CPI,O43193,compound,protein,1
4740,CPI,P21589,compound,protein,1
4740,CPI,Q01959,compound,protein,1
4740,CPI,P25440,compound,protein,0
4740,CPI,Q9NTG7,compound,protein,0
4740,CPI,Q8N752,compound,protein,0
4740,CPI,Q12879,compound,protein,0
4748,CPI,P18825,compound,protein,1
4748,CPI,P32238,compound,protein,1
4748,CPI,P41595,compound,protein,1
4748,CPI,P43220,compound,protein,1
4748,CPI,P06493,compound,protein,0
4748,CPI,Q16539,compound,protein,0
4748,CPI,P29275,compound,protein,0
4748,CPI,Q96BR1,compound,protein,0
47528,CPI,P11712,compound,protein,1
47528,CPI,P35968,compound,protein,0
4753,CPI,O75496,compound,protein,0
4753,CPI,Q15759,compound,protein,0
4754,CPI,P10828,compound,protein,1
4754,CPI,P21860,compound,protein,0
4755,CPI,Q00975,compound,protein,0
4755,CPI,Q16513,compound,protein,0
4756,CPI,P46098,compound,protein,1
4756,CPI,P06241,compound,protein,0
4758734,CPI,P21731,compound,protein,0
4760,CPI,P04637,compound,protein,1
4760,CPI,P18089,compound,protein,1
4760,CPI,P32245,compound,protein,1
4760,CPI,P47871,compound,protein,0
4761,CPI,P45452,compound,protein,0
4764,CPI,Q16637,compound,protein,1
47641,CPI,P37840,compound,protein,0
47641,CPI,Q8IWQ3,compound,protein,0
4768,CPI,P0DP23,compound,protein,1
4768,CPI,P54803,compound,protein,0
4771,CPI,P08588,compound,protein,1
4775,CPI,Q16637,compound,protein,1
4775,CPI,P10721,compound,protein,0
4775,CPI,P21462,compound,protein,0
4780,CPI,P05106,compound,protein,0
4780,CPI,Q6XQN6,compound,protein,0
4781,CPI,P21728,compound,protein,1
4781,CPI,Q6XQN6,compound,protein,1
4781,CPI,P24941,compound,protein,0
47811,CPI,P25100,compound,protein,1
4787756,CPI,Q13882,compound,protein,0
47936,CPI,P55789,compound,protein,0
47936,CPI,P49336,compound,protein,0
4813,CPI,P11362,compound,protein,1
4813,CPI,P16234,compound,protein,1
4813,CPI,P35968,compound,protein,1
4813,CPI,Q05397,compound,protein,1
4813,CPI,Q14680,compound,protein,1
4813,CPI,P10636,compound,protein,1
4813,CPI,P55789,compound,protein,1
4813,CPI,P21453,compound,protein,0
4813,CPI,P51955,compound,protein,0
4813,CPI,Q9UQB9,compound,protein,0
4817,CPI,Q16637,compound,protein,1
4817,CPI,Q9NUW8,compound,protein,1
4817,CPI,P11308,compound,protein,0
4817,CPI,P18089,compound,protein,0
481747,CPI,Q9BRS2,compound,protein,0
4822,CPI,P08908,compound,protein,1
4822,CPI,Q92830,compound,protein,0
4828,CPI,P08908,compound,protein,1
4828,CPI,P08913,compound,protein,1
4828,CPI,P18825,compound,protein,1
4828,CPI,P19838,compound,protein,1
4828,CPI,P49761,compound,protein,0
4828,CPI,P47871,compound,protein,0
4829,CPI,P35462,compound,protein,1
4829,CPI,P41143,compound,protein,1
4829,CPI,Q9UBS5,compound,protein,1
4846,CPI,P18089,compound,protein,1
4847,CPI,P08908,compound,protein,1
4847,CPI,P16473,compound,protein,1
4850,CPI,P08684,compound,protein,1
4850,CPI,P18089,compound,protein,1
4850,CPI,P25100,compound,protein,1
4850,CPI,Q12791,compound,protein,0
4855,CPI,Q8N568,compound,protein,0
4858,CPI,P21918,compound,protein,0
4877,CPI,P55055,compound,protein,0
4877,CPI,Q96RJ0,compound,protein,0
4878,CPI,P07333,compound,protein,1
4878,CPI,Q14432,compound,protein,0
4878,CPI,Q9Y4K4,compound,protein,0
4878,CPI,P41143,compound,protein,0
4878,CPI,P49327,compound,protein,0
4878,CPI,O14920,compound,protein,0
4879298,CPI,Q03164,compound,protein,1
4883,CPI,P41595,compound,protein,1
4883,CPI,Q6DT37,compound,protein,0
4886,CPI,P00352,compound,protein,1
4886,CPI,Q15858,compound,protein,1
4886,CPI,P07900,compound,protein,0
4887,CPI,O95342,compound,protein,1
4888,CPI,O15439,compound,protein,1
4891,CPI,P35354,compound,protein,1
4891,CPI,Q9H2G2,compound,protein,0
4893,CPI,P08913,compound,protein,1
4893,CPI,P35372,compound,protein,1
4893,CPI,P41595,compound,protein,1
4909,CPI,P25929,compound,protein,1
4909,CPI,P37288,compound,protein,1
4909,CPI,P53779,compound,protein,0
4909,CPI,Q96FL8,compound,protein,0
4909,CPI,Q52WX2,compound,protein,0
4910,CPI,Q9UK32,compound,protein,0
4911,CPI,P0DMS8,compound,protein,1
4911,CPI,P37288,compound,protein,1
4911,CPI,Q16637,compound,protein,1
4911,CPI,Q9UQB9,compound,protein,0
4911,CPI,P08631,compound,protein,0
4912,CPI,O95477,compound,protein,1
4912,CPI,P08908,compound,protein,1
4913,CPI,O75469,compound,protein,1
4913,CPI,P14416,compound,protein,1
4913,CPI,P35354,compound,protein,1
4914,CPI,Q8N1Q1,compound,protein,0
4915,CPI,P29274,compound,protein,1
4915,CPI,P31645,compound,protein,1
4917,CPI,O43193,compound,protein,1
4917,CPI,O95342,compound,protein,1
4917,CPI,P08173,compound,protein,1
4917,CPI,P32245,compound,protein,1
4917,CPI,Q9UBS5,compound,protein,0
4919,CPI,P07550,compound,protein,1
4919,CPI,P29274,compound,protein,1
4919,CPI,P30542,compound,protein,1
4919,CPI,P35354,compound,protein,1
4919,CPI,Q6ZN16,compound,protein,0
4919,CPI,Q13546,compound,protein,0
4922,CPI,P08913,compound,protein,1
4923,CPI,P00374,compound,protein,1
4923,CPI,P42685,compound,protein,0
4926,CPI,P08588,compound,protein,1
4926,CPI,P18089,compound,protein,1
4926,CPI,P46098,compound,protein,1
4926,CPI,P54619,compound,protein,0
4926,CPI,P07333,compound,protein,0
4927,CPI,P08913,compound,protein,1
4927,CPI,Q9Y5S2,compound,protein,0
4927,CPI,P11362,compound,protein,0
4927,CPI,Q14012,compound,protein,0
4927,CPI,Q06187,compound,protein,0
4928,CPI,Q9Y4K0,compound,protein,0
4930,CPI,P08588,compound,protein,1
4932,CPI,Q12851,compound,protein,0
4934,CPI,P16473,compound,protein,1
4934,CPI,P14416,compound,protein,0
493570,CPI,P30043,compound,protein,1
4943,CPI,Q16512,compound,protein,0
494471,CPI,P11229,compound,protein,0
4946,CPI,P21397,compound,protein,1
4946,CPI,P29274,compound,protein,1
4946,CPI,P46098,compound,protein,1
4946,CPI,Q16659,compound,protein,0
4950,CPI,P21728,compound,protein,1
4950,CPI,Q9Y5N1,compound,protein,1
4950,CPI,P80192,compound,protein,0
4967,CPI,P10636,compound,protein,0
4967,CPI,P43681,compound,protein,0
4970,CPI,O60760,compound,protein,0
4976,CPI,P21731,compound,protein,1
4976,CPI,P30518,compound,protein,1
4976,CPI,O95819,compound,protein,0
4977,CPI,O14578,compound,protein,0
49792852,CPI,P11362,compound,protein,1
49792852,CPI,P11802,compound,protein,1
49792852,CPI,P23458,compound,protein,1
49792852,CPI,Q9HC98,compound,protein,1
49792852,CPI,Q9NZJ5,compound,protein,1
49792852,CPI,O00591,compound,protein,0
49792852,CPI,Q08499,compound,protein,0
49792852,CPI,P46734,compound,protein,0
49806720,CPI,P41595,compound,protein,1
49806720,CPI,P05067,compound,protein,0
49806720,CPI,P10253,compound,protein,0
49806720,CPI,Q8NEV4,compound,protein,0
49835913,CPI,P37231,compound,protein,1
49836020,CPI,Q13489,compound,protein,1
49836020,CPI,Q9BUB5,compound,protein,0
49848070,CPI,Q9NUW8,compound,protein,0
49850262,CPI,Q8TCU5,compound,protein,0
49852959,CPI,Q14500,compound,protein,0
49853258,CPI,O14733,compound,protein,0
49853292,CPI,Q8TDR2,compound,protein,0
49853301,CPI,Q9UBF8,compound,protein,0
49853301,CPI,Q07973,compound,protein,0
49853301,CPI,P42574,compound,protein,0
49855250,CPI,P33261,compound,protein,1
49855250,CPI,Q8WUI4,compound,protein,1
49855250,CPI,Q05586,compound,protein,0
49867926,CPI,Q08289,compound,protein,0
49867930,CPI,Q92542,compound,protein,1
4993,CPI,P04637,compound,protein,1
4993,CPI,P43681,compound,protein,1
4993,CPI,Q16637,compound,protein,1
4993,CPI,Q9NYL2,compound,protein,0
4995951,CPI,P08173,compound,protein,1
4995951,CPI,Q01959,compound,protein,1
4996,CPI,Q86VL8,compound,protein,0
5002,CPI,P08913,compound,protein,1
5002,CPI,P47898,compound,protein,1
5002,CPI,O60285,compound,protein,0
5002,CPI,O43293,compound,protein,0
5011,CPI,O75604,compound,protein,1
5011,CPI,P14416,compound,protein,1
5011,CPI,P49840,compound,protein,0
5022426,CPI,P53667,compound,protein,0
5029,CPI,P11229,compound,protein,1
5029,CPI,P14416,compound,protein,1
5029,CPI,Q08499,compound,protein,1
5029,CPI,Q9UBT6,compound,protein,0
5034,CPI,P02545,compound,protein,1
5034,CPI,P15056,compound,protein,1
5035,CPI,P21452,compound,protein,1
5035,CPI,P41143,compound,protein,1
5035,CPI,Q08499,compound,protein,1
5035,CPI,O95835,compound,protein,0
5035,CPI,Q13639,compound,protein,0
5035,CPI,P16591,compound,protein,0
5037,CPI,Q92830,compound,protein,1
5037,CPI,P51449,compound,protein,0
5040063,CPI,P07437,compound,protein,1
5040063,CPI,P11712,compound,protein,1
5040063,CPI,Q96KQ7,compound,protein,1
5040456,CPI,O75496,compound,protein,1
5040456,CPI,Q92830,compound,protein,1
5040456,CPI,Q86UX6,compound,protein,0
5040456,CPI,Q96SB4,compound,protein,0
5054,CPI,Q96KQ7,compound,protein,0
5055,CPI,P07202,compound,protein,1
5056,CPI,P31749,compound,protein,1
5056,CPI,Q8TCG2,compound,protein,1
5056,CPI,P51151,compound,protein,1
5056,CPI,P08913,compound,protein,0
5056,CPI,Q8TDX7,compound,protein,0
5056,CPI,Q9BZL6,compound,protein,0
5056,CPI,Q04771,compound,protein,0
5056,CPI,Q9UQL6,compound,protein,0
5056,CPI,Q9H4B4,compound,protein,0
5056,CPI,O00444,compound,protein,0
50599,CPI,P27338,compound,protein,0
5070,CPI,P02545,compound,protein,1
5070,CPI,Q99250,compound,protein,1
5071,CPI,P18089,compound,protein,1
5071,CPI,P21728,compound,protein,1
5072,CPI,P51843,compound,protein,0
5073,CPI,P23415,compound,protein,1
5073,CPI,P25103,compound,protein,1
5073,CPI,Q02156,compound,protein,0
5074,CPI,P08631,compound,protein,0
5076,CPI,P15735,compound,protein,0
5078,CPI,P35968,compound,protein,0
5078,CPI,P48729,compound,protein,0
5081,CPI,Q16445,compound,protein,1
5081913,CPI,Q99572,compound,protein,1
5081913,CPI,P78334,compound,protein,0
5081913,CPI,P29274,compound,protein,0
5083,CPI,O75582,compound,protein,1
5083,CPI,Q96EB6,compound,protein,1
50897816,CPI,P16473,compound,protein,1
5090,CPI,O43193,compound,protein,1
5090,CPI,P08913,compound,protein,1
5090,CPI,P21728,compound,protein,1
5090,CPI,Q9NPC1,compound,protein,1
5090,CPI,P29317,compound,protein,0
5092,CPI,Q08499,compound,protein,1
5092,CPI,Q13936,compound,protein,0
5094,CPI,Q99835,compound,protein,0
51001932,CPI,O00459,compound,protein,1
51001932,CPI,Q13153,compound,protein,0
5103,CPI,P30989,compound,protein,0
51038269,CPI,P43681,compound,protein,0
51039,CPI,Q07343,compound,protein,0
512282,CPI,Q16236,compound,protein,0
51346455,CPI,Q13621,compound,protein,0
51348735,CPI,P08684,compound,protein,1
51358113,CPI,P27986,compound,protein,1
51371328,CPI,Q13237,compound,protein,0
5143,CPI,Q13237,compound,protein,0
5145950,CPI,P14416,compound,protein,1
5152,CPI,O43193,compound,protein,1
5152,CPI,P25089,compound,protein,1
5152,CPI,P41595,compound,protein,1
515328,CPI,Q16236,compound,protein,1
5154,CPI,Q99700,compound,protein,1
5163,CPI,Q6W5P4,compound,protein,0
51634,CPI,P10253,compound,protein,1
51634,CPI,P04062,compound,protein,0
5166,CPI,O14757,compound,protein,1
5166,CPI,O43293,compound,protein,1
5166,CPI,P42685,compound,protein,1
5166,CPI,P43405,compound,protein,1
5166,CPI,P51955,compound,protein,1
5166,CPI,P53667,compound,protein,1
5166,CPI,Q13554,compound,protein,1
5166,CPI,Q7L7X3,compound,protein,1
5166,CPI,Q9BZL6,compound,protein,1
5166,CPI,P45985,compound,protein,0
5166,CPI,Q02763,compound,protein,0
5166,CPI,P18089,compound,protein,0
5166,CPI,Q9Y5S2,compound,protein,0
5169,CPI,O15075,compound,protein,1
5169,CPI,O60285,compound,protein,1
5169,CPI,P07332,compound,protein,1
5169,CPI,P11712,compound,protein,1
5169,CPI,P29597,compound,protein,1
5169,CPI,P31751,compound,protein,1
5169,CPI,P50613,compound,protein,1
5169,CPI,Q13976,compound,protein,1
5169,CPI,Q8N568,compound,protein,1
5169,CPI,Q8NEV4,compound,protein,1
5169,CPI,Q96KQ7,compound,protein,1
5169,CPI,Q9HAZ1,compound,protein,1
5169,CPI,Q9P0L2,compound,protein,1
5169,CPI,Q9UQB9,compound,protein,1
5169,CPI,P08235,compound,protein,0
5169,CPI,Q9BY41,compound,protein,0
5169,CPI,Q9HC16,compound,protein,0
5169,CPI,Q12791,compound,protein,0
5169,CPI,Q6W5P4,compound,protein,0
5169,CPI,Q15822,compound,protein,0
5169,CPI,Q9H2K8,compound,protein,0
5170952,CPI,P27695,compound,protein,1
5170952,CPI,Q02779,compound,protein,0
5173,CPI,Q01064,compound,protein,0
5202,CPI,P0DMS8,compound,protein,1
5202,CPI,P28221,compound,protein,1
5202,CPI,Q00G26,compound,protein,0
5202,CPI,P02763,compound,protein,0
5202,CPI,P51946,compound,protein,0
5202,CPI,P15121,compound,protein,0
5205,CPI,Q13639,compound,protein,1
5210,CPI,P37288,compound,protein,1
5210,CPI,P42685,compound,protein,0
5212,CPI,P50406,compound,protein,1
5212,CPI,Q9UBS5,compound,protein,1
5215,CPI,P23975,compound,protein,1
5215,CPI,P32238,compound,protein,1
5215,CPI,O43781,compound,protein,0
5215,CPI,Q9UM73,compound,protein,0
5225086,CPI,P05067,compound,protein,0
5228,CPI,Q99928,compound,protein,0
5234410,CPI,Q8N752,compound,protein,0
5244802,CPI,P21728,compound,protein,1
5245,CPI,Q14432,compound,protein,1
5252,CPI,P22607,compound,protein,0
5253,CPI,P25021,compound,protein,1
5265,CPI,P28482,compound,protein,1
5265,CPI,P30939,compound,protein,1
5265,CPI,P84022,compound,protein,1
5265,CPI,Q8TCU5,compound,protein,0
5265,CPI,Q99928,compound,protein,0
5270,CPI,P54132,compound,protein,1
5273569,CPI,P23219,compound,protein,0
5275766,CPI,P52333,compound,protein,0
5277135,CPI,Q9Y6E0,compound,protein,0
5280335,CPI,Q9NYA1,compound,protein,1
5280343,CPI,O60341,compound,protein,1
5280343,CPI,P08684,compound,protein,1
5280343,CPI,P33527,compound,protein,1
5280343,CPI,P43681,compound,protein,1
5280343,CPI,P53350,compound,protein,1
5280343,CPI,P56817,compound,protein,1
5280343,CPI,Q9NQU5,compound,protein,0
5280343,CPI,P43220,compound,protein,0
5280343,CPI,Q13188,compound,protein,0
5280343,CPI,P48443,compound,protein,0
5280360,CPI,O75469,compound,protein,1
5280360,CPI,O00329,compound,protein,0
5280363,CPI,O15245,compound,protein,1
5280363,CPI,P05121,compound,protein,0
5280363,CPI,P25025,compound,protein,0
5280378,CPI,Q9UPE1,compound,protein,0
5280443,CPI,P04637,compound,protein,1
5280443,CPI,P28074,compound,protein,1
5280443,CPI,P35372,compound,protein,1
5280443,CPI,Q96QE3,compound,protein,1
5280445,CPI,P04637,compound,protein,1
5280445,CPI,P04798,compound,protein,1
5280445,CPI,P09917,compound,protein,1
5280445,CPI,P15121,compound,protein,1
5280445,CPI,P18054,compound,protein,1
5280445,CPI,Q14191,compound,protein,1
5280445,CPI,Q9Y5Y4,compound,protein,0
5280445,CPI,O00418,compound,protein,0
5280453,CPI,Q9H4B4,compound,protein,0
5280489,CPI,Q5BJF2,compound,protein,0
5280567,CPI,O75496,compound,protein,1
5280567,CPI,P02545,compound,protein,1
5280569,CPI,P07550,compound,protein,0
5280581,CPI,Q9HAZ1,compound,protein,0
5280647,CPI,Q16816,compound,protein,0
5280647,CPI,P45983,compound,protein,0
5280723,CPI,P08588,compound,protein,1
5280723,CPI,P30542,compound,protein,1
5280754,CPI,P37173,compound,protein,0
5280804,CPI,Q9NR56,compound,protein,1
5280805,CPI,P43403,compound,protein,0
5280863,CPI,P02545,compound,protein,1
5280863,CPI,P04637,compound,protein,1
5280863,CPI,P21452,compound,protein,0
5280863,CPI,P34969,compound,protein,0
5280934,CPI,P37231,compound,protein,1
5280934,CPI,Q9UBT6,compound,protein,1
5280934,CPI,P29275,compound,protein,0
5280953,CPI,P23975,compound,protein,1
5280953,CPI,Q9NUW8,compound,protein,1
5280953,CPI,P07948,compound,protein,0
5280953,CPI,P10721,compound,protein,0
5280961,CPI,O75469,compound,protein,1
5280961,CPI,P10828,compound,protein,1
5280961,CPI,P24557,compound,protein,1
5280961,CPI,Q92731,compound,protein,1
5280961,CPI,Q9UBN7,compound,protein,1
5280961,CPI,P46063,compound,protein,0
5280961,CPI,Q13043,compound,protein,0
5280961,CPI,Q14004,compound,protein,0
5281037,CPI,P50406,compound,protein,1
5281037,CPI,Q9NUW8,compound,protein,0
5281037,CPI,P62508,compound,protein,0
5281037,CPI,P47870,compound,protein,0
5281037,CPI,P07437,compound,protein,0
5281040,CPI,P07550,compound,protein,1
5281040,CPI,Q08499,compound,protein,1
5281040,CPI,P33981,compound,protein,0
5281051,CPI,P08263,compound,protein,1
5281051,CPI,P11473,compound,protein,1
5281051,CPI,P34998,compound,protein,1
5281051,CPI,Q16512,compound,protein,0
5281071,CPI,Q14994,compound,protein,0
5281078,CPI,Q9NUW8,compound,protein,1
5281365,CPI,P78334,compound,protein,0
5281542,CPI,P48736,compound,protein,0
5281565,CPI,P11229,compound,protein,0
5281571,CPI,P28482,compound,protein,1
5281571,CPI,P41240,compound,protein,0
5281607,CPI,P15121,compound,protein,1
5281607,CPI,P15428,compound,protein,1
5281607,CPI,P37231,compound,protein,1
5281607,CPI,Q9NSY1,compound,protein,0
5281607,CPI,O60674,compound,protein,0
5281613,CPI,P29034,compound,protein,0
5281613,CPI,P24941,compound,protein,0
5281614,CPI,P04637,compound,protein,1
5281614,CPI,P10636,compound,protein,1
5281643,CPI,P15121,compound,protein,1
5281670,CPI,O75496,compound,protein,0
5281672,CPI,P37840,compound,protein,1
5281672,CPI,Q9UL54,compound,protein,0
5281672,CPI,Q9P0X4,compound,protein,0
5281672,CPI,Q8TD08,compound,protein,0
5281691,CPI,P28482,compound,protein,0
5281708,CPI,Q12866,compound,protein,0
5281727,CPI,P23219,compound,protein,1
5281743,CPI,Q9NUW8,compound,protein,1
5281787,CPI,P37840,compound,protein,1
5281787,CPI,P28074,compound,protein,0
5281792,CPI,P38398,compound,protein,0
5281855,CPI,P31749,compound,protein,1
5281855,CPI,P39748,compound,protein,1
5281855,CPI,P07437,compound,protein,0
5281855,CPI,P08173,compound,protein,0
5281855,CPI,Q14432,compound,protein,0
5281881,CPI,P10632,compound,protein,0
5281969,CPI,P51957,compound,protein,0
5282054,CPI,P08684,compound,protein,0
5282060,CPI,P10828,compound,protein,1
5282071,CPI,P42345,compound,protein,1
5282073,CPI,P08684,compound,protein,1
5282136,CPI,P04150,compound,protein,1
5282136,CPI,Q01959,compound,protein,1
5282136,CPI,O15245,compound,protein,0
5282136,CPI,P08684,compound,protein,0
5282181,CPI,P27986,compound,protein,0
5282219,CPI,Q9Y6L6,compound,protein,0
5282226,CPI,P43088,compound,protein,1
5282230,CPI,O15118,compound,protein,1
5282375,CPI,P08913,compound,protein,1
5282375,CPI,Q9UBS5,compound,protein,0
5282375,CPI,P54760,compound,protein,0
5282440,CPI,P54619,compound,protein,0
5282452,CPI,O75469,compound,protein,1
5282452,CPI,P11229,compound,protein,1
5282452,CPI,P14416,compound,protein,1
5282452,CPI,Q9NUW8,compound,protein,0
5283389,CPI,P16050,compound,protein,1
5283446,CPI,O75747,compound,protein,0
5283454,CPI,P11308,compound,protein,0
5283748,CPI,Q00534,compound,protein,0
5284329,CPI,Q9NUW8,compound,protein,0
5284353,CPI,P21917,compound,protein,1
5284353,CPI,P20794,compound,protein,0
5284513,CPI,P06239,compound,protein,0
5284515,CPI,P19793,compound,protein,1
5284515,CPI,Q9Y5S2,compound,protein,0
5284557,CPI,P02545,compound,protein,1
5284583,CPI,Q00975,compound,protein,1
5284596,CPI,O00206,compound,protein,1
5284616,CPI,P08908,compound,protein,1
5284616,CPI,P62942,compound,protein,1
5284616,CPI,Q13451,compound,protein,1
5284616,CPI,Q9Y5N1,compound,protein,1
5284616,CPI,Q13639,compound,protein,0
5284627,CPI,P18505,compound,protein,1
5284627,CPI,O94956,compound,protein,0
5284627,CPI,Q9NR20,compound,protein,0
5284627,CPI,Q8WZA2,compound,protein,0
5284627,CPI,O15118,compound,protein,0
5284639,CPI,P38398,compound,protein,1
5284639,CPI,P51151,compound,protein,1
5284639,CPI,Q16678,compound,protein,1
5284639,CPI,Q96QE3,compound,protein,1
5284639,CPI,O43293,compound,protein,0
5286239,CPI,P15428,compound,protein,1
5287620,CPI,Q9NUW8,compound,protein,1
5287969,CPI,O00329,compound,protein,1
5287969,CPI,O14733,compound,protein,1
5287969,CPI,O60563,compound,protein,1
5287969,CPI,O95382,compound,protein,1
5287969,CPI,P07333,compound,protein,1
5287969,CPI,P12931,compound,protein,1
5287969,CPI,P42680,compound,protein,1
5287969,CPI,P50613,compound,protein,1
5287969,CPI,P57059,compound,protein,1
5287969,CPI,Q00534,compound,protein,1
5287969,CPI,Q02763,compound,protein,1
5287969,CPI,Q04912,compound,protein,1
5287969,CPI,Q13523,compound,protein,1
5287969,CPI,Q13554,compound,protein,1
5287969,CPI,Q16539,compound,protein,1
5287969,CPI,Q96PY6,compound,protein,1
5287969,CPI,Q99683,compound,protein,1
5287969,CPI,P42574,compound,protein,0
5287969,CPI,Q9P0X4,compound,protein,0
5287969,CPI,Q9UIF8,compound,protein,0
5287969,CPI,P26358,compound,protein,0
5287969,CPI,P27986,compound,protein,0
5287969,CPI,P07437,compound,protein,0
5287969,CPI,Q14191,compound,protein,0
5287969,CPI,P38398,compound,protein,0
5287969,CPI,Q14994,compound,protein,0
5288209,CPI,P27815,compound,protein,0
5288209,CPI,O94768,compound,protein,0
5288382,CPI,P08235,compound,protein,0
5288382,CPI,Q5BJF2,compound,protein,0
5289501,CPI,Q96L34,compound,protein,0
5289501,CPI,P78356,compound,protein,0
52897293,CPI,Q96KQ7,compound,protein,0
52897293,CPI,P16050,compound,protein,0
5290,CPI,P35462,compound,protein,1
5290,CPI,P21731,compound,protein,0
5291,CPI,O15146,compound,protein,1
5291,CPI,O75747,compound,protein,1
5291,CPI,P07948,compound,protein,1
5291,CPI,P08581,compound,protein,1
5291,CPI,P49336,compound,protein,1
5291,CPI,P51956,compound,protein,1
5291,CPI,Q02156,compound,protein,1
5291,CPI,Q14289,compound,protein,1
5291,CPI,Q8IVH8,compound,protein,1
5291,CPI,Q8TBX8,compound,protein,1
5291,CPI,Q9H2G2,compound,protein,1
5291,CPI,Q15822,compound,protein,0
5291,CPI,P47870,compound,protein,0
5291,CPI,O95718,compound,protein,0
5291,CPI,P78527,compound,protein,0
5291,CPI,P35869,compound,protein,0
5291,CPI,P11473,compound,protein,0
5291,CPI,P27338,compound,protein,0
5291,CPI,P04637,compound,protein,0
5291,CPI,P47989,compound,protein,0
5291,CPI,P49327,compound,protein,0
5291,CPI,Q08289,compound,protein,0
5291,CPI,P30542,compound,protein,0
5291,CPI,O60885,compound,protein,0
52912189,CPI,Q14289,compound,protein,0
5300,CPI,P11168,compound,protein,1
5310786,CPI,Q96KQ7,compound,protein,1
5310966,CPI,P78527,compound,protein,0
5311,CPI,P21728,compound,protein,1
5311,CPI,P47871,compound,protein,1
5311030,CPI,P38398,compound,protein,0
5311032,CPI,P42345,compound,protein,0
5311047,CPI,P46098,compound,protein,1
5311053,CPI,P27986,compound,protein,0
5311067,CPI,Q8TDX7,compound,protein,0
5311097,CPI,P28222,compound,protein,1
5311181,CPI,O60760,compound,protein,1
5311191,CPI,P30530,compound,protein,0
5311211,CPI,Q99928,compound,protein,0
5311211,CPI,P29275,compound,protein,0
5311217,CPI,Q14012,compound,protein,0
5311340,CPI,Q9NUW8,compound,protein,1
5311346,CPI,P33261,compound,protein,1
5311380,CPI,Q9HAZ1,compound,protein,0
5311412,CPI,P04150,compound,protein,1
5311412,CPI,P23975,compound,protein,1
5311412,CPI,Q14191,compound,protein,0
5311424,CPI,P21452,compound,protein,1
5311452,CPI,P46663,compound,protein,0
5311454,CPI,P47869,compound,protein,1
5311454,CPI,Q99928,compound,protein,1
5311454,CPI,P28074,compound,protein,0
5311507,CPI,O43193,compound,protein,1
5311507,CPI,P11229,compound,protein,1
5311507,CPI,P21397,compound,protein,1
5311507,CPI,P50406,compound,protein,1
5311507,CPI,P04637,compound,protein,0
5312122,CPI,Q9UQM7,compound,protein,1
5312137,CPI,P12931,compound,protein,1
5312149,CPI,P28221,compound,protein,1
5312531,CPI,Q6DT37,compound,protein,0
5314,CPI,P07550,compound,protein,0
5315,CPI,Q9BQI3,compound,protein,0
5316606,CPI,P41743,compound,protein,0
5317221,CPI,Q99527,compound,protein,1
5317750,CPI,Q9UBN7,compound,protein,1
5318,CPI,P35462,compound,protein,1
5318,CPI,Q01959,compound,protein,1
5318433,CPI,O75496,compound,protein,1
5318433,CPI,Q15349,compound,protein,0
5318997,CPI,P07550,compound,protein,0
5319,CPI,Q03431,compound,protein,1
5320,CPI,P07550,compound,protein,1
5320,CPI,P14416,compound,protein,1
5320,CPI,P27815,compound,protein,0
5320,CPI,Q13639,compound,protein,0
5320,CPI,P46663,compound,protein,0
5320,CPI,Q08881,compound,protein,0
5320,CPI,Q8WXR4,compound,protein,0
5320,CPI,P53350,compound,protein,0
5320716,CPI,O60563,compound,protein,0
53232,CPI,P53671,compound,protein,0
53235510,CPI,P08684,compound,protein,1
53235510,CPI,P42338,compound,protein,1
53235510,CPI,P51813,compound,protein,1
53235510,CPI,Q06187,compound,protein,1
53235510,CPI,Q16539,compound,protein,1
53235510,CPI,Q03431,compound,protein,0
53235510,CPI,Q96DB2,compound,protein,0
53235510,CPI,Q08881,compound,protein,0
5323714,CPI,P18089,compound,protein,1
5323714,CPI,P21709,compound,protein,0
53239854,CPI,P10635,compound,protein,0
53240420,CPI,P00533,compound,protein,0
5324346,CPI,P21397,compound,protein,1
5324346,CPI,P25929,compound,protein,1
5324346,CPI,P32245,compound,protein,1
5324346,CPI,Q99720,compound,protein,1
5324346,CPI,Q96DB2,compound,protein,0
5324346,CPI,P41240,compound,protein,0
5325,CPI,Q9NSY1,compound,protein,0
5327,CPI,P25929,compound,protein,1
5327,CPI,Q01959,compound,protein,1
5327,CPI,Q8N5S9,compound,protein,0
53276,CPI,P55210,compound,protein,1
53276,CPI,Q9NRH2,compound,protein,0
53276,CPI,P51813,compound,protein,0
5327723,CPI,Q99928,compound,protein,0
5327723,CPI,P43681,compound,protein,0
5328760,CPI,Q9UBT6,compound,protein,1
5328771,CPI,Q9H2K2,compound,protein,0
5328771,CPI,O15245,compound,protein,0
5328772,CPI,P18054,compound,protein,1
5328772,CPI,P47870,compound,protein,0
5328804,CPI,Q99720,compound,protein,0
5328940,CPI,P23975,compound,protein,1
5328940,CPI,P24941,compound,protein,1
5328940,CPI,P42681,compound,protein,1
5328940,CPI,P43405,compound,protein,1
5328940,CPI,P51812,compound,protein,1
5328940,CPI,P51955,compound,protein,1
5328940,CPI,Q13233,compound,protein,1
5328940,CPI,Q16566,compound,protein,1
5328940,CPI,Q8IWQ3,compound,protein,1
5328940,CPI,Q96NX5,compound,protein,1
5328940,CPI,Q9H4B4,compound,protein,1
5328940,CPI,Q9NYY3,compound,protein,1
5328940,CPI,Q9UKE5,compound,protein,1
5328940,CPI,Q9Y2H1,compound,protein,1
5328940,CPI,Q96RI1,compound,protein,0
5328940,CPI,Q9Y6L6,compound,protein,0
5328940,CPI,O60563,compound,protein,0
5328940,CPI,P01215,compound,protein,0
5328940,CPI,P35368,compound,protein,0
5328940,CPI,Q9ULX7,compound,protein,0
5328940,CPI,P11712,compound,protein,0
5329,CPI,P08913,compound,protein,1
5329,CPI,P14416,compound,protein,1
5329,CPI,P37288,compound,protein,1
5329006,CPI,P17948,compound,protein,1
5329006,CPI,P35228,compound,protein,0
5329099,CPI,P47870,compound,protein,0
5329102,CPI,O15197,compound,protein,1
5329102,CPI,P14416,compound,protein,1
5329102,CPI,P17252,compound,protein,1
5329102,CPI,P22694,compound,protein,1
5329102,CPI,P31645,compound,protein,1
5329102,CPI,P41240,compound,protein,1
5329102,CPI,P42681,compound,protein,1
5329102,CPI,P42685,compound,protein,1
5329102,CPI,P43250,compound,protein,1
5329102,CPI,P48730,compound,protein,1
5329102,CPI,P51817,compound,protein,1
5329102,CPI,P54764,compound,protein,1
5329102,CPI,P57078,compound,protein,1
5329102,CPI,P78356,compound,protein,1
5329102,CPI,P80370,compound,protein,1
5329102,CPI,Q13188,compound,protein,1
5329102,CPI,Q13237,compound,protein,1
5329102,CPI,Q14164,compound,protein,1
5329102,CPI,Q9NYL2,compound,protein,1
5329102,CPI,Q16637,compound,protein,0
5329102,CPI,P10632,compound,protein,0
5329102,CPI,P26358,compound,protein,0
5329102,CPI,Q9UQL6,compound,protein,0
5329102,CPI,P01215,compound,protein,0
5329102,CPI,Q8NER1,compound,protein,0
5329102,CPI,O60341,compound,protein,0
5329102,CPI,P37231,compound,protein,0
5329103,CPI,P16234,compound,protein,1
5329103,CPI,Q01668,compound,protein,0
5329255,CPI,P00533,compound,protein,1
5329255,CPI,P21728,compound,protein,1
5329255,CPI,P27695,compound,protein,1
5329255,CPI,Q13526,compound,protein,1
5329255,CPI,P47871,compound,protein,0
5329480,CPI,P04626,compound,protein,1
5330,CPI,P02545,compound,protein,1
5330,CPI,P07550,compound,protein,1
5330,CPI,P18825,compound,protein,1
5330,CPI,P33261,compound,protein,1
5330286,CPI,P00519,compound,protein,1
5330286,CPI,P08913,compound,protein,1
5330286,CPI,P11229,compound,protein,1
5330286,CPI,P16234,compound,protein,1
5330286,CPI,P45985,compound,protein,1
5330286,CPI,P47898,compound,protein,1
5330286,CPI,P52333,compound,protein,1
5330286,CPI,Q12851,compound,protein,1
5330286,CPI,Q8IU85,compound,protein,1
5330286,CPI,Q9HAZ1,compound,protein,1
5330286,CPI,P29322,compound,protein,0
5330286,CPI,P54132,compound,protein,0
5330286,CPI,P14061,compound,protein,0
5330790,CPI,O75716,compound,protein,1
5330790,CPI,P22455,compound,protein,1
5330790,CPI,P35916,compound,protein,1
5330790,CPI,P42685,compound,protein,1
5330790,CPI,P54646,compound,protein,1
5330790,CPI,P54753,compound,protein,1
5330790,CPI,Q5VT25,compound,protein,1
5330790,CPI,Q9Y6E0,compound,protein,1
5330790,CPI,P35354,compound,protein,0
5330790,CPI,P22830,compound,protein,0
5330790,CPI,P14867,compound,protein,0
5330790,CPI,P23219,compound,protein,0
5330790,CPI,Q8IUX4,compound,protein,0
5330790,CPI,O43193,compound,protein,0
5330790,CPI,O75747,compound,protein,0
5330790,CPI,Q15208,compound,protein,0
5330790,CPI,Q9ULX7,compound,protein,0
5330790,CPI,P21731,compound,protein,0
53315878,CPI,P43403,compound,protein,0
53315882,CPI,P41143,compound,protein,0
53340666,CPI,Q05940,compound,protein,0
5335,CPI,Q5VT25,compound,protein,0
5336,CPI,P08908,compound,protein,1
5336,CPI,Q8NE63,compound,protein,0
5337997,CPI,Q9BQI3,compound,protein,0
53382703,CPI,O95718,compound,protein,0
53389,CPI,Q15303,compound,protein,0
5339,CPI,P07550,compound,protein,1
5339,CPI,P18089,compound,protein,1
5339,CPI,P43681,compound,protein,1
5339,CPI,Q16665,compound,protein,1
53393127,CPI,P20393,compound,protein,1
53398658,CPI,Q02790,compound,protein,1
5340,CPI,Q9Y5N1,compound,protein,1
53401173,CPI,O95835,compound,protein,0
5341934,CPI,P35236,compound,protein,1
5342,CPI,P08588,compound,protein,1
5342,CPI,Q9UKE5,compound,protein,0
5342,CPI,P24941,compound,protein,0
5344,CPI,P00734,compound,protein,0
5344,CPI,Q15759,compound,protein,0
5344,CPI,O00238,compound,protein,0
5352,CPI,P29274,compound,protein,1
5352,CPI,P37231,compound,protein,1
5352,CPI,Q9Y5N1,compound,protein,1
5352,CPI,O60674,compound,protein,0
5352,CPI,O15530,compound,protein,0
5352,CPI,P36888,compound,protein,0
5353431,CPI,P54764,compound,protein,0
5353432,CPI,P00352,compound,protein,1
5353593,CPI,P37840,compound,protein,1
5353609,CPI,P32298,compound,protein,0
5353623,CPI,P05093,compound,protein,0
5353623,CPI,P37023,compound,protein,0
5353685,CPI,P27695,compound,protein,1
5353685,CPI,Q96KQ7,compound,protein,1
5353685,CPI,P36897,compound,protein,0
5353685,CPI,P27487,compound,protein,0
5353760,CPI,O43318,compound,protein,0
5353852,CPI,Q96QE3,compound,protein,1
5353853,CPI,P01215,compound,protein,0
5353853,CPI,P09619,compound,protein,0
5353853,CPI,Q99683,compound,protein,0
5353853,CPI,Q5VT25,compound,protein,0
5353993,CPI,P08684,compound,protein,0
5353993,CPI,P18089,compound,protein,0
5354,CPI,P06241,compound,protein,1
5354,CPI,P18825,compound,protein,1
5354,CPI,P06239,compound,protein,0
5355,CPI,P43166,compound,protein,1
5355,CPI,O15197,compound,protein,0
5355,CPI,Q9UKE5,compound,protein,0
5355,CPI,Q08881,compound,protein,0
5358,CPI,P08588,compound,protein,1
5358,CPI,P41595,compound,protein,1
5358,CPI,P50406,compound,protein,1
5358,CPI,P37840,compound,protein,0
5359371,CPI,Q96QE3,compound,protein,0
5360696,CPI,P21728,compound,protein,1
5360697,CPI,O15245,compound,protein,1
5361,CPI,Q96KQ7,compound,protein,1
5362,CPI,P54762,compound,protein,0
5362032,CPI,P12821,compound,protein,1
5362116,CPI,P08684,compound,protein,0
5362119,CPI,P11229,compound,protein,1
5362119,CPI,Q8IU85,compound,protein,0
5362124,CPI,P11229,compound,protein,1
5362124,CPI,P14416,compound,protein,1
5362124,CPI,P50406,compound,protein,1
5362124,CPI,Q13526,compound,protein,0
5362124,CPI,Q9HAZ1,compound,protein,0
5362129,CPI,Q9ULX7,compound,protein,0
5362129,CPI,Q9UM73,compound,protein,0
5362129,CPI,P28482,compound,protein,0
5362422,CPI,P03956,compound,protein,1
5362422,CPI,P78536,compound,protein,1
53708,CPI,P25021,compound,protein,1
53708,CPI,Q14123,compound,protein,0
53729257,CPI,Q08289,compound,protein,1
53734236,CPI,P21918,compound,protein,1
53734236,CPI,Q8NE63,compound,protein,0
5374,CPI,P21917,compound,protein,1
5374464,CPI,Q14500,compound,protein,0
5375083,CPI,P50406,compound,protein,0
5378597,CPI,Q8WXR4,compound,protein,0
5379,CPI,P08588,compound,protein,1
5379,CPI,P43681,compound,protein,1
5379,CPI,Q9UQL6,compound,protein,0
5381,CPI,O43193,compound,protein,1
5381,CPI,P10253,compound,protein,0
5388962,CPI,P21917,compound,protein,1
5388962,CPI,Q9Y2U5,compound,protein,0
5391,CPI,P41595,compound,protein,1
5394,CPI,P51151,compound,protein,0
5401,CPI,P02545,compound,protein,1
5401,CPI,Q9NS40,compound,protein,1
5405,CPI,P14416,compound,protein,1
5405,CPI,P17861,compound,protein,1
5405,CPI,P21728,compound,protein,1
5405,CPI,P34947,compound,protein,0
5405,CPI,P41240,compound,protein,0
5405,CPI,Q9Y4K4,compound,protein,0
5405,CPI,O60285,compound,protein,0
5405,CPI,Q9HC98,compound,protein,0
5411,CPI,P21918,compound,protein,1
5411,CPI,P37288,compound,protein,1
5411,CPI,P41143,compound,protein,1
5411,CPI,P43403,compound,protein,0
54167661,CPI,Q16236,compound,protein,0
5417,CPI,Q99720,compound,protein,1
54248788,CPI,O14733,compound,protein,0
5426,CPI,P18089,compound,protein,1
5426,CPI,P35372,compound,protein,1
5426,CPI,Q9ULX7,compound,protein,0
5429,CPI,P14416,compound,protein,1
5429,CPI,P18825,compound,protein,1
5429,CPI,P41595,compound,protein,1
54367,CPI,P08908,compound,protein,1
54385,CPI,O95665,compound,protein,1
5440,CPI,P21731,compound,protein,1
54416523,CPI,Q9UM07,compound,protein,0
54454,CPI,P21728,compound,protein,1
54454,CPI,P36897,compound,protein,0
54454,CPI,Q16512,compound,protein,0
54454,CPI,Q9H3Y6,compound,protein,0
54454,CPI,P34947,compound,protein,0
54456,CPI,P38398,compound,protein,0
54459,CPI,Q8IVW4,compound,protein,0
54477,CPI,P21728,compound,protein,1
5450,CPI,P25021,compound,protein,1
5452,CPI,Q16236,compound,protein,1
5452,CPI,P25103,compound,protein,0
5452,CPI,O96017,compound,protein,0
54562,CPI,P16050,compound,protein,1
54562,CPI,P21728,compound,protein,1
5458656,CPI,P16050,compound,protein,1
5460339,CPI,Q9UKE5,compound,protein,0
54616981,CPI,Q06710,compound,protein,1
54617784,CPI,Q14680,compound,protein,0
54618293,CPI,Q06710,compound,protein,1
54618317,CPI,Q9BVS4,compound,protein,0
54618771,CPI,Q13153,compound,protein,0
54618845,CPI,Q9Y5N1,compound,protein,0
54618855,CPI,Q9Y5N1,compound,protein,0
54618962,CPI,P43403,compound,protein,0
54618968,CPI,Q9Y5N1,compound,protein,0
54646515,CPI,O00238,compound,protein,0
54650077,CPI,P08069,compound,protein,0
54657607,CPI,Q9BRS2,compound,protein,0
54657608,CPI,Q9H4B4,compound,protein,0
54666674,CPI,Q06710,compound,protein,1
5467,CPI,P10635,compound,protein,1
5467,CPI,P49760,compound,protein,0
5467,CPI,O43318,compound,protein,0
54675769,CPI,P12821,compound,protein,0
54676038,CPI,O43193,compound,protein,1
54676038,CPI,P21728,compound,protein,1
54676038,CPI,P0DP23,compound,protein,0
54676478,CPI,Q9UBF8,compound,protein,0
54676535,CPI,Q9HAZ1,compound,protein,0
5468,CPI,P08908,compound,protein,1
5468,CPI,P49662,compound,protein,1
5468,CPI,Q13546,compound,protein,0
54680692,CPI,Q9BQB6,compound,protein,1
54682876,CPI,P56524,compound,protein,1
54682876,CPI,Q7L7X3,compound,protein,0
54685921,CPI,P02545,compound,protein,1
54685921,CPI,P15428,compound,protein,1
54687,CPI,Q8TDC3,compound,protein,0
5469318,CPI,Q9UPE1,compound,protein,0
5472,CPI,P21917,compound,protein,1
5472,CPI,P33261,compound,protein,1
5472,CPI,Q13555,compound,protein,0
5472,CPI,Q06418,compound,protein,0
5472495,CPI,P10636,compound,protein,1
5472495,CPI,P53778,compound,protein,0
54746,CPI,P14416,compound,protein,1
54746,CPI,P23975,compound,protein,1
54746,CPI,P54756,compound,protein,0
54752951,CPI,Q9BXA7,compound,protein,0
54764919,CPI,P07550,compound,protein,1
54766,CPI,P14416,compound,protein,0
54766,CPI,P51957,compound,protein,0
5478883,CPI,P07711,compound,protein,1
5479,CPI,P07550,compound,protein,1
5479,CPI,P0DMS8,compound,protein,1
5479,CPI,P43220,compound,protein,0
5482874,CPI,Q15835,compound,protein,0
54841,CPI,P10415,compound,protein,0
5487,CPI,P37288,compound,protein,1
5487,CPI,Q96QE3,compound,protein,1
54892,CPI,P21917,compound,protein,1
54892,CPI,P47898,compound,protein,1
54892,CPI,Q14432,compound,protein,1
54892,CPI,P27487,compound,protein,0
54892,CPI,P17948,compound,protein,0
54892,CPI,Q9UL54,compound,protein,0
5494449,CPI,O00311,compound,protein,1
5494449,CPI,O43293,compound,protein,1
5494449,CPI,O75582,compound,protein,1
5494449,CPI,P31749,compound,protein,1
5494449,CPI,P34947,compound,protein,1
5494449,CPI,P42680,compound,protein,1
5494449,CPI,P48736,compound,protein,1
5494449,CPI,P49336,compound,protein,1
5494449,CPI,P50613,compound,protein,1
5494449,CPI,P52564,compound,protein,1
5494449,CPI,Q00537,compound,protein,1
5494449,CPI,Q08881,compound,protein,1
5494449,CPI,Q13546,compound,protein,1
5494449,CPI,Q15418,compound,protein,1
5494449,CPI,Q8IU85,compound,protein,1
5494449,CPI,Q9BUB5,compound,protein,1
5494449,CPI,Q9UM73,compound,protein,1
5494449,CPI,Q03431,compound,protein,0
5494449,CPI,P0DP23,compound,protein,0
5494449,CPI,P35368,compound,protein,0
5494449,CPI,P04278,compound,protein,0
5494449,CPI,P25101,compound,protein,0
5494449,CPI,P31645,compound,protein,0
5494449,CPI,P23280,compound,protein,0
5494449,CPI,P05164,compound,protein,0
5494449,CPI,P10632,compound,protein,0
5501,CPI,Q8IWQ3,compound,protein,0
5503,CPI,P08913,compound,protein,1
5503,CPI,Q09428,compound,protein,1
5503,CPI,Q9Y5N1,compound,protein,1
5503,CPI,Q9H4B4,compound,protein,0
5503,CPI,P21709,compound,protein,0
5503,CPI,P02545,compound,protein,0
5504,CPI,Q96RJ0,compound,protein,1
5504,CPI,Q14004,compound,protein,0
5505,CPI,P11712,compound,protein,1
5505,CPI,P25021,compound,protein,1
5510,CPI,P08684,compound,protein,1
5510,CPI,Q09013,compound,protein,0
551033,CPI,P42680,compound,protein,0
5515,CPI,P35462,compound,protein,0
5517,CPI,P37231,compound,protein,0
551704,CPI,Q8N5Y8,compound,protein,0
55245,CPI,P08235,compound,protein,1
55245,CPI,Q8IVW4,compound,protein,0
55245,CPI,Q9NYY3,compound,protein,0
5526,CPI,P23975,compound,protein,1
5526,CPI,Q01959,compound,protein,1
5526,CPI,P49841,compound,protein,0
5526,CPI,Q9UPZ9,compound,protein,0
5526,CPI,P51957,compound,protein,0
55263,CPI,P35354,compound,protein,0
55283,CPI,Q7L7X3,compound,protein,0
5531,CPI,Q01064,compound,protein,1
5531,CPI,O75460,compound,protein,0
5533,CPI,P25103,compound,protein,1
5533,CPI,P42338,compound,protein,0
5533,CPI,P35869,compound,protein,0
5534,CPI,Q13255,compound,protein,0
5537,CPI,O15439,compound,protein,1
55445,CPI,Q99720,compound,protein,1
5546,CPI,P08912,compound,protein,1
5546,CPI,P19838,compound,protein,1
5546,CPI,Q16665,compound,protein,1
5546,CPI,Q99700,compound,protein,1
5546,CPI,P17948,compound,protein,0
5560,CPI,Q9ULX7,compound,protein,1
5560,CPI,O60885,compound,protein,0
5560,CPI,Q9NP59,compound,protein,0
55652,CPI,Q8WZA2,compound,protein,0
5566,CPI,P18089,compound,protein,1
5566,CPI,P43681,compound,protein,1
5566,CPI,P50406,compound,protein,1
5566,CPI,P53350,compound,protein,0
5566,CPI,Q16678,compound,protein,0
5568,CPI,P23975,compound,protein,1
5568,CPI,P39748,compound,protein,1
5568,CPI,O60285,compound,protein,0
5573,CPI,O75469,compound,protein,1
5574,CPI,Q8IVH8,compound,protein,0
5576,CPI,P07550,compound,protein,1
5576,CPI,Q16637,compound,protein,0
5576,CPI,Q15746,compound,protein,0
5576,CPI,Q9UQM7,compound,protein,0
5584,CPI,P08173,compound,protein,1
5584,CPI,P28221,compound,protein,1
5584,CPI,P21127,compound,protein,0
5585,CPI,P23975,compound,protein,1
5585,CPI,Q8IY84,compound,protein,0
5585,CPI,Q9HC98,compound,protein,0
5585,CPI,Q8WZA2,compound,protein,0
5587,CPI,P08908,compound,protein,1
5587,CPI,P21731,compound,protein,1
5587,CPI,P30530,compound,protein,0
5587,CPI,P22748,compound,protein,0
5587,CPI,Q9H2K2,compound,protein,0
5587,CPI,P35368,compound,protein,0
5591,CPI,P24557,compound,protein,1
5591,CPI,P27338,compound,protein,1
5591,CPI,P35354,compound,protein,1
5591,CPI,P36897,compound,protein,0
5593,CPI,P25021,compound,protein,1
5593,CPI,P80192,compound,protein,0
5595,CPI,P14416,compound,protein,1
5606,CPI,Q9BRS2,compound,protein,0
5614,CPI,P16050,compound,protein,1
5614,CPI,Q86UE8,compound,protein,0
5639,CPI,P33261,compound,protein,1
5639,CPI,O15118,compound,protein,0
564,CPI,P00750,compound,protein,1
564,CPI,P46063,compound,protein,1
564,CPI,Q96KQ7,compound,protein,1
564,CPI,P07333,compound,protein,0
5650,CPI,O95382,compound,protein,0
5656,CPI,O15244,compound,protein,0
5656,CPI,O43781,compound,protein,0
56599306,CPI,P21917,compound,protein,0
56649450,CPI,P49336,compound,protein,0
5665,CPI,P18825,compound,protein,1
5665,CPI,P25021,compound,protein,1
5665,CPI,P80404,compound,protein,0
5666,CPI,P41143,compound,protein,1
5666,CPI,P16083,compound,protein,0
5666,CPI,Q9UIK4,compound,protein,0
5673,CPI,O75116,compound,protein,0
56835213,CPI,Q9UBT6,compound,protein,0
56835371,CPI,Q15303,compound,protein,0
56839178,CPI,P30530,compound,protein,1
56839178,CPI,Q99928,compound,protein,0
5684,CPI,P25100,compound,protein,1
56840728,CPI,P35462,compound,protein,0
56840865,CPI,P29475,compound,protein,0
56846693,CPI,P07948,compound,protein,1
56846693,CPI,Q9UIF8,compound,protein,0
5685,CPI,P22607,compound,protein,0
5685,CPI,Q15418,compound,protein,0
5694,CPI,P51617,compound,protein,0
5694,CPI,Q13233,compound,protein,0
56959,CPI,Q13470,compound,protein,0
56965963,CPI,O75604,compound,protein,0
56971,CPI,P18089,compound,protein,0
56973724,CPI,P43220,compound,protein,0
57007282,CPI,P09884,compound,protein,1
5701990,CPI,Q16659,compound,protein,0
5701996,CPI,P51813,compound,protein,0
5701996,CPI,P04626,compound,protein,0
5702015,CPI,P28222,compound,protein,1
5702015,CPI,P51956,compound,protein,0
5702031,CPI,P01215,compound,protein,0
5702042,CPI,P54709,compound,protein,1
5702065,CPI,P08173,compound,protein,1
5702074,CPI,P11229,compound,protein,1
5702076,CPI,P35354,compound,protein,0
5702081,CPI,O00311,compound,protein,0
5702090,CPI,O60885,compound,protein,0
5702114,CPI,P08913,compound,protein,0
5702134,CPI,O00204,compound,protein,1
5702135,CPI,P48167,compound,protein,1
5702148,CPI,P41595,compound,protein,0
5702164,CPI,Q9UHA3,compound,protein,1
5702164,CPI,O14936,compound,protein,0
5702274,CPI,P04054,compound,protein,1
57030,CPI,P00374,compound,protein,1
57030,CPI,P06493,compound,protein,0
5707,CPI,P35372,compound,protein,0
5707818,CPI,Q9Y5N1,compound,protein,0
5709,CPI,P16473,compound,protein,1
5711,CPI,O00418,compound,protein,1
5711,CPI,O94806,compound,protein,1
5711,CPI,O95819,compound,protein,1
5711,CPI,P35916,compound,protein,1
5711,CPI,Q13188,compound,protein,1
5711,CPI,Q13976,compound,protein,1
5711,CPI,P14618,compound,protein,0
5711,CPI,P25929,compound,protein,0
5711,CPI,O75914,compound,protein,0
5711,CPI,P32238,compound,protein,0
57118766,CPI,P11473,compound,protein,1
5717,CPI,P08588,compound,protein,1
5717,CPI,P08908,compound,protein,1
5717737,CPI,P57078,compound,protein,0
5723,CPI,P02545,compound,protein,1
5730,CPI,O76039,compound,protein,0
5732,CPI,P08908,compound,protein,1
5732,CPI,P21728,compound,protein,1
57335384,CPI,Q08289,compound,protein,0
57336812,CPI,Q99720,compound,protein,0
57339144,CPI,Q9ULX7,compound,protein,0
5734,CPI,P35354,compound,protein,1
5734,CPI,Q01959,compound,protein,1
5734,CPI,Q8N1C3,compound,protein,1
5734,CPI,Q99928,compound,protein,1
5734,CPI,Q9NY46,compound,protein,1
5734,CPI,Q9P0X4,compound,protein,1
5734,CPI,P17948,compound,protein,0
5734,CPI,Q9H4B4,compound,protein,0
57340680,CPI,Q09428,compound,protein,0
5735,CPI,P10636,compound,protein,1
57363,CPI,P11712,compound,protein,1
57363,CPI,Q9UPZ9,compound,protein,0
57363,CPI,Q9H3N8,compound,protein,0
57379345,CPI,P08069,compound,protein,1
57379345,CPI,P10721,compound,protein,1
57379345,CPI,Q16566,compound,protein,1
57379345,CPI,Q9BQB6,compound,protein,0
57379345,CPI,P31644,compound,protein,0
57379345,CPI,P18054,compound,protein,0
57379345,CPI,P04062,compound,protein,0
57379345,CPI,Q14994,compound,protein,0
57379345,CPI,Q15303,compound,protein,0
5738263,CPI,P18089,compound,protein,0
5742832,CPI,Q9Y5N1,compound,protein,0
5743,CPI,P36896,compound,protein,0
5745,CPI,Q07002,compound,protein,0
57469,CPI,P11229,compound,protein,1
57469,CPI,P31645,compound,protein,1
57469,CPI,Q9NUW8,compound,protein,1
574780,CPI,Q16512,compound,protein,0
5756371,CPI,P47898,compound,protein,0
5756371,CPI,P25101,compound,protein,0
5757,CPI,P02545,compound,protein,1
5757,CPI,P07550,compound,protein,1
5757,CPI,P10636,compound,protein,1
5757,CPI,P20813,compound,protein,1
5757,CPI,Q06124,compound,protein,0
5757,CPI,P24941,compound,protein,0
5765514,CPI,P11229,compound,protein,0
576989,CPI,P02545,compound,protein,1
576989,CPI,Q96KQ7,compound,protein,1
5770,CPI,P25929,compound,protein,1
5780,CPI,O75496,compound,protein,1
5790,CPI,O75496,compound,protein,1
5790,CPI,Q13873,compound,protein,0
5803,CPI,P37231,compound,protein,1
5803,CPI,Q14973,compound,protein,1
58144,CPI,P30518,compound,protein,0
5816,CPI,P14416,compound,protein,1
5816,CPI,P25100,compound,protein,1
5816,CPI,Q9BWU1,compound,protein,0
5819,CPI,Q02763,compound,protein,0
58258,CPI,Q96KQ7,compound,protein,1
5833,CPI,P23458,compound,protein,0
5853,CPI,P53778,compound,protein,0
58573469,CPI,O15151,compound,protein,1
5865,CPI,P37288,compound,protein,1
5865,CPI,Q8TDS4,compound,protein,1
5865,CPI,P51617,compound,protein,0
5865,CPI,P35368,compound,protein,0
5866327,CPI,Q15746,compound,protein,0
5879,CPI,P04278,compound,protein,1
5879,CPI,P11413,compound,protein,0
5881,CPI,Q14957,compound,protein,1
5881,CPI,Q9UHC9,compound,protein,1
5893,CPI,Q8IWQ3,compound,protein,0
5904,CPI,P18825,compound,protein,0
5904,CPI,Q9UBN7,compound,protein,0
5906,CPI,P08913,compound,protein,1
5906,CPI,Q06187,compound,protein,0
5912039,CPI,P49761,compound,protein,0
59174579,CPI,Q08881,compound,protein,1
59174579,CPI,Q9Y2I1,compound,protein,0
5920,CPI,O43193,compound,protein,1
5920,CPI,P08588,compound,protein,1
5920,CPI,Q08499,compound,protein,1
5920,CPI,P57059,compound,protein,0
5920,CPI,P28482,compound,protein,0
5920,CPI,Q13547,compound,protein,0
59227,CPI,P21917,compound,protein,1
59227,CPI,Q13873,compound,protein,0
59239165,CPI,P08912,compound,protein,0
5941539,CPI,Q7Z2W7,compound,protein,0
59473233,CPI,P11712,compound,protein,1
5952,CPI,P23975,compound,protein,0
5952,CPI,P32238,compound,protein,0
596,CPI,P08069,compound,protein,0
59603622,CPI,P08908,compound,protein,0
59603622,CPI,P31645,compound,protein,0
5961,CPI,P54132,compound,protein,1
5961,CPI,Q9UBS5,compound,protein,0
5991,CPI,P08913,compound,protein,1
5991,CPI,P11229,compound,protein,1
5991,CPI,P46734,compound,protein,0
5991,CPI,P32298,compound,protein,0
5994,CPI,Q14432,compound,protein,1
5994,CPI,Q92731,compound,protein,0
5994,CPI,P08631,compound,protein,0
5995,CPI,P21397,compound,protein,1
5995,CPI,P23975,compound,protein,1
6000533,CPI,Q99759,compound,protein,0
6000533,CPI,P06401,compound,protein,0
6001,CPI,O75496,compound,protein,1
6001,CPI,P04629,compound,protein,0
6001181,CPI,P43220,compound,protein,1
6001181,CPI,Q8WZA2,compound,protein,1
6001181,CPI,P07550,compound,protein,0
6005,CPI,P25103,compound,protein,0
600670,CPI,O75747,compound,protein,0
6009,CPI,Q6XQN6,compound,protein,1
60138149,CPI,O60674,compound,protein,1
60138149,CPI,Q14164,compound,protein,1
60138149,CPI,Q9UN88,compound,protein,0
60167550,CPI,Q00536,compound,protein,0
60184958,CPI,Q86UE8,compound,protein,0
60185081,CPI,Q9BUB5,compound,protein,0
60185239,CPI,Q06710,compound,protein,1
60185359,CPI,Q06710,compound,protein,1
60191404,CPI,P08913,compound,protein,0
6032,CPI,P28482,compound,protein,0
6035,CPI,Q16637,compound,protein,1
6035,CPI,Q96KQ7,compound,protein,1
6037,CPI,Q96NT5,compound,protein,1
6037,CPI,O75676,compound,protein,0
6037,CPI,Q13546,compound,protein,0
6041,CPI,P41143,compound,protein,1
6041,CPI,Q9UNA4,compound,protein,0
60464,CPI,P28482,compound,protein,1
6047,CPI,Q9UNA4,compound,protein,1
6047,CPI,P51449,compound,protein,0
6047,CPI,O14757,compound,protein,0
6049,CPI,P07550,compound,protein,1
6049,CPI,P35354,compound,protein,1
6049,CPI,Q01453,compound,protein,0
60490,CPI,P08588,compound,protein,1
60490,CPI,P43681,compound,protein,1
60490,CPI,Q9BZL6,compound,protein,0
60511,CPI,Q16236,compound,protein,0
60511,CPI,Q15746,compound,protein,0
60602,CPI,Q9NUW8,compound,protein,1
60602,CPI,P08631,compound,protein,0
60606,CPI,P08913,compound,protein,1
60606,CPI,Q13873,compound,protein,0
60663,CPI,P39748,compound,protein,1
60663,CPI,Q03181,compound,protein,0
60663,CPI,O75460,compound,protein,0
60750,CPI,P08908,compound,protein,1
60750,CPI,P43681,compound,protein,1
60753,CPI,O00180,compound,protein,1
60759,CPI,Q9Y239,compound,protein,0
60759,CPI,P32238,compound,protein,0
60759,CPI,P48729,compound,protein,0
60769,CPI,P08908,compound,protein,1
6077,CPI,P02545,compound,protein,1
6077,CPI,P16473,compound,protein,1
60773,CPI,O43193,compound,protein,1
60773,CPI,Q8IVH8,compound,protein,0
60785,CPI,Q05397,compound,protein,0
60795,CPI,P50406,compound,protein,1
60795,CPI,Q01959,compound,protein,1
60795,CPI,O14578,compound,protein,0
60825,CPI,P16499,compound,protein,1
60825,CPI,P47898,compound,protein,1
60835,CPI,P09917,compound,protein,0
60840,CPI,Q05586,compound,protein,1
60852,CPI,P21728,compound,protein,1
60852,CPI,P25021,compound,protein,1
60852,CPI,P34969,compound,protein,1
60854,CPI,P08588,compound,protein,1
60854,CPI,P50406,compound,protein,1
60854,CPI,O76039,compound,protein,0
60854,CPI,Q8IUX4,compound,protein,0
60854,CPI,P29322,compound,protein,0
60854,CPI,Q13470,compound,protein,0
60859,CPI,O15530,compound,protein,0
6091659,CPI,P33261,compound,protein,1
6091659,CPI,P30518,compound,protein,0
60937,CPI,Q9Y2K2,compound,protein,0
60937,CPI,P30542,compound,protein,0
60947,CPI,Q9NUW8,compound,protein,0
60953,CPI,Q56UN5,compound,protein,0
60961,CPI,Q9HAS3,compound,protein,1
6127,CPI,P07550,compound,protein,1
613000,CPI,P50406,compound,protein,0
6160690,CPI,P02545,compound,protein,1
6166,CPI,Q16637,compound,protein,1
6166,CPI,P04150,compound,protein,0
6166,CPI,P16050,compound,protein,0
6166563,CPI,P07948,compound,protein,0
6167,CPI,P41595,compound,protein,1
6167,CPI,Q16236,compound,protein,1
6167,CPI,Q9BXA7,compound,protein,0
6167,CPI,Q8IU85,compound,protein,0
6173479,CPI,P84022,compound,protein,1
6175,CPI,P29274,compound,protein,0
6185,CPI,P24941,compound,protein,0
6185,CPI,Q03181,compound,protein,0
6197,CPI,Q9UPE1,compound,protein,0
6202912,CPI,Q9Y239,compound,protein,1
6215,CPI,P04054,compound,protein,1
6230,CPI,P30518,compound,protein,1
6234,CPI,Q9NR56,compound,protein,0
62389,CPI,P11229,compound,protein,0
6249,CPI,O15118,compound,protein,0
6253,CPI,P09884,compound,protein,1
6253,CPI,P35354,compound,protein,1
6253,CPI,P07332,compound,protein,0
6253,CPI,P21860,compound,protein,0
6253,CPI,P07948,compound,protein,0
6256,CPI,Q9Y2H1,compound,protein,0
6279,CPI,Q16236,compound,protein,1
6279,CPI,Q9BXA7,compound,protein,0
62824,CPI,P11712,compound,protein,1
62824,CPI,Q8IVW4,compound,protein,0
628698,CPI,P25103,compound,protein,0
62875,CPI,P42685,compound,protein,0
62887,CPI,Q15822,compound,protein,1
6291,CPI,Q9UBE8,compound,protein,0
6293,CPI,Q16678,compound,protein,1
6293,CPI,P17252,compound,protein,0
62959,CPI,P28221,compound,protein,0
629852,CPI,Q7KZI7,compound,protein,0
6305,CPI,P08684,compound,protein,1
6305,CPI,P39748,compound,protein,1
6307,CPI,P51955,compound,protein,0
6307,CPI,P15735,compound,protein,0
63112,CPI,Q8NE63,compound,protein,0
63112,CPI,P11802,compound,protein,0
6321411,CPI,P04150,compound,protein,1
6321411,CPI,P11229,compound,protein,1
6321411,CPI,P29274,compound,protein,1
6321411,CPI,P30542,compound,protein,1
6321411,CPI,P08922,compound,protein,0
6321411,CPI,O75747,compound,protein,0
6321411,CPI,O94768,compound,protein,0
6321411,CPI,Q9UBS5,compound,protein,0
6321411,CPI,P00519,compound,protein,0
63306,CPI,P11712,compound,protein,1
6334600,CPI,P35372,compound,protein,0
6334600,CPI,O75469,compound,protein,0
6364620,CPI,Q8N568,compound,protein,0
637542,CPI,P14679,compound,protein,1
637568,CPI,Q8WTQ7,compound,protein,0
637858,CPI,Q06710,compound,protein,1
637858,CPI,Q16881,compound,protein,1
637858,CPI,Q96QE3,compound,protein,1
638024,CPI,P27338,compound,protein,1
639665,CPI,P55072,compound,protein,1
6399253,CPI,O75469,compound,protein,1
6399253,CPI,P08588,compound,protein,1
6399253,CPI,P21731,compound,protein,1
6399253,CPI,P37288,compound,protein,1
6399253,CPI,Q8WTQ7,compound,protein,0
6399253,CPI,Q92918,compound,protein,0
6399253,CPI,P22455,compound,protein,0
6399253,CPI,Q9UKI8,compound,protein,0
6410758,CPI,O14976,compound,protein,0
6419753,CPI,Q9HAZ1,compound,protein,0
6419755,CPI,Q02156,compound,protein,1
6419833,CPI,Q16665,compound,protein,0
6422124,CPI,Q56UN5,compound,protein,0
6433119,CPI,P00742,compound,protein,1
6433119,CPI,Q9NRH2,compound,protein,0
6433346,CPI,Q9NRM7,compound,protein,0
6435415,CPI,P51681,compound,protein,0
643606,CPI,P11473,compound,protein,0
6436393,CPI,Q9Y6E0,compound,protein,0
6437862,CPI,Q13555,compound,protein,0
6437862,CPI,Q86V86,compound,protein,0
643951,CPI,P14902,compound,protein,1
644076,CPI,P47901,compound,protein,1
644213,CPI,Q16236,compound,protein,1
644215,CPI,P06493,compound,protein,1
644241,CPI,O00329,compound,protein,1
644241,CPI,O14976,compound,protein,1
644241,CPI,O94806,compound,protein,1
644241,CPI,P07550,compound,protein,1
644241,CPI,P11802,compound,protein,1
644241,CPI,P22607,compound,protein,1
644241,CPI,P22748,compound,protein,1
644241,CPI,P35590,compound,protein,1
644241,CPI,P37023,compound,protein,1
644241,CPI,P51817,compound,protein,1
644241,CPI,Q07002,compound,protein,1
644241,CPI,Q16539,compound,protein,1
644241,CPI,Q16584,compound,protein,1
644241,CPI,Q8IVH8,compound,protein,1
644241,CPI,Q8N4C8,compound,protein,1
644241,CPI,Q9BUB5,compound,protein,1
644241,CPI,Q9UPE1,compound,protein,1
644241,CPI,Q03181,compound,protein,0
644241,CPI,O75469,compound,protein,0
644241,CPI,P23219,compound,protein,0
644241,CPI,Q9NUW8,compound,protein,0
644241,CPI,P25100,compound,protein,0
644241,CPI,P10632,compound,protein,0
644241,CPI,Q16665,compound,protein,0
6444849,CPI,P46098,compound,protein,0
6445533,CPI,Q9UQL6,compound,protein,1
6445562,CPI,O75914,compound,protein,1
6445562,CPI,P08069,compound,protein,1
6445562,CPI,P16234,compound,protein,1
6445562,CPI,P37023,compound,protein,1
6445562,CPI,P48730,compound,protein,1
6445562,CPI,P80192,compound,protein,1
6445562,CPI,Q13233,compound,protein,1
6445562,CPI,Q8TDX7,compound,protein,1
6445562,CPI,Q9HCP0,compound,protein,1
6445562,CPI,Q9NRM7,compound,protein,1
6445562,CPI,Q9Y6E0,compound,protein,1
6445562,CPI,Q8IVW4,compound,protein,0
6445562,CPI,O94925,compound,protein,0
6445562,CPI,P16499,compound,protein,0
6446,CPI,Q02763,compound,protein,0
6446,CPI,P22455,compound,protein,0
6450278,CPI,P21397,compound,protein,0
6450551,CPI,O75747,compound,protein,1
6450551,CPI,P36507,compound,protein,1
6450551,CPI,P43405,compound,protein,1
6450551,CPI,P50613,compound,protein,1
6450551,CPI,Q02156,compound,protein,1
6450551,CPI,Q14012,compound,protein,1
6450551,CPI,Q14164,compound,protein,1
6450551,CPI,Q14289,compound,protein,1
6450551,CPI,Q16659,compound,protein,1
6450551,CPI,Q7L7X3,compound,protein,1
6450551,CPI,Q8IU85,compound,protein,1
6450551,CPI,Q99755,compound,protein,1
6450551,CPI,Q9NUW8,compound,protein,1
6450551,CPI,Q9UPZ9,compound,protein,1
6450551,CPI,Q14994,compound,protein,0
6450551,CPI,Q6W5P4,compound,protein,0
6450551,CPI,Q9UIF8,compound,protein,0
6451149,CPI,Q13526,compound,protein,0
6451149,CPI,Q9NYL2,compound,protein,0
6451164,CPI,P0DMS8,compound,protein,0
6466,CPI,Q12851,compound,protein,0
64715,CPI,P21397,compound,protein,0
6473866,CPI,P00533,compound,protein,1
6473866,CPI,P04626,compound,protein,1
6473866,CPI,P18825,compound,protein,1
6473866,CPI,P20815,compound,protein,1
6473866,CPI,P46663,compound,protein,1
6473866,CPI,P47871,compound,protein,1
6473866,CPI,Q8IVW4,compound,protein,0
6473866,CPI,Q6DT37,compound,protein,0
6473866,CPI,P41240,compound,protein,0
6473866,CPI,O15075,compound,protein,0
6473881,CPI,O14920,compound,protein,1
6473881,CPI,P35354,compound,protein,1
64945,CPI,P04054,compound,protein,1
64945,CPI,P18031,compound,protein,1
64945,CPI,P51449,compound,protein,1
65015,CPI,Q9HC16,compound,protein,0
65016,CPI,P04150,compound,protein,1
65016,CPI,P20815,compound,protein,1
65016,CPI,P42338,compound,protein,0
650573,CPI,P31645,compound,protein,0
6505803,CPI,O15054,compound,protein,1
6505803,CPI,P10636,compound,protein,1
65064,CPI,P10253,compound,protein,1
65064,CPI,P52209,compound,protein,1
65064,CPI,P50613,compound,protein,0
650899,CPI,O75496,compound,protein,0
653676,CPI,P35228,compound,protein,0
6539732,CPI,P49840,compound,protein,1
65457,CPI,Q6PHR2,compound,protein,0
65482,CPI,O14717,compound,protein,1
655490,CPI,O75604,compound,protein,1
655490,CPI,P29274,compound,protein,0
65628,CPI,Q96KQ7,compound,protein,1
65628,CPI,O94806,compound,protein,0
65637,CPI,Q9Y3Q4,compound,protein,1
65655,CPI,O75496,compound,protein,0
656731,CPI,P30530,compound,protein,0
656732,CPI,O43526,compound,protein,1
656732,CPI,P16473,compound,protein,1
656732,CPI,Q7KZI7,compound,protein,0
657255,CPI,P53779,compound,protein,0
657309,CPI,P11229,compound,protein,1
657309,CPI,Q9NR56,compound,protein,0
657380,CPI,P21728,compound,protein,0
6575,CPI,Q8WU08,compound,protein,0
65752,CPI,Q9Y2K2,compound,protein,0
658169,CPI,Q96KQ7,compound,protein,1
658169,CPI,Q8NFD2,compound,protein,0
65833,CPI,Q12879,compound,protein,1
65833,CPI,P21728,compound,protein,0
65856,CPI,O75914,compound,protein,0
65856,CPI,Q16637,compound,protein,0
65863,CPI,P06401,compound,protein,1
65863,CPI,P21728,compound,protein,1
65863,CPI,P10636,compound,protein,0
65909,CPI,Q99683,compound,protein,0
659101,CPI,P37173,compound,protein,0
65937,CPI,P32238,compound,protein,1
65937,CPI,P43681,compound,protein,0
65957,CPI,P0DMS8,compound,protein,1
65957,CPI,P30518,compound,protein,1
65957,CPI,P43681,compound,protein,1
65957,CPI,Q01959,compound,protein,1
6603797,CPI,P48736,compound,protein,0
6603798,CPI,P28482,compound,protein,1
6603798,CPI,O60331,compound,protein,0
6603897,CPI,P11229,compound,protein,0
6604200,CPI,P08588,compound,protein,1
6604200,CPI,P11229,compound,protein,1
6604200,CPI,Q01959,compound,protein,1
6604200,CPI,P53667,compound,protein,0
6604284,CPI,Q9NUW8,compound,protein,1
6604381,CPI,P41595,compound,protein,0
6604471,CPI,Q9Y6F1,compound,protein,0
6604471,CPI,P08908,compound,protein,0
6604724,CPI,P08069,compound,protein,0
6604858,CPI,P29371,compound,protein,1
6604858,CPI,Q9UKE5,compound,protein,0
6604889,CPI,P28221,compound,protein,1
6604889,CPI,O75496,compound,protein,0
6604889,CPI,Q15303,compound,protein,0
6604889,CPI,P10636,compound,protein,0
6604909,CPI,P33261,compound,protein,1
6604909,CPI,P48067,compound,protein,1
6604909,CPI,P51812,compound,protein,0
6604915,CPI,P46063,compound,protein,1
6604918,CPI,P27695,compound,protein,0
6604918,CPI,P08581,compound,protein,0
6604918,CPI,P10636,compound,protein,0
6604926,CPI,P25929,compound,protein,0
6604928,CPI,P33261,compound,protein,1
6604931,CPI,P10636,compound,protein,1
6604933,CPI,P10635,compound,protein,1
6604933,CPI,P11229,compound,protein,0
6605258,CPI,Q13315,compound,protein,1
6605258,CPI,O43193,compound,protein,0
6610216,CPI,Q6XQN6,compound,protein,0
6610216,CPI,Q6XUX3,compound,protein,0
6610243,CPI,P11274,compound,protein,0
6610268,CPI,P53778,compound,protein,0
6610300,CPI,Q9Y5N1,compound,protein,0
6610332,CPI,Q9UBC3,compound,protein,1
6610344,CPI,Q08462,compound,protein,1
6610344,CPI,P47870,compound,protein,0
6610344,CPI,O75582,compound,protein,0
6610347,CPI,O00444,compound,protein,0
6610350,CPI,P21397,compound,protein,0
6610350,CPI,Q02880,compound,protein,0
6610353,CPI,P17252,compound,protein,1
6610353,CPI,P08913,compound,protein,0
6610353,CPI,P80192,compound,protein,0
66148,CPI,P18825,compound,protein,1
661907,CPI,O15118,compound,protein,1
661907,CPI,Q16637,compound,protein,1
661907,CPI,P25929,compound,protein,0
6623,CPI,P43405,compound,protein,0
662619,CPI,P49841,compound,protein,1
66265,CPI,Q99720,compound,protein,1
662944,CPI,Q13315,compound,protein,1
662944,CPI,Q9UIF8,compound,protein,1
662944,CPI,Q8TDS4,compound,protein,0
66414,CPI,P54132,compound,protein,1
66414,CPI,P80192,compound,protein,0
664279,CPI,Q13873,compound,protein,0
664331,CPI,P08588,compound,protein,0
665093,CPI,P41595,compound,protein,0
665449,CPI,Q6W5P4,compound,protein,1
665654,CPI,Q13285,compound,protein,1
665654,CPI,P07550,compound,protein,0
665654,CPI,P25100,compound,protein,0
665747,CPI,O75496,compound,protein,1
665747,CPI,Q16637,compound,protein,1
666267,CPI,Q16584,compound,protein,0
666410,CPI,Q16637,compound,protein,1
6674,CPI,O75496,compound,protein,1
667466,CPI,P08912,compound,protein,1
667466,CPI,Q96NX5,compound,protein,0
667468,CPI,P04150,compound,protein,1
667468,CPI,P18089,compound,protein,1
667468,CPI,P30542,compound,protein,1
667468,CPI,P32238,compound,protein,1
667468,CPI,P41595,compound,protein,1
667468,CPI,P08684,compound,protein,0
667468,CPI,P46734,compound,protein,0
667468,CPI,Q15375,compound,protein,0
667476,CPI,P08913,compound,protein,1
667476,CPI,P43681,compound,protein,1
667476,CPI,P54756,compound,protein,0
667476,CPI,P11473,compound,protein,0
667476,CPI,P15056,compound,protein,0
667477,CPI,P41595,compound,protein,1
667477,CPI,P07550,compound,protein,0
667477,CPI,P54756,compound,protein,0
667484,CPI,O95747,compound,protein,0
667484,CPI,P15056,compound,protein,0
667511,CPI,P30542,compound,protein,1
667511,CPI,Q05586,compound,protein,1
667511,CPI,O14920,compound,protein,0
6675804,CPI,Q13547,compound,protein,1
6675804,CPI,P27815,compound,protein,0
6675804,CPI,Q8N568,compound,protein,0
6708742,CPI,Q96KQ7,compound,protein,0
6708764,CPI,P10253,compound,protein,0
6708778,CPI,Q8IU85,compound,protein,0
6710621,CPI,Q56UN5,compound,protein,0
6710621,CPI,Q8TDC3,compound,protein,0
6710654,CPI,Q9NYY3,compound,protein,0
6710659,CPI,Q9UBE8,compound,protein,0
6710700,CPI,O14578,compound,protein,0
6710732,CPI,P48549,compound,protein,0
6710733,CPI,P06241,compound,protein,0
6710780,CPI,Q16288,compound,protein,0
6713942,CPI,P43115,compound,protein,1
6713984,CPI,Q9HC16,compound,protein,0
6714003,CPI,P22694,compound,protein,0
6714010,CPI,Q96L34,compound,protein,0
6726,CPI,P0DMS8,compound,protein,1
6726,CPI,P16050,compound,protein,0
6726,CPI,Q8N5S9,compound,protein,0
6728942,CPI,P04035,compound,protein,1
6736,CPI,P51451,compound,protein,0
6736,CPI,Q09013,compound,protein,0
6758,CPI,P42345,compound,protein,1
6758,CPI,Q01453,compound,protein,1
6758,CPI,P36888,compound,protein,0
6759,CPI,O75496,compound,protein,0
6769,CPI,O75496,compound,protein,1
6803,CPI,P12931,compound,protein,0
680501,CPI,Q8N4C8,compound,protein,0
68071,CPI,P11511,compound,protein,1
68071,CPI,P21918,compound,protein,0
68071,CPI,Q59H18,compound,protein,0
681,CPI,P27695,compound,protein,1
681,CPI,P11021,compound,protein,0
681,CPI,P01375,compound,protein,0
68186,CPI,Q86Z02,compound,protein,0
682802,CPI,P51955,compound,protein,0
68296,CPI,Q16236,compound,protein,1
6839,CPI,P11229,compound,protein,1
6839,CPI,P35354,compound,protein,1
6839,CPI,O75747,compound,protein,0
6839,CPI,Q6PHR2,compound,protein,0
6851740,CPI,P52732,compound,protein,1
6852378,CPI,P78362,compound,protein,0
6857791,CPI,Q8TD19,compound,protein,0
68602,CPI,P08913,compound,protein,1
68617,CPI,P31645,compound,protein,1
686211,CPI,O95835,compound,protein,0
686211,CPI,P29274,compound,protein,0
68712,CPI,P07550,compound,protein,1
68712,CPI,P35368,compound,protein,0
68712,CPI,Q8N752,compound,protein,0
687170,CPI,O14936,compound,protein,0
687170,CPI,Q99759,compound,protein,0
6872741,CPI,P10636,compound,protein,1
6872741,CPI,Q14012,compound,protein,0
6872741,CPI,P14618,compound,protein,0
68770,CPI,P08588,compound,protein,1
6878030,CPI,P21728,compound,protein,1
68791,CPI,P31350,compound,protein,1
68791,CPI,O43293,compound,protein,0
688020,CPI,P11229,compound,protein,1
688020,CPI,Q9HBA0,compound,protein,1
688020,CPI,P35218,compound,protein,0
688272,CPI,P14416,compound,protein,1
688272,CPI,P10636,compound,protein,0
6883,CPI,P24941,compound,protein,0
68844,CPI,Q9UIF8,compound,protein,1
688666,CPI,O75496,compound,protein,0
6890,CPI,P10635,compound,protein,1
689043,CPI,P02545,compound,protein,1
689043,CPI,P23280,compound,protein,1
689043,CPI,Q96KQ7,compound,protein,1
68911,CPI,P37288,compound,protein,0
6913176,CPI,Q96L34,compound,protein,0
6914273,CPI,Q16584,compound,protein,0
6914273,CPI,P45983,compound,protein,0
6914273,CPI,P37023,compound,protein,0
6917698,CPI,P15428,compound,protein,0
6918097,CPI,P08913,compound,protein,1
6918097,CPI,P18089,compound,protein,1
6918155,CPI,P32245,compound,protein,1
6918305,CPI,P14867,compound,protein,1
6918305,CPI,Q8N1C3,compound,protein,1
6918305,CPI,P53671,compound,protein,0
6918454,CPI,O15075,compound,protein,1
6918454,CPI,P20794,compound,protein,1
6918454,CPI,P24941,compound,protein,1
6918454,CPI,P32298,compound,protein,1
6918454,CPI,P42685,compound,protein,1
6918454,CPI,P49674,compound,protein,1
6918454,CPI,P49759,compound,protein,1
6918454,CPI,P51955,compound,protein,1
6918454,CPI,P54762,compound,protein,1
6918454,CPI,Q02156,compound,protein,1
6918454,CPI,Q15208,compound,protein,1
6918454,CPI,Q8N5S9,compound,protein,1
6918454,CPI,Q8WXR4,compound,protein,1
6918454,CPI,Q9UEW8,compound,protein,1
6918454,CPI,Q9UM73,compound,protein,1
6918454,CPI,P06493,compound,protein,0
6918454,CPI,P50406,compound,protein,0
6918454,CPI,Q9UIF8,compound,protein,0
6918454,CPI,Q99720,compound,protein,0
6918454,CPI,P27695,compound,protein,0
6918454,CPI,P43166,compound,protein,0
6918493,CPI,P43220,compound,protein,0
6918493,CPI,P04278,compound,protein,0
6918509,CPI,P78527,compound,protein,0
6918540,CPI,P16473,compound,protein,0
6918554,CPI,P50406,compound,protein,1
6918638,CPI,O15379,compound,protein,1
6918638,CPI,P14416,compound,protein,1
6918638,CPI,Q01959,compound,protein,1
6918638,CPI,Q969S8,compound,protein,1
6918638,CPI,Q9UBS5,compound,protein,1
6918736,CPI,Q99720,compound,protein,0
6918852,CPI,O43293,compound,protein,1
6918852,CPI,O75582,compound,protein,1
6918852,CPI,O94921,compound,protein,1
6918852,CPI,P42338,compound,protein,1
6918852,CPI,P45984,compound,protein,1
6918852,CPI,P49336,compound,protein,1
6918852,CPI,P49761,compound,protein,1
6918852,CPI,P51817,compound,protein,1
6918852,CPI,P51957,compound,protein,1
6918852,CPI,P53671,compound,protein,1
6918852,CPI,Q14004,compound,protein,1
6918852,CPI,Q6ZN16,compound,protein,1
6918852,CPI,Q8TDC3,compound,protein,1
6918852,CPI,Q96D53,compound,protein,1
6918852,CPI,Q96RR4,compound,protein,1
6918852,CPI,Q9UBE8,compound,protein,1
6918852,CPI,Q9Y2H1,compound,protein,1
6918852,CPI,O75496,compound,protein,0
6918852,CPI,P08588,compound,protein,0
6918852,CPI,P04150,compound,protein,0
6918852,CPI,P11712,compound,protein,0
6918852,CPI,O43193,compound,protein,0
6918852,CPI,O15118,compound,protein,0
6918852,CPI,P37288,compound,protein,0
6918852,CPI,P10828,compound,protein,0
6918852,CPI,P51449,compound,protein,0
6918878,CPI,P56524,compound,protein,1
6978790,CPI,P24941,compound,protein,0
7028,CPI,P14416,compound,protein,1
7028,CPI,P18847,compound,protein,1
7028,CPI,O75747,compound,protein,0
7028,CPI,Q9H2K8,compound,protein,0
7029,CPI,P43681,compound,protein,1
7029,CPI,Q13131,compound,protein,0
704205,CPI,P29322,compound,protein,0
704205,CPI,Q9H4B4,compound,protein,0
7048568,CPI,P36507,compound,protein,0
7048624,CPI,P22894,compound,protein,0
7048709,CPI,O43193,compound,protein,0
7059505,CPI,P18089,compound,protein,1
7059505,CPI,O95819,compound,protein,0
7061273,CPI,Q96KQ7,compound,protein,0
7066682,CPI,Q08499,compound,protein,0
7067797,CPI,Q01959,compound,protein,0
7088398,CPI,P36888,compound,protein,0
708857,CPI,P32298,compound,protein,0
70912,CPI,Q96NT5,compound,protein,0
70912,CPI,P23975,compound,protein,0
7092995,CPI,Q05586,compound,protein,1
709391,CPI,P10636,compound,protein,1
71014,CPI,P21917,compound,protein,0
7108,CPI,Q9NUW8,compound,protein,1
71158,CPI,Q9UBS5,compound,protein,1
71226662,CPI,Q7KZI7,compound,protein,0
712318,CPI,P36896,compound,protein,0
71271629,CPI,Q16637,compound,protein,0
71310,CPI,P0DMS8,compound,protein,0
71310,CPI,Q8TDX7,compound,protein,0
71317162,CPI,O75676,compound,protein,1
71317162,CPI,P11274,compound,protein,1
71317162,CPI,Q00536,compound,protein,1
71317162,CPI,Q9NSD9,compound,protein,1
71317162,CPI,Q9P0J0,compound,protein,1
71317162,CPI,Q9Y6E0,compound,protein,1
71317162,CPI,P18089,compound,protein,0
71317162,CPI,O94925,compound,protein,0
71317162,CPI,Q13237,compound,protein,0
71317162,CPI,P27695,compound,protein,0
71317162,CPI,P43220,compound,protein,0
71317162,CPI,Q86UX6,compound,protein,0
71329,CPI,P07550,compound,protein,1
71329,CPI,Q15858,compound,protein,0
71329,CPI,Q9UQM7,compound,protein,0
71329,CPI,Q13555,compound,protein,0
71329,CPI,Q16566,compound,protein,0
71360,CPI,P18825,compound,protein,1
71360,CPI,Q8N752,compound,protein,0
71384,CPI,Q9NYV4,compound,protein,0
71414,CPI,P16591,compound,protein,0
7141881,CPI,P08684,compound,protein,1
71481097,CPI,P27037,compound,protein,0
71496458,CPI,P21860,compound,protein,1
71496458,CPI,P21731,compound,protein,0
715454,CPI,Q14164,compound,protein,0
71601111,CPI,O75604,compound,protein,0
71616,CPI,P20815,compound,protein,1
716696,CPI,P02545,compound,protein,1
716696,CPI,P49336,compound,protein,0
71748056,CPI,P51451,compound,protein,1
71748056,CPI,Q15759,compound,protein,0
71748056,CPI,Q6W5P4,compound,protein,0
71760892,CPI,P32245,compound,protein,0
71768304,CPI,P35590,compound,protein,0
71771,CPI,P02545,compound,protein,1
71771,CPI,P41595,compound,protein,1
71771,CPI,P48729,compound,protein,0
71781,CPI,P41595,compound,protein,1
717880,CPI,P18089,compound,protein,1
717880,CPI,P23975,compound,protein,1
717880,CPI,P30559,compound,protein,1
71815,CPI,O14578,compound,protein,0
7184,CPI,P10828,compound,protein,1
7184,CPI,P07948,compound,protein,0
72016,CPI,Q96KQ7,compound,protein,1
72016,CPI,Q9Y2I1,compound,protein,1
7202911,CPI,O14936,compound,protein,0
72124,CPI,O75676,compound,protein,0
72124,CPI,O95747,compound,protein,0
72124,CPI,P29317,compound,protein,0
72172,CPI,P16473,compound,protein,0
72193870,CPI,P80370,compound,protein,0
72199292,CPI,Q13315,compound,protein,1
72199293,CPI,P49840,compound,protein,0
72281,CPI,O15118,compound,protein,1
72287,CPI,P08912,compound,protein,1
72846,CPI,P01215,compound,protein,1
72894,CPI,Q9ULX7,compound,protein,1
72943187,CPI,O94925,compound,protein,0
73078,CPI,O75496,compound,protein,1
73157,CPI,Q96Q40,compound,protein,0
73211763,CPI,Q06418,compound,protein,1
73211763,CPI,Q92731,compound,protein,0
73333,CPI,P50406,compound,protein,1
73333,CPI,Q9Y2U5,compound,protein,0
73364,CPI,P54803,compound,protein,0
73453,CPI,P50406,compound,protein,1
73453,CPI,P32238,compound,protein,0
73707340,CPI,P08913,compound,protein,1
73707345,CPI,P08908,compound,protein,1
73707345,CPI,P34969,compound,protein,0
73707349,CPI,P10253,compound,protein,0
73707352,CPI,P11229,compound,protein,0
73707354,CPI,O43781,compound,protein,0
73707387,CPI,P05093,compound,protein,1
73707387,CPI,P35968,compound,protein,0
73707388,CPI,P07437,compound,protein,1
73707390,CPI,Q9NYY3,compound,protein,1
73707402,CPI,P43681,compound,protein,0
73707404,CPI,O14920,compound,protein,1
73707406,CPI,Q86Z02,compound,protein,0
73707412,CPI,O00444,compound,protein,0
73707413,CPI,P11388,compound,protein,1
73707414,CPI,P52333,compound,protein,0
73707414,CPI,O75747,compound,protein,0
73707415,CPI,P18405,compound,protein,1
73707445,CPI,P35368,compound,protein,1
73707445,CPI,Q01668,compound,protein,1
73707445,CPI,Q9NY47,compound,protein,1
73707445,CPI,P54762,compound,protein,0
73707445,CPI,Q9NSY1,compound,protein,0
73707473,CPI,Q8NFD2,compound,protein,0
73707478,CPI,O14757,compound,protein,0
73707492,CPI,P04278,compound,protein,1
73707497,CPI,P11511,compound,protein,1
73707499,CPI,Q9NRP7,compound,protein,0
73707501,CPI,Q86Z02,compound,protein,0
73707502,CPI,P07437,compound,protein,1
73707506,CPI,P00734,compound,protein,0
73707519,CPI,P38398,compound,protein,0
73707523,CPI,O60674,compound,protein,0
73707524,CPI,O94806,compound,protein,0
73707526,CPI,P05026,compound,protein,1
73707530,CPI,P36894,compound,protein,0
73707530,CPI,P37231,compound,protein,0
73707532,CPI,P16083,compound,protein,0
73707536,CPI,P37840,compound,protein,0
73707543,CPI,P11511,compound,protein,0
73707586,CPI,P47898,compound,protein,1
73707588,CPI,P31645,compound,protein,1
73707588,CPI,P47898,compound,protein,1
73707603,CPI,P16860,compound,protein,1
73707615,CPI,Q05397,compound,protein,0
74865,CPI,P36888,compound,protein,0
7504,CPI,Q9UGL1,compound,protein,0
75299811,CPI,P50750,compound,protein,0
75299812,CPI,Q9UQB9,compound,protein,0
755673,CPI,P22607,compound,protein,0
76632,CPI,P42338,compound,protein,0
766949,CPI,P00533,compound,protein,1
7693333,CPI,P84022,compound,protein,1
76968376,CPI,P41143,compound,protein,0
76968489,CPI,Q96KQ7,compound,protein,0
7699,CPI,P41595,compound,protein,1
7699,CPI,Q14524,compound,protein,1
7699,CPI,Q9BVS4,compound,protein,0
7699,CPI,P09619,compound,protein,0
7708820,CPI,P07332,compound,protein,0
774,CPI,P54646,compound,protein,0
7741,CPI,P11802,compound,protein,0
7741,CPI,Q8NE63,compound,protein,0
776319,CPI,P84022,compound,protein,1
77918,CPI,P11308,compound,protein,1
77918,CPI,P11229,compound,protein,0
779754,CPI,P10636,compound,protein,1
77999,CPI,P21917,compound,protein,1
77999,CPI,P41595,compound,protein,1
781660,CPI,O15118,compound,protein,1
78357816,CPI,P05093,compound,protein,1
78357816,CPI,Q14004,compound,protein,0
78428958,CPI,O95180,compound,protein,1
78428958,CPI,P00519,compound,protein,0
78428958,CPI,Q08881,compound,protein,0
78435479,CPI,O14733,compound,protein,0
78435479,CPI,O94925,compound,protein,0
78435479,CPI,Q6XUX3,compound,protein,0
78435479,CPI,Q16816,compound,protein,0
784670,CPI,Q9P1W9,compound,protein,0
81131,CPI,P08913,compound,protein,1
81131,CPI,P11229,compound,protein,1
81131,CPI,P23975,compound,protein,0
81423,CPI,Q9NR56,compound,protein,1
814607,CPI,Q13470,compound,protein,0
8197,CPI,Q14680,compound,protein,0
8197,CPI,Q13470,compound,protein,0
82146,CPI,P0DMS8,compound,protein,1
82146,CPI,P28702,compound,protein,1
82146,CPI,Q16566,compound,protein,0
824820,CPI,Q8IZS8,compound,protein,0
8249,CPI,Q13131,compound,protein,1
8249,CPI,Q15842,compound,protein,1
82755,CPI,P35462,compound,protein,0
833,CPI,O75676,compound,protein,0
8362,CPI,Q9H4B4,compound,protein,0
8369,CPI,Q03431,compound,protein,1
838,CPI,P34969,compound,protein,1
838,CPI,P07948,compound,protein,0
838674,CPI,Q13546,compound,protein,0
84008,CPI,P07550,compound,protein,0
8421,CPI,Q14004,compound,protein,0
843289,CPI,Q9Y2U5,compound,protein,0
843289,CPI,Q05397,compound,protein,0
8433,CPI,P28482,compound,protein,1
8515,CPI,Q9UQF2,compound,protein,1
854019,CPI,P39748,compound,protein,1
8550,CPI,P42681,compound,protein,0
8569,CPI,P0DMS8,compound,protein,1
8569,CPI,P33261,compound,protein,1
8609,CPI,P04637,compound,protein,1
8609,CPI,Q9H2G2,compound,protein,0
8616,CPI,Q16659,compound,protein,0
864,CPI,Q9UPZ9,compound,protein,0
871154,CPI,P0DMS8,compound,protein,0
8796093,CPI,P49760,compound,protein,0
8955,CPI,Q16099,compound,protein,0
8955,CPI,Q8NEV4,compound,protein,0
89594,CPI,Q15825,compound,protein,1
89594,CPI,P78356,compound,protein,0
896,CPI,O95819,compound,protein,0
89674953,CPI,P33261,compound,protein,0
89683805,CPI,P51553,compound,protein,1
8969,CPI,P28221,compound,protein,1
8969,CPI,Q01959,compound,protein,1
8974,CPI,Q13546,compound,protein,0
897475,CPI,Q8NG66,compound,protein,0
897475,CPI,Q8IY84,compound,protein,0
8975,CPI,Q16816,compound,protein,0
8982,CPI,Q9H2G2,compound,protein,0
90097975,CPI,P06401,compound,protein,1
90241673,CPI,P08908,compound,protein,0
902452,CPI,O95835,compound,protein,0
90488984,CPI,P00915,compound,protein,0
9064,CPI,P18089,compound,protein,1
9064,CPI,P21728,compound,protein,1
9064,CPI,Q05655,compound,protein,0
9064,CPI,P36896,compound,protein,0
90642938,CPI,Q9NUW8,compound,protein,0
90642938,CPI,P06241,compound,protein,0
906542,CPI,Q15084,compound,protein,1
90843500,CPI,Q00526,compound,protein,0
91192474,CPI,Q02880,compound,protein,0
9128,CPI,P20794,compound,protein,0
91522200,CPI,Q86UX6,compound,protein,0
91536,CPI,P07550,compound,protein,1
91588,CPI,P08908,compound,protein,0
91610,CPI,Q8N568,compound,protein,0
91613,CPI,P24941,compound,protein,0
91668541,CPI,Q9NPI1,compound,protein,1
91668547,CPI,Q99873,compound,protein,1
91754484,CPI,Q99814,compound,protein,1
91769,CPI,Q16665,compound,protein,1
92400,CPI,P18089,compound,protein,1
92400,CPI,Q16512,compound,protein,0
92722,CPI,P00747,compound,protein,0
92727,CPI,P14416,compound,protein,1
92727,CPI,Q8TBX8,compound,protein,0
92727,CPI,O94921,compound,protein,0
92727,CPI,P53779,compound,protein,0
92766,CPI,P46098,compound,protein,0
92766,CPI,Q9UEW8,compound,protein,0
932,CPI,P08684,compound,protein,1
932,CPI,Q9Y4K4,compound,protein,0
936,CPI,O75496,compound,protein,1
936,CPI,O43193,compound,protein,0
9363,CPI,P54132,compound,protein,1
938,CPI,Q14289,compound,protein,0
941361,CPI,P30542,compound,protein,0
9416,CPI,P49840,compound,protein,0
941650,CPI,O75496,compound,protein,1
9419,CPI,P08908,compound,protein,1
9419,CPI,P08913,compound,protein,1
9419,CPI,P51957,compound,protein,0
9429,CPI,Q5VT25,compound,protein,0
94378,CPI,P33261,compound,protein,1
9444,CPI,P0DMS8,compound,protein,1
9444,CPI,P10145,compound,protein,1
9444,CPI,P30542,compound,protein,1
951,CPI,P14416,compound,protein,1
951,CPI,P25100,compound,protein,1
9547215,CPI,Q9UBU7,compound,protein,0
9547243,CPI,P11473,compound,protein,1
9547243,CPI,Q04771,compound,protein,0
9549213,CPI,P07900,compound,protein,1
9549213,CPI,P08238,compound,protein,1
9549289,CPI,P49841,compound,protein,1
9549289,CPI,P35462,compound,protein,0
9550286,CPI,P15428,compound,protein,1
9550286,CPI,Q96NX5,compound,protein,0
9554,CPI,O15197,compound,protein,0
95801,CPI,O43193,compound,protein,0
9583102,CPI,Q9NUW8,compound,protein,1
9600409,CPI,Q14994,compound,protein,1
9601084,CPI,Q16513,compound,protein,0
9616928,CPI,O75496,compound,protein,1
963514,CPI,Q9UBE8,compound,protein,0
963514,CPI,P08684,compound,protein,0
9642,CPI,O14757,compound,protein,0
9675990,CPI,Q96KQ7,compound,protein,1
9675990,CPI,Q96QE3,compound,protein,1
9675990,CPI,P55210,compound,protein,1
9675990,CPI,O15197,compound,protein,0
9681,CPI,P35462,compound,protein,1
9681,CPI,Q8N568,compound,protein,0
9681,CPI,P49674,compound,protein,0
9681,CPI,P16050,compound,protein,0
9687,CPI,P35462,compound,protein,1
96946,CPI,P00352,compound,protein,0
969472,CPI,P47869,compound,protein,1
969472,CPI,Q06710,compound,protein,0
969516,CPI,P35228,compound,protein,1
969516,CPI,Q16665,compound,protein,1
969516,CPI,Q02763,compound,protein,0
969516,CPI,P45985,compound,protein,0
973891,CPI,P16473,compound,protein,1
976690,CPI,P43220,compound,protein,1
9782,CPI,P11473,compound,protein,1
9795278,CPI,P16473,compound,protein,1
9797857,CPI,Q13557,compound,protein,0
9799509,CPI,P49759,compound,protein,0
9801,CPI,P14416,compound,protein,1
9801,CPI,P21397,compound,protein,1
9801969,CPI,P51151,compound,protein,0
9803433,CPI,P12931,compound,protein,0
9803963,CPI,P49840,compound,protein,0
9804992,CPI,Q9UBN7,compound,protein,1
9805390,CPI,P35346,compound,protein,1
9808844,CPI,Q9UKI8,compound,protein,0
9809715,CPI,O60674,compound,protein,1
9809715,CPI,O75582,compound,protein,1
9809715,CPI,O75676,compound,protein,1
9809715,CPI,P29376,compound,protein,1
9809715,CPI,P31751,compound,protein,1
9809715,CPI,P48729,compound,protein,1
9809715,CPI,P48736,compound,protein,1
9809715,CPI,P49336,compound,protein,1
9809715,CPI,P52564,compound,protein,1
9809715,CPI,Q12851,compound,protein,1
9809715,CPI,Q13882,compound,protein,1
9809715,CPI,Q8IWQ3,compound,protein,1
9809715,CPI,Q9H422,compound,protein,1
9809715,CPI,Q9NSY1,compound,protein,1
9809715,CPI,Q9P1W9,compound,protein,1
9809715,CPI,Q9UKI8,compound,protein,1
9809715,CPI,Q99700,compound,protein,0
9809715,CPI,P43220,compound,protein,0
9809715,CPI,P54803,compound,protein,0
9809715,CPI,P16499,compound,protein,0
9809715,CPI,P27695,compound,protein,0
9809715,CPI,Q9UBN7,compound,protein,0
9809715,CPI,P21731,compound,protein,0
9810884,CPI,P48729,compound,protein,1
9810929,CPI,P08908,compound,protein,0
9813758,CPI,P32298,compound,protein,1
9813758,CPI,P54764,compound,protein,1
9813758,CPI,Q05655,compound,protein,1
9813758,CPI,Q06187,compound,protein,1
9813758,CPI,Q15349,compound,protein,1
9813758,CPI,Q6PHR2,compound,protein,1
9813758,CPI,Q6XUX3,compound,protein,1
9813758,CPI,Q8TDC3,compound,protein,1
9813758,CPI,Q9HCP0,compound,protein,1
9813758,CPI,Q9UEE5,compound,protein,1
9813758,CPI,Q9NR56,compound,protein,0
9813758,CPI,P54132,compound,protein,0
9813758,CPI,P08908,compound,protein,0
9818682,CPI,P27815,compound,protein,1
9818903,CPI,P21917,compound,protein,0
9818903,CPI,P49759,compound,protein,0
9819432,CPI,Q96RI1,compound,protein,0
9819927,CPI,P36888,compound,protein,0
9820008,CPI,Q7KZI7,compound,protein,0
9820008,CPI,P37840,compound,protein,0
9823820,CPI,P22455,compound,protein,1
9823820,CPI,Q96GD4,compound,protein,1
9823820,CPI,Q14012,compound,protein,0
9825149,CPI,P32245,compound,protein,0
9826308,CPI,O00444,compound,protein,1
9826308,CPI,O15530,compound,protein,1
9826308,CPI,P00533,compound,protein,1
9826308,CPI,Q05397,compound,protein,1
9826308,CPI,P37231,compound,protein,0
9826308,CPI,Q92830,compound,protein,0
9826308,CPI,P14618,compound,protein,0
9826308,CPI,Q86V86,compound,protein,0
9826308,CPI,O95382,compound,protein,0
9826308,CPI,Q13873,compound,protein,0
9828429,CPI,Q99700,compound,protein,1
9828911,CPI,O60674,compound,protein,0
9829523,CPI,P16234,compound,protein,1
9829523,CPI,P29322,compound,protein,1
9829523,CPI,P42679,compound,protein,1
9829523,CPI,P45985,compound,protein,1
9829523,CPI,P49759,compound,protein,1
9829523,CPI,P51451,compound,protein,1
9829523,CPI,P51957,compound,protein,1
9829523,CPI,P52333,compound,protein,1
9829523,CPI,P53778,compound,protein,1
9829523,CPI,Q13557,compound,protein,1
9829523,CPI,Q14004,compound,protein,1
9829523,CPI,Q15418,compound,protein,1
9829523,CPI,Q15835,compound,protein,1
9829523,CPI,Q16539,compound,protein,1
9829523,CPI,Q8NG66,compound,protein,1
9829523,CPI,Q8TDR2,compound,protein,1
9829523,CPI,Q8WTQ7,compound,protein,1
9829523,CPI,Q9H3Y6,compound,protein,1
9829523,CPI,Q9HCP0,compound,protein,1
9829523,CPI,Q9UIK4,compound,protein,1
9829523,CPI,O75496,compound,protein,0
9829523,CPI,P34969,compound,protein,0
9829523,CPI,Q14524,compound,protein,0
9829523,CPI,P10828,compound,protein,0
9829523,CPI,P04637,compound,protein,0
9829523,CPI,P08912,compound,protein,0
9829523,CPI,O43193,compound,protein,0
9829523,CPI,P08908,compound,protein,0
9829523,CPI,P32239,compound,protein,0
9830392,CPI,Q9UQM7,compound,protein,0
9830392,CPI,O00238,compound,protein,0
9832447,CPI,P28222,compound,protein,0
9834591,CPI,Q99759,compound,protein,0
9834591,CPI,P45984,compound,protein,0
9834591,CPI,Q15208,compound,protein,0
9838712,CPI,Q9NYL2,compound,protein,0
9838712,CPI,Q9H2G2,compound,protein,0
9839311,CPI,Q9Y4K4,compound,protein,0
9839842,CPI,P25100,compound,protein,0
9839842,CPI,Q6W5P4,compound,protein,0
984170,CPI,P30530,compound,protein,0
9843900,CPI,P10635,compound,protein,0
9847023,CPI,P14416,compound,protein,0
9849616,CPI,P08588,compound,protein,1
9849616,CPI,P48039,compound,protein,1
9849616,CPI,Q9Y5N1,compound,protein,1
9849616,CPI,Q9UKI8,compound,protein,0
9849616,CPI,P35590,compound,protein,0
9849616,CPI,Q9UKE5,compound,protein,0
9853053,CPI,Q01959,compound,protein,1
9853053,CPI,Q99707,compound,protein,1
9863367,CPI,O43293,compound,protein,1
9863367,CPI,O60674,compound,protein,1
9863367,CPI,P04626,compound,protein,1
9863367,CPI,Q05397,compound,protein,1
9863367,CPI,Q13131,compound,protein,1
9863367,CPI,Q8TDC3,compound,protein,1
9863367,CPI,P35354,compound,protein,0
9863367,CPI,Q9UHD2,compound,protein,0
9863367,CPI,Q14524,compound,protein,0
9863367,CPI,Q02763,compound,protein,0
9863367,CPI,Q12866,compound,protein,0
9863367,CPI,Q96PY6,compound,protein,0
9863367,CPI,Q9BWU1,compound,protein,0
9863367,CPI,Q02156,compound,protein,0
9863672,CPI,Q13131,compound,protein,1
9863672,CPI,Q9BZL6,compound,protein,1
9867642,CPI,P35462,compound,protein,1
9867642,CPI,P43088,compound,protein,1
9867642,CPI,P43119,compound,protein,1
9867812,CPI,P20813,compound,protein,0
9869929,CPI,P30518,compound,protein,0
9869929,CPI,Q15746,compound,protein,0
9872438,CPI,P08246,compound,protein,1
9872740,CPI,P45984,compound,protein,0
9874838,CPI,P07948,compound,protein,0
9874913,CPI,O94804,compound,protein,1
9874913,CPI,P08922,compound,protein,1
9874913,CPI,P11362,compound,protein,1
9874913,CPI,P15056,compound,protein,1
9874913,CPI,P19525,compound,protein,1
9874913,CPI,P27361,compound,protein,1
9874913,CPI,P29597,compound,protein,1
9874913,CPI,P53667,compound,protein,1
9874913,CPI,P54764,compound,protein,1
9874913,CPI,Q00537,compound,protein,1
9874913,CPI,Q13237,compound,protein,1
9874913,CPI,Q13555,compound,protein,1
9874913,CPI,Q16659,compound,protein,1
9874913,CPI,Q8NFD2,compound,protein,1
9874913,CPI,Q9UKI8,compound,protein,1
9874913,CPI,Q6W5P4,compound,protein,0
9874913,CPI,P37288,compound,protein,0
9874913,CPI,P84022,compound,protein,0
9874913,CPI,Q9UBF8,compound,protein,0
9874913,CPI,Q06710,compound,protein,0
9874913,CPI,P08684,compound,protein,0
9874913,CPI,P14867,compound,protein,0
9875401,CPI,O60285,compound,protein,0
9877265,CPI,P08588,compound,protein,0
9880,CPI,O43193,compound,protein,1
9880,CPI,P31645,compound,protein,1
9880,CPI,P78356,compound,protein,0
9880,CPI,Q8N752,compound,protein,0
9882580,CPI,Q14524,compound,protein,0
9882625,CPI,Q16288,compound,protein,0
9882979,CPI,P49336,compound,protein,0
9884685,CPI,P04629,compound,protein,1
9884685,CPI,P08631,compound,protein,1
9884685,CPI,P12931,compound,protein,1
9884685,CPI,P15056,compound,protein,1
9884685,CPI,P42680,compound,protein,1
9884685,CPI,P45985,compound,protein,1
9884685,CPI,P48729,compound,protein,1
9884685,CPI,P49674,compound,protein,1
9884685,CPI,P51451,compound,protein,1
9884685,CPI,P51617,compound,protein,1
9884685,CPI,P52333,compound,protein,1
9884685,CPI,Q09013,compound,protein,1
9884685,CPI,Q13233,compound,protein,1
9884685,CPI,Q13873,compound,protein,1
9884685,CPI,Q7KZI7,compound,protein,1
9884685,CPI,Q8N568,compound,protein,1
9884685,CPI,Q8N5S9,compound,protein,1
9884685,CPI,Q92772,compound,protein,1
9884685,CPI,P10636,compound,protein,0
9884685,CPI,P25103,compound,protein,0
9884685,CPI,P18089,compound,protein,0
9884685,CPI,P18054,compound,protein,0
9884817,CPI,P53779,compound,protein,0
9885087,CPI,Q9NUW8,compound,protein,1
9885087,CPI,Q9UQM7,compound,protein,1
9885087,CPI,Q06710,compound,protein,0
9887884,CPI,Q9UBF8,compound,protein,0
9888590,CPI,P07333,compound,protein,1
9889200,CPI,P25100,compound,protein,0
9889200,CPI,P35869,compound,protein,0
9889366,CPI,Q16665,compound,protein,0
9893571,CPI,P27695,compound,protein,0
9893887,CPI,P08588,compound,protein,0
9893924,CPI,P11229,compound,protein,1
9893924,CPI,P09619,compound,protein,0
9902313,CPI,O14983,compound,protein,1
9904,CPI,P21397,compound,protein,1
9904,CPI,Q9UBT6,compound,protein,0
9906851,CPI,Q13526,compound,protein,1
9906875,CPI,P24941,compound,protein,0
9907093,CPI,O94804,compound,protein,0
990823,CPI,O15118,compound,protein,1
990823,CPI,Q16236,compound,protein,1
990823,CPI,Q6PHR2,compound,protein,0
9909648,CPI,P27695,compound,protein,0
9909648,CPI,Q9BRS2,compound,protein,0
9911463,CPI,P33261,compound,protein,0
9911830,CPI,P23975,compound,protein,1
9911830,CPI,P43681,compound,protein,1
9911830,CPI,P51451,compound,protein,0
9912743,CPI,P18825,compound,protein,0
9912743,CPI,Q06187,compound,protein,0
9914412,CPI,P11362,compound,protein,1
9914412,CPI,Q04912,compound,protein,1
9914412,CPI,Q06418,compound,protein,1
9914412,CPI,Q96GD4,compound,protein,1
9914412,CPI,P35372,compound,protein,0
9914412,CPI,O75914,compound,protein,0
9914412,CPI,Q56UN5,compound,protein,0
9914412,CPI,Q8WU08,compound,protein,0
9914412,CPI,P25103,compound,protein,0
9915743,CPI,O14757,compound,protein,1
9915743,CPI,O75914,compound,protein,1
9915743,CPI,P06241,compound,protein,1
9915743,CPI,P20794,compound,protein,1
9915743,CPI,P22830,compound,protein,1
9915743,CPI,P31645,compound,protein,1
9915743,CPI,P35968,compound,protein,1
9915743,CPI,P49759,compound,protein,1
9915743,CPI,P49760,compound,protein,1
9915743,CPI,P51956,compound,protein,1
9915743,CPI,P53779,compound,protein,1
9915743,CPI,Q13873,compound,protein,1
9915743,CPI,Q16539,compound,protein,1
9915743,CPI,Q86UE8,compound,protein,1
9915743,CPI,Q9UHD2,compound,protein,1
9915743,CPI,P27815,compound,protein,0
9915743,CPI,Q9NUW8,compound,protein,0
9915886,CPI,Q9UIF8,compound,protein,1
9915886,CPI,Q13873,compound,protein,0
9915886,CPI,Q96D53,compound,protein,0
9917079,CPI,P25103,compound,protein,1
9917079,CPI,Q01453,compound,protein,0
9918,CPI,Q92830,compound,protein,1
9918,CPI,Q99700,compound,protein,1
9918908,CPI,P08253,compound,protein,1
9924495,CPI,P21917,compound,protein,0
9926791,CPI,P15056,compound,protein,1
9926791,CPI,P19525,compound,protein,1
9926791,CPI,P21397,compound,protein,1
9926791,CPI,P30530,compound,protein,1
9926791,CPI,P45983,compound,protein,1
9926791,CPI,P49761,compound,protein,1
9926791,CPI,P52564,compound,protein,1
9926791,CPI,P54762,compound,protein,1
9926791,CPI,Q04771,compound,protein,1
9926791,CPI,Q13233,compound,protein,1
9926791,CPI,Q13237,compound,protein,1
9926791,CPI,Q13873,compound,protein,1
9926791,CPI,Q14680,compound,protein,1
9926791,CPI,Q9NYL2,compound,protein,1
9926791,CPI,Q9P289,compound,protein,1
9926791,CPI,Q9Y5S2,compound,protein,1
9926791,CPI,P32238,compound,protein,0
9926791,CPI,Q96RI1,compound,protein,0
9931954,CPI,P28482,compound,protein,1
9931954,CPI,Q9BZL6,compound,protein,1
9931954,CPI,P29322,compound,protein,0
9931954,CPI,Q06710,compound,protein,0
9931954,CPI,Q13546,compound,protein,0
9931954,CPI,P11388,compound,protein,0
9933475,CPI,P15735,compound,protein,1
9933475,CPI,P36894,compound,protein,1
9933475,CPI,P51812,compound,protein,1
9933475,CPI,Q06187,compound,protein,1
9933475,CPI,Q12866,compound,protein,1
9933475,CPI,Q13546,compound,protein,1
9933475,CPI,Q14289,compound,protein,1
9933475,CPI,Q15349,compound,protein,1
9933475,CPI,Q86UX6,compound,protein,1
9933475,CPI,Q9HC98,compound,protein,1
9933475,CPI,Q9UIK4,compound,protein,1
9933475,CPI,Q9UKE5,compound,protein,1
9933475,CPI,Q9UL54,compound,protein,1
9933475,CPI,P29274,compound,protein,0
9933475,CPI,P00915,compound,protein,0
9933475,CPI,P30542,compound,protein,0
9933475,CPI,P07550,compound,protein,0
9933475,CPI,Q96RI1,compound,protein,0
9933475,CPI,P46098,compound,protein,0
9933475,CPI,P47898,compound,protein,0
9933475,CPI,P21728,compound,protein,0
9934347,CPI,O43781,compound,protein,1
9934347,CPI,P45983,compound,protein,1
9934347,CPI,P53667,compound,protein,1
9934347,CPI,Q12851,compound,protein,1
9934347,CPI,Q7L7X3,compound,protein,1
9934347,CPI,Q9UHD2,compound,protein,1
9934347,CPI,P51813,compound,protein,0
9934347,CPI,P45985,compound,protein,0
9934458,CPI,P10828,compound,protein,1
9936746,CPI,Q13188,compound,protein,0
9941444,CPI,P30542,compound,protein,1
9941444,CPI,P30874,compound,protein,1
9941444,CPI,P31645,compound,protein,1
9941444,CPI,P32245,compound,protein,1
9941444,CPI,Q96PY6,compound,protein,0
9941444,CPI,Q16584,compound,protein,0
9950038,CPI,P04150,compound,protein,0
9952773,CPI,O15530,compound,protein,1
9952773,CPI,O94806,compound,protein,1
9952773,CPI,P29317,compound,protein,1
9952773,CPI,Q13554,compound,protein,1
9952773,CPI,Q13976,compound,protein,1
9952773,CPI,Q16288,compound,protein,1
9952773,CPI,Q14432,compound,protein,0
9952773,CPI,P08684,compound,protein,0
9952773,CPI,P32245,compound,protein,0
9952773,CPI,Q15349,compound,protein,0
9952773,CPI,Q13873,compound,protein,0
9952773,CPI,O75676,compound,protein,0
9952773,CPI,O14936,compound,protein,0
9952773,CPI,Q8TD08,compound,protein,0
9952884,CPI,Q16659,compound,protein,0
9952884,CPI,P51451,compound,protein,0
9953065,CPI,P08908,compound,protein,0
9953769,CPI,Q08499,compound,protein,0
9954280,CPI,P37231,compound,protein,1
9956119,CPI,O75116,compound,protein,1
9956119,CPI,P00519,compound,protein,1
9956119,CPI,P12931,compound,protein,1
9956119,CPI,P29317,compound,protein,1
9956119,CPI,P29597,compound,protein,1
9956119,CPI,Q14012,compound,protein,1
9956119,CPI,Q15303,compound,protein,1
9956119,CPI,P21860,compound,protein,0
9956119,CPI,Q06418,compound,protein,0
9956119,CPI,Q01959,compound,protein,0
9956119,CPI,P32238,compound,protein,0
9956119,CPI,P32239,compound,protein,0
996,CPI,Q09013,compound,protein,0
9960285,CPI,P06756,compound,protein,1
9960285,CPI,Q96NX5,compound,protein,0
9966051,CPI,P07550,compound,protein,1
9966051,CPI,Q8N5S9,compound,protein,0
9967941,CPI,Q06710,compound,protein,0
99719310,CPI,P41240,compound,protein,0
9989505,CPI,O75496,compound,protein,0
