head,relation,tail,head_type,tail_type,label
10000456,CPI,P08581,compound,protein,0
100016,CPI,P78368,compound,protein,0
10026128,CPI,P03372,compound,protein,1
10029385,CPI,O14757,compound,protein,1
10029385,CPI,O15075,compound,protein,1
10029385,CPI,P05129,compound,protein,1
10029385,CPI,P68400,compound,protein,1
10029385,CPI,Q16706,compound,protein,0
10029385,CPI,P02545,compound,protein,0
10050129,CPI,P35462,compound,protein,0
10067489,CPI,Q9NYA1,compound,protein,0
10068193,CPI,Q8N474,compound,protein,0
10074640,CPI,O60331,compound,protein,1
10074640,CPI,P04629,compound,protein,1
10074640,CPI,P22694,compound,protein,1
10074640,CPI,P53355,compound,protein,1
10074640,CPI,Q09013,compound,protein,1
10074640,CPI,Q12851,compound,protein,1
10074640,CPI,Q14164,compound,protein,1
10074640,CPI,Q15067,compound,protein,1
10074640,CPI,Q15569,compound,protein,1
10074640,CPI,Q9HAZ1,compound,protein,1
10074640,CPI,Q9NYY3,compound,protein,1
10074640,CPI,Q9UBB5,compound,protein,0
10074640,CPI,A0AVT1,compound,protein,0
10074640,CPI,Q8IVH4,compound,protein,0
10074640,CPI,Q8N159,compound,protein,0
10074640,CPI,P15104,compound,protein,0
10074640,CPI,P48547,compound,protein,0
10074640,CPI,P10606,compound,protein,0
10074640,CPI,P35625,compound,protein,0
10077147,CPI,Q8N884,compound,protein,1
10077147,CPI,Q9UHD2,compound,protein,1
10077147,CPI,P16444,compound,protein,0
10077147,CPI,P31645,compound,protein,0
10077147,CPI,Q03181,compound,protein,0
10109823,CPI,O14757,compound,protein,1
10113978,CPI,O00506,compound,protein,1
10113978,CPI,P16591,compound,protein,1
10113978,CPI,P42338,compound,protein,1
10113978,CPI,Q13470,compound,protein,1
10113978,CPI,Q8WU08,compound,protein,1
10113978,CPI,Q9H0K1,compound,protein,1
10113978,CPI,Q9P1W9,compound,protein,1
10113978,CPI,Q9UQQ2,compound,protein,1
10113978,CPI,Q9Y463,compound,protein,1
10113978,CPI,Q8N474,compound,protein,0
10113978,CPI,Q9Y570,compound,protein,0
10113978,CPI,Q9Y6A2,compound,protein,0
10113978,CPI,O60656,compound,protein,0
10113978,CPI,Q12888,compound,protein,0
10113978,CPI,Q6TGC4,compound,protein,0
10113978,CPI,O43924,compound,protein,0
10113978,CPI,P15169,compound,protein,0
10113978,CPI,Q9GZT9,compound,protein,0
10113978,CPI,Q99489,compound,protein,0
10113978,CPI,P54886,compound,protein,0
10113978,CPI,O60488,compound,protein,0
10113978,CPI,Q8NBN7,compound,protein,0
10113978,CPI,P35579,compound,protein,0
10113978,CPI,O14649,compound,protein,0
10113978,CPI,Q8N5Z0,compound,protein,0
10126189,CPI,O14764,compound,protein,0
10127622,CPI,O00506,compound,protein,1
10127622,CPI,O14730,compound,protein,1
10127622,CPI,P15735,compound,protein,1
10127622,CPI,P27361,compound,protein,1
10127622,CPI,P33981,compound,protein,1
10127622,CPI,P54764,compound,protein,1
10127622,CPI,Q00526,compound,protein,1
10127622,CPI,Q02156,compound,protein,1
10127622,CPI,Q13188,compound,protein,1
10127622,CPI,Q15569,compound,protein,1
10127622,CPI,Q6PHR2,compound,protein,1
10127622,CPI,Q6XUX3,compound,protein,1
10127622,CPI,Q7KZI7,compound,protein,1
10127622,CPI,Q8IYT8,compound,protein,1
10127622,CPI,Q8NI60,compound,protein,1
10127622,CPI,Q99640,compound,protein,1
10127622,CPI,Q9H1R3,compound,protein,1
10127622,CPI,Q9NSY1,compound,protein,1
10127622,CPI,Q9P0L2,compound,protein,1
10127622,CPI,Q8N474,compound,protein,0
10127622,CPI,Q01543,compound,protein,0
10127622,CPI,Q96SD1,compound,protein,0
10127622,CPI,P17050,compound,protein,0
10127622,CPI,Q9ULW8,compound,protein,0
10127622,CPI,Q9BQF6,compound,protein,0
10127622,CPI,P25815,compound,protein,0
10127622,CPI,P54578,compound,protein,0
10127622,CPI,P51553,compound,protein,0
10127622,CPI,P78559,compound,protein,0
10127622,CPI,P15169,compound,protein,0
10131112,CPI,Q9P2E9,compound,protein,0
10133,CPI,Q8TDU6,compound,protein,1
10141893,CPI,P21554,compound,protein,1
10154,CPI,P80075,compound,protein,0
10168,CPI,Q9UNQ0,compound,protein,0
10172943,CPI,P06733,compound,protein,0
10172943,CPI,P28223,compound,protein,0
10173277,CPI,Q9Y2I7,compound,protein,1
10173277,CPI,Q08345,compound,protein,0
10173949,CPI,P15056,compound,protein,1
10173949,CPI,Q99798,compound,protein,0
10184653,CPI,O14920,compound,protein,1
10184653,CPI,O96017,compound,protein,1
10184653,CPI,P27361,compound,protein,1
10184653,CPI,P42680,compound,protein,1
10184653,CPI,P57059,compound,protein,1
10184653,CPI,Q13043,compound,protein,1
10184653,CPI,Q13873,compound,protein,1
10184653,CPI,Q16832,compound,protein,1
10184653,CPI,Q8N752,compound,protein,1
10184653,CPI,Q8NEV4,compound,protein,1
10184653,CPI,Q96Q40,compound,protein,1
10184653,CPI,Q9NY57,compound,protein,1
10184653,CPI,Q9UHD2,compound,protein,1
10184653,CPI,Q9Y5S2,compound,protein,1
10184653,CPI,Q9Y6M4,compound,protein,1
10184653,CPI,A0AVT1,compound,protein,0
10184653,CPI,Q9Y570,compound,protein,0
10184653,CPI,Q9NQB0,compound,protein,0
10184653,CPI,P20393,compound,protein,0
10184653,CPI,P11597,compound,protein,0
10184653,CPI,P29459,compound,protein,0
10184653,CPI,P10600,compound,protein,0
10184653,CPI,Q12772,compound,protein,0
10184653,CPI,Q9Y694,compound,protein,0
10184653,CPI,P02788,compound,protein,0
10184653,CPI,Q9BTZ2,compound,protein,0
10184653,CPI,P27169,compound,protein,0
101989,CPI,Q14994,compound,protein,1
10200390,CPI,O75116,compound,protein,1
10200390,CPI,P42685,compound,protein,1
10200390,CPI,Q06187,compound,protein,1
10200390,CPI,Q86V86,compound,protein,1
10200390,CPI,Q9BXA7,compound,protein,1
10200390,CPI,Q08211,compound,protein,0
10200390,CPI,Q8N474,compound,protein,0
10201696,CPI,P07339,compound,protein,1
10201696,CPI,P07711,compound,protein,1
10202642,CPI,O75874,compound,protein,0
10205,CPI,P11712,compound,protein,1
10205,CPI,Q9NUW8,compound,protein,1
10205,CPI,Q9Y2I7,compound,protein,0
10219,CPI,P35372,compound,protein,1
10219,CPI,Q16665,compound,protein,1
10224714,CPI,P25929,compound,protein,0
10235,CPI,Q96D31,compound,protein,0
10253143,CPI,P34972,compound,protein,1
10275789,CPI,O00750,compound,protein,1
10275789,CPI,P80098,compound,protein,0
10296883,CPI,O43293,compound,protein,1
10296883,CPI,P35968,compound,protein,1
10296883,CPI,P68400,compound,protein,1
10296883,CPI,Q13555,compound,protein,1
10296883,CPI,Q9Y5L3,compound,protein,0
10296883,CPI,P17752,compound,protein,0
10297043,CPI,P07949,compound,protein,1
10297043,CPI,Q9UBB5,compound,protein,0
10302451,CPI,P00519,compound,protein,1
10302451,CPI,P51685,compound,protein,0
10302451,CPI,O60741,compound,protein,0
10313,CPI,P51685,compound,protein,0
10322450,CPI,Q92633,compound,protein,0
10330240,CPI,P25021,compound,protein,0
10343454,CPI,P20393,compound,protein,0
1034641,CPI,P19971,compound,protein,0
1034641,CPI,O75676,compound,protein,0
1036002,CPI,O43193,compound,protein,0
10365,CPI,Q6N021,compound,protein,1
10365,CPI,Q9Y2K7,compound,protein,1
10365,CPI,O60741,compound,protein,0
10366136,CPI,Q13627,compound,protein,1
10366136,CPI,Q9NWZ3,compound,protein,1
10366136,CPI,Q9P2R7,compound,protein,1
10366136,CPI,P35573,compound,protein,0
10366136,CPI,P15884,compound,protein,0
10370504,CPI,Q9UBB5,compound,protein,0
10377751,CPI,Q8TBC4,compound,protein,0
10385095,CPI,O94925,compound,protein,0
10398360,CPI,Q9Y4U1,compound,protein,0
10404245,CPI,P10636,compound,protein,1
10407195,CPI,Q13639,compound,protein,0
10407195,CPI,Q6W5P4,compound,protein,0
10410310,CPI,Q9NVM4,compound,protein,0
10410894,CPI,P10276,compound,protein,1
10410894,CPI,P10826,compound,protein,1
10427712,CPI,O43283,compound,protein,1
10427712,CPI,P06239,compound,protein,1
10427712,CPI,P37173,compound,protein,1
10427712,CPI,P45983,compound,protein,1
10427712,CPI,P49748,compound,protein,1
10427712,CPI,P51955,compound,protein,1
10427712,CPI,P53778,compound,protein,1
10427712,CPI,P54753,compound,protein,1
10427712,CPI,Q07912,compound,protein,1
10427712,CPI,Q12866,compound,protein,1
10427712,CPI,Q13163,compound,protein,1
10427712,CPI,Q13177,compound,protein,1
10427712,CPI,Q13188,compound,protein,1
10427712,CPI,Q13464,compound,protein,1
10427712,CPI,Q13705,compound,protein,1
10427712,CPI,Q13873,compound,protein,1
10427712,CPI,Q86UE8,compound,protein,1
10427712,CPI,Q8N752,compound,protein,1
10427712,CPI,Q9UIK4,compound,protein,1
10427712,CPI,P08559,compound,protein,0
10427712,CPI,Q15077,compound,protein,0
10427712,CPI,P10092,compound,protein,0
10427712,CPI,Q09428,compound,protein,0
10427712,CPI,P49915,compound,protein,0
10427712,CPI,Q02127,compound,protein,0
10427712,CPI,Q05193,compound,protein,0
10427712,CPI,P69905,compound,protein,0
10427712,CPI,Q9BQF6,compound,protein,0
10430360,CPI,P49761,compound,protein,1
10446295,CPI,Q9H3N8,compound,protein,1
10448938,CPI,O15197,compound,protein,0
1046,CPI,Q93008,compound,protein,0
10461815,CPI,O14757,compound,protein,1
10461815,CPI,O75716,compound,protein,1
10461815,CPI,P04629,compound,protein,1
10461815,CPI,P07948,compound,protein,1
10461815,CPI,P11362,compound,protein,1
10461815,CPI,P16234,compound,protein,1
10461815,CPI,P22694,compound,protein,1
10461815,CPI,P29323,compound,protein,1
10461815,CPI,P29376,compound,protein,1
10461815,CPI,P36896,compound,protein,1
10461815,CPI,P36897,compound,protein,1
10461815,CPI,P48730,compound,protein,1
10461815,CPI,P51451,compound,protein,1
10461815,CPI,P52333,compound,protein,1
10461815,CPI,Q04912,compound,protein,1
10461815,CPI,Q13188,compound,protein,1
10461815,CPI,Q14004,compound,protein,1
10461815,CPI,Q15303,compound,protein,1
10461815,CPI,Q6DT37,compound,protein,1
10461815,CPI,Q6PHR2,compound,protein,1
10461815,CPI,Q8N752,compound,protein,1
10461815,CPI,Q92630,compound,protein,1
10461815,CPI,Q9BRS2,compound,protein,1
10461815,CPI,Q9NYY3,compound,protein,1
10461815,CPI,Q9Y243,compound,protein,1
10461815,CPI,P45974,compound,protein,0
10461815,CPI,Q9BQF6,compound,protein,0
10461815,CPI,Q9Y4D2,compound,protein,0
10461815,CPI,O95931,compound,protein,0
10461815,CPI,Q13733,compound,protein,0
10461815,CPI,Q9NZ42,compound,protein,0
10461815,CPI,Q93096,compound,protein,0
10461815,CPI,P45954,compound,protein,0
10461815,CPI,Q9ULC6,compound,protein,0
104758,CPI,P04818,compound,protein,1
104842,CPI,P41597,compound,protein,0
104845,CPI,P18825,compound,protein,0
104850,CPI,P21554,compound,protein,1
104850,CPI,P21918,compound,protein,1
104850,CPI,P41145,compound,protein,1
104850,CPI,Q9Y2T6,compound,protein,1
104956,CPI,Q9NUW8,compound,protein,1
105007,CPI,O95342,compound,protein,1
105007,CPI,Q9HBG4,compound,protein,0
10531,CPI,P08172,compound,protein,1
10531,CPI,P08908,compound,protein,1
10531,CPI,P41250,compound,protein,0
10531,CPI,Q9Y487,compound,protein,0
10531,CPI,P23284,compound,protein,0
10607,CPI,Q16665,compound,protein,1
10607,CPI,P05187,compound,protein,0
1065,CPI,P08559,compound,protein,0
10660,CPI,P28223,compound,protein,1
10660,CPI,P27449,compound,protein,0
10660,CPI,P00488,compound,protein,0
10742,CPI,Q9Y243,compound,protein,0
10748,CPI,P35218,compound,protein,1
10748,CPI,Q16790,compound,protein,1
10748,CPI,Q6ZQW0,compound,protein,0
1075883,CPI,O75874,compound,protein,1
107641,CPI,Q9NSD5,compound,protein,0
10767,CPI,Q9UQD0,compound,protein,1
10767,CPI,P36896,compound,protein,0
107704,CPI,O76074,compound,protein,1
107704,CPI,P05177,compound,protein,1
107704,CPI,P14867,compound,protein,1
107715,CPI,P35368,compound,protein,1
107715,CPI,P35573,compound,protein,0
107751,CPI,P08172,compound,protein,1
107751,CPI,P25021,compound,protein,1
107751,CPI,Q10588,compound,protein,0
107751,CPI,P05413,compound,protein,0
107775,CPI,P08648,compound,protein,1
107780,CPI,P43487,compound,protein,0
107780,CPI,Q13488,compound,protein,0
10783,CPI,Q99928,compound,protein,1
107838,CPI,O94782,compound,protein,0
107838,CPI,Q13546,compound,protein,0
107896,CPI,Q99714,compound,protein,1
107905,CPI,P01138,compound,protein,0
107935,CPI,Q6ZQW0,compound,protein,0
107935,CPI,Q12974,compound,protein,0
107935,CPI,Q9ULZ9,compound,protein,0
107970,CPI,P05177,compound,protein,0
107985,CPI,Q00653,compound,protein,1
107992,CPI,P08908,compound,protein,1
107992,CPI,P28223,compound,protein,1
108094,CPI,P18825,compound,protein,1
108107,CPI,P00352,compound,protein,1
108107,CPI,P11217,compound,protein,0
108137,CPI,P08559,compound,protein,0
108143,CPI,P21731,compound,protein,1
108182,CPI,Q96SB4,compound,protein,0
10831,CPI,P08912,compound,protein,1
10831,CPI,P20309,compound,protein,1
10831,CPI,O14788,compound,protein,0
1090779,CPI,P40933,compound,protein,0
1090779,CPI,Q8IVH8,compound,protein,0
1091784,CPI,Q15349,compound,protein,0
10947895,CPI,P11229,compound,protein,1
10970751,CPI,P48730,compound,protein,0
11001318,CPI,P02766,compound,protein,1
11001318,CPI,P35462,compound,protein,1
11012,CPI,P05023,compound,protein,1
11012,CPI,P28222,compound,protein,0
11052,CPI,P18825,compound,protein,0
110634,CPI,Q01064,compound,protein,1
110635,CPI,P18545,compound,protein,1
110635,CPI,P25021,compound,protein,1
110635,CPI,Q01064,compound,protein,1
110635,CPI,O43837,compound,protein,0
11152667,CPI,Q00526,compound,protein,1
11152667,CPI,Q14680,compound,protein,1
11152667,CPI,Q96LA8,compound,protein,0
11152667,CPI,P54886,compound,protein,0
11152667,CPI,P49407,compound,protein,0
11152667,CPI,O94759,compound,protein,0
11152667,CPI,Q96RU2,compound,protein,0
11167602,CPI,P21397,compound,protein,1
11167602,CPI,P36888,compound,protein,1
11167602,CPI,O95907,compound,protein,0
1118253,CPI,P27449,compound,protein,0
1118253,CPI,P22303,compound,protein,0
11207937,CPI,Q16512,compound,protein,0
11213558,CPI,O14730,compound,protein,1
11213558,CPI,O14920,compound,protein,1
11213558,CPI,O60331,compound,protein,1
11213558,CPI,P07948,compound,protein,1
11213558,CPI,P21860,compound,protein,1
11213558,CPI,P29322,compound,protein,1
11213558,CPI,P37023,compound,protein,1
11213558,CPI,P53350,compound,protein,1
11213558,CPI,P54753,compound,protein,1
11213558,CPI,P57059,compound,protein,1
11213558,CPI,Q00536,compound,protein,1
11213558,CPI,Q08881,compound,protein,1
11213558,CPI,Q09013,compound,protein,1
11213558,CPI,Q6DT37,compound,protein,1
11213558,CPI,Q6XUX3,compound,protein,1
11213558,CPI,Q96Q40,compound,protein,1
11213558,CPI,Q9H2K8,compound,protein,1
11213558,CPI,Q9UQ88,compound,protein,1
11213558,CPI,P23743,compound,protein,0
11213558,CPI,Q99728,compound,protein,0
11213558,CPI,Q9UNX3,compound,protein,0
11213558,CPI,P16860,compound,protein,0
11213558,CPI,Q8TD30,compound,protein,0
11213558,CPI,O14649,compound,protein,0
11213558,CPI,P62736,compound,protein,0
11213558,CPI,O15342,compound,protein,0
11213558,CPI,Q15274,compound,protein,0
11213558,CPI,P30990,compound,protein,0
11226090,CPI,Q15743,compound,protein,0
11234052,CPI,O75716,compound,protein,1
11234052,CPI,P08581,compound,protein,1
11234052,CPI,P21709,compound,protein,1
11234052,CPI,P42338,compound,protein,1
11234052,CPI,P42345,compound,protein,1
11234052,CPI,P48730,compound,protein,1
11234052,CPI,Q04912,compound,protein,1
11234052,CPI,Q13546,compound,protein,1
11234052,CPI,Q14164,compound,protein,1
11234052,CPI,Q15569,compound,protein,1
11234052,CPI,Q15759,compound,protein,1
11234052,CPI,Q16816,compound,protein,1
11234052,CPI,Q8IU85,compound,protein,1
11234052,CPI,Q8N752,compound,protein,1
11234052,CPI,Q8NG66,compound,protein,1
11234052,CPI,Q9NSY1,compound,protein,1
11234052,CPI,Q9UBE8,compound,protein,1
11234052,CPI,Q9UL54,compound,protein,1
11234052,CPI,Q9NY65,compound,protein,0
11234052,CPI,Q9NP59,compound,protein,0
11234052,CPI,Q02846,compound,protein,0
11234052,CPI,Q6V0L0,compound,protein,0
11234052,CPI,Q96NZ9,compound,protein,0
11234052,CPI,P02585,compound,protein,0
11234052,CPI,P54710,compound,protein,0
11234052,CPI,P06702,compound,protein,0
11234052,CPI,O00401,compound,protein,0
11234052,CPI,O75911,compound,protein,0
11234052,CPI,Q99259,compound,protein,0
11234052,CPI,P16389,compound,protein,0
11234052,CPI,Q9Y2D1,compound,protein,0
11238823,CPI,P51570,compound,protein,0
11256587,CPI,Q12809,compound,protein,1
11289,CPI,P03372,compound,protein,1
11289,CPI,P21731,compound,protein,1
11289,CPI,P61421,compound,protein,0
11292191,CPI,P11712,compound,protein,1
11292680,CPI,P53396,compound,protein,0
11302540,CPI,P05556,compound,protein,0
11326715,CPI,P08631,compound,protein,0
11327430,CPI,P42345,compound,protein,1
11327430,CPI,Q9Y2H1,compound,protein,0
11338033,CPI,O15111,compound,protein,1
11338033,CPI,O75385,compound,protein,1
11338033,CPI,P06493,compound,protein,1
11338033,CPI,P07333,compound,protein,1
11338033,CPI,P15056,compound,protein,1
11338033,CPI,P15735,compound,protein,1
11338033,CPI,P29322,compound,protein,1
11338033,CPI,P29376,compound,protein,1
11338033,CPI,P48730,compound,protein,1
11338033,CPI,P49674,compound,protein,1
11338033,CPI,P51617,compound,protein,1
11338033,CPI,Q07002,compound,protein,1
11338033,CPI,Q16288,compound,protein,1
11338033,CPI,Q8NG66,compound,protein,1
11338033,CPI,Q99640,compound,protein,1
11338033,CPI,Q02643,compound,protein,0
11338033,CPI,P17658,compound,protein,0
11338033,CPI,O00204,compound,protein,0
11338033,CPI,P18564,compound,protein,0
11338033,CPI,P07202,compound,protein,0
11338033,CPI,P05556,compound,protein,0
11338033,CPI,Q9NUW8,compound,protein,0
11364421,CPI,P00519,compound,protein,1
11364421,CPI,P16234,compound,protein,1
11364421,CPI,P19784,compound,protein,1
11364421,CPI,P33981,compound,protein,1
11364421,CPI,P54753,compound,protein,1
11364421,CPI,P78362,compound,protein,1
11364421,CPI,Q16816,compound,protein,1
11364421,CPI,Q8N752,compound,protein,1
11364421,CPI,Q92630,compound,protein,1
11364421,CPI,Q9HBH9,compound,protein,1
11364421,CPI,Q9P289,compound,protein,1
11364421,CPI,Q13255,compound,protein,0
11364421,CPI,Q99542,compound,protein,0
11364421,CPI,P25815,compound,protein,0
11364421,CPI,P23284,compound,protein,0
11364421,CPI,P42765,compound,protein,0
11364421,CPI,P22310,compound,protein,0
11364421,CPI,P50993,compound,protein,0
11364421,CPI,Q05BQ5,compound,protein,0
11364421,CPI,Q9NYW5,compound,protein,0
11364421,CPI,P11086,compound,protein,0
11364421,CPI,Q14896,compound,protein,0
11373846,CPI,O75116,compound,protein,1
11395181,CPI,P56524,compound,protein,1
11395181,CPI,P21731,compound,protein,0
11404337,CPI,Q13423,compound,protein,0
11427553,CPI,O00506,compound,protein,1
11427553,CPI,O75676,compound,protein,1
11427553,CPI,P10721,compound,protein,1
11427553,CPI,P36897,compound,protein,1
11427553,CPI,Q02763,compound,protein,1
11427553,CPI,Q13131,compound,protein,1
11427553,CPI,Q13153,compound,protein,1
11427553,CPI,Q15303,compound,protein,1
11427553,CPI,Q15835,compound,protein,1
11427553,CPI,Q8IW41,compound,protein,1
11427553,CPI,Q8N752,compound,protein,1
11427553,CPI,Q9NYL2,compound,protein,1
11427553,CPI,Q9UEE5,compound,protein,1
11427553,CPI,P30968,compound,protein,0
11427553,CPI,P08134,compound,protein,0
11427553,CPI,P21266,compound,protein,0
11427553,CPI,O60678,compound,protein,0
11427553,CPI,Q15761,compound,protein,0
11427553,CPI,P19878,compound,protein,0
11427553,CPI,Q9BYV1,compound,protein,0
11427553,CPI,Q9UJT0,compound,protein,0
11427553,CPI,Q9Y239,compound,protein,0
11427553,CPI,Q96NR8,compound,protein,0
11427553,CPI,P43119,compound,protein,0
11427553,CPI,P35579,compound,protein,0
11427553,CPI,Q86U10,compound,protein,0
11427553,CPI,P56381,compound,protein,0
11427553,CPI,Q9GZQ4,compound,protein,0
11427553,CPI,P38606,compound,protein,0
11427553,CPI,O43708,compound,protein,0
11438771,CPI,P07550,compound,protein,0
11442891,CPI,O00444,compound,protein,1
11442891,CPI,O14965,compound,protein,1
11442891,CPI,P42684,compound,protein,1
11442891,CPI,Q13164,compound,protein,1
11450633,CPI,P08684,compound,protein,1
11450633,CPI,P08913,compound,protein,1
11455910,CPI,P10415,compound,protein,1
11455910,CPI,O15399,compound,protein,0
114709,CPI,Q01959,compound,protein,0
11476171,CPI,O60674,compound,protein,1
11476171,CPI,P49137,compound,protein,1
11476171,CPI,Q12888,compound,protein,0
11476171,CPI,O60882,compound,protein,0
11485656,CPI,O00329,compound,protein,1
11485656,CPI,O00750,compound,protein,1
11485656,CPI,O75914,compound,protein,1
11485656,CPI,P17948,compound,protein,1
11485656,CPI,Q13131,compound,protein,1
11485656,CPI,Q13177,compound,protein,1
11485656,CPI,Q5VT25,compound,protein,1
11485656,CPI,Q8TDX7,compound,protein,1
11485656,CPI,Q9BXA7,compound,protein,1
11485656,CPI,Q9UBE8,compound,protein,1
11485656,CPI,Q9UKQ2,compound,protein,0
11485656,CPI,Q9NYK1,compound,protein,0
11485656,CPI,Q8NHM5,compound,protein,0
11485656,CPI,Q9UDR5,compound,protein,0
11485656,CPI,P07101,compound,protein,0
11485656,CPI,P48145,compound,protein,0
11485656,CPI,Q8N2K0,compound,protein,0
11485656,CPI,P06870,compound,protein,0
11485656,CPI,O15403,compound,protein,0
11485656,CPI,Q460N3,compound,protein,0
11485656,CPI,O14815,compound,protein,0
11485656,CPI,Q05923,compound,protein,0
11485656,CPI,P17812,compound,protein,0
11485656,CPI,P00488,compound,protein,0
11485656,CPI,P42785,compound,protein,0
11485656,CPI,Q9NYR8,compound,protein,0
11485656,CPI,P04040,compound,protein,0
11485656,CPI,P55085,compound,protein,0
11485656,CPI,Q9BZM2,compound,protein,0
11488320,CPI,P28335,compound,protein,0
11497983,CPI,O96013,compound,protein,1
11497983,CPI,Q12851,compound,protein,1
11497983,CPI,Q13188,compound,protein,1
11497983,CPI,Q02127,compound,protein,0
11497983,CPI,P55157,compound,protein,0
11497983,CPI,P52789,compound,protein,0
11497983,CPI,P49770,compound,protein,0
11507802,CPI,Q9BVS4,compound,protein,0
1150897,CPI,Q13470,compound,protein,0
1150897,CPI,Q16236,compound,protein,0
11511120,CPI,Q9Y572,compound,protein,1
115175,CPI,O96017,compound,protein,0
11524144,CPI,P35968,compound,protein,1
11524144,CPI,Q9ULC6,compound,protein,0
115348,CPI,Q15392,compound,protein,0
115348,CPI,Q92918,compound,protein,0
11538455,CPI,Q13423,compound,protein,0
11538455,CPI,O43193,compound,protein,0
11548630,CPI,P0DMS8,compound,protein,0
11552706,CPI,Q9BZM2,compound,protein,0
11561674,CPI,Q08499,compound,protein,1
11570626,CPI,P17706,compound,protein,0
11575713,CPI,Q9NUW8,compound,protein,1
11595431,CPI,Q9NYA1,compound,protein,0
11597537,CPI,P27361,compound,protein,1
11597537,CPI,P32320,compound,protein,0
11597537,CPI,P35368,compound,protein,0
11597537,CPI,Q9Y6L6,compound,protein,0
11609955,CPI,P08172,compound,protein,0
11617559,CPI,O00750,compound,protein,1
11617559,CPI,O15075,compound,protein,1
11617559,CPI,O60674,compound,protein,1
11617559,CPI,P37173,compound,protein,1
11617559,CPI,P42684,compound,protein,1
11617559,CPI,P49761,compound,protein,1
11617559,CPI,P54762,compound,protein,1
11617559,CPI,Q00536,compound,protein,1
11617559,CPI,Q13546,compound,protein,1
11617559,CPI,Q13627,compound,protein,1
11617559,CPI,Q86Z02,compound,protein,1
11617559,CPI,Q9BVS4,compound,protein,1
11617559,CPI,Q9H0K1,compound,protein,1
11617559,CPI,Q9HCP0,compound,protein,1
11617559,CPI,Q9UF33,compound,protein,1
11617559,CPI,P00797,compound,protein,0
11617559,CPI,P07202,compound,protein,0
11617559,CPI,Q8WYK2,compound,protein,0
11617559,CPI,Q92800,compound,protein,0
11617559,CPI,P04746,compound,protein,0
11617559,CPI,Q96PR1,compound,protein,0
11617559,CPI,P17735,compound,protein,0
11620908,CPI,P06239,compound,protein,1
11620908,CPI,P48735,compound,protein,0
11622909,CPI,Q12879,compound,protein,1
11622909,CPI,Q9UBR2,compound,protein,0
11625818,CPI,Q01959,compound,protein,1
11626560,CPI,O14936,compound,protein,1
11626560,CPI,O43283,compound,protein,1
11626560,CPI,O60285,compound,protein,1
11626560,CPI,P06239,compound,protein,1
11626560,CPI,P07333,compound,protein,1
11626560,CPI,P0C1S8,compound,protein,1
11626560,CPI,P15735,compound,protein,1
11626560,CPI,P18825,compound,protein,1
11626560,CPI,P29320,compound,protein,1
11626560,CPI,P37173,compound,protein,1
11626560,CPI,P42680,compound,protein,1
11626560,CPI,P42685,compound,protein,1
11626560,CPI,P49760,compound,protein,1
11626560,CPI,P50613,compound,protein,1
11626560,CPI,Q02763,compound,protein,1
11626560,CPI,Q15139,compound,protein,1
11626560,CPI,Q16620,compound,protein,1
11626560,CPI,Q86V86,compound,protein,1
11626560,CPI,Q8N4C8,compound,protein,1
11626560,CPI,Q8NE63,compound,protein,1
11626560,CPI,Q9NWZ3,compound,protein,1
11626560,CPI,O95342,compound,protein,0
11626560,CPI,Q96KS0,compound,protein,0
11626560,CPI,P33151,compound,protein,0
11626560,CPI,Q13422,compound,protein,0
11626560,CPI,Q99259,compound,protein,0
11626560,CPI,Q9UNK4,compound,protein,0
11626560,CPI,Q9Y5R2,compound,protein,0
11626560,CPI,P61604,compound,protein,0
11626560,CPI,O75964,compound,protein,0
11626927,CPI,Q9UHD2,compound,protein,1
11631681,CPI,P54753,compound,protein,1
11631681,CPI,P39877,compound,protein,0
11634725,CPI,Q9NWZ3,compound,protein,1
11634725,CPI,P19367,compound,protein,0
11634725,CPI,Q7RTT9,compound,protein,0
11644425,CPI,Q8IWQ3,compound,protein,1
11646823,CPI,Q12809,compound,protein,1
11646823,CPI,Q5BJF2,compound,protein,1
11646823,CPI,Q9HC97,compound,protein,1
11647372,CPI,O00750,compound,protein,1
11647372,CPI,P42336,compound,protein,1
11647372,CPI,P53611,compound,protein,0
11654378,CPI,P04629,compound,protein,1
11656518,CPI,O60331,compound,protein,1
11656518,CPI,P29317,compound,protein,1
11656518,CPI,Q13153,compound,protein,1
11656518,CPI,Q15835,compound,protein,1
11656518,CPI,Q16620,compound,protein,1
11656518,CPI,Q16832,compound,protein,1
11656518,CPI,Q8IWQ3,compound,protein,1
11656518,CPI,Q8TBX8,compound,protein,1
11656518,CPI,Q92630,compound,protein,1
11656518,CPI,Q92772,compound,protein,1
11656518,CPI,Q9HBH9,compound,protein,1
11656518,CPI,Q9NYL2,compound,protein,1
11656518,CPI,O75964,compound,protein,0
11656518,CPI,P04271,compound,protein,0
11656518,CPI,P51800,compound,protein,0
11656518,CPI,P54578,compound,protein,0
11656518,CPI,Q01118,compound,protein,0
11656518,CPI,P32246,compound,protein,0
11656518,CPI,Q02643,compound,protein,0
11656518,CPI,Q7Z2W7,compound,protein,0
11658860,CPI,Q13153,compound,protein,0
11667893,CPI,P06241,compound,protein,1
11667893,CPI,P15735,compound,protein,1
11667893,CPI,P31152,compound,protein,1
11667893,CPI,P46734,compound,protein,1
11667893,CPI,P51813,compound,protein,1
11667893,CPI,P54762,compound,protein,1
11667893,CPI,P78356,compound,protein,1
11667893,CPI,Q13554,compound,protein,1
11667893,CPI,Q16512,compound,protein,1
11667893,CPI,Q6XUX3,compound,protein,1
11667893,CPI,Q6ZN16,compound,protein,1
11667893,CPI,Q86Y07,compound,protein,1
11667893,CPI,Q8NE63,compound,protein,1
11667893,CPI,Q9BVS4,compound,protein,1
11667893,CPI,Q9UQM7,compound,protein,1
11667893,CPI,Q9Y6R4,compound,protein,1
11667893,CPI,P00966,compound,protein,0
11667893,CPI,Q15111,compound,protein,0
11667893,CPI,Q15878,compound,protein,0
11667893,CPI,P17735,compound,protein,0
11667893,CPI,O95461,compound,protein,0
11667893,CPI,O14815,compound,protein,0
11667893,CPI,O43708,compound,protein,0
11667893,CPI,P11177,compound,protein,0
11667893,CPI,Q92736,compound,protein,0
11667893,CPI,P59542,compound,protein,0
11676786,CPI,O00625,compound,protein,1
11689583,CPI,Q9H3S4,compound,protein,0
11703255,CPI,P32927,compound,protein,1
11712649,CPI,P21802,compound,protein,1
11712649,CPI,P49761,compound,protein,1
11712649,CPI,Q04912,compound,protein,1
11712649,CPI,Q13705,compound,protein,1
11712649,CPI,Q8N568,compound,protein,1
11712649,CPI,Q8WXR4,compound,protein,1
11712649,CPI,Q96RR4,compound,protein,1
11712649,CPI,Q9NRP7,compound,protein,1
11712649,CPI,Q9P0L2,compound,protein,1
11712649,CPI,Q9UBE8,compound,protein,1
11712649,CPI,Q9Y4K4,compound,protein,1
11712649,CPI,Q9Y6R4,compound,protein,1
11712649,CPI,P0C870,compound,protein,0
11712649,CPI,Q9Y2D1,compound,protein,0
11712649,CPI,Q9NR82,compound,protein,0
11712649,CPI,P20648,compound,protein,0
11712649,CPI,P28329,compound,protein,0
11713159,CPI,P04629,compound,protein,1
11713159,CPI,P06239,compound,protein,1
11713159,CPI,P07948,compound,protein,1
11713159,CPI,P19784,compound,protein,1
11713159,CPI,P42685,compound,protein,1
11713159,CPI,P51817,compound,protein,1
11713159,CPI,Q05513,compound,protein,1
11713159,CPI,Q92918,compound,protein,1
11713159,CPI,Q9H0K1,compound,protein,1
11713159,CPI,P15328,compound,protein,0
11713159,CPI,P55201,compound,protein,0
11713159,CPI,P30968,compound,protein,0
11713159,CPI,P21728,compound,protein,0
11715767,CPI,P29376,compound,protein,1
11715767,CPI,Q08881,compound,protein,1
11715767,CPI,Q13188,compound,protein,1
11715767,CPI,Q14680,compound,protein,1
11715767,CPI,Q15303,compound,protein,1
11715767,CPI,Q16512,compound,protein,1
11715767,CPI,Q969P6,compound,protein,0
11715767,CPI,Q9H492,compound,protein,0
11715767,CPI,Q16602,compound,protein,0
11715767,CPI,Q9NS85,compound,protein,0
11715767,CPI,P49019,compound,protein,0
11715767,CPI,P31213,compound,protein,0
11717001,CPI,O15530,compound,protein,1
11717001,CPI,O95835,compound,protein,1
11717001,CPI,P00519,compound,protein,1
11717001,CPI,P53778,compound,protein,1
11717001,CPI,P54756,compound,protein,1
11717001,CPI,Q13163,compound,protein,1
11717001,CPI,Q15375,compound,protein,1
11717001,CPI,Q16512,compound,protein,1
11717001,CPI,Q9P289,compound,protein,1
11717001,CPI,Q9Y616,compound,protein,1
11717001,CPI,P33260,compound,protein,0
11717001,CPI,Q8TF61,compound,protein,0
11717001,CPI,Q8TD43,compound,protein,0
11717001,CPI,O15375,compound,protein,0
11717001,CPI,P49682,compound,protein,0
11717001,CPI,Q8NBN7,compound,protein,0
11717001,CPI,P00740,compound,protein,0
11717001,CPI,P22888,compound,protein,0
11717001,CPI,P05108,compound,protein,0
11719003,CPI,P42330,compound,protein,0
11771279,CPI,P01579,compound,protein,0
11831,CPI,Q9UP65,compound,protein,0
11842604,CPI,P41143,compound,protein,0
11844351,CPI,P12931,compound,protein,1
11844351,CPI,O00512,compound,protein,0
11844351,CPI,P30304,compound,protein,0
11848225,CPI,P41146,compound,protein,1
11869537,CPI,P05141,compound,protein,0
11869602,CPI,Q99527,compound,protein,1
11869602,CPI,P62258,compound,protein,0
11869602,CPI,P10636,compound,protein,0
11872394,CPI,P17948,compound,protein,0
119,CPI,Q13489,compound,protein,0
119029,CPI,P41145,compound,protein,1
119029,CPI,P35222,compound,protein,0
119031,CPI,Q13148,compound,protein,0
119032,CPI,Q00532,compound,protein,0
119034,CPI,Q8TDU6,compound,protein,1
11908593,CPI,O75116,compound,protein,0
119182,CPI,P08172,compound,protein,1
119182,CPI,P23921,compound,protein,1
119192,CPI,P14625,compound,protein,0
119214,CPI,Q9BUB5,compound,protein,0
119373,CPI,P33527,compound,protein,1
119376,CPI,Q6W5P4,compound,protein,1
119461,CPI,P61158,compound,protein,0
119461,CPI,Q9UJW3,compound,protein,0
11949646,CPI,P13866,compound,protein,1
11950170,CPI,P78368,compound,protein,1
11950170,CPI,P30559,compound,protein,0
11950170,CPI,Q9H3R0,compound,protein,0
11950170,CPI,Q6PIU2,compound,protein,0
11950170,CPI,Q9Y5Y9,compound,protein,0
11950170,CPI,Q9Y5N1,compound,protein,0
11950726,CPI,O75116,compound,protein,0
11955855,CPI,P68363,compound,protein,0
119570,CPI,P18089,compound,protein,1
119570,CPI,P21918,compound,protein,1
11957499,CPI,Q6W5P4,compound,protein,1
11957499,CPI,Q8NA19,compound,protein,0
11957615,CPI,P02545,compound,protein,1
11957615,CPI,P28223,compound,protein,1
119584,CPI,O60240,compound,protein,1
119584,CPI,P33261,compound,protein,1
11960528,CPI,P09874,compound,protein,1
119607,CPI,P11229,compound,protein,1
119607,CPI,Q8N163,compound,protein,0
11973736,CPI,O43353,compound,protein,1
11973736,CPI,P06239,compound,protein,1
11973736,CPI,P17948,compound,protein,1
11977753,CPI,P34947,compound,protein,1
11977753,CPI,P48729,compound,protein,1
11977753,CPI,Q13627,compound,protein,1
11977753,CPI,Q7L7X3,compound,protein,1
11977753,CPI,P10515,compound,protein,0
11977753,CPI,P59541,compound,protein,0
11977753,CPI,P0C870,compound,protein,0
11978813,CPI,P35368,compound,protein,1
11978813,CPI,P10619,compound,protein,0
11978813,CPI,Q04609,compound,protein,0
11984561,CPI,Q9C098,compound,protein,0
11984561,CPI,Q13464,compound,protein,0
1201549,CPI,P03372,compound,protein,1
1201549,CPI,P30411,compound,protein,1
1201549,CPI,P24347,compound,protein,0
1201549,CPI,O14924,compound,protein,0
1201976,CPI,O14936,compound,protein,0
1204,CPI,P30926,compound,protein,1
12043281,CPI,P0DJD9,compound,protein,0
12043281,CPI,P51956,compound,protein,0
121051,CPI,P26358,compound,protein,0
1218,CPI,P21728,compound,protein,1
1218,CPI,Q9NUW8,compound,protein,1
121846,CPI,Q9HAS3,compound,protein,0
121846,CPI,Q13163,compound,protein,0
121877,CPI,P16591,compound,protein,0
121891,CPI,P21554,compound,protein,1
121891,CPI,P29274,compound,protein,1
121891,CPI,P49802,compound,protein,0
121891,CPI,P09917,compound,protein,0
121928,CPI,P08172,compound,protein,0
121930,CPI,P05177,compound,protein,1
121930,CPI,P0DMV8,compound,protein,0
121930,CPI,P53355,compound,protein,0
1220,CPI,P47898,compound,protein,1
1220,CPI,O14843,compound,protein,0
122295,CPI,P25100,compound,protein,1
122327,CPI,Q14432,compound,protein,0
12304008,CPI,P04083,compound,protein,1
12309103,CPI,P68400,compound,protein,0
12358880,CPI,Q8TDU6,compound,protein,1
123606,CPI,P28222,compound,protein,1
123606,CPI,O95342,compound,protein,0
123619,CPI,P25021,compound,protein,1
123619,CPI,P47898,compound,protein,1
123619,CPI,O60669,compound,protein,0
123631,CPI,O43318,compound,protein,1
123631,CPI,P04049,compound,protein,1
123631,CPI,P06493,compound,protein,1
123631,CPI,P07949,compound,protein,1
123631,CPI,P0C1S8,compound,protein,1
123631,CPI,P11362,compound,protein,1
123631,CPI,P16591,compound,protein,1
123631,CPI,P36897,compound,protein,1
123631,CPI,P57078,compound,protein,1
123631,CPI,Q05513,compound,protein,1
123631,CPI,Q13464,compound,protein,1
123631,CPI,Q86UE8,compound,protein,1
123631,CPI,P55809,compound,protein,0
123631,CPI,P17735,compound,protein,0
123631,CPI,Q9Y4C1,compound,protein,0
123631,CPI,O43184,compound,protein,0
123631,CPI,O15496,compound,protein,0
123631,CPI,Q9Y5R2,compound,protein,0
123631,CPI,Q9NRE1,compound,protein,0
123631,CPI,P25090,compound,protein,0
123631,CPI,P49682,compound,protein,0
123631,CPI,P11168,compound,protein,0
123662,CPI,P14867,compound,protein,1
123662,CPI,P21397,compound,protein,0
123686,CPI,P35372,compound,protein,0
123692,CPI,Q01959,compound,protein,1
123767,CPI,P08684,compound,protein,1
123831,CPI,P36021,compound,protein,0
123879,CPI,Q9NR56,compound,protein,1
123879,CPI,P36873,compound,protein,0
123879,CPI,P50406,compound,protein,0
123932,CPI,O95264,compound,protein,1
124007,CPI,P38936,compound,protein,0
124007,CPI,Q13555,compound,protein,0
124079495,CPI,P10275,compound,protein,1
124087,CPI,Q9HAB3,compound,protein,0
124087,CPI,Q96S44,compound,protein,0
1241420,CPI,P06401,compound,protein,0
124202151,CPI,Q93050,compound,protein,0
124226581,CPI,Q9H244,compound,protein,1
124226581,CPI,Q01959,compound,protein,0
124489981,CPI,P52895,compound,protein,1
124489981,CPI,Q9UGN5,compound,protein,0
124489981,CPI,P41597,compound,protein,0
124557520,CPI,P35968,compound,protein,0
1250001,CPI,P06280,compound,protein,0
125017,CPI,P21554,compound,protein,1
125017,CPI,Q8IYM2,compound,protein,0
125017,CPI,P41145,compound,protein,0
1251584,CPI,P08684,compound,protein,0
125519,CPI,P06239,compound,protein,1
12555,CPI,P08172,compound,protein,1
12555,CPI,O00341,compound,protein,0
12560,CPI,P18825,compound,protein,1
12560,CPI,Q96FL8,compound,protein,0
1257,CPI,P23945,compound,protein,0
1257201,CPI,Q13148,compound,protein,1
12597,CPI,P31749,compound,protein,0
1261822,CPI,P53350,compound,protein,1
1261822,CPI,O43526,compound,protein,0
1261872,CPI,Q6W5P4,compound,protein,1
1263681,CPI,P28472,compound,protein,1
1263681,CPI,P32320,compound,protein,0
1263681,CPI,Q8TEK3,compound,protein,0
126402,CPI,Q92542,compound,protein,0
126769,CPI,P10636,compound,protein,1
126769,CPI,P46063,compound,protein,1
126941,CPI,O75874,compound,protein,1
126941,CPI,Q05932,compound,protein,1
126941,CPI,P67936,compound,protein,0
126941,CPI,P25440,compound,protein,0
126968712,CPI,P21730,compound,protein,0
127894,CPI,P42262,compound,protein,1
127898,CPI,P36888,compound,protein,0
127951,CPI,P51813,compound,protein,0
128268,CPI,Q6ZN16,compound,protein,0
128355,CPI,Q9Y271,compound,protein,1
128355,CPI,P21281,compound,protein,0
128563,CPI,P20309,compound,protein,1
1285940,CPI,Q09472,compound,protein,1
128878,CPI,P30542,compound,protein,0
1288922,CPI,P55786,compound,protein,0
12895728,CPI,O60503,compound,protein,0
12895728,CPI,Q9NUW8,compound,protein,0
129009888,CPI,P53350,compound,protein,0
129009987,CPI,Q5VT25,compound,protein,0
129010022,CPI,Q16512,compound,protein,0
129010025,CPI,Q9UM07,compound,protein,1
129010074,CPI,Q9UNA0,compound,protein,1
129010090,CPI,Q8WUK0,compound,protein,0
129010103,CPI,P35916,compound,protein,0
129211,CPI,P84077,compound,protein,0
129989,CPI,P11229,compound,protein,1
13017911,CPI,P14625,compound,protein,1
13017911,CPI,P08913,compound,protein,0
1302,CPI,P08908,compound,protein,0
13021033,CPI,P08631,compound,protein,0
1302558,CPI,O75164,compound,protein,1
130881,CPI,O15438,compound,protein,1
130881,CPI,P17050,compound,protein,0
130881,CPI,O75900,compound,protein,0
130956,CPI,P05231,compound,protein,0
13109,CPI,P03372,compound,protein,1
131411,CPI,P43220,compound,protein,1
131414,CPI,Q9UQM7,compound,protein,1
1316,CPI,P11229,compound,protein,0
131682,CPI,P27338,compound,protein,1
13186954,CPI,Q9NUW8,compound,protein,1
13186954,CPI,P29033,compound,protein,0
132059,CPI,P21728,compound,protein,0
132519,CPI,P14780,compound,protein,1
132846,CPI,P21452,compound,protein,1
132846,CPI,P33261,compound,protein,1
132887,CPI,P02545,compound,protein,0
1329,CPI,Q08828,compound,protein,1
13292831,CPI,Q9Y5Y4,compound,protein,1
132971,CPI,P43681,compound,protein,1
133008,CPI,P35462,compound,protein,1
13303884,CPI,P18089,compound,protein,0
133076,CPI,P22303,compound,protein,0
13342,CPI,P24557,compound,protein,1
13342,CPI,Q9UJT0,compound,protein,1
133538,CPI,P08908,compound,protein,1
133538,CPI,P31645,compound,protein,0
133633,CPI,Q9UM07,compound,protein,0
134044,CPI,P35368,compound,protein,1
134141,CPI,Q13563,compound,protein,0
134141,CPI,P18089,compound,protein,0
134141,CPI,P53350,compound,protein,0
134551,CPI,P28223,compound,protein,1
134551,CPI,Q9Y2H1,compound,protein,0
134780,CPI,Q6SZW1,compound,protein,0
134780,CPI,Q9ULC5,compound,protein,0
13501,CPI,P16591,compound,protein,0
135398495,CPI,P00519,compound,protein,1
135398495,CPI,Q15349,compound,protein,1
135398495,CPI,Q15047,compound,protein,0
135398495,CPI,P55085,compound,protein,0
135398499,CPI,O00444,compound,protein,1
135398499,CPI,P06241,compound,protein,1
135398499,CPI,P11274,compound,protein,1
135398499,CPI,P50750,compound,protein,1
135398499,CPI,P78368,compound,protein,1
135398499,CPI,Q06187,compound,protein,1
135398499,CPI,Q8IW41,compound,protein,1
135398499,CPI,Q99683,compound,protein,1
135398499,CPI,Q92959,compound,protein,0
135398499,CPI,O14735,compound,protein,0
135398499,CPI,Q00987,compound,protein,0
135398510,CPI,P35968,compound,protein,1
135398516,CPI,Q460N3,compound,protein,0
135398737,CPI,P47898,compound,protein,1
135398737,CPI,Q13936,compound,protein,1
135398737,CPI,Q8N1C3,compound,protein,1
135398737,CPI,P55786,compound,protein,0
135398737,CPI,O75348,compound,protein,0
135398737,CPI,P52597,compound,protein,0
135398737,CPI,P41250,compound,protein,0
135398737,CPI,Q8N371,compound,protein,0
135398737,CPI,Q9UPZ9,compound,protein,0
135398738,CPI,P29274,compound,protein,1
135398738,CPI,Q99808,compound,protein,1
135398738,CPI,P10599,compound,protein,0
135398738,CPI,Q86W10,compound,protein,0
135398738,CPI,Q9ULC5,compound,protein,0
135398738,CPI,C0HM02,compound,protein,0
135398745,CPI,P13631,compound,protein,1
135398745,CPI,P21728,compound,protein,1
135398745,CPI,P21918,compound,protein,1
135398745,CPI,P28222,compound,protein,1
135398745,CPI,P41595,compound,protein,1
135398745,CPI,P47898,compound,protein,1
135398745,CPI,P17706,compound,protein,0
1354,CPI,P08684,compound,protein,1
135400439,CPI,P10636,compound,protein,1
135400439,CPI,Q05901,compound,protein,0
135400439,CPI,P31645,compound,protein,0
135409453,CPI,P08913,compound,protein,1
135409453,CPI,Q9UBS5,compound,protein,1
135409453,CPI,P51817,compound,protein,0
135411,CPI,Q9HD36,compound,protein,0
135412795,CPI,P23219,compound,protein,1
135413533,CPI,P11387,compound,protein,1
135419176,CPI,O15118,compound,protein,1
135419176,CPI,Q9UP95,compound,protein,0
135419176,CPI,Q9UQD0,compound,protein,0
135419176,CPI,Q99928,compound,protein,0
135419176,CPI,Q96L34,compound,protein,0
135453978,CPI,O76039,compound,protein,0
1355,CPI,P08684,compound,protein,1
1355,CPI,P08908,compound,protein,1
135511839,CPI,Q9NUW8,compound,protein,1
135533054,CPI,O75582,compound,protein,0
135554441,CPI,P31751,compound,protein,0
135564558,CPI,Q8IU80,compound,protein,0
135564558,CPI,P11229,compound,protein,0
135564985,CPI,Q92630,compound,protein,0
135565635,CPI,O00506,compound,protein,1
135565635,CPI,O15530,compound,protein,1
135565635,CPI,O43318,compound,protein,1
135565635,CPI,P06239,compound,protein,1
135565635,CPI,P10721,compound,protein,1
135565635,CPI,P15735,compound,protein,1
135565635,CPI,P29320,compound,protein,1
135565635,CPI,P29322,compound,protein,1
135565635,CPI,P41240,compound,protein,1
135565635,CPI,Q13177,compound,protein,1
135565635,CPI,Q13470,compound,protein,1
135565635,CPI,Q14004,compound,protein,1
135565635,CPI,Q8IU85,compound,protein,1
135565635,CPI,Q8N752,compound,protein,1
135565635,CPI,Q9BQI3,compound,protein,1
135565635,CPI,Q9C098,compound,protein,1
135565635,CPI,Q9NUW8,compound,protein,1
135565635,CPI,Q9P1W9,compound,protein,1
135565635,CPI,Q9P289,compound,protein,1
135565635,CPI,Q9Y6R4,compound,protein,1
135565635,CPI,O15403,compound,protein,0
135565635,CPI,P19320,compound,protein,0
135565635,CPI,P11177,compound,protein,0
135565635,CPI,P15144,compound,protein,0
135565635,CPI,Q9Y4C1,compound,protein,0
135565635,CPI,Q12882,compound,protein,0
135565635,CPI,Q9NS85,compound,protein,0
135565635,CPI,P13866,compound,protein,0
135565635,CPI,P60903,compound,protein,0
135565635,CPI,Q14003,compound,protein,0
135874057,CPI,Q9UIK4,compound,protein,0
1359,CPI,Q05BQ5,compound,protein,0
136238508,CPI,P10632,compound,protein,1
1374043,CPI,P35367,compound,protein,0
13765,CPI,P31645,compound,protein,1
137698378,CPI,P07900,compound,protein,1
137698378,CPI,Q9H2K8,compound,protein,0
13791,CPI,O75469,compound,protein,1
13791,CPI,Q9UKQ2,compound,protein,0
13791,CPI,P48637,compound,protein,0
13791,CPI,Q8IW41,compound,protein,0
1379247,CPI,O94925,compound,protein,1
1383884,CPI,P46098,compound,protein,1
1383884,CPI,P10606,compound,protein,0
139032026,CPI,Q9H255,compound,protein,0
139032028,CPI,Q15078,compound,protein,0
13981868,CPI,P06734,compound,protein,0
1400,CPI,O96013,compound,protein,1
1400,CPI,P42685,compound,protein,1
1400,CPI,P68400,compound,protein,1
1400,CPI,Q9HC62,compound,protein,0
1400,CPI,Q8NET8,compound,protein,0
1400,CPI,P11168,compound,protein,0
1400,CPI,O00222,compound,protein,0
1400,CPI,P60903,compound,protein,0
1400,CPI,P08473,compound,protein,0
1400,CPI,P28838,compound,protein,0
1400246,CPI,Q14416,compound,protein,0
1400246,CPI,Q6DT37,compound,protein,0
1403142,CPI,Q15303,compound,protein,0
14187,CPI,P11712,compound,protein,1
14249524,CPI,Q7KZI7,compound,protein,0
1432578,CPI,Q96JM7,compound,protein,0
1434953,CPI,Q8WXR4,compound,protein,0
145659,CPI,P41145,compound,protein,0
146570,CPI,P08684,compound,protein,1
146570,CPI,O95342,compound,protein,0
14709,CPI,O96013,compound,protein,0
1474853,CPI,O94782,compound,protein,0
148121,CPI,P31939,compound,protein,0
148124,CPI,O96017,compound,protein,0
148124,CPI,P10632,compound,protein,0
148192,CPI,P11229,compound,protein,1
148192,CPI,Q9Y5N1,compound,protein,1
148192,CPI,P41250,compound,protein,0
149096,CPI,Q13554,compound,protein,0
14925,CPI,Q99798,compound,protein,1
1493,CPI,P16473,compound,protein,1
15032,CPI,P08172,compound,protein,0
1510379,CPI,Q86X55,compound,protein,0
151170,CPI,O60658,compound,protein,1
151194,CPI,O96017,compound,protein,1
151194,CPI,P14616,compound,protein,1
151194,CPI,P16234,compound,protein,1
151194,CPI,P29376,compound,protein,1
151194,CPI,P33981,compound,protein,1
151194,CPI,P36896,compound,protein,1
151194,CPI,P42685,compound,protein,1
151194,CPI,P54646,compound,protein,1
151194,CPI,P78362,compound,protein,1
151194,CPI,Q16832,compound,protein,1
151194,CPI,Q9NRH2,compound,protein,1
151194,CPI,Q9P2K8,compound,protein,1
151194,CPI,Q9UHD2,compound,protein,1
151194,CPI,Q9Y616,compound,protein,1
151194,CPI,P05155,compound,protein,0
151194,CPI,P00747,compound,protein,0
151194,CPI,Q494W8,compound,protein,0
151194,CPI,P62736,compound,protein,0
151194,CPI,Q8TDS5,compound,protein,0
151194,CPI,P41594,compound,protein,0
151194,CPI,Q16853,compound,protein,0
151194,CPI,Q9Y617,compound,protein,0
151194,CPI,P36639,compound,protein,0
151194,CPI,Q96PD7,compound,protein,0
151194,CPI,Q15910,compound,protein,0
151194,CPI,P49895,compound,protein,0
151582,CPI,P42226,compound,protein,1
151582,CPI,Q16665,compound,protein,1
1517919,CPI,P01308,compound,protein,0
1520267,CPI,Q8TDU6,compound,protein,1
1523656,CPI,P22234,compound,protein,0
153005,CPI,P30411,compound,protein,0
1537,CPI,O75164,compound,protein,1
1537,CPI,Q16236,compound,protein,1
153948,CPI,P55055,compound,protein,0
154059,CPI,P11229,compound,protein,1
154417,CPI,P07237,compound,protein,0
15443,CPI,P28223,compound,protein,1
154575,CPI,O60911,compound,protein,0
1547484,CPI,P21728,compound,protein,1
1547484,CPI,P37288,compound,protein,1
1547484,CPI,P41595,compound,protein,1
1547484,CPI,Q04917,compound,protein,0
15478,CPI,O75874,compound,protein,1
15478,CPI,P60568,compound,protein,0
15478,CPI,P29034,compound,protein,0
1548076,CPI,P34932,compound,protein,0
1548942,CPI,P05177,compound,protein,1
1548942,CPI,P33261,compound,protein,1
1548942,CPI,O60341,compound,protein,1
1548942,CPI,P21731,compound,protein,1
1548942,CPI,P06753,compound,protein,0
1548942,CPI,P43487,compound,protein,0
1548953,CPI,P0DMS8,compound,protein,1
1548955,CPI,P41235,compound,protein,1
1548955,CPI,Q15125,compound,protein,1
1548955,CPI,O00341,compound,protein,0
1549000,CPI,P43681,compound,protein,0
15541,CPI,P30411,compound,protein,1
15541,CPI,P43681,compound,protein,1
15541,CPI,Q99808,compound,protein,1
15541,CPI,P31689,compound,protein,0
15541,CPI,Q12882,compound,protein,0
15541,CPI,P02787,compound,protein,0
155815,CPI,P04054,compound,protein,1
15604015,CPI,Q9NRA0,compound,protein,1
15604015,CPI,O00222,compound,protein,0
15625,CPI,Q9H4B7,compound,protein,0
156391,CPI,P21397,compound,protein,1
156391,CPI,Q99418,compound,protein,0
1564,CPI,P11309,compound,protein,0
156414,CPI,O15530,compound,protein,1
156414,CPI,O76039,compound,protein,1
156414,CPI,P20794,compound,protein,1
156414,CPI,P52333,compound,protein,1
156414,CPI,P54646,compound,protein,1
156414,CPI,Q15375,compound,protein,1
156414,CPI,Q16566,compound,protein,1
156414,CPI,Q86UE8,compound,protein,1
156414,CPI,Q86YV6,compound,protein,1
156414,CPI,Q96RR4,compound,protein,1
156414,CPI,Q9H0K1,compound,protein,1
156414,CPI,Q9HC98,compound,protein,1
156414,CPI,Q9NSY1,compound,protein,1
156414,CPI,Q9UBE8,compound,protein,1
156414,CPI,P05181,compound,protein,0
156414,CPI,Q16602,compound,protein,0
156414,CPI,P35222,compound,protein,0
156414,CPI,P07327,compound,protein,0
156414,CPI,P23297,compound,protein,0
156414,CPI,Q05823,compound,protein,0
156414,CPI,Q9Y337,compound,protein,0
156414,CPI,Q02153,compound,protein,0
156419,CPI,P43681,compound,protein,1
156419,CPI,Q01959,compound,protein,1
156422,CPI,P06241,compound,protein,1
156422,CPI,P07333,compound,protein,1
156422,CPI,Q00532,compound,protein,1
156422,CPI,Q08881,compound,protein,1
156422,CPI,Q15746,compound,protein,1
156422,CPI,Q6PHR2,compound,protein,1
156422,CPI,Q6ZN16,compound,protein,1
156422,CPI,Q86YV6,compound,protein,1
156422,CPI,Q8TBX8,compound,protein,1
156422,CPI,Q96Q40,compound,protein,1
156422,CPI,Q9NWZ3,compound,protein,1
156422,CPI,O60502,compound,protein,0
156422,CPI,Q9NR22,compound,protein,0
156422,CPI,Q15825,compound,protein,0
156422,CPI,P54829,compound,protein,0
156422,CPI,P00326,compound,protein,0
156422,CPI,O60779,compound,protein,0
156422,CPI,O15427,compound,protein,0
156422,CPI,P43487,compound,protein,0
156422,CPI,Q9NXB9,compound,protein,0
156422,CPI,O60656,compound,protein,0
156422,CPI,P38606,compound,protein,0
156422,CPI,Q9NYW1,compound,protein,0
156422,CPI,P12429,compound,protein,0
156422,CPI,P14207,compound,protein,0
156422,CPI,P30990,compound,protein,0
156422,CPI,Q9HBL8,compound,protein,0
156422,CPI,P41252,compound,protein,0
156422,CPI,Q8TC12,compound,protein,0
156422,CPI,P31260,compound,protein,0
15760,CPI,P28221,compound,protein,1
15760,CPI,P08908,compound,protein,0
158781,CPI,Q9HCN6,compound,protein,0
15897,CPI,P28223,compound,protein,0
15922487,CPI,P06493,compound,protein,0
159278,CPI,P05067,compound,protein,1
159324,CPI,P49356,compound,protein,1
15983966,CPI,O00750,compound,protein,1
15983966,CPI,O14965,compound,protein,1
15983966,CPI,O75116,compound,protein,1
15983966,CPI,O75582,compound,protein,1
15983966,CPI,O75747,compound,protein,1
15983966,CPI,P08631,compound,protein,1
15983966,CPI,P49137,compound,protein,1
15983966,CPI,P49759,compound,protein,1
15983966,CPI,Q02763,compound,protein,1
15983966,CPI,Q08881,compound,protein,1
15983966,CPI,Q16816,compound,protein,1
15983966,CPI,Q6XUX3,compound,protein,1
15983966,CPI,Q96NX5,compound,protein,1
15983966,CPI,Q99755,compound,protein,1
15983966,CPI,Q9H1R3,compound,protein,1
15983966,CPI,Q9H2X6,compound,protein,1
15983966,CPI,P16455,compound,protein,0
15983966,CPI,Q01196,compound,protein,0
15983966,CPI,Q9Y2K7,compound,protein,0
15983966,CPI,Q99456,compound,protein,0
15983966,CPI,Q14181,compound,protein,0
15983966,CPI,P33402,compound,protein,0
15983966,CPI,Q9NY47,compound,protein,0
15983966,CPI,O00222,compound,protein,0
15983966,CPI,Q15080,compound,protein,0
15983966,CPI,P49366,compound,protein,0
15983966,CPI,O14842,compound,protein,0
16004692,CPI,P25101,compound,protein,1
16004692,CPI,P07550,compound,protein,0
16007367,CPI,P19784,compound,protein,0
16007391,CPI,P07333,compound,protein,1
16007391,CPI,P11362,compound,protein,1
16007391,CPI,P27361,compound,protein,1
16007391,CPI,P29317,compound,protein,1
16007391,CPI,P57058,compound,protein,1
16007391,CPI,P68400,compound,protein,1
16007391,CPI,P80192,compound,protein,1
16007391,CPI,Q15139,compound,protein,1
16007391,CPI,Q86Y07,compound,protein,1
16007391,CPI,Q8N4C8,compound,protein,1
16007391,CPI,Q8WU08,compound,protein,1
16007391,CPI,Q92630,compound,protein,1
16007391,CPI,Q9BQI3,compound,protein,1
16007391,CPI,Q9BXA7,compound,protein,1
16007391,CPI,Q9NY57,compound,protein,1
16007391,CPI,Q9UQ88,compound,protein,1
16007391,CPI,Q9Y463,compound,protein,1
16007391,CPI,Q9Y4K4,compound,protein,1
16007391,CPI,P18405,compound,protein,0
16007391,CPI,P35498,compound,protein,0
16007391,CPI,Q9H2J7,compound,protein,0
16007391,CPI,P05113,compound,protein,0
16007391,CPI,Q16322,compound,protein,0
16007391,CPI,P07101,compound,protein,0
16007391,CPI,Q96KS0,compound,protein,0
16007391,CPI,Q9Y698,compound,protein,0
16007391,CPI,Q8WW43,compound,protein,0
16007391,CPI,Q02153,compound,protein,0
16007391,CPI,P14060,compound,protein,0
16007391,CPI,P25105,compound,protein,0
16007391,CPI,O14815,compound,protein,0
16007391,CPI,P30531,compound,protein,0
16007391,CPI,P12104,compound,protein,0
16007391,CPI,O95644,compound,protein,0
16007391,CPI,P15328,compound,protein,0
16007391,CPI,Q13255,compound,protein,0
16013152,CPI,P08684,compound,protein,1
16013152,CPI,Q9P0L2,compound,protein,0
16014341,CPI,O75164,compound,protein,1
16014494,CPI,P10636,compound,protein,1
16014494,CPI,P48066,compound,protein,0
160254,CPI,P54762,compound,protein,0
160355,CPI,O43293,compound,protein,1
160355,CPI,O60285,compound,protein,1
160355,CPI,P09769,compound,protein,1
160355,CPI,P54764,compound,protein,1
160355,CPI,P68400,compound,protein,1
160355,CPI,Q15139,compound,protein,1
160355,CPI,Q6DT37,compound,protein,1
160355,CPI,Q9Y2H1,compound,protein,1
160355,CPI,P63279,compound,protein,0
160355,CPI,Q9Y6K1,compound,protein,0
160355,CPI,Q8WXA8,compound,protein,0
160355,CPI,P23743,compound,protein,0
160355,CPI,P59537,compound,protein,0
160355,CPI,Q9GZR1,compound,protein,0
160355,CPI,Q9UJT0,compound,protein,0
160355,CPI,P13866,compound,protein,0
160355,CPI,Q92934,compound,protein,0
160355,CPI,Q9UKT9,compound,protein,0
160355,CPI,P30559,compound,protein,0
16038120,CPI,O43353,compound,protein,1
16038120,CPI,O75116,compound,protein,1
16038120,CPI,O75676,compound,protein,1
16038120,CPI,P15056,compound,protein,1
16038120,CPI,P16591,compound,protein,1
16038120,CPI,P42684,compound,protein,1
16038120,CPI,P80192,compound,protein,1
16038120,CPI,Q07002,compound,protein,1
16038120,CPI,Q13164,compound,protein,1
16038120,CPI,Q13177,compound,protein,1
16038120,CPI,Q32MK0,compound,protein,1
16038120,CPI,Q5VT25,compound,protein,1
16038120,CPI,Q9NYY3,compound,protein,1
16038120,CPI,Q9Y243,compound,protein,1
16038120,CPI,Q9Y5S2,compound,protein,1
16038120,CPI,Q16769,compound,protein,0
16038120,CPI,P42262,compound,protein,0
16038120,CPI,P55287,compound,protein,0
16038120,CPI,P30531,compound,protein,0
16038120,CPI,P48735,compound,protein,0
16038120,CPI,P11532,compound,protein,0
16038120,CPI,P31213,compound,protein,0
16038120,CPI,Q16696,compound,protein,0
16038120,CPI,P54710,compound,protein,0
16038120,CPI,Q9Y5X9,compound,protein,0
16041424,CPI,Q9Y4R7,compound,protein,0
1604254,CPI,Q8IW41,compound,protein,0
16043,CPI,P16050,compound,protein,1
16043,CPI,P22234,compound,protein,0
16048642,CPI,P31749,compound,protein,1
160517,CPI,Q12797,compound,protein,0
16061509,CPI,Q5NUL3,compound,protein,0
16062593,CPI,P35462,compound,protein,1
16070100,CPI,Q92769,compound,protein,1
16095342,CPI,O14757,compound,protein,1
16095342,CPI,P07333,compound,protein,1
16095342,CPI,Q6N021,compound,protein,0
16095342,CPI,P15151,compound,protein,0
16095342,CPI,P59533,compound,protein,0
16095342,CPI,Q9UHC9,compound,protein,0
16095342,CPI,Q9NQR1,compound,protein,0
16095342,CPI,P18846,compound,protein,0
16118392,CPI,P42684,compound,protein,1
16118392,CPI,P21728,compound,protein,0
16123056,CPI,Q9BVS4,compound,protein,0
16129666,CPI,Q9NUW8,compound,protein,1
16129666,CPI,P41145,compound,protein,0
16129666,CPI,Q8IW41,compound,protein,0
16129706,CPI,P31645,compound,protein,1
16129706,CPI,P35346,compound,protein,1
16129706,CPI,O95551,compound,protein,0
16133851,CPI,P08684,compound,protein,0
16187238,CPI,P00352,compound,protein,1
16218979,CPI,P99999,compound,protein,1
16220015,CPI,Q9BUB5,compound,protein,0
16220172,CPI,P43686,compound,protein,0
162755,CPI,P00441,compound,protein,1
162755,CPI,Q01959,compound,protein,1
16307489,CPI,P14616,compound,protein,0
16330153,CPI,Q16236,compound,protein,1
16362,CPI,P32238,compound,protein,1
16362,CPI,P35372,compound,protein,1
16362,CPI,P38117,compound,protein,0
1637653,CPI,O15118,compound,protein,1
1637653,CPI,P01215,compound,protein,1
1637653,CPI,P08581,compound,protein,0
16414,CPI,P01215,compound,protein,1
16446678,CPI,P29322,compound,protein,0
1649,CPI,P54132,compound,protein,1
16490,CPI,O95718,compound,protein,1
166553,CPI,O94806,compound,protein,0
16659841,CPI,Q15858,compound,protein,0
16667669,CPI,O95718,compound,protein,1
16667722,CPI,P15121,compound,protein,0
16678941,CPI,Q96PF2,compound,protein,0
16681732,CPI,Q9Y6R4,compound,protein,0
16718576,CPI,O75385,compound,protein,1
16718576,CPI,P08631,compound,protein,1
16718576,CPI,P35916,compound,protein,1
16718576,CPI,Q9H773,compound,protein,1
16718576,CPI,Q9UL54,compound,protein,1
16718576,CPI,Q9UPZ9,compound,protein,1
16718576,CPI,Q8TB61,compound,protein,0
16722832,CPI,Q08209,compound,protein,0
16722836,CPI,O43318,compound,protein,1
16722836,CPI,P08581,compound,protein,1
16722836,CPI,P08913,compound,protein,1
16722836,CPI,P11362,compound,protein,1
16722836,CPI,P18089,compound,protein,1
16722836,CPI,P29322,compound,protein,1
16722836,CPI,P30542,compound,protein,1
16722836,CPI,P37023,compound,protein,1
16722836,CPI,P41240,compound,protein,1
16722836,CPI,P48730,compound,protein,1
16722836,CPI,Q00526,compound,protein,1
16722836,CPI,Q8NI60,compound,protein,1
16722836,CPI,Q9C098,compound,protein,1
16722836,CPI,Q9Y2H1,compound,protein,1
16722836,CPI,P23258,compound,protein,0
16722836,CPI,P04054,compound,protein,0
16722836,CPI,Q9UGI6,compound,protein,0
16722836,CPI,Q99456,compound,protein,0
16722836,CPI,P23219,compound,protein,0
16722836,CPI,Q14994,compound,protein,0
16722836,CPI,Q96RQ3,compound,protein,0
16722836,CPI,P22001,compound,protein,0
16722836,CPI,P16152,compound,protein,0
16722836,CPI,P04155,compound,protein,0
16722836,CPI,P17861,compound,protein,0
16725726,CPI,P11802,compound,protein,1
16725726,CPI,Q00532,compound,protein,1
16725726,CPI,Q13043,compound,protein,1
16725726,CPI,Q13153,compound,protein,1
16725726,CPI,Q8IW41,compound,protein,1
16725726,CPI,Q99759,compound,protein,1
16725726,CPI,P30990,compound,protein,0
16725726,CPI,P13866,compound,protein,0
16725726,CPI,P46597,compound,protein,0
16725726,CPI,P39023,compound,protein,0
16725726,CPI,Q9Y466,compound,protein,0
16725726,CPI,Q15825,compound,protein,0
16725726,CPI,Q5NUL3,compound,protein,0
16725726,CPI,Q02218,compound,protein,0
16725726,CPI,Q9BQF6,compound,protein,0
16725726,CPI,P12724,compound,protein,0
16725726,CPI,P21439,compound,protein,0
16725726,CPI,P30559,compound,protein,0
16725726,CPI,Q8WXS5,compound,protein,0
16734800,CPI,O75469,compound,protein,1
16736529,CPI,P14625,compound,protein,1
16736978,CPI,P42336,compound,protein,1
16739650,CPI,P22830,compound,protein,1
16741,CPI,P25788,compound,protein,1
16741,CPI,P62258,compound,protein,1
16741,CPI,Q9Y266,compound,protein,1
16741,CPI,P30559,compound,protein,0
16741,CPI,P38936,compound,protein,0
16741,CPI,Q8IYT8,compound,protein,0
16741245,CPI,O14920,compound,protein,0
16746329,CPI,Q9H1R3,compound,protein,0
16746329,CPI,Q99571,compound,protein,0
16747683,CPI,P45983,compound,protein,1
16747683,CPI,P50750,compound,protein,1
16749996,CPI,P13631,compound,protein,0
16758824,CPI,P07204,compound,protein,0
16758824,CPI,Q01959,compound,protein,0
16759169,CPI,Q9UBN7,compound,protein,1
16759359,CPI,P10636,compound,protein,0
16759925,CPI,P25963,compound,protein,1
16759925,CPI,P49674,compound,protein,0
16759997,CPI,P08700,compound,protein,0
1676,CPI,P21554,compound,protein,0
16760007,CPI,Q02153,compound,protein,0
16760039,CPI,O43570,compound,protein,1
16760039,CPI,Q9NUW8,compound,protein,1
16760039,CPI,Q9UKK3,compound,protein,0
16760376,CPI,Q9NRM7,compound,protein,0
16760588,CPI,P21728,compound,protein,0
167683,CPI,P02545,compound,protein,0
167683,CPI,O75716,compound,protein,0
169118,CPI,Q9UGJ0,compound,protein,0
1694,CPI,Q13131,compound,protein,1
1694,CPI,Q15759,compound,protein,1
16958021,CPI,Q99835,compound,protein,0
16960,CPI,P61026,compound,protein,0
169682,CPI,P22748,compound,protein,1
1697,CPI,P08684,compound,protein,1
170361,CPI,P32297,compound,protein,1
171548,CPI,P03372,compound,protein,1
171548,CPI,P0DMS8,compound,protein,1
171548,CPI,P37288,compound,protein,1
171548,CPI,P49770,compound,protein,0
171548,CPI,P51788,compound,protein,0
1716436,CPI,Q9NR56,compound,protein,1
17400500,CPI,P41145,compound,protein,0
174174,CPI,P25116,compound,protein,0
17452347,CPI,P32238,compound,protein,0
17452347,CPI,P21728,compound,protein,0
17534,CPI,Q9Y5N1,compound,protein,0
175540,CPI,P02545,compound,protein,1
175540,CPI,P08908,compound,protein,1
175540,CPI,Q8NER5,compound,protein,0
176155,CPI,P00519,compound,protein,1
176155,CPI,P07333,compound,protein,1
176155,CPI,P08631,compound,protein,1
176155,CPI,P29274,compound,protein,1
176155,CPI,P46734,compound,protein,1
176155,CPI,P50613,compound,protein,1
176155,CPI,Q12852,compound,protein,1
176155,CPI,Q13555,compound,protein,1
176155,CPI,Q13705,compound,protein,1
176155,CPI,Q15746,compound,protein,1
176155,CPI,Q16816,compound,protein,1
176155,CPI,Q96SB4,compound,protein,1
176155,CPI,Q9BX84,compound,protein,1
176155,CPI,Q9BYT3,compound,protein,1
176155,CPI,Q9P0L2,compound,protein,1
176155,CPI,P12724,compound,protein,0
176155,CPI,Q9UHA3,compound,protein,0
176155,CPI,O43708,compound,protein,0
176155,CPI,Q15910,compound,protein,0
176155,CPI,P28335,compound,protein,0
176155,CPI,Q16515,compound,protein,0
176155,CPI,O15379,compound,protein,0
176155,CPI,Q14683,compound,protein,0
176155,CPI,Q8NFJ5,compound,protein,0
176155,CPI,O60391,compound,protein,0
176157,CPI,P34998,compound,protein,1
176157,CPI,P54132,compound,protein,1
176157,CPI,Q9P2R7,compound,protein,0
176158,CPI,Q12809,compound,protein,1
176167,CPI,O15530,compound,protein,1
176167,CPI,P07948,compound,protein,1
176167,CPI,P11309,compound,protein,1
176167,CPI,P51813,compound,protein,1
176167,CPI,P57058,compound,protein,1
176167,CPI,Q13554,compound,protein,1
176167,CPI,Q86V86,compound,protein,1
176167,CPI,Q8IW41,compound,protein,1
176167,CPI,Q8IWQ3,compound,protein,1
176167,CPI,Q8TBX8,compound,protein,1
176167,CPI,Q9BUB5,compound,protein,1
176167,CPI,Q9Y2K2,compound,protein,1
176167,CPI,Q16696,compound,protein,0
176167,CPI,Q08257,compound,protein,0
176167,CPI,P45954,compound,protein,0
176167,CPI,P02585,compound,protein,0
176167,CPI,Q9UIG8,compound,protein,0
176167,CPI,Q8TDX5,compound,protein,0
176408,CPI,P05231,compound,protein,0
176408,CPI,P41595,compound,protein,0
176870,CPI,O43293,compound,protein,1
176870,CPI,O75116,compound,protein,1
176870,CPI,O96013,compound,protein,1
176870,CPI,P29323,compound,protein,1
176870,CPI,P32298,compound,protein,1
176870,CPI,P78368,compound,protein,1
176870,CPI,Q08345,compound,protein,1
176870,CPI,Q15303,compound,protein,1
176870,CPI,Q8NFD2,compound,protein,1
176870,CPI,Q9HBY8,compound,protein,1
176870,CPI,Q9P289,compound,protein,1
176870,CPI,Q9Y6R4,compound,protein,1
176870,CPI,Q969G6,compound,protein,0
176870,CPI,P32297,compound,protein,0
176870,CPI,P62955,compound,protein,0
176870,CPI,P28566,compound,protein,0
176870,CPI,P35913,compound,protein,0
176870,CPI,O15303,compound,protein,0
176870,CPI,Q8N4C6,compound,protein,0
176870,CPI,P60953,compound,protein,0
176870,CPI,Q99549,compound,protein,0
176870,CPI,Q9Y271,compound,protein,0
176870,CPI,P05089,compound,protein,0
176870,CPI,P84022,compound,protein,0
17748,CPI,Q99755,compound,protein,0
1775,CPI,P10828,compound,protein,1
1775,CPI,Q86XF0,compound,protein,0
17754438,CPI,Q04912,compound,protein,1
17754438,CPI,Q08493,compound,protein,1
17754438,CPI,Q12851,compound,protein,1
17754438,CPI,P80365,compound,protein,0
17754438,CPI,P23416,compound,protein,0
17755052,CPI,O14757,compound,protein,1
17755052,CPI,O14936,compound,protein,1
17755052,CPI,O75385,compound,protein,1
17755052,CPI,O75747,compound,protein,1
17755052,CPI,O95819,compound,protein,1
17755052,CPI,P07948,compound,protein,1
17755052,CPI,P27986,compound,protein,1
17755052,CPI,Q07002,compound,protein,1
17755052,CPI,Q16620,compound,protein,1
17755052,CPI,Q7L7X3,compound,protein,1
17755052,CPI,Q86UE8,compound,protein,1
17755052,CPI,Q8IVW4,compound,protein,1
17755052,CPI,Q8N568,compound,protein,1
17755052,CPI,Q8NEV4,compound,protein,1
17755052,CPI,Q8WU08,compound,protein,1
17755052,CPI,Q9BVS4,compound,protein,1
17755052,CPI,Q9NYY3,compound,protein,1
17755052,CPI,Q9UBE8,compound,protein,1
17755052,CPI,Q9UEW8,compound,protein,1
17755052,CPI,Q9UK32,compound,protein,1
17755052,CPI,Q9NSA0,compound,protein,0
17755052,CPI,P30049,compound,protein,0
17755052,CPI,Q92953,compound,protein,0
17755052,CPI,Q13733,compound,protein,0
17755052,CPI,P11678,compound,protein,0
17755052,CPI,P19235,compound,protein,0
17755052,CPI,P30305,compound,protein,0
17755052,CPI,P32418,compound,protein,0
17755052,CPI,Q07343,compound,protein,0
17755052,CPI,Q9UGL1,compound,protein,0
17755052,CPI,P49407,compound,protein,0
17755052,CPI,P01031,compound,protein,0
17755052,CPI,P18089,compound,protein,0
17756791,CPI,O95551,compound,protein,1
17756791,CPI,P40306,compound,protein,0
17756791,CPI,O75716,compound,protein,0
17757086,CPI,P16473,compound,protein,0
17757094,CPI,P41145,compound,protein,0
17757095,CPI,O75936,compound,protein,0
17757095,CPI,P16050,compound,protein,0
17757146,CPI,P43220,compound,protein,1
17757146,CPI,Q08499,compound,protein,1
17757294,CPI,P16473,compound,protein,1
17757294,CPI,Q86Y07,compound,protein,0
177990,CPI,P29376,compound,protein,0
1780,CPI,Q07869,compound,protein,1
1780,CPI,Q15391,compound,protein,0
1780,CPI,P11229,compound,protein,0
1794427,CPI,P41595,compound,protein,0
1797,CPI,P28221,compound,protein,1
1797,CPI,Q9NUW8,compound,protein,1
180081,CPI,P83916,compound,protein,1
180559,CPI,P21554,compound,protein,0
180933,CPI,O75311,compound,protein,0
180933,CPI,P07550,compound,protein,0
1814490,CPI,P37840,compound,protein,0
18283,CPI,Q01959,compound,protein,1
18283,CPI,Q15392,compound,protein,0
1830,CPI,P49798,compound,protein,1
1830,CPI,Q16816,compound,protein,0
1833,CPI,P08908,compound,protein,1
1833,CPI,P28566,compound,protein,1
183782,CPI,P05186,compound,protein,0
1858,CPI,P41595,compound,protein,1
1864426,CPI,Q92830,compound,protein,1
1864426,CPI,Q06278,compound,protein,0
18680317,CPI,P0DMS8,compound,protein,1
18680317,CPI,Q86T13,compound,protein,0
187,CPI,P18825,compound,protein,1
187,CPI,P41595,compound,protein,1
1884,CPI,P00352,compound,protein,0
1884,CPI,P03372,compound,protein,0
1893668,CPI,Q9Y468,compound,protein,1
1893730,CPI,P42338,compound,protein,1
190006,CPI,P28223,compound,protein,1
190006,CPI,P25021,compound,protein,0
19003,CPI,Q99808,compound,protein,1
19003,CPI,O15427,compound,protein,0
19003,CPI,Q9NUW8,compound,protein,0
1901244,CPI,Q9NSA0,compound,protein,0
19103,CPI,Q6W5P4,compound,protein,1
19103,CPI,Q9NZJ5,compound,protein,0
192197,CPI,P07741,compound,protein,0
1923,CPI,P14902,compound,protein,0
192706,CPI,Q13188,compound,protein,0
19385000,CPI,P51817,compound,protein,0
193949,CPI,P08908,compound,protein,1
193962,CPI,P06401,compound,protein,1
19493,CPI,P20813,compound,protein,1
19493,CPI,Q16696,compound,protein,1
195165,CPI,P11229,compound,protein,1
195165,CPI,P06239,compound,protein,0
1967,CPI,Q9Y2W1,compound,protein,0
1967,CPI,Q9UBT6,compound,protein,0
196968,CPI,P41595,compound,protein,1
197033,CPI,P28335,compound,protein,1
197033,CPI,Q12852,compound,protein,0
19728,CPI,Q8WXR4,compound,protein,0
197712,CPI,P24530,compound,protein,1
1978,CPI,P41595,compound,protein,1
1978,CPI,Q92847,compound,protein,1
197835,CPI,P16234,compound,protein,0
198107,CPI,Q13936,compound,protein,1
1983,CPI,Q15185,compound,protein,1
1986,CPI,P03372,compound,protein,1
1986,CPI,P08908,compound,protein,1
1986,CPI,P11229,compound,protein,1
1986,CPI,P18089,compound,protein,1
1986,CPI,P21554,compound,protein,1
1986,CPI,P22748,compound,protein,1
1986,CPI,B1AH88,compound,protein,0
1989,CPI,P07550,compound,protein,1
1989,CPI,P08908,compound,protein,1
1989,CPI,P10828,compound,protein,1
1989,CPI,Q8N163,compound,protein,0
1989,CPI,Q9NZ42,compound,protein,0
19905833,CPI,Q70Z44,compound,protein,0
19905833,CPI,Q86V24,compound,protein,0
200,CPI,Q8N1C3,compound,protein,0
2016258,CPI,P43220,compound,protein,1
2016258,CPI,O00625,compound,protein,0
2017368,CPI,Q01959,compound,protein,0
2019,CPI,P11388,compound,protein,1
2019,CPI,P11229,compound,protein,0
2022,CPI,P35462,compound,protein,1
2022,CPI,P41143,compound,protein,1
2022,CPI,Q9HD36,compound,protein,0
202225,CPI,P30556,compound,protein,1
202225,CPI,P43681,compound,protein,1
202225,CPI,Q8IV61,compound,protein,0
20345,CPI,P31689,compound,protein,0
203911,CPI,P08648,compound,protein,0
2040,CPI,P21554,compound,protein,1
2046,CPI,Q8IXQ6,compound,protein,0
2046,CPI,O00204,compound,protein,0
2047223,CPI,P30542,compound,protein,0
2048,CPI,P51151,compound,protein,1
2048,CPI,Q03431,compound,protein,1
2049,CPI,Q9UBN7,compound,protein,1
2051,CPI,Q9BUB5,compound,protein,1
2051,CPI,Q969F8,compound,protein,0
2051,CPI,P36639,compound,protein,0
2055451,CPI,P04062,compound,protein,1
2064,CPI,P00519,compound,protein,1
2066730,CPI,Q9UBS5,compound,protein,0
2082,CPI,P25929,compound,protein,1
2082,CPI,P31645,compound,protein,1
2083,CPI,P11229,compound,protein,1
2083,CPI,P13945,compound,protein,1
2083,CPI,P30542,compound,protein,1
2083,CPI,P31645,compound,protein,1
2083,CPI,P40306,compound,protein,0
2083,CPI,P01130,compound,protein,0
2083,CPI,Q14839,compound,protein,0
2083,CPI,P05141,compound,protein,0
2083,CPI,Q01538,compound,protein,0
2083,CPI,P08240,compound,protein,0
20854195,CPI,P62826,compound,protein,0
20862025,CPI,P08183,compound,protein,0
20876331,CPI,Q9P289,compound,protein,0
2088,CPI,P20309,compound,protein,1
2088,CPI,P23469,compound,protein,1
2088,CPI,P38606,compound,protein,1
208898,CPI,P08172,compound,protein,1
208898,CPI,P51787,compound,protein,1
208898,CPI,Q02641,compound,protein,1
208898,CPI,Q9NUW8,compound,protein,1
208898,CPI,Q8IYD1,compound,protein,0
208908,CPI,O00444,compound,protein,1
208908,CPI,O15146,compound,protein,1
208908,CPI,O15197,compound,protein,1
208908,CPI,P17948,compound,protein,1
208908,CPI,P29322,compound,protein,1
208908,CPI,P31751,compound,protein,1
208908,CPI,P49674,compound,protein,1
208908,CPI,P50613,compound,protein,1
208908,CPI,P53778,compound,protein,1
208908,CPI,Q13043,compound,protein,1
208908,CPI,Q13131,compound,protein,1
208908,CPI,Q13873,compound,protein,1
208908,CPI,Q16659,compound,protein,1
208908,CPI,Q8IU85,compound,protein,1
208908,CPI,Q9BVS4,compound,protein,1
208908,CPI,Q9UNQ0,compound,protein,1
208908,CPI,Q9UQB9,compound,protein,1
208908,CPI,Q02218,compound,protein,0
208908,CPI,Q9Y239,compound,protein,0
208908,CPI,Q7RTR8,compound,protein,0
208908,CPI,P43166,compound,protein,0
208908,CPI,O00625,compound,protein,0
2090,CPI,O95819,compound,protein,0
2090194,CPI,Q15349,compound,protein,0
2094,CPI,P16473,compound,protein,1
2094,CPI,P31645,compound,protein,1
20969756,CPI,Q9NZV8,compound,protein,0
2099,CPI,P25929,compound,protein,1
2099,CPI,P30542,compound,protein,1
2099,CPI,P31645,compound,protein,1
2100018,CPI,P18545,compound,protein,0
210332,CPI,P53350,compound,protein,1
210332,CPI,P80511,compound,protein,0
2107,CPI,P28221,compound,protein,1
21109,CPI,P05177,compound,protein,1
2113511,CPI,P00352,compound,protein,1
21138,CPI,P05177,compound,protein,1
2116,CPI,O75469,compound,protein,1
2118,CPI,P08913,compound,protein,1
2118,CPI,P28472,compound,protein,1
2118,CPI,P31645,compound,protein,1
2119,CPI,Q9NPI1,compound,protein,0
2123,CPI,P0DMS8,compound,protein,1
2123,CPI,Q15059,compound,protein,0
2125,CPI,P33261,compound,protein,1
2125,CPI,P27037,compound,protein,0
2130,CPI,P30411,compound,protein,1
2130,CPI,P31645,compound,protein,1
2130,CPI,Q96S44,compound,protein,0
213023,CPI,P02545,compound,protein,0
213023,CPI,Q99759,compound,protein,0
213046,CPI,P22303,compound,protein,1
213046,CPI,P12236,compound,protein,0
213056,CPI,Q14416,compound,protein,1
2131,CPI,P08172,compound,protein,1
2132,CPI,P20309,compound,protein,1
2132,CPI,P62993,compound,protein,0
2132,CPI,P49802,compound,protein,0
2132,CPI,O00625,compound,protein,0
2143,CPI,Q16790,compound,protein,1
214348,CPI,O75164,compound,protein,1
214348,CPI,Q12809,compound,protein,0
214348,CPI,P06401,compound,protein,0
2153,CPI,P11229,compound,protein,1
2153,CPI,P41145,compound,protein,1
2153,CPI,P01116,compound,protein,0
2153,CPI,O00625,compound,protein,0
2157,CPI,P41143,compound,protein,1
2157,CPI,Q01959,compound,protein,1
2157,CPI,Q13698,compound,protein,1
2157,CPI,Q7L2E3,compound,protein,0
2159,CPI,P25100,compound,protein,1
2159,CPI,P50750,compound,protein,0
2160,CPI,P28221,compound,protein,1
2160,CPI,P35372,compound,protein,1
2160,CPI,Q99720,compound,protein,1
2160,CPI,P41231,compound,protein,0
2161,CPI,P08172,compound,protein,1
2161,CPI,P41145,compound,protein,1
2162,CPI,O95069,compound,protein,1
2162,CPI,Q01959,compound,protein,1
2162,CPI,Q08499,compound,protein,1
2162,CPI,Q12931,compound,protein,0
216210,CPI,P00742,compound,protein,1
216210,CPI,Q96FL8,compound,protein,1
216210,CPI,Q16099,compound,protein,0
216210,CPI,Q15759,compound,protein,0
216210,CPI,Q5VT25,compound,protein,0
216235,CPI,P54803,compound,protein,1
216235,CPI,Q9NUW8,compound,protein,0
216239,CPI,O15264,compound,protein,1
216239,CPI,O75676,compound,protein,1
216239,CPI,O96017,compound,protein,1
216239,CPI,P34947,compound,protein,1
216239,CPI,P37173,compound,protein,1
216239,CPI,P37840,compound,protein,1
216239,CPI,P42336,compound,protein,1
216239,CPI,P50406,compound,protein,1
216239,CPI,P51813,compound,protein,1
216239,CPI,Q13164,compound,protein,1
216239,CPI,Q15759,compound,protein,1
216239,CPI,Q2M2I8,compound,protein,1
216239,CPI,Q96KB5,compound,protein,1
216239,CPI,Q99759,compound,protein,1
216239,CPI,Q9HBH9,compound,protein,1
216239,CPI,Q9P2K8,compound,protein,1
216239,CPI,Q9Y616,compound,protein,1
216239,CPI,Q99527,compound,protein,0
216239,CPI,P20648,compound,protein,0
216239,CPI,P11142,compound,protein,0
216239,CPI,P53805,compound,protein,0
216239,CPI,Q8NCG7,compound,protein,0
216239,CPI,Q9Y263,compound,protein,0
216239,CPI,P20711,compound,protein,0
216239,CPI,P05230,compound,protein,0
216239,CPI,Q7LG56,compound,protein,0
216239,CPI,P51151,compound,protein,0
216239,CPI,O60706,compound,protein,0
216239,CPI,O14717,compound,protein,0
216239,CPI,Q9UQQ2,compound,protein,0
216326,CPI,Q7Z5B4,compound,protein,0
216326,CPI,P37088,compound,protein,0
216326,CPI,P08684,compound,protein,0
216345,CPI,P16473,compound,protein,0
2170,CPI,P18825,compound,protein,1
2170,CPI,P35368,compound,protein,1
2170,CPI,P40225,compound,protein,1
2170,CPI,Q8N1C3,compound,protein,1
2170,CPI,Q9UBS5,compound,protein,1
2170,CPI,P26447,compound,protein,0
2170,CPI,P31749,compound,protein,0
21700,CPI,P31689,compound,protein,0
21704,CPI,P08913,compound,protein,0
2176,CPI,P02545,compound,protein,1
2179,CPI,P05177,compound,protein,1
2179,CPI,P40225,compound,protein,1
2179,CPI,Q02880,compound,protein,1
2179,CPI,Q99598,compound,protein,0
2182,CPI,P41595,compound,protein,1
2182,CPI,Q13885,compound,protein,0
219078,CPI,O43570,compound,protein,1
219078,CPI,P00918,compound,protein,1
219104,CPI,P29474,compound,protein,0
2194,CPI,P17658,compound,protein,0
2201555,CPI,Q9NUW8,compound,protein,1
2201555,CPI,P51575,compound,protein,0
2201555,CPI,Q16816,compound,protein,0
2203170,CPI,O15530,compound,protein,0
22049997,CPI,P35968,compound,protein,1
22049997,CPI,P42785,compound,protein,0
2206,CPI,P20248,compound,protein,0
2206,CPI,P61160,compound,protein,0
2206,CPI,P34949,compound,protein,0
2206,CPI,Q96PH1,compound,protein,0
221493,CPI,P09669,compound,protein,1
2219490,CPI,Q00987,compound,protein,0
22228376,CPI,P04629,compound,protein,1
22228376,CPI,P31751,compound,protein,1
22228376,CPI,P48729,compound,protein,1
22228376,CPI,P49137,compound,protein,1
22228376,CPI,P51955,compound,protein,1
22228376,CPI,Q13554,compound,protein,1
22228376,CPI,Q7L7X3,compound,protein,1
22228376,CPI,Q9H2X6,compound,protein,1
22228376,CPI,Q9NWZ3,compound,protein,1
22228376,CPI,Q9Y6M4,compound,protein,1
22228376,CPI,P38936,compound,protein,0
22228376,CPI,Q8NFM4,compound,protein,0
22228376,CPI,P63000,compound,protein,0
22228376,CPI,P54710,compound,protein,0
22228376,CPI,Q8N568,compound,protein,0
222515,CPI,P15428,compound,protein,1
222528,CPI,Q12908,compound,protein,1
2228302,CPI,Q16637,compound,protein,0
2229,CPI,P08172,compound,protein,1
223368,CPI,P03372,compound,protein,1
2236,CPI,Q8IUX4,compound,protein,1
22416235,CPI,O75164,compound,protein,1
2244,CPI,P08908,compound,protein,1
2244,CPI,P21554,compound,protein,1
2244,CPI,P41595,compound,protein,1
2244,CPI,Q9H4A3,compound,protein,0
2244,CPI,P15692,compound,protein,0
2247,CPI,P46098,compound,protein,1
2247,CPI,P50406,compound,protein,1
2247,CPI,P05362,compound,protein,0
2247,CPI,Q9HCC0,compound,protein,0
2247,CPI,P23921,compound,protein,0
2247,CPI,P45954,compound,protein,0
2252,CPI,Q13043,compound,protein,0
22548477,CPI,P07947,compound,protein,0
2265,CPI,P63000,compound,protein,1
2265,CPI,P11413,compound,protein,0
2267,CPI,P04054,compound,protein,1
2267,CPI,P28335,compound,protein,1
22833647,CPI,Q02156,compound,protein,0
2284,CPI,P0DMS8,compound,protein,1
2284,CPI,Q76MJ5,compound,protein,0
2286,CPI,Q460N5,compound,protein,0
2310,CPI,P08913,compound,protein,0
2315,CPI,P21731,compound,protein,1
2318,CPI,P18089,compound,protein,1
2318,CPI,P28223,compound,protein,1
2320,CPI,Q14432,compound,protein,1
2321431,CPI,O15296,compound,protein,1
2321431,CPI,P41968,compound,protein,0
2327,CPI,Q9Y265,compound,protein,0
2327,CPI,P05141,compound,protein,0
2327953,CPI,Q04637,compound,protein,1
2333,CPI,P33527,compound,protein,1
2333,CPI,P41145,compound,protein,1
2335,CPI,Q01959,compound,protein,1
2336,CPI,P21397,compound,protein,1
2337,CPI,P30556,compound,protein,1
2337,CPI,P48066,compound,protein,0
23418,CPI,Q9UBL9,compound,protein,1
2343,CPI,P22748,compound,protein,1
2343,CPI,P51570,compound,protein,0
2345373,CPI,P14324,compound,protein,0
23492,CPI,P41145,compound,protein,0
2351,CPI,Q5TCX8,compound,protein,0
2353,CPI,O60341,compound,protein,1
235382,CPI,P41594,compound,protein,1
2354,CPI,O75582,compound,protein,0
2355,CPI,P56817,compound,protein,0
2355,CPI,P17658,compound,protein,0
2355,CPI,O75912,compound,protein,0
23612567,CPI,Q9Y2T6,compound,protein,1
23612567,CPI,Q9NS87,compound,protein,0
23625762,CPI,P04062,compound,protein,0
23646672,CPI,O60674,compound,protein,0
23648021,CPI,O00311,compound,protein,0
23648022,CPI,Q6JQN1,compound,protein,0
23648024,CPI,Q9NUW8,compound,protein,0
23648028,CPI,P35218,compound,protein,0
2366,CPI,Q15139,compound,protein,0
236702,CPI,P08172,compound,protein,1
236702,CPI,P41145,compound,protein,1
236702,CPI,P40238,compound,protein,0
237,CPI,P04054,compound,protein,1
237,CPI,P25021,compound,protein,1
237,CPI,P28223,compound,protein,1
2370,CPI,P08912,compound,protein,1
2370,CPI,P18089,compound,protein,1
2370,CPI,O15151,compound,protein,0
2370,CPI,Q99814,compound,protein,0
2370,CPI,P03905,compound,protein,0
2370,CPI,Q14790,compound,protein,0
2370,CPI,P78356,compound,protein,0
2370,CPI,Q9H773,compound,protein,0
23725,CPI,O94925,compound,protein,1
23725,CPI,P29317,compound,protein,0
23725,CPI,O75914,compound,protein,0
23725625,CPI,Q9NR21,compound,protein,1
23727689,CPI,P41240,compound,protein,0
23748533,CPI,Q32MK0,compound,protein,0
2375,CPI,P06401,compound,protein,1
2375,CPI,P41595,compound,protein,1
2375,CPI,P84077,compound,protein,0
2377,CPI,P21397,compound,protein,1
2378,CPI,Q92847,compound,protein,1
2378,CPI,Q14978,compound,protein,0
2381,CPI,P11229,compound,protein,1
23817956,CPI,P51817,compound,protein,0
23897,CPI,P08913,compound,protein,1
23897,CPI,P18825,compound,protein,1
2390,CPI,P68400,compound,protein,1
2390,CPI,Q9Y4K4,compound,protein,1
2390,CPI,P02545,compound,protein,1
2390,CPI,P30411,compound,protein,0
2391,CPI,P41145,compound,protein,1
2392,CPI,O15296,compound,protein,1
2392,CPI,Q9BX84,compound,protein,0
2396,CPI,P11309,compound,protein,1
2396,CPI,P98194,compound,protein,0
24041599,CPI,P23415,compound,protein,1
2405,CPI,P35372,compound,protein,1
2405,CPI,Q00613,compound,protein,0
2405,CPI,P35580,compound,protein,0
2405,CPI,Q92772,compound,protein,0
2406,CPI,P21453,compound,protein,1
2406,CPI,Q07820,compound,protein,1
2406,CPI,Q9NWT8,compound,protein,0
2406,CPI,P00797,compound,protein,0
2406,CPI,P21802,compound,protein,0
2406,CPI,Q99640,compound,protein,0
24066,CPI,P35462,compound,protein,1
24066,CPI,P43681,compound,protein,1
24066,CPI,P46734,compound,protein,0
24140138,CPI,Q86YV6,compound,protein,0
2415,CPI,P15692,compound,protein,0
24180719,CPI,O00238,compound,protein,1
24180719,CPI,O15197,compound,protein,1
24180719,CPI,O60674,compound,protein,1
24180719,CPI,O75747,compound,protein,1
24180719,CPI,O94768,compound,protein,1
24180719,CPI,P10721,compound,protein,1
24180719,CPI,P42336,compound,protein,1
24180719,CPI,P51955,compound,protein,1
24180719,CPI,P54756,compound,protein,1
24180719,CPI,Q13153,compound,protein,1
24180719,CPI,Q13546,compound,protein,1
24180719,CPI,Q15746,compound,protein,1
24180719,CPI,Q8NI60,compound,protein,1
24180719,CPI,Q8TDX7,compound,protein,1
24180719,CPI,Q99759,compound,protein,1
24180719,CPI,Q9HBH9,compound,protein,1
24180719,CPI,P04083,compound,protein,0
24180719,CPI,Q02218,compound,protein,0
24180719,CPI,Q08050,compound,protein,0
24180719,CPI,Q9UBN1,compound,protein,0
24180719,CPI,Q8N6T7,compound,protein,0
241903,CPI,Q5VT25,compound,protein,0
241903,CPI,O15530,compound,protein,0
2430,CPI,O43683,compound,protein,0
24360,CPI,P68871,compound,protein,1
24360,CPI,Q16236,compound,protein,1
2440433,CPI,P18825,compound,protein,0
2442,CPI,Q99814,compound,protein,0
2442307,CPI,P00352,compound,protein,1
2443,CPI,P08913,compound,protein,1
2443,CPI,P18825,compound,protein,1
2443,CPI,P08172,compound,protein,0
2448,CPI,P35372,compound,protein,1
2448,CPI,P41145,compound,protein,1
2449454,CPI,Q15831,compound,protein,0
2457,CPI,P06213,compound,protein,0
2466,CPI,Q9UGN5,compound,protein,0
2471,CPI,O43570,compound,protein,1
2471,CPI,P31645,compound,protein,1
2471,CPI,O75716,compound,protein,0
2471,CPI,P12821,compound,protein,0
24720976,CPI,Q7L7X3,compound,protein,0
24733,CPI,Q9HBH9,compound,protein,0
24737642,CPI,Q13490,compound,protein,1
24747161,CPI,P49841,compound,protein,1
24747174,CPI,Q9NUW8,compound,protein,0
24747183,CPI,Q8WZA2,compound,protein,1
24747183,CPI,P19838,compound,protein,0
24747209,CPI,Q9H2G2,compound,protein,0
24748573,CPI,O43781,compound,protein,1
24748573,CPI,Q00536,compound,protein,1
24748573,CPI,Q9HAZ1,compound,protein,1
24748573,CPI,Q9UGJ0,compound,protein,1
24748573,CPI,Q9UPZ9,compound,protein,1
24748573,CPI,Q13621,compound,protein,0
24748573,CPI,P28472,compound,protein,0
2477,CPI,P18825,compound,protein,1
2477,CPI,P28223,compound,protein,1
2477,CPI,P24468,compound,protein,0
24771824,CPI,P41595,compound,protein,1
24771867,CPI,P07949,compound,protein,1
24771867,CPI,Q14164,compound,protein,1
24771867,CPI,Q8NE63,compound,protein,1
24771867,CPI,Q9HCP0,compound,protein,1
24771867,CPI,P00326,compound,protein,0
24771867,CPI,P32297,compound,protein,0
24771867,CPI,P05181,compound,protein,0
24771867,CPI,O95477,compound,protein,0
24771867,CPI,Q9Y6Q9,compound,protein,0
24771867,CPI,P08263,compound,protein,0
24771867,CPI,Q7Z5B4,compound,protein,0
24771867,CPI,O60266,compound,protein,0
24771867,CPI,P15880,compound,protein,0
24772860,CPI,P54709,compound,protein,0
24775005,CPI,P25021,compound,protein,1
24775005,CPI,P78417,compound,protein,0
24775005,CPI,Q00613,compound,protein,0
24776445,CPI,P18825,compound,protein,1
24776445,CPI,P25021,compound,protein,1
24776445,CPI,Q9Y2R2,compound,protein,0
24779724,CPI,O00506,compound,protein,1
24779724,CPI,O60285,compound,protein,1
24779724,CPI,P11802,compound,protein,1
24779724,CPI,P21802,compound,protein,1
24779724,CPI,P49761,compound,protein,1
24779724,CPI,P54764,compound,protein,1
24779724,CPI,Q00526,compound,protein,1
24779724,CPI,Q08345,compound,protein,1
24779724,CPI,Q09013,compound,protein,1
24779724,CPI,Q12866,compound,protein,1
24779724,CPI,Q16816,compound,protein,1
24779724,CPI,Q8NG66,compound,protein,1
24779724,CPI,Q9BVS4,compound,protein,1
24779724,CPI,Q9H1R3,compound,protein,1
24779724,CPI,Q9HCP0,compound,protein,1
24779724,CPI,Q9NRH2,compound,protein,1
24779724,CPI,Q9UPZ9,compound,protein,1
24779724,CPI,P31213,compound,protein,0
24779724,CPI,P15538,compound,protein,0
24779724,CPI,P19838,compound,protein,0
24779724,CPI,Q08828,compound,protein,0
24779724,CPI,Q6P6C2,compound,protein,0
24779724,CPI,Q96DB2,compound,protein,0
24779724,CPI,P35367,compound,protein,0
24779724,CPI,P13945,compound,protein,0
24779724,CPI,P34903,compound,protein,0
24779724,CPI,P10828,compound,protein,0
24779724,CPI,P01189,compound,protein,0
24779724,CPI,Q8WXA8,compound,protein,0
24779724,CPI,P07550,compound,protein,0
24779724,CPI,P25101,compound,protein,0
24779724,CPI,P54289,compound,protein,0
2478,CPI,Q92570,compound,protein,0
24785538,CPI,P08581,compound,protein,1
24785538,CPI,P16591,compound,protein,1
24785538,CPI,P68371,compound,protein,0
24785538,CPI,P14207,compound,protein,0
24791027,CPI,Q9H4B7,compound,protein,1
24794418,CPI,P32418,compound,protein,0
24795070,CPI,Q01201,compound,protein,0
24795070,CPI,O95551,compound,protein,0
2480,CPI,Q9Y6M4,compound,protein,0
24800541,CPI,P20618,compound,protein,1
24812758,CPI,Q01959,compound,protein,1
2482,CPI,P61158,compound,protein,0
2482,CPI,P80511,compound,protein,0
2482,CPI,O75909,compound,protein,0
2482,CPI,Q9NWT8,compound,protein,0
2482,CPI,O94806,compound,protein,0
24821094,CPI,P07947,compound,protein,1
24821094,CPI,P21802,compound,protein,1
24821094,CPI,P35968,compound,protein,1
24821094,CPI,Q9NYL2,compound,protein,1
24821094,CPI,O60760,compound,protein,0
24821094,CPI,P28702,compound,protein,0
24826799,CPI,O43353,compound,protein,1
24826799,CPI,P51617,compound,protein,1
24826799,CPI,Q02763,compound,protein,1
24826799,CPI,Q93009,compound,protein,0
24831714,CPI,Q6PHR2,compound,protein,0
2484,CPI,Q99720,compound,protein,1
2484,CPI,P51570,compound,protein,0
24855958,CPI,P49841,compound,protein,1
24856041,CPI,O75676,compound,protein,1
24856041,CPI,P07949,compound,protein,1
24856041,CPI,P46663,compound,protein,0
24856041,CPI,P05093,compound,protein,0
24856224,CPI,Q99712,compound,protein,0
24856237,CPI,P41145,compound,protein,0
24856238,CPI,P10145,compound,protein,1
24856436,CPI,P08473,compound,protein,0
24861442,CPI,P48729,compound,protein,0
24871506,CPI,P52333,compound,protein,0
24872560,CPI,Q99928,compound,protein,1
24889392,CPI,P07333,compound,protein,1
24889392,CPI,P09769,compound,protein,1
24889392,CPI,P11309,compound,protein,1
24889392,CPI,P35916,compound,protein,1
24889392,CPI,P48730,compound,protein,1
24889392,CPI,P80192,compound,protein,1
24889392,CPI,Q13153,compound,protein,1
24889392,CPI,Q13555,compound,protein,1
24889392,CPI,Q13882,compound,protein,1
24889392,CPI,Q14004,compound,protein,1
24889392,CPI,Q15569,compound,protein,1
24889392,CPI,Q8IY84,compound,protein,1
24889392,CPI,Q8N568,compound,protein,1
24889392,CPI,Q8NEV4,compound,protein,1
24889392,CPI,Q9H1R3,compound,protein,1
24889392,CPI,Q9UK32,compound,protein,1
24889392,CPI,Q9Y2H1,compound,protein,1
24889392,CPI,P20648,compound,protein,0
24889392,CPI,P14324,compound,protein,0
24889392,CPI,P49662,compound,protein,0
24889392,CPI,P50993,compound,protein,0
24889392,CPI,Q9NY72,compound,protein,0
24889392,CPI,Q9Y6K1,compound,protein,0
24889392,CPI,Q8WXS5,compound,protein,0
24889392,CPI,P05166,compound,protein,0
24889392,CPI,O60359,compound,protein,0
24889392,CPI,Q8N6T7,compound,protein,0
24889392,CPI,P51843,compound,protein,0
24889392,CPI,P37231,compound,protein,0
24901704,CPI,P35968,compound,protein,1
24901704,CPI,Q9HC97,compound,protein,1
24905203,CPI,O00329,compound,protein,1
24905203,CPI,P35968,compound,protein,1
24905203,CPI,P35367,compound,protein,0
24951314,CPI,Q96PN8,compound,protein,0
24964624,CPI,P22830,compound,protein,1
24964624,CPI,O14939,compound,protein,0
24995524,CPI,P07949,compound,protein,1
24995524,CPI,P12931,compound,protein,1
24995524,CPI,Q16288,compound,protein,1
24995524,CPI,Q9NYL2,compound,protein,1
24995524,CPI,Q01118,compound,protein,0
24995524,CPI,P55011,compound,protein,0
24995524,CPI,P55017,compound,protein,0
24995524,CPI,Q92959,compound,protein,0
24995524,CPI,Q16570,compound,protein,0
24995524,CPI,Q06432,compound,protein,0
25021165,CPI,Q9NR56,compound,protein,0
25023738,CPI,P08648,compound,protein,0
25025298,CPI,P29372,compound,protein,0
25033539,CPI,O00329,compound,protein,1
25033539,CPI,O75376,compound,protein,0
25051,CPI,P46019,compound,protein,0
25062766,CPI,O75116,compound,protein,1
25062766,CPI,Q9UBN1,compound,protein,0
25066467,CPI,Q04912,compound,protein,1
25066467,CPI,Q92918,compound,protein,1
25066467,CPI,Q9HAZ1,compound,protein,1
25066467,CPI,P57764,compound,protein,0
25066467,CPI,O75899,compound,protein,0
25066467,CPI,O60391,compound,protein,0
25067492,CPI,Q9Y263,compound,protein,1
25067496,CPI,P61158,compound,protein,0
25102847,CPI,P06401,compound,protein,1
25102847,CPI,Q08499,compound,protein,1
25102847,CPI,Q13163,compound,protein,1
25102847,CPI,O14842,compound,protein,0
25102847,CPI,P20711,compound,protein,0
25105713,CPI,Q9HBH9,compound,protein,0
25105715,CPI,P10276,compound,protein,0
25109906,CPI,Q8WU08,compound,protein,0
25109908,CPI,Q9Y468,compound,protein,1
25109908,CPI,Q9UEW8,compound,protein,0
25109912,CPI,Q9NYK1,compound,protein,0
25117126,CPI,P04629,compound,protein,1
25117126,CPI,P80192,compound,protein,1
25117126,CPI,Q9H093,compound,protein,1
25117126,CPI,Q92934,compound,protein,0
25117126,CPI,O75376,compound,protein,0
25124816,CPI,P51813,compound,protein,1
25124816,CPI,Q13153,compound,protein,1
25124816,CPI,Q13705,compound,protein,1
25124816,CPI,Q13882,compound,protein,1
25124816,CPI,O75936,compound,protein,0
25124816,CPI,P43088,compound,protein,0
25126798,CPI,O43318,compound,protein,1
25126798,CPI,O43353,compound,protein,1
25126798,CPI,O60674,compound,protein,1
25126798,CPI,O76039,compound,protein,1
25126798,CPI,P11309,compound,protein,1
25126798,CPI,P12931,compound,protein,1
25126798,CPI,P42680,compound,protein,1
25126798,CPI,P42685,compound,protein,1
25126798,CPI,P54646,compound,protein,1
25126798,CPI,Q8NFD2,compound,protein,1
25126798,CPI,Q8WU08,compound,protein,1
25126798,CPI,Q96RR4,compound,protein,1
25126798,CPI,Q9NRP7,compound,protein,1
25126798,CPI,Q9UBN1,compound,protein,0
25126798,CPI,Q13621,compound,protein,0
25126798,CPI,P15538,compound,protein,0
25126798,CPI,P47712,compound,protein,0
25126798,CPI,Q6W5P4,compound,protein,0
25126798,CPI,Q9GZQ8,compound,protein,0
25126798,CPI,Q03431,compound,protein,0
25126798,CPI,P30411,compound,protein,0
25134326,CPI,O00238,compound,protein,1
25134326,CPI,P07305,compound,protein,0
25154868,CPI,P08908,compound,protein,0
25166913,CPI,P41145,compound,protein,0
25180101,CPI,P51787,compound,protein,0
25181240,CPI,P49589,compound,protein,0
25182616,CPI,O00506,compound,protein,1
25182616,CPI,O43318,compound,protein,1
25182616,CPI,P07333,compound,protein,1
25182616,CPI,P15735,compound,protein,1
25182616,CPI,P19525,compound,protein,1
25182616,CPI,P20794,compound,protein,1
25182616,CPI,P41240,compound,protein,1
25182616,CPI,P49759,compound,protein,1
25182616,CPI,Q13163,compound,protein,1
25182616,CPI,Q13705,compound,protein,1
25182616,CPI,Q5VT25,compound,protein,1
25182616,CPI,Q6ZN16,compound,protein,1
25182616,CPI,Q8IVH8,compound,protein,1
25182616,CPI,Q96Q40,compound,protein,1
25182616,CPI,Q99683,compound,protein,1
25182616,CPI,Q9BX84,compound,protein,1
25182616,CPI,Q9Y616,compound,protein,1
25182616,CPI,P35498,compound,protein,0
25182616,CPI,Q13621,compound,protein,0
25182616,CPI,P29460,compound,protein,0
25182616,CPI,P51787,compound,protein,0
25182616,CPI,Q9NY72,compound,protein,0
25182616,CPI,P25105,compound,protein,0
25182616,CPI,Q15722,compound,protein,0
25182616,CPI,P17861,compound,protein,0
25182616,CPI,P01106,compound,protein,0
25182616,CPI,P07451,compound,protein,0
25182616,CPI,P61158,compound,protein,0
25182616,CPI,O95264,compound,protein,0
25182616,CPI,O60885,compound,protein,0
2519,CPI,P41143,compound,protein,1
2519,CPI,P41595,compound,protein,1
2519,CPI,P11362,compound,protein,0
25195294,CPI,O43353,compound,protein,1
25195352,CPI,P29376,compound,protein,1
25195352,CPI,P17861,compound,protein,0
25199538,CPI,O75164,compound,protein,0
2520,CPI,Q02641,compound,protein,1
2520,CPI,Q96LD8,compound,protein,0
2520,CPI,Q8NEB9,compound,protein,0
2520,CPI,Q9Y2K2,compound,protein,0
25227436,CPI,Q16512,compound,protein,1
25227462,CPI,O75676,compound,protein,1
25227462,CPI,O96013,compound,protein,1
25227462,CPI,Q14680,compound,protein,1
25227462,CPI,P48443,compound,protein,0
25227462,CPI,Q9NZV8,compound,protein,0
25235170,CPI,Q99714,compound,protein,0
25243721,CPI,O75914,compound,protein,0
25243730,CPI,Q08499,compound,protein,0
25243735,CPI,P27986,compound,protein,0
25243750,CPI,Q12791,compound,protein,0
25243778,CPI,P14618,compound,protein,1
25243781,CPI,P14618,compound,protein,1
25243782,CPI,P16591,compound,protein,0
25243782,CPI,Q99640,compound,protein,0
25243783,CPI,P30613,compound,protein,1
25243786,CPI,Q8TDR2,compound,protein,0
25243786,CPI,Q92918,compound,protein,0
25243787,CPI,P08912,compound,protein,0
25243787,CPI,O14578,compound,protein,0
25243794,CPI,O43193,compound,protein,0
25249,CPI,Q10471,compound,protein,0
25249,CPI,Q02127,compound,protein,0
25249,CPI,Q01959,compound,protein,0
25262792,CPI,Q96RQ3,compound,protein,0
25262965,CPI,Q9Y4P1,compound,protein,0
252682,CPI,P35408,compound,protein,0
252682,CPI,P42224,compound,protein,0
252682,CPI,P18405,compound,protein,0
25295,CPI,P48775,compound,protein,0
25295,CPI,Q9Y2R2,compound,protein,0
253078,CPI,P08684,compound,protein,1
2536,CPI,P08913,compound,protein,1
2536,CPI,P50281,compound,protein,0
2540,CPI,P35372,compound,protein,1
2540,CPI,P50406,compound,protein,1
2540,CPI,Q9Y6L6,compound,protein,1
2540,CPI,P22001,compound,protein,0
2540,CPI,P07900,compound,protein,0
2541,CPI,P21554,compound,protein,1
2541,CPI,P50406,compound,protein,1
2541,CPI,P08238,compound,protein,0
25429,CPI,Q03181,compound,protein,1
2551,CPI,O75469,compound,protein,1
2551,CPI,P03372,compound,protein,1
2551,CPI,P0DMS8,compound,protein,1
2551,CPI,P30542,compound,protein,1
2551,CPI,Q8N4C8,compound,protein,0
2554,CPI,P10275,compound,protein,1
2554,CPI,Q9NWH9,compound,protein,0
2562,CPI,P42785,compound,protein,1
2562,CPI,Q5BJF2,compound,protein,1
2562,CPI,Q9UQD0,compound,protein,1
2576,CPI,P03372,compound,protein,1
2576,CPI,P08908,compound,protein,1
2576,CPI,P48426,compound,protein,0
2581,CPI,Q13148,compound,protein,1
2583,CPI,P18825,compound,protein,1
2583,CPI,P42685,compound,protein,0
2583,CPI,P50993,compound,protein,0
2585,CPI,Q9UI33,compound,protein,0
2585,CPI,P0C1S8,compound,protein,0
2585,CPI,Q96KB5,compound,protein,0
2603,CPI,Q9NZ45,compound,protein,1
2618,CPI,P40933,compound,protein,1
262093,CPI,P37288,compound,protein,0
262093,CPI,Q9UQ88,compound,protein,0
26248,CPI,P07900,compound,protein,1
26248,CPI,P08684,compound,protein,1
26248,CPI,P10636,compound,protein,1
26248,CPI,O14983,compound,protein,0
26248,CPI,P51828,compound,protein,0
2630179,CPI,Q13148,compound,protein,1
26596,CPI,P07437,compound,protein,1
2662,CPI,P00918,compound,protein,1
2662,CPI,P0DMS8,compound,protein,1
2662,CPI,Q8N1Q1,compound,protein,1
2662,CPI,Q9Y5N1,compound,protein,1
2662,CPI,O15303,compound,protein,0
2662,CPI,P18074,compound,protein,0
2662,CPI,Q00536,compound,protein,0
2662,CPI,P02753,compound,protein,0
266934,CPI,P28074,compound,protein,0
266934,CPI,P26358,compound,protein,0
266934,CPI,P28221,compound,protein,0
26757,CPI,P21731,compound,protein,1
26757,CPI,P11308,compound,protein,0
26757,CPI,Q09470,compound,protein,0
26757,CPI,Q9Y6R4,compound,protein,0
26757,CPI,P04049,compound,protein,0
2678,CPI,P07550,compound,protein,1
2678,CPI,P11229,compound,protein,1
2678,CPI,P20309,compound,protein,1
2678,CPI,Q8TDS4,compound,protein,1
2678,CPI,P51589,compound,protein,0
2678,CPI,P11387,compound,protein,0
2680,CPI,Q13546,compound,protein,0
2687,CPI,P21728,compound,protein,1
26879,CPI,P05186,compound,protein,1
2690,CPI,P42336,compound,protein,1
2690,CPI,P21731,compound,protein,0
2691,CPI,Q8IUX4,compound,protein,0
26937,CPI,P34998,compound,protein,0
26987,CPI,P11229,compound,protein,1
2703,CPI,Q16637,compound,protein,1
2708,CPI,O75909,compound,protein,0
2712,CPI,P28223,compound,protein,1
2712,CPI,Q16445,compound,protein,1
2713,CPI,P07550,compound,protein,1
2713,CPI,P35354,compound,protein,1
2713,CPI,Q92847,compound,protein,1
2713,CPI,P11474,compound,protein,0
2717,CPI,O75469,compound,protein,1
2717,CPI,P30542,compound,protein,1
2717,CPI,P30304,compound,protein,0
2719,CPI,P21731,compound,protein,1
2719,CPI,Q9Y5N1,compound,protein,1
2719,CPI,Q9Y5S2,compound,protein,0
2720,CPI,O43193,compound,protein,1
2720,CPI,P00915,compound,protein,1
2720,CPI,P22830,compound,protein,0
2720,CPI,P13726,compound,protein,0
2722,CPI,P50281,compound,protein,1
2722,CPI,Q9BYF1,compound,protein,0
2723,CPI,O75469,compound,protein,0
2724,CPI,P84022,compound,protein,1
2724,CPI,P35354,compound,protein,0
2724354,CPI,Q15139,compound,protein,0
2724385,CPI,P35354,compound,protein,1
2724385,CPI,Q9HCP0,compound,protein,0
2724385,CPI,Q99705,compound,protein,0
2724385,CPI,Q6ZN16,compound,protein,0
2725,CPI,P08912,compound,protein,1
2725,CPI,P21918,compound,protein,1
2726,CPI,P05177,compound,protein,1
2726,CPI,Q07812,compound,protein,0
2726,CPI,P41235,compound,protein,0
2726,CPI,Q7L7X3,compound,protein,0
2726,CPI,P05412,compound,protein,0
2726,CPI,O75475,compound,protein,0
2726824,CPI,Q9UGI6,compound,protein,0
2726824,CPI,Q8TDV5,compound,protein,0
2727,CPI,P43681,compound,protein,1
2727,CPI,Q16637,compound,protein,1
2732,CPI,P41145,compound,protein,1
2732,CPI,P41968,compound,protein,1
2732,CPI,P43681,compound,protein,1
2732,CPI,P08912,compound,protein,0
2733,CPI,P30411,compound,protein,1
2733,CPI,O60706,compound,protein,0
2733526,CPI,P05129,compound,protein,1
2733526,CPI,P21452,compound,protein,1
2733526,CPI,P28223,compound,protein,1
2733526,CPI,Q99720,compound,protein,1
2733526,CPI,Q9Y5X4,compound,protein,0
2733526,CPI,P04155,compound,protein,0
27400,CPI,P18825,compound,protein,1
27400,CPI,P25021,compound,protein,1
27400,CPI,Q08499,compound,protein,1
27447,CPI,P41594,compound,protein,0
2745688,CPI,P37231,compound,protein,0
2745694,CPI,Q9HC97,compound,protein,1
2746,CPI,Q92769,compound,protein,1
2750,CPI,P17787,compound,protein,0
2752,CPI,P18089,compound,protein,1
2752,CPI,P21554,compound,protein,1
2752,CPI,P41595,compound,protein,1
2752,CPI,P55211,compound,protein,0
2753,CPI,O94788,compound,protein,0
2754,CPI,P28223,compound,protein,1
2755,CPI,P43220,compound,protein,1
2756,CPI,P78527,compound,protein,0
2757788,CPI,Q9NUW8,compound,protein,1
2761,CPI,Q86T13,compound,protein,0
2762,CPI,P0DMS8,compound,protein,1
2762,CPI,P32238,compound,protein,1
2762,CPI,P35354,compound,protein,1
2762,CPI,Q9NR56,compound,protein,1
2764,CPI,P37288,compound,protein,1
2765,CPI,P18089,compound,protein,1
2765,CPI,P35368,compound,protein,1
2765,CPI,Q76MJ5,compound,protein,0
27661,CPI,P08913,compound,protein,1
27661,CPI,Q00532,compound,protein,0
27661,CPI,Q15858,compound,protein,0
2769,CPI,P41595,compound,protein,1
2769,CPI,Q9UBS5,compound,protein,1
2769229,CPI,Q9HCC0,compound,protein,0
2769230,CPI,Q9UEW8,compound,protein,0
2771,CPI,P35367,compound,protein,1
2771,CPI,Q16873,compound,protein,0
2771,CPI,Q00526,compound,protein,0
2775426,CPI,P51813,compound,protein,0
2775510,CPI,P49798,compound,protein,1
2778741,CPI,Q8IYT8,compound,protein,0
2780,CPI,P35462,compound,protein,1
2780,CPI,P41595,compound,protein,1
27806705,CPI,Q9NYL2,compound,protein,0
27806705,CPI,P08913,compound,protein,0
27806705,CPI,P78368,compound,protein,0
27812,CPI,O75469,compound,protein,1
27812,CPI,P22612,compound,protein,0
2784,CPI,O75030,compound,protein,0
2788,CPI,P16050,compound,protein,1
2790,CPI,O95622,compound,protein,0
27924,CPI,Q16236,compound,protein,0
2794,CPI,O00443,compound,protein,0
2796,CPI,P11229,compound,protein,1
2796,CPI,Q07812,compound,protein,0
2796,CPI,Q9NY57,compound,protein,0
2796,CPI,P50406,compound,protein,0
2797577,CPI,P78362,compound,protein,1
2799,CPI,P03372,compound,protein,1
2801,CPI,P41145,compound,protein,1
2801,CPI,Q9UF33,compound,protein,0
2802,CPI,P11229,compound,protein,1
2802,CPI,P18505,compound,protein,1
2802,CPI,Q92772,compound,protein,0
2802,CPI,Q9Y5Y4,compound,protein,0
2803,CPI,P42685,compound,protein,0
2803,CPI,P51878,compound,protein,0
2803,CPI,P09651,compound,protein,0
2805,CPI,P51452,compound,protein,0
2809273,CPI,P28335,compound,protein,0
2812,CPI,O15554,compound,protein,1
2812,CPI,P11229,compound,protein,1
2812,CPI,Q7Z2W7,compound,protein,1
2812,CPI,Q9Y5N1,compound,protein,1
2812,CPI,P78527,compound,protein,0
2812,CPI,Q96RR4,compound,protein,0
2812,CPI,P15692,compound,protein,0
2812,CPI,Q01118,compound,protein,0
2819767,CPI,P53779,compound,protein,0
2819993,CPI,Q96K76,compound,protein,1
28280238,CPI,Q9Y5S2,compound,protein,0
28417,CPI,P30411,compound,protein,1
28417,CPI,P41595,compound,protein,1
28417,CPI,Q9Y5N1,compound,protein,1
28417,CPI,P23415,compound,protein,0
28417,CPI,P11309,compound,protein,0
2850171,CPI,Q13131,compound,protein,0
2866,CPI,Q15842,compound,protein,1
2866,CPI,Q99712,compound,protein,1
2868392,CPI,P29275,compound,protein,1
28693,CPI,P02545,compound,protein,1
28693,CPI,P21728,compound,protein,1
28693,CPI,P46098,compound,protein,1
28693,CPI,P47898,compound,protein,1
28693,CPI,P49674,compound,protein,0
2871,CPI,P02545,compound,protein,1
28761,CPI,P08631,compound,protein,0
2878586,CPI,P57058,compound,protein,0
2882,CPI,Q08345,compound,protein,0
28871,CPI,P32745,compound,protein,0
28871,CPI,Q70Z44,compound,protein,0
28871,CPI,O15075,compound,protein,0
2893,CPI,O75469,compound,protein,1
2893,CPI,P13631,compound,protein,0
2895,CPI,Q06278,compound,protein,1
2895,CPI,P25100,compound,protein,0
2895,CPI,Q9Y618,compound,protein,0
2905,CPI,P06401,compound,protein,1
2905,CPI,P43681,compound,protein,1
2907,CPI,P20813,compound,protein,1
2910,CPI,Q16790,compound,protein,1
2913,CPI,P50406,compound,protein,1
2914104,CPI,O43193,compound,protein,0
29243,CPI,P54762,compound,protein,0
2930014,CPI,Q9NR56,compound,protein,1
29327,CPI,Q00653,compound,protein,0
2946732,CPI,P49761,compound,protein,0
2949,CPI,P10275,compound,protein,1
2953683,CPI,P16473,compound,protein,1
2958,CPI,Q02880,compound,protein,1
2972,CPI,P11712,compound,protein,1
2972,CPI,Q9HBX9,compound,protein,0
2977478,CPI,P07900,compound,protein,1
2977752,CPI,P16050,compound,protein,1
2986153,CPI,P04629,compound,protein,0
2990,CPI,O43741,compound,protein,0
2993,CPI,P11229,compound,protein,1
2993,CPI,P42345,compound,protein,1
2993,CPI,Q86W47,compound,protein,0
29985980,CPI,P10275,compound,protein,1
29985980,CPI,P18405,compound,protein,1
2998659,CPI,Q8N4C8,compound,protein,0
2998821,CPI,P07948,compound,protein,0
3000322,CPI,P00441,compound,protein,0
3000322,CPI,Q9Y2K2,compound,protein,0
3000322,CPI,Q99714,compound,protein,0
3000540,CPI,P41145,compound,protein,1
3000540,CPI,Q01118,compound,protein,0
3000540,CPI,P54762,compound,protein,0
3000540,CPI,P04049,compound,protein,0
3001055,CPI,P29274,compound,protein,1
3001055,CPI,P34998,compound,protein,1
3001055,CPI,P48546,compound,protein,1
3001055,CPI,O14746,compound,protein,0
3001055,CPI,P16234,compound,protein,0
3001055,CPI,P06213,compound,protein,0
3003141,CPI,P21728,compound,protein,0
3003565,CPI,P08631,compound,protein,0
3005573,CPI,P03372,compound,protein,1
3006531,CPI,Q9UKK3,compound,protein,0
3009355,CPI,P08172,compound,protein,1
3016,CPI,P25021,compound,protein,1
3016,CPI,P43681,compound,protein,1
3016,CPI,Q9UN88,compound,protein,1
3016,CPI,Q9NWZ3,compound,protein,0
3019,CPI,P43490,compound,protein,0
3022645,CPI,P11229,compound,protein,1
3022645,CPI,Q9UGL1,compound,protein,0
3025,CPI,P00352,compound,protein,1
3025,CPI,P02545,compound,protein,1
3025,CPI,P18089,compound,protein,1
3025,CPI,Q13177,compound,protein,0
3025961,CPI,Q13418,compound,protein,0
3025986,CPI,O15530,compound,protein,1
3025986,CPI,O43283,compound,protein,1
3025986,CPI,O76039,compound,protein,1
3025986,CPI,P07333,compound,protein,1
3025986,CPI,P07947,compound,protein,1
3025986,CPI,P35916,compound,protein,1
3025986,CPI,P54646,compound,protein,1
3025986,CPI,P54753,compound,protein,1
3025986,CPI,Q13882,compound,protein,1
3025986,CPI,Q14164,compound,protein,1
3025986,CPI,Q15835,compound,protein,1
3025986,CPI,Q16659,compound,protein,1
3025986,CPI,Q2M2I8,compound,protein,1
3025986,CPI,Q8IVH8,compound,protein,1
3025986,CPI,Q96L34,compound,protein,1
3025986,CPI,Q96Q40,compound,protein,1
3025986,CPI,Q96RR4,compound,protein,1
3025986,CPI,Q99640,compound,protein,1
3025986,CPI,Q9H093,compound,protein,1
3025986,CPI,Q9H2G2,compound,protein,1
3025986,CPI,Q9H2X6,compound,protein,1
3025986,CPI,Q9P1W9,compound,protein,1
3025986,CPI,Q9UF33,compound,protein,1
3025986,CPI,P18405,compound,protein,0
3025986,CPI,Q5NUL3,compound,protein,0
3025986,CPI,Q7Z2W7,compound,protein,0
3025986,CPI,Q9NPD5,compound,protein,0
3025986,CPI,Q13370,compound,protein,0
3025986,CPI,Q5BJF2,compound,protein,0
3025986,CPI,O60760,compound,protein,0
3025986,CPI,Q8TDV5,compound,protein,0
3025986,CPI,P10276,compound,protein,0
3025986,CPI,O43683,compound,protein,0
3025986,CPI,P02768,compound,protein,0
30323,CPI,O43741,compound,protein,0
30323,CPI,O00264,compound,protein,0
3033,CPI,Q00532,compound,protein,0
3033637,CPI,P25929,compound,protein,1
3033637,CPI,P32245,compound,protein,1
3033637,CPI,P43681,compound,protein,1
3033637,CPI,Q12851,compound,protein,0
3033769,CPI,P35462,compound,protein,1
3033825,CPI,Q8N3A8,compound,protein,0
3034010,CPI,P22303,compound,protein,1
3034010,CPI,Q9UBT6,compound,protein,1
3034010,CPI,O75030,compound,protein,0
3034034,CPI,P08913,compound,protein,1
3034034,CPI,Q8NB16,compound,protein,0
3035842,CPI,Q9NR21,compound,protein,0
3036703,CPI,P30542,compound,protein,0
3036780,CPI,P18825,compound,protein,1
3036864,CPI,P54646,compound,protein,0
3037918,CPI,P51955,compound,protein,0
3038,CPI,O75469,compound,protein,1
3038,CPI,P07550,compound,protein,1
3038,CPI,Q9BUB5,compound,protein,0
3038495,CPI,O15296,compound,protein,1
3038495,CPI,P28335,compound,protein,1
3038495,CPI,P35462,compound,protein,1
3038522,CPI,P06241,compound,protein,1
3038522,CPI,P08581,compound,protein,1
3038522,CPI,P29320,compound,protein,1
3038522,CPI,P29323,compound,protein,1
3038522,CPI,P34947,compound,protein,1
3038522,CPI,P36897,compound,protein,1
3038522,CPI,P37173,compound,protein,1
3038522,CPI,P42345,compound,protein,1
3038522,CPI,P48729,compound,protein,1
3038522,CPI,P51817,compound,protein,1
3038522,CPI,P54646,compound,protein,1
3038522,CPI,P54756,compound,protein,1
3038522,CPI,P80370,compound,protein,1
3038522,CPI,Q15139,compound,protein,1
3038522,CPI,Q15831,compound,protein,1
3038522,CPI,Q5S007,compound,protein,1
3038522,CPI,Q6ZN16,compound,protein,1
3038522,CPI,Q96SB4,compound,protein,1
3038522,CPI,Q9HCP0,compound,protein,1
3038522,CPI,Q9NWZ3,compound,protein,1
3038522,CPI,Q9P289,compound,protein,1
3038522,CPI,Q9Y463,compound,protein,1
3038522,CPI,P51878,compound,protein,0
3038522,CPI,O60706,compound,protein,0
3038522,CPI,Q15858,compound,protein,0
3038522,CPI,P14618,compound,protein,0
3038522,CPI,Q96DB2,compound,protein,0
3038522,CPI,P14867,compound,protein,0
3038522,CPI,P51681,compound,protein,0
3038522,CPI,P55211,compound,protein,0
3038522,CPI,P46059,compound,protein,0
3038522,CPI,Q01201,compound,protein,0
3038522,CPI,O14746,compound,protein,0
3038522,CPI,P05091,compound,protein,0
3038522,CPI,P40225,compound,protein,0
3038522,CPI,Q9UBS5,compound,protein,0
3038522,CPI,P36544,compound,protein,0
3038522,CPI,Q9UNA0,compound,protein,0
3038525,CPI,O76039,compound,protein,1
3038525,CPI,P06213,compound,protein,1
3038525,CPI,P07947,compound,protein,1
3038525,CPI,P0DMS8,compound,protein,1
3038525,CPI,P22694,compound,protein,1
3038525,CPI,P23443,compound,protein,1
3038525,CPI,P30291,compound,protein,1
3038525,CPI,P49759,compound,protein,1
3038525,CPI,P50613,compound,protein,1
3038525,CPI,P78362,compound,protein,1
3038525,CPI,P80192,compound,protein,1
3038525,CPI,Q15375,compound,protein,1
3038525,CPI,Q15831,compound,protein,1
3038525,CPI,Q2M2I8,compound,protein,1
3038525,CPI,Q5VT25,compound,protein,1
3038525,CPI,Q8IY84,compound,protein,1
3038525,CPI,Q9BYT3,compound,protein,1
3038525,CPI,Q9UQB9,compound,protein,1
3038525,CPI,Q9Y463,compound,protein,1
3038525,CPI,Q9UIF8,compound,protein,0
3038525,CPI,P84022,compound,protein,0
3038525,CPI,Q6P6C2,compound,protein,0
3038525,CPI,Q9UBT6,compound,protein,0
3038525,CPI,P07711,compound,protein,0
3038525,CPI,Q99685,compound,protein,0
3038525,CPI,O00305,compound,protein,0
3038525,CPI,P56373,compound,protein,0
3038525,CPI,Q13085,compound,protein,0
3038525,CPI,P28566,compound,protein,0
3038525,CPI,P07550,compound,protein,0
3038525,CPI,P22748,compound,protein,0
3038525,CPI,Q13324,compound,protein,0
3038525,CPI,P06746,compound,protein,0
3038525,CPI,P68106,compound,protein,0
3039,CPI,P19838,compound,protein,1
3042,CPI,P11229,compound,protein,1
3042,CPI,P28223,compound,protein,1
3042,CPI,Q12809,compound,protein,1
3042,CPI,P19801,compound,protein,0
305,CPI,P06276,compound,protein,1
3052,CPI,Q15067,compound,protein,0
3053,CPI,Q01959,compound,protein,1
3058754,CPI,P38936,compound,protein,0
3059,CPI,P00915,compound,protein,1
3059,CPI,P41145,compound,protein,1
3059,CPI,Q13936,compound,protein,0
3062316,CPI,O75747,compound,protein,1
3062316,CPI,P07947,compound,protein,1
3062316,CPI,P07948,compound,protein,1
3062316,CPI,P11362,compound,protein,1
3062316,CPI,P53350,compound,protein,1
3062316,CPI,Q02763,compound,protein,1
3062316,CPI,Q15759,compound,protein,1
3062316,CPI,Q8NE63,compound,protein,1
3062316,CPI,Q8NEV4,compound,protein,1
3062316,CPI,Q96L34,compound,protein,1
3062316,CPI,Q9H2G2,compound,protein,1
3062316,CPI,Q9P1W9,compound,protein,1
3062316,CPI,Q9UBE8,compound,protein,1
3062316,CPI,Q9Y616,compound,protein,1
3062316,CPI,P41279,compound,protein,0
3062316,CPI,P04818,compound,protein,0
3062316,CPI,P19652,compound,protein,0
3062316,CPI,P06401,compound,protein,0
3062316,CPI,Q969S8,compound,protein,0
3062316,CPI,Q13224,compound,protein,0
3062316,CPI,P21728,compound,protein,0
3062316,CPI,P51681,compound,protein,0
3062316,CPI,O75874,compound,protein,0
3062316,CPI,O60563,compound,protein,0
3062316,CPI,Q08289,compound,protein,0
3064778,CPI,Q9Y5N1,compound,protein,0
3066,CPI,Q8IVH8,compound,protein,0
3071,CPI,P49798,compound,protein,1
3074,CPI,O15296,compound,protein,1
3074,CPI,P37173,compound,protein,0
3074,CPI,Q8NEV4,compound,protein,0
3078519,CPI,P30291,compound,protein,1
3078519,CPI,Q5VT25,compound,protein,1
3078519,CPI,Q9UHD2,compound,protein,1
3078519,CPI,Q9Y2K2,compound,protein,1
3078519,CPI,P30305,compound,protein,0
3078519,CPI,Q04864,compound,protein,0
3080926,CPI,P05177,compound,protein,1
3081361,CPI,O43318,compound,protein,1
3081361,CPI,P18825,compound,protein,1
3081361,CPI,P19784,compound,protein,1
3081361,CPI,P21709,compound,protein,1
3081361,CPI,P29320,compound,protein,1
3081361,CPI,P37023,compound,protein,1
3081361,CPI,P68400,compound,protein,1
3081361,CPI,Q16620,compound,protein,1
3081361,CPI,Q8IY84,compound,protein,1
3081361,CPI,Q8NFD2,compound,protein,1
3081361,CPI,Q8N5K1,compound,protein,0
3081361,CPI,O75030,compound,protein,0
3081361,CPI,Q9NPA1,compound,protein,0
3081361,CPI,P54284,compound,protein,0
3081361,CPI,P32745,compound,protein,0
3081361,CPI,P15538,compound,protein,0
3081361,CPI,O15296,compound,protein,0
3081361,CPI,P36544,compound,protein,0
3081361,CPI,Q12879,compound,protein,0
3081361,CPI,O43741,compound,protein,0
3081361,CPI,O43525,compound,protein,0
3081361,CPI,P03956,compound,protein,0
3081361,CPI,Q99714,compound,protein,0
3081361,CPI,P49662,compound,protein,0
3085219,CPI,Q9UGL1,compound,protein,0
3085219,CPI,P41595,compound,protein,0
3085416,CPI,P35367,compound,protein,0
3100,CPI,P21452,compound,protein,1
3100,CPI,P31645,compound,protein,1
3100,CPI,P47898,compound,protein,1
3100,CPI,Q9Y5N1,compound,protein,1
3103,CPI,P11229,compound,protein,1
31055126,CPI,P29372,compound,protein,0
31072,CPI,P02545,compound,protein,1
31072,CPI,P11229,compound,protein,1
31072,CPI,Q9NR96,compound,protein,0
3108,CPI,P08913,compound,protein,1
31101,CPI,P28221,compound,protein,1
31101,CPI,P49798,compound,protein,1
31101,CPI,P23415,compound,protein,0
31101,CPI,P25025,compound,protein,0
3111211,CPI,Q13464,compound,protein,0
3114,CPI,P08908,compound,protein,1
3114,CPI,P25021,compound,protein,1
3117,CPI,Q96L34,compound,protein,0
3117,CPI,P54646,compound,protein,0
3117,CPI,P02753,compound,protein,0
3121,CPI,P07550,compound,protein,1
3121,CPI,P35499,compound,protein,1
3121,CPI,Q969S8,compound,protein,0
312145,CPI,P07900,compound,protein,1
312145,CPI,P04155,compound,protein,0
312145,CPI,Q16512,compound,protein,0
3132,CPI,P12821,compound,protein,1
3135,CPI,P07949,compound,protein,1
3135,CPI,Q12809,compound,protein,1
3135,CPI,Q9Y463,compound,protein,0
3135,CPI,Q9NXA8,compound,protein,0
3146158,CPI,P21397,compound,protein,0
3150672,CPI,P11229,compound,protein,0
3152,CPI,P18089,compound,protein,1
3152427,CPI,P19784,compound,protein,0
31553,CPI,P08238,compound,protein,0
31553,CPI,Q9H5I1,compound,protein,0
3157,CPI,P21728,compound,protein,1
3157053,CPI,P11712,compound,protein,0
3162,CPI,P28562,compound,protein,0
3162,CPI,Q9BYT3,compound,protein,0
3164059,CPI,P19174,compound,protein,1
3164059,CPI,Q01970,compound,protein,0
3168,CPI,P08913,compound,protein,1
3168,CPI,P28223,compound,protein,1
31703,CPI,P08172,compound,protein,1
3177,CPI,P23219,compound,protein,1
3177,CPI,P33261,compound,protein,1
3177,CPI,P51452,compound,protein,0
3180,CPI,P21452,compound,protein,1
3180,CPI,P25021,compound,protein,1
3185,CPI,Q12809,compound,protein,1
3193014,CPI,Q9UIK4,compound,protein,0
3194,CPI,O95342,compound,protein,1
3194,CPI,P34949,compound,protein,1
3194,CPI,Q04637,compound,protein,1
3194,CPI,Q92830,compound,protein,1
3194,CPI,Q9NUW8,compound,protein,1
3194,CPI,Q9UGL1,compound,protein,1
3198,CPI,P21554,compound,protein,1
3198,CPI,P31645,compound,protein,1
3198,CPI,P35354,compound,protein,1
3198,CPI,Q9UNU6,compound,protein,1
3198,CPI,Q9UQB9,compound,protein,0
3198,CPI,Q12852,compound,protein,0
3202,CPI,P56373,compound,protein,0
3213,CPI,Q9UBT6,compound,protein,1
3213,CPI,O15111,compound,protein,0
3220,CPI,P02545,compound,protein,1
3220,CPI,P10636,compound,protein,1
3220,CPI,P33261,compound,protein,1
3220,CPI,Q9NUW8,compound,protein,1
3220,CPI,P18074,compound,protein,0
3220,CPI,Q9UL54,compound,protein,0
3226,CPI,O15399,compound,protein,1
3226,CPI,P48167,compound,protein,1
3226,CPI,P62955,compound,protein,1
3226,CPI,Q9UN88,compound,protein,1
3226,CPI,O60341,compound,protein,0
3229,CPI,P08908,compound,protein,1
3229,CPI,P21918,compound,protein,1
323,CPI,P15121,compound,protein,0
3230028,CPI,O15393,compound,protein,0
3232621,CPI,P11712,compound,protein,1
3234028,CPI,Q9UBT6,compound,protein,1
3234028,CPI,Q15858,compound,protein,0
3234518,CPI,P01137,compound,protein,0
3234998,CPI,P05177,compound,protein,1
3235086,CPI,P05177,compound,protein,1
3235086,CPI,Q13627,compound,protein,1
3235166,CPI,Q13164,compound,protein,0
3235429,CPI,O95819,compound,protein,0
3235537,CPI,Q16665,compound,protein,1
3237327,CPI,P19801,compound,protein,0
3237904,CPI,O15118,compound,protein,1
3238417,CPI,P07550,compound,protein,1
3238417,CPI,P18054,compound,protein,1
3238417,CPI,Q9UIF8,compound,protein,1
3238417,CPI,P11712,compound,protein,0
3238417,CPI,P31749,compound,protein,0
3238944,CPI,P51151,compound,protein,1
3238944,CPI,Q9H773,compound,protein,0
3242,CPI,Q13043,compound,protein,0
3242434,CPI,P51151,compound,protein,1
3242434,CPI,P18089,compound,protein,0
3243424,CPI,P84022,compound,protein,1
3243424,CPI,P17787,compound,protein,0
3243424,CPI,P31391,compound,protein,0
3243873,CPI,P02545,compound,protein,1
3245059,CPI,P41145,compound,protein,0
3250,CPI,P28335,compound,protein,1
3266419,CPI,Q9Y2R2,compound,protein,1
3266419,CPI,Q9Y6K1,compound,protein,1
3276,CPI,P33261,compound,protein,1
3277,CPI,Q99714,compound,protein,1
3278,CPI,Q92887,compound,protein,1
3278,CPI,P29973,compound,protein,0
3278,CPI,Q9UBT6,compound,protein,0
3278392,CPI,Q7L7X3,compound,protein,0
3287,CPI,O43193,compound,protein,1
3287,CPI,P30542,compound,protein,1
3287,CPI,P02766,compound,protein,0
32875,CPI,P11388,compound,protein,1
32875,CPI,P84022,compound,protein,1
3290,CPI,Q9BX84,compound,protein,0
3291,CPI,Q9P0X4,compound,protein,0
3291,CPI,Q13882,compound,protein,0
3293,CPI,Q16665,compound,protein,1
33032,CPI,P32745,compound,protein,0
33032,CPI,P24666,compound,protein,0
33036,CPI,P11229,compound,protein,1
33036,CPI,Q9Y5N1,compound,protein,1
3306,CPI,Q9HC16,compound,protein,0
3307,CPI,P34903,compound,protein,1
3308,CPI,P08913,compound,protein,1
3314,CPI,Q8NET8,compound,protein,1
3316,CPI,Q9UBN7,compound,protein,1
3324,CPI,P25021,compound,protein,1
3324,CPI,P35367,compound,protein,1
3324,CPI,Q01959,compound,protein,1
3324,CPI,P08183,compound,protein,0
3324,CPI,P19801,compound,protein,0
3324,CPI,O95747,compound,protein,0
3324,CPI,P06730,compound,protein,0
3324,CPI,Q8WXR4,compound,protein,0
3325,CPI,P29474,compound,protein,0
3325,CPI,Q9Y478,compound,protein,0
3325,CPI,P42226,compound,protein,0
3326,CPI,P28562,compound,protein,0
3331,CPI,P21731,compound,protein,1
3331,CPI,P32238,compound,protein,1
3331,CPI,Q13224,compound,protein,1
3331,CPI,P31391,compound,protein,0
3331,CPI,O00305,compound,protein,0
3332,CPI,Q9NUW8,compound,protein,0
3333,CPI,P11712,compound,protein,1
3333,CPI,P53350,compound,protein,0
3334,CPI,P24462,compound,protein,0
3335,CPI,P68106,compound,protein,0
3335,CPI,Q5VT25,compound,protein,0
3336,CPI,P20618,compound,protein,0
3339,CPI,P10636,compound,protein,1
3339,CPI,P35462,compound,protein,1
3339,CPI,P28702,compound,protein,0
3339,CPI,Q13555,compound,protein,0
3339,CPI,Q9HBY8,compound,protein,0
3341,CPI,P18089,compound,protein,1
3341,CPI,P35372,compound,protein,1
3342,CPI,Q9Y5S2,compound,protein,0
3342298,CPI,P50281,compound,protein,1
3342390,CPI,O15075,compound,protein,0
3343,CPI,P07550,compound,protein,1
3343,CPI,P43681,compound,protein,1
3343,CPI,Q15835,compound,protein,0
3344,CPI,Q9NUW8,compound,protein,0
3348,CPI,Q8NFJ5,compound,protein,0
3351,CPI,P02545,compound,protein,1
3351,CPI,O43525,compound,protein,0
3354,CPI,P05177,compound,protein,1
3356,CPI,Q92736,compound,protein,1
3356,CPI,P31939,compound,protein,0
3357,CPI,P11388,compound,protein,1
33572,CPI,O75897,compound,protein,1
33572,CPI,P23634,compound,protein,1
33624,CPI,P06280,compound,protein,0
33625,CPI,P08913,compound,protein,1
33625,CPI,P18825,compound,protein,1
33630,CPI,P09211,compound,protein,0
33630,CPI,Q9NR56,compound,protein,0
3365,CPI,P21728,compound,protein,1
3365,CPI,P25021,compound,protein,1
3366,CPI,P35354,compound,protein,1
3371,CPI,Q9NUW8,compound,protein,1
3372,CPI,O95069,compound,protein,1
3372,CPI,P25100,compound,protein,1
3372,CPI,Q12809,compound,protein,1
3372,CPI,Q9NYV4,compound,protein,0
3372,CPI,Q9H773,compound,protein,0
3373,CPI,Q9NUW8,compound,protein,1
3385,CPI,Q12882,compound,protein,1
3385,CPI,Q9NR56,compound,protein,0
3385203,CPI,P36888,compound,protein,1
3385203,CPI,Q16445,compound,protein,0
3386,CPI,P21397,compound,protein,1
3386,CPI,P21452,compound,protein,1
3386,CPI,P46098,compound,protein,1
3386,CPI,P47898,compound,protein,1
3386,CPI,P42330,compound,protein,0
3386,CPI,P51817,compound,protein,0
3392731,CPI,Q13332,compound,protein,0
3394,CPI,P21728,compound,protein,1
3394,CPI,P30556,compound,protein,1
3394,CPI,Q15596,compound,protein,0
3394,CPI,P15692,compound,protein,0
3394,CPI,Q99714,compound,protein,0
3394,CPI,Q13332,compound,protein,0
3394,CPI,Q16816,compound,protein,0
3396,CPI,P28221,compound,protein,1
3396,CPI,P28566,compound,protein,1
3396,CPI,Q13936,compound,protein,1
3396,CPI,Q03431,compound,protein,0
3396,CPI,Q13133,compound,protein,0
3397,CPI,P37059,compound,protein,0
3397,CPI,Q86V86,compound,protein,0
3401,CPI,P14625,compound,protein,0
34040,CPI,Q7KZI7,compound,protein,0
3406,CPI,P01584,compound,protein,0
3409332,CPI,O00764,compound,protein,0
3410883,CPI,P41968,compound,protein,0
3413,CPI,P05121,compound,protein,1
3413,CPI,Q12791,compound,protein,1
3413,CPI,Q9UQ88,compound,protein,0
3423,CPI,O95835,compound,protein,0
34312,CPI,P54803,compound,protein,1
3437,CPI,P16050,compound,protein,0
3437,CPI,P49759,compound,protein,0
3440,CPI,P22748,compound,protein,1
3440,CPI,P50281,compound,protein,0
3440,CPI,Q13153,compound,protein,0
3442,CPI,Q9NUW8,compound,protein,1
3442,CPI,Q9Y468,compound,protein,1
3442,CPI,Q9C098,compound,protein,0
3446,CPI,P25021,compound,protein,1
3447,CPI,P08172,compound,protein,1
3447,CPI,Q9NUW8,compound,protein,1
3447,CPI,Q9P289,compound,protein,0
3448,CPI,O75469,compound,protein,0
3450,CPI,O43193,compound,protein,1
3450,CPI,P06401,compound,protein,1
3450,CPI,P21397,compound,protein,1
3450,CPI,P35354,compound,protein,1
3450,CPI,Q01959,compound,protein,1
3450,CPI,Q92830,compound,protein,1
3450,CPI,P25098,compound,protein,0
3454,CPI,Q14994,compound,protein,0
3455,CPI,P02545,compound,protein,1
3455,CPI,Q9NUW8,compound,protein,1
3455,CPI,Q9UEE5,compound,protein,0
3456,CPI,P21728,compound,protein,1
3463,CPI,P21397,compound,protein,1
3463,CPI,P21918,compound,protein,0
3463,CPI,Q6XQN6,compound,protein,0
346721,CPI,P32245,compound,protein,0
3467590,CPI,P55210,compound,protein,1
3475,CPI,P03372,compound,protein,1
3475,CPI,P30542,compound,protein,1
3475,CPI,P54289,compound,protein,0
3476,CPI,P49888,compound,protein,0
3478,CPI,P18089,compound,protein,1
3478,CPI,P78508,compound,protein,1
3478,CPI,Q9UBS5,compound,protein,1
3488,CPI,P21462,compound,protein,0
3488,CPI,Q15125,compound,protein,0
3489614,CPI,Q9Y6M4,compound,protein,0
3503,CPI,P16050,compound,protein,1
3503,CPI,P49798,compound,protein,1
3503,CPI,Q03181,compound,protein,1
3503,CPI,P31645,compound,protein,0
3503,CPI,P48443,compound,protein,0
3503,CPI,Q9NWZ3,compound,protein,0
3503,CPI,Q9UK32,compound,protein,0
3503,CPI,P35968,compound,protein,0
3505,CPI,Q8NFU5,compound,protein,0
3510,CPI,P08908,compound,protein,1
3510,CPI,Q9Y5N1,compound,protein,1
3516,CPI,P08908,compound,protein,1
3516,CPI,P51955,compound,protein,0
3516,CPI,O43318,compound,protein,0
3516,CPI,Q9Y6M4,compound,protein,0
3517,CPI,P03372,compound,protein,1
3517,CPI,P0DMS8,compound,protein,1
3517,CPI,Q9NUW8,compound,protein,1
3519541,CPI,Q16665,compound,protein,1
35370,CPI,P05106,compound,protein,0
35370,CPI,P51451,compound,protein,0
35370,CPI,P02763,compound,protein,0
35375,CPI,Q9NYV4,compound,protein,0
35375,CPI,P41143,compound,protein,0
3542,CPI,Q8TDX7,compound,protein,0
3544,CPI,P43220,compound,protein,0
3547,CPI,O14757,compound,protein,1
3547,CPI,P11229,compound,protein,1
3547,CPI,P21554,compound,protein,1
3547,CPI,P23443,compound,protein,1
3547,CPI,P25021,compound,protein,1
3547,CPI,P29317,compound,protein,1
3547,CPI,Q15303,compound,protein,1
3547,CPI,Q9Y5N1,compound,protein,1
3547,CPI,P48050,compound,protein,0
3547,CPI,Q09428,compound,protein,0
3559,CPI,P04062,compound,protein,1
3559,CPI,P35968,compound,protein,1
3559,CPI,Q5BJF2,compound,protein,1
3559,CPI,Q9Y5N1,compound,protein,1
3559,CPI,P18405,compound,protein,0
3559,CPI,O60674,compound,protein,0
3561,CPI,P0DMS8,compound,protein,1
3561,CPI,P18089,compound,protein,1
3565209,CPI,P05177,compound,protein,0
3568,CPI,Q02156,compound,protein,1
3598,CPI,P63165,compound,protein,1
3598,CPI,P12931,compound,protein,0
3598,CPI,Q01064,compound,protein,0
3598,CPI,P27707,compound,protein,0
3598,CPI,Q96S37,compound,protein,0
3606,CPI,P39900,compound,protein,0
3606,CPI,P51813,compound,protein,0
3610,CPI,O00408,compound,protein,0
3611,CPI,Q16637,compound,protein,1
3611,CPI,Q8TF76,compound,protein,0
3611,CPI,P41595,compound,protein,0
362328,CPI,P26358,compound,protein,0
3627,CPI,P31645,compound,protein,1
36314,CPI,O15118,compound,protein,1
36314,CPI,Q8WZA2,compound,protein,0
36314,CPI,P05166,compound,protein,0
36314,CPI,P42336,compound,protein,0
36314,CPI,P63165,compound,protein,0
36314,CPI,P10826,compound,protein,0
36314,CPI,P68106,compound,protein,0
36339,CPI,P05177,compound,protein,1
3634,CPI,P51151,compound,protein,1
3639,CPI,P08172,compound,protein,1
3639,CPI,P31645,compound,protein,1
3640,CPI,Q16236,compound,protein,1
36462,CPI,P11388,compound,protein,1
36462,CPI,Q9Y6L6,compound,protein,0
3647,CPI,O14936,compound,protein,0
3647,CPI,P24462,compound,protein,0
3651377,CPI,Q16873,compound,protein,1
3652,CPI,P18089,compound,protein,1
3652,CPI,P35354,compound,protein,1
3652,CPI,Q5BJF2,compound,protein,1
3652,CPI,O14764,compound,protein,0
3652,CPI,Q9NYV4,compound,protein,0
365287,CPI,P06241,compound,protein,0
3658,CPI,P25021,compound,protein,1
3658,CPI,P31645,compound,protein,1
3661,CPI,P17787,compound,protein,1
3668,CPI,P29274,compound,protein,1
3671,CPI,Q07343,compound,protein,1
3672,CPI,P08172,compound,protein,1
3672,CPI,P41145,compound,protein,1
3672,CPI,P49662,compound,protein,1
3672,CPI,Q09013,compound,protein,0
3675,CPI,Q70Z44,compound,protein,0
3676,CPI,P08172,compound,protein,1
3676,CPI,Q9Y5N1,compound,protein,1
3676,CPI,Q9Y5Y4,compound,protein,0
3677,CPI,P07550,compound,protein,1
3678,CPI,P21728,compound,protein,1
3678,CPI,Q12809,compound,protein,1
36811,CPI,P07550,compound,protein,1
36811,CPI,P35462,compound,protein,1
36811,CPI,P54803,compound,protein,1
36811,CPI,P55789,compound,protein,0
36811,CPI,Q7KZI7,compound,protein,0
36811,CPI,Q9Y572,compound,protein,0
3682,CPI,P08913,compound,protein,1
3686,CPI,O43193,compound,protein,1
3686,CPI,P09917,compound,protein,1
3686,CPI,P46098,compound,protein,1
3686,CPI,Q4U2R8,compound,protein,0
3686,CPI,Q15788,compound,protein,0
3686,CPI,Q9UF33,compound,protein,0
3689,CPI,P18825,compound,protein,1
3689413,CPI,Q06710,compound,protein,1
3689413,CPI,Q16236,compound,protein,1
3689413,CPI,O76083,compound,protein,0
3689413,CPI,P01106,compound,protein,0
3689415,CPI,O76083,compound,protein,0
3689416,CPI,Q9NUW8,compound,protein,1
3689416,CPI,Q709F0,compound,protein,0
3690,CPI,P30613,compound,protein,0
3693566,CPI,P53350,compound,protein,0
3696,CPI,P00352,compound,protein,1
3696,CPI,P00918,compound,protein,0
3696,CPI,P61088,compound,protein,0
3696,CPI,P20794,compound,protein,0
3698,CPI,P08913,compound,protein,1
3698,CPI,P11229,compound,protein,1
3698,CPI,Q01064,compound,protein,0
3698,CPI,Q02641,compound,protein,0
3702,CPI,P22748,compound,protein,1
3702,CPI,P27037,compound,protein,0
3707,CPI,P06239,compound,protein,1
3707,CPI,P11802,compound,protein,1
3707,CPI,Q08289,compound,protein,0
3715,CPI,Q96FL8,compound,protein,0
3715,CPI,P29275,compound,protein,0
3718,CPI,Q9NS75,compound,protein,0
3718,CPI,P06730,compound,protein,0
3728,CPI,P27361,compound,protein,1
3728,CPI,Q9NUW8,compound,protein,1
3728,CPI,P49841,compound,protein,0
3728,CPI,P0C1S8,compound,protein,0
3730,CPI,P41145,compound,protein,1
3730,CPI,P41595,compound,protein,1
3730,CPI,Q06278,compound,protein,0
3739,CPI,P02768,compound,protein,1
3739,CPI,P30556,compound,protein,1
374536,CPI,P05412,compound,protein,0
3749,CPI,O95342,compound,protein,1
3749,CPI,P20309,compound,protein,1
3749,CPI,Q96FL8,compound,protein,0
3749,CPI,O15357,compound,protein,0
3749,CPI,Q96SB4,compound,protein,0
3749,CPI,P08235,compound,protein,0
37542,CPI,P08908,compound,protein,1
37542,CPI,P21397,compound,protein,1
37542,CPI,P25929,compound,protein,1
37542,CPI,P28223,compound,protein,1
37542,CPI,P29274,compound,protein,1
37542,CPI,Q99759,compound,protein,0
3758,CPI,O76074,compound,protein,1
3758,CPI,Q13936,compound,protein,0
3759,CPI,Q92847,compound,protein,1
3759,CPI,Q9UM73,compound,protein,0
3759,CPI,P11712,compound,protein,0
3759,CPI,P50281,compound,protein,0
3759,CPI,Q9Y5N1,compound,protein,0
3762,CPI,P41145,compound,protein,1
3762,CPI,P30613,compound,protein,0
37768,CPI,P03372,compound,protein,1
3779,CPI,P21397,compound,protein,1
3779,CPI,P46098,compound,protein,1
3779,CPI,P59535,compound,protein,1
3779,CPI,Q7RTR8,compound,protein,1
3779,CPI,P21453,compound,protein,0
3783,CPI,P08908,compound,protein,1
3784,CPI,Q9BYT3,compound,protein,0
37907,CPI,Q01959,compound,protein,1
37907,CPI,P30556,compound,protein,0
379077,CPI,P29466,compound,protein,1
3793,CPI,P07900,compound,protein,1
3793,CPI,P08912,compound,protein,1
3793,CPI,Q16236,compound,protein,1
3795,CPI,O60674,compound,protein,1
3796,CPI,Q9UN88,compound,protein,0
38081,CPI,P28223,compound,protein,0
3820,CPI,O00444,compound,protein,1
3820,CPI,P07333,compound,protein,1
3820,CPI,Q7KZI7,compound,protein,1
3820,CPI,O15075,compound,protein,0
3820,CPI,P55055,compound,protein,0
3822,CPI,P15428,compound,protein,1
3822,CPI,Q92830,compound,protein,0
3823,CPI,P05067,compound,protein,1
3823,CPI,P08908,compound,protein,1
3823,CPI,Q13133,compound,protein,1
3823,CPI,Q14973,compound,protein,0
3823,CPI,P04054,compound,protein,0
3823,CPI,P54764,compound,protein,0
3823,CPI,Q8WXR4,compound,protein,0
3823,CPI,O60563,compound,protein,0
3823887,CPI,Q8TDX7,compound,protein,0
3823887,CPI,P32298,compound,protein,0
3825,CPI,Q99808,compound,protein,1
3825,CPI,P49137,compound,protein,0
3825,CPI,P63165,compound,protein,0
3825829,CPI,O95819,compound,protein,0
3825829,CPI,Q92830,compound,protein,0
3826,CPI,P08908,compound,protein,1
3826,CPI,P35372,compound,protein,1
3827,CPI,P08684,compound,protein,1
3828,CPI,Q92830,compound,protein,1
3828,CPI,O14746,compound,protein,0
3828,CPI,O60885,compound,protein,0
382975,CPI,P03372,compound,protein,1
38409,CPI,P02545,compound,protein,0
3853,CPI,Q15078,compound,protein,0
3854666,CPI,P35368,compound,protein,0
3856780,CPI,P40225,compound,protein,0
3869,CPI,P35368,compound,protein,1
3869,CPI,P41595,compound,protein,1
387447,CPI,P00915,compound,protein,1
387447,CPI,P20618,compound,protein,1
387447,CPI,P28065,compound,protein,1
387447,CPI,P24462,compound,protein,0
387447,CPI,Q15046,compound,protein,0
3878,CPI,P08913,compound,protein,1
3878,CPI,Q9UL62,compound,protein,0
3883,CPI,O15118,compound,protein,1
3883,CPI,P41145,compound,protein,1
38853,CPI,O43193,compound,protein,1
38853,CPI,P06746,compound,protein,1
38853,CPI,P21731,compound,protein,1
38853,CPI,P27037,compound,protein,0
38853,CPI,P21964,compound,protein,0
38853,CPI,P24557,compound,protein,0
38888103,CPI,P02545,compound,protein,0
3894,CPI,P06239,compound,protein,1
3894,CPI,Q16566,compound,protein,0
38945,CPI,O43193,compound,protein,1
3896,CPI,Q9UQM7,compound,protein,1
3899,CPI,P11229,compound,protein,1
3899,CPI,P28223,compound,protein,1
3899,CPI,P46098,compound,protein,1
3899,CPI,Q9UBS5,compound,protein,1
3899,CPI,P51617,compound,protein,0
3899,CPI,P50750,compound,protein,0
3902,CPI,P15538,compound,protein,1
39042,CPI,P0DMS8,compound,protein,1
39042,CPI,P28702,compound,protein,1
3913264,CPI,P01215,compound,protein,1
39186,CPI,P54289,compound,protein,1
39186,CPI,P39900,compound,protein,0
3921152,CPI,Q9H093,compound,protein,0
3926,CPI,P18825,compound,protein,1
3932,CPI,O43525,compound,protein,1
3932,CPI,P21728,compound,protein,1
3932,CPI,P42338,compound,protein,0
393595,CPI,Q8N568,compound,protein,0
394449,CPI,P57078,compound,protein,0
3946,CPI,Q13546,compound,protein,0
39468,CPI,P08908,compound,protein,1
3947,CPI,P28335,compound,protein,1
3949,CPI,P02545,compound,protein,1
3950,CPI,P48169,compound,protein,0
3950572,CPI,O14730,compound,protein,0
3953,CPI,P32238,compound,protein,0
3955,CPI,Q99720,compound,protein,1
3957,CPI,P43681,compound,protein,1
395754,CPI,Q9NUW8,compound,protein,1
3958,CPI,P18507,compound,protein,1
3958,CPI,P35462,compound,protein,1
3958,CPI,Q06187,compound,protein,0
3961,CPI,P21554,compound,protein,1
3961,CPI,Q9HCN6,compound,protein,1
3961,CPI,Q9NPD5,compound,protein,1
3961,CPI,Q9Y6L6,compound,protein,1
3964,CPI,P16499,compound,protein,1
3964,CPI,P21397,compound,protein,1
3964,CPI,P21452,compound,protein,1
3964,CPI,Q01959,compound,protein,1
3964,CPI,Q8N752,compound,protein,0
3969,CPI,Q9Y271,compound,protein,1
3969,CPI,Q969S8,compound,protein,0
3971,CPI,Q15842,compound,protein,0
3973,CPI,O00329,compound,protein,1
3973,CPI,P05177,compound,protein,1
3973,CPI,P42336,compound,protein,1
3973,CPI,P50281,compound,protein,0
39765,CPI,P98170,compound,protein,0
398148,CPI,Q9NWZ3,compound,protein,0
39912,CPI,P02545,compound,protein,1
39912,CPI,P07204,compound,protein,1
39912,CPI,P35354,compound,protein,1
39912,CPI,Q96RG2,compound,protein,0
3994476,CPI,P08908,compound,protein,1
3994476,CPI,P33261,compound,protein,1
3998,CPI,O43451,compound,protein,0
4008,CPI,Q12809,compound,protein,1
4011,CPI,P04062,compound,protein,1
4011,CPI,P35462,compound,protein,1
4011,CPI,P42345,compound,protein,1
4011,CPI,P01584,compound,protein,0
4013695,CPI,P83916,compound,protein,0
4013695,CPI,Q9BX84,compound,protein,0
4020,CPI,Q16288,compound,protein,0
4029677,CPI,Q9UBS5,compound,protein,0
4030,CPI,Q9NUW8,compound,protein,1
4030,CPI,P28566,compound,protein,0
4031,CPI,P11229,compound,protein,1
4032,CPI,P18825,compound,protein,1
4032,CPI,P61073,compound,protein,0
4034,CPI,P28223,compound,protein,1
4034,CPI,Q8IW41,compound,protein,0
4034,CPI,P42330,compound,protein,0
4037,CPI,O43526,compound,protein,1
4044,CPI,P23219,compound,protein,1
4044,CPI,P41595,compound,protein,1
4044,CPI,Q9NUW8,compound,protein,1
4044,CPI,P29323,compound,protein,0
4044,CPI,P56817,compound,protein,0
4046,CPI,P0DMS8,compound,protein,1
4046,CPI,P21731,compound,protein,1
4046,CPI,P25021,compound,protein,1
4046,CPI,P31749,compound,protein,0
4046,CPI,Q9UBT6,compound,protein,0
40461270,CPI,Q96SW2,compound,protein,1
40467075,CPI,P51843,compound,protein,1
40469415,CPI,P46734,compound,protein,0
40469477,CPI,P04629,compound,protein,0
4053,CPI,Q99549,compound,protein,1
40539,CPI,O75164,compound,protein,1
4054,CPI,Q99928,compound,protein,1
4054,CPI,P68106,compound,protein,0
4055,CPI,P02818,compound,protein,1
4055,CPI,P50406,compound,protein,0
4055306,CPI,Q9UBB5,compound,protein,1
4066,CPI,O14920,compound,protein,0
40692,CPI,P84022,compound,protein,1
4075,CPI,O43526,compound,protein,0
4075,CPI,O14764,compound,protein,0
4075,CPI,P46098,compound,protein,0
4078,CPI,P08172,compound,protein,1
4078,CPI,P35372,compound,protein,1
4078,CPI,P25098,compound,protein,0
4078,CPI,P48730,compound,protein,0
4089709,CPI,O43613,compound,protein,1
4089709,CPI,O94925,compound,protein,1
4089709,CPI,P15735,compound,protein,0
4090,CPI,P39900,compound,protein,0
4091,CPI,P35367,compound,protein,1
4091,CPI,Q9UL54,compound,protein,0
4098,CPI,P28223,compound,protein,1
4098,CPI,P27361,compound,protein,0
4099,CPI,P08908,compound,protein,1
4099,CPI,P0DMS8,compound,protein,1
4099,CPI,P18505,compound,protein,1
4099,CPI,P21397,compound,protein,1
4099,CPI,O60658,compound,protein,0
4099,CPI,P35499,compound,protein,0
4099,CPI,P41240,compound,protein,0
4099,CPI,P32298,compound,protein,0
4100,CPI,P04839,compound,protein,0
4101,CPI,P00352,compound,protein,0
4106,CPI,P47898,compound,protein,1
4106,CPI,P14616,compound,protein,0
4106,CPI,P01258,compound,protein,0
4106,CPI,P48735,compound,protein,0
4107,CPI,P00915,compound,protein,1
4107,CPI,P41595,compound,protein,1
4107,CPI,Q9Y468,compound,protein,0
4107,CPI,Q8TDS4,compound,protein,0
4107,CPI,Q9NSY1,compound,protein,0
4107,CPI,Q8TBX8,compound,protein,0
41109,CPI,Q5VT25,compound,protein,0
4112,CPI,P41968,compound,protein,0
4114,CPI,P05177,compound,protein,1
4114,CPI,P22303,compound,protein,1
4114,CPI,Q9HCN6,compound,protein,0
4114,CPI,P18825,compound,protein,0
4116,CPI,P48169,compound,protein,1
4116,CPI,P06746,compound,protein,0
4122,CPI,O15118,compound,protein,1
4131581,CPI,Q13285,compound,protein,1
4139,CPI,P05067,compound,protein,1
4163,CPI,P08908,compound,protein,1
4168,CPI,P41595,compound,protein,1
41684,CPI,P15121,compound,protein,1
41684,CPI,P16473,compound,protein,1
41684,CPI,Q5XXA6,compound,protein,1
41684,CPI,Q9NR56,compound,protein,1
41684,CPI,P07949,compound,protein,0
417052,CPI,Q9H244,compound,protein,0
417052,CPI,Q15393,compound,protein,0
4171,CPI,O43193,compound,protein,1
4171,CPI,P35498,compound,protein,0
4173,CPI,Q01959,compound,protein,1
4173,CPI,Q99808,compound,protein,1
4173,CPI,P48443,compound,protein,0
4173,CPI,P29475,compound,protein,0
4174,CPI,P07550,compound,protein,1
4174,CPI,P41145,compound,protein,1
4174,CPI,P33261,compound,protein,0
4174,CPI,P55789,compound,protein,0
4174,CPI,P48729,compound,protein,0
4184,CPI,P35462,compound,protein,1
4184,CPI,Q13705,compound,protein,0
41867,CPI,Q13873,compound,protein,0
4189,CPI,O75469,compound,protein,1
4189,CPI,P41143,compound,protein,1
4189,CPI,Q08289,compound,protein,1
4189,CPI,Q12809,compound,protein,1
4189,CPI,Q92847,compound,protein,1
4189,CPI,P41146,compound,protein,0
4189,CPI,P08253,compound,protein,0
4192,CPI,Q08499,compound,protein,1
4192,CPI,P52333,compound,protein,0
4195,CPI,P25100,compound,protein,1
4195,CPI,Q9H2X9,compound,protein,0
4197,CPI,P05121,compound,protein,0
42052020,CPI,P68400,compound,protein,0
4210951,CPI,P21728,compound,protein,1
4210951,CPI,P36542,compound,protein,0
4210951,CPI,P46663,compound,protein,0
4211,CPI,P03372,compound,protein,1
4211,CPI,P30542,compound,protein,1
4211,CPI,P29317,compound,protein,0
4212,CPI,P08172,compound,protein,1
4212,CPI,P40225,compound,protein,1
4212,CPI,P42345,compound,protein,1
4212,CPI,Q8NER1,compound,protein,0
4212,CPI,P32298,compound,protein,0
4212,CPI,Q969S8,compound,protein,0
4212,CPI,P08253,compound,protein,0
4212,CPI,Q13526,compound,protein,0
4214594,CPI,Q15139,compound,protein,0
4216,CPI,Q9NUW8,compound,protein,1
4235,CPI,P41595,compound,protein,1
4235,CPI,P50613,compound,protein,0
4235,CPI,Q96LD8,compound,protein,0
4235,CPI,P23415,compound,protein,0
4235,CPI,P54756,compound,protein,0
4236,CPI,P18054,compound,protein,0
4237,CPI,P51681,compound,protein,0
4239,CPI,Q9Y616,compound,protein,0
4246,CPI,Q9UBN7,compound,protein,0
4257368,CPI,Q13188,compound,protein,0
4257368,CPI,Q9NY47,compound,protein,0
42574,CPI,Q15139,compound,protein,0
4259181,CPI,P16050,compound,protein,1
4259181,CPI,P18825,compound,protein,0
42594,CPI,P42330,compound,protein,0
42601363,CPI,P31645,compound,protein,0
4261,CPI,Q969S8,compound,protein,1
42611257,CPI,O43353,compound,protein,1
42611257,CPI,Q07912,compound,protein,1
42611257,CPI,Q8NG66,compound,protein,1
42618298,CPI,P20309,compound,protein,0
42628507,CPI,P36888,compound,protein,1
42636350,CPI,O60882,compound,protein,0
42640809,CPI,Q8IU85,compound,protein,0
42640811,CPI,P42224,compound,protein,1
42642645,CPI,O14757,compound,protein,1
42642645,CPI,O75116,compound,protein,1
42642645,CPI,O75747,compound,protein,1
42642645,CPI,O76039,compound,protein,1
42642645,CPI,P49137,compound,protein,1
42642645,CPI,P50750,compound,protein,1
42642645,CPI,Q00536,compound,protein,1
42642645,CPI,Q06187,compound,protein,1
42642645,CPI,Q13464,compound,protein,1
42642645,CPI,Q13627,compound,protein,1
42642645,CPI,Q9BX84,compound,protein,1
42642645,CPI,Q9C098,compound,protein,1
42642645,CPI,Q9H2K8,compound,protein,1
42642645,CPI,Q9HBH9,compound,protein,1
42642645,CPI,Q9HC97,compound,protein,1
42642645,CPI,Q9NRM7,compound,protein,1
42642645,CPI,Q9UQB9,compound,protein,1
42642645,CPI,Q01064,compound,protein,0
42642645,CPI,P56524,compound,protein,0
42642645,CPI,O00408,compound,protein,0
42642645,CPI,Q9UBT6,compound,protein,0
42642645,CPI,P54750,compound,protein,0
42642645,CPI,P78508,compound,protein,0
42642645,CPI,Q14534,compound,protein,0
42642645,CPI,Q9UGI6,compound,protein,0
4284525,CPI,P04062,compound,protein,1
4284720,CPI,P05177,compound,protein,1
4284720,CPI,Q16236,compound,protein,1
42890,CPI,P06401,compound,protein,1
42890,CPI,P21728,compound,protein,1
42890,CPI,P07948,compound,protein,0
42955,CPI,P35408,compound,protein,1
42955,CPI,O43193,compound,protein,1
42955,CPI,P06746,compound,protein,1
42955,CPI,P30542,compound,protein,1
42955,CPI,Q14432,compound,protein,1
42955,CPI,Q9NUW8,compound,protein,1
42955,CPI,Q9H2K8,compound,protein,0
42955,CPI,Q8IW41,compound,protein,0
4296,CPI,P50406,compound,protein,1
4299,CPI,O15296,compound,protein,1
4299,CPI,P0DP23,compound,protein,1
4299,CPI,Q15746,compound,protein,1
4299,CPI,P14555,compound,protein,0
4302963,CPI,P21554,compound,protein,1
4306,CPI,P0DP23,compound,protein,1
43231,CPI,O15440,compound,protein,0
43232,CPI,P11229,compound,protein,1
43232,CPI,P16473,compound,protein,0
4336830,CPI,P34995,compound,protein,1
4350931,CPI,P33261,compound,protein,1
435678,CPI,P22830,compound,protein,0
4364841,CPI,P41595,compound,protein,0
4369233,CPI,P05177,compound,protein,0
4369359,CPI,Q9H093,compound,protein,0
4369524,CPI,O95819,compound,protein,0
4375,CPI,P48169,compound,protein,1
4376,CPI,P08185,compound,protein,0
4380,CPI,Q99720,compound,protein,1
4380,CPI,P36888,compound,protein,0
4380,CPI,Q13639,compound,protein,0
4380267,CPI,P78417,compound,protein,1
4380267,CPI,P03372,compound,protein,0
4381126,CPI,O75874,compound,protein,1
4381127,CPI,O75030,compound,protein,1
43815,CPI,P35372,compound,protein,1
43815,CPI,Q9Y468,compound,protein,0
438981,CPI,P05177,compound,protein,1
439246,CPI,P02766,compound,protein,1
439246,CPI,P08684,compound,protein,1
439260,CPI,P43681,compound,protein,1
439260,CPI,P46063,compound,protein,1
439533,CPI,P14618,compound,protein,1
439533,CPI,P08631,compound,protein,0
4396344,CPI,P55789,compound,protein,0
4409,CPI,Q4U2R8,compound,protein,0
44093,CPI,P08908,compound,protein,1
4411,CPI,P30305,compound,protein,0
4411,CPI,O96017,compound,protein,0
44112,CPI,P19784,compound,protein,0
441130,CPI,P21554,compound,protein,1
441140,CPI,P21554,compound,protein,1
441140,CPI,Q07912,compound,protein,0
441140,CPI,P00519,compound,protein,0
441140,CPI,P0DP23,compound,protein,0
441140,CPI,P43351,compound,protein,0
441140,CPI,Q13885,compound,protein,0
441243,CPI,P25021,compound,protein,1
441289,CPI,O75914,compound,protein,0
441289,CPI,P60953,compound,protein,0
4413,CPI,P25929,compound,protein,1
4413,CPI,P14780,compound,protein,0
4413,CPI,P29320,compound,protein,0
441336,CPI,O15440,compound,protein,0
44137675,CPI,P26196,compound,protein,1
44137675,CPI,P08913,compound,protein,0
44137675,CPI,P35372,compound,protein,0
44137946,CPI,P08684,compound,protein,1
44137946,CPI,P35916,compound,protein,1
44137946,CPI,P35968,compound,protein,1
441383,CPI,P18089,compound,protein,1
44139710,CPI,Q9NUW8,compound,protein,0
44141938,CPI,P40763,compound,protein,1
44142044,CPI,P28472,compound,protein,0
44142049,CPI,Q6GMR7,compound,protein,0
44142054,CPI,Q99720,compound,protein,0
44142054,CPI,P07900,compound,protein,0
44142061,CPI,P51151,compound,protein,0
44142062,CPI,Q9HAZ1,compound,protein,1
44142063,CPI,Q9UBT6,compound,protein,0
44142069,CPI,Q9HAZ1,compound,protein,1
44142070,CPI,Q01201,compound,protein,0
44142073,CPI,Q9Y463,compound,protein,0
44142076,CPI,Q02790,compound,protein,0
44142077,CPI,Q9BVS4,compound,protein,0
44142083,CPI,P16050,compound,protein,1
44142083,CPI,P35462,compound,protein,0
44142083,CPI,Q9P0X4,compound,protein,0
44142085,CPI,P0C1S8,compound,protein,0
44142087,CPI,Q9UBT6,compound,protein,1
44142090,CPI,P16499,compound,protein,0
44142092,CPI,P43220,compound,protein,1
44142092,CPI,Q9HC98,compound,protein,0
44142093,CPI,P84022,compound,protein,1
44142094,CPI,P16050,compound,protein,0
44142096,CPI,P84022,compound,protein,1
44142098,CPI,Q9Y616,compound,protein,0
44142099,CPI,Q9UBT6,compound,protein,1
44142103,CPI,Q01201,compound,protein,0
44142112,CPI,O43193,compound,protein,0
44142116,CPI,P51151,compound,protein,1
44142124,CPI,Q16236,compound,protein,1
44142126,CPI,P28335,compound,protein,0
44142134,CPI,Q03431,compound,protein,1
44142134,CPI,Q16236,compound,protein,1
44142136,CPI,Q8TDU6,compound,protein,0
44142137,CPI,P0DMS8,compound,protein,0
44142138,CPI,O75030,compound,protein,1
44142138,CPI,P84022,compound,protein,1
44142140,CPI,Q9HC16,compound,protein,1
44142144,CPI,Q04864,compound,protein,0
44142146,CPI,Q9Y2I1,compound,protein,0
44142146,CPI,P68400,compound,protein,0
44142147,CPI,P08913,compound,protein,0
44142148,CPI,P05412,compound,protein,0
44142150,CPI,P21554,compound,protein,0
44142150,CPI,P48048,compound,protein,0
44142150,CPI,Q8TDU6,compound,protein,0
44142162,CPI,P43681,compound,protein,0
44142351,CPI,Q13133,compound,protein,0
44142351,CPI,P22303,compound,protein,0
44143089,CPI,Q9BVC4,compound,protein,0
44143089,CPI,P08913,compound,protein,0
44143153,CPI,P07900,compound,protein,1
44143240,CPI,P28223,compound,protein,0
44143772,CPI,O94782,compound,protein,1
4418,CPI,P51617,compound,protein,0
44182295,CPI,P53779,compound,protein,1
44187,CPI,Q14432,compound,protein,1
44197249,CPI,Q13163,compound,protein,0
44202600,CPI,O94782,compound,protein,1
44202729,CPI,P51813,compound,protein,0
44205240,CPI,P31152,compound,protein,0
44205240,CPI,Q16637,compound,protein,0
44205240,CPI,Q00987,compound,protein,0
4422,CPI,P41143,compound,protein,1
44223952,CPI,Q8TBX8,compound,protein,1
44223955,CPI,Q99720,compound,protein,0
44223970,CPI,O00750,compound,protein,1
44223970,CPI,P49798,compound,protein,0
44224257,CPI,P52732,compound,protein,1
44229067,CPI,Q12809,compound,protein,0
44237405,CPI,P09769,compound,protein,0
44237406,CPI,Q9Y2I1,compound,protein,0
44237408,CPI,P51449,compound,protein,1
44246456,CPI,Q96PF2,compound,protein,0
44246499,CPI,Q8N752,compound,protein,0
44246512,CPI,P35408,compound,protein,0
44246514,CPI,P14618,compound,protein,1
44246708,CPI,P01584,compound,protein,1
44246708,CPI,Q9H3N8,compound,protein,0
44246708,CPI,Q96RJ0,compound,protein,0
44247568,CPI,P08684,compound,protein,1
44247568,CPI,Q12809,compound,protein,1
44247568,CPI,Q5BJF2,compound,protein,1
44251485,CPI,O15264,compound,protein,0
44259,CPI,O00141,compound,protein,1
44259,CPI,O75676,compound,protein,1
44259,CPI,P06241,compound,protein,1
44259,CPI,P22694,compound,protein,1
44259,CPI,P36897,compound,protein,1
44259,CPI,P42685,compound,protein,1
44259,CPI,P51617,compound,protein,1
44259,CPI,P52333,compound,protein,1
44259,CPI,P53350,compound,protein,1
44259,CPI,P54756,compound,protein,1
44259,CPI,P54762,compound,protein,1
44259,CPI,Q00536,compound,protein,1
44259,CPI,Q05655,compound,protein,1
44259,CPI,Q6P2M8,compound,protein,1
44259,CPI,Q8IW41,compound,protein,1
44259,CPI,Q8N752,compound,protein,1
44259,CPI,Q92918,compound,protein,1
44259,CPI,Q9NYY3,compound,protein,1
44259,CPI,Q9Y243,compound,protein,1
44259,CPI,P30305,compound,protein,0
44259,CPI,P78334,compound,protein,0
44259,CPI,P08684,compound,protein,0
44259,CPI,P10826,compound,protein,0
44259,CPI,P18825,compound,protein,0
44259,CPI,P20309,compound,protein,0
44259,CPI,O75874,compound,protein,0
44259,CPI,Q00653,compound,protein,0
44259,CPI,P47871,compound,protein,0
44259,CPI,Q9Y478,compound,protein,0
44259,CPI,Q9H252,compound,protein,0
44259,CPI,P12821,compound,protein,0
44259,CPI,Q16678,compound,protein,0
44259,CPI,Q5BJF2,compound,protein,0
4426,CPI,P78527,compound,protein,0
4426,CPI,P27986,compound,protein,0
442793,CPI,Q8NER1,compound,protein,1
442793,CPI,O15379,compound,protein,0
4428,CPI,Q99720,compound,protein,1
4428,CPI,P11229,compound,protein,0
442872,CPI,P43681,compound,protein,0
442897,CPI,Q96DB2,compound,protein,0
4430,CPI,Q9HC16,compound,protein,0
443118,CPI,Q99835,compound,protein,0
443278,CPI,Q9UBN7,compound,protein,1
443372,CPI,O94782,compound,protein,1
443372,CPI,Q6DT37,compound,protein,0
443375,CPI,P54289,compound,protein,0
443389,CPI,P28223,compound,protein,1
443389,CPI,P05129,compound,protein,0
443389,CPI,Q01959,compound,protein,0
443390,CPI,P02545,compound,protein,1
4436,CPI,Q9UBN7,compound,protein,0
443872,CPI,P21554,compound,protein,1
443872,CPI,P41145,compound,protein,1
443874,CPI,Q9Y243,compound,protein,0
443879,CPI,Q01959,compound,protein,1
443879,CPI,Q9P2K8,compound,protein,0
443879,CPI,Q13131,compound,protein,0
443935,CPI,O75716,compound,protein,0
443935,CPI,P41240,compound,protein,0
443944,CPI,P32245,compound,protein,1
443944,CPI,Q9NYL2,compound,protein,0
443953,CPI,Q9NPD5,compound,protein,1
443955,CPI,P21728,compound,protein,1
443955,CPI,Q08499,compound,protein,1
443955,CPI,Q9Y233,compound,protein,1
443955,CPI,Q13315,compound,protein,0
444,CPI,O75582,compound,protein,0
444031,CPI,Q9HC98,compound,protein,0
444031,CPI,P48039,compound,protein,0
444036,CPI,P08908,compound,protein,1
44460112,CPI,P29320,compound,protein,0
44460117,CPI,O75385,compound,protein,0
44460121,CPI,P29320,compound,protein,0
44460122,CPI,P16050,compound,protein,1
44460124,CPI,Q9UPZ9,compound,protein,0
44460125,CPI,O15530,compound,protein,0
44460126,CPI,Q9UQM7,compound,protein,0
44460129,CPI,P49759,compound,protein,0
44460137,CPI,Q8TDR2,compound,protein,0
44462758,CPI,P10145,compound,protein,0
44462760,CPI,O43353,compound,protein,1
44462760,CPI,O94806,compound,protein,1
44462760,CPI,P00519,compound,protein,1
44462760,CPI,Q00613,compound,protein,1
44462760,CPI,Q96RJ0,compound,protein,0
44462760,CPI,P07305,compound,protein,0
44462760,CPI,Q9BYF1,compound,protein,0
44462760,CPI,P42226,compound,protein,0
444732,CPI,Q14790,compound,protein,1
444732,CPI,Q8N6T7,compound,protein,1
44473434,CPI,P18089,compound,protein,0
444795,CPI,P41595,compound,protein,1
444795,CPI,Q8WZA2,compound,protein,1
444795,CPI,Q9H255,compound,protein,1
444795,CPI,P35354,compound,protein,0
444795,CPI,P21452,compound,protein,0
44483247,CPI,P11474,compound,protein,1
44483270,CPI,Q6ZN16,compound,protein,0
44483298,CPI,O14757,compound,protein,0
44483298,CPI,Q05513,compound,protein,0
44483335,CPI,P35462,compound,protein,0
44483335,CPI,Q13148,compound,protein,0
44483340,CPI,Q9HCP0,compound,protein,0
44486349,CPI,O75676,compound,protein,0
44486959,CPI,P84022,compound,protein,1
44486959,CPI,P27338,compound,protein,0
44489694,CPI,Q9NUW8,compound,protein,1
444899,CPI,P28223,compound,protein,0
4449,CPI,P08908,compound,protein,1
4449,CPI,P46098,compound,protein,1
4449,CPI,O15554,compound,protein,0
4449,CPI,P06493,compound,protein,0
44495105,CPI,Q06710,compound,protein,1
4450,CPI,P28223,compound,protein,1
4450,CPI,P28335,compound,protein,1
44502485,CPI,Q96RG2,compound,protein,0
44504955,CPI,Q9HBH9,compound,protein,0
44505394,CPI,Q9H6Z9,compound,protein,0
44505465,CPI,Q9BUB5,compound,protein,0
44505829,CPI,P06737,compound,protein,0
44505973,CPI,Q9Y6R4,compound,protein,0
44505973,CPI,P01106,compound,protein,0
44505975,CPI,P07550,compound,protein,0
44505975,CPI,Q9P0L2,compound,protein,0
44505980,CPI,P50613,compound,protein,0
44516953,CPI,Q8TDS4,compound,protein,0
44517659,CPI,P51151,compound,protein,1
4452,CPI,P18089,compound,protein,1
4452,CPI,Q8NEV4,compound,protein,0
4452,CPI,P23443,compound,protein,0
445354,CPI,P32245,compound,protein,1
445354,CPI,Q16654,compound,protein,1
445354,CPI,Q9NY56,compound,protein,1
445354,CPI,P14867,compound,protein,0
44543611,CPI,P29274,compound,protein,0
445580,CPI,Q07869,compound,protein,1
44564,CPI,Q9UBS5,compound,protein,0
44564,CPI,P18825,compound,protein,0
445713,CPI,O95749,compound,protein,1
445713,CPI,P01215,compound,protein,0
445713,CPI,Q01064,compound,protein,0
445858,CPI,P37840,compound,protein,1
44593387,CPI,Q9UQL6,compound,protein,1
44593387,CPI,Q13946,compound,protein,0
44595079,CPI,P35916,compound,protein,1
44595079,CPI,O15303,compound,protein,0
44601455,CPI,P13631,compound,protein,0
44601473,CPI,P11229,compound,protein,0
44602375,CPI,O60674,compound,protein,0
44602376,CPI,O96028,compound,protein,0
44602404,CPI,P62942,compound,protein,0
44602406,CPI,P08684,compound,protein,0
44602406,CPI,Q96RR4,compound,protein,0
44603533,CPI,Q16566,compound,protein,1
44603533,CPI,Q9HBH9,compound,protein,1
44607573,CPI,P24462,compound,protein,0
44607591,CPI,P08183,compound,protein,1
44607591,CPI,P27338,compound,protein,0
44607592,CPI,O95718,compound,protein,0
44607949,CPI,Q9UM73,compound,protein,0
44607965,CPI,P18545,compound,protein,0
44607969,CPI,Q9Y570,compound,protein,1
44607969,CPI,Q86Y07,compound,protein,0
446156,CPI,Q13946,compound,protein,0
44619374,CPI,Q96NX5,compound,protein,0
44620280,CPI,Q14164,compound,protein,0
44620882,CPI,P04049,compound,protein,0
44620883,CPI,P42680,compound,protein,0
44620892,CPI,Q14164,compound,protein,0
44623833,CPI,O94925,compound,protein,1
44623833,CPI,P19838,compound,protein,0
44623837,CPI,Q9NUW8,compound,protein,1
44623849,CPI,P37173,compound,protein,0
44623888,CPI,Q9UPZ9,compound,protein,0
446284,CPI,O15540,compound,protein,1
446284,CPI,P05186,compound,protein,0
446284,CPI,P84022,compound,protein,0
4463,CPI,P08913,compound,protein,1
4463,CPI,P28335,compound,protein,1
4463,CPI,P35372,compound,protein,1
4463,CPI,P41595,compound,protein,1
4463,CPI,P29317,compound,protein,0
4463,CPI,Q86Z02,compound,protein,0
4463,CPI,Q13163,compound,protein,0
4463,CPI,P50613,compound,protein,0
44630538,CPI,P07947,compound,protein,0
44630540,CPI,Q9UHD2,compound,protein,0
446313,CPI,P03956,compound,protein,0
44634544,CPI,P02545,compound,protein,0
44634573,CPI,Q7KZI7,compound,protein,0
44634573,CPI,Q9NUW8,compound,protein,0
44640175,CPI,Q9NUW8,compound,protein,1
44640176,CPI,P07333,compound,protein,0
44640183,CPI,P08183,compound,protein,1
44640183,CPI,Q9NUW8,compound,protein,1
4464271,CPI,P42226,compound,protein,0
446541,CPI,Q9BYF1,compound,protein,0
446556,CPI,P14207,compound,protein,1
446556,CPI,P31939,compound,protein,1
446596,CPI,P06401,compound,protein,1
446596,CPI,P30542,compound,protein,1
446596,CPI,Q92847,compound,protein,1
446598,CPI,O14764,compound,protein,0
4472,CPI,P16473,compound,protein,1
4474,CPI,P08172,compound,protein,1
4474,CPI,Q15878,compound,protein,1
4474,CPI,Q8IY84,compound,protein,0
4474,CPI,P49759,compound,protein,0
4477,CPI,P43220,compound,protein,1
4477,CPI,P51955,compound,protein,0
447713,CPI,Q9UEW8,compound,protein,0
447905,CPI,P55055,compound,protein,1
447912,CPI,Q9UIF8,compound,protein,0
447966,CPI,P08684,compound,protein,1
448014,CPI,O15111,compound,protein,1
448014,CPI,O15530,compound,protein,1
448014,CPI,Q16620,compound,protein,1
448014,CPI,Q9NWZ3,compound,protein,1
448014,CPI,Q08289,compound,protein,0
448014,CPI,P30304,compound,protein,0
448014,CPI,Q8N1Q1,compound,protein,0
448042,CPI,P07948,compound,protein,0
448042,CPI,P78368,compound,protein,0
448042,CPI,P22303,compound,protein,0
448042,CPI,Q8N1C3,compound,protein,0
448042,CPI,O43193,compound,protein,0
44819697,CPI,P43490,compound,protein,1
44820554,CPI,P04062,compound,protein,1
44820570,CPI,Q8WU08,compound,protein,0
44825280,CPI,P84022,compound,protein,1
44825304,CPI,P49674,compound,protein,0
44825304,CPI,O15530,compound,protein,0
44828477,CPI,Q58F21,compound,protein,0
44828481,CPI,O43353,compound,protein,0
4485,CPI,P08913,compound,protein,1
4485,CPI,P53350,compound,protein,1
4485,CPI,Q08289,compound,protein,1
4485,CPI,Q14432,compound,protein,1
4485,CPI,Q9HBY8,compound,protein,0
4485,CPI,Q8IY84,compound,protein,0
448537,CPI,P28223,compound,protein,1
448537,CPI,P35462,compound,protein,1
448537,CPI,Q06278,compound,protein,1
448537,CPI,P09874,compound,protein,0
448537,CPI,O96017,compound,protein,0
448537,CPI,P06737,compound,protein,0
4488,CPI,P41145,compound,protein,1
4488,CPI,O15075,compound,protein,0
4488,CPI,P22460,compound,protein,0
448912,CPI,P11309,compound,protein,1
449054,CPI,P14618,compound,protein,0
449171,CPI,P31152,compound,protein,0
449193,CPI,P30542,compound,protein,1
449196,CPI,Q15746,compound,protein,0
449241,CPI,Q14973,compound,protein,0
4493,CPI,Q16637,compound,protein,1
4494,CPI,Q15759,compound,protein,0
4494,CPI,P49841,compound,protein,0
449459,CPI,O75469,compound,protein,1
449459,CPI,P10828,compound,protein,1
4495,CPI,Q16665,compound,protein,1
44968186,CPI,P49761,compound,protein,1
44968186,CPI,Q9UL62,compound,protein,0
44968219,CPI,Q13627,compound,protein,1
44968224,CPI,P49760,compound,protein,1
44968224,CPI,Q13224,compound,protein,0
4497,CPI,P11229,compound,protein,1
4497,CPI,P05129,compound,protein,0
4497,CPI,Q15125,compound,protein,0
4499,CPI,P05177,compound,protein,1
450,CPI,Q92731,compound,protein,1
45006067,CPI,O14920,compound,protein,1
45006140,CPI,P56524,compound,protein,0
45006157,CPI,P06401,compound,protein,1
4506,CPI,P11229,compound,protein,1
4506,CPI,O14764,compound,protein,0
4506,CPI,P23219,compound,protein,0
4506,CPI,P47989,compound,protein,0
4507,CPI,P0DMS8,compound,protein,1
4507,CPI,P53355,compound,protein,0
4507,CPI,O95835,compound,protein,0
45115609,CPI,Q9P1W9,compound,protein,0
45115620,CPI,Q9P0X4,compound,protein,1
4514,CPI,Q8N4C8,compound,protein,0
451668,CPI,Q9UQL6,compound,protein,1
4516886,CPI,Q96RG2,compound,protein,0
4516886,CPI,P35218,compound,protein,0
4521392,CPI,O14578,compound,protein,1
4521392,CPI,P07949,compound,protein,1
4521392,CPI,P17948,compound,protein,1
4521392,CPI,P27361,compound,protein,1
4521392,CPI,P53355,compound,protein,1
4521392,CPI,P57059,compound,protein,1
4521392,CPI,Q00536,compound,protein,1
4521392,CPI,Q92918,compound,protein,1
4521392,CPI,Q9NY57,compound,protein,1
4521392,CPI,P55789,compound,protein,0
4521392,CPI,P30939,compound,protein,0
4521392,CPI,P25021,compound,protein,0
4521392,CPI,P42330,compound,protein,0
4534,CPI,P10275,compound,protein,1
4534,CPI,Q16665,compound,protein,1
4534,CPI,P09769,compound,protein,0
4539,CPI,O75469,compound,protein,1
4539,CPI,P06401,compound,protein,1
4539,CPI,P37173,compound,protein,0
4543,CPI,P08913,compound,protein,1
4543,CPI,P11229,compound,protein,1
4543,CPI,P18825,compound,protein,1
4543,CPI,P56817,compound,protein,0
4552,CPI,P19838,compound,protein,1
456201,CPI,P10275,compound,protein,1
456201,CPI,P15538,compound,protein,1
456214,CPI,P28221,compound,protein,1
456214,CPI,Q5BJF2,compound,protein,1
456214,CPI,Q9Y6M4,compound,protein,1
456214,CPI,Q96RG2,compound,protein,0
456214,CPI,P10145,compound,protein,0
456389,CPI,O43193,compound,protein,0
456389,CPI,P03372,compound,protein,0
4565183,CPI,P61088,compound,protein,0
4567,CPI,P18089,compound,protein,1
4567,CPI,P21554,compound,protein,1
4567,CPI,P43681,compound,protein,1
4567,CPI,P50406,compound,protein,1
457193,CPI,P22303,compound,protein,1
457193,CPI,Q9Y616,compound,protein,0
457964,CPI,Q92769,compound,protein,0
4581,CPI,Q9NUW8,compound,protein,1
4581,CPI,P14061,compound,protein,0
45934210,CPI,P08912,compound,protein,1
4595,CPI,Q13639,compound,protein,1
4601,CPI,P08172,compound,protein,1
4601,CPI,P31645,compound,protein,1
4601,CPI,P29323,compound,protein,0
4605,CPI,P02768,compound,protein,0
460747,CPI,P41145,compound,protein,0
460747,CPI,Q7KZI7,compound,protein,0
4614,CPI,P18825,compound,protein,1
4614,CPI,P34897,compound,protein,1
4615,CPI,Q86Z02,compound,protein,0
46172920,CPI,P07949,compound,protein,0
46172920,CPI,P46098,compound,protein,0
46172926,CPI,Q86V86,compound,protein,0
46191454,CPI,P07949,compound,protein,1
46191454,CPI,P35916,compound,protein,1
46191454,CPI,Q14004,compound,protein,1
46196517,CPI,Q6NUS8,compound,protein,0
46215462,CPI,P05186,compound,protein,0
4622,CPI,P25021,compound,protein,0
46220502,CPI,P06493,compound,protein,1
46220502,CPI,P49841,compound,protein,1
46220502,CPI,Q00536,compound,protein,1
46220502,CPI,P14618,compound,protein,0
46224413,CPI,Q15078,compound,protein,0
462382,CPI,Q16637,compound,protein,1
4624,CPI,P06746,compound,protein,0
46244454,CPI,P06737,compound,protein,0
4624993,CPI,Q9NY57,compound,protein,0
4628,CPI,P35367,compound,protein,0
4631,CPI,P08172,compound,protein,1
4631,CPI,P21728,compound,protein,1
4631,CPI,P41145,compound,protein,1
4631,CPI,P48729,compound,protein,0
4633,CPI,Q9Y5Y9,compound,protein,1
4634,CPI,Q9Y4K4,compound,protein,0
4636,CPI,P41595,compound,protein,1
4649,CPI,P84022,compound,protein,1
4649,CPI,P00915,compound,protein,0
4659569,CPI,P35367,compound,protein,1
4659569,CPI,Q07869,compound,protein,1
4659569,CPI,P0C1S8,compound,protein,0
4666,CPI,P07437,compound,protein,1
4666,CPI,Q9H4B7,compound,protein,1
4668801,CPI,P14555,compound,protein,0
46700756,CPI,P06239,compound,protein,1
46700756,CPI,Q12879,compound,protein,0
4671,CPI,Q8NER1,compound,protein,1
4671,CPI,O60331,compound,protein,0
4674,CPI,P21554,compound,protein,1
4674,CPI,P32298,compound,protein,0
4674,CPI,Q12851,compound,protein,0
46740,CPI,P31749,compound,protein,0
46742340,CPI,Q01959,compound,protein,0
46742353,CPI,Q16665,compound,protein,1
46783538,CPI,P49761,compound,protein,0
4679,CPI,P02545,compound,protein,1
4679,CPI,P18089,compound,protein,1
4679,CPI,Q9P0L2,compound,protein,0
4679,CPI,Q8WZA2,compound,protein,0
4680,CPI,P33261,compound,protein,1
4680,CPI,Q14432,compound,protein,1
4680,CPI,O75385,compound,protein,0
4680,CPI,Q15759,compound,protein,0
4684,CPI,P35499,compound,protein,1
46843057,CPI,P11308,compound,protein,0
46843906,CPI,Q58F21,compound,protein,1
46844147,CPI,Q09428,compound,protein,0
46844147,CPI,Q9UGL1,compound,protein,0
46848036,CPI,P00519,compound,protein,1
46851313,CPI,P47871,compound,protein,0
46851313,CPI,O15118,compound,protein,0
46851313,CPI,P51817,compound,protein,0
46854655,CPI,P21728,compound,protein,0
46869951,CPI,P08908,compound,protein,0
46869952,CPI,Q9NY57,compound,protein,0
46869952,CPI,P07948,compound,protein,0
46881851,CPI,Q09013,compound,protein,0
46885626,CPI,O75116,compound,protein,1
46885626,CPI,O43613,compound,protein,0
46885626,CPI,P28566,compound,protein,0
46885626,CPI,Q92731,compound,protein,0
46903404,CPI,P06401,compound,protein,0
46903448,CPI,O43570,compound,protein,0
46903562,CPI,Q9NSY1,compound,protein,0
46903589,CPI,P10275,compound,protein,0
46903876,CPI,O94925,compound,protein,1
46905000,CPI,Q9Y468,compound,protein,0
46905029,CPI,Q16665,compound,protein,0
46907669,CPI,O15303,compound,protein,0
46907669,CPI,Q9H422,compound,protein,0
46907676,CPI,P35367,compound,protein,0
46907681,CPI,P51955,compound,protein,0
46907787,CPI,Q58F21,compound,protein,1
46907798,CPI,P42224,compound,protein,1
4691,CPI,P08912,compound,protein,1
4691,CPI,P28221,compound,protein,1
4691,CPI,Q8WXA8,compound,protein,1
4691,CPI,P15121,compound,protein,0
46911863,CPI,P14555,compound,protein,0
46912090,CPI,Q9NUW8,compound,protein,0
46912091,CPI,P0DMS8,compound,protein,0
46916170,CPI,P49761,compound,protein,1
46916178,CPI,Q8TBX8,compound,protein,1
46916178,CPI,P02763,compound,protein,0
46916180,CPI,P18089,compound,protein,0
46916182,CPI,Q4U2R8,compound,protein,0
46916206,CPI,P29466,compound,protein,1
46925881,CPI,P21802,compound,protein,0
46926350,CPI,Q9NPD5,compound,protein,0
46931007,CPI,Q9HC98,compound,protein,0
46931242,CPI,Q8NA19,compound,protein,1
46931953,CPI,Q93009,compound,protein,1
4694339,CPI,O43781,compound,protein,0
46943432,CPI,P35372,compound,protein,0
46943432,CPI,P55211,compound,protein,0
46947264,CPI,P14902,compound,protein,0
46948703,CPI,P43351,compound,protein,1
4705,CPI,P08185,compound,protein,0
4708,CPI,Q15303,compound,protein,1
4712,CPI,Q6W5P4,compound,protein,1
4713,CPI,Q01453,compound,protein,1
4713,CPI,Q04760,compound,protein,0
4723,CPI,Q9P1W9,compound,protein,0
47318,CPI,P35354,compound,protein,0
47319,CPI,P49146,compound,protein,0
4735,CPI,P00747,compound,protein,1
4735,CPI,O14744,compound,protein,0
4737,CPI,P08908,compound,protein,1
4737,CPI,O15379,compound,protein,0
4740,CPI,O43193,compound,protein,1
4740,CPI,P21397,compound,protein,1
4740,CPI,P21731,compound,protein,1
4740,CPI,P29274,compound,protein,1
4740,CPI,P29275,compound,protein,1
4740,CPI,O94806,compound,protein,0
4740,CPI,P11474,compound,protein,0
47472,CPI,O75469,compound,protein,1
47472,CPI,P41145,compound,protein,1
4748,CPI,P21554,compound,protein,1
4748,CPI,Q6W5P4,compound,protein,1
4748,CPI,P54577,compound,protein,0
47528,CPI,Q05586,compound,protein,0
4753,CPI,P30411,compound,protein,1
4753,CPI,Q92847,compound,protein,1
4753,CPI,Q99808,compound,protein,1
4753,CPI,P05067,compound,protein,0
4755,CPI,Q9P0L9,compound,protein,1
4758734,CPI,Q9Y2T6,compound,protein,1
4760,CPI,P07550,compound,protein,1
4760,CPI,P18825,compound,protein,1
4760,CPI,P25929,compound,protein,1
4760,CPI,Q9NR56,compound,protein,1
4760,CPI,Q14994,compound,protein,0
4761,CPI,P35367,compound,protein,1
4761,CPI,Q13946,compound,protein,0
4768,CPI,P08172,compound,protein,1
4768,CPI,Q15303,compound,protein,0
4770,CPI,P18825,compound,protein,0
4771,CPI,P08172,compound,protein,1
4771,CPI,Q8TDX7,compound,protein,0
4771,CPI,P04049,compound,protein,0
4775,CPI,P41968,compound,protein,1
4775,CPI,P31749,compound,protein,0
47751,CPI,P11362,compound,protein,0
47751,CPI,P15735,compound,protein,0
4780551,CPI,P49674,compound,protein,0
4781,CPI,P08908,compound,protein,1
4781,CPI,P0DUB6,compound,protein,0
4781,CPI,Q07912,compound,protein,0
4781,CPI,Q9NY57,compound,protein,0
47811,CPI,O60840,compound,protein,0
4788,CPI,P49841,compound,protein,0
47936,CPI,O60266,compound,protein,1
47936,CPI,P08913,compound,protein,1
47936,CPI,O60674,compound,protein,0
47936,CPI,P00734,compound,protein,0
47965,CPI,Q8TCC7,compound,protein,1
4806,CPI,P36897,compound,protein,0
4810,CPI,Q8N4C8,compound,protein,0
4813,CPI,P07333,compound,protein,1
4813,CPI,P07949,compound,protein,1
4813,CPI,P34947,compound,protein,1
4813,CPI,P52333,compound,protein,1
4813,CPI,Q07912,compound,protein,1
4813,CPI,P08253,compound,protein,1
4813,CPI,Q9UIF8,compound,protein,1
4813,CPI,Q96RJ0,compound,protein,0
4813,CPI,P11474,compound,protein,0
4813,CPI,Q9UQB9,compound,protein,0
4813,CPI,P57059,compound,protein,0
4813,CPI,P35462,compound,protein,0
4817,CPI,P08684,compound,protein,1
48229,CPI,P08684,compound,protein,0
4823,CPI,Q13285,compound,protein,0
4826,CPI,Q13936,compound,protein,0
4828,CPI,O43193,compound,protein,1
4828,CPI,O75469,compound,protein,1
4828,CPI,P03372,compound,protein,1
4828,CPI,P08908,compound,protein,1
4828,CPI,P18825,compound,protein,1
4828,CPI,P21731,compound,protein,1
4829,CPI,Q8N5K1,compound,protein,1
4829,CPI,P06280,compound,protein,0
4829,CPI,O94782,compound,protein,0
4830,CPI,P25100,compound,protein,1
4831588,CPI,P84022,compound,protein,1
4831588,CPI,P27338,compound,protein,0
4839,CPI,P29274,compound,protein,0
4846,CPI,P21397,compound,protein,1
4846,CPI,Q7L7X3,compound,protein,0
4848,CPI,P11229,compound,protein,1
4849,CPI,Q8IU85,compound,protein,0
4850,CPI,P18825,compound,protein,1
4850,CPI,P33261,compound,protein,1
4850,CPI,Q7L7X3,compound,protein,0
4850,CPI,P04798,compound,protein,0
4858,CPI,Q460N5,compound,protein,1
4877,CPI,Q16445,compound,protein,0
4878,CPI,O43353,compound,protein,1
4878,CPI,P11712,compound,protein,1
4878,CPI,Q9NUW8,compound,protein,1
4878,CPI,Q9UHD2,compound,protein,1
4878,CPI,Q01959,compound,protein,0
4878,CPI,Q4U2R8,compound,protein,0
4879301,CPI,P32245,compound,protein,0
4883,CPI,P32245,compound,protein,1
4883,CPI,Q01959,compound,protein,1
4883,CPI,P15735,compound,protein,0
4886,CPI,Q99720,compound,protein,1
4891,CPI,O75469,compound,protein,1
4891,CPI,P06401,compound,protein,1
4891,CPI,P30556,compound,protein,1
4891,CPI,Q16637,compound,protein,1
4891,CPI,Q96FL8,compound,protein,0
4893,CPI,P08913,compound,protein,1
4893,CPI,P23443,compound,protein,0
4893,CPI,Q02880,compound,protein,0
4893,CPI,P33261,compound,protein,0
4904,CPI,O43193,compound,protein,0
4908,CPI,P05177,compound,protein,1
4908,CPI,P23219,compound,protein,1
4908,CPI,Q96LD8,compound,protein,1
4908,CPI,Q14680,compound,protein,0
4909,CPI,P0DMS8,compound,protein,1
4909,CPI,P42262,compound,protein,1
4909,CPI,P43681,compound,protein,1
4909,CPI,P25100,compound,protein,0
4909,CPI,P51151,compound,protein,0
4909,CPI,Q9NYA1,compound,protein,0
4909,CPI,P48039,compound,protein,0
4910,CPI,P08581,compound,protein,0
4911,CPI,P29274,compound,protein,1
4911,CPI,Q9UIK4,compound,protein,0
4912,CPI,P21554,compound,protein,1
4912,CPI,P41145,compound,protein,1
4913,CPI,P07550,compound,protein,1
4913,CPI,P41145,compound,protein,1
4914,CPI,Q92952,compound,protein,1
4914,CPI,Q9Y5Y9,compound,protein,1
4914,CPI,P31751,compound,protein,0
4915,CPI,O43193,compound,protein,1
4915,CPI,P06401,compound,protein,1
4915,CPI,P35354,compound,protein,1
4917,CPI,P08913,compound,protein,1
4917,CPI,P50406,compound,protein,1
4917,CPI,P10275,compound,protein,0
4919,CPI,O43193,compound,protein,1
4919,CPI,P07550,compound,protein,1
4919,CPI,P11229,compound,protein,1
491941,CPI,O75469,compound,protein,0
4922,CPI,Q8WXR4,compound,protein,0
492405,CPI,P07332,compound,protein,0
4926,CPI,P21397,compound,protein,1
4927,CPI,P31645,compound,protein,1
4927,CPI,Q9Y5Y9,compound,protein,1
4927,CPI,P23415,compound,protein,0
4927,CPI,O75116,compound,protein,0
4927,CPI,P51449,compound,protein,0
4932,CPI,P21728,compound,protein,1
4932,CPI,Q99720,compound,protein,1
4932,CPI,P30291,compound,protein,0
4932,CPI,P21453,compound,protein,0
493570,CPI,P33261,compound,protein,1
493570,CPI,P55210,compound,protein,1
4939,CPI,O94782,compound,protein,1
4943,CPI,Q4U2R8,compound,protein,0
4946,CPI,P21728,compound,protein,1
4946,CPI,P35462,compound,protein,1
4946,CPI,Q9H2X6,compound,protein,0
4950,CPI,P02545,compound,protein,1
4950,CPI,P16473,compound,protein,1
4950,CPI,P21728,compound,protein,1
4950,CPI,P35367,compound,protein,1
4950,CPI,P31751,compound,protein,0
4950,CPI,P25101,compound,protein,0
4950,CPI,P07947,compound,protein,0
4976,CPI,P18089,compound,protein,1
4976,CPI,P28223,compound,protein,1
4976,CPI,P28335,compound,protein,1
4976,CPI,P35367,compound,protein,1
4976,CPI,P35462,compound,protein,1
4976,CPI,Q13936,compound,protein,0
49766530,CPI,P41595,compound,protein,0
4977,CPI,Q13370,compound,protein,0
49787910,CPI,Q16816,compound,protein,0
49792852,CPI,O43683,compound,protein,1
49792852,CPI,Q9HC98,compound,protein,1
49792852,CPI,O75116,compound,protein,0
49806720,CPI,P03372,compound,protein,1
49806720,CPI,Q9UNQ0,compound,protein,1
49806720,CPI,Q9Y271,compound,protein,0
49806720,CPI,P56817,compound,protein,0
49806720,CPI,P25021,compound,protein,0
49836027,CPI,O00443,compound,protein,1
49836027,CPI,P54750,compound,protein,0
49846579,CPI,O14920,compound,protein,0
49852226,CPI,Q15375,compound,protein,0
49853258,CPI,Q9Y2K2,compound,protein,0
49853368,CPI,Q9HCP0,compound,protein,0
49867926,CPI,O00329,compound,protein,1
49867926,CPI,P19838,compound,protein,0
49871818,CPI,P28335,compound,protein,0
49871818,CPI,Q05513,compound,protein,0
4991,CPI,P83916,compound,protein,1
4992,CPI,P11388,compound,protein,0
4994,CPI,O94782,compound,protein,1
4995951,CPI,P08912,compound,protein,1
4996,CPI,P05093,compound,protein,0
5002,CPI,P28221,compound,protein,1
5002,CPI,P37288,compound,protein,1
5011,CPI,O00408,compound,protein,0
5022426,CPI,P07437,compound,protein,1
50287,CPI,P49798,compound,protein,1
5029,CPI,P08908,compound,protein,1
5029,CPI,P35367,compound,protein,1
5029,CPI,O75874,compound,protein,0
5029,CPI,P27448,compound,protein,0
5032,CPI,P18089,compound,protein,0
5034,CPI,P16473,compound,protein,1
5034,CPI,Q16445,compound,protein,0
5034,CPI,O00750,compound,protein,0
5035,CPI,P08684,compound,protein,1
5035,CPI,Q08499,compound,protein,1
5035,CPI,Q13526,compound,protein,0
5035,CPI,Q96NX5,compound,protein,0
5035,CPI,Q9UBE8,compound,protein,0
5039877,CPI,P42262,compound,protein,1
5040456,CPI,P00352,compound,protein,1
5040456,CPI,Q9NUW8,compound,protein,1
5042,CPI,P37840,compound,protein,0
5054,CPI,Q07343,compound,protein,0
5056,CPI,O15296,compound,protein,1
5056,CPI,P06746,compound,protein,1
5056,CPI,P11511,compound,protein,1
5056,CPI,Q9NUW8,compound,protein,1
5056,CPI,P10828,compound,protein,0
5056,CPI,P45983,compound,protein,0
5056,CPI,P07437,compound,protein,0
5056,CPI,P31751,compound,protein,0
5056,CPI,Q16620,compound,protein,0
50599,CPI,Q01959,compound,protein,1
5064,CPI,P80192,compound,protein,0
5064,CPI,P41240,compound,protein,0
5071,CPI,P08913,compound,protein,1
5071,CPI,P18089,compound,protein,1
5071,CPI,P21554,compound,protein,1
5071,CPI,Q96FL8,compound,protein,1
5071,CPI,Q13177,compound,protein,0
5071,CPI,Q9BRS2,compound,protein,0
5073,CPI,P20309,compound,protein,1
5073,CPI,P54284,compound,protein,0
5073,CPI,Q16620,compound,protein,0
5074,CPI,P35372,compound,protein,1
5074,CPI,P43220,compound,protein,1
5074,CPI,P49619,compound,protein,1
5074,CPI,Q9Y572,compound,protein,0
5074,CPI,O76074,compound,protein,0
5078,CPI,P21728,compound,protein,1
5078,CPI,P29376,compound,protein,0
5078,CPI,Q16678,compound,protein,0
5081913,CPI,P53350,compound,protein,1
5081913,CPI,Q13131,compound,protein,1
5081913,CPI,Q13188,compound,protein,1
5081913,CPI,Q5VT25,compound,protein,1
5081913,CPI,P28472,compound,protein,0
5087,CPI,Q07343,compound,protein,1
5090,CPI,P08908,compound,protein,1
5090,CPI,P16499,compound,protein,1
5090,CPI,P21728,compound,protein,1
5090,CPI,P21918,compound,protein,1
5090,CPI,P35462,compound,protein,1
5090,CPI,Q9HC16,compound,protein,0
5090,CPI,Q13882,compound,protein,0
5095,CPI,P07550,compound,protein,1
5095,CPI,P35462,compound,protein,1
51000408,CPI,P08172,compound,protein,0
5103,CPI,P10828,compound,protein,0
5103,CPI,P10632,compound,protein,0
51039,CPI,P28335,compound,protein,1
51039,CPI,Q969S8,compound,protein,0
5104,CPI,P15056,compound,protein,0
51049968,CPI,P78527,compound,protein,0
51081,CPI,P35462,compound,protein,1
51081,CPI,P11712,compound,protein,0
5113032,CPI,O43193,compound,protein,0
51348735,CPI,Q08289,compound,protein,0
51358113,CPI,Q8NEB9,compound,protein,1
51358113,CPI,Q9H252,compound,protein,0
51371412,CPI,P11309,compound,protein,0
51397657,CPI,P08514,compound,protein,0
5145950,CPI,P46098,compound,protein,1
5152,CPI,P41595,compound,protein,1
5154,CPI,P22303,compound,protein,1
5154691,CPI,P00519,compound,protein,1
51634,CPI,Q9NRH2,compound,protein,0
5166,CPI,P48730,compound,protein,1
5166,CPI,P29317,compound,protein,1
5166,CPI,Q00532,compound,protein,0
5169,CPI,P06241,compound,protein,1
5169,CPI,P12931,compound,protein,1
5169,CPI,P29322,compound,protein,1
5169,CPI,P45983,compound,protein,1
5169,CPI,P49761,compound,protein,1
5169,CPI,P51813,compound,protein,1
5169,CPI,P52333,compound,protein,1
5169,CPI,Q02156,compound,protein,1
5169,CPI,Q15375,compound,protein,1
5169,CPI,Q7KZI7,compound,protein,1
5169,CPI,Q8N752,compound,protein,1
5169,CPI,Q8NFD2,compound,protein,1
5169,CPI,Q9HBH9,compound,protein,1
5169,CPI,P04035,compound,protein,0
5169,CPI,Q9H2K8,compound,protein,0
5169,CPI,Q86Y07,compound,protein,0
5169,CPI,Q15125,compound,protein,0
5169,CPI,P35462,compound,protein,0
5169,CPI,O60240,compound,protein,0
5169,CPI,Q15078,compound,protein,0
5169,CPI,P27338,compound,protein,0
5169,CPI,Q969S8,compound,protein,0
5186,CPI,Q13639,compound,protein,0
5186,CPI,Q13133,compound,protein,0
5191289,CPI,P41595,compound,protein,1
5197049,CPI,Q9Y2T6,compound,protein,1
5197049,CPI,P35367,compound,protein,0
5202,CPI,P0DMS8,compound,protein,1
5202,CPI,P35462,compound,protein,1
5202,CPI,Q8IW41,compound,protein,0
5205,CPI,P30939,compound,protein,1
5205,CPI,P11712,compound,protein,0
5205,CPI,P23415,compound,protein,0
5205,CPI,P07947,compound,protein,0
5210,CPI,P08172,compound,protein,1
5210,CPI,P37288,compound,protein,1
5210,CPI,Q9Y5N1,compound,protein,1
5212,CPI,P18089,compound,protein,1
5212,CPI,P29274,compound,protein,1
5212,CPI,P41595,compound,protein,1
5212,CPI,P18505,compound,protein,0
5212,CPI,P13569,compound,protein,0
5215,CPI,P15735,compound,protein,0
5215,CPI,Q9Y468,compound,protein,0
5225086,CPI,O15118,compound,protein,0
5228,CPI,P08172,compound,protein,0
5230270,CPI,O60840,compound,protein,1
5244802,CPI,O15118,compound,protein,0
5245,CPI,Q9BXA7,compound,protein,0
5245,CPI,P09917,compound,protein,0
5253,CPI,P21554,compound,protein,1
5253,CPI,P28223,compound,protein,1
5265,CPI,Q9Y6L6,compound,protein,0
5265,CPI,O60285,compound,protein,0
5273569,CPI,Q15078,compound,protein,0
5275,CPI,Q16445,compound,protein,1
5275,CPI,Q13285,compound,protein,0
5280335,CPI,Q9NYA1,compound,protein,1
5280335,CPI,Q92847,compound,protein,0
5280343,CPI,P04798,compound,protein,1
5280343,CPI,P07947,compound,protein,1
5280343,CPI,Q9HC98,compound,protein,1
5280343,CPI,Q8IW41,compound,protein,0
5280343,CPI,P08235,compound,protein,0
5280360,CPI,Q9Y5Y4,compound,protein,1
5280443,CPI,P04062,compound,protein,1
5280443,CPI,P10275,compound,protein,1
5280443,CPI,Q9UL62,compound,protein,1
5280443,CPI,P21728,compound,protein,0
5280443,CPI,Q99755,compound,protein,0
5280443,CPI,P50613,compound,protein,0
5280445,CPI,Q99714,compound,protein,1
5280445,CPI,P80370,compound,protein,0
5280445,CPI,Q9Y2H1,compound,protein,0
5280450,CPI,Q13705,compound,protein,0
5280567,CPI,Q92731,compound,protein,0
5280569,CPI,Q07820,compound,protein,1
5280569,CPI,O95835,compound,protein,0
5280581,CPI,P49798,compound,protein,1
5280723,CPI,P08908,compound,protein,1
5280723,CPI,P32238,compound,protein,1
5280723,CPI,Q14994,compound,protein,1
5280723,CPI,Q13547,compound,protein,0
5280804,CPI,P14618,compound,protein,1
5280805,CPI,Q9Y4P1,compound,protein,0
5280863,CPI,P11712,compound,protein,1
5280863,CPI,P33527,compound,protein,1
5280863,CPI,O60563,compound,protein,0
5280863,CPI,Q9UEE5,compound,protein,0
5280863,CPI,P35372,compound,protein,0
5280934,CPI,P00352,compound,protein,1
5280934,CPI,O75582,compound,protein,0
5280953,CPI,P07550,compound,protein,1
5280953,CPI,P08908,compound,protein,1
5280953,CPI,P08913,compound,protein,1
5280953,CPI,Q13547,compound,protein,1
5280953,CPI,Q13627,compound,protein,1
5280953,CPI,Q86V86,compound,protein,1
5280953,CPI,Q05655,compound,protein,0
5280953,CPI,Q9H422,compound,protein,0
5280954,CPI,P08908,compound,protein,1
5280954,CPI,Q03431,compound,protein,0
5280961,CPI,P47989,compound,protein,1
5280961,CPI,Q92731,compound,protein,1
5281004,CPI,P04083,compound,protein,1
5281004,CPI,P0DMS8,compound,protein,1
5281004,CPI,Q16665,compound,protein,1
5281004,CPI,P24530,compound,protein,0
5281004,CPI,P34947,compound,protein,0
5281004,CPI,P48729,compound,protein,0
5281037,CPI,P21554,compound,protein,1
5281037,CPI,P30542,compound,protein,1
5281037,CPI,Q9Y4K4,compound,protein,0
5281037,CPI,O95819,compound,protein,0
5281037,CPI,P30291,compound,protein,0
5281051,CPI,P08263,compound,protein,1
5281051,CPI,Q92630,compound,protein,0
5281078,CPI,O75469,compound,protein,1
5281222,CPI,P04062,compound,protein,1
5281404,CPI,P41595,compound,protein,0
5281426,CPI,P00918,compound,protein,1
5281437,CPI,P14618,compound,protein,1
5281437,CPI,P59540,compound,protein,1
5281437,CPI,Q14432,compound,protein,0
5281571,CPI,P35462,compound,protein,0
5281607,CPI,O43570,compound,protein,1
5281607,CPI,Q16790,compound,protein,1
5281607,CPI,P22694,compound,protein,0
5281607,CPI,P09874,compound,protein,0
5281613,CPI,P08235,compound,protein,0
5281614,CPI,P10636,compound,protein,1
5281614,CPI,P16050,compound,protein,1
5281670,CPI,O14965,compound,protein,0
5281670,CPI,Q9UK32,compound,protein,0
5281691,CPI,P28472,compound,protein,0
5281707,CPI,Q92731,compound,protein,1
5281708,CPI,P00915,compound,protein,1
5281708,CPI,P11474,compound,protein,1
5281708,CPI,P19838,compound,protein,1
5281727,CPI,Q9Y572,compound,protein,0
5281743,CPI,Q9NUW8,compound,protein,1
5281787,CPI,P47898,compound,protein,0
5281787,CPI,P16473,compound,protein,0
5281792,CPI,P04062,compound,protein,1
5281792,CPI,Q9NUW8,compound,protein,1
5281847,CPI,O00418,compound,protein,1
5281855,CPI,O43570,compound,protein,1
5281855,CPI,O94925,compound,protein,1
5281855,CPI,P35916,compound,protein,1
5281855,CPI,Q8N1C3,compound,protein,0
5281881,CPI,P28223,compound,protein,1
5281899,CPI,P41143,compound,protein,0
5281901,CPI,Q7Z5B4,compound,protein,0
5281969,CPI,P21554,compound,protein,1
5282060,CPI,P54132,compound,protein,1
5282073,CPI,P11511,compound,protein,1
5282073,CPI,Q14432,compound,protein,0
5282136,CPI,P35367,compound,protein,1
5282136,CPI,Q86V86,compound,protein,0
5282136,CPI,P16473,compound,protein,0
5282136,CPI,Q9Y616,compound,protein,0
5282219,CPI,P30411,compound,protein,1
5282219,CPI,P42680,compound,protein,0
5282230,CPI,Q13164,compound,protein,0
5282230,CPI,P23415,compound,protein,0
5282375,CPI,P06401,compound,protein,1
5282375,CPI,P18825,compound,protein,1
5282375,CPI,P25929,compound,protein,1
5282375,CPI,P35354,compound,protein,1
5282375,CPI,P28472,compound,protein,0
5282375,CPI,P51843,compound,protein,0
5282443,CPI,P06493,compound,protein,0
5282443,CPI,P10276,compound,protein,0
5282452,CPI,P08908,compound,protein,1
5282452,CPI,P21731,compound,protein,1
5282452,CPI,Q01959,compound,protein,1
5282452,CPI,P35414,compound,protein,0
5282493,CPI,P36544,compound,protein,0
5282493,CPI,Q8NI60,compound,protein,0
5282593,CPI,P08172,compound,protein,1
5284353,CPI,P41595,compound,protein,1
5284513,CPI,P11229,compound,protein,1
5284513,CPI,Q8WZA2,compound,protein,1
5284513,CPI,P19838,compound,protein,0
5284515,CPI,O15528,compound,protein,1
5284550,CPI,O14578,compound,protein,0
5284596,CPI,P41143,compound,protein,1
5284616,CPI,P08172,compound,protein,1
5284616,CPI,Q9BVC4,compound,protein,1
5284627,CPI,Q8N1Q1,compound,protein,1
5284627,CPI,Q9UBS5,compound,protein,1
5284627,CPI,Q05940,compound,protein,0
5284627,CPI,P19838,compound,protein,0
5286239,CPI,Q9BXA7,compound,protein,0
5287953,CPI,Q07912,compound,protein,0
5287969,CPI,O96017,compound,protein,1
5287969,CPI,P06737,compound,protein,1
5287969,CPI,P29320,compound,protein,1
5287969,CPI,P37173,compound,protein,1
5287969,CPI,P53778,compound,protein,1
5287969,CPI,Q13554,compound,protein,1
5287969,CPI,Q6PHR2,compound,protein,1
5287969,CPI,Q86YV6,compound,protein,1
5287969,CPI,Q8N752,compound,protein,1
5287969,CPI,Q96NX5,compound,protein,1
5287969,CPI,Q9BZL6,compound,protein,1
5287969,CPI,Q9UHD2,compound,protein,1
5287969,CPI,P31644,compound,protein,0
5287969,CPI,Q9UQL6,compound,protein,0
5287969,CPI,Q9UIF8,compound,protein,0
5287969,CPI,P49146,compound,protein,0
5287969,CPI,P01375,compound,protein,0
5287969,CPI,Q9Y5N1,compound,protein,0
5287969,CPI,P06401,compound,protein,0
5287969,CPI,P23415,compound,protein,0
5287969,CPI,P83916,compound,protein,0
5287969,CPI,O00311,compound,protein,0
5288209,CPI,Q15746,compound,protein,0
5288382,CPI,P07900,compound,protein,1
5288783,CPI,P37173,compound,protein,0
5289501,CPI,P40225,compound,protein,1
5289501,CPI,P51449,compound,protein,1
5289501,CPI,P07333,compound,protein,0
5290,CPI,P03372,compound,protein,0
5290,CPI,P14679,compound,protein,0
5291,CPI,O75116,compound,protein,1
5291,CPI,O95819,compound,protein,1
5291,CPI,O95835,compound,protein,1
5291,CPI,P00519,compound,protein,1
5291,CPI,P06493,compound,protein,1
5291,CPI,P07949,compound,protein,1
5291,CPI,P12931,compound,protein,1
5291,CPI,P16591,compound,protein,1
5291,CPI,P27448,compound,protein,1
5291,CPI,P32298,compound,protein,1
5291,CPI,P34947,compound,protein,1
5291,CPI,P48730,compound,protein,1
5291,CPI,P54762,compound,protein,1
5291,CPI,P54764,compound,protein,1
5291,CPI,Q09013,compound,protein,1
5291,CPI,Q7L7X3,compound,protein,1
5291,CPI,Q86UE8,compound,protein,1
5291,CPI,Q8N4C8,compound,protein,1
5291,CPI,Q96KB5,compound,protein,1
5291,CPI,Q9NSY1,compound,protein,1
5291,CPI,Q9P289,compound,protein,1
5291,CPI,Q9UEW8,compound,protein,1
5291,CPI,Q8N1Q1,compound,protein,0
5291,CPI,P54284,compound,protein,0
5291,CPI,P10828,compound,protein,0
5291,CPI,P11712,compound,protein,0
5291,CPI,P37231,compound,protein,0
5291,CPI,P07437,compound,protein,0
5291,CPI,P06746,compound,protein,0
5291,CPI,P54803,compound,protein,0
5300,CPI,P11168,compound,protein,1
53025,CPI,Q8TDS4,compound,protein,0
5311,CPI,P07900,compound,protein,1
5311,CPI,P08913,compound,protein,1
5311,CPI,P25021,compound,protein,1
5311,CPI,Q96DB2,compound,protein,1
5311,CPI,P09917,compound,protein,0
5311018,CPI,P41145,compound,protein,1
5311037,CPI,P08183,compound,protein,0
5311181,CPI,P43119,compound,protein,1
5311181,CPI,Q9Y5Y4,compound,protein,1
5311181,CPI,P01258,compound,protein,0
5311181,CPI,P06276,compound,protein,0
5311191,CPI,P07101,compound,protein,1
5311211,CPI,P14324,compound,protein,0
5311217,CPI,P19525,compound,protein,0
5311221,CPI,O60760,compound,protein,1
5311221,CPI,P02766,compound,protein,0
5311257,CPI,P21554,compound,protein,1
5311276,CPI,Q01959,compound,protein,0
5311309,CPI,Q9Y6R4,compound,protein,0
5311380,CPI,P10515,compound,protein,1
5311412,CPI,P07550,compound,protein,1
5311412,CPI,P08172,compound,protein,1
5311412,CPI,P21728,compound,protein,1
5311412,CPI,P25929,compound,protein,1
5311424,CPI,P35372,compound,protein,1
5311424,CPI,Q15831,compound,protein,0
5311424,CPI,P17861,compound,protein,0
5311424,CPI,O60674,compound,protein,0
5311479,CPI,Q99714,compound,protein,1
5311479,CPI,P16234,compound,protein,0
5311507,CPI,P21397,compound,protein,1
5311507,CPI,P35367,compound,protein,1
5311507,CPI,Q9Y616,compound,protein,0
5311507,CPI,Q15139,compound,protein,0
5311507,CPI,O43318,compound,protein,0
5311507,CPI,Q96SB4,compound,protein,0
5312111,CPI,Q13882,compound,protein,0
5312137,CPI,P05177,compound,protein,1
5312137,CPI,P06239,compound,protein,1
5312137,CPI,O00167,compound,protein,0
5312137,CPI,P31645,compound,protein,0
5312137,CPI,P78368,compound,protein,0
5312145,CPI,Q9UPZ9,compound,protein,0
5312149,CPI,P28566,compound,protein,1
5317221,CPI,P03372,compound,protein,1
5317223,CPI,P43681,compound,protein,0
5317223,CPI,Q96PF2,compound,protein,0
5317750,CPI,O43193,compound,protein,0
5318,CPI,P28335,compound,protein,1
5318,CPI,Q5VT25,compound,protein,0
5318386,CPI,Q08828,compound,protein,1
5318433,CPI,P35968,compound,protein,0
5318433,CPI,P15144,compound,protein,0
5318998,CPI,O75874,compound,protein,1
5320,CPI,O75469,compound,protein,1
5320,CPI,P21397,compound,protein,1
5320,CPI,Q96Q40,compound,protein,0
5320,CPI,Q00532,compound,protein,0
5320716,CPI,P10275,compound,protein,1
5320716,CPI,Q96KB5,compound,protein,0
53232,CPI,P02545,compound,protein,1
53232,CPI,P21554,compound,protein,1
53232,CPI,P41145,compound,protein,1
53232,CPI,O95835,compound,protein,0
53235510,CPI,P31749,compound,protein,1
53235510,CPI,Q04912,compound,protein,1
53235510,CPI,Q8NI60,compound,protein,0
53235510,CPI,Q13526,compound,protein,0
5323714,CPI,P18089,compound,protein,1
53239990,CPI,O15118,compound,protein,0
5324,CPI,P00734,compound,protein,1
5324,CPI,Q9UIF8,compound,protein,0
5324346,CPI,P21397,compound,protein,1
5324346,CPI,O96013,compound,protein,0
5325,CPI,P21728,compound,protein,1
5325,CPI,P32238,compound,protein,1
5325,CPI,P27361,compound,protein,0
5325,CPI,Q96L34,compound,protein,0
5327,CPI,P21554,compound,protein,1
5327,CPI,P35354,compound,protein,1
53276,CPI,P28223,compound,protein,1
53276,CPI,P51787,compound,protein,1
5327723,CPI,P28223,compound,protein,0
5328,CPI,P02545,compound,protein,1
5328,CPI,P06401,compound,protein,1
5328,CPI,P80192,compound,protein,0
5328,CPI,P54764,compound,protein,0
5328769,CPI,P08684,compound,protein,1
5328771,CPI,Q13554,compound,protein,0
5328772,CPI,P18054,compound,protein,1
5328772,CPI,P40225,compound,protein,1
5328772,CPI,Q08881,compound,protein,0
5328804,CPI,P05177,compound,protein,1
5328807,CPI,P11362,compound,protein,1
5328940,CPI,O60285,compound,protein,1
5328940,CPI,P0C1S8,compound,protein,1
5328940,CPI,P20794,compound,protein,1
5328940,CPI,P21731,compound,protein,1
5328940,CPI,P21860,compound,protein,1
5328940,CPI,P28335,compound,protein,1
5328940,CPI,P31152,compound,protein,1
5328940,CPI,P31749,compound,protein,1
5328940,CPI,P36896,compound,protein,1
5328940,CPI,P78362,compound,protein,1
5328940,CPI,P80370,compound,protein,1
5328940,CPI,Q12809,compound,protein,1
5328940,CPI,Q15349,compound,protein,1
5328940,CPI,Q15375,compound,protein,1
5328940,CPI,Q8IY84,compound,protein,1
5328940,CPI,Q8N4C8,compound,protein,1
5328940,CPI,Q9BQI3,compound,protein,1
5328940,CPI,Q9P1W9,compound,protein,1
5328940,CPI,Q9UIK4,compound,protein,1
5328940,CPI,P15428,compound,protein,0
5328940,CPI,O43781,compound,protein,0
5328940,CPI,Q16790,compound,protein,0
5328940,CPI,P10828,compound,protein,0
5328940,CPI,Q07869,compound,protein,0
5328940,CPI,P28074,compound,protein,0
5328940,CPI,P31644,compound,protein,0
5328940,CPI,Q13639,compound,protein,0
5328940,CPI,P22748,compound,protein,0
5328940,CPI,P20309,compound,protein,0
5328940,CPI,O60885,compound,protein,0
5329,CPI,P35462,compound,protein,1
5329006,CPI,P11362,compound,protein,1
5329098,CPI,P11362,compound,protein,1
5329098,CPI,P49798,compound,protein,1
5329098,CPI,P54132,compound,protein,1
5329098,CPI,Q9UQL6,compound,protein,0
5329098,CPI,P52333,compound,protein,0
5329098,CPI,Q14994,compound,protein,0
5329099,CPI,P21802,compound,protein,1
5329102,CPI,P07948,compound,protein,1
5329102,CPI,P17948,compound,protein,1
5329102,CPI,P28223,compound,protein,1
5329102,CPI,P30556,compound,protein,1
5329102,CPI,P31751,compound,protein,1
5329102,CPI,P35367,compound,protein,1
5329102,CPI,P51617,compound,protein,1
5329102,CPI,Q12866,compound,protein,1
5329102,CPI,Q15569,compound,protein,1
5329102,CPI,Q15746,compound,protein,1
5329102,CPI,Q16512,compound,protein,1
5329102,CPI,Q9HAZ1,compound,protein,1
5329102,CPI,Q9UQM7,compound,protein,1
5329102,CPI,P0DP23,compound,protein,0
5329102,CPI,Q01453,compound,protein,0
5329102,CPI,P28222,compound,protein,0
5329102,CPI,O43781,compound,protein,0
5329102,CPI,P78334,compound,protein,0
5329102,CPI,P83916,compound,protein,0
5329102,CPI,P24530,compound,protein,0
5329102,CPI,P04035,compound,protein,0
5329102,CPI,P00734,compound,protein,0
5329102,CPI,P08684,compound,protein,0
5329103,CPI,O14684,compound,protein,0
5329103,CPI,Q86Y07,compound,protein,0
5330,CPI,P08172,compound,protein,1
5330,CPI,P08908,compound,protein,1
5330,CPI,P25021,compound,protein,1
5330,CPI,Q16637,compound,protein,1
5330,CPI,Q9Y5N1,compound,protein,1
5330286,CPI,O15530,compound,protein,1
5330286,CPI,P27448,compound,protein,1
5330286,CPI,P35372,compound,protein,1
5330286,CPI,Q8IU85,compound,protein,1
5330286,CPI,Q9UQ88,compound,protein,0
5330286,CPI,P28222,compound,protein,0
5330286,CPI,Q9UF33,compound,protein,0
5330286,CPI,P00915,compound,protein,0
5330286,CPI,Q9UKV0,compound,protein,0
5330790,CPI,O96013,compound,protein,1
5330790,CPI,P06239,compound,protein,1
5330790,CPI,P07947,compound,protein,1
5330790,CPI,P42684,compound,protein,1
5330790,CPI,Q86UE8,compound,protein,1
5330790,CPI,Q8IW41,compound,protein,1
5330790,CPI,Q92918,compound,protein,1
5330790,CPI,Q96D53,compound,protein,1
5330790,CPI,Q9BXA7,compound,protein,1
5330790,CPI,Q9HC98,compound,protein,1
5330790,CPI,Q92847,compound,protein,0
5330790,CPI,O75164,compound,protein,0
5330790,CPI,P50406,compound,protein,0
5330790,CPI,Q99759,compound,protein,0
5330790,CPI,Q92630,compound,protein,0
5330790,CPI,Q13163,compound,protein,0
5330790,CPI,O15296,compound,protein,0
5330790,CPI,Q99808,compound,protein,0
5330790,CPI,Q86Z02,compound,protein,0
5330790,CPI,P11511,compound,protein,0
5330790,CPI,P00734,compound,protein,0
53340666,CPI,Q96DB2,compound,protein,1
53358942,CPI,O15151,compound,protein,1
5336,CPI,P41968,compound,protein,1
5336,CPI,P48730,compound,protein,0
5337366,CPI,P84022,compound,protein,1
5337366,CPI,Q9BQI3,compound,protein,0
5337366,CPI,Q9UPZ9,compound,protein,0
5338,CPI,Q03431,compound,protein,0
53382763,CPI,O94768,compound,protein,0
53382763,CPI,Q9UEE5,compound,protein,0
53382764,CPI,P43220,compound,protein,1
5339,CPI,P28223,compound,protein,1
5339,CPI,Q9UNQ0,compound,protein,1
5339,CPI,O75914,compound,protein,0
5339,CPI,Q8NEV4,compound,protein,0
5341943,CPI,Q01959,compound,protein,0
5342,CPI,P08684,compound,protein,1
5342,CPI,P18825,compound,protein,1
5342,CPI,P41145,compound,protein,1
5342,CPI,Q9NUW8,compound,protein,1
5342,CPI,Q9P2K8,compound,protein,0
5342,CPI,O94768,compound,protein,0
5344,CPI,P21728,compound,protein,1
5344,CPI,Q9BXA7,compound,protein,0
5352,CPI,P41143,compound,protein,1
5352,CPI,P54132,compound,protein,1
5352,CPI,Q9Y2K2,compound,protein,0
5352,CPI,P06213,compound,protein,0
5352,CPI,O43570,compound,protein,0
5352,CPI,Q8IVW4,compound,protein,0
5352062,CPI,P56524,compound,protein,1
5352062,CPI,O15296,compound,protein,0
5353431,CPI,O15118,compound,protein,0
5353431,CPI,P37288,compound,protein,0
5353593,CPI,P05067,compound,protein,1
5353685,CPI,Q9UBT6,compound,protein,1
5353852,CPI,Q02763,compound,protein,0
5353852,CPI,P36896,compound,protein,0
5353853,CPI,P11229,compound,protein,1
5353853,CPI,P29317,compound,protein,0
5354,CPI,O15296,compound,protein,1
5354,CPI,Q01959,compound,protein,1
5354,CPI,Q99720,compound,protein,1
5354,CPI,P17948,compound,protein,0
5354,CPI,Q13936,compound,protein,0
5358,CPI,P50406,compound,protein,1
5359,CPI,P11229,compound,protein,1
5359,CPI,P18089,compound,protein,1
5359,CPI,P11474,compound,protein,0
5359,CPI,P41240,compound,protein,0
5359,CPI,Q13705,compound,protein,0
5360515,CPI,P12821,compound,protein,0
5360630,CPI,P42336,compound,protein,0
5360696,CPI,P21554,compound,protein,1
5361,CPI,P36897,compound,protein,0
5361202,CPI,P16473,compound,protein,1
5361298,CPI,P46059,compound,protein,1
5361298,CPI,Q8NE63,compound,protein,0
5362,CPI,Q9NUW8,compound,protein,1
5362032,CPI,P10636,compound,protein,0
5362032,CPI,P11802,compound,protein,0
5362116,CPI,O75582,compound,protein,0
5362124,CPI,P21554,compound,protein,1
5362422,CPI,O14920,compound,protein,0
5362422,CPI,P34903,compound,protein,0
5362440,CPI,O75751,compound,protein,0
5369129,CPI,P11229,compound,protein,0
53708,CPI,P11229,compound,protein,1
53708,CPI,P18089,compound,protein,1
53708,CPI,P35354,compound,protein,1
53708,CPI,P41595,compound,protein,1
53708,CPI,Q99549,compound,protein,1
53708,CPI,P57078,compound,protein,0
53708,CPI,P04054,compound,protein,0
53708,CPI,Q01064,compound,protein,0
53729257,CPI,P54289,compound,protein,1
5375083,CPI,P07550,compound,protein,0
5381,CPI,P10826,compound,protein,1
5381,CPI,P13631,compound,protein,1
5381,CPI,P07949,compound,protein,0
5388962,CPI,P43681,compound,protein,1
5391,CPI,O43353,compound,protein,0
5391,CPI,O75582,compound,protein,0
5391,CPI,P01215,compound,protein,0
5392245,CPI,P00519,compound,protein,0
5394,CPI,P16455,compound,protein,1
5401,CPI,P08908,compound,protein,1
5401,CPI,P18089,compound,protein,1
5401,CPI,P21554,compound,protein,1
5401,CPI,Q8IYT8,compound,protein,0
5405,CPI,P13945,compound,protein,1
5405,CPI,P21731,compound,protein,1
5405,CPI,P28335,compound,protein,1
5405,CPI,P42345,compound,protein,1
5405,CPI,P46098,compound,protein,1
5405,CPI,Q9NUW8,compound,protein,1
5405,CPI,Q03181,compound,protein,0
5405,CPI,Q9P289,compound,protein,0
5405,CPI,P36888,compound,protein,0
5405,CPI,Q5VT25,compound,protein,0
54091660,CPI,P78362,compound,protein,0
5411,CPI,P21554,compound,protein,1
5411,CPI,P25021,compound,protein,1
5411,CPI,Q9UBS5,compound,protein,1
5416418,CPI,O15197,compound,protein,0
5419,CPI,Q9UHD2,compound,protein,0
5426,CPI,P35367,compound,protein,1
5426,CPI,P37288,compound,protein,1
5426,CPI,P31644,compound,protein,0
5426,CPI,Q6ZN16,compound,protein,0
5429,CPI,P21554,compound,protein,1
5429,CPI,Q9UIF8,compound,protein,0
5430,CPI,P53582,compound,protein,1
5430,CPI,Q92630,compound,protein,0
5430,CPI,P07900,compound,protein,0
5430,CPI,P17948,compound,protein,0
54367,CPI,P28223,compound,protein,1
54367,CPI,Q9Y2K2,compound,protein,0
5440,CPI,Q9HCP0,compound,protein,0
54416524,CPI,O60674,compound,protein,0
54454,CPI,P06401,compound,protein,1
54454,CPI,Q12791,compound,protein,0
54477,CPI,P28223,compound,protein,1
54477,CPI,P41595,compound,protein,1
54477,CPI,P11511,compound,protein,0
5450,CPI,P10636,compound,protein,0
5450,CPI,Q9UBT6,compound,protein,0
5450,CPI,Q02641,compound,protein,0
5452,CPI,P06241,compound,protein,1
5452,CPI,P11309,compound,protein,1
5452,CPI,P28335,compound,protein,1
5452,CPI,P31645,compound,protein,1
5452,CPI,O15111,compound,protein,0
5453,CPI,P02545,compound,protein,1
5453,CPI,P54803,compound,protein,1
5453,CPI,P68871,compound,protein,1
5455,CPI,P10275,compound,protein,1
5455,CPI,Q9Y5N1,compound,protein,0
5455,CPI,P23415,compound,protein,0
5455,CPI,O15075,compound,protein,0
5455,CPI,P51813,compound,protein,0
54562,CPI,P16473,compound,protein,1
54562,CPI,O14578,compound,protein,0
54575046,CPI,Q13698,compound,protein,0
54585,CPI,Q12809,compound,protein,0
5460339,CPI,P07550,compound,protein,1
54617781,CPI,P02545,compound,protein,0
54618067,CPI,Q9Y5N1,compound,protein,0
54618317,CPI,Q8NEV4,compound,protein,0
54618330,CPI,P15735,compound,protein,0
54618728,CPI,Q9H2K8,compound,protein,0
54618771,CPI,P07948,compound,protein,0
54618801,CPI,Q9Y4K4,compound,protein,0
54618845,CPI,O15075,compound,protein,0
54618919,CPI,P21728,compound,protein,0
54618940,CPI,P23443,compound,protein,0
54618962,CPI,Q9UNQ0,compound,protein,0
54619148,CPI,O14578,compound,protein,0
54637825,CPI,Q06710,compound,protein,1
54637825,CPI,P28221,compound,protein,0
54637827,CPI,Q06710,compound,protein,1
54645987,CPI,P57078,compound,protein,0
54645987,CPI,P49137,compound,protein,0
54649995,CPI,Q07820,compound,protein,0
54651469,CPI,Q06710,compound,protein,1
54660650,CPI,P14616,compound,protein,0
54664831,CPI,Q8TDR2,compound,protein,0
54664831,CPI,Q9Y243,compound,protein,0
54664857,CPI,Q06710,compound,protein,1
5467,CPI,P16473,compound,protein,1
5467,CPI,P30939,compound,protein,1
5467,CPI,P83916,compound,protein,1
5467,CPI,Q9Y5Y9,compound,protein,1
5467,CPI,Q8IWQ3,compound,protein,0
54676038,CPI,P03372,compound,protein,1
54676038,CPI,P21731,compound,protein,1
54676038,CPI,P33261,compound,protein,1
54676038,CPI,Q08257,compound,protein,1
54676478,CPI,O43283,compound,protein,0
54676537,CPI,P18825,compound,protein,1
54676537,CPI,P37288,compound,protein,1
54676537,CPI,P41595,compound,protein,1
54676537,CPI,Q9UM73,compound,protein,0
54677407,CPI,Q9NUW8,compound,protein,0
54677407,CPI,Q9BZL6,compound,protein,0
54678486,CPI,P07550,compound,protein,1
54678486,CPI,Q9UQL6,compound,protein,0
5468,CPI,P29322,compound,protein,0
54682876,CPI,Q9NY57,compound,protein,0
54682876,CPI,P0DMS8,compound,protein,0
54685921,CPI,P54132,compound,protein,1
54685921,CPI,Q16637,compound,protein,1
5469318,CPI,P25021,compound,protein,0
5472,CPI,P20813,compound,protein,1
5472,CPI,Q9Y2H1,compound,protein,0
5472,CPI,P30291,compound,protein,0
54746,CPI,P0DMS8,compound,protein,1
54746,CPI,Q92847,compound,protein,1
54746,CPI,P54762,compound,protein,0
5475,CPI,P07947,compound,protein,0
54764919,CPI,Q9H3N8,compound,protein,0
54766,CPI,P22303,compound,protein,1
5479,CPI,P0DMS8,compound,protein,1
5479,CPI,P30411,compound,protein,1
5479,CPI,P42336,compound,protein,0
5482,CPI,P41143,compound,protein,1
5482874,CPI,Q13627,compound,protein,0
54841,CPI,P31645,compound,protein,1
54841,CPI,P48549,compound,protein,1
5487,CPI,P28223,compound,protein,1
5487,CPI,Q8TDS4,compound,protein,1
5487407,CPI,Q6V0L0,compound,protein,0
54892,CPI,P12821,compound,protein,1
54892,CPI,P21397,compound,protein,1
54892,CPI,P50406,compound,protein,1
54897,CPI,P21728,compound,protein,1
54897,CPI,Q05655,compound,protein,0
54897,CPI,P07333,compound,protein,0
5494449,CPI,O14730,compound,protein,1
5494449,CPI,O15111,compound,protein,1
5494449,CPI,P06239,compound,protein,1
5494449,CPI,P08631,compound,protein,1
5494449,CPI,P27037,compound,protein,1
5494449,CPI,P34947,compound,protein,1
5494449,CPI,P36896,compound,protein,1
5494449,CPI,P49761,compound,protein,1
5494449,CPI,Q13153,compound,protein,1
5494449,CPI,Q9H1R3,compound,protein,1
5494449,CPI,Q9HBH9,compound,protein,1
5494449,CPI,Q9P2K8,compound,protein,1
5494449,CPI,Q9UF33,compound,protein,1
5494449,CPI,P15121,compound,protein,0
5494449,CPI,P33261,compound,protein,0
5494449,CPI,P09874,compound,protein,0
5494449,CPI,P10275,compound,protein,0
5494449,CPI,P14780,compound,protein,0
5494449,CPI,P31645,compound,protein,0
5494449,CPI,P37288,compound,protein,0
5494449,CPI,P30411,compound,protein,0
5494449,CPI,P32245,compound,protein,0
5494449,CPI,Q92769,compound,protein,0
5494449,CPI,P51589,compound,protein,0
5503,CPI,Q8NE63,compound,protein,0
5504,CPI,P18825,compound,protein,1
5505,CPI,P21397,compound,protein,1
5505,CPI,P41145,compound,protein,1
5505,CPI,P43681,compound,protein,1
5505,CPI,Q9Y5N1,compound,protein,1
5505,CPI,Q00532,compound,protein,0
5505,CPI,P54132,compound,protein,0
5505,CPI,Q14680,compound,protein,0
5505,CPI,P01375,compound,protein,0
5510,CPI,P08908,compound,protein,1
5510,CPI,P32238,compound,protein,1
5510,CPI,P35354,compound,protein,1
5510,CPI,Q00536,compound,protein,0
5510,CPI,Q13470,compound,protein,0
5511,CPI,P35462,compound,protein,1
5511,CPI,Q99720,compound,protein,1
551704,CPI,P18825,compound,protein,0
55245,CPI,P02545,compound,protein,1
55245,CPI,P23219,compound,protein,1
5526,CPI,O43193,compound,protein,1
5526,CPI,P18825,compound,protein,1
5526,CPI,Q92847,compound,protein,1
5526,CPI,Q96Q40,compound,protein,0
5526,CPI,Q5VT25,compound,protein,0
55283,CPI,Q9H2K8,compound,protein,0
5533,CPI,P35367,compound,protein,1
5533,CPI,Q03181,compound,protein,0
5537,CPI,P31644,compound,protein,0
5537,CPI,P46098,compound,protein,0
5538,CPI,P28702,compound,protein,1
5546,CPI,P00352,compound,protein,1
5546,CPI,P06280,compound,protein,1
5546,CPI,O75676,compound,protein,0
5546,CPI,P46734,compound,protein,0
5546,CPI,Q9H2K8,compound,protein,0
5564,CPI,Q8N4C8,compound,protein,0
5564,CPI,Q9BRS2,compound,protein,0
5566,CPI,P08172,compound,protein,1
5566,CPI,P27037,compound,protein,0
5566,CPI,P07332,compound,protein,0
5568,CPI,P08172,compound,protein,1
5568,CPI,P31645,compound,protein,1
5568,CPI,Q13470,compound,protein,0
5573,CPI,Q12791,compound,protein,1
5574,CPI,P35372,compound,protein,1
5574924,CPI,P54753,compound,protein,0
5576,CPI,O43193,compound,protein,1
5576,CPI,P08913,compound,protein,1
5576,CPI,Q04912,compound,protein,0
5576,CPI,O15296,compound,protein,0
5578,CPI,P37288,compound,protein,1
5578,CPI,Q99714,compound,protein,1
5578,CPI,P02545,compound,protein,0
5584,CPI,Q96RR4,compound,protein,0
5584,CPI,Q8NFD2,compound,protein,0
5584,CPI,Q15746,compound,protein,0
5585,CPI,P21554,compound,protein,1
5585,CPI,Q15759,compound,protein,0
5587,CPI,P21554,compound,protein,1
5587,CPI,P32245,compound,protein,1
5587,CPI,P35354,compound,protein,1
5587,CPI,P41145,compound,protein,1
5587,CPI,Q08499,compound,protein,1
5587,CPI,Q9UHD2,compound,protein,0
5587,CPI,Q9NYY3,compound,protein,0
5587,CPI,P11308,compound,protein,0
5591,CPI,P27338,compound,protein,1
5591,CPI,P28223,compound,protein,1
5591,CPI,P37231,compound,protein,1
5593,CPI,P18089,compound,protein,1
5593,CPI,P18825,compound,protein,1
5593,CPI,P21731,compound,protein,1
5593,CPI,P28223,compound,protein,1
5593,CPI,P29274,compound,protein,1
5593,CPI,P52333,compound,protein,0
5593,CPI,Q9H2G2,compound,protein,0
5601,CPI,P54619,compound,protein,0
5614,CPI,Q16816,compound,protein,0
5614,CPI,P25101,compound,protein,0
5614,CPI,P29323,compound,protein,0
5639,CPI,P08908,compound,protein,1
564,CPI,P41968,compound,protein,1
564,CPI,P46063,compound,protein,1
564,CPI,P49798,compound,protein,1
564,CPI,Q92769,compound,protein,0
5656,CPI,P02545,compound,protein,1
5656,CPI,P30939,compound,protein,1
56639570,CPI,Q9NUW8,compound,protein,0
5665,CPI,O95342,compound,protein,0
5665,CPI,Q13555,compound,protein,0
56654642,CPI,Q13547,compound,protein,1
5666,CPI,P21397,compound,protein,1
5666,CPI,P28223,compound,protein,1
5666,CPI,P35462,compound,protein,1
5666,CPI,P41145,compound,protein,1
5666,CPI,Q8NEV4,compound,protein,0
5666,CPI,Q9NR56,compound,protein,0
5666,CPI,Q9Y4K4,compound,protein,0
5667,CPI,P46663,compound,protein,0
56835213,CPI,Q13464,compound,protein,0
56835259,CPI,Q9Y5N1,compound,protein,0
56835304,CPI,P54132,compound,protein,0
56835304,CPI,Q9Y5N1,compound,protein,0
5684,CPI,P25100,compound,protein,1
56846693,CPI,P16591,compound,protein,1
56846693,CPI,P30556,compound,protein,0
56846693,CPI,P47898,compound,protein,0
5685,CPI,P49841,compound,protein,0
5691,CPI,P31644,compound,protein,0
56949517,CPI,P42336,compound,protein,1
56959,CPI,P27448,compound,protein,0
56959,CPI,P17948,compound,protein,0
56971,CPI,P33261,compound,protein,1
56971,CPI,Q5VT25,compound,protein,0
5701997,CPI,P08908,compound,protein,1
5701997,CPI,O15296,compound,protein,0
5701997,CPI,P54753,compound,protein,0
5701997,CPI,Q9NWZ3,compound,protein,0
5702015,CPI,P35368,compound,protein,1
5702015,CPI,P51955,compound,protein,0
5702031,CPI,P08172,compound,protein,0
5702035,CPI,P21728,compound,protein,0
5702041,CPI,P54709,compound,protein,1
5702042,CPI,Q16678,compound,protein,0
5702048,CPI,P31645,compound,protein,0
5702076,CPI,P42684,compound,protein,0
5702084,CPI,P08172,compound,protein,1
5702090,CPI,P16220,compound,protein,1
5702096,CPI,P06401,compound,protein,1
5702107,CPI,Q9NRH2,compound,protein,0
5702124,CPI,P54619,compound,protein,0
5702125,CPI,P08581,compound,protein,0
5702140,CPI,P37840,compound,protein,0
5702164,CPI,P38606,compound,protein,0
5702174,CPI,Q16566,compound,protein,0
5702174,CPI,P80192,compound,protein,0
5702174,CPI,Q9Y616,compound,protein,0
5702265,CPI,P51828,compound,protein,1
5702265,CPI,Q99720,compound,protein,0
5707,CPI,P18825,compound,protein,1
5707818,CPI,P00734,compound,protein,1
5707818,CPI,Q9Y2K2,compound,protein,0
5707818,CPI,Q6XUX3,compound,protein,0
5709,CPI,P20309,compound,protein,1
5709,CPI,P84022,compound,protein,0
5711,CPI,O15530,compound,protein,1
5711,CPI,P31751,compound,protein,1
5711,CPI,Q14164,compound,protein,1
5711,CPI,Q9BQI3,compound,protein,0
5711,CPI,Q15759,compound,protein,0
5711,CPI,P80192,compound,protein,0
5711,CPI,Q99808,compound,protein,0
5711,CPI,Q16678,compound,protein,0
5711,CPI,Q12852,compound,protein,0
57118766,CPI,P31749,compound,protein,0
5712,CPI,P42680,compound,protein,0
5714,CPI,P31645,compound,protein,0
5717,CPI,P0DMS8,compound,protein,1
5717,CPI,P25021,compound,protein,1
5717,CPI,Q08499,compound,protein,1
5717,CPI,Q15722,compound,protein,1
5717,CPI,Q9H2G2,compound,protein,0
5717,CPI,Q9HC98,compound,protein,0
5717,CPI,O14965,compound,protein,0
5717801,CPI,P53671,compound,protein,0
5722,CPI,P05177,compound,protein,1
5722,CPI,Q08499,compound,protein,0
5723,CPI,Q13188,compound,protein,0
5723,CPI,Q09013,compound,protein,0
57242,CPI,P28221,compound,protein,1
5732,CPI,P11229,compound,protein,1
57335384,CPI,Q8NER1,compound,protein,0
57335384,CPI,Q08828,compound,protein,0
57339144,CPI,Q8NA19,compound,protein,1
5734,CPI,P18825,compound,protein,1
5734,CPI,P31644,compound,protein,1
5734,CPI,Q05513,compound,protein,0
5734,CPI,Q02156,compound,protein,0
5734,CPI,Q13873,compound,protein,0
5734,CPI,Q99683,compound,protein,0
57345410,CPI,P42680,compound,protein,0
5735,CPI,P31644,compound,protein,1
5735,CPI,P35462,compound,protein,1
57363,CPI,P21554,compound,protein,1
57363,CPI,P49760,compound,protein,0
57379345,CPI,P16591,compound,protein,1
57379345,CPI,P49841,compound,protein,1
5738263,CPI,P41145,compound,protein,0
5742832,CPI,P20309,compound,protein,0
5743,CPI,P14616,compound,protein,0
5745,CPI,Q15303,compound,protein,0
5745,CPI,Q13464,compound,protein,0
57469,CPI,P03372,compound,protein,1
57469,CPI,P30542,compound,protein,1
57469,CPI,P28222,compound,protein,0
5756,CPI,P06239,compound,protein,0
5756371,CPI,Q08881,compound,protein,0
5756371,CPI,P50406,compound,protein,0
5757,CPI,O00506,compound,protein,0
5757,CPI,Q9Y2K2,compound,protein,0
5770,CPI,P18089,compound,protein,1
5770,CPI,P43681,compound,protein,1
5770,CPI,Q6W5P4,compound,protein,1
57748689,CPI,Q9HAZ1,compound,protein,0
5775,CPI,P35372,compound,protein,1
5775,CPI,P49798,compound,protein,1
5775,CPI,P27448,compound,protein,0
5775,CPI,P14616,compound,protein,0
5775,CPI,Q13148,compound,protein,0
5803,CPI,O96013,compound,protein,0
58144,CPI,P04629,compound,protein,0
58153637,CPI,P10275,compound,protein,0
5816,CPI,Q8N752,compound,protein,0
5816,CPI,O75914,compound,protein,0
58258,CPI,P18089,compound,protein,1
5832,CPI,P18825,compound,protein,0
5833,CPI,Q15375,compound,protein,0
5833,CPI,Q15569,compound,protein,0
5850,CPI,P30926,compound,protein,1
5850,CPI,P06239,compound,protein,0
5850,CPI,Q6DT37,compound,protein,0
5865,CPI,P07550,compound,protein,1
5865,CPI,P31645,compound,protein,1
5865,CPI,Q16236,compound,protein,1
5865,CPI,O95342,compound,protein,0
5870,CPI,P06213,compound,protein,0
5870,CPI,P54646,compound,protein,0
5904,CPI,P46063,compound,protein,0
5904441,CPI,Q9BZL6,compound,protein,0
5905,CPI,Q9NUW8,compound,protein,1
5905,CPI,P32238,compound,protein,0
5906,CPI,P08908,compound,protein,1
5906,CPI,P35354,compound,protein,1
5906,CPI,Q9NSY1,compound,protein,0
5906,CPI,P35368,compound,protein,0
5910,CPI,P28223,compound,protein,1
5910,CPI,P41145,compound,protein,1
5917,CPI,P36896,compound,protein,0
59174488,CPI,P11229,compound,protein,0
5920,CPI,O43193,compound,protein,1
5920,CPI,P37288,compound,protein,1
5920,CPI,Q9Y2H1,compound,protein,0
5921,CPI,P20794,compound,protein,0
59227,CPI,P08172,compound,protein,1
59227,CPI,Q12809,compound,protein,1
59227,CPI,Q9Y239,compound,protein,0
5941539,CPI,P09651,compound,protein,0
5943,CPI,P02545,compound,protein,1
5944,CPI,Q16637,compound,protein,1
59472121,CPI,P36888,compound,protein,1
59472121,CPI,Q9P0L2,compound,protein,0
5952,CPI,P08235,compound,protein,1
5952,CPI,Q16637,compound,protein,1
5959,CPI,Q96GW9,compound,protein,1
59603622,CPI,O75716,compound,protein,0
5978,CPI,Q9NUW8,compound,protein,1
598,CPI,P22303,compound,protein,1
5983,CPI,Q16512,compound,protein,0
5991,CPI,P10275,compound,protein,1
5991,CPI,P21554,compound,protein,1
5994,CPI,P21554,compound,protein,1
5994,CPI,P29274,compound,protein,1
5994,CPI,Q8TDU6,compound,protein,1
5995,CPI,P05093,compound,protein,1
6000,CPI,Q8NFD2,compound,protein,0
6001,CPI,P51151,compound,protein,1
6001181,CPI,O75874,compound,protein,1
6005,CPI,P0DMS8,compound,protein,1
6005,CPI,P21397,compound,protein,1
6005,CPI,P35462,compound,protein,1
6005,CPI,P10275,compound,protein,0
6005,CPI,P19525,compound,protein,0
6006,CPI,O95819,compound,protein,0
60063,CPI,P20309,compound,protein,0
6009,CPI,Q9UM73,compound,protein,0
60138149,CPI,Q09013,compound,protein,1
60148444,CPI,P01215,compound,protein,0
60149,CPI,P08172,compound,protein,1
60149,CPI,P21728,compound,protein,1
60149,CPI,P28566,compound,protein,1
60149,CPI,P31645,compound,protein,1
60149,CPI,P41595,compound,protein,1
60160561,CPI,P08913,compound,protein,0
60164,CPI,P13631,compound,protein,1
60164,CPI,Q07002,compound,protein,0
6018,CPI,Q6DT37,compound,protein,0
6018,CPI,P15056,compound,protein,0
60182388,CPI,P35968,compound,protein,1
60182388,CPI,Q06710,compound,protein,0
60185047,CPI,O15111,compound,protein,0
60185080,CPI,P07949,compound,protein,0
60185196,CPI,Q06710,compound,protein,1
60185239,CPI,Q8WXR4,compound,protein,0
60191404,CPI,Q13043,compound,protein,0
602897,CPI,Q13148,compound,protein,1
602897,CPI,P31645,compound,protein,0
6032,CPI,P41595,compound,protein,1
6032,CPI,P21709,compound,protein,0
6037,CPI,Q13546,compound,protein,0
6041,CPI,P43166,compound,protein,0
604519,CPI,P35462,compound,protein,0
60464,CPI,P35916,compound,protein,0
6047,CPI,P06241,compound,protein,1
6047,CPI,Q9Y243,compound,protein,0
6047,CPI,Q9UNQ0,compound,protein,0
6049,CPI,P21728,compound,protein,1
6049,CPI,Q92847,compound,protein,1
60490,CPI,P02545,compound,protein,1
60490,CPI,P28223,compound,protein,1
60490,CPI,P30542,compound,protein,1
60490,CPI,Q99808,compound,protein,1
60490,CPI,P10636,compound,protein,0
60490,CPI,P37231,compound,protein,0
60490,CPI,P78368,compound,protein,0
60490,CPI,Q8TDR2,compound,protein,0
60602,CPI,P18825,compound,protein,1
60602,CPI,P31645,compound,protein,1
60602,CPI,Q02156,compound,protein,0
60602,CPI,Q13555,compound,protein,0
60606,CPI,Q9NUW8,compound,protein,0
60663,CPI,Q12809,compound,protein,1
60663,CPI,Q13936,compound,protein,1
60663,CPI,P07900,compound,protein,0
60703,CPI,O15296,compound,protein,1
60703,CPI,Q05586,compound,protein,1
60703,CPI,Q99720,compound,protein,0
6075,CPI,P21731,compound,protein,1
60750,CPI,P04818,compound,protein,1
60750,CPI,P08908,compound,protein,1
60750,CPI,P18825,compound,protein,1
60750,CPI,P54756,compound,protein,0
60753,CPI,Q16288,compound,protein,0
6077,CPI,P35372,compound,protein,1
60773,CPI,P18825,compound,protein,1
60773,CPI,P21728,compound,protein,1
60785,CPI,Q01959,compound,protein,1
60785,CPI,O43293,compound,protein,0
60785,CPI,P02766,compound,protein,0
60795,CPI,P35367,compound,protein,1
6082,CPI,P25100,compound,protein,1
60823,CPI,P08684,compound,protein,1
60825,CPI,P21918,compound,protein,1
6083,CPI,P47900,compound,protein,1
6083,CPI,P54619,compound,protein,1
6083,CPI,P05067,compound,protein,0
60838,CPI,P22303,compound,protein,1
60838,CPI,P57058,compound,protein,0
60852,CPI,P25021,compound,protein,1
60854,CPI,Q9UBT6,compound,protein,0
60860,CPI,P0C1S8,compound,protein,0
60860,CPI,Q9H2K8,compound,protein,0
60923,CPI,Q9UBT6,compound,protein,0
60937,CPI,P27449,compound,protein,1
60937,CPI,P84022,compound,protein,0
60937,CPI,O43318,compound,protein,0
60937,CPI,Q96D53,compound,protein,0
60937,CPI,Q9H1R3,compound,protein,0
60961,CPI,O00337,compound,protein,1
6127,CPI,O75469,compound,protein,1
6127,CPI,P07550,compound,protein,1
616573,CPI,Q9NUW8,compound,protein,1
6166,CPI,Q9Y616,compound,protein,0
6166563,CPI,P51452,compound,protein,1
6166563,CPI,P08183,compound,protein,0
6166563,CPI,P25021,compound,protein,0
6166563,CPI,O75747,compound,protein,0
6167,CPI,P01375,compound,protein,0
6175,CPI,P27707,compound,protein,1
6175,CPI,P21731,compound,protein,0
6197,CPI,P03372,compound,protein,1
6197,CPI,Q03181,compound,protein,1
6197,CPI,Q13526,compound,protein,0
6215,CPI,Q9NUW8,compound,protein,1
6230,CPI,P18825,compound,protein,1
6230,CPI,P21728,compound,protein,1
6230,CPI,P06213,compound,protein,0
6253,CPI,P18089,compound,protein,1
6253,CPI,P41968,compound,protein,1
6253,CPI,Q07869,compound,protein,0
6253,CPI,Q16790,compound,protein,0
6253,CPI,Q8WU08,compound,protein,0
6253,CPI,Q9UM73,compound,protein,0
6253,CPI,Q8IYT8,compound,protein,0
6256,CPI,Q8WXR4,compound,protein,0
6256,CPI,P16234,compound,protein,0
6279,CPI,P31644,compound,protein,1
6279,CPI,Q16236,compound,protein,1
62887,CPI,P43681,compound,protein,1
62887,CPI,Q15759,compound,protein,0
62887,CPI,Q8IU85,compound,protein,0
6291,CPI,P43681,compound,protein,1
6291,CPI,Q99549,compound,protein,0
6291,CPI,Q00536,compound,protein,0
6291,CPI,P06213,compound,protein,0
6305,CPI,Q99549,compound,protein,1
6307,CPI,P11229,compound,protein,1
6307,CPI,Q9NUW8,compound,protein,1
6307,CPI,Q04912,compound,protein,0
6307,CPI,Q9BVS4,compound,protein,0
6321411,CPI,P19174,compound,protein,1
6321411,CPI,P30411,compound,protein,1
6321411,CPI,P32238,compound,protein,1
6321411,CPI,Q9Y5N1,compound,protein,1
6321411,CPI,P29376,compound,protein,0
6334600,CPI,P08172,compound,protein,1
6336338,CPI,O43193,compound,protein,0
6336338,CPI,P49841,compound,protein,0
636403,CPI,Q9UNQ0,compound,protein,0
637542,CPI,P51617,compound,protein,0
637542,CPI,P23443,compound,protein,0
637568,CPI,P57058,compound,protein,0
637858,CPI,Q9NUW8,compound,protein,1
638024,CPI,Q8IVW4,compound,protein,0
638034,CPI,P10636,compound,protein,1
638034,CPI,Q8N752,compound,protein,0
638278,CPI,P02545,compound,protein,1
638278,CPI,P08684,compound,protein,1
638278,CPI,Q96D53,compound,protein,0
6399253,CPI,P41968,compound,protein,1
6404603,CPI,P29274,compound,protein,0
6404603,CPI,O76039,compound,protein,0
6410758,CPI,P49759,compound,protein,0
64139,CPI,P05177,compound,protein,1
64139,CPI,Q9UHD2,compound,protein,0
641785,CPI,Q9HC16,compound,protein,1
641785,CPI,Q9BZL6,compound,protein,0
6419755,CPI,Q13936,compound,protein,0
6422124,CPI,P35367,compound,protein,1
6426894,CPI,P08172,compound,protein,1
6433119,CPI,P11712,compound,protein,0
6436,CPI,Q16236,compound,protein,1
6436007,CPI,P16473,compound,protein,0
643606,CPI,P35368,compound,protein,1
643606,CPI,Q6XUX3,compound,protein,0
6436187,CPI,Q9NUW8,compound,protein,1
6437862,CPI,P42338,compound,protein,0
6438381,CPI,P08183,compound,protein,0
644213,CPI,P11021,compound,protein,1
644215,CPI,P01215,compound,protein,1
644215,CPI,P21452,compound,protein,0
6442177,CPI,O95342,compound,protein,1
644241,CPI,P08913,compound,protein,1
644241,CPI,P0C1S8,compound,protein,1
644241,CPI,P11362,compound,protein,1
644241,CPI,P16499,compound,protein,1
644241,CPI,P78356,compound,protein,1
644241,CPI,Q13131,compound,protein,1
644241,CPI,Q13470,compound,protein,1
644241,CPI,Q13554,compound,protein,1
644241,CPI,Q2M2I8,compound,protein,1
644241,CPI,Q86UE8,compound,protein,1
644241,CPI,Q8N752,compound,protein,1
644241,CPI,Q96L34,compound,protein,1
644241,CPI,Q9BUB5,compound,protein,1
644241,CPI,Q07869,compound,protein,0
644241,CPI,P14618,compound,protein,0
644241,CPI,P49798,compound,protein,0
644241,CPI,P43220,compound,protein,0
644241,CPI,Q8WZA2,compound,protein,0
644241,CPI,Q9UBN7,compound,protein,0
6443013,CPI,P48426,compound,protein,0
6444849,CPI,P21728,compound,protein,1
6445562,CPI,O75582,compound,protein,1
6445562,CPI,O95835,compound,protein,1
6445562,CPI,P08631,compound,protein,1
6445562,CPI,P11309,compound,protein,1
6445562,CPI,P53355,compound,protein,1
6445562,CPI,P54646,compound,protein,1
6445562,CPI,Q16816,compound,protein,1
6445562,CPI,Q7KZI7,compound,protein,1
6445562,CPI,Q8NI60,compound,protein,1
6445562,CPI,Q96SB4,compound,protein,1
6445562,CPI,Q07869,compound,protein,0
6445562,CPI,P35368,compound,protein,0
6445562,CPI,Q03181,compound,protein,0
6445562,CPI,P50406,compound,protein,0
6445562,CPI,Q16637,compound,protein,0
6445562,CPI,Q8NE63,compound,protein,0
6446,CPI,P41145,compound,protein,1
6446,CPI,P08631,compound,protein,0
6446,CPI,P54764,compound,protein,0
644601,CPI,P41143,compound,protein,0
6449767,CPI,P05771,compound,protein,0
6450278,CPI,P10275,compound,protein,1
6450551,CPI,O00444,compound,protein,1
6450551,CPI,O75716,compound,protein,1
6450551,CPI,P03372,compound,protein,1
6450551,CPI,P10721,compound,protein,1
6450551,CPI,P27361,compound,protein,1
6450551,CPI,P32298,compound,protein,1
6450551,CPI,P42345,compound,protein,1
6450551,CPI,P49841,compound,protein,1
6450551,CPI,Q08881,compound,protein,1
6450551,CPI,Q12851,compound,protein,1
6450551,CPI,Q15139,compound,protein,1
6450551,CPI,Q15569,compound,protein,1
6450551,CPI,Q86Z02,compound,protein,1
6450551,CPI,Q96NX5,compound,protein,1
6450551,CPI,P19838,compound,protein,0
6450551,CPI,O15118,compound,protein,0
6450551,CPI,P49798,compound,protein,0
6450551,CPI,Q13547,compound,protein,0
6450813,CPI,P00352,compound,protein,0
64650,CPI,P07437,compound,protein,0
64715,CPI,P04035,compound,protein,1
6473767,CPI,P16050,compound,protein,0
6473866,CPI,O75469,compound,protein,1
6473866,CPI,P08908,compound,protein,1
6473866,CPI,P35367,compound,protein,1
6473866,CPI,P42345,compound,protein,1
6473866,CPI,P47871,compound,protein,1
6473866,CPI,Q13936,compound,protein,1
6473866,CPI,Q07912,compound,protein,0
6473866,CPI,O00444,compound,protein,0
6473866,CPI,Q8IWQ3,compound,protein,0
6473881,CPI,Q00653,compound,protein,1
647508,CPI,P10145,compound,protein,1
6477762,CPI,P31645,compound,protein,0
6477762,CPI,Q99683,compound,protein,0
64945,CPI,P17706,compound,protein,1
64971,CPI,Q9BQI3,compound,protein,0
64981,CPI,P50406,compound,protein,0
65015,CPI,P48061,compound,protein,1
65016,CPI,P21728,compound,protein,1
65016,CPI,P41145,compound,protein,1
65016,CPI,Q01959,compound,protein,1
650573,CPI,P16473,compound,protein,1
6505803,CPI,Q969S8,compound,protein,0
6505803,CPI,O15075,compound,protein,0
65064,CPI,Q14534,compound,protein,1
65064,CPI,Q9UNA0,compound,protein,1
65064,CPI,Q8NEV4,compound,protein,0
6519698,CPI,Q16620,compound,protein,0
65351,CPI,P33261,compound,protein,1
6539732,CPI,P06493,compound,protein,1
6539732,CPI,P35462,compound,protein,0
65399,CPI,Q9UBN7,compound,protein,1
6545175,CPI,Q06710,compound,protein,1
6545175,CPI,Q86Z02,compound,protein,0
65482,CPI,P51580,compound,protein,1
65490,CPI,O14939,compound,protein,1
655490,CPI,P07948,compound,protein,0
65628,CPI,P42680,compound,protein,0
65655,CPI,P31645,compound,protein,0
65659,CPI,P49761,compound,protein,0
656665,CPI,Q13639,compound,protein,1
656665,CPI,P48058,compound,protein,0
656732,CPI,Q9UBE8,compound,protein,0
656765,CPI,P36888,compound,protein,0
658169,CPI,P29320,compound,protein,0
658169,CPI,P18089,compound,protein,0
658169,CPI,Q13705,compound,protein,0
65863,CPI,P08913,compound,protein,1
65863,CPI,P11229,compound,protein,1
65863,CPI,P23219,compound,protein,1
65889,CPI,P08684,compound,protein,1
65889,CPI,Q5S007,compound,protein,0
65889,CPI,P0C1S8,compound,protein,0
65906,CPI,O95819,compound,protein,0
65906,CPI,Q9C098,compound,protein,0
659101,CPI,P16473,compound,protein,1
65937,CPI,P08913,compound,protein,0
65957,CPI,P18825,compound,protein,1
65957,CPI,Q99714,compound,protein,0
65957,CPI,P06213,compound,protein,0
659840,CPI,Q16512,compound,protein,0
65999,CPI,P08908,compound,protein,1
65999,CPI,P78368,compound,protein,0
6603797,CPI,Q99714,compound,protein,1
6603797,CPI,P18089,compound,protein,0
6603820,CPI,Q01959,compound,protein,0
6603897,CPI,P35462,compound,protein,1
6603897,CPI,Q13148,compound,protein,0
6603901,CPI,P49841,compound,protein,0
6603931,CPI,Q6W5P4,compound,protein,1
6603931,CPI,P28223,compound,protein,0
6604009,CPI,P05177,compound,protein,1
6604009,CPI,P08684,compound,protein,1
6604200,CPI,P31645,compound,protein,1
6604200,CPI,P35354,compound,protein,1
6604200,CPI,P41595,compound,protein,1
6604200,CPI,Q99808,compound,protein,1
6604200,CPI,Q8TDS4,compound,protein,0
6604200,CPI,Q92830,compound,protein,0
6604381,CPI,P19838,compound,protein,1
6604381,CPI,Q13882,compound,protein,0
6604453,CPI,P31645,compound,protein,0
6604653,CPI,Q9HBH9,compound,protein,0
6604756,CPI,P35462,compound,protein,1
6604763,CPI,P24557,compound,protein,1
6604794,CPI,Q9NUW8,compound,protein,1
6604794,CPI,P56381,compound,protein,0
6604822,CPI,P08684,compound,protein,1
6604822,CPI,P10636,compound,protein,1
6604822,CPI,P41968,compound,protein,0
6604822,CPI,Q13873,compound,protein,0
6604889,CPI,Q9BQI3,compound,protein,0
6604909,CPI,Q9NY56,compound,protein,0
6604918,CPI,Q9HC16,compound,protein,0
6604928,CPI,P0DMS8,compound,protein,0
6604928,CPI,P23443,compound,protein,0
6604933,CPI,P53779,compound,protein,0
6610302,CPI,Q13163,compound,protein,0
6610302,CPI,Q6XUX3,compound,protein,0
6610310,CPI,Q9NUW8,compound,protein,1
6610332,CPI,O43570,compound,protein,1
6610332,CPI,P00915,compound,protein,1
6610332,CPI,P47989,compound,protein,1
6610344,CPI,P50613,compound,protein,0
6610353,CPI,P49137,compound,protein,1
6610353,CPI,Q9NUW8,compound,protein,0
6610355,CPI,Q13627,compound,protein,1
6610355,CPI,Q92769,compound,protein,0
661907,CPI,Q16637,compound,protein,1
661907,CPI,P07332,compound,protein,0
6623,CPI,P49674,compound,protein,1
6623,CPI,Q92630,compound,protein,1
66265,CPI,Q9HC98,compound,protein,0
663281,CPI,P05067,compound,protein,1
663290,CPI,Q92847,compound,protein,0
663290,CPI,P50613,compound,protein,0
663872,CPI,P35916,compound,protein,0
66414,CPI,Q16665,compound,protein,1
66414,CPI,P41595,compound,protein,0
665013,CPI,P14618,compound,protein,1
665449,CPI,Q05655,compound,protein,0
665747,CPI,Q99759,compound,protein,0
66576988,CPI,P28223,compound,protein,0
66577038,CPI,P11362,compound,protein,1
66577038,CPI,P16234,compound,protein,1
66577038,CPI,P08913,compound,protein,0
666267,CPI,P02545,compound,protein,1
66694608,CPI,P42345,compound,protein,1
667466,CPI,P08913,compound,protein,0
667476,CPI,P43681,compound,protein,1
667476,CPI,P14618,compound,protein,0
667476,CPI,P06241,compound,protein,0
667476,CPI,Q92769,compound,protein,0
667477,CPI,P41595,compound,protein,1
667477,CPI,P42345,compound,protein,0
667484,CPI,P31645,compound,protein,1
667484,CPI,P41595,compound,protein,1
667484,CPI,P78334,compound,protein,1
667484,CPI,Q9Y6R4,compound,protein,0
667484,CPI,Q9H2K8,compound,protein,0
667484,CPI,Q9UQ88,compound,protein,0
667511,CPI,O15296,compound,protein,0
667550,CPI,P83916,compound,protein,0
667550,CPI,P18825,compound,protein,0
667594,CPI,Q9UBN7,compound,protein,1
667601,CPI,P19838,compound,protein,1
667601,CPI,Q99714,compound,protein,1
667601,CPI,Q00526,compound,protein,0
67077825,CPI,Q06710,compound,protein,0
6708558,CPI,P28335,compound,protein,0
6708636,CPI,P54132,compound,protein,0
6708720,CPI,P17787,compound,protein,1
6708720,CPI,Q15825,compound,protein,1
6708764,CPI,P07947,compound,protein,0
6710651,CPI,Q9NUW8,compound,protein,0
6710654,CPI,P21731,compound,protein,0
6710658,CPI,P10275,compound,protein,1
6710659,CPI,Q15303,compound,protein,0
6710690,CPI,P35354,compound,protein,0
6710700,CPI,Q9BYP7,compound,protein,0
6710700,CPI,P25021,compound,protein,0
6710732,CPI,Q13554,compound,protein,0
6710733,CPI,Q96Q04,compound,protein,0
6710741,CPI,P00352,compound,protein,1
6710741,CPI,Q8WU08,compound,protein,0
6710780,CPI,P07437,compound,protein,1
6713947,CPI,P02545,compound,protein,0
6713947,CPI,Q14004,compound,protein,0
6713984,CPI,Q9Y5N1,compound,protein,1
6714003,CPI,P11802,compound,protein,0
6726,CPI,P08913,compound,protein,1
6726,CPI,P25100,compound,protein,1
6726,CPI,P32245,compound,protein,0
6736,CPI,P24903,compound,protein,1
67361,CPI,Q16790,compound,protein,0
675434,CPI,P54578,compound,protein,1
6758,CPI,P33261,compound,protein,1
6758,CPI,Q9UBE8,compound,protein,0
6760,CPI,P05177,compound,protein,1
6760,CPI,Q99808,compound,protein,0
6780,CPI,Q9H2K8,compound,protein,0
6803,CPI,Q9NUW8,compound,protein,1
6803,CPI,P51617,compound,protein,0
680501,CPI,P08172,compound,protein,0
68077,CPI,Q9HAZ1,compound,protein,0
68077,CPI,Q9H2K8,compound,protein,0
68093,CPI,P29323,compound,protein,0
681,CPI,P48039,compound,protein,1
681,CPI,Q16665,compound,protein,1
68186,CPI,P54764,compound,protein,0
68186,CPI,Q15746,compound,protein,0
68186,CPI,O15111,compound,protein,0
68296,CPI,P51817,compound,protein,0
6834,CPI,Q8WU08,compound,protein,0
6834,CPI,P11388,compound,protein,0
6839,CPI,P03372,compound,protein,1
6839,CPI,P08913,compound,protein,1
6839,CPI,P18825,compound,protein,1
6839,CPI,Q9HC98,compound,protein,0
6851740,CPI,O75469,compound,protein,0
6851740,CPI,P10636,compound,protein,0
6852167,CPI,O00750,compound,protein,1
6852167,CPI,P20815,compound,protein,0
6857685,CPI,P28222,compound,protein,0
6857685,CPI,P25100,compound,protein,0
68602,CPI,P31152,compound,protein,0
68617,CPI,P08912,compound,protein,1
68617,CPI,Q9Y6M4,compound,protein,0
68634,CPI,P01215,compound,protein,1
68712,CPI,P35462,compound,protein,1
68778,CPI,P11229,compound,protein,1
68791,CPI,Q96L34,compound,protein,0
688020,CPI,P37288,compound,protein,1
688020,CPI,P49674,compound,protein,0
68827,CPI,Q9NUW8,compound,protein,1
68827,CPI,P31749,compound,protein,0
68827,CPI,Q15375,compound,protein,0
6884367,CPI,Q9NUW8,compound,protein,1
68848,CPI,O75676,compound,protein,0
688561,CPI,P21728,compound,protein,0
688798,CPI,P11712,compound,protein,0
68911,CPI,P02545,compound,protein,1
6914273,CPI,P10636,compound,protein,1
6914273,CPI,P32245,compound,protein,1
6914273,CPI,P37288,compound,protein,1
6914273,CPI,Q99808,compound,protein,1
6914273,CPI,P80192,compound,protein,0
6917960,CPI,P08684,compound,protein,0
6918155,CPI,Q9UBS5,compound,protein,0
6918155,CPI,Q9UQ88,compound,protein,0
6918155,CPI,P53671,compound,protein,0
6918305,CPI,Q9Y5N1,compound,protein,0
6918305,CPI,O14920,compound,protein,0
6918314,CPI,P06746,compound,protein,0
6918454,CPI,P00519,compound,protein,1
6918454,CPI,P11309,compound,protein,1
6918454,CPI,P14616,compound,protein,1
6918454,CPI,P21860,compound,protein,1
6918454,CPI,P29323,compound,protein,1
6918454,CPI,P29376,compound,protein,1
6918454,CPI,P42685,compound,protein,1
6918454,CPI,P46734,compound,protein,1
6918454,CPI,P49841,compound,protein,1
6918454,CPI,P51956,compound,protein,1
6918454,CPI,Q02763,compound,protein,1
6918454,CPI,Q05655,compound,protein,1
6918454,CPI,Q15746,compound,protein,1
6918454,CPI,Q16566,compound,protein,1
6918454,CPI,Q16816,compound,protein,1
6918454,CPI,Q86UE8,compound,protein,1
6918454,CPI,Q8NE63,compound,protein,1
6918454,CPI,Q9H2G2,compound,protein,1
6918454,CPI,P28223,compound,protein,0
6918454,CPI,P02766,compound,protein,0
6918454,CPI,P35372,compound,protein,0
6918454,CPI,P46063,compound,protein,0
6918454,CPI,Q16236,compound,protein,0
6918456,CPI,Q9H244,compound,protein,1
6918509,CPI,P29322,compound,protein,0
6918537,CPI,P47898,compound,protein,1
6918537,CPI,O96013,compound,protein,0
6918537,CPI,P14618,compound,protein,0
6918540,CPI,P11597,compound,protein,1
6918540,CPI,P46734,compound,protein,0
6918554,CPI,O95747,compound,protein,0
6918638,CPI,P31645,compound,protein,1
6918638,CPI,P41145,compound,protein,1
6918638,CPI,P47898,compound,protein,1
6918638,CPI,Q86Y07,compound,protein,0
6918638,CPI,P51955,compound,protein,0
6918638,CPI,P36897,compound,protein,0
6918852,CPI,O75676,compound,protein,1
6918852,CPI,O75747,compound,protein,1
6918852,CPI,O94768,compound,protein,1
6918852,CPI,O96013,compound,protein,1
6918852,CPI,P04629,compound,protein,1
6918852,CPI,P16234,compound,protein,1
6918852,CPI,P27037,compound,protein,1
6918852,CPI,P30291,compound,protein,1
6918852,CPI,P36897,compound,protein,1
6918852,CPI,Q00526,compound,protein,1
6918852,CPI,Q13043,compound,protein,1
6918852,CPI,Q15303,compound,protein,1
6918852,CPI,Q7L7X3,compound,protein,1
6918852,CPI,Q86Y07,compound,protein,1
6918852,CPI,Q9H2G2,compound,protein,1
6918852,CPI,P19838,compound,protein,0
6918852,CPI,P08908,compound,protein,0
6918852,CPI,Q9UNQ0,compound,protein,0
6918852,CPI,P41145,compound,protein,0
6918852,CPI,P07550,compound,protein,0
6918852,CPI,P23219,compound,protein,0
6918852,CPI,P11388,compound,protein,0
6918852,CPI,P11511,compound,protein,0
6918852,CPI,P51449,compound,protein,0
6918852,CPI,P21918,compound,protein,0
6918878,CPI,Q9HC98,compound,protein,0
6976314,CPI,P31645,compound,protein,0
701237,CPI,Q8WU08,compound,protein,0
701939,CPI,Q9NUW8,compound,protein,1
7028,CPI,O95644,compound,protein,1
7028,CPI,P11229,compound,protein,1
7028,CPI,P16473,compound,protein,1
7028,CPI,P17544,compound,protein,1
7028,CPI,Q8TDX7,compound,protein,0
7028,CPI,Q15139,compound,protein,0
7028,CPI,P49674,compound,protein,0
7028,CPI,Q9BUB5,compound,protein,0
704473,CPI,Q16566,compound,protein,0
7048568,CPI,Q15746,compound,protein,0
7048568,CPI,Q5VT25,compound,protein,0
7048591,CPI,P06401,compound,protein,1
7048591,CPI,P10275,compound,protein,1
7048664,CPI,P33981,compound,protein,0
7048709,CPI,O75469,compound,protein,1
7048968,CPI,P80192,compound,protein,0
70547,CPI,P05129,compound,protein,0
7059423,CPI,P10275,compound,protein,1
7059423,CPI,Q92731,compound,protein,1
7059505,CPI,Q05655,compound,protein,0
7067797,CPI,P11474,compound,protein,1
7092995,CPI,P03372,compound,protein,1
7092995,CPI,Q05586,compound,protein,1
7092995,CPI,P51817,compound,protein,0
709391,CPI,O75874,compound,protein,1
71077,CPI,Q05586,compound,protein,1
71077,CPI,Q13163,compound,protein,0
7108,CPI,P22303,compound,protein,1
7108,CPI,P23219,compound,protein,1
7108,CPI,P37173,compound,protein,0
7108,CPI,Q86V86,compound,protein,0
71157,CPI,P11229,compound,protein,1
71158,CPI,Q05586,compound,protein,1
71183,CPI,P20309,compound,protein,1
7122097,CPI,P09467,compound,protein,0
71226662,CPI,P09769,compound,protein,1
71226662,CPI,P52333,compound,protein,1
71271629,CPI,O43570,compound,protein,0
71299339,CPI,O75469,compound,protein,0
71299339,CPI,P19784,compound,protein,0
71317162,CPI,O00329,compound,protein,1
71317162,CPI,O75582,compound,protein,1
71317162,CPI,O75643,compound,protein,1
71317162,CPI,P11362,compound,protein,1
71317162,CPI,P43686,compound,protein,1
71317162,CPI,P49760,compound,protein,1
71317162,CPI,P53671,compound,protein,1
71317162,CPI,Q16832,compound,protein,1
71317162,CPI,Q92499,compound,protein,1
71317162,CPI,Q9P0J0,compound,protein,1
71317162,CPI,Q9Y5S2,compound,protein,1
71317162,CPI,P51451,compound,protein,0
71317162,CPI,P07550,compound,protein,0
71317162,CPI,Q6XUX3,compound,protein,0
71317162,CPI,O14936,compound,protein,0
71317162,CPI,P78356,compound,protein,0
71317162,CPI,P21860,compound,protein,0
71317162,CPI,P53355,compound,protein,0
71317162,CPI,P68400,compound,protein,0
71317162,CPI,Q9P0L2,compound,protein,0
71329,CPI,P35462,compound,protein,1
71329,CPI,Q14500,compound,protein,1
71329,CPI,P09917,compound,protein,0
71333,CPI,Q9UEW8,compound,protein,0
71360,CPI,Q13627,compound,protein,0
71481097,CPI,P14598,compound,protein,0
71496458,CPI,P35968,compound,protein,1
71496458,CPI,Q99755,compound,protein,0
715454,CPI,Q9Y263,compound,protein,1
715698,CPI,Q92830,compound,protein,1
715698,CPI,P11712,compound,protein,0
716121,CPI,P11712,compound,protein,1
71616,CPI,P20815,compound,protein,1
71714682,CPI,P40225,compound,protein,0
71721648,CPI,P31749,compound,protein,0
71771,CPI,P02545,compound,protein,1
71771,CPI,P06239,compound,protein,0
71771,CPI,O75914,compound,protein,0
71771,CPI,Q9Y2H1,compound,protein,0
71781,CPI,P28223,compound,protein,1
7184,CPI,P16473,compound,protein,1
7202911,CPI,Q9GZR1,compound,protein,1
72093,CPI,P18054,compound,protein,0
72124,CPI,P11712,compound,protein,0
72172,CPI,Q16236,compound,protein,1
7217946,CPI,P35414,compound,protein,1
7217946,CPI,Q99808,compound,protein,0
72201027,CPI,O94925,compound,protein,0
72201027,CPI,P28335,compound,protein,0
72281,CPI,P16473,compound,protein,1
72281,CPI,P41145,compound,protein,1
72281,CPI,Q8WU08,compound,protein,0
72281,CPI,Q13526,compound,protein,0
72301,CPI,P08908,compound,protein,1
7251185,CPI,O14920,compound,protein,1
7251185,CPI,O15118,compound,protein,1
7251185,CPI,Q04864,compound,protein,1
7251185,CPI,P37023,compound,protein,0
7251185,CPI,P35354,compound,protein,0
72943187,CPI,Q9UNQ0,compound,protein,0
72943187,CPI,O43570,compound,protein,0
73010930,CPI,P08912,compound,protein,0
73078,CPI,Q12866,compound,protein,0
73265211,CPI,P25100,compound,protein,0
73265276,CPI,Q13526,compound,protein,0
73333,CPI,Q9UF33,compound,protein,0
73364,CPI,P49798,compound,protein,1
73364,CPI,P54764,compound,protein,0
73442743,CPI,Q8IU85,compound,protein,0
73442743,CPI,Q16566,compound,protein,0
7345532,CPI,P49761,compound,protein,0
73602827,CPI,O60563,compound,protein,1
73707340,CPI,Q8NG66,compound,protein,0
73707340,CPI,P54764,compound,protein,0
73707347,CPI,Q9HAZ1,compound,protein,0
73707347,CPI,Q9Y5S2,compound,protein,0
73707358,CPI,Q16288,compound,protein,0
73707372,CPI,P25021,compound,protein,0
73707374,CPI,P62942,compound,protein,1
73707378,CPI,O96017,compound,protein,0
73707383,CPI,P28222,compound,protein,0
73707386,CPI,Q00532,compound,protein,0
73707387,CPI,P06746,compound,protein,0
73707388,CPI,Q16790,compound,protein,0
73707406,CPI,P41595,compound,protein,0
73707408,CPI,P15428,compound,protein,0
73707411,CPI,P36897,compound,protein,0
73707413,CPI,Q02880,compound,protein,1
73707413,CPI,P25101,compound,protein,0
73707415,CPI,P03372,compound,protein,1
73707420,CPI,O15118,compound,protein,0
73707425,CPI,P10275,compound,protein,1
73707425,CPI,O14730,compound,protein,0
73707426,CPI,P42684,compound,protein,0
73707428,CPI,P30559,compound,protein,1
73707428,CPI,P53778,compound,protein,0
73707428,CPI,Q8WU08,compound,protein,0
73707430,CPI,Q86Y07,compound,protein,0
73707445,CPI,O60359,compound,protein,1
73707445,CPI,Q8WXS5,compound,protein,1
73707445,CPI,Q86UE8,compound,protein,0
73707455,CPI,P33981,compound,protein,0
73707459,CPI,O75311,compound,protein,1
73707466,CPI,Q9Y5N1,compound,protein,0
73707466,CPI,P51451,compound,protein,0
73707472,CPI,P10636,compound,protein,0
73707474,CPI,P25100,compound,protein,1
73707487,CPI,P08912,compound,protein,1
73707488,CPI,O00444,compound,protein,0
73707492,CPI,P43166,compound,protein,0
73707493,CPI,P23415,compound,protein,1
73707493,CPI,Q9NRP7,compound,protein,0
73707494,CPI,Q9H4B7,compound,protein,1
73707498,CPI,Q02880,compound,protein,0
73707499,CPI,Q96L21,compound,protein,1
73707499,CPI,P53779,compound,protein,0
73707500,CPI,Q8IUX4,compound,protein,0
73707502,CPI,Q86UE8,compound,protein,0
73707506,CPI,O00750,compound,protein,0
73707507,CPI,P08684,compound,protein,0
73707513,CPI,Q9Y257,compound,protein,1
73707519,CPI,Q13148,compound,protein,0
73707526,CPI,Q9Y6R4,compound,protein,0
73707532,CPI,P25100,compound,protein,0
73707535,CPI,Q92769,compound,protein,1
73707544,CPI,Q13547,compound,protein,1
73707587,CPI,P48730,compound,protein,0
73707602,CPI,P35968,compound,protein,0
73707615,CPI,Q13639,compound,protein,1
74490,CPI,Q86V86,compound,protein,0
7456,CPI,P29317,compound,protein,0
747185,CPI,P46098,compound,protein,0
747185,CPI,Q86Z02,compound,protein,0
74865,CPI,P27986,compound,protein,0
74865,CPI,P30411,compound,protein,0
753,CPI,P84077,compound,protein,1
753,CPI,Q9NPH2,compound,protein,1
761523,CPI,P25929,compound,protein,0
76632,CPI,Q96RJ0,compound,protein,1
766949,CPI,P18825,compound,protein,0
7694069,CPI,Q92772,compound,protein,0
76973971,CPI,Q8IWQ3,compound,protein,0
7699,CPI,O43193,compound,protein,1
7699,CPI,P18825,compound,protein,1
7699,CPI,P30411,compound,protein,1
7699,CPI,P35367,compound,protein,1
7699,CPI,P06746,compound,protein,0
771910,CPI,Q13526,compound,protein,0
7741,CPI,P21731,compound,protein,1
7741,CPI,P41595,compound,protein,1
7741,CPI,P43681,compound,protein,1
7741,CPI,Q99720,compound,protein,0
77991,CPI,P22303,compound,protein,1
77999,CPI,P08172,compound,protein,1
77999,CPI,O43293,compound,protein,0
77999,CPI,Q9UIK4,compound,protein,0
781660,CPI,O75676,compound,protein,0
78428958,CPI,Q08289,compound,protein,1
78428958,CPI,P14618,compound,protein,0
78428958,CPI,Q9NY57,compound,protein,0
78435479,CPI,Q13936,compound,protein,1
784670,CPI,P18089,compound,protein,0
8056641,CPI,Q14680,compound,protein,0
8056691,CPI,P11712,compound,protein,0
81423,CPI,Q07912,compound,protein,0
814607,CPI,P10145,compound,protein,1
814607,CPI,Q9Y239,compound,protein,1
82146,CPI,P10826,compound,protein,1
82146,CPI,P48443,compound,protein,1
82146,CPI,Q16236,compound,protein,0
8226,CPI,P08913,compound,protein,1
8226,CPI,P28223,compound,protein,1
824226,CPI,P19838,compound,protein,1
8249,CPI,P16473,compound,protein,1
8249,CPI,P08183,compound,protein,0
8357,CPI,Q96PF2,compound,protein,0
838674,CPI,P21728,compound,protein,1
8421,CPI,Q92830,compound,protein,1
8480,CPI,Q9NUW8,compound,protein,1
8512230,CPI,Q16236,compound,protein,1
852319,CPI,O94782,compound,protein,1
8550,CPI,P21397,compound,protein,1
8550,CPI,P30556,compound,protein,1
8550,CPI,P35372,compound,protein,1
855567,CPI,Q9P289,compound,protein,0
8593,CPI,Q9Y233,compound,protein,0
864,CPI,P06276,compound,protein,0
864,CPI,Q9HBH9,compound,protein,0
871154,CPI,P07332,compound,protein,0
87372,CPI,P46098,compound,protein,0
8796093,CPI,P53779,compound,protein,0
882273,CPI,P08172,compound,protein,0
888706,CPI,O15118,compound,protein,1
888706,CPI,Q6XUX3,compound,protein,0
8955,CPI,P08185,compound,protein,1
89594,CPI,P49798,compound,protein,1
89594,CPI,Q12809,compound,protein,0
89594,CPI,P13945,compound,protein,0
896,CPI,Q9BYT3,compound,protein,0
896,CPI,P51451,compound,protein,0
896331,CPI,P11229,compound,protein,0
89674953,CPI,P05129,compound,protein,0
89683805,CPI,O43837,compound,protein,1
8969,CPI,P0DMS8,compound,protein,1
8969,CPI,O75676,compound,protein,0
8975,CPI,Q9HC98,compound,protein,0
8982,CPI,O14920,compound,protein,0
8982,CPI,Q08881,compound,protein,0
8987,CPI,P11229,compound,protein,1
90488984,CPI,P41143,compound,protein,0
9064,CPI,P21554,compound,protein,1
9064,CPI,P28223,compound,protein,1
9064,CPI,P35218,compound,protein,1
9064,CPI,P43681,compound,protein,1
9064,CPI,P16234,compound,protein,0
906542,CPI,P11511,compound,protein,0
906542,CPI,O15197,compound,protein,0
90821603,CPI,Q08209,compound,protein,0
90843500,CPI,P49795,compound,protein,1
90936519,CPI,P62937,compound,protein,1
90936519,CPI,Q9HBH9,compound,protein,0
91522200,CPI,Q05655,compound,protein,0
91522200,CPI,Q8NE63,compound,protein,0
91536,CPI,P28223,compound,protein,1
91610,CPI,Q08345,compound,protein,0
91654625,CPI,P41143,compound,protein,0
91668547,CPI,P49137,compound,protein,0
91754484,CPI,Q99814,compound,protein,1
91769,CPI,Q92959,compound,protein,0
92095,CPI,P41240,compound,protein,0
92400,CPI,P03372,compound,protein,1
92400,CPI,P06401,compound,protein,1
92400,CPI,P35354,compound,protein,1
92400,CPI,P49760,compound,protein,0
92400,CPI,P12931,compound,protein,0
92400,CPI,P0C1S8,compound,protein,0
92409,CPI,P35367,compound,protein,0
9266740,CPI,P0DMS8,compound,protein,0
92727,CPI,P08913,compound,protein,1
92727,CPI,P21728,compound,protein,1
92727,CPI,P31645,compound,protein,1
92727,CPI,P43681,compound,protein,1
92727,CPI,Q12809,compound,protein,1
92727,CPI,O94768,compound,protein,0
92727,CPI,Q00526,compound,protein,0
92786,CPI,Q9UN88,compound,protein,1
9305,CPI,P28222,compound,protein,0
9330,CPI,Q99720,compound,protein,1
9330,CPI,Q9NUW8,compound,protein,1
933171,CPI,P15056,compound,protein,0
93504,CPI,Q15842,compound,protein,1
93504,CPI,P21918,compound,protein,0
9363,CPI,O94925,compound,protein,1
938,CPI,P35367,compound,protein,1
941361,CPI,P51589,compound,protein,1
941361,CPI,P31751,compound,protein,0
941361,CPI,Q06187,compound,protein,0
941361,CPI,Q9NR56,compound,protein,0
9417,CPI,P08172,compound,protein,1
9417,CPI,Q9NUW8,compound,protein,0
9417,CPI,P29376,compound,protein,0
9419,CPI,O95819,compound,protein,0
9429,CPI,P0DMS8,compound,protein,0
9444,CPI,O75874,compound,protein,1
9444,CPI,P0DMS8,compound,protein,1
951,CPI,P21728,compound,protein,1
951,CPI,Q9UBT6,compound,protein,1
951,CPI,O14936,compound,protein,0
9547215,CPI,P08908,compound,protein,0
9547215,CPI,O00329,compound,protein,0
9549289,CPI,Q13936,compound,protein,0
9549298,CPI,P32245,compound,protein,0
9549298,CPI,P28222,compound,protein,0
9550235,CPI,Q6W5P4,compound,protein,1
9551230,CPI,Q9HAZ1,compound,protein,0
9555025,CPI,P08908,compound,protein,0
95801,CPI,P25021,compound,protein,0
95801,CPI,P21918,compound,protein,0
9583102,CPI,P84022,compound,protein,1
9583102,CPI,Q9Y616,compound,protein,0
9600409,CPI,P78368,compound,protein,0
9601084,CPI,P35372,compound,protein,1
9616928,CPI,P32298,compound,protein,0
9681,CPI,P25021,compound,protein,1
9681,CPI,Q8IW41,compound,protein,0
9687,CPI,P08908,compound,protein,1
969472,CPI,P16050,compound,protein,0
969516,CPI,P47989,compound,protein,1
969516,CPI,Q9NZ45,compound,protein,1
969516,CPI,P42685,compound,protein,0
9727,CPI,Q9HAZ1,compound,protein,0
973303,CPI,Q8IVH8,compound,protein,0
973303,CPI,Q16512,compound,protein,0
975656,CPI,P07550,compound,protein,1
976690,CPI,P18089,compound,protein,0
978061,CPI,Q00532,compound,protein,0
9794218,CPI,Q13224,compound,protein,0
9795276,CPI,P05177,compound,protein,1
9795278,CPI,Q99640,compound,protein,0
9795907,CPI,Q99808,compound,protein,0
9797568,CPI,Q8IU85,compound,protein,0
9797568,CPI,Q12852,compound,protein,0
9797857,CPI,P29475,compound,protein,1
9801,CPI,Q9UHD2,compound,protein,0
9803963,CPI,P29274,compound,protein,0
9803963,CPI,Q08493,compound,protein,0
9805390,CPI,P35346,compound,protein,1
9805390,CPI,O75469,compound,protein,0
9807070,CPI,Q00532,compound,protein,0
9809715,CPI,O15264,compound,protein,1
9809715,CPI,O60331,compound,protein,1
9809715,CPI,P08581,compound,protein,1
9809715,CPI,P10721,compound,protein,1
9809715,CPI,P16234,compound,protein,1
9809715,CPI,P21860,compound,protein,1
9809715,CPI,P27037,compound,protein,1
9809715,CPI,P29317,compound,protein,1
9809715,CPI,P31152,compound,protein,1
9809715,CPI,P42684,compound,protein,1
9809715,CPI,Q00526,compound,protein,1
9809715,CPI,Q8IVH8,compound,protein,1
9809715,CPI,Q8WU08,compound,protein,1
9809715,CPI,Q9BX84,compound,protein,1
9809715,CPI,Q9BYT3,compound,protein,1
9809715,CPI,Q9UL54,compound,protein,1
9809715,CPI,Q9Y6M4,compound,protein,1
9809715,CPI,Q99549,compound,protein,0
9809715,CPI,O94925,compound,protein,0
9809715,CPI,P08912,compound,protein,0
9809715,CPI,P28222,compound,protein,0
9810884,CPI,P48729,compound,protein,1
9810884,CPI,P37231,compound,protein,0
9810884,CPI,Q9UBS5,compound,protein,0
9813758,CPI,O00329,compound,protein,1
9813758,CPI,O14757,compound,protein,1
9813758,CPI,O15146,compound,protein,1
9813758,CPI,O15197,compound,protein,1
9813758,CPI,O96013,compound,protein,1
9813758,CPI,O96017,compound,protein,1
9813758,CPI,P08631,compound,protein,1
9813758,CPI,P09769,compound,protein,1
9813758,CPI,P14616,compound,protein,1
9813758,CPI,P16591,compound,protein,1
9813758,CPI,P21709,compound,protein,1
9813758,CPI,P36897,compound,protein,1
9813758,CPI,P37023,compound,protein,1
9813758,CPI,P53671,compound,protein,1
9813758,CPI,P57059,compound,protein,1
9813758,CPI,Q16512,compound,protein,1
9813758,CPI,Q96NX5,compound,protein,1
9813758,CPI,Q99759,compound,protein,1
9813758,CPI,Q9HC98,compound,protein,1
9813758,CPI,Q9Y616,compound,protein,1
9813758,CPI,P23219,compound,protein,0
9813758,CPI,P46098,compound,protein,0
9819927,CPI,Q9UQ88,compound,protein,0
9820766,CPI,P57058,compound,protein,0
9821459,CPI,P49674,compound,protein,0
9821849,CPI,P05093,compound,protein,1
9823820,CPI,Q16832,compound,protein,1
9823820,CPI,Q9H2G2,compound,protein,1
9823820,CPI,P35367,compound,protein,0
9824562,CPI,O14757,compound,protein,0
9826308,CPI,P36888,compound,protein,1
9826308,CPI,Q9HBY8,compound,protein,1
9826308,CPI,P54646,compound,protein,0
9826308,CPI,Q8TDR2,compound,protein,0
9826308,CPI,Q9C098,compound,protein,0
9826308,CPI,P16591,compound,protein,0
9826528,CPI,Q06710,compound,protein,0
9827968,CPI,P03372,compound,protein,0
9829523,CPI,O60563,compound,protein,1
9829523,CPI,P29320,compound,protein,1
9829523,CPI,Q12797,compound,protein,1
9829523,CPI,Q13164,compound,protein,1
9829523,CPI,Q13555,compound,protein,1
9829523,CPI,Q8IY84,compound,protein,1
9829523,CPI,Q92772,compound,protein,1
9829523,CPI,Q9HBH9,compound,protein,1
9829523,CPI,Q9UBS5,compound,protein,0
9829523,CPI,P41968,compound,protein,0
9829523,CPI,P37288,compound,protein,0
9829523,CPI,P37231,compound,protein,0
9829523,CPI,Q9Y5N1,compound,protein,0
9829523,CPI,P08172,compound,protein,0
9829523,CPI,P50406,compound,protein,0
9829523,CPI,P14618,compound,protein,0
9834591,CPI,Q9BQF6,compound,protein,0
9839311,CPI,P05362,compound,protein,1
9840324,CPI,Q9UQM7,compound,protein,0
9841596,CPI,Q13705,compound,protein,0
984170,CPI,P07947,compound,protein,1
9841834,CPI,P29323,compound,protein,0
984333,CPI,P50747,compound,protein,0
9844347,CPI,P21397,compound,protein,0
9847023,CPI,Q6PHR2,compound,protein,0
9848818,CPI,Q13546,compound,protein,0
9848818,CPI,Q16288,compound,protein,0
9849616,CPI,P30542,compound,protein,1
9849616,CPI,Q16816,compound,protein,0
9849616,CPI,P21397,compound,protein,0
9862248,CPI,Q01959,compound,protein,0
9863367,CPI,O75116,compound,protein,1
9863367,CPI,P36888,compound,protein,1
9863367,CPI,P51955,compound,protein,1
9863367,CPI,P53778,compound,protein,1
9863367,CPI,Q7L7X3,compound,protein,1
9863367,CPI,Q07912,compound,protein,0
9863367,CPI,Q04912,compound,protein,0
9863367,CPI,Q13043,compound,protein,0
9863367,CPI,Q9NRM7,compound,protein,0
9863672,CPI,O00444,compound,protein,1
9865515,CPI,Q92769,compound,protein,1
9865515,CPI,P21554,compound,protein,0
9865554,CPI,P03372,compound,protein,0
9867642,CPI,P35367,compound,protein,1
9867642,CPI,Q01959,compound,protein,1
9867642,CPI,Q96SB4,compound,protein,0
9867642,CPI,Q13043,compound,protein,0
9867812,CPI,P14867,compound,protein,1
9871074,CPI,P01584,compound,protein,1
9871074,CPI,Q01959,compound,protein,0
9872438,CPI,P51617,compound,protein,0
9874913,CPI,P04629,compound,protein,1
9874913,CPI,P06241,compound,protein,1
9874913,CPI,P15735,compound,protein,1
9874913,CPI,P29323,compound,protein,1
9874913,CPI,P49674,compound,protein,1
9874913,CPI,P51451,compound,protein,1
9874913,CPI,Q07002,compound,protein,1
9874913,CPI,Q15746,compound,protein,1
9874913,CPI,Q96RR4,compound,protein,1
9874913,CPI,Q9UM73,compound,protein,1
9874913,CPI,Q01959,compound,protein,0
9874913,CPI,O75469,compound,protein,0
9874913,CPI,P00352,compound,protein,0
9874913,CPI,Q8NG66,compound,protein,0
9874913,CPI,P37840,compound,protein,0
9874913,CPI,P47898,compound,protein,0
9874913,CPI,O95747,compound,protein,0
9874913,CPI,Q9UBT6,compound,protein,0
9874913,CPI,P10275,compound,protein,0
9874913,CPI,P10828,compound,protein,0
9874913,CPI,P21731,compound,protein,0
9874913,CPI,P21452,compound,protein,0
9874913,CPI,P30556,compound,protein,0
9874913,CPI,P0DMS8,compound,protein,0
9880,CPI,O43193,compound,protein,1
9880,CPI,P06401,compound,protein,1
9880,CPI,P21397,compound,protein,1
9880,CPI,P31645,compound,protein,1
9880,CPI,P36897,compound,protein,0
9880620,CPI,P35354,compound,protein,1
9882625,CPI,Q86V86,compound,protein,0
9882979,CPI,O14965,compound,protein,0
9882979,CPI,P28221,compound,protein,0
9884685,CPI,O14936,compound,protein,1
9884685,CPI,O15197,compound,protein,1
9884685,CPI,O75747,compound,protein,1
9884685,CPI,P07332,compound,protein,1
9884685,CPI,P0C1S8,compound,protein,1
9884685,CPI,P12931,compound,protein,1
9884685,CPI,P14616,compound,protein,1
9884685,CPI,P21802,compound,protein,1
9884685,CPI,P27361,compound,protein,1
9884685,CPI,P41240,compound,protein,1
9884685,CPI,P49674,compound,protein,1
9884685,CPI,P50613,compound,protein,1
9884685,CPI,P53355,compound,protein,1
9884685,CPI,P54646,compound,protein,1
9884685,CPI,Q02156,compound,protein,1
9884685,CPI,Q15139,compound,protein,1
9884685,CPI,Q16620,compound,protein,1
9884685,CPI,Q86Z02,compound,protein,1
9884685,CPI,Q8NG66,compound,protein,1
9884685,CPI,Q96NX5,compound,protein,1
9884685,CPI,Q9HC98,compound,protein,1
9884685,CPI,Q13148,compound,protein,0
9884685,CPI,O75469,compound,protein,0
9884685,CPI,P35462,compound,protein,0
9884685,CPI,P13945,compound,protein,0
9884685,CPI,P32238,compound,protein,0
9886086,CPI,P30556,compound,protein,0
9886498,CPI,O43293,compound,protein,0
9887870,CPI,Q05655,compound,protein,0
9888030,CPI,P08172,compound,protein,0
9888590,CPI,P08581,compound,protein,1
9889366,CPI,Q06710,compound,protein,0
9889366,CPI,P21397,compound,protein,0
9893571,CPI,Q9Y6M4,compound,protein,0
9893924,CPI,P35367,compound,protein,1
9893924,CPI,P35414,compound,protein,1
9903,CPI,P25021,compound,protein,0
9904854,CPI,Q8NG66,compound,protein,0
9905190,CPI,Q96D53,compound,protein,0
9906851,CPI,Q08828,compound,protein,0
9906875,CPI,O14757,compound,protein,0
9907323,CPI,O94806,compound,protein,0
9909648,CPI,Q9Y4K4,compound,protein,0
9909648,CPI,Q96RR4,compound,protein,0
9909648,CPI,P54753,compound,protein,0
9910224,CPI,P24530,compound,protein,1
9910486,CPI,P16234,compound,protein,0
9911463,CPI,P16473,compound,protein,1
9911463,CPI,P28335,compound,protein,0
9911463,CPI,Q9C098,compound,protein,0
9911830,CPI,P00519,compound,protein,1
9911830,CPI,P06239,compound,protein,1
9911830,CPI,P35916,compound,protein,1
9911830,CPI,Q9P2K8,compound,protein,0
9911830,CPI,O15530,compound,protein,0
9912992,CPI,P24530,compound,protein,1
9912992,CPI,P21728,compound,protein,0
9913,CPI,Q13423,compound,protein,1
9914412,CPI,O96013,compound,protein,1
9914412,CPI,Q9UM73,compound,protein,1
9914412,CPI,Q9HBH9,compound,protein,0
9915743,CPI,O00750,compound,protein,1
9915743,CPI,O15111,compound,protein,1
9915743,CPI,O15146,compound,protein,1
9915743,CPI,O43283,compound,protein,1
9915743,CPI,P04049,compound,protein,1
9915743,CPI,P17948,compound,protein,1
9915743,CPI,P18825,compound,protein,1
9915743,CPI,P21860,compound,protein,1
9915743,CPI,P53778,compound,protein,1
9915743,CPI,Q08499,compound,protein,1
9915743,CPI,Q12851,compound,protein,1
9915743,CPI,Q13163,compound,protein,1
9915743,CPI,Q13464,compound,protein,1
9915743,CPI,Q8TDR2,compound,protein,1
9915743,CPI,Q9UBN7,compound,protein,0
9915743,CPI,P06401,compound,protein,0
9915743,CPI,P16473,compound,protein,0
9916058,CPI,O00238,compound,protein,0
9918908,CPI,P31751,compound,protein,0
99253,CPI,Q9NUW8,compound,protein,1
9926791,CPI,O43353,compound,protein,1
9926791,CPI,O94806,compound,protein,1
9926791,CPI,O95819,compound,protein,1
9926791,CPI,P30291,compound,protein,1
9926791,CPI,P31751,compound,protein,1
9926791,CPI,P36896,compound,protein,1
9926791,CPI,P41240,compound,protein,1
9926791,CPI,P49760,compound,protein,1
9926791,CPI,Q04912,compound,protein,1
9926791,CPI,Q12852,compound,protein,1
9926791,CPI,Q16620,compound,protein,1
9926791,CPI,Q6DT37,compound,protein,1
9926791,CPI,Q8IVH8,compound,protein,1
9926791,CPI,Q99683,compound,protein,1
9926791,CPI,P20309,compound,protein,0
9927768,CPI,P23219,compound,protein,1
9930049,CPI,P08912,compound,protein,0
9931891,CPI,P10721,compound,protein,0
9931954,CPI,O00506,compound,protein,0
9931954,CPI,P04049,compound,protein,0
9931954,CPI,P08912,compound,protein,0
9933475,CPI,O15197,compound,protein,1
9933475,CPI,O60285,compound,protein,1
9933475,CPI,P07333,compound,protein,1
9933475,CPI,P29317,compound,protein,1
9933475,CPI,P49674,compound,protein,1
9933475,CPI,Q12851,compound,protein,1
9933475,CPI,Q15835,compound,protein,1
9933475,CPI,Q7L7X3,compound,protein,1
9933475,CPI,Q92772,compound,protein,1
9933475,CPI,Q9H2K8,compound,protein,1
9933475,CPI,Q9UBE8,compound,protein,1
9933475,CPI,Q9UK32,compound,protein,1
9933475,CPI,P46098,compound,protein,0
9933475,CPI,P19838,compound,protein,0
9933475,CPI,P54132,compound,protein,0
9934347,CPI,P08263,compound,protein,0
9934347,CPI,Q99755,compound,protein,0
9934347,CPI,Q99714,compound,protein,0
9934347,CPI,Q8IVW4,compound,protein,0
9935681,CPI,O96017,compound,protein,0
9936746,CPI,P08684,compound,protein,0
9941444,CPI,P18825,compound,protein,1
9941444,CPI,P31391,compound,protein,1
9941444,CPI,O14965,compound,protein,0
9941444,CPI,P31749,compound,protein,0
9941444,CPI,O96017,compound,protein,0
9947841,CPI,Q5S007,compound,protein,1
9949641,CPI,P11362,compound,protein,0
9950038,CPI,P03372,compound,protein,0
9952605,CPI,O00238,compound,protein,0
9952773,CPI,O00444,compound,protein,1
9952773,CPI,O14757,compound,protein,1
9952773,CPI,P53778,compound,protein,1
9952773,CPI,Q14680,compound,protein,1
9952773,CPI,Q9HAZ1,compound,protein,1
9952773,CPI,Q6PHR2,compound,protein,0
9952773,CPI,P20309,compound,protein,0
9952773,CPI,P16050,compound,protein,0
9952773,CPI,Q16236,compound,protein,0
9952773,CPI,Q8NG66,compound,protein,0
9953065,CPI,P35354,compound,protein,0
9953592,CPI,Q9P0L2,compound,protein,0
9953592,CPI,P06493,compound,protein,0
9953769,CPI,P41597,compound,protein,1
9954280,CPI,Q9Y5N1,compound,protein,0
9955,CPI,O75874,compound,protein,1
9956119,CPI,P49137,compound,protein,1
9956119,CPI,Q13188,compound,protein,1
9956119,CPI,Q13882,compound,protein,1
9956119,CPI,Q96KB5,compound,protein,1
9956119,CPI,Q9BZL6,compound,protein,1
9956119,CPI,P30411,compound,protein,0
9956119,CPI,P84022,compound,protein,0
9956119,CPI,P53779,compound,protein,0
9956119,CPI,O95747,compound,protein,0
996,CPI,P43166,compound,protein,0
996,CPI,P30411,compound,protein,0
9967941,CPI,P42345,compound,protein,1
99719310,CPI,P78356,compound,protein,0
9982218,CPI,P06493,compound,protein,0
9994677,CPI,Q04912,compound,protein,0
