head,relation,tail,head_type,tail_type
12478,CGI-D,COG2,compound,gene
12478,CGI-D,TIMP1,compound,gene
12478,CGI-D,PPP2R5E,compound,gene
12478,CGI-D,NPTX2,compound,gene
12478,CGI-D,HMGCS1,compound,gene
12478,CGI-D,CEBPB,compound,gene
12478,CGI-D,CLTB,compound,gene
12478,CGI-D,SLC38A1,compound,gene
12478,CGI-D,MT1X,compound,gene
12478,CGI-D,TUBB6,compound,gene
12478,CGI-D,VAT1,compound,gene
12478,CGI-D,ADH5,compound,gene
12478,CGI-D,CCDC86,compound,gene
12478,CGI-D,KRT8,compound,gene
12478,CGI-D,MT1H,compound,gene
12478,CGI-D,EXT1,compound,gene
12478,CGI-D,CD320,compound,gene
12478,CGI-D,HMG20B,compound,gene
12478,CGI-D,TLE1,compound,gene
12478,CGI-D,VDAC1,compound,gene
12478,CGI-D,BAG3,compound,gene
12478,CGI-D,PRPF4,compound,gene
12478,CGI-D,PFN1,compound,gene
12478,CGI-D,VEGFA,compound,gene
12478,CGI-D,TM9SF3,compound,gene
12478,CGI-D,SPR,compound,gene
12478,CGI-D,ATP6V1D,compound,gene
12478,CGI-D,DCK,compound,gene
12478,CGI-D,RND3,compound,gene
12478,CGI-D,KTN1,compound,gene
12478,CGI-D,DNAJB6,compound,gene
12478,CGI-D,CNDP2,compound,gene
12478,CGI-D,PLOD3,compound,gene
12478,CGI-D,ACD,compound,gene
12478,CGI-D,FBXO21,compound,gene
12478,CGI-D,NPDC1,compound,gene
12478,CGI-D,MT1HL1,compound,gene
12478,CGI-D,ERBB2,compound,gene
12478,CGI-D,S100A8,compound,gene
12478,CGI-D,NME1,compound,gene
12478,CGI-D,GRN,compound,gene
12478,CGI-D,ENOPH1,compound,gene
12478,CGI-D,OXA1L,compound,gene
12478,CGI-D,DNAJA3,compound,gene
12478,CGI-D,CRK,compound,gene
12478,CGI-D,OSBPL10,compound,gene
12478,CGI-D,GJA1,compound,gene
12478,CGI-D,LAP3,compound,gene
12478,CGI-D,RNH1,compound,gene
12478,CGI-D,BAD,compound,gene
12478,CGI-D,GADD45B,compound,gene
12478,CGI-D,ARFIP2,compound,gene
12478,CGI-D,MRPS2,compound,gene
12478,CGI-D,MT1G,compound,gene
12478,CGI-D,PTK2,compound,gene
12478,CGI-D,EEF1A2,compound,gene
12478,CGI-D,DERA,compound,gene
12478,CGI-D,ATF5,compound,gene
12478,CGI-D,TIPARP,compound,gene
12478,CGI-D,PCMT1,compound,gene
12478,CGI-D,PEG10,compound,gene
12478,CGI-D,TUBA4A,compound,gene
12478,CGI-D,MTERF3,compound,gene
12478,CGI-D,MYCBP,compound,gene
12478,CGI-D,SCGB1D2,compound,gene
12478,CGI-D,CCNC,compound,gene
12478,CGI-D,SAR1A,compound,gene
12478,CGI-D,COTL1,compound,gene
12478,CGI-D,HSPA1A,compound,gene
12478,CGI-D,MIF,compound,gene
12478,CGI-D,RPS4Y1,compound,gene
12478,CGI-D,FOSL1,compound,gene
12478,CGI-D,S100A6,compound,gene
12478,CGI-D,SLC11A2,compound,gene
12478,CGI-D,COX8A,compound,gene
12478,CGI-D,MT1E,compound,gene
12478,CGI-D,TPI1,compound,gene
12478,CGI-D,TRIB3,compound,gene
12478,CGI-D,FDPS,compound,gene
12478,CGI-D,PCCB,compound,gene
12478,CGI-D,DAP3,compound,gene
12478,CGI-D,TOM1L1,compound,gene
12478,CGI-D,AARS1,compound,gene
12478,CGI-D,CHAC1,compound,gene
12478,CGI-D,MSN,compound,gene
12478,CGI-D,INTS12,compound,gene
12478,CGI-D,TTC19,compound,gene
12478,CGI-D,SDC1,compound,gene
12478,CGI-D,H2BC12,compound,gene
12478,CGI-D,ACADVL,compound,gene
12478,CGI-D,TBC1D1,compound,gene
12478,CGI-D,SPRED2,compound,gene
12478,CGI-D,ACAT2,compound,gene
12478,CGI-D,MRPL4,compound,gene
12478,CGI-D,KDM3A,compound,gene
12478,CGI-D,FN1,compound,gene
12478,CGI-D,EIF5,compound,gene
12478,CGI-D,PWP1,compound,gene
12478,CGI-D,ANXA5,compound,gene
12478,CGI-D,GRB7,compound,gene
12478,CGI-D,TGDS,compound,gene
12478,CGI-D,PTRH2,compound,gene
12478,CGI-D,NOP56,compound,gene
12478,CGI-D,RECQL,compound,gene
12478,CGI-D,FABP5,compound,gene
12478,CGI-D,RPA3,compound,gene
12478,CGI-D,SNX7,compound,gene
12478,CGI-D,HPRT1,compound,gene
12478,CGI-D,GLA,compound,gene
12478,CGI-D,TFPI2,compound,gene
12478,CGI-D,NOP2,compound,gene
12478,CGI-D,DUSP6,compound,gene
12478,CGI-D,NAA16,compound,gene
12478,CGI-D,RGCC,compound,gene
12478,CGI-D,EIF2B2,compound,gene
12478,CGI-D,DNTTIP2,compound,gene
12478,CGI-D,CRABP2,compound,gene
12478,CGI-D,KIF14,compound,gene
12478,CGI-D,NR2F6,compound,gene
12478,CGI-D,SMC4,compound,gene
12478,CGI-D,CDC25B,compound,gene
12478,CGI-D,SLCO4A1,compound,gene
12478,CGI-D,APP,compound,gene
12478,CGI-D,NOP16,compound,gene
12478,CGI-D,CSRP1,compound,gene
12478,CGI-D,SCAND1,compound,gene
12478,CGI-D,TMEM158,compound,gene
12478,CGI-D,ABHD3,compound,gene
12478,CGI-D,NES,compound,gene
12478,CGI-D,C2CD5,compound,gene
12478,CGI-D,GSTZ1,compound,gene
12478,CGI-D,POLR2L,compound,gene
12478,CGI-D,BASP1,compound,gene
12478,CGI-D,TLK2,compound,gene
12478,CGI-D,MFSD10,compound,gene
12478,CGI-D,SLC7A5,compound,gene
12478,CGI-D,CYP51A1,compound,gene
12478,CGI-D,FKBP1A,compound,gene
12478,CGI-D,FKBP4,compound,gene
12478,CGI-D,TGFBI,compound,gene
12478,CGI-D,GAD1,compound,gene
12478,CGI-D,ATG4B,compound,gene
12478,CGI-D,G6PC3,compound,gene
12478,CGI-D,ASS1,compound,gene
12478,CGI-D,ISG20L2,compound,gene
12478,CGI-D,MAPKAPK2,compound,gene
12478,CGI-D,RTN2,compound,gene
12478,CGI-D,EPB41L4B,compound,gene
12478,CGI-D,PRSS8,compound,gene
12478,CGI-D,BECN1,compound,gene
12478,CGI-D,ACOT9,compound,gene
12478,CGI-D,ANKS1A,compound,gene
12478,CGI-D,UFM1,compound,gene
12478,CGI-D,ARHGEF18,compound,gene
12478,CGI-D,GMNN,compound,gene
12478,CGI-D,HOXA10,compound,gene
12478,CGI-D,TUBA1B,compound,gene
12478,CGI-D,MT2A,compound,gene
12478,CGI-D,CDKN2A,compound,gene
12478,CGI-D,TMEM109,compound,gene
12478,CGI-D,DDX11,compound,gene
12478,CGI-D,MPC2,compound,gene
12478,CGI-D,YBX3,compound,gene
12478,CGI-D,NFKBIA,compound,gene
12478,CGI-D,IDH1,compound,gene
12478,CGI-D,UGDH,compound,gene
12478,CGI-D,UBE3C,compound,gene
12478,CGI-D,IRF3,compound,gene
12478,CGI-D,XPNPEP1,compound,gene
12478,CGI-D,TMC5,compound,gene
12478,CGI-D,CST3,compound,gene
12478,CGI-D,TNFAIP1,compound,gene
12478,CGI-D,TNIP2,compound,gene
12478,CGI-D,NDUFA7,compound,gene
12478,CGI-D,GTF2E2,compound,gene
12478,CGI-D,SPAG9,compound,gene
12478,CGI-D,FBXW2,compound,gene
12478,CGI-D,PLEKHA5,compound,gene
12478,CGI-D,CORO1B,compound,gene
12478,CGI-D,NIT1,compound,gene
12478,CGI-D,CCNG2,compound,gene
12478,CGI-D,PLAAT1,compound,gene
12478,CGI-D,BCAR3,compound,gene
12478,CGI-D,S100A4,compound,gene
12478,CGI-D,DHRS7,compound,gene
12478,CGI-D,COASY,compound,gene
12478,CGI-D,TLCD3A,compound,gene
12478,CGI-D,G3BP1,compound,gene
12478,CGI-D,TAF9,compound,gene
12478,CGI-D,LGALS1,compound,gene
12478,CGI-D,LAMTOR2,compound,gene
12478,CGI-D,MRPL2,compound,gene
12478,CGI-D,NOSIP,compound,gene
12478,CGI-D,MRPL34,compound,gene
12478,CGI-D,ATG101,compound,gene
12478,CGI-D,SRPX,compound,gene
12478,CGI-D,MSMO1,compound,gene
12478,CGI-D,SNU13,compound,gene
12478,CGI-D,TAF6,compound,gene
12478,CGI-D,HSD17B7,compound,gene
12478,CGI-U,MAL,compound,gene
12478,CGI-U,SESN1,compound,gene
12478,CGI-U,AXIN1,compound,gene
12478,CGI-U,SELL,compound,gene
12478,CGI-U,COQ8A,compound,gene
12478,CGI-U,TIAM1,compound,gene
12478,CGI-U,STIMATE,compound,gene
12478,CGI-U,CHMP6,compound,gene
12478,CGI-U,GATA3,compound,gene
12478,CGI-U,CADM1,compound,gene
12478,CGI-U,RRP8,compound,gene
12478,CGI-U,CCDC92,compound,gene
12478,CGI-U,RAB11FIP2,compound,gene
12478,CGI-U,CHP1,compound,gene
12478,CGI-U,UBQLN2,compound,gene
12478,CGI-U,DHX29,compound,gene
12478,CGI-U,HERC6,compound,gene
12478,CGI-U,FZD7,compound,gene
12478,CGI-U,GRM6,compound,gene
12478,CGI-U,HDGFL3,compound,gene
12478,CGI-U,ITGB3,compound,gene
12478,CGI-U,MYLK,compound,gene
12478,CGI-U,FAS,compound,gene
12478,CGI-U,ZSCAN18,compound,gene
12478,CGI-U,TCTN1,compound,gene
12478,CGI-U,ADAM10,compound,gene
12478,CGI-U,MLLT11,compound,gene
12478,CGI-U,CFLAR,compound,gene
12478,CGI-U,VAV3,compound,gene
12478,CGI-U,AGL,compound,gene
12478,CGI-U,GHR,compound,gene
12478,CGI-U,CPLANE2,compound,gene
12478,CGI-U,TSEN2,compound,gene
12478,CGI-U,PACSIN3,compound,gene
12478,CGI-U,IKBKE,compound,gene
12478,CGI-U,NFKB2,compound,gene
12478,CGI-U,GLI2,compound,gene
12478,CGI-U,KIAA0753,compound,gene
12478,CGI-U,RNF144A,compound,gene
12478,CGI-U,PPBP,compound,gene
12478,CGI-U,KIF5C,compound,gene
12478,CGI-U,ERAP2,compound,gene
12478,CGI-U,MSRA,compound,gene
12478,CGI-U,INCENP,compound,gene
12478,CGI-U,GPX3,compound,gene
12478,CGI-U,PRKCH,compound,gene
12478,CGI-U,UBASH3A,compound,gene
12478,CGI-U,CDK6,compound,gene
12478,CGI-U,PRKCB,compound,gene
12478,CGI-U,PIGZ,compound,gene
12478,CGI-U,CR1,compound,gene
12478,CGI-U,HK1,compound,gene
12478,CGI-U,TCFL5,compound,gene
12478,CGI-U,PRKCQ,compound,gene
12478,CGI-U,USP6NL,compound,gene
12478,CGI-U,MBNL1,compound,gene
12478,CGI-U,SERPINA3,compound,gene
12478,CGI-U,NNT,compound,gene
12478,CGI-U,MBTPS1,compound,gene
12478,CGI-U,PCDHA3,compound,gene
12478,CGI-U,FURIN,compound,gene
12478,CGI-U,CENPN,compound,gene
12478,CGI-U,CCP110,compound,gene
12478,CGI-U,OPA3,compound,gene
12478,CGI-U,HLA-DMA,compound,gene
12478,CGI-U,SYNE2,compound,gene
12478,CGI-U,TBXA2R,compound,gene
12478,CGI-U,LINC01278,compound,gene
12478,CGI-U,SLC1A4,compound,gene
12478,CGI-U,KIT,compound,gene
12478,CGI-U,LILRB1,compound,gene
12478,CGI-U,MAP2K5,compound,gene
12478,CGI-U,GOLM1,compound,gene
12478,CGI-U,RSU1,compound,gene
12478,CGI-U,TNFRSF1B,compound,gene
12478,CGI-U,FAM50B,compound,gene
12478,CGI-U,KLHL9,compound,gene
12478,CGI-U,PDLIM5,compound,gene
12478,CGI-U,KRTAP1-1,compound,gene
12478,CGI-U,SKI,compound,gene
12478,CGI-U,PRUNE1,compound,gene
12478,CGI-U,STAP2,compound,gene
12478,CGI-U,PLCB3,compound,gene
12478,CGI-U,PECR,compound,gene
12478,CGI-U,FAM168B,compound,gene
12478,CGI-U,MAP3K4,compound,gene
12478,CGI-U,NPAT,compound,gene
12478,CGI-U,FRS3,compound,gene
12478,CGI-U,COL11A1,compound,gene
12478,CGI-U,CD33,compound,gene
12478,CGI-U,SCARB2,compound,gene
12478,CGI-U,SPATA6L,compound,gene
12478,CGI-U,DENND2D,compound,gene
12478,CGI-U,WDR6,compound,gene
12478,CGI-U,PYY,compound,gene
12478,CGI-U,DMBT1,compound,gene
12478,CGI-U,KLHDC4,compound,gene
12478,CGI-U,EPHB2,compound,gene
12478,CGI-U,KLHL21,compound,gene
12478,CGI-U,ALMS1,compound,gene
12478,CGI-U,FHL3,compound,gene
12478,CGI-U,EDIL3,compound,gene
12478,CGI-U,ZFPM2,compound,gene
12478,CGI-U,CCNA1,compound,gene
12478,CGI-U,RGS4,compound,gene
12478,CGI-U,CASP2,compound,gene
12478,CGI-U,BHLHE41,compound,gene
12478,CGI-U,HLA-DRA,compound,gene
12478,CGI-U,FBXO11,compound,gene
12478,CGI-U,PAK6,compound,gene
12478,CGI-U,ILRUN,compound,gene
12478,CGI-U,FEV,compound,gene
12478,CGI-U,PFKFB4,compound,gene
12478,CGI-U,TBX2,compound,gene
12478,CGI-U,ZNF274,compound,gene
12478,CGI-U,FN3KRP,compound,gene
12478,CGI-U,AMDHD2,compound,gene
12478,CGI-U,HBB,compound,gene
12478,CGI-U,CHODL,compound,gene
12478,CGI-U,CRIP1,compound,gene
12478,CGI-U,AMACR,compound,gene
12478,CGI-U,TJP1,compound,gene
12478,CGI-U,ANO10,compound,gene
12478,CGI-U,ARPP19,compound,gene
12478,CGI-U,MSX2,compound,gene
12478,CGI-U,PRKAG2,compound,gene
12478,CGI-U,BST1,compound,gene
12478,CGI-U,PIK3R3,compound,gene
12478,CGI-U,DNASE2B,compound,gene
12478,CGI-U,PRR16,compound,gene
12478,CGI-U,BICRAL,compound,gene
12478,CGI-U,ADGRB3,compound,gene
12478,CGI-U,ADGRG3,compound,gene
12478,CGI-U,CD244,compound,gene
12478,CGI-U,CHEK2,compound,gene
12478,CGI-U,ELAVL1,compound,gene
12478,CGI-U,MAP7,compound,gene
12478,CGI-U,NT5M,compound,gene
12478,CGI-U,LZTS1,compound,gene
12478,CGI-U,LY6E,compound,gene
12478,CGI-U,RHBG,compound,gene
12478,CGI-U,MYH10,compound,gene
12478,CGI-U,NUP133,compound,gene
12478,CGI-U,GARNL3,compound,gene
12478,CGI-U,ATP6V1B2,compound,gene
12478,CGI-U,RARB,compound,gene
12478,CGI-U,AGPAT3,compound,gene
12478,CGI-U,CER1,compound,gene
12478,CGI-U,TDRD3,compound,gene
12478,CGI-U,TWSG1,compound,gene
12478,CGI-U,APOBEC3F,compound,gene
12478,CGI-U,FOLH1B,compound,gene
12478,CGI-U,KCTD20,compound,gene
12478,CGI-U,ME2,compound,gene
12478,CGI-U,SATB1,compound,gene
12478,CGI-U,PTPN6,compound,gene
12478,CGI-U,TADA2A,compound,gene
12478,CGI-U,POLR3D,compound,gene
12478,CGI-U,PHOX2A,compound,gene
12478,CGI-U,IGHMBP2,compound,gene
12478,CGI-U,CTNNB1,compound,gene
12478,CGI-U,PHKB,compound,gene
12478,CGI-U,PRKDC,compound,gene
12478,CGI-U,CD160,compound,gene
12478,CGI-U,NFAT5,compound,gene
12478,CGI-U,NF1,compound,gene
12478,CGI-U,FOS,compound,gene
12478,CGI-U,C11orf71,compound,gene
12478,CGI-U,CAMK1G,compound,gene
12478,CGI-U,PRKD1,compound,gene
12478,CGI-U,AFF4,compound,gene
12478,CGI-U,NLRX1,compound,gene
12478,CGI-U,BMP3,compound,gene
12478,CGI-U,CCN4,compound,gene
12478,CGI-U,NDUFB2-AS1,compound,gene
12478,CGI-U,C1orf116,compound,gene
12478,CGI-U,SIPA1L1,compound,gene
12478,CGI-U,CRISP3,compound,gene
12478,CGI-U,RELB,compound,gene
12478,CGI-U,ABI3BP,compound,gene
12478,CGI-U,FBXO22,compound,gene
12478,CGI-U,RBKS,compound,gene
12478,CGI-U,APBB2,compound,gene
12478,CGI-U,RAC2,compound,gene
12478,CGI-U,WDR7,compound,gene
12478,CGI-U,MCTP2,compound,gene
12478,CGI-U,MXD1,compound,gene
12478,CGI-U,KLK15,compound,gene
12478,CGI-U,PSTPIP1,compound,gene
12478,CGI-U,EED,compound,gene
12478,CGI-U,LIPT1,compound,gene
12478,CGI-U,LCN2,compound,gene
12478,CGI-U,SLC24A1,compound,gene
12478,CGI-U,RNF8,compound,gene
12478,CGI-U,SETD1B,compound,gene
12478,CGI-U,EIF4ENIF1,compound,gene
12478,CGI-U,OVGP1,compound,gene
12478,CGI-U,GARRE1,compound,gene
12478,CGI-U,TBPL1,compound,gene
12478,CGI-U,RAB3A,compound,gene
26533,CGI-D,NVL,compound,gene
26533,CGI-D,TUBA1A,compound,gene
26533,CGI-D,RFC5,compound,gene
26533,CGI-D,DDAH1,compound,gene
26533,CGI-D,RNF167,compound,gene
26533,CGI-D,DENND1B,compound,gene
26533,CGI-D,PHKA1,compound,gene
26533,CGI-D,PEG10,compound,gene
26533,CGI-D,PWP1,compound,gene
26533,CGI-D,ACOT9,compound,gene
26533,CGI-D,TLCD3A,compound,gene
26533,CGI-D,PHB2,compound,gene
26533,CGI-D,CD40,compound,gene
26533,CGI-D,MAP3K6,compound,gene
26533,CGI-D,TRAPPC3,compound,gene
26533,CGI-D,DEGS1,compound,gene
26533,CGI-D,VGLL4,compound,gene
26533,CGI-D,SDC1,compound,gene
26533,CGI-D,KRT1,compound,gene
26533,CGI-D,TSPAN4,compound,gene
26533,CGI-D,IPO13,compound,gene
26533,CGI-D,WNK1,compound,gene
26533,CGI-D,SLC25A6,compound,gene
26533,CGI-D,RPS6,compound,gene
26533,CGI-D,FAAP100,compound,gene
26533,CGI-D,NT5DC3,compound,gene
26533,CGI-D,PLOD3,compound,gene
26533,CGI-D,POLG2,compound,gene
26533,CGI-D,KRT85,compound,gene
26533,CGI-D,GID4,compound,gene
26533,CGI-D,MAPKAPK2,compound,gene
26533,CGI-D,TASL,compound,gene
26533,CGI-D,DESI1,compound,gene
26533,CGI-D,PMM2,compound,gene
26533,CGI-D,SP2,compound,gene
26533,CGI-D,TRPM8,compound,gene
26533,CGI-D,NKIRAS2,compound,gene
26533,CGI-D,ABCD1,compound,gene
26533,CGI-D,SNRK,compound,gene
26533,CGI-D,ZBED1,compound,gene
26533,CGI-D,CPE,compound,gene
26533,CGI-D,ZNF174,compound,gene
26533,CGI-D,KIF17,compound,gene
26533,CGI-D,CHIC2,compound,gene
26533,CGI-D,SMNDC1,compound,gene
26533,CGI-D,NIT1,compound,gene
26533,CGI-D,UPK1A,compound,gene
26533,CGI-D,CENPU,compound,gene
26533,CGI-D,CD55,compound,gene
26533,CGI-D,SNX7,compound,gene
26533,CGI-D,CIC,compound,gene
26533,CGI-D,RIN3,compound,gene
26533,CGI-D,TFAP2A,compound,gene
26533,CGI-D,NOC2L,compound,gene
26533,CGI-D,KRT23,compound,gene
26533,CGI-D,TET3,compound,gene
26533,CGI-D,ADCY9,compound,gene
26533,CGI-D,NCOR2,compound,gene
26533,CGI-D,TAOK3,compound,gene
26533,CGI-D,HAAO,compound,gene
26533,CGI-D,FBXO28,compound,gene
26533,CGI-D,ZNF764,compound,gene
26533,CGI-D,AMDHD2,compound,gene
26533,CGI-D,GNA11,compound,gene
26533,CGI-D,PHTF1,compound,gene
26533,CGI-D,MTOR,compound,gene
26533,CGI-D,SUPT3H,compound,gene
26533,CGI-D,FOXM1,compound,gene
26533,CGI-D,TRIB1,compound,gene
26533,CGI-D,SLC12A9,compound,gene
26533,CGI-D,CYP11B2,compound,gene
26533,CGI-D,ACAD10,compound,gene
26533,CGI-D,EIF2AK1,compound,gene
26533,CGI-D,SLC12A6,compound,gene
26533,CGI-D,CLEC16A,compound,gene
26533,CGI-D,C6orf47,compound,gene
26533,CGI-D,FOSL2,compound,gene
26533,CGI-D,BPGM,compound,gene
26533,CGI-D,KCNC2,compound,gene
26533,CGI-D,CPTP,compound,gene
26533,CGI-D,NFE2L3,compound,gene
26533,CGI-D,TPRA1,compound,gene
26533,CGI-D,KCNN2,compound,gene
26533,CGI-D,VPS50,compound,gene
26533,CGI-D,ZNF671,compound,gene
26533,CGI-D,ZSWIM8,compound,gene
26533,CGI-D,HIP1R,compound,gene
26533,CGI-D,TNIP1,compound,gene
26533,CGI-D,DGCR2,compound,gene
26533,CGI-D,CDH15,compound,gene
26533,CGI-D,YBX3,compound,gene
26533,CGI-D,AKT3,compound,gene
26533,CGI-D,FBXO42,compound,gene
26533,CGI-D,RGS12,compound,gene
26533,CGI-D,ZDHHC6,compound,gene
26533,CGI-D,GRK4,compound,gene
26533,CGI-D,MARK4,compound,gene
26533,CGI-D,MRNIP,compound,gene
26533,CGI-D,DNMBP,compound,gene
26533,CGI-D,MAGEB2,compound,gene
26533,CGI-D,CDC20,compound,gene
26533,CGI-D,ELMO1,compound,gene
26533,CGI-D,KCTD13,compound,gene
26533,CGI-D,WASHC4,compound,gene
26533,CGI-D,CA5BP1,compound,gene
26533,CGI-D,ZNF227,compound,gene
26533,CGI-D,MEF2D,compound,gene
26533,CGI-D,TRAPPC11,compound,gene
26533,CGI-D,POLR3C,compound,gene
26533,CGI-D,RTN2,compound,gene
26533,CGI-D,NLRX1,compound,gene
26533,CGI-D,CAPN2,compound,gene
26533,CGI-D,IL12RB1,compound,gene
26533,CGI-D,SACM1L,compound,gene
26533,CGI-D,SZT2,compound,gene
26533,CGI-D,FZD7,compound,gene
26533,CGI-D,ALPP,compound,gene
26533,CGI-D,APBA1,compound,gene
26533,CGI-D,ZNF180,compound,gene
26533,CGI-D,MGRN1,compound,gene
26533,CGI-D,STK25,compound,gene
26533,CGI-D,FGF9,compound,gene
26533,CGI-D,HMGXB3,compound,gene
26533,CGI-D,HTATIP2,compound,gene
26533,CGI-D,COL9A2,compound,gene
26533,CGI-D,PIAS4,compound,gene
26533,CGI-D,CTNNBIP1,compound,gene
26533,CGI-D,PKP1,compound,gene
26533,CGI-D,ADPRM,compound,gene
26533,CGI-D,SH2B1,compound,gene
26533,CGI-D,MEGF9,compound,gene
26533,CGI-D,FOXO4,compound,gene
26533,CGI-D,LMOD1,compound,gene
26533,CGI-D,CD300C,compound,gene
26533,CGI-D,SRGAP2,compound,gene
26533,CGI-D,CROCCP2,compound,gene
26533,CGI-D,FBLN1,compound,gene
26533,CGI-D,WASF3,compound,gene
26533,CGI-D,SFN,compound,gene
26533,CGI-D,PIP5K1C,compound,gene
26533,CGI-D,PLK2,compound,gene
26533,CGI-D,TLR1,compound,gene
26533,CGI-D,MAOB,compound,gene
26533,CGI-D,TRMU,compound,gene
26533,CGI-D,CCNJ,compound,gene
26533,CGI-D,PACSIN2,compound,gene
26533,CGI-D,TCP11,compound,gene
26533,CGI-D,EZH1,compound,gene
26533,CGI-D,GIT2,compound,gene
26533,CGI-D,TNFSF9,compound,gene
26533,CGI-D,NAGA,compound,gene
26533,CGI-D,ARHGEF10L,compound,gene
26533,CGI-D,CFAP74,compound,gene
26533,CGI-D,ECE2,compound,gene
26533,CGI-D,SNCA,compound,gene
26533,CGI-D,NR4A1,compound,gene
26533,CGI-D,BRME1,compound,gene
26533,CGI-D,SLCO2A1,compound,gene
26533,CGI-D,ZNF280B,compound,gene
26533,CGI-D,RAX,compound,gene
26533,CGI-D,TES,compound,gene
26533,CGI-D,HLX,compound,gene
26533,CGI-D,S100A4,compound,gene
26533,CGI-D,HOMER2,compound,gene
26533,CGI-D,BRAP,compound,gene
26533,CGI-D,NFX1,compound,gene
26533,CGI-D,ATG4A,compound,gene
26533,CGI-D,FAM117A,compound,gene
26533,CGI-D,FBXW4,compound,gene
26533,CGI-D,RMC1,compound,gene
26533,CGI-D,DUSP3,compound,gene
26533,CGI-D,NFE2L2,compound,gene
26533,CGI-D,OXCT2,compound,gene
26533,CGI-D,FOXC2,compound,gene
26533,CGI-D,ZSCAN32,compound,gene
26533,CGI-D,WDR47,compound,gene
26533,CGI-D,MICAL2,compound,gene
26533,CGI-D,ACBD4,compound,gene
26533,CGI-D,INSL4,compound,gene
26533,CGI-D,XRCC1,compound,gene
26533,CGI-D,PKIG,compound,gene
26533,CGI-D,FRAT1,compound,gene
26533,CGI-D,VDR,compound,gene
26533,CGI-D,ZBTB39,compound,gene
26533,CGI-D,FGF3,compound,gene
26533,CGI-D,PACS2,compound,gene
26533,CGI-D,KLK1,compound,gene
26533,CGI-D,VPS37C,compound,gene
26533,CGI-D,ITGAL,compound,gene
26533,CGI-D,CD93,compound,gene
26533,CGI-D,NEDD4L,compound,gene
26533,CGI-D,TMEM8B,compound,gene
26533,CGI-D,ZNF354A,compound,gene
26533,CGI-D,HAGH,compound,gene
26533,CGI-D,WNT5B,compound,gene
26533,CGI-D,SSX1,compound,gene
26533,CGI-D,SHROOM2,compound,gene
26533,CGI-D,RNF40,compound,gene
26533,CGI-D,PAX1,compound,gene
26533,CGI-D,CRLF2,compound,gene
26533,CGI-U,MAP7,compound,gene
26533,CGI-U,WIF1,compound,gene
26533,CGI-U,UBQLN2,compound,gene
26533,CGI-U,MYLK,compound,gene
26533,CGI-U,RGS4,compound,gene
26533,CGI-U,PRKCQ,compound,gene
26533,CGI-U,AGR2,compound,gene
26533,CGI-U,RALB,compound,gene
26533,CGI-U,STAT3,compound,gene
26533,CGI-U,ALG5,compound,gene
26533,CGI-U,IFRD2,compound,gene
26533,CGI-U,PROS1,compound,gene
26533,CGI-U,KLHDC2,compound,gene
26533,CGI-U,ARMT1,compound,gene
26533,CGI-U,PLSCR1,compound,gene
26533,CGI-U,RBM39,compound,gene
26533,CGI-U,SCCPDH,compound,gene
26533,CGI-U,NNT,compound,gene
26533,CGI-U,BEX3,compound,gene
26533,CGI-U,MINDY1,compound,gene
26533,CGI-U,MAPK6,compound,gene
26533,CGI-U,HBB,compound,gene
26533,CGI-U,RBM25,compound,gene
26533,CGI-U,FPGS,compound,gene
26533,CGI-U,CHEK2,compound,gene
26533,CGI-U,AKAP8,compound,gene
26533,CGI-U,TPBG,compound,gene
26533,CGI-U,RBMS1,compound,gene
26533,CGI-U,HSPE1,compound,gene
26533,CGI-U,PPARG,compound,gene
26533,CGI-U,APPBP2,compound,gene
26533,CGI-U,RXYLT1,compound,gene
26533,CGI-U,SELENOT,compound,gene
26533,CGI-U,PCDH9,compound,gene
26533,CGI-U,RGS2,compound,gene
26533,CGI-U,RALY,compound,gene
26533,CGI-U,APRT,compound,gene
26533,CGI-U,NDUFB3,compound,gene
26533,CGI-U,ERGIC3,compound,gene
26533,CGI-U,AHCY,compound,gene
26533,CGI-U,HSPH1,compound,gene
26533,CGI-U,PAPPA,compound,gene
26533,CGI-U,GALNS,compound,gene
26533,CGI-U,GLG1,compound,gene
26533,CGI-U,OSBPL1A,compound,gene
26533,CGI-U,PIP4K2B,compound,gene
26533,CGI-U,GABRE,compound,gene
26533,CGI-U,CRIP1,compound,gene
26533,CGI-U,EML4,compound,gene
26533,CGI-U,TASOR,compound,gene
26533,CGI-U,NQO1,compound,gene
26533,CGI-U,SNTB2,compound,gene
26533,CGI-U,CCNA2,compound,gene
26533,CGI-U,ITGAV,compound,gene
26533,CGI-U,PPP1CA,compound,gene
26533,CGI-U,CYBA,compound,gene
26533,CGI-U,DARS1,compound,gene
26533,CGI-U,PDHB,compound,gene
26533,CGI-U,ATP5PD,compound,gene
26533,CGI-U,RASA1,compound,gene
26533,CGI-U,RAB5IF,compound,gene
26533,CGI-U,STARD13,compound,gene
26533,CGI-U,LSM6,compound,gene
26533,CGI-U,COMMD4,compound,gene
26533,CGI-U,ICA1,compound,gene
26533,CGI-U,RPN2,compound,gene
26533,CGI-U,POLE2,compound,gene
26533,CGI-U,PNN,compound,gene
26533,CGI-U,MRPL58,compound,gene
26533,CGI-U,SOX2,compound,gene
26533,CGI-U,ZDHHC24,compound,gene
26533,CGI-U,NDUFB1,compound,gene
26533,CGI-U,GABPB1,compound,gene
26533,CGI-U,BECN1,compound,gene
26533,CGI-U,PECR,compound,gene
26533,CGI-U,COX5B,compound,gene
26533,CGI-U,BANF1,compound,gene
26533,CGI-U,MAPRE1,compound,gene
26533,CGI-U,TBC1D15,compound,gene
26533,CGI-U,TMA7,compound,gene
26533,CGI-U,CPNE1,compound,gene
26533,CGI-U,SCAND1,compound,gene
26533,CGI-U,PREP,compound,gene
26533,CGI-U,PALS1,compound,gene
26533,CGI-U,EPB41L1,compound,gene
26533,CGI-U,LDLR,compound,gene
26533,CGI-U,CBFB,compound,gene
26533,CGI-U,CHORDC1,compound,gene
26533,CGI-U,SF3B5,compound,gene
26533,CGI-U,YWHAB,compound,gene
26533,CGI-U,RAB14,compound,gene
26533,CGI-U,NXT1,compound,gene
26533,CGI-U,BAX,compound,gene
26533,CGI-U,IL6ST,compound,gene
26533,CGI-U,HFE,compound,gene
26533,CGI-U,BZW2,compound,gene
26533,CGI-U,RPA3,compound,gene
26533,CGI-U,SUCLG2,compound,gene
26533,CGI-U,TMEM208,compound,gene
26533,CGI-U,OLFM1,compound,gene
26533,CGI-U,TMED10,compound,gene
26533,CGI-U,CCNL1,compound,gene
26533,CGI-U,NR1H3,compound,gene
26533,CGI-U,EIF5,compound,gene
26533,CGI-U,GSS,compound,gene
26533,CGI-U,SDHB,compound,gene
26533,CGI-U,KCNN1,compound,gene
26533,CGI-U,PRRG1,compound,gene
26533,CGI-U,RAB1B,compound,gene
26533,CGI-U,ITGB1BP1,compound,gene
26533,CGI-U,SRSF10,compound,gene
26533,CGI-U,E2F5,compound,gene
26533,CGI-U,COX7B,compound,gene
26533,CGI-U,SLC1A2,compound,gene
26533,CGI-U,ADD3,compound,gene
26533,CGI-U,TMEM126B,compound,gene
26533,CGI-U,ATP5MJ,compound,gene
26533,CGI-U,TMBIM4,compound,gene
26533,CGI-U,EIF6,compound,gene
26533,CGI-U,HSBP1,compound,gene
26533,CGI-U,NSDHL,compound,gene
26533,CGI-U,RCN2,compound,gene
26533,CGI-U,MNAT1,compound,gene
26533,CGI-U,SCARB2,compound,gene
26533,CGI-U,MRPL13,compound,gene
26533,CGI-U,TRIM32,compound,gene
26533,CGI-U,AP1S1,compound,gene
26533,CGI-U,RIF1,compound,gene
26533,CGI-U,MRC2,compound,gene
26533,CGI-U,TMPRSS4,compound,gene
26533,CGI-U,EIF4A3,compound,gene
26533,CGI-U,SPRY2,compound,gene
26533,CGI-U,TOMM34,compound,gene
26533,CGI-U,TXNIP,compound,gene
26533,CGI-U,ZBTB1,compound,gene
26533,CGI-U,UBL5,compound,gene
26533,CGI-U,FA2H,compound,gene
26533,CGI-U,ITPA,compound,gene
26533,CGI-U,NOLC1,compound,gene
26533,CGI-U,ENSA,compound,gene
26533,CGI-U,PRKCD,compound,gene
26533,CGI-U,POLR2G,compound,gene
26533,CGI-U,THAP11,compound,gene
26533,CGI-U,STX1A,compound,gene
26533,CGI-U,SLIRP,compound,gene
26533,CGI-U,PLS1,compound,gene
26533,CGI-U,EMC9,compound,gene
26533,CGI-U,PIGT,compound,gene
26533,CGI-U,ADAM10,compound,gene
26533,CGI-U,EIF3K,compound,gene
26533,CGI-U,ACP6,compound,gene
26533,CGI-U,TNFAIP6,compound,gene
26533,CGI-U,RFX5,compound,gene
26533,CGI-U,CNTNAP1,compound,gene
26533,CGI-U,HERPUD1,compound,gene
26533,CGI-U,ERAP2,compound,gene
26533,CGI-U,MRPL11,compound,gene
26533,CGI-U,SLC38A6,compound,gene
26533,CGI-U,ACOT8,compound,gene
26533,CGI-U,ZNF281,compound,gene
26533,CGI-U,ASXL1,compound,gene
26533,CGI-U,SMARCC1,compound,gene
26533,CGI-U,KCNE4,compound,gene
26533,CGI-U,GINS2,compound,gene
26533,CGI-U,CTSG,compound,gene
26533,CGI-U,COX6C,compound,gene
26533,CGI-U,ANAPC1,compound,gene
26533,CGI-U,CLINT1,compound,gene
26533,CGI-U,PXMP2,compound,gene
26533,CGI-U,ACBD3,compound,gene
26533,CGI-U,TIMM10,compound,gene
26533,CGI-U,DLAT,compound,gene
26533,CGI-U,MRPS30,compound,gene
26533,CGI-U,SYNGR3,compound,gene
26533,CGI-U,H2BC12,compound,gene
26533,CGI-U,RGL1,compound,gene
26533,CGI-U,NDC1,compound,gene
26533,CGI-U,ACVR2A,compound,gene
26533,CGI-U,TFRC,compound,gene
26533,CGI-U,SEC61G,compound,gene
26533,CGI-U,TMEM160,compound,gene
26533,CGI-U,SLC39A9,compound,gene
26533,CGI-U,RPS27L,compound,gene
26533,CGI-U,MRPS7,compound,gene
26533,CGI-U,HNRNPDL,compound,gene
26533,CGI-U,TSPAN3,compound,gene
26533,CGI-U,LGMN,compound,gene
26533,CGI-U,RABEPK,compound,gene
26533,CGI-U,CNIH3,compound,gene
26533,CGI-U,VTI1B,compound,gene
26533,CGI-U,LEMD3,compound,gene
26533,CGI-U,ARPP19,compound,gene
26533,CGI-U,CYB561D2,compound,gene
26533,CGI-U,PIH1D1,compound,gene
26533,CGI-U,SYNJ2,compound,gene
26533,CGI-U,GOLM1,compound,gene
26533,CGI-U,COPS2,compound,gene
26533,CGI-U,TMBIM6,compound,gene
26533,CGI-U,HSPA5,compound,gene
26533,CGI-U,GOLGA2,compound,gene
3724,CGI-D,SLC5A6,compound,gene
3724,CGI-D,AKR7A2,compound,gene
3724,CGI-D,NUSAP1,compound,gene
3724,CGI-D,GDF15,compound,gene
3724,CGI-D,HAT1,compound,gene
3724,CGI-D,CCNB2,compound,gene
3724,CGI-D,PAN2,compound,gene
3724,CGI-D,CCDC86,compound,gene
3724,CGI-D,TYMS,compound,gene
3724,CGI-D,VEGFA,compound,gene
3724,CGI-D,YBX3,compound,gene
3724,CGI-D,GADD45B,compound,gene
3724,CGI-D,CD40,compound,gene
3724,CGI-D,TUBA4A,compound,gene
3724,CGI-D,IGFBP2,compound,gene
3724,CGI-D,PSIP1,compound,gene
3724,CGI-D,PEG10,compound,gene
3724,CGI-D,COTL1,compound,gene
3724,CGI-D,POLR2L,compound,gene
3724,CGI-D,CEBPB,compound,gene
3724,CGI-D,LSM5,compound,gene
3724,CGI-D,AKR7A3,compound,gene
3724,CGI-D,NR2F6,compound,gene
3724,CGI-D,NUP85,compound,gene
3724,CGI-D,PAPSS2,compound,gene
3724,CGI-D,CSRP1,compound,gene
3724,CGI-D,RFC5,compound,gene
3724,CGI-D,TSN,compound,gene
3724,CGI-D,NBL1,compound,gene
3724,CGI-D,RWDD3,compound,gene
3724,CGI-D,SMARCD1,compound,gene
3724,CGI-D,CGRRF1,compound,gene
3724,CGI-D,VDAC1,compound,gene
3724,CGI-D,C1D,compound,gene
3724,CGI-D,NAAA,compound,gene
3724,CGI-D,TIMP1,compound,gene
3724,CGI-D,APLP2,compound,gene
3724,CGI-D,PLA2G2A,compound,gene
3724,CGI-D,DDX27,compound,gene
3724,CGI-D,SPRED2,compound,gene
3724,CGI-D,UBQLN2,compound,gene
3724,CGI-D,SEMA4G,compound,gene
3724,CGI-D,SDC1,compound,gene
3724,CGI-D,SPATA2L,compound,gene
3724,CGI-D,POLH,compound,gene
3724,CGI-D,PCBD1,compound,gene
3724,CGI-D,CR2,compound,gene
3724,CGI-D,ELAC2,compound,gene
3724,CGI-D,NCAPD2,compound,gene
3724,CGI-D,COL6A1,compound,gene
3724,CGI-D,NET1,compound,gene
3724,CGI-D,COL16A1,compound,gene
3724,CGI-D,KMT2A,compound,gene
3724,CGI-D,SYNJ2BP,compound,gene
3724,CGI-D,SOCS5,compound,gene
3724,CGI-D,PDS5A,compound,gene
3724,CGI-D,PIK3CB,compound,gene
3724,CGI-D,PDZRN3,compound,gene
3724,CGI-D,SIN3B,compound,gene
3724,CGI-D,ADCY3,compound,gene
3724,CGI-D,IL2RG,compound,gene
3724,CGI-D,AGO2,compound,gene
3724,CGI-D,SSB,compound,gene
3724,CGI-D,PTP4A2,compound,gene
3724,CGI-D,KLHL23,compound,gene
3724,CGI-D,C7,compound,gene
3724,CGI-D,GREB1,compound,gene
3724,CGI-D,NPR2,compound,gene
3724,CGI-D,PASK,compound,gene
3724,CGI-D,ZNF451,compound,gene
3724,CGI-D,NOTCH3,compound,gene
3724,CGI-D,ACOT7,compound,gene
3724,CGI-D,RNF19B,compound,gene
3724,CGI-D,NUPR1,compound,gene
3724,CGI-D,CDC20,compound,gene
3724,CGI-D,SLC25A4,compound,gene
3724,CGI-D,ATP1B3,compound,gene
3724,CGI-D,MUC13,compound,gene
3724,CGI-D,RBM22,compound,gene
3724,CGI-D,SCG5,compound,gene
3724,CGI-D,MEG3,compound,gene
3724,CGI-D,DDX39A,compound,gene
3724,CGI-D,PRP4K,compound,gene
3724,CGI-D,PAK1IP1,compound,gene
3724,CGI-D,CRTC3,compound,gene
3724,CGI-D,DRAP1,compound,gene
3724,CGI-D,RANBP6,compound,gene
3724,CGI-D,PRKDC,compound,gene
3724,CGI-D,TMEM164,compound,gene
3724,CGI-D,GNL2,compound,gene
3724,CGI-D,HACD2,compound,gene
3724,CGI-D,SLC26A6,compound,gene
3724,CGI-D,ATF2,compound,gene
3724,CGI-D,TSPYL2,compound,gene
3724,CGI-D,CFP,compound,gene
3724,CGI-D,DPH2,compound,gene
3724,CGI-D,PDE9A,compound,gene
3724,CGI-D,FOSL2,compound,gene
3724,CGI-D,ZC3H14,compound,gene
3724,CGI-D,PTPRN2,compound,gene
3724,CGI-D,RBM15,compound,gene
3724,CGI-D,PTPN6,compound,gene
3724,CGI-D,KAT6A,compound,gene
3724,CGI-D,PIGZ,compound,gene
3724,CGI-D,LAMA3,compound,gene
3724,CGI-D,RSRC1,compound,gene
3724,CGI-D,LRP1,compound,gene
3724,CGI-D,PHLDB1,compound,gene
3724,CGI-D,SLC22A17,compound,gene
3724,CGI-D,LBR,compound,gene
3724,CGI-D,PTCRA,compound,gene
3724,CGI-D,SUGP2,compound,gene
3724,CGI-D,PAK4,compound,gene
3724,CGI-D,CPA2,compound,gene
3724,CGI-D,SQOR,compound,gene
3724,CGI-D,CUL5,compound,gene
3724,CGI-D,NFASC,compound,gene
3724,CGI-D,MIF,compound,gene
3724,CGI-D,MRE11,compound,gene
3724,CGI-D,PCBP3,compound,gene
3724,CGI-D,ZDHHC8BP,compound,gene
3724,CGI-D,MATN2,compound,gene
3724,CGI-D,DZIP1,compound,gene
3724,CGI-D,COLEC11,compound,gene
3724,CGI-D,ATP8A1,compound,gene
3724,CGI-D,SIDT2,compound,gene
3724,CGI-D,HOXC6,compound,gene
3724,CGI-D,DLG4,compound,gene
3724,CGI-D,EMILIN1,compound,gene
3724,CGI-D,LIN7C,compound,gene
3724,CGI-D,FAHD2A,compound,gene
3724,CGI-D,ATXN3,compound,gene
3724,CGI-D,RTN2,compound,gene
3724,CGI-D,TTLL3,compound,gene
3724,CGI-D,ACAD10,compound,gene
3724,CGI-D,S100A13,compound,gene
3724,CGI-D,JMJD6,compound,gene
3724,CGI-D,SPAST,compound,gene
3724,CGI-D,RIN3,compound,gene
3724,CGI-D,YLPM1,compound,gene
3724,CGI-D,PIBF1,compound,gene
3724,CGI-D,LGALS2,compound,gene
3724,CGI-D,AHCTF1,compound,gene
3724,CGI-D,SP2,compound,gene
3724,CGI-D,COX16,compound,gene
3724,CGI-D,KCTD2,compound,gene
3724,CGI-D,NFYB,compound,gene
3724,CGI-D,ALDH5A1,compound,gene
3724,CGI-D,VPS13C,compound,gene
3724,CGI-D,SECISBP2L,compound,gene
3724,CGI-D,PLAAT1,compound,gene
3724,CGI-D,MEGF8,compound,gene
3724,CGI-D,PSD,compound,gene
3724,CGI-D,NOP2,compound,gene
3724,CGI-D,STAT5A,compound,gene
3724,CGI-D,CLIP2,compound,gene
3724,CGI-D,CEP70,compound,gene
3724,CGI-D,EGR1,compound,gene
3724,CGI-D,TNS2,compound,gene
3724,CGI-D,POLQ,compound,gene
3724,CGI-D,PAX5,compound,gene
3724,CGI-D,NPIPA1,compound,gene
3724,CGI-D,MDC1,compound,gene
3724,CGI-D,RALGAPA1,compound,gene
3724,CGI-D,DCAF11,compound,gene
3724,CGI-D,IPP,compound,gene
3724,CGI-D,WLS,compound,gene
3724,CGI-D,APOBEC1,compound,gene
3724,CGI-D,CPSF7,compound,gene
3724,CGI-D,TM4SF20,compound,gene
3724,CGI-D,CRABP1,compound,gene
3724,CGI-D,SLC11A2,compound,gene
3724,CGI-D,SAFB2,compound,gene
3724,CGI-D,MTMR2,compound,gene
3724,CGI-D,FABP2,compound,gene
3724,CGI-D,CHD1,compound,gene
3724,CGI-D,SH3YL1,compound,gene
3724,CGI-D,DUOX2,compound,gene
3724,CGI-D,DDX11,compound,gene
3724,CGI-D,SEPTIN11,compound,gene
3724,CGI-D,NUCKS1,compound,gene
3724,CGI-D,TRAPPC3,compound,gene
3724,CGI-D,DDHD2,compound,gene
3724,CGI-D,SNX4,compound,gene
3724,CGI-D,RARRES1,compound,gene
3724,CGI-D,TBX3,compound,gene
3724,CGI-D,BCAS1,compound,gene
3724,CGI-D,CYB5R3,compound,gene
3724,CGI-D,COX8A,compound,gene
3724,CGI-D,GMDS,compound,gene
3724,CGI-D,USP19,compound,gene
3724,CGI-D,RO60,compound,gene
3724,CGI-D,HSPA8,compound,gene
3724,CGI-D,PLIN2,compound,gene
3724,CGI-D,CAMKK2,compound,gene
3724,CGI-D,PUS7L,compound,gene
3724,CGI-D,ELK1,compound,gene
3724,CGI-D,OTUD3,compound,gene
3724,CGI-D,NIPSNAP2,compound,gene
3724,CGI-D,ROCK2,compound,gene
3724,CGI-U,YME1L1,compound,gene
3724,CGI-U,HP,compound,gene
3724,CGI-U,ANO10,compound,gene
3724,CGI-U,BAMBI,compound,gene
3724,CGI-U,STIMATE,compound,gene
3724,CGI-U,MBNL2,compound,gene
3724,CGI-U,GON4L,compound,gene
3724,CGI-U,CASP2,compound,gene
3724,CGI-U,GATA3,compound,gene
3724,CGI-U,SCYL3,compound,gene
3724,CGI-U,PAK1,compound,gene
3724,CGI-U,PIH1D1,compound,gene
3724,CGI-U,MAP2K4,compound,gene
3724,CGI-U,ABHD17B,compound,gene
3724,CGI-U,ZFAND5,compound,gene
3724,CGI-U,HAX1,compound,gene
3724,CGI-U,LMAN2,compound,gene
3724,CGI-U,KIAA0753,compound,gene
3724,CGI-U,GOLM1,compound,gene
3724,CGI-U,CXCL2,compound,gene
3724,CGI-U,SUV39H1,compound,gene
3724,CGI-U,RIC8A,compound,gene
3724,CGI-U,HSD17B11,compound,gene
3724,CGI-U,AXIN1,compound,gene
3724,CGI-U,GLE1,compound,gene
3724,CGI-U,BET1,compound,gene
3724,CGI-U,GNAI1,compound,gene
3724,CGI-U,EFCAB14,compound,gene
3724,CGI-U,SET,compound,gene
3724,CGI-U,INPP4B,compound,gene
3724,CGI-U,MSL1,compound,gene
3724,CGI-U,PECR,compound,gene
3724,CGI-U,SIRT3,compound,gene
3724,CGI-U,NNT,compound,gene
3724,CGI-U,EDEM2,compound,gene
3724,CGI-U,PAK6,compound,gene
3724,CGI-U,MOK,compound,gene
3724,CGI-U,ELP1,compound,gene
3724,CGI-U,HBP1,compound,gene
3724,CGI-U,TEX10,compound,gene
3724,CGI-U,MAEA,compound,gene
3724,CGI-U,GAPVD1,compound,gene
3724,CGI-U,TRIP6,compound,gene
3724,CGI-U,NSA2,compound,gene
3724,CGI-U,HLA-DRA,compound,gene
3724,CGI-U,NCK2,compound,gene
3724,CGI-U,TUBA1B,compound,gene
3724,CGI-U,MAT2B,compound,gene
3724,CGI-U,RFC1,compound,gene
3724,CGI-U,KLHDC2,compound,gene
3724,CGI-U,PGLYRP1,compound,gene
3724,CGI-U,JARID2,compound,gene
3724,CGI-U,POPDC3,compound,gene
3724,CGI-U,FADD,compound,gene
3724,CGI-U,ME2,compound,gene
3724,CGI-U,IGSF3,compound,gene
3724,CGI-U,MITF,compound,gene
3724,CGI-U,ATF6,compound,gene
3724,CGI-U,SNRPB,compound,gene
3724,CGI-U,SSR2,compound,gene
3724,CGI-U,RMI1,compound,gene
3724,CGI-U,PCM1,compound,gene
3724,CGI-U,HPS6,compound,gene
3724,CGI-U,PPP4C,compound,gene
3724,CGI-U,CAPRIN1,compound,gene
3724,CGI-U,SLFN12,compound,gene
3724,CGI-U,TREM2,compound,gene
3724,CGI-U,ERGIC2,compound,gene
3724,CGI-U,FOCAD,compound,gene
3724,CGI-U,STAT3,compound,gene
3724,CGI-U,MAP3K2,compound,gene
3724,CGI-U,ALDH1B1,compound,gene
3724,CGI-U,RPS14P3,compound,gene
3724,CGI-U,TOR1B,compound,gene
3724,CGI-U,SEC24D,compound,gene
3724,CGI-U,GDI2,compound,gene
3724,CGI-U,CD58,compound,gene
3724,CGI-U,KRT10,compound,gene
3724,CGI-U,SNX3,compound,gene
3724,CGI-U,MLLT3,compound,gene
3724,CGI-U,CCNH,compound,gene
3724,CGI-U,POLE3,compound,gene
3724,CGI-U,IPW,compound,gene
3724,CGI-U,CCL2,compound,gene
3724,CGI-U,CYB5R4,compound,gene
3724,CGI-U,DTX2,compound,gene
3724,CGI-U,COL11A1,compound,gene
3724,CGI-U,ENTPD3,compound,gene
3724,CGI-U,RNF4,compound,gene
3724,CGI-U,NFATC3,compound,gene
3724,CGI-U,SCRN1,compound,gene
3724,CGI-U,ACOT8,compound,gene
3724,CGI-U,WIF1,compound,gene
3724,CGI-U,ARHGAP12,compound,gene
3724,CGI-U,MAN1B1,compound,gene
3724,CGI-U,ARID5B,compound,gene
3724,CGI-U,WFS1,compound,gene
3724,CGI-U,DNAJB9,compound,gene
3724,CGI-U,ZNF606,compound,gene
3724,CGI-U,RPP14,compound,gene
3724,CGI-U,RASA1,compound,gene
3724,CGI-U,GSTZ1,compound,gene
3724,CGI-U,ABHD5,compound,gene
3724,CGI-U,PYCARD,compound,gene
3724,CGI-U,SH2D4A,compound,gene
3724,CGI-U,PTPA,compound,gene
3724,CGI-U,EIF2S3,compound,gene
3724,CGI-U,ABHD17A,compound,gene
3724,CGI-U,MAPK14,compound,gene
3724,CGI-U,UBE2M,compound,gene
3724,CGI-U,COPE,compound,gene
3724,CGI-U,PIERCE1,compound,gene
3724,CGI-U,CCNO,compound,gene
3724,CGI-U,ATP6V1G1,compound,gene
3724,CGI-U,PPP2R2A,compound,gene
3724,CGI-U,ARFIP1,compound,gene
3724,CGI-U,TOLLIP,compound,gene
3724,CGI-U,TMEM208,compound,gene
3724,CGI-U,PDHB,compound,gene
3724,CGI-U,PYY,compound,gene
3724,CGI-U,BOLA1,compound,gene
3724,CGI-U,COPB1,compound,gene
3724,CGI-U,NLK,compound,gene
3724,CGI-U,INTS3,compound,gene
3724,CGI-U,TYRP1,compound,gene
3724,CGI-U,ANKHD1,compound,gene
3724,CGI-U,STAP2,compound,gene
3724,CGI-U,FBL,compound,gene
3724,CGI-U,LILRB1,compound,gene
3724,CGI-U,RAPGEF2,compound,gene
3724,CGI-U,FEZ2,compound,gene
3724,CGI-U,ARID4B,compound,gene
3724,CGI-U,COQ4,compound,gene
3724,CGI-U,TLCD3A,compound,gene
3724,CGI-U,YTHDF1,compound,gene
3724,CGI-U,MBD3,compound,gene
3724,CGI-U,COA3,compound,gene
3724,CGI-U,ATG3,compound,gene
3724,CGI-U,PELO,compound,gene
3724,CGI-U,MYB,compound,gene
3724,CGI-U,CAMSAP1,compound,gene
3724,CGI-U,MET,compound,gene
3724,CGI-U,CADPS2,compound,gene
3724,CGI-U,PTPN1,compound,gene
3724,CGI-U,TYW1,compound,gene
3724,CGI-U,RIN2,compound,gene
3724,CGI-U,RBPMS,compound,gene
3724,CGI-U,RAC2,compound,gene
3724,CGI-U,BRINP2,compound,gene
3724,CGI-U,RHOA,compound,gene
3724,CGI-U,CDC42SE1,compound,gene
3724,CGI-U,IL17RA,compound,gene
3724,CGI-U,PXMP4,compound,gene
3724,CGI-U,TIAM1,compound,gene
3724,CGI-U,BET1L,compound,gene
3724,CGI-U,ST3GAL6,compound,gene
3724,CGI-U,CPNE1,compound,gene
3724,CGI-U,MRPS16,compound,gene
3724,CGI-U,POMC,compound,gene
3724,CGI-U,DYRK1B,compound,gene
3724,CGI-U,RAB38,compound,gene
3724,CGI-U,ALPP,compound,gene
3724,CGI-U,CDK14,compound,gene
3724,CGI-U,ADGRE1,compound,gene
3724,CGI-U,SPOCK1,compound,gene
3724,CGI-U,POLD1,compound,gene
3724,CGI-U,USO1,compound,gene
3724,CGI-U,PAX8,compound,gene
3724,CGI-U,ERGIC3,compound,gene
3724,CGI-U,ACTR8,compound,gene
3724,CGI-U,UBA3,compound,gene
3724,CGI-U,POLL,compound,gene
3724,CGI-U,PTTG1IP,compound,gene
3724,CGI-U,ARG1,compound,gene
3724,CGI-U,WDR1,compound,gene
3724,CGI-U,CLNS1A,compound,gene
3724,CGI-U,PSMD5,compound,gene
3724,CGI-U,NDUFB6,compound,gene
3724,CGI-U,OXR1,compound,gene
3724,CGI-U,FAM114A1,compound,gene
3724,CGI-U,UTP20,compound,gene
3724,CGI-U,EOLA1,compound,gene
3724,CGI-U,KIRREL1,compound,gene
3724,CGI-U,PALB2,compound,gene
3724,CGI-U,NDUFAB1,compound,gene
3724,CGI-U,PSMA1,compound,gene
3724,CGI-U,SCAND1,compound,gene
3724,CGI-U,CTSG,compound,gene
3724,CGI-U,CARD8,compound,gene
3724,CGI-U,UBTD1,compound,gene
3724,CGI-U,WDFY3,compound,gene
3724,CGI-U,SNRK,compound,gene
3724,CGI-U,RABAC1,compound,gene
3724,CGI-U,WIPI1,compound,gene
3724,CGI-U,CAPZA1,compound,gene
3724,CGI-U,DSTN,compound,gene
3724,CGI-U,REEP5,compound,gene
3724,CGI-U,ZMAT5,compound,gene
3724,CGI-U,RPRD1A,compound,gene
3724,CGI-U,ODAD2,compound,gene
5491955,CGI-D,CCDC86,compound,gene
5491955,CGI-D,RPS4Y1,compound,gene
5491955,CGI-D,STUB1,compound,gene
5491955,CGI-D,HPRT1,compound,gene
5491955,CGI-D,KDM3A,compound,gene
5491955,CGI-D,TNIP1,compound,gene
5491955,CGI-D,LAP3,compound,gene
5491955,CGI-D,HMG20B,compound,gene
5491955,CGI-D,TRAPPC3,compound,gene
5491955,CGI-D,DNAJB6,compound,gene
5491955,CGI-D,ACAT2,compound,gene
5491955,CGI-D,GNAS,compound,gene
5491955,CGI-D,SAR1A,compound,gene
5491955,CGI-D,KIF20A,compound,gene
5491955,CGI-D,TXNDC9,compound,gene
5491955,CGI-D,NECAB2,compound,gene
5491955,CGI-D,PHLDA3,compound,gene
5491955,CGI-D,AKR7A2,compound,gene
5491955,CGI-D,CANT1,compound,gene
5491955,CGI-D,ABCA1,compound,gene
5491955,CGI-D,OXA1L,compound,gene
5491955,CGI-D,HMGCS1,compound,gene
5491955,CGI-D,PRPF4,compound,gene
5491955,CGI-D,LDHB,compound,gene
5491955,CGI-D,SMC1A,compound,gene
5491955,CGI-D,GDF15,compound,gene
5491955,CGI-D,ADH5,compound,gene
5491955,CGI-D,PCCB,compound,gene
5491955,CGI-D,CYCS,compound,gene
5491955,CGI-D,LSM5,compound,gene
5491955,CGI-D,KIAA0319,compound,gene
5491955,CGI-D,NIPSNAP1,compound,gene
5491955,CGI-D,VIM,compound,gene
5491955,CGI-D,RNF167,compound,gene
5491955,CGI-D,HSPA8,compound,gene
5491955,CGI-D,POLR3C,compound,gene
5491955,CGI-D,MRPS2,compound,gene
5491955,CGI-D,PPP2R3C,compound,gene
5491955,CGI-D,THAP11,compound,gene
5491955,CGI-D,TIMM9,compound,gene
5491955,CGI-D,TMC5,compound,gene
5491955,CGI-D,SNCA,compound,gene
5491955,CGI-D,ABCC2,compound,gene
5491955,CGI-D,UPK1A,compound,gene
5491955,CGI-D,HEATR1,compound,gene
5491955,CGI-D,TET3,compound,gene
5491955,CGI-D,PRMT2,compound,gene
5491955,CGI-D,RCAN3,compound,gene
5491955,CGI-D,VAT1,compound,gene
5491955,CGI-D,CACNA2D2,compound,gene
5491955,CGI-D,DNM1L,compound,gene
5491955,CGI-D,TUBB6,compound,gene
5491955,CGI-D,ENOPH1,compound,gene
5491955,CGI-D,TARBP1,compound,gene
5491955,CGI-D,ORM1,compound,gene
5491955,CGI-D,FABP5,compound,gene
5491955,CGI-D,IL12RB1,compound,gene
5491955,CGI-D,AKT3,compound,gene
5491955,CGI-D,NIP7,compound,gene
5491955,CGI-D,TAF5L,compound,gene
5491955,CGI-D,PDHX,compound,gene
5491955,CGI-D,DNMT3A,compound,gene
5491955,CGI-D,BASP1,compound,gene
5491955,CGI-D,SLC35F2,compound,gene
5491955,CGI-D,SHH,compound,gene
5491955,CGI-D,VEGFA,compound,gene
5491955,CGI-D,BAG3,compound,gene
5491955,CGI-D,RETREG3,compound,gene
5491955,CGI-D,CCNB1,compound,gene
5491955,CGI-D,TFPI2,compound,gene
5491955,CGI-D,AMH,compound,gene
5491955,CGI-D,FABP3,compound,gene
5491955,CGI-D,MINAR1,compound,gene
5491955,CGI-D,ALDH3B2,compound,gene
5491955,CGI-D,LAMA2,compound,gene
5491955,CGI-D,DNAJA3,compound,gene
5491955,CGI-D,ISOC1,compound,gene
5491955,CGI-D,CASP7,compound,gene
5491955,CGI-D,ARHGEF12,compound,gene
5491955,CGI-D,DLST,compound,gene
5491955,CGI-D,ATN1,compound,gene
5491955,CGI-D,ANKS1A,compound,gene
5491955,CGI-D,TXK,compound,gene
5491955,CGI-D,EPB41L2,compound,gene
5491955,CGI-D,COPB2,compound,gene
5491955,CGI-D,MBOAT7,compound,gene
5491955,CGI-D,PIN1,compound,gene
5491955,CGI-D,VPS50,compound,gene
5491955,CGI-D,CD320,compound,gene
5491955,CGI-D,RBM34,compound,gene
5491955,CGI-D,CRK,compound,gene
5491955,CGI-D,CACNB4,compound,gene
5491955,CGI-D,PUF60,compound,gene
5491955,CGI-D,HNMT,compound,gene
5491955,CGI-D,DAP3,compound,gene
5491955,CGI-D,C1orf174,compound,gene
5491955,CGI-D,SNU13,compound,gene
5491955,CGI-D,CENPI,compound,gene
5491955,CGI-D,ITGB1BP1,compound,gene
5491955,CGI-D,NUSAP1,compound,gene
5491955,CGI-D,PLAAT1,compound,gene
5491955,CGI-D,POLG,compound,gene
5491955,CGI-D,NVL,compound,gene
5491955,CGI-D,PSIP1,compound,gene
5491955,CGI-D,DHRS7,compound,gene
5491955,CGI-D,HAT1,compound,gene
5491955,CGI-D,SEMA4C,compound,gene
5491955,CGI-D,STIM1,compound,gene
5491955,CGI-D,PARD3,compound,gene
5491955,CGI-D,FIS1,compound,gene
5491955,CGI-D,ATP6V1D,compound,gene
5491955,CGI-D,CLTB,compound,gene
5491955,CGI-D,HERPUD1,compound,gene
5491955,CGI-D,UCN,compound,gene
5491955,CGI-D,ZNF44,compound,gene
5491955,CGI-D,KCNK7,compound,gene
5491955,CGI-D,DLD,compound,gene
5491955,CGI-D,CCNB2,compound,gene
5491955,CGI-D,CSRP1,compound,gene
5491955,CGI-D,POF1B,compound,gene
5491955,CGI-D,ITFG1,compound,gene
5491955,CGI-D,HOXD9,compound,gene
5491955,CGI-D,FBXW12,compound,gene
5491955,CGI-D,JMJD6,compound,gene
5491955,CGI-D,RAC1,compound,gene
5491955,CGI-D,DPH2,compound,gene
5491955,CGI-D,TUBA4A,compound,gene
5491955,CGI-D,N4BP3,compound,gene
5491955,CGI-D,TRMT9B,compound,gene
5491955,CGI-D,PLAUR,compound,gene
5491955,CGI-D,TWIST1,compound,gene
5491955,CGI-D,CHMP4A,compound,gene
5491955,CGI-D,WASHC4,compound,gene
5491955,CGI-D,LDAF1,compound,gene
5491955,CGI-D,DBN1,compound,gene
5491955,CGI-D,PLEKHB2,compound,gene
5491955,CGI-D,EPCAM,compound,gene
5491955,CGI-D,GLB1L,compound,gene
5491955,CGI-D,CCNC,compound,gene
5491955,CGI-D,PEG10,compound,gene
5491955,CGI-D,IL2RG,compound,gene
5491955,CGI-D,RNH1,compound,gene
5491955,CGI-D,GTPBP8,compound,gene
5491955,CGI-D,SPR,compound,gene
5491955,CGI-D,F2RL1,compound,gene
5491955,CGI-D,AACS,compound,gene
5491955,CGI-D,GREM1,compound,gene
5491955,CGI-D,PRKACG,compound,gene
5491955,CGI-D,RAX,compound,gene
5491955,CGI-D,ANXA1,compound,gene
5491955,CGI-D,PSG7,compound,gene
5491955,CGI-D,SGK1,compound,gene
5491955,CGI-D,GAPDHS,compound,gene
5491955,CGI-D,HIP1R,compound,gene
5491955,CGI-D,SLC5A6,compound,gene
5491955,CGI-D,TLK2,compound,gene
5491955,CGI-D,EXTL1,compound,gene
5491955,CGI-D,CXCR6,compound,gene
5491955,CGI-D,GAPDH,compound,gene
5491955,CGI-D,CNDP2,compound,gene
5491955,CGI-D,ARID4B,compound,gene
5491955,CGI-D,XRCC1,compound,gene
5491955,CGI-D,CRTC1,compound,gene
5491955,CGI-D,SCAI,compound,gene
5491955,CGI-D,KRTAP1-3,compound,gene
5491955,CGI-D,CPA2,compound,gene
5491955,CGI-D,NEK11,compound,gene
5491955,CGI-D,C8orf44,compound,gene
5491955,CGI-D,CYP3A5,compound,gene
5491955,CGI-D,PPP2R5E,compound,gene
5491955,CGI-D,RGS2,compound,gene
5491955,CGI-D,THOP1,compound,gene
5491955,CGI-D,SELP,compound,gene
5491955,CGI-D,E2F6,compound,gene
5491955,CGI-D,EPHB1,compound,gene
5491955,CGI-D,PKIG,compound,gene
5491955,CGI-D,DEGS1,compound,gene
5491955,CGI-D,IPO13,compound,gene
5491955,CGI-D,SPAG5,compound,gene
5491955,CGI-D,AP3S2,compound,gene
5491955,CGI-D,CPB2,compound,gene
5491955,CGI-D,PDE8A,compound,gene
5491955,CGI-D,GUCY2F,compound,gene
5491955,CGI-D,VEGFD,compound,gene
5491955,CGI-D,TTC19,compound,gene
5491955,CGI-D,USP19,compound,gene
5491955,CGI-D,CTDSP2,compound,gene
5491955,CGI-D,POU4F1,compound,gene
5491955,CGI-D,DLG4,compound,gene
5491955,CGI-D,IMPDH2,compound,gene
5491955,CGI-D,NNAT,compound,gene
5491955,CGI-D,ZNF654,compound,gene
5491955,CGI-D,MTMR8,compound,gene
5491955,CGI-D,FAM117A,compound,gene
5491955,CGI-D,TLE1,compound,gene
5491955,CGI-D,RYR1,compound,gene
5491955,CGI-D,RNASEH2B,compound,gene
5491955,CGI-D,MFAP4,compound,gene
5491955,CGI-D,KIAA0319L,compound,gene
5491955,CGI-D,INSL4,compound,gene
5491955,CGI-U,SPP1,compound,gene
5491955,CGI-U,SNAP25,compound,gene
5491955,CGI-U,MEF2C,compound,gene
5491955,CGI-U,MAP7,compound,gene
5491955,CGI-U,AMDHD2,compound,gene
5491955,CGI-U,STIMATE,compound,gene
5491955,CGI-U,COL11A1,compound,gene
5491955,CGI-U,INPP4B,compound,gene
5491955,CGI-U,VAV3,compound,gene
5491955,CGI-U,STAP2,compound,gene
5491955,CGI-U,TLR4,compound,gene
5491955,CGI-U,GNAI1,compound,gene
5491955,CGI-U,CAPN1,compound,gene
5491955,CGI-U,GATA2,compound,gene
5491955,CGI-U,PPP1R13B,compound,gene
5491955,CGI-U,SLC25A14,compound,gene
5491955,CGI-U,GRM6,compound,gene
5491955,CGI-U,MFSD10,compound,gene
5491955,CGI-U,ABCC5,compound,gene
5491955,CGI-U,SCP2,compound,gene
5491955,CGI-U,IDE,compound,gene
5491955,CGI-U,LYN,compound,gene
5491955,CGI-U,TIAM1,compound,gene
5491955,CGI-U,HLA-DRA,compound,gene
5491955,CGI-U,APBB2,compound,gene
5491955,CGI-U,ABHD6,compound,gene
5491955,CGI-U,PLCB3,compound,gene
5491955,CGI-U,AGL,compound,gene
5491955,CGI-U,RRS1,compound,gene
5491955,CGI-U,MUC1,compound,gene
5491955,CGI-U,COQ8A,compound,gene
5491955,CGI-U,CGRRF1,compound,gene
5491955,CGI-U,EGR1,compound,gene
5491955,CGI-U,MAPK6,compound,gene
5491955,CGI-U,PFKL,compound,gene
5491955,CGI-U,NOTCH1,compound,gene
5491955,CGI-U,MELK,compound,gene
5491955,CGI-U,ADO,compound,gene
5491955,CGI-U,FURIN,compound,gene
5491955,CGI-U,PAK1,compound,gene
5491955,CGI-U,BAD,compound,gene
5491955,CGI-U,MNAT1,compound,gene
5491955,CGI-U,PPARG,compound,gene
5491955,CGI-U,MRPL12,compound,gene
5491955,CGI-U,HES1,compound,gene
5491955,CGI-U,E2F2,compound,gene
5491955,CGI-U,CRYZ,compound,gene
5491955,CGI-U,IKZF1,compound,gene
5491955,CGI-U,BMP4,compound,gene
5491955,CGI-U,KLHL9,compound,gene
5491955,CGI-U,CRIP1,compound,gene
5491955,CGI-U,POLE2,compound,gene
5491955,CGI-U,CHMP6,compound,gene
5491955,CGI-U,MYLK,compound,gene
5491955,CGI-U,FGFR4,compound,gene
5491955,CGI-U,SLC35A3,compound,gene
5491955,CGI-U,SOX2,compound,gene
5491955,CGI-U,SSBP2,compound,gene
5491955,CGI-U,SESN1,compound,gene
5491955,CGI-U,PRKCH,compound,gene
5491955,CGI-U,PLSCR1,compound,gene
5491955,CGI-U,MPRIP,compound,gene
5491955,CGI-U,SLC37A4,compound,gene
5491955,CGI-U,MAPKAPK2,compound,gene
5491955,CGI-U,COMP,compound,gene
5491955,CGI-U,MYBL2,compound,gene
5491955,CGI-U,MYB,compound,gene
5491955,CGI-U,SLC27A3,compound,gene
5491955,CGI-U,BTK,compound,gene
5491955,CGI-U,CC2D2B,compound,gene
5491955,CGI-U,PDLIM5,compound,gene
5491955,CGI-U,ANO1,compound,gene
5491955,CGI-U,IRAK3,compound,gene
5491955,CGI-U,DCK,compound,gene
5491955,CGI-U,ZMIZ1,compound,gene
5491955,CGI-U,TBXA2R,compound,gene
5491955,CGI-U,CIDEA,compound,gene
5491955,CGI-U,BAX,compound,gene
5491955,CGI-U,SQOR,compound,gene
5491955,CGI-U,LYZ,compound,gene
5491955,CGI-U,KXD1,compound,gene
5491955,CGI-U,CYB561,compound,gene
5491955,CGI-U,ABHD4,compound,gene
5491955,CGI-U,DHRS2,compound,gene
5491955,CGI-U,RPP38,compound,gene
5491955,CGI-U,CXCL2,compound,gene
5491955,CGI-U,PECR,compound,gene
5491955,CGI-U,DMAC2L,compound,gene
5491955,CGI-U,SLC1A4,compound,gene
5491955,CGI-U,XIST,compound,gene
5491955,CGI-U,GNA15,compound,gene
5491955,CGI-U,RPL39L,compound,gene
5491955,CGI-U,PYY,compound,gene
5491955,CGI-U,YWHAB,compound,gene
5491955,CGI-U,DDX42,compound,gene
5491955,CGI-U,SDHC,compound,gene
5491955,CGI-U,CALM3,compound,gene
5491955,CGI-U,SGCB,compound,gene
5491955,CGI-U,SFN,compound,gene
5491955,CGI-U,OVGP1,compound,gene
5491955,CGI-U,METRN,compound,gene
5491955,CGI-U,IL21R,compound,gene
5491955,CGI-U,GOLM1,compound,gene
5491955,CGI-U,NR3C1,compound,gene
5491955,CGI-U,RAI2,compound,gene
5491955,CGI-U,TWF2,compound,gene
5491955,CGI-U,SEC24D,compound,gene
5491955,CGI-U,KDM5A,compound,gene
5491955,CGI-U,PEX11A,compound,gene
5491955,CGI-U,LAMA3,compound,gene
5491955,CGI-U,UBE3B,compound,gene
5491955,CGI-U,PLSCR3,compound,gene
5491955,CGI-U,FEV,compound,gene
5491955,CGI-U,MAST2,compound,gene
5491955,CGI-U,SDK2,compound,gene
5491955,CGI-U,BACE2,compound,gene
5491955,CGI-U,CASP3,compound,gene
5491955,CGI-U,PRKX,compound,gene
5491955,CGI-U,WDR7,compound,gene
5491955,CGI-U,KIAA0753,compound,gene
5491955,CGI-U,ST3GAL5,compound,gene
5491955,CGI-U,H2AX,compound,gene
5491955,CGI-U,CHEK1,compound,gene
5491955,CGI-U,SYK,compound,gene
5491955,CGI-U,STK10,compound,gene
5491955,CGI-U,GARNL3,compound,gene
5491955,CGI-U,CDCA4,compound,gene
5491955,CGI-U,KCNK1,compound,gene
5491955,CGI-U,CTNNA2,compound,gene
5491955,CGI-U,GMPR2,compound,gene
5491955,CGI-U,TGFBR2,compound,gene
5491955,CGI-U,ZBTB6,compound,gene
5491955,CGI-U,QSOX1,compound,gene
5491955,CGI-U,PTPRC,compound,gene
5491955,CGI-U,GALNS,compound,gene
5491955,CGI-U,SUV39H1,compound,gene
5491955,CGI-U,PIH1D1,compound,gene
5491955,CGI-U,PRKAG2,compound,gene
5491955,CGI-U,SLC39A14,compound,gene
5491955,CGI-U,VPS72,compound,gene
5491955,CGI-U,SOX9,compound,gene
5491955,CGI-U,TERT,compound,gene
5491955,CGI-U,FKBP14,compound,gene
5491955,CGI-U,INTS3,compound,gene
5491955,CGI-U,FAS,compound,gene
5491955,CGI-U,SRC,compound,gene
5491955,CGI-U,MINDY1,compound,gene
5491955,CGI-U,EAPP,compound,gene
5491955,CGI-U,UBASH3A,compound,gene
5491955,CGI-U,RAB11FIP2,compound,gene
5491955,CGI-U,REXO2,compound,gene
5491955,CGI-U,TRMT112,compound,gene
5491955,CGI-U,AGBL5,compound,gene
5491955,CGI-U,GSTZ1,compound,gene
5491955,CGI-U,NFATC3,compound,gene
5491955,CGI-U,SSBP1,compound,gene
5491955,CGI-U,CD40,compound,gene
5491955,CGI-U,FAM168B,compound,gene
5491955,CGI-U,HOXC6,compound,gene
5491955,CGI-U,PACSIN3,compound,gene
5491955,CGI-U,RAD9A,compound,gene
5491955,CGI-U,DNAJC15,compound,gene
5491955,CGI-U,TFDP1,compound,gene
5491955,CGI-U,PLK1,compound,gene
5491955,CGI-U,GON4L,compound,gene
5491955,CGI-U,ARPP19,compound,gene
5491955,CGI-U,SMYD3,compound,gene
5491955,CGI-U,PROS1,compound,gene
5491955,CGI-U,YTHDF1,compound,gene
5491955,CGI-U,HHEX,compound,gene
5491955,CGI-U,MAPKAPK5,compound,gene
5491955,CGI-U,UBQLN2,compound,gene
5491955,CGI-U,TBX2,compound,gene
5491955,CGI-U,SLC25A22,compound,gene
5491955,CGI-U,FSD1,compound,gene
5491955,CGI-U,TSEN2,compound,gene
5491955,CGI-U,DMBT1,compound,gene
5491955,CGI-U,NNT,compound,gene
5491955,CGI-U,PSMF1,compound,gene
5491955,CGI-U,ERLIN1,compound,gene
5491955,CGI-U,IL13RA1,compound,gene
5491955,CGI-U,WDR6,compound,gene
5491955,CGI-U,RAC2,compound,gene
5491955,CGI-U,RALB,compound,gene
5491955,CGI-U,MCM6,compound,gene
5491955,CGI-U,SPOCK1,compound,gene
5491955,CGI-U,WDR59,compound,gene
5491955,CGI-U,HBB,compound,gene
5491955,CGI-U,ART4,compound,gene
5491955,CGI-U,SCARB2,compound,gene
5491955,CGI-U,CHEK2,compound,gene
5491955,CGI-U,RAMP3,compound,gene
5491955,CGI-U,C11orf71,compound,gene
5491955,CGI-U,ARL15,compound,gene
5491955,CGI-U,MOK,compound,gene
5491955,CGI-U,NTS,compound,gene
5491955,CGI-U,CCNF,compound,gene
5491955,CGI-U,CFLAR,compound,gene
5491955,CGI-U,ALDH18A1,compound,gene
5491955,CGI-U,SOCS2,compound,gene
65664,CGI-D,HMGCS1,compound,gene
65664,CGI-D,CCNC,compound,gene
65664,CGI-D,PCNA,compound,gene
65664,CGI-D,DNAJA3,compound,gene
65664,CGI-D,SPR,compound,gene
65664,CGI-D,CANT1,compound,gene
65664,CGI-D,RPS4Y1,compound,gene
65664,CGI-D,PGAM1,compound,gene
65664,CGI-D,HMG20B,compound,gene
65664,CGI-D,CD320,compound,gene
65664,CGI-D,GNAS,compound,gene
65664,CGI-D,FKBP1A,compound,gene
65664,CGI-D,RFC2,compound,gene
65664,CGI-D,NIPSNAP1,compound,gene
65664,CGI-D,TPI1,compound,gene
65664,CGI-D,CCDC86,compound,gene
65664,CGI-D,CEBPB,compound,gene
65664,CGI-D,CLTB,compound,gene
65664,CGI-D,ACADVL,compound,gene
65664,CGI-D,RPS6KA1,compound,gene
65664,CGI-D,PPP2R5E,compound,gene
65664,CGI-D,ADI1,compound,gene
65664,CGI-D,DLD,compound,gene
65664,CGI-D,SAR1A,compound,gene
65664,CGI-D,AKR7A2,compound,gene
65664,CGI-D,UFC1,compound,gene
65664,CGI-D,JMJD6,compound,gene
65664,CGI-D,UTP3,compound,gene
65664,CGI-D,PSMD2,compound,gene
65664,CGI-D,TRAPPC3,compound,gene
65664,CGI-D,ENOPH1,compound,gene
65664,CGI-D,GAD1,compound,gene
65664,CGI-D,VDAC1,compound,gene
65664,CGI-D,ANXA1,compound,gene
65664,CGI-D,HSPA1A,compound,gene
65664,CGI-D,S100A8,compound,gene
65664,CGI-D,TUBA4A,compound,gene
65664,CGI-D,SPAG5,compound,gene
65664,CGI-D,MTERF3,compound,gene
65664,CGI-D,KRT8,compound,gene
65664,CGI-D,SEC23B,compound,gene
65664,CGI-D,PARP2,compound,gene
65664,CGI-D,VPS28,compound,gene
65664,CGI-D,CCNB1,compound,gene
65664,CGI-D,RAC1,compound,gene
65664,CGI-D,TTC19,compound,gene
65664,CGI-D,KDM3A,compound,gene
65664,CGI-D,ANXA5,compound,gene
65664,CGI-D,DERA,compound,gene
65664,CGI-D,TKT,compound,gene
65664,CGI-D,SNRPB,compound,gene
65664,CGI-D,COPB2,compound,gene
65664,CGI-D,CCNG2,compound,gene
65664,CGI-D,SDHAP1,compound,gene
65664,CGI-D,RCAN3,compound,gene
65664,CGI-D,NIP7,compound,gene
65664,CGI-D,KAT6A,compound,gene
65664,CGI-D,MLF2,compound,gene
65664,CGI-D,NVL,compound,gene
65664,CGI-D,RFX5,compound,gene
65664,CGI-D,STUB1,compound,gene
65664,CGI-D,ATP6V1D,compound,gene
65664,CGI-D,INSL4,compound,gene
65664,CGI-D,PLAUR,compound,gene
65664,CGI-D,SNRPA1,compound,gene
65664,CGI-D,POLG,compound,gene
65664,CGI-D,SCAND1,compound,gene
65664,CGI-D,ARPP19,compound,gene
65664,CGI-D,CDC20,compound,gene
65664,CGI-D,MSN,compound,gene
65664,CGI-D,ATF5,compound,gene
65664,CGI-D,ABHD3,compound,gene
65664,CGI-D,MAP2K1,compound,gene
65664,CGI-D,CD46,compound,gene
65664,CGI-D,VEGFA,compound,gene
65664,CGI-D,CAST,compound,gene
65664,CGI-D,PCCB,compound,gene
65664,CGI-D,DLST,compound,gene
65664,CGI-D,ZNF706,compound,gene
65664,CGI-D,TNFRSF10B,compound,gene
65664,CGI-D,SEMA4C,compound,gene
65664,CGI-D,TMEM186,compound,gene
65664,CGI-D,FXR2,compound,gene
65664,CGI-D,PARD3,compound,gene
65664,CGI-D,BAG3,compound,gene
65664,CGI-D,EPB41L2,compound,gene
65664,CGI-D,C2CD5,compound,gene
65664,CGI-D,VAPA,compound,gene
65664,CGI-D,POLD1,compound,gene
65664,CGI-D,GRN,compound,gene
65664,CGI-D,NDUFS2,compound,gene
65664,CGI-D,DDX1,compound,gene
65664,CGI-D,FDPS,compound,gene
65664,CGI-D,PRPSAP2,compound,gene
65664,CGI-D,TUBB6,compound,gene
65664,CGI-D,PTRH2,compound,gene
65664,CGI-D,DROSHA,compound,gene
65664,CGI-D,FAM13A,compound,gene
65664,CGI-D,FCGRT,compound,gene
65664,CGI-D,RECQL,compound,gene
65664,CGI-D,ITGB1BP1,compound,gene
65664,CGI-D,DNAJB6,compound,gene
65664,CGI-D,PFN1,compound,gene
65664,CGI-D,PAFAH1B3,compound,gene
65664,CGI-D,CCNB2,compound,gene
65664,CGI-D,F2RL1,compound,gene
65664,CGI-D,CFP,compound,gene
65664,CGI-D,TCERG1,compound,gene
65664,CGI-D,EIF5,compound,gene
65664,CGI-D,UBAC1,compound,gene
65664,CGI-D,PDCD6,compound,gene
65664,CGI-D,PTPRK,compound,gene
65664,CGI-D,CDC45,compound,gene
65664,CGI-D,VASP,compound,gene
65664,CGI-D,PRSS3,compound,gene
65664,CGI-D,MTA1,compound,gene
65664,CGI-D,PSIP1,compound,gene
65664,CGI-D,TEX10,compound,gene
65664,CGI-D,SLC2A6,compound,gene
65664,CGI-D,CASP7,compound,gene
65664,CGI-D,CAPN2,compound,gene
65664,CGI-D,FKBP4,compound,gene
65664,CGI-D,HILPDA,compound,gene
65664,CGI-D,FNBP4,compound,gene
65664,CGI-D,TYMS,compound,gene
65664,CGI-D,FRYL,compound,gene
65664,CGI-D,TAF9,compound,gene
65664,CGI-D,NUCB2,compound,gene
65664,CGI-D,SART3,compound,gene
65664,CGI-D,THAP11,compound,gene
65664,CGI-D,S100A6,compound,gene
65664,CGI-D,PMM2,compound,gene
65664,CGI-D,EXT1,compound,gene
65664,CGI-D,FAM117A,compound,gene
65664,CGI-D,ARID4B,compound,gene
65664,CGI-D,PIN1,compound,gene
65664,CGI-D,TMC5,compound,gene
65664,CGI-D,PON2,compound,gene
65664,CGI-D,PDHX,compound,gene
65664,CGI-D,AKT3,compound,gene
65664,CGI-D,VGLL4,compound,gene
65664,CGI-D,LAPTM4A,compound,gene
65664,CGI-D,IL12RB1,compound,gene
65664,CGI-D,KIF14,compound,gene
65664,CGI-D,SNX3,compound,gene
65664,CGI-D,OXA1L,compound,gene
65664,CGI-D,DPYSL2,compound,gene
65664,CGI-D,PPP4R1,compound,gene
65664,CGI-D,GABARAPL2,compound,gene
65664,CGI-D,SLC35F2,compound,gene
65664,CGI-D,DYNC1I2,compound,gene
65664,CGI-D,NUP54,compound,gene
65664,CGI-D,SEMA6C,compound,gene
65664,CGI-D,VAT1,compound,gene
65664,CGI-D,RETREG3,compound,gene
65664,CGI-D,VAMP7,compound,gene
65664,CGI-D,CIAO2B,compound,gene
65664,CGI-D,NSFL1C,compound,gene
65664,CGI-D,RYR1,compound,gene
65664,CGI-D,TAGLN2,compound,gene
65664,CGI-D,MKNK1,compound,gene
65664,CGI-D,IFRD2,compound,gene
65664,CGI-D,EXOC1,compound,gene
65664,CGI-D,SLCO1C1,compound,gene
65664,CGI-D,TPD52,compound,gene
65664,CGI-D,GOLT1B,compound,gene
65664,CGI-D,CSF1R,compound,gene
65664,CGI-D,HBP1,compound,gene
65664,CGI-D,HPRT1,compound,gene
65664,CGI-D,COTL1,compound,gene
65664,CGI-D,OMG,compound,gene
65664,CGI-D,NCSTN,compound,gene
65664,CGI-D,EMC6,compound,gene
65664,CGI-D,HMGCR,compound,gene
65664,CGI-D,KLF5,compound,gene
65664,CGI-D,POMGNT1,compound,gene
65664,CGI-D,PTGES3,compound,gene
65664,CGI-D,SLC25A23,compound,gene
65664,CGI-D,B4GALT3,compound,gene
65664,CGI-D,GOLPH3,compound,gene
65664,CGI-D,YWHAQ,compound,gene
65664,CGI-D,NOP56,compound,gene
65664,CGI-D,FANCI,compound,gene
65664,CGI-D,SLC25A36,compound,gene
65664,CGI-D,ANKRD10,compound,gene
65664,CGI-D,ANKS1A,compound,gene
65664,CGI-D,KIF20A,compound,gene
65664,CGI-D,SHARPIN,compound,gene
65664,CGI-D,POLB,compound,gene
65664,CGI-D,NPTX2,compound,gene
65664,CGI-D,GEM,compound,gene
65664,CGI-D,CDIPT,compound,gene
65664,CGI-D,SMPDL3A,compound,gene
65664,CGI-D,KCNK7,compound,gene
65664,CGI-D,CYBC1,compound,gene
65664,CGI-D,TOR1AIP1,compound,gene
65664,CGI-D,RBCK1,compound,gene
65664,CGI-D,TMED3,compound,gene
65664,CGI-D,TRIM36,compound,gene
65664,CGI-D,TARBP1,compound,gene
65664,CGI-U,ADRB2,compound,gene
65664,CGI-U,DDIT4,compound,gene
65664,CGI-U,GATA3,compound,gene
65664,CGI-U,SATB1,compound,gene
65664,CGI-U,CASP2,compound,gene
65664,CGI-U,FBXO11,compound,gene
65664,CGI-U,SERPINA3,compound,gene
65664,CGI-U,GRM6,compound,gene
65664,CGI-U,ALAS1,compound,gene
65664,CGI-U,C2CD2,compound,gene
65664,CGI-U,MYLK,compound,gene
65664,CGI-U,MAMLD1,compound,gene
65664,CGI-U,NPR3,compound,gene
65664,CGI-U,MICALL1,compound,gene
65664,CGI-U,GHR,compound,gene
65664,CGI-U,HP,compound,gene
65664,CGI-U,MCOLN1,compound,gene
65664,CGI-U,RAMP3,compound,gene
65664,CGI-U,DFFB,compound,gene
65664,CGI-U,SRC,compound,gene
65664,CGI-U,CBLB,compound,gene
65664,CGI-U,SLC1A4,compound,gene
65664,CGI-U,RRP8,compound,gene
65664,CGI-U,PCK2,compound,gene
65664,CGI-U,CES1,compound,gene
65664,CGI-U,SELL,compound,gene
65664,CGI-U,RAI2,compound,gene
65664,CGI-U,DMBT1,compound,gene
65664,CGI-U,RAB3A,compound,gene
65664,CGI-U,IKZF1,compound,gene
65664,CGI-U,ST3GAL5,compound,gene
65664,CGI-U,XIST,compound,gene
65664,CGI-U,TF,compound,gene
65664,CGI-U,ERAP2,compound,gene
65664,CGI-U,GPATCH8,compound,gene
65664,CGI-U,TSC22D3,compound,gene
65664,CGI-U,RBP4,compound,gene
65664,CGI-U,TXNIP,compound,gene
65664,CGI-U,PDLIM5,compound,gene
65664,CGI-U,MAL,compound,gene
65664,CGI-U,CD40LG,compound,gene
65664,CGI-U,BEX3,compound,gene
65664,CGI-U,NFIL3,compound,gene
65664,CGI-U,TRIM44,compound,gene
65664,CGI-U,JADE2,compound,gene
65664,CGI-U,INCENP,compound,gene
65664,CGI-U,TBC1D9B,compound,gene
65664,CGI-U,WIF1,compound,gene
65664,CGI-U,STARD13,compound,gene
65664,CGI-U,AGR2,compound,gene
65664,CGI-U,ZSCAN18,compound,gene
65664,CGI-U,PLCB3,compound,gene
65664,CGI-U,CCNO,compound,gene
65664,CGI-U,LTF,compound,gene
65664,CGI-U,TBX2,compound,gene
65664,CGI-U,GARRE1,compound,gene
65664,CGI-U,MOK,compound,gene
65664,CGI-U,LILRB1,compound,gene
65664,CGI-U,FURIN,compound,gene
65664,CGI-U,PRKCH,compound,gene
65664,CGI-U,GLI2,compound,gene
65664,CGI-U,CHODL,compound,gene
65664,CGI-U,MLLT11,compound,gene
65664,CGI-U,VAV3,compound,gene
65664,CGI-U,DHRS2,compound,gene
65664,CGI-U,ABCC5,compound,gene
65664,CGI-U,BTK,compound,gene
65664,CGI-U,ANO1,compound,gene
65664,CGI-U,ALCAM,compound,gene
65664,CGI-U,EPHB2,compound,gene
65664,CGI-U,FAM168B,compound,gene
65664,CGI-U,CCNA1,compound,gene
65664,CGI-U,TERT,compound,gene
65664,CGI-U,HLA-DRA,compound,gene
65664,CGI-U,CHIT1,compound,gene
65664,CGI-U,F7,compound,gene
65664,CGI-U,PRKCQ,compound,gene
65664,CGI-U,ADO,compound,gene
65664,CGI-U,DDI2,compound,gene
65664,CGI-U,OVGP1,compound,gene
65664,CGI-U,TRIM58,compound,gene
65664,CGI-U,FOS,compound,gene
65664,CGI-U,SLC66A2,compound,gene
65664,CGI-U,NDUFB2-AS1,compound,gene
65664,CGI-U,CTNNB1,compound,gene
65664,CGI-U,ILRUN,compound,gene
65664,CGI-U,PYCR1,compound,gene
65664,CGI-U,PJA1,compound,gene
65664,CGI-U,KIT,compound,gene
65664,CGI-U,DLK1,compound,gene
65664,CGI-U,C2CD2L,compound,gene
65664,CGI-U,EGF,compound,gene
65664,CGI-U,PRSS53,compound,gene
65664,CGI-U,STIMATE,compound,gene
65664,CGI-U,CAB39L,compound,gene
65664,CGI-U,LCN2,compound,gene
65664,CGI-U,MALT1,compound,gene
65664,CGI-U,SERPINC1,compound,gene
65664,CGI-U,GNAI1,compound,gene
65664,CGI-U,AXIN1,compound,gene
65664,CGI-U,DDX21,compound,gene
65664,CGI-U,OPA3,compound,gene
65664,CGI-U,STK10,compound,gene
65664,CGI-U,SUSD6,compound,gene
65664,CGI-U,KCNJ10,compound,gene
65664,CGI-U,ODAD2,compound,gene
65664,CGI-U,GREB1,compound,gene
65664,CGI-U,ST6GALNAC2,compound,gene
65664,CGI-U,POSTN,compound,gene
65664,CGI-U,PEX12,compound,gene
65664,CGI-U,RASA1,compound,gene
65664,CGI-U,ZNF528,compound,gene
65664,CGI-U,AHSG,compound,gene
65664,CGI-U,PHGDH,compound,gene
65664,CGI-U,KIF5C,compound,gene
65664,CGI-U,SORBS2,compound,gene
65664,CGI-U,NFKB2,compound,gene
65664,CGI-U,BAG4,compound,gene
65664,CGI-U,C9,compound,gene
65664,CGI-U,ID2,compound,gene
65664,CGI-U,MSX2,compound,gene
65664,CGI-U,FZD7,compound,gene
65664,CGI-U,ZBTB39,compound,gene
65664,CGI-U,KLHL29,compound,gene
65664,CGI-U,CELF1,compound,gene
65664,CGI-U,SYT2,compound,gene
65664,CGI-U,CDH9,compound,gene
65664,CGI-U,SLC1A5,compound,gene
65664,CGI-U,ID4,compound,gene
65664,CGI-U,LOXL1,compound,gene
65664,CGI-U,AKAP3,compound,gene
65664,CGI-U,MAGED2,compound,gene
65664,CGI-U,DDR1,compound,gene
65664,CGI-U,AMBP,compound,gene
65664,CGI-U,FKBP5,compound,gene
65664,CGI-U,KIAA0513,compound,gene
65664,CGI-U,EGR2,compound,gene
65664,CGI-U,PACSIN3,compound,gene
65664,CGI-U,DAXX,compound,gene
65664,CGI-U,AGPAT3,compound,gene
65664,CGI-U,IKBKB,compound,gene
65664,CGI-U,C5,compound,gene
65664,CGI-U,PHF8,compound,gene
65664,CGI-U,SERPINA10,compound,gene
65664,CGI-U,TFPT,compound,gene
65664,CGI-U,ABI3BP,compound,gene
65664,CGI-U,GFRA1,compound,gene
65664,CGI-U,WNT2B,compound,gene
65664,CGI-U,VPS54,compound,gene
65664,CGI-U,CHP1,compound,gene
65664,CGI-U,RPL39L,compound,gene
65664,CGI-U,PCDHA3,compound,gene
65664,CGI-U,CCND1,compound,gene
65664,CGI-U,PTGS2,compound,gene
65664,CGI-U,BAHD1,compound,gene
65664,CGI-U,FOXE1,compound,gene
65664,CGI-U,ZNF274,compound,gene
65664,CGI-U,CC2D2B,compound,gene
65664,CGI-U,IFNG,compound,gene
65664,CGI-U,CELSR2,compound,gene
65664,CGI-U,MNAT1,compound,gene
65664,CGI-U,DCAF10,compound,gene
65664,CGI-U,TEX261,compound,gene
65664,CGI-U,ADCY3,compound,gene
65664,CGI-U,KCNA3,compound,gene
65664,CGI-U,SOSTDC1,compound,gene
65664,CGI-U,SYNJ2,compound,gene
65664,CGI-U,PRR3,compound,gene
65664,CGI-U,GPER1,compound,gene
65664,CGI-U,SCRN1,compound,gene
65664,CGI-U,TAF1,compound,gene
65664,CGI-U,LYRM1,compound,gene
65664,CGI-U,INPP4B,compound,gene
65664,CGI-U,SOX13,compound,gene
65664,CGI-U,SESN1,compound,gene
65664,CGI-U,GARNL3,compound,gene
65664,CGI-U,IL1B,compound,gene
65664,CGI-U,VTN,compound,gene
65664,CGI-U,EVL,compound,gene
65664,CGI-U,TNFSF15,compound,gene
65664,CGI-U,ME2,compound,gene
65664,CGI-U,UBASH3A,compound,gene
65664,CGI-U,PZP,compound,gene
65664,CGI-U,DIXDC1,compound,gene
65664,CGI-U,MYL9,compound,gene
65664,CGI-U,VSNL1,compound,gene
65664,CGI-U,HTR1F,compound,gene
65664,CGI-U,CDC42EP2,compound,gene
65664,CGI-U,TMCO3,compound,gene
65664,CGI-U,UBXN7,compound,gene
65664,CGI-U,KLHL21,compound,gene
65664,CGI-U,EDAR,compound,gene
65664,CGI-U,ADAT1,compound,gene
65664,CGI-U,ZNF556,compound,gene
65664,CGI-U,KRT13,compound,gene
65664,CGI-U,TSPAN5,compound,gene
65664,CGI-U,SCD5,compound,gene
65664,CGI-U,HBB,compound,gene
65664,CGI-U,ANXA6,compound,gene
65664,CGI-U,RFPL2,compound,gene
73707353,CGI-D,GDF15,compound,gene
73707353,CGI-D,ZDHHC6,compound,gene
73707353,CGI-D,IARS2,compound,gene
73707353,CGI-D,CCNB1,compound,gene
73707353,CGI-D,RPS4Y1,compound,gene
73707353,CGI-D,ADI1,compound,gene
73707353,CGI-D,SCGB2A1,compound,gene
73707353,CGI-D,SMC1A,compound,gene
73707353,CGI-D,ACOT9,compound,gene
73707353,CGI-D,UGDH,compound,gene
73707353,CGI-D,SLC5A6,compound,gene
73707353,CGI-D,TRAPPC3,compound,gene
73707353,CGI-D,NOS3,compound,gene
73707353,CGI-D,KRT8,compound,gene
73707353,CGI-D,PTGIS,compound,gene
73707353,CGI-D,LSM5,compound,gene
73707353,CGI-D,PCMT1,compound,gene
73707353,CGI-D,PDS5A,compound,gene
73707353,CGI-D,STRN3,compound,gene
73707353,CGI-D,FNBP1,compound,gene
73707353,CGI-D,TOR1A,compound,gene
73707353,CGI-D,ITGB1BP1,compound,gene
73707353,CGI-D,CBX3,compound,gene
73707353,CGI-D,IER3,compound,gene
73707353,CGI-D,NRIP1,compound,gene
73707353,CGI-D,GLS,compound,gene
73707353,CGI-D,PSMB10,compound,gene
73707353,CGI-D,ENOSF1,compound,gene
73707353,CGI-D,EMCN,compound,gene
73707353,CGI-D,RHOC,compound,gene
73707353,CGI-D,HIF1A,compound,gene
73707353,CGI-D,TOP2A,compound,gene
73707353,CGI-D,CTDSP2,compound,gene
73707353,CGI-D,DNM1L,compound,gene
73707353,CGI-D,NUP37,compound,gene
73707353,CGI-D,S100PBP,compound,gene
73707353,CGI-D,CRIM1,compound,gene
73707353,CGI-D,TFPI2,compound,gene
73707353,CGI-D,HSPB1,compound,gene
73707353,CGI-D,HSPA1A,compound,gene
73707353,CGI-D,KRCC1,compound,gene
73707353,CGI-D,EFEMP1,compound,gene
73707353,CGI-D,NR2C1,compound,gene
73707353,CGI-D,ACTR10,compound,gene
73707353,CGI-D,RSAD2,compound,gene
73707353,CGI-D,NCKAP1,compound,gene
73707353,CGI-D,SPIN1,compound,gene
73707353,CGI-D,SCGB1D2,compound,gene
73707353,CGI-D,FHL5,compound,gene
73707353,CGI-D,SDHB,compound,gene
73707353,CGI-D,GIMAP6,compound,gene
73707353,CGI-D,SCCPDH,compound,gene
73707353,CGI-D,ANXA1,compound,gene
73707353,CGI-D,GNAS,compound,gene
73707353,CGI-D,TBCCD1,compound,gene
73707353,CGI-D,PDE4B,compound,gene
73707353,CGI-D,LSM1,compound,gene
73707353,CGI-D,ZMYM4,compound,gene
73707353,CGI-D,IGFBP2,compound,gene
73707353,CGI-D,TARBP1,compound,gene
73707353,CGI-D,ETAA1,compound,gene
73707353,CGI-D,SQSTM1,compound,gene
73707353,CGI-D,MBNL2,compound,gene
73707353,CGI-D,KCTD12,compound,gene
73707353,CGI-D,CAV1,compound,gene
73707353,CGI-D,ATF2,compound,gene
73707353,CGI-D,CALCRL,compound,gene
73707353,CGI-D,PRMT2,compound,gene
73707353,CGI-D,ABCA8,compound,gene
73707353,CGI-D,PIGF,compound,gene
73707353,CGI-D,ITGB2,compound,gene
73707353,CGI-D,NINJ2,compound,gene
73707353,CGI-D,TUBB6,compound,gene
73707353,CGI-D,CRK,compound,gene
73707353,CGI-D,DDIT4,compound,gene
73707353,CGI-D,CTBP1,compound,gene
73707353,CGI-D,SHB,compound,gene
73707353,CGI-D,RAP1B,compound,gene
73707353,CGI-D,SLC35A5,compound,gene
73707353,CGI-D,PSRC1,compound,gene
73707353,CGI-D,SENP6,compound,gene
73707353,CGI-D,NEDD9,compound,gene
73707353,CGI-D,FASTKD1,compound,gene
73707353,CGI-D,NFE2L2,compound,gene
73707353,CGI-D,UROD,compound,gene
73707353,CGI-D,ARHGEF17,compound,gene
73707353,CGI-D,COG2,compound,gene
73707353,CGI-D,CDKN1B,compound,gene
73707353,CGI-D,ZNF423,compound,gene
73707353,CGI-D,ZFAND5,compound,gene
73707353,CGI-D,KBTBD2,compound,gene
73707353,CGI-D,KHDC4,compound,gene
73707353,CGI-D,GPRC5B,compound,gene
73707353,CGI-D,THBS1,compound,gene
73707353,CGI-D,PRR7,compound,gene
73707353,CGI-D,JAG2,compound,gene
73707353,CGI-D,MMRN2,compound,gene
73707353,CGI-D,ARHGEF12,compound,gene
73707353,CGI-D,NDFIP1,compound,gene
73707353,CGI-D,EPCAM,compound,gene
73707353,CGI-D,SMARCAL1,compound,gene
73707353,CGI-D,SNX17,compound,gene
73707353,CGI-D,RAB28,compound,gene
73707353,CGI-D,CGRRF1,compound,gene
73707353,CGI-D,ADH5,compound,gene
73707353,CGI-D,PAPSS2,compound,gene
73707353,CGI-D,MFAP5,compound,gene
73707353,CGI-D,SH3BP5,compound,gene
73707353,CGI-D,MYO1B,compound,gene
73707353,CGI-D,ADAM17,compound,gene
73707353,CGI-D,UBE2K,compound,gene
73707353,CGI-D,MYCBP,compound,gene
73707353,CGI-D,MYL12A,compound,gene
73707353,CGI-D,SYNM,compound,gene
73707353,CGI-D,IVNS1ABP,compound,gene
73707353,CGI-D,ERG,compound,gene
73707353,CGI-D,PIPOX,compound,gene
73707353,CGI-D,CAAP1,compound,gene
73707353,CGI-D,COIL,compound,gene
73707353,CGI-D,CASP6,compound,gene
73707353,CGI-D,NDUFA8,compound,gene
73707353,CGI-D,EIF2S1,compound,gene
73707353,CGI-D,HPRT1,compound,gene
73707353,CGI-D,DHX40,compound,gene
73707353,CGI-D,MECOM,compound,gene
73707353,CGI-D,OXSM,compound,gene
73707353,CGI-D,EIF2AK2,compound,gene
73707353,CGI-D,ABI2,compound,gene
73707353,CGI-D,DDHD2,compound,gene
73707353,CGI-D,PDCL,compound,gene
73707353,CGI-D,OXA1L,compound,gene
73707353,CGI-D,PKP4,compound,gene
73707353,CGI-D,NMRK1,compound,gene
73707353,CGI-D,C1orf174,compound,gene
73707353,CGI-D,CAPRIN1,compound,gene
73707353,CGI-D,CD93,compound,gene
73707353,CGI-D,LDLRAD4,compound,gene
73707353,CGI-D,NKX2-8,compound,gene
73707353,CGI-D,CARD8,compound,gene
73707353,CGI-D,TYMS,compound,gene
73707353,CGI-D,ACKR3,compound,gene
73707353,CGI-D,COX6C,compound,gene
73707353,CGI-D,MMRN1,compound,gene
73707353,CGI-D,MAP3K8,compound,gene
73707353,CGI-D,FERMT2,compound,gene
73707353,CGI-D,LAMA2,compound,gene
73707353,CGI-D,KRT5,compound,gene
73707353,CGI-D,FBLN2,compound,gene
73707353,CGI-D,NCK1,compound,gene
73707353,CGI-D,C17orf75,compound,gene
73707353,CGI-D,SPR,compound,gene
73707353,CGI-D,MDM2,compound,gene
73707353,CGI-D,PALMD,compound,gene
73707353,CGI-D,MTA1,compound,gene
73707353,CGI-D,LYRM9,compound,gene
73707353,CGI-D,SCARF1,compound,gene
73707353,CGI-D,SULT1A2,compound,gene
73707353,CGI-D,DNAJB4,compound,gene
73707353,CGI-D,KAT8,compound,gene
73707353,CGI-D,NSL1,compound,gene
73707353,CGI-D,MYO5C,compound,gene
73707353,CGI-D,MTHFD2,compound,gene
73707353,CGI-D,NOL11,compound,gene
73707353,CGI-D,SOX17,compound,gene
73707353,CGI-D,COL5A1,compound,gene
73707353,CGI-D,WSB1,compound,gene
73707353,CGI-D,ENOX2,compound,gene
73707353,CGI-D,FBN1,compound,gene
73707353,CGI-D,CDH5,compound,gene
73707353,CGI-D,EIF5,compound,gene
73707353,CGI-D,AVL9,compound,gene
73707353,CGI-D,ITGBL1,compound,gene
73707353,CGI-D,RBM3,compound,gene
73707353,CGI-D,MXRA5,compound,gene
73707353,CGI-D,INTS13,compound,gene
73707353,CGI-D,PUM2,compound,gene
73707353,CGI-D,COMP,compound,gene
73707353,CGI-D,BZW2,compound,gene
73707353,CGI-D,FAM169A,compound,gene
73707353,CGI-D,CDC37L1,compound,gene
73707353,CGI-D,DHX15,compound,gene
73707353,CGI-D,VIM,compound,gene
73707353,CGI-D,PSMD10,compound,gene
73707353,CGI-D,NFIB,compound,gene
73707353,CGI-D,PPM1B,compound,gene
73707353,CGI-D,SCIN,compound,gene
73707353,CGI-D,NUP133,compound,gene
73707353,CGI-D,TMC5,compound,gene
73707353,CGI-D,TAF11,compound,gene
73707353,CGI-D,DDX60,compound,gene
73707353,CGI-D,RCN3,compound,gene
73707353,CGI-D,ETS1,compound,gene
73707353,CGI-D,NBR1,compound,gene
73707353,CGI-D,BNIP1,compound,gene
73707353,CGI-D,PNP,compound,gene
73707353,CGI-D,SH2D1A,compound,gene
73707353,CGI-D,CD69,compound,gene
73707353,CGI-D,SEMA3G,compound,gene
73707353,CGI-D,CRY1,compound,gene
73707353,CGI-D,EIF2AK1,compound,gene
73707353,CGI-U,XIST,compound,gene
73707353,CGI-U,SFTPB,compound,gene
73707353,CGI-U,AXIN1,compound,gene
73707353,CGI-U,MAL,compound,gene
73707353,CGI-U,C2CD2,compound,gene
73707353,CGI-U,ANO10,compound,gene
73707353,CGI-U,RELB,compound,gene
73707353,CGI-U,TBX2,compound,gene
73707353,CGI-U,RBM6,compound,gene
73707353,CGI-U,MALT1,compound,gene
73707353,CGI-U,DHX29,compound,gene
73707353,CGI-U,CCNF,compound,gene
73707353,CGI-U,BTK,compound,gene
73707353,CGI-U,TXNIP,compound,gene
73707353,CGI-U,HS2ST1,compound,gene
73707353,CGI-U,HLA-DRA,compound,gene
73707353,CGI-U,CCDC92,compound,gene
73707353,CGI-U,CHP1,compound,gene
73707353,CGI-U,MICAL1,compound,gene
73707353,CGI-U,MVP,compound,gene
73707353,CGI-U,SLC10A3,compound,gene
73707353,CGI-U,STX1A,compound,gene
73707353,CGI-U,COQ8A,compound,gene
73707353,CGI-U,PTPN6,compound,gene
73707353,CGI-U,YME1L1,compound,gene
73707353,CGI-U,SPAG4,compound,gene
73707353,CGI-U,DHDDS,compound,gene
73707353,CGI-U,CBR1,compound,gene
73707353,CGI-U,CEP57,compound,gene
73707353,CGI-U,HERPUD1,compound,gene
73707353,CGI-U,FURIN,compound,gene
73707353,CGI-U,SHOX2,compound,gene
73707353,CGI-U,SMYD3,compound,gene
73707353,CGI-U,CD6,compound,gene
73707353,CGI-U,KLHDC4,compound,gene
73707353,CGI-U,MED15,compound,gene
73707353,CGI-U,TPD52L2,compound,gene
73707353,CGI-U,FBXO11,compound,gene
73707353,CGI-U,POLM,compound,gene
73707353,CGI-U,MBOAT7,compound,gene
73707353,CGI-U,IL7R,compound,gene
73707353,CGI-U,TEX10,compound,gene
73707353,CGI-U,TMEM158,compound,gene
73707353,CGI-U,NECTIN2,compound,gene
73707353,CGI-U,CLASRP,compound,gene
73707353,CGI-U,OXCT1,compound,gene
73707353,CGI-U,QSOX1,compound,gene
73707353,CGI-U,SMOX,compound,gene
73707353,CGI-U,HGS,compound,gene
73707353,CGI-U,SEC24C,compound,gene
73707353,CGI-U,EPN2,compound,gene
73707353,CGI-U,TRAP1,compound,gene
73707353,CGI-U,C2CD2L,compound,gene
73707353,CGI-U,CEP250,compound,gene
73707353,CGI-U,CDC25A,compound,gene
73707353,CGI-U,GDI1,compound,gene
73707353,CGI-U,SBNO2,compound,gene
73707353,CGI-U,INPP4B,compound,gene
73707353,CGI-U,ERCC2,compound,gene
73707353,CGI-U,SUPT5H,compound,gene
73707353,CGI-U,CD160,compound,gene
73707353,CGI-U,ZNF274,compound,gene
73707353,CGI-U,NMT1,compound,gene
73707353,CGI-U,ZNF589,compound,gene
73707353,CGI-U,KMT2B,compound,gene
73707353,CGI-U,IL13RA1,compound,gene
73707353,CGI-U,CHN1,compound,gene
73707353,CGI-U,SPIB,compound,gene
73707353,CGI-U,ZNF318,compound,gene
73707353,CGI-U,TCF25,compound,gene
73707353,CGI-U,RAC2,compound,gene
73707353,CGI-U,PLP2,compound,gene
73707353,CGI-U,CHMP6,compound,gene
73707353,CGI-U,CD58,compound,gene
73707353,CGI-U,TRPA1,compound,gene
73707353,CGI-U,SRF,compound,gene
73707353,CGI-U,LSR,compound,gene
73707353,CGI-U,ACSM3,compound,gene
73707353,CGI-U,H2AZ2,compound,gene
73707353,CGI-U,SIRT7,compound,gene
73707353,CGI-U,TAPBP,compound,gene
73707353,CGI-U,ZDHHC18,compound,gene
73707353,CGI-U,IL21R,compound,gene
73707353,CGI-U,CD79A,compound,gene
73707353,CGI-U,ICAM1,compound,gene
73707353,CGI-U,SIRT2,compound,gene
73707353,CGI-U,SDF4,compound,gene
73707353,CGI-U,MYH9,compound,gene
73707353,CGI-U,AGRN,compound,gene
73707353,CGI-U,BRD9,compound,gene
73707353,CGI-U,CLPTM1,compound,gene
73707353,CGI-U,VDAC1,compound,gene
73707353,CGI-U,FOXO3,compound,gene
73707353,CGI-U,IGFLR1,compound,gene
73707353,CGI-U,MAPK8IP3,compound,gene
73707353,CGI-U,ADRM1,compound,gene
73707353,CGI-U,DVL1,compound,gene
73707353,CGI-U,NTS,compound,gene
73707353,CGI-U,CSTF2T,compound,gene
73707353,CGI-U,COL1A1,compound,gene
73707353,CGI-U,LAMP1,compound,gene
73707353,CGI-U,FOXO4,compound,gene
73707353,CGI-U,MAST2,compound,gene
73707353,CGI-U,EXO1,compound,gene
73707353,CGI-U,GRIA2,compound,gene
73707353,CGI-U,SLC6A15,compound,gene
73707353,CGI-U,EIF6,compound,gene
73707353,CGI-U,TPCN1,compound,gene
73707353,CGI-U,TOMM40,compound,gene
73707353,CGI-U,CDCA4,compound,gene
73707353,CGI-U,ILRUN,compound,gene
73707353,CGI-U,MOK,compound,gene
73707353,CGI-U,CCNO,compound,gene
73707353,CGI-U,DYNC1H1,compound,gene
73707353,CGI-U,APOE,compound,gene
73707353,CGI-U,TBCB,compound,gene
73707353,CGI-U,TRAM2,compound,gene
73707353,CGI-U,NFKB1,compound,gene
73707353,CGI-U,KLHL22,compound,gene
73707353,CGI-U,RECQL4,compound,gene
73707353,CGI-U,GBF1,compound,gene
73707353,CGI-U,PHKB,compound,gene
73707353,CGI-U,FEV,compound,gene
73707353,CGI-U,SNAP29,compound,gene
73707353,CGI-U,RSRC1,compound,gene
73707353,CGI-U,GAK,compound,gene
73707353,CGI-U,ZFP36L1,compound,gene
73707353,CGI-U,MANBA,compound,gene
73707353,CGI-U,ATP6V0C,compound,gene
73707353,CGI-U,CARS2,compound,gene
73707353,CGI-U,DDX27,compound,gene
73707353,CGI-U,CLSTN1,compound,gene
73707353,CGI-U,SMARCA4,compound,gene
73707353,CGI-U,NUMA1,compound,gene
73707353,CGI-U,COL7A1,compound,gene
73707353,CGI-U,COL6A2,compound,gene
73707353,CGI-U,PAX5,compound,gene
73707353,CGI-U,INPP5A,compound,gene
73707353,CGI-U,NPR3,compound,gene
73707353,CGI-U,NCAPH,compound,gene
73707353,CGI-U,ST3GAL5,compound,gene
73707353,CGI-U,DLX2,compound,gene
73707353,CGI-U,SCAP,compound,gene
73707353,CGI-U,ZBTB24,compound,gene
73707353,CGI-U,PMM2,compound,gene
73707353,CGI-U,P2RX5,compound,gene
73707353,CGI-U,MAP4K4,compound,gene
73707353,CGI-U,FBXO46,compound,gene
73707353,CGI-U,TBC1D31,compound,gene
73707353,CGI-U,PANX1,compound,gene
73707353,CGI-U,EXOC3,compound,gene
73707353,CGI-U,MFSD12,compound,gene
73707353,CGI-U,ATAD3A,compound,gene
73707353,CGI-U,TRAF2,compound,gene
73707353,CGI-U,SIK3,compound,gene
73707353,CGI-U,RHOBTB2,compound,gene
73707353,CGI-U,KHSRP,compound,gene
73707353,CGI-U,SIK2,compound,gene
73707353,CGI-U,SH3GL3,compound,gene
73707353,CGI-U,WBP2,compound,gene
73707353,CGI-U,CEBPA,compound,gene
73707353,CGI-U,PI4KA,compound,gene
73707353,CGI-U,SERPINE1,compound,gene
73707353,CGI-U,TRAPPC9,compound,gene
73707353,CGI-U,ZNF574,compound,gene
73707353,CGI-U,CD81,compound,gene
73707353,CGI-U,SART1,compound,gene
73707353,CGI-U,LMNB2,compound,gene
73707353,CGI-U,SCG5,compound,gene
73707353,CGI-U,INPP1,compound,gene
73707353,CGI-U,BCL2,compound,gene
73707353,CGI-U,COL6A1,compound,gene
73707353,CGI-U,APOL1,compound,gene
73707353,CGI-U,TLE5,compound,gene
73707353,CGI-U,NPAS2,compound,gene
73707353,CGI-U,CETP,compound,gene
73707353,CGI-U,CACNA1D,compound,gene
73707353,CGI-U,PRKCA,compound,gene
73707353,CGI-U,CEMIP,compound,gene
73707353,CGI-U,CHIC2,compound,gene
73707353,CGI-U,PPRC1,compound,gene
73707353,CGI-U,HBB,compound,gene
73707353,CGI-U,KIF18B,compound,gene
73707353,CGI-U,AAAS,compound,gene
73707353,CGI-U,SLC24A3,compound,gene
73707353,CGI-U,TCN1,compound,gene
73707353,CGI-U,CREB3L2,compound,gene
73707353,CGI-U,CENPE,compound,gene
73707353,CGI-U,PLEKHM2,compound,gene
73707353,CGI-U,QPCT,compound,gene
73707353,CGI-U,SMARCD1,compound,gene
73707353,CGI-U,MCTP2,compound,gene
73707353,CGI-U,HCFC1,compound,gene
73707353,CGI-U,PPP6R1,compound,gene
73707353,CGI-U,CLIP2,compound,gene
73707353,CGI-U,BCL7A,compound,gene
73707353,CGI-U,NPAT,compound,gene
73707353,CGI-U,WARS2,compound,gene
73707353,CGI-U,SRD5A1,compound,gene
73707353,CGI-U,PIM1,compound,gene
73707357,CGI-D,GDF15,compound,gene
73707357,CGI-D,DLD,compound,gene
73707357,CGI-D,EIF5,compound,gene
73707357,CGI-D,MAPK9,compound,gene
73707357,CGI-D,STUB1,compound,gene
73707357,CGI-D,PRPF4,compound,gene
73707357,CGI-D,HSPD1,compound,gene
73707357,CGI-D,YBX3,compound,gene
73707357,CGI-D,HMG20B,compound,gene
73707357,CGI-D,LSM5,compound,gene
73707357,CGI-D,COPB2,compound,gene
73707357,CGI-D,CDC25B,compound,gene
73707357,CGI-D,IGFBP2,compound,gene
73707357,CGI-D,PCCB,compound,gene
73707357,CGI-D,CCDC85B,compound,gene
73707357,CGI-D,ARPP19,compound,gene
73707357,CGI-D,SMC3,compound,gene
73707357,CGI-D,SCARB1,compound,gene
73707357,CGI-D,TXNDC9,compound,gene
73707357,CGI-D,NPDC1,compound,gene
73707357,CGI-D,SPAG7,compound,gene
73707357,CGI-D,CNDP2,compound,gene
73707357,CGI-D,TP53BP2,compound,gene
73707357,CGI-D,SOX4,compound,gene
73707357,CGI-D,ZMYM2,compound,gene
73707357,CGI-D,ENOPH1,compound,gene
73707357,CGI-D,METRN,compound,gene
73707357,CGI-D,RGS2,compound,gene
73707357,CGI-D,MFSD12,compound,gene
73707357,CGI-D,NBPF10,compound,gene
73707357,CGI-D,TNFRSF21,compound,gene
73707357,CGI-D,PIK3C2B,compound,gene
73707357,CGI-D,TRIB3,compound,gene
73707357,CGI-D,RFX5,compound,gene
73707357,CGI-D,EXOSC4,compound,gene
73707357,CGI-D,MBOAT7,compound,gene
73707357,CGI-D,LRRC41,compound,gene
73707357,CGI-D,COX8A,compound,gene
73707357,CGI-D,CSRP1,compound,gene
73707357,CGI-D,COTL1,compound,gene
73707357,CGI-D,POLR2I,compound,gene
73707357,CGI-D,STXBP2,compound,gene
73707357,CGI-D,EIF5B,compound,gene
73707357,CGI-D,BIK,compound,gene
73707357,CGI-D,DDX27,compound,gene
73707357,CGI-D,GLRX,compound,gene
73707357,CGI-D,ACAT2,compound,gene
73707357,CGI-D,JPT2,compound,gene
73707357,CGI-D,CDK4,compound,gene
73707357,CGI-D,C2CD2,compound,gene
73707357,CGI-D,SCGB2A1,compound,gene
73707357,CGI-D,OLA1,compound,gene
73707357,CGI-D,TXNL4B,compound,gene
73707357,CGI-D,KRT18,compound,gene
73707357,CGI-D,ATG2A,compound,gene
73707357,CGI-D,CYCS,compound,gene
73707357,CGI-D,DUSP11,compound,gene
73707357,CGI-D,PA2G4,compound,gene
73707357,CGI-D,SCAF8,compound,gene
73707357,CGI-D,HSD17B12,compound,gene
73707357,CGI-D,TFPI2,compound,gene
73707357,CGI-D,PAN2,compound,gene
73707357,CGI-D,GNAI2,compound,gene
73707357,CGI-D,TCFL5,compound,gene
73707357,CGI-D,ARFGAP2,compound,gene
73707357,CGI-D,PRCP,compound,gene
73707357,CGI-D,PANK2,compound,gene
73707357,CGI-D,MT1X,compound,gene
73707357,CGI-D,SLC35F2,compound,gene
73707357,CGI-D,RUVBL1,compound,gene
73707357,CGI-D,MTF2,compound,gene
73707357,CGI-D,NMT1,compound,gene
73707357,CGI-D,OSBP,compound,gene
73707357,CGI-D,DAG1,compound,gene
73707357,CGI-D,PDCD4,compound,gene
73707357,CGI-D,COX6C,compound,gene
73707357,CGI-D,FAM117A,compound,gene
73707357,CGI-D,BID,compound,gene
73707357,CGI-D,ATF5,compound,gene
73707357,CGI-D,ATIC,compound,gene
73707357,CGI-D,LPAR2,compound,gene
73707357,CGI-D,PPARGC1A,compound,gene
73707357,CGI-D,TFPI,compound,gene
73707357,CGI-D,DFFA,compound,gene
73707357,CGI-D,INSL4,compound,gene
73707357,CGI-D,MFN2,compound,gene
73707357,CGI-D,HIP1R,compound,gene
73707357,CGI-D,EPCAM,compound,gene
73707357,CGI-D,MRPL18,compound,gene
73707357,CGI-D,MTFR1,compound,gene
73707357,CGI-D,NSMF,compound,gene
73707357,CGI-D,CPA2,compound,gene
73707357,CGI-D,LGALS3,compound,gene
73707357,CGI-D,SGK1,compound,gene
73707357,CGI-D,CSNK2A1,compound,gene
73707357,CGI-D,GCC2,compound,gene
73707357,CGI-D,CELF1,compound,gene
73707357,CGI-D,ACSBG1,compound,gene
73707357,CGI-D,ARIH1,compound,gene
73707357,CGI-D,DDB1,compound,gene
73707357,CGI-D,RETREG3,compound,gene
73707357,CGI-D,FAM107A,compound,gene
73707357,CGI-D,SRSF4,compound,gene
73707357,CGI-D,UBXN1,compound,gene
73707357,CGI-D,PUM1,compound,gene
73707357,CGI-D,DPF2,compound,gene
73707357,CGI-D,RAB13,compound,gene
73707357,CGI-D,NUDT9,compound,gene
73707357,CGI-D,TBL1X,compound,gene
73707357,CGI-D,CPS1,compound,gene
73707357,CGI-D,LAGE3,compound,gene
73707357,CGI-D,EIF3G,compound,gene
73707357,CGI-D,MXD4,compound,gene
73707357,CGI-D,UBR7,compound,gene
73707357,CGI-D,OMG,compound,gene
73707357,CGI-D,EDRF1,compound,gene
73707357,CGI-D,NVL,compound,gene
73707357,CGI-D,GNAS,compound,gene
73707357,CGI-D,CCNB2,compound,gene
73707357,CGI-D,PDXK,compound,gene
73707357,CGI-D,ETFB,compound,gene
73707357,CGI-D,SMC1A,compound,gene
73707357,CGI-D,CTBP2,compound,gene
73707357,CGI-D,TPD52L1,compound,gene
73707357,CGI-D,SEMA5A,compound,gene
73707357,CGI-D,TOB2,compound,gene
73707357,CGI-D,TCP1,compound,gene
73707357,CGI-D,FADS3,compound,gene
73707357,CGI-D,TNFRSF11B,compound,gene
73707357,CGI-D,EIF3A,compound,gene
73707357,CGI-D,DAP3,compound,gene
73707357,CGI-D,KIAA0232,compound,gene
73707357,CGI-D,TCF3,compound,gene
73707357,CGI-D,RNF167,compound,gene
73707357,CGI-D,R3HDM1,compound,gene
73707357,CGI-D,USP22,compound,gene
73707357,CGI-D,VAT1,compound,gene
73707357,CGI-D,S100A4,compound,gene
73707357,CGI-D,AKR7A2,compound,gene
73707357,CGI-D,WASHC4,compound,gene
73707357,CGI-D,CCDC86,compound,gene
73707357,CGI-D,NR2F2,compound,gene
73707357,CGI-D,CPSF7,compound,gene
73707357,CGI-D,METTL9,compound,gene
73707357,CGI-D,NOSIP,compound,gene
73707357,CGI-D,QARS1,compound,gene
73707357,CGI-D,PDXDC1,compound,gene
73707357,CGI-D,CORO1B,compound,gene
73707357,CGI-D,HIRA,compound,gene
73707357,CGI-D,WAPL,compound,gene
73707357,CGI-D,WASF3,compound,gene
73707357,CGI-D,METAP2,compound,gene
73707357,CGI-D,BLTP2,compound,gene
73707357,CGI-D,HDAC1,compound,gene
73707357,CGI-D,COASY,compound,gene
73707357,CGI-D,ORC2,compound,gene
73707357,CGI-D,SIM2,compound,gene
73707357,CGI-D,EDN1,compound,gene
73707357,CGI-D,SMARCA5,compound,gene
73707357,CGI-D,HSPA1A,compound,gene
73707357,CGI-D,BTBD1,compound,gene
73707357,CGI-D,DPP8,compound,gene
73707357,CGI-D,MKNK2,compound,gene
73707357,CGI-D,RNASET2,compound,gene
73707357,CGI-D,TIMP1,compound,gene
73707357,CGI-D,CLDN10,compound,gene
73707357,CGI-D,HOXB5,compound,gene
73707357,CGI-D,MED23,compound,gene
73707357,CGI-D,IMPDH2,compound,gene
73707357,CGI-D,BCORL1,compound,gene
73707357,CGI-D,ASRGL1,compound,gene
73707357,CGI-D,HOOK2,compound,gene
73707357,CGI-D,SF3B1,compound,gene
73707357,CGI-D,FCHO1,compound,gene
73707357,CGI-D,TGFBI,compound,gene
73707357,CGI-D,MTIF2,compound,gene
73707357,CGI-D,ORAI3,compound,gene
73707357,CGI-D,ADAM8,compound,gene
73707357,CGI-D,SPATA2L,compound,gene
73707357,CGI-D,RRP12,compound,gene
73707357,CGI-D,TMEM43,compound,gene
73707357,CGI-D,USP10,compound,gene
73707357,CGI-D,GPR137B,compound,gene
73707357,CGI-D,SNAP29,compound,gene
73707357,CGI-D,RPL27A,compound,gene
73707357,CGI-D,SUOX,compound,gene
73707357,CGI-D,TRIOBP,compound,gene
73707357,CGI-D,DNASE1L1,compound,gene
73707357,CGI-D,SREK1,compound,gene
73707357,CGI-D,DAXX,compound,gene
73707357,CGI-D,INTS8,compound,gene
73707357,CGI-D,IMP4,compound,gene
73707357,CGI-D,WIPF2,compound,gene
73707357,CGI-D,OSR2,compound,gene
73707357,CGI-D,NET1,compound,gene
73707357,CGI-D,EIF3D,compound,gene
73707357,CGI-D,PLEKHB2,compound,gene
73707357,CGI-D,SPDEF,compound,gene
73707357,CGI-D,CFP,compound,gene
73707357,CGI-D,YKT6,compound,gene
73707357,CGI-U,CEBPA,compound,gene
73707357,CGI-U,GARRE1,compound,gene
73707357,CGI-U,MEF2C,compound,gene
73707357,CGI-U,TOPBP1,compound,gene
73707357,CGI-U,CREG1,compound,gene
73707357,CGI-U,ANKRD10,compound,gene
73707357,CGI-U,TRAPPC6A,compound,gene
73707357,CGI-U,GLI2,compound,gene
73707357,CGI-U,CFLAR,compound,gene
73707357,CGI-U,GPATCH8,compound,gene
73707357,CGI-U,ICAM1,compound,gene
73707357,CGI-U,NFKBIB,compound,gene
73707357,CGI-U,MBNL2,compound,gene
73707357,CGI-U,XPO7,compound,gene
73707357,CGI-U,WIF1,compound,gene
73707357,CGI-U,EPN2,compound,gene
73707357,CGI-U,GRB10,compound,gene
73707357,CGI-U,ABHD4,compound,gene
73707357,CGI-U,ERAP2,compound,gene
73707357,CGI-U,KIT,compound,gene
73707357,CGI-U,PLSCR1,compound,gene
73707357,CGI-U,EGFR,compound,gene
73707357,CGI-U,NPR3,compound,gene
73707357,CGI-U,YME1L1,compound,gene
73707357,CGI-U,MCM6,compound,gene
73707357,CGI-U,DNAJB1,compound,gene
73707357,CGI-U,STK10,compound,gene
73707357,CGI-U,UTP20,compound,gene
73707357,CGI-U,SELL,compound,gene
73707357,CGI-U,BAX,compound,gene
73707357,CGI-U,SLC39A14,compound,gene
73707357,CGI-U,PLS1,compound,gene
73707357,CGI-U,SACM1L,compound,gene
73707357,CGI-U,DUSP12,compound,gene
73707357,CGI-U,HAX1,compound,gene
73707357,CGI-U,COL11A1,compound,gene
73707357,CGI-U,PLP2,compound,gene
73707357,CGI-U,RAC2,compound,gene
73707357,CGI-U,ICMT,compound,gene
73707357,CGI-U,FAM20B,compound,gene
73707357,CGI-U,ABL1,compound,gene
73707357,CGI-U,AGR2,compound,gene
73707357,CGI-U,HOXA7,compound,gene
73707357,CGI-U,XIST,compound,gene
73707357,CGI-U,LPL,compound,gene
73707357,CGI-U,CDC42,compound,gene
73707357,CGI-U,NEK7,compound,gene
73707357,CGI-U,DENND2D,compound,gene
73707357,CGI-U,PHKB,compound,gene
73707357,CGI-U,SYNGR3,compound,gene
73707357,CGI-U,PIGO,compound,gene
73707357,CGI-U,COX16,compound,gene
73707357,CGI-U,HOXA5,compound,gene
73707357,CGI-U,WDR7,compound,gene
73707357,CGI-U,CASP3,compound,gene
73707357,CGI-U,GOLM1,compound,gene
73707357,CGI-U,TXNIP,compound,gene
73707357,CGI-U,JUN,compound,gene
73707357,CGI-U,CEMIP2,compound,gene
73707357,CGI-U,PSME3IP1,compound,gene
73707357,CGI-U,PDLIM5,compound,gene
73707357,CGI-U,BTN3A2,compound,gene
73707357,CGI-U,BTN3A3,compound,gene
73707357,CGI-U,PPID,compound,gene
73707357,CGI-U,SLC1A5,compound,gene
73707357,CGI-U,ZNF528,compound,gene
73707357,CGI-U,GBP1,compound,gene
73707357,CGI-U,FER,compound,gene
73707357,CGI-U,PDIA5,compound,gene
73707357,CGI-U,LGALS8,compound,gene
73707357,CGI-U,ADAT1,compound,gene
73707357,CGI-U,ADAM12,compound,gene
73707357,CGI-U,FASTKD5,compound,gene
73707357,CGI-U,HAPLN1,compound,gene
73707357,CGI-U,ZFPM2,compound,gene
73707357,CGI-U,UBA3,compound,gene
73707357,CGI-U,ASAH1,compound,gene
73707357,CGI-U,VPS26C,compound,gene
73707357,CGI-U,TIPRL,compound,gene
73707357,CGI-U,YWHAB,compound,gene
73707357,CGI-U,LINC01278,compound,gene
73707357,CGI-U,TBC1D31,compound,gene
73707357,CGI-U,CD48,compound,gene
73707357,CGI-U,RXRB,compound,gene
73707357,CGI-U,ANOS1,compound,gene
73707357,CGI-U,MAGT1,compound,gene
73707357,CGI-U,TMEM165,compound,gene
73707357,CGI-U,FANCL,compound,gene
73707357,CGI-U,STAT3,compound,gene
73707357,CGI-U,TRPC1,compound,gene
73707357,CGI-U,GALNT1,compound,gene
73707357,CGI-U,FKBP11,compound,gene
73707357,CGI-U,CRTAM,compound,gene
73707357,CGI-U,LILRB1,compound,gene
73707357,CGI-U,CPAP,compound,gene
73707357,CGI-U,GATA6,compound,gene
73707357,CGI-U,MYB,compound,gene
73707357,CGI-U,CES1,compound,gene
73707357,CGI-U,HEATR3,compound,gene
73707357,CGI-U,PAK1,compound,gene
73707357,CGI-U,NPLOC4,compound,gene
73707357,CGI-U,PIGB,compound,gene
73707357,CGI-U,HLA-DRA,compound,gene
73707357,CGI-U,RHBG,compound,gene
73707357,CGI-U,SLC38A10,compound,gene
73707357,CGI-U,NTAQ1,compound,gene
73707357,CGI-U,ARGLU1,compound,gene
73707357,CGI-U,FOS,compound,gene
73707357,CGI-U,CLASP2,compound,gene
73707357,CGI-U,SF1,compound,gene
73707357,CGI-U,ADRA2A,compound,gene
73707357,CGI-U,CCL2,compound,gene
73707357,CGI-U,SATB1,compound,gene
73707357,CGI-U,SMYD5,compound,gene
73707357,CGI-U,ALDH3A2,compound,gene
73707357,CGI-U,CCDC91,compound,gene
73707357,CGI-U,VLDLR,compound,gene
73707357,CGI-U,EDEM2,compound,gene
73707357,CGI-U,TATDN2,compound,gene
73707357,CGI-U,NPR2,compound,gene
73707357,CGI-U,ITFG1,compound,gene
73707357,CGI-U,FGF7,compound,gene
73707357,CGI-U,PRKCQ,compound,gene
73707357,CGI-U,BTN3A1,compound,gene
73707357,CGI-U,GET1,compound,gene
73707357,CGI-U,ZNF274,compound,gene
73707357,CGI-U,POLR3D,compound,gene
73707357,CGI-U,RBM10,compound,gene
73707357,CGI-U,KIFAP3,compound,gene
73707357,CGI-U,MYL12A,compound,gene
73707357,CGI-U,DMTF1,compound,gene
73707357,CGI-U,RPL39L,compound,gene
73707357,CGI-U,NUDT2,compound,gene
73707357,CGI-U,BCL2,compound,gene
73707357,CGI-U,PCBD1,compound,gene
73707357,CGI-U,CRIP1,compound,gene
73707357,CGI-U,TOR1A,compound,gene
73707357,CGI-U,KYNU,compound,gene
73707357,CGI-U,INPP1,compound,gene
73707357,CGI-U,RAMP3,compound,gene
73707357,CGI-U,RSU1,compound,gene
73707357,CGI-U,ANKRD40,compound,gene
73707357,CGI-U,WDCP,compound,gene
73707357,CGI-U,KLHL23,compound,gene
73707357,CGI-U,AKR1B10,compound,gene
73707357,CGI-U,ACYP1,compound,gene
73707357,CGI-U,EML3,compound,gene
73707357,CGI-U,RASA1,compound,gene
73707357,CGI-U,FMOD,compound,gene
73707357,CGI-U,SMC5,compound,gene
73707357,CGI-U,IL21R,compound,gene
73707357,CGI-U,ZSCAN18,compound,gene
73707357,CGI-U,FOXO4,compound,gene
73707357,CGI-U,ACLY,compound,gene
73707357,CGI-U,EXOSC5,compound,gene
73707357,CGI-U,IL2RA,compound,gene
73707357,CGI-U,FOXN3,compound,gene
73707357,CGI-U,PREP,compound,gene
73707357,CGI-U,EGR1,compound,gene
73707357,CGI-U,ALDH1B1,compound,gene
73707357,CGI-U,PTTG1,compound,gene
73707357,CGI-U,NETO2,compound,gene
73707357,CGI-U,ISOC1,compound,gene
73707357,CGI-U,CERS6,compound,gene
73707357,CGI-U,DACT1,compound,gene
73707357,CGI-U,HEMK1,compound,gene
73707357,CGI-U,ENO2,compound,gene
73707357,CGI-U,HLA-DPA1,compound,gene
73707357,CGI-U,HMGB2,compound,gene
73707357,CGI-U,ALG8,compound,gene
73707357,CGI-U,UBXN2B,compound,gene
73707357,CGI-U,CANT1,compound,gene
73707357,CGI-U,CACYBP,compound,gene
73707357,CGI-U,FNTB,compound,gene
73707357,CGI-U,KRT16,compound,gene
73707357,CGI-U,ZMIZ1,compound,gene
73707357,CGI-U,SLC25A24,compound,gene
73707357,CGI-U,ACTL6A,compound,gene
73707357,CGI-U,GHR,compound,gene
73707357,CGI-U,TRIM16,compound,gene
73707357,CGI-U,GYG2,compound,gene
73707357,CGI-U,HPGD,compound,gene
73707357,CGI-U,ACTR3,compound,gene
73707357,CGI-U,CEBPG,compound,gene
73707357,CGI-U,WIPF1,compound,gene
73707357,CGI-U,LMCD1,compound,gene
73707357,CGI-U,EREG,compound,gene
73707357,CGI-U,S100A13,compound,gene
73707357,CGI-U,MAP7D1,compound,gene
73707357,CGI-U,ETV1,compound,gene
73707357,CGI-U,FANCE,compound,gene
73707357,CGI-U,COX17,compound,gene
73707357,CGI-U,DNAJB2,compound,gene
73707357,CGI-U,TIPIN,compound,gene
73707357,CGI-U,CALB2,compound,gene
73707357,CGI-U,MAGOHB,compound,gene
73707357,CGI-U,ITGAL,compound,gene
73707357,CGI-U,LAMP3,compound,gene
73707357,CGI-U,PCNX4,compound,gene
73707357,CGI-U,TSPAN6,compound,gene
73707475,CGI-D,ITGAE,compound,gene
73707475,CGI-D,GDF15,compound,gene
73707475,CGI-D,GNAS,compound,gene
73707475,CGI-D,UBQLN2,compound,gene
73707475,CGI-D,CCNB2,compound,gene
73707475,CGI-D,TIMM9,compound,gene
73707475,CGI-D,ARID4B,compound,gene
73707475,CGI-D,DLD,compound,gene
73707475,CGI-D,NR2F6,compound,gene
73707475,CGI-D,CDC20,compound,gene
73707475,CGI-D,STUB1,compound,gene
73707475,CGI-D,HMG20B,compound,gene
73707475,CGI-D,RPS4Y1,compound,gene
73707475,CGI-D,HSPA8,compound,gene
73707475,CGI-D,UGDH,compound,gene
73707475,CGI-D,NVL,compound,gene
73707475,CGI-D,OSBPL10,compound,gene
73707475,CGI-D,MAPKAPK3,compound,gene
73707475,CGI-D,PCLAF,compound,gene
73707475,CGI-D,VIM,compound,gene
73707475,CGI-D,P2RX5,compound,gene
73707475,CGI-D,FKBP1A,compound,gene
73707475,CGI-D,IL1RAPL1,compound,gene
73707475,CGI-D,R3HDM1,compound,gene
73707475,CGI-D,RBCK1,compound,gene
73707475,CGI-D,SCG5,compound,gene
73707475,CGI-D,SPRED2,compound,gene
73707475,CGI-D,RBFOX2,compound,gene
73707475,CGI-D,MFSD12,compound,gene
73707475,CGI-D,ITGA3,compound,gene
73707475,CGI-D,USP14,compound,gene
73707475,CGI-D,SLC25A36,compound,gene
73707475,CGI-D,PRAME,compound,gene
73707475,CGI-D,RNH1,compound,gene
73707475,CGI-D,HDAC4,compound,gene
73707475,CGI-D,IGFBP2,compound,gene
73707475,CGI-D,NT5DC3,compound,gene
73707475,CGI-D,EFNA5,compound,gene
73707475,CGI-D,VPS28,compound,gene
73707475,CGI-D,DNAJA3,compound,gene
73707475,CGI-D,ACADVL,compound,gene
73707475,CGI-D,ST14,compound,gene
73707475,CGI-D,UCP2,compound,gene
73707475,CGI-D,COX8A,compound,gene
73707475,CGI-D,EXOSC4,compound,gene
73707475,CGI-D,EPN2,compound,gene
73707475,CGI-D,ELAVL4,compound,gene
73707475,CGI-D,PLAAT1,compound,gene
73707475,CGI-D,BID,compound,gene
73707475,CGI-D,PLOD3,compound,gene
73707475,CGI-D,TFPI2,compound,gene
73707475,CGI-D,EDEM1,compound,gene
73707475,CGI-D,MBOAT7,compound,gene
73707475,CGI-D,SINHCAF,compound,gene
73707475,CGI-D,ZNF280A,compound,gene
73707475,CGI-D,GALNT2,compound,gene
73707475,CGI-D,TXNRD1,compound,gene
73707475,CGI-D,CRH,compound,gene
73707475,CGI-D,CACNA1D,compound,gene
73707475,CGI-D,DOCK3,compound,gene
73707475,CGI-D,ABCC2,compound,gene
73707475,CGI-D,CH25H,compound,gene
73707475,CGI-D,RIMS2,compound,gene
73707475,CGI-D,GRIA2,compound,gene
73707475,CGI-D,CTDNEP1,compound,gene
73707475,CGI-D,ELAC2,compound,gene
73707475,CGI-D,MAPK8IP3,compound,gene
73707475,CGI-D,NOSIP,compound,gene
73707475,CGI-D,KCNK7,compound,gene
73707475,CGI-D,CEBPB,compound,gene
73707475,CGI-D,APLP2,compound,gene
73707475,CGI-D,COLGALT2,compound,gene
73707475,CGI-D,CHD3,compound,gene
73707475,CGI-D,RAC1,compound,gene
73707475,CGI-D,HMGA1,compound,gene
73707475,CGI-D,IDH1,compound,gene
73707475,CGI-D,RAB26,compound,gene
73707475,CGI-D,TPP1,compound,gene
73707475,CGI-D,MEF2D,compound,gene
73707475,CGI-D,BTBD3,compound,gene
73707475,CGI-D,PGGHG,compound,gene
73707475,CGI-D,BSN,compound,gene
73707475,CGI-D,CDKN2C,compound,gene
73707475,CGI-D,GPC3,compound,gene
73707475,CGI-D,GABRA1,compound,gene
73707475,CGI-D,JUND,compound,gene
73707475,CGI-D,L1CAM,compound,gene
73707475,CGI-D,HLA-DMB,compound,gene
73707475,CGI-D,TPX2,compound,gene
73707475,CGI-D,DYRK1B,compound,gene
73707475,CGI-D,LAMB1,compound,gene
73707475,CGI-D,DEGS1,compound,gene
73707475,CGI-D,STK25,compound,gene
73707475,CGI-D,MAN1A1,compound,gene
73707475,CGI-D,CD63,compound,gene
73707475,CGI-D,ARMC9,compound,gene
73707475,CGI-D,NUSAP1,compound,gene
73707475,CGI-D,NELFCD,compound,gene
73707475,CGI-D,ST13,compound,gene
73707475,CGI-D,PHF3,compound,gene
73707475,CGI-D,ARPP19,compound,gene
73707475,CGI-D,GALNT12,compound,gene
73707475,CGI-D,IDH3B,compound,gene
73707475,CGI-D,CNOT8,compound,gene
73707475,CGI-D,PGAP6,compound,gene
73707475,CGI-D,PSMD4,compound,gene
73707475,CGI-D,FLOT1,compound,gene
73707475,CGI-D,SEMA4G,compound,gene
73707475,CGI-D,TXNL4B,compound,gene
73707475,CGI-D,SLC35A1,compound,gene
73707475,CGI-D,LRPPRC,compound,gene
73707475,CGI-D,MFF,compound,gene
73707475,CGI-D,ADAM23,compound,gene
73707475,CGI-D,CA11,compound,gene
73707475,CGI-D,PIGL,compound,gene
73707475,CGI-D,HERC2,compound,gene
73707475,CGI-D,SERPINA5,compound,gene
73707475,CGI-D,NRP2,compound,gene
73707475,CGI-D,CTF1,compound,gene
73707475,CGI-D,PARP2,compound,gene
73707475,CGI-D,RNF144A,compound,gene
73707475,CGI-D,GOT2,compound,gene
73707475,CGI-D,PLD3,compound,gene
73707475,CGI-D,LEF1,compound,gene
73707475,CGI-D,BAZ2B,compound,gene
73707475,CGI-D,ATRNL1,compound,gene
73707475,CGI-D,NFYA,compound,gene
73707475,CGI-D,CAMK2A,compound,gene
73707475,CGI-D,MEA1,compound,gene
73707475,CGI-D,ATP5PF,compound,gene
73707475,CGI-D,POU4F1,compound,gene
73707475,CGI-D,PLCB1,compound,gene
73707475,CGI-D,WNT11,compound,gene
73707475,CGI-D,CD55,compound,gene
73707475,CGI-D,HSP90AB1,compound,gene
73707475,CGI-D,NACA,compound,gene
73707475,CGI-D,RGS10,compound,gene
73707475,CGI-D,AOC1,compound,gene
73707475,CGI-D,LSR,compound,gene
73707475,CGI-D,MOSPD3,compound,gene
73707475,CGI-D,SERPINA1,compound,gene
73707475,CGI-D,GJC2,compound,gene
73707475,CGI-D,PDHX,compound,gene
73707475,CGI-D,FHIT,compound,gene
73707475,CGI-D,MVP,compound,gene
73707475,CGI-D,ATP2C1,compound,gene
73707475,CGI-D,KCNN2,compound,gene
73707475,CGI-D,G6PD,compound,gene
73707475,CGI-D,COL18A1,compound,gene
73707475,CGI-D,RPS6KA1,compound,gene
73707475,CGI-D,SH2B1,compound,gene
73707475,CGI-D,CD7,compound,gene
73707475,CGI-D,CD72,compound,gene
73707475,CGI-D,WDR33,compound,gene
73707475,CGI-D,FCMR,compound,gene
73707475,CGI-D,TET3,compound,gene
73707475,CGI-D,BRD9,compound,gene
73707475,CGI-D,NR2F1,compound,gene
73707475,CGI-D,NBL1,compound,gene
73707475,CGI-D,DCSTAMP,compound,gene
73707475,CGI-D,STAT5B,compound,gene
73707475,CGI-D,SV2A,compound,gene
73707475,CGI-D,EMP2,compound,gene
73707475,CGI-D,PAK5,compound,gene
73707475,CGI-D,CHRNA3,compound,gene
73707475,CGI-D,KMT2A,compound,gene
73707475,CGI-D,SCN2A,compound,gene
73707475,CGI-D,MARK4,compound,gene
73707475,CGI-D,CHGB,compound,gene
73707475,CGI-D,NRIP1,compound,gene
73707475,CGI-D,NQO1,compound,gene
73707475,CGI-D,LMF1,compound,gene
73707475,CGI-D,CFI,compound,gene
73707475,CGI-D,IGFBP5,compound,gene
73707475,CGI-D,VPS50,compound,gene
73707475,CGI-D,ATP6V1B2,compound,gene
73707475,CGI-D,MMP8,compound,gene
73707475,CGI-D,PRPF8,compound,gene
73707475,CGI-D,TAPBP,compound,gene
73707475,CGI-D,MOGAT2,compound,gene
73707475,CGI-D,GUCY2F,compound,gene
73707475,CGI-D,WDR26,compound,gene
73707475,CGI-D,ELOVL6,compound,gene
73707475,CGI-D,GABPA,compound,gene
73707475,CGI-D,CCL22,compound,gene
73707475,CGI-D,RNF167,compound,gene
73707475,CGI-D,RPS20,compound,gene
73707475,CGI-D,UGGT1,compound,gene
73707475,CGI-D,AGPAT1,compound,gene
73707475,CGI-D,HNRNPUL1,compound,gene
73707475,CGI-D,PA2G4,compound,gene
73707475,CGI-D,IPCEF1,compound,gene
73707475,CGI-D,CXCR2,compound,gene
73707475,CGI-D,GDAP1L1,compound,gene
73707475,CGI-D,KIF2A,compound,gene
73707475,CGI-D,PTPN4,compound,gene
73707475,CGI-D,DEXI,compound,gene
73707475,CGI-D,LAMA5,compound,gene
73707475,CGI-D,HMGN2,compound,gene
73707475,CGI-D,CD177,compound,gene
73707475,CGI-U,NFKB2,compound,gene
73707475,CGI-U,APPBP2,compound,gene
73707475,CGI-U,LPL,compound,gene
73707475,CGI-U,OXCT1,compound,gene
73707475,CGI-U,CEBPA,compound,gene
73707475,CGI-U,IGF2BP2,compound,gene
73707475,CGI-U,TICAM1,compound,gene
73707475,CGI-U,PLSCR1,compound,gene
73707475,CGI-U,WIF1,compound,gene
73707475,CGI-U,ATMIN,compound,gene
73707475,CGI-U,GET1,compound,gene
73707475,CGI-U,ENOSF1,compound,gene
73707475,CGI-U,CHEK2,compound,gene
73707475,CGI-U,TLR4,compound,gene
73707475,CGI-U,FGGY,compound,gene
73707475,CGI-U,TATDN2,compound,gene
73707475,CGI-U,ABHD4,compound,gene
73707475,CGI-U,SGCB,compound,gene
73707475,CGI-U,MAP2K5,compound,gene
73707475,CGI-U,TSEN2,compound,gene
73707475,CGI-U,EHD4,compound,gene
73707475,CGI-U,FUBP3,compound,gene
73707475,CGI-U,TRAK2,compound,gene
73707475,CGI-U,C5,compound,gene
73707475,CGI-U,ALDH1L1,compound,gene
73707475,CGI-U,UEVLD,compound,gene
73707475,CGI-U,TRAPPC6A,compound,gene
73707475,CGI-U,TUBGCP5,compound,gene
73707475,CGI-U,IFNAR1,compound,gene
73707475,CGI-U,SLC27A3,compound,gene
73707475,CGI-U,FAM50B,compound,gene
73707475,CGI-U,IREB2,compound,gene
73707475,CGI-U,AK4,compound,gene
73707475,CGI-U,OASL,compound,gene
73707475,CGI-U,CFLAR,compound,gene
73707475,CGI-U,PRKAG2,compound,gene
73707475,CGI-U,EHHADH,compound,gene
73707475,CGI-U,CRIM1,compound,gene
73707475,CGI-U,RIOX2,compound,gene
73707475,CGI-U,RPA3,compound,gene
73707475,CGI-U,INTS15,compound,gene
73707475,CGI-U,DHDDS,compound,gene
73707475,CGI-U,NGRN,compound,gene
73707475,CGI-U,SKIC8,compound,gene
73707475,CGI-U,OPA3,compound,gene
73707475,CGI-U,MED7,compound,gene
73707475,CGI-U,TRAF1,compound,gene
73707475,CGI-U,WDR43,compound,gene
73707475,CGI-U,NFIL3,compound,gene
73707475,CGI-U,ZSCAN18,compound,gene
73707475,CGI-U,NFKBIB,compound,gene
73707475,CGI-U,MAPK1IP1L,compound,gene
73707475,CGI-U,RIC8B,compound,gene
73707475,CGI-U,ZNF140,compound,gene
73707475,CGI-U,PPRC1,compound,gene
73707475,CGI-U,HOXA7,compound,gene
73707475,CGI-U,PMVK,compound,gene
73707475,CGI-U,CYFIP1,compound,gene
73707475,CGI-U,WASHC3,compound,gene
73707475,CGI-U,ATXN3,compound,gene
73707475,CGI-U,SLC27A2,compound,gene
73707475,CGI-U,BOLA1,compound,gene
73707475,CGI-U,SUV39H1,compound,gene
73707475,CGI-U,EREG,compound,gene
73707475,CGI-U,LAPTM4A,compound,gene
73707475,CGI-U,RBBP5,compound,gene
73707475,CGI-U,CC2D2B,compound,gene
73707475,CGI-U,RCN1,compound,gene
73707475,CGI-U,HBS1L,compound,gene
73707475,CGI-U,CYP20A1,compound,gene
73707475,CGI-U,YTHDF1,compound,gene
73707475,CGI-U,USP12,compound,gene
73707475,CGI-U,MAFK,compound,gene
73707475,CGI-U,NANOG,compound,gene
73707475,CGI-U,MTF1,compound,gene
73707475,CGI-U,STAM2,compound,gene
73707475,CGI-U,GINS4,compound,gene
73707475,CGI-U,DDX43,compound,gene
73707475,CGI-U,DVL1,compound,gene
73707475,CGI-U,DIABLO,compound,gene
73707475,CGI-U,SKA1,compound,gene
73707475,CGI-U,PXMP2,compound,gene
73707475,CGI-U,SORBS3,compound,gene
73707475,CGI-U,PDCD2,compound,gene
73707475,CGI-U,FBXL12,compound,gene
73707475,CGI-U,TEX30,compound,gene
73707475,CGI-U,IL18,compound,gene
73707475,CGI-U,AKIRIN1,compound,gene
73707475,CGI-U,AZI2,compound,gene
73707475,CGI-U,AKAP8L,compound,gene
73707475,CGI-U,NUBPL,compound,gene
73707475,CGI-U,CRIPT,compound,gene
73707475,CGI-U,CXXC1,compound,gene
73707475,CGI-U,IMPACT,compound,gene
73707475,CGI-U,ICA1,compound,gene
73707475,CGI-U,TXNDC15,compound,gene
73707475,CGI-U,METTL1,compound,gene
73707475,CGI-U,HERC5,compound,gene
73707475,CGI-U,GAA,compound,gene
73707475,CGI-U,SOX15,compound,gene
73707475,CGI-U,LMCD1,compound,gene
73707475,CGI-U,NUP37,compound,gene
73707475,CGI-U,NUP160,compound,gene
73707475,CGI-U,CCT6A,compound,gene
73707475,CGI-U,GNA15,compound,gene
73707475,CGI-U,CYTH1,compound,gene
73707475,CGI-U,TRIM29,compound,gene
73707475,CGI-U,PARPBP,compound,gene
73707475,CGI-U,SLC35F2,compound,gene
73707475,CGI-U,TMEM160,compound,gene
73707475,CGI-U,TIPIN,compound,gene
73707475,CGI-U,KIT,compound,gene
73707475,CGI-U,RNF126P1,compound,gene
73707475,CGI-U,IL17B,compound,gene
73707475,CGI-U,NSDHL,compound,gene
73707475,CGI-U,MAFF,compound,gene
73707475,CGI-U,CDC42,compound,gene
73707475,CGI-U,SRM,compound,gene
73707475,CGI-U,PAWR,compound,gene
73707475,CGI-U,KATNA1,compound,gene
73707475,CGI-U,CEP135,compound,gene
73707475,CGI-U,BBS7,compound,gene
73707475,CGI-U,XPNPEP1,compound,gene
73707475,CGI-U,POU5F1P3,compound,gene
73707475,CGI-U,DNAAF5,compound,gene
73707475,CGI-U,DCXR,compound,gene
73707475,CGI-U,ELN,compound,gene
73707475,CGI-U,CHUK,compound,gene
73707475,CGI-U,NUP93,compound,gene
73707475,CGI-U,GOSR2,compound,gene
73707475,CGI-U,EFNB2,compound,gene
73707475,CGI-U,TMEM47,compound,gene
73707475,CGI-U,INTS13,compound,gene
73707475,CGI-U,MAB21L1,compound,gene
73707475,CGI-U,IFT74,compound,gene
73707475,CGI-U,MRPL52,compound,gene
73707475,CGI-U,MTERF3,compound,gene
73707475,CGI-U,SMAD4,compound,gene
73707475,CGI-U,KCNF1,compound,gene
73707475,CGI-U,HIP1,compound,gene
73707475,CGI-U,WFS1,compound,gene
73707475,CGI-U,GPR183,compound,gene
73707475,CGI-U,LAS1L,compound,gene
73707475,CGI-U,PUS7L,compound,gene
73707475,CGI-U,AREG,compound,gene
73707475,CGI-U,ERCC6L,compound,gene
73707475,CGI-U,PRDM4,compound,gene
73707475,CGI-U,PSMB8,compound,gene
73707475,CGI-U,SNX11,compound,gene
73707475,CGI-U,RIOK3,compound,gene
73707475,CGI-U,ALDH1B1,compound,gene
73707475,CGI-U,PSPH,compound,gene
73707475,CGI-U,MYB,compound,gene
73707475,CGI-U,CRK,compound,gene
73707475,CGI-U,GOLM1,compound,gene
73707475,CGI-U,CYP2R1,compound,gene
73707475,CGI-U,ARL4A,compound,gene
73707475,CGI-U,MSN,compound,gene
73707475,CGI-U,IQCG,compound,gene
73707475,CGI-U,FBXL18,compound,gene
73707475,CGI-U,RYR3,compound,gene
73707475,CGI-U,PEX16,compound,gene
73707475,CGI-U,ALG5,compound,gene
73707475,CGI-U,CSGALNACT2,compound,gene
73707475,CGI-U,PUS1,compound,gene
73707475,CGI-U,TXNDC9,compound,gene
73707475,CGI-U,PIP,compound,gene
73707475,CGI-U,IL10RB,compound,gene
73707475,CGI-U,STK10,compound,gene
73707475,CGI-U,DARS1,compound,gene
73707475,CGI-U,YIPF5,compound,gene
73707475,CGI-U,NFYB,compound,gene
73707475,CGI-U,MRPS11,compound,gene
73707475,CGI-U,LILRB1,compound,gene
73707475,CGI-U,TUBD1,compound,gene
73707475,CGI-U,RBPMS,compound,gene
73707475,CGI-U,TAGLN,compound,gene
73707475,CGI-U,SPINK2,compound,gene
73707475,CGI-U,TRAIP,compound,gene
73707475,CGI-U,NBN,compound,gene
73707475,CGI-U,GADD45GIP1,compound,gene
73707475,CGI-U,PNO1,compound,gene
73707475,CGI-U,POLH,compound,gene
73707475,CGI-U,ZC3H12A,compound,gene
73707475,CGI-U,ITGA7,compound,gene
73707475,CGI-U,POLR3G,compound,gene
73707475,CGI-U,HTRA1,compound,gene
73707475,CGI-U,STXBP1,compound,gene
73707475,CGI-U,HUS1,compound,gene
73707475,CGI-U,GOLGA5,compound,gene
73707475,CGI-U,ZNF189,compound,gene
73707475,CGI-U,N4BP1,compound,gene
73707475,CGI-U,STATH,compound,gene
73707475,CGI-U,TEFM,compound,gene
73707475,CGI-U,KCTD12,compound,gene
73707475,CGI-U,TMA16,compound,gene
73707475,CGI-U,RBM34,compound,gene
73707475,CGI-U,NBR1,compound,gene
73707475,CGI-U,IL6R,compound,gene
73707475,CGI-U,POU5F1B,compound,gene
73707508,CGI-D,MTERF3,compound,gene
73707508,CGI-D,STUB1,compound,gene
73707508,CGI-D,MAP4K4,compound,gene
73707508,CGI-D,OXSR1,compound,gene
73707508,CGI-D,CLIC4,compound,gene
73707508,CGI-D,TRIB3,compound,gene
73707508,CGI-D,GDF15,compound,gene
73707508,CGI-D,KRT18,compound,gene
73707508,CGI-D,PYCR1,compound,gene
73707508,CGI-D,KHDC4,compound,gene
73707508,CGI-D,WEE1,compound,gene
73707508,CGI-D,MAP7,compound,gene
73707508,CGI-D,TSC22D1,compound,gene
73707508,CGI-D,VIM,compound,gene
73707508,CGI-D,INSL4,compound,gene
73707508,CGI-D,EFCAB14,compound,gene
73707508,CGI-D,IGFBP2,compound,gene
73707508,CGI-D,SLC5A6,compound,gene
73707508,CGI-D,DUSP6,compound,gene
73707508,CGI-D,NECAB2,compound,gene
73707508,CGI-D,CGRRF1,compound,gene
73707508,CGI-D,ANTKMT,compound,gene
73707508,CGI-D,EIF2B2,compound,gene
73707508,CGI-D,SLC2A6,compound,gene
73707508,CGI-D,RBCK1,compound,gene
73707508,CGI-D,STN1,compound,gene
73707508,CGI-D,UPK1A,compound,gene
73707508,CGI-D,CNOT8,compound,gene
73707508,CGI-D,UBE2L6,compound,gene
73707508,CGI-D,CORO1C,compound,gene
73707508,CGI-D,TELO2,compound,gene
73707508,CGI-D,TUG1,compound,gene
73707508,CGI-D,EIF3G,compound,gene
73707508,CGI-D,SCGB2A1,compound,gene
73707508,CGI-D,CA8,compound,gene
73707508,CGI-D,MRPL9,compound,gene
73707508,CGI-D,SAP130,compound,gene
73707508,CGI-D,GARRE1,compound,gene
73707508,CGI-D,LDOC1,compound,gene
73707508,CGI-D,RBM15B,compound,gene
73707508,CGI-D,OMG,compound,gene
73707508,CGI-D,ABCA4,compound,gene
73707508,CGI-D,SCGB1D2,compound,gene
73707508,CGI-D,PALLD,compound,gene
73707508,CGI-D,TRPA1,compound,gene
73707508,CGI-D,ZBTB18,compound,gene
73707508,CGI-D,EIF3D,compound,gene
73707508,CGI-D,AKT3,compound,gene
73707508,CGI-D,TSC2,compound,gene
73707508,CGI-D,ANKRD46,compound,gene
73707508,CGI-D,MYBL1,compound,gene
73707508,CGI-D,TBCC,compound,gene
73707508,CGI-D,RBM34,compound,gene
73707508,CGI-D,POLQ,compound,gene
73707508,CGI-D,FOXG1,compound,gene
73707508,CGI-D,NRGN,compound,gene
73707508,CGI-D,SDC1,compound,gene
73707508,CGI-D,PTPRM,compound,gene
73707508,CGI-D,THAP10,compound,gene
73707508,CGI-D,PREPL,compound,gene
73707508,CGI-D,SPSB3,compound,gene
73707508,CGI-D,CKAP4,compound,gene
73707508,CGI-D,FKBP4,compound,gene
73707508,CGI-D,FAM117A,compound,gene
73707508,CGI-D,NLRP3,compound,gene
73707508,CGI-D,SERHL2,compound,gene
73707508,CGI-D,EDN1,compound,gene
73707508,CGI-D,RMND5A,compound,gene
73707508,CGI-D,KRCC1,compound,gene
73707508,CGI-D,SGK1,compound,gene
73707508,CGI-D,IFI30,compound,gene
73707508,CGI-D,UBE2A,compound,gene
73707508,CGI-D,FBXO28,compound,gene
73707508,CGI-D,SVIL,compound,gene
73707508,CGI-D,RUFY1,compound,gene
73707508,CGI-D,IGFBP3,compound,gene
73707508,CGI-D,TRAPPC10,compound,gene
73707508,CGI-D,DHPS,compound,gene
73707508,CGI-D,HMG20B,compound,gene
73707508,CGI-D,PHF10,compound,gene
73707508,CGI-D,TAC1,compound,gene
73707508,CGI-D,INTS8,compound,gene
73707508,CGI-D,DENND2D,compound,gene
73707508,CGI-D,LUC7L,compound,gene
73707508,CGI-D,CYP2J2,compound,gene
73707508,CGI-D,NELFE,compound,gene
73707508,CGI-D,OSTF1,compound,gene
73707508,CGI-D,TP53BP2,compound,gene
73707508,CGI-D,IER3,compound,gene
73707508,CGI-D,DOCK9,compound,gene
73707508,CGI-D,PWP2,compound,gene
73707508,CGI-D,EZR,compound,gene
73707508,CGI-D,ULBP2,compound,gene
73707508,CGI-D,PFDN5,compound,gene
73707508,CGI-D,KTN1,compound,gene
73707508,CGI-D,NVL,compound,gene
73707508,CGI-D,CSRP1,compound,gene
73707508,CGI-D,DRG1,compound,gene
73707508,CGI-D,E2F2,compound,gene
73707508,CGI-D,MICB,compound,gene
73707508,CGI-D,EIF3I,compound,gene
73707508,CGI-D,FGF1,compound,gene
73707508,CGI-D,UTP6,compound,gene
73707508,CGI-D,MAP3K5,compound,gene
73707508,CGI-D,UGDH,compound,gene
73707508,CGI-D,CCNG2,compound,gene
73707508,CGI-D,SORBS2,compound,gene
73707508,CGI-D,USP21,compound,gene
73707508,CGI-D,KLRF1,compound,gene
73707508,CGI-D,MTFR1,compound,gene
73707508,CGI-D,IFT46,compound,gene
73707508,CGI-D,GCDH,compound,gene
73707508,CGI-D,ZFP36L2,compound,gene
73707508,CGI-D,STX12,compound,gene
73707508,CGI-D,GSTT2,compound,gene
73707508,CGI-D,PANK3,compound,gene
73707508,CGI-D,EIF3L,compound,gene
73707508,CGI-D,ATP6V1C1,compound,gene
73707508,CGI-D,EIF4A2,compound,gene
73707508,CGI-D,CEP57,compound,gene
73707508,CGI-D,RPIA,compound,gene
73707508,CGI-D,BCL11A,compound,gene
73707508,CGI-D,TBX2,compound,gene
73707508,CGI-D,KRT24,compound,gene
73707508,CGI-D,PEX16,compound,gene
73707508,CGI-D,THOC5,compound,gene
73707508,CGI-D,NSFL1C,compound,gene
73707508,CGI-D,TSR3,compound,gene
73707508,CGI-D,RHBDL1,compound,gene
73707508,CGI-D,ZNF365,compound,gene
73707508,CGI-D,THUMPD2,compound,gene
73707508,CGI-D,LAP3,compound,gene
73707508,CGI-D,PALS2,compound,gene
73707508,CGI-D,LMX1B,compound,gene
73707508,CGI-D,GFOD1,compound,gene
73707508,CGI-D,SLC4A1AP,compound,gene
73707508,CGI-D,NLK,compound,gene
73707508,CGI-D,CRYM,compound,gene
73707508,CGI-D,ELOB,compound,gene
73707508,CGI-D,TRIM2,compound,gene
73707508,CGI-D,VPS13B,compound,gene
73707508,CGI-D,ESRP1,compound,gene
73707508,CGI-D,ZNF133,compound,gene
73707508,CGI-D,DNAJA3,compound,gene
73707508,CGI-D,ADD3,compound,gene
73707508,CGI-D,PES1,compound,gene
73707508,CGI-D,ARNT2,compound,gene
73707508,CGI-D,KRT7,compound,gene
73707508,CGI-D,ART3,compound,gene
73707508,CGI-D,FANCE,compound,gene
73707508,CGI-D,CBY1,compound,gene
73707508,CGI-D,B3GAT1,compound,gene
73707508,CGI-D,PRPSAP2,compound,gene
73707508,CGI-D,ARHGAP5,compound,gene
73707508,CGI-D,JCHAIN,compound,gene
73707508,CGI-D,SMAD4,compound,gene
73707508,CGI-D,TAP1,compound,gene
73707508,CGI-D,RO60,compound,gene
73707508,CGI-D,NKIRAS2,compound,gene
73707508,CGI-D,ANKRD1,compound,gene
73707508,CGI-D,AGTPBP1,compound,gene
73707508,CGI-D,CUL4B,compound,gene
73707508,CGI-D,HDAC9,compound,gene
73707508,CGI-D,POLG2,compound,gene
73707508,CGI-D,NT5DC3,compound,gene
73707508,CGI-D,WASF1,compound,gene
73707508,CGI-D,PTEN,compound,gene
73707508,CGI-D,TMEM186,compound,gene
73707508,CGI-D,MEA1,compound,gene
73707508,CGI-D,NGDN,compound,gene
73707508,CGI-D,CLDN4,compound,gene
73707508,CGI-D,GGA1,compound,gene
73707508,CGI-D,CLIC3,compound,gene
73707508,CGI-D,HSPA8,compound,gene
73707508,CGI-D,POLR1C,compound,gene
73707508,CGI-D,MAGEC1,compound,gene
73707508,CGI-D,IZUMO4,compound,gene
73707508,CGI-D,DNAJB6,compound,gene
73707508,CGI-D,CBX7,compound,gene
73707508,CGI-D,SOS2,compound,gene
73707508,CGI-D,KIF3C,compound,gene
73707508,CGI-D,HYI,compound,gene
73707508,CGI-D,TMEM97,compound,gene
73707508,CGI-D,ARHGEF7,compound,gene
73707508,CGI-D,ZNF24,compound,gene
73707508,CGI-D,KCNG2,compound,gene
73707508,CGI-D,MRPL28,compound,gene
73707508,CGI-D,TSPAN6,compound,gene
73707508,CGI-D,RHOT2,compound,gene
73707508,CGI-D,GTPBP1,compound,gene
73707508,CGI-D,KIAA0319,compound,gene
73707508,CGI-D,NAA10,compound,gene
73707508,CGI-D,AK2,compound,gene
73707508,CGI-D,NUP42,compound,gene
73707508,CGI-D,PRMT2,compound,gene
73707508,CGI-D,CNKSR1,compound,gene
73707508,CGI-D,MBOAT7,compound,gene
73707508,CGI-D,ATN1,compound,gene
73707508,CGI-D,RAP1GAP2,compound,gene
73707508,CGI-D,SMC1A,compound,gene
73707508,CGI-U,SERPINA3,compound,gene
73707508,CGI-U,IKZF1,compound,gene
73707508,CGI-U,ABHD6,compound,gene
73707508,CGI-U,GPER1,compound,gene
73707508,CGI-U,NGRN,compound,gene
73707508,CGI-U,PTPA,compound,gene
73707508,CGI-U,HOXA5,compound,gene
73707508,CGI-U,PECR,compound,gene
73707508,CGI-U,UFL1,compound,gene
73707508,CGI-U,ICMT,compound,gene
73707508,CGI-U,TRAPPC6A,compound,gene
73707508,CGI-U,ARHGEF6,compound,gene
73707508,CGI-U,RBP1,compound,gene
73707508,CGI-U,NFATC3,compound,gene
73707508,CGI-U,RNPS1,compound,gene
73707508,CGI-U,VKORC1,compound,gene
73707508,CGI-U,MBNL2,compound,gene
73707508,CGI-U,CTDSP1,compound,gene
73707508,CGI-U,XPO7,compound,gene
73707508,CGI-U,ABHD2,compound,gene
73707508,CGI-U,GLG1,compound,gene
73707508,CGI-U,DNAJB2,compound,gene
73707508,CGI-U,MAN1B1,compound,gene
73707508,CGI-U,ZNF131,compound,gene
73707508,CGI-U,ANO10,compound,gene
73707508,CGI-U,PPP2R5E,compound,gene
73707508,CGI-U,BCL11B,compound,gene
73707508,CGI-U,RXYLT1,compound,gene
73707508,CGI-U,CEBPZ,compound,gene
73707508,CGI-U,DOLK,compound,gene
73707508,CGI-U,PRRC1,compound,gene
73707508,CGI-U,BARD1,compound,gene
73707508,CGI-U,SLC7A6,compound,gene
73707508,CGI-U,IGF1,compound,gene
73707508,CGI-U,IL17RA,compound,gene
73707508,CGI-U,SYNGR3,compound,gene
73707508,CGI-U,DBP,compound,gene
73707508,CGI-U,PER3,compound,gene
73707508,CGI-U,ACKR1,compound,gene
73707508,CGI-U,SCAMP2,compound,gene
73707508,CGI-U,CYB561,compound,gene
73707508,CGI-U,PSMD1,compound,gene
73707508,CGI-U,SIRPG,compound,gene
73707508,CGI-U,LAIR2,compound,gene
73707508,CGI-U,LSR,compound,gene
73707508,CGI-U,SORBS3,compound,gene
73707508,CGI-U,SELE,compound,gene
73707508,CGI-U,FYB1,compound,gene
73707508,CGI-U,RGL1,compound,gene
73707508,CGI-U,FZD7,compound,gene
73707508,CGI-U,TGFBR2,compound,gene
73707508,CGI-U,EVL,compound,gene
73707508,CGI-U,PCDHB13,compound,gene
73707508,CGI-U,PCSK7,compound,gene
73707508,CGI-U,YME1L1,compound,gene
73707508,CGI-U,PDLIM1,compound,gene
73707508,CGI-U,FGFBP1,compound,gene
73707508,CGI-U,CHRNA9,compound,gene
73707508,CGI-U,TRAP1,compound,gene
73707508,CGI-U,TMEM222,compound,gene
73707508,CGI-U,ZCCHC8,compound,gene
73707508,CGI-U,CAPRIN1,compound,gene
73707508,CGI-U,SEC62,compound,gene
73707508,CGI-U,DNAJC9,compound,gene
73707508,CGI-U,GPC1,compound,gene
73707508,CGI-U,LPL,compound,gene
73707508,CGI-U,SGPL1,compound,gene
73707508,CGI-U,PLTP,compound,gene
73707508,CGI-U,DNASE1L3,compound,gene
73707508,CGI-U,PLK1,compound,gene
73707508,CGI-U,BRD4,compound,gene
73707508,CGI-U,KCNAB2,compound,gene
73707508,CGI-U,PTK2B,compound,gene
73707508,CGI-U,UQCRFS1,compound,gene
73707508,CGI-U,GLI2,compound,gene
73707508,CGI-U,GALNT6,compound,gene
73707508,CGI-U,COL17A1,compound,gene
73707508,CGI-U,FHL3,compound,gene
73707508,CGI-U,CD3G,compound,gene
73707508,CGI-U,PHKA2,compound,gene
73707508,CGI-U,HSD11B2,compound,gene
73707508,CGI-U,EGR2,compound,gene
73707508,CGI-U,ATP1A1,compound,gene
73707508,CGI-U,MAPK6,compound,gene
73707508,CGI-U,CDK12,compound,gene
73707508,CGI-U,PSIP1,compound,gene
73707508,CGI-U,PDHA1,compound,gene
73707508,CGI-U,SLC35E3,compound,gene
73707508,CGI-U,CARD10,compound,gene
73707508,CGI-U,RNF13,compound,gene
73707508,CGI-U,PEMT,compound,gene
73707508,CGI-U,GOLM1,compound,gene
73707508,CGI-U,PEX14,compound,gene
73707508,CGI-U,ELP3,compound,gene
73707508,CGI-U,SELL,compound,gene
73707508,CGI-U,FRS2,compound,gene
73707508,CGI-U,AKAP8L,compound,gene
73707508,CGI-U,LRRN3,compound,gene
73707508,CGI-U,LASP1,compound,gene
73707508,CGI-U,MVB12B,compound,gene
73707508,CGI-U,PRSS23,compound,gene
73707508,CGI-U,ABCA8,compound,gene
73707508,CGI-U,SLC36A1,compound,gene
73707508,CGI-U,SLC25A13,compound,gene
73707508,CGI-U,JAG1,compound,gene
73707508,CGI-U,CELF2,compound,gene
73707508,CGI-U,ADRA2A,compound,gene
73707508,CGI-U,POGLUT2,compound,gene
73707508,CGI-U,KDSR,compound,gene
73707508,CGI-U,BCL2,compound,gene
73707508,CGI-U,ZMIZ1,compound,gene
73707508,CGI-U,CDCA4,compound,gene
73707508,CGI-U,BIRC2,compound,gene
73707508,CGI-U,PELO,compound,gene
73707508,CGI-U,SLC1A5,compound,gene
73707508,CGI-U,DDHD2,compound,gene
73707508,CGI-U,EVA1B,compound,gene
73707508,CGI-U,KPNB1,compound,gene
73707508,CGI-U,MACROH2A2,compound,gene
73707508,CGI-U,LIF,compound,gene
73707508,CGI-U,CARMIL1,compound,gene
73707508,CGI-U,LORICRIN,compound,gene
73707508,CGI-U,GALNS,compound,gene
73707508,CGI-U,PALS1,compound,gene
73707508,CGI-U,PRELP,compound,gene
73707508,CGI-U,PEG3,compound,gene
73707508,CGI-U,LRRC40,compound,gene
73707508,CGI-U,TRAF6,compound,gene
73707508,CGI-U,GVINP1,compound,gene
73707508,CGI-U,NAP1L1,compound,gene
73707508,CGI-U,REST,compound,gene
73707508,CGI-U,IP6K2,compound,gene
73707508,CGI-U,RGS2,compound,gene
73707508,CGI-U,USP20,compound,gene
73707508,CGI-U,POLE2,compound,gene
73707508,CGI-U,GLB1L,compound,gene
73707508,CGI-U,HNRNPR,compound,gene
73707508,CGI-U,GPD1,compound,gene
73707508,CGI-U,SLC46A3,compound,gene
73707508,CGI-U,SLC16A2,compound,gene
73707508,CGI-U,LBH,compound,gene
73707508,CGI-U,SPIN1,compound,gene
73707508,CGI-U,WAS,compound,gene
73707508,CGI-U,GPRC5C,compound,gene
73707508,CGI-U,SLC16A5,compound,gene
73707508,CGI-U,TXNDC15,compound,gene
73707508,CGI-U,LRCH4,compound,gene
73707508,CGI-U,GPR107,compound,gene
73707508,CGI-U,SLC35D2,compound,gene
73707508,CGI-U,SETD1B,compound,gene
73707508,CGI-U,UBASH3A,compound,gene
73707508,CGI-U,BIRC5,compound,gene
73707508,CGI-U,ISG15,compound,gene
73707508,CGI-U,MFHAS1,compound,gene
73707508,CGI-U,GATA6,compound,gene
73707508,CGI-U,CAV2,compound,gene
73707508,CGI-U,MAGT1,compound,gene
73707508,CGI-U,RPN2,compound,gene
73707508,CGI-U,CD28,compound,gene
73707508,CGI-U,ATG9A,compound,gene
73707508,CGI-U,ANKRD11,compound,gene
73707508,CGI-U,BAMBI,compound,gene
73707508,CGI-U,TOMM40,compound,gene
73707508,CGI-U,SPATA6,compound,gene
73707508,CGI-U,NAE1,compound,gene
73707508,CGI-U,FBLN5,compound,gene
73707508,CGI-U,FNTB,compound,gene
73707508,CGI-U,SNRPA1,compound,gene
73707508,CGI-U,SMCO4,compound,gene
73707508,CGI-U,ARHGAP6,compound,gene
73707508,CGI-U,LIN7A,compound,gene
73707508,CGI-U,RASA1,compound,gene
73707508,CGI-U,LRRFIP1,compound,gene
73707508,CGI-U,KRR1,compound,gene
73707508,CGI-U,EXOSC2,compound,gene
73707508,CGI-U,MSL3,compound,gene
73707508,CGI-U,PCSK5,compound,gene
73707508,CGI-U,KXD1,compound,gene
73707508,CGI-U,EPB41L3,compound,gene
73707508,CGI-U,P2RY10,compound,gene
73707508,CGI-U,TBC1D13,compound,gene
73707508,CGI-U,DGKA,compound,gene
73707508,CGI-U,TIAM1,compound,gene
73707508,CGI-U,SLC8B1,compound,gene
73707508,CGI-U,KRT10,compound,gene
73707508,CGI-U,DHRS7,compound,gene
73707508,CGI-U,CSRP2,compound,gene
73707508,CGI-U,PLAC8,compound,gene
73707508,CGI-U,CHST3,compound,gene
73707508,CGI-U,HYOU1,compound,gene
73707508,CGI-U,RAB14,compound,gene
73707508,CGI-U,CLEC4M,compound,gene
73707508,CGI-U,RHOG,compound,gene
73707508,CGI-U,FLG,compound,gene
73707508,CGI-U,MAPKAP1,compound,gene
73707508,CGI-U,CEP350,compound,gene
73707508,CGI-U,ANXA7,compound,gene
73707508,CGI-U,CNOT7,compound,gene
73707508,CGI-U,PPARD,compound,gene
73707508,CGI-U,CA6,compound,gene
8567,CGI-D,GDF15,compound,gene
8567,CGI-D,ITGAE,compound,gene
8567,CGI-D,DNAJA3,compound,gene
8567,CGI-D,TRAPPC3,compound,gene
8567,CGI-D,POLR2L,compound,gene
8567,CGI-D,ACBD3,compound,gene
8567,CGI-D,GOLT1B,compound,gene
8567,CGI-D,RNF167,compound,gene
8567,CGI-D,CNDP2,compound,gene
8567,CGI-D,TIMM9,compound,gene
8567,CGI-D,NR2F6,compound,gene
8567,CGI-D,HMGCS1,compound,gene
8567,CGI-D,EBNA1BP2,compound,gene
8567,CGI-D,CCNB2,compound,gene
8567,CGI-D,TSPAN4,compound,gene
8567,CGI-D,PSMG1,compound,gene
8567,CGI-D,CLTC,compound,gene
8567,CGI-D,INSIG1,compound,gene
8567,CGI-D,TYMS,compound,gene
8567,CGI-D,TFPI2,compound,gene
8567,CGI-D,NVL,compound,gene
8567,CGI-D,HSD17B11,compound,gene
8567,CGI-D,PSMB2,compound,gene
8567,CGI-D,GTPBP8,compound,gene
8567,CGI-D,FDFT1,compound,gene
8567,CGI-D,CHMP4A,compound,gene
8567,CGI-D,RPN1,compound,gene
8567,CGI-D,DNAJB1,compound,gene
8567,CGI-D,PSMA3,compound,gene
8567,CGI-D,C1D,compound,gene
8567,CGI-D,CALU,compound,gene
8567,CGI-D,CYCS,compound,gene
8567,CGI-D,NPC1,compound,gene
8567,CGI-D,ATP5PF,compound,gene
8567,CGI-D,RBM15,compound,gene
8567,CGI-D,PTER,compound,gene
8567,CGI-D,ETF1,compound,gene
8567,CGI-D,CDKN1B,compound,gene
8567,CGI-D,PRPF4,compound,gene
8567,CGI-D,FUT8,compound,gene
8567,CGI-D,PSMB7,compound,gene
8567,CGI-D,SLC31A1,compound,gene
8567,CGI-D,RAD51C,compound,gene
8567,CGI-D,NUCKS1,compound,gene
8567,CGI-D,SMG8,compound,gene
8567,CGI-D,MAPK1IP1L,compound,gene
8567,CGI-D,STXBP1,compound,gene
8567,CGI-D,TSC22D3,compound,gene
8567,CGI-D,REEP5,compound,gene
8567,CGI-D,CIRBP,compound,gene
8567,CGI-D,CMPK1,compound,gene
8567,CGI-D,AMD1,compound,gene
8567,CGI-D,SMNDC1,compound,gene
8567,CGI-D,ZW10,compound,gene
8567,CGI-D,DIPK1A,compound,gene
8567,CGI-D,GGTLC1,compound,gene
8567,CGI-D,FBXO34,compound,gene
8567,CGI-D,TMC5,compound,gene
8567,CGI-D,USP22,compound,gene
8567,CGI-D,CDH3,compound,gene
8567,CGI-D,POLG2,compound,gene
8567,CGI-D,AQP2,compound,gene
8567,CGI-D,HMCES,compound,gene
8567,CGI-D,DENND1B,compound,gene
8567,CGI-D,GGT1,compound,gene
8567,CGI-D,BCAS2,compound,gene
8567,CGI-D,SPTSSA,compound,gene
8567,CGI-D,SELP,compound,gene
8567,CGI-D,ATF5,compound,gene
8567,CGI-D,E2F6,compound,gene
8567,CGI-D,RAI14,compound,gene
8567,CGI-D,PLAT,compound,gene
8567,CGI-D,TLCD3A,compound,gene
8567,CGI-D,CLTB,compound,gene
8567,CGI-D,TAF9,compound,gene
8567,CGI-D,NR4A1,compound,gene
8567,CGI-D,CCDC47,compound,gene
8567,CGI-D,HMGN3,compound,gene
8567,CGI-D,MLPH,compound,gene
8567,CGI-D,UBP1,compound,gene
8567,CGI-D,PDCD10,compound,gene
8567,CGI-D,CAPZA1,compound,gene
8567,CGI-D,ZNF410,compound,gene
8567,CGI-D,SAR1A,compound,gene
8567,CGI-D,CRTAP,compound,gene
8567,CGI-D,ZMYM4,compound,gene
8567,CGI-D,EAF2,compound,gene
8567,CGI-D,ZFYVE9,compound,gene
8567,CGI-D,PDZK1IP1,compound,gene
8567,CGI-D,IDH1,compound,gene
8567,CGI-D,MBD3,compound,gene
8567,CGI-D,STXBP2,compound,gene
8567,CGI-D,SNX2,compound,gene
8567,CGI-D,PLK2,compound,gene
8567,CGI-D,PFKM,compound,gene
8567,CGI-D,FAM234B,compound,gene
8567,CGI-D,RPIA,compound,gene
8567,CGI-D,TSNAX,compound,gene
8567,CGI-D,CXCL1,compound,gene
8567,CGI-D,PIP5K1A,compound,gene
8567,CGI-D,ZFAND6,compound,gene
8567,CGI-D,WDR18,compound,gene
8567,CGI-D,BCL10,compound,gene
8567,CGI-D,NCDN,compound,gene
8567,CGI-D,CDC42,compound,gene
8567,CGI-D,MSMO1,compound,gene
8567,CGI-D,RPS6,compound,gene
8567,CGI-D,VCX2,compound,gene
8567,CGI-D,MTX2,compound,gene
8567,CGI-D,UROD,compound,gene
8567,CGI-D,HMG20B,compound,gene
8567,CGI-D,S100PBP,compound,gene
8567,CGI-D,HAT1,compound,gene
8567,CGI-D,AGPAT1,compound,gene
8567,CGI-D,ECHDC1,compound,gene
8567,CGI-D,MRPS15,compound,gene
8567,CGI-D,PTTG1,compound,gene
8567,CGI-D,SEPHS2,compound,gene
8567,CGI-D,CCN1,compound,gene
8567,CGI-D,R3HDM1,compound,gene
8567,CGI-D,OSBPL10,compound,gene
8567,CGI-D,HSPA13,compound,gene
8567,CGI-D,MRPL12,compound,gene
8567,CGI-D,TNC,compound,gene
8567,CGI-D,DLD,compound,gene
8567,CGI-D,PIAS2,compound,gene
8567,CGI-D,ZWINT,compound,gene
8567,CGI-D,PEF1,compound,gene
8567,CGI-D,RNF187,compound,gene
8567,CGI-D,SULT1A1,compound,gene
8567,CGI-D,PSMD14,compound,gene
8567,CGI-D,MTHFD2,compound,gene
8567,CGI-D,REEP4,compound,gene
8567,CGI-D,LPAR2,compound,gene
8567,CGI-D,RCAN1,compound,gene
8567,CGI-D,ZNF263,compound,gene
8567,CGI-D,SULT1A2,compound,gene
8567,CGI-D,GMFB,compound,gene
8567,CGI-D,RCOR3,compound,gene
8567,CGI-D,PDXK,compound,gene
8567,CGI-D,SHOC2,compound,gene
8567,CGI-D,DDX10,compound,gene
8567,CGI-D,ING1,compound,gene
8567,CGI-D,SEM1,compound,gene
8567,CGI-D,UGCG,compound,gene
8567,CGI-D,MACIR,compound,gene
8567,CGI-D,FLRT3,compound,gene
8567,CGI-D,RNFT2,compound,gene
8567,CGI-D,TAF15,compound,gene
8567,CGI-D,PRG2,compound,gene
8567,CGI-D,CNIH1,compound,gene
8567,CGI-D,USP1,compound,gene
8567,CGI-D,ANXA3,compound,gene
8567,CGI-D,STEEP1,compound,gene
8567,CGI-D,ANP32E,compound,gene
8567,CGI-D,LDAF1,compound,gene
8567,CGI-D,AP2A2,compound,gene
8567,CGI-D,FAM53C,compound,gene
8567,CGI-D,DEFA4,compound,gene
8567,CGI-D,ATP2C1,compound,gene
8567,CGI-D,DCUN1D1,compound,gene
8567,CGI-D,RAD23B,compound,gene
8567,CGI-D,RFK,compound,gene
8567,CGI-D,H2BC12,compound,gene
8567,CGI-D,PIGR,compound,gene
8567,CGI-D,PTP4A1,compound,gene
8567,CGI-D,GGNBP2,compound,gene
8567,CGI-D,BLVRB,compound,gene
8567,CGI-D,OGFRL1,compound,gene
8567,CGI-D,OLFM4,compound,gene
8567,CGI-D,VPS26A,compound,gene
8567,CGI-D,COG2,compound,gene
8567,CGI-D,IL6,compound,gene
8567,CGI-D,SLC25A46,compound,gene
8567,CGI-D,SCPEP1,compound,gene
8567,CGI-D,CHAC1,compound,gene
8567,CGI-D,MUC1,compound,gene
8567,CGI-D,FBXW11,compound,gene
8567,CGI-D,ULK2,compound,gene
8567,CGI-D,CD40,compound,gene
8567,CGI-D,DNAJC1,compound,gene
8567,CGI-D,THUMPD1,compound,gene
8567,CGI-D,SFRP1,compound,gene
8567,CGI-D,WDR82,compound,gene
8567,CGI-D,PLEKHB2,compound,gene
8567,CGI-D,RPS4Y1,compound,gene
8567,CGI-D,BST2,compound,gene
8567,CGI-D,TNFRSF17,compound,gene
8567,CGI-D,THOC7,compound,gene
8567,CGI-D,PTGES,compound,gene
8567,CGI-D,WWC1,compound,gene
8567,CGI-D,FOSB,compound,gene
8567,CGI-D,PRKRIP1,compound,gene
8567,CGI-D,SEC24A,compound,gene
8567,CGI-D,ZDHHC3,compound,gene
8567,CGI-D,TRAFD1,compound,gene
8567,CGI-D,BASP1,compound,gene
8567,CGI-D,SEC11A,compound,gene
8567,CGI-D,UQCRFS1,compound,gene
8567,CGI-D,DUSP8,compound,gene
8567,CGI-U,MAL,compound,gene
8567,CGI-U,CES1,compound,gene
8567,CGI-U,SQOR,compound,gene
8567,CGI-U,BLTP2,compound,gene
8567,CGI-U,ACLY,compound,gene
8567,CGI-U,NFKB2,compound,gene
8567,CGI-U,PAN2,compound,gene
8567,CGI-U,CRIP1,compound,gene
8567,CGI-U,GFOD1,compound,gene
8567,CGI-U,FKBP14,compound,gene
8567,CGI-U,COQ8A,compound,gene
8567,CGI-U,RBKS,compound,gene
8567,CGI-U,MKNK1,compound,gene
8567,CGI-U,CNPY3,compound,gene
8567,CGI-U,TMEM204,compound,gene
8567,CGI-U,NPR3,compound,gene
8567,CGI-U,NAIP,compound,gene
8567,CGI-U,ATAD2,compound,gene
8567,CGI-U,HAUS7,compound,gene
8567,CGI-U,ADGRG1,compound,gene
8567,CGI-U,IFNAR1,compound,gene
8567,CGI-U,LPL,compound,gene
8567,CGI-U,MAPRE2,compound,gene
8567,CGI-U,HEBP2,compound,gene
8567,CGI-U,DENND2D,compound,gene
8567,CGI-U,PPARD,compound,gene
8567,CGI-U,GRB10,compound,gene
8567,CGI-U,ABHD2,compound,gene
8567,CGI-U,NDUFA4L2,compound,gene
8567,CGI-U,VPS72,compound,gene
8567,CGI-U,ATG3,compound,gene
8567,CGI-U,BAALC,compound,gene
8567,CGI-U,NFATC3,compound,gene
8567,CGI-U,KLHDC2,compound,gene
8567,CGI-U,CYFIP1,compound,gene
8567,CGI-U,SRSF1,compound,gene
8567,CGI-U,GOLM1,compound,gene
8567,CGI-U,BAD,compound,gene
8567,CGI-U,SATB1,compound,gene
8567,CGI-U,KCNK3,compound,gene
8567,CGI-U,TRAM2,compound,gene
8567,CGI-U,ST3GAL6,compound,gene
8567,CGI-U,ABCA6,compound,gene
8567,CGI-U,BGN,compound,gene
8567,CGI-U,CFHR4,compound,gene
8567,CGI-U,C11orf71,compound,gene
8567,CGI-U,SEPTIN8,compound,gene
8567,CGI-U,FAN1,compound,gene
8567,CGI-U,MYH7B,compound,gene
8567,CGI-U,ABCB11,compound,gene
8567,CGI-U,ACSM5,compound,gene
8567,CGI-U,PLSCR1,compound,gene
8567,CGI-U,CTNNA2,compound,gene
8567,CGI-U,MSRA,compound,gene
8567,CGI-U,CD99,compound,gene
8567,CGI-U,EIF3H,compound,gene
8567,CGI-U,PLXND1,compound,gene
8567,CGI-U,KIT,compound,gene
8567,CGI-U,GUSBP3,compound,gene
8567,CGI-U,ABI3BP,compound,gene
8567,CGI-U,CALM3,compound,gene
8567,CGI-U,RAD21,compound,gene
8567,CGI-U,ICMT,compound,gene
8567,CGI-U,SPEN,compound,gene
8567,CGI-U,EXO5,compound,gene
8567,CGI-U,BTN3A3,compound,gene
8567,CGI-U,PPP1R13B,compound,gene
8567,CGI-U,KLHL41,compound,gene
8567,CGI-U,C8B,compound,gene
8567,CGI-U,BOP1,compound,gene
8567,CGI-U,GRM6,compound,gene
8567,CGI-U,RGL2,compound,gene
8567,CGI-U,DKK4,compound,gene
8567,CGI-U,CD33,compound,gene
8567,CGI-U,KATNIP,compound,gene
8567,CGI-U,EMILIN1,compound,gene
8567,CGI-U,NNT,compound,gene
8567,CGI-U,PRKCQ,compound,gene
8567,CGI-U,GNAI1,compound,gene
8567,CGI-U,ERAP2,compound,gene
8567,CGI-U,RPL10,compound,gene
8567,CGI-U,IL11RA,compound,gene
8567,CGI-U,GRWD1,compound,gene
8567,CGI-U,EHD4,compound,gene
8567,CGI-U,SLC1A4,compound,gene
8567,CGI-U,TFF2,compound,gene
8567,CGI-U,NRXN3,compound,gene
8567,CGI-U,TPM3,compound,gene
8567,CGI-U,NOL3,compound,gene
8567,CGI-U,ESM1,compound,gene
8567,CGI-U,HBB,compound,gene
8567,CGI-U,SLC29A3,compound,gene
8567,CGI-U,GLUD2,compound,gene
8567,CGI-U,RGCC,compound,gene
8567,CGI-U,CYP27A1,compound,gene
8567,CGI-U,KANSL1L,compound,gene
8567,CGI-U,NDRG1,compound,gene
8567,CGI-U,CYP3A7,compound,gene
8567,CGI-U,FEV,compound,gene
8567,CGI-U,CRKL,compound,gene
8567,CGI-U,IL4R,compound,gene
8567,CGI-U,ADAMTSL4,compound,gene
8567,CGI-U,SLC35E2B,compound,gene
8567,CGI-U,BPHL,compound,gene
8567,CGI-U,FSCN1,compound,gene
8567,CGI-U,CFHR5,compound,gene
8567,CGI-U,CSPG4,compound,gene
8567,CGI-U,TRPS1,compound,gene
8567,CGI-U,ITPR2,compound,gene
8567,CGI-U,TRADD,compound,gene
8567,CGI-U,FAM114A1,compound,gene
8567,CGI-U,PPP1R14B,compound,gene
8567,CGI-U,SLN,compound,gene
8567,CGI-U,VPS51,compound,gene
8567,CGI-U,TNFSF18,compound,gene
8567,CGI-U,POGK,compound,gene
8567,CGI-U,CYLD,compound,gene
8567,CGI-U,CA3,compound,gene
8567,CGI-U,DEDD,compound,gene
8567,CGI-U,DIS3,compound,gene
8567,CGI-U,MAN2C1,compound,gene
8567,CGI-U,MAMLD1,compound,gene
8567,CGI-U,SERPINF2,compound,gene
8567,CGI-U,BRD7,compound,gene
8567,CGI-U,CDK12,compound,gene
8567,CGI-U,COL5A3,compound,gene
8567,CGI-U,PHKA2,compound,gene
8567,CGI-U,CD3D,compound,gene
8567,CGI-U,NUP160,compound,gene
8567,CGI-U,EFEMP2,compound,gene
8567,CGI-U,RAB15,compound,gene
8567,CGI-U,ABCB4,compound,gene
8567,CGI-U,SLC17A2,compound,gene
8567,CGI-U,HOXA4,compound,gene
8567,CGI-U,TMBIM1,compound,gene
8567,CGI-U,RBMS1,compound,gene
8567,CGI-U,SEC24C,compound,gene
8567,CGI-U,ZFP36L2,compound,gene
8567,CGI-U,LY6G5C,compound,gene
8567,CGI-U,DSCC1,compound,gene
8567,CGI-U,HOXC4,compound,gene
8567,CGI-U,THBS4,compound,gene
8567,CGI-U,TREM2,compound,gene
8567,CGI-U,PTCD3,compound,gene
8567,CGI-U,SRPX2,compound,gene
8567,CGI-U,LSR,compound,gene
8567,CGI-U,PON1,compound,gene
8567,CGI-U,EPHA3,compound,gene
8567,CGI-U,FGF14,compound,gene
8567,CGI-U,NDUFV2,compound,gene
8567,CGI-U,NECAP2,compound,gene
8567,CGI-U,TUBA4B,compound,gene
8567,CGI-U,DTNA,compound,gene
8567,CGI-U,ARL4C,compound,gene
8567,CGI-U,CHKB,compound,gene
8567,CGI-U,ASGR1,compound,gene
8567,CGI-U,MYL2,compound,gene
8567,CGI-U,STXBP5L,compound,gene
8567,CGI-U,ASPSCR1,compound,gene
8567,CGI-U,ARFGEF1,compound,gene
8567,CGI-U,IL22RA1,compound,gene
8567,CGI-U,NIT1,compound,gene
8567,CGI-U,MBL2,compound,gene
8567,CGI-U,GIMAP6,compound,gene
8567,CGI-U,ZNF426,compound,gene
8567,CGI-U,TBC1D31,compound,gene
8567,CGI-U,HSPBAP1,compound,gene
8567,CGI-U,SLC38A4,compound,gene
8567,CGI-U,MYH7,compound,gene
8567,CGI-U,ZNF22,compound,gene
8567,CGI-U,HSPG2,compound,gene
8567,CGI-U,CSK,compound,gene
8567,CGI-U,CHD1L,compound,gene
8567,CGI-U,CER1,compound,gene
8567,CGI-U,XRCC2,compound,gene
8567,CGI-U,NAGK,compound,gene
8567,CGI-U,SSPN,compound,gene
8567,CGI-U,RHOA,compound,gene
8567,CGI-U,WDR70,compound,gene
8567,CGI-U,C8A,compound,gene
8567,CGI-U,CASP4,compound,gene
8567,CGI-U,HAPLN1,compound,gene
8567,CGI-U,MMP1,compound,gene
8567,CGI-U,OR7E14P,compound,gene
8567,CGI-U,SMU1,compound,gene
8567,CGI-U,PRUNE1,compound,gene
8567,CGI-U,GALNS,compound,gene
8567,CGI-U,CA9,compound,gene
8567,CGI-U,RGN,compound,gene
8567,CGI-U,ZNF451,compound,gene
8567,CGI-U,PPARG,compound,gene
8567,CGI-U,ZSCAN18,compound,gene
8567,CGI-U,COL6A1,compound,gene
8567,CGI-U,ILF2,compound,gene
8567,CGI-U,YIPF3,compound,gene
8567,CGI-U,ZIC1,compound,gene
8567,CGI-U,THUMPD2,compound,gene
8567,CGI-U,SLC6A1,compound,gene
8567,CGI-U,UGT2B4,compound,gene
8567,CGI-U,ABHD6,compound,gene
12478,CGI-N,HEY2,compound,gene
12478,CGI-N,NUP205,compound,gene
12478,CGI-N,KATNIP,compound,gene
12478,CGI-N,ITGBL1,compound,gene
12478,CGI-N,PTX3,compound,gene
12478,CGI-N,CTRB2,compound,gene
12478,CGI-N,FBXO28,compound,gene
12478,CGI-N,CST1,compound,gene
12478,CGI-N,AQR,compound,gene
12478,CGI-N,AQP9,compound,gene
12478,CGI-N,TNC,compound,gene
12478,CGI-N,SEC61A1,compound,gene
12478,CGI-N,ABCA5,compound,gene
12478,CGI-N,CNP,compound,gene
12478,CGI-N,EIF3K,compound,gene
12478,CGI-N,ZNF273,compound,gene
12478,CGI-N,ANKRD55,compound,gene
12478,CGI-N,POLR2G,compound,gene
12478,CGI-N,DDN,compound,gene
12478,CGI-N,CXCL1,compound,gene
12478,CGI-N,GRIK4,compound,gene
12478,CGI-N,BRAP,compound,gene
12478,CGI-N,FUT7,compound,gene
12478,CGI-N,ZNF484,compound,gene
12478,CGI-N,MED28,compound,gene
12478,CGI-N,NMU,compound,gene
12478,CGI-N,PPARGC1A,compound,gene
12478,CGI-N,MAD2L1,compound,gene
12478,CGI-N,PPT2,compound,gene
12478,CGI-N,PGPEP1,compound,gene
12478,CGI-N,FGFR3,compound,gene
12478,CGI-N,TOP2B,compound,gene
12478,CGI-N,INSL3,compound,gene
12478,CGI-N,TCTN3,compound,gene
12478,CGI-N,PPARD,compound,gene
12478,CGI-N,CTF1,compound,gene
12478,CGI-N,BCL2L14,compound,gene
12478,CGI-N,POLR2J2,compound,gene
12478,CGI-N,ZNF253,compound,gene
12478,CGI-N,CXCR4,compound,gene
12478,CGI-N,EGF,compound,gene
12478,CGI-N,NECAB2,compound,gene
12478,CGI-N,ZNF202,compound,gene
12478,CGI-N,KPNA5,compound,gene
12478,CGI-N,MRPL58,compound,gene
12478,CGI-N,INPP4B,compound,gene
12478,CGI-N,KCNK10,compound,gene
12478,CGI-N,ZNF667,compound,gene
12478,CGI-N,TRAF3IP2,compound,gene
12478,CGI-N,MPPED1,compound,gene
12478,CGI-N,MYOM1,compound,gene
12478,CGI-N,PRG4,compound,gene
12478,CGI-N,NUBP1,compound,gene
12478,CGI-N,AZI2,compound,gene
12478,CGI-N,ARHGEF26,compound,gene
12478,CGI-N,GSTCD,compound,gene
12478,CGI-N,PPWD1,compound,gene
12478,CGI-N,G0S2,compound,gene
12478,CGI-N,CSTF2,compound,gene
12478,CGI-N,AGA,compound,gene
12478,CGI-N,PLAC8,compound,gene
12478,CGI-N,ARHGEF11,compound,gene
12478,CGI-N,BCAS1,compound,gene
12478,CGI-N,NRCAM,compound,gene
12478,CGI-N,IFNA4,compound,gene
12478,CGI-N,CTAGE11P,compound,gene
12478,CGI-N,PLA2G2A,compound,gene
12478,CGI-N,SYNPO,compound,gene
12478,CGI-N,GALNT10,compound,gene
12478,CGI-N,NUDT4,compound,gene
12478,CGI-N,PBXIP1,compound,gene
12478,CGI-N,DPM2,compound,gene
12478,CGI-N,SARDH,compound,gene
12478,CGI-N,SNTA1,compound,gene
12478,CGI-N,NDUFB5,compound,gene
12478,CGI-N,FRS2,compound,gene
12478,CGI-N,CCK,compound,gene
12478,CGI-N,TFDP2,compound,gene
12478,CGI-N,CNMD,compound,gene
12478,CGI-N,SMPDL3A,compound,gene
12478,CGI-N,NPPA,compound,gene
12478,CGI-N,WT1-AS,compound,gene
12478,CGI-N,LGALS13,compound,gene
12478,CGI-N,KIR2DS4,compound,gene
12478,CGI-N,KCTD15,compound,gene
12478,CGI-N,NUCB1,compound,gene
12478,CGI-N,C8G,compound,gene
12478,CGI-N,ENC1,compound,gene
12478,CGI-N,ZSCAN2,compound,gene
12478,CGI-N,NXPH4,compound,gene
12478,CGI-N,CSDC2,compound,gene
12478,CGI-N,ELL,compound,gene
12478,CGI-N,AVEN,compound,gene
12478,CGI-N,ACYP2,compound,gene
12478,CGI-N,OSBPL7,compound,gene
12478,CGI-N,IFT57,compound,gene
12478,CGI-N,INPP5F,compound,gene
12478,CGI-N,UTP6,compound,gene
12478,CGI-N,SLC17A6,compound,gene
12478,CGI-N,MYT1L,compound,gene
12478,CGI-N,CFD,compound,gene
12478,CGI-N,ZFX,compound,gene
12478,CGI-N,CBY1,compound,gene
12478,CGI-N,GOT1,compound,gene
12478,CGI-N,ERLIN2,compound,gene
12478,CGI-N,ADCY3,compound,gene
12478,CGI-N,STATH,compound,gene
12478,CGI-N,E2F4,compound,gene
12478,CGI-N,DPYSL3,compound,gene
12478,CGI-N,HOOK1,compound,gene
12478,CGI-N,SCO2,compound,gene
12478,CGI-N,LAS1L,compound,gene
12478,CGI-N,NCR3,compound,gene
12478,CGI-N,GPR157,compound,gene
12478,CGI-N,PAM16,compound,gene
12478,CGI-N,GRM1,compound,gene
12478,CGI-N,ARHGEF10,compound,gene
12478,CGI-N,C1QL1,compound,gene
12478,CGI-N,RAMP2,compound,gene
12478,CGI-N,SPP2,compound,gene
12478,CGI-N,WDR77,compound,gene
12478,CGI-N,MADCAM1,compound,gene
12478,CGI-N,ARPC5L,compound,gene
12478,CGI-N,JMJD7,compound,gene
12478,CGI-N,ARMC7,compound,gene
12478,CGI-N,ESRP2,compound,gene
12478,CGI-N,IVNS1ABP,compound,gene
12478,CGI-N,CCNB1,compound,gene
12478,CGI-N,CCNB2,compound,gene
12478,CGI-N,SNX3,compound,gene
12478,CGI-N,RASA3,compound,gene
12478,CGI-N,GTF2H5,compound,gene
12478,CGI-N,SUSD5,compound,gene
12478,CGI-N,SRPRB,compound,gene
12478,CGI-N,SMR3B,compound,gene
12478,CGI-N,RPS16,compound,gene
12478,CGI-N,ASTE1,compound,gene
12478,CGI-N,ACR,compound,gene
12478,CGI-N,CAPN3,compound,gene
12478,CGI-N,SSR3,compound,gene
12478,CGI-N,GSK3A,compound,gene
12478,CGI-N,LY6D,compound,gene
12478,CGI-N,TGFBRAP1,compound,gene
12478,CGI-N,TLR5,compound,gene
12478,CGI-N,ABCA8,compound,gene
12478,CGI-N,GNG12,compound,gene
12478,CGI-N,SPG7,compound,gene
12478,CGI-N,LSM8,compound,gene
12478,CGI-N,S1PR5,compound,gene
12478,CGI-N,COPS8,compound,gene
12478,CGI-N,VEZT,compound,gene
12478,CGI-N,DNAJB9,compound,gene
12478,CGI-N,EDDM3B,compound,gene
12478,CGI-N,AMELX,compound,gene
12478,CGI-N,RNF2,compound,gene
12478,CGI-N,LETM1,compound,gene
12478,CGI-N,FADS2,compound,gene
12478,CGI-N,CD28,compound,gene
12478,CGI-N,OSER1,compound,gene
12478,CGI-N,CRTAM,compound,gene
12478,CGI-N,PALLD,compound,gene
12478,CGI-N,NHP2,compound,gene
12478,CGI-N,FKBP3,compound,gene
12478,CGI-N,BLTP3B,compound,gene
12478,CGI-N,MRPS28,compound,gene
12478,CGI-N,PLSCR2,compound,gene
12478,CGI-N,TSG101,compound,gene
12478,CGI-N,MC2R,compound,gene
12478,CGI-N,NTRK1,compound,gene
12478,CGI-N,ATP7B,compound,gene
12478,CGI-N,CXXC4,compound,gene
12478,CGI-N,MXI1,compound,gene
12478,CGI-N,LCMT2,compound,gene
12478,CGI-N,RYR2,compound,gene
12478,CGI-N,FSHB,compound,gene
12478,CGI-N,CNPY4,compound,gene
12478,CGI-N,PFKFB3,compound,gene
12478,CGI-N,DSG3,compound,gene
12478,CGI-N,MYL2,compound,gene
12478,CGI-N,SLC66A1,compound,gene
12478,CGI-N,LRRC3,compound,gene
12478,CGI-N,AREL1,compound,gene
12478,CGI-N,JUN,compound,gene
12478,CGI-N,NEUROG2,compound,gene
12478,CGI-N,SLC52A2,compound,gene
12478,CGI-N,EBP,compound,gene
12478,CGI-N,DOLK,compound,gene
12478,CGI-N,UBFD1,compound,gene
12478,CGI-N,TTBK2,compound,gene
12478,CGI-N,RMND5B,compound,gene
12478,CGI-N,RETREG2,compound,gene
12478,CGI-N,OSBP,compound,gene
12478,CGI-N,COPG1,compound,gene
12478,CGI-N,SNN,compound,gene
12478,CGI-N,RPS6KC1,compound,gene
12478,CGI-N,FBXO42,compound,gene
12478,CGI-N,GABRB1,compound,gene
12478,CGI-N,MSC,compound,gene
12478,CGI-N,CCL16,compound,gene
12478,CGI-N,NR0B2,compound,gene
12478,CGI-N,MSH2,compound,gene
12478,CGI-N,BCL2L13,compound,gene
12478,CGI-N,AGR2,compound,gene
12478,CGI-N,TP53,compound,gene
12478,CGI-N,VWF,compound,gene
12478,CGI-N,CACNB1,compound,gene
12478,CGI-N,CLSTN1,compound,gene
12478,CGI-N,LOX,compound,gene
12478,CGI-N,PSMC3IP,compound,gene
12478,CGI-N,CAMK2B,compound,gene
12478,CGI-N,ZMYM2,compound,gene
12478,CGI-N,PAQR3,compound,gene
12478,CGI-N,PLTP,compound,gene
12478,CGI-N,STXBP2,compound,gene
12478,CGI-N,ANKRD34C,compound,gene
12478,CGI-N,SERINC1,compound,gene
12478,CGI-N,DMAC2L,compound,gene
12478,CGI-N,TMEM242,compound,gene
12478,CGI-N,SPACA9,compound,gene
12478,CGI-N,ZNF702P,compound,gene
12478,CGI-N,AAAS,compound,gene
12478,CGI-N,EDEM2,compound,gene
12478,CGI-N,PABPC1,compound,gene
12478,CGI-N,CREBBP,compound,gene
12478,CGI-N,EVI5,compound,gene
12478,CGI-N,FSCN3,compound,gene
12478,CGI-N,SERPINB9,compound,gene
12478,CGI-N,SMARCB1,compound,gene
12478,CGI-N,COA1,compound,gene
12478,CGI-N,ACKR2,compound,gene
12478,CGI-N,ZBTB25,compound,gene
12478,CGI-N,PISD,compound,gene
12478,CGI-N,ERBIN,compound,gene
12478,CGI-N,RPL30,compound,gene
12478,CGI-N,ULK2,compound,gene
12478,CGI-N,MAPK8IP2,compound,gene
12478,CGI-N,PTGS2,compound,gene
12478,CGI-N,ACADL,compound,gene
12478,CGI-N,STRN4,compound,gene
12478,CGI-N,RIMS2,compound,gene
12478,CGI-N,CBR4,compound,gene
12478,CGI-N,MAPK14,compound,gene
12478,CGI-N,MEAF6,compound,gene
12478,CGI-N,ZBTB32,compound,gene
12478,CGI-N,CSK,compound,gene
12478,CGI-N,FAM110B,compound,gene
12478,CGI-N,FNDC8,compound,gene
12478,CGI-N,TLX3,compound,gene
12478,CGI-N,GCA,compound,gene
12478,CGI-N,TTLL3,compound,gene
12478,CGI-N,ACTG2,compound,gene
12478,CGI-N,ZFHX4,compound,gene
12478,CGI-N,METRN,compound,gene
12478,CGI-N,ZHX2,compound,gene
12478,CGI-N,LAMA5,compound,gene
12478,CGI-N,IFIH1,compound,gene
12478,CGI-N,SERPINB4,compound,gene
12478,CGI-N,ATP9B,compound,gene
12478,CGI-N,GPR52,compound,gene
12478,CGI-N,ZMYND10,compound,gene
12478,CGI-N,TRPC3,compound,gene
12478,CGI-N,HEXB,compound,gene
12478,CGI-N,CCNP,compound,gene
12478,CGI-N,KCNS1,compound,gene
12478,CGI-N,USP7,compound,gene
12478,CGI-N,EXD3,compound,gene
12478,CGI-N,CDKN2AIP,compound,gene
12478,CGI-N,PER1,compound,gene
12478,CGI-N,GINS4,compound,gene
12478,CGI-N,PVALB,compound,gene
12478,CGI-N,MAP3K19,compound,gene
12478,CGI-N,VENTX,compound,gene
12478,CGI-N,PDCD5,compound,gene
12478,CGI-N,TRIOBP,compound,gene
12478,CGI-N,SPIN2A,compound,gene
12478,CGI-N,SUPT7L,compound,gene
12478,CGI-N,SIPA1,compound,gene
12478,CGI-N,NKX3-2,compound,gene
12478,CGI-N,PCBD1,compound,gene
12478,CGI-N,MTMR4,compound,gene
12478,CGI-N,MTCH2,compound,gene
12478,CGI-N,CDH7,compound,gene
12478,CGI-N,UBIAD1,compound,gene
12478,CGI-N,IFT122,compound,gene
12478,CGI-N,HLA-C,compound,gene
12478,CGI-N,CLXN,compound,gene
12478,CGI-N,GPRC5A,compound,gene
12478,CGI-N,SLC33A1,compound,gene
12478,CGI-N,ETS2,compound,gene
12478,CGI-N,ACE,compound,gene
12478,CGI-N,AFF3,compound,gene
12478,CGI-N,ANPEP,compound,gene
12478,CGI-N,ZNF518A,compound,gene
12478,CGI-N,PCDHGA1,compound,gene
12478,CGI-N,ZNF331,compound,gene
12478,CGI-N,RNF44,compound,gene
12478,CGI-N,STXBP3,compound,gene
12478,CGI-N,DENND1C,compound,gene
12478,CGI-N,GINS3,compound,gene
12478,CGI-N,CRYGD,compound,gene
12478,CGI-N,MARS1,compound,gene
12478,CGI-N,TLR6,compound,gene
12478,CGI-N,TEX12,compound,gene
12478,CGI-N,DMP1,compound,gene
12478,CGI-N,ACOX2,compound,gene
12478,CGI-N,TDG,compound,gene
12478,CGI-N,RHPN1-AS1,compound,gene
12478,CGI-N,METTL2B,compound,gene
12478,CGI-N,ZFAND5,compound,gene
12478,CGI-N,TMEM147-AS1,compound,gene
12478,CGI-N,ZNF574,compound,gene
12478,CGI-N,DNAH6,compound,gene
12478,CGI-N,NDUFAF1,compound,gene
12478,CGI-N,CLEC4E,compound,gene
12478,CGI-N,SRPK2,compound,gene
12478,CGI-N,APOL6,compound,gene
12478,CGI-N,CEP295,compound,gene
12478,CGI-N,AURKB,compound,gene
12478,CGI-N,SFTPC,compound,gene
12478,CGI-N,WBP11,compound,gene
12478,CGI-N,CASP8,compound,gene
12478,CGI-N,BRIX1,compound,gene
12478,CGI-N,PBOV1,compound,gene
12478,CGI-N,DEGS1,compound,gene
12478,CGI-N,CIDEC,compound,gene
12478,CGI-N,SSX7,compound,gene
12478,CGI-N,SDK2,compound,gene
12478,CGI-N,C7,compound,gene
12478,CGI-N,PFDN6,compound,gene
12478,CGI-N,TYK2,compound,gene
12478,CGI-N,RASGRF1,compound,gene
12478,CGI-N,GSTM1,compound,gene
12478,CGI-N,CANT1,compound,gene
12478,CGI-N,GDPD2,compound,gene
12478,CGI-N,ARL4D,compound,gene
12478,CGI-N,CDKN2C,compound,gene
12478,CGI-N,LINC03124,compound,gene
12478,CGI-N,PUM1,compound,gene
12478,CGI-N,RGL2,compound,gene
12478,CGI-N,MNS1,compound,gene
12478,CGI-N,TPMT,compound,gene
12478,CGI-N,CAPN10,compound,gene
12478,CGI-N,TRPV5,compound,gene
12478,CGI-N,TBX21,compound,gene
12478,CGI-N,ACOXL,compound,gene
12478,CGI-N,TJP2,compound,gene
12478,CGI-N,NRG1,compound,gene
12478,CGI-N,BCL7A,compound,gene
12478,CGI-N,TAF12,compound,gene
12478,CGI-N,CRACDL,compound,gene
12478,CGI-N,ARL3,compound,gene
12478,CGI-N,GNB1,compound,gene
12478,CGI-N,PTPRO,compound,gene
12478,CGI-N,RAMP3,compound,gene
12478,CGI-N,CORO1C,compound,gene
12478,CGI-N,SNRPD3,compound,gene
12478,CGI-N,TFPT,compound,gene
12478,CGI-N,LINC00623,compound,gene
12478,CGI-N,MYCL,compound,gene
12478,CGI-N,SAG,compound,gene
12478,CGI-N,GUCY2F,compound,gene
12478,CGI-N,PPT1,compound,gene
12478,CGI-N,DDR1,compound,gene
12478,CGI-N,NUDT21,compound,gene
12478,CGI-N,VANGL1,compound,gene
12478,CGI-N,TLE2,compound,gene
12478,CGI-N,ATP1B2,compound,gene
12478,CGI-N,RAB3IL1,compound,gene
12478,CGI-N,ZNF112,compound,gene
12478,CGI-N,PROC,compound,gene
12478,CGI-N,DPP4,compound,gene
12478,CGI-N,RAP2A,compound,gene
12478,CGI-N,RUNX3,compound,gene
12478,CGI-N,HMGN5,compound,gene
12478,CGI-N,PELO,compound,gene
12478,CGI-N,PIGH,compound,gene
12478,CGI-N,DOK2,compound,gene
12478,CGI-N,GLRX5,compound,gene
12478,CGI-N,SVEP1,compound,gene
12478,CGI-N,EFNA4,compound,gene
12478,CGI-N,SCRG1,compound,gene
12478,CGI-N,MAGEF1,compound,gene
12478,CGI-N,ATXN7,compound,gene
12478,CGI-N,RFPL1S,compound,gene
12478,CGI-N,AKT1,compound,gene
12478,CGI-N,GPR107,compound,gene
12478,CGI-N,DDO,compound,gene
12478,CGI-N,ZNF286A,compound,gene
12478,CGI-N,EFNB1,compound,gene
12478,CGI-N,KCNJ16,compound,gene
12478,CGI-N,PLEKHG6,compound,gene
12478,CGI-N,TAAR3P,compound,gene
12478,CGI-N,SPAM1,compound,gene
12478,CGI-N,KIF5B,compound,gene
12478,CGI-N,ANKRD12,compound,gene
12478,CGI-N,ARC,compound,gene
12478,CGI-N,GALR3,compound,gene
12478,CGI-N,LAMA3,compound,gene
12478,CGI-N,IFNA2,compound,gene
12478,CGI-N,TNNI2,compound,gene
26533,CGI-N,GOLGA8A,compound,gene
26533,CGI-N,SMARCE1,compound,gene
26533,CGI-N,RNPEP,compound,gene
26533,CGI-N,RBFOX1,compound,gene
26533,CGI-N,SERPINE1,compound,gene
26533,CGI-N,COL19A1,compound,gene
26533,CGI-N,GLB1L2,compound,gene
26533,CGI-N,HSPBAP1,compound,gene
26533,CGI-N,NCKIPSD,compound,gene
26533,CGI-N,SLC49A3,compound,gene
26533,CGI-N,OLIG2,compound,gene
26533,CGI-N,DUT,compound,gene
26533,CGI-N,RHOBTB1,compound,gene
26533,CGI-N,PLA2G3,compound,gene
26533,CGI-N,TAP2,compound,gene
26533,CGI-N,PLXND1,compound,gene
26533,CGI-N,NALF1,compound,gene
26533,CGI-N,NIF3L1,compound,gene
26533,CGI-N,ATP10B,compound,gene
26533,CGI-N,MAN2A2,compound,gene
26533,CGI-N,ATF6,compound,gene
26533,CGI-N,ARFGAP3,compound,gene
26533,CGI-N,SMC4,compound,gene
26533,CGI-N,AKAP8L,compound,gene
26533,CGI-N,PIK3R3,compound,gene
26533,CGI-N,VPS28,compound,gene
26533,CGI-N,ADAP1,compound,gene
26533,CGI-N,LUC7L2,compound,gene
26533,CGI-N,CPSF4,compound,gene
26533,CGI-N,EHD4,compound,gene
26533,CGI-N,HEY2,compound,gene
26533,CGI-N,SF3B4,compound,gene
26533,CGI-N,CACNA1D,compound,gene
26533,CGI-N,LRRC8E,compound,gene
26533,CGI-N,CPNE7,compound,gene
26533,CGI-N,GJA1,compound,gene
26533,CGI-N,TUBB1,compound,gene
26533,CGI-N,LAPTM4B,compound,gene
26533,CGI-N,ABCA2,compound,gene
26533,CGI-N,CYSLTR2,compound,gene
26533,CGI-N,ITIH5,compound,gene
26533,CGI-N,CEBPE,compound,gene
26533,CGI-N,E4F1,compound,gene
26533,CGI-N,TIMELESS,compound,gene
26533,CGI-N,NENF,compound,gene
26533,CGI-N,FCGR2B,compound,gene
26533,CGI-N,UPF2,compound,gene
26533,CGI-N,DPYSL2,compound,gene
26533,CGI-N,FCER1A,compound,gene
26533,CGI-N,CYP46A1,compound,gene
26533,CGI-N,ARL2,compound,gene
26533,CGI-N,APOL6,compound,gene
26533,CGI-N,ITIH2,compound,gene
26533,CGI-N,MARCHF8,compound,gene
26533,CGI-N,AFP,compound,gene
26533,CGI-N,LASP1,compound,gene
26533,CGI-N,MAN1A1,compound,gene
26533,CGI-N,HTR1D,compound,gene
26533,CGI-N,CRYBG2,compound,gene
26533,CGI-N,ZNF225,compound,gene
26533,CGI-N,CHCHD3,compound,gene
26533,CGI-N,MMP1,compound,gene
26533,CGI-N,FCGRT,compound,gene
26533,CGI-N,LYZ,compound,gene
26533,CGI-N,VKORC1,compound,gene
26533,CGI-N,CDH8,compound,gene
26533,CGI-N,R3HCC1L,compound,gene
26533,CGI-N,RPS12,compound,gene
26533,CGI-N,DGKA,compound,gene
26533,CGI-N,MAML3,compound,gene
26533,CGI-N,MYO10,compound,gene
26533,CGI-N,BABAM2,compound,gene
26533,CGI-N,INO80B,compound,gene
26533,CGI-N,SORL1,compound,gene
26533,CGI-N,KIAA0319,compound,gene
26533,CGI-N,VEZT,compound,gene
26533,CGI-N,BSN,compound,gene
26533,CGI-N,UAP1,compound,gene
26533,CGI-N,AOC4P,compound,gene
26533,CGI-N,TCEA2,compound,gene
26533,CGI-N,CENPN,compound,gene
26533,CGI-N,UQCC1,compound,gene
26533,CGI-N,ENC1,compound,gene
26533,CGI-N,FASTKD3,compound,gene
26533,CGI-N,SIGLEC6,compound,gene
26533,CGI-N,IL7,compound,gene
26533,CGI-N,SNX3,compound,gene
26533,CGI-N,GRAP,compound,gene
26533,CGI-N,CYTH3,compound,gene
26533,CGI-N,IDH3A,compound,gene
26533,CGI-N,CD209,compound,gene
26533,CGI-N,CCDC81,compound,gene
26533,CGI-N,COL6A1,compound,gene
26533,CGI-N,SAA4,compound,gene
26533,CGI-N,REXO5,compound,gene
26533,CGI-N,CCDC40,compound,gene
26533,CGI-N,HMGA2,compound,gene
26533,CGI-N,RETREG2,compound,gene
26533,CGI-N,TCAF1,compound,gene
26533,CGI-N,CHD8,compound,gene
26533,CGI-N,FGL1,compound,gene
26533,CGI-N,KLK11,compound,gene
26533,CGI-N,MZB1,compound,gene
26533,CGI-N,NUDT11,compound,gene
26533,CGI-N,ZFP2,compound,gene
26533,CGI-N,OXT,compound,gene
26533,CGI-N,DDX42,compound,gene
26533,CGI-N,COL9A1,compound,gene
26533,CGI-N,BTD,compound,gene
26533,CGI-N,SLC6A20,compound,gene
26533,CGI-N,PAOX,compound,gene
26533,CGI-N,PADI2,compound,gene
26533,CGI-N,INPP5J,compound,gene
26533,CGI-N,ADCY1,compound,gene
26533,CGI-N,PPID,compound,gene
26533,CGI-N,PTGS2,compound,gene
26533,CGI-N,MXD4,compound,gene
26533,CGI-N,TDRKH,compound,gene
26533,CGI-N,SLC29A1,compound,gene
26533,CGI-N,SNRPD2,compound,gene
26533,CGI-N,PEX2,compound,gene
26533,CGI-N,CCN2,compound,gene
26533,CGI-N,LRRN3,compound,gene
26533,CGI-N,GMFG,compound,gene
26533,CGI-N,BCKDHA,compound,gene
26533,CGI-N,SERPINB8,compound,gene
26533,CGI-N,NUP54,compound,gene
26533,CGI-N,DYNC2I1,compound,gene
26533,CGI-N,RHOT2,compound,gene
26533,CGI-N,CDC5L,compound,gene
26533,CGI-N,DYNC1LI1,compound,gene
26533,CGI-N,DGCR8,compound,gene
26533,CGI-N,E2F6,compound,gene
26533,CGI-N,SLC35C2,compound,gene
26533,CGI-N,TECTA,compound,gene
26533,CGI-N,SV2A,compound,gene
26533,CGI-N,SOD3,compound,gene
26533,CGI-N,UBE2D1,compound,gene
26533,CGI-N,THAP3,compound,gene
26533,CGI-N,CPA4,compound,gene
26533,CGI-N,FYN,compound,gene
26533,CGI-N,MYO7A,compound,gene
26533,CGI-N,TBC1D31,compound,gene
26533,CGI-N,SPAG9,compound,gene
26533,CGI-N,ZCCHC8,compound,gene
26533,CGI-N,PPP4R3B,compound,gene
26533,CGI-N,PSME2,compound,gene
26533,CGI-N,PCM1,compound,gene
26533,CGI-N,VRK1,compound,gene
26533,CGI-N,VCP,compound,gene
26533,CGI-N,LYRM1,compound,gene
26533,CGI-N,RCL1,compound,gene
26533,CGI-N,TP53I3,compound,gene
26533,CGI-N,ITGA8,compound,gene
26533,CGI-N,BEND5,compound,gene
26533,CGI-N,GAS2,compound,gene
26533,CGI-N,RECQL4,compound,gene
26533,CGI-N,FXR1,compound,gene
26533,CGI-N,ARMCX1,compound,gene
26533,CGI-N,GBF1,compound,gene
26533,CGI-N,MRPL39,compound,gene
26533,CGI-N,LORICRIN,compound,gene
26533,CGI-N,TNC,compound,gene
26533,CGI-N,SRM,compound,gene
26533,CGI-N,ITPKB,compound,gene
26533,CGI-N,COQ9,compound,gene
26533,CGI-N,NRBF2,compound,gene
26533,CGI-N,GTF2H4,compound,gene
26533,CGI-N,NCOA1,compound,gene
26533,CGI-N,HLA-C,compound,gene
26533,CGI-N,CDKAL1,compound,gene
26533,CGI-N,GREB1,compound,gene
26533,CGI-N,SLC2A8,compound,gene
26533,CGI-N,TSPAN32,compound,gene
26533,CGI-N,DKK4,compound,gene
26533,CGI-N,PITPNM3,compound,gene
26533,CGI-N,SMAGP,compound,gene
26533,CGI-N,ACAT1,compound,gene
26533,CGI-N,DDOST,compound,gene
26533,CGI-N,MYL1,compound,gene
26533,CGI-N,ANP32B,compound,gene
26533,CGI-N,RBM4B,compound,gene
26533,CGI-N,KIAA0319L,compound,gene
26533,CGI-N,GPR22,compound,gene
26533,CGI-N,NRXN1,compound,gene
26533,CGI-N,TEF,compound,gene
26533,CGI-N,UBE2L6,compound,gene
26533,CGI-N,ABL1,compound,gene
26533,CGI-N,FOXN3-AS2,compound,gene
26533,CGI-N,OLA1,compound,gene
26533,CGI-N,KCNF1,compound,gene
26533,CGI-N,S100A3,compound,gene
26533,CGI-N,RWDD1,compound,gene
26533,CGI-N,TFEC,compound,gene
26533,CGI-N,MEX3D,compound,gene
26533,CGI-N,SOX13,compound,gene
26533,CGI-N,SLC19A1,compound,gene
26533,CGI-N,DCAF8,compound,gene
26533,CGI-N,RUSC2,compound,gene
26533,CGI-N,ANKMY2,compound,gene
26533,CGI-N,CYP39A1,compound,gene
26533,CGI-N,TUBA8,compound,gene
26533,CGI-N,USH1C,compound,gene
26533,CGI-N,PSME4,compound,gene
26533,CGI-N,MADD,compound,gene
26533,CGI-N,S100P,compound,gene
26533,CGI-N,TM9SF2,compound,gene
26533,CGI-N,FOLR2,compound,gene
26533,CGI-N,RAB25,compound,gene
26533,CGI-N,AASS,compound,gene
26533,CGI-N,XPC,compound,gene
26533,CGI-N,ALMS1,compound,gene
26533,CGI-N,GPSM2,compound,gene
26533,CGI-N,AQR,compound,gene
26533,CGI-N,RGS7,compound,gene
26533,CGI-N,NAGLU,compound,gene
26533,CGI-N,GNRH2,compound,gene
26533,CGI-N,MED9,compound,gene
26533,CGI-N,HIGD1B,compound,gene
26533,CGI-N,CORO1B,compound,gene
26533,CGI-N,PPP3CB,compound,gene
26533,CGI-N,PENK,compound,gene
26533,CGI-N,IGSF6,compound,gene
26533,CGI-N,LILRA2,compound,gene
26533,CGI-N,BPHL,compound,gene
26533,CGI-N,VAX2,compound,gene
26533,CGI-N,MKI67,compound,gene
26533,CGI-N,SEPTIN7,compound,gene
26533,CGI-N,PIKFYVE,compound,gene
26533,CGI-N,GPR37L1,compound,gene
26533,CGI-N,NXPH3,compound,gene
26533,CGI-N,DNPEP,compound,gene
26533,CGI-N,NTAQ1,compound,gene
26533,CGI-N,SCN1A,compound,gene
26533,CGI-N,NBR1,compound,gene
26533,CGI-N,PKD1L1-AS1,compound,gene
26533,CGI-N,CBR4,compound,gene
26533,CGI-N,FRAS1,compound,gene
26533,CGI-N,APEX1,compound,gene
26533,CGI-N,RPGR,compound,gene
26533,CGI-N,HCRTR2,compound,gene
26533,CGI-N,PHOX2A,compound,gene
26533,CGI-N,VSNL1,compound,gene
26533,CGI-N,UEVLD,compound,gene
26533,CGI-N,IFT25,compound,gene
26533,CGI-N,HCLS1,compound,gene
26533,CGI-N,TEDC2,compound,gene
26533,CGI-N,GDI1,compound,gene
26533,CGI-N,INTS15,compound,gene
26533,CGI-N,CORO7,compound,gene
26533,CGI-N,CAPN9,compound,gene
26533,CGI-N,CYP2B6,compound,gene
26533,CGI-N,COX5A,compound,gene
26533,CGI-N,SCAI,compound,gene
26533,CGI-N,CNMD,compound,gene
26533,CGI-N,EFEMP2,compound,gene
26533,CGI-N,HOXA2,compound,gene
26533,CGI-N,CASZ1,compound,gene
26533,CGI-N,SEC24C,compound,gene
26533,CGI-N,PRPF38B,compound,gene
26533,CGI-N,UROS,compound,gene
26533,CGI-N,CALU,compound,gene
26533,CGI-N,ZKSCAN7,compound,gene
26533,CGI-N,CYBRD1,compound,gene
26533,CGI-N,NEU2,compound,gene
26533,CGI-N,FASLG,compound,gene
26533,CGI-N,MMP19,compound,gene
26533,CGI-N,PRDM4,compound,gene
26533,CGI-N,LRRC23,compound,gene
26533,CGI-N,LILRB2,compound,gene
26533,CGI-N,CLEC4M,compound,gene
26533,CGI-N,ASF1B,compound,gene
26533,CGI-N,HMGN2,compound,gene
26533,CGI-N,PRNP,compound,gene
26533,CGI-N,TOMM22,compound,gene
26533,CGI-N,FGFBP1,compound,gene
26533,CGI-N,TRMT11,compound,gene
26533,CGI-N,LILRA3,compound,gene
26533,CGI-N,CUBN,compound,gene
26533,CGI-N,RAMP3,compound,gene
26533,CGI-N,IL27RA,compound,gene
26533,CGI-N,KCTD2,compound,gene
26533,CGI-N,SLC2A3,compound,gene
26533,CGI-N,TPR,compound,gene
26533,CGI-N,RYR2,compound,gene
26533,CGI-N,MAGEB1,compound,gene
26533,CGI-N,MDM2,compound,gene
26533,CGI-N,H3-3B,compound,gene
26533,CGI-N,DUS4L,compound,gene
26533,CGI-N,PRDX2,compound,gene
26533,CGI-N,HMGCR,compound,gene
26533,CGI-N,CAP2,compound,gene
26533,CGI-N,UBE2N,compound,gene
26533,CGI-N,SLC6A14,compound,gene
26533,CGI-N,CC2D1A,compound,gene
26533,CGI-N,CHST1,compound,gene
26533,CGI-N,RPS6KA5,compound,gene
26533,CGI-N,MAP2K6,compound,gene
26533,CGI-N,THYN1,compound,gene
26533,CGI-N,NDUFA4L2,compound,gene
26533,CGI-N,PLEKHJ1,compound,gene
26533,CGI-N,BMP10,compound,gene
26533,CGI-N,SORT1,compound,gene
26533,CGI-N,SGCG,compound,gene
26533,CGI-N,FAT2,compound,gene
26533,CGI-N,DSG3,compound,gene
26533,CGI-N,COLGALT2,compound,gene
26533,CGI-N,KATNIP,compound,gene
26533,CGI-N,KCNJ3,compound,gene
26533,CGI-N,BLCAP,compound,gene
26533,CGI-N,SMURF1,compound,gene
26533,CGI-N,CLDN15,compound,gene
26533,CGI-N,TSC22D3,compound,gene
26533,CGI-N,RNF44,compound,gene
26533,CGI-N,GHR,compound,gene
26533,CGI-N,ARTN,compound,gene
26533,CGI-N,HMHB1,compound,gene
26533,CGI-N,POU1F1,compound,gene
26533,CGI-N,ABCC3,compound,gene
26533,CGI-N,TXNRD2,compound,gene
26533,CGI-N,STK17B,compound,gene
26533,CGI-N,FBXW12,compound,gene
26533,CGI-N,PSMA1,compound,gene
26533,CGI-N,OR52A1,compound,gene
26533,CGI-N,PYGL,compound,gene
26533,CGI-N,CBLL1,compound,gene
26533,CGI-N,TIGAR,compound,gene
26533,CGI-N,ZBTB44,compound,gene
26533,CGI-N,DCAF15,compound,gene
26533,CGI-N,HEY1,compound,gene
26533,CGI-N,CKAP5,compound,gene
26533,CGI-N,SERHL2,compound,gene
26533,CGI-N,KRT8,compound,gene
26533,CGI-N,CSGALNACT2,compound,gene
26533,CGI-N,RNF43,compound,gene
26533,CGI-N,ZNHIT1,compound,gene
26533,CGI-N,SEPTIN4,compound,gene
26533,CGI-N,SERPINB9,compound,gene
26533,CGI-N,SAP30L-AS1,compound,gene
26533,CGI-N,C1S,compound,gene
26533,CGI-N,EMILIN2,compound,gene
26533,CGI-N,SPEN,compound,gene
26533,CGI-N,DNAAF8,compound,gene
26533,CGI-N,CAVIN2,compound,gene
26533,CGI-N,KCNMB1,compound,gene
26533,CGI-N,RTEL1,compound,gene
26533,CGI-N,B4GALT7,compound,gene
26533,CGI-N,NR2F1,compound,gene
26533,CGI-N,EPN3,compound,gene
26533,CGI-N,KLRC3,compound,gene
26533,CGI-N,ZNF749,compound,gene
26533,CGI-N,SPART,compound,gene
26533,CGI-N,POP5,compound,gene
26533,CGI-N,IGSF9B,compound,gene
26533,CGI-N,BAHCC1,compound,gene
26533,CGI-N,PGR,compound,gene
26533,CGI-N,RPS14P3,compound,gene
26533,CGI-N,RNPS1,compound,gene
26533,CGI-N,GIMAP6,compound,gene
26533,CGI-N,PNLIP,compound,gene
26533,CGI-N,NEO1,compound,gene
26533,CGI-N,ITGAE,compound,gene
26533,CGI-N,ZNF551,compound,gene
26533,CGI-N,SLC4A3,compound,gene
26533,CGI-N,ARHGEF1,compound,gene
26533,CGI-N,PCBP2,compound,gene
26533,CGI-N,PGM5,compound,gene
26533,CGI-N,DSC1,compound,gene
26533,CGI-N,ZSCAN9,compound,gene
26533,CGI-N,JMJD4,compound,gene
26533,CGI-N,BRF1,compound,gene
26533,CGI-N,ACRV1,compound,gene
26533,CGI-N,UBE2M,compound,gene
26533,CGI-N,ALAS2,compound,gene
26533,CGI-N,TMEM87A,compound,gene
26533,CGI-N,AVPI1,compound,gene
26533,CGI-N,RRP9,compound,gene
26533,CGI-N,PGK1,compound,gene
26533,CGI-N,HELZ,compound,gene
26533,CGI-N,STX8,compound,gene
26533,CGI-N,SLC6A12,compound,gene
26533,CGI-N,LIMA1,compound,gene
26533,CGI-N,PSAT1,compound,gene
26533,CGI-N,RP2,compound,gene
26533,CGI-N,BBS4,compound,gene
26533,CGI-N,MRGBP,compound,gene
26533,CGI-N,AURKA,compound,gene
26533,CGI-N,CITED1,compound,gene
26533,CGI-N,PAICS,compound,gene
26533,CGI-N,APOL3,compound,gene
26533,CGI-N,SH3BP1,compound,gene
26533,CGI-N,NEK7,compound,gene
26533,CGI-N,DGKG,compound,gene
26533,CGI-N,HDDC2,compound,gene
26533,CGI-N,SPTBN4,compound,gene
26533,CGI-N,LSM2,compound,gene
26533,CGI-N,AK1,compound,gene
26533,CGI-N,CHRM2,compound,gene
26533,CGI-N,SRRM1,compound,gene
26533,CGI-N,EMP2,compound,gene
3724,CGI-N,PDK4,compound,gene
3724,CGI-N,TPM3,compound,gene
3724,CGI-N,FLG,compound,gene
3724,CGI-N,SKAP2,compound,gene
3724,CGI-N,PRKAR1A,compound,gene
3724,CGI-N,USP2,compound,gene
3724,CGI-N,MEF2D,compound,gene
3724,CGI-N,PCGF3,compound,gene
3724,CGI-N,TASOR2,compound,gene
3724,CGI-N,SNX19,compound,gene
3724,CGI-N,GNS,compound,gene
3724,CGI-N,PURA,compound,gene
3724,CGI-N,ALDH1A2,compound,gene
3724,CGI-N,CCN5,compound,gene
3724,CGI-N,PNLIP,compound,gene
3724,CGI-N,THEMIS2,compound,gene
3724,CGI-N,LYVE1,compound,gene
3724,CGI-N,SAA3P,compound,gene
3724,CGI-N,CD1E,compound,gene
3724,CGI-N,IL26,compound,gene
3724,CGI-N,ELP5,compound,gene
3724,CGI-N,SLC6A9,compound,gene
3724,CGI-N,SIX3,compound,gene
3724,CGI-N,ARHGEF4,compound,gene
3724,CGI-N,SRD5A3,compound,gene
3724,CGI-N,TCEAL4,compound,gene
3724,CGI-N,PRKRA,compound,gene
3724,CGI-N,MGAT1,compound,gene
3724,CGI-N,CIAO2B,compound,gene
3724,CGI-N,TNF,compound,gene
3724,CGI-N,SNRNP25,compound,gene
3724,CGI-N,FGD6,compound,gene
3724,CGI-N,SFTPD,compound,gene
3724,CGI-N,TCL1B,compound,gene
3724,CGI-N,VWA8,compound,gene
3724,CGI-N,YIPF2,compound,gene
3724,CGI-N,PTP4A3,compound,gene
3724,CGI-N,LPL,compound,gene
3724,CGI-N,C11orf58,compound,gene
3724,CGI-N,TAFAZZIN,compound,gene
3724,CGI-N,ADGRF1,compound,gene
3724,CGI-N,SH2D2A,compound,gene
3724,CGI-N,ARIH1,compound,gene
3724,CGI-N,SSR4,compound,gene
3724,CGI-N,FARS2,compound,gene
3724,CGI-N,MVP,compound,gene
3724,CGI-N,ASL,compound,gene
3724,CGI-N,ANKEF1,compound,gene
3724,CGI-N,DCAF8,compound,gene
3724,CGI-N,CIB2,compound,gene
3724,CGI-N,FBXW7,compound,gene
3724,CGI-N,TRIM10,compound,gene
3724,CGI-N,CLCA4,compound,gene
3724,CGI-N,RAI2,compound,gene
3724,CGI-N,MNX1,compound,gene
3724,CGI-N,PFDN1,compound,gene
3724,CGI-N,FCGBP,compound,gene
3724,CGI-N,OR2F2,compound,gene
3724,CGI-N,FOXC2,compound,gene
3724,CGI-N,TRAPPC10,compound,gene
3724,CGI-N,ATP5MG,compound,gene
3724,CGI-N,SFRP5,compound,gene
3724,CGI-N,MPRIP,compound,gene
3724,CGI-N,RAN,compound,gene
3724,CGI-N,SLC39A2,compound,gene
3724,CGI-N,TPO,compound,gene
3724,CGI-N,AMFR,compound,gene
3724,CGI-N,USE1,compound,gene
3724,CGI-N,ZNF592,compound,gene
3724,CGI-N,NDST4,compound,gene
3724,CGI-N,YARS2,compound,gene
3724,CGI-N,GIN1,compound,gene
3724,CGI-N,DSG3,compound,gene
3724,CGI-N,CRP,compound,gene
3724,CGI-N,DUOX1,compound,gene
3724,CGI-N,MYO10,compound,gene
3724,CGI-N,ATP2C2,compound,gene
3724,CGI-N,PYGM,compound,gene
3724,CGI-N,ZNF423,compound,gene
3724,CGI-N,NDUFA6,compound,gene
3724,CGI-N,RPL6,compound,gene
3724,CGI-N,RAB4A,compound,gene
3724,CGI-N,ALDH18A1,compound,gene
3724,CGI-N,UNC13A,compound,gene
3724,CGI-N,STX1A,compound,gene
3724,CGI-N,PMVK,compound,gene
3724,CGI-N,DPAGT1,compound,gene
3724,CGI-N,NOP56,compound,gene
3724,CGI-N,GCNT4,compound,gene
3724,CGI-N,PLOD1,compound,gene
3724,CGI-N,SYT11,compound,gene
3724,CGI-N,ITM2B,compound,gene
3724,CGI-N,VGLL1,compound,gene
3724,CGI-N,IL10RA,compound,gene
3724,CGI-N,IFI44L,compound,gene
3724,CGI-N,GABBR1,compound,gene
3724,CGI-N,GPC3,compound,gene
3724,CGI-N,GLP1R,compound,gene
3724,CGI-N,ALG3,compound,gene
3724,CGI-N,TACC1,compound,gene
3724,CGI-N,OAT,compound,gene
3724,CGI-N,RPS15,compound,gene
3724,CGI-N,ZNF211,compound,gene
3724,CGI-N,NSDHL,compound,gene
3724,CGI-N,ISOC2,compound,gene
3724,CGI-N,CYP3A5,compound,gene
3724,CGI-N,SHOX,compound,gene
3724,CGI-N,PAM,compound,gene
3724,CGI-N,OLFML2B,compound,gene
3724,CGI-N,PLD2,compound,gene
3724,CGI-N,IFITM3,compound,gene
3724,CGI-N,MID1IP1,compound,gene
3724,CGI-N,ULBP1,compound,gene
3724,CGI-N,SLC18A2,compound,gene
3724,CGI-N,CLTA,compound,gene
3724,CGI-N,SS18L1,compound,gene
3724,CGI-N,TACR3,compound,gene
3724,CGI-N,FFAR3,compound,gene
3724,CGI-N,IKBKG,compound,gene
3724,CGI-N,DEPDC1,compound,gene
3724,CGI-N,GALNT11,compound,gene
3724,CGI-N,CENPX,compound,gene
3724,CGI-N,IL21R,compound,gene
3724,CGI-N,MDH1,compound,gene
3724,CGI-N,IFNB1,compound,gene
3724,CGI-N,ARHGEF1,compound,gene
3724,CGI-N,DYNLRB1,compound,gene
3724,CGI-N,MYBL1,compound,gene
3724,CGI-N,AZIN1,compound,gene
3724,CGI-N,HIVEP2,compound,gene
3724,CGI-N,H2BC21,compound,gene
3724,CGI-N,EPS8L1,compound,gene
3724,CGI-N,ICE2,compound,gene
3724,CGI-N,CHKA,compound,gene
3724,CGI-N,NXPH4,compound,gene
3724,CGI-N,GUSB,compound,gene
3724,CGI-N,TNFRSF10B,compound,gene
3724,CGI-N,NRBP1,compound,gene
3724,CGI-N,NOL4,compound,gene
3724,CGI-N,REX1BD,compound,gene
3724,CGI-N,AZI2,compound,gene
3724,CGI-N,TEKT2,compound,gene
3724,CGI-N,APH1A,compound,gene
3724,CGI-N,POGLUT1,compound,gene
3724,CGI-N,HADHA,compound,gene
3724,CGI-N,RPL13,compound,gene
3724,CGI-N,PIGV,compound,gene
3724,CGI-N,FBXO11,compound,gene
3724,CGI-N,PDE6A,compound,gene
3724,CGI-N,NRXN2,compound,gene
3724,CGI-N,BBOF1,compound,gene
3724,CGI-N,ZMYM3,compound,gene
3724,CGI-N,SFTPB,compound,gene
3724,CGI-N,TNIP2,compound,gene
3724,CGI-N,CLK4,compound,gene
3724,CGI-N,COL6A3,compound,gene
3724,CGI-N,CCN3,compound,gene
3724,CGI-N,PCDHGA9,compound,gene
3724,CGI-N,TKT,compound,gene
3724,CGI-N,HERC6,compound,gene
3724,CGI-N,H2BC9,compound,gene
3724,CGI-N,MCM2,compound,gene
3724,CGI-N,N4BP1,compound,gene
3724,CGI-N,LAX1,compound,gene
3724,CGI-N,NLGN1,compound,gene
3724,CGI-N,GSK3A,compound,gene
3724,CGI-N,SPC25,compound,gene
3724,CGI-N,LGI1,compound,gene
3724,CGI-N,EDDM3B,compound,gene
3724,CGI-N,FTH1,compound,gene
3724,CGI-N,H2BC8,compound,gene
3724,CGI-N,PI4K2A,compound,gene
3724,CGI-N,RUBCNL,compound,gene
3724,CGI-N,SMAD5-AS1,compound,gene
3724,CGI-N,RBM4B,compound,gene
3724,CGI-N,PDE6B,compound,gene
3724,CGI-N,ELMO3,compound,gene
3724,CGI-N,PSMA5,compound,gene
3724,CGI-N,TRNAU1AP,compound,gene
3724,CGI-N,SEZ6L,compound,gene
3724,CGI-N,PDIA3,compound,gene
3724,CGI-N,DOT1L,compound,gene
3724,CGI-N,SPRR1A,compound,gene
3724,CGI-N,NOS1,compound,gene
3724,CGI-N,MYO5C,compound,gene
3724,CGI-N,ZNF536,compound,gene
3724,CGI-N,SARS2,compound,gene
3724,CGI-N,TRIM31,compound,gene
3724,CGI-N,ZKSCAN1,compound,gene
3724,CGI-N,ENC1,compound,gene
3724,CGI-N,UFC1,compound,gene
3724,CGI-N,TRRAP,compound,gene
3724,CGI-N,SLC7A4,compound,gene
3724,CGI-N,ABCC3,compound,gene
3724,CGI-N,DCK,compound,gene
3724,CGI-N,UBAP1,compound,gene
3724,CGI-N,CDK10,compound,gene
3724,CGI-N,LEP,compound,gene
3724,CGI-N,ASCL3,compound,gene
3724,CGI-N,RDH14,compound,gene
3724,CGI-N,OGFOD1,compound,gene
3724,CGI-N,ATP6AP1,compound,gene
3724,CGI-N,LAMC2,compound,gene
3724,CGI-N,IL36G,compound,gene
3724,CGI-N,OTULINL,compound,gene
3724,CGI-N,EPHB3,compound,gene
3724,CGI-N,ZDHHC13,compound,gene
3724,CGI-N,PRR5L,compound,gene
3724,CGI-N,HYAL4,compound,gene
3724,CGI-N,ADAM10,compound,gene
3724,CGI-N,SDHB,compound,gene
3724,CGI-N,P2RY4,compound,gene
3724,CGI-N,PPM1H,compound,gene
3724,CGI-N,RAB3GAP2,compound,gene
3724,CGI-N,SMS,compound,gene
3724,CGI-N,ZNF507,compound,gene
3724,CGI-N,RGS4,compound,gene
3724,CGI-N,IQCH,compound,gene
3724,CGI-N,DAD1,compound,gene
3724,CGI-N,UBL5,compound,gene
3724,CGI-N,ANKRD2,compound,gene
3724,CGI-N,NPAS3,compound,gene
3724,CGI-N,CUTC,compound,gene
3724,CGI-N,LBX1,compound,gene
3724,CGI-N,FAM110D,compound,gene
3724,CGI-N,PSMB1,compound,gene
3724,CGI-N,TRIM5,compound,gene
3724,CGI-N,SOCS2,compound,gene
3724,CGI-N,NALF1,compound,gene
3724,CGI-N,CD302,compound,gene
3724,CGI-N,TCP1,compound,gene
3724,CGI-N,FAM3A,compound,gene
3724,CGI-N,LY6H,compound,gene
3724,CGI-N,FAM162A,compound,gene
3724,CGI-N,CA6,compound,gene
3724,CGI-N,XK,compound,gene
3724,CGI-N,PDGFRA,compound,gene
3724,CGI-N,CA5BP1,compound,gene
3724,CGI-N,SEC61A1,compound,gene
3724,CGI-N,ZNF266,compound,gene
3724,CGI-N,GAPDHS,compound,gene
3724,CGI-N,LIG4,compound,gene
3724,CGI-N,KLF6,compound,gene
3724,CGI-N,KIFBP,compound,gene
3724,CGI-N,CIDEC,compound,gene
3724,CGI-N,RHEB,compound,gene
3724,CGI-N,RLIG1,compound,gene
3724,CGI-N,KRT35,compound,gene
3724,CGI-N,JUND,compound,gene
3724,CGI-N,IL6R,compound,gene
3724,CGI-N,GRINA,compound,gene
3724,CGI-N,FCF1,compound,gene
3724,CGI-N,CLIP4,compound,gene
3724,CGI-N,CAND1,compound,gene
3724,CGI-N,DLST,compound,gene
3724,CGI-N,RIPPLY3,compound,gene
3724,CGI-N,PLK1,compound,gene
3724,CGI-N,PTPN12,compound,gene
3724,CGI-N,DNAJC4,compound,gene
3724,CGI-N,NDUFB1,compound,gene
3724,CGI-N,GNG10,compound,gene
3724,CGI-N,SRPK1,compound,gene
3724,CGI-N,DCAF15,compound,gene
3724,CGI-N,ZBTB24,compound,gene
3724,CGI-N,IFT57,compound,gene
3724,CGI-N,KTN1,compound,gene
3724,CGI-N,CZIB,compound,gene
3724,CGI-N,SEC63,compound,gene
3724,CGI-N,SPINT1,compound,gene
3724,CGI-N,RWDD2B,compound,gene
3724,CGI-N,KDELR2,compound,gene
3724,CGI-N,CTSE,compound,gene
3724,CGI-N,BAD,compound,gene
3724,CGI-N,HYAL2,compound,gene
3724,CGI-N,ADGRG1,compound,gene
3724,CGI-N,MED18,compound,gene
3724,CGI-N,ARFGEF2,compound,gene
3724,CGI-N,FSHB,compound,gene
3724,CGI-N,AGPAT1,compound,gene
3724,CGI-N,SMARCA5,compound,gene
3724,CGI-N,LRFN4,compound,gene
3724,CGI-N,SLC2A2,compound,gene
3724,CGI-N,SON,compound,gene
3724,CGI-N,YTHDF3,compound,gene
3724,CGI-N,ARL6IP1,compound,gene
3724,CGI-N,VIM,compound,gene
3724,CGI-N,LCT,compound,gene
3724,CGI-N,LCMT1,compound,gene
3724,CGI-N,DAB2,compound,gene
3724,CGI-N,PPBP,compound,gene
3724,CGI-N,CYP1A2,compound,gene
3724,CGI-N,POMT2,compound,gene
3724,CGI-N,CAPN11,compound,gene
3724,CGI-N,RFX7,compound,gene
3724,CGI-N,EXOC5,compound,gene
3724,CGI-N,MMP8,compound,gene
3724,CGI-N,ST3GAL2,compound,gene
3724,CGI-N,CYP2C9,compound,gene
3724,CGI-N,GPATCH2L,compound,gene
3724,CGI-N,APOE,compound,gene
3724,CGI-N,AKAP5,compound,gene
3724,CGI-N,AGRN,compound,gene
3724,CGI-N,SNX5,compound,gene
3724,CGI-N,RNPS1,compound,gene
3724,CGI-N,KCTD3,compound,gene
3724,CGI-N,MX1,compound,gene
3724,CGI-N,GNB2,compound,gene
3724,CGI-N,NUP43,compound,gene
3724,CGI-N,PLEKHG6,compound,gene
3724,CGI-N,RNASEH2B,compound,gene
3724,CGI-N,APOF,compound,gene
3724,CGI-N,DUT,compound,gene
3724,CGI-N,PPP1R2,compound,gene
3724,CGI-N,IBA57,compound,gene
3724,CGI-N,TMED2,compound,gene
3724,CGI-N,CHD2,compound,gene
3724,CGI-N,TRPC6,compound,gene
3724,CGI-N,LONP2,compound,gene
3724,CGI-N,PCDHB11,compound,gene
3724,CGI-N,PDE3B,compound,gene
3724,CGI-N,ISCA1,compound,gene
3724,CGI-N,MMP12,compound,gene
3724,CGI-N,KCTD15,compound,gene
3724,CGI-N,SPIN2A,compound,gene
3724,CGI-N,SLA,compound,gene
3724,CGI-N,MBTPS1,compound,gene
3724,CGI-N,PON3,compound,gene
3724,CGI-N,AFF1,compound,gene
3724,CGI-N,SCPEP1,compound,gene
3724,CGI-N,BRD1,compound,gene
3724,CGI-N,ATP4A,compound,gene
3724,CGI-N,SURF1,compound,gene
3724,CGI-N,RIPK4,compound,gene
3724,CGI-N,QSOX1,compound,gene
3724,CGI-N,RRS1,compound,gene
3724,CGI-N,PGS1,compound,gene
3724,CGI-N,RNF220,compound,gene
3724,CGI-N,KIAA0232,compound,gene
3724,CGI-N,PSMG2,compound,gene
3724,CGI-N,TBC1D8B,compound,gene
3724,CGI-N,PRODH,compound,gene
3724,CGI-N,PATJ,compound,gene
3724,CGI-N,FES,compound,gene
3724,CGI-N,TMEM257,compound,gene
3724,CGI-N,R3HCC1L,compound,gene
3724,CGI-N,FABP1,compound,gene
3724,CGI-N,SMARCD3,compound,gene
3724,CGI-N,NUP50,compound,gene
3724,CGI-N,LLGL1,compound,gene
3724,CGI-N,RSL1D1,compound,gene
3724,CGI-N,MFSD12,compound,gene
3724,CGI-N,FASTKD5,compound,gene
3724,CGI-N,LMO2,compound,gene
3724,CGI-N,AGAP2,compound,gene
3724,CGI-N,SYTL2,compound,gene
3724,CGI-N,IRAK4,compound,gene
3724,CGI-N,OR10C1,compound,gene
3724,CGI-N,MGMT,compound,gene
3724,CGI-N,SSTR3,compound,gene
3724,CGI-N,HMGXB3,compound,gene
3724,CGI-N,SRGAP2,compound,gene
3724,CGI-N,NSD2,compound,gene
3724,CGI-N,SAC3D1,compound,gene
3724,CGI-N,OCEL1,compound,gene
3724,CGI-N,CLEC1A,compound,gene
3724,CGI-N,CD44,compound,gene
3724,CGI-N,ITPRID2,compound,gene
3724,CGI-N,ZNF254,compound,gene
3724,CGI-N,CTLA4,compound,gene
3724,CGI-N,POLR3B,compound,gene
3724,CGI-N,ARHGEF15,compound,gene
3724,CGI-N,HEATR3,compound,gene
3724,CGI-N,SNX11,compound,gene
3724,CGI-N,ATP13A1,compound,gene
3724,CGI-N,FZD10,compound,gene
3724,CGI-N,ID1,compound,gene
3724,CGI-N,MLEC,compound,gene
3724,CGI-N,ANGPTL8,compound,gene
3724,CGI-N,CDH2,compound,gene
3724,CGI-N,KLHL29,compound,gene
3724,CGI-N,PSMA4,compound,gene
3724,CGI-N,PAPOLG,compound,gene
3724,CGI-N,AR,compound,gene
3724,CGI-N,SLC2A3,compound,gene
3724,CGI-N,TRAP1,compound,gene
3724,CGI-N,TNFSF9,compound,gene
3724,CGI-N,RPN1,compound,gene
3724,CGI-N,SNRPD3,compound,gene
3724,CGI-N,CCL23,compound,gene
3724,CGI-N,SNRNP27,compound,gene
3724,CGI-N,POFUT1,compound,gene
3724,CGI-N,TK2,compound,gene
3724,CGI-N,KDELR1,compound,gene
3724,CGI-N,ZSCAN16,compound,gene
3724,CGI-N,LYRM4,compound,gene
3724,CGI-N,TEX264,compound,gene
3724,CGI-N,GPR162,compound,gene
3724,CGI-N,SLC5A2,compound,gene
3724,CGI-N,SDR39U1,compound,gene
3724,CGI-N,KHNYN,compound,gene
5491955,CGI-N,CNGB1,compound,gene
5491955,CGI-N,NAGLU,compound,gene
5491955,CGI-N,NFKBIB,compound,gene
5491955,CGI-N,ELL,compound,gene
5491955,CGI-N,ALDH1A2,compound,gene
5491955,CGI-N,TMSB10,compound,gene
5491955,CGI-N,TMEM184C,compound,gene
5491955,CGI-N,TCL1B,compound,gene
5491955,CGI-N,B4GALT4,compound,gene
5491955,CGI-N,HNRNPD,compound,gene
5491955,CGI-N,PXMP2,compound,gene
5491955,CGI-N,ARL1,compound,gene
5491955,CGI-N,EDC4,compound,gene
5491955,CGI-N,ABCD2,compound,gene
5491955,CGI-N,STMN4,compound,gene
5491955,CGI-N,GABRA5,compound,gene
5491955,CGI-N,AHNAK2,compound,gene
5491955,CGI-N,BCAS4,compound,gene
5491955,CGI-N,GHITM,compound,gene
5491955,CGI-N,CCL22,compound,gene
5491955,CGI-N,MLLT1,compound,gene
5491955,CGI-N,RTN3,compound,gene
5491955,CGI-N,RAB15,compound,gene
5491955,CGI-N,GPATCH2L,compound,gene
5491955,CGI-N,SHC1,compound,gene
5491955,CGI-N,STOM,compound,gene
5491955,CGI-N,CFAP68,compound,gene
5491955,CGI-N,ZWINT,compound,gene
5491955,CGI-N,WFDC1,compound,gene
5491955,CGI-N,RASAL1,compound,gene
5491955,CGI-N,IPO7,compound,gene
5491955,CGI-N,FEZF2,compound,gene
5491955,CGI-N,NSUN6,compound,gene
5491955,CGI-N,ZNF329,compound,gene
5491955,CGI-N,HTN1,compound,gene
5491955,CGI-N,FBP2,compound,gene
5491955,CGI-N,STAT5A,compound,gene
5491955,CGI-N,SNX6,compound,gene
5491955,CGI-N,ACTN2,compound,gene
5491955,CGI-N,ANKRD13C-DT,compound,gene
5491955,CGI-N,LAMP5,compound,gene
5491955,CGI-N,AQP8,compound,gene
5491955,CGI-N,CST3,compound,gene
5491955,CGI-N,HINT1,compound,gene
5491955,CGI-N,C14orf132,compound,gene
5491955,CGI-N,CLEC1B,compound,gene
5491955,CGI-N,TAOK1,compound,gene
5491955,CGI-N,HNRNPU,compound,gene
5491955,CGI-N,GTF2A1,compound,gene
5491955,CGI-N,WDCP,compound,gene
5491955,CGI-N,BCKDK,compound,gene
5491955,CGI-N,LRRC23,compound,gene
5491955,CGI-N,KCTD15,compound,gene
5491955,CGI-N,TMEM41B,compound,gene
5491955,CGI-N,TEC,compound,gene
5491955,CGI-N,NBEAL2,compound,gene
5491955,CGI-N,BAIAP2L2,compound,gene
5491955,CGI-N,MYOD1,compound,gene
5491955,CGI-N,TRIP12,compound,gene
5491955,CGI-N,NCDN,compound,gene
5491955,CGI-N,TRIM31,compound,gene
5491955,CGI-N,TK1,compound,gene
5491955,CGI-N,CCNK,compound,gene
5491955,CGI-N,EMC8,compound,gene
5491955,CGI-N,PTP4A2,compound,gene
5491955,CGI-N,OSMR,compound,gene
5491955,CGI-N,GUCA1A,compound,gene
5491955,CGI-N,SH3BP2,compound,gene
5491955,CGI-N,PTPRH,compound,gene
5491955,CGI-N,ASPHD1,compound,gene
5491955,CGI-N,PGGT1B,compound,gene
5491955,CGI-N,NXPE4,compound,gene
5491955,CGI-N,PDE4C,compound,gene
5491955,CGI-N,SDF2L1,compound,gene
5491955,CGI-N,HDAC5,compound,gene
5491955,CGI-N,DMD,compound,gene
5491955,CGI-N,YY1,compound,gene
5491955,CGI-N,SP4,compound,gene
5491955,CGI-N,OPN1SW,compound,gene
5491955,CGI-N,SNAI1,compound,gene
5491955,CGI-N,PLXNA3,compound,gene
5491955,CGI-N,THAP9,compound,gene
5491955,CGI-N,OGFOD2,compound,gene
5491955,CGI-N,HYOU1,compound,gene
5491955,CGI-N,TBR1,compound,gene
5491955,CGI-N,PIK3IP1,compound,gene
5491955,CGI-N,MACROH2A2,compound,gene
5491955,CGI-N,CD33,compound,gene
5491955,CGI-N,NSG2,compound,gene
5491955,CGI-N,PTPRO,compound,gene
5491955,CGI-N,STK24,compound,gene
5491955,CGI-N,TYW1,compound,gene
5491955,CGI-N,KCTD17,compound,gene
5491955,CGI-N,SRY,compound,gene
5491955,CGI-N,FAM182A,compound,gene
5491955,CGI-N,SEPTIN7,compound,gene
5491955,CGI-N,CLTA,compound,gene
5491955,CGI-N,RRBP1,compound,gene
5491955,CGI-N,MGAT4B,compound,gene
5491955,CGI-N,PPRC1,compound,gene
5491955,CGI-N,DUSP13B,compound,gene
5491955,CGI-N,COX5A,compound,gene
5491955,CGI-N,P2RY1,compound,gene
5491955,CGI-N,POLR2J2,compound,gene
5491955,CGI-N,KIF11,compound,gene
5491955,CGI-N,GPR161,compound,gene
5491955,CGI-N,PCIF1,compound,gene
5491955,CGI-N,TFDP2,compound,gene
5491955,CGI-N,HPS5,compound,gene
5491955,CGI-N,SH2B3,compound,gene
5491955,CGI-N,TMEM158,compound,gene
5491955,CGI-N,IFIH1,compound,gene
5491955,CGI-N,MAGOH,compound,gene
5491955,CGI-N,KLHL36,compound,gene
5491955,CGI-N,POLRMT,compound,gene
5491955,CGI-N,PRDX6,compound,gene
5491955,CGI-N,KIR2DL1,compound,gene
5491955,CGI-N,SFRP1,compound,gene
5491955,CGI-N,MDM1,compound,gene
5491955,CGI-N,ALK,compound,gene
5491955,CGI-N,SKA1,compound,gene
5491955,CGI-N,SOSTDC1,compound,gene
5491955,CGI-N,KPNA5,compound,gene
5491955,CGI-N,POLR3F,compound,gene
5491955,CGI-N,YBX2,compound,gene
5491955,CGI-N,CORT,compound,gene
5491955,CGI-N,NEU2,compound,gene
5491955,CGI-N,GCNT1,compound,gene
5491955,CGI-N,LZTFL1,compound,gene
5491955,CGI-N,PRC1,compound,gene
5491955,CGI-N,CRYAB,compound,gene
5491955,CGI-N,NR2E1,compound,gene
5491955,CGI-N,UPK1B,compound,gene
5491955,CGI-N,CAPN6,compound,gene
5491955,CGI-N,HGFAC,compound,gene
5491955,CGI-N,MRPL34,compound,gene
5491955,CGI-N,COL5A1,compound,gene
5491955,CGI-N,CASK,compound,gene
5491955,CGI-N,PARL,compound,gene
5491955,CGI-N,GZMB,compound,gene
5491955,CGI-N,JHY,compound,gene
5491955,CGI-N,GDE1,compound,gene
5491955,CGI-N,AURKB,compound,gene
5491955,CGI-N,ATF6,compound,gene
5491955,CGI-N,FKBP10,compound,gene
5491955,CGI-N,ALDOA,compound,gene
5491955,CGI-N,MAEA,compound,gene
5491955,CGI-N,RBM39,compound,gene
5491955,CGI-N,UNC13B,compound,gene
5491955,CGI-N,NSD3,compound,gene
5491955,CGI-N,PTGDR,compound,gene
5491955,CGI-N,NDUFB11,compound,gene
5491955,CGI-N,ZNF224,compound,gene
5491955,CGI-N,DFFB,compound,gene
5491955,CGI-N,SLC17A5,compound,gene
5491955,CGI-N,WDR43,compound,gene
5491955,CGI-N,MOBP,compound,gene
5491955,CGI-N,CIC,compound,gene
5491955,CGI-N,CRYBG1,compound,gene
5491955,CGI-N,TFF3,compound,gene
5491955,CGI-N,RAI14,compound,gene
5491955,CGI-N,ASB7,compound,gene
5491955,CGI-N,PLA2G15,compound,gene
5491955,CGI-N,MECOM,compound,gene
5491955,CGI-N,TUG1,compound,gene
5491955,CGI-N,PDSS1,compound,gene
5491955,CGI-N,TSPAN5,compound,gene
5491955,CGI-N,WDR11,compound,gene
5491955,CGI-N,SLC12A1,compound,gene
5491955,CGI-N,HMGA2,compound,gene
5491955,CGI-N,MUC16,compound,gene
5491955,CGI-N,ZNF174,compound,gene
5491955,CGI-N,KLF8,compound,gene
5491955,CGI-N,THBS2,compound,gene
5491955,CGI-N,ADCY1,compound,gene
5491955,CGI-N,CCDC81,compound,gene
5491955,CGI-N,PRR5L,compound,gene
5491955,CGI-N,RPN2,compound,gene
5491955,CGI-N,KTN1,compound,gene
5491955,CGI-N,MAFB,compound,gene
5491955,CGI-N,HNRNPH3,compound,gene
5491955,CGI-N,MCM10,compound,gene
5491955,CGI-N,MORC4,compound,gene
5491955,CGI-N,MTMR10,compound,gene
5491955,CGI-N,KRT18,compound,gene
5491955,CGI-N,VEZT,compound,gene
5491955,CGI-N,PAX9,compound,gene
5491955,CGI-N,CBY1,compound,gene
5491955,CGI-N,ZFR2,compound,gene
5491955,CGI-N,CDH11,compound,gene
5491955,CGI-N,AIM2,compound,gene
5491955,CGI-N,RECQL4,compound,gene
5491955,CGI-N,UBR5,compound,gene
5491955,CGI-N,SPARC,compound,gene
5491955,CGI-N,CTDSP1,compound,gene
5491955,CGI-N,APBB1IP,compound,gene
5491955,CGI-N,DCX,compound,gene
5491955,CGI-N,PI4K2A,compound,gene
5491955,CGI-N,DTWD1,compound,gene
5491955,CGI-N,CEACAM7,compound,gene
5491955,CGI-N,APTX,compound,gene
5491955,CGI-N,ZMYM5,compound,gene
5491955,CGI-N,PLP2,compound,gene
5491955,CGI-N,ACSL1,compound,gene
5491955,CGI-N,LMO3,compound,gene
5491955,CGI-N,AKAP6,compound,gene
5491955,CGI-N,ZNF23,compound,gene
5491955,CGI-N,CIAPIN1,compound,gene
5491955,CGI-N,SECISBP2,compound,gene
5491955,CGI-N,FAHD2A,compound,gene
5491955,CGI-N,SLC7A9,compound,gene
5491955,CGI-N,PIEZO1,compound,gene
5491955,CGI-N,TRHR,compound,gene
5491955,CGI-N,MSH6,compound,gene
5491955,CGI-N,COQ3,compound,gene
5491955,CGI-N,ZNF484,compound,gene
5491955,CGI-N,DDX31,compound,gene
5491955,CGI-N,BTG1,compound,gene
5491955,CGI-N,SSR2,compound,gene
5491955,CGI-N,DBT,compound,gene
5491955,CGI-N,POFUT1,compound,gene
5491955,CGI-N,H2AP,compound,gene
5491955,CGI-N,CAPN2,compound,gene
5491955,CGI-N,PCDHA5,compound,gene
5491955,CGI-N,MACO1,compound,gene
5491955,CGI-N,CAPZA1,compound,gene
5491955,CGI-N,SUV39H2,compound,gene
5491955,CGI-N,CLDN7,compound,gene
5491955,CGI-N,LTK,compound,gene
5491955,CGI-N,EFCC1,compound,gene
5491955,CGI-N,ECM2,compound,gene
5491955,CGI-N,CASR,compound,gene
5491955,CGI-N,ANKRD2,compound,gene
5491955,CGI-N,SPAG6,compound,gene
5491955,CGI-N,E2F4,compound,gene
5491955,CGI-N,POU2F1,compound,gene
5491955,CGI-N,C1QA,compound,gene
5491955,CGI-N,ABCB6,compound,gene
5491955,CGI-N,FABP4,compound,gene
5491955,CGI-N,PDPN,compound,gene
5491955,CGI-N,RPE65,compound,gene
5491955,CGI-N,PAXIP1,compound,gene
5491955,CGI-N,ING1,compound,gene
5491955,CGI-N,ERI2,compound,gene
5491955,CGI-N,THAP3,compound,gene
5491955,CGI-N,MOSPD3,compound,gene
5491955,CGI-N,CLIC5,compound,gene
5491955,CGI-N,CREB5,compound,gene
5491955,CGI-N,ADAM7,compound,gene
5491955,CGI-N,PTPA,compound,gene
5491955,CGI-N,TOP1,compound,gene
5491955,CGI-N,TSNAXIP1,compound,gene
5491955,CGI-N,RRP1B,compound,gene
5491955,CGI-N,SPRR1B,compound,gene
5491955,CGI-N,TSEN34,compound,gene
5491955,CGI-N,HAUS4,compound,gene
5491955,CGI-N,OXCT1,compound,gene
5491955,CGI-N,GPS1,compound,gene
5491955,CGI-N,AVPR2,compound,gene
5491955,CGI-N,ARVCF,compound,gene
5491955,CGI-N,PPP1CC,compound,gene
5491955,CGI-N,EMC1,compound,gene
5491955,CGI-N,SUOX,compound,gene
5491955,CGI-N,HPR,compound,gene
5491955,CGI-N,KLK3,compound,gene
5491955,CGI-N,ADA2,compound,gene
5491955,CGI-N,F7,compound,gene
5491955,CGI-N,TUBG2,compound,gene
5491955,CGI-N,FLRT2,compound,gene
5491955,CGI-N,RNF24,compound,gene
5491955,CGI-N,GOLPH3,compound,gene
5491955,CGI-N,TAF1D,compound,gene
5491955,CGI-N,PNMA3,compound,gene
5491955,CGI-N,MMD,compound,gene
5491955,CGI-N,IRAG2,compound,gene
5491955,CGI-N,KRTAP5-9,compound,gene
5491955,CGI-N,CCT5,compound,gene
5491955,CGI-N,STX6,compound,gene
5491955,CGI-N,GP6,compound,gene
5491955,CGI-N,ANKRD7,compound,gene
5491955,CGI-N,PEX10,compound,gene
5491955,CGI-N,SLCO2B1,compound,gene
5491955,CGI-N,IPO9,compound,gene
5491955,CGI-N,KLHL7,compound,gene
5491955,CGI-N,PON2,compound,gene
5491955,CGI-N,GP1BB,compound,gene
5491955,CGI-N,SH2D3A,compound,gene
5491955,CGI-N,HSD17B4,compound,gene
5491955,CGI-N,OTUB2,compound,gene
5491955,CGI-N,H2AC13,compound,gene
5491955,CGI-N,MYG1,compound,gene
5491955,CGI-N,SEC14L3,compound,gene
5491955,CGI-N,DAP,compound,gene
5491955,CGI-N,TUBBP5,compound,gene
5491955,CGI-N,SLC16A4,compound,gene
5491955,CGI-N,OMG,compound,gene
5491955,CGI-N,LAMC3,compound,gene
5491955,CGI-N,CAMKMT,compound,gene
5491955,CGI-N,PTGES3,compound,gene
5491955,CGI-N,APLP2,compound,gene
5491955,CGI-N,RAD51C,compound,gene
5491955,CGI-N,RHEB,compound,gene
5491955,CGI-N,AUH,compound,gene
5491955,CGI-N,ABR,compound,gene
5491955,CGI-N,RPL14,compound,gene
5491955,CGI-N,NDUFAF3,compound,gene
5491955,CGI-N,SYNCRIP,compound,gene
5491955,CGI-N,AGR2,compound,gene
5491955,CGI-N,NCOR2,compound,gene
5491955,CGI-N,SLC17A2,compound,gene
5491955,CGI-N,KIT,compound,gene
5491955,CGI-N,CHMP2A,compound,gene
5491955,CGI-N,DUSP12,compound,gene
5491955,CGI-N,APLNR,compound,gene
5491955,CGI-N,ZNF813,compound,gene
5491955,CGI-N,PGGHG,compound,gene
5491955,CGI-N,SETD4,compound,gene
5491955,CGI-N,ZC3H7A,compound,gene
5491955,CGI-N,CCR6,compound,gene
5491955,CGI-N,CALB1,compound,gene
5491955,CGI-N,SSPN,compound,gene
5491955,CGI-N,SLC45A2,compound,gene
5491955,CGI-N,NSUN7,compound,gene
5491955,CGI-N,UNC45A,compound,gene
5491955,CGI-N,REEP2,compound,gene
5491955,CGI-N,DUT,compound,gene
5491955,CGI-N,PKN1,compound,gene
5491955,CGI-N,KCNQ1,compound,gene
5491955,CGI-N,PDE4DIP,compound,gene
5491955,CGI-N,NABP2,compound,gene
5491955,CGI-N,MERTK,compound,gene
5491955,CGI-N,RPS8,compound,gene
5491955,CGI-N,KEAP1,compound,gene
5491955,CGI-N,TOMM40,compound,gene
5491955,CGI-N,CCK,compound,gene
5491955,CGI-N,BPESC1,compound,gene
5491955,CGI-N,KBTBD4,compound,gene
5491955,CGI-N,ITPR1,compound,gene
5491955,CGI-N,MYO1D,compound,gene
5491955,CGI-N,EOLA2-DT,compound,gene
5491955,CGI-N,TRAF3,compound,gene
5491955,CGI-N,PCDH12,compound,gene
5491955,CGI-N,PRDM2,compound,gene
5491955,CGI-N,TUBGCP5,compound,gene
5491955,CGI-N,MBTPS2,compound,gene
5491955,CGI-N,ACTL6A,compound,gene
5491955,CGI-N,SLC16A8,compound,gene
5491955,CGI-N,DENND3,compound,gene
5491955,CGI-N,B4GALT7,compound,gene
5491955,CGI-N,CDHR1,compound,gene
5491955,CGI-N,OCEL1,compound,gene
5491955,CGI-N,P2RY6,compound,gene
5491955,CGI-N,LMO1,compound,gene
5491955,CGI-N,SV2B,compound,gene
5491955,CGI-N,ENDOG,compound,gene
5491955,CGI-N,SLC6A20,compound,gene
5491955,CGI-N,GORASP2,compound,gene
5491955,CGI-N,TRIB3,compound,gene
5491955,CGI-N,SNX2,compound,gene
5491955,CGI-N,VPS41,compound,gene
5491955,CGI-N,PGM5,compound,gene
5491955,CGI-N,SHBG,compound,gene
5491955,CGI-N,ZER1,compound,gene
5491955,CGI-N,FOXRED2,compound,gene
5491955,CGI-N,FTH1,compound,gene
5491955,CGI-N,CRCP,compound,gene
5491955,CGI-N,ATP2C2,compound,gene
5491955,CGI-N,RXRB,compound,gene
5491955,CGI-N,ABCC8,compound,gene
5491955,CGI-N,HACD1,compound,gene
5491955,CGI-N,VAMP2,compound,gene
5491955,CGI-N,FPR3,compound,gene
5491955,CGI-N,KIAA1614,compound,gene
5491955,CGI-N,GABARAPL1,compound,gene
5491955,CGI-N,MYCNOS,compound,gene
5491955,CGI-N,ISG20,compound,gene
5491955,CGI-N,KDM1A,compound,gene
5491955,CGI-N,LRIF1,compound,gene
5491955,CGI-N,DERL1,compound,gene
5491955,CGI-N,PTPN12,compound,gene
5491955,CGI-N,NEK3,compound,gene
5491955,CGI-N,RHBDF2,compound,gene
5491955,CGI-N,GAS8,compound,gene
5491955,CGI-N,ADAM3A,compound,gene
5491955,CGI-N,CD302,compound,gene
5491955,CGI-N,CFAP45,compound,gene
5491955,CGI-N,ALKBH4,compound,gene
5491955,CGI-N,LIFR,compound,gene
5491955,CGI-N,NPVF,compound,gene
5491955,CGI-N,METTL4,compound,gene
5491955,CGI-N,HTR1B,compound,gene
5491955,CGI-N,FRMD4B,compound,gene
5491955,CGI-N,GREB1L,compound,gene
5491955,CGI-N,SFXN1,compound,gene
5491955,CGI-N,RGL1,compound,gene
5491955,CGI-N,GRAP,compound,gene
5491955,CGI-N,TIA1,compound,gene
5491955,CGI-N,SLC25A36,compound,gene
5491955,CGI-N,SERBP1,compound,gene
5491955,CGI-N,DHX34,compound,gene
65664,CGI-N,MIER2,compound,gene
65664,CGI-N,ZNF532,compound,gene
65664,CGI-N,CEP55,compound,gene
65664,CGI-N,RGS6,compound,gene
65664,CGI-N,PABPC3,compound,gene
65664,CGI-N,TMEM41B,compound,gene
65664,CGI-N,RNF146,compound,gene
65664,CGI-N,YJU2B,compound,gene
65664,CGI-N,GLP1R,compound,gene
65664,CGI-N,SF3A1,compound,gene
65664,CGI-N,H2BC15,compound,gene
65664,CGI-N,ATF1,compound,gene
65664,CGI-N,LBH,compound,gene
65664,CGI-N,ABHD2,compound,gene
65664,CGI-N,TMEM127,compound,gene
65664,CGI-N,COL9A3,compound,gene
65664,CGI-N,NDUFA6,compound,gene
65664,CGI-N,TP53I3,compound,gene
65664,CGI-N,TULP1,compound,gene
65664,CGI-N,AQP4,compound,gene
65664,CGI-N,CRTC1,compound,gene
65664,CGI-N,GTF3C4,compound,gene
65664,CGI-N,AGBL2,compound,gene
65664,CGI-N,KCTD15,compound,gene
65664,CGI-N,DLEC1,compound,gene
65664,CGI-N,OR51E2,compound,gene
65664,CGI-N,SLC25A20,compound,gene
65664,CGI-N,GIMAP4,compound,gene
65664,CGI-N,NAA10,compound,gene
65664,CGI-N,PRPF31,compound,gene
65664,CGI-N,GPD1L,compound,gene
65664,CGI-N,NAPA,compound,gene
65664,CGI-N,CARD8,compound,gene
65664,CGI-N,CDH7,compound,gene
65664,CGI-N,TRPV6,compound,gene
65664,CGI-N,MAIP1,compound,gene
65664,CGI-N,MEGF9,compound,gene
65664,CGI-N,PTGIS,compound,gene
65664,CGI-N,DGKI,compound,gene
65664,CGI-N,UGGT1,compound,gene
65664,CGI-N,BMP2,compound,gene
65664,CGI-N,TCF21,compound,gene
65664,CGI-N,PLAA,compound,gene
65664,CGI-N,MDM2,compound,gene
65664,CGI-N,LRRC3,compound,gene
65664,CGI-N,RRP1,compound,gene
65664,CGI-N,KIF18A,compound,gene
65664,CGI-N,ANGPT2,compound,gene
65664,CGI-N,DDX27,compound,gene
65664,CGI-N,CAD,compound,gene
65664,CGI-N,ORC6,compound,gene
65664,CGI-N,ELMO1,compound,gene
65664,CGI-N,GTF3C1,compound,gene
65664,CGI-N,SH3BGRL,compound,gene
65664,CGI-N,GALNT1,compound,gene
65664,CGI-N,NUP62,compound,gene
65664,CGI-N,CLASP1,compound,gene
65664,CGI-N,CHST10,compound,gene
65664,CGI-N,THSD4,compound,gene
65664,CGI-N,TMEM94,compound,gene
65664,CGI-N,SPAG4,compound,gene
65664,CGI-N,HNRNPA0,compound,gene
65664,CGI-N,RIPK4,compound,gene
65664,CGI-N,SEMA6A,compound,gene
65664,CGI-N,ENTR1,compound,gene
65664,CGI-N,PLA2G10,compound,gene
65664,CGI-N,CWH43,compound,gene
65664,CGI-N,FABP3,compound,gene
65664,CGI-N,LPAR4,compound,gene
65664,CGI-N,PLAC8,compound,gene
65664,CGI-N,OTUB2,compound,gene
65664,CGI-N,TCF7L1,compound,gene
65664,CGI-N,PFAS,compound,gene
65664,CGI-N,MSH3,compound,gene
65664,CGI-N,SMU1,compound,gene
65664,CGI-N,TMSB4Y,compound,gene
65664,CGI-N,GAPDHS,compound,gene
65664,CGI-N,LRRC15,compound,gene
65664,CGI-N,TIMM17B,compound,gene
65664,CGI-N,BRMS1,compound,gene
65664,CGI-N,SURF1,compound,gene
65664,CGI-N,IL17A,compound,gene
65664,CGI-N,LUZP4,compound,gene
65664,CGI-N,STAT4,compound,gene
65664,CGI-N,PDK1,compound,gene
65664,CGI-N,UQCRB,compound,gene
65664,CGI-N,FAM3A,compound,gene
65664,CGI-N,GZMK,compound,gene
65664,CGI-N,RACGAP1,compound,gene
65664,CGI-N,PDE12,compound,gene
65664,CGI-N,DTNA,compound,gene
65664,CGI-N,ZNF688,compound,gene
65664,CGI-N,PHACTR2,compound,gene
65664,CGI-N,SLC39A4,compound,gene
65664,CGI-N,NHERF1,compound,gene
65664,CGI-N,SERTAD3,compound,gene
65664,CGI-N,NECTIN2,compound,gene
65664,CGI-N,NEAT1,compound,gene
65664,CGI-N,ITK,compound,gene
65664,CGI-N,RTN4,compound,gene
65664,CGI-N,LRRC41,compound,gene
65664,CGI-N,GPR37L1,compound,gene
65664,CGI-N,ZNF263,compound,gene
65664,CGI-N,AP3S1,compound,gene
65664,CGI-N,RNF6,compound,gene
65664,CGI-N,CACNB3,compound,gene
65664,CGI-N,NIF3L1,compound,gene
65664,CGI-N,FAM120A,compound,gene
65664,CGI-N,SYNC,compound,gene
65664,CGI-N,CTSF,compound,gene
65664,CGI-N,TMEM144,compound,gene
65664,CGI-N,CASKIN2,compound,gene
65664,CGI-N,NR2F2,compound,gene
65664,CGI-N,FAM162A,compound,gene
65664,CGI-N,CCR10,compound,gene
65664,CGI-N,IGF2BP3,compound,gene
65664,CGI-N,DYM,compound,gene
65664,CGI-N,HOXC11,compound,gene
65664,CGI-N,LINC01565,compound,gene
65664,CGI-N,DBF4B,compound,gene
65664,CGI-N,ISYNA1,compound,gene
65664,CGI-N,SIDT1,compound,gene
65664,CGI-N,ARMCX6,compound,gene
65664,CGI-N,CCT3,compound,gene
65664,CGI-N,TLE5,compound,gene
65664,CGI-N,CCN1,compound,gene
65664,CGI-N,GATC,compound,gene
65664,CGI-N,MPHOSPH6,compound,gene
65664,CGI-N,UBR4,compound,gene
65664,CGI-N,GRTP1,compound,gene
65664,CGI-N,WDR73,compound,gene
65664,CGI-N,MBD3,compound,gene
65664,CGI-N,EIF2D,compound,gene
65664,CGI-N,CEBPZ,compound,gene
65664,CGI-N,ELAVL2,compound,gene
65664,CGI-N,DIDO1,compound,gene
65664,CGI-N,ZNF506,compound,gene
65664,CGI-N,USE1,compound,gene
65664,CGI-N,DARS1,compound,gene
65664,CGI-N,MAGEA1,compound,gene
65664,CGI-N,DFFA,compound,gene
65664,CGI-N,TIPARP,compound,gene
65664,CGI-N,PIGQ,compound,gene
65664,CGI-N,ADNP,compound,gene
65664,CGI-N,NPEPPS,compound,gene
65664,CGI-N,DYNC1LI2,compound,gene
65664,CGI-N,NDST3,compound,gene
65664,CGI-N,CHRNA2,compound,gene
65664,CGI-N,SNW1,compound,gene
65664,CGI-N,MIP,compound,gene
65664,CGI-N,TSG101,compound,gene
65664,CGI-N,C11orf16,compound,gene
65664,CGI-N,FSTL4,compound,gene
65664,CGI-N,GAGE1,compound,gene
65664,CGI-N,SLIRP,compound,gene
65664,CGI-N,NEURL1,compound,gene
65664,CGI-N,ZNF3,compound,gene
65664,CGI-N,MDM4,compound,gene
65664,CGI-N,GNA15,compound,gene
65664,CGI-N,ARFIP2,compound,gene
65664,CGI-N,UXT,compound,gene
65664,CGI-N,STN1,compound,gene
65664,CGI-N,CPD,compound,gene
65664,CGI-N,KITLG,compound,gene
65664,CGI-N,CIITA,compound,gene
65664,CGI-N,TASOR2,compound,gene
65664,CGI-N,SERINC3,compound,gene
65664,CGI-N,NPY6R,compound,gene
65664,CGI-N,TEP1,compound,gene
65664,CGI-N,ST7,compound,gene
65664,CGI-N,CARS1,compound,gene
65664,CGI-N,TBCA,compound,gene
65664,CGI-N,ETFB,compound,gene
65664,CGI-N,CALCOCO1,compound,gene
65664,CGI-N,DMWD,compound,gene
65664,CGI-N,GPR39,compound,gene
65664,CGI-N,AKR1A1,compound,gene
65664,CGI-N,VNN1,compound,gene
65664,CGI-N,HCK,compound,gene
65664,CGI-N,MET,compound,gene
65664,CGI-N,PDE1B,compound,gene
65664,CGI-N,FN3K,compound,gene
65664,CGI-N,CKLF,compound,gene
65664,CGI-N,MSC,compound,gene
65664,CGI-N,MED9,compound,gene
65664,CGI-N,DCUN1D2,compound,gene
65664,CGI-N,PDLIM1,compound,gene
65664,CGI-N,SUPT20H,compound,gene
65664,CGI-N,THAP3,compound,gene
65664,CGI-N,H3-3B,compound,gene
65664,CGI-N,MID1,compound,gene
65664,CGI-N,LIFR,compound,gene
65664,CGI-N,CREG1,compound,gene
65664,CGI-N,ZIC3,compound,gene
65664,CGI-N,FLNC,compound,gene
65664,CGI-N,C2orf42,compound,gene
65664,CGI-N,PFKP,compound,gene
65664,CGI-N,GRK2,compound,gene
65664,CGI-N,RNF122,compound,gene
65664,CGI-N,CTNND2,compound,gene
65664,CGI-N,RAN,compound,gene
65664,CGI-N,ZNF135,compound,gene
65664,CGI-N,SPP2,compound,gene
65664,CGI-N,CDCA3,compound,gene
65664,CGI-N,NUP58,compound,gene
65664,CGI-N,HIRA,compound,gene
65664,CGI-N,SELENBP1,compound,gene
65664,CGI-N,PID1,compound,gene
65664,CGI-N,LSM14A,compound,gene
65664,CGI-N,CASK,compound,gene
65664,CGI-N,ELK3,compound,gene
65664,CGI-N,PLA2R1,compound,gene
65664,CGI-N,EEF2KMT,compound,gene
65664,CGI-N,IMP4,compound,gene
65664,CGI-N,ST14,compound,gene
65664,CGI-N,KDM7A,compound,gene
65664,CGI-N,PPEF2,compound,gene
65664,CGI-N,CFAP69,compound,gene
65664,CGI-N,BRCC3,compound,gene
65664,CGI-N,DOK3,compound,gene
65664,CGI-N,ACTB,compound,gene
65664,CGI-N,PLK2,compound,gene
65664,CGI-N,LRP2,compound,gene
65664,CGI-N,GREB1L,compound,gene
65664,CGI-N,KCNK2,compound,gene
65664,CGI-N,HPGDS,compound,gene
65664,CGI-N,TRIM31,compound,gene
65664,CGI-N,DENND5A,compound,gene
65664,CGI-N,ZNF117,compound,gene
65664,CGI-N,RAX,compound,gene
65664,CGI-N,TAF11,compound,gene
65664,CGI-N,SVIL,compound,gene
65664,CGI-N,MACROH2A1,compound,gene
65664,CGI-N,DNAJC9,compound,gene
65664,CGI-N,NSDHL,compound,gene
65664,CGI-N,PIK3CG,compound,gene
65664,CGI-N,KCTD12,compound,gene
65664,CGI-N,BACE2,compound,gene
65664,CGI-N,SLC17A3,compound,gene
65664,CGI-N,CSRP1,compound,gene
65664,CGI-N,ABCD1,compound,gene
65664,CGI-N,EIF3B,compound,gene
65664,CGI-N,CASR,compound,gene
65664,CGI-N,CHP2,compound,gene
65664,CGI-N,PCDHA2,compound,gene
65664,CGI-N,IFITM2,compound,gene
65664,CGI-N,NECTIN1,compound,gene
65664,CGI-N,GRIN2B,compound,gene
65664,CGI-N,POLR1HASP,compound,gene
65664,CGI-N,FOXC1,compound,gene
65664,CGI-N,KLKB1,compound,gene
65664,CGI-N,SNAPC4,compound,gene
65664,CGI-N,HJURP,compound,gene
65664,CGI-N,ITGA6,compound,gene
65664,CGI-N,ST8SIA2,compound,gene
65664,CGI-N,SPCS1,compound,gene
65664,CGI-N,GPR137,compound,gene
65664,CGI-N,UNC119B,compound,gene
65664,CGI-N,COASY,compound,gene
65664,CGI-N,ERI2,compound,gene
65664,CGI-N,AKR1D1,compound,gene
65664,CGI-N,CLK3,compound,gene
65664,CGI-N,B4GAT1,compound,gene
65664,CGI-N,PEMT,compound,gene
65664,CGI-N,KCNC3,compound,gene
65664,CGI-N,ATG10,compound,gene
65664,CGI-N,RNF130,compound,gene
65664,CGI-N,CDK20,compound,gene
65664,CGI-N,PWAR5,compound,gene
65664,CGI-N,HHIPL2,compound,gene
65664,CGI-N,SF3B2,compound,gene
65664,CGI-N,MMS19,compound,gene
65664,CGI-N,C8orf33,compound,gene
65664,CGI-N,FBN1,compound,gene
65664,CGI-N,SCML1,compound,gene
65664,CGI-N,FCGR2A,compound,gene
65664,CGI-N,GVINP1,compound,gene
65664,CGI-N,THTPA,compound,gene
65664,CGI-N,GSPT1,compound,gene
65664,CGI-N,PLXNA3,compound,gene
65664,CGI-N,CRTAP,compound,gene
65664,CGI-N,NTNG1,compound,gene
65664,CGI-N,BMAL2,compound,gene
65664,CGI-N,HLA-E,compound,gene
65664,CGI-N,LCMT2,compound,gene
65664,CGI-N,GPM6A,compound,gene
65664,CGI-N,WDR6,compound,gene
65664,CGI-N,MCM4,compound,gene
65664,CGI-N,TSPAN8,compound,gene
65664,CGI-N,CSGALNACT1,compound,gene
65664,CGI-N,KRT15,compound,gene
65664,CGI-N,TEX11,compound,gene
65664,CGI-N,RAB36,compound,gene
65664,CGI-N,ARMH3,compound,gene
65664,CGI-N,CRYGC,compound,gene
65664,CGI-N,DMAC2L,compound,gene
65664,CGI-N,TRMT1,compound,gene
65664,CGI-N,CPAP,compound,gene
65664,CGI-N,CEP290,compound,gene
65664,CGI-N,VPS26A,compound,gene
65664,CGI-N,THADA,compound,gene
65664,CGI-N,MTF2,compound,gene
65664,CGI-N,GDAP2,compound,gene
65664,CGI-N,PIR,compound,gene
65664,CGI-N,RAB1B,compound,gene
65664,CGI-N,FBXO28,compound,gene
65664,CGI-N,SLC22A4,compound,gene
65664,CGI-N,ZNF83,compound,gene
65664,CGI-N,P3H1,compound,gene
65664,CGI-N,ASAH1,compound,gene
65664,CGI-N,SLC25A42,compound,gene
65664,CGI-N,PHLDB1,compound,gene
65664,CGI-N,TGIF2,compound,gene
65664,CGI-N,IFT70A,compound,gene
65664,CGI-N,SGK2,compound,gene
65664,CGI-N,MAG,compound,gene
65664,CGI-N,DAZAP2,compound,gene
65664,CGI-N,JHY,compound,gene
65664,CGI-N,FAIM2,compound,gene
65664,CGI-N,STON1,compound,gene
65664,CGI-N,ABCA7,compound,gene
65664,CGI-N,KIRREL1,compound,gene
65664,CGI-N,ACAD8,compound,gene
65664,CGI-N,ABCD2,compound,gene
65664,CGI-N,MYOF,compound,gene
65664,CGI-N,IGFBP5,compound,gene
65664,CGI-N,IL17RB,compound,gene
65664,CGI-N,DIP2A,compound,gene
65664,CGI-N,AP1G1,compound,gene
65664,CGI-N,MINDY3,compound,gene
65664,CGI-N,NTRK3,compound,gene
65664,CGI-N,COX6B1,compound,gene
65664,CGI-N,IMPG1,compound,gene
65664,CGI-N,PINK1,compound,gene
65664,CGI-N,PRR16,compound,gene
65664,CGI-N,SPIB,compound,gene
65664,CGI-N,TCAP,compound,gene
65664,CGI-N,ITIH2,compound,gene
65664,CGI-N,CMTR1,compound,gene
65664,CGI-N,IFT27,compound,gene
65664,CGI-N,LRRC8E,compound,gene
65664,CGI-N,GABRA3,compound,gene
65664,CGI-N,TUSC2,compound,gene
65664,CGI-N,ZNF155,compound,gene
65664,CGI-N,ATXN8OS,compound,gene
65664,CGI-N,FPR3,compound,gene
65664,CGI-N,SIK1,compound,gene
65664,CGI-N,RAB27B,compound,gene
65664,CGI-N,ABCB8,compound,gene
65664,CGI-N,UTY,compound,gene
65664,CGI-N,PSMD14,compound,gene
65664,CGI-N,THOC5,compound,gene
65664,CGI-N,MAP3K2,compound,gene
65664,CGI-N,MAP7,compound,gene
65664,CGI-N,CFAP45,compound,gene
65664,CGI-N,CDC25C,compound,gene
65664,CGI-N,SSBP3,compound,gene
65664,CGI-N,CANX,compound,gene
65664,CGI-N,PKD2,compound,gene
65664,CGI-N,NR1I3,compound,gene
65664,CGI-N,SIAH1,compound,gene
65664,CGI-N,MYO15A,compound,gene
65664,CGI-N,SC5D,compound,gene
65664,CGI-N,EDA,compound,gene
65664,CGI-N,HOXB3,compound,gene
65664,CGI-N,CDS1,compound,gene
65664,CGI-N,SP110,compound,gene
65664,CGI-N,TMA16,compound,gene
65664,CGI-N,CD52,compound,gene
65664,CGI-N,LGALS4,compound,gene
65664,CGI-N,KCNH2,compound,gene
65664,CGI-N,ABCC6,compound,gene
65664,CGI-N,TRIM5,compound,gene
65664,CGI-N,ZBTB24,compound,gene
65664,CGI-N,RER1,compound,gene
65664,CGI-N,MTRF1,compound,gene
65664,CGI-N,RGS1,compound,gene
65664,CGI-N,CUL3,compound,gene
65664,CGI-N,ABHD10,compound,gene
65664,CGI-N,HARS2,compound,gene
65664,CGI-N,GSE1,compound,gene
65664,CGI-N,UEVLD,compound,gene
65664,CGI-N,PSME3IP1,compound,gene
65664,CGI-N,DNASE1L2,compound,gene
65664,CGI-N,KCTD2,compound,gene
65664,CGI-N,ASCL2,compound,gene
65664,CGI-N,FKBP3,compound,gene
65664,CGI-N,CNR2,compound,gene
65664,CGI-N,AOC4P,compound,gene
65664,CGI-N,CLEC4M,compound,gene
65664,CGI-N,HMGA1,compound,gene
65664,CGI-N,ZNF343,compound,gene
65664,CGI-N,RBPJ,compound,gene
65664,CGI-N,BRD9,compound,gene
65664,CGI-N,EIF4A1,compound,gene
65664,CGI-N,AP1B1,compound,gene
65664,CGI-N,SLCO5A1,compound,gene
65664,CGI-N,PMM1,compound,gene
65664,CGI-N,TESPA1,compound,gene
65664,CGI-N,DNM1L,compound,gene
73707353,CGI-N,ATP2B4,compound,gene
73707353,CGI-N,NDUFB4,compound,gene
73707353,CGI-N,CYP3A7,compound,gene
73707353,CGI-N,MILR1,compound,gene
73707353,CGI-N,PPDPF,compound,gene
73707353,CGI-N,VPS4A,compound,gene
73707353,CGI-N,GFPT2,compound,gene
73707353,CGI-N,HTR1E,compound,gene
73707353,CGI-N,APOBEC3F,compound,gene
73707353,CGI-N,TMSB15A,compound,gene
73707353,CGI-N,EHMT1,compound,gene
73707353,CGI-N,TSPAN2,compound,gene
73707353,CGI-N,CCNK,compound,gene
73707353,CGI-N,ALPP,compound,gene
73707353,CGI-N,RTL8A,compound,gene
73707353,CGI-N,BICRAL,compound,gene
73707353,CGI-N,GRPEL1,compound,gene
73707353,CGI-N,TBXAS1,compound,gene
73707353,CGI-N,YTHDC2,compound,gene
73707353,CGI-N,EPN1,compound,gene
73707353,CGI-N,CNR1,compound,gene
73707353,CGI-N,DPH5,compound,gene
73707353,CGI-N,TPGS2,compound,gene
73707353,CGI-N,B3GNTL1,compound,gene
73707353,CGI-N,RPL17,compound,gene
73707353,CGI-N,ANGPT4,compound,gene
73707353,CGI-N,PSMB9,compound,gene
73707353,CGI-N,CACNA2D2,compound,gene
73707353,CGI-N,GSTM2,compound,gene
73707353,CGI-N,REV1,compound,gene
73707353,CGI-N,RNASEL,compound,gene
73707353,CGI-N,KHNYN,compound,gene
73707353,CGI-N,ARRB2,compound,gene
73707353,CGI-N,PON3,compound,gene
73707353,CGI-N,PSMD2,compound,gene
73707353,CGI-N,NDUFV2,compound,gene
73707353,CGI-N,HHLA2,compound,gene
73707353,CGI-N,SLC18A1,compound,gene
73707353,CGI-N,MFAP4,compound,gene
73707353,CGI-N,GGA2,compound,gene
73707353,CGI-N,TRIP12,compound,gene
73707353,CGI-N,RUNDC3A,compound,gene
73707353,CGI-N,SIGLEC6,compound,gene
73707353,CGI-N,XAF1,compound,gene
73707353,CGI-N,TBPL1,compound,gene
73707353,CGI-N,CERT1,compound,gene
73707353,CGI-N,WDR41,compound,gene
73707353,CGI-N,KCNE4,compound,gene
73707353,CGI-N,FBP2,compound,gene
73707353,CGI-N,DRAP1,compound,gene
73707353,CGI-N,ITPA,compound,gene
73707353,CGI-N,ZDHHC11,compound,gene
73707353,CGI-N,CAPZA1,compound,gene
73707353,CGI-N,ZNF264,compound,gene
73707353,CGI-N,XPNPEP2,compound,gene
73707353,CGI-N,PARP11,compound,gene
73707353,CGI-N,DNAAF2,compound,gene
73707353,CGI-N,RAB15,compound,gene
73707353,CGI-N,PLOD1,compound,gene
73707353,CGI-N,AOC4P,compound,gene
73707353,CGI-N,EBP,compound,gene
73707353,CGI-N,C11orf21,compound,gene
73707353,CGI-N,SPAG9,compound,gene
73707353,CGI-N,HIGD1B,compound,gene
73707353,CGI-N,MMP20,compound,gene
73707353,CGI-N,OR2H2,compound,gene
73707353,CGI-N,IFIH1,compound,gene
73707353,CGI-N,ACACB,compound,gene
73707353,CGI-N,DSC2,compound,gene
73707353,CGI-N,GZMM,compound,gene
73707353,CGI-N,ZFP37,compound,gene
73707353,CGI-N,SNRNP27,compound,gene
73707353,CGI-N,SH3GL1,compound,gene
73707353,CGI-N,NDUFA4,compound,gene
73707353,CGI-N,USP48,compound,gene
73707353,CGI-N,DCN,compound,gene
73707353,CGI-N,TFRC,compound,gene
73707353,CGI-N,PTH1R,compound,gene
73707353,CGI-N,CHST15,compound,gene
73707353,CGI-N,ADIPOR2,compound,gene
73707353,CGI-N,PIGZ,compound,gene
73707353,CGI-N,GYPB,compound,gene
73707353,CGI-N,H2BC3,compound,gene
73707353,CGI-N,PKIA,compound,gene
73707353,CGI-N,ESRRG,compound,gene
73707353,CGI-N,SEH1L,compound,gene
73707353,CGI-N,EZR,compound,gene
73707353,CGI-N,SEMA3A,compound,gene
73707353,CGI-N,NCDN,compound,gene
73707353,CGI-N,SNRNP200,compound,gene
73707353,CGI-N,KCNH6,compound,gene
73707353,CGI-N,SUN2,compound,gene
73707353,CGI-N,SAA3P,compound,gene
73707353,CGI-N,DHRS7,compound,gene
73707353,CGI-N,ENPP2,compound,gene
73707353,CGI-N,FANCL,compound,gene
73707353,CGI-N,UBE2NL,compound,gene
73707353,CGI-N,PSMD1,compound,gene
73707353,CGI-N,MAN1A2,compound,gene
73707353,CGI-N,AHSP,compound,gene
73707353,CGI-N,CST7,compound,gene
73707353,CGI-N,DUSP11,compound,gene
73707353,CGI-N,SLC43A3,compound,gene
73707353,CGI-N,MAD1L1,compound,gene
73707353,CGI-N,COX7A1,compound,gene
73707353,CGI-N,MED1,compound,gene
73707353,CGI-N,NAALAD2,compound,gene
73707353,CGI-N,NALF2,compound,gene
73707353,CGI-N,CRTAP,compound,gene
73707353,CGI-N,PLA2G2D,compound,gene
73707353,CGI-N,NACAD,compound,gene
73707353,CGI-N,DOK5,compound,gene
73707353,CGI-N,ACSBG2,compound,gene
73707353,CGI-N,NR4A3,compound,gene
73707353,CGI-N,RBMS3,compound,gene
73707353,CGI-N,USP19,compound,gene
73707353,CGI-N,BRMS1,compound,gene
73707353,CGI-N,GATM,compound,gene
73707353,CGI-N,CCDC40,compound,gene
73707353,CGI-N,NEIL1,compound,gene
73707353,CGI-N,CFAP410,compound,gene
73707353,CGI-N,CDK20,compound,gene
73707353,CGI-N,CSF1,compound,gene
73707353,CGI-N,ATP6V0E2,compound,gene
73707353,CGI-N,SCAI,compound,gene
73707353,CGI-N,EDA2R,compound,gene
73707353,CGI-N,SNRPD1,compound,gene
73707353,CGI-N,ACVR1B,compound,gene
73707353,CGI-N,SLC28A2,compound,gene
73707353,CGI-N,NCAPH2,compound,gene
73707353,CGI-N,SUPT20H,compound,gene
73707353,CGI-N,PTMS,compound,gene
73707353,CGI-N,KNTC1,compound,gene
73707353,CGI-N,USH2A,compound,gene
73707353,CGI-N,SLC26A6,compound,gene
73707353,CGI-N,ANO2,compound,gene
73707353,CGI-N,RNGTT,compound,gene
73707353,CGI-N,MED25,compound,gene
73707353,CGI-N,SSB,compound,gene
73707353,CGI-N,GALK1,compound,gene
73707353,CGI-N,GNAT3,compound,gene
73707353,CGI-N,TTLL4,compound,gene
73707353,CGI-N,PECR,compound,gene
73707353,CGI-N,TMC6,compound,gene
73707353,CGI-N,STAT4,compound,gene
73707353,CGI-N,CRNN,compound,gene
73707353,CGI-N,HGD,compound,gene
73707353,CGI-N,MYL10,compound,gene
73707353,CGI-N,SOX30,compound,gene
73707353,CGI-N,ZNF764,compound,gene
73707353,CGI-N,TNNC2,compound,gene
73707353,CGI-N,CRYAB,compound,gene
73707353,CGI-N,TEF,compound,gene
73707353,CGI-N,KDM5B,compound,gene
73707353,CGI-N,NUP62CL,compound,gene
73707353,CGI-N,TCEA1,compound,gene
73707353,CGI-N,POU2F1,compound,gene
73707353,CGI-N,ARPC4,compound,gene
73707353,CGI-N,LTBP3,compound,gene
73707353,CGI-N,NOVA2,compound,gene
73707353,CGI-N,KIF1C,compound,gene
73707353,CGI-N,SCGN,compound,gene
73707353,CGI-N,NCR3,compound,gene
73707353,CGI-N,SPATA6L,compound,gene
73707353,CGI-N,EFEMP2,compound,gene
73707353,CGI-N,RAP2B,compound,gene
73707353,CGI-N,MAPRE1,compound,gene
73707353,CGI-N,MSH3,compound,gene
73707353,CGI-N,TFCP2L1,compound,gene
73707353,CGI-N,BANP,compound,gene
73707353,CGI-N,ARHGDIB,compound,gene
73707353,CGI-N,JAK2,compound,gene
73707353,CGI-N,HMGCS2,compound,gene
73707353,CGI-N,PFKFB3,compound,gene
73707353,CGI-N,TEFM,compound,gene
73707353,CGI-N,MUSK,compound,gene
73707353,CGI-N,EHD3,compound,gene
73707353,CGI-N,TBX5,compound,gene
73707353,CGI-N,MYL1,compound,gene
73707353,CGI-N,LRPPRC,compound,gene
73707353,CGI-N,IQCH,compound,gene
73707353,CGI-N,OPTN,compound,gene
73707353,CGI-N,GDF10,compound,gene
73707353,CGI-N,C4BPB,compound,gene
73707353,CGI-N,CEBPG,compound,gene
73707353,CGI-N,IFT140,compound,gene
73707353,CGI-N,DUSP10,compound,gene
73707353,CGI-N,SMPD1,compound,gene
73707353,CGI-N,SYTL2,compound,gene
73707353,CGI-N,CBX5,compound,gene
73707353,CGI-N,TSKS,compound,gene
73707353,CGI-N,ATG5,compound,gene
73707353,CGI-N,CLASP1,compound,gene
73707353,CGI-N,ONECUT1,compound,gene
73707353,CGI-N,TREML2,compound,gene
73707353,CGI-N,PEMT,compound,gene
73707353,CGI-N,ATP8A2,compound,gene
73707353,CGI-N,PGAP1,compound,gene
73707353,CGI-N,NAGPA,compound,gene
73707353,CGI-N,USE1,compound,gene
73707353,CGI-N,S100A3,compound,gene
73707353,CGI-N,TESK1,compound,gene
73707353,CGI-N,SFTPC,compound,gene
73707353,CGI-N,TM4SF20,compound,gene
73707353,CGI-N,SMARCD3,compound,gene
73707353,CGI-N,WAS,compound,gene
73707353,CGI-N,ATP5PD,compound,gene
73707353,CGI-N,ZKSCAN1,compound,gene
73707353,CGI-N,ABCC6,compound,gene
73707353,CGI-N,BRAP,compound,gene
73707353,CGI-N,RNASEH2A,compound,gene
73707353,CGI-N,MON1B,compound,gene
73707353,CGI-N,P2RY1,compound,gene
73707353,CGI-N,GMEB2,compound,gene
73707353,CGI-N,SEC61A2,compound,gene
73707353,CGI-N,DNTT,compound,gene
73707353,CGI-N,NUDCD3,compound,gene
73707353,CGI-N,ZCCHC8,compound,gene
73707353,CGI-N,ZBTB16,compound,gene
73707353,CGI-N,MTCL1,compound,gene
73707353,CGI-N,TPD52L1,compound,gene
73707353,CGI-N,SLC23A2,compound,gene
73707353,CGI-N,TMEM80,compound,gene
73707353,CGI-N,PRUNE2,compound,gene
73707353,CGI-N,DENND4C,compound,gene
73707353,CGI-N,ZNF160,compound,gene
73707353,CGI-N,ALPL,compound,gene
73707353,CGI-N,NPVF,compound,gene
73707353,CGI-N,FUT9,compound,gene
73707353,CGI-N,MAF,compound,gene
73707353,CGI-N,E4F1,compound,gene
73707353,CGI-N,RSF1,compound,gene
73707353,CGI-N,DUSP14,compound,gene
73707353,CGI-N,TRIM66,compound,gene
73707353,CGI-N,GTF2F2,compound,gene
73707353,CGI-N,PNPLA2,compound,gene
73707353,CGI-N,TMUB2,compound,gene
73707353,CGI-N,CACNG5,compound,gene
73707353,CGI-N,C9orf78,compound,gene
73707353,CGI-N,DNAJC12,compound,gene
73707353,CGI-N,MGAT4A,compound,gene
73707353,CGI-N,SLC39A4,compound,gene
73707353,CGI-N,DHRS2,compound,gene
73707353,CGI-N,REM1,compound,gene
73707353,CGI-N,MYCBP2,compound,gene
73707353,CGI-N,CRHR1,compound,gene
73707353,CGI-N,BMP1,compound,gene
73707353,CGI-N,SPTA1,compound,gene
73707353,CGI-N,NKX2-2,compound,gene
73707353,CGI-N,FDPS,compound,gene
73707353,CGI-N,PRMT8,compound,gene
73707353,CGI-N,ERCC1,compound,gene
73707353,CGI-N,ALDOB,compound,gene
73707353,CGI-N,PPP2R1B,compound,gene
73707353,CGI-N,NGRN,compound,gene
73707353,CGI-N,ZNF106,compound,gene
73707353,CGI-N,WDR4,compound,gene
73707353,CGI-N,KCNMB4,compound,gene
73707353,CGI-N,RACK1,compound,gene
73707353,CGI-N,CALB2,compound,gene
73707353,CGI-N,IPO5,compound,gene
73707353,CGI-N,TNIK,compound,gene
73707353,CGI-N,LAMC2,compound,gene
73707353,CGI-N,TBC1D29P,compound,gene
73707353,CGI-N,CEP63,compound,gene
73707353,CGI-N,NLRP1,compound,gene
73707353,CGI-N,KCNJ9,compound,gene
73707353,CGI-N,PRB1,compound,gene
73707353,CGI-N,CLDN18,compound,gene
73707353,CGI-N,RPA4,compound,gene
73707353,CGI-N,GNB1,compound,gene
73707353,CGI-N,ZNF292,compound,gene
73707353,CGI-N,ALDH1L1,compound,gene
73707353,CGI-N,STAC,compound,gene
73707353,CGI-N,LRRC49,compound,gene
73707353,CGI-N,E2F8,compound,gene
73707353,CGI-N,HSD17B7,compound,gene
73707353,CGI-N,NDST4,compound,gene
73707353,CGI-N,PIGV,compound,gene
73707353,CGI-N,BEND5,compound,gene
73707353,CGI-N,BCAN,compound,gene
73707353,CGI-N,AMBP,compound,gene
73707353,CGI-N,SPCS1,compound,gene
73707353,CGI-N,CTPS1,compound,gene
73707353,CGI-N,ITGA5,compound,gene
73707353,CGI-N,TRAPPC6A,compound,gene
73707353,CGI-N,NPY5R,compound,gene
73707353,CGI-N,CIT,compound,gene
73707353,CGI-N,ATN1,compound,gene
73707353,CGI-N,COPS4,compound,gene
73707353,CGI-N,VPS52,compound,gene
73707353,CGI-N,AADAC,compound,gene
73707353,CGI-N,LRRC37A3,compound,gene
73707353,CGI-N,DOK2,compound,gene
73707353,CGI-N,COLEC11,compound,gene
73707353,CGI-N,MTMR9,compound,gene
73707353,CGI-N,KPNA1,compound,gene
73707353,CGI-N,TRADD,compound,gene
73707353,CGI-N,KREMEN2,compound,gene
73707353,CGI-N,TSPO2,compound,gene
73707353,CGI-N,HMGXB4,compound,gene
73707353,CGI-N,MARCHF2,compound,gene
73707353,CGI-N,TMF1,compound,gene
73707353,CGI-N,NF2,compound,gene
73707353,CGI-N,RPS16,compound,gene
73707353,CGI-N,BICD1,compound,gene
73707353,CGI-N,NIPSNAP3B,compound,gene
73707353,CGI-N,NTN3,compound,gene
73707353,CGI-N,THBD,compound,gene
73707353,CGI-N,PRKACG,compound,gene
73707353,CGI-N,AQP7,compound,gene
73707353,CGI-N,FGL1,compound,gene
73707353,CGI-N,CASP9,compound,gene
73707353,CGI-N,CERS2,compound,gene
73707353,CGI-N,ABCA12,compound,gene
73707353,CGI-N,TPPP,compound,gene
73707353,CGI-N,OMP,compound,gene
73707353,CGI-N,USP25,compound,gene
73707353,CGI-N,MYDGF,compound,gene
73707353,CGI-N,HGF,compound,gene
73707353,CGI-N,PDCD10,compound,gene
73707353,CGI-N,C3orf52,compound,gene
73707353,CGI-N,NCL,compound,gene
73707353,CGI-N,CDK17,compound,gene
73707353,CGI-N,ITPKC,compound,gene
73707353,CGI-N,ASMTL-AS1,compound,gene
73707353,CGI-N,CRH,compound,gene
73707353,CGI-N,MEP1A,compound,gene
73707353,CGI-N,SLURP1,compound,gene
73707353,CGI-N,PDIA4,compound,gene
73707353,CGI-N,AHCYL1,compound,gene
73707353,CGI-N,KRTAP2-4,compound,gene
73707353,CGI-N,FAM149B1,compound,gene
73707353,CGI-N,KCTD9,compound,gene
73707353,CGI-N,ELAC1,compound,gene
73707353,CGI-N,CALCOCO1,compound,gene
73707353,CGI-N,RTF1,compound,gene
73707353,CGI-N,THRAP3,compound,gene
73707353,CGI-N,EEF1AKMT3,compound,gene
73707353,CGI-N,EPHB6,compound,gene
73707353,CGI-N,P2RY6,compound,gene
73707353,CGI-N,CDK5RAP2,compound,gene
73707353,CGI-N,HSD17B14,compound,gene
73707353,CGI-N,METTL5,compound,gene
73707353,CGI-N,IDS,compound,gene
73707353,CGI-N,CCDC177,compound,gene
73707353,CGI-N,FAM149A,compound,gene
73707353,CGI-N,OGA,compound,gene
73707353,CGI-N,OR52A1,compound,gene
73707353,CGI-N,DCP2,compound,gene
73707353,CGI-N,TULP4,compound,gene
73707353,CGI-N,GNA11,compound,gene
73707353,CGI-N,BAG6,compound,gene
73707353,CGI-N,FBLN5,compound,gene
73707353,CGI-N,DOCK1,compound,gene
73707353,CGI-N,NFYB,compound,gene
73707353,CGI-N,HDC,compound,gene
73707353,CGI-N,MOCS2,compound,gene
73707353,CGI-N,ZNF263,compound,gene
73707353,CGI-N,FOXO1,compound,gene
73707353,CGI-N,ZNF33B,compound,gene
73707353,CGI-N,ZBTB44,compound,gene
73707353,CGI-N,TWSG1,compound,gene
73707353,CGI-N,GPR183,compound,gene
73707353,CGI-N,MINAR1,compound,gene
73707353,CGI-N,MARS1,compound,gene
73707353,CGI-N,SPSB3,compound,gene
73707353,CGI-N,FKBP2,compound,gene
73707353,CGI-N,SCAMP3,compound,gene
73707353,CGI-N,TMEM186,compound,gene
73707353,CGI-N,DCTD,compound,gene
73707353,CGI-N,MRTFB,compound,gene
73707353,CGI-N,FBXW7,compound,gene
73707353,CGI-N,VAMP8,compound,gene
73707353,CGI-N,ARHGDIA,compound,gene
73707353,CGI-N,BTG1,compound,gene
73707353,CGI-N,CPTP,compound,gene
73707353,CGI-N,TRPC2,compound,gene
73707353,CGI-N,TDP2,compound,gene
73707353,CGI-N,BACH2,compound,gene
73707353,CGI-N,ANKRD55,compound,gene
73707353,CGI-N,TXN2,compound,gene
73707353,CGI-N,SEC61G,compound,gene
73707353,CGI-N,MMP12,compound,gene
73707353,CGI-N,ERCC4,compound,gene
73707353,CGI-N,ZSCAN32,compound,gene
73707353,CGI-N,NUDT13,compound,gene
73707353,CGI-N,CDH13,compound,gene
73707353,CGI-N,RARS1,compound,gene
73707353,CGI-N,TBC1D17,compound,gene
73707353,CGI-N,IPO8,compound,gene
73707353,CGI-N,CPT1A,compound,gene
73707353,CGI-N,CLEC3B,compound,gene
73707353,CGI-N,TLE4,compound,gene
73707353,CGI-N,ACSL4,compound,gene
73707353,CGI-N,GLUD1,compound,gene
73707353,CGI-N,PAQR6,compound,gene
73707353,CGI-N,GEM,compound,gene
73707353,CGI-N,PHF2,compound,gene
73707353,CGI-N,MFAP2,compound,gene
73707357,CGI-N,GPC3,compound,gene
73707357,CGI-N,B3GNT2,compound,gene
73707357,CGI-N,KCNQ4,compound,gene
73707357,CGI-N,PSMD3,compound,gene
73707357,CGI-N,MAN2C1,compound,gene
73707357,CGI-N,PPIC,compound,gene
73707357,CGI-N,CUL9,compound,gene
73707357,CGI-N,TPSG1,compound,gene
73707357,CGI-N,PTGER2,compound,gene
73707357,CGI-N,APC2,compound,gene
73707357,CGI-N,MAP4K4,compound,gene
73707357,CGI-N,EDEM3,compound,gene
73707357,CGI-N,POLG,compound,gene
73707357,CGI-N,EN2,compound,gene
73707357,CGI-N,UBA5,compound,gene
73707357,CGI-N,BRD1,compound,gene
73707357,CGI-N,MAP3K4,compound,gene
73707357,CGI-N,RFPL1,compound,gene
73707357,CGI-N,YY1,compound,gene
73707357,CGI-N,ACTB,compound,gene
73707357,CGI-N,TENM4,compound,gene
73707357,CGI-N,TGFA,compound,gene
73707357,CGI-N,BMAL2,compound,gene
73707357,CGI-N,LCP2,compound,gene
73707357,CGI-N,DEK,compound,gene
73707357,CGI-N,CNGB1,compound,gene
73707357,CGI-N,TP53AIP1,compound,gene
73707357,CGI-N,FBXO7,compound,gene
73707357,CGI-N,GLCE,compound,gene
73707357,CGI-N,HTRA2,compound,gene
73707357,CGI-N,MLANA,compound,gene
73707357,CGI-N,ITGAE,compound,gene
73707357,CGI-N,RUSC1,compound,gene
73707357,CGI-N,SURF1,compound,gene
73707357,CGI-N,MYH1,compound,gene
73707357,CGI-N,MAPK1,compound,gene
73707357,CGI-N,CD37,compound,gene
73707357,CGI-N,RCAN1,compound,gene
73707357,CGI-N,KCNC2,compound,gene
73707357,CGI-N,P2RY6,compound,gene
73707357,CGI-N,CDH13,compound,gene
73707357,CGI-N,DYNC1LI1,compound,gene
73707357,CGI-N,ATP5ME,compound,gene
73707357,CGI-N,CTC1,compound,gene
73707357,CGI-N,GPR65,compound,gene
73707357,CGI-N,SMARCA1,compound,gene
73707357,CGI-N,ANKMY1,compound,gene
73707357,CGI-N,GSPT1,compound,gene
73707357,CGI-N,ECHDC1,compound,gene
73707357,CGI-N,ITGAM,compound,gene
73707357,CGI-N,HEXB,compound,gene
73707357,CGI-N,ITGB7,compound,gene
73707357,CGI-N,FEV,compound,gene
73707357,CGI-N,HECA,compound,gene
73707357,CGI-N,XPOT,compound,gene
73707357,CGI-N,RANGAP1,compound,gene
73707357,CGI-N,ZBTB17,compound,gene
73707357,CGI-N,NDUFA7,compound,gene
73707357,CGI-N,PTX3,compound,gene
73707357,CGI-N,PARD6B,compound,gene
73707357,CGI-N,MRPL58,compound,gene
73707357,CGI-N,RBM6,compound,gene
73707357,CGI-N,NEK11,compound,gene
73707357,CGI-N,KANK2,compound,gene
73707357,CGI-N,RAP2C,compound,gene
73707357,CGI-N,TTN,compound,gene
73707357,CGI-N,TINF2,compound,gene
73707357,CGI-N,TM9SF4,compound,gene
73707357,CGI-N,DNAJB5,compound,gene
73707357,CGI-N,ADTRP,compound,gene
73707357,CGI-N,SLC5A12,compound,gene
73707357,CGI-N,KRT23,compound,gene
73707357,CGI-N,ZNF529,compound,gene
73707357,CGI-N,HADHA,compound,gene
73707357,CGI-N,RPS6KB2,compound,gene
73707357,CGI-N,COL8A1,compound,gene
73707357,CGI-N,CYBA,compound,gene
73707357,CGI-N,NRDE2,compound,gene
73707357,CGI-N,EIF4E,compound,gene
73707357,CGI-N,DBI,compound,gene
73707357,CGI-N,AKR1C2,compound,gene
73707357,CGI-N,DMAC2L,compound,gene
73707357,CGI-N,POU3F2,compound,gene
73707357,CGI-N,FIRRM,compound,gene
73707357,CGI-N,ART3,compound,gene
73707357,CGI-N,KMT2A,compound,gene
73707357,CGI-N,BORA,compound,gene
73707357,CGI-N,SIX6,compound,gene
73707357,CGI-N,NUCB2,compound,gene
73707357,CGI-N,CLPB,compound,gene
73707357,CGI-N,SAFB,compound,gene
73707357,CGI-N,DCAF15,compound,gene
73707357,CGI-N,PDCL,compound,gene
73707357,CGI-N,IL23A,compound,gene
73707357,CGI-N,GRN,compound,gene
73707357,CGI-N,VAMP5,compound,gene
73707357,CGI-N,KIAA0753,compound,gene
73707357,CGI-N,PLA2G2F,compound,gene
73707357,CGI-N,SPAST,compound,gene
73707357,CGI-N,UBE2D4,compound,gene
73707357,CGI-N,ONECUT1,compound,gene
73707357,CGI-N,MTMR11,compound,gene
73707357,CGI-N,FKBPL,compound,gene
73707357,CGI-N,CSNK2B,compound,gene
73707357,CGI-N,CIAO2B,compound,gene
73707357,CGI-N,FASN,compound,gene
73707357,CGI-N,BPESC1,compound,gene
73707357,CGI-N,APC,compound,gene
73707357,CGI-N,PLCXD1,compound,gene
73707357,CGI-N,PMCH,compound,gene
73707357,CGI-N,ABCC5,compound,gene
73707357,CGI-N,PAX8,compound,gene
73707357,CGI-N,TFAP2B,compound,gene
73707357,CGI-N,SIM1,compound,gene
73707357,CGI-N,DIRAS2,compound,gene
73707357,CGI-N,KIF24,compound,gene
73707357,CGI-N,ACTL7A,compound,gene
73707357,CGI-N,RAB5B,compound,gene
73707357,CGI-N,IL1RL2,compound,gene
73707357,CGI-N,GIT2,compound,gene
73707357,CGI-N,APBB3,compound,gene
73707357,CGI-N,ADRB3,compound,gene
73707357,CGI-N,PRM1,compound,gene
73707357,CGI-N,SERPINB13,compound,gene
73707357,CGI-N,PLCD1,compound,gene
73707357,CGI-N,NECAB3,compound,gene
73707357,CGI-N,SLC22A4,compound,gene
73707357,CGI-N,IL6R,compound,gene
73707357,CGI-N,CHRDL1,compound,gene
73707357,CGI-N,ESR2,compound,gene
73707357,CGI-N,ALDH3A1,compound,gene
73707357,CGI-N,SALL2,compound,gene
73707357,CGI-N,TMCO1,compound,gene
73707357,CGI-N,G3BP2,compound,gene
73707357,CGI-N,NPRL2,compound,gene
73707357,CGI-N,SCG3,compound,gene
73707357,CGI-N,RS1,compound,gene
73707357,CGI-N,TNFRSF8,compound,gene
73707357,CGI-N,NCL,compound,gene
73707357,CGI-N,ATMIN,compound,gene
73707357,CGI-N,EGR3,compound,gene
73707357,CGI-N,RAB40C,compound,gene
73707357,CGI-N,RAP1B,compound,gene
73707357,CGI-N,PIK3IP1,compound,gene
73707357,CGI-N,CHRNA6,compound,gene
73707357,CGI-N,MRPL9,compound,gene
73707357,CGI-N,HTATIP2,compound,gene
73707357,CGI-N,THAP4,compound,gene
73707357,CGI-N,CRHR2,compound,gene
73707357,CGI-N,NCAPG2,compound,gene
73707357,CGI-N,SLC7A6,compound,gene
73707357,CGI-N,FKBP2,compound,gene
73707357,CGI-N,POU4F1,compound,gene
73707357,CGI-N,KHDRBS2,compound,gene
73707357,CGI-N,WDR45B,compound,gene
73707357,CGI-N,ALDH3B2,compound,gene
73707357,CGI-N,CLDN5,compound,gene
73707357,CGI-N,PTPRA,compound,gene
73707357,CGI-N,GADD45G,compound,gene
73707357,CGI-N,ADRM1,compound,gene
73707357,CGI-N,PGGT1B,compound,gene
73707357,CGI-N,PEX14,compound,gene
73707357,CGI-N,APOOL,compound,gene
73707357,CGI-N,USH1C,compound,gene
73707357,CGI-N,GRK3,compound,gene
73707357,CGI-N,RASSF1,compound,gene
73707357,CGI-N,ATXN7,compound,gene
73707357,CGI-N,WARS2,compound,gene
73707357,CGI-N,NHLRC2,compound,gene
73707357,CGI-N,SIMC1P1,compound,gene
73707357,CGI-N,COX11,compound,gene
73707357,CGI-N,GCFC2,compound,gene
73707357,CGI-N,TAS2R4,compound,gene
73707357,CGI-N,TEX10,compound,gene
73707357,CGI-N,FABP5,compound,gene
73707357,CGI-N,ZNF41,compound,gene
73707357,CGI-N,RO60,compound,gene
73707357,CGI-N,RHOBTB3,compound,gene
73707357,CGI-N,FAU,compound,gene
73707357,CGI-N,EHBP1,compound,gene
73707357,CGI-N,CRYL1,compound,gene
73707357,CGI-N,TRAF2,compound,gene
73707357,CGI-N,ALDH1A3,compound,gene
73707357,CGI-N,GRIK1,compound,gene
73707357,CGI-N,VSIG4,compound,gene
73707357,CGI-N,IL22RA1,compound,gene
73707357,CGI-N,AKAP7,compound,gene
73707357,CGI-N,FKBP4,compound,gene
73707357,CGI-N,ACTR1A,compound,gene
73707357,CGI-N,ADGRA2,compound,gene
73707357,CGI-N,DHCR24,compound,gene
73707357,CGI-N,MTMR8,compound,gene
73707357,CGI-N,CLDND1,compound,gene
73707357,CGI-N,TNFSF15,compound,gene
73707357,CGI-N,PRG4,compound,gene
73707357,CGI-N,PCNX2,compound,gene
73707357,CGI-N,MGAT4B,compound,gene
73707357,CGI-N,PPP6R3,compound,gene
73707357,CGI-N,SLAMF8,compound,gene
73707357,CGI-N,IL10,compound,gene
73707357,CGI-N,SCT,compound,gene
73707357,CGI-N,HABP4,compound,gene
73707357,CGI-N,POU5F1B,compound,gene
73707357,CGI-N,SPTBN5,compound,gene
73707357,CGI-N,POLR1D,compound,gene
73707357,CGI-N,NAT9,compound,gene
73707357,CGI-N,EIF3H,compound,gene
73707357,CGI-N,PIK3CB,compound,gene
73707357,CGI-N,NHERF1,compound,gene
73707357,CGI-N,OLIG2,compound,gene
73707357,CGI-N,AVPR2,compound,gene
73707357,CGI-N,BRD4,compound,gene
73707357,CGI-N,CLPTM1,compound,gene
73707357,CGI-N,GNG5,compound,gene
73707357,CGI-N,S100A7,compound,gene
73707357,CGI-N,SLC31A2,compound,gene
73707357,CGI-N,ESRRG,compound,gene
73707357,CGI-N,KLHL20,compound,gene
73707357,CGI-N,TCERG1,compound,gene
73707357,CGI-N,TTR,compound,gene
73707357,CGI-N,PSMB10,compound,gene
73707357,CGI-N,SOSTDC1,compound,gene
73707357,CGI-N,ZBTB33,compound,gene
73707357,CGI-N,IFI30,compound,gene
73707357,CGI-N,SPP2,compound,gene
73707357,CGI-N,BMP10,compound,gene
73707357,CGI-N,CLDN14,compound,gene
73707357,CGI-N,MARK3,compound,gene
73707357,CGI-N,SLC30A4,compound,gene
73707357,CGI-N,FBXW7,compound,gene
73707357,CGI-N,COPS7A,compound,gene
73707357,CGI-N,ALPK1,compound,gene
73707357,CGI-N,STRAP,compound,gene
73707357,CGI-N,CCNK,compound,gene
73707357,CGI-N,HTR1F,compound,gene
73707357,CGI-N,SERBP1,compound,gene
73707357,CGI-N,SLC4A4,compound,gene
73707357,CGI-N,GCK,compound,gene
73707357,CGI-N,ATP6V1C1,compound,gene
73707357,CGI-N,H3C1,compound,gene
73707357,CGI-N,BCKDK,compound,gene
73707357,CGI-N,NXT1,compound,gene
73707357,CGI-N,ATXN7L3B,compound,gene
73707357,CGI-N,RNF216,compound,gene
73707357,CGI-N,SSR2,compound,gene
73707357,CGI-N,ZNF329,compound,gene
73707357,CGI-N,CLIP3,compound,gene
73707357,CGI-N,TIMP2,compound,gene
73707357,CGI-N,C2orf42,compound,gene
73707357,CGI-N,CHRNB2,compound,gene
73707357,CGI-N,CDX1,compound,gene
73707357,CGI-N,KIF22,compound,gene
73707357,CGI-N,GPC5,compound,gene
73707357,CGI-N,TULP4,compound,gene
73707357,CGI-N,CNR2,compound,gene
73707357,CGI-N,C1orf35,compound,gene
73707357,CGI-N,GFRA2,compound,gene
73707357,CGI-N,GPR85,compound,gene
73707357,CGI-N,VASP,compound,gene
73707357,CGI-N,MTDH,compound,gene
73707357,CGI-N,OR7A10,compound,gene
73707357,CGI-N,IFI27,compound,gene
73707357,CGI-N,TGFB3,compound,gene
73707357,CGI-N,IFRD2,compound,gene
73707357,CGI-N,ZNF205-AS1,compound,gene
73707357,CGI-N,DHX15,compound,gene
73707357,CGI-N,MED27,compound,gene
73707357,CGI-N,PGLS,compound,gene
73707357,CGI-N,ANP32B,compound,gene
73707357,CGI-N,PSMB5,compound,gene
73707357,CGI-N,ENOX1,compound,gene
73707357,CGI-N,SYT1,compound,gene
73707357,CGI-N,HARS1,compound,gene
73707357,CGI-N,PTDSS2,compound,gene
73707357,CGI-N,RNF123,compound,gene
73707357,CGI-N,QPCTL,compound,gene
73707357,CGI-N,MARCHF2,compound,gene
73707357,CGI-N,ARFGEF2,compound,gene
73707357,CGI-N,ITGB4,compound,gene
73707357,CGI-N,ANKRD2,compound,gene
73707357,CGI-N,CIR1,compound,gene
73707357,CGI-N,FBRS,compound,gene
73707357,CGI-N,MCM3AP-AS1,compound,gene
73707357,CGI-N,PARP3,compound,gene
73707357,CGI-N,TUT4,compound,gene
73707357,CGI-N,SHANK2,compound,gene
73707357,CGI-N,TGM1,compound,gene
73707357,CGI-N,CUL7,compound,gene
73707357,CGI-N,TMEM134,compound,gene
73707357,CGI-N,GLB1L2,compound,gene
73707357,CGI-N,EEF1B2,compound,gene
73707357,CGI-N,NELFCD,compound,gene
73707357,CGI-N,AIP,compound,gene
73707357,CGI-N,TRIB1,compound,gene
73707357,CGI-N,ZKSCAN3,compound,gene
73707357,CGI-N,SEPTIN6,compound,gene
73707357,CGI-N,NUP188,compound,gene
73707357,CGI-N,MBIP,compound,gene
73707357,CGI-N,DNM1L,compound,gene
73707357,CGI-N,IFI6,compound,gene
73707357,CGI-N,SH3BGRL3,compound,gene
73707357,CGI-N,TMEM268,compound,gene
73707357,CGI-N,OR1D2,compound,gene
73707357,CGI-N,ACTN1,compound,gene
73707357,CGI-N,HIP1,compound,gene
73707357,CGI-N,MPG,compound,gene
73707357,CGI-N,BCHE,compound,gene
73707357,CGI-N,KRT81,compound,gene
73707357,CGI-N,PLEK,compound,gene
73707357,CGI-N,CCAR2,compound,gene
73707357,CGI-N,ILKAP,compound,gene
73707357,CGI-N,POU5F1P3,compound,gene
73707357,CGI-N,GCHFR,compound,gene
73707357,CGI-N,LRFN4,compound,gene
73707357,CGI-N,ABCB9,compound,gene
73707357,CGI-N,KCNQ1,compound,gene
73707357,CGI-N,H3-4,compound,gene
73707357,CGI-N,SAG,compound,gene
73707357,CGI-N,CIT,compound,gene
73707357,CGI-N,LZTR1,compound,gene
73707357,CGI-N,ASB7,compound,gene
73707357,CGI-N,CD68,compound,gene
73707357,CGI-N,CCL19,compound,gene
73707357,CGI-N,CACNA1H,compound,gene
73707357,CGI-N,TUBB2B,compound,gene
73707357,CGI-N,CLEC4E,compound,gene
73707357,CGI-N,FOXC1,compound,gene
73707357,CGI-N,SMAD4,compound,gene
73707357,CGI-N,MARCHF5,compound,gene
73707357,CGI-N,PSORS1C1,compound,gene
73707357,CGI-N,FRMPD1,compound,gene
73707357,CGI-N,LY75,compound,gene
73707357,CGI-N,GAL3ST1,compound,gene
73707357,CGI-N,MRM3,compound,gene
73707357,CGI-N,DDX49,compound,gene
73707357,CGI-N,PCMTD2,compound,gene
73707357,CGI-N,SSNA1,compound,gene
73707357,CGI-N,PEX12,compound,gene
73707357,CGI-N,ITCH,compound,gene
73707357,CGI-N,NUCKS1,compound,gene
73707357,CGI-N,NDUFS6,compound,gene
73707357,CGI-N,HYOU1,compound,gene
73707357,CGI-N,CNTRL,compound,gene
73707357,CGI-N,SRSF5,compound,gene
73707357,CGI-N,CCDC121,compound,gene
73707357,CGI-N,SELENOP,compound,gene
73707357,CGI-N,CDC37L1,compound,gene
73707357,CGI-N,RERE,compound,gene
73707357,CGI-N,CCND1,compound,gene
73707357,CGI-N,SNCB,compound,gene
73707357,CGI-N,MXRA7,compound,gene
73707357,CGI-N,APBA2,compound,gene
73707357,CGI-N,POT1,compound,gene
73707357,CGI-N,SEMG2,compound,gene
73707357,CGI-N,CEBPD,compound,gene
73707357,CGI-N,RBCK1,compound,gene
73707357,CGI-N,THOC2,compound,gene
73707357,CGI-N,AQP4,compound,gene
73707357,CGI-N,NNT,compound,gene
73707357,CGI-N,MXD3,compound,gene
73707357,CGI-N,SLC22A6,compound,gene
73707357,CGI-N,DYNC2I1,compound,gene
73707357,CGI-N,EIF3K,compound,gene
73707357,CGI-N,ARHGDIA,compound,gene
73707357,CGI-N,PPM1D,compound,gene
73707357,CGI-N,POLR1C,compound,gene
73707357,CGI-N,CUEDC1,compound,gene
73707357,CGI-N,FCGR1A,compound,gene
73707357,CGI-N,CTNND1,compound,gene
73707357,CGI-N,ZFYVE9,compound,gene
73707357,CGI-N,DENND6B,compound,gene
73707357,CGI-N,MRPS18B,compound,gene
73707357,CGI-N,VNN2,compound,gene
73707357,CGI-N,GINS3,compound,gene
73707357,CGI-N,ARF3,compound,gene
73707357,CGI-N,BMAL1,compound,gene
73707357,CGI-N,NCAPH,compound,gene
73707357,CGI-N,COL11A2,compound,gene
73707357,CGI-N,BANF1,compound,gene
73707357,CGI-N,SLC13A2,compound,gene
73707357,CGI-N,CDK5RAP2,compound,gene
73707357,CGI-N,PTTG2,compound,gene
73707357,CGI-N,ZNF219,compound,gene
73707357,CGI-N,MCM10,compound,gene
73707357,CGI-N,LGR5,compound,gene
73707357,CGI-N,SKAP2,compound,gene
73707357,CGI-N,MUC5AC,compound,gene
73707357,CGI-N,INSRR,compound,gene
73707357,CGI-N,MFAP4,compound,gene
73707357,CGI-N,SLC25A10,compound,gene
73707357,CGI-N,VSIG10,compound,gene
73707357,CGI-N,MRPS28,compound,gene
73707357,CGI-N,RCOR1,compound,gene
73707357,CGI-N,IRAK1,compound,gene
73707357,CGI-N,CER1,compound,gene
73707357,CGI-N,MXRA8,compound,gene
73707357,CGI-N,ANKRD6,compound,gene
73707357,CGI-N,CYTH3,compound,gene
73707357,CGI-N,PDE1A,compound,gene
73707357,CGI-N,CSF3R,compound,gene
73707475,CGI-N,HNRNPH3,compound,gene
73707475,CGI-N,HOXB13,compound,gene
73707475,CGI-N,KIF5B,compound,gene
73707475,CGI-N,FGFR4,compound,gene
73707475,CGI-N,ZNF614,compound,gene
73707475,CGI-N,CCNB1IP1,compound,gene
73707475,CGI-N,CP,compound,gene
73707475,CGI-N,POM121,compound,gene
73707475,CGI-N,PLEKHF1,compound,gene
73707475,CGI-N,GYPC,compound,gene
73707475,CGI-N,PEX5,compound,gene
73707475,CGI-N,CXCL11,compound,gene
73707475,CGI-N,PRRC1,compound,gene
73707475,CGI-N,TMEM70,compound,gene
73707475,CGI-N,GSTM1,compound,gene
73707475,CGI-N,TRABD,compound,gene
73707475,CGI-N,YTHDF2,compound,gene
73707475,CGI-N,SPICE1,compound,gene
73707475,CGI-N,BMPR2,compound,gene
73707475,CGI-N,TSHB,compound,gene
73707475,CGI-N,NAXD,compound,gene
73707475,CGI-N,PDLIM2,compound,gene
73707475,CGI-N,CYLC2,compound,gene
73707475,CGI-N,MYBL2,compound,gene
73707475,CGI-N,BTRC,compound,gene
73707475,CGI-N,WDR37,compound,gene
73707475,CGI-N,ASXL1,compound,gene
73707475,CGI-N,TWF1,compound,gene
73707475,CGI-N,AP2S1,compound,gene
73707475,CGI-N,RBM25,compound,gene
73707475,CGI-N,BPIFA1,compound,gene
73707475,CGI-N,CEACAM1,compound,gene
73707475,CGI-N,RS1,compound,gene
73707475,CGI-N,FGB,compound,gene
73707475,CGI-N,AGO2,compound,gene
73707475,CGI-N,LRTM1,compound,gene
73707475,CGI-N,CCNI,compound,gene
73707475,CGI-N,DGKQ,compound,gene
73707475,CGI-N,EHD2,compound,gene
73707475,CGI-N,GNAT2,compound,gene
73707475,CGI-N,DCAF1,compound,gene
73707475,CGI-N,RIN3,compound,gene
73707475,CGI-N,KRTAP9-9,compound,gene
73707475,CGI-N,SNRPD3,compound,gene
73707475,CGI-N,SLC12A4,compound,gene
73707475,CGI-N,ZNF142,compound,gene
73707475,CGI-N,EHMT2,compound,gene
73707475,CGI-N,PPP1R37,compound,gene
73707475,CGI-N,GAL3ST4,compound,gene
73707475,CGI-N,IL15RA,compound,gene
73707475,CGI-N,MLEC,compound,gene
73707475,CGI-N,MAPKAPK5-AS1,compound,gene
73707475,CGI-N,EPHA1,compound,gene
73707475,CGI-N,RNF103,compound,gene
73707475,CGI-N,PCDH17,compound,gene
73707475,CGI-N,PRSS1,compound,gene
73707475,CGI-N,TTI1,compound,gene
73707475,CGI-N,KDM3B,compound,gene
73707475,CGI-N,USP32P2,compound,gene
73707475,CGI-N,POLQ,compound,gene
73707475,CGI-N,TDRD3,compound,gene
73707475,CGI-N,CKLF,compound,gene
73707475,CGI-N,RCOR1,compound,gene
73707475,CGI-N,MTMR1,compound,gene
73707475,CGI-N,ATAD2B,compound,gene
73707475,CGI-N,FAM168A,compound,gene
73707475,CGI-N,WEE1,compound,gene
73707475,CGI-N,COQ4,compound,gene
73707475,CGI-N,BPHL,compound,gene
73707475,CGI-N,EAF2,compound,gene
73707475,CGI-N,STAM,compound,gene
73707475,CGI-N,HTR3B,compound,gene
73707475,CGI-N,MYNN,compound,gene
73707475,CGI-N,TRAFD1,compound,gene
73707475,CGI-N,RAP1GAP,compound,gene
73707475,CGI-N,FOSB,compound,gene
73707475,CGI-N,SMUG1,compound,gene
73707475,CGI-N,PIAS3,compound,gene
73707475,CGI-N,ANK3,compound,gene
73707475,CGI-N,ZBED2,compound,gene
73707475,CGI-N,CDC42EP4,compound,gene
73707475,CGI-N,NPPB,compound,gene
73707475,CGI-N,GLE1,compound,gene
73707475,CGI-N,LIMK1,compound,gene
73707475,CGI-N,TOMM22,compound,gene
73707475,CGI-N,MYT1L,compound,gene
73707475,CGI-N,C3orf36,compound,gene
73707475,CGI-N,HPF1,compound,gene
73707475,CGI-N,TRMT2B,compound,gene
73707475,CGI-N,ZNF669,compound,gene
73707475,CGI-N,SETD1B,compound,gene
73707475,CGI-N,ICOS,compound,gene
73707475,CGI-N,ZBTB6,compound,gene
73707475,CGI-N,MRE11,compound,gene
73707475,CGI-N,ZNF710,compound,gene
73707475,CGI-N,GATB,compound,gene
73707475,CGI-N,ZNF770,compound,gene
73707475,CGI-N,KRT37,compound,gene
73707475,CGI-N,NDUFA6,compound,gene
73707475,CGI-N,TINF2,compound,gene
73707475,CGI-N,DENND2A,compound,gene
73707475,CGI-N,TSPAN31,compound,gene
73707475,CGI-N,UBE2O,compound,gene
73707475,CGI-N,RFX2,compound,gene
73707475,CGI-N,TTLL7,compound,gene
73707475,CGI-N,STRN4,compound,gene
73707475,CGI-N,LIMD2,compound,gene
73707475,CGI-N,MMP10,compound,gene
73707475,CGI-N,IRGC,compound,gene
73707475,CGI-N,GLRX3,compound,gene
73707475,CGI-N,SDHB,compound,gene
73707475,CGI-N,IL23A,compound,gene
73707475,CGI-N,XPNPEP2,compound,gene
73707475,CGI-N,UNC45A,compound,gene
73707475,CGI-N,POM121L9P,compound,gene
73707475,CGI-N,GINS1,compound,gene
73707475,CGI-N,ELOVL2,compound,gene
73707475,CGI-N,KDM4B,compound,gene
73707475,CGI-N,PSMD13,compound,gene
73707475,CGI-N,DNAJC17,compound,gene
73707475,CGI-N,LCP2,compound,gene
73707475,CGI-N,SRCAP,compound,gene
73707475,CGI-N,TMLHE,compound,gene
73707475,CGI-N,EIF2B5,compound,gene
73707475,CGI-N,FANCL,compound,gene
73707475,CGI-N,PRND,compound,gene
73707475,CGI-N,FAM8A1,compound,gene
73707475,CGI-N,AGPAT5,compound,gene
73707475,CGI-N,OR1E1,compound,gene
73707475,CGI-N,BABAM2,compound,gene
73707475,CGI-N,AGL,compound,gene
73707475,CGI-N,GP5,compound,gene
73707475,CGI-N,PCBP1,compound,gene
73707475,CGI-N,SELE,compound,gene
73707475,CGI-N,MON1B,compound,gene
73707475,CGI-N,SSX2IP,compound,gene
73707475,CGI-N,BEGAIN,compound,gene
73707475,CGI-N,DUOX1,compound,gene
73707475,CGI-N,NDFIP1,compound,gene
73707475,CGI-N,NDUFS6,compound,gene
73707475,CGI-N,BLTP1,compound,gene
73707475,CGI-N,CLASP2,compound,gene
73707475,CGI-N,PTPRA,compound,gene
73707475,CGI-N,TENM4,compound,gene
73707475,CGI-N,CAVIN3,compound,gene
73707475,CGI-N,MAP9,compound,gene
73707475,CGI-N,H1-0,compound,gene
73707475,CGI-N,UBE2H,compound,gene
73707475,CGI-N,CDC5L,compound,gene
73707475,CGI-N,TRIO,compound,gene
73707475,CGI-N,CACNA1E,compound,gene
73707475,CGI-N,CABYR,compound,gene
73707475,CGI-N,SFTPD,compound,gene
73707475,CGI-N,OPRD1,compound,gene
73707475,CGI-N,CEP72,compound,gene
73707475,CGI-N,DYNC1LI2,compound,gene
73707475,CGI-N,ETV4,compound,gene
73707475,CGI-N,HCFC1,compound,gene
73707475,CGI-N,PRPF39,compound,gene
73707475,CGI-N,PLOD2,compound,gene
73707475,CGI-N,SLC28A2,compound,gene
73707475,CGI-N,POMP,compound,gene
73707475,CGI-N,DCLRE1B,compound,gene
73707475,CGI-N,BLTP2,compound,gene
73707475,CGI-N,BZW2,compound,gene
73707475,CGI-N,AP1G2,compound,gene
73707475,CGI-N,HOXB1,compound,gene
73707475,CGI-N,ART3,compound,gene
73707475,CGI-N,B3GNTL1,compound,gene
73707475,CGI-N,OTUD3,compound,gene
73707475,CGI-N,TNFRSF17,compound,gene
73707475,CGI-N,S100G,compound,gene
73707475,CGI-N,EMID1,compound,gene
73707475,CGI-N,POU2F2,compound,gene
73707475,CGI-N,C1orf35,compound,gene
73707475,CGI-N,SUGCT,compound,gene
73707475,CGI-N,ATXN7L3B,compound,gene
73707475,CGI-N,CHODL,compound,gene
73707475,CGI-N,CSF3R,compound,gene
73707475,CGI-N,COL16A1,compound,gene
73707475,CGI-N,SMYD5,compound,gene
73707475,CGI-N,COA3,compound,gene
73707475,CGI-N,MSH4,compound,gene
73707475,CGI-N,ASB6,compound,gene
73707475,CGI-N,CSRNP2,compound,gene
73707475,CGI-N,NPM3,compound,gene
73707475,CGI-N,GTSE1,compound,gene
73707475,CGI-N,JPH3,compound,gene
73707475,CGI-N,KRT38,compound,gene
73707475,CGI-N,SPTBN5,compound,gene
73707475,CGI-N,ARHGDIB,compound,gene
73707475,CGI-N,EFCAB11,compound,gene
73707475,CGI-N,RPH3A,compound,gene
73707475,CGI-N,MUC6,compound,gene
73707475,CGI-N,ANKRD40,compound,gene
73707475,CGI-N,PLEC,compound,gene
73707475,CGI-N,PLPP2,compound,gene
73707475,CGI-N,NDRG3,compound,gene
73707475,CGI-N,MTHFD2,compound,gene
73707475,CGI-N,TFEC,compound,gene
73707475,CGI-N,CFH,compound,gene
73707475,CGI-N,HSPA2,compound,gene
73707475,CGI-N,SHC1,compound,gene
73707475,CGI-N,FN1,compound,gene
73707475,CGI-N,NSUN5P1,compound,gene
73707475,CGI-N,TFAP2B,compound,gene
73707475,CGI-N,H2AZ2,compound,gene
73707475,CGI-N,AUTS2,compound,gene
73707475,CGI-N,RND1,compound,gene
73707475,CGI-N,EYA4,compound,gene
73707475,CGI-N,CLUL1,compound,gene
73707475,CGI-N,H1-3,compound,gene
73707475,CGI-N,NCR2,compound,gene
73707475,CGI-N,RORC,compound,gene
73707475,CGI-N,ANK1,compound,gene
73707475,CGI-N,PSMB2,compound,gene
73707475,CGI-N,TAOK2,compound,gene
73707475,CGI-N,RADX,compound,gene
73707475,CGI-N,NSMAF,compound,gene
73707475,CGI-N,OR1F2P,compound,gene
73707475,CGI-N,GATAD2A,compound,gene
73707475,CGI-N,GATM,compound,gene
73707475,CGI-N,DDX54,compound,gene
73707475,CGI-N,EML3,compound,gene
73707475,CGI-N,ARF4,compound,gene
73707475,CGI-N,MARCKSL1,compound,gene
73707475,CGI-N,LHX6,compound,gene
73707475,CGI-N,TOM1L2,compound,gene
73707475,CGI-N,SLC22A2,compound,gene
73707475,CGI-N,NLE1,compound,gene
73707475,CGI-N,E2F5,compound,gene
73707475,CGI-N,EIF2B1,compound,gene
73707475,CGI-N,CCDC186,compound,gene
73707475,CGI-N,EFNA3,compound,gene
73707475,CGI-N,REEP2,compound,gene
73707475,CGI-N,AOPEP,compound,gene
73707475,CGI-N,GAPDH,compound,gene
73707475,CGI-N,SLC18A3,compound,gene
73707475,CGI-N,TLR3,compound,gene
73707475,CGI-N,LRRC8E,compound,gene
73707475,CGI-N,PLIN1,compound,gene
73707475,CGI-N,ADAM8,compound,gene
73707475,CGI-N,MRPL20,compound,gene
73707475,CGI-N,DDO,compound,gene
73707475,CGI-N,SCFD1,compound,gene
73707475,CGI-N,KANK3,compound,gene
73707475,CGI-N,ZNF384,compound,gene
73707475,CGI-N,CAB39,compound,gene
73707475,CGI-N,TPTE,compound,gene
73707475,CGI-N,GGA1,compound,gene
73707475,CGI-N,CTBP1,compound,gene
73707475,CGI-N,SLC22A11,compound,gene
73707475,CGI-N,RPAP2,compound,gene
73707475,CGI-N,SYCE1L,compound,gene
73707475,CGI-N,BMS1,compound,gene
73707475,CGI-N,PI3,compound,gene
73707475,CGI-N,LCK,compound,gene
73707475,CGI-N,CCN1,compound,gene
73707475,CGI-N,PPP2R5E,compound,gene
73707475,CGI-N,NSD2,compound,gene
73707475,CGI-N,BASP1,compound,gene
73707475,CGI-N,LARS1,compound,gene
73707475,CGI-N,KRAS,compound,gene
73707475,CGI-N,MMP16,compound,gene
73707475,CGI-N,SLC2A1,compound,gene
73707475,CGI-N,NDRG2,compound,gene
73707475,CGI-N,MSANTD2,compound,gene
73707475,CGI-N,BNIP1,compound,gene
73707475,CGI-N,TTTY15,compound,gene
73707475,CGI-N,COQ10B,compound,gene
73707475,CGI-N,PIWIL2,compound,gene
73707475,CGI-N,CREB3L1,compound,gene
73707475,CGI-N,RELA,compound,gene
73707475,CGI-N,POLR2A,compound,gene
73707475,CGI-N,ITGB7,compound,gene
73707475,CGI-N,NUP107,compound,gene
73707475,CGI-N,MAPK8,compound,gene
73707475,CGI-N,RUFY2,compound,gene
73707475,CGI-N,ABT1,compound,gene
73707475,CGI-N,SEC14L4,compound,gene
73707475,CGI-N,RXFP3,compound,gene
73707475,CGI-N,TEF,compound,gene
73707475,CGI-N,BAHCC1,compound,gene
73707475,CGI-N,LY96,compound,gene
73707475,CGI-N,SOCS5,compound,gene
73707475,CGI-N,SMAD2,compound,gene
73707475,CGI-N,NPTN,compound,gene
73707475,CGI-N,OR51E2,compound,gene
73707475,CGI-N,STK38,compound,gene
73707475,CGI-N,TFE3,compound,gene
73707475,CGI-N,ZFP2,compound,gene
73707475,CGI-N,ERCC3,compound,gene
73707475,CGI-N,FAM13B,compound,gene
73707475,CGI-N,GPR20,compound,gene
73707475,CGI-N,ECT2,compound,gene
73707475,CGI-N,KCNJ2,compound,gene
73707475,CGI-N,GCH1,compound,gene
73707475,CGI-N,PPP2R3C,compound,gene
73707475,CGI-N,ASAP1,compound,gene
73707475,CGI-N,CHAD,compound,gene
73707475,CGI-N,TCTA,compound,gene
73707475,CGI-N,GSDMB,compound,gene
73707475,CGI-N,SETMAR,compound,gene
73707475,CGI-N,MKS1,compound,gene
73707475,CGI-N,SLC7A9,compound,gene
73707475,CGI-N,ATP13A2,compound,gene
73707475,CGI-N,DPY19L1P1,compound,gene
73707475,CGI-N,IFITM2,compound,gene
73707475,CGI-N,RUBCNL,compound,gene
73707475,CGI-N,GNPDA1,compound,gene
73707475,CGI-N,COQ7,compound,gene
73707475,CGI-N,AMFR,compound,gene
73707475,CGI-N,SLC39A8,compound,gene
73707475,CGI-N,ZMYND10,compound,gene
73707475,CGI-N,MC1R,compound,gene
73707475,CGI-N,NARF,compound,gene
73707475,CGI-N,EHBP1L1,compound,gene
73707475,CGI-N,GPX5,compound,gene
73707475,CGI-N,NAA40,compound,gene
73707475,CGI-N,MYO16,compound,gene
73707475,CGI-N,VPS26C,compound,gene
73707475,CGI-N,SPATS2,compound,gene
73707475,CGI-N,TLK1,compound,gene
73707475,CGI-N,UBAP2L,compound,gene
73707475,CGI-N,PINK1,compound,gene
73707475,CGI-N,CDKN1B,compound,gene
73707475,CGI-N,COL1A2,compound,gene
73707475,CGI-N,LAMC3,compound,gene
73707475,CGI-N,SENP5,compound,gene
73707475,CGI-N,GCC1,compound,gene
73707475,CGI-N,LSM8,compound,gene
73707475,CGI-N,CD6,compound,gene
73707475,CGI-N,SLC48A1,compound,gene
73707475,CGI-N,AKR1B10,compound,gene
73707475,CGI-N,HMCES,compound,gene
73707475,CGI-N,INTS1,compound,gene
73707475,CGI-N,GPD1L,compound,gene
73707475,CGI-N,SERPINB13,compound,gene
73707475,CGI-N,HPS5,compound,gene
73707475,CGI-N,TMEM134,compound,gene
73707475,CGI-N,CAMP,compound,gene
73707475,CGI-N,ABCA12,compound,gene
73707475,CGI-N,CHCHD2,compound,gene
73707475,CGI-N,ZNF32,compound,gene
73707475,CGI-N,DUS1L,compound,gene
73707475,CGI-N,THBD,compound,gene
73707475,CGI-N,SLA,compound,gene
73707475,CGI-N,NNT,compound,gene
73707475,CGI-N,DBI,compound,gene
73707475,CGI-N,ZNF419,compound,gene
73707475,CGI-N,TCEAL9,compound,gene
73707475,CGI-N,FGFBP1,compound,gene
73707475,CGI-N,RBM48,compound,gene
73707475,CGI-N,POMGNT1,compound,gene
73707475,CGI-N,GLTP,compound,gene
73707475,CGI-N,CLINT1,compound,gene
73707475,CGI-N,GRB14,compound,gene
73707475,CGI-N,PKDREJ,compound,gene
73707475,CGI-N,PSMA4,compound,gene
73707475,CGI-N,SKIL,compound,gene
73707475,CGI-N,KCNN1,compound,gene
73707475,CGI-N,ZFYVE9,compound,gene
73707475,CGI-N,MITF,compound,gene
73707475,CGI-N,MLN,compound,gene
73707475,CGI-N,KLK13,compound,gene
73707475,CGI-N,PIK3CA,compound,gene
73707475,CGI-N,CPS1,compound,gene
73707475,CGI-N,ABCD1,compound,gene
73707475,CGI-N,TOMM40,compound,gene
73707475,CGI-N,OLFM1,compound,gene
73707475,CGI-N,ROM1,compound,gene
73707475,CGI-N,ZNF93,compound,gene
73707475,CGI-N,PDE3B,compound,gene
73707475,CGI-N,RPL35A,compound,gene
73707475,CGI-N,NAALAD2,compound,gene
73707475,CGI-N,NFE2L2,compound,gene
73707475,CGI-N,CTSC,compound,gene
73707475,CGI-N,GSTP1,compound,gene
73707475,CGI-N,SLC22A18,compound,gene
73707475,CGI-N,NOP53,compound,gene
73707475,CGI-N,MAP2K6,compound,gene
73707475,CGI-N,SMC4,compound,gene
73707475,CGI-N,PRF1,compound,gene
73707475,CGI-N,RHOQ,compound,gene
73707475,CGI-N,NKX3-2,compound,gene
73707475,CGI-N,RAB29,compound,gene
73707475,CGI-N,TFDP2,compound,gene
73707475,CGI-N,SLC17A1,compound,gene
73707475,CGI-N,SLC2A8,compound,gene
73707475,CGI-N,PCYT1B,compound,gene
73707475,CGI-N,FHOD1,compound,gene
73707475,CGI-N,PRM2,compound,gene
73707475,CGI-N,GPR50,compound,gene
73707475,CGI-N,PKP2,compound,gene
73707475,CGI-N,NACAD,compound,gene
73707475,CGI-N,GDF5,compound,gene
73707475,CGI-N,IFITM1,compound,gene
73707475,CGI-N,CTSE,compound,gene
73707475,CGI-N,TRIP6,compound,gene
73707475,CGI-N,ATG14,compound,gene
73707508,CGI-N,POLR2J,compound,gene
73707508,CGI-N,PAFAH1B2,compound,gene
73707508,CGI-N,GPX7,compound,gene
73707508,CGI-N,WDCP,compound,gene
73707508,CGI-N,MCM3AP,compound,gene
73707508,CGI-N,APOBEC3C,compound,gene
73707508,CGI-N,ECPAS,compound,gene
73707508,CGI-N,WASL,compound,gene
73707508,CGI-N,SRRT,compound,gene
73707508,CGI-N,PPRC1,compound,gene
73707508,CGI-N,ATP6V1B1,compound,gene
73707508,CGI-N,CELP,compound,gene
73707508,CGI-N,MC4R,compound,gene
73707508,CGI-N,FMO1,compound,gene
73707508,CGI-N,VSNL1,compound,gene
73707508,CGI-N,SCTR,compound,gene
73707508,CGI-N,ALOX12,compound,gene
73707508,CGI-N,TUBAL3,compound,gene
73707508,CGI-N,GABRA6,compound,gene
73707508,CGI-N,SLC1A7,compound,gene
73707508,CGI-N,IDI2-AS1,compound,gene
73707508,CGI-N,DEPTOR,compound,gene
73707508,CGI-N,TNNI1,compound,gene
73707508,CGI-N,HSD17B12,compound,gene
73707508,CGI-N,DIAPH2,compound,gene
73707508,CGI-N,GABRB1,compound,gene
73707508,CGI-N,INO80B,compound,gene
73707508,CGI-N,CYP2C19,compound,gene
73707508,CGI-N,PPT2,compound,gene
73707508,CGI-N,ORAI2,compound,gene
73707508,CGI-N,CSNK1E,compound,gene
73707508,CGI-N,MATR3,compound,gene
73707508,CGI-N,HGH1,compound,gene
73707508,CGI-N,PROCR,compound,gene
73707508,CGI-N,POLA1,compound,gene
73707508,CGI-N,ZNF81,compound,gene
73707508,CGI-N,PRPF31,compound,gene
73707508,CGI-N,SMYD3,compound,gene
73707508,CGI-N,MYH6,compound,gene
73707508,CGI-N,BCL2L10,compound,gene
73707508,CGI-N,RUSF1,compound,gene
73707508,CGI-N,CCL1,compound,gene
73707508,CGI-N,CASKIN2,compound,gene
73707508,CGI-N,CD300A,compound,gene
73707508,CGI-N,CLEC11A,compound,gene
73707508,CGI-N,GLUL,compound,gene
73707508,CGI-N,PLIN2,compound,gene
73707508,CGI-N,PCDHB3,compound,gene
73707508,CGI-N,FTL,compound,gene
73707508,CGI-N,DCAF16,compound,gene
73707508,CGI-N,ITPRID2,compound,gene
73707508,CGI-N,UCP1,compound,gene
73707508,CGI-N,RHOBTB2,compound,gene
73707508,CGI-N,MEX3D,compound,gene
73707508,CGI-N,CHD7,compound,gene
73707508,CGI-N,HMGCS1,compound,gene
73707508,CGI-N,SF3A2,compound,gene
73707508,CGI-N,DRD3,compound,gene
73707508,CGI-N,TFB2M,compound,gene
73707508,CGI-N,JMJD7,compound,gene
73707508,CGI-N,SENP2,compound,gene
73707508,CGI-N,RTN1,compound,gene
73707508,CGI-N,TMEM39A,compound,gene
73707508,CGI-N,IQCG,compound,gene
73707508,CGI-N,ACAP1,compound,gene
73707508,CGI-N,LGSN,compound,gene
73707508,CGI-N,TMEM134,compound,gene
73707508,CGI-N,PKP2,compound,gene
73707508,CGI-N,USP4,compound,gene
73707508,CGI-N,MCUB,compound,gene
73707508,CGI-N,NHLRC2,compound,gene
73707508,CGI-N,KLK6,compound,gene
73707508,CGI-N,ITGAM,compound,gene
73707508,CGI-N,RBM12B,compound,gene
73707508,CGI-N,TCIM,compound,gene
73707508,CGI-N,NCL,compound,gene
73707508,CGI-N,KLHL35,compound,gene
73707508,CGI-N,COBLL1,compound,gene
73707508,CGI-N,SEC24B,compound,gene
73707508,CGI-N,WNT5B,compound,gene
73707508,CGI-N,CACNG3,compound,gene
73707508,CGI-N,SST,compound,gene
73707508,CGI-N,CD27,compound,gene
73707508,CGI-N,LPO,compound,gene
73707508,CGI-N,MMP8,compound,gene
73707508,CGI-N,MACIR,compound,gene
73707508,CGI-N,DNAAF2,compound,gene
73707508,CGI-N,FBXO34,compound,gene
73707508,CGI-N,BEND5,compound,gene
73707508,CGI-N,PIK3R2,compound,gene
73707508,CGI-N,IFT25,compound,gene
73707508,CGI-N,ZNF696,compound,gene
73707508,CGI-N,KCTD3,compound,gene
73707508,CGI-N,PON2,compound,gene
73707508,CGI-N,AK1,compound,gene
73707508,CGI-N,RNF167,compound,gene
73707508,CGI-N,CLEC7A,compound,gene
73707508,CGI-N,DENND5B,compound,gene
73707508,CGI-N,PPY2P,compound,gene
73707508,CGI-N,LRRC75B,compound,gene
73707508,CGI-N,RMND1,compound,gene
73707508,CGI-N,CTRB2,compound,gene
73707508,CGI-N,RTL8A,compound,gene
73707508,CGI-N,TOE1,compound,gene
73707508,CGI-N,TBX1,compound,gene
73707508,CGI-N,SOD1,compound,gene
73707508,CGI-N,ELMO2,compound,gene
73707508,CGI-N,CCL19,compound,gene
73707508,CGI-N,GAB2,compound,gene
73707508,CGI-N,ATG4B,compound,gene
73707508,CGI-N,AGPAT5,compound,gene
73707508,CGI-N,MSL1,compound,gene
73707508,CGI-N,CEMIP2,compound,gene
73707508,CGI-N,SDHAF1,compound,gene
73707508,CGI-N,XYLT1,compound,gene
73707508,CGI-N,TUBA3D,compound,gene
73707508,CGI-N,TRAPPC14,compound,gene
73707508,CGI-N,LCMT2,compound,gene
73707508,CGI-N,PCSK1,compound,gene
73707508,CGI-N,USP9Y,compound,gene
73707508,CGI-N,GARS1,compound,gene
73707508,CGI-N,GBX2,compound,gene
73707508,CGI-N,IRF6,compound,gene
73707508,CGI-N,FOXM1,compound,gene
73707508,CGI-N,CDK5RAP1,compound,gene
73707508,CGI-N,RPL23A,compound,gene
73707508,CGI-N,TSPAN4,compound,gene
73707508,CGI-N,SULT1A1,compound,gene
73707508,CGI-N,DDX1,compound,gene
73707508,CGI-N,MYO7A,compound,gene
73707508,CGI-N,RFPL1S,compound,gene
73707508,CGI-N,FGF5,compound,gene
73707508,CGI-N,TAF15,compound,gene
73707508,CGI-N,BDKRB1,compound,gene
73707508,CGI-N,DCK,compound,gene
73707508,CGI-N,RFPL2,compound,gene
73707508,CGI-N,QRSL1,compound,gene
73707508,CGI-N,POU4F1,compound,gene
73707508,CGI-N,PDE4D,compound,gene
73707508,CGI-N,CNGA3,compound,gene
73707508,CGI-N,AIF1,compound,gene
73707508,CGI-N,PRKCSH,compound,gene
73707508,CGI-N,ZDHHC4,compound,gene
73707508,CGI-N,EIF4G3,compound,gene
73707508,CGI-N,RPS14P3,compound,gene
73707508,CGI-N,TMPRSS11D,compound,gene
73707508,CGI-N,PLXND1,compound,gene
73707508,CGI-N,CNOT1,compound,gene
73707508,CGI-N,MICALL2,compound,gene
73707508,CGI-N,DDC,compound,gene
73707508,CGI-N,QDPR,compound,gene
73707508,CGI-N,MOS,compound,gene
73707508,CGI-N,CCNT2,compound,gene
73707508,CGI-N,CD72,compound,gene
73707508,CGI-N,VSIG4,compound,gene
73707508,CGI-N,RIMS1,compound,gene
73707508,CGI-N,PPP1R3C,compound,gene
73707508,CGI-N,NCAPG2,compound,gene
73707508,CGI-N,GLRX3,compound,gene
73707508,CGI-N,COL4A1,compound,gene
73707508,CGI-N,TMEM260,compound,gene
73707508,CGI-N,ZNHIT6,compound,gene
73707508,CGI-N,APLNR,compound,gene
73707508,CGI-N,DHCR7,compound,gene
73707508,CGI-N,CYP26A1,compound,gene
73707508,CGI-N,TRIM52,compound,gene
73707508,CGI-N,UBP1,compound,gene
73707508,CGI-N,RPLP0,compound,gene
73707508,CGI-N,MAN2B1,compound,gene
73707508,CGI-N,TLR3,compound,gene
73707508,CGI-N,KLC2,compound,gene
73707508,CGI-N,CDX4,compound,gene
73707508,CGI-N,NUDT9,compound,gene
73707508,CGI-N,PLEKHO2,compound,gene
73707508,CGI-N,TUBGCP2,compound,gene
73707508,CGI-N,ASB6,compound,gene
73707508,CGI-N,GSDMD,compound,gene
73707508,CGI-N,UTP11,compound,gene
73707508,CGI-N,ATG12,compound,gene
73707508,CGI-N,TNFRSF25,compound,gene
73707508,CGI-N,RAB11FIP5,compound,gene
73707508,CGI-N,ISG20L2,compound,gene
73707508,CGI-N,HSPA4,compound,gene
73707508,CGI-N,ZFYVE26,compound,gene
73707508,CGI-N,POU4F2,compound,gene
73707508,CGI-N,CHST8,compound,gene
73707508,CGI-N,UAP1,compound,gene
73707508,CGI-N,SPCS1,compound,gene
73707508,CGI-N,SPCS3,compound,gene
73707508,CGI-N,F13A1,compound,gene
73707508,CGI-N,H2BC21,compound,gene
73707508,CGI-N,SLC26A2,compound,gene
73707508,CGI-N,CHST2,compound,gene
73707508,CGI-N,NDOR1,compound,gene
73707508,CGI-N,ARMCX6,compound,gene
73707508,CGI-N,NDFIP1,compound,gene
73707508,CGI-N,CLEC2D,compound,gene
73707508,CGI-N,ZNF16,compound,gene
73707508,CGI-N,LZTR1,compound,gene
73707508,CGI-N,RAB40AL,compound,gene
73707508,CGI-N,FAM107A,compound,gene
73707508,CGI-N,COMT,compound,gene
73707508,CGI-N,EPB41,compound,gene
73707508,CGI-N,ZNF93,compound,gene
73707508,CGI-N,CDS2,compound,gene
73707508,CGI-N,ALDH4A1,compound,gene
73707508,CGI-N,SEC14L4,compound,gene
73707508,CGI-N,IRF4,compound,gene
73707508,CGI-N,CYP2A6,compound,gene
73707508,CGI-N,WNT8B,compound,gene
73707508,CGI-N,ABCA6,compound,gene
73707508,CGI-N,CXCL1,compound,gene
73707508,CGI-N,SCD,compound,gene
73707508,CGI-N,RND3,compound,gene
73707508,CGI-N,USE1,compound,gene
73707508,CGI-N,PTGFR,compound,gene
73707508,CGI-N,NFKB1,compound,gene
73707508,CGI-N,PUM2,compound,gene
73707508,CGI-N,HDHD3,compound,gene
73707508,CGI-N,DKK1,compound,gene
73707508,CGI-N,PLGRKT,compound,gene
73707508,CGI-N,ZBTB6,compound,gene
73707508,CGI-N,GREB1L,compound,gene
73707508,CGI-N,NRL,compound,gene
73707508,CGI-N,TRPS1,compound,gene
73707508,CGI-N,IFI44L,compound,gene
73707508,CGI-N,RNF186,compound,gene
73707508,CGI-N,FOXN3-AS2,compound,gene
73707508,CGI-N,HLA-DMB,compound,gene
73707508,CGI-N,FCHSD2,compound,gene
73707508,CGI-N,KIF26B,compound,gene
73707508,CGI-N,OSBPL1A,compound,gene
73707508,CGI-N,TMCC2,compound,gene
73707508,CGI-N,ZNF688,compound,gene
73707508,CGI-N,TESK2,compound,gene
73707508,CGI-N,PRKAR1B,compound,gene
73707508,CGI-N,TTF1,compound,gene
73707508,CGI-N,DAPK1,compound,gene
73707508,CGI-N,DYNC1I2,compound,gene
73707508,CGI-N,GRAP,compound,gene
73707508,CGI-N,AP2M1,compound,gene
73707508,CGI-N,SCIN,compound,gene
73707508,CGI-N,THUMPD1,compound,gene
73707508,CGI-N,SEMA6A,compound,gene
73707508,CGI-N,ZNF234,compound,gene
73707508,CGI-N,CALCOCO2,compound,gene
73707508,CGI-N,IL32,compound,gene
73707508,CGI-N,TCF20,compound,gene
73707508,CGI-N,CMTR1,compound,gene
73707508,CGI-N,MLPH,compound,gene
73707508,CGI-N,TRMT1,compound,gene
73707508,CGI-N,PPP1R8,compound,gene
73707508,CGI-N,TNFAIP2,compound,gene
73707508,CGI-N,CCNA2,compound,gene
73707508,CGI-N,IL1RN,compound,gene
73707508,CGI-N,KCNN3,compound,gene
73707508,CGI-N,MMP17,compound,gene
73707508,CGI-N,TFAP4,compound,gene
73707508,CGI-N,PDIA4,compound,gene
73707508,CGI-N,SCN4A,compound,gene
73707508,CGI-N,GRK2,compound,gene
73707508,CGI-N,MCC,compound,gene
73707508,CGI-N,MRTO4,compound,gene
73707508,CGI-N,ABCC5,compound,gene
73707508,CGI-N,ATP4B,compound,gene
73707508,CGI-N,CYP11B2,compound,gene
73707508,CGI-N,SDK2,compound,gene
73707508,CGI-N,PSG9,compound,gene
73707508,CGI-N,ILVBL,compound,gene
73707508,CGI-N,NOC4L,compound,gene
73707508,CGI-N,ARMCX2,compound,gene
73707508,CGI-N,DMPK,compound,gene
73707508,CGI-N,RSL24D1,compound,gene
73707508,CGI-N,CLPS,compound,gene
73707508,CGI-N,CSDE1,compound,gene
73707508,CGI-N,KCNA5,compound,gene
73707508,CGI-N,RNF216,compound,gene
73707508,CGI-N,PNKP,compound,gene
73707508,CGI-N,MNAT1,compound,gene
73707508,CGI-N,UGCG,compound,gene
73707508,CGI-N,ADGRF1,compound,gene
73707508,CGI-N,UPF1,compound,gene
73707508,CGI-N,TP53TG1,compound,gene
73707508,CGI-N,MOSPD2,compound,gene
73707508,CGI-N,SSX2IP,compound,gene
73707508,CGI-N,IPO8,compound,gene
73707508,CGI-N,ARHGEF11,compound,gene
73707508,CGI-N,ZNF8,compound,gene
73707508,CGI-N,SKP2,compound,gene
73707508,CGI-N,ZNF174,compound,gene
73707508,CGI-N,RAC2,compound,gene
73707508,CGI-N,LITAF,compound,gene
73707508,CGI-N,BDH1,compound,gene
73707508,CGI-N,NTSR2,compound,gene
73707508,CGI-N,SEPTIN9,compound,gene
73707508,CGI-N,MRPS2,compound,gene
73707508,CGI-N,MLLT10,compound,gene
73707508,CGI-N,APOBEC3F,compound,gene
73707508,CGI-N,CDCP1,compound,gene
73707508,CGI-N,CRYBG1,compound,gene
73707508,CGI-N,GIMAP5,compound,gene
73707508,CGI-N,UBXN4,compound,gene
73707508,CGI-N,RNASEH2B,compound,gene
73707508,CGI-N,ADGRE2,compound,gene
73707508,CGI-N,JARID2,compound,gene
73707508,CGI-N,TRIM45,compound,gene
73707508,CGI-N,PRKAB1,compound,gene
73707508,CGI-N,COL6A1,compound,gene
73707508,CGI-N,NIPAL3,compound,gene
73707508,CGI-N,DNMT3L,compound,gene
73707508,CGI-N,TRMT112,compound,gene
73707508,CGI-N,HYDIN,compound,gene
73707508,CGI-N,ACAA1,compound,gene
73707508,CGI-N,MLLT3,compound,gene
73707508,CGI-N,NDN,compound,gene
73707508,CGI-N,GLMN,compound,gene
73707508,CGI-N,NXT2,compound,gene
73707508,CGI-N,MPV17,compound,gene
73707508,CGI-N,EML2,compound,gene
73707508,CGI-N,NFKB2,compound,gene
73707508,CGI-N,MX2,compound,gene
73707508,CGI-N,SP2,compound,gene
73707508,CGI-N,RAD54B,compound,gene
73707508,CGI-N,TACC1,compound,gene
73707508,CGI-N,TTLL7,compound,gene
73707508,CGI-N,RNF24,compound,gene
73707508,CGI-N,RIF1,compound,gene
73707508,CGI-N,OFD1,compound,gene
73707508,CGI-N,OR2W1,compound,gene
73707508,CGI-N,FOXD1,compound,gene
73707508,CGI-N,CCZ1B,compound,gene
73707508,CGI-N,ZNF276,compound,gene
73707508,CGI-N,WWP1,compound,gene
73707508,CGI-N,PRKCA,compound,gene
73707508,CGI-N,PNPLA2,compound,gene
73707508,CGI-N,KCNG1,compound,gene
73707508,CGI-N,ME3,compound,gene
73707508,CGI-N,TCFL5,compound,gene
73707508,CGI-N,FGF4,compound,gene
73707508,CGI-N,NDUFA5,compound,gene
73707508,CGI-N,LGI2,compound,gene
73707508,CGI-N,CALB1,compound,gene
73707508,CGI-N,KRT2,compound,gene
73707508,CGI-N,FOSL1,compound,gene
73707508,CGI-N,BFSP1,compound,gene
73707508,CGI-N,AQP7,compound,gene
73707508,CGI-N,GMPR,compound,gene
73707508,CGI-N,S100A6,compound,gene
73707508,CGI-N,CUX2,compound,gene
73707508,CGI-N,CYP17A1,compound,gene
73707508,CGI-N,BCAS3,compound,gene
73707508,CGI-N,HLA-DRB1,compound,gene
73707508,CGI-N,TRIM14,compound,gene
73707508,CGI-N,TIMM17A,compound,gene
73707508,CGI-N,PGM5,compound,gene
73707508,CGI-N,CHD5,compound,gene
73707508,CGI-N,ZSWIM8,compound,gene
73707508,CGI-N,CACNA1B,compound,gene
73707508,CGI-N,ACO1,compound,gene
73707508,CGI-N,PF4V1,compound,gene
73707508,CGI-N,ACADL,compound,gene
73707508,CGI-N,PRORP,compound,gene
73707508,CGI-N,DYNLT3,compound,gene
73707508,CGI-N,HAUS5,compound,gene
73707508,CGI-N,TOR1A,compound,gene
73707508,CGI-N,TM9SF4,compound,gene
73707508,CGI-N,GMFB,compound,gene
73707508,CGI-N,LZTS1,compound,gene
73707508,CGI-N,COX7B,compound,gene
73707508,CGI-N,NFRKB,compound,gene
73707508,CGI-N,MORF4L2,compound,gene
73707508,CGI-N,CENPF,compound,gene
73707508,CGI-N,MYO3A,compound,gene
73707508,CGI-N,SEC22A,compound,gene
73707508,CGI-N,DCHS2,compound,gene
73707508,CGI-N,NBAS,compound,gene
73707508,CGI-N,RCC1,compound,gene
73707508,CGI-N,MED31,compound,gene
73707508,CGI-N,POGZ,compound,gene
73707508,CGI-N,ANKRD12,compound,gene
73707508,CGI-N,PSD4,compound,gene
73707508,CGI-N,TNFSF8,compound,gene
73707508,CGI-N,PRPF39,compound,gene
73707508,CGI-N,XBP1,compound,gene
73707508,CGI-N,GATAD1,compound,gene
73707508,CGI-N,SYT17,compound,gene
73707508,CGI-N,MTCH1,compound,gene
73707508,CGI-N,KRT33A,compound,gene
73707508,CGI-N,PRKCZ,compound,gene
73707508,CGI-N,DELE1,compound,gene
73707508,CGI-N,VDAC2,compound,gene
73707508,CGI-N,AP2A2,compound,gene
73707508,CGI-N,TET3,compound,gene
73707508,CGI-N,SMARCD1,compound,gene
73707508,CGI-N,SIRT4,compound,gene
73707508,CGI-N,SCAF11,compound,gene
73707508,CGI-N,IMPACT,compound,gene
73707508,CGI-N,PIAS3,compound,gene
73707508,CGI-N,NARS1,compound,gene
73707508,CGI-N,MFNG,compound,gene
8567,CGI-N,PENK,compound,gene
8567,CGI-N,TBX2,compound,gene
8567,CGI-N,PNPLA3,compound,gene
8567,CGI-N,ALCAM,compound,gene
8567,CGI-N,BCL9,compound,gene
8567,CGI-N,CHST1,compound,gene
8567,CGI-N,MAD2L1BP,compound,gene
8567,CGI-N,CD160,compound,gene
8567,CGI-N,SYNDIG1,compound,gene
8567,CGI-N,PLXDC1,compound,gene
8567,CGI-N,RASGRP3,compound,gene
8567,CGI-N,PODXL2,compound,gene
8567,CGI-N,BUB1B,compound,gene
8567,CGI-N,FAM168A,compound,gene
8567,CGI-N,ACTN1,compound,gene
8567,CGI-N,CFAP44,compound,gene
8567,CGI-N,CCR2,compound,gene
8567,CGI-N,HERPUD1,compound,gene
8567,CGI-N,PSEN2,compound,gene
8567,CGI-N,TMPO,compound,gene
8567,CGI-N,CHMP1A,compound,gene
8567,CGI-N,MLST8,compound,gene
8567,CGI-N,AKAP9,compound,gene
8567,CGI-N,TSGA10,compound,gene
8567,CGI-N,PTPN18,compound,gene
8567,CGI-N,C1QL1,compound,gene
8567,CGI-N,RPS21,compound,gene
8567,CGI-N,AVP,compound,gene
8567,CGI-N,CCDC121,compound,gene
8567,CGI-N,EP300,compound,gene
8567,CGI-N,FZD3,compound,gene
8567,CGI-N,PDE8B,compound,gene
8567,CGI-N,ABCB6,compound,gene
8567,CGI-N,ZBED1,compound,gene
8567,CGI-N,POLR1D,compound,gene
8567,CGI-N,MOGAT2,compound,gene
8567,CGI-N,TCN2,compound,gene
8567,CGI-N,HAL,compound,gene
8567,CGI-N,STAG1,compound,gene
8567,CGI-N,UBE2K,compound,gene
8567,CGI-N,AGBL5,compound,gene
8567,CGI-N,PLXNC1,compound,gene
8567,CGI-N,HOXC6,compound,gene
8567,CGI-N,MT2A,compound,gene
8567,CGI-N,ZFYVE21,compound,gene
8567,CGI-N,MID1IP1,compound,gene
8567,CGI-N,JADE3,compound,gene
8567,CGI-N,TSKU,compound,gene
8567,CGI-N,CCNG1,compound,gene
8567,CGI-N,HOXC11,compound,gene
8567,CGI-N,CDH13,compound,gene
8567,CGI-N,FUBP1,compound,gene
8567,CGI-N,C1GALT1C1,compound,gene
8567,CGI-N,RAB40A,compound,gene
8567,CGI-N,ALOXE3,compound,gene
8567,CGI-N,P2RY1,compound,gene
8567,CGI-N,DPYSL2,compound,gene
8567,CGI-N,PRR5,compound,gene
8567,CGI-N,HESX1,compound,gene
8567,CGI-N,SYNE2,compound,gene
8567,CGI-N,MT1F,compound,gene
8567,CGI-N,SPRY4,compound,gene
8567,CGI-N,NDST4,compound,gene
8567,CGI-N,MED15,compound,gene
8567,CGI-N,BPY2,compound,gene
8567,CGI-N,SSX2IP,compound,gene
8567,CGI-N,ATP1B4,compound,gene
8567,CGI-N,MMP27,compound,gene
8567,CGI-N,BCKDK,compound,gene
8567,CGI-N,TAGLN2,compound,gene
8567,CGI-N,CASP2,compound,gene
8567,CGI-N,LTN1,compound,gene
8567,CGI-N,PDCD2,compound,gene
8567,CGI-N,IRGC,compound,gene
8567,CGI-N,COMMD4,compound,gene
8567,CGI-N,ADRB1,compound,gene
8567,CGI-N,GPX4,compound,gene
8567,CGI-N,UCHL1,compound,gene
8567,CGI-N,ITCH,compound,gene
8567,CGI-N,ZFC3H1,compound,gene
8567,CGI-N,DBNDD1,compound,gene
8567,CGI-N,RAD54L2,compound,gene
8567,CGI-N,RAB17,compound,gene
8567,CGI-N,LIN7C,compound,gene
8567,CGI-N,VSIG4,compound,gene
8567,CGI-N,SCCPDH,compound,gene
8567,CGI-N,C1GALT1,compound,gene
8567,CGI-N,NFU1,compound,gene
8567,CGI-N,MPC1,compound,gene
8567,CGI-N,NUDT7,compound,gene
8567,CGI-N,ETS2,compound,gene
8567,CGI-N,ASB4,compound,gene
8567,CGI-N,KLF9,compound,gene
8567,CGI-N,MMP13,compound,gene
8567,CGI-N,XPO4,compound,gene
8567,CGI-N,APBB1IP,compound,gene
8567,CGI-N,EDC4,compound,gene
8567,CGI-N,PPOX,compound,gene
8567,CGI-N,UTP25,compound,gene
8567,CGI-N,CHTOP,compound,gene
8567,CGI-N,KIRREL1,compound,gene
8567,CGI-N,TMT1A,compound,gene
8567,CGI-N,HOXB7,compound,gene
8567,CGI-N,ATP5MG,compound,gene
8567,CGI-N,LANCL1,compound,gene
8567,CGI-N,NECTIN3,compound,gene
8567,CGI-N,ADRA2B,compound,gene
8567,CGI-N,LGR5,compound,gene
8567,CGI-N,GCM1,compound,gene
8567,CGI-N,RPL3,compound,gene
8567,CGI-N,CDK13,compound,gene
8567,CGI-N,ETNK2,compound,gene
8567,CGI-N,EIF1B,compound,gene
8567,CGI-N,NR6A1,compound,gene
8567,CGI-N,CDH9,compound,gene
8567,CGI-N,HOPX,compound,gene
8567,CGI-N,IL1A,compound,gene
8567,CGI-N,RPSA,compound,gene
8567,CGI-N,DECR1,compound,gene
8567,CGI-N,PAPOLG,compound,gene
8567,CGI-N,SERPINA7,compound,gene
8567,CGI-N,AKAP8,compound,gene
8567,CGI-N,PABPC4,compound,gene
8567,CGI-N,MLLT10,compound,gene
8567,CGI-N,GAD2,compound,gene
8567,CGI-N,POPDC2,compound,gene
8567,CGI-N,KLF3,compound,gene
8567,CGI-N,NR2C2,compound,gene
8567,CGI-N,GPALPP1,compound,gene
8567,CGI-N,RNF41,compound,gene
8567,CGI-N,MTMR7,compound,gene
8567,CGI-N,ARFGAP3,compound,gene
8567,CGI-N,APPL2,compound,gene
8567,CGI-N,ZNF667,compound,gene
8567,CGI-N,CREB3,compound,gene
8567,CGI-N,RPL15,compound,gene
8567,CGI-N,SERPINB5,compound,gene
8567,CGI-N,NMRK2,compound,gene
8567,CGI-N,VEGFA,compound,gene
8567,CGI-N,MYO19,compound,gene
8567,CGI-N,ZNF155,compound,gene
8567,CGI-N,KIR3DL3,compound,gene
8567,CGI-N,CHIA,compound,gene
8567,CGI-N,PSMD6,compound,gene
8567,CGI-N,SLC6A14,compound,gene
8567,CGI-N,RYR2,compound,gene
8567,CGI-N,MX2,compound,gene
8567,CGI-N,PSME1,compound,gene
8567,CGI-N,TJP3,compound,gene
8567,CGI-N,NEDD4,compound,gene
8567,CGI-N,GCGR,compound,gene
8567,CGI-N,LAMB1,compound,gene
8567,CGI-N,HSP90AB1,compound,gene
8567,CGI-N,BAZ2A,compound,gene
8567,CGI-N,FXYD6,compound,gene
8567,CGI-N,C1orf50,compound,gene
8567,CGI-N,CCNJ,compound,gene
8567,CGI-N,PLEKHA2,compound,gene
8567,CGI-N,IGSF1,compound,gene
8567,CGI-N,GJC1,compound,gene
8567,CGI-N,PIK3R2,compound,gene
8567,CGI-N,MYL12B,compound,gene
8567,CGI-N,NAALAD2,compound,gene
8567,CGI-N,IFNA2,compound,gene
8567,CGI-N,POLR2J,compound,gene
8567,CGI-N,ARNT,compound,gene
8567,CGI-N,CD93,compound,gene
8567,CGI-N,NUDT11,compound,gene
8567,CGI-N,DUSP4,compound,gene
8567,CGI-N,RLN1,compound,gene
8567,CGI-N,OGG1,compound,gene
8567,CGI-N,MAIP1,compound,gene
8567,CGI-N,SHMT1,compound,gene
8567,CGI-N,AP5S1,compound,gene
8567,CGI-N,TRHR,compound,gene
8567,CGI-N,CACNB3,compound,gene
8567,CGI-N,JUNB,compound,gene
8567,CGI-N,TAF2,compound,gene
8567,CGI-N,S100P,compound,gene
8567,CGI-N,EXD2,compound,gene
8567,CGI-N,ZBTB39,compound,gene
8567,CGI-N,ADAM15,compound,gene
8567,CGI-N,MRPS31,compound,gene
8567,CGI-N,NCK1,compound,gene
8567,CGI-N,ANKRD40CL,compound,gene
8567,CGI-N,HTR1A,compound,gene
8567,CGI-N,PTPRE,compound,gene
8567,CGI-N,PSMD9,compound,gene
8567,CGI-N,NTF3,compound,gene
8567,CGI-N,NCAPD2,compound,gene
8567,CGI-N,IKZF1,compound,gene
8567,CGI-N,NFS1,compound,gene
8567,CGI-N,OR1A2,compound,gene
8567,CGI-N,MYL6B,compound,gene
8567,CGI-N,P4HA1,compound,gene
8567,CGI-N,BATF,compound,gene
8567,CGI-N,SAC3D1,compound,gene
8567,CGI-N,GSTM4,compound,gene
8567,CGI-N,CBX3,compound,gene
8567,CGI-N,MAST1,compound,gene
8567,CGI-N,NACA2,compound,gene
8567,CGI-N,OSBPL2,compound,gene
8567,CGI-N,ACOXL,compound,gene
8567,CGI-N,CENPQ,compound,gene
8567,CGI-N,IFIT5,compound,gene
8567,CGI-N,SAP30BP,compound,gene
8567,CGI-N,H1-10,compound,gene
8567,CGI-N,FOXL1,compound,gene
8567,CGI-N,MITF,compound,gene
8567,CGI-N,PDE6C,compound,gene
8567,CGI-N,NDUFA3,compound,gene
8567,CGI-N,PLBD1,compound,gene
8567,CGI-N,UFM1,compound,gene
8567,CGI-N,LCP2,compound,gene
8567,CGI-N,EPB41L1,compound,gene
8567,CGI-N,ODF1,compound,gene
8567,CGI-N,HPF1,compound,gene
8567,CGI-N,OMG,compound,gene
8567,CGI-N,RAMP1,compound,gene
8567,CGI-N,HLA-DQB1,compound,gene
8567,CGI-N,TRMT1,compound,gene
8567,CGI-N,PHF14,compound,gene
8567,CGI-N,IFI16,compound,gene
8567,CGI-N,CCNK,compound,gene
8567,CGI-N,DYNC1LI1,compound,gene
8567,CGI-N,ZNF473,compound,gene
8567,CGI-N,ASTN2,compound,gene
8567,CGI-N,PLLP,compound,gene
8567,CGI-N,C10orf88,compound,gene
8567,CGI-N,DYNC1LI2,compound,gene
8567,CGI-N,ENTPD4,compound,gene
8567,CGI-N,SERPINE2,compound,gene
8567,CGI-N,ATAD5,compound,gene
8567,CGI-N,ZNF862,compound,gene
8567,CGI-N,ZNF442,compound,gene
8567,CGI-N,TIPIN,compound,gene
8567,CGI-N,RAD21L1,compound,gene
8567,CGI-N,RHOBTB2,compound,gene
8567,CGI-N,UBXN6,compound,gene
8567,CGI-N,CRTC3,compound,gene
8567,CGI-N,POM121L9P,compound,gene
8567,CGI-N,FER,compound,gene
8567,CGI-N,ESD,compound,gene
8567,CGI-N,FGF12,compound,gene
8567,CGI-N,TIMM22,compound,gene
8567,CGI-N,TBCD,compound,gene
8567,CGI-N,SFRP4,compound,gene
8567,CGI-N,PEX2,compound,gene
8567,CGI-N,PITPNC1,compound,gene
8567,CGI-N,SH3GLB2,compound,gene
8567,CGI-N,RIC8B,compound,gene
8567,CGI-N,CAP2,compound,gene
8567,CGI-N,TRAF3IP2,compound,gene
8567,CGI-N,MON2,compound,gene
8567,CGI-N,MAP6D1,compound,gene
8567,CGI-N,FAT4,compound,gene
8567,CGI-N,SDHB,compound,gene
8567,CGI-N,SPON2,compound,gene
8567,CGI-N,NEK7,compound,gene
8567,CGI-N,CNIH4,compound,gene
8567,CGI-N,SGSM3,compound,gene
8567,CGI-N,HAO1,compound,gene
8567,CGI-N,ANXA7,compound,gene
8567,CGI-N,PPP4R4,compound,gene
8567,CGI-N,FBXO40,compound,gene
8567,CGI-N,RAD51D,compound,gene
8567,CGI-N,PTGIR,compound,gene
8567,CGI-N,C1QBP,compound,gene
8567,CGI-N,ARHGEF18,compound,gene
8567,CGI-N,OR2S2,compound,gene
8567,CGI-N,PIGF,compound,gene
8567,CGI-N,TM2D3,compound,gene
8567,CGI-N,HHAT,compound,gene
8567,CGI-N,SLC25A5,compound,gene
8567,CGI-N,KIR2DL1,compound,gene
8567,CGI-N,LGMN,compound,gene
8567,CGI-N,CDC20,compound,gene
8567,CGI-N,TUBB4B,compound,gene
8567,CGI-N,WDR37,compound,gene
8567,CGI-N,LUM,compound,gene
8567,CGI-N,SCN10A,compound,gene
8567,CGI-N,IFNA10,compound,gene
8567,CGI-N,PPP2R3B,compound,gene
8567,CGI-N,GAS8-AS1,compound,gene
8567,CGI-N,LRRC1,compound,gene
8567,CGI-N,ADD3,compound,gene
8567,CGI-N,PRND,compound,gene
8567,CGI-N,SORT1,compound,gene
8567,CGI-N,APOC3,compound,gene
8567,CGI-N,TTLL5,compound,gene
8567,CGI-N,ABCB8,compound,gene
8567,CGI-N,NCR2,compound,gene
8567,CGI-N,INPP4B,compound,gene
8567,CGI-N,PAPPA2,compound,gene
8567,CGI-N,CLP1,compound,gene
8567,CGI-N,ANKEF1,compound,gene
8567,CGI-N,DOLPP1,compound,gene
8567,CGI-N,LMTK2,compound,gene
8567,CGI-N,ABCC5,compound,gene
8567,CGI-N,CRYAB,compound,gene
8567,CGI-N,GLIPR1,compound,gene
8567,CGI-N,SAP18,compound,gene
8567,CGI-N,FBN1,compound,gene
8567,CGI-N,RARRES1,compound,gene
8567,CGI-N,ASAP2,compound,gene
8567,CGI-N,CCDC7,compound,gene
8567,CGI-N,KCNK15,compound,gene
8567,CGI-N,HECTD3,compound,gene
8567,CGI-N,RAMP2,compound,gene
8567,CGI-N,FAM3C,compound,gene
8567,CGI-N,TBC1D13,compound,gene
8567,CGI-N,GSE1,compound,gene
8567,CGI-N,ZNF165,compound,gene
8567,CGI-N,DACT1,compound,gene
8567,CGI-N,MYL1,compound,gene
8567,CGI-N,TDRKH,compound,gene
8567,CGI-N,HSD17B10,compound,gene
8567,CGI-N,TMEM223,compound,gene
8567,CGI-N,ADK,compound,gene
8567,CGI-N,RELA,compound,gene
8567,CGI-N,GDF11,compound,gene
8567,CGI-N,EEA1,compound,gene
8567,CGI-N,RPL23AP32,compound,gene
8567,CGI-N,METTL2B,compound,gene
8567,CGI-N,MARK2,compound,gene
8567,CGI-N,RBFOX2,compound,gene
8567,CGI-N,TENT5A,compound,gene
8567,CGI-N,DNAJB14,compound,gene
8567,CGI-N,RPS10,compound,gene
8567,CGI-N,CSTF2T,compound,gene
8567,CGI-N,LMOD1,compound,gene
8567,CGI-N,MLNR,compound,gene
8567,CGI-N,SLC16A1,compound,gene
8567,CGI-N,MEP1A,compound,gene
8567,CGI-N,MMP8,compound,gene
8567,CGI-N,UBAP1,compound,gene
8567,CGI-N,SLC12A7,compound,gene
8567,CGI-N,SNAP23,compound,gene
8567,CGI-N,YWHAZ,compound,gene
8567,CGI-N,RYR1,compound,gene
8567,CGI-N,VASH2,compound,gene
8567,CGI-N,MEX3C,compound,gene
8567,CGI-N,NUP153,compound,gene
8567,CGI-N,C4BPA,compound,gene
8567,CGI-N,SEL1L3,compound,gene
8567,CGI-N,C9orf78,compound,gene
8567,CGI-N,ETV4,compound,gene
8567,CGI-N,CLDN6,compound,gene
8567,CGI-N,VENTX,compound,gene
8567,CGI-N,CCL13,compound,gene
8567,CGI-N,DLEU1,compound,gene
8567,CGI-N,WDTC1,compound,gene
8567,CGI-N,PMS2P5,compound,gene
8567,CGI-N,AMIGO2,compound,gene
8567,CGI-N,CHRNB3,compound,gene
8567,CGI-N,NME7,compound,gene
8567,CGI-N,POLR3G,compound,gene
8567,CGI-N,SBF1,compound,gene
8567,CGI-N,CREBL2,compound,gene
8567,CGI-N,SRSF11,compound,gene
8567,CGI-N,TGFB3,compound,gene
8567,CGI-N,SLFN12,compound,gene
8567,CGI-N,TRAPPC12,compound,gene
8567,CGI-N,RETREG1,compound,gene
8567,CGI-N,UBQLN2,compound,gene
8567,CGI-N,CEACAM1,compound,gene
8567,CGI-N,MED27,compound,gene
8567,CGI-N,H2BC11,compound,gene
8567,CGI-N,GSPT1,compound,gene
8567,CGI-N,ECPAS,compound,gene
8567,CGI-N,PDE12,compound,gene
8567,CGI-N,ZNF224,compound,gene
8567,CGI-N,ADGRE2,compound,gene
8567,CGI-N,TAS2R9,compound,gene
8567,CGI-N,GAPDHS,compound,gene
8567,CGI-N,CACNA1D,compound,gene
8567,CGI-N,IFNA17,compound,gene
8567,CGI-N,SCARB1,compound,gene
8567,CGI-N,ACP3,compound,gene
8567,CGI-N,RPS26,compound,gene
8567,CGI-N,RNF144A,compound,gene
8567,CGI-N,ARIH2,compound,gene
8567,CGI-N,DHX16,compound,gene
8567,CGI-N,JHY,compound,gene
8567,CGI-N,CD1C,compound,gene
8567,CGI-N,GMPR,compound,gene
8567,CGI-N,ATP13A1,compound,gene
8567,CGI-N,IDO1,compound,gene
8567,CGI-N,AMBP,compound,gene
8567,CGI-N,XPC,compound,gene
8567,CGI-N,PDE4DIP,compound,gene
8567,CGI-N,RIPK4,compound,gene
8567,CGI-N,NDRG2,compound,gene
8567,CGI-N,LMO3,compound,gene
8567,CGI-N,POU4F2,compound,gene
8567,CGI-N,RBPMS,compound,gene
8567,CGI-N,VENTXP1,compound,gene
8567,CGI-N,RNASEH2A,compound,gene
8567,CGI-N,PACRG,compound,gene
8567,CGI-N,HDAC7,compound,gene
