head,relation,tail,head_type,tail_type,label
10040286,CPI,Q9NRA0,compound,protein,0
10050129,CPI,Q92769,compound,protein,0
10071196,CPI,P28223,compound,protein,1
10071196,CPI,Q99720,compound,protein,1
10074640,CPI,O14757,compound,protein,1
10074640,CPI,O14920,compound,protein,1
10074640,CPI,O75716,compound,protein,1
10074640,CPI,P21127,compound,protein,1
10074640,CPI,P53671,compound,protein,1
10074640,CPI,Q16832,compound,protein,1
10074640,CPI,Q6PHR2,compound,protein,1
10074640,CPI,Q8IU85,compound,protein,1
10074640,CPI,Q96GD4,compound,protein,1
10074640,CPI,Q9NYL2,compound,protein,1
10074640,CPI,Q9UQ88,compound,protein,1
10074640,CPI,Q9UQM7,compound,protein,1
10074640,CPI,P47898,compound,protein,0
10074640,CPI,Q9NUW8,compound,protein,0
10074640,CPI,P54803,compound,protein,0
10074640,CPI,P15428,compound,protein,0
10074640,CPI,Q06710,compound,protein,0
10074640,CPI,P08913,compound,protein,0
10074640,CPI,P08684,compound,protein,0
10074640,CPI,P49798,compound,protein,0
10074640,CPI,P31645,compound,protein,0
10074640,CPI,P35368,compound,protein,0
10074640,CPI,O75874,compound,protein,0
10074640,CPI,P22732,compound,protein,0
10074640,CPI,Q8NI99,compound,protein,0
10074640,CPI,C9JH25,compound,protein,0
10074640,CPI,Q8NEL9,compound,protein,0
10074640,CPI,Q8NH09,compound,protein,0
10074640,CPI,Q8NH59,compound,protein,0
10074640,CPI,Q8NC51,compound,protein,0
10074640,CPI,Q5JU69,compound,protein,0
10074640,CPI,Q6KCM7,compound,protein,0
10074640,CPI,Q9UKK6,compound,protein,0
10077147,CPI,Q06710,compound,protein,0
10090485,CPI,O95819,compound,protein,1
10090485,CPI,Q9UKE5,compound,protein,1
10090485,CPI,P05177,compound,protein,0
10096344,CPI,Q12884,compound,protein,1
10096344,CPI,P11712,compound,protein,0
10109823,CPI,P17252,compound,protein,1
10109823,CPI,P49137,compound,protein,1
10109823,CPI,Q969P6,compound,protein,0
10113978,CPI,O14976,compound,protein,1
10113978,CPI,O15197,compound,protein,1
10113978,CPI,O94921,compound,protein,1
10113978,CPI,P19784,compound,protein,1
10113978,CPI,P24941,compound,protein,1
10113978,CPI,P29376,compound,protein,1
10113978,CPI,P30291,compound,protein,1
10113978,CPI,P32298,compound,protein,1
10113978,CPI,P37173,compound,protein,1
10113978,CPI,P43405,compound,protein,1
10113978,CPI,P46734,compound,protein,1
10113978,CPI,P49840,compound,protein,1
10113978,CPI,Q00536,compound,protein,1
10113978,CPI,Q06187,compound,protein,1
10113978,CPI,Q13164,compound,protein,1
10113978,CPI,Q86YV6,compound,protein,1
10113978,CPI,Q9C098,compound,protein,1
10113978,CPI,Q9P1W9,compound,protein,1
10113978,CPI,Q9UF33,compound,protein,1
10113978,CPI,Q9UQQ2,compound,protein,1
10113978,CPI,Q9Y2K2,compound,protein,1
10113978,CPI,P43220,compound,protein,0
10113978,CPI,P28222,compound,protein,0
10113978,CPI,P04150,compound,protein,0
10113978,CPI,P37288,compound,protein,0
10113978,CPI,P28335,compound,protein,0
10113978,CPI,P41595,compound,protein,0
10113978,CPI,Q9BS34,compound,protein,0
10113978,CPI,O00463,compound,protein,0
10113978,CPI,Q12860,compound,protein,0
10113978,CPI,Q5H9L2,compound,protein,0
10113978,CPI,Q15435,compound,protein,0
10113978,CPI,Q9NZH6,compound,protein,0
10113978,CPI,Q93052,compound,protein,0
10113978,CPI,Q96MF2,compound,protein,0
10113978,CPI,O43593,compound,protein,0
10113978,CPI,Q96G46,compound,protein,0
10113978,CPI,Q9Y342,compound,protein,0
10113978,CPI,O00217,compound,protein,0
10127622,CPI,O00329,compound,protein,1
10127622,CPI,O00506,compound,protein,1
10127622,CPI,O14578,compound,protein,1
10127622,CPI,O15111,compound,protein,1
10127622,CPI,O43353,compound,protein,1
10127622,CPI,O60285,compound,protein,1
10127622,CPI,P23443,compound,protein,1
10127622,CPI,P27448,compound,protein,1
10127622,CPI,P48736,compound,protein,1
10127622,CPI,P50613,compound,protein,1
10127622,CPI,Q08881,compound,protein,1
10127622,CPI,Q86V86,compound,protein,1
10127622,CPI,Q8IVW4,compound,protein,1
10127622,CPI,Q8IY84,compound,protein,1
10127622,CPI,Q96PY6,compound,protein,1
10127622,CPI,Q9P1W9,compound,protein,1
10127622,CPI,Q9UL54,compound,protein,1
10127622,CPI,Q16236,compound,protein,0
10127622,CPI,P83916,compound,protein,0
10127622,CPI,Q86XP6,compound,protein,0
10127622,CPI,Q9Y2U9,compound,protein,0
10127622,CPI,Q7Z7N9,compound,protein,0
10127622,CPI,Q8NHP7,compound,protein,0
10127622,CPI,P20592,compound,protein,0
10127622,CPI,Q8WXC3,compound,protein,0
10127622,CPI,Q5JST6,compound,protein,0
10127622,CPI,P48382,compound,protein,0
10127622,CPI,Q96PJ5,compound,protein,0
10127622,CPI,P11230,compound,protein,0
10127622,CPI,Q5VYS4,compound,protein,0
10127622,CPI,A7MBM2,compound,protein,0
10127622,CPI,Q9BYJ0,compound,protein,0
10127622,CPI,Q9NQ29,compound,protein,0
10127622,CPI,Q5VWP2,compound,protein,0
10127622,CPI,Q5JTD0,compound,protein,0
10133,CPI,P49336,compound,protein,0
10154,CPI,Q9UL54,compound,protein,0
10168,CPI,P49759,compound,protein,0
10172943,CPI,P31751,compound,protein,1
10172943,CPI,Q9Y6R4,compound,protein,0
10173949,CPI,P11362,compound,protein,1
10173949,CPI,P35916,compound,protein,1
10173949,CPI,P36888,compound,protein,1
10173949,CPI,Q16832,compound,protein,1
10184653,CPI,O95382,compound,protein,1
10184653,CPI,P00519,compound,protein,1
10184653,CPI,P08581,compound,protein,1
10184653,CPI,P08922,compound,protein,1
10184653,CPI,P21802,compound,protein,1
10184653,CPI,P42338,compound,protein,1
10184653,CPI,P42679,compound,protein,1
10184653,CPI,P42680,compound,protein,1
10184653,CPI,P45985,compound,protein,1
10184653,CPI,P48729,compound,protein,1
10184653,CPI,P49759,compound,protein,1
10184653,CPI,P52564,compound,protein,1
10184653,CPI,Q00536,compound,protein,1
10184653,CPI,Q12852,compound,protein,1
10184653,CPI,Q13237,compound,protein,1
10184653,CPI,Q15349,compound,protein,1
10184653,CPI,Q15759,compound,protein,1
10184653,CPI,Q8NE63,compound,protein,1
10184653,CPI,Q8TD08,compound,protein,1
10184653,CPI,Q96NX5,compound,protein,1
10184653,CPI,Q9NRM7,compound,protein,1
10184653,CPI,Q9Y5S2,compound,protein,1
10184653,CPI,Q9Y616,compound,protein,1
10184653,CPI,Q16665,compound,protein,0
10184653,CPI,P10275,compound,protein,0
10184653,CPI,P46063,compound,protein,0
10184653,CPI,P20226,compound,protein,0
10184653,CPI,Q4V9L6,compound,protein,0
10184653,CPI,Q9Y250,compound,protein,0
10184653,CPI,P35908,compound,protein,0
10184653,CPI,Q5SZL2,compound,protein,0
10184653,CPI,P82912,compound,protein,0
10184653,CPI,P10412,compound,protein,0
10184653,CPI,Q8N349,compound,protein,0
10184653,CPI,Q9NX04,compound,protein,0
10184653,CPI,Q9HAV5,compound,protein,0
10184653,CPI,O60220,compound,protein,0
10184653,CPI,Q7Z6R9,compound,protein,0
10184653,CPI,Q8WXF1,compound,protein,0
10196499,CPI,P31751,compound,protein,1
10200390,CPI,P05129,compound,protein,1
10200390,CPI,P07949,compound,protein,1
10200390,CPI,P29317,compound,protein,1
10200390,CPI,P36888,compound,protein,1
10200390,CPI,Q13554,compound,protein,1
10200390,CPI,Q14680,compound,protein,1
10200390,CPI,Q96FL8,compound,protein,0
10200390,CPI,P07550,compound,protein,0
10200390,CPI,P21554,compound,protein,0
10200390,CPI,Q8N568,compound,protein,0
10200390,CPI,Q08499,compound,protein,0
10201696,CPI,P43235,compound,protein,1
10202642,CPI,P01137,compound,protein,1
10205,CPI,Q9NUW8,compound,protein,1
10205,CPI,Q96SW2,compound,protein,0
10205,CPI,Q9NR19,compound,protein,0
10219,CPI,O95819,compound,protein,0
10223146,CPI,O95977,compound,protein,1
10252734,CPI,P05177,compound,protein,0
10252734,CPI,P34969,compound,protein,0
102614,CPI,P00390,compound,protein,1
102614,CPI,Q12851,compound,protein,0
10275789,CPI,P49761,compound,protein,1
10275789,CPI,P11309,compound,protein,0
10291556,CPI,Q9NUW8,compound,protein,1
10296883,CPI,O75116,compound,protein,1
10296883,CPI,P06239,compound,protein,1
10296883,CPI,P17948,compound,protein,1
10296883,CPI,P29317,compound,protein,1
10296883,CPI,P51817,compound,protein,1
10296883,CPI,P53667,compound,protein,1
10296883,CPI,Q13188,compound,protein,1
10296883,CPI,Q9H2G2,compound,protein,1
10296883,CPI,Q9UHD2,compound,protein,1
10296883,CPI,Q9UQM7,compound,protein,1
10296883,CPI,Q9Y243,compound,protein,1
10296883,CPI,P21917,compound,protein,0
10296883,CPI,P42345,compound,protein,0
10296883,CPI,O43193,compound,protein,0
10296883,CPI,P14416,compound,protein,0
10296883,CPI,P0DMS8,compound,protein,0
10296883,CPI,Q6TCH7,compound,protein,0
10296883,CPI,Q9H8X9,compound,protein,0
10296883,CPI,Q6PCB5,compound,protein,0
10296883,CPI,Q9H7F0,compound,protein,0
10296883,CPI,Q6L9T8,compound,protein,0
10296883,CPI,O43310,compound,protein,0
10296883,CPI,Q9Y5K6,compound,protein,0
10296883,CPI,Q9Y644,compound,protein,0
10302451,CPI,P49841,compound,protein,1
10302451,CPI,Q99640,compound,protein,1
10302451,CPI,Q9Y572,compound,protein,1
10302451,CPI,P51817,compound,protein,0
10302451,CPI,O75469,compound,protein,0
10302451,CPI,P31645,compound,protein,0
10302451,CPI,Q14012,compound,protein,0
10302451,CPI,P10635,compound,protein,0
10313,CPI,P54803,compound,protein,1
10341154,CPI,P54132,compound,protein,0
10357822,CPI,P22694,compound,protein,0
10365,CPI,P41229,compound,protein,1
10365,CPI,Q9C0B1,compound,protein,1
10365,CPI,O75716,compound,protein,0
10366136,CPI,O94804,compound,protein,1
10366136,CPI,P16083,compound,protein,1
10366136,CPI,P27448,compound,protein,1
10366136,CPI,Q16512,compound,protein,1
10366136,CPI,Q9Y4K4,compound,protein,1
10366136,CPI,P05177,compound,protein,0
10410894,CPI,P10826,compound,protein,1
10427712,CPI,O14936,compound,protein,1
10427712,CPI,O15111,compound,protein,1
10427712,CPI,P12931,compound,protein,1
10427712,CPI,P30530,compound,protein,1
10427712,CPI,P35968,compound,protein,1
10427712,CPI,P49760,compound,protein,1
10427712,CPI,P53671,compound,protein,1
10427712,CPI,P54762,compound,protein,1
10427712,CPI,Q02750,compound,protein,1
10427712,CPI,Q12851,compound,protein,1
10427712,CPI,Q13554,compound,protein,1
10427712,CPI,Q16539,compound,protein,1
10427712,CPI,Q16620,compound,protein,1
10427712,CPI,Q99755,compound,protein,1
10427712,CPI,Q9H4B4,compound,protein,1
10427712,CPI,Q9Y6R4,compound,protein,1
10427712,CPI,P12821,compound,protein,0
10427712,CPI,O00305,compound,protein,0
10427712,CPI,P78527,compound,protein,0
10427712,CPI,P05164,compound,protein,0
10427712,CPI,O00418,compound,protein,0
10427712,CPI,P34903,compound,protein,0
10427712,CPI,P55789,compound,protein,0
10427712,CPI,Q03431,compound,protein,0
10427712,CPI,Q04206,compound,protein,0
10427712,CPI,O15439,compound,protein,0
10427712,CPI,P39748,compound,protein,0
10427712,CPI,P10415,compound,protein,0
10427712,CPI,P09917,compound,protein,0
10427712,CPI,P22748,compound,protein,0
10430360,CPI,P48729,compound,protein,1
10430360,CPI,Q9Y463,compound,protein,1
10430360,CPI,P10721,compound,protein,0
10437018,CPI,P21554,compound,protein,0
1046,CPI,Q03181,compound,protein,1
1046,CPI,O15438,compound,protein,0
1046,CPI,O14764,compound,protein,0
10461508,CPI,Q5BJF2,compound,protein,0
10461815,CPI,O00444,compound,protein,1
10461815,CPI,O15530,compound,protein,1
10461815,CPI,P11309,compound,protein,1
10461815,CPI,P15056,compound,protein,1
10461815,CPI,P17948,compound,protein,1
10461815,CPI,P29597,compound,protein,1
10461815,CPI,P31152,compound,protein,1
10461815,CPI,P35916,compound,protein,1
10461815,CPI,P51812,compound,protein,1
10461815,CPI,P51817,compound,protein,1
10461815,CPI,P57078,compound,protein,1
10461815,CPI,P78362,compound,protein,1
10461815,CPI,Q09013,compound,protein,1
10461815,CPI,Q13164,compound,protein,1
10461815,CPI,Q9UQB9,compound,protein,1
10461815,CPI,P19793,compound,protein,0
10461815,CPI,O60341,compound,protein,0
10461815,CPI,P54619,compound,protein,0
10461815,CPI,P18089,compound,protein,0
10461815,CPI,P08172,compound,protein,0
10461815,CPI,Q9NPD5,compound,protein,0
10461815,CPI,Q9UBS5,compound,protein,0
10461815,CPI,Q16236,compound,protein,0
10461815,CPI,P02768,compound,protein,0
10461815,CPI,Q8N1C3,compound,protein,0
10461815,CPI,P33261,compound,protein,0
10461815,CPI,P14867,compound,protein,0
10461815,CPI,P10145,compound,protein,0
10461815,CPI,P57682,compound,protein,0
10461815,CPI,Q96FT7,compound,protein,0
10461815,CPI,Q9BSK1,compound,protein,0
10479060,CPI,O75173,compound,protein,0
104845,CPI,Q9UBS5,compound,protein,1
104850,CPI,P07550,compound,protein,1
104850,CPI,P11712,compound,protein,1
104850,CPI,P28223,compound,protein,1
104850,CPI,Q99700,compound,protein,0
104850,CPI,O94921,compound,protein,0
104850,CPI,Q06418,compound,protein,0
104858,CPI,Q13464,compound,protein,0
105078,CPI,P48169,compound,protein,1
1054,CPI,O00764,compound,protein,1
10607,CPI,P51843,compound,protein,1
10607,CPI,Q96QE3,compound,protein,1
10607,CPI,P32298,compound,protein,0
10621,CPI,Q9NPA1,compound,protein,0
10660,CPI,P05177,compound,protein,1
10660,CPI,P10635,compound,protein,1
10660,CPI,Q96GD4,compound,protein,0
10660,CPI,P06401,compound,protein,0
10668211,CPI,P28223,compound,protein,1
1075698,CPI,P51452,compound,protein,1
1075698,CPI,Q07002,compound,protein,0
1075698,CPI,P41743,compound,protein,0
10767,CPI,P14618,compound,protein,0
10767,CPI,Q9UBN7,compound,protein,0
107715,CPI,P07550,compound,protein,1
107715,CPI,P18089,compound,protein,1
107715,CPI,P21918,compound,protein,1
107715,CPI,P28335,compound,protein,1
107715,CPI,P34969,compound,protein,1
107715,CPI,P19838,compound,protein,0
107715,CPI,Q96SB4,compound,protein,0
107751,CPI,O15439,compound,protein,0
107780,CPI,Q13164,compound,protein,0
107780,CPI,P21554,compound,protein,0
107780,CPI,P50750,compound,protein,0
107950,CPI,P49798,compound,protein,1
107970,CPI,P45985,compound,protein,0
107982,CPI,P12931,compound,protein,0
107985,CPI,Q04206,compound,protein,1
107992,CPI,P28335,compound,protein,1
107992,CPI,P04637,compound,protein,0
108029,CPI,Q14289,compound,protein,0
108092,CPI,P36888,compound,protein,0
108137,CPI,P05177,compound,protein,1
108137,CPI,P08684,compound,protein,1
108137,CPI,P43220,compound,protein,0
108143,CPI,P10826,compound,protein,1
108143,CPI,P11229,compound,protein,1
10831,CPI,P20309,compound,protein,1
10831,CPI,P25021,compound,protein,1
10831,CPI,P49137,compound,protein,0
10831,CPI,Q05397,compound,protein,0
10831,CPI,P27695,compound,protein,0
1088438,CPI,P10145,compound,protein,1
1088438,CPI,P10253,compound,protein,1
1092458,CPI,Q14957,compound,protein,0
10947895,CPI,P28222,compound,protein,1
10947895,CPI,P35367,compound,protein,1
10947895,CPI,P50406,compound,protein,1
10947895,CPI,O75460,compound,protein,0
10947895,CPI,Q07002,compound,protein,0
10947895,CPI,P51956,compound,protein,0
1102,CPI,P00918,compound,protein,1
1102,CPI,P07550,compound,protein,1
1102,CPI,P08588,compound,protein,1
1102,CPI,P43166,compound,protein,1
1102,CPI,P11388,compound,protein,0
110634,CPI,O76074,compound,protein,1
110634,CPI,P00533,compound,protein,0
110634,CPI,Q00536,compound,protein,0
110635,CPI,P08908,compound,protein,1
110635,CPI,P27815,compound,protein,1
110635,CPI,P43681,compound,protein,1
11152667,CPI,P00533,compound,protein,1
11152667,CPI,P06239,compound,protein,1
11152667,CPI,Q16513,compound,protein,1
11152667,CPI,Q96L34,compound,protein,1
11152667,CPI,Q9NWZ3,compound,protein,1
11152667,CPI,Q9UK32,compound,protein,1
11152667,CPI,Q9UKE5,compound,protein,1
11152667,CPI,Q92847,compound,protein,0
11152667,CPI,P35462,compound,protein,0
11152667,CPI,P41143,compound,protein,0
11152667,CPI,P84022,compound,protein,0
11152667,CPI,P02545,compound,protein,0
11152667,CPI,P32245,compound,protein,0
11152667,CPI,Q08499,compound,protein,0
11152667,CPI,Q9NUW8,compound,protein,0
11152667,CPI,P28223,compound,protein,0
11152667,CPI,P21728,compound,protein,0
11167602,CPI,P15056,compound,protein,1
11167602,CPI,P29317,compound,protein,1
11167602,CPI,P18089,compound,protein,0
11167602,CPI,P25021,compound,protein,0
11175137,CPI,Q9H2G2,compound,protein,0
1118253,CPI,P28222,compound,protein,0
11213558,CPI,O00311,compound,protein,1
11213558,CPI,O14936,compound,protein,1
11213558,CPI,O95382,compound,protein,1
11213558,CPI,P06493,compound,protein,1
11213558,CPI,P10721,compound,protein,1
11213558,CPI,P27361,compound,protein,1
11213558,CPI,P50613,compound,protein,1
11213558,CPI,P78362,compound,protein,1
11213558,CPI,Q15208,compound,protein,1
11213558,CPI,Q16539,compound,protein,1
11213558,CPI,Q86UX6,compound,protein,1
11213558,CPI,Q8TBX8,compound,protein,1
11213558,CPI,Q96L34,compound,protein,1
11213558,CPI,Q9BX84,compound,protein,1
11213558,CPI,Q9UEE5,compound,protein,1
11213558,CPI,Q9Y4K4,compound,protein,1
11213558,CPI,P47898,compound,protein,0
11213558,CPI,Q8IUX4,compound,protein,0
11213558,CPI,P48039,compound,protein,0
11213558,CPI,P10253,compound,protein,0
11213558,CPI,Q99250,compound,protein,0
11213558,CPI,Q9UN88,compound,protein,0
11213558,CPI,Q9H4B7,compound,protein,0
11213558,CPI,P54803,compound,protein,0
11213558,CPI,Q4U2R8,compound,protein,0
11213558,CPI,O76074,compound,protein,0
11213558,CPI,P30939,compound,protein,0
11213558,CPI,P18507,compound,protein,0
11213558,CPI,O15379,compound,protein,0
11213558,CPI,P28335,compound,protein,0
11213558,CPI,P41145,compound,protein,0
11213558,CPI,P51449,compound,protein,0
11213558,CPI,A2PYH4,compound,protein,0
11213558,CPI,Q8IYI8,compound,protein,0
11213558,CPI,Q8ND94,compound,protein,0
11214940,CPI,Q16539,compound,protein,0
11219195,CPI,P43220,compound,protein,1
11228183,CPI,P11388,compound,protein,0
11234052,CPI,O00506,compound,protein,1
11234052,CPI,O43353,compound,protein,1
11234052,CPI,P21127,compound,protein,1
11234052,CPI,P29323,compound,protein,1
11234052,CPI,P48730,compound,protein,1
11234052,CPI,P51813,compound,protein,1
11234052,CPI,P57078,compound,protein,1
11234052,CPI,P80192,compound,protein,1
11234052,CPI,Q08881,compound,protein,1
11234052,CPI,Q13627,compound,protein,1
11234052,CPI,Q7RTN6,compound,protein,1
11234052,CPI,Q8IW41,compound,protein,1
11234052,CPI,Q8NE63,compound,protein,1
11234052,CPI,Q96Q40,compound,protein,1
11234052,CPI,Q9H093,compound,protein,1
11234052,CPI,Q9H0K1,compound,protein,1
11234052,CPI,Q9NWZ3,compound,protein,1
11234052,CPI,Q9UF33,compound,protein,1
11234052,CPI,Q9UKI8,compound,protein,1
11234052,CPI,Q9UL54,compound,protein,1
11234052,CPI,Q9UQM7,compound,protein,1
11234052,CPI,Q9Y2H1,compound,protein,1
11234052,CPI,O43193,compound,protein,0
11234052,CPI,P49798,compound,protein,0
11234052,CPI,P08912,compound,protein,0
11234052,CPI,P04062,compound,protein,0
11234052,CPI,P02545,compound,protein,0
11234052,CPI,P15428,compound,protein,0
11234052,CPI,Q8IVP5,compound,protein,0
11234052,CPI,P11908,compound,protein,0
11234052,CPI,O95727,compound,protein,0
11234052,CPI,Q8N9N5,compound,protein,0
11234052,CPI,Q96CF2,compound,protein,0
11234052,CPI,H9XFA1,compound,protein,0
11234052,CPI,Q9UBB9,compound,protein,0
11234052,CPI,Q6P0A1,compound,protein,0
11234052,CPI,P12544,compound,protein,0
11234052,CPI,P78369,compound,protein,0
11234052,CPI,Q8TCU4,compound,protein,0
11234052,CPI,P51826,compound,protein,0
11234052,CPI,Q96SF7,compound,protein,0
11234052,CPI,P29017,compound,protein,0
11234052,CPI,Q14558,compound,protein,0
11234052,CPI,P01562,compound,protein,0
11234052,CPI,O15120,compound,protein,0
11234052,CPI,Q8N5M1,compound,protein,0
11234052,CPI,Q96KP4,compound,protein,0
11256587,CPI,P10635,compound,protein,1
11256587,CPI,Q9UF33,compound,protein,0
1126109,CPI,Q96QE3,compound,protein,1
1126109,CPI,Q9Y463,compound,protein,0
1126109,CPI,O95180,compound,protein,0
11289,CPI,Q9BZL6,compound,protein,0
1130,CPI,P00918,compound,protein,1
11302540,CPI,P21802,compound,protein,0
11304743,CPI,Q12809,compound,protein,1
11317348,CPI,P00533,compound,protein,1
11326715,CPI,P10275,compound,protein,1
11327430,CPI,Q58F21,compound,protein,1
11327430,CPI,O43497,compound,protein,0
11360300,CPI,P27487,compound,protein,1
11387409,CPI,Q07343,compound,protein,1
11387409,CPI,Q08499,compound,protein,1
1140587,CPI,O75496,compound,protein,1
11427553,CPI,O14936,compound,protein,1
11427553,CPI,O75914,compound,protein,1
11427553,CPI,P09769,compound,protein,1
11427553,CPI,P16234,compound,protein,1
11427553,CPI,P17948,compound,protein,1
11427553,CPI,P29317,compound,protein,1
11427553,CPI,P48730,compound,protein,1
11427553,CPI,P54764,compound,protein,1
11427553,CPI,P57059,compound,protein,1
11427553,CPI,P80370,compound,protein,1
11427553,CPI,Q05655,compound,protein,1
11427553,CPI,Q07002,compound,protein,1
11427553,CPI,Q12851,compound,protein,1
11427553,CPI,Q86YV6,compound,protein,1
11427553,CPI,Q8IVW4,compound,protein,1
11427553,CPI,Q8TDR2,compound,protein,1
11427553,CPI,Q96L34,compound,protein,1
11427553,CPI,Q9NY57,compound,protein,1
11427553,CPI,Q9UPE1,compound,protein,1
11427553,CPI,Q9Y2H1,compound,protein,1
11427553,CPI,P18825,compound,protein,0
11427553,CPI,P21554,compound,protein,0
11427553,CPI,P49798,compound,protein,0
11427553,CPI,E0CX11,compound,protein,0
11427553,CPI,O60248,compound,protein,0
11427553,CPI,Q6PI77,compound,protein,0
11427553,CPI,Q8NH53,compound,protein,0
11427553,CPI,P60606,compound,protein,0
11427553,CPI,Q9NUN7,compound,protein,0
11427553,CPI,Q96LW1,compound,protein,0
11427553,CPI,Q9BVV6,compound,protein,0
11427553,CPI,Q9H7F4,compound,protein,0
11427553,CPI,Q9Y234,compound,protein,0
11427553,CPI,Q9BXB7,compound,protein,0
11427553,CPI,Q9NXS3,compound,protein,0
11427553,CPI,Q9BPX7,compound,protein,0
11427553,CPI,P48230,compound,protein,0
11427553,CPI,O14654,compound,protein,0
11434515,CPI,P20309,compound,protein,1
11436477,CPI,P20839,compound,protein,1
11442891,CPI,O14965,compound,protein,1
11442891,CPI,P06241,compound,protein,1
11442891,CPI,Q06187,compound,protein,1
11442891,CPI,Q13164,compound,protein,1
11442891,CPI,Q92918,compound,protein,1
11442891,CPI,Q9Y5N1,compound,protein,0
11442891,CPI,P29320,compound,protein,0
11442891,CPI,O43293,compound,protein,0
11442891,CPI,Q9UBT6,compound,protein,0
11450633,CPI,P08908,compound,protein,1
11450633,CPI,P23975,compound,protein,1
11450633,CPI,P36507,compound,protein,0
11450633,CPI,O60674,compound,protein,0
11476171,CPI,O14965,compound,protein,1
11476171,CPI,P22455,compound,protein,1
11476171,CPI,P49137,compound,protein,1
11476171,CPI,P0DMS8,compound,protein,0
11485656,CPI,O15264,compound,protein,1
11485656,CPI,P07947,compound,protein,1
11485656,CPI,P07948,compound,protein,1
11485656,CPI,P15735,compound,protein,1
11485656,CPI,P29320,compound,protein,1
11485656,CPI,P42685,compound,protein,1
11485656,CPI,P45983,compound,protein,1
11485656,CPI,P49674,compound,protein,1
11485656,CPI,P54646,compound,protein,1
11485656,CPI,Q16288,compound,protein,1
11485656,CPI,Q59H18,compound,protein,1
11485656,CPI,Q86Y07,compound,protein,1
11485656,CPI,Q8N4C8,compound,protein,1
11485656,CPI,Q9H2G2,compound,protein,1
11485656,CPI,Q9HCP0,compound,protein,1
11485656,CPI,Q9UEW8,compound,protein,1
11485656,CPI,Q9UPZ9,compound,protein,1
11485656,CPI,P18054,compound,protein,0
11485656,CPI,Q9NR56,compound,protein,0
11485656,CPI,P28223,compound,protein,0
11485656,CPI,O15439,compound,protein,0
11485656,CPI,Q9Y6L6,compound,protein,0
11485656,CPI,P49798,compound,protein,0
11485656,CPI,P06746,compound,protein,0
11485656,CPI,Q13216,compound,protein,0
11485656,CPI,Q6NXR0,compound,protein,0
11485656,CPI,H0YL14,compound,protein,0
11485656,CPI,P30954,compound,protein,0
11485656,CPI,Q92609,compound,protein,0
11485656,CPI,Q5VUB5,compound,protein,0
11485656,CPI,Q9BRV3,compound,protein,0
11485656,CPI,Q96JG8,compound,protein,0
11485656,CPI,Q9Y6X9,compound,protein,0
11485656,CPI,Q9Y5V0,compound,protein,0
11488320,CPI,P04626,compound,protein,1
11488320,CPI,P29323,compound,protein,1
11488320,CPI,P54756,compound,protein,1
11493598,CPI,P10721,compound,protein,0
11497983,CPI,P08922,compound,protein,1
11497983,CPI,P11309,compound,protein,1
11497983,CPI,P17948,compound,protein,1
11497983,CPI,Q07912,compound,protein,1
11497983,CPI,Q96L34,compound,protein,1
11497983,CPI,P04818,compound,protein,0
11497983,CPI,P17787,compound,protein,0
11497983,CPI,Q15835,compound,protein,0
11497983,CPI,P0DP23,compound,protein,0
11497983,CPI,P35498,compound,protein,0
11497983,CPI,Q9UBN7,compound,protein,0
11497983,CPI,O00408,compound,protein,0
11502243,CPI,P45452,compound,protein,0
11524144,CPI,Q13131,compound,protein,1
11524144,CPI,Q9BUB5,compound,protein,1
115368,CPI,P14416,compound,protein,1
11538455,CPI,O00329,compound,protein,1
11538455,CPI,Q9UBN7,compound,protein,1
11556711,CPI,P78417,compound,protein,1
11556711,CPI,P30411,compound,protein,0
11561674,CPI,O00337,compound,protein,0
11581936,CPI,O15075,compound,protein,0
11595431,CPI,P34995,compound,protein,1
11595431,CPI,P35408,compound,protein,1
11595431,CPI,Q16236,compound,protein,0
11597537,CPI,P45984,compound,protein,1
11597537,CPI,P28472,compound,protein,0
11598628,CPI,Q8IY84,compound,protein,0
11617559,CPI,O14578,compound,protein,1
11617559,CPI,P00519,compound,protein,1
11617559,CPI,P08922,compound,protein,1
11617559,CPI,P29317,compound,protein,1
11617559,CPI,P31749,compound,protein,1
11617559,CPI,P34947,compound,protein,1
11617559,CPI,P42338,compound,protein,1
11617559,CPI,P42684,compound,protein,1
11617559,CPI,P49137,compound,protein,1
11617559,CPI,P78356,compound,protein,1
11617559,CPI,Q02763,compound,protein,1
11617559,CPI,Q13153,compound,protein,1
11617559,CPI,Q13177,compound,protein,1
11617559,CPI,Q13555,compound,protein,1
11617559,CPI,Q14680,compound,protein,1
11617559,CPI,Q16513,compound,protein,1
11617559,CPI,Q8TDR2,compound,protein,1
11617559,CPI,Q96D53,compound,protein,1
11617559,CPI,Q9H2X6,compound,protein,1
11617559,CPI,Q9UBE8,compound,protein,1
11617559,CPI,P00491,compound,protein,0
11617559,CPI,P14207,compound,protein,0
11617559,CPI,P62955,compound,protein,0
11617559,CPI,Q15878,compound,protein,0
11617559,CPI,P32418,compound,protein,0
11617559,CPI,P07900,compound,protein,0
11617559,CPI,O60488,compound,protein,0
11617559,CPI,Q15822,compound,protein,0
11617559,CPI,Q8NEB9,compound,protein,0
11617559,CPI,O14727,compound,protein,0
11617559,CPI,Q71U36,compound,protein,0
11617559,CPI,Q92887,compound,protein,0
11617559,CPI,P61088,compound,protein,0
11617559,CPI,P51589,compound,protein,0
11617559,CPI,P21964,compound,protein,0
11617559,CPI,P05164,compound,protein,0
11617559,CPI,O76074,compound,protein,0
11617559,CPI,P51857,compound,protein,0
11620908,CPI,P10721,compound,protein,1
11622909,CPI,P27695,compound,protein,0
11625818,CPI,Q15303,compound,protein,0
11626560,CPI,O60674,compound,protein,1
11626560,CPI,P11802,compound,protein,1
11626560,CPI,P20794,compound,protein,1
11626560,CPI,P28482,compound,protein,1
11626560,CPI,P30291,compound,protein,1
11626560,CPI,P41743,compound,protein,1
11626560,CPI,P43403,compound,protein,1
11626560,CPI,P51957,compound,protein,1
11626560,CPI,P53671,compound,protein,1
11626560,CPI,Q01959,compound,protein,1
11626560,CPI,Q02779,compound,protein,1
11626560,CPI,Q07912,compound,protein,1
11626560,CPI,Q08345,compound,protein,1
11626560,CPI,Q12852,compound,protein,1
11626560,CPI,Q16539,compound,protein,1
11626560,CPI,Q16584,compound,protein,1
11626560,CPI,Q9H1R3,compound,protein,1
11626560,CPI,Q9UKI8,compound,protein,1
11626560,CPI,P47898,compound,protein,0
11626560,CPI,O94925,compound,protein,0
11626560,CPI,P23219,compound,protein,0
11626560,CPI,P54803,compound,protein,0
11626560,CPI,P28222,compound,protein,0
11626560,CPI,O15296,compound,protein,0
11626560,CPI,O75496,compound,protein,0
11626560,CPI,P84022,compound,protein,0
11626560,CPI,Q6ZNB7,compound,protein,0
11626560,CPI,A5PKW4,compound,protein,0
11626560,CPI,Q86UW6,compound,protein,0
11626560,CPI,Q32M45,compound,protein,0
11626560,CPI,Q6ZVC0,compound,protein,0
11626560,CPI,A6NM45,compound,protein,0
11626560,CPI,Q9NVC6,compound,protein,0
11626560,CPI,Q9BY67,compound,protein,0
11626560,CPI,Q8IYW5,compound,protein,0
11626560,CPI,Q9NZC9,compound,protein,0
11626560,CPI,Q6PI48,compound,protein,0
11626560,CPI,Q96T21,compound,protein,0
11640390,CPI,P14616,compound,protein,1
11640390,CPI,Q96GD4,compound,protein,1
11644425,CPI,Q9HBH9,compound,protein,1
11647372,CPI,P48736,compound,protein,1
11655119,CPI,P37173,compound,protein,1
11655119,CPI,P15538,compound,protein,0
11667893,CPI,O14965,compound,protein,1
11667893,CPI,P37173,compound,protein,1
11667893,CPI,P41240,compound,protein,1
11667893,CPI,P53667,compound,protein,1
11667893,CPI,Q02763,compound,protein,1
11667893,CPI,Q15418,compound,protein,1
11667893,CPI,Q15746,compound,protein,1
11667893,CPI,Q16513,compound,protein,1
11667893,CPI,Q8N5S9,compound,protein,1
11667893,CPI,Q8TD08,compound,protein,1
11667893,CPI,Q96D53,compound,protein,1
11667893,CPI,Q9H2X6,compound,protein,1
11667893,CPI,Q9NRM7,compound,protein,1
11667893,CPI,Q9UF33,compound,protein,1
11667893,CPI,Q9UQ88,compound,protein,1
11667893,CPI,P37288,compound,protein,0
11667893,CPI,P14867,compound,protein,0
11667893,CPI,Q92769,compound,protein,0
11667893,CPI,P34947,compound,protein,0
11667893,CPI,Q03431,compound,protein,0
11667893,CPI,P21452,compound,protein,0
11667893,CPI,P19838,compound,protein,0
11667893,CPI,O15296,compound,protein,0
11667893,CPI,Q12809,compound,protein,0
11667893,CPI,P30411,compound,protein,0
11667893,CPI,Q96RI1,compound,protein,0
11667893,CPI,P21917,compound,protein,0
11667893,CPI,Q9H0N0,compound,protein,0
11667893,CPI,Q96G91,compound,protein,0
11667893,CPI,Q9Y2W6,compound,protein,0
11667893,CPI,Q8TE77,compound,protein,0
11667893,CPI,Q8WXA2,compound,protein,0
11667893,CPI,Q5VU92,compound,protein,0
11667893,CPI,O95199,compound,protein,0
11667893,CPI,O95222,compound,protein,0
11667893,CPI,P08579,compound,protein,0
11667893,CPI,P08294,compound,protein,0
11667893,CPI,P62318,compound,protein,0
11667893,CPI,O95521,compound,protein,0
11689583,CPI,P0DMS8,compound,protein,1
11689583,CPI,P29274,compound,protein,1
11712649,CPI,O14757,compound,protein,1
11712649,CPI,O14920,compound,protein,1
11712649,CPI,P0C1S8,compound,protein,1
11712649,CPI,P29376,compound,protein,1
11712649,CPI,P41240,compound,protein,1
11712649,CPI,P48736,compound,protein,1
11712649,CPI,P54762,compound,protein,1
11712649,CPI,Q08345,compound,protein,1
11712649,CPI,Q08881,compound,protein,1
11712649,CPI,Q13131,compound,protein,1
11712649,CPI,Q14004,compound,protein,1
11712649,CPI,Q14680,compound,protein,1
11712649,CPI,Q15139,compound,protein,1
11712649,CPI,Q15208,compound,protein,1
11712649,CPI,Q15759,compound,protein,1
11712649,CPI,Q8IWQ3,compound,protein,1
11712649,CPI,Q8TBX8,compound,protein,1
11712649,CPI,Q9BUB5,compound,protein,1
11712649,CPI,Q9NRP7,compound,protein,1
11712649,CPI,Q9Y4K4,compound,protein,1
11712649,CPI,Q9Y616,compound,protein,1
11712649,CPI,P13945,compound,protein,0
11712649,CPI,P21397,compound,protein,0
11712649,CPI,P54803,compound,protein,0
11712649,CPI,O75469,compound,protein,0
11712649,CPI,O75164,compound,protein,0
11712649,CPI,Q16790,compound,protein,0
11712649,CPI,Q16637,compound,protein,0
11712649,CPI,Q99714,compound,protein,0
11712649,CPI,P03372,compound,protein,0
11712649,CPI,P41145,compound,protein,0
11712649,CPI,P78524,compound,protein,0
11712649,CPI,Q8N4T4,compound,protein,0
11712649,CPI,Q9NQ92,compound,protein,0
11712649,CPI,Q5T442,compound,protein,0
11712649,CPI,Q96JB8,compound,protein,0
11712649,CPI,Q9GZN1,compound,protein,0
11712649,CPI,Q9P0Z9,compound,protein,0
11712649,CPI,P49190,compound,protein,0
11712649,CPI,O14896,compound,protein,0
11712649,CPI,Q5U5R9,compound,protein,0
11712649,CPI,Q96HU1,compound,protein,0
11712649,CPI,P63167,compound,protein,0
11712649,CPI,Q6UW49,compound,protein,0
11712649,CPI,Q6Q8B3,compound,protein,0
11712649,CPI,Q8IUI8,compound,protein,0
11713159,CPI,O14965,compound,protein,1
11713159,CPI,O15075,compound,protein,1
11713159,CPI,P41743,compound,protein,1
11713159,CPI,P50750,compound,protein,1
11713159,CPI,Q02750,compound,protein,1
11713159,CPI,P35218,compound,protein,0
11713159,CPI,P16050,compound,protein,0
11713159,CPI,P30556,compound,protein,0
11713159,CPI,Q9UBS5,compound,protein,0
11713159,CPI,Q92630,compound,protein,0
11713159,CPI,O43318,compound,protein,0
11713159,CPI,P08912,compound,protein,0
11713159,CPI,P42338,compound,protein,0
11713159,CPI,Q9H422,compound,protein,0
11713159,CPI,P54803,compound,protein,0
11713159,CPI,Q9P0L2,compound,protein,0
11713159,CPI,O43570,compound,protein,0
11713159,CPI,P83916,compound,protein,0
11715767,CPI,O15075,compound,protein,1
11715767,CPI,O15530,compound,protein,1
11715767,CPI,O43781,compound,protein,1
11715767,CPI,O75116,compound,protein,1
11715767,CPI,P28482,compound,protein,1
11715767,CPI,P35968,compound,protein,1
11715767,CPI,P53667,compound,protein,1
11715767,CPI,Q16288,compound,protein,1
11715767,CPI,Q9NYL2,compound,protein,1
11715767,CPI,Q9Y6M4,compound,protein,1
11715767,CPI,O14578,compound,protein,0
11715767,CPI,P11802,compound,protein,0
11715767,CPI,P11229,compound,protein,0
11715767,CPI,Q8TBX8,compound,protein,0
11715767,CPI,P23975,compound,protein,0
11715767,CPI,P37288,compound,protein,0
11715767,CPI,O94804,compound,protein,0
11715767,CPI,P54132,compound,protein,0
11715767,CPI,P54760,compound,protein,0
11869580,CPI,O00555,compound,protein,1
11869580,CPI,P04150,compound,protein,1
11869580,CPI,O15296,compound,protein,0
11869602,CPI,Q14457,compound,protein,1
119,CPI,P50440,compound,protein,1
119,CPI,Q9UIF8,compound,protein,1
119,CPI,P20794,compound,protein,0
119,CPI,Q14289,compound,protein,0
119373,CPI,P08684,compound,protein,1
119373,CPI,O75716,compound,protein,0
119376,CPI,P04150,compound,protein,0
119376,CPI,P41743,compound,protein,0
119376,CPI,Q13627,compound,protein,0
119461,CPI,P34995,compound,protein,1
119461,CPI,Q9Y4K4,compound,protein,0
11950170,CPI,O96013,compound,protein,1
11950170,CPI,P08581,compound,protein,1
11950170,CPI,P36888,compound,protein,1
11950170,CPI,P49760,compound,protein,1
11950170,CPI,P78368,compound,protein,1
11950170,CPI,Q8N4C8,compound,protein,1
11950170,CPI,Q9NYL2,compound,protein,1
11950170,CPI,Q16445,compound,protein,0
11950170,CPI,P23458,compound,protein,0
11950170,CPI,Q15746,compound,protein,0
11950726,CPI,Q9BZL6,compound,protein,0
11955716,CPI,O00311,compound,protein,0
119570,CPI,P14416,compound,protein,1
119570,CPI,P20309,compound,protein,1
119570,CPI,P21728,compound,protein,1
119570,CPI,P41240,compound,protein,0
11957615,CPI,P28335,compound,protein,1
11957615,CPI,Q9BXA7,compound,protein,0
11957615,CPI,O94921,compound,protein,0
119584,CPI,P35462,compound,protein,1
119584,CPI,Q08499,compound,protein,0
11960529,CPI,P00734,compound,protein,0
11964036,CPI,P25100,compound,protein,0
11973736,CPI,O14976,compound,protein,1
11973736,CPI,P29317,compound,protein,1
11973736,CPI,Q13705,compound,protein,1
11977753,CPI,P36507,compound,protein,1
11977753,CPI,P42338,compound,protein,1
11977753,CPI,Q07912,compound,protein,1
11977753,CPI,Q5S007,compound,protein,1
11977753,CPI,O15439,compound,protein,0
11977753,CPI,Q92887,compound,protein,0
11977753,CPI,P22607,compound,protein,0
11978790,CPI,P00352,compound,protein,0
11978790,CPI,O14920,compound,protein,0
11978813,CPI,P18825,compound,protein,1
11978813,CPI,Q08289,compound,protein,0
119828,CPI,P02788,compound,protein,1
11984561,CPI,P06733,compound,protein,1
12004949,CPI,P17861,compound,protein,1
12004949,CPI,Q03431,compound,protein,0
12004950,CPI,P01258,compound,protein,0
1203,CPI,P23280,compound,protein,1
1203,CPI,Q16790,compound,protein,1
1203,CPI,P51617,compound,protein,0
1203,CPI,O15264,compound,protein,0
12035,CPI,P18089,compound,protein,1
12035,CPI,P21728,compound,protein,1
1204,CPI,P36544,compound,protein,1
12043281,CPI,P49798,compound,protein,0
121891,CPI,P08172,compound,protein,1
121891,CPI,P30556,compound,protein,1
121891,CPI,P35916,compound,protein,0
121891,CPI,P07947,compound,protein,0
121892,CPI,P56696,compound,protein,1
1219,CPI,Q02750,compound,protein,0
121930,CPI,P10636,compound,protein,1
122136,CPI,P27815,compound,protein,0
122136,CPI,Q9Y6E0,compound,protein,0
122162,CPI,P48039,compound,protein,1
122162,CPI,P08912,compound,protein,0
122327,CPI,P35610,compound,protein,1
122334,CPI,P22694,compound,protein,0
122334,CPI,P53667,compound,protein,0
1225,CPI,O15399,compound,protein,0
1234,CPI,Q96BR1,compound,protein,0
123600,CPI,P0C264,compound,protein,0
123606,CPI,Q8NEB9,compound,protein,0
123619,CPI,P21554,compound,protein,1
123619,CPI,P23975,compound,protein,1
123619,CPI,Q01959,compound,protein,1
123619,CPI,Q92887,compound,protein,0
123619,CPI,P42338,compound,protein,0
123619,CPI,O00329,compound,protein,0
123619,CPI,Q15569,compound,protein,0
123619,CPI,O15075,compound,protein,0
123683,CPI,P27361,compound,protein,0
123692,CPI,Q92731,compound,protein,0
123692,CPI,O94804,compound,protein,0
123823,CPI,P42338,compound,protein,0
123831,CPI,P10828,compound,protein,0
123879,CPI,P41145,compound,protein,1
123879,CPI,P35968,compound,protein,0
123879,CPI,P49137,compound,protein,0
123924,CPI,P10635,compound,protein,1
123932,CPI,P21917,compound,protein,1
123932,CPI,P30291,compound,protein,0
124087,CPI,P25021,compound,protein,1
124087,CPI,P27695,compound,protein,0
124735,CPI,P37840,compound,protein,0
12560,CPI,P28223,compound,protein,1
1257,CPI,Q7L7X3,compound,protein,0
1257201,CPI,Q6DT37,compound,protein,0
1261822,CPI,Q9Y5Y9,compound,protein,0
1261822,CPI,Q96RJ0,compound,protein,0
1261872,CPI,Q5QJU3,compound,protein,0
1263681,CPI,P54753,compound,protein,0
126388,CPI,Q99720,compound,protein,1
126402,CPI,Q99720,compound,protein,1
126769,CPI,P05177,compound,protein,1
126769,CPI,Q02763,compound,protein,0
128018,CPI,P08908,compound,protein,1
1282817,CPI,P42684,compound,protein,0
128355,CPI,P32238,compound,protein,0
1288922,CPI,P04637,compound,protein,1
1288922,CPI,Q9NUW8,compound,protein,1
1288922,CPI,Q96GD4,compound,protein,0
129009987,CPI,P06401,compound,protein,1
129010024,CPI,P10253,compound,protein,1
129010078,CPI,Q00653,compound,protein,1
129211,CPI,P21554,compound,protein,1
129228,CPI,P00918,compound,protein,1
1302,CPI,P00533,compound,protein,1
131411,CPI,P10253,compound,protein,1
132519,CPI,P14780,compound,protein,1
132519,CPI,P51511,compound,protein,1
132846,CPI,O15296,compound,protein,1
132846,CPI,Q16678,compound,protein,0
132862,CPI,O00329,compound,protein,0
1329,CPI,P05177,compound,protein,1
132971,CPI,O43193,compound,protein,1
132971,CPI,P19099,compound,protein,1
132971,CPI,Q16539,compound,protein,0
133008,CPI,P14416,compound,protein,1
13303884,CPI,P03372,compound,protein,1
13303884,CPI,P41143,compound,protein,1
133076,CPI,Q13639,compound,protein,1
133076,CPI,Q9Y2R2,compound,protein,0
13342,CPI,P23219,compound,protein,1
13342,CPI,Q96KQ7,compound,protein,1
13342,CPI,P07949,compound,protein,0
13342,CPI,Q9P2K8,compound,protein,0
133633,CPI,Q9NRH2,compound,protein,0
1345,CPI,Q15831,compound,protein,0
134551,CPI,P13945,compound,protein,1
134772,CPI,P28335,compound,protein,1
135398495,CPI,P05177,compound,protein,1
135398495,CPI,P08684,compound,protein,1
135398495,CPI,P21802,compound,protein,1
135398495,CPI,P36894,compound,protein,1
135398495,CPI,P36896,compound,protein,1
135398495,CPI,P51956,compound,protein,1
135398495,CPI,Q04771,compound,protein,1
135398495,CPI,Q8IVW4,compound,protein,1
135398495,CPI,Q9Y2U5,compound,protein,1
135398495,CPI,Q14432,compound,protein,0
135398495,CPI,O14920,compound,protein,0
135398495,CPI,Q08881,compound,protein,0
135398495,CPI,P21731,compound,protein,0
135398495,CPI,Q14012,compound,protein,0
135398495,CPI,P29274,compound,protein,0
135398499,CPI,O00238,compound,protein,1
135398499,CPI,P07948,compound,protein,1
135398499,CPI,P49840,compound,protein,1
135398499,CPI,P54619,compound,protein,1
135398499,CPI,P54764,compound,protein,1
135398499,CPI,Q08345,compound,protein,1
135398499,CPI,Q96RR4,compound,protein,1
135398499,CPI,Q9NWZ3,compound,protein,1
135398499,CPI,P54646,compound,protein,0
135398499,CPI,P57059,compound,protein,0
135398499,CPI,P52333,compound,protein,0
135398499,CPI,Q8WXR4,compound,protein,0
135398499,CPI,P42345,compound,protein,0
135398499,CPI,Q8N568,compound,protein,0
135398510,CPI,P21802,compound,protein,1
135398516,CPI,P07949,compound,protein,1
135398516,CPI,P05093,compound,protein,0
135398737,CPI,P21397,compound,protein,1
135398737,CPI,Q9UGJ0,compound,protein,0
135398737,CPI,P05164,compound,protein,0
135398737,CPI,P28472,compound,protein,0
135398738,CPI,P29274,compound,protein,1
135398738,CPI,P30411,compound,protein,1
135398738,CPI,P32245,compound,protein,1
135398738,CPI,Q9GZT9,compound,protein,0
135398745,CPI,P25021,compound,protein,1
135398745,CPI,P47898,compound,protein,1
135398745,CPI,O15438,compound,protein,0
135409453,CPI,P61088,compound,protein,1
135409453,CPI,Q9UBS5,compound,protein,1
135449332,CPI,P40238,compound,protein,1
1355,CPI,Q96SB4,compound,protein,0
1355,CPI,Q9UM73,compound,protein,0
135564985,CPI,P08238,compound,protein,1
135565545,CPI,Q9H8M2,compound,protein,0
135565635,CPI,O14733,compound,protein,1
135565635,CPI,O60885,compound,protein,1
135565635,CPI,P07332,compound,protein,1
135565635,CPI,P07947,compound,protein,1
135565635,CPI,P12931,compound,protein,1
135565635,CPI,P16591,compound,protein,1
135565635,CPI,P19525,compound,protein,1
135565635,CPI,P22455,compound,protein,1
135565635,CPI,P36507,compound,protein,1
135565635,CPI,P49760,compound,protein,1
135565635,CPI,P53667,compound,protein,1
135565635,CPI,Q13523,compound,protein,1
135565635,CPI,Q15139,compound,protein,1
135565635,CPI,Q7KZI7,compound,protein,1
135565635,CPI,Q8NEV4,compound,protein,1
135565635,CPI,Q92772,compound,protein,1
135565635,CPI,Q96L34,compound,protein,1
135565635,CPI,Q9H2K8,compound,protein,1
135565635,CPI,Q9NQU5,compound,protein,1
135565635,CPI,Q9NRP7,compound,protein,1
135565635,CPI,Q9NYL2,compound,protein,1
135565635,CPI,Q9UQ88,compound,protein,1
135565635,CPI,Q9Y4K4,compound,protein,1
135565635,CPI,P31644,compound,protein,0
135565635,CPI,P51681,compound,protein,0
135565635,CPI,P41145,compound,protein,0
135565635,CPI,P11021,compound,protein,0
135565635,CPI,Q7L5N7,compound,protein,0
135565635,CPI,Q9HBY8,compound,protein,0
135565635,CPI,Q08493,compound,protein,0
135565635,CPI,Q14654,compound,protein,0
135565635,CPI,Q13698,compound,protein,0
135565635,CPI,Q99712,compound,protein,0
135565635,CPI,P08254,compound,protein,0
135565635,CPI,O94925,compound,protein,0
135565635,CPI,P50281,compound,protein,0
135565635,CPI,O60760,compound,protein,0
135565635,CPI,P00747,compound,protein,0
135749824,CPI,P10632,compound,protein,1
135749824,CPI,P10275,compound,protein,0
135925692,CPI,P03372,compound,protein,1
135925692,CPI,P34947,compound,protein,0
1367095,CPI,Q99835,compound,protein,1
137698378,CPI,P08581,compound,protein,0
13782419,CPI,Q05397,compound,protein,0
13791,CPI,Q92731,compound,protein,1
13791,CPI,P17301,compound,protein,0
1379247,CPI,P21709,compound,protein,0
1383884,CPI,P23975,compound,protein,1
1383884,CPI,P28566,compound,protein,1
1383884,CPI,P43681,compound,protein,1
1383884,CPI,Q12809,compound,protein,1
1383884,CPI,Q9UBN7,compound,protein,1
1383884,CPI,O15264,compound,protein,0
1398027,CPI,P00352,compound,protein,1
1400,CPI,O15264,compound,protein,1
1400,CPI,P12931,compound,protein,1
1400,CPI,P53778,compound,protein,1
1400,CPI,Q13131,compound,protein,1
1400,CPI,Q16288,compound,protein,1
1400,CPI,Q9UEE5,compound,protein,1
1400,CPI,P35372,compound,protein,0
1400,CPI,P28223,compound,protein,0
1400,CPI,Q8NER1,compound,protein,0
1400,CPI,P53671,compound,protein,0
1409759,CPI,O60391,compound,protein,0
1434956,CPI,P21554,compound,protein,1
1456,CPI,P41968,compound,protein,0
145722103,CPI,P09601,compound,protein,1
146570,CPI,O15438,compound,protein,0
146570,CPI,Q13464,compound,protein,0
148121,CPI,P22102,compound,protein,0
148124,CPI,Q9H422,compound,protein,0
148184,CPI,P42261,compound,protein,1
148192,CPI,P08172,compound,protein,1
148192,CPI,Q9NPD5,compound,protein,1
148195,CPI,P08183,compound,protein,1
148195,CPI,Q13555,compound,protein,0
148198,CPI,P30542,compound,protein,0
14987,CPI,Q9NR56,compound,protein,1
14987,CPI,Q08881,compound,protein,0
1502520,CPI,P43220,compound,protein,1
1510379,CPI,P10636,compound,protein,1
1510379,CPI,Q96RI1,compound,protein,0
1510379,CPI,Q8NI60,compound,protein,0
1510389,CPI,P34949,compound,protein,1
151166,CPI,O15438,compound,protein,0
151194,CPI,O00311,compound,protein,1
151194,CPI,O75914,compound,protein,1
151194,CPI,O94768,compound,protein,1
151194,CPI,O95819,compound,protein,1
151194,CPI,P00519,compound,protein,1
151194,CPI,P41743,compound,protein,1
151194,CPI,P49840,compound,protein,1
151194,CPI,P54764,compound,protein,1
151194,CPI,P54803,compound,protein,1
151194,CPI,Q05397,compound,protein,1
151194,CPI,Q13153,compound,protein,1
151194,CPI,Q14164,compound,protein,1
151194,CPI,Q16659,compound,protein,1
151194,CPI,Q8TDR2,compound,protein,1
151194,CPI,Q9UF33,compound,protein,1
151194,CPI,Q9Y2H1,compound,protein,1
151194,CPI,Q96RI1,compound,protein,0
151194,CPI,P10636,compound,protein,0
151194,CPI,O75164,compound,protein,0
151194,CPI,P35367,compound,protein,0
151194,CPI,Q14432,compound,protein,0
151194,CPI,Q8NBP7,compound,protein,0
151194,CPI,Q6UW15,compound,protein,0
151194,CPI,P25063,compound,protein,0
151194,CPI,P52747,compound,protein,0
151194,CPI,Q8NFJ8,compound,protein,0
151194,CPI,Q9UDY4,compound,protein,0
151194,CPI,Q06210,compound,protein,0
151194,CPI,Q9C0B0,compound,protein,0
151194,CPI,Q8WUY3,compound,protein,0
151194,CPI,Q9BRR8,compound,protein,0
151194,CPI,P13797,compound,protein,0
151194,CPI,Q92797,compound,protein,0
151194,CPI,A0A0A0MRF8,compound,protein,0
151194,CPI,Q96BT3,compound,protein,0
151194,CPI,Q6NZI2,compound,protein,0
151194,CPI,Q9H799,compound,protein,0
1512045,CPI,Q16236,compound,protein,1
151289,CPI,O76074,compound,protein,1
152946,CPI,O15438,compound,protein,0
15331,CPI,Q9H3R0,compound,protein,0
1537,CPI,P41143,compound,protein,0
15376,CPI,P51946,compound,protein,0
15387,CPI,P35462,compound,protein,1
15387,CPI,P00519,compound,protein,0
154059,CPI,P08173,compound,protein,1
154059,CPI,P19525,compound,protein,0
154417,CPI,Q8TDS4,compound,protein,0
154417,CPI,Q96NX5,compound,protein,0
154575,CPI,O76074,compound,protein,1
15478,CPI,P47869,compound,protein,0
15478,CPI,O15075,compound,protein,0
1548076,CPI,P02545,compound,protein,1
1548942,CPI,P04062,compound,protein,1
1548942,CPI,P23219,compound,protein,1
1548942,CPI,P28335,compound,protein,1
1548942,CPI,P43681,compound,protein,1
1548942,CPI,Q92847,compound,protein,1
1548942,CPI,Q2M2I8,compound,protein,0
1548942,CPI,O95747,compound,protein,0
1548942,CPI,Q05513,compound,protein,0
1548942,CPI,O95819,compound,protein,0
1548953,CPI,P18089,compound,protein,1
1548953,CPI,P23975,compound,protein,1
1548953,CPI,P0C1S8,compound,protein,0
1548955,CPI,Q96P20,compound,protein,1
1548955,CPI,P16473,compound,protein,0
1548955,CPI,P27695,compound,protein,0
1549120,CPI,O15439,compound,protein,1
1549120,CPI,O95342,compound,protein,1
1549120,CPI,P41143,compound,protein,1
1550607,CPI,Q13148,compound,protein,1
1550607,CPI,Q96PN6,compound,protein,0
15541,CPI,P18825,compound,protein,1
15541,CPI,P32238,compound,protein,1
155806,CPI,Q9NQU5,compound,protein,0
155815,CPI,O60733,compound,protein,1
1560402,CPI,Q15788,compound,protein,1
156333,CPI,O75469,compound,protein,0
156422,CPI,O14757,compound,protein,1
156422,CPI,O75385,compound,protein,1
156422,CPI,P30530,compound,protein,1
156422,CPI,P35590,compound,protein,1
156422,CPI,P41240,compound,protein,1
156422,CPI,Q13470,compound,protein,1
156422,CPI,Q16566,compound,protein,1
156422,CPI,Q16659,compound,protein,1
156422,CPI,Q6XUX3,compound,protein,1
156422,CPI,Q8NI60,compound,protein,1
156422,CPI,Q8TD08,compound,protein,1
156422,CPI,Q8TD19,compound,protein,1
156422,CPI,Q92630,compound,protein,1
156422,CPI,Q9BRS2,compound,protein,1
156422,CPI,Q9NRH2,compound,protein,1
156422,CPI,Q9Y616,compound,protein,1
156422,CPI,Q9Y6E0,compound,protein,1
156422,CPI,Q12809,compound,protein,0
156422,CPI,Q01959,compound,protein,0
156422,CPI,O43193,compound,protein,0
156422,CPI,P30556,compound,protein,0
156422,CPI,P84022,compound,protein,0
156422,CPI,Q9BTW9,compound,protein,0
156422,CPI,Q13057,compound,protein,0
156422,CPI,P13611,compound,protein,0
156422,CPI,O60318,compound,protein,0
156422,CPI,Q07092,compound,protein,0
156422,CPI,Q8WV83,compound,protein,0
156422,CPI,Q8NBQ5,compound,protein,0
156422,CPI,Q9UJ04,compound,protein,0
156422,CPI,O96005,compound,protein,0
156422,CPI,Q96QK1,compound,protein,0
156422,CPI,Q6ZS11,compound,protein,0
156422,CPI,Q8WWN8,compound,protein,0
156422,CPI,P60866,compound,protein,0
156422,CPI,Q96FT7,compound,protein,0
156422,CPI,P09919,compound,protein,0
156422,CPI,Q96HA1,compound,protein,0
156422,CPI,Q6ZPD9,compound,protein,0
156422,CPI,P78413,compound,protein,0
156422,CPI,Q76M96,compound,protein,0
156422,CPI,Q5TCS8,compound,protein,0
15760,CPI,P23975,compound,protein,0
1582687,CPI,Q96KQ7,compound,protein,1
1582687,CPI,P14416,compound,protein,0
15922487,CPI,P21731,compound,protein,1
15922487,CPI,Q15078,compound,protein,0
15945539,CPI,Q06710,compound,protein,1
15983966,CPI,O00329,compound,protein,1
15983966,CPI,O14976,compound,protein,1
15983966,CPI,O15530,compound,protein,1
15983966,CPI,O75747,compound,protein,1
15983966,CPI,P06241,compound,protein,1
15983966,CPI,P07332,compound,protein,1
15983966,CPI,P07333,compound,protein,1
15983966,CPI,P07948,compound,protein,1
15983966,CPI,P11309,compound,protein,1
15983966,CPI,P22694,compound,protein,1
15983966,CPI,P42345,compound,protein,1
15983966,CPI,P50613,compound,protein,1
15983966,CPI,P53671,compound,protein,1
15983966,CPI,P54760,compound,protein,1
15983966,CPI,Q05655,compound,protein,1
15983966,CPI,Q13163,compound,protein,1
15983966,CPI,Q13177,compound,protein,1
15983966,CPI,Q14289,compound,protein,1
15983966,CPI,Q15831,compound,protein,1
15983966,CPI,Q59H18,compound,protein,1
15983966,CPI,Q8NFD2,compound,protein,1
15983966,CPI,Q99759,compound,protein,1
15983966,CPI,Q9UKE5,compound,protein,1
15983966,CPI,Q9Y6M4,compound,protein,1
15983966,CPI,Q14432,compound,protein,0
15983966,CPI,Q9Y5H0,compound,protein,0
15983966,CPI,P55289,compound,protein,0
15983966,CPI,Q8IXS0,compound,protein,0
15983966,CPI,Q96JY6,compound,protein,0
15983966,CPI,O00476,compound,protein,0
15983966,CPI,Q9NZ63,compound,protein,0
15983966,CPI,Q6UXI7,compound,protein,0
15983966,CPI,Q9UM44,compound,protein,0
15983966,CPI,P02656,compound,protein,0
16014341,CPI,Q9NUW8,compound,protein,1
16014494,CPI,P21127,compound,protein,0
160254,CPI,Q02750,compound,protein,0
160355,CPI,O14757,compound,protein,1
160355,CPI,O14965,compound,protein,1
160355,CPI,O15146,compound,protein,1
160355,CPI,P11309,compound,protein,1
160355,CPI,P35590,compound,protein,1
160355,CPI,P35916,compound,protein,1
160355,CPI,P51817,compound,protein,1
160355,CPI,P53350,compound,protein,1
160355,CPI,P53778,compound,protein,1
160355,CPI,Q13164,compound,protein,1
160355,CPI,Q13470,compound,protein,1
160355,CPI,Q13873,compound,protein,1
160355,CPI,Q15349,compound,protein,1
160355,CPI,Q16816,compound,protein,1
160355,CPI,Q5VT25,compound,protein,1
160355,CPI,Q6DT37,compound,protein,1
160355,CPI,Q8N568,compound,protein,1
160355,CPI,Q8N752,compound,protein,1
160355,CPI,Q8TD08,compound,protein,1
160355,CPI,Q8WXR4,compound,protein,1
160355,CPI,Q9HAZ1,compound,protein,1
160355,CPI,Q9Y243,compound,protein,1
160355,CPI,Q9Y5S2,compound,protein,1
160355,CPI,Q9Y616,compound,protein,1
160355,CPI,Q9UKQ2,compound,protein,0
160355,CPI,Q9UDX3,compound,protein,0
160355,CPI,O14788,compound,protein,0
160355,CPI,P62258,compound,protein,0
160355,CPI,P09210,compound,protein,0
160355,CPI,Q9ULD4,compound,protein,0
160355,CPI,O43184,compound,protein,0
160355,CPI,P48145,compound,protein,0
160355,CPI,P59533,compound,protein,0
160355,CPI,Q9Y5K8,compound,protein,0
160355,CPI,O43399,compound,protein,0
160355,CPI,P01148,compound,protein,0
160355,CPI,O43708,compound,protein,0
160355,CPI,P16885,compound,protein,0
160355,CPI,Q9Y5X9,compound,protein,0
160355,CPI,Q2M3G0,compound,protein,0
16041424,CPI,P00519,compound,protein,1
16041424,CPI,P06241,compound,protein,1
16041424,CPI,P37173,compound,protein,1
160517,CPI,O14965,compound,protein,0
16118392,CPI,P00519,compound,protein,1
16118392,CPI,P09619,compound,protein,1
16118392,CPI,Q9UL54,compound,protein,1
16118392,CPI,P57078,compound,protein,0
16123056,CPI,P48736,compound,protein,1
16126651,CPI,P00533,compound,protein,1
16126898,CPI,P48730,compound,protein,0
16129706,CPI,P07550,compound,protein,1
16129706,CPI,P18825,compound,protein,1
16129706,CPI,P25929,compound,protein,1
16129706,CPI,P31645,compound,protein,1
16129706,CPI,P32239,compound,protein,1
16129706,CPI,P35372,compound,protein,1
16129706,CPI,P49146,compound,protein,1
16129706,CPI,P00352,compound,protein,0
16129706,CPI,P16473,compound,protein,0
16129706,CPI,P37288,compound,protein,0
16129706,CPI,P00533,compound,protein,0
16218975,CPI,O00305,compound,protein,1
16220172,CPI,P41145,compound,protein,1
16220172,CPI,P49840,compound,protein,0
16220172,CPI,Q8TBX8,compound,protein,0
16220172,CPI,P51451,compound,protein,0
16220172,CPI,O94804,compound,protein,0
16231,CPI,P21397,compound,protein,1
16231,CPI,Q15759,compound,protein,0
16231,CPI,P49760,compound,protein,0
163091,CPI,P18825,compound,protein,1
163091,CPI,Q9UQ88,compound,protein,0
16330153,CPI,P43220,compound,protein,1
16351,CPI,P21731,compound,protein,1
16362,CPI,P41595,compound,protein,1
16362,CPI,Q96PY6,compound,protein,0
16363,CPI,P14616,compound,protein,0
1637653,CPI,P36969,compound,protein,1
163844,CPI,P48169,compound,protein,1
16404350,CPI,P10636,compound,protein,0
16446678,CPI,P07550,compound,protein,0
1649,CPI,P33261,compound,protein,1
1649,CPI,P05129,compound,protein,0
166553,CPI,Q8N5S9,compound,protein,0
166558,CPI,O75908,compound,protein,1
166558,CPI,Q99685,compound,protein,0
16659841,CPI,P52333,compound,protein,1
16659841,CPI,Q15831,compound,protein,1
16659841,CPI,P11473,compound,protein,0
16659841,CPI,P42336,compound,protein,0
16659841,CPI,P27037,compound,protein,0
16718576,CPI,P07947,compound,protein,1
16718576,CPI,P08069,compound,protein,1
16718576,CPI,Q07912,compound,protein,1
16718576,CPI,P27695,compound,protein,0
16718576,CPI,P30411,compound,protein,0
16718576,CPI,P08908,compound,protein,0
16718576,CPI,Q12809,compound,protein,0
16718576,CPI,P41595,compound,protein,0
16718576,CPI,Q16236,compound,protein,0
16718576,CPI,P10275,compound,protein,0
16720766,CPI,A0AVT1,compound,protein,1
16722836,CPI,P07333,compound,protein,1
16722836,CPI,P22607,compound,protein,1
16722836,CPI,P33981,compound,protein,1
16722836,CPI,P53667,compound,protein,1
16722836,CPI,Q13164,compound,protein,1
16722836,CPI,Q13188,compound,protein,1
16722836,CPI,Q13705,compound,protein,1
16722836,CPI,Q58F21,compound,protein,1
16722836,CPI,Q6XUX3,compound,protein,1
16722836,CPI,Q9H1R3,compound,protein,1
16722836,CPI,P25100,compound,protein,0
16722836,CPI,Q8N8R7,compound,protein,0
16722836,CPI,P0DPK5,compound,protein,0
16722836,CPI,Q16401,compound,protein,0
16722836,CPI,Q96T17,compound,protein,0
16722836,CPI,O15130,compound,protein,0
16722836,CPI,Q92900,compound,protein,0
16722836,CPI,Q9Y6A9,compound,protein,0
16722836,CPI,P20853,compound,protein,0
16722836,CPI,Q8NHU6,compound,protein,0
16722836,CPI,Q14CZ7,compound,protein,0
16722836,CPI,Q96FN5,compound,protein,0
16722836,CPI,Q96BT7,compound,protein,0
16722836,CPI,P49588,compound,protein,0
16734800,CPI,P47898,compound,protein,0
16736529,CPI,P08238,compound,protein,1
16736529,CPI,P46098,compound,protein,0
16739650,CPI,O75909,compound,protein,1
16739650,CPI,Q96NX5,compound,protein,0
16739650,CPI,P14416,compound,protein,0
16739650,CPI,P02545,compound,protein,0
16741,CPI,P27348,compound,protein,1
16741,CPI,P31946,compound,protein,1
16741,CPI,P67936,compound,protein,1
16741,CPI,P05177,compound,protein,0
16741,CPI,Q04759,compound,protein,0
16747776,CPI,Q13085,compound,protein,1
16759157,CPI,P31749,compound,protein,1
16760037,CPI,P83916,compound,protein,0
16760039,CPI,P10636,compound,protein,1
16760039,CPI,Q9UBC3,compound,protein,1
16760039,CPI,Q9NYV4,compound,protein,0
168613,CPI,Q96PF2,compound,protein,0
169118,CPI,Q9Y572,compound,protein,0
1694,CPI,O75496,compound,protein,1
1694,CPI,P31749,compound,protein,1
1694,CPI,P54619,compound,protein,1
1694,CPI,P22303,compound,protein,0
1694,CPI,Q12809,compound,protein,0
16960,CPI,Q01959,compound,protein,1
16960,CPI,P19784,compound,protein,0
16960,CPI,Q32MK0,compound,protein,0
170344,CPI,P16050,compound,protein,1
170361,CPI,P32297,compound,protein,1
17142,CPI,P27361,compound,protein,0
171548,CPI,P03372,compound,protein,1
171548,CPI,P83916,compound,protein,1
171548,CPI,Q06187,compound,protein,0
171548,CPI,P27037,compound,protein,0
1716436,CPI,O75030,compound,protein,1
1720,CPI,Q99816,compound,protein,1
1727,CPI,Q96RP8,compound,protein,1
1727,CPI,O15197,compound,protein,0
1727,CPI,Q9P1W9,compound,protein,0
1727,CPI,O15296,compound,protein,0
1727,CPI,Q9H2K8,compound,protein,0
1727,CPI,Q00532,compound,protein,0
17452347,CPI,P84022,compound,protein,1
17452347,CPI,P28223,compound,protein,0
175540,CPI,P07550,compound,protein,1
175540,CPI,P35462,compound,protein,1
175540,CPI,P00918,compound,protein,0
175540,CPI,Q14164,compound,protein,0
175540,CPI,P09619,compound,protein,0
175540,CPI,Q13470,compound,protein,0
17572266,CPI,P46098,compound,protein,1
176155,CPI,O14976,compound,protein,1
176155,CPI,P06213,compound,protein,1
176155,CPI,P22455,compound,protein,1
176155,CPI,P33981,compound,protein,1
176155,CPI,P43405,compound,protein,1
176155,CPI,P54756,compound,protein,1
176155,CPI,P54764,compound,protein,1
176155,CPI,P68400,compound,protein,1
176155,CPI,P78356,compound,protein,1
176155,CPI,Q00536,compound,protein,1
176155,CPI,Q02763,compound,protein,1
176155,CPI,Q02779,compound,protein,1
176155,CPI,Q04771,compound,protein,1
176155,CPI,Q04912,compound,protein,1
176155,CPI,Q13163,compound,protein,1
176155,CPI,Q15375,compound,protein,1
176155,CPI,Q16512,compound,protein,1
176155,CPI,Q16539,compound,protein,1
176155,CPI,Q8WTQ7,compound,protein,1
176155,CPI,Q9Y243,compound,protein,1
176155,CPI,Q92793,compound,protein,0
176155,CPI,Q01959,compound,protein,0
176155,CPI,P21554,compound,protein,0
176155,CPI,P06746,compound,protein,0
176155,CPI,P21918,compound,protein,0
176155,CPI,O14764,compound,protein,0
176155,CPI,P22303,compound,protein,0
176155,CPI,Q05586,compound,protein,0
176155,CPI,O94956,compound,protein,0
176155,CPI,Q8NER1,compound,protein,0
176155,CPI,P01375,compound,protein,0
176155,CPI,Q9Y271,compound,protein,0
176155,CPI,Q92847,compound,protein,0
176155,CPI,P21453,compound,protein,0
176155,CPI,Q09428,compound,protein,0
176155,CPI,P11511,compound,protein,0
176155,CPI,P40225,compound,protein,0
176155,CPI,P28335,compound,protein,0
176155,CPI,P22309,compound,protein,0
176155,CPI,P48039,compound,protein,0
176157,CPI,P43405,compound,protein,0
176167,CPI,O14936,compound,protein,1
176167,CPI,P14616,compound,protein,1
176167,CPI,P21802,compound,protein,1
176167,CPI,P35968,compound,protein,1
176167,CPI,P36894,compound,protein,1
176167,CPI,P54756,compound,protein,1
176167,CPI,P57058,compound,protein,1
176167,CPI,Q00536,compound,protein,1
176167,CPI,Q02763,compound,protein,1
176167,CPI,Q02779,compound,protein,1
176167,CPI,Q07912,compound,protein,1
176167,CPI,Q13470,compound,protein,1
176167,CPI,Q86UX6,compound,protein,1
176167,CPI,Q86YV6,compound,protein,1
176167,CPI,Q8WXR4,compound,protein,1
176167,CPI,Q99640,compound,protein,1
176167,CPI,Q9BZL6,compound,protein,1
176167,CPI,P49356,compound,protein,0
176167,CPI,Q9UHC9,compound,protein,0
176167,CPI,P48058,compound,protein,0
176167,CPI,P43235,compound,protein,0
176167,CPI,P15144,compound,protein,0
176167,CPI,P42262,compound,protein,0
176167,CPI,O14649,compound,protein,0
176167,CPI,P40145,compound,protein,0
176167,CPI,P23975,compound,protein,0
176167,CPI,P34897,compound,protein,0
176167,CPI,Q9UBC3,compound,protein,0
176167,CPI,Q01668,compound,protein,0
176167,CPI,P31151,compound,protein,0
176167,CPI,O00408,compound,protein,0
176167,CPI,P17516,compound,protein,0
176167,CPI,P05186,compound,protein,0
176167,CPI,P55212,compound,protein,0
176167,CPI,P51575,compound,protein,0
176167,CPI,O15244,compound,protein,0
176167,CPI,Q96DB2,compound,protein,0
176167,CPI,Q96PF2,compound,protein,0
176407,CPI,Q13547,compound,protein,1
176408,CPI,P29274,compound,protein,1
176870,CPI,O14976,compound,protein,1
176870,CPI,O43293,compound,protein,1
176870,CPI,P04049,compound,protein,1
176870,CPI,P05129,compound,protein,1
176870,CPI,P06239,compound,protein,1
176870,CPI,P07949,compound,protein,1
176870,CPI,P08581,compound,protein,1
176870,CPI,P15056,compound,protein,1
176870,CPI,P19784,compound,protein,1
176870,CPI,P21860,compound,protein,1
176870,CPI,P29320,compound,protein,1
176870,CPI,P29376,compound,protein,1
176870,CPI,P42679,compound,protein,1
176870,CPI,P53667,compound,protein,1
176870,CPI,Q00536,compound,protein,1
176870,CPI,Q02750,compound,protein,1
176870,CPI,Q13043,compound,protein,1
176870,CPI,Q13555,compound,protein,1
176870,CPI,Q14680,compound,protein,1
176870,CPI,Q16584,compound,protein,1
176870,CPI,Q16816,compound,protein,1
176870,CPI,Q6PHR2,compound,protein,1
176870,CPI,Q8NE63,compound,protein,1
176870,CPI,Q9Y463,compound,protein,1
176870,CPI,P84022,compound,protein,0
176870,CPI,P00352,compound,protein,0
176870,CPI,P33261,compound,protein,0
176870,CPI,Q99700,compound,protein,0
176870,CPI,Q16665,compound,protein,0
176870,CPI,P16050,compound,protein,0
176870,CPI,P08173,compound,protein,0
176870,CPI,Q13409,compound,protein,0
176870,CPI,O60566,compound,protein,0
176870,CPI,Q14141,compound,protein,0
176870,CPI,Q9GZY4,compound,protein,0
176870,CPI,Q8N9V3,compound,protein,0
176870,CPI,Q8N111,compound,protein,0
176870,CPI,Q86U70,compound,protein,0
176870,CPI,Q6T311,compound,protein,0
176870,CPI,O75426,compound,protein,0
176870,CPI,Q9NZM6,compound,protein,0
176870,CPI,Q9H344,compound,protein,0
176870,CPI,Q6UXA7,compound,protein,0
176870,CPI,Q9Y5G1,compound,protein,0
176870,CPI,Q7Z601,compound,protein,0
176870,CPI,Q15043,compound,protein,0
176870,CPI,Q8TDW0,compound,protein,0
176870,CPI,P57055,compound,protein,0
176870,CPI,Q96HP8,compound,protein,0
176870,CPI,Q9UBY9,compound,protein,0
176870,CPI,Q6YHU6,compound,protein,0
176870,CPI,Q06587,compound,protein,0
176870,CPI,O00155,compound,protein,0
176873,CPI,P18084,compound,protein,1
177236,CPI,P37840,compound,protein,0
17748,CPI,P14616,compound,protein,0
1775,CPI,Q08289,compound,protein,1
1775,CPI,Q96KQ7,compound,protein,1
17754438,CPI,P07333,compound,protein,1
17754438,CPI,P08581,compound,protein,1
17754438,CPI,P29323,compound,protein,1
17754438,CPI,P51817,compound,protein,1
17754438,CPI,Q07912,compound,protein,1
17754438,CPI,Q12851,compound,protein,1
17754438,CPI,Q9UPE1,compound,protein,0
17754438,CPI,O14936,compound,protein,0
17754438,CPI,Q02156,compound,protein,0
17754438,CPI,Q9BRS2,compound,protein,0
17754438,CPI,P34969,compound,protein,0
17754438,CPI,Q99720,compound,protein,0
17755052,CPI,O75716,compound,protein,1
17755052,CPI,P04626,compound,protein,1
17755052,CPI,P11362,compound,protein,1
17755052,CPI,P21860,compound,protein,1
17755052,CPI,P23443,compound,protein,1
17755052,CPI,P27037,compound,protein,1
17755052,CPI,P49840,compound,protein,1
17755052,CPI,P51617,compound,protein,1
17755052,CPI,P51955,compound,protein,1
17755052,CPI,P78368,compound,protein,1
17755052,CPI,Q08345,compound,protein,1
17755052,CPI,Q12851,compound,protein,1
17755052,CPI,Q13043,compound,protein,1
17755052,CPI,Q14289,compound,protein,1
17755052,CPI,Q52WX2,compound,protein,1
17755052,CPI,Q56UN5,compound,protein,1
17755052,CPI,Q5S007,compound,protein,1
17755052,CPI,Q6PHR2,compound,protein,1
17755052,CPI,Q8IWQ3,compound,protein,1
17755052,CPI,Q96Q40,compound,protein,1
17755052,CPI,Q9Y616,compound,protein,1
17755052,CPI,P10275,compound,protein,0
17755052,CPI,P35462,compound,protein,0
17755052,CPI,P04062,compound,protein,0
17755052,CPI,P40225,compound,protein,0
17755052,CPI,P32238,compound,protein,0
17755052,CPI,P34969,compound,protein,0
17755052,CPI,P06127,compound,protein,0
17755052,CPI,Q9Y2B0,compound,protein,0
17755052,CPI,P59646,compound,protein,0
17755052,CPI,Q9Y399,compound,protein,0
17755052,CPI,P20160,compound,protein,0
17755052,CPI,Q9H0T7,compound,protein,0
17755052,CPI,P34810,compound,protein,0
17756791,CPI,P07949,compound,protein,0
17757075,CPI,Q16236,compound,protein,1
17757095,CPI,P49759,compound,protein,1
17757095,CPI,O15111,compound,protein,0
17757146,CPI,O75496,compound,protein,1
17757275,CPI,O75496,compound,protein,1
1797,CPI,P28221,compound,protein,1
1797,CPI,Q9NUW8,compound,protein,1
1797,CPI,Q9UBT6,compound,protein,1
180933,CPI,Q9H2G2,compound,protein,0
180933,CPI,O15530,compound,protein,0
182593,CPI,P37288,compound,protein,0
18283,CPI,O43193,compound,protein,1
18283,CPI,P27695,compound,protein,1
18283,CPI,Q9UBS5,compound,protein,1
18283,CPI,P48729,compound,protein,0
1830,CPI,Q9UBN7,compound,protein,0
183470,CPI,P41145,compound,protein,1
1858,CPI,P21918,compound,protein,0
1858,CPI,P12931,compound,protein,0
1864426,CPI,P39748,compound,protein,0
18680317,CPI,P0DMS8,compound,protein,1
187,CPI,Q8N539,compound,protein,0
187,CPI,P08684,compound,protein,0
187,CPI,Q08881,compound,protein,0
18721,CPI,Q00975,compound,protein,0
18721,CPI,Q13285,compound,protein,0
188914,CPI,Q99720,compound,protein,1
1892,CPI,P27695,compound,protein,1
1893,CPI,P27695,compound,protein,1
1893,CPI,Q92847,compound,protein,0
1893668,CPI,Q9Y6M4,compound,protein,1
1893668,CPI,P14416,compound,protein,0
1893668,CPI,P35367,compound,protein,0
1894361,CPI,P49798,compound,protein,1
1894361,CPI,P16234,compound,protein,0
189562,CPI,P13945,compound,protein,1
189562,CPI,P30518,compound,protein,0
19003,CPI,P49840,compound,protein,0
19003,CPI,P16473,compound,protein,0
19003,CPI,Q13163,compound,protein,0
19003,CPI,P35368,compound,protein,0
1901244,CPI,O15296,compound,protein,1
1901244,CPI,Q9NUW8,compound,protein,1
19103,CPI,P08183,compound,protein,0
1923,CPI,P51449,compound,protein,1
1923,CPI,P84022,compound,protein,1
1935,CPI,P50135,compound,protein,1
1935,CPI,Q13526,compound,protein,1
1935,CPI,Q07890,compound,protein,0
193962,CPI,Q32MK0,compound,protein,0
195915,CPI,P08235,compound,protein,1
1967,CPI,P25021,compound,protein,0
196968,CPI,P41595,compound,protein,1
1978,CPI,P30542,compound,protein,1
1978,CPI,P53778,compound,protein,0
1981,CPI,P32239,compound,protein,1
1986,CPI,O43570,compound,protein,1
1986,CPI,P35367,compound,protein,1
1986,CPI,Q96KQ7,compound,protein,1
1986,CPI,P53355,compound,protein,0
2019,CPI,P21554,compound,protein,0
2019,CPI,Q9H2G2,compound,protein,0
201986,CPI,P51151,compound,protein,1
2022,CPI,P35462,compound,protein,1
2022,CPI,Q9NUW8,compound,protein,1
2022,CPI,O15438,compound,protein,0
2022,CPI,O95342,compound,protein,0
20279,CPI,P02545,compound,protein,1
20279,CPI,Q16236,compound,protein,1
2046,CPI,Q9NUW8,compound,protein,1
2048,CPI,Q9NUW8,compound,protein,1
2048,CPI,P30530,compound,protein,0
2048,CPI,P32238,compound,protein,0
2048,CPI,P53667,compound,protein,0
2051,CPI,P00519,compound,protein,1
2051,CPI,Q9UBN7,compound,protein,0
2052,CPI,P10636,compound,protein,1
2052,CPI,P54764,compound,protein,0
2052,CPI,P50750,compound,protein,0
2052,CPI,P29597,compound,protein,0
2052,CPI,P08069,compound,protein,0
20555075,CPI,P13945,compound,protein,1
2064,CPI,O95835,compound,protein,0
2082,CPI,P30556,compound,protein,1
2082,CPI,Q9NUW8,compound,protein,1
2082,CPI,Q9Y4K4,compound,protein,0
2082,CPI,P49759,compound,protein,0
2082,CPI,Q9UIF8,compound,protein,0
2082,CPI,Q13555,compound,protein,0
2082,CPI,O14757,compound,protein,0
2083,CPI,P08913,compound,protein,1
2083,CPI,P16083,compound,protein,0
20862034,CPI,P43220,compound,protein,1
2088,CPI,Q5S007,compound,protein,0
208898,CPI,O00305,compound,protein,1
208898,CPI,Q14524,compound,protein,1
208898,CPI,Q13233,compound,protein,0
208898,CPI,Q8IYT8,compound,protein,0
208902,CPI,O15438,compound,protein,0
208908,CPI,O00238,compound,protein,1
208908,CPI,O94806,compound,protein,1
208908,CPI,P00519,compound,protein,1
208908,CPI,P08069,compound,protein,1
208908,CPI,P21860,compound,protein,1
208908,CPI,P27361,compound,protein,1
208908,CPI,P33981,compound,protein,1
208908,CPI,P42680,compound,protein,1
208908,CPI,P43405,compound,protein,1
208908,CPI,P48730,compound,protein,1
208908,CPI,P49137,compound,protein,1
208908,CPI,P52564,compound,protein,1
208908,CPI,P53667,compound,protein,1
208908,CPI,P54646,compound,protein,1
208908,CPI,Q00536,compound,protein,1
208908,CPI,Q05397,compound,protein,1
208908,CPI,Q13177,compound,protein,1
208908,CPI,Q15349,compound,protein,1
208908,CPI,Q16512,compound,protein,1
208908,CPI,Q16513,compound,protein,1
208908,CPI,Q16816,compound,protein,1
208908,CPI,Q9HAZ1,compound,protein,1
208908,CPI,Q9Y2K2,compound,protein,1
208908,CPI,P08172,compound,protein,0
208908,CPI,P31645,compound,protein,0
208908,CPI,P01215,compound,protein,0
208908,CPI,P50406,compound,protein,0
208908,CPI,P10275,compound,protein,0
208908,CPI,P10253,compound,protein,0
208908,CPI,Q9GZX6,compound,protein,0
208908,CPI,Q5VU57,compound,protein,0
208908,CPI,Q8IUD2,compound,protein,0
208908,CPI,Q9NZH7,compound,protein,0
208908,CPI,P0C5J1,compound,protein,0
208908,CPI,Q8IZR5,compound,protein,0
208908,CPI,A6NN92,compound,protein,0
208908,CPI,P41162,compound,protein,0
208908,CPI,Q8IZQ5,compound,protein,0
208908,CPI,Q9BUG6,compound,protein,0
2094,CPI,P08908,compound,protein,1
2094,CPI,P16234,compound,protein,0
2094,CPI,Q05397,compound,protein,0
2094,CPI,O15075,compound,protein,0
2099,CPI,O75469,compound,protein,1
2099,CPI,P28223,compound,protein,1
2099,CPI,Q13882,compound,protein,0
2100018,CPI,O75496,compound,protein,1
2100018,CPI,Q8IWQ3,compound,protein,0
210332,CPI,O60674,compound,protein,1
2107,CPI,P63165,compound,protein,0
2113511,CPI,P00352,compound,protein,1
21138,CPI,P07949,compound,protein,0
21138,CPI,Q15375,compound,protein,0
2118,CPI,P18507,compound,protein,1
2118,CPI,Q8TDS4,compound,protein,1
2118,CPI,Q9Y5N1,compound,protein,1
2118,CPI,Q99683,compound,protein,0
2118,CPI,P16499,compound,protein,0
2118,CPI,P51955,compound,protein,0
2118,CPI,Q9UQ88,compound,protein,0
2118,CPI,O95718,compound,protein,0
2119,CPI,Q13557,compound,protein,0
2123,CPI,P0DMS8,compound,protein,1
2123,CPI,P25021,compound,protein,1
2123,CPI,O14578,compound,protein,0
21249869,CPI,P30291,compound,protein,0
2126,CPI,P19793,compound,protein,1
2130,CPI,P21731,compound,protein,1
2130,CPI,Q9HAZ1,compound,protein,0
2130,CPI,O15118,compound,protein,0
213023,CPI,O75469,compound,protein,1
213040,CPI,Q59H18,compound,protein,0
213046,CPI,P0DMS8,compound,protein,1
213046,CPI,P14416,compound,protein,1
213046,CPI,P08912,compound,protein,0
213046,CPI,Q9Y2T6,compound,protein,0
2132,CPI,P21917,compound,protein,1
2132,CPI,P23975,compound,protein,1
2132,CPI,P21452,compound,protein,0
2132,CPI,O15439,compound,protein,0
2143,CPI,P35499,compound,protein,1
2143,CPI,Q8IWT1,compound,protein,1
2143,CPI,P16591,compound,protein,0
2143,CPI,Q05655,compound,protein,0
214348,CPI,O75164,compound,protein,1
214348,CPI,O15438,compound,protein,0
2153,CPI,P07550,compound,protein,1
2153,CPI,P21589,compound,protein,1
2153,CPI,Q96KQ7,compound,protein,1
2153,CPI,P49798,compound,protein,0
2157,CPI,P00352,compound,protein,1
2157,CPI,P04626,compound,protein,1
2157,CPI,P06241,compound,protein,1
2157,CPI,P07550,compound,protein,1
2157,CPI,Q01959,compound,protein,1
2157,CPI,Q9NS40,compound,protein,1
2157,CPI,P49137,compound,protein,0
2159,CPI,P28566,compound,protein,1
2159,CPI,P35408,compound,protein,1
2160,CPI,Q9H252,compound,protein,1
2162,CPI,O95069,compound,protein,1
2162,CPI,P11229,compound,protein,1
2162,CPI,Q8N4C8,compound,protein,0
216237,CPI,P35414,compound,protein,1
216239,CPI,O00238,compound,protein,1
216239,CPI,O14730,compound,protein,1
216239,CPI,O14757,compound,protein,1
216239,CPI,O43193,compound,protein,1
216239,CPI,O60285,compound,protein,1
216239,CPI,O95819,compound,protein,1
216239,CPI,P21860,compound,protein,1
216239,CPI,P22455,compound,protein,1
216239,CPI,P33981,compound,protein,1
216239,CPI,P35916,compound,protein,1
216239,CPI,P49137,compound,protein,1
216239,CPI,P49759,compound,protein,1
216239,CPI,P49760,compound,protein,1
216239,CPI,P80370,compound,protein,1
216239,CPI,Q14289,compound,protein,1
216239,CPI,Q9HC98,compound,protein,1
216239,CPI,Q9P0L2,compound,protein,1
216239,CPI,P21918,compound,protein,0
216239,CPI,Q9UBT6,compound,protein,0
216239,CPI,P03372,compound,protein,0
216239,CPI,O00623,compound,protein,0
216239,CPI,Q9UEW3,compound,protein,0
216239,CPI,A6H8Z2,compound,protein,0
216239,CPI,Q92502,compound,protein,0
216239,CPI,Q8N0Z8,compound,protein,0
216239,CPI,Q9ULE6,compound,protein,0
216239,CPI,Q9Y5G0,compound,protein,0
216239,CPI,Q14525,compound,protein,0
216239,CPI,O15405,compound,protein,0
216239,CPI,P54107,compound,protein,0
216239,CPI,P35637,compound,protein,0
216239,CPI,Q5XUX1,compound,protein,0
216239,CPI,Q9BR84,compound,protein,0
216239,CPI,A6NDV4,compound,protein,0
216239,CPI,Q00839,compound,protein,0
216239,CPI,O75175,compound,protein,0
21625941,CPI,O60741,compound,protein,1
216326,CPI,P33151,compound,protein,1
216326,CPI,O95835,compound,protein,0
216326,CPI,Q9NYY3,compound,protein,0
216454,CPI,P24557,compound,protein,0
2170,CPI,Q9NQU5,compound,protein,0
2170,CPI,Q15375,compound,protein,0
21700,CPI,P08913,compound,protein,1
21700,CPI,P25103,compound,protein,1
21700,CPI,Q16236,compound,protein,1
21700,CPI,P34969,compound,protein,0
21700,CPI,P29320,compound,protein,0
2176,CPI,P02545,compound,protein,1
2176,CPI,Q9Y4K4,compound,protein,0
2179,CPI,P18825,compound,protein,1
2179,CPI,P25929,compound,protein,1
2179,CPI,O15438,compound,protein,0
2179,CPI,Q08881,compound,protein,0
2182,CPI,P08172,compound,protein,1
2182,CPI,P20309,compound,protein,1
2182,CPI,P35367,compound,protein,1
2182,CPI,Q13188,compound,protein,0
2182,CPI,Q9Y4K4,compound,protein,0
2191501,CPI,P45983,compound,protein,0
2196,CPI,O75496,compound,protein,1
2200,CPI,P28335,compound,protein,1
2200,CPI,P41145,compound,protein,1
2200,CPI,P50613,compound,protein,0
2200,CPI,P16234,compound,protein,0
2200,CPI,P08684,compound,protein,0
2206,CPI,Q9Y5N1,compound,protein,1
221493,CPI,P62508,compound,protein,1
221493,CPI,P14618,compound,protein,0
221493,CPI,Q04759,compound,protein,0
221493,CPI,Q8NFD2,compound,protein,0
221493,CPI,P36888,compound,protein,0
22228376,CPI,P24941,compound,protein,1
22228376,CPI,P29597,compound,protein,1
22228376,CPI,Q13557,compound,protein,1
22228376,CPI,Q13976,compound,protein,1
22228376,CPI,Q14012,compound,protein,1
22228376,CPI,Q9H3Y6,compound,protein,1
22228376,CPI,Q9NUW8,compound,protein,0
22228376,CPI,P35367,compound,protein,0
22228376,CPI,Q08499,compound,protein,0
22228376,CPI,P32238,compound,protein,0
22228376,CPI,Q9Y5N1,compound,protein,0
22228376,CPI,P41595,compound,protein,0
22228376,CPI,P20309,compound,protein,0
22228376,CPI,Q16526,compound,protein,0
22228376,CPI,Q9Y4F9,compound,protein,0
22245026,CPI,P35869,compound,protein,1
222515,CPI,O75475,compound,protein,1
222528,CPI,P08263,compound,protein,1
222528,CPI,P30711,compound,protein,1
222528,CPI,P05771,compound,protein,0
222528,CPI,O94768,compound,protein,0
222528,CPI,O00444,compound,protein,0
2225472,CPI,Q9HC16,compound,protein,1
223368,CPI,P03372,compound,protein,1
223368,CPI,P27695,compound,protein,0
22416235,CPI,Q03431,compound,protein,1
22416235,CPI,Q92830,compound,protein,1
22416272,CPI,Q9NUW8,compound,protein,1
22416276,CPI,P53350,compound,protein,1
2244,CPI,P00533,compound,protein,1
2244,CPI,P14416,compound,protein,1
2244,CPI,Q16665,compound,protein,0
2244,CPI,P00519,compound,protein,0
2247,CPI,P11229,compound,protein,1
2247,CPI,P41143,compound,protein,1
2247,CPI,P46098,compound,protein,1
2247,CPI,Q9H3N8,compound,protein,1
2247,CPI,Q9UL54,compound,protein,0
2247,CPI,P00352,compound,protein,0
2247,CPI,Q9Y243,compound,protein,0
22548477,CPI,P50613,compound,protein,0
2265,CPI,P02545,compound,protein,1
2265,CPI,P06401,compound,protein,1
2265,CPI,P43681,compound,protein,1
2265,CPI,Q16637,compound,protein,1
2265,CPI,Q8IW41,compound,protein,0
227112,CPI,P36896,compound,protein,0
2284,CPI,P25103,compound,protein,1
2284,CPI,Q02156,compound,protein,0
2284,CPI,Q8IYT8,compound,protein,0
2284,CPI,P35218,compound,protein,0
230748,CPI,O15296,compound,protein,1
2315,CPI,P11229,compound,protein,1
2315,CPI,P22748,compound,protein,1
2315,CPI,P35354,compound,protein,1
2315,CPI,P55017,compound,protein,1
2315,CPI,Q12791,compound,protein,1
2315,CPI,Q92847,compound,protein,1
2315,CPI,P07949,compound,protein,0
2326992,CPI,P61088,compound,protein,1
2327953,CPI,P00519,compound,protein,0
2332853,CPI,Q9Y2T6,compound,protein,1
2333,CPI,P33261,compound,protein,1
2333,CPI,P41145,compound,protein,1
2333,CPI,P53350,compound,protein,1
2333,CPI,Q05655,compound,protein,0
2333,CPI,P52333,compound,protein,0
2333,CPI,P27695,compound,protein,0
2333,CPI,P50406,compound,protein,0
2337,CPI,O75496,compound,protein,1
2337,CPI,P25021,compound,protein,1
2337,CPI,Q86V86,compound,protein,0
2337,CPI,Q13557,compound,protein,0
2343,CPI,P08913,compound,protein,1
2343,CPI,P41968,compound,protein,1
2343,CPI,P49137,compound,protein,0
2343,CPI,P11473,compound,protein,0
2345,CPI,Q13148,compound,protein,0
2351,CPI,O75469,compound,protein,1
2351,CPI,P22303,compound,protein,0
2351,CPI,P49674,compound,protein,0
2351,CPI,Q13976,compound,protein,0
2353,CPI,Q13043,compound,protein,0
2354,CPI,Q00535,compound,protein,0
2355,CPI,P04798,compound,protein,1
2355,CPI,P10635,compound,protein,1
23581805,CPI,P22888,compound,protein,1
23612550,CPI,Q9H2K8,compound,protein,0
23612552,CPI,P01215,compound,protein,1
23612552,CPI,Q13163,compound,protein,0
23626877,CPI,P01100,compound,protein,0
23631972,CPI,P24468,compound,protein,1
23633604,CPI,P17752,compound,protein,1
23648037,CPI,Q8NFD2,compound,protein,0
23654757,CPI,P35372,compound,protein,1
236702,CPI,P07550,compound,protein,1
236702,CPI,P08913,compound,protein,1
236702,CPI,P21397,compound,protein,1
236702,CPI,P28223,compound,protein,1
237,CPI,P04637,compound,protein,1
237,CPI,Q8WTS6,compound,protein,0
237,CPI,P02766,compound,protein,0
2370,CPI,P18507,compound,protein,0
2370,CPI,P11473,compound,protein,0
2370,CPI,O95271,compound,protein,0
2370,CPI,Q07817,compound,protein,0
2377,CPI,P21860,compound,protein,0
2378,CPI,P04062,compound,protein,1
2378,CPI,P21397,compound,protein,1
2378,CPI,P25929,compound,protein,1
2378,CPI,P32245,compound,protein,1
2378,CPI,O75460,compound,protein,0
2378,CPI,Q9UQM7,compound,protein,0
2378,CPI,Q00526,compound,protein,0
2378,CPI,P42345,compound,protein,0
2381,CPI,O95342,compound,protein,0
2381,CPI,P17948,compound,protein,0
23897,CPI,P18825,compound,protein,1
23897,CPI,P05771,compound,protein,0
23897,CPI,Q9P2K8,compound,protein,0
2390,CPI,Q13131,compound,protein,1
2390,CPI,Q13557,compound,protein,1
2390,CPI,Q7KZI7,compound,protein,1
2390,CPI,Q96GD4,compound,protein,1
2390,CPI,Q9Y243,compound,protein,1
2390,CPI,P40225,compound,protein,1
2390,CPI,Q99549,compound,protein,1
2390,CPI,Q99700,compound,protein,1
2390,CPI,Q8TD19,compound,protein,0
2390,CPI,Q8WTQ7,compound,protein,0
2390,CPI,Q6PHR2,compound,protein,0
2391,CPI,P35869,compound,protein,0
2396,CPI,P51451,compound,protein,0
2405,CPI,P11229,compound,protein,1
2405,CPI,P48729,compound,protein,0
2406,CPI,O75751,compound,protein,1
2406,CPI,P17655,compound,protein,1
2406,CPI,Q13557,compound,protein,0
2406,CPI,P25929,compound,protein,0
24066,CPI,P31645,compound,protein,1
24066,CPI,P41968,compound,protein,1
24066,CPI,P09917,compound,protein,0
24066,CPI,O96013,compound,protein,0
24066,CPI,Q9UIF8,compound,protein,0
2415,CPI,P33261,compound,protein,1
24180719,CPI,O14733,compound,protein,1
24180719,CPI,O15111,compound,protein,1
24180719,CPI,O43318,compound,protein,1
24180719,CPI,O60331,compound,protein,1
24180719,CPI,O60674,compound,protein,1
24180719,CPI,P04049,compound,protein,1
24180719,CPI,P10721,compound,protein,1
24180719,CPI,P12931,compound,protein,1
24180719,CPI,P15735,compound,protein,1
24180719,CPI,P23458,compound,protein,1
24180719,CPI,P36897,compound,protein,1
24180719,CPI,P45983,compound,protein,1
24180719,CPI,P49674,compound,protein,1
24180719,CPI,P49760,compound,protein,1
24180719,CPI,P54764,compound,protein,1
24180719,CPI,P78368,compound,protein,1
24180719,CPI,Q00532,compound,protein,1
24180719,CPI,Q05655,compound,protein,1
24180719,CPI,Q13882,compound,protein,1
24180719,CPI,Q7KZI7,compound,protein,1
24180719,CPI,Q8IVH8,compound,protein,1
24180719,CPI,Q92630,compound,protein,1
24180719,CPI,Q96L34,compound,protein,1
24180719,CPI,Q99683,compound,protein,1
24180719,CPI,Q9UQ88,compound,protein,1
24180719,CPI,O75496,compound,protein,0
24180719,CPI,P08588,compound,protein,0
24180719,CPI,Q13148,compound,protein,0
24180719,CPI,P08183,compound,protein,0
24180719,CPI,P41145,compound,protein,0
24180719,CPI,Q9UBT6,compound,protein,0
24180719,CPI,Q9UNA4,compound,protein,0
24180719,CPI,P30520,compound,protein,0
24180719,CPI,Q9UKY1,compound,protein,0
24180719,CPI,Q3SY84,compound,protein,0
24180719,CPI,P35321,compound,protein,0
24180719,CPI,Q9HB89,compound,protein,0
24180719,CPI,Q8N7K0,compound,protein,0
24180719,CPI,Q9NW64,compound,protein,0
24180719,CPI,Q9P000,compound,protein,0
24180719,CPI,Q13367,compound,protein,0
24180719,CPI,Q6PK04,compound,protein,0
24180719,CPI,Q9H9A6,compound,protein,0
24180719,CPI,Q5T0N5,compound,protein,0
24180719,CPI,P33681,compound,protein,0
24180719,CPI,Q9BX66,compound,protein,0
24180719,CPI,Q9NUV9,compound,protein,0
24180719,CPI,A6NFK2,compound,protein,0
24180719,CPI,P04732,compound,protein,0
241903,CPI,Q9UJT0,compound,protein,1
241903,CPI,O15438,compound,protein,0
243,CPI,P46059,compound,protein,1
2440433,CPI,P10276,compound,protein,0
2442307,CPI,Q8IVH8,compound,protein,0
2443,CPI,P08913,compound,protein,1
2443,CPI,P18825,compound,protein,1
2443,CPI,P28335,compound,protein,1
2443,CPI,P35462,compound,protein,1
2446,CPI,P05177,compound,protein,1
244898,CPI,O75496,compound,protein,1
2449454,CPI,P53779,compound,protein,0
2466259,CPI,O00750,compound,protein,0
2471,CPI,O75604,compound,protein,1
2471,CPI,P08172,compound,protein,1
2471,CPI,P11229,compound,protein,1
2471,CPI,P23975,compound,protein,1
2471,CPI,P27695,compound,protein,1
2471,CPI,P35462,compound,protein,1
2471,CPI,Q9ULX7,compound,protein,1
2471,CPI,Q9UP95,compound,protein,1
2471,CPI,Q9UBN7,compound,protein,0
2474,CPI,Q9Y5Y9,compound,protein,1
24747161,CPI,P16234,compound,protein,0
24748204,CPI,P52333,compound,protein,0
24761960,CPI,O75874,compound,protein,1
24761960,CPI,P43220,compound,protein,1
24761960,CPI,Q15746,compound,protein,0
2477,CPI,P43681,compound,protein,1
24771824,CPI,P18825,compound,protein,1
24771824,CPI,Q99720,compound,protein,1
24771824,CPI,O14976,compound,protein,0
24771867,CPI,O00444,compound,protein,1
24771867,CPI,O60674,compound,protein,1
24771867,CPI,P10721,compound,protein,1
24771867,CPI,P16234,compound,protein,1
24771867,CPI,P53778,compound,protein,1
24771867,CPI,P54760,compound,protein,1
24771867,CPI,P61026,compound,protein,1
24771867,CPI,Q13237,compound,protein,1
24771867,CPI,Q16644,compound,protein,1
24771867,CPI,Q5VT25,compound,protein,1
24771867,CPI,Q9HAZ1,compound,protein,1
24771867,CPI,P34969,compound,protein,0
24771867,CPI,P39748,compound,protein,0
24771867,CPI,P43115,compound,protein,0
24771867,CPI,O95180,compound,protein,0
24771867,CPI,P09769,compound,protein,0
24771867,CPI,Q92769,compound,protein,0
24775005,CPI,P23975,compound,protein,1
24775005,CPI,P35372,compound,protein,1
24775005,CPI,P49674,compound,protein,0
24776445,CPI,P21728,compound,protein,1
24779724,CPI,O75460,compound,protein,1
24779724,CPI,P19525,compound,protein,1
24779724,CPI,P32298,compound,protein,1
24779724,CPI,P36897,compound,protein,1
24779724,CPI,P43405,compound,protein,1
24779724,CPI,P48729,compound,protein,1
24779724,CPI,P49137,compound,protein,1
24779724,CPI,Q00532,compound,protein,1
24779724,CPI,Q13555,compound,protein,1
24779724,CPI,Q6PHR2,compound,protein,1
24779724,CPI,Q8IW41,compound,protein,1
24779724,CPI,Q8N4C8,compound,protein,1
24779724,CPI,Q8WXR4,compound,protein,1
24779724,CPI,Q92772,compound,protein,1
24779724,CPI,Q96GD4,compound,protein,1
24779724,CPI,Q9NYL2,compound,protein,1
24779724,CPI,Q9UIK4,compound,protein,1
24779724,CPI,Q9UM73,compound,protein,1
24779724,CPI,P41143,compound,protein,0
24779724,CPI,Q99700,compound,protein,0
24779724,CPI,P50406,compound,protein,0
24779724,CPI,Q96JH7,compound,protein,0
24779724,CPI,Q9Y3V2,compound,protein,0
24779724,CPI,Q6S545,compound,protein,0
24779724,CPI,Q15019,compound,protein,0
24779724,CPI,Q7Z7F7,compound,protein,0
24779724,CPI,Q8NA29,compound,protein,0
24779724,CPI,Q15506,compound,protein,0
24779724,CPI,Q9UKW6,compound,protein,0
24779724,CPI,O75976,compound,protein,0
24779724,CPI,Q9UIL1,compound,protein,0
24779724,CPI,P98082,compound,protein,0
24779724,CPI,Q8NH41,compound,protein,0
24779724,CPI,O75197,compound,protein,0
24785538,CPI,Q16620,compound,protein,1
24791027,CPI,P10415,compound,protein,1
24794418,CPI,P06239,compound,protein,1
24794418,CPI,Q12851,compound,protein,1
24794418,CPI,Q13153,compound,protein,0
24794418,CPI,Q6DT37,compound,protein,0
24794418,CPI,Q9UM73,compound,protein,0
24795070,CPI,P19784,compound,protein,1
24795070,CPI,Q9NSY1,compound,protein,1
24795070,CPI,Q8WTQ7,compound,protein,0
24795070,CPI,Q86Y07,compound,protein,0
24795070,CPI,Q16665,compound,protein,0
2480,CPI,P10253,compound,protein,1
2480,CPI,Q9NRM7,compound,protein,0
2481,CPI,P30518,compound,protein,1
2481,CPI,P31645,compound,protein,1
2481,CPI,P78334,compound,protein,1
2481,CPI,Q16445,compound,protein,1
2481,CPI,Q9Y2U5,compound,protein,0
2482,CPI,P24941,compound,protein,0
2482,CPI,Q9NRP7,compound,protein,0
2482,CPI,P51957,compound,protein,0
24821094,CPI,P11229,compound,protein,1
24821094,CPI,P21860,compound,protein,1
24821094,CPI,P07451,compound,protein,0
24821094,CPI,P51589,compound,protein,0
24821094,CPI,Q15393,compound,protein,0
24826799,CPI,Q06187,compound,protein,1
24826799,CPI,Q12809,compound,protein,1
24826799,CPI,Q13163,compound,protein,1
24826799,CPI,Q6PHR2,compound,protein,1
24826799,CPI,P04179,compound,protein,0
2484,CPI,Q99720,compound,protein,1
24856436,CPI,P52333,compound,protein,1
24856436,CPI,Q04771,compound,protein,1
24856436,CPI,Q13464,compound,protein,1
24856436,CPI,Q8IU85,compound,protein,1
24856436,CPI,Q15822,compound,protein,0
24856436,CPI,P28221,compound,protein,0
24856436,CPI,Q14432,compound,protein,0
24858111,CPI,P26358,compound,protein,1
24861442,CPI,P07332,compound,protein,0
24872560,CPI,P16473,compound,protein,0
24889392,CPI,O14936,compound,protein,1
24889392,CPI,O95835,compound,protein,1
24889392,CPI,P09619,compound,protein,1
24889392,CPI,P17252,compound,protein,1
24889392,CPI,P23458,compound,protein,1
24889392,CPI,P30530,compound,protein,1
24889392,CPI,P42684,compound,protein,1
24889392,CPI,P45984,compound,protein,1
24889392,CPI,P57078,compound,protein,1
24889392,CPI,P68400,compound,protein,1
24889392,CPI,Q13188,compound,protein,1
24889392,CPI,Q13546,compound,protein,1
24889392,CPI,Q15303,compound,protein,1
24889392,CPI,Q86UX6,compound,protein,1
24889392,CPI,Q92772,compound,protein,1
24889392,CPI,Q9H093,compound,protein,1
24889392,CPI,Q9P289,compound,protein,1
24889392,CPI,Q9UBF8,compound,protein,1
24889392,CPI,Q9Y5S2,compound,protein,1
24889392,CPI,P11229,compound,protein,0
24889392,CPI,Q92830,compound,protein,0
24889392,CPI,P04150,compound,protein,0
24889392,CPI,P28222,compound,protein,0
24889392,CPI,O76074,compound,protein,0
24889392,CPI,P37231,compound,protein,0
24889392,CPI,P35354,compound,protein,0
24889392,CPI,P35372,compound,protein,0
24889392,CPI,P29274,compound,protein,0
24889392,CPI,P08908,compound,protein,0
24889392,CPI,Q13185,compound,protein,0
24889392,CPI,P59910,compound,protein,0
24889392,CPI,O75829,compound,protein,0
24889392,CPI,Q15629,compound,protein,0
24889392,CPI,Q9H4A9,compound,protein,0
24889392,CPI,Q8NDY3,compound,protein,0
24889392,CPI,O75346,compound,protein,0
24889392,CPI,P35221,compound,protein,0
24889392,CPI,Q2M329,compound,protein,0
24889392,CPI,O95833,compound,protein,0
24889392,CPI,O95206,compound,protein,0
24889392,CPI,Q8WWA0,compound,protein,0
24889392,CPI,Q9NWD8,compound,protein,0
24901704,CPI,P25089,compound,protein,1
24901704,CPI,O75874,compound,protein,0
24964624,CPI,P31749,compound,protein,1
24978538,CPI,Q92934,compound,protein,1
24989044,CPI,P78334,compound,protein,0
24995524,CPI,P28482,compound,protein,1
24995524,CPI,P31749,compound,protein,1
24995524,CPI,P48729,compound,protein,1
24995524,CPI,P51451,compound,protein,1
24995524,CPI,P51957,compound,protein,1
24995524,CPI,P78368,compound,protein,1
24995524,CPI,Q04771,compound,protein,1
24995524,CPI,Q16832,compound,protein,1
24995524,CPI,Q5S007,compound,protein,1
24995524,CPI,Q9HBY8,compound,protein,1
24995524,CPI,Q9UEE5,compound,protein,1
24995524,CPI,Q9Y463,compound,protein,1
24995524,CPI,Q9C098,compound,protein,0
24995524,CPI,P35367,compound,protein,0
24995524,CPI,P32245,compound,protein,0
24995524,CPI,Q8N568,compound,protein,0
24995524,CPI,P25103,compound,protein,0
24995524,CPI,P37840,compound,protein,0
24995524,CPI,P42681,compound,protein,0
24995524,CPI,Q16659,compound,protein,0
25015515,CPI,Q460N5,compound,protein,1
25021165,CPI,P07947,compound,protein,1
25022668,CPI,O00141,compound,protein,1
25022668,CPI,Q8N5S9,compound,protein,1
25023738,CPI,O60885,compound,protein,1
25023738,CPI,P51812,compound,protein,1
25023738,CPI,P27695,compound,protein,0
25025298,CPI,P35368,compound,protein,0
25033539,CPI,Q13698,compound,protein,0
25066467,CPI,P08581,compound,protein,1
25066467,CPI,P45984,compound,protein,1
25066467,CPI,Q16539,compound,protein,1
25066467,CPI,Q96BR1,compound,protein,0
25066467,CPI,O43781,compound,protein,0
25079076,CPI,O95398,compound,protein,0
25099184,CPI,P53671,compound,protein,1
25102847,CPI,P04629,compound,protein,1
25102847,CPI,P12931,compound,protein,1
25102847,CPI,Q04912,compound,protein,1
25102847,CPI,Q96SB4,compound,protein,0
25105719,CPI,O75496,compound,protein,1
25105719,CPI,Q96QE3,compound,protein,1
25108278,CPI,Q00534,compound,protein,0
25108278,CPI,Q9UL54,compound,protein,0
25109908,CPI,Q9Y468,compound,protein,1
25109910,CPI,Q6W5P4,compound,protein,1
25109911,CPI,P42679,compound,protein,0
25109985,CPI,Q15465,compound,protein,1
25118059,CPI,Q9P2K8,compound,protein,0
2512,CPI,P18825,compound,protein,1
2512,CPI,P28221,compound,protein,1
2512,CPI,P35354,compound,protein,0
25124816,CPI,P36888,compound,protein,1
25124816,CPI,Q02156,compound,protein,1
25124816,CPI,Q96QE3,compound,protein,0
25124816,CPI,Q13554,compound,protein,0
25124816,CPI,Q9Y5S2,compound,protein,0
25124816,CPI,P32298,compound,protein,0
25150857,CPI,Q9H9B1,compound,protein,1
25151504,CPI,P10635,compound,protein,1
25151504,CPI,Q04771,compound,protein,0
25161177,CPI,Q9NYL2,compound,protein,1
25181240,CPI,O15305,compound,protein,1
25182616,CPI,O00238,compound,protein,1
25182616,CPI,O15197,compound,protein,1
25182616,CPI,O76039,compound,protein,1
25182616,CPI,P49137,compound,protein,1
25182616,CPI,Q02779,compound,protein,1
25182616,CPI,Q13153,compound,protein,1
25182616,CPI,Q13555,compound,protein,1
25182616,CPI,Q13882,compound,protein,1
25182616,CPI,Q86Y07,compound,protein,1
25182616,CPI,Q9NY57,compound,protein,1
25182616,CPI,Q9UBE8,compound,protein,1
25182616,CPI,Q9UQM7,compound,protein,1
25182616,CPI,P20309,compound,protein,0
25182616,CPI,P30518,compound,protein,0
25182616,CPI,P21554,compound,protein,0
25182616,CPI,P43681,compound,protein,0
25182616,CPI,P31645,compound,protein,0
25182616,CPI,O00322,compound,protein,0
25182616,CPI,Q9ULP9,compound,protein,0
25182616,CPI,Q99741,compound,protein,0
25182616,CPI,Q6UW68,compound,protein,0
25182616,CPI,Q13620,compound,protein,0
25182616,CPI,Q14442,compound,protein,0
25182616,CPI,Q9UI46,compound,protein,0
25182616,CPI,Q16553,compound,protein,0
25182616,CPI,Q9Y6A4,compound,protein,0
25182616,CPI,Q9UQ53,compound,protein,0
25182616,CPI,Q6IF99,compound,protein,0
25182616,CPI,Q9NTX9,compound,protein,0
25182616,CPI,A6NFK2,compound,protein,0
25182616,CPI,Q9UBD3,compound,protein,0
25182616,CPI,Q9NYV6,compound,protein,0
25182616,CPI,Q14541,compound,protein,0
25182616,CPI,Q9UHN1,compound,protein,0
25182616,CPI,O95427,compound,protein,0
25183872,CPI,P28074,compound,protein,1
25183872,CPI,P49721,compound,protein,1
2519,CPI,P22303,compound,protein,1
2519,CPI,P35372,compound,protein,1
2519,CPI,P54750,compound,protein,1
2519,CPI,P06239,compound,protein,0
2519,CPI,P23219,compound,protein,0
2519,CPI,P16591,compound,protein,0
25195294,CPI,Q04771,compound,protein,1
25195294,CPI,O15554,compound,protein,0
25195294,CPI,P25025,compound,protein,0
25195348,CPI,O15146,compound,protein,0
25195352,CPI,P28482,compound,protein,1
2520,CPI,O15245,compound,protein,1
2520,CPI,P21397,compound,protein,1
2520,CPI,Q02641,compound,protein,1
2520,CPI,Q9UBN1,compound,protein,1
2520,CPI,Q9Y6D0,compound,protein,0
2520,CPI,Q5TYX0,compound,protein,0
2520,CPI,Q9BYD6,compound,protein,0
2520,CPI,P17040,compound,protein,0
25209788,CPI,P49841,compound,protein,1
25226380,CPI,P10275,compound,protein,1
25227436,CPI,Q13131,compound,protein,1
25227436,CPI,Q16584,compound,protein,1
25227436,CPI,P30518,compound,protein,0
25227436,CPI,P49798,compound,protein,0
25243721,CPI,O43683,compound,protein,0
25243730,CPI,O14757,compound,protein,0
25243784,CPI,P30613,compound,protein,1
25243785,CPI,Q96QE3,compound,protein,1
25243786,CPI,P30613,compound,protein,1
25254071,CPI,O00443,compound,protein,1
25254071,CPI,Q8NEB9,compound,protein,1
25254071,CPI,O15530,compound,protein,0
25262792,CPI,P48736,compound,protein,1
252682,CPI,Q9GZU7,compound,protein,1
25295,CPI,Q99700,compound,protein,0
253078,CPI,P04626,compound,protein,0
253078,CPI,P34969,compound,protein,0
2536,CPI,P08908,compound,protein,1
2536,CPI,P34969,compound,protein,1
2536,CPI,P41143,compound,protein,1
253602,CPI,Q16637,compound,protein,1
253602,CPI,P53779,compound,protein,0
253602,CPI,Q13554,compound,protein,0
2549,CPI,P08684,compound,protein,1
2576,CPI,P41595,compound,protein,1
2576,CPI,P43681,compound,protein,1
2576,CPI,Q9NUW8,compound,protein,1
2576,CPI,Q9BZ95,compound,protein,0
2578,CPI,P78356,compound,protein,0
2583,CPI,P32238,compound,protein,1
2583,CPI,P37288,compound,protein,1
2585,CPI,P11229,compound,protein,1
2585,CPI,P35367,compound,protein,1
2585,CPI,Q16678,compound,protein,1
2585,CPI,Q08345,compound,protein,0
2585,CPI,Q99714,compound,protein,0
2585,CPI,P51957,compound,protein,0
26070,CPI,O95342,compound,protein,0
26098,CPI,P37288,compound,protein,0
262093,CPI,P05177,compound,protein,1
262093,CPI,P84022,compound,protein,1
262093,CPI,P23975,compound,protein,0
262093,CPI,P06239,compound,protein,0
26248,CPI,O95342,compound,protein,0
26248,CPI,Q96RR4,compound,protein,0
26248,CPI,Q8TD19,compound,protein,0
26248,CPI,Q9H0K1,compound,protein,0
2630179,CPI,Q13148,compound,protein,1
2662,CPI,P08912,compound,protein,1
2662,CPI,P16499,compound,protein,1
2662,CPI,P23975,compound,protein,1
2662,CPI,Q9HC98,compound,protein,0
2662,CPI,P36894,compound,protein,0
2662,CPI,P51151,compound,protein,0
2662,CPI,Q9UQM7,compound,protein,0
2663,CPI,P08588,compound,protein,1
2678,CPI,P20309,compound,protein,1
2678,CPI,P21397,compound,protein,1
2678,CPI,P21554,compound,protein,1
2678,CPI,O95342,compound,protein,0
2678,CPI,P08238,compound,protein,0
2678,CPI,P49354,compound,protein,0
2689,CPI,Q8IYT8,compound,protein,0
2690,CPI,P0DMS8,compound,protein,1
2690,CPI,P12931,compound,protein,0
2690,CPI,P00533,compound,protein,0
2690,CPI,P21452,compound,protein,0
26937,CPI,P25021,compound,protein,1
26987,CPI,P08172,compound,protein,1
26987,CPI,P30556,compound,protein,1
26987,CPI,Q96RR4,compound,protein,0
26987,CPI,Q92772,compound,protein,0
26987,CPI,O14733,compound,protein,0
26987,CPI,Q6PHR2,compound,protein,0
2703,CPI,Q02779,compound,protein,0
2712,CPI,O00591,compound,protein,1
2712,CPI,O75496,compound,protein,1
2712,CPI,P08588,compound,protein,1
2712,CPI,P08908,compound,protein,1
2712,CPI,P18505,compound,protein,1
2712,CPI,P21397,compound,protein,1
2712,CPI,P78334,compound,protein,1
2712,CPI,Q08499,compound,protein,1
2712,CPI,Q9Y5N1,compound,protein,1
2712,CPI,Q9Y2U5,compound,protein,0
2712,CPI,Q99700,compound,protein,0
2712,CPI,Q9Y2K2,compound,protein,0
2712,CPI,P32298,compound,protein,0
2712,CPI,O14733,compound,protein,0
2713,CPI,P0DMS8,compound,protein,1
2713,CPI,P41145,compound,protein,1
2713,CPI,P46098,compound,protein,1
2713,CPI,Q14680,compound,protein,0
2713,CPI,Q13177,compound,protein,0
2713,CPI,P50613,compound,protein,0
2713,CPI,P42336,compound,protein,0
2713,CPI,Q9UM73,compound,protein,0
2717,CPI,Q8NE63,compound,protein,0
2719,CPI,P30542,compound,protein,1
2719,CPI,P23458,compound,protein,0
2719,CPI,Q04912,compound,protein,0
2719,CPI,Q16513,compound,protein,0
2719,CPI,Q9HAZ1,compound,protein,0
2720,CPI,Q8NE63,compound,protein,0
2720,CPI,Q06710,compound,protein,0
2722,CPI,P07949,compound,protein,0
2723,CPI,Q9HBX9,compound,protein,0
2724385,CPI,P11473,compound,protein,1
2724385,CPI,P30556,compound,protein,1
2724385,CPI,Q16236,compound,protein,1
2724385,CPI,Q96RI1,compound,protein,1
2724385,CPI,P23280,compound,protein,0
2724385,CPI,Q8TBX8,compound,protein,0
2724385,CPI,Q13188,compound,protein,0
2724385,CPI,Q06418,compound,protein,0
2724385,CPI,Q8IU85,compound,protein,0
2725,CPI,O95835,compound,protein,0
2726,CPI,P02545,compound,protein,1
2726,CPI,P21918,compound,protein,1
2726,CPI,P45983,compound,protein,0
2727,CPI,P08172,compound,protein,1
2727,CPI,P14416,compound,protein,0
2733,CPI,Q9UIF8,compound,protein,1
2733,CPI,P54132,compound,protein,0
2733526,CPI,P10275,compound,protein,1
2733526,CPI,P21397,compound,protein,1
2733526,CPI,P25103,compound,protein,1
2733526,CPI,P41968,compound,protein,1
2733526,CPI,Q96AT9,compound,protein,0
2733526,CPI,Q96MD2,compound,protein,0
273769,CPI,Q15418,compound,protein,0
27447,CPI,P21397,compound,protein,1
27447,CPI,P31645,compound,protein,1
27447,CPI,O60285,compound,protein,0
27447,CPI,P17948,compound,protein,0
2745696,CPI,Q9HC97,compound,protein,1
2746,CPI,Q969S8,compound,protein,1
2749,CPI,O95342,compound,protein,0
2750,CPI,P08913,compound,protein,1
2750,CPI,P49798,compound,protein,1
2750,CPI,P19525,compound,protein,0
2750,CPI,P51955,compound,protein,0
2750,CPI,P50406,compound,protein,0
2750,CPI,P46734,compound,protein,0
2752,CPI,P0DMS8,compound,protein,1
2752,CPI,P28223,compound,protein,1
2752,CPI,Q01959,compound,protein,1
2752,CPI,Q8WU08,compound,protein,0
2752,CPI,Q9P1W9,compound,protein,0
2754,CPI,P41145,compound,protein,1
2756,CPI,P25021,compound,protein,1
2756,CPI,P25103,compound,protein,1
2756,CPI,Q06418,compound,protein,0
2756,CPI,O75582,compound,protein,0
2756,CPI,O00750,compound,protein,0
2761,CPI,P08173,compound,protein,1
2762,CPI,O43193,compound,protein,1
2762,CPI,P0DMS8,compound,protein,1
2762,CPI,P21731,compound,protein,1
2762,CPI,P41145,compound,protein,1
2762,CPI,Q92847,compound,protein,1
2764,CPI,P08588,compound,protein,1
2764,CPI,P11229,compound,protein,1
2764,CPI,P00519,compound,protein,0
2764,CPI,P24941,compound,protein,0
2764,CPI,P48736,compound,protein,0
2764,CPI,P50750,compound,protein,0
27661,CPI,P41145,compound,protein,1
27661,CPI,Q8TDS4,compound,protein,1
27661,CPI,P10721,compound,protein,0
27661,CPI,Q5VT25,compound,protein,0
2769,CPI,P11229,compound,protein,1
2769,CPI,P34969,compound,protein,1
2769,CPI,Q9Y251,compound,protein,0
2769,CPI,P33261,compound,protein,0
2769,CPI,P54760,compound,protein,0
2769229,CPI,P08684,compound,protein,1
2777,CPI,P16234,compound,protein,0
2780,CPI,P41595,compound,protein,1
2782,CPI,O94782,compound,protein,1
2782,CPI,P30411,compound,protein,0
2782,CPI,Q9NY57,compound,protein,0
2783,CPI,P29466,compound,protein,0
2783,CPI,P15121,compound,protein,0
2784,CPI,Q9P1W9,compound,protein,0
2788,CPI,O75496,compound,protein,1
2788,CPI,P35462,compound,protein,1
2788,CPI,P32238,compound,protein,0
2788,CPI,Q13557,compound,protein,0
2788,CPI,P16591,compound,protein,0
2790,CPI,P50281,compound,protein,0
2794,CPI,P10635,compound,protein,1
2794,CPI,Q00526,compound,protein,0
2796,CPI,P18825,compound,protein,1
2797577,CPI,O43781,compound,protein,1
2798,CPI,Q12809,compound,protein,1
2801,CPI,P10635,compound,protein,1
2801,CPI,P14416,compound,protein,1
2801,CPI,P21554,compound,protein,1
2801,CPI,P27695,compound,protein,1
2801,CPI,P28335,compound,protein,1
2801,CPI,P35372,compound,protein,1
2801,CPI,Q99720,compound,protein,1
2801,CPI,O15438,compound,protein,0
2801,CPI,P51449,compound,protein,0
2801,CPI,Q9NQU5,compound,protein,0
2802190,CPI,Q96D53,compound,protein,0
2803,CPI,P21397,compound,protein,1
2803,CPI,P21554,compound,protein,1
2803,CPI,O95382,compound,protein,0
2812,CPI,P11511,compound,protein,1
2812,CPI,P28223,compound,protein,1
2812,CPI,P35462,compound,protein,1
2812,CPI,P41145,compound,protein,1
2812,CPI,Q14680,compound,protein,0
2812,CPI,P36894,compound,protein,0
2812,CPI,O75676,compound,protein,0
2812,CPI,Q9Y6R4,compound,protein,0
2812,CPI,P15056,compound,protein,0
2812,CPI,Q07912,compound,protein,0
2814135,CPI,Q460N5,compound,protein,0
2824173,CPI,P04062,compound,protein,1
28417,CPI,P21728,compound,protein,1
28417,CPI,Q9H4B4,compound,protein,0
28417,CPI,Q14164,compound,protein,0
2866,CPI,P28222,compound,protein,1
2866,CPI,P11802,compound,protein,0
2882,CPI,P07900,compound,protein,1
28871,CPI,P54619,compound,protein,0
2905,CPI,P16050,compound,protein,0
2910,CPI,P00915,compound,protein,1
2910,CPI,P54710,compound,protein,1
2910,CPI,O75874,compound,protein,0
2910,CPI,P30291,compound,protein,0
2910,CPI,P46098,compound,protein,0
2913,CPI,P23975,compound,protein,1
2913,CPI,Q86V86,compound,protein,0
2913,CPI,P41743,compound,protein,0
2921148,CPI,P21728,compound,protein,1
2930014,CPI,P06276,compound,protein,1
2941340,CPI,Q96QE3,compound,protein,1
2941340,CPI,P57058,compound,protein,0
2946732,CPI,P10696,compound,protein,1
2949965,CPI,P04637,compound,protein,1
2955,CPI,P0DMS8,compound,protein,1
2955,CPI,P21731,compound,protein,1
2955,CPI,Q01959,compound,protein,1
2955,CPI,Q9Y2K2,compound,protein,0
2968,CPI,P35354,compound,protein,0
2980973,CPI,P11473,compound,protein,1
2980973,CPI,P28482,compound,protein,1
2980973,CPI,Q13285,compound,protein,1
2980973,CPI,Q13976,compound,protein,0
2986153,CPI,Q9UNA4,compound,protein,1
2993,CPI,Q15569,compound,protein,0
2995,CPI,P18089,compound,protein,1
2995,CPI,Q9Y2U5,compound,protein,0
3000322,CPI,P43681,compound,protein,1
3000322,CPI,P07947,compound,protein,0
3000322,CPI,P00533,compound,protein,0
3001055,CPI,P04150,compound,protein,1
3001055,CPI,P21731,compound,protein,1
3001055,CPI,P32245,compound,protein,1
3001055,CPI,P47871,compound,protein,1
3001055,CPI,P50406,compound,protein,0
3001055,CPI,Q9P1W9,compound,protein,0
3001055,CPI,O94806,compound,protein,0
3001055,CPI,Q9H4B4,compound,protein,0
3012,CPI,P10635,compound,protein,1
3012,CPI,O14757,compound,protein,0
3016,CPI,P18825,compound,protein,1
3016,CPI,Q99928,compound,protein,1
3016,CPI,P11712,compound,protein,0
3016,CPI,Q9UBE8,compound,protein,0
3016,CPI,Q86Y07,compound,protein,0
3019,CPI,Q8WXR4,compound,protein,0
3019,CPI,P16234,compound,protein,0
3019,CPI,Q02779,compound,protein,0
3025,CPI,P50406,compound,protein,0
3025,CPI,Q8TBX8,compound,protein,0
3025961,CPI,Q99700,compound,protein,1
3025961,CPI,Q96SB4,compound,protein,0
3025986,CPI,O00311,compound,protein,1
3025986,CPI,O14757,compound,protein,1
3025986,CPI,O75676,compound,protein,1
3025986,CPI,P07333,compound,protein,1
3025986,CPI,P08922,compound,protein,1
3025986,CPI,P10721,compound,protein,1
3025986,CPI,P11362,compound,protein,1
3025986,CPI,P11802,compound,protein,1
3025986,CPI,P21127,compound,protein,1
3025986,CPI,P22694,compound,protein,1
3025986,CPI,P35916,compound,protein,1
3025986,CPI,P36897,compound,protein,1
3025986,CPI,P41743,compound,protein,1
3025986,CPI,P53667,compound,protein,1
3025986,CPI,P57058,compound,protein,1
3025986,CPI,Q07912,compound,protein,1
3025986,CPI,Q15759,compound,protein,1
3025986,CPI,Q16566,compound,protein,1
3025986,CPI,Q16816,compound,protein,1
3025986,CPI,Q8NFD2,compound,protein,1
3025986,CPI,Q9BWU1,compound,protein,1
3025986,CPI,Q9H1R3,compound,protein,1
3025986,CPI,Q9HCP0,compound,protein,1
3025986,CPI,Q9UF33,compound,protein,1
3025986,CPI,Q9Y5S2,compound,protein,1
3025986,CPI,Q96KQ7,compound,protein,0
3025986,CPI,P16050,compound,protein,0
3025986,CPI,P13945,compound,protein,0
3025986,CPI,P41968,compound,protein,0
3025986,CPI,Q8N239,compound,protein,0
3025986,CPI,A1L390,compound,protein,0
3025986,CPI,O00287,compound,protein,0
3025986,CPI,O60243,compound,protein,0
3025986,CPI,Q96GS6,compound,protein,0
3025986,CPI,P20160,compound,protein,0
3025986,CPI,Q5H9U9,compound,protein,0
3025986,CPI,Q96MC2,compound,protein,0
3025986,CPI,Q5DT21,compound,protein,0
3025986,CPI,Q9P1Y6,compound,protein,0
30322,CPI,P05023,compound,protein,1
30322,CPI,Q5VT25,compound,protein,0
3033,CPI,P02766,compound,protein,1
3033,CPI,P22303,compound,protein,1
3033,CPI,P25021,compound,protein,1
3033,CPI,P35367,compound,protein,1
3033,CPI,P43681,compound,protein,1
3033,CPI,P08684,compound,protein,0
3033,CPI,P37840,compound,protein,0
3033,CPI,Q09013,compound,protein,0
3033,CPI,Q16512,compound,protein,0
3033,CPI,Q96NX5,compound,protein,0
3033637,CPI,P07550,compound,protein,1
3033637,CPI,P0DMS8,compound,protein,1
3033637,CPI,P21731,compound,protein,1
3033637,CPI,P35354,compound,protein,1
3033637,CPI,Q08499,compound,protein,1
3033637,CPI,P22607,compound,protein,0
3033637,CPI,Q15139,compound,protein,0
3033637,CPI,Q13627,compound,protein,0
3033769,CPI,Q16539,compound,protein,0
3034010,CPI,P16233,compound,protein,1
3034010,CPI,O15438,compound,protein,0
3034010,CPI,O95342,compound,protein,0
3034010,CPI,Q15208,compound,protein,0
3035746,CPI,Q02641,compound,protein,0
3035842,CPI,Q9H1R3,compound,protein,0
3036780,CPI,P08588,compound,protein,1
3036780,CPI,P28223,compound,protein,1
3036780,CPI,P07947,compound,protein,0
3036864,CPI,Q99720,compound,protein,1
3037,CPI,P42680,compound,protein,0
3038,CPI,P30556,compound,protein,1
3038,CPI,P37288,compound,protein,1
3038,CPI,P49759,compound,protein,0
3038,CPI,P07333,compound,protein,0
3038495,CPI,P36888,compound,protein,0
3038495,CPI,P45984,compound,protein,0
3038522,CPI,O60285,compound,protein,1
3038522,CPI,O95819,compound,protein,1
3038522,CPI,P29376,compound,protein,1
3038522,CPI,P57058,compound,protein,1
3038522,CPI,Q00526,compound,protein,1
3038522,CPI,Q13233,compound,protein,1
3038522,CPI,Q16288,compound,protein,1
3038522,CPI,Q6ZN16,compound,protein,1
3038522,CPI,Q99755,compound,protein,1
3038522,CPI,Q9BUB5,compound,protein,1
3038522,CPI,Q9NQU5,compound,protein,1
3038522,CPI,Q9NRH2,compound,protein,1
3038522,CPI,Q15878,compound,protein,0
3038522,CPI,Q04206,compound,protein,0
3038522,CPI,P12821,compound,protein,0
3038522,CPI,Q92793,compound,protein,0
3038522,CPI,P34913,compound,protein,0
3038522,CPI,Q9P0X4,compound,protein,0
3038522,CPI,O15245,compound,protein,0
3038522,CPI,Q9UN88,compound,protein,0
3038522,CPI,P20711,compound,protein,0
3038522,CPI,P46063,compound,protein,0
3038522,CPI,P07305,compound,protein,0
3038522,CPI,Q99250,compound,protein,0
3038522,CPI,O15118,compound,protein,0
3038522,CPI,Q13621,compound,protein,0
3038522,CPI,Q05586,compound,protein,0
3038522,CPI,O75475,compound,protein,0
3038522,CPI,Q8NEB9,compound,protein,0
3038522,CPI,P41235,compound,protein,0
3038522,CPI,P28335,compound,protein,0
3038522,CPI,Q14957,compound,protein,0
3038522,CPI,P63165,compound,protein,0
3038522,CPI,P28907,compound,protein,0
3038522,CPI,P54803,compound,protein,0
3038522,CPI,P26358,compound,protein,0
3038525,CPI,P07333,compound,protein,1
3038525,CPI,P49840,compound,protein,1
3038525,CPI,P51957,compound,protein,1
3038525,CPI,P68400,compound,protein,1
3038525,CPI,Q08881,compound,protein,1
3038525,CPI,Q13627,compound,protein,1
3038525,CPI,Q15759,compound,protein,1
3038525,CPI,Q5S007,compound,protein,1
3038525,CPI,Q99759,compound,protein,1
3038525,CPI,Q9UQB9,compound,protein,1
3038525,CPI,P21731,compound,protein,0
3038525,CPI,P07550,compound,protein,0
3038525,CPI,P37288,compound,protein,0
3038525,CPI,Q9UIF8,compound,protein,0
3038525,CPI,P03372,compound,protein,0
3038525,CPI,P27338,compound,protein,0
3038525,CPI,Q16790,compound,protein,0
3038525,CPI,P20309,compound,protein,0
3038525,CPI,P14416,compound,protein,0
3038525,CPI,P41968,compound,protein,0
3038525,CPI,P16499,compound,protein,0
3038525,CPI,P06493,compound,protein,0
3038525,CPI,O95409,compound,protein,0
3038525,CPI,Q8WWW0,compound,protein,0
3038525,CPI,Q9HAY2,compound,protein,0
3038525,CPI,Q8IZW8,compound,protein,0
3038525,CPI,Q17R55,compound,protein,0
3038525,CPI,Q7Z443,compound,protein,0
3052776,CPI,O15111,compound,protein,0
3053,CPI,P16050,compound,protein,1
3062316,CPI,O14730,compound,protein,1
3062316,CPI,O15530,compound,protein,1
3062316,CPI,O95382,compound,protein,1
3062316,CPI,O95835,compound,protein,1
3062316,CPI,P19784,compound,protein,1
3062316,CPI,P27037,compound,protein,1
3062316,CPI,P43403,compound,protein,1
3062316,CPI,P49760,compound,protein,1
3062316,CPI,Q09013,compound,protein,1
3062316,CPI,Q6XUX3,compound,protein,1
3062316,CPI,Q8IVW4,compound,protein,1
3062316,CPI,Q9BXA7,compound,protein,1
3062316,CPI,Q9HAZ1,compound,protein,1
3062316,CPI,Q9NSY1,compound,protein,1
3062316,CPI,Q9UKI8,compound,protein,1
3062316,CPI,Q9Y5S2,compound,protein,1
3062316,CPI,P41595,compound,protein,0
3062316,CPI,P20309,compound,protein,0
3062316,CPI,P11712,compound,protein,0
3062316,CPI,P08173,compound,protein,0
3062316,CPI,Q16236,compound,protein,0
3062316,CPI,Q9UHD9,compound,protein,0
3062316,CPI,Q8IVW1,compound,protein,0
3062316,CPI,Q05516,compound,protein,0
3062316,CPI,Q9NVA2,compound,protein,0
3062316,CPI,Q96MW1,compound,protein,0
3062316,CPI,O75437,compound,protein,0
3062316,CPI,Q06413,compound,protein,0
3062316,CPI,Q7Z5A9,compound,protein,0
3062316,CPI,Q14694,compound,protein,0
3062316,CPI,Q8WZ75,compound,protein,0
3062316,CPI,Q4KWH8,compound,protein,0
3062316,CPI,Q12829,compound,protein,0
3064778,CPI,P08235,compound,protein,0
3064778,CPI,O75469,compound,protein,0
30751,CPI,O95342,compound,protein,0
3077,CPI,Q9NUW8,compound,protein,1
3080926,CPI,P43220,compound,protein,0
3081361,CPI,O14976,compound,protein,1
3081361,CPI,O15530,compound,protein,1
3081361,CPI,O75747,compound,protein,1
3081361,CPI,O95382,compound,protein,1
3081361,CPI,P07947,compound,protein,1
3081361,CPI,P21127,compound,protein,1
3081361,CPI,P30291,compound,protein,1
3081361,CPI,P31751,compound,protein,1
3081361,CPI,P35590,compound,protein,1
3081361,CPI,P42685,compound,protein,1
3081361,CPI,P48730,compound,protein,1
3081361,CPI,P49761,compound,protein,1
3081361,CPI,P49841,compound,protein,1
3081361,CPI,P54764,compound,protein,1
3081361,CPI,P78356,compound,protein,1
3081361,CPI,Q05655,compound,protein,1
3081361,CPI,Q13153,compound,protein,1
3081361,CPI,Q16513,compound,protein,1
3081361,CPI,Q8TDC3,compound,protein,1
3081361,CPI,Q8TDR2,compound,protein,1
3081361,CPI,Q9BXA7,compound,protein,1
3081361,CPI,Q9H093,compound,protein,1
3081361,CPI,Q9NUW8,compound,protein,1
3081361,CPI,Q9NY57,compound,protein,1
3081361,CPI,Q9NYY3,compound,protein,1
3081361,CPI,Q9UQ88,compound,protein,1
3081361,CPI,O15400,compound,protein,0
3081361,CPI,Q96RD2,compound,protein,0
3081361,CPI,Q9H9E1,compound,protein,0
3081361,CPI,Q0VG99,compound,protein,0
3081361,CPI,Q7Z5J4,compound,protein,0
3081361,CPI,P60323,compound,protein,0
3081361,CPI,Q8N9M5,compound,protein,0
3081361,CPI,P46977,compound,protein,0
3081361,CPI,Q9UNF1,compound,protein,0
3081361,CPI,P24821,compound,protein,0
3081361,CPI,P29590,compound,protein,0
3081361,CPI,Q5HYW2,compound,protein,0
3081361,CPI,Q9NQX1,compound,protein,0
3081361,CPI,Q6IE38,compound,protein,0
3081361,CPI,P40937,compound,protein,0
3081361,CPI,Q9BQL6,compound,protein,0
3081361,CPI,Q8IVS8,compound,protein,0
3081361,CPI,Q92974,compound,protein,0
3081361,CPI,Q9BXS6,compound,protein,0
3081361,CPI,Q10571,compound,protein,0
3085219,CPI,P51817,compound,protein,0
3086618,CPI,Q9BY41,compound,protein,0
3100,CPI,P08173,compound,protein,1
3100,CPI,O95819,compound,protein,0
3100,CPI,P35590,compound,protein,0
3103,CPI,P11229,compound,protein,1
310557,CPI,P43220,compound,protein,1
310557,CPI,P42685,compound,protein,0
3106,CPI,P21728,compound,protein,1
31072,CPI,P08588,compound,protein,1
31072,CPI,Q8IY84,compound,protein,0
3108,CPI,P10635,compound,protein,1
3108,CPI,P57078,compound,protein,0
3108,CPI,O15075,compound,protein,0
3108,CPI,Q8IY84,compound,protein,0
3108,CPI,Q8TD08,compound,protein,0
31101,CPI,P07550,compound,protein,1
31101,CPI,P22303,compound,protein,1
31101,CPI,P49798,compound,protein,1
31101,CPI,P50406,compound,protein,1
31101,CPI,P04083,compound,protein,0
31101,CPI,P27338,compound,protein,0
31101,CPI,Q96NX5,compound,protein,0
31101,CPI,O14764,compound,protein,0
3111,CPI,P00918,compound,protein,0
3111211,CPI,P27037,compound,protein,0
3111211,CPI,Q9H3Y6,compound,protein,0
3114,CPI,P21728,compound,protein,1
3114,CPI,Q14004,compound,protein,0
3114,CPI,P51617,compound,protein,0
3116236,CPI,P38398,compound,protein,1
3116236,CPI,Q16558,compound,protein,0
3117,CPI,Q13148,compound,protein,1
3117,CPI,P06239,compound,protein,0
3117,CPI,Q92847,compound,protein,0
3117,CPI,P15735,compound,protein,0
3117,CPI,P28482,compound,protein,0
3117,CPI,P36896,compound,protein,0
3121,CPI,P35462,compound,protein,1
3121,CPI,P41145,compound,protein,1
3121,CPI,P23141,compound,protein,0
3121,CPI,Q16236,compound,protein,0
3121,CPI,Q92753,compound,protein,0
3121,CPI,P22760,compound,protein,0
312145,CPI,O00329,compound,protein,1
312145,CPI,O94925,compound,protein,1
312145,CPI,Q9UBF8,compound,protein,1
312145,CPI,P60568,compound,protein,0
312145,CPI,P43088,compound,protein,0
3135,CPI,P37840,compound,protein,1
3135,CPI,O43570,compound,protein,0
31508,CPI,P30411,compound,protein,1
3151,CPI,P10635,compound,protein,1
3151,CPI,Q01959,compound,protein,1
3151,CPI,Q06278,compound,protein,1
3151,CPI,P51956,compound,protein,0
3151,CPI,Q13464,compound,protein,0
3152,CPI,P21397,compound,protein,1
3152,CPI,P35367,compound,protein,1
3152,CPI,Q00653,compound,protein,1
3152,CPI,Q9Y5N1,compound,protein,1
3152,CPI,Q92887,compound,protein,0
3152,CPI,P21860,compound,protein,0
3152,CPI,Q86Z02,compound,protein,0
3152427,CPI,P16050,compound,protein,1
31549,CPI,Q96L21,compound,protein,1
31549,CPI,P10635,compound,protein,0
31553,CPI,O75496,compound,protein,1
31553,CPI,Q9P289,compound,protein,0
3156,CPI,O14649,compound,protein,1
3156,CPI,P14625,compound,protein,0
3159995,CPI,P04637,compound,protein,1
3164059,CPI,P54132,compound,protein,1
3164059,CPI,Q05397,compound,protein,0
3168,CPI,P08684,compound,protein,1
3168,CPI,Q12809,compound,protein,1
31703,CPI,P08172,compound,protein,1
31703,CPI,Q14978,compound,protein,1
31703,CPI,P04637,compound,protein,0
31729,CPI,O75897,compound,protein,1
31729,CPI,P35372,compound,protein,1
31729,CPI,P78508,compound,protein,1
31729,CPI,Q9NPA1,compound,protein,1
31729,CPI,Q92830,compound,protein,0
31729,CPI,Q9NRP7,compound,protein,0
3194,CPI,P10635,compound,protein,1
3194,CPI,P30556,compound,protein,0
3198,CPI,Q2M2I8,compound,protein,0
3198,CPI,P50613,compound,protein,0
3198,CPI,P41743,compound,protein,0
3198,CPI,Q14680,compound,protein,0
3198,CPI,Q16539,compound,protein,0
3198,CPI,Q8IWQ3,compound,protein,0
3198,CPI,P28221,compound,protein,0
3198,CPI,O15075,compound,protein,0
3213,CPI,P08913,compound,protein,0
3213,CPI,P30556,compound,protein,0
3213,CPI,P46098,compound,protein,0
3213,CPI,P36888,compound,protein,0
3220,CPI,P16473,compound,protein,1
3220,CPI,Q9H244,compound,protein,1
3220,CPI,Q9BYF1,compound,protein,0
3220,CPI,P99999,compound,protein,0
3226,CPI,P18507,compound,protein,1
3226,CPI,P54289,compound,protein,1
3226,CPI,Q13698,compound,protein,1
3226,CPI,O94921,compound,protein,0
3226,CPI,O15530,compound,protein,0
323,CPI,P54803,compound,protein,1
323,CPI,Q16790,compound,protein,1
3233276,CPI,P10635,compound,protein,1
3233276,CPI,Q9HAZ1,compound,protein,1
3234184,CPI,P08684,compound,protein,1
3234345,CPI,O75496,compound,protein,1
3234345,CPI,P33261,compound,protein,1
3234345,CPI,Q5T601,compound,protein,0
3234850,CPI,P20701,compound,protein,0
3235086,CPI,Q9NR56,compound,protein,0
3235086,CPI,Q9Y6L6,compound,protein,0
3235166,CPI,P11309,compound,protein,0
3235398,CPI,P10635,compound,protein,1
3235398,CPI,Q16665,compound,protein,1
3235398,CPI,Q9UNA4,compound,protein,1
3237904,CPI,Q9H1R3,compound,protein,0
3238389,CPI,P43220,compound,protein,1
3238417,CPI,P01215,compound,protein,1
3238417,CPI,O15118,compound,protein,0
3238417,CPI,P45984,compound,protein,0
3238944,CPI,Q96QE3,compound,protein,1
3238944,CPI,P16473,compound,protein,0
3238944,CPI,P49759,compound,protein,0
3242,CPI,O60503,compound,protein,0
3242434,CPI,Q15208,compound,protein,0
3243424,CPI,P11712,compound,protein,1
3243760,CPI,P51957,compound,protein,0
3248000,CPI,P78362,compound,protein,0
3250,CPI,P28566,compound,protein,1
3256,CPI,O94768,compound,protein,0
3270699,CPI,P25103,compound,protein,0
3278,CPI,P08588,compound,protein,1
3278,CPI,P21731,compound,protein,1
3278,CPI,P30542,compound,protein,1
3278,CPI,P32238,compound,protein,1
3278,CPI,Q06187,compound,protein,0
3278,CPI,Q9BZL6,compound,protein,0
3278,CPI,Q8IVW4,compound,protein,0
3280,CPI,P28482,compound,protein,1
3280,CPI,Q9NUW8,compound,protein,1
3287,CPI,P25929,compound,protein,1
3287,CPI,P10275,compound,protein,0
3287,CPI,O75116,compound,protein,0
32875,CPI,P43220,compound,protein,1
3291,CPI,O75469,compound,protein,1
3291,CPI,O95342,compound,protein,0
3291,CPI,Q8TDS4,compound,protein,0
3291,CPI,Q9UBF8,compound,protein,0
3292447,CPI,P27695,compound,protein,1
3293,CPI,P33261,compound,protein,1
3293,CPI,Q96KQ7,compound,protein,1
33032,CPI,O15067,compound,protein,1
33032,CPI,Q8N5Z0,compound,protein,1
33032,CPI,Q9UDR5,compound,protein,1
33032,CPI,Q13153,compound,protein,0
33032,CPI,O75604,compound,protein,0
33036,CPI,P23458,compound,protein,0
33036,CPI,P35590,compound,protein,0
33036,CPI,P42345,compound,protein,0
3307,CPI,P25105,compound,protein,1
3314,CPI,Q8NET8,compound,protein,1
3324,CPI,P08235,compound,protein,0
3324,CPI,P22694,compound,protein,0
3325,CPI,P08172,compound,protein,1
3325,CPI,P18825,compound,protein,1
3325,CPI,Q8TCC7,compound,protein,0
3325,CPI,Q92887,compound,protein,0
3325,CPI,P42345,compound,protein,0
3325,CPI,Q16539,compound,protein,0
3325,CPI,P10636,compound,protein,0
3325,CPI,Q5VT25,compound,protein,0
3330,CPI,P54132,compound,protein,1
3334,CPI,O75469,compound,protein,1
3334,CPI,P07437,compound,protein,1
3334,CPI,P46063,compound,protein,0
3336,CPI,P08172,compound,protein,1
3336,CPI,P35354,compound,protein,0
3339,CPI,P28335,compound,protein,1
3339,CPI,P41595,compound,protein,1
3339,CPI,O43283,compound,protein,0
3341,CPI,Q9P1W9,compound,protein,0
3341,CPI,O15530,compound,protein,0
3341,CPI,O14976,compound,protein,0
3342,CPI,P35354,compound,protein,1
3348,CPI,P18825,compound,protein,1
3348,CPI,Q12809,compound,protein,1
3348,CPI,O95342,compound,protein,0
3351,CPI,Q14680,compound,protein,0
3354,CPI,P10635,compound,protein,1
3354,CPI,Q86YV6,compound,protein,0
33572,CPI,Q00536,compound,protein,0
33613,CPI,P13631,compound,protein,1
33613,CPI,P12931,compound,protein,0
33625,CPI,P08913,compound,protein,1
33630,CPI,P13945,compound,protein,1
33630,CPI,P41595,compound,protein,1
33630,CPI,P53355,compound,protein,0
33630,CPI,Q6ZN16,compound,protein,0
33630,CPI,Q9UKI8,compound,protein,0
336423,CPI,Q16637,compound,protein,1
3365,CPI,P07900,compound,protein,1
3365,CPI,P08684,compound,protein,1
3365,CPI,P21728,compound,protein,1
3365,CPI,P35367,compound,protein,1
3365,CPI,P35462,compound,protein,1
3365,CPI,P37288,compound,protein,1
3365,CPI,Q14680,compound,protein,0
3365,CPI,P78368,compound,protein,0
3365,CPI,P04626,compound,protein,0
3366,CPI,P18089,compound,protein,1
3366,CPI,P21728,compound,protein,1
3366,CPI,P25021,compound,protein,1
3366,CPI,Q13936,compound,protein,0
3366,CPI,Q9NY57,compound,protein,0
3371,CPI,P28223,compound,protein,1
3371,CPI,P19784,compound,protein,0
3371,CPI,Q32MK0,compound,protein,0
3371,CPI,P07858,compound,protein,0
3372,CPI,P35372,compound,protein,1
3372,CPI,P49798,compound,protein,1
3372,CPI,P11362,compound,protein,0
3372,CPI,Q5VU69,compound,protein,0
3372,CPI,Q96GD3,compound,protein,0
3373,CPI,O75874,compound,protein,0
3374,CPI,P21802,compound,protein,0
33741,CPI,P18825,compound,protein,1
33741,CPI,Q14957,compound,protein,1
33741,CPI,Q13470,compound,protein,0
338,CPI,P05067,compound,protein,1
338,CPI,P07451,compound,protein,0
338,CPI,Q9Y2D0,compound,protein,0
3386,CPI,P08172,compound,protein,1
3386,CPI,P21452,compound,protein,1
3386,CPI,P25101,compound,protein,1
3386,CPI,P28223,compound,protein,1
3386,CPI,P37288,compound,protein,1
3386,CPI,P41145,compound,protein,1
3386,CPI,P43681,compound,protein,1
3386,CPI,O15438,compound,protein,0
3386,CPI,Q00536,compound,protein,0
3386,CPI,P68400,compound,protein,0
3386,CPI,P28222,compound,protein,0
3386,CPI,Q96SB4,compound,protein,0
3386,CPI,P24941,compound,protein,0
3386,CPI,Q6PHR2,compound,protein,0
3386,CPI,O15111,compound,protein,0
3387354,CPI,P28566,compound,protein,0
3392731,CPI,P54762,compound,protein,0
3392731,CPI,O60674,compound,protein,0
3396,CPI,P41146,compound,protein,1
3396,CPI,P08173,compound,protein,0
3406,CPI,P25929,compound,protein,1
3406,CPI,P28223,compound,protein,1
3406,CPI,P32245,compound,protein,1
3406,CPI,P35367,compound,protein,1
3406,CPI,P41968,compound,protein,1
3406,CPI,Q01959,compound,protein,1
3406,CPI,Q96BR1,compound,protein,0
3408722,CPI,Q6DT37,compound,protein,0
3426979,CPI,P17252,compound,protein,0
3426979,CPI,O15111,compound,protein,0
34312,CPI,P54803,compound,protein,1
34312,CPI,Q99250,compound,protein,1
3442,CPI,P00352,compound,protein,1
3442,CPI,Q96KQ7,compound,protein,1
3442,CPI,Q86YV6,compound,protein,0
3446,CPI,O43525,compound,protein,1
3446,CPI,Q9NY47,compound,protein,1
3446,CPI,P54132,compound,protein,0
3446,CPI,Q16512,compound,protein,0
3446,CPI,P10635,compound,protein,0
3447,CPI,P00748,compound,protein,1
3448,CPI,P49798,compound,protein,1
3448,CPI,O60674,compound,protein,0
3450,CPI,P07550,compound,protein,1
3450,CPI,P30542,compound,protein,1
3450,CPI,P32245,compound,protein,1
3450,CPI,Q15084,compound,protein,0
3454,CPI,P19838,compound,protein,1
3456,CPI,O15296,compound,protein,1
3456,CPI,P05177,compound,protein,1
3456,CPI,P08069,compound,protein,0
3456,CPI,P08922,compound,protein,0
3463,CPI,P02766,compound,protein,1
3463,CPI,P21554,compound,protein,1
3463,CPI,Q16637,compound,protein,1
3463,CPI,P00352,compound,protein,0
3463,CPI,P49137,compound,protein,0
34633,CPI,P49768,compound,protein,0
3467590,CPI,Q15303,compound,protein,0
3467590,CPI,P53778,compound,protein,0
3467590,CPI,O00506,compound,protein,0
3474,CPI,Q12797,compound,protein,0
3475,CPI,P30411,compound,protein,1
3475,CPI,Q9UQ88,compound,protein,0
3475,CPI,Q16584,compound,protein,0
34772,CPI,P49798,compound,protein,1
3478,CPI,Q9HCC0,compound,protein,0
3478,CPI,Q13555,compound,protein,0
3478,CPI,P35414,compound,protein,0
3478,CPI,P01031,compound,protein,0
3478,CPI,O00750,compound,protein,0
3488,CPI,P08172,compound,protein,1
3488,CPI,P08588,compound,protein,1
3488,CPI,Q9Y6L6,compound,protein,1
3488,CPI,P54764,compound,protein,0
3494,CPI,P11229,compound,protein,1
3494,CPI,P20309,compound,protein,1
3494,CPI,Q8IU85,compound,protein,0
3503,CPI,O75604,compound,protein,1
3503044,CPI,P27695,compound,protein,1
3510,CPI,P08173,compound,protein,1
3510,CPI,P34969,compound,protein,1
3516032,CPI,Q8WUI4,compound,protein,1
35370,CPI,P35367,compound,protein,1
35370,CPI,O43318,compound,protein,0
35370,CPI,Q9NWZ3,compound,protein,0
3538,CPI,O94782,compound,protein,1
3538139,CPI,O75496,compound,protein,1
3542,CPI,P61925,compound,protein,1
3547,CPI,O14965,compound,protein,1
3547,CPI,P28223,compound,protein,1
3547,CPI,Q16659,compound,protein,0
3547,CPI,P54132,compound,protein,0
3547,CPI,O00750,compound,protein,0
3547,CPI,Q9BUB5,compound,protein,0
3547,CPI,P10275,compound,protein,0
3547,CPI,Q9H3Y6,compound,protein,0
3547,CPI,P49798,compound,protein,0
3561,CPI,P11229,compound,protein,1
3568,CPI,P27695,compound,protein,1
3598,CPI,O75604,compound,protein,1
3598,CPI,P05177,compound,protein,1
3598,CPI,P0DMS8,compound,protein,1
3598,CPI,P16050,compound,protein,1
3598,CPI,P61956,compound,protein,1
3598,CPI,O75116,compound,protein,0
3598,CPI,Q04759,compound,protein,0
3604,CPI,P49798,compound,protein,1
3611,CPI,P14679,compound,protein,1
361510,CPI,O14936,compound,protein,0
362328,CPI,P08684,compound,protein,1
362328,CPI,Q99714,compound,protein,1
36339,CPI,P49798,compound,protein,0
36339,CPI,P29274,compound,protein,0
3634,CPI,Q9UBT6,compound,protein,1
3634,CPI,Q99808,compound,protein,0
3639,CPI,P46098,compound,protein,1
3639,CPI,O95342,compound,protein,0
3639,CPI,O75116,compound,protein,0
3639,CPI,Q9UQ88,compound,protein,0
3639,CPI,Q03164,compound,protein,0
3647,CPI,P23975,compound,protein,1
3647,CPI,P41968,compound,protein,1
3647,CPI,Q01959,compound,protein,1
3647,CPI,Q08345,compound,protein,0
3647,CPI,Q92630,compound,protein,0
3651377,CPI,Q9H7Z7,compound,protein,1
365287,CPI,O75676,compound,protein,0
3657,CPI,P31350,compound,protein,1
3658,CPI,P21397,compound,protein,1
3658,CPI,P25021,compound,protein,1
3658,CPI,P47898,compound,protein,1
3658,CPI,O95382,compound,protein,0
3658,CPI,P08069,compound,protein,0
3661,CPI,P17787,compound,protein,1
3671,CPI,Q9HCR9,compound,protein,1
3671,CPI,Q15759,compound,protein,0
3672,CPI,P08172,compound,protein,1
3672,CPI,P08908,compound,protein,1
3672,CPI,P13569,compound,protein,1
3672,CPI,P13945,compound,protein,1
3672,CPI,P18825,compound,protein,1
3672,CPI,P21554,compound,protein,1
3672,CPI,O60674,compound,protein,0
3675,CPI,Q9H093,compound,protein,0
3676,CPI,P00533,compound,protein,1
3676,CPI,P21554,compound,protein,1
3676,CPI,O15438,compound,protein,0
3676,CPI,O95069,compound,protein,0
3676,CPI,P27695,compound,protein,0
3677,CPI,P02545,compound,protein,1
3677,CPI,P35368,compound,protein,1
3677,CPI,P30518,compound,protein,0
3678,CPI,Q96QE3,compound,protein,0
36811,CPI,P00918,compound,protein,1
36811,CPI,P31645,compound,protein,1
36811,CPI,O15075,compound,protein,0
36811,CPI,Q9UPE1,compound,protein,0
36811,CPI,Q99755,compound,protein,0
3686,CPI,Q04912,compound,protein,0
3686,CPI,Q9NYY3,compound,protein,0
3686,CPI,O75914,compound,protein,0
3689,CPI,P48051,compound,protein,1
3689,CPI,O94806,compound,protein,0
3689413,CPI,P01215,compound,protein,1
3689413,CPI,P84022,compound,protein,1
3689413,CPI,Q06710,compound,protein,1
3689413,CPI,Q9NR56,compound,protein,1
3689413,CPI,O43353,compound,protein,0
3689416,CPI,P51151,compound,protein,1
3698,CPI,O14965,compound,protein,0
3698,CPI,O95342,compound,protein,0
3698,CPI,Q06710,compound,protein,0
370,CPI,P02545,compound,protein,1
370,CPI,P58335,compound,protein,0
3702,CPI,P18089,compound,protein,1
3702,CPI,P35367,compound,protein,1
3702,CPI,P54803,compound,protein,1
3702,CPI,Q9UBT6,compound,protein,1
3702,CPI,O15439,compound,protein,0
3702,CPI,Q96D53,compound,protein,0
3707,CPI,P36888,compound,protein,1
3707,CPI,P23443,compound,protein,0
3715,CPI,P10275,compound,protein,1
3715,CPI,P14555,compound,protein,1
3715,CPI,P51449,compound,protein,1
3715,CPI,Q16236,compound,protein,1
3715,CPI,Q9Y5N1,compound,protein,1
3715,CPI,Q16620,compound,protein,0
3715,CPI,Q03431,compound,protein,0
37175,CPI,Q16832,compound,protein,0
37175,CPI,P27695,compound,protein,0
3718,CPI,P28223,compound,protein,1
3718,CPI,P51151,compound,protein,1
3718,CPI,O95382,compound,protein,0
3728,CPI,P00533,compound,protein,1
3728,CPI,P27361,compound,protein,1
3728,CPI,Q96L34,compound,protein,0
3728,CPI,Q99755,compound,protein,0
3730,CPI,P21397,compound,protein,1
3730,CPI,P25021,compound,protein,1
3739,CPI,P18510,compound,protein,0
3746,CPI,P11802,compound,protein,0
37461,CPI,P21917,compound,protein,1
37461,CPI,P35462,compound,protein,1
3748,CPI,O95342,compound,protein,0
3749,CPI,P08588,compound,protein,1
3749,CPI,P10253,compound,protein,1
3749,CPI,P41145,compound,protein,1
3749,CPI,O94782,compound,protein,0
3749,CPI,Q03431,compound,protein,0
3749,CPI,Q9UBF8,compound,protein,0
3749,CPI,P05067,compound,protein,0
37542,CPI,P07550,compound,protein,1
37542,CPI,P18089,compound,protein,1
37542,CPI,P25929,compound,protein,1
37542,CPI,P14616,compound,protein,0
37542,CPI,Q7KZI7,compound,protein,0
3758,CPI,P0DMS8,compound,protein,1
3758,CPI,P29274,compound,protein,1
3759,CPI,P45983,compound,protein,0
3759,CPI,O60674,compound,protein,0
3765,CPI,P21728,compound,protein,1
3767,CPI,O14920,compound,protein,0
3783,CPI,P14416,compound,protein,0
3783,CPI,Q8N5S9,compound,protein,0
3784,CPI,P12931,compound,protein,0
378811,CPI,P63000,compound,protein,0
3793,CPI,Q16665,compound,protein,1
3793,CPI,Q16850,compound,protein,1
3793,CPI,P11511,compound,protein,0
3797,CPI,P50750,compound,protein,0
38081,CPI,P01215,compound,protein,0
3822,CPI,P07550,compound,protein,1
3822,CPI,P23975,compound,protein,1
3822,CPI,P41595,compound,protein,1
3822,CPI,Q9Y5N1,compound,protein,1
3823,CPI,O75676,compound,protein,0
3823,CPI,P04629,compound,protein,0
3823393,CPI,P53350,compound,protein,1
3823393,CPI,P30304,compound,protein,1
3823393,CPI,P28222,compound,protein,0
3823393,CPI,Q99720,compound,protein,0
3825,CPI,P30518,compound,protein,1
3825,CPI,P00915,compound,protein,0
3825,CPI,Q04760,compound,protein,0
3825,CPI,Q13882,compound,protein,0
3825,CPI,Q9NRP7,compound,protein,0
3826,CPI,O75469,compound,protein,1
3826,CPI,P0DMS8,compound,protein,1
3826,CPI,P49662,compound,protein,1
3826,CPI,P55211,compound,protein,1
3827,CPI,Q9UQB9,compound,protein,0
3827,CPI,Q8N752,compound,protein,0
3830,CPI,Q92887,compound,protein,0
38409,CPI,P09211,compound,protein,0
3845,CPI,P06280,compound,protein,1
3845,CPI,P36544,compound,protein,1
3845,CPI,P34903,compound,protein,0
3845,CPI,P18505,compound,protein,0
3853,CPI,P08912,compound,protein,1
3853,CPI,P28221,compound,protein,1
3853,CPI,P25021,compound,protein,0
3853,CPI,P33261,compound,protein,0
3853,CPI,P35354,compound,protein,0
3853,CPI,Q14432,compound,protein,0
3853,CPI,P32245,compound,protein,0
3856780,CPI,P10636,compound,protein,1
3856780,CPI,P20292,compound,protein,0
3878,CPI,Q9Y463,compound,protein,0
3883,CPI,P10635,compound,protein,1
3883,CPI,O95342,compound,protein,0
3883,CPI,P46063,compound,protein,0
3883,CPI,P08631,compound,protein,0
3883,CPI,Q13131,compound,protein,0
3883,CPI,O94806,compound,protein,0
38853,CPI,P18089,compound,protein,1
38853,CPI,P54132,compound,protein,1
38853,CPI,O95149,compound,protein,0
38853,CPI,P36888,compound,protein,0
38853,CPI,Q8IYG6,compound,protein,0
38888103,CPI,P14618,compound,protein,1
38945,CPI,P08908,compound,protein,1
38945,CPI,P20309,compound,protein,1
38945,CPI,P34969,compound,protein,1
38945,CPI,Q9H1R3,compound,protein,0
38945,CPI,P25100,compound,protein,0
38945,CPI,P15735,compound,protein,0
38945,CPI,P36896,compound,protein,0
38945,CPI,P29597,compound,protein,0
3896,CPI,Q9UBF8,compound,protein,0
3899,CPI,P08684,compound,protein,1
3899,CPI,Q02127,compound,protein,1
3899,CPI,Q9P289,compound,protein,0
3899,CPI,P48736,compound,protein,0
3902,CPI,P08684,compound,protein,1
39042,CPI,P32245,compound,protein,1
39042,CPI,P10275,compound,protein,0
39065,CPI,P12931,compound,protein,1
3906779,CPI,P11021,compound,protein,1
3906779,CPI,P27695,compound,protein,1
3906894,CPI,P28223,compound,protein,1
3906894,CPI,P28335,compound,protein,1
3915969,CPI,P27695,compound,protein,1
39186,CPI,P37288,compound,protein,1
39186,CPI,Q9NR56,compound,protein,0
39186,CPI,P14618,compound,protein,0
3921152,CPI,P17948,compound,protein,0
3926,CPI,O75604,compound,protein,1
3926,CPI,P31645,compound,protein,1
392622,CPI,P08183,compound,protein,1
392622,CPI,P21554,compound,protein,1
392622,CPI,P28223,compound,protein,1
392622,CPI,P37288,compound,protein,1
3949,CPI,P50406,compound,protein,0
3950,CPI,Q9H169,compound,protein,1
3957,CPI,P43681,compound,protein,1
3957,CPI,P46098,compound,protein,1
3957,CPI,P02766,compound,protein,0
3957,CPI,O43353,compound,protein,0
395754,CPI,P33981,compound,protein,0
3958,CPI,O43193,compound,protein,1
3958,CPI,Q9Y2K2,compound,protein,0
3958,CPI,Q9HCP0,compound,protein,0
3961,CPI,P0C1S8,compound,protein,0
3964,CPI,P23458,compound,protein,0
3964,CPI,P21127,compound,protein,0
3964,CPI,P51451,compound,protein,0
3964,CPI,P19525,compound,protein,0
3964,CPI,P06213,compound,protein,0
3973,CPI,Q16236,compound,protein,1
3973,CPI,Q16665,compound,protein,1
3973,CPI,P43405,compound,protein,0
3973,CPI,P08631,compound,protein,0
3973,CPI,Q15208,compound,protein,0
3973,CPI,Q6XUX3,compound,protein,0
3973,CPI,Q8IU85,compound,protein,0
3976006,CPI,P27695,compound,protein,1
39765,CPI,Q15822,compound,protein,1
398148,CPI,P00734,compound,protein,0
39836,CPI,P54760,compound,protein,0
39912,CPI,O95342,compound,protein,0
4004,CPI,Q9NUW8,compound,protein,1
4008,CPI,O00555,compound,protein,1
4008,CPI,Q9P0X4,compound,protein,1
4008,CPI,Q9Y243,compound,protein,0
4011,CPI,P25100,compound,protein,1
4011,CPI,P42345,compound,protein,1
4011,CPI,Q99700,compound,protein,1
4011,CPI,Q13554,compound,protein,0
4014291,CPI,P11387,compound,protein,1
4020,CPI,P41595,compound,protein,1
4020,CPI,Q13131,compound,protein,0
4020,CPI,O00444,compound,protein,0
4021,CPI,Q9HAW7,compound,protein,0
4021,CPI,P21917,compound,protein,0
4030,CPI,O43193,compound,protein,1
4030,CPI,P00519,compound,protein,1
4030,CPI,P25929,compound,protein,1
4030,CPI,P28223,compound,protein,1
4030,CPI,P68371,compound,protein,1
4030,CPI,Q9NSY1,compound,protein,0
4030,CPI,P08183,compound,protein,0
4034,CPI,Q07869,compound,protein,0
4037,CPI,Q16790,compound,protein,0
4044,CPI,P08684,compound,protein,1
4044,CPI,P30556,compound,protein,1
4044,CPI,Q99808,compound,protein,1
4044,CPI,Q9Y5N1,compound,protein,1
4044,CPI,Q13464,compound,protein,0
4044,CPI,Q8TDC3,compound,protein,0
4044,CPI,P78362,compound,protein,0
4046,CPI,P04150,compound,protein,1
4046,CPI,P32245,compound,protein,1
4046,CPI,Q02108,compound,protein,0
40469526,CPI,P04150,compound,protein,1
40482356,CPI,P84022,compound,protein,0
4050965,CPI,Q08881,compound,protein,0
40539,CPI,P29320,compound,protein,0
40539,CPI,Q6ZN16,compound,protein,0
40539,CPI,P20309,compound,protein,0
4054,CPI,P25021,compound,protein,1
4054,CPI,P34903,compound,protein,1
4054,CPI,Q14957,compound,protein,1
4054,CPI,P10636,compound,protein,0
4054,CPI,P08684,compound,protein,0
4055306,CPI,Q71U36,compound,protein,0
40634,CPI,P22303,compound,protein,0
4066,CPI,P25103,compound,protein,0
4071,CPI,O75164,compound,protein,1
4071,CPI,O75874,compound,protein,1
4075,CPI,O94956,compound,protein,0
4075,CPI,Q04771,compound,protein,0
4077460,CPI,Q99500,compound,protein,1
4078,CPI,P03372,compound,protein,1
4091,CPI,Q9Y478,compound,protein,1
4091,CPI,O00444,compound,protein,0
4091,CPI,P07333,compound,protein,0
4091,CPI,O96013,compound,protein,0
4097,CPI,P05177,compound,protein,1
4097,CPI,P08173,compound,protein,1
4097,CPI,Q00537,compound,protein,0
4099,CPI,P51151,compound,protein,0
4099,CPI,Q9Y2U5,compound,protein,0
4099,CPI,Q9Y463,compound,protein,0
4099,CPI,Q02880,compound,protein,0
4099,CPI,Q8N752,compound,protein,0
4099,CPI,Q05586,compound,protein,0
4106,CPI,Q13188,compound,protein,0
4106,CPI,P32245,compound,protein,0
4106,CPI,P53778,compound,protein,0
4107,CPI,P07550,compound,protein,1
4107,CPI,P08913,compound,protein,1
4107,CPI,Q16637,compound,protein,1
4107,CPI,P50406,compound,protein,0
4112,CPI,Q03431,compound,protein,1
4114,CPI,P05177,compound,protein,1
4114,CPI,P11509,compound,protein,1
4116,CPI,P18505,compound,protein,1
4116,CPI,P43166,compound,protein,0
4122,CPI,P19838,compound,protein,1
4139,CPI,O00167,compound,protein,1
4139,CPI,P29317,compound,protein,0
4140,CPI,P41595,compound,protein,1
4163,CPI,P80192,compound,protein,0
4163,CPI,O14578,compound,protein,0
4167,CPI,P11229,compound,protein,1
4167,CPI,P16473,compound,protein,0
4168,CPI,Q9UM73,compound,protein,0
4168,CPI,Q9Y463,compound,protein,0
4168,CPI,P51451,compound,protein,0
417052,CPI,Q9NUW8,compound,protein,1
417052,CPI,P53355,compound,protein,0
417052,CPI,Q13873,compound,protein,0
4171,CPI,P18089,compound,protein,1
4171,CPI,P31645,compound,protein,1
4171,CPI,P41595,compound,protein,1
4171,CPI,P46098,compound,protein,1
4171,CPI,P08183,compound,protein,0
4171,CPI,Q86V86,compound,protein,0
4171,CPI,Q96KQ7,compound,protein,0
4173,CPI,P08588,compound,protein,1
4173,CPI,Q9H093,compound,protein,0
4173,CPI,P53355,compound,protein,0
4174,CPI,P23975,compound,protein,1
4174,CPI,O14965,compound,protein,0
4178,CPI,P35869,compound,protein,1
41781,CPI,P18089,compound,protein,1
41781,CPI,P31645,compound,protein,1
41781,CPI,Q16665,compound,protein,1
41781,CPI,Q13523,compound,protein,0
4183496,CPI,Q15059,compound,protein,0
4184,CPI,P08588,compound,protein,1
4184,CPI,P37288,compound,protein,1
4184,CPI,Q07912,compound,protein,0
4184,CPI,P31749,compound,protein,0
4184,CPI,Q15418,compound,protein,0
4184,CPI,P51817,compound,protein,0
41867,CPI,P11229,compound,protein,1
4189,CPI,O60840,compound,protein,1
4189,CPI,P06401,compound,protein,1
4189,CPI,P10635,compound,protein,1
4189,CPI,O15379,compound,protein,0
4189,CPI,Q13546,compound,protein,0
4189,CPI,P46734,compound,protein,0
4189,CPI,Q9H2X6,compound,protein,0
4192,CPI,P11229,compound,protein,1
4192,CPI,Q9BRS2,compound,protein,0
4192,CPI,Q9H2K8,compound,protein,0
4192,CPI,P51151,compound,protein,0
4192,CPI,P16473,compound,protein,0
4192,CPI,O75385,compound,protein,0
4192,CPI,P21917,compound,protein,0
4192,CPI,P06239,compound,protein,0
4195,CPI,P21918,compound,protein,1
4195,CPI,P37840,compound,protein,0
4195,CPI,Q15375,compound,protein,0
4196,CPI,O75469,compound,protein,1
4197,CPI,P18825,compound,protein,1
4197,CPI,P06241,compound,protein,0
4197,CPI,P07949,compound,protein,0
41987,CPI,P78527,compound,protein,0
41987,CPI,Q8NEB9,compound,protein,0
4199,CPI,P08908,compound,protein,1
4199,CPI,P28223,compound,protein,1
4199,CPI,O00329,compound,protein,0
4199,CPI,Q04771,compound,protein,0
4199,CPI,Q12866,compound,protein,0
42008,CPI,P14735,compound,protein,1
4201,CPI,Q9P0L2,compound,protein,0
4205,CPI,P28335,compound,protein,1
4205,CPI,Q16236,compound,protein,0
42052020,CPI,Q9NWZ3,compound,protein,0
4211,CPI,P18825,compound,protein,1
4211,CPI,P30542,compound,protein,1
4211,CPI,P54132,compound,protein,1
4211,CPI,Q96KQ7,compound,protein,1
4211,CPI,P53350,compound,protein,0
4211,CPI,P00533,compound,protein,0
4212,CPI,P07550,compound,protein,1
4212,CPI,P18825,compound,protein,1
4212,CPI,Q12809,compound,protein,1
4212,CPI,Q9H9B1,compound,protein,0
4235,CPI,O75469,compound,protein,1
4235,CPI,P18825,compound,protein,1
4235,CPI,Q99720,compound,protein,1
4235,CPI,O15439,compound,protein,0
4235,CPI,P51817,compound,protein,0
4236,CPI,O43193,compound,protein,1
4236,CPI,P08912,compound,protein,1
4236,CPI,P25103,compound,protein,1
4236,CPI,P19525,compound,protein,0
4236,CPI,Q9BRS2,compound,protein,0
4246,CPI,O75496,compound,protein,1
4257368,CPI,Q99928,compound,protein,0
42574,CPI,Q99640,compound,protein,0
42628507,CPI,P36888,compound,protein,1
42628507,CPI,Q06278,compound,protein,0
42628507,CPI,Q9P0X4,compound,protein,0
42636350,CPI,P68400,compound,protein,0
42636535,CPI,P42336,compound,protein,1
4273754,CPI,Q8IVW4,compound,protein,0
42760,CPI,P32238,compound,protein,0
4284,CPI,Q16236,compound,protein,1
4284525,CPI,P28223,compound,protein,0
4284525,CPI,Q14432,compound,protein,0
42890,CPI,P11473,compound,protein,1
42890,CPI,O43521,compound,protein,0
42890,CPI,Q99640,compound,protein,0
4292126,CPI,O14684,compound,protein,0
42955,CPI,P43119,compound,protein,1
42955,CPI,O60760,compound,protein,1
42955,CPI,P07550,compound,protein,1
42955,CPI,P10636,compound,protein,1
42955,CPI,Q9Y5N1,compound,protein,1
4296,CPI,P16591,compound,protein,0
4296,CPI,P45985,compound,protein,0
4299,CPI,P27695,compound,protein,1
4299,CPI,Q13627,compound,protein,0
43008,CPI,P08581,compound,protein,0
4302960,CPI,P21917,compound,protein,1
4302962,CPI,P42680,compound,protein,0
4331799,CPI,P52209,compound,protein,0
4348310,CPI,P50406,compound,protein,0
43507,CPI,Q9Y5N1,compound,protein,1
4350931,CPI,Q8WXR4,compound,protein,0
435678,CPI,P05177,compound,protein,1
435678,CPI,P26358,compound,protein,0
4362,CPI,P27448,compound,protein,0
4364841,CPI,P10636,compound,protein,1
4369270,CPI,P22303,compound,protein,0
4369359,CPI,P21452,compound,protein,1
4369359,CPI,P30989,compound,protein,1
4369359,CPI,P34969,compound,protein,1
4369359,CPI,Q9NQW7,compound,protein,1
4369359,CPI,P51787,compound,protein,0
4369359,CPI,Q9Y6E0,compound,protein,0
4369359,CPI,Q8TBX8,compound,protein,0
4369491,CPI,P10275,compound,protein,0
4376,CPI,P28335,compound,protein,1
4376,CPI,P36544,compound,protein,1
4376,CPI,Q00534,compound,protein,0
4376,CPI,O00591,compound,protein,0
4380,CPI,P05177,compound,protein,1
4380,CPI,P78368,compound,protein,0
43815,CPI,O95264,compound,protein,1
43815,CPI,P08913,compound,protein,1
43815,CPI,P47898,compound,protein,1
43815,CPI,O00305,compound,protein,0
43815,CPI,Q8TD19,compound,protein,0
43815,CPI,Q9H422,compound,protein,0
43815,CPI,Q9NXA8,compound,protein,0
438981,CPI,P24941,compound,protein,1
438981,CPI,P33261,compound,protein,1
438981,CPI,O75604,compound,protein,0
439246,CPI,P33261,compound,protein,1
439246,CPI,P35372,compound,protein,1
439246,CPI,P36888,compound,protein,1
439246,CPI,Q16678,compound,protein,1
439246,CPI,P18031,compound,protein,0
439246,CPI,P49336,compound,protein,0
439246,CPI,P35590,compound,protein,0
439246,CPI,Q13547,compound,protein,0
439246,CPI,O43293,compound,protein,0
439260,CPI,O43193,compound,protein,1
439260,CPI,P07550,compound,protein,1
439260,CPI,P27695,compound,protein,1
439260,CPI,P39748,compound,protein,1
439260,CPI,Q92847,compound,protein,1
439260,CPI,P14920,compound,protein,0
439260,CPI,O15244,compound,protein,0
439260,CPI,Q13164,compound,protein,0
439260,CPI,Q07912,compound,protein,0
439260,CPI,Q8N568,compound,protein,0
439260,CPI,P27487,compound,protein,0
439530,CPI,O94921,compound,protein,0
439533,CPI,O75496,compound,protein,1
439533,CPI,P00915,compound,protein,1
439533,CPI,P23975,compound,protein,0
439533,CPI,P08581,compound,protein,0
439620,CPI,O75874,compound,protein,1
4396344,CPI,P41145,compound,protein,1
439654,CPI,P45984,compound,protein,0
4409,CPI,P08913,compound,protein,1
4409,CPI,Q9H237,compound,protein,0
4409,CPI,Q04609,compound,protein,0
4409,CPI,Q9Y4C1,compound,protein,0
44093,CPI,P08908,compound,protein,1
44093,CPI,P14416,compound,protein,1
44093,CPI,P41145,compound,protein,1
44093,CPI,P68871,compound,protein,0
44093,CPI,Q03164,compound,protein,0
4411,CPI,P08588,compound,protein,1
4411,CPI,P08913,compound,protein,1
4411,CPI,P18089,compound,protein,1
4411,CPI,P21397,compound,protein,1
4411,CPI,P30556,compound,protein,1
4411,CPI,P31645,compound,protein,1
4411,CPI,Q96L34,compound,protein,0
4411,CPI,Q15569,compound,protein,0
4411,CPI,O96013,compound,protein,0
44112,CPI,P08908,compound,protein,1
44112,CPI,Q12809,compound,protein,1
441140,CPI,Q92630,compound,protein,0
441243,CPI,P37288,compound,protein,1
441243,CPI,P34969,compound,protein,0
441243,CPI,P29317,compound,protein,0
441243,CPI,P06213,compound,protein,0
441289,CPI,P41968,compound,protein,1
441289,CPI,Q13882,compound,protein,0
441289,CPI,P45984,compound,protein,0
441289,CPI,P28482,compound,protein,0
441289,CPI,Q9H2K8,compound,protein,0
441289,CPI,Q9UQM7,compound,protein,0
441289,CPI,Q6DT37,compound,protein,0
441336,CPI,P11362,compound,protein,0
44137675,CPI,P35968,compound,protein,0
441401,CPI,O15438,compound,protein,0
44141938,CPI,P40763,compound,protein,1
44142046,CPI,Q96QE3,compound,protein,1
44142046,CPI,Q8TD08,compound,protein,0
44142062,CPI,P11274,compound,protein,0
44142069,CPI,O75496,compound,protein,1
44142073,CPI,O75496,compound,protein,1
44142077,CPI,Q96BR1,compound,protein,0
44142078,CPI,Q96QE3,compound,protein,1
44142085,CPI,Q13639,compound,protein,0
44142087,CPI,Q9HC16,compound,protein,1
44142098,CPI,Q9P289,compound,protein,0
44142099,CPI,Q9UBT6,compound,protein,1
44142099,CPI,P08912,compound,protein,0
44142100,CPI,P04626,compound,protein,0
44142101,CPI,P43220,compound,protein,1
44142116,CPI,Q9UPE1,compound,protein,0
44142124,CPI,P84022,compound,protein,1
44142140,CPI,O95149,compound,protein,0
44142143,CPI,O75030,compound,protein,1
44142143,CPI,O95819,compound,protein,0
44142346,CPI,Q9UNA4,compound,protein,1
44142346,CPI,Q06187,compound,protein,0
44143089,CPI,P51151,compound,protein,1
44143090,CPI,P38398,compound,protein,1
44143090,CPI,Q9Y5S2,compound,protein,0
44143091,CPI,Q9UBR2,compound,protein,1
44143091,CPI,P27361,compound,protein,0
44143153,CPI,Q92830,compound,protein,1
4417,CPI,P10636,compound,protein,0
4418,CPI,P35462,compound,protein,1
4418,CPI,P24941,compound,protein,0
44182295,CPI,P13945,compound,protein,0
44187362,CPI,P32245,compound,protein,0
44202876,CPI,P49327,compound,protein,1
44202878,CPI,P06213,compound,protein,0
44205240,CPI,O14578,compound,protein,1
44205240,CPI,Q9UHA3,compound,protein,0
44205240,CPI,P41180,compound,protein,0
44205240,CPI,Q9GZR1,compound,protein,0
44205240,CPI,Q9UJT1,compound,protein,0
44219749,CPI,P42336,compound,protein,1
4422,CPI,Q58F21,compound,protein,0
44223955,CPI,P49759,compound,protein,1
44223970,CPI,Q8TD08,compound,protein,1
44229066,CPI,P10145,compound,protein,1
44237408,CPI,P43403,compound,protein,0
44246455,CPI,P42684,compound,protein,0
44246514,CPI,Q13873,compound,protein,0
44246708,CPI,P28482,compound,protein,1
44246708,CPI,P49759,compound,protein,0
44247568,CPI,P20813,compound,protein,1
44247568,CPI,P35372,compound,protein,1
44251485,CPI,O95180,compound,protein,1
44259,CPI,O00750,compound,protein,1
44259,CPI,O15075,compound,protein,1
44259,CPI,O76039,compound,protein,1
44259,CPI,P06493,compound,protein,1
44259,CPI,P07948,compound,protein,1
44259,CPI,P11229,compound,protein,1
44259,CPI,P22612,compound,protein,1
44259,CPI,P25098,compound,protein,1
44259,CPI,P29320,compound,protein,1
44259,CPI,P35626,compound,protein,1
44259,CPI,P42684,compound,protein,1
44259,CPI,P49841,compound,protein,1
44259,CPI,Q15375,compound,protein,1
44259,CPI,Q86YV6,compound,protein,1
44259,CPI,Q8N5S9,compound,protein,1
44259,CPI,Q8N752,compound,protein,1
44259,CPI,Q96BR1,compound,protein,1
44259,CPI,Q9BUB5,compound,protein,1
44259,CPI,P41143,compound,protein,0
44259,CPI,P37288,compound,protein,0
44259,CPI,P05177,compound,protein,0
44259,CPI,Q16637,compound,protein,0
44259,CPI,P30411,compound,protein,0
44259,CPI,P30518,compound,protein,0
44259,CPI,P32238,compound,protein,0
44259,CPI,Q6W5P4,compound,protein,0
44259,CPI,P43681,compound,protein,0
44259,CPI,Q53HC9,compound,protein,0
44259,CPI,Q5JVS0,compound,protein,0
44259,CPI,Q9BRK3,compound,protein,0
44259,CPI,Q7Z6Z7,compound,protein,0
44259,CPI,Q86WJ1,compound,protein,0
44259,CPI,Q5VWC8,compound,protein,0
44259,CPI,Q96BA8,compound,protein,0
44259,CPI,O94805,compound,protein,0
44259,CPI,O75934,compound,protein,0
44259,CPI,Q8N6M6,compound,protein,0
44259,CPI,O75078,compound,protein,0
44259,CPI,C9J798,compound,protein,0
44259,CPI,Q5VXH4,compound,protein,0
44259,CPI,O75503,compound,protein,0
44259,CPI,Q96S06,compound,protein,0
4426,CPI,O14920,compound,protein,0
44273461,CPI,Q99720,compound,protein,1
443278,CPI,Q9UBN7,compound,protein,1
4436,CPI,P10636,compound,protein,1
443879,CPI,P50406,compound,protein,1
443953,CPI,O75496,compound,protein,1
443953,CPI,O75469,compound,protein,0
443953,CPI,P30518,compound,protein,0
443953,CPI,P16591,compound,protein,0
443953,CPI,Q9BVS4,compound,protein,0
443955,CPI,Q12809,compound,protein,1
443955,CPI,Q16665,compound,protein,1
443955,CPI,P10253,compound,protein,0
444008,CPI,P06401,compound,protein,1
444008,CPI,Q52WX2,compound,protein,0
444008,CPI,Q16584,compound,protein,0
444029,CPI,O43193,compound,protein,1
444031,CPI,Q8IW41,compound,protein,0
444031,CPI,Q8WXR4,compound,protein,0
444036,CPI,P03372,compound,protein,1
444036,CPI,P41595,compound,protein,1
444036,CPI,P42336,compound,protein,0
444254,CPI,P08172,compound,protein,1
444254,CPI,P21397,compound,protein,1
444254,CPI,P50406,compound,protein,1
444254,CPI,Q5VT25,compound,protein,0
44460113,CPI,Q9NYY3,compound,protein,0
44460132,CPI,Q9BVS4,compound,protein,0
44460176,CPI,P49137,compound,protein,0
44462760,CPI,P25021,compound,protein,0
44462760,CPI,O14920,compound,protein,0
44462760,CPI,P07550,compound,protein,0
44462760,CPI,P50406,compound,protein,0
44462760,CPI,P42336,compound,protein,0
444732,CPI,P11473,compound,protein,1
444732,CPI,P43115,compound,protein,1
444795,CPI,P13631,compound,protein,1
444795,CPI,P48443,compound,protein,1
444795,CPI,Q92753,compound,protein,1
444795,CPI,O15439,compound,protein,0
444795,CPI,Q86UX6,compound,protein,0
444795,CPI,P02545,compound,protein,0
44483164,CPI,O94782,compound,protein,1
44483270,CPI,P05023,compound,protein,1
44483274,CPI,P78356,compound,protein,0
44483329,CPI,P00533,compound,protein,1
44483335,CPI,Q96QE3,compound,protein,0
44483339,CPI,Q06124,compound,protein,1
44486349,CPI,Q16512,compound,protein,0
4449,CPI,P28223,compound,protein,1
4449,CPI,P41143,compound,protein,1
4449,CPI,Q9H3Y6,compound,protein,0
4449,CPI,Q16584,compound,protein,0
4449,CPI,P06241,compound,protein,0
44490250,CPI,Q9NUW8,compound,protein,1
44504986,CPI,Q00537,compound,protein,0
44504994,CPI,O60840,compound,protein,0
44505407,CPI,P84022,compound,protein,1
44505465,CPI,Q16539,compound,protein,0
44505961,CPI,P84022,compound,protein,1
44506448,CPI,P46098,compound,protein,0
44516953,CPI,P51813,compound,protein,0
44517659,CPI,P51151,compound,protein,1
445354,CPI,P41222,compound,protein,1
445354,CPI,P05067,compound,protein,1
445354,CPI,P14416,compound,protein,1
445354,CPI,Q8NFJ5,compound,protein,1
4453692,CPI,P53350,compound,protein,1
44551660,CPI,P21554,compound,protein,0
44551660,CPI,P25021,compound,protein,0
445580,CPI,O95382,compound,protein,0
445621,CPI,P01579,compound,protein,1
44564,CPI,Q9HC97,compound,protein,1
445858,CPI,Q08345,compound,protein,0
445858,CPI,Q13546,compound,protein,0
445858,CPI,P31751,compound,protein,0
44593870,CPI,Q00535,compound,protein,0
44595079,CPI,P53779,compound,protein,1
44595079,CPI,Q9Y6L6,compound,protein,0
44595079,CPI,Q9P1W9,compound,protein,0
44603533,CPI,P10635,compound,protein,1
44603533,CPI,P36888,compound,protein,1
44603533,CPI,P08912,compound,protein,0
44607530,CPI,P22607,compound,protein,0
44607577,CPI,O95977,compound,protein,1
44607580,CPI,O95977,compound,protein,1
446157,CPI,Q08499,compound,protein,1
44620657,CPI,Q06710,compound,protein,1
44620939,CPI,P29466,compound,protein,1
44623838,CPI,O94925,compound,protein,1
44623838,CPI,P06213,compound,protein,0
44623838,CPI,P07947,compound,protein,0
44623844,CPI,Q9NUW8,compound,protein,1
44623946,CPI,P42336,compound,protein,0
446284,CPI,P49798,compound,protein,1
446378,CPI,Q13163,compound,protein,0
44640137,CPI,P84022,compound,protein,1
44640177,CPI,P08183,compound,protein,1
44640178,CPI,Q9UNQ0,compound,protein,1
44640178,CPI,P68400,compound,protein,0
44640178,CPI,Q5BJF2,compound,protein,0
446556,CPI,P21731,compound,protein,0
446596,CPI,P03372,compound,protein,1
446596,CPI,P32245,compound,protein,1
446596,CPI,Q9NUW8,compound,protein,1
446596,CPI,Q13555,compound,protein,0
446598,CPI,P08908,compound,protein,1
446598,CPI,P21397,compound,protein,1
446598,CPI,P37288,compound,protein,1
446598,CPI,P51617,compound,protein,0
446598,CPI,Q9C098,compound,protein,0
447043,CPI,P08912,compound,protein,1
447043,CPI,P21554,compound,protein,1
447043,CPI,P23975,compound,protein,1
447043,CPI,O15439,compound,protein,0
447043,CPI,Q9UM07,compound,protein,0
447043,CPI,Q99928,compound,protein,0
4474,CPI,O00305,compound,protein,1
4474,CPI,P27815,compound,protein,1
4474,CPI,P39748,compound,protein,1
4474,CPI,Q9Y698,compound,protein,1
4474,CPI,P54753,compound,protein,0
4474,CPI,P53350,compound,protein,0
4474,CPI,P41143,compound,protein,0
4474,CPI,P51451,compound,protein,0
4474,CPI,Q15831,compound,protein,0
4477,CPI,O15118,compound,protein,1
4477,CPI,O60674,compound,protein,1
4477,CPI,O75874,compound,protein,1
4477,CPI,P10275,compound,protein,1
4477,CPI,P16473,compound,protein,1
4477,CPI,Q16236,compound,protein,1
4477,CPI,P84022,compound,protein,0
4477,CPI,P51812,compound,protein,0
447912,CPI,P55055,compound,protein,1
447966,CPI,P36897,compound,protein,1
447966,CPI,P42684,compound,protein,1
447966,CPI,P27361,compound,protein,0
448013,CPI,Q9BQE3,compound,protein,1
448013,CPI,Q9NY65,compound,protein,1
448014,CPI,O14757,compound,protein,1
448014,CPI,P51812,compound,protein,1
448014,CPI,Q04771,compound,protein,0
448014,CPI,Q9Y6R4,compound,protein,0
44818131,CPI,P30542,compound,protein,0
44820570,CPI,Q9NUW8,compound,protein,1
44825304,CPI,O94925,compound,protein,1
4484064,CPI,P50613,compound,protein,0
4485,CPI,P10636,compound,protein,1
4485,CPI,P30542,compound,protein,1
4485,CPI,P33261,compound,protein,1
4485,CPI,P41595,compound,protein,1
4485,CPI,Q92887,compound,protein,0
4485,CPI,P49841,compound,protein,0
448537,CPI,P11474,compound,protein,1
448537,CPI,P28223,compound,protein,1
448537,CPI,Q92731,compound,protein,1
448537,CPI,Q96BR1,compound,protein,0
448537,CPI,P17861,compound,protein,0
448537,CPI,Q8N568,compound,protein,0
448537,CPI,Q14191,compound,protein,0
4488,CPI,P07550,compound,protein,1
4488,CPI,P37288,compound,protein,1
4488,CPI,O94759,compound,protein,0
4488,CPI,P84022,compound,protein,0
4488,CPI,Q92630,compound,protein,0
4488,CPI,Q99714,compound,protein,0
449171,CPI,P16591,compound,protein,0
449193,CPI,O00408,compound,protein,0
449215,CPI,P42336,compound,protein,0
4493,CPI,P05177,compound,protein,1
4493,CPI,Q9NUW8,compound,protein,1
4494,CPI,O00305,compound,protein,1
4494,CPI,O60840,compound,protein,1
4494,CPI,Q9H2K8,compound,protein,0
4494,CPI,P49336,compound,protein,0
4494,CPI,P53350,compound,protein,0
449459,CPI,O75496,compound,protein,1
449459,CPI,P06401,compound,protein,1
449459,CPI,P29322,compound,protein,0
4495,CPI,P11712,compound,protein,1
4495,CPI,P16473,compound,protein,1
4495,CPI,Q01959,compound,protein,1
44968206,CPI,P49759,compound,protein,1
44968224,CPI,Q9UKV0,compound,protein,0
4497,CPI,P25021,compound,protein,1
4497,CPI,Q92847,compound,protein,1
4497,CPI,O15439,compound,protein,0
4497,CPI,P0C1S8,compound,protein,0
4497,CPI,Q5VT25,compound,protein,0
4499,CPI,P08588,compound,protein,1
4499,CPI,P32238,compound,protein,1
4499,CPI,P41968,compound,protein,1
4499,CPI,Q14432,compound,protein,1
4499,CPI,P10632,compound,protein,0
4499,CPI,Q04864,compound,protein,0
4500,CPI,Q16236,compound,protein,0
4500,CPI,P24941,compound,protein,0
45006158,CPI,P06493,compound,protein,0
45100444,CPI,P28335,compound,protein,0
45115620,CPI,O95180,compound,protein,1
4515,CPI,O75469,compound,protein,0
451668,CPI,Q8WUI4,compound,protein,1
4519822,CPI,P0DMS8,compound,protein,1
4520732,CPI,Q04771,compound,protein,0
45375953,CPI,Q99683,compound,protein,0
45375953,CPI,Q9H0K1,compound,protein,0
4539,CPI,P06401,compound,protein,1
4539,CPI,P08588,compound,protein,1
4539,CPI,P11229,compound,protein,1
4539,CPI,P37288,compound,protein,1
4539,CPI,O00444,compound,protein,0
4539,CPI,P42336,compound,protein,0
4539,CPI,Q9NSY1,compound,protein,0
4543,CPI,P08172,compound,protein,1
4543,CPI,P16473,compound,protein,1
4543,CPI,Q9BXA7,compound,protein,0
4543,CPI,Q9H2G2,compound,protein,0
4549,CPI,O75762,compound,protein,1
4549,CPI,P16473,compound,protein,1
4549,CPI,Q01453,compound,protein,1
4549,CPI,P11309,compound,protein,0
4549,CPI,Q9HCP0,compound,protein,0
4552,CPI,P11712,compound,protein,1
456199,CPI,P07550,compound,protein,1
456199,CPI,P18089,compound,protein,1
456199,CPI,P35462,compound,protein,1
456199,CPI,P04062,compound,protein,0
456199,CPI,O14920,compound,protein,0
456199,CPI,Q9BXA7,compound,protein,0
456199,CPI,Q96BR1,compound,protein,0
456201,CPI,P11511,compound,protein,1
456201,CPI,Q07973,compound,protein,1
456214,CPI,P50406,compound,protein,1
456214,CPI,P14616,compound,protein,0
456214,CPI,P04150,compound,protein,0
457193,CPI,Q16665,compound,protein,1
457193,CPI,Q16832,compound,protein,1
457193,CPI,Q02641,compound,protein,0
457193,CPI,P42345,compound,protein,0
4578,CPI,P19838,compound,protein,1
4583,CPI,Q99714,compound,protein,1
4592,CPI,P00533,compound,protein,0
4592,CPI,P22694,compound,protein,0
4594,CPI,P0DMS8,compound,protein,1
4595,CPI,P35372,compound,protein,1
4595,CPI,Q12809,compound,protein,1
4595,CPI,Q9Y2I1,compound,protein,1
4595,CPI,P46063,compound,protein,0
4595,CPI,Q03431,compound,protein,0
4595,CPI,Q13547,compound,protein,0
459617,CPI,O43151,compound,protein,1
459617,CPI,Q9H3R0,compound,protein,1
460,CPI,P22748,compound,protein,1
460,CPI,P51449,compound,protein,1
460,CPI,Q96QE3,compound,protein,1
4601,CPI,O75582,compound,protein,0
4601,CPI,P54760,compound,protein,0
4601,CPI,P11308,compound,protein,0
4614,CPI,P08913,compound,protein,1
4614,CPI,P18089,compound,protein,1
46191454,CPI,P07949,compound,protein,1
46191454,CPI,P28482,compound,protein,1
46191454,CPI,Q9NYV4,compound,protein,1
46191454,CPI,O75874,compound,protein,0
46213929,CPI,O60674,compound,protein,1
46215462,CPI,Q12866,compound,protein,1
46216796,CPI,O95819,compound,protein,1
46216796,CPI,Q7L7X3,compound,protein,1
46216796,CPI,Q9NYL2,compound,protein,1
46216796,CPI,Q9UKI8,compound,protein,0
462382,CPI,P17655,compound,protein,1
46239015,CPI,O95835,compound,protein,1
4628,CPI,P01375,compound,protein,0
4631,CPI,P41595,compound,protein,1
4631,CPI,Q06187,compound,protein,0
4631,CPI,P49759,compound,protein,0
4631,CPI,O75116,compound,protein,0
4632,CPI,Q05469,compound,protein,1
4634,CPI,P39748,compound,protein,1
4636,CPI,P25100,compound,protein,1
4636,CPI,Q13873,compound,protein,0
4659569,CPI,P02766,compound,protein,1
4659569,CPI,P35367,compound,protein,1
4659569,CPI,Q9UIF8,compound,protein,0
4659569,CPI,Q99700,compound,protein,0
4671,CPI,P19838,compound,protein,1
4674,CPI,O43193,compound,protein,1
4674,CPI,P07550,compound,protein,1
4674,CPI,P14324,compound,protein,1
4674,CPI,P14416,compound,protein,1
4674,CPI,P52333,compound,protein,0
467801,CPI,P27815,compound,protein,0
46783268,CPI,P32320,compound,protein,1
4679,CPI,P25103,compound,protein,1
4679,CPI,P28223,compound,protein,1
4679,CPI,Q96FL8,compound,protein,1
4679,CPI,Q16513,compound,protein,0
4679,CPI,P53671,compound,protein,0
4679312,CPI,P31152,compound,protein,0
46848036,CPI,P25100,compound,protein,0
46851313,CPI,Q13555,compound,protein,0
46861588,CPI,P23458,compound,protein,1
46869952,CPI,Q14833,compound,protein,1
4687,CPI,P17948,compound,protein,0
4688,CPI,P02545,compound,protein,1
46883536,CPI,Q8WZA2,compound,protein,0
46885626,CPI,Q13882,compound,protein,1
46885626,CPI,Q14164,compound,protein,1
46885626,CPI,P08183,compound,protein,0
46885626,CPI,Q96SB4,compound,protein,0
46885626,CPI,P35968,compound,protein,0
46885626,CPI,P00352,compound,protein,0
46885626,CPI,Q9NUW8,compound,protein,0
46885626,CPI,Q14432,compound,protein,0
46885626,CPI,P07333,compound,protein,0
46903546,CPI,P37840,compound,protein,1
46903562,CPI,Q9NUW8,compound,protein,1
46907681,CPI,Q16637,compound,protein,1
4691,CPI,P18825,compound,protein,1
4691,CPI,Q9Y6E0,compound,protein,0
4691,CPI,Q9H0K1,compound,protein,0
46912194,CPI,P14618,compound,protein,1
46916205,CPI,P29466,compound,protein,1
46925870,CPI,Q9UBB5,compound,protein,1
46944259,CPI,P34969,compound,protein,0
4698,CPI,P25105,compound,protein,1
4712,CPI,Q8TDC3,compound,protein,0
4712,CPI,P00533,compound,protein,0
4723,CPI,P25021,compound,protein,1
4723,CPI,P02766,compound,protein,0
4725,CPI,P09086,compound,protein,0
47318,CPI,P27037,compound,protein,0
4735,CPI,P00747,compound,protein,1
4735,CPI,P19801,compound,protein,1
4735,CPI,O14744,compound,protein,0
4737,CPI,O43193,compound,protein,1
4737,CPI,P08588,compound,protein,1
4737,CPI,P21554,compound,protein,1
4737,CPI,P25929,compound,protein,1
4737,CPI,O00238,compound,protein,0
4737,CPI,O15296,compound,protein,0
4737,CPI,Q07912,compound,protein,0
4740,CPI,P41595,compound,protein,1
4740,CPI,Q01959,compound,protein,1
4740,CPI,O15111,compound,protein,0
4740,CPI,P04637,compound,protein,0
4740,CPI,Q9UBS5,compound,protein,0
4748,CPI,P21554,compound,protein,1
4748,CPI,P31645,compound,protein,1
4748,CPI,P41145,compound,protein,1
4748,CPI,Q16637,compound,protein,1
4748,CPI,Q9NQU5,compound,protein,0
4753,CPI,O43193,compound,protein,1
4753,CPI,P14416,compound,protein,1
4753,CPI,O15554,compound,protein,0
4753,CPI,O76039,compound,protein,0
4753,CPI,P07305,compound,protein,0
4754,CPI,Q92887,compound,protein,0
4755,CPI,P21397,compound,protein,0
4756,CPI,P51957,compound,protein,0
4758734,CPI,Q9Y6K1,compound,protein,1
4758734,CPI,Q02750,compound,protein,0
4764,CPI,P42681,compound,protein,0
47641,CPI,O75385,compound,protein,0
47641,CPI,Q9NYL2,compound,protein,0
47641,CPI,Q96GD4,compound,protein,0
47641,CPI,O75604,compound,protein,0
4768,CPI,O15244,compound,protein,1
4768,CPI,P11229,compound,protein,1
4768,CPI,Q13627,compound,protein,0
4771,CPI,O43193,compound,protein,1
4771,CPI,Q9Y5N1,compound,protein,1
4771,CPI,P49407,compound,protein,0
4771,CPI,P80098,compound,protein,0
4775,CPI,P08172,compound,protein,1
4775,CPI,P21731,compound,protein,1
4775,CPI,P56524,compound,protein,0
4775,CPI,P11362,compound,protein,0
4775,CPI,P23443,compound,protein,0
4781,CPI,Q16620,compound,protein,0
47811,CPI,P18825,compound,protein,1
47811,CPI,Q13554,compound,protein,0
4788,CPI,Q9UHD8,compound,protein,0
4788,CPI,Q9NYW0,compound,protein,0
47936,CPI,P08172,compound,protein,1
47936,CPI,P28482,compound,protein,1
47936,CPI,Q03164,compound,protein,1
47936,CPI,Q9NPA1,compound,protein,1
47936,CPI,O15530,compound,protein,0
47936,CPI,P29597,compound,protein,0
47936,CPI,P52333,compound,protein,0
47936,CPI,P53779,compound,protein,0
47936,CPI,Q07912,compound,protein,0
47936,CPI,P29322,compound,protein,0
4810,CPI,P54803,compound,protein,1
4810,CPI,Q99808,compound,protein,0
4813,CPI,P08631,compound,protein,1
4813,CPI,P11309,compound,protein,1
4813,CPI,P25705,compound,protein,1
4813,CPI,Q02779,compound,protein,1
4813,CPI,P08253,compound,protein,1
4813,CPI,P09917,compound,protein,1
4813,CPI,Q01453,compound,protein,1
4813,CPI,P05177,compound,protein,0
4813,CPI,P53350,compound,protein,0
4813,CPI,P30556,compound,protein,0
4813,CPI,P10635,compound,protein,0
4813,CPI,P18825,compound,protein,0
4814,CPI,P54132,compound,protein,1
4817,CPI,Q12852,compound,protein,0
4826,CPI,Q09428,compound,protein,1
4826,CPI,Q12931,compound,protein,0
4829,CPI,P25021,compound,protein,1
4829,CPI,P35462,compound,protein,1
4829,CPI,O15438,compound,protein,0
4829,CPI,Q96RR4,compound,protein,0
4829,CPI,Q06710,compound,protein,0
4829,CPI,P47898,compound,protein,0
4830,CPI,P08913,compound,protein,1
4839,CPI,Q12866,compound,protein,0
4847,CPI,P48730,compound,protein,0
4847,CPI,P37288,compound,protein,0
4850,CPI,P49798,compound,protein,1
4850,CPI,P00519,compound,protein,0
4878,CPI,O96013,compound,protein,1
4878,CPI,P00519,compound,protein,1
4878,CPI,P08069,compound,protein,1
4878,CPI,P10721,compound,protein,1
4878,CPI,Q7L7X3,compound,protein,1
4878,CPI,Q9UQM7,compound,protein,1
4878,CPI,P21860,compound,protein,0
4878,CPI,P21127,compound,protein,0
4878,CPI,P00918,compound,protein,0
4878,CPI,P04150,compound,protein,0
4878,CPI,Q9UBE8,compound,protein,0
4879298,CPI,P10696,compound,protein,1
4883,CPI,P0DMS8,compound,protein,1
4883,CPI,P41968,compound,protein,1
4883,CPI,Q13705,compound,protein,0
4883,CPI,Q9UF33,compound,protein,0
4886,CPI,P46063,compound,protein,0
4887,CPI,Q15303,compound,protein,0
4887,CPI,P06241,compound,protein,0
4891,CPI,P08908,compound,protein,1
4891,CPI,P08913,compound,protein,1
4891,CPI,P21554,compound,protein,1
4891,CPI,P54132,compound,protein,1
4893,CPI,P14416,compound,protein,1
4893,CPI,Q9NYY3,compound,protein,0
4906,CPI,P08172,compound,protein,1
4906,CPI,Q15831,compound,protein,0
4908,CPI,O15439,compound,protein,0
4909,CPI,P18825,compound,protein,1
4909,CPI,P30542,compound,protein,1
4909,CPI,P32245,compound,protein,1
4909,CPI,P35354,compound,protein,1
4909,CPI,P39748,compound,protein,1
4909,CPI,P41145,compound,protein,1
4909,CPI,Q16445,compound,protein,1
4909,CPI,Q9UNA4,compound,protein,1
4909,CPI,P11712,compound,protein,0
4911,CPI,P50406,compound,protein,0
4911,CPI,Q8WXR4,compound,protein,0
4911,CPI,P22455,compound,protein,0
4911,CPI,Q02880,compound,protein,0
4912,CPI,P18825,compound,protein,1
4912,CPI,Q9BWU1,compound,protein,0
4913,CPI,Q01959,compound,protein,1
4913,CPI,O15438,compound,protein,0
4913,CPI,P49721,compound,protein,0
4914,CPI,P27338,compound,protein,1
4914,CPI,P17948,compound,protein,0
4914,CPI,P49798,compound,protein,0
4917,CPI,P08913,compound,protein,1
4917,CPI,P10635,compound,protein,1
4917,CPI,O15438,compound,protein,0
4917,CPI,P07947,compound,protein,0
4917,CPI,P08069,compound,protein,0
4917,CPI,Q96GD4,compound,protein,0
4917,CPI,P00352,compound,protein,0
4917,CPI,Q9HAZ1,compound,protein,0
4917,CPI,P11712,compound,protein,0
4919,CPI,P04150,compound,protein,1
4919,CPI,O95342,compound,protein,0
4919,CPI,P31152,compound,protein,0
4919,CPI,Q9BYT3,compound,protein,0
4919,CPI,P28221,compound,protein,0
4932,CPI,P10828,compound,protein,0
4932,CPI,Q02750,compound,protein,0
4934,CPI,P30518,compound,protein,0
4935,CPI,P12931,compound,protein,0
4939,CPI,O94782,compound,protein,1
4939,CPI,P11473,compound,protein,1
4939,CPI,Q96KQ7,compound,protein,1
4939,CPI,Q9NUW8,compound,protein,1
4939,CPI,Q13464,compound,protein,0
4943,CPI,P23219,compound,protein,1
4943,CPI,P34903,compound,protein,1
4943,CPI,P48169,compound,protein,1
4946,CPI,P25101,compound,protein,1
4946,CPI,P43681,compound,protein,1
4946,CPI,O60674,compound,protein,0
4946,CPI,P27448,compound,protein,0
4946,CPI,O75747,compound,protein,0
4950,CPI,Q08345,compound,protein,0
4950,CPI,Q9UKE5,compound,protein,0
4976,CPI,P40225,compound,protein,1
4976,CPI,P49760,compound,protein,0
4976,CPI,P08912,compound,protein,0
49792852,CPI,O43683,compound,protein,1
49792852,CPI,P07949,compound,protein,1
49792852,CPI,Q6W5P4,compound,protein,0
49792852,CPI,Q99683,compound,protein,0
49792852,CPI,Q08881,compound,protein,0
49792852,CPI,Q08499,compound,protein,0
49806720,CPI,P15735,compound,protein,1
49806720,CPI,Q9UNQ0,compound,protein,1
49806720,CPI,Q9C098,compound,protein,0
49806720,CPI,Q9NRP7,compound,protein,0
49806720,CPI,Q8TDR2,compound,protein,0
49806720,CPI,O75874,compound,protein,0
49831257,CPI,O94804,compound,protein,1
49836027,CPI,P42345,compound,protein,1
49850262,CPI,Q8WUI4,compound,protein,1
49850262,CPI,O95819,compound,protein,0
49853292,CPI,Q13882,compound,protein,0
49855250,CPI,P62750,compound,protein,0
49867929,CPI,Q00535,compound,protein,1
49867929,CPI,Q6W5P4,compound,protein,0
49871818,CPI,Q5BJF2,compound,protein,0
4992,CPI,Q99720,compound,protein,1
4992,CPI,P36894,compound,protein,0
4993,CPI,P08908,compound,protein,1
4993,CPI,P29274,compound,protein,1
4993,CPI,P30556,compound,protein,1
4993,CPI,P49336,compound,protein,0
4993,CPI,P36897,compound,protein,0
5002,CPI,P08172,compound,protein,1
5002,CPI,P18825,compound,protein,1
5002,CPI,P35368,compound,protein,1
5002,CPI,Q96KQ7,compound,protein,0
5002,CPI,P00352,compound,protein,0
5002,CPI,P43405,compound,protein,0
5002,CPI,P06241,compound,protein,0
5002,CPI,O60674,compound,protein,0
5011,CPI,P28221,compound,protein,1
5011,CPI,Q96PY6,compound,protein,0
5024764,CPI,Q13148,compound,protein,1
5024764,CPI,Q86UX6,compound,protein,0
50248,CPI,P10636,compound,protein,1
50248,CPI,P26358,compound,protein,1
50248,CPI,Q99571,compound,protein,0
5029,CPI,P18825,compound,protein,1
5029,CPI,P21554,compound,protein,1
5029,CPI,P25021,compound,protein,1
5029,CPI,Q8TDS4,compound,protein,1
5032,CPI,P29323,compound,protein,0
5032,CPI,P30939,compound,protein,0
5034,CPI,O95342,compound,protein,0
5034,CPI,P84022,compound,protein,0
5035,CPI,Q01959,compound,protein,1
5035,CPI,Q16512,compound,protein,0
5035,CPI,Q9UKI8,compound,protein,0
5035,CPI,P37023,compound,protein,0
5040063,CPI,O75496,compound,protein,1
5040063,CPI,P11308,compound,protein,1
5040063,CPI,P33261,compound,protein,1
5040063,CPI,Q99714,compound,protein,1
5040063,CPI,Q12809,compound,protein,0
5040063,CPI,P00519,compound,protein,0
5040063,CPI,Q05655,compound,protein,0
5040063,CPI,P37288,compound,protein,0
5040063,CPI,P04626,compound,protein,0
5040063,CPI,P51812,compound,protein,0
5040063,CPI,P35367,compound,protein,0
5040456,CPI,P00352,compound,protein,1
5040456,CPI,Q9HC16,compound,protein,1
5040456,CPI,P0DMS8,compound,protein,0
5040456,CPI,P06213,compound,protein,0
5055,CPI,Q9ULX7,compound,protein,1
5056,CPI,O75469,compound,protein,1
5056,CPI,P23219,compound,protein,1
5056,CPI,P43166,compound,protein,1
5056,CPI,P49286,compound,protein,1
5056,CPI,P07339,compound,protein,1
5056,CPI,Q13153,compound,protein,1
5056,CPI,Q16637,compound,protein,1
5056,CPI,Q99714,compound,protein,1
5056,CPI,Q9BYT3,compound,protein,1
5056,CPI,P30556,compound,protein,0
5056,CPI,P12931,compound,protein,0
5056,CPI,O00444,compound,protein,0
5056,CPI,P21554,compound,protein,0
5056,CPI,P21731,compound,protein,0
5056,CPI,P49760,compound,protein,0
5056,CPI,Q99683,compound,protein,0
50599,CPI,P18089,compound,protein,1
50599,CPI,P41968,compound,protein,1
50599,CPI,P00915,compound,protein,0
50599,CPI,Q9UPE1,compound,protein,0
5063,CPI,P27695,compound,protein,1
5070,CPI,Q8TBX8,compound,protein,0
5073,CPI,P11229,compound,protein,1
5074,CPI,P23743,compound,protein,1
5074,CPI,Q5BJF2,compound,protein,1
5074,CPI,P50613,compound,protein,0
5078,CPI,P08908,compound,protein,1
5078,CPI,P23975,compound,protein,1
5078,CPI,O95342,compound,protein,0
5078,CPI,P29597,compound,protein,0
5081913,CPI,O14757,compound,protein,1
5081913,CPI,P51955,compound,protein,1
5087,CPI,Q12809,compound,protein,1
5090,CPI,P21917,compound,protein,1
5090,CPI,P43681,compound,protein,1
5090,CPI,Q92887,compound,protein,0
5090,CPI,Q14524,compound,protein,0
5092,CPI,Q13946,compound,protein,0
5092,CPI,P49798,compound,protein,0
5095,CPI,Q96NX5,compound,protein,0
51371328,CPI,Q9Y5S2,compound,protein,0
5154,CPI,P83916,compound,protein,1
5154,CPI,P49759,compound,protein,0
5154,CPI,P02768,compound,protein,0
5154,CPI,P06746,compound,protein,0
5166,CPI,O14920,compound,protein,1
5166,CPI,P11362,compound,protein,1
5166,CPI,P51451,compound,protein,1
5166,CPI,P51617,compound,protein,1
5166,CPI,P51955,compound,protein,1
5166,CPI,Q05513,compound,protein,1
5166,CPI,Q13153,compound,protein,1
5166,CPI,Q13882,compound,protein,1
5166,CPI,Q8N4C8,compound,protein,1
5166,CPI,Q96SB4,compound,protein,1
5166,CPI,Q9Y4K4,compound,protein,1
5166,CPI,Q14164,compound,protein,0
5166,CPI,P30518,compound,protein,0
5166,CPI,Q9Y2H1,compound,protein,0
5166,CPI,P08173,compound,protein,0
5166,CPI,P21728,compound,protein,0
5166,CPI,P36894,compound,protein,0
5169,CPI,O60885,compound,protein,1
5169,CPI,O75496,compound,protein,1
5169,CPI,P22694,compound,protein,1
5169,CPI,P78368,compound,protein,1
5169,CPI,Q04759,compound,protein,1
5169,CPI,Q9BWU1,compound,protein,1
5169,CPI,Q9BYT3,compound,protein,1
5169,CPI,Q9UHD2,compound,protein,1
5169,CPI,Q9UIK4,compound,protein,1
5169,CPI,Q9Y2H1,compound,protein,1
5169,CPI,P51151,compound,protein,0
5169,CPI,P41968,compound,protein,0
5169,CPI,Q6PHR2,compound,protein,0
5169,CPI,O76039,compound,protein,0
5169,CPI,O95747,compound,protein,0
5169,CPI,P35372,compound,protein,0
5169,CPI,P23219,compound,protein,0
5169,CPI,Q92643,compound,protein,0
5169,CPI,Q9HAU0,compound,protein,0
5169,CPI,Q02962,compound,protein,0
5169,CPI,Q96BR9,compound,protein,0
5169,CPI,P62820,compound,protein,0
5169,CPI,Q96BZ4,compound,protein,0
5174,CPI,Q16539,compound,protein,1
51755,CPI,P21554,compound,protein,1
5186,CPI,P09960,compound,protein,1
5186,CPI,Q9UQL6,compound,protein,1
5186,CPI,O75116,compound,protein,0
5191,CPI,Q13639,compound,protein,1
5202,CPI,P28566,compound,protein,1
5202,CPI,O94806,compound,protein,0
5210,CPI,O75496,compound,protein,1
5210,CPI,P21397,compound,protein,1
5210,CPI,Q8TDS4,compound,protein,1
5210,CPI,P00519,compound,protein,0
5212,CPI,P27815,compound,protein,1
5212,CPI,P51160,compound,protein,1
5212,CPI,O15146,compound,protein,0
5215,CPI,P08908,compound,protein,1
5215,CPI,P18089,compound,protein,1
5215,CPI,Q01959,compound,protein,1
5215,CPI,Q99808,compound,protein,1
5215,CPI,O43353,compound,protein,0
5230270,CPI,Q12809,compound,protein,1
5244802,CPI,P28223,compound,protein,0
5245,CPI,P08913,compound,protein,1
5245,CPI,P41595,compound,protein,1
5253,CPI,P21397,compound,protein,1
5253,CPI,P21554,compound,protein,1
5265,CPI,O15296,compound,protein,1
5265,CPI,Q8NG66,compound,protein,0
5265,CPI,Q13976,compound,protein,0
5265,CPI,Q9H2K8,compound,protein,0
5265,CPI,O75747,compound,protein,0
5265,CPI,O96013,compound,protein,0
5265,CPI,P29317,compound,protein,0
5268,CPI,Q9NUW8,compound,protein,0
5270,CPI,Q92482,compound,protein,0
5273569,CPI,Q16790,compound,protein,1
5280335,CPI,O75496,compound,protein,1
5280335,CPI,Q9NUW8,compound,protein,1
5280335,CPI,P35368,compound,protein,0
5280335,CPI,Q13464,compound,protein,0
5280343,CPI,P08631,compound,protein,1
5280343,CPI,P10632,compound,protein,1
5280343,CPI,P11229,compound,protein,1
5280343,CPI,P15428,compound,protein,1
5280343,CPI,P25021,compound,protein,1
5280343,CPI,P28074,compound,protein,1
5280343,CPI,P56817,compound,protein,1
5280343,CPI,Q16665,compound,protein,1
5280343,CPI,Q8NFU5,compound,protein,1
5280343,CPI,Q9Y5N1,compound,protein,1
5280343,CPI,Q13464,compound,protein,0
5280343,CPI,P51812,compound,protein,0
5280343,CPI,P27448,compound,protein,0
5280343,CPI,Q9UJH8,compound,protein,0
5280343,CPI,Q9H7X2,compound,protein,0
5280343,CPI,Q86XA9,compound,protein,0
5280343,CPI,O15013,compound,protein,0
5280343,CPI,Q9P2J9,compound,protein,0
5280360,CPI,P35408,compound,protein,1
5280378,CPI,P60568,compound,protein,1
5280443,CPI,Q00534,compound,protein,1
5280443,CPI,Q16665,compound,protein,1
5280443,CPI,P42336,compound,protein,0
5280443,CPI,P19784,compound,protein,0
5280445,CPI,P00918,compound,protein,1
5280445,CPI,P43405,compound,protein,1
5280445,CPI,Q04760,compound,protein,1
5280445,CPI,Q9H2K2,compound,protein,1
5280445,CPI,Q9Y6R4,compound,protein,0
5280445,CPI,Q5S007,compound,protein,0
5280445,CPI,Q9HAZ1,compound,protein,0
5280445,CPI,Q9NRP7,compound,protein,0
5280450,CPI,P15428,compound,protein,1
5280450,CPI,P16050,compound,protein,1
5280453,CPI,P30411,compound,protein,1
5280569,CPI,Q07820,compound,protein,1
5280647,CPI,Q00532,compound,protein,0
5280647,CPI,Q13233,compound,protein,0
5280647,CPI,P21452,compound,protein,0
5280723,CPI,Q9UIG8,compound,protein,1
5280723,CPI,Q9Y5Y4,compound,protein,1
5280723,CPI,Q16637,compound,protein,0
5280804,CPI,P07237,compound,protein,1
5280804,CPI,P12821,compound,protein,1
5280804,CPI,O75604,compound,protein,0
5280863,CPI,P33527,compound,protein,1
5280863,CPI,P48729,compound,protein,0
5280863,CPI,P29317,compound,protein,0
5280863,CPI,Q9Y2K2,compound,protein,0
5280934,CPI,Q5NUL3,compound,protein,1
5280934,CPI,Q16720,compound,protein,0
5280953,CPI,P49759,compound,protein,1
5280953,CPI,P49760,compound,protein,1
5280953,CPI,Q13547,compound,protein,1
5280953,CPI,Q86V86,compound,protein,1
5280953,CPI,P07948,compound,protein,0
5280953,CPI,P05771,compound,protein,0
5280953,CPI,O14936,compound,protein,0
5280953,CPI,P08631,compound,protein,0
5280954,CPI,P21731,compound,protein,1
5280954,CPI,P30411,compound,protein,1
5280954,CPI,P78368,compound,protein,0
5280954,CPI,P36507,compound,protein,0
5280954,CPI,Q14012,compound,protein,0
5281004,CPI,P0DMS8,compound,protein,1
5281004,CPI,P18825,compound,protein,1
5281004,CPI,P41595,compound,protein,1
5281004,CPI,Q92887,compound,protein,0
5281004,CPI,P10276,compound,protein,0
5281004,CPI,Q15375,compound,protein,0
5281004,CPI,Q16659,compound,protein,0
5281004,CPI,Q12852,compound,protein,0
5281037,CPI,P21452,compound,protein,1
5281037,CPI,P29274,compound,protein,1
5281037,CPI,P43681,compound,protein,1
5281037,CPI,Q08499,compound,protein,1
5281037,CPI,P22607,compound,protein,0
5281222,CPI,P00533,compound,protein,1
5281426,CPI,Q00796,compound,protein,0
5281571,CPI,P27695,compound,protein,1
5281571,CPI,P28482,compound,protein,1
5281571,CPI,P55212,compound,protein,1
5281571,CPI,Q14191,compound,protein,1
5281571,CPI,O75747,compound,protein,0
5281607,CPI,P00918,compound,protein,1
5281607,CPI,Q16790,compound,protein,1
5281607,CPI,Q13705,compound,protein,0
5281613,CPI,Q13188,compound,protein,0
5281614,CPI,Q15418,compound,protein,1
5281614,CPI,P07451,compound,protein,0
5281614,CPI,P17948,compound,protein,0
5281614,CPI,Q9BUB5,compound,protein,0
5281643,CPI,P10635,compound,protein,1
5281670,CPI,Q9NUW8,compound,protein,1
5281672,CPI,P46063,compound,protein,1
5281672,CPI,P53350,compound,protein,1
5281672,CPI,P56817,compound,protein,1
5281672,CPI,O96017,compound,protein,0
5281672,CPI,Q8TCU5,compound,protein,0
5281691,CPI,P46063,compound,protein,1
5281691,CPI,P36888,compound,protein,0
5281691,CPI,P06239,compound,protein,0
5281707,CPI,Q08050,compound,protein,0
5281708,CPI,P30291,compound,protein,0
5281787,CPI,O60218,compound,protein,1
5281787,CPI,P02545,compound,protein,1
5281787,CPI,P10636,compound,protein,1
5281787,CPI,P23219,compound,protein,1
5281787,CPI,Q16288,compound,protein,0
5281792,CPI,P14679,compound,protein,1
5281792,CPI,P37059,compound,protein,1
5281792,CPI,P53778,compound,protein,0
5281847,CPI,P49137,compound,protein,1
5281847,CPI,Q6W5P4,compound,protein,1
5281847,CPI,Q92847,compound,protein,0
5281855,CPI,O60285,compound,protein,1
5281855,CPI,P18031,compound,protein,1
5281855,CPI,Q13526,compound,protein,1
5281855,CPI,Q9BX84,compound,protein,0
5281855,CPI,O15264,compound,protein,0
5281855,CPI,Q9BYT3,compound,protein,0
5281894,CPI,P00915,compound,protein,1
5281894,CPI,P38398,compound,protein,1
5281894,CPI,O43193,compound,protein,0
5281899,CPI,Q9NRM7,compound,protein,0
5282073,CPI,P11511,compound,protein,1
5282136,CPI,P0DMS8,compound,protein,1
5282136,CPI,P11229,compound,protein,1
5282136,CPI,P25021,compound,protein,1
5282136,CPI,P30556,compound,protein,1
5282136,CPI,P31645,compound,protein,1
5282136,CPI,P04626,compound,protein,0
5282181,CPI,P31749,compound,protein,0
5282230,CPI,P08684,compound,protein,1
5282230,CPI,Q16637,compound,protein,1
5282230,CPI,Q92887,compound,protein,0
5282367,CPI,P0DMS8,compound,protein,1
5282375,CPI,P0DMS8,compound,protein,1
5282375,CPI,Q92887,compound,protein,0
5282375,CPI,Q8N4C8,compound,protein,0
5282375,CPI,Q13237,compound,protein,0
5282443,CPI,P14416,compound,protein,1
5282443,CPI,P43681,compound,protein,1
5282452,CPI,P06401,compound,protein,1
5282452,CPI,P08588,compound,protein,1
5282452,CPI,P51617,compound,protein,0
5282493,CPI,P35372,compound,protein,1
5283387,CPI,P14555,compound,protein,1
5283389,CPI,Q92830,compound,protein,1
5283389,CPI,Q9UBT6,compound,protein,1
5283389,CPI,P29597,compound,protein,0
5283454,CPI,P39748,compound,protein,1
5283454,CPI,P49840,compound,protein,0
5284329,CPI,Q99835,compound,protein,1
5284375,CPI,P46734,compound,protein,0
5284513,CPI,P13631,compound,protein,1
5284513,CPI,P21728,compound,protein,1
5284513,CPI,P41968,compound,protein,1
5284513,CPI,P29317,compound,protein,0
5284549,CPI,P22748,compound,protein,1
5284549,CPI,P22694,compound,protein,0
5284557,CPI,P04278,compound,protein,1
5284557,CPI,Q14524,compound,protein,0
5284596,CPI,P04839,compound,protein,1
5284616,CPI,O95342,compound,protein,1
5284616,CPI,P07550,compound,protein,1
5284616,CPI,Q13451,compound,protein,1
5284616,CPI,Q99714,compound,protein,0
5284616,CPI,Q9Y2H1,compound,protein,0
5284616,CPI,O75874,compound,protein,0
5284616,CPI,P05177,compound,protein,0
5284627,CPI,O00305,compound,protein,1
5284627,CPI,Q16548,compound,protein,0
5284627,CPI,O94953,compound,protein,0
5284627,CPI,P05023,compound,protein,0
5284627,CPI,Q8IWT1,compound,protein,0
5284627,CPI,P19652,compound,protein,0
5284627,CPI,P17655,compound,protein,0
5284639,CPI,P04278,compound,protein,1
5284639,CPI,P37268,compound,protein,0
5287620,CPI,P10828,compound,protein,1
5287620,CPI,Q96QE3,compound,protein,1
5287620,CPI,Q00536,compound,protein,0
5287620,CPI,P42685,compound,protein,0
5287969,CPI,O14936,compound,protein,1
5287969,CPI,P06493,compound,protein,1
5287969,CPI,P06737,compound,protein,1
5287969,CPI,P08631,compound,protein,1
5287969,CPI,P11216,compound,protein,1
5287969,CPI,P19525,compound,protein,1
5287969,CPI,P21127,compound,protein,1
5287969,CPI,P27448,compound,protein,1
5287969,CPI,P31749,compound,protein,1
5287969,CPI,P49137,compound,protein,1
5287969,CPI,P50750,compound,protein,1
5287969,CPI,Q00536,compound,protein,1
5287969,CPI,Q07002,compound,protein,1
5287969,CPI,Q13177,compound,protein,1
5287969,CPI,Q13557,compound,protein,1
5287969,CPI,Q15569,compound,protein,1
5287969,CPI,Q16566,compound,protein,1
5287969,CPI,Q7KZI7,compound,protein,1
5287969,CPI,Q7L7X3,compound,protein,1
5287969,CPI,Q8NE63,compound,protein,1
5287969,CPI,Q96BR1,compound,protein,1
5287969,CPI,Q96D53,compound,protein,1
5287969,CPI,Q9NY57,compound,protein,1
5287969,CPI,Q9UEE5,compound,protein,1
5287969,CPI,Q9Y2H1,compound,protein,1
5287969,CPI,P35367,compound,protein,0
5287969,CPI,P84022,compound,protein,0
5287969,CPI,Q96IR2,compound,protein,0
5287969,CPI,Q2MJR0,compound,protein,0
5287969,CPI,A6NEL2,compound,protein,0
5287969,CPI,Q6TCH7,compound,protein,0
5287969,CPI,Q99624,compound,protein,0
5287969,CPI,O94854,compound,protein,0
5287969,CPI,A6NER0,compound,protein,0
5287969,CPI,Q3KQV9,compound,protein,0
5287969,CPI,Q5JU85,compound,protein,0
5287969,CPI,Q8J025,compound,protein,0
5287969,CPI,P57730,compound,protein,0
5287969,CPI,O00469,compound,protein,0
5287969,CPI,O75081,compound,protein,0
5287969,CPI,Q6IB77,compound,protein,0
5287969,CPI,Q9Y2K9,compound,protein,0
5287969,CPI,Q9UPT9,compound,protein,0
5288209,CPI,P38398,compound,protein,1
5288209,CPI,P27815,compound,protein,0
5290,CPI,P14416,compound,protein,1
5290,CPI,Q9Y4K4,compound,protein,0
5291,CPI,O00329,compound,protein,1
5291,CPI,O75385,compound,protein,1
5291,CPI,P07332,compound,protein,1
5291,CPI,P07333,compound,protein,1
5291,CPI,P07948,compound,protein,1
5291,CPI,P23443,compound,protein,1
5291,CPI,P28482,compound,protein,1
5291,CPI,P31751,compound,protein,1
5291,CPI,P51617,compound,protein,1
5291,CPI,P54756,compound,protein,1
5291,CPI,Q15831,compound,protein,1
5291,CPI,Q15835,compound,protein,1
5291,CPI,Q8TDC3,compound,protein,1
5291,CPI,Q96Q40,compound,protein,1
5291,CPI,Q99755,compound,protein,1
5291,CPI,Q9BRS2,compound,protein,1
5291,CPI,Q9NYY3,compound,protein,1
5291,CPI,Q9P2K8,compound,protein,1
5291,CPI,Q9UIK4,compound,protein,1
5291,CPI,Q9UL54,compound,protein,1
5291,CPI,O15439,compound,protein,0
5291,CPI,Q04206,compound,protein,0
5291,CPI,P24530,compound,protein,0
5291,CPI,P09917,compound,protein,0
5291,CPI,Q58F21,compound,protein,0
5291,CPI,Q15842,compound,protein,0
5291,CPI,Q07343,compound,protein,0
5291,CPI,Q4U2R8,compound,protein,0
5291,CPI,P62942,compound,protein,0
5291,CPI,P33527,compound,protein,0
5291,CPI,P07477,compound,protein,0
52912189,CPI,P25440,compound,protein,1
5309153,CPI,P20618,compound,protein,0
5310346,CPI,O75496,compound,protein,0
5310346,CPI,P50750,compound,protein,0
5310786,CPI,P27695,compound,protein,1
5310988,CPI,P35372,compound,protein,1
5310993,CPI,O15438,compound,protein,0
5311,CPI,P21554,compound,protein,1
5311,CPI,P34969,compound,protein,1
5311,CPI,P84022,compound,protein,1
5311,CPI,Q13547,compound,protein,1
5311018,CPI,P41145,compound,protein,1
5311037,CPI,P30542,compound,protein,1
5311097,CPI,P28221,compound,protein,1
5311097,CPI,P47898,compound,protein,1
5311097,CPI,P20618,compound,protein,0
5311128,CPI,O00444,compound,protein,0
5311128,CPI,P25021,compound,protein,0
5311181,CPI,P00750,compound,protein,1
5311181,CPI,P14618,compound,protein,0
5311203,CPI,P42345,compound,protein,0
5311211,CPI,P37231,compound,protein,1
5311217,CPI,Q08289,compound,protein,1
5311217,CPI,O75469,compound,protein,1
5311217,CPI,P24557,compound,protein,1
5311217,CPI,Q9P1W9,compound,protein,0
5311257,CPI,P21554,compound,protein,1
5311276,CPI,P00918,compound,protein,0
5311412,CPI,P08908,compound,protein,1
5311412,CPI,P25021,compound,protein,1
5311412,CPI,P06493,compound,protein,0
5311424,CPI,Q13233,compound,protein,0
5311452,CPI,Q6FHJ7,compound,protein,0
5311479,CPI,Q15303,compound,protein,0
5311497,CPI,P21452,compound,protein,1
5311507,CPI,P35354,compound,protein,1
5311507,CPI,Q9NRP7,compound,protein,0
5311507,CPI,Q9UKE5,compound,protein,0
5311507,CPI,Q32MK0,compound,protein,0
5311510,CPI,P43220,compound,protein,1
5312137,CPI,O15118,compound,protein,1
5312137,CPI,P0DP23,compound,protein,1
5312137,CPI,Q8NE63,compound,protein,0
5312137,CPI,Q02763,compound,protein,0
5312137,CPI,Q7KZI7,compound,protein,0
5312149,CPI,P28222,compound,protein,1
5312149,CPI,P48736,compound,protein,0
5312529,CPI,Q13882,compound,protein,0
5317223,CPI,P54619,compound,protein,0
5318,CPI,Q08499,compound,protein,1
5318,CPI,Q16584,compound,protein,0
5318433,CPI,Q00535,compound,protein,1
5318433,CPI,P14625,compound,protein,0
5318433,CPI,P47712,compound,protein,0
5320,CPI,P11229,compound,protein,1
5320,CPI,Q9Y5N1,compound,protein,1
5320,CPI,Q9Y243,compound,protein,0
5320,CPI,Q96D53,compound,protein,0
5320,CPI,Q7KZI7,compound,protein,0
53232,CPI,P21452,compound,protein,1
53232,CPI,Q9Y5N1,compound,protein,1
53235510,CPI,O14965,compound,protein,1
53235510,CPI,P05177,compound,protein,1
53235510,CPI,P06241,compound,protein,1
53235510,CPI,P15056,compound,protein,1
53235510,CPI,P21802,compound,protein,1
53235510,CPI,P35968,compound,protein,1
53235510,CPI,P49841,compound,protein,1
53235510,CPI,Q04912,compound,protein,1
53235510,CPI,Q9UM73,compound,protein,1
53235510,CPI,O75716,compound,protein,0
53235510,CPI,Q92847,compound,protein,0
53235510,CPI,Q99640,compound,protein,0
53235510,CPI,P23443,compound,protein,0
5323714,CPI,O75469,compound,protein,1
5323714,CPI,P30556,compound,protein,1
5323714,CPI,P48736,compound,protein,0
5324346,CPI,O15438,compound,protein,1
5324346,CPI,P21728,compound,protein,1
5324346,CPI,Q13555,compound,protein,0
5324346,CPI,Q9UBN7,compound,protein,0
5324346,CPI,P12931,compound,protein,0
5325,CPI,P25021,compound,protein,1
5325,CPI,P30542,compound,protein,1
5325,CPI,P27448,compound,protein,0
5325,CPI,P05129,compound,protein,0
53276,CPI,P28223,compound,protein,1
53276,CPI,O96017,compound,protein,0
5328,CPI,P08908,compound,protein,1
5328,CPI,P18825,compound,protein,1
5328,CPI,P29274,compound,protein,1
5328,CPI,O95180,compound,protein,0
5328,CPI,Q14994,compound,protein,0
5328760,CPI,O75475,compound,protein,1
5328760,CPI,P39748,compound,protein,1
5328760,CPI,P83916,compound,protein,1
5328760,CPI,O00329,compound,protein,0
5328771,CPI,P39748,compound,protein,1
5328771,CPI,Q15303,compound,protein,0
5328771,CPI,P36894,compound,protein,0
5328804,CPI,P39748,compound,protein,1
5328807,CPI,P43220,compound,protein,1
5329,CPI,O15439,compound,protein,0
5329,CPI,Q02156,compound,protein,0
5329,CPI,O75676,compound,protein,0
5329,CPI,Q15759,compound,protein,0
5329098,CPI,Q06710,compound,protein,0
5329098,CPI,Q9Y6M4,compound,protein,0
5329099,CPI,O95835,compound,protein,1
5329099,CPI,Q14164,compound,protein,1
5329099,CPI,Q12974,compound,protein,0
5329099,CPI,P59536,compound,protein,0
5329099,CPI,P16455,compound,protein,0
5329099,CPI,P23634,compound,protein,0
5329102,CPI,O14936,compound,protein,1
5329102,CPI,O60674,compound,protein,1
5329102,CPI,P04626,compound,protein,1
5329102,CPI,P08172,compound,protein,1
5329102,CPI,P0C1S8,compound,protein,1
5329102,CPI,P10721,compound,protein,1
5329102,CPI,P21802,compound,protein,1
5329102,CPI,P21917,compound,protein,1
5329102,CPI,P27361,compound,protein,1
5329102,CPI,P27448,compound,protein,1
5329102,CPI,P31749,compound,protein,1
5329102,CPI,P34913,compound,protein,1
5329102,CPI,P35968,compound,protein,1
5329102,CPI,P41743,compound,protein,1
5329102,CPI,P49137,compound,protein,1
5329102,CPI,P51451,compound,protein,1
5329102,CPI,P52564,compound,protein,1
5329102,CPI,P53355,compound,protein,1
5329102,CPI,Q02750,compound,protein,1
5329102,CPI,Q04912,compound,protein,1
5329102,CPI,Q13043,compound,protein,1
5329102,CPI,Q13233,compound,protein,1
5329102,CPI,Q14004,compound,protein,1
5329102,CPI,Q16513,compound,protein,1
5329102,CPI,Q16539,compound,protein,1
5329102,CPI,Q52WX2,compound,protein,1
5329102,CPI,Q7L7X3,compound,protein,1
5329102,CPI,Q8IY84,compound,protein,1
5329102,CPI,Q99759,compound,protein,1
5329102,CPI,Q99808,compound,protein,1
5329102,CPI,Q9Y243,compound,protein,1
5329102,CPI,Q16637,compound,protein,0
5329102,CPI,P08684,compound,protein,0
5329102,CPI,Q99714,compound,protein,0
5329102,CPI,O75496,compound,protein,0
5329102,CPI,P10635,compound,protein,0
5329102,CPI,P28221,compound,protein,0
5329102,CPI,Q86X76,compound,protein,0
5329102,CPI,A0A087X1G2,compound,protein,0
5329102,CPI,O95947,compound,protein,0
5329102,CPI,Q9UII4,compound,protein,0
5329102,CPI,Q86XE0,compound,protein,0
5329102,CPI,Q6P9G9,compound,protein,0
5329102,CPI,Q9H568,compound,protein,0
5329102,CPI,O95810,compound,protein,0
5329102,CPI,Q5EG05,compound,protein,0
5329102,CPI,Q14241,compound,protein,0
5329102,CPI,Q9GZP4,compound,protein,0
5329102,CPI,Q9NQC8,compound,protein,0
5329102,CPI,Q86TV6,compound,protein,0
5329102,CPI,Q99469,compound,protein,0
5329102,CPI,Q15006,compound,protein,0
5329102,CPI,Q9BUE0,compound,protein,0
5329102,CPI,P14316,compound,protein,0
5329102,CPI,R4GMM1,compound,protein,0
5329102,CPI,Q9UQ49,compound,protein,0
5329102,CPI,Q5T7V8,compound,protein,0
5329102,CPI,Q8IWV8,compound,protein,0
5329102,CPI,P50221,compound,protein,0
5329102,CPI,Q6ZVM7,compound,protein,0
5329102,CPI,Q96ER3,compound,protein,0
5329102,CPI,Q6UXY8,compound,protein,0
5329150,CPI,P29466,compound,protein,0
5329255,CPI,P10636,compound,protein,1
5329255,CPI,P16050,compound,protein,1
5329255,CPI,P27695,compound,protein,1
5329255,CPI,Q9Y5N1,compound,protein,0
5330,CPI,P08922,compound,protein,0
5330,CPI,Q01118,compound,protein,0
5330286,CPI,P08912,compound,protein,1
5330286,CPI,P23975,compound,protein,1
5330286,CPI,P24941,compound,protein,1
5330286,CPI,P51817,compound,protein,1
5330286,CPI,Q99714,compound,protein,0
5330286,CPI,O15111,compound,protein,0
5330286,CPI,Q03431,compound,protein,0
5330286,CPI,O15146,compound,protein,0
5330286,CPI,O60331,compound,protein,0
5330790,CPI,O75582,compound,protein,1
5330790,CPI,P06239,compound,protein,1
5330790,CPI,P06241,compound,protein,1
5330790,CPI,P24941,compound,protein,1
5330790,CPI,P35916,compound,protein,1
5330790,CPI,P54646,compound,protein,1
5330790,CPI,P80370,compound,protein,1
5330790,CPI,Q04759,compound,protein,1
5330790,CPI,Q16512,compound,protein,1
5330790,CPI,Q99755,compound,protein,1
5330790,CPI,Q9BRS2,compound,protein,1
5330790,CPI,P25021,compound,protein,0
5330790,CPI,Q9UNA4,compound,protein,0
5330790,CPI,P20794,compound,protein,0
5330790,CPI,O15264,compound,protein,0
5330790,CPI,O00329,compound,protein,0
5330790,CPI,P46098,compound,protein,0
5330790,CPI,P27815,compound,protein,0
5330790,CPI,Q15303,compound,protein,0
5330790,CPI,Q8NE63,compound,protein,0
5330790,CPI,P18825,compound,protein,0
5330790,CPI,P10828,compound,protein,0
5330790,CPI,P16499,compound,protein,0
5330790,CPI,Q03181,compound,protein,0
5330790,CPI,P08684,compound,protein,0
5330790,CPI,P27338,compound,protein,0
5330790,CPI,Q9UPZ9,compound,protein,0
5330790,CPI,Q9BX84,compound,protein,0
5330790,CPI,Q16665,compound,protein,0
5330790,CPI,Q92731,compound,protein,0
5330790,CPI,P15121,compound,protein,0
53315882,CPI,P42684,compound,protein,0
5335,CPI,O94806,compound,protein,0
53359,CPI,P43405,compound,protein,0
5336,CPI,P30411,compound,protein,1
53377419,CPI,O94782,compound,protein,0
5337997,CPI,P05164,compound,protein,1
5338,CPI,P02545,compound,protein,1
53387035,CPI,O75907,compound,protein,1
5339,CPI,P08913,compound,protein,1
5339,CPI,Q9UNQ0,compound,protein,1
5340,CPI,O43193,compound,protein,1
5340,CPI,P08913,compound,protein,1
5342,CPI,P08588,compound,protein,1
5342,CPI,Q99808,compound,protein,1
5342,CPI,Q16850,compound,protein,0
5342,CPI,Q99720,compound,protein,0
5342,CPI,Q9Y2K2,compound,protein,0
5342,CPI,Q15375,compound,protein,0
5342,CPI,O15264,compound,protein,0
5344,CPI,P32245,compound,protein,1
5344,CPI,Q99808,compound,protein,1
5344,CPI,Q96RR4,compound,protein,0
5351344,CPI,P00519,compound,protein,1
5352,CPI,P02768,compound,protein,1
5352,CPI,P25929,compound,protein,1
5352,CPI,P41143,compound,protein,1
5352,CPI,Q13324,compound,protein,1
5352,CPI,P07332,compound,protein,0
5352,CPI,Q92630,compound,protein,0
5352,CPI,Q9HAZ1,compound,protein,0
5352,CPI,Q13882,compound,protein,0
5352,CPI,P08922,compound,protein,0
5352,CPI,P22607,compound,protein,0
5352,CPI,Q13873,compound,protein,0
5353431,CPI,P11473,compound,protein,1
5353593,CPI,P05067,compound,protein,1
5353593,CPI,P14625,compound,protein,0
5353623,CPI,P27695,compound,protein,1
5353685,CPI,P31260,compound,protein,0
5353760,CPI,Q9BY41,compound,protein,0
5353853,CPI,O00444,compound,protein,0
5353853,CPI,Q92630,compound,protein,0
5353853,CPI,Q8TBX8,compound,protein,0
5354,CPI,Q9NUW8,compound,protein,1
5354,CPI,P28335,compound,protein,0
5354,CPI,O75469,compound,protein,0
53555,CPI,P24557,compound,protein,1
5358,CPI,Q99250,compound,protein,0
5359,CPI,P07550,compound,protein,1
5359,CPI,P11229,compound,protein,1
5359,CPI,P21554,compound,protein,1
5359371,CPI,P08172,compound,protein,1
5359371,CPI,P47898,compound,protein,0
5360515,CPI,Q9BXA7,compound,protein,0
5360696,CPI,P21397,compound,protein,1
5360696,CPI,P46098,compound,protein,1
5362124,CPI,P21452,compound,protein,1
5362124,CPI,P28223,compound,protein,1
5362124,CPI,Q02750,compound,protein,0
5362124,CPI,Q16790,compound,protein,0
5362124,CPI,Q9UPZ9,compound,protein,0
5362124,CPI,P50750,compound,protein,0
5362129,CPI,P11229,compound,protein,1
5362129,CPI,O15492,compound,protein,0
5362129,CPI,P67775,compound,protein,0
53734236,CPI,P21918,compound,protein,1
53734236,CPI,P41968,compound,protein,0
5374,CPI,P78356,compound,protein,0
5374,CPI,P54764,compound,protein,0
5379,CPI,Q92887,compound,protein,0
5379,CPI,P51817,compound,protein,0
5379,CPI,Q05655,compound,protein,0
5379,CPI,P29317,compound,protein,0
5381,CPI,P08684,compound,protein,1
5381,CPI,Q96KQ7,compound,protein,1
5387,CPI,P11229,compound,protein,1
5387,CPI,O75469,compound,protein,0
5388962,CPI,P08173,compound,protein,1
5388962,CPI,P08912,compound,protein,1
5388962,CPI,P21397,compound,protein,1
5388962,CPI,P25103,compound,protein,1
5388962,CPI,P37288,compound,protein,1
5388962,CPI,C0HM02,compound,protein,0
5388962,CPI,Q13443,compound,protein,0
5388962,CPI,P61026,compound,protein,0
5388962,CPI,P22033,compound,protein,0
5391,CPI,P25021,compound,protein,1
5394,CPI,O15438,compound,protein,0
5394,CPI,O15305,compound,protein,0
5394,CPI,Q9UL51,compound,protein,0
5401,CPI,P08588,compound,protein,1
5401,CPI,P11229,compound,protein,1
5401,CPI,P21917,compound,protein,1
5401,CPI,P25103,compound,protein,1
5401,CPI,P35367,compound,protein,1
5401,CPI,P49760,compound,protein,0
5411,CPI,P23975,compound,protein,1
5411,CPI,P31645,compound,protein,1
5411,CPI,P43220,compound,protein,0
5411,CPI,O75496,compound,protein,0
5411,CPI,Q9NQZ3,compound,protein,0
5411,CPI,Q8NH09,compound,protein,0
5411,CPI,A0AUZ9,compound,protein,0
5416418,CPI,Q9NYY3,compound,protein,0
5417,CPI,Q99720,compound,protein,1
5426,CPI,P21917,compound,protein,1
5426,CPI,Q9Y5N1,compound,protein,1
5426,CPI,Q96JB6,compound,protein,0
5426,CPI,P51170,compound,protein,0
5426,CPI,Q8WU08,compound,protein,0
5429,CPI,Q9BZL6,compound,protein,0
5429,CPI,O75496,compound,protein,0
5429,CPI,Q9H2G2,compound,protein,0
5430,CPI,O14578,compound,protein,0
54385,CPI,P35367,compound,protein,1
54454,CPI,O75874,compound,protein,1
54454,CPI,Q9UBS5,compound,protein,1
54454,CPI,Q8IW41,compound,protein,0
54477,CPI,Q99720,compound,protein,1
5450,CPI,Q9H3N8,compound,protein,1
5453,CPI,P21731,compound,protein,1
5455,CPI,P53350,compound,protein,1
5455,CPI,O15111,compound,protein,0
5455,CPI,P68400,compound,protein,0
5455,CPI,P11309,compound,protein,0
5456,CPI,Q04206,compound,protein,0
54575046,CPI,O00591,compound,protein,0
5462501,CPI,P12821,compound,protein,1
54637826,CPI,Q06710,compound,protein,1
54660650,CPI,Q86UE8,compound,protein,0
5467,CPI,P10635,compound,protein,1
54676535,CPI,Q8N4C8,compound,protein,0
54676537,CPI,P21554,compound,protein,1
54676537,CPI,P21728,compound,protein,1
54676537,CPI,P43681,compound,protein,1
54676537,CPI,P36896,compound,protein,0
54676537,CPI,Q16665,compound,protein,0
54676537,CPI,Q9Y2K2,compound,protein,0
54676537,CPI,P23458,compound,protein,0
54676537,CPI,P08912,compound,protein,0
54677407,CPI,O75604,compound,protein,1
5468,CPI,P18089,compound,protein,1
5468,CPI,P21731,compound,protein,1
5468,CPI,P23975,compound,protein,1
5468,CPI,P43681,compound,protein,1
5468,CPI,P17812,compound,protein,0
5468,CPI,Q9H0A0,compound,protein,0
5468216,CPI,P09619,compound,protein,1
54685921,CPI,P49798,compound,protein,1
54685921,CPI,P32245,compound,protein,0
54685921,CPI,P25021,compound,protein,0
54685921,CPI,P21731,compound,protein,0
54687,CPI,Q9Y694,compound,protein,0
54687,CPI,P10635,compound,protein,0
54688261,CPI,Q9BQB6,compound,protein,1
5469318,CPI,P19838,compound,protein,1
54746,CPI,P25021,compound,protein,1
54746,CPI,P32245,compound,protein,1
54764919,CPI,P21731,compound,protein,0
5479,CPI,P02545,compound,protein,1
5479,CPI,P04150,compound,protein,1
5479,CPI,P37288,compound,protein,1
5479,CPI,Q15418,compound,protein,0
5482,CPI,P05093,compound,protein,1
5482,CPI,P41145,compound,protein,1
54841,CPI,P10635,compound,protein,1
54841,CPI,P31645,compound,protein,1
5487,CPI,O43193,compound,protein,1
5487,CPI,O15438,compound,protein,0
5487,CPI,O95342,compound,protein,0
5487,CPI,O75469,compound,protein,0
5496659,CPI,P07477,compound,protein,1
5497183,CPI,P49721,compound,protein,1
5503,CPI,P04150,compound,protein,1
5503,CPI,P21397,compound,protein,1
5503,CPI,O15111,compound,protein,0
5503,CPI,Q9UEE5,compound,protein,0
5504,CPI,Q13131,compound,protein,0
5504,CPI,Q8IU85,compound,protein,0
5505,CPI,P08908,compound,protein,1
5522,CPI,P05177,compound,protein,1
5522,CPI,Q92793,compound,protein,1
5522,CPI,Q6PHR2,compound,protein,0
55245,CPI,P02545,compound,protein,1
55245,CPI,P10632,compound,protein,1
55245,CPI,P31645,compound,protein,1
55245,CPI,Q13237,compound,protein,0
55245,CPI,P07437,compound,protein,0
55245,CPI,P51589,compound,protein,0
5526,CPI,P00747,compound,protein,1
5526,CPI,P00519,compound,protein,0
5526,CPI,P54760,compound,protein,0
5526,CPI,P43405,compound,protein,0
5526,CPI,P35590,compound,protein,0
5526,CPI,Q6XUX3,compound,protein,0
5531,CPI,P19784,compound,protein,0
5531,CPI,Q9BZL6,compound,protein,0
5531,CPI,Q9UHD2,compound,protein,0
5533,CPI,P04439,compound,protein,1
5533,CPI,P08913,compound,protein,1
5533,CPI,P25021,compound,protein,1
5533,CPI,Q9H0K1,compound,protein,0
5533,CPI,P50406,compound,protein,0
55445,CPI,P21917,compound,protein,1
5546,CPI,P00352,compound,protein,1
5546,CPI,Q8NET8,compound,protein,0
5546,CPI,Q96LA8,compound,protein,0
5546,CPI,P18084,compound,protein,0
5560,CPI,Q9ULX7,compound,protein,1
5564,CPI,P23975,compound,protein,1
5564,CPI,P52333,compound,protein,0
5564,CPI,P27448,compound,protein,0
5564,CPI,Q96KQ7,compound,protein,0
5566,CPI,P08588,compound,protein,1
5566,CPI,P26447,compound,protein,1
5566,CPI,P32245,compound,protein,1
5566,CPI,P41145,compound,protein,1
5566,CPI,O95819,compound,protein,0
5566,CPI,Q8IW41,compound,protein,0
5566,CPI,Q14289,compound,protein,0
5568,CPI,P10635,compound,protein,1
5568,CPI,Q01959,compound,protein,1
5568,CPI,P35354,compound,protein,0
5572,CPI,Q9UNA0,compound,protein,0
5573,CPI,O00305,compound,protein,1
5573,CPI,P08172,compound,protein,1
5573,CPI,P23443,compound,protein,0
5573,CPI,Q15759,compound,protein,0
5573,CPI,Q86Z02,compound,protein,0
5574,CPI,P16083,compound,protein,0
5576,CPI,P25929,compound,protein,1
5576,CPI,P41968,compound,protein,1
5577,CPI,P02545,compound,protein,1
5577,CPI,Q13237,compound,protein,0
5584,CPI,P35372,compound,protein,1
5584,CPI,P32245,compound,protein,0
5584,CPI,P28482,compound,protein,0
5587,CPI,P11229,compound,protein,1
5587,CPI,P28223,compound,protein,1
5587,CPI,P41145,compound,protein,1
5587,CPI,Q01959,compound,protein,1
5587,CPI,Q7L7X3,compound,protein,0
5591,CPI,P08908,compound,protein,1
5591,CPI,Q01959,compound,protein,1
5591,CPI,Q14994,compound,protein,1
5593,CPI,P11712,compound,protein,1
5593,CPI,P20309,compound,protein,1
5593,CPI,Q00526,compound,protein,0
5593,CPI,Q15139,compound,protein,0
5593,CPI,Q8WTQ7,compound,protein,0
5593,CPI,P29322,compound,protein,0
5595,CPI,P28566,compound,protein,1
5595,CPI,P21917,compound,protein,0
5614,CPI,P04637,compound,protein,1
5614,CPI,Q6W5P4,compound,protein,1
5614,CPI,Q9NUW8,compound,protein,1
5614,CPI,P49336,compound,protein,0
5639,CPI,P02545,compound,protein,1
5639,CPI,Q08499,compound,protein,1
564,CPI,P00747,compound,protein,1
564,CPI,P06401,compound,protein,1
564,CPI,P08908,compound,protein,1
564,CPI,Q16539,compound,protein,0
564,CPI,P25103,compound,protein,0
564,CPI,P43220,compound,protein,0
564,CPI,P16473,compound,protein,0
5656,CPI,P50406,compound,protein,1
5656,CPI,Q96FL8,compound,protein,0
5665,CPI,P21397,compound,protein,1
5665,CPI,P25021,compound,protein,1
5665,CPI,P30542,compound,protein,1
5665,CPI,P41595,compound,protein,1
5665,CPI,Q8NI60,compound,protein,0
56650312,CPI,P25116,compound,protein,0
56654642,CPI,Q13547,compound,protein,1
56654642,CPI,Q9UQL6,compound,protein,0
5666,CPI,P08588,compound,protein,1
5666,CPI,P08908,compound,protein,1
5666,CPI,P11229,compound,protein,1
5666,CPI,P21918,compound,protein,1
5666,CPI,P30043,compound,protein,0
5667,CPI,Q15569,compound,protein,0
5681,CPI,Q15746,compound,protein,0
5684,CPI,P50406,compound,protein,1
56840865,CPI,Q9UBF8,compound,protein,0
568416,CPI,P18825,compound,protein,0
568416,CPI,P11229,compound,protein,0
56846693,CPI,Q12809,compound,protein,0
56846693,CPI,Q9NUW8,compound,protein,0
5685,CPI,Q15746,compound,protein,0
56956240,CPI,P51151,compound,protein,0
56959,CPI,P35368,compound,protein,1
56959,CPI,P54756,compound,protein,0
56959,CPI,Q16644,compound,protein,0
56971,CPI,O75030,compound,protein,0
56973724,CPI,P33981,compound,protein,1
5701996,CPI,Q9Y463,compound,protein,0
5701997,CPI,P41595,compound,protein,1
5701997,CPI,P51151,compound,protein,0
5701998,CPI,P08235,compound,protein,1
5702015,CPI,P21728,compound,protein,1
5702015,CPI,P28335,compound,protein,1
5702031,CPI,P10275,compound,protein,1
5702035,CPI,P04083,compound,protein,1
5702041,CPI,P50993,compound,protein,1
5702051,CPI,P34947,compound,protein,0
5702095,CPI,P03372,compound,protein,1
5702095,CPI,P06401,compound,protein,1
5702096,CPI,Q15078,compound,protein,0
5702125,CPI,P04150,compound,protein,1
5702134,CPI,Q15465,compound,protein,0
5702135,CPI,Q16236,compound,protein,0
5702140,CPI,P28221,compound,protein,1
5702140,CPI,P57078,compound,protein,0
5702164,CPI,P84098,compound,protein,1
5702178,CPI,P62508,compound,protein,1
5702210,CPI,P30411,compound,protein,0
5702265,CPI,Q13148,compound,protein,0
5709,CPI,P54760,compound,protein,0
5709,CPI,P08684,compound,protein,0
5709,CPI,P27037,compound,protein,0
5712,CPI,P33261,compound,protein,1
5712,CPI,Q8IWT1,compound,protein,0
5712,CPI,Q12908,compound,protein,0
5717,CPI,P28482,compound,protein,1
5717,CPI,P41968,compound,protein,1
5717,CPI,P43681,compound,protein,1
5717,CPI,P37173,compound,protein,0
5717,CPI,P45983,compound,protein,0
5717737,CPI,P33261,compound,protein,1
5717737,CPI,Q9Y6E0,compound,protein,0
5717801,CPI,Q13470,compound,protein,0
5719,CPI,P35367,compound,protein,1
5719,CPI,P68366,compound,protein,0
5719,CPI,Q13255,compound,protein,0
5722,CPI,Q16665,compound,protein,1
5722,CPI,P12931,compound,protein,0
5723,CPI,P43220,compound,protein,1
57267,CPI,P10635,compound,protein,1
5732,CPI,P31644,compound,protein,1
5732,CPI,P37840,compound,protein,0
5732,CPI,Q9Y4K4,compound,protein,0
57335384,CPI,Q16445,compound,protein,0
57339144,CPI,P84022,compound,protein,0
57339144,CPI,P48729,compound,protein,0
57339144,CPI,Q12851,compound,protein,0
5734,CPI,P18825,compound,protein,1
5734,CPI,P35367,compound,protein,1
5734,CPI,P47869,compound,protein,1
5734,CPI,Q13188,compound,protein,0
5734,CPI,Q9HCP0,compound,protein,0
5734,CPI,P0C1S8,compound,protein,0
5734,CPI,Q9H2G2,compound,protein,0
5734,CPI,Q9UBS5,compound,protein,0
57345410,CPI,P51451,compound,protein,0
5735,CPI,P28223,compound,protein,1
5735,CPI,P28335,compound,protein,1
5735,CPI,P29597,compound,protein,0
57363,CPI,O75496,compound,protein,1
57363,CPI,P21397,compound,protein,1
57363,CPI,P35462,compound,protein,1
57363,CPI,P40225,compound,protein,1
57363,CPI,O94782,compound,protein,0
57363,CPI,P46063,compound,protein,0
57363,CPI,Q14164,compound,protein,0
57363,CPI,Q06418,compound,protein,0
57369718,CPI,Q15822,compound,protein,1
57379345,CPI,P12931,compound,protein,1
57379345,CPI,P35968,compound,protein,1
57379345,CPI,P49759,compound,protein,1
57379345,CPI,P29376,compound,protein,0
57379345,CPI,P11308,compound,protein,0
57390074,CPI,P51955,compound,protein,0
5742832,CPI,P32238,compound,protein,0
5743,CPI,P16473,compound,protein,1
5743,CPI,Q9NUW8,compound,protein,1
5756,CPI,P08185,compound,protein,1
5756,CPI,P78527,compound,protein,0
5756371,CPI,O94782,compound,protein,1
5756371,CPI,P17252,compound,protein,0
5757,CPI,P21554,compound,protein,1
5757,CPI,P22303,compound,protein,1
5757,CPI,Q13131,compound,protein,0
5770,CPI,P08913,compound,protein,1
5770,CPI,P30518,compound,protein,1
5770,CPI,P43681,compound,protein,1
5770,CPI,P07949,compound,protein,0
5770,CPI,Q16763,compound,protein,0
5775,CPI,P49841,compound,protein,0
5775,CPI,P04626,compound,protein,0
5814,CPI,Q05655,compound,protein,0
58144,CPI,Q12809,compound,protein,0
58153740,CPI,P12821,compound,protein,1
5816,CPI,P18825,compound,protein,1
5816,CPI,P22303,compound,protein,0
5819,CPI,O75469,compound,protein,1
5819,CPI,Q08499,compound,protein,1
5819,CPI,O15554,compound,protein,0
5833,CPI,P08235,compound,protein,1
5833,CPI,P54284,compound,protein,1
5833,CPI,Q03431,compound,protein,1
5833,CPI,Q9HC97,compound,protein,0
5833,CPI,Q8NI60,compound,protein,0
5853,CPI,Q9NR56,compound,protein,1
5881,CPI,O94804,compound,protein,0
5881,CPI,P49761,compound,protein,0
5893,CPI,Q14697,compound,protein,1
5893,CPI,Q8TET4,compound,protein,1
5893,CPI,Q9Y6M4,compound,protein,0
5901,CPI,P37840,compound,protein,1
5904,CPI,O75496,compound,protein,0
5904441,CPI,Q9NUW8,compound,protein,1
5904441,CPI,Q96RR4,compound,protein,0
5906,CPI,P18825,compound,protein,1
5910,CPI,P11509,compound,protein,1
5910,CPI,Q9NRP7,compound,protein,0
59174579,CPI,Q06187,compound,protein,1
59227,CPI,P35367,compound,protein,1
5943,CPI,P16473,compound,protein,1
5944,CPI,P67775,compound,protein,1
59472121,CPI,P10721,compound,protein,1
59472121,CPI,P49841,compound,protein,1
59472121,CPI,Q9UKI8,compound,protein,0
5961,CPI,P43007,compound,protein,0
59671085,CPI,Q9Y243,compound,protein,1
5974189,CPI,P41145,compound,protein,1
5983,CPI,P22303,compound,protein,1
5983,CPI,P07333,compound,protein,0
5994,CPI,P28223,compound,protein,1
5994,CPI,Q14432,compound,protein,1
5994,CPI,P46734,compound,protein,0
5995,CPI,P06401,compound,protein,1
5995,CPI,Q9UHD2,compound,protein,0
5995,CPI,P10721,compound,protein,0
5995,CPI,Q96QE3,compound,protein,0
5995,CPI,Q15418,compound,protein,0
5995,CPI,P50406,compound,protein,0
6000533,CPI,P35236,compound,protein,1
6000533,CPI,Q16445,compound,protein,0
6001,CPI,P15056,compound,protein,0
6001181,CPI,P43220,compound,protein,1
60026,CPI,Q9UQM7,compound,protein,0
6005,CPI,P03372,compound,protein,1
6005,CPI,P08684,compound,protein,1
6005,CPI,Q9Y5N1,compound,protein,1
6005,CPI,P51151,compound,protein,0
60063,CPI,P35354,compound,protein,0
6010,CPI,P04278,compound,protein,1
60149,CPI,P31645,compound,protein,1
60149,CPI,Q9NUW8,compound,protein,1
60149,CPI,O15438,compound,protein,0
60149,CPI,Q16236,compound,protein,0
60149,CPI,P11802,compound,protein,0
60164,CPI,P00533,compound,protein,0
60182388,CPI,P41595,compound,protein,0
60185081,CPI,P25024,compound,protein,0
60198,CPI,P21728,compound,protein,1
60198,CPI,O60674,compound,protein,0
602897,CPI,P37840,compound,protein,1
6032,CPI,O75469,compound,protein,1
6032,CPI,P21554,compound,protein,1
6032,CPI,O15439,compound,protein,0
6032,CPI,P35968,compound,protein,0
6032,CPI,P17948,compound,protein,0
6035,CPI,P36894,compound,protein,0
6041,CPI,P43681,compound,protein,1
6041,CPI,Q16665,compound,protein,1
6041,CPI,P51570,compound,protein,0
6041,CPI,Q6JQN1,compound,protein,0
6041,CPI,P22736,compound,protein,0
6041,CPI,O15151,compound,protein,0
6047,CPI,P23219,compound,protein,1
6047,CPI,P39748,compound,protein,1
6047,CPI,Q06710,compound,protein,0
6049,CPI,Q9NUW8,compound,protein,1
6049,CPI,Q9C098,compound,protein,0
60602,CPI,P21453,compound,protein,1
60602,CPI,P35462,compound,protein,1
60602,CPI,P47898,compound,protein,1
60602,CPI,Q9UQ88,compound,protein,0
60602,CPI,Q8IU85,compound,protein,0
60602,CPI,P00352,compound,protein,0
60602,CPI,Q9Y616,compound,protein,0
60602,CPI,P51956,compound,protein,0
60606,CPI,P20813,compound,protein,1
60606,CPI,O15438,compound,protein,0
60700,CPI,O15296,compound,protein,0
60700,CPI,P84022,compound,protein,0
60703,CPI,P41595,compound,protein,0
60753,CPI,P48729,compound,protein,0
6077,CPI,P14416,compound,protein,1
6077,CPI,P28223,compound,protein,1
6077,CPI,Q15858,compound,protein,0
6077,CPI,P19784,compound,protein,0
60785,CPI,Q14994,compound,protein,0
60795,CPI,Q9H2K8,compound,protein,0
60795,CPI,P49841,compound,protein,0
60795,CPI,Q13131,compound,protein,0
60795,CPI,Q02156,compound,protein,0
60795,CPI,Q03181,compound,protein,0
60795,CPI,O94804,compound,protein,0
60825,CPI,P08173,compound,protein,1
60825,CPI,P56282,compound,protein,0
60825,CPI,Q03405,compound,protein,0
6083,CPI,Q08828,compound,protein,1
6083,CPI,P49841,compound,protein,0
6083,CPI,P11309,compound,protein,0
60835,CPI,P21554,compound,protein,1
60835,CPI,P25021,compound,protein,1
60846,CPI,O15438,compound,protein,0
60854,CPI,P20309,compound,protein,1
60854,CPI,P35368,compound,protein,1
60854,CPI,O75469,compound,protein,0
60857,CPI,P28221,compound,protein,1
6091659,CPI,Q14012,compound,protein,0
60923,CPI,O94782,compound,protein,0
6093397,CPI,P23975,compound,protein,1
60937,CPI,Q15904,compound,protein,1
6128,CPI,P20813,compound,protein,0
616433,CPI,O43521,compound,protein,0
616573,CPI,P18825,compound,protein,0
6166,CPI,Q8NFM4,compound,protein,0
6167,CPI,O95342,compound,protein,0
6167,CPI,P31749,compound,protein,0
6175,CPI,Q9BZX2,compound,protein,1
6185,CPI,P11229,compound,protein,0
6185,CPI,P08912,compound,protein,0
6185,CPI,P35367,compound,protein,0
6185,CPI,P32238,compound,protein,0
619526,CPI,P28482,compound,protein,0
6197,CPI,Q9H0J9,compound,protein,0
6212,CPI,Q14289,compound,protein,0
6215,CPI,Q00987,compound,protein,0
6230,CPI,Q9UM73,compound,protein,0
6231,CPI,P06401,compound,protein,1
6234,CPI,P54132,compound,protein,1
62389,CPI,P05177,compound,protein,1
6253,CPI,O75469,compound,protein,1
6253,CPI,O75496,compound,protein,1
6253,CPI,P30556,compound,protein,1
6253,CPI,P35354,compound,protein,1
6253,CPI,Q00987,compound,protein,1
6253,CPI,P21127,compound,protein,0
6253,CPI,P78368,compound,protein,0
6253,CPI,P08581,compound,protein,0
6256,CPI,P08172,compound,protein,1
6256,CPI,P25929,compound,protein,1
6256,CPI,Q92847,compound,protein,1
6256,CPI,O95342,compound,protein,0
6256,CPI,P07332,compound,protein,0
6256,CPI,P37023,compound,protein,0
6256,CPI,Q9H2G2,compound,protein,0
6256,CPI,P27037,compound,protein,0
6256,CPI,P21860,compound,protein,0
6274486,CPI,Q13976,compound,protein,0
6279,CPI,P78334,compound,protein,1
6279,CPI,P25024,compound,protein,0
6279,CPI,Q15759,compound,protein,0
62824,CPI,P33261,compound,protein,1
62887,CPI,Q9NY57,compound,protein,0
6291,CPI,P04150,compound,protein,1
6291,CPI,P32245,compound,protein,1
6291,CPI,Q9UQB9,compound,protein,0
6291,CPI,Q9H3Y6,compound,protein,0
6291,CPI,O96013,compound,protein,0
6293,CPI,P28482,compound,protein,1
6293,CPI,Q13131,compound,protein,0
6293,CPI,P31751,compound,protein,0
629852,CPI,P04637,compound,protein,1
6305,CPI,P00374,compound,protein,0
6307,CPI,P21728,compound,protein,1
6307,CPI,P55017,compound,protein,1
6307,CPI,Q14164,compound,protein,0
6307,CPI,Q8N4C8,compound,protein,0
6307,CPI,P49840,compound,protein,0
6337614,CPI,P46098,compound,protein,1
6338099,CPI,Q96KQ7,compound,protein,1
637542,CPI,P42680,compound,protein,0
637542,CPI,Q02156,compound,protein,0
637566,CPI,P16050,compound,protein,1
637858,CPI,P12931,compound,protein,0
6399253,CPI,P30518,compound,protein,1
6399253,CPI,P35367,compound,protein,1
6399253,CPI,P41145,compound,protein,1
6399253,CPI,P51812,compound,protein,0
6399253,CPI,P00918,compound,protein,0
6399253,CPI,Q9H093,compound,protein,0
64139,CPI,P04150,compound,protein,1
6419747,CPI,Q16288,compound,protein,1
6419753,CPI,P0DP23,compound,protein,0
6421522,CPI,Q9Y5N1,compound,protein,1
643606,CPI,Q14500,compound,protein,1
643606,CPI,P19784,compound,protein,0
643606,CPI,O00329,compound,protein,0
643606,CPI,Q04771,compound,protein,0
6437862,CPI,O60840,compound,protein,1
6437862,CPI,P27815,compound,protein,1
6437862,CPI,O95747,compound,protein,0
643951,CPI,P10636,compound,protein,1
6439628,CPI,P11473,compound,protein,1
644213,CPI,P19793,compound,protein,1
644213,CPI,Q15759,compound,protein,0
644215,CPI,P42345,compound,protein,1
644215,CPI,Q96QE3,compound,protein,1
6442177,CPI,Q12809,compound,protein,0
644241,CPI,O60331,compound,protein,1
644241,CPI,O94804,compound,protein,1
644241,CPI,P20794,compound,protein,1
644241,CPI,P21127,compound,protein,1
644241,CPI,P21860,compound,protein,1
644241,CPI,P31751,compound,protein,1
644241,CPI,P43403,compound,protein,1
644241,CPI,P51956,compound,protein,1
644241,CPI,P53671,compound,protein,1
644241,CPI,Q00532,compound,protein,1
644241,CPI,Q05397,compound,protein,1
644241,CPI,Q09013,compound,protein,1
644241,CPI,Q13164,compound,protein,1
644241,CPI,Q13233,compound,protein,1
644241,CPI,Q13546,compound,protein,1
644241,CPI,Q16539,compound,protein,1
644241,CPI,Q52WX2,compound,protein,1
644241,CPI,Q56UN5,compound,protein,1
644241,CPI,Q86Z02,compound,protein,1
644241,CPI,Q9NWZ3,compound,protein,1
644241,CPI,Q9UPZ9,compound,protein,1
644241,CPI,Q9Y2K2,compound,protein,1
644241,CPI,Q9Y6E0,compound,protein,1
644241,CPI,P04406,compound,protein,0
644241,CPI,Q96KB5,compound,protein,0
644241,CPI,P48039,compound,protein,0
644241,CPI,Q01064,compound,protein,0
644241,CPI,P51843,compound,protein,0
644241,CPI,Q16678,compound,protein,0
644241,CPI,O94782,compound,protein,0
644241,CPI,P02766,compound,protein,0
644241,CPI,Q8NER1,compound,protein,0
644241,CPI,Q07343,compound,protein,0
644241,CPI,P26358,compound,protein,0
644241,CPI,P10415,compound,protein,0
644241,CPI,P28845,compound,protein,0
644241,CPI,P10253,compound,protein,0
644241,CPI,P14867,compound,protein,0
644241,CPI,P05164,compound,protein,0
644241,CPI,P01375,compound,protein,0
644241,CPI,P06276,compound,protein,0
644241,CPI,P15692,compound,protein,0
644241,CPI,P61088,compound,protein,0
644241,CPI,Q01118,compound,protein,0
644241,CPI,P15538,compound,protein,0
644241,CPI,Q8TDV5,compound,protein,0
644354,CPI,Q99720,compound,protein,0
6445562,CPI,P04626,compound,protein,1
6445562,CPI,P11274,compound,protein,1
6445562,CPI,P29320,compound,protein,1
6445562,CPI,P29376,compound,protein,1
6445562,CPI,P53667,compound,protein,1
6445562,CPI,P54753,compound,protein,1
6445562,CPI,P78368,compound,protein,1
6445562,CPI,Q00536,compound,protein,1
6445562,CPI,Q06187,compound,protein,1
6445562,CPI,Q15349,compound,protein,1
6445562,CPI,Q15759,compound,protein,1
6445562,CPI,Q15831,compound,protein,1
6445562,CPI,Q8NI60,compound,protein,1
6445562,CPI,Q96L34,compound,protein,1
6445562,CPI,Q9BUB5,compound,protein,1
6445562,CPI,Q14432,compound,protein,0
6445562,CPI,P41595,compound,protein,0
6445562,CPI,P37288,compound,protein,0
6445562,CPI,P21554,compound,protein,0
6445562,CPI,P18089,compound,protein,0
6445562,CPI,Q01959,compound,protein,0
6445562,CPI,O15118,compound,protein,0
6445562,CPI,P02545,compound,protein,0
6445562,CPI,Q9UBN7,compound,protein,0
6445562,CPI,Q9BTX7,compound,protein,0
6445562,CPI,P52747,compound,protein,0
6445562,CPI,Q9NTM9,compound,protein,0
6445562,CPI,Q9NVH1,compound,protein,0
6445562,CPI,Q969M7,compound,protein,0
6445562,CPI,Q9UMQ6,compound,protein,0
6445562,CPI,Q9H1V8,compound,protein,0
6445562,CPI,Q7L5D6,compound,protein,0
6450546,CPI,Q12879,compound,protein,1
6450551,CPI,O14730,compound,protein,1
6450551,CPI,O96013,compound,protein,1
6450551,CPI,P10721,compound,protein,1
6450551,CPI,P11274,compound,protein,1
6450551,CPI,P31152,compound,protein,1
6450551,CPI,P36888,compound,protein,1
6450551,CPI,P36894,compound,protein,1
6450551,CPI,P42684,compound,protein,1
6450551,CPI,P49137,compound,protein,1
6450551,CPI,P49336,compound,protein,1
6450551,CPI,P49674,compound,protein,1
6450551,CPI,Q13163,compound,protein,1
6450551,CPI,Q13523,compound,protein,1
6450551,CPI,Q7KZI7,compound,protein,1
6450551,CPI,Q96L34,compound,protein,1
6450551,CPI,Q9HAZ1,compound,protein,1
6450551,CPI,Q9UBN7,compound,protein,1
6450551,CPI,Q9Y2U5,compound,protein,1
6450551,CPI,Q9Y5S2,compound,protein,1
6450551,CPI,P25103,compound,protein,0
6450551,CPI,O75874,compound,protein,0
6450551,CPI,Q5SQI0,compound,protein,0
6450551,CPI,Q8IVV7,compound,protein,0
6450551,CPI,Q9UFC0,compound,protein,0
6450551,CPI,Q13562,compound,protein,0
6450551,CPI,Q86UU1,compound,protein,0
6450551,CPI,A6NFY4,compound,protein,0
6450551,CPI,P35410,compound,protein,0
6450551,CPI,Q9BUJ0,compound,protein,0
6450551,CPI,Q9NRA2,compound,protein,0
6450551,CPI,O14732,compound,protein,0
6450551,CPI,Q9Y5E2,compound,protein,0
6450551,CPI,P08048,compound,protein,0
6450551,CPI,O15218,compound,protein,0
6450551,CPI,Q9P1Y6,compound,protein,0
6450551,CPI,P08217,compound,protein,0
6450551,CPI,Q2M3W8,compound,protein,0
6450551,CPI,Q7L014,compound,protein,0
6451149,CPI,P25103,compound,protein,1
6451164,CPI,Q9Y570,compound,protein,0
6473767,CPI,P15428,compound,protein,0
647508,CPI,P08581,compound,protein,0
6477762,CPI,O94782,compound,protein,1
6477762,CPI,Q00537,compound,protein,0
64971,CPI,P43220,compound,protein,1
65016,CPI,O75469,compound,protein,1
65016,CPI,P41595,compound,protein,1
65016,CPI,Q9Y5N1,compound,protein,1
65016,CPI,Q9H4B7,compound,protein,0
650361,CPI,P14618,compound,protein,1
650361,CPI,P42685,compound,protein,0
65064,CPI,P27695,compound,protein,1
65064,CPI,P49759,compound,protein,1
65064,CPI,P49840,compound,protein,0
65064,CPI,P22607,compound,protein,0
6517043,CPI,P25929,compound,protein,0
6539732,CPI,P07437,compound,protein,0
65399,CPI,O95835,compound,protein,0
6540825,CPI,P29597,compound,protein,0
6545175,CPI,Q06710,compound,protein,1
65457,CPI,P27361,compound,protein,0
65482,CPI,P40261,compound,protein,1
655490,CPI,P35354,compound,protein,0
65659,CPI,Q5BJF2,compound,protein,1
656615,CPI,P08235,compound,protein,1
656665,CPI,Q13639,compound,protein,1
656665,CPI,P05177,compound,protein,0
656665,CPI,Q9BWU1,compound,protein,0
656732,CPI,P08588,compound,protein,0
657380,CPI,P46098,compound,protein,1
658169,CPI,Q9HC16,compound,protein,1
65863,CPI,Q969S8,compound,protein,0
65906,CPI,P27037,compound,protein,0
659101,CPI,P16050,compound,protein,1
659101,CPI,P41145,compound,protein,1
659101,CPI,Q16288,compound,protein,0
65957,CPI,P21397,compound,protein,1
65957,CPI,P31645,compound,protein,1
65957,CPI,P41145,compound,protein,1
65999,CPI,Q9UBS5,compound,protein,1
65999,CPI,P35916,compound,protein,0
6603798,CPI,P11473,compound,protein,1
6603798,CPI,P19838,compound,protein,1
6603827,CPI,P02545,compound,protein,1
6603897,CPI,O14757,compound,protein,0
6604009,CPI,P49840,compound,protein,0
6604200,CPI,P11229,compound,protein,1
6604200,CPI,P29274,compound,protein,1
6604200,CPI,P32238,compound,protein,1
6604200,CPI,O15438,compound,protein,0
6604200,CPI,Q14004,compound,protein,0
6604200,CPI,Q14680,compound,protein,0
6604200,CPI,P16083,compound,protein,0
6604200,CPI,P18507,compound,protein,0
6604453,CPI,P02545,compound,protein,1
6604471,CPI,Q9HC16,compound,protein,1
6604653,CPI,P68400,compound,protein,0
6604858,CPI,P05177,compound,protein,1
6604858,CPI,P08684,compound,protein,1
6604889,CPI,P28335,compound,protein,1
6604893,CPI,Q9BZL6,compound,protein,0
6604915,CPI,P35236,compound,protein,0
6604926,CPI,P10636,compound,protein,1
6604926,CPI,Q14164,compound,protein,0
6604928,CPI,P05177,compound,protein,1
6604931,CPI,O00444,compound,protein,0
6610310,CPI,Q16637,compound,protein,1
6610326,CPI,Q15418,compound,protein,0
6610332,CPI,Q9UKE5,compound,protein,0
6610332,CPI,P07333,compound,protein,0
6610344,CPI,P24941,compound,protein,0
6610353,CPI,Q96QE3,compound,protein,1
6610355,CPI,Q9HAZ1,compound,protein,1
66148,CPI,P78362,compound,protein,0
66148,CPI,Q4U2R8,compound,protein,0
6622243,CPI,P43220,compound,protein,1
6623,CPI,P10275,compound,protein,1
6623,CPI,Q9HAZ1,compound,protein,1
6623,CPI,Q08881,compound,protein,0
66265,CPI,P45452,compound,protein,0
663459,CPI,Q9UKE5,compound,protein,0
663872,CPI,Q9NUW8,compound,protein,1
66414,CPI,Q9UHD2,compound,protein,0
665654,CPI,O15399,compound,protein,0
665747,CPI,O75496,compound,protein,1
665747,CPI,Q96KQ7,compound,protein,1
665747,CPI,Q99712,compound,protein,0
665747,CPI,P13500,compound,protein,0
66577038,CPI,P29323,compound,protein,1
66577038,CPI,Q07912,compound,protein,1
66577038,CPI,Q8IVH8,compound,protein,0
66654,CPI,P36888,compound,protein,0
667476,CPI,P41145,compound,protein,1
667476,CPI,P43681,compound,protein,1
667476,CPI,Q9HC16,compound,protein,1
667476,CPI,Q8N568,compound,protein,0
667476,CPI,Q13546,compound,protein,0
667477,CPI,P41595,compound,protein,1
667477,CPI,Q9H3N8,compound,protein,1
667477,CPI,Q01959,compound,protein,0
667484,CPI,P04150,compound,protein,1
667484,CPI,P30518,compound,protein,1
667484,CPI,P30542,compound,protein,1
667484,CPI,Q13873,compound,protein,0
667484,CPI,Q99700,compound,protein,0
6675804,CPI,P56524,compound,protein,1
6675804,CPI,Q969S8,compound,protein,1
6675804,CPI,P30556,compound,protein,0
6708706,CPI,P01584,compound,protein,1
6708720,CPI,Q96KB5,compound,protein,0
6710654,CPI,Q02641,compound,protein,1
6710659,CPI,P09619,compound,protein,0
6710729,CPI,P06401,compound,protein,1
6713947,CPI,P36544,compound,protein,1
6713978,CPI,Q96QE3,compound,protein,1
6714010,CPI,O95149,compound,protein,0
6726,CPI,P08173,compound,protein,1
6726,CPI,Q14289,compound,protein,0
673465,CPI,Q92630,compound,protein,0
6736,CPI,O75582,compound,protein,0
67361,CPI,P07550,compound,protein,0
67505836,CPI,P10275,compound,protein,1
6760,CPI,P33261,compound,protein,1
6760,CPI,P31749,compound,protein,0
6760,CPI,Q13936,compound,protein,0
680501,CPI,P10636,compound,protein,1
680501,CPI,Q92830,compound,protein,0
681,CPI,P37840,compound,protein,1
681,CPI,P06213,compound,protein,0
68184482,CPI,P43115,compound,protein,1
68186,CPI,P08172,compound,protein,1
68186,CPI,P41595,compound,protein,1
68186,CPI,P33981,compound,protein,0
68186,CPI,Q96RI1,compound,protein,0
68186,CPI,Q99683,compound,protein,0
68186,CPI,P40225,compound,protein,0
6852378,CPI,Q16853,compound,protein,1
68617,CPI,Q03164,compound,protein,1
68617,CPI,O94921,compound,protein,0
68617,CPI,Q8WU08,compound,protein,0
68634,CPI,P04150,compound,protein,0
6872741,CPI,Q86TW2,compound,protein,0
6872741,CPI,Q86Z02,compound,protein,0
68740,CPI,O15438,compound,protein,0
68741978,CPI,Q9UKV0,compound,protein,0
6878030,CPI,Q15465,compound,protein,1
68802,CPI,Q12809,compound,protein,1
688020,CPI,P20309,compound,protein,1
688020,CPI,Q14432,compound,protein,1
688020,CPI,Q9Y5N1,compound,protein,1
688020,CPI,P36896,compound,protein,0
688020,CPI,O15118,compound,protein,0
688020,CPI,Q99640,compound,protein,0
68827,CPI,P08684,compound,protein,1
68827,CPI,Q15746,compound,protein,0
688272,CPI,Q07002,compound,protein,0
68844,CPI,O43570,compound,protein,1
68844,CPI,P22748,compound,protein,1
68911,CPI,P02545,compound,protein,1
6918097,CPI,P18825,compound,protein,1
6918140,CPI,P36888,compound,protein,0
6918155,CPI,O43193,compound,protein,1
6918155,CPI,P0DMS8,compound,protein,1
6918155,CPI,P21728,compound,protein,1
6918155,CPI,P25021,compound,protein,1
6918155,CPI,O14920,compound,protein,0
6918155,CPI,P51813,compound,protein,0
6918305,CPI,P18507,compound,protein,1
6918305,CPI,Q16236,compound,protein,1
6918305,CPI,Q13705,compound,protein,0
6918305,CPI,Q9H3Y6,compound,protein,0
6918305,CPI,P11712,compound,protein,0
6918537,CPI,P28223,compound,protein,1
6918537,CPI,Q12884,compound,protein,1
6918554,CPI,P07550,compound,protein,1
6918554,CPI,P08588,compound,protein,1
6918554,CPI,Q12866,compound,protein,0
6918638,CPI,P08588,compound,protein,1
6918638,CPI,P21728,compound,protein,1
6918638,CPI,Q13547,compound,protein,1
6918638,CPI,Q9Y5N1,compound,protein,1
6918638,CPI,P04626,compound,protein,0
6918852,CPI,O00506,compound,protein,1
6918852,CPI,O60331,compound,protein,1
6918852,CPI,P00533,compound,protein,1
6918852,CPI,P05771,compound,protein,1
6918852,CPI,P07947,compound,protein,1
6918852,CPI,P35590,compound,protein,1
6918852,CPI,P36896,compound,protein,1
6918852,CPI,P43403,compound,protein,1
6918852,CPI,P54764,compound,protein,1
6918852,CPI,Q00535,compound,protein,1
6918852,CPI,Q14004,compound,protein,1
6918852,CPI,Q14680,compound,protein,1
6918852,CPI,Q15835,compound,protein,1
6918852,CPI,Q16816,compound,protein,1
6918852,CPI,Q86YV6,compound,protein,1
6918852,CPI,Q9Y4K4,compound,protein,1
6918852,CPI,P19838,compound,protein,0
6918852,CPI,O43570,compound,protein,0
6918852,CPI,P06401,compound,protein,0
6918852,CPI,P83916,compound,protein,0
6918852,CPI,P08912,compound,protein,0
6918852,CPI,Q9UIF8,compound,protein,0
6918852,CPI,P11021,compound,protein,0
6918852,CPI,Q92847,compound,protein,0
6918852,CPI,P21452,compound,protein,0
6918852,CPI,P10253,compound,protein,0
6918852,CPI,Q9Y3M8,compound,protein,0
6918852,CPI,P56597,compound,protein,0
6918852,CPI,O95196,compound,protein,0
6918852,CPI,P14921,compound,protein,0
6918852,CPI,Q92556,compound,protein,0
6918852,CPI,O75159,compound,protein,0
6918852,CPI,Q7Z6J4,compound,protein,0
6918852,CPI,Q6VVB1,compound,protein,0
6918852,CPI,Q6P1K1,compound,protein,0
6918852,CPI,Q9UKF5,compound,protein,0
6918878,CPI,Q13547,compound,protein,1
6918878,CPI,P10415,compound,protein,0
6927363,CPI,P07949,compound,protein,0
698942,CPI,O15118,compound,protein,1
701939,CPI,P49773,compound,protein,0
7028,CPI,P60568,compound,protein,1
7028,CPI,P31152,compound,protein,0
7029,CPI,P25021,compound,protein,1
7029,CPI,Q13233,compound,protein,0
704473,CPI,P30518,compound,protein,0
704473,CPI,P03372,compound,protein,0
7059505,CPI,P28222,compound,protein,1
7059505,CPI,P35462,compound,protein,1
7059505,CPI,P48048,compound,protein,1
7059505,CPI,P41143,compound,protein,0
7061273,CPI,P04278,compound,protein,1
708857,CPI,Q9HC97,compound,protein,1
7092664,CPI,P04278,compound,protein,1
71077,CPI,Q05586,compound,protein,1
71077,CPI,Q7Z2H8,compound,protein,0
71183,CPI,P20309,compound,protein,1
71203,CPI,Q9NUW8,compound,protein,1
7122097,CPI,Q14432,compound,protein,1
7122097,CPI,P06241,compound,protein,0
71271629,CPI,O60885,compound,protein,1
71317162,CPI,O00329,compound,protein,1
71317162,CPI,O95347,compound,protein,1
71317162,CPI,P23443,compound,protein,1
71317162,CPI,P41743,compound,protein,1
71317162,CPI,P45984,compound,protein,1
71317162,CPI,P49759,compound,protein,1
71317162,CPI,P49840,compound,protein,1
71317162,CPI,P54753,compound,protein,1
71317162,CPI,Q13164,compound,protein,1
71317162,CPI,Q13418,compound,protein,1
71317162,CPI,Q15375,compound,protein,1
71317162,CPI,Q86TW2,compound,protein,1
71317162,CPI,Q8IVH8,compound,protein,1
71317162,CPI,Q8TDX7,compound,protein,1
71317162,CPI,Q9H2K8,compound,protein,1
71317162,CPI,Q9HCP0,compound,protein,1
71317162,CPI,Q07002,compound,protein,0
71317162,CPI,Q8WXR4,compound,protein,0
71317162,CPI,P35916,compound,protein,0
71317162,CPI,Q9P0L2,compound,protein,0
71317162,CPI,P30556,compound,protein,0
71317162,CPI,Q9UBF8,compound,protein,0
71317162,CPI,Q96QE3,compound,protein,0
71317162,CPI,Q9H2X6,compound,protein,0
71317162,CPI,P08684,compound,protein,0
71317162,CPI,P41968,compound,protein,0
71317162,CPI,Q13153,compound,protein,0
71317162,CPI,Q9Y546,compound,protein,0
71317162,CPI,Q9BXD5,compound,protein,0
71317162,CPI,Q9H339,compound,protein,0
71329,CPI,P37288,compound,protein,1
71350,CPI,Q9Y271,compound,protein,1
71354,CPI,P13500,compound,protein,1
71360,CPI,P11229,compound,protein,1
71360,CPI,P28223,compound,protein,1
71360,CPI,P45984,compound,protein,0
71360,CPI,P45983,compound,protein,0
71360,CPI,Q04771,compound,protein,0
71414,CPI,P28221,compound,protein,0
7141881,CPI,P08684,compound,protein,1
71496458,CPI,P08172,compound,protein,1
71496458,CPI,P21860,compound,protein,1
71496458,CPI,P57058,compound,protein,0
71771,CPI,Q03164,compound,protein,1
71815,CPI,Q13255,compound,protein,0
72172,CPI,P09960,compound,protein,1
72281,CPI,P03372,compound,protein,1
72281,CPI,P04278,compound,protein,1
72281,CPI,P08908,compound,protein,1
72281,CPI,P35367,compound,protein,1
72281,CPI,P43681,compound,protein,1
72281,CPI,P35869,compound,protein,0
72281,CPI,Q9Y478,compound,protein,0
72281,CPI,Q9H244,compound,protein,0
72430,CPI,O14965,compound,protein,0
7251185,CPI,Q99700,compound,protein,1
7251185,CPI,O94804,compound,protein,0
72703790,CPI,O75676,compound,protein,0
72703790,CPI,P51617,compound,protein,0
72894,CPI,P28223,compound,protein,0
72943187,CPI,O60885,compound,protein,1
72943187,CPI,P35354,compound,protein,0
73078,CPI,P43220,compound,protein,1
73078,CPI,P08912,compound,protein,0
73265211,CPI,O60563,compound,protein,1
73265211,CPI,P29597,compound,protein,0
73333,CPI,O00519,compound,protein,1
73602827,CPI,Q9UQL6,compound,protein,0
73602827,CPI,Q15822,compound,protein,0
73707360,CPI,Q16644,compound,protein,0
73707425,CPI,P14618,compound,protein,0
73707427,CPI,P36894,compound,protein,0
73707459,CPI,P17252,compound,protein,0
73707459,CPI,P27448,compound,protein,0
73707472,CPI,Q9HBY8,compound,protein,0
73707474,CPI,P25100,compound,protein,1
73707478,CPI,P62508,compound,protein,1
73707479,CPI,P06493,compound,protein,0
73707492,CPI,Q02750,compound,protein,0
73707506,CPI,P28223,compound,protein,1
73707513,CPI,Q8TD19,compound,protein,0
73707543,CPI,P35372,compound,protein,0
73707588,CPI,P08908,compound,protein,1
73707588,CPI,Q05940,compound,protein,1
73707588,CPI,P06239,compound,protein,0
73707588,CPI,P21731,compound,protein,0
73707616,CPI,P04150,compound,protein,1
7504,CPI,P07477,compound,protein,0
75299800,CPI,Q9H228,compound,protein,1
753,CPI,Q9Y2H1,compound,protein,0
7638,CPI,P05177,compound,protein,1
766949,CPI,P24941,compound,protein,1
766949,CPI,P53350,compound,protein,1
766949,CPI,O96013,compound,protein,0
7694069,CPI,Q00537,compound,protein,0
7699,CPI,P04150,compound,protein,1
7699,CPI,P30542,compound,protein,1
7699,CPI,P30556,compound,protein,1
7699,CPI,Q14524,compound,protein,1
7699,CPI,P51511,compound,protein,0
7699,CPI,Q9NSD9,compound,protein,0
7699,CPI,O15550,compound,protein,0
7699,CPI,P56385,compound,protein,0
771910,CPI,P21127,compound,protein,0
7741,CPI,P03372,compound,protein,1
7741,CPI,P11229,compound,protein,1
7741,CPI,P23975,compound,protein,1
7741,CPI,Q15835,compound,protein,0
7741,CPI,P68400,compound,protein,0
776319,CPI,O75496,compound,protein,1
77918,CPI,P10635,compound,protein,1
77918,CPI,P19099,compound,protein,1
77999,CPI,P37023,compound,protein,0
78357816,CPI,P05093,compound,protein,1
78428958,CPI,O60840,compound,protein,1
78428958,CPI,Q9HAZ1,compound,protein,0
78428958,CPI,P07949,compound,protein,0
78428958,CPI,Q08881,compound,protein,0
800048,CPI,P37840,compound,protein,1
800760,CPI,O43521,compound,protein,0
801047,CPI,Q96KQ7,compound,protein,1
8056641,CPI,O95398,compound,protein,1
82146,CPI,P0DMS8,compound,protein,1
82148,CPI,P08588,compound,protein,1
82148,CPI,P08913,compound,protein,1
8226,CPI,P18825,compound,protein,1
8226,CPI,Q13131,compound,protein,0
8226,CPI,P36888,compound,protein,0
8226,CPI,P16591,compound,protein,0
824226,CPI,Q9UNA4,compound,protein,1
8249,CPI,P16473,compound,protein,1
8249,CPI,P28223,compound,protein,1
843289,CPI,Q96LD8,compound,protein,1
854019,CPI,P54803,compound,protein,1
8550,CPI,P21554,compound,protein,1
8550,CPI,Q05940,compound,protein,1
8550,CPI,O14976,compound,protein,0
8550,CPI,P52333,compound,protein,0
8550,CPI,Q13237,compound,protein,0
8569,CPI,Q07912,compound,protein,0
8609,CPI,Q9UJT0,compound,protein,0
8616,CPI,Q14974,compound,protein,0
871154,CPI,P48729,compound,protein,0
888706,CPI,Q13464,compound,protein,0
8955,CPI,Q03431,compound,protein,0
89683805,CPI,P30542,compound,protein,1
89683805,CPI,Q8N4C6,compound,protein,0
89683805,CPI,P28062,compound,protein,0
8969,CPI,P18089,compound,protein,1
8969,CPI,P51504,compound,protein,0
8974,CPI,O00408,compound,protein,1
8974,CPI,P0DMS8,compound,protein,1
8974,CPI,P29376,compound,protein,0
897475,CPI,Q16236,compound,protein,1
8975,CPI,P48736,compound,protein,0
8975,CPI,P16591,compound,protein,0
902452,CPI,P50591,compound,protein,1
90488984,CPI,Q09472,compound,protein,1
9051,CPI,P51151,compound,protein,0
906542,CPI,P02545,compound,protein,1
906542,CPI,P51452,compound,protein,1
906542,CPI,P54132,compound,protein,1
906542,CPI,Q04759,compound,protein,0
906542,CPI,P24941,compound,protein,0
906542,CPI,O43353,compound,protein,0
906542,CPI,P27448,compound,protein,0
906542,CPI,Q9Y4K4,compound,protein,0
906542,CPI,Q15418,compound,protein,0
91192474,CPI,Q92731,compound,protein,0
9128,CPI,P11473,compound,protein,1
914635,CPI,Q92830,compound,protein,1
91522200,CPI,Q9UKV0,compound,protein,0
91536,CPI,P08588,compound,protein,1
91536,CPI,P10635,compound,protein,1
91610,CPI,P32239,compound,protein,1
91610,CPI,Q13177,compound,protein,0
91617630,CPI,Q96RR4,compound,protein,0
91668,CPI,Q9NUW8,compound,protein,1
91668541,CPI,Q09472,compound,protein,1
91668541,CPI,Q9H8M2,compound,protein,1
91754484,CPI,Q99814,compound,protein,1
92400,CPI,P04150,compound,protein,1
92400,CPI,P28223,compound,protein,1
92400,CPI,P30411,compound,protein,1
92400,CPI,P32238,compound,protein,1
92400,CPI,P43681,compound,protein,1
92400,CPI,P41240,compound,protein,0
92727,CPI,P08172,compound,protein,1
92727,CPI,Q92887,compound,protein,0
92786,CPI,Q96KQ7,compound,protein,1
92786,CPI,Q9H2X6,compound,protein,0
92786,CPI,O00444,compound,protein,0
92859,CPI,P12004,compound,protein,1
9305,CPI,Q9Y6M4,compound,protein,0
932,CPI,Q04828,compound,protein,1
9330,CPI,P10721,compound,protein,0
936,CPI,Q10588,compound,protein,1
9416,CPI,P08235,compound,protein,1
9417,CPI,P23975,compound,protein,1
9417,CPI,P33981,compound,protein,0
94175,CPI,Q8IW41,compound,protein,0
9429,CPI,P08913,compound,protein,1
9429,CPI,Q96RR4,compound,protein,0
94378,CPI,Q92918,compound,protein,0
951,CPI,P34969,compound,protein,1
9604993,CPI,P41594,compound,protein,1
9616928,CPI,P11388,compound,protein,0
9642,CPI,O75874,compound,protein,1
9651,CPI,O95342,compound,protein,0
9675990,CPI,Q9NYL2,compound,protein,0
96946,CPI,Q92769,compound,protein,0
969472,CPI,Q99928,compound,protein,1
9705,CPI,P08684,compound,protein,1
978061,CPI,Q9H2K8,compound,protein,0
9801,CPI,P08172,compound,protein,1
9801,CPI,P36896,compound,protein,0
9801,CPI,P28482,compound,protein,0
9801,CPI,P22607,compound,protein,0
9804992,CPI,Q969S8,compound,protein,1
9804992,CPI,Q9UQL6,compound,protein,1
9804992,CPI,O43193,compound,protein,0
9805390,CPI,O43283,compound,protein,0
9809715,CPI,O14757,compound,protein,1
9809715,CPI,O15111,compound,protein,1
9809715,CPI,O75460,compound,protein,1
9809715,CPI,O94768,compound,protein,1
9809715,CPI,O95382,compound,protein,1
9809715,CPI,O96017,compound,protein,1
9809715,CPI,P04629,compound,protein,1
9809715,CPI,P07333,compound,protein,1
9809715,CPI,P08069,compound,protein,1
9809715,CPI,P0C264,compound,protein,1
9809715,CPI,P29320,compound,protein,1
9809715,CPI,P46734,compound,protein,1
9809715,CPI,Q04771,compound,protein,1
9809715,CPI,Q07912,compound,protein,1
9809715,CPI,Q12851,compound,protein,1
9809715,CPI,Q13163,compound,protein,1
9809715,CPI,Q13470,compound,protein,1
9809715,CPI,Q16584,compound,protein,1
9809715,CPI,Q16832,compound,protein,1
9809715,CPI,Q86UX6,compound,protein,1
9809715,CPI,Q99640,compound,protein,1
9809715,CPI,Q9BWU1,compound,protein,1
9809715,CPI,Q9Y6M4,compound,protein,1
9809715,CPI,Q99700,compound,protein,0
9809715,CPI,Q9HCE5,compound,protein,0
9809715,CPI,P52735,compound,protein,0
9809715,CPI,Q13023,compound,protein,0
9809715,CPI,O14879,compound,protein,0
9809715,CPI,Q16676,compound,protein,0
9809715,CPI,O75352,compound,protein,0
9809715,CPI,Q6ICC9,compound,protein,0
9809715,CPI,P13501,compound,protein,0
9809715,CPI,Q9NZ63,compound,protein,0
9809715,CPI,Q9H9T3,compound,protein,0
9809715,CPI,Q92625,compound,protein,0
9809715,CPI,Q49MI3,compound,protein,0
9809715,CPI,Q9NS84,compound,protein,0
9809715,CPI,Q96MV1,compound,protein,0
9809715,CPI,Q8NHZ7,compound,protein,0
9810884,CPI,P16473,compound,protein,0
9810884,CPI,P21917,compound,protein,0
9813758,CPI,O00444,compound,protein,1
9813758,CPI,O14730,compound,protein,1
9813758,CPI,P06493,compound,protein,1
9813758,CPI,P15056,compound,protein,1
9813758,CPI,P31751,compound,protein,1
9813758,CPI,P42336,compound,protein,1
9813758,CPI,P49760,compound,protein,1
9813758,CPI,P53778,compound,protein,1
9813758,CPI,Q00535,compound,protein,1
9813758,CPI,Q05655,compound,protein,1
9813758,CPI,Q06418,compound,protein,1
9813758,CPI,Q13237,compound,protein,1
9813758,CPI,Q6ZN16,compound,protein,1
9813758,CPI,Q8IYT8,compound,protein,1
9813758,CPI,Q8N568,compound,protein,1
9813758,CPI,Q8N5S9,compound,protein,1
9813758,CPI,Q9UKE5,compound,protein,1
9813758,CPI,P08912,compound,protein,0
9813758,CPI,P15428,compound,protein,0
9813758,CPI,Q9NUW8,compound,protein,0
9813758,CPI,P13631,compound,protein,0
9813758,CPI,P35354,compound,protein,0
9813758,CPI,Q00975,compound,protein,0
9813758,CPI,P35499,compound,protein,0
9813758,CPI,P08684,compound,protein,0
9813758,CPI,P04818,compound,protein,0
9813758,CPI,P41968,compound,protein,0
9813758,CPI,Q8TCU5,compound,protein,0
9813758,CPI,P34972,compound,protein,0
9813758,CPI,O43781,compound,protein,0
9813758,CPI,P18825,compound,protein,0
9813758,CPI,P10828,compound,protein,0
9813758,CPI,P54619,compound,protein,0
9813758,CPI,P15121,compound,protein,0
9813758,CPI,Q01453,compound,protein,0
9813758,CPI,P47870,compound,protein,0
9813758,CPI,O94782,compound,protein,0
9813758,CPI,Q8NC01,compound,protein,0
9813758,CPI,Q96PZ7,compound,protein,0
9815618,CPI,P27361,compound,protein,0
9818682,CPI,P13497,compound,protein,1
9818903,CPI,Q9H3N8,compound,protein,1
9819927,CPI,Q14831,compound,protein,1
9820008,CPI,P0C870,compound,protein,1
9820008,CPI,Q16552,compound,protein,1
9820766,CPI,P11309,compound,protein,0
9821849,CPI,P07550,compound,protein,1
9821849,CPI,P51617,compound,protein,0
9823820,CPI,O43353,compound,protein,1
9823820,CPI,P10721,compound,protein,1
9823820,CPI,P21802,compound,protein,1
9823820,CPI,P49137,compound,protein,1
9823820,CPI,Q12851,compound,protein,1
9826308,CPI,O60674,compound,protein,1
9826308,CPI,P51957,compound,protein,1
9826308,CPI,P53350,compound,protein,1
9826308,CPI,Q9NWZ3,compound,protein,1
9826308,CPI,P10636,compound,protein,0
9826308,CPI,P53779,compound,protein,0
9826308,CPI,P42336,compound,protein,0
9826308,CPI,Q99808,compound,protein,0
9828429,CPI,P05023,compound,protein,1
9828429,CPI,P08913,compound,protein,0
9828429,CPI,Q92772,compound,protein,0
9830392,CPI,O95622,compound,protein,0
9834591,CPI,P22694,compound,protein,0
9834591,CPI,Q15139,compound,protein,0
9841596,CPI,P14416,compound,protein,1
984170,CPI,P25105,compound,protein,0
9841834,CPI,P05023,compound,protein,1
9841834,CPI,Q8NEB9,compound,protein,0
9847023,CPI,P28335,compound,protein,0
9849616,CPI,P29274,compound,protein,1
9849616,CPI,P46098,compound,protein,1
9852185,CPI,P49137,compound,protein,0
9852185,CPI,Q12809,compound,protein,0
9853053,CPI,P23975,compound,protein,1
9853053,CPI,P35462,compound,protein,1
9853053,CPI,Q99707,compound,protein,1
9863367,CPI,O75116,compound,protein,1
9863367,CPI,P04792,compound,protein,1
9863367,CPI,P08069,compound,protein,1
9863367,CPI,P49841,compound,protein,1
9863367,CPI,Q96PF2,compound,protein,1
9863367,CPI,Q9BZL6,compound,protein,1
9863367,CPI,Q9H2X6,compound,protein,1
9863367,CPI,Q9HC16,compound,protein,0
9863367,CPI,O60285,compound,protein,0
9863367,CPI,Q15831,compound,protein,0
9863367,CPI,Q16659,compound,protein,0
9863367,CPI,Q15418,compound,protein,0
9863367,CPI,Q9H3N8,compound,protein,0
9863367,CPI,P16083,compound,protein,0
9863367,CPI,Q9BY41,compound,protein,0
9863672,CPI,P16083,compound,protein,1
9865652,CPI,Q01959,compound,protein,1
9867642,CPI,P00352,compound,protein,0
9867642,CPI,O15146,compound,protein,0
9867642,CPI,P0DP23,compound,protein,0
9867770,CPI,Q16566,compound,protein,0
9868037,CPI,P30939,compound,protein,0
9871875,CPI,Q00536,compound,protein,0
9871875,CPI,Q16539,compound,protein,0
9871875,CPI,P06213,compound,protein,0
9874913,CPI,O14578,compound,protein,1
9874913,CPI,O15530,compound,protein,1
9874913,CPI,P21709,compound,protein,1
9874913,CPI,P29597,compound,protein,1
9874913,CPI,P45983,compound,protein,1
9874913,CPI,P51812,compound,protein,1
9874913,CPI,P53350,compound,protein,1
9874913,CPI,Q16512,compound,protein,1
9874913,CPI,Q8TD08,compound,protein,1
9874913,CPI,Q96PY6,compound,protein,1
9874913,CPI,Q9UQB9,compound,protein,1
9874913,CPI,P10275,compound,protein,0
9874913,CPI,P28223,compound,protein,0
9874913,CPI,P33261,compound,protein,0
9874913,CPI,P04637,compound,protein,0
9874913,CPI,P21728,compound,protein,0
9874913,CPI,O15296,compound,protein,0
9874913,CPI,P28335,compound,protein,0
9874913,CPI,P30411,compound,protein,0
9874913,CPI,Q9Y661,compound,protein,0
9874913,CPI,Q9NQX3,compound,protein,0
9874913,CPI,Q9BXJ7,compound,protein,0
9874913,CPI,Q969V5,compound,protein,0
9874913,CPI,Q4G0S4,compound,protein,0
9874913,CPI,Q9H6L5,compound,protein,0
9874913,CPI,Q9UNE2,compound,protein,0
9874913,CPI,P62873,compound,protein,0
9874913,CPI,P39059,compound,protein,0
9874913,CPI,Q8NAV1,compound,protein,0
9874913,CPI,Q2M296,compound,protein,0
9880,CPI,P04150,compound,protein,1
9880,CPI,P21731,compound,protein,1
9887537,CPI,P34969,compound,protein,1
9887537,CPI,P49146,compound,protein,0
9887870,CPI,P03956,compound,protein,1
9889366,CPI,P48058,compound,protein,1
9893571,CPI,Q96RI1,compound,protein,1
9893924,CPI,P23975,compound,protein,1
9893924,CPI,P28335,compound,protein,1
9905190,CPI,Q96KQ7,compound,protein,1
9905190,CPI,P41145,compound,protein,0
990823,CPI,Q13163,compound,protein,0
9908783,CPI,P27986,compound,protein,1
9909648,CPI,Q05655,compound,protein,0
9909648,CPI,Q13627,compound,protein,0
9910224,CPI,P25101,compound,protein,1
9914412,CPI,O96013,compound,protein,1
9914412,CPI,P16234,compound,protein,1
9914412,CPI,P45983,compound,protein,1
9914412,CPI,Q05397,compound,protein,1
9914412,CPI,Q06418,compound,protein,1
9914412,CPI,P21728,compound,protein,0
9914412,CPI,P51451,compound,protein,0
9914412,CPI,P11473,compound,protein,0
9914412,CPI,Q96RR4,compound,protein,0
9914412,CPI,P33261,compound,protein,0
9915743,CPI,O00750,compound,protein,1
9915743,CPI,O15530,compound,protein,1
9915743,CPI,O43318,compound,protein,1
9915743,CPI,P07949,compound,protein,1
9915743,CPI,P08172,compound,protein,1
9915743,CPI,P36507,compound,protein,1
9915743,CPI,P49674,compound,protein,1
9915743,CPI,P80192,compound,protein,1
9915743,CPI,Q14680,compound,protein,1
9915743,CPI,Q15835,compound,protein,1
9915743,CPI,Q8NFD2,compound,protein,1
9915743,CPI,Q8TDR2,compound,protein,1
9915743,CPI,Q96NX5,compound,protein,1
9915743,CPI,Q9H422,compound,protein,1
9915743,CPI,Q9HC98,compound,protein,1
9915743,CPI,Q9NRH2,compound,protein,1
9915743,CPI,Q9P289,compound,protein,1
9915743,CPI,Q9Y616,compound,protein,1
9915743,CPI,Q03431,compound,protein,0
9915743,CPI,P46063,compound,protein,0
9915743,CPI,P09917,compound,protein,0
9915743,CPI,P30411,compound,protein,0
9915743,CPI,Q9NR56,compound,protein,0
9915743,CPI,Q9UNA4,compound,protein,0
9915743,CPI,Q9BYR6,compound,protein,0
9915743,CPI,Q5TGL8,compound,protein,0
9915743,CPI,Q0D2J5,compound,protein,0
9915743,CPI,P62753,compound,protein,0
9915743,CPI,P55160,compound,protein,0
9915743,CPI,O95071,compound,protein,0
9915743,CPI,P28330,compound,protein,0
9915743,CPI,Q969V1,compound,protein,0
9915743,CPI,Q9Y4J8,compound,protein,0
9915743,CPI,P23610,compound,protein,0
9915743,CPI,Q6PJG2,compound,protein,0
9915743,CPI,P84101,compound,protein,0
9915743,CPI,Q9C0C7,compound,protein,0
9915743,CPI,O95155,compound,protein,0
9915886,CPI,P47870,compound,protein,1
9915886,CPI,Q9UN88,compound,protein,1
9915886,CPI,Q06710,compound,protein,0
9918559,CPI,P12268,compound,protein,1
992,CPI,Q8WZA2,compound,protein,1
992,CPI,Q9UL54,compound,protein,0
9926791,CPI,O15146,compound,protein,1
9926791,CPI,O15197,compound,protein,1
9926791,CPI,P07947,compound,protein,1
9926791,CPI,P11362,compound,protein,1
9926791,CPI,P18825,compound,protein,1
9926791,CPI,P19784,compound,protein,1
9926791,CPI,P29323,compound,protein,1
9926791,CPI,P30291,compound,protein,1
9926791,CPI,P31152,compound,protein,1
9926791,CPI,P32298,compound,protein,1
9926791,CPI,P42679,compound,protein,1
9926791,CPI,P45984,compound,protein,1
9926791,CPI,P57078,compound,protein,1
9926791,CPI,Q00537,compound,protein,1
9926791,CPI,Q13555,compound,protein,1
9926791,CPI,Q15375,compound,protein,1
9926791,CPI,Q15835,compound,protein,1
9926791,CPI,Q6XUX3,compound,protein,1
9926791,CPI,Q8IW41,compound,protein,1
9926791,CPI,Q8N568,compound,protein,1
9926791,CPI,Q8TD19,compound,protein,1
9926791,CPI,Q9H0K1,compound,protein,1
9926791,CPI,Q9H2K8,compound,protein,1
9926791,CPI,Q9P1W9,compound,protein,1
9926791,CPI,Q9P2K8,compound,protein,1
9926791,CPI,Q9UPZ9,compound,protein,1
9926791,CPI,Q9Y4K4,compound,protein,1
9926791,CPI,Q9Y5S2,compound,protein,1
9926791,CPI,P21980,compound,protein,0
9926791,CPI,Q99549,compound,protein,0
9926791,CPI,P17861,compound,protein,0
9926791,CPI,P61925,compound,protein,0
9926791,CPI,P20839,compound,protein,0
9926791,CPI,P15428,compound,protein,0
9926791,CPI,P51452,compound,protein,0
9926791,CPI,Q02641,compound,protein,0
9926791,CPI,P00441,compound,protein,0
9926791,CPI,P49286,compound,protein,0
9926791,CPI,P30305,compound,protein,0
9926791,CPI,Q969S8,compound,protein,0
9926791,CPI,P61088,compound,protein,0
9926791,CPI,Q9NY46,compound,protein,0
9926791,CPI,Q8TCC7,compound,protein,0
9927531,CPI,P11309,compound,protein,0
9931954,CPI,P48730,compound,protein,1
9931954,CPI,Q13627,compound,protein,1
9931954,CPI,P54760,compound,protein,0
9932888,CPI,P36888,compound,protein,1
9933475,CPI,O14578,compound,protein,1
9933475,CPI,O75116,compound,protein,1
9933475,CPI,P06239,compound,protein,1
9933475,CPI,P07947,compound,protein,1
9933475,CPI,P17948,compound,protein,1
9933475,CPI,P21127,compound,protein,1
9933475,CPI,P22607,compound,protein,1
9933475,CPI,P31749,compound,protein,1
9933475,CPI,P32298,compound,protein,1
9933475,CPI,P57058,compound,protein,1
9933475,CPI,Q04759,compound,protein,1
9933475,CPI,Q05397,compound,protein,1
9933475,CPI,Q13043,compound,protein,1
9933475,CPI,Q16659,compound,protein,1
9933475,CPI,Q2M2I8,compound,protein,1
9933475,CPI,Q5VT25,compound,protein,1
9933475,CPI,Q86YV6,compound,protein,1
9933475,CPI,Q8TDC3,compound,protein,1
9933475,CPI,Q96GD4,compound,protein,1
9933475,CPI,Q9NQU5,compound,protein,1
9933475,CPI,Q9Y463,compound,protein,1
9933475,CPI,O75164,compound,protein,0
9933475,CPI,Q16790,compound,protein,0
9933475,CPI,P00352,compound,protein,0
9933475,CPI,P35368,compound,protein,0
9933475,CPI,Q14524,compound,protein,0
9933475,CPI,P41145,compound,protein,0
9933475,CPI,P50406,compound,protein,0
9933475,CPI,P08173,compound,protein,0
9933475,CPI,Q9BRA2,compound,protein,0
9933475,CPI,Q969H6,compound,protein,0
9933475,CPI,A6NK53,compound,protein,0
9933475,CPI,Q8N801,compound,protein,0
9933475,CPI,Q6ZMG9,compound,protein,0
9933475,CPI,P0DP57,compound,protein,0
9933475,CPI,Q9NS23,compound,protein,0
9933475,CPI,Q9H0U4,compound,protein,0
9933475,CPI,Q9H1Y0,compound,protein,0
9933475,CPI,Q53G59,compound,protein,0
9933475,CPI,O60449,compound,protein,0
9934458,CPI,O43353,compound,protein,0
9936746,CPI,Q9UBN7,compound,protein,1
9941444,CPI,P21731,compound,protein,1
9941444,CPI,P30872,compound,protein,1
9941444,CPI,Q14432,compound,protein,0
9941444,CPI,P49841,compound,protein,0
9941444,CPI,O14757,compound,protein,0
9950038,CPI,P06493,compound,protein,0
9952773,CPI,O14920,compound,protein,1
9952773,CPI,O43781,compound,protein,1
9952773,CPI,O96013,compound,protein,1
9952773,CPI,P07949,compound,protein,1
9952773,CPI,Q06418,compound,protein,1
9952773,CPI,Q13555,compound,protein,1
9952773,CPI,Q9P1W9,compound,protein,1
9952773,CPI,Q8TD08,compound,protein,0
9952773,CPI,P43681,compound,protein,0
9952773,CPI,P11229,compound,protein,0
9952773,CPI,P42345,compound,protein,0
9952773,CPI,P15428,compound,protein,0
9952773,CPI,Q8N568,compound,protein,0
9952773,CPI,Q13043,compound,protein,0
9952773,CPI,Q96QE3,compound,protein,0
9955,CPI,P47989,compound,protein,0
9966051,CPI,P08684,compound,protein,1
9966051,CPI,P25021,compound,protein,1
9966051,CPI,P45985,compound,protein,0
9966051,CPI,P06746,compound,protein,0
9967941,CPI,Q06710,compound,protein,0
