head,relation,tail,head_type,tail_type,label
10026128,CPI,P04150,compound,protein,1
10029385,CPI,O95819,compound,protein,1
10029385,CPI,P27448,compound,protein,1
10029385,CPI,P37173,compound,protein,1
10029385,CPI,Q02763,compound,protein,0
10029385,CPI,Q99759,compound,protein,0
10029385,CPI,Q16566,compound,protein,0
10071166,CPI,P43004,compound,protein,1
10071196,CPI,P35367,compound,protein,1
10071196,CPI,Q99714,compound,protein,0
10074640,CPI,O15264,compound,protein,1
10074640,CPI,O15530,compound,protein,1
10074640,CPI,O43353,compound,protein,1
10074640,CPI,P11274,compound,protein,1
10074640,CPI,P28482,compound,protein,1
10074640,CPI,P36897,compound,protein,1
10074640,CPI,P37173,compound,protein,1
10074640,CPI,P49841,compound,protein,1
10074640,CPI,P53350,compound,protein,1
10074640,CPI,P78356,compound,protein,1
10074640,CPI,P78368,compound,protein,1
10074640,CPI,Q07002,compound,protein,1
10074640,CPI,Q08345,compound,protein,1
10074640,CPI,Q13164,compound,protein,1
10074640,CPI,Q8NI60,compound,protein,1
10074640,CPI,Q9BQI3,compound,protein,1
10074640,CPI,Q9H2G2,compound,protein,1
10074640,CPI,P10253,compound,protein,0
10074640,CPI,P30542,compound,protein,0
10074640,CPI,P11712,compound,protein,0
10074640,CPI,P32239,compound,protein,0
10074640,CPI,P21918,compound,protein,0
10074640,CPI,Q9UBS5,compound,protein,0
10074640,CPI,Q6Q8B3,compound,protein,0
10074640,CPI,P0CV98,compound,protein,0
10074640,CPI,Q8NH09,compound,protein,0
10074640,CPI,P50452,compound,protein,0
10074640,CPI,P42025,compound,protein,0
10074640,CPI,C9JDP6,compound,protein,0
10074640,CPI,Q9GZT6,compound,protein,0
10074640,CPI,Q8N9V6,compound,protein,0
10074640,CPI,O75330,compound,protein,0
10074640,CPI,Q9UKK6,compound,protein,0
10077147,CPI,Q15759,compound,protein,0
10096344,CPI,Q12884,compound,protein,1
10109823,CPI,O00141,compound,protein,1
10109823,CPI,O14920,compound,protein,1
10109823,CPI,O15530,compound,protein,1
10109823,CPI,P49841,compound,protein,1
10109823,CPI,P52564,compound,protein,1
10109823,CPI,Q9NSA0,compound,protein,0
10109823,CPI,Q12882,compound,protein,0
10113978,CPI,O14757,compound,protein,1
10113978,CPI,O14936,compound,protein,1
10113978,CPI,O60285,compound,protein,1
10113978,CPI,O95835,compound,protein,1
10113978,CPI,P00533,compound,protein,1
10113978,CPI,P24941,compound,protein,1
10113978,CPI,P42345,compound,protein,1
10113978,CPI,P80192,compound,protein,1
10113978,CPI,Q00536,compound,protein,1
10113978,CPI,Q00537,compound,protein,1
10113978,CPI,Q04771,compound,protein,1
10113978,CPI,Q13177,compound,protein,1
10113978,CPI,Q8NE63,compound,protein,1
10113978,CPI,Q8TBX8,compound,protein,1
10113978,CPI,Q8TDC3,compound,protein,1
10113978,CPI,Q96NX5,compound,protein,1
10113978,CPI,Q9H1R3,compound,protein,1
10113978,CPI,Q9UK32,compound,protein,1
10113978,CPI,Q9UKI8,compound,protein,1
10113978,CPI,O15438,compound,protein,0
10113978,CPI,P21728,compound,protein,0
10113978,CPI,P35354,compound,protein,0
10113978,CPI,P14416,compound,protein,0
10113978,CPI,Q92830,compound,protein,0
10113978,CPI,P30518,compound,protein,0
10113978,CPI,Q9UBS5,compound,protein,0
10113978,CPI,O75874,compound,protein,0
10113978,CPI,P37231,compound,protein,0
10113978,CPI,P40225,compound,protein,0
10113978,CPI,P10275,compound,protein,0
10113978,CPI,P47898,compound,protein,0
10113978,CPI,P41145,compound,protein,0
10113978,CPI,Q9BVG3,compound,protein,0
10113978,CPI,Q96A11,compound,protein,0
10113978,CPI,Q14584,compound,protein,0
10113978,CPI,Q8WUT9,compound,protein,0
10113978,CPI,Q15785,compound,protein,0
10113978,CPI,Q9NZH6,compound,protein,0
10113978,CPI,Q17RY0,compound,protein,0
10113978,CPI,Q8IV45,compound,protein,0
10113978,CPI,Q86YF9,compound,protein,0
10113978,CPI,Q13625,compound,protein,0
10113978,CPI,Q9H8Y5,compound,protein,0
10113978,CPI,P08218,compound,protein,0
10113978,CPI,O43593,compound,protein,0
10113978,CPI,Q9NWT1,compound,protein,0
10113978,CPI,P35270,compound,protein,0
10113978,CPI,Q9UK00,compound,protein,0
10113978,CPI,Q9ULW6,compound,protein,0
10113978,CPI,Q9Y222,compound,protein,0
10113978,CPI,Q9NP73,compound,protein,0
10113978,CPI,Q9H9P5,compound,protein,0
10113978,CPI,Q9Y2C2,compound,protein,0
10113978,CPI,Q6UX04,compound,protein,0
10127622,CPI,P08922,compound,protein,1
10127622,CPI,P43403,compound,protein,1
10127622,CPI,P53350,compound,protein,1
10127622,CPI,Q02779,compound,protein,1
10127622,CPI,Q04912,compound,protein,1
10127622,CPI,Q12866,compound,protein,1
10127622,CPI,Q13555,compound,protein,1
10127622,CPI,Q6PHR2,compound,protein,1
10127622,CPI,Q8IVH8,compound,protein,1
10127622,CPI,Q8IY84,compound,protein,1
10127622,CPI,Q96BR1,compound,protein,1
10127622,CPI,Q9NSY1,compound,protein,1
10127622,CPI,Q9UQB9,compound,protein,1
10127622,CPI,P11473,compound,protein,0
10127622,CPI,Q96QE3,compound,protein,0
10127622,CPI,Q99700,compound,protein,0
10127622,CPI,P35462,compound,protein,0
10127622,CPI,Q13148,compound,protein,0
10127622,CPI,P08183,compound,protein,0
10127622,CPI,P48431,compound,protein,0
10127622,CPI,Q96C45,compound,protein,0
10127622,CPI,Q495C1,compound,protein,0
10127622,CPI,Q15849,compound,protein,0
10127622,CPI,Q504Y2,compound,protein,0
10127622,CPI,Q8NEA9,compound,protein,0
10127622,CPI,P20592,compound,protein,0
10127622,CPI,P24539,compound,protein,0
10127622,CPI,Q6ZMZ0,compound,protein,0
10127622,CPI,Q9Y4H2,compound,protein,0
10127622,CPI,Q99525,compound,protein,0
10127622,CPI,Q3MJ13,compound,protein,0
10127622,CPI,Q6NUN7,compound,protein,0
10127622,CPI,Q8TB37,compound,protein,0
10127622,CPI,P61266,compound,protein,0
10127622,CPI,B7ZAQ6,compound,protein,0
10127622,CPI,Q9BYE2,compound,protein,0
10152654,CPI,Q92887,compound,protein,0
101616,CPI,Q08345,compound,protein,0
10168,CPI,P30518,compound,protein,0
10172943,CPI,P36544,compound,protein,0
10172943,CPI,P51956,compound,protein,0
10173949,CPI,P35968,compound,protein,1
10182969,CPI,P07477,compound,protein,1
10200390,CPI,P11362,compound,protein,1
10200390,CPI,P24941,compound,protein,1
10200390,CPI,P68400,compound,protein,1
10200390,CPI,Q13555,compound,protein,1
10200390,CPI,Q13882,compound,protein,1
10200390,CPI,Q14012,compound,protein,1
10200390,CPI,Q8IW41,compound,protein,1
10200390,CPI,Q9UM73,compound,protein,1
10200390,CPI,Q13043,compound,protein,0
10200390,CPI,P19838,compound,protein,0
10200390,CPI,Q8N568,compound,protein,0
10206,CPI,O75496,compound,protein,1
10206,CPI,P51812,compound,protein,0
10208,CPI,P42345,compound,protein,1
102175,CPI,P0DMS8,compound,protein,1
102175,CPI,P50406,compound,protein,0
10219,CPI,Q12809,compound,protein,1
10219,CPI,O15438,compound,protein,0
102614,CPI,P53004,compound,protein,1
102614,CPI,P10275,compound,protein,0
10275777,CPI,Q12809,compound,protein,1
10291556,CPI,O75496,compound,protein,1
10296883,CPI,O43781,compound,protein,1
10296883,CPI,Q16288,compound,protein,1
10296883,CPI,Q9BZE4,compound,protein,1
10296883,CPI,Q9HAZ1,compound,protein,1
10296883,CPI,Q9UEE5,compound,protein,1
10296883,CPI,Q9Y4K4,compound,protein,1
10296883,CPI,P42345,compound,protein,0
10296883,CPI,P30411,compound,protein,0
10296883,CPI,P84022,compound,protein,0
10296883,CPI,Q92974,compound,protein,0
10296883,CPI,O60513,compound,protein,0
10296883,CPI,P82933,compound,protein,0
10302451,CPI,P11362,compound,protein,1
10302451,CPI,P42684,compound,protein,1
10302451,CPI,Q96GD4,compound,protein,1
10302451,CPI,Q9Y5N1,compound,protein,0
10313,CPI,O75116,compound,protein,0
10322450,CPI,Q15822,compound,protein,0
10322450,CPI,P36544,compound,protein,0
10357822,CPI,P22694,compound,protein,0
10365,CPI,P41229,compound,protein,1
10366136,CPI,P04629,compound,protein,1
10366136,CPI,Q9UGJ0,compound,protein,1
10366136,CPI,Q9UKE5,compound,protein,1
10366136,CPI,P51817,compound,protein,0
10366136,CPI,P0DMS8,compound,protein,0
10366136,CPI,Q13554,compound,protein,0
10366136,CPI,Q9NUW8,compound,protein,0
10370504,CPI,P50613,compound,protein,0
10370504,CPI,Q16620,compound,protein,0
10377751,CPI,O00329,compound,protein,1
10377751,CPI,P51151,compound,protein,1
10377751,CPI,O75469,compound,protein,0
10410894,CPI,P16473,compound,protein,1
10427712,CPI,O15111,compound,protein,1
10427712,CPI,O95819,compound,protein,1
10427712,CPI,P19525,compound,protein,1
10427712,CPI,P22607,compound,protein,1
10427712,CPI,P48736,compound,protein,1
10427712,CPI,P49840,compound,protein,1
10427712,CPI,P57059,compound,protein,1
10427712,CPI,Q13546,compound,protein,1
10427712,CPI,Q15569,compound,protein,1
10427712,CPI,Q8NEV4,compound,protein,1
10427712,CPI,Q96BR1,compound,protein,1
10427712,CPI,Q9H093,compound,protein,1
10427712,CPI,Q9H4B4,compound,protein,1
10427712,CPI,Q9NWZ3,compound,protein,1
10427712,CPI,Q9UK32,compound,protein,1
10427712,CPI,Q9Y6R4,compound,protein,1
10427712,CPI,P05129,compound,protein,0
10427712,CPI,O75874,compound,protein,0
10427712,CPI,Q9UBN7,compound,protein,0
10427712,CPI,P37840,compound,protein,0
10427712,CPI,Q03164,compound,protein,0
10427712,CPI,Q96KB5,compound,protein,0
10427712,CPI,Q9UBT6,compound,protein,0
10427712,CPI,P10253,compound,protein,0
10427712,CPI,O95398,compound,protein,0
10427712,CPI,P06746,compound,protein,0
10427712,CPI,P42330,compound,protein,0
10427712,CPI,P31644,compound,protein,0
10427712,CPI,Q8NER1,compound,protein,0
10427712,CPI,P34972,compound,protein,0
10427712,CPI,O15379,compound,protein,0
10427712,CPI,P05177,compound,protein,0
10427712,CPI,P10826,compound,protein,0
10427712,CPI,P49454,compound,protein,0
10427712,CPI,Q5T1B0,compound,protein,0
10430360,CPI,Q9UKE5,compound,protein,1
10452020,CPI,P50406,compound,protein,0
10452020,CPI,P28223,compound,protein,0
10461508,CPI,P11474,compound,protein,0
104741,CPI,Q96RI1,compound,protein,1
104741,CPI,P30939,compound,protein,0
104845,CPI,P06280,compound,protein,1
104865,CPI,P83916,compound,protein,0
104865,CPI,P05177,compound,protein,0
105007,CPI,O95342,compound,protein,1
105078,CPI,P31644,compound,protein,1
10531,CPI,P08588,compound,protein,1
10531,CPI,P11362,compound,protein,0
10607,CPI,O15118,compound,protein,1
10607,CPI,Q15349,compound,protein,0
10607,CPI,P35869,compound,protein,0
10660,CPI,P08913,compound,protein,1
10660,CPI,O95342,compound,protein,0
10687292,CPI,P22736,compound,protein,1
10742,CPI,O43570,compound,protein,1
10748,CPI,Q9Y2D0,compound,protein,0
10748,CPI,Q9HAZ1,compound,protein,0
10748,CPI,P36888,compound,protein,0
1075698,CPI,Q9BWU1,compound,protein,0
107641,CPI,P41594,compound,protein,0
107715,CPI,O95264,compound,protein,1
107715,CPI,P25100,compound,protein,1
107715,CPI,P35368,compound,protein,1
107715,CPI,Q13153,compound,protein,0
107715,CPI,P54132,compound,protein,0
107715,CPI,P23458,compound,protein,0
107751,CPI,P10635,compound,protein,0
107780,CPI,P11229,compound,protein,1
107780,CPI,Q13639,compound,protein,1
107780,CPI,Q9NUW8,compound,protein,1
107867,CPI,P08172,compound,protein,1
107867,CPI,P78527,compound,protein,0
107905,CPI,O75582,compound,protein,0
107926,CPI,P27695,compound,protein,1
107926,CPI,P14780,compound,protein,0
107982,CPI,Q96KQ7,compound,protein,1
107985,CPI,O15118,compound,protein,1
107985,CPI,P35354,compound,protein,1
1080352,CPI,P51812,compound,protein,1
1080352,CPI,Q6W5P4,compound,protein,0
108046,CPI,P00533,compound,protein,0
108092,CPI,P08183,compound,protein,1
108107,CPI,P10636,compound,protein,1
108107,CPI,Q16665,compound,protein,1
108107,CPI,Q9P0L9,compound,protein,1
108107,CPI,Q14680,compound,protein,0
10831,CPI,P08172,compound,protein,1
10831,CPI,P21918,compound,protein,1
10831,CPI,O14757,compound,protein,0
10831,CPI,P12931,compound,protein,0
10947895,CPI,P14416,compound,protein,1
10947895,CPI,P25100,compound,protein,1
10947895,CPI,P28566,compound,protein,1
10947895,CPI,P46098,compound,protein,1
10947895,CPI,P51957,compound,protein,0
1102,CPI,Q16881,compound,protein,1
1102,CPI,Q460N5,compound,protein,0
1102,CPI,P00742,compound,protein,0
11052947,CPI,Q02763,compound,protein,0
110634,CPI,O60240,compound,protein,1
11095,CPI,Q16236,compound,protein,1
11152667,CPI,P07949,compound,protein,1
11152667,CPI,Q05655,compound,protein,1
11152667,CPI,Q16513,compound,protein,1
11152667,CPI,Q96L34,compound,protein,1
11152667,CPI,P21731,compound,protein,0
11152667,CPI,P30542,compound,protein,0
11152667,CPI,P06401,compound,protein,0
11152667,CPI,P53350,compound,protein,0
11152667,CPI,P34969,compound,protein,0
11152667,CPI,P28223,compound,protein,0
11154555,CPI,P08913,compound,protein,1
11154555,CPI,P35367,compound,protein,1
11167602,CPI,P07947,compound,protein,1
11167602,CPI,P08913,compound,protein,1
11167602,CPI,P36888,compound,protein,1
11167602,CPI,P49703,compound,protein,0
11180808,CPI,Q9Y570,compound,protein,0
11238823,CPI,P50052,compound,protein,1
11243969,CPI,Q12884,compound,protein,1
11243969,CPI,O95342,compound,protein,0
11270783,CPI,P29274,compound,protein,1
11292191,CPI,Q9Y5Y4,compound,protein,1
11292191,CPI,P33981,compound,protein,0
11292680,CPI,P08684,compound,protein,0
11296282,CPI,Q96RI1,compound,protein,0
11296583,CPI,P34969,compound,protein,0
11302540,CPI,Q12791,compound,protein,1
11304743,CPI,P21554,compound,protein,0
11317348,CPI,P15735,compound,protein,0
11327430,CPI,O60840,compound,protein,0
11338033,CPI,O43283,compound,protein,1
11338033,CPI,O60674,compound,protein,1
11338033,CPI,O75460,compound,protein,1
11338033,CPI,O96013,compound,protein,1
11338033,CPI,P21127,compound,protein,1
11338033,CPI,P29317,compound,protein,1
11338033,CPI,P42345,compound,protein,1
11338033,CPI,P45984,compound,protein,1
11338033,CPI,P53355,compound,protein,1
11338033,CPI,P54762,compound,protein,1
11338033,CPI,P68400,compound,protein,1
11338033,CPI,Q00537,compound,protein,1
11338033,CPI,Q13470,compound,protein,1
11338033,CPI,Q16288,compound,protein,1
11338033,CPI,Q86UX6,compound,protein,1
11338033,CPI,Q86Z02,compound,protein,1
11338033,CPI,Q8IYT8,compound,protein,1
11338033,CPI,Q9H3Y6,compound,protein,1
11338033,CPI,Q9HBH9,compound,protein,1
11338033,CPI,Q9NRH2,compound,protein,1
11338033,CPI,Q5VTD9,compound,protein,0
11338033,CPI,P04259,compound,protein,0
11338033,CPI,A5D8V6,compound,protein,0
11338033,CPI,Q8N8X9,compound,protein,0
11338033,CPI,Q96LW7,compound,protein,0
11338033,CPI,Q16651,compound,protein,0
11338033,CPI,Q86YJ5,compound,protein,0
11338033,CPI,Q9Y3P4,compound,protein,0
11338033,CPI,Q8N8U3,compound,protein,0
11338033,CPI,Q86Y01,compound,protein,0
11338033,CPI,Q8N436,compound,protein,0
11338033,CPI,P55073,compound,protein,0
11338033,CPI,Q9UHV5,compound,protein,0
11360300,CPI,P27487,compound,protein,1
11364421,CPI,O14730,compound,protein,1
11364421,CPI,O15197,compound,protein,1
11364421,CPI,O75914,compound,protein,1
11364421,CPI,P0C1S8,compound,protein,1
11364421,CPI,P15056,compound,protein,1
11364421,CPI,P42338,compound,protein,1
11364421,CPI,Q13470,compound,protein,1
11364421,CPI,Q14004,compound,protein,1
11364421,CPI,Q15139,compound,protein,1
11364421,CPI,Q92772,compound,protein,1
11364421,CPI,Q96D53,compound,protein,1
11364421,CPI,Q96L34,compound,protein,1
11364421,CPI,Q9BUB5,compound,protein,1
11364421,CPI,Q9BX84,compound,protein,1
11364421,CPI,Q9BYT3,compound,protein,1
11364421,CPI,P21397,compound,protein,0
11364421,CPI,P30989,compound,protein,0
11364421,CPI,P00734,compound,protein,0
11364421,CPI,P40763,compound,protein,0
11364421,CPI,P19838,compound,protein,0
11364421,CPI,P30411,compound,protein,0
11364421,CPI,Q08493,compound,protein,0
11364421,CPI,P27815,compound,protein,0
11364421,CPI,P28074,compound,protein,0
11364421,CPI,P35218,compound,protein,0
11364421,CPI,P18505,compound,protein,0
11364421,CPI,O00591,compound,protein,0
11364421,CPI,P43681,compound,protein,0
11373846,CPI,P10275,compound,protein,0
11382492,CPI,P16473,compound,protein,1
11395181,CPI,Q13882,compound,protein,0
11403114,CPI,P22303,compound,protein,1
11403114,CPI,P36888,compound,protein,0
11403114,CPI,P41143,compound,protein,0
11427553,CPI,O14578,compound,protein,1
11427553,CPI,O94768,compound,protein,1
11427553,CPI,P11309,compound,protein,1
11427553,CPI,P29376,compound,protein,1
11427553,CPI,P50613,compound,protein,1
11427553,CPI,P51955,compound,protein,1
11427553,CPI,Q12866,compound,protein,1
11427553,CPI,Q15208,compound,protein,1
11427553,CPI,Q16584,compound,protein,1
11427553,CPI,Q8TDR2,compound,protein,1
11427553,CPI,Q92772,compound,protein,1
11427553,CPI,Q9UF33,compound,protein,1
11427553,CPI,Q9UK32,compound,protein,1
11427553,CPI,Q9Y6E0,compound,protein,1
11427553,CPI,P51151,compound,protein,0
11427553,CPI,P14416,compound,protein,0
11427553,CPI,P08172,compound,protein,0
11427553,CPI,P22303,compound,protein,0
11427553,CPI,Q9UBS5,compound,protein,0
11427553,CPI,P16050,compound,protein,0
11427553,CPI,P08173,compound,protein,0
11427553,CPI,E0CX11,compound,protein,0
11427553,CPI,Q17R60,compound,protein,0
11427553,CPI,Q6P995,compound,protein,0
11427553,CPI,P78363,compound,protein,0
11427553,CPI,Q969W1,compound,protein,0
11427553,CPI,Q8NEL9,compound,protein,0
11427553,CPI,O60543,compound,protein,0
11427553,CPI,Q12894,compound,protein,0
11427553,CPI,Q9BY77,compound,protein,0
11427553,CPI,P43357,compound,protein,0
11434515,CPI,P08173,compound,protein,1
11438771,CPI,O60939,compound,protein,0
11442891,CPI,P11362,compound,protein,1
11442891,CPI,P42680,compound,protein,1
11442891,CPI,Q13188,compound,protein,1
11442891,CPI,Q14289,compound,protein,1
11442891,CPI,Q96GD4,compound,protein,1
11442891,CPI,Q02763,compound,protein,0
11442891,CPI,Q08881,compound,protein,0
11442891,CPI,Q99808,compound,protein,0
11442891,CPI,Q9Y2H1,compound,protein,0
11442891,CPI,Q13237,compound,protein,0
11450633,CPI,P51451,compound,protein,0
11450633,CPI,P43220,compound,protein,0
11451527,CPI,P11362,compound,protein,1
11451527,CPI,O00591,compound,protein,0
114709,CPI,Q9Y463,compound,protein,0
11476171,CPI,O60674,compound,protein,1
11476171,CPI,P21802,compound,protein,1
11476171,CPI,P22455,compound,protein,1
11476171,CPI,P53350,compound,protein,1
11476171,CPI,P35462,compound,protein,0
11476171,CPI,P50406,compound,protein,0
11476171,CPI,P41145,compound,protein,0
11485656,CPI,O75582,compound,protein,1
11485656,CPI,P07947,compound,protein,1
11485656,CPI,P11511,compound,protein,1
11485656,CPI,P24941,compound,protein,1
11485656,CPI,P34947,compound,protein,1
11485656,CPI,P45983,compound,protein,1
11485656,CPI,P49841,compound,protein,1
11485656,CPI,Q07002,compound,protein,1
11485656,CPI,Q13163,compound,protein,1
11485656,CPI,Q15831,compound,protein,1
11485656,CPI,Q16644,compound,protein,1
11485656,CPI,Q5VT25,compound,protein,1
11485656,CPI,Q8N752,compound,protein,1
11485656,CPI,Q8NI60,compound,protein,1
11485656,CPI,Q96L34,compound,protein,1
11485656,CPI,Q96NX5,compound,protein,1
11485656,CPI,Q9P0L2,compound,protein,1
11485656,CPI,Q99720,compound,protein,0
11485656,CPI,P11308,compound,protein,0
11485656,CPI,O15439,compound,protein,0
11485656,CPI,P40225,compound,protein,0
11485656,CPI,O75604,compound,protein,0
11485656,CPI,P23219,compound,protein,0
11485656,CPI,Q9NQL9,compound,protein,0
11485656,CPI,Q2T9J0,compound,protein,0
11485656,CPI,Q9BYE4,compound,protein,0
11485656,CPI,Q13432,compound,protein,0
11485656,CPI,Q02241,compound,protein,0
11485656,CPI,Q96NN9,compound,protein,0
11485656,CPI,O43157,compound,protein,0
11485656,CPI,Q9H611,compound,protein,0
11488320,CPI,P00533,compound,protein,1
11488320,CPI,Q9Y572,compound,protein,1
11494412,CPI,P10275,compound,protein,0
11494412,CPI,P11473,compound,protein,0
11497983,CPI,O95819,compound,protein,1
11497983,CPI,Q9HAZ1,compound,protein,1
11497983,CPI,Q9HBY8,compound,protein,1
11497983,CPI,Q9UHD2,compound,protein,1
11497983,CPI,Q9UQB9,compound,protein,1
11497983,CPI,P55055,compound,protein,0
11497983,CPI,P02545,compound,protein,0
11497983,CPI,P35414,compound,protein,0
11497983,CPI,Q15125,compound,protein,0
11519070,CPI,P08912,compound,protein,1
11519070,CPI,O75582,compound,protein,0
115368,CPI,P21917,compound,protein,1
115368,CPI,P23975,compound,protein,1
115368,CPI,Q16236,compound,protein,0
115368,CPI,Q9BVS4,compound,protein,0
11556711,CPI,P41143,compound,protein,0
11597537,CPI,O75460,compound,protein,1
11598628,CPI,O60674,compound,protein,1
11598628,CPI,P06276,compound,protein,0
11612883,CPI,Q16539,compound,protein,1
11618368,CPI,O94953,compound,protein,0
11626560,CPI,O15075,compound,protein,1
11626560,CPI,O15146,compound,protein,1
11626560,CPI,O75747,compound,protein,1
11626560,CPI,P04629,compound,protein,1
11626560,CPI,P25929,compound,protein,1
11626560,CPI,P27037,compound,protein,1
11626560,CPI,P29323,compound,protein,1
11626560,CPI,P30530,compound,protein,1
11626560,CPI,P49760,compound,protein,1
11626560,CPI,P52333,compound,protein,1
11626560,CPI,P54756,compound,protein,1
11626560,CPI,P80370,compound,protein,1
11626560,CPI,Q00537,compound,protein,1
11626560,CPI,Q07002,compound,protein,1
11626560,CPI,Q08345,compound,protein,1
11626560,CPI,Q7KZI7,compound,protein,1
11626560,CPI,Q8IW41,compound,protein,1
11626560,CPI,Q8N4C8,compound,protein,1
11626560,CPI,Q8TDR2,compound,protein,1
11626560,CPI,Q8WXR4,compound,protein,1
11626560,CPI,Q96Q40,compound,protein,1
11626560,CPI,Q9H093,compound,protein,1
11626560,CPI,Q9UQ88,compound,protein,1
11626560,CPI,Q92731,compound,protein,0
11626560,CPI,Q05513,compound,protein,0
11626560,CPI,P00915,compound,protein,0
11626560,CPI,Q9UBS5,compound,protein,0
11626560,CPI,P25100,compound,protein,0
11626560,CPI,O75147,compound,protein,0
11626560,CPI,P40197,compound,protein,0
11626560,CPI,Q9BXY8,compound,protein,0
11626560,CPI,P31270,compound,protein,0
11626560,CPI,Q32M45,compound,protein,0
11626560,CPI,Q13683,compound,protein,0
11626560,CPI,P51149,compound,protein,0
11626560,CPI,Q8WVZ7,compound,protein,0
11626560,CPI,Q9HBJ0,compound,protein,0
11626560,CPI,Q86WZ6,compound,protein,0
11626560,CPI,O95405,compound,protein,0
11626560,CPI,Q6Q4G3,compound,protein,0
11626560,CPI,O43734,compound,protein,0
11626560,CPI,Q9BZW5,compound,protein,0
11626560,CPI,Q9P267,compound,protein,0
11631681,CPI,P51812,compound,protein,1
11631681,CPI,Q96BR1,compound,protein,0
11634155,CPI,Q05940,compound,protein,1
11634725,CPI,P53350,compound,protein,1
11640390,CPI,O95835,compound,protein,1
11640390,CPI,P08183,compound,protein,1
11646823,CPI,P41594,compound,protein,1
11646823,CPI,P07332,compound,protein,0
11654378,CPI,Q99720,compound,protein,0
11654378,CPI,P25100,compound,protein,0
11656518,CPI,O95747,compound,protein,1
11656518,CPI,P07333,compound,protein,1
11656518,CPI,P19784,compound,protein,1
11656518,CPI,P29322,compound,protein,1
11656518,CPI,P49759,compound,protein,1
11656518,CPI,P49761,compound,protein,1
11656518,CPI,Q00535,compound,protein,1
11656518,CPI,Q00537,compound,protein,1
11656518,CPI,Q02156,compound,protein,1
11656518,CPI,Q07002,compound,protein,1
11656518,CPI,Q13131,compound,protein,1
11656518,CPI,Q13188,compound,protein,1
11656518,CPI,Q13976,compound,protein,1
11656518,CPI,Q15208,compound,protein,1
11656518,CPI,Q15746,compound,protein,1
11656518,CPI,Q2M2I8,compound,protein,1
11656518,CPI,Q7L7X3,compound,protein,1
11656518,CPI,Q86Y07,compound,protein,1
11656518,CPI,Q8NE63,compound,protein,1
11656518,CPI,Q8NFD2,compound,protein,1
11656518,CPI,Q8NG66,compound,protein,1
11656518,CPI,Q92918,compound,protein,1
11656518,CPI,Q96GD4,compound,protein,1
11656518,CPI,Q9BXA7,compound,protein,1
11656518,CPI,Q9H093,compound,protein,1
11656518,CPI,Q9P2K8,compound,protein,1
11656518,CPI,O43193,compound,protein,0
11656518,CPI,P30556,compound,protein,0
11656518,CPI,P16473,compound,protein,0
11656518,CPI,Q96MM3,compound,protein,0
11656518,CPI,Q8TDP1,compound,protein,0
11656518,CPI,Q92581,compound,protein,0
11656518,CPI,Q9UPW0,compound,protein,0
11656518,CPI,Q8WXH2,compound,protein,0
11656518,CPI,P35611,compound,protein,0
11656518,CPI,O95070,compound,protein,0
11656518,CPI,Q9H8K7,compound,protein,0
11656518,CPI,P59826,compound,protein,0
11656518,CPI,Q9UMR2,compound,protein,0
11656518,CPI,Q8N878,compound,protein,0
11656518,CPI,Q9H6U6,compound,protein,0
11656518,CPI,Q16878,compound,protein,0
11656518,CPI,Q9P003,compound,protein,0
11658860,CPI,P18825,compound,protein,1
11658860,CPI,P31751,compound,protein,0
11658860,CPI,Q13163,compound,protein,0
11667893,CPI,O75385,compound,protein,1
11667893,CPI,P09619,compound,protein,1
11667893,CPI,P16591,compound,protein,1
11667893,CPI,P29317,compound,protein,1
11667893,CPI,P45984,compound,protein,1
11667893,CPI,Q02156,compound,protein,1
11667893,CPI,Q13043,compound,protein,1
11667893,CPI,Q13188,compound,protein,1
11667893,CPI,Q5S007,compound,protein,1
11667893,CPI,Q96D53,compound,protein,1
11667893,CPI,Q99755,compound,protein,1
11667893,CPI,Q9H0K1,compound,protein,1
11667893,CPI,Q9UQM7,compound,protein,1
11667893,CPI,O75496,compound,protein,0
11667893,CPI,P08912,compound,protein,0
11667893,CPI,Q92769,compound,protein,0
11667893,CPI,O94782,compound,protein,0
11667893,CPI,P83916,compound,protein,0
11667893,CPI,P21452,compound,protein,0
11667893,CPI,Q9NR56,compound,protein,0
11667893,CPI,P08172,compound,protein,0
11667893,CPI,P35367,compound,protein,0
11667893,CPI,Q96KQ7,compound,protein,0
11667893,CPI,P35462,compound,protein,0
11667893,CPI,P46098,compound,protein,0
11667893,CPI,Q9UIF8,compound,protein,0
11667893,CPI,P11388,compound,protein,0
11667893,CPI,Q12979,compound,protein,0
11667893,CPI,Q9NZ01,compound,protein,0
11667893,CPI,Q4AE62,compound,protein,0
11667893,CPI,Q9H8Y5,compound,protein,0
11667893,CPI,Q9H6L5,compound,protein,0
11667893,CPI,P41220,compound,protein,0
11667893,CPI,Q15269,compound,protein,0
11667893,CPI,Q5VU92,compound,protein,0
11667893,CPI,O94842,compound,protein,0
11667893,CPI,O43290,compound,protein,0
11667893,CPI,O43808,compound,protein,0
11667893,CPI,Q9BQK8,compound,protein,0
11676786,CPI,O00625,compound,protein,1
11676786,CPI,P25100,compound,protein,0
11676786,CPI,Q99928,compound,protein,0
11683,CPI,P02545,compound,protein,1
11712649,CPI,O00329,compound,protein,1
11712649,CPI,O14757,compound,protein,1
11712649,CPI,O14976,compound,protein,1
11712649,CPI,P10721,compound,protein,1
11712649,CPI,P14616,compound,protein,1
11712649,CPI,P16591,compound,protein,1
11712649,CPI,P31751,compound,protein,1
11712649,CPI,P49336,compound,protein,1
11712649,CPI,P49759,compound,protein,1
11712649,CPI,Q13464,compound,protein,1
11712649,CPI,Q13627,compound,protein,1
11712649,CPI,Q14680,compound,protein,1
11712649,CPI,Q15303,compound,protein,1
11712649,CPI,Q16832,compound,protein,1
11712649,CPI,Q86YV6,compound,protein,1
11712649,CPI,Q8IY84,compound,protein,1
11712649,CPI,Q8TDC3,compound,protein,1
11712649,CPI,Q8TDR2,compound,protein,1
11712649,CPI,Q96D53,compound,protein,1
11712649,CPI,Q9HBH9,compound,protein,1
11712649,CPI,Q9P2K8,compound,protein,1
11712649,CPI,Q9UBN7,compound,protein,0
11712649,CPI,P18825,compound,protein,0
11712649,CPI,P43681,compound,protein,0
11712649,CPI,P16050,compound,protein,0
11712649,CPI,Q99720,compound,protein,0
11712649,CPI,Q16665,compound,protein,0
11712649,CPI,Q9C0D4,compound,protein,0
11712649,CPI,Q8N264,compound,protein,0
11712649,CPI,Q96NJ5,compound,protein,0
11712649,CPI,Q6ZNR0,compound,protein,0
11712649,CPI,Q9BYR6,compound,protein,0
11712649,CPI,Q13203,compound,protein,0
11712649,CPI,Q8WW59,compound,protein,0
11712649,CPI,Q5MJ08,compound,protein,0
11712649,CPI,Q96C86,compound,protein,0
11712649,CPI,Q8TB36,compound,protein,0
11712649,CPI,Q8N5Y2,compound,protein,0
11712649,CPI,Q9Y2P0,compound,protein,0
11712649,CPI,Q6UW49,compound,protein,0
11712649,CPI,P56181,compound,protein,0
11712649,CPI,Q86WI0,compound,protein,0
11712649,CPI,Q9UKY1,compound,protein,0
11712649,CPI,Q8IUI8,compound,protein,0
11713159,CPI,O00311,compound,protein,1
11713159,CPI,P07948,compound,protein,1
11713159,CPI,P16234,compound,protein,1
11713159,CPI,P16591,compound,protein,1
11713159,CPI,P19784,compound,protein,1
11713159,CPI,P23443,compound,protein,1
11713159,CPI,P29597,compound,protein,1
11713159,CPI,P45984,compound,protein,1
11713159,CPI,P48729,compound,protein,1
11713159,CPI,P49840,compound,protein,1
11713159,CPI,P50750,compound,protein,1
11713159,CPI,P51957,compound,protein,1
11713159,CPI,Q05397,compound,protein,1
11713159,CPI,Q16539,compound,protein,1
11713159,CPI,Q9H2G2,compound,protein,1
11713159,CPI,Q9Y4K4,compound,protein,1
11713159,CPI,Q00532,compound,protein,0
11713159,CPI,P08908,compound,protein,0
11713159,CPI,Q13546,compound,protein,0
11713159,CPI,Q99714,compound,protein,0
11713159,CPI,P04637,compound,protein,0
11717001,CPI,O15075,compound,protein,1
11717001,CPI,O15146,compound,protein,1
11717001,CPI,P00519,compound,protein,1
11717001,CPI,P23458,compound,protein,1
11717001,CPI,P35968,compound,protein,1
11717001,CPI,P42345,compound,protein,1
11717001,CPI,P49760,compound,protein,1
11717001,CPI,Q07912,compound,protein,1
11717001,CPI,Q13043,compound,protein,1
11717001,CPI,Q13237,compound,protein,1
11717001,CPI,Q15375,compound,protein,1
11717001,CPI,Q16832,compound,protein,1
11717001,CPI,Q59H18,compound,protein,1
11717001,CPI,Q6ZN16,compound,protein,1
11717001,CPI,Q86Y07,compound,protein,1
11717001,CPI,Q9BVS4,compound,protein,1
11717001,CPI,Q9H3Y6,compound,protein,1
11717001,CPI,Q9NSY1,compound,protein,1
11717001,CPI,Q9NYL2,compound,protein,1
11717001,CPI,Q9UEE5,compound,protein,1
11717001,CPI,P39748,compound,protein,0
11717001,CPI,P49798,compound,protein,0
11717001,CPI,P30542,compound,protein,0
11717001,CPI,Q9UBS5,compound,protein,0
11717001,CPI,P43681,compound,protein,0
11717001,CPI,O15118,compound,protein,0
11717001,CPI,Q9NWL6,compound,protein,0
11717001,CPI,Q9NSE2,compound,protein,0
11717001,CPI,Q8IWF2,compound,protein,0
11717001,CPI,Q8TAL5,compound,protein,0
11717001,CPI,Q9BQC6,compound,protein,0
11717001,CPI,O43670,compound,protein,0
11717001,CPI,O75954,compound,protein,0
11717001,CPI,Q6PIV7,compound,protein,0
11717001,CPI,Q15013,compound,protein,0
11717001,CPI,Q8NDX2,compound,protein,0
11717001,CPI,Q9Y4W6,compound,protein,0
11717001,CPI,P16144,compound,protein,0
11717001,CPI,Q13361,compound,protein,0
11717001,CPI,Q13117,compound,protein,0
11717001,CPI,Q1L5Z9,compound,protein,0
11717001,CPI,Q6PUV4,compound,protein,0
11717001,CPI,A8MYJ7,compound,protein,0
11719003,CPI,Q13148,compound,protein,0
11749858,CPI,Q969S8,compound,protein,1
117853645,CPI,P09086,compound,protein,1
11831,CPI,P20815,compound,protein,0
1183113,CPI,Q9H2X6,compound,protein,0
11862,CPI,P02766,compound,protein,1
11865433,CPI,P48730,compound,protein,0
11869537,CPI,P03372,compound,protein,1
11869580,CPI,O00555,compound,protein,1
11869602,CPI,Q99527,compound,protein,1
119,CPI,A8MPY1,compound,protein,1
119,CPI,Q14289,compound,protein,0
119031,CPI,P78536,compound,protein,1
119031,CPI,P43403,compound,protein,0
119031,CPI,Q7KZI7,compound,protein,0
119031,CPI,Q01959,compound,protein,0
119031,CPI,P23219,compound,protein,0
11908593,CPI,O15392,compound,protein,1
119182,CPI,P41145,compound,protein,1
119182,CPI,P54132,compound,protein,0
119192,CPI,Q96QE3,compound,protein,0
119198,CPI,Q05397,compound,protein,0
119373,CPI,P33527,compound,protein,1
119461,CPI,Q9NUW8,compound,protein,1
11949646,CPI,P31639,compound,protein,1
11950170,CPI,O15264,compound,protein,1
11950170,CPI,P06493,compound,protein,1
11950170,CPI,P08069,compound,protein,1
11950170,CPI,P08922,compound,protein,1
11950170,CPI,P11309,compound,protein,1
11950170,CPI,Q13237,compound,protein,1
11950170,CPI,Q8N4C8,compound,protein,1
11950170,CPI,Q02779,compound,protein,0
11950170,CPI,Q8NER1,compound,protein,0
11950170,CPI,Q9NRH2,compound,protein,0
11950170,CPI,Q03431,compound,protein,0
11950170,CPI,P05121,compound,protein,0
11950170,CPI,Q92793,compound,protein,0
11950170,CPI,P35372,compound,protein,0
11950170,CPI,Q09013,compound,protein,0
119565,CPI,Q06710,compound,protein,0
11957499,CPI,P05067,compound,protein,1
11957499,CPI,P11021,compound,protein,1
11957615,CPI,P21728,compound,protein,1
11957615,CPI,Q9Y2U5,compound,protein,0
11957615,CPI,P30542,compound,protein,0
119584,CPI,P02545,compound,protein,1
119607,CPI,Q8TDS4,compound,protein,1
119607,CPI,Q14680,compound,protein,0
11973736,CPI,O43915,compound,protein,1
11973736,CPI,P07949,compound,protein,1
11973736,CPI,P29323,compound,protein,1
11973736,CPI,P54764,compound,protein,1
11977753,CPI,Q02750,compound,protein,1
11977753,CPI,P11712,compound,protein,0
11977753,CPI,P50406,compound,protein,0
11977753,CPI,P49798,compound,protein,0
11977753,CPI,P21917,compound,protein,0
11977753,CPI,Q08499,compound,protein,0
11978790,CPI,P42338,compound,protein,1
11978790,CPI,Q32MK0,compound,protein,1
11978790,CPI,P29274,compound,protein,0
11978813,CPI,P34969,compound,protein,1
11978813,CPI,P35367,compound,protein,1
11978813,CPI,Q09013,compound,protein,0
119828,CPI,P30291,compound,protein,0
11998575,CPI,Q9BPZ7,compound,protein,1
1201549,CPI,P18089,compound,protein,1
1201549,CPI,P35367,compound,protein,1
1201549,CPI,P54753,compound,protein,0
1201549,CPI,P42680,compound,protein,0
12035,CPI,O15379,compound,protein,0
12035,CPI,Q8WUI4,compound,protein,0
12043281,CPI,O75496,compound,protein,1
12124,CPI,P35590,compound,protein,0
12135546,CPI,O60674,compound,protein,0
121396,CPI,P04062,compound,protein,0
1218,CPI,Q96RJ0,compound,protein,1
121846,CPI,P15382,compound,protein,1
121846,CPI,P33402,compound,protein,0
121891,CPI,P21731,compound,protein,1
121891,CPI,Q13627,compound,protein,0
121930,CPI,P28221,compound,protein,1
1220,CPI,P28221,compound,protein,1
122136,CPI,P23975,compound,protein,1
122136,CPI,Q8TDR2,compound,protein,0
122136,CPI,Q9Y6E0,compound,protein,0
122295,CPI,P18089,compound,protein,1
12310313,CPI,Q00536,compound,protein,0
1234,CPI,P12821,compound,protein,1
1236,CPI,Q13936,compound,protein,1
123631,CPI,O00750,compound,protein,1
123631,CPI,O14733,compound,protein,1
123631,CPI,O15197,compound,protein,1
123631,CPI,O60674,compound,protein,1
123631,CPI,O75914,compound,protein,1
123631,CPI,O94804,compound,protein,1
123631,CPI,P06239,compound,protein,1
123631,CPI,P21802,compound,protein,1
123631,CPI,P21860,compound,protein,1
123631,CPI,P42684,compound,protein,1
123631,CPI,P48729,compound,protein,1
123631,CPI,P51813,compound,protein,1
123631,CPI,P54760,compound,protein,1
123631,CPI,Q13705,compound,protein,1
123631,CPI,Q52WX2,compound,protein,1
123631,CPI,Q8N568,compound,protein,1
123631,CPI,Q8TD19,compound,protein,1
123631,CPI,Q96PF2,compound,protein,1
123631,CPI,Q96RG2,compound,protein,1
123631,CPI,Q96RR4,compound,protein,1
123631,CPI,Q9UPE1,compound,protein,1
123631,CPI,Q9UQ88,compound,protein,1
123631,CPI,Q96R28,compound,protein,0
123631,CPI,P05111,compound,protein,0
123631,CPI,Q8N394,compound,protein,0
123631,CPI,Q96MT8,compound,protein,0
123631,CPI,Q92527,compound,protein,0
123631,CPI,Q13158,compound,protein,0
123631,CPI,Q96QT6,compound,protein,0
123631,CPI,Q8WZ74,compound,protein,0
123631,CPI,Q8TAI7,compound,protein,0
123631,CPI,Q9BYZ8,compound,protein,0
123631,CPI,Q13683,compound,protein,0
123631,CPI,Q70EK9,compound,protein,0
123631,CPI,C0HMD6,compound,protein,0
123631,CPI,Q86VW2,compound,protein,0
123631,CPI,Q9UM54,compound,protein,0
123631,CPI,P49959,compound,protein,0
123631,CPI,Q9H209,compound,protein,0
123631,CPI,P36915,compound,protein,0
123631,CPI,O75439,compound,protein,0
123683,CPI,Q96QE3,compound,protein,1
123767,CPI,P21397,compound,protein,0
123932,CPI,Q9UKI8,compound,protein,0
124007,CPI,O15530,compound,protein,0
124007,CPI,P78368,compound,protein,0
124087,CPI,P08173,compound,protein,1
124087,CPI,P25021,compound,protein,1
124087,CPI,P25103,compound,protein,1
124087,CPI,P41595,compound,protein,1
124087,CPI,P07947,compound,protein,0
124087,CPI,P16473,compound,protein,0
12420,CPI,P36888,compound,protein,0
124202151,CPI,P30291,compound,protein,0
124246,CPI,Q9Y463,compound,protein,0
125312786,CPI,O15530,compound,protein,1
12560,CPI,O15438,compound,protein,0
12560,CPI,O15118,compound,protein,0
1257,CPI,P18031,compound,protein,0
12597,CPI,Q96KQ7,compound,protein,1
126280,CPI,P21728,compound,protein,1
126280,CPI,Q13976,compound,protein,0
126280,CPI,P51955,compound,protein,0
1263681,CPI,O15399,compound,protein,1
1263681,CPI,O60391,compound,protein,1
1263681,CPI,P14867,compound,protein,1
1263681,CPI,P46098,compound,protein,1
1263681,CPI,P06241,compound,protein,0
1263681,CPI,O15118,compound,protein,0
126941,CPI,P41440,compound,protein,1
126941,CPI,O95342,compound,protein,0
126941,CPI,Q96J66,compound,protein,0
127861,CPI,P10635,compound,protein,1
128018,CPI,O43353,compound,protein,0
128355,CPI,P11712,compound,protein,1
1288922,CPI,P10636,compound,protein,1
1288922,CPI,Q9NUW8,compound,protein,1
129009868,CPI,P04062,compound,protein,0
129010024,CPI,P10253,compound,protein,1
129211,CPI,P08172,compound,protein,1
129211,CPI,P35372,compound,protein,1
1302,CPI,P16233,compound,protein,1
1302,CPI,P14416,compound,protein,0
130325,CPI,P10276,compound,protein,1
130564,CPI,O94760,compound,protein,1
130881,CPI,P25929,compound,protein,1
130881,CPI,P41595,compound,protein,1
130881,CPI,Q8TDS4,compound,protein,0
130881,CPI,P57058,compound,protein,0
130881,CPI,Q9HAZ1,compound,protein,0
130881,CPI,Q9UF33,compound,protein,0
130881,CPI,P31152,compound,protein,0
13186954,CPI,P01215,compound,protein,1
13186954,CPI,Q8TCT1,compound,protein,1
131906,CPI,O15296,compound,protein,1
132059,CPI,Q16832,compound,protein,0
132059,CPI,Q13976,compound,protein,0
132496,CPI,P11712,compound,protein,1
132496,CPI,P08172,compound,protein,0
132519,CPI,O75173,compound,protein,1
132519,CPI,P09237,compound,protein,1
132519,CPI,Q9ULZ9,compound,protein,1
132519,CPI,Q96SB4,compound,protein,0
132971,CPI,P35367,compound,protein,1
132971,CPI,P11712,compound,protein,0
132971,CPI,P08173,compound,protein,0
133407,CPI,Q9UNA4,compound,protein,1
133633,CPI,P23975,compound,protein,1
133633,CPI,P41595,compound,protein,1
133633,CPI,Q92731,compound,protein,0
134018,CPI,Q9UNQ0,compound,protein,1
134044,CPI,Q96KQ7,compound,protein,0
134117,CPI,P27695,compound,protein,1
134551,CPI,P28223,compound,protein,1
134551,CPI,P22455,compound,protein,0
134551,CPI,O00750,compound,protein,0
134551,CPI,O76039,compound,protein,0
1348,CPI,P49759,compound,protein,0
135398495,CPI,O95819,compound,protein,1
135398495,CPI,P35916,compound,protein,1
135398495,CPI,P36897,compound,protein,1
135398495,CPI,Q13131,compound,protein,1
135398495,CPI,P08183,compound,protein,0
135398495,CPI,P42338,compound,protein,0
135398495,CPI,Q6W5P4,compound,protein,0
135398495,CPI,P07333,compound,protein,0
135398495,CPI,Q12809,compound,protein,0
135398495,CPI,O43293,compound,protein,0
135398516,CPI,Q13163,compound,protein,1
135398737,CPI,P07550,compound,protein,1
135398737,CPI,P08172,compound,protein,1
135398737,CPI,P21918,compound,protein,1
135398737,CPI,P07451,compound,protein,0
135398738,CPI,P21554,compound,protein,1
135398745,CPI,P08912,compound,protein,1
135398745,CPI,P25100,compound,protein,1
135398745,CPI,P31644,compound,protein,1
135398745,CPI,Q16236,compound,protein,0
135398745,CPI,O95398,compound,protein,0
135398745,CPI,P05412,compound,protein,0
135398745,CPI,Q9Y2H1,compound,protein,0
135400439,CPI,P01215,compound,protein,1
135400439,CPI,Q6W5P4,compound,protein,1
135400439,CPI,Q04759,compound,protein,0
135409453,CPI,Q01959,compound,protein,1
135409453,CPI,P28065,compound,protein,0
135409453,CPI,Q13255,compound,protein,0
135409453,CPI,P51570,compound,protein,0
135409468,CPI,P08172,compound,protein,1
135409468,CPI,Q9NUW8,compound,protein,1
135412795,CPI,P23219,compound,protein,1
135412795,CPI,P34903,compound,protein,1
135419176,CPI,P51151,compound,protein,1
135419176,CPI,P16591,compound,protein,0
135419190,CPI,P04629,compound,protein,1
135460532,CPI,P02545,compound,protein,1
135460532,CPI,P41145,compound,protein,0
135533054,CPI,P49759,compound,protein,0
135565635,CPI,O14730,compound,protein,1
135565635,CPI,O15146,compound,protein,1
135565635,CPI,P21860,compound,protein,1
135565635,CPI,P22455,compound,protein,1
135565635,CPI,P29323,compound,protein,1
135565635,CPI,P53355,compound,protein,1
135565635,CPI,P53778,compound,protein,1
135565635,CPI,Q06418,compound,protein,1
135565635,CPI,Q09013,compound,protein,1
135565635,CPI,Q12852,compound,protein,1
135565635,CPI,Q13164,compound,protein,1
135565635,CPI,Q13976,compound,protein,1
135565635,CPI,Q14680,compound,protein,1
135565635,CPI,Q15139,compound,protein,1
135565635,CPI,Q15349,compound,protein,1
135565635,CPI,Q92630,compound,protein,1
135565635,CPI,Q9UEE5,compound,protein,1
135565635,CPI,Q9UIK4,compound,protein,1
135565635,CPI,Q9UKE5,compound,protein,1
135565635,CPI,Q9Y243,compound,protein,1
135565635,CPI,Q9Y6E0,compound,protein,1
135565635,CPI,P30926,compound,protein,0
135565635,CPI,P09210,compound,protein,0
135565635,CPI,Q15842,compound,protein,0
135565635,CPI,Q9NY56,compound,protein,0
135565635,CPI,Q9NP56,compound,protein,0
135565635,CPI,Q9UNA0,compound,protein,0
135565635,CPI,O15296,compound,protein,0
135565635,CPI,P27695,compound,protein,0
135565635,CPI,P05981,compound,protein,0
135565635,CPI,O75874,compound,protein,0
135565635,CPI,P11712,compound,protein,0
135565635,CPI,Q9H3N8,compound,protein,0
135565635,CPI,P06737,compound,protein,0
135565635,CPI,P00750,compound,protein,0
135565635,CPI,P06280,compound,protein,0
135565635,CPI,P10827,compound,protein,0
135565635,CPI,P43115,compound,protein,0
135565635,CPI,P00747,compound,protein,0
13791,CPI,P27695,compound,protein,1
13927310,CPI,P50406,compound,protein,0
1398674,CPI,O75496,compound,protein,1
1400,CPI,O00444,compound,protein,1
1400,CPI,P04626,compound,protein,1
1400,CPI,P29317,compound,protein,1
1400,CPI,Q13153,compound,protein,1
1400,CPI,Q16644,compound,protein,1
1400,CPI,Q8TDC3,compound,protein,1
1400,CPI,Q99759,compound,protein,0
1400,CPI,Q01668,compound,protein,0
1400,CPI,P30518,compound,protein,0
1400,CPI,P22748,compound,protein,0
1400,CPI,Q16584,compound,protein,0
1400,CPI,Q5BJF2,compound,protein,0
1400698,CPI,P51956,compound,protein,0
1401,CPI,P22607,compound,protein,1
14187,CPI,Q99714,compound,protein,1
14187,CPI,P10145,compound,protein,0
14249524,CPI,P50416,compound,protein,1
1432578,CPI,P08588,compound,protein,0
1434953,CPI,P17787,compound,protein,0
146570,CPI,P35367,compound,protein,1
146570,CPI,P07949,compound,protein,0
14709,CPI,P29376,compound,protein,0
1471787,CPI,Q13148,compound,protein,1
148121,CPI,P00374,compound,protein,1
148124,CPI,P28222,compound,protein,0
148124,CPI,Q9H422,compound,protein,0
148198,CPI,P43490,compound,protein,1
1493,CPI,P54756,compound,protein,0
149784,CPI,Q9NUW8,compound,protein,1
150311,CPI,Q16832,compound,protein,0
1510379,CPI,Q92830,compound,protein,1
151170,CPI,P25963,compound,protein,0
151194,CPI,O00418,compound,protein,1
151194,CPI,O14920,compound,protein,1
151194,CPI,O94806,compound,protein,1
151194,CPI,O94921,compound,protein,1
151194,CPI,P06239,compound,protein,1
151194,CPI,P27037,compound,protein,1
151194,CPI,P35968,compound,protein,1
151194,CPI,P36896,compound,protein,1
151194,CPI,P42680,compound,protein,1
151194,CPI,P46734,compound,protein,1
151194,CPI,P49840,compound,protein,1
151194,CPI,P52333,compound,protein,1
151194,CPI,P57058,compound,protein,1
151194,CPI,Q13177,compound,protein,1
151194,CPI,Q5S007,compound,protein,1
151194,CPI,Q86UE8,compound,protein,1
151194,CPI,Q8N568,compound,protein,1
151194,CPI,Q8TD08,compound,protein,1
151194,CPI,Q99640,compound,protein,1
151194,CPI,Q9H3Y6,compound,protein,1
151194,CPI,Q9HBY8,compound,protein,1
151194,CPI,Q9UPE1,compound,protein,1
151194,CPI,O15118,compound,protein,0
151194,CPI,P35462,compound,protein,0
151194,CPI,P23219,compound,protein,0
151194,CPI,Q92830,compound,protein,0
151194,CPI,P31645,compound,protein,0
151194,CPI,Q05639,compound,protein,0
151194,CPI,I3L0A0,compound,protein,0
151194,CPI,P22087,compound,protein,0
151194,CPI,Q9NX45,compound,protein,0
151194,CPI,Q06210,compound,protein,0
151194,CPI,Q8N660,compound,protein,0
151194,CPI,Q9BRR8,compound,protein,0
151194,CPI,P48023,compound,protein,0
151194,CPI,Q9Y5Q5,compound,protein,0
151194,CPI,Q5VTH2,compound,protein,0
151194,CPI,Q9NQ50,compound,protein,0
151194,CPI,Q9NSD7,compound,protein,0
151582,CPI,Q9HC16,compound,protein,1
151582,CPI,P27448,compound,protein,0
1534,CPI,P21728,compound,protein,1
1537,CPI,P10635,compound,protein,0
15387,CPI,P21728,compound,protein,1
15387,CPI,P41143,compound,protein,0
154257,CPI,P35354,compound,protein,1
154257,CPI,P35462,compound,protein,1
154257,CPI,P21709,compound,protein,0
154417,CPI,O75469,compound,protein,1
154417,CPI,P03372,compound,protein,1
154417,CPI,P0DMS8,compound,protein,1
154417,CPI,P32238,compound,protein,1
154417,CPI,Q01959,compound,protein,1
154417,CPI,Q15418,compound,protein,0
15443,CPI,P08908,compound,protein,1
15443,CPI,Q9BRS2,compound,protein,0
15443,CPI,P49841,compound,protein,0
1547484,CPI,P21554,compound,protein,1
1547484,CPI,P49841,compound,protein,0
1547484,CPI,Q16445,compound,protein,0
15478,CPI,Q06710,compound,protein,1
15478,CPI,Q9BYF1,compound,protein,0
1548076,CPI,O15118,compound,protein,1
1548942,CPI,P20309,compound,protein,1
1548942,CPI,P21397,compound,protein,1
1548942,CPI,P21728,compound,protein,1
1548942,CPI,P30411,compound,protein,1
1548942,CPI,Q09470,compound,protein,1
1548942,CPI,Q9Y5N1,compound,protein,1
1548942,CPI,Q8N752,compound,protein,0
1548942,CPI,Q16678,compound,protein,0
1548942,CPI,P45984,compound,protein,0
1548942,CPI,Q86UE8,compound,protein,0
1548942,CPI,P18505,compound,protein,0
1548942,CPI,P14616,compound,protein,0
1548942,CPI,Q9UKV0,compound,protein,0
1548942,CPI,O75460,compound,protein,0
1548942,CPI,Q16512,compound,protein,0
1548953,CPI,P06241,compound,protein,1
1548953,CPI,Q9BYT3,compound,protein,0
1548953,CPI,O14730,compound,protein,0
1548953,CPI,Q12866,compound,protein,0
1549120,CPI,O95342,compound,protein,1
1549120,CPI,P30411,compound,protein,1
15541,CPI,P06401,compound,protein,1
15541,CPI,P25021,compound,protein,1
15541,CPI,Q08881,compound,protein,0
15541,CPI,P50750,compound,protein,0
155806,CPI,O00408,compound,protein,0
156391,CPI,P11229,compound,protein,1
156391,CPI,P16233,compound,protein,1
156391,CPI,P16473,compound,protein,1
156391,CPI,P53779,compound,protein,0
156391,CPI,P10636,compound,protein,0
156391,CPI,P52333,compound,protein,0
156391,CPI,O14965,compound,protein,0
156391,CPI,P36897,compound,protein,0
156414,CPI,O00444,compound,protein,1
156414,CPI,P32298,compound,protein,1
156414,CPI,P33981,compound,protein,1
156414,CPI,P43403,compound,protein,1
156414,CPI,P48736,compound,protein,1
156414,CPI,P53778,compound,protein,1
156414,CPI,Q15375,compound,protein,1
156414,CPI,Q16566,compound,protein,1
156414,CPI,Q8TD19,compound,protein,1
156414,CPI,Q92918,compound,protein,1
156414,CPI,Q9BUB5,compound,protein,1
156414,CPI,Q9BWU1,compound,protein,1
156414,CPI,Q9H1R3,compound,protein,1
156414,CPI,Q9HCP0,compound,protein,1
156414,CPI,P23219,compound,protein,0
156414,CPI,P48169,compound,protein,0
156414,CPI,Q5BJF2,compound,protein,0
156414,CPI,P21452,compound,protein,0
156414,CPI,P29274,compound,protein,0
156414,CPI,P41595,compound,protein,0
156414,CPI,P39748,compound,protein,0
156414,CPI,P34947,compound,protein,0
156414,CPI,P41143,compound,protein,0
156414,CPI,P28472,compound,protein,0
156414,CPI,P03372,compound,protein,0
156414,CPI,Q01453,compound,protein,0
156414,CPI,Q92731,compound,protein,0
156414,CPI,Q8N1C3,compound,protein,0
156414,CPI,P78504,compound,protein,0
156414,CPI,Q9NZ53,compound,protein,0
156414,CPI,Q6IQ22,compound,protein,0
156414,CPI,Q6UUV9,compound,protein,0
156414,CPI,Q96LK0,compound,protein,0
156422,CPI,P06239,compound,protein,1
156422,CPI,P08581,compound,protein,1
156422,CPI,P14616,compound,protein,1
156422,CPI,P29323,compound,protein,1
156422,CPI,P37173,compound,protein,1
156422,CPI,P42336,compound,protein,1
156422,CPI,P46734,compound,protein,1
156422,CPI,P54753,compound,protein,1
156422,CPI,P57058,compound,protein,1
156422,CPI,Q15569,compound,protein,1
156422,CPI,Q15835,compound,protein,1
156422,CPI,Q6DT37,compound,protein,1
156422,CPI,Q7KZI7,compound,protein,1
156422,CPI,Q7L7X3,compound,protein,1
156422,CPI,Q8NFD2,compound,protein,1
156422,CPI,Q8TDC3,compound,protein,1
156422,CPI,Q9HBH9,compound,protein,1
156422,CPI,Q9Y4K4,compound,protein,1
156422,CPI,P21554,compound,protein,0
156422,CPI,P04637,compound,protein,0
156422,CPI,P43220,compound,protein,0
156422,CPI,Q96AW1,compound,protein,0
156422,CPI,Q6P047,compound,protein,0
156422,CPI,P12883,compound,protein,0
156422,CPI,Q07092,compound,protein,0
156422,CPI,B2RUY7,compound,protein,0
156422,CPI,Q27J81,compound,protein,0
156422,CPI,Q9GZV4,compound,protein,0
156422,CPI,Q99442,compound,protein,0
156422,CPI,Q15428,compound,protein,0
156422,CPI,Q96FT7,compound,protein,0
156422,CPI,O94826,compound,protein,0
156422,CPI,Q9GZU0,compound,protein,0
156422,CPI,Q96HA1,compound,protein,0
156422,CPI,Q6ZPD9,compound,protein,0
158758,CPI,P15692,compound,protein,1
15922487,CPI,Q9Y5Y4,compound,protein,1
15922487,CPI,Q9Y263,compound,protein,0
15951529,CPI,Q15746,compound,protein,0
15983966,CPI,O14976,compound,protein,1
15983966,CPI,O43353,compound,protein,1
15983966,CPI,O60285,compound,protein,1
15983966,CPI,O94804,compound,protein,1
15983966,CPI,O95382,compound,protein,1
15983966,CPI,P11309,compound,protein,1
15983966,CPI,P19784,compound,protein,1
15983966,CPI,P29320,compound,protein,1
15983966,CPI,P32298,compound,protein,1
15983966,CPI,P46734,compound,protein,1
15983966,CPI,P51617,compound,protein,1
15983966,CPI,Q8IU85,compound,protein,1
15983966,CPI,Q99640,compound,protein,1
15983966,CPI,Q9H2X6,compound,protein,1
15983966,CPI,Q9NSY1,compound,protein,1
15983966,CPI,P07550,compound,protein,0
15983966,CPI,P41595,compound,protein,0
15983966,CPI,P11229,compound,protein,0
15983966,CPI,P21554,compound,protein,0
15983966,CPI,P23975,compound,protein,0
15983966,CPI,O95573,compound,protein,0
15983966,CPI,Q9UL12,compound,protein,0
15983966,CPI,A1A580,compound,protein,0
15983966,CPI,Q8TDJ6,compound,protein,0
15983966,CPI,Q63HQ2,compound,protein,0
15983966,CPI,P57737,compound,protein,0
15983966,CPI,Q7Z5G4,compound,protein,0
15983966,CPI,P78396,compound,protein,0
15983966,CPI,Q15365,compound,protein,0
15983966,CPI,Q92186,compound,protein,0
15983966,CPI,P04921,compound,protein,0
15983966,CPI,Q96F44,compound,protein,0
15983966,CPI,Q8IUR0,compound,protein,0
15983966,CPI,Q9H7H0,compound,protein,0
15983966,CPI,Q6NZ36,compound,protein,0
15983966,CPI,Q9H4L4,compound,protein,0
15983966,CPI,Q92574,compound,protein,0
16004692,CPI,P31645,compound,protein,1
16004692,CPI,P35462,compound,protein,1
16007391,CPI,O00506,compound,protein,1
16007391,CPI,P06493,compound,protein,1
16007391,CPI,P16591,compound,protein,1
16007391,CPI,P19525,compound,protein,1
16007391,CPI,P27037,compound,protein,1
16007391,CPI,P41240,compound,protein,1
16007391,CPI,P53350,compound,protein,1
16007391,CPI,Q12852,compound,protein,1
16007391,CPI,Q13043,compound,protein,1
16007391,CPI,Q13470,compound,protein,1
16007391,CPI,Q15208,compound,protein,1
16007391,CPI,Q15303,compound,protein,1
16007391,CPI,Q6DT37,compound,protein,1
16007391,CPI,Q86Z02,compound,protein,1
16007391,CPI,Q8N5S9,compound,protein,1
16007391,CPI,P25021,compound,protein,0
16007391,CPI,P11229,compound,protein,0
16007391,CPI,Q8N3Z6,compound,protein,0
16007391,CPI,Q9Y6V0,compound,protein,0
16007391,CPI,Q9UIX4,compound,protein,0
16007391,CPI,A6NDE8,compound,protein,0
16007391,CPI,Q13368,compound,protein,0
16007391,CPI,O94856,compound,protein,0
16007391,CPI,Q8NA75,compound,protein,0
16007391,CPI,Q5JRV8,compound,protein,0
16007391,CPI,Q86T29,compound,protein,0
16007391,CPI,O60583,compound,protein,0
16007391,CPI,Q7Z736,compound,protein,0
16007391,CPI,Q9NX01,compound,protein,0
16007391,CPI,Q10570,compound,protein,0
16007391,CPI,P35244,compound,protein,0
16007391,CPI,Q6AW86,compound,protein,0
16007391,CPI,Q15043,compound,protein,0
16007391,CPI,Q02223,compound,protein,0
16013152,CPI,P08684,compound,protein,1
16014341,CPI,P41235,compound,protein,1
16014341,CPI,Q96KQ7,compound,protein,1
16014341,CPI,Q9Y4K4,compound,protein,0
16014341,CPI,Q86V86,compound,protein,0
160254,CPI,P0C1S8,compound,protein,0
16038120,CPI,O00444,compound,protein,1
16038120,CPI,O14936,compound,protein,1
16038120,CPI,O75914,compound,protein,1
16038120,CPI,O96013,compound,protein,1
16038120,CPI,P11362,compound,protein,1
16038120,CPI,P43403,compound,protein,1
16038120,CPI,P52564,compound,protein,1
16038120,CPI,Q02763,compound,protein,1
16038120,CPI,Q05655,compound,protein,1
16038120,CPI,Q07912,compound,protein,1
16038120,CPI,Q15208,compound,protein,1
16038120,CPI,Q16584,compound,protein,1
16038120,CPI,Q52WX2,compound,protein,1
16038120,CPI,Q8NI60,compound,protein,1
16038120,CPI,Q9BQI3,compound,protein,1
16038120,CPI,Q9H4B4,compound,protein,1
16038120,CPI,Q9P289,compound,protein,1
16038120,CPI,Q9UPE1,compound,protein,1
16038120,CPI,Q9UQ88,compound,protein,1
16038120,CPI,Q96KQ7,compound,protein,0
16038120,CPI,P21917,compound,protein,0
16038120,CPI,Q92847,compound,protein,0
16038120,CPI,P35462,compound,protein,0
16038120,CPI,P30411,compound,protein,0
16038120,CPI,P20309,compound,protein,0
16038120,CPI,P30542,compound,protein,0
16038120,CPI,Q9UJ99,compound,protein,0
16038120,CPI,P0CG39,compound,protein,0
16038120,CPI,P35232,compound,protein,0
16038120,CPI,Q9BTW9,compound,protein,0
16038120,CPI,Q9HAT2,compound,protein,0
16038120,CPI,P62081,compound,protein,0
16038120,CPI,Q96AQ6,compound,protein,0
16038120,CPI,Q8N128,compound,protein,0
16038120,CPI,Q9NQ38,compound,protein,0
16038120,CPI,P27918,compound,protein,0
16038120,CPI,O94819,compound,protein,0
16038120,CPI,O75521,compound,protein,0
16038120,CPI,Q9UG01,compound,protein,0
16038120,CPI,Q6EMB2,compound,protein,0
16038120,CPI,Q9NR23,compound,protein,0
16038120,CPI,O94805,compound,protein,0
16038120,CPI,O43506,compound,protein,0
16038120,CPI,Q9UBS3,compound,protein,0
16038120,CPI,Q8IYW5,compound,protein,0
16041424,CPI,Q16832,compound,protein,1
16041424,CPI,P02545,compound,protein,0
16043,CPI,P14324,compound,protein,0
16095342,CPI,O00311,compound,protein,1
16095342,CPI,O14920,compound,protein,1
16095342,CPI,O75582,compound,protein,1
16095342,CPI,P00533,compound,protein,1
16095342,CPI,Q13627,compound,protein,1
16095342,CPI,Q8IWQ3,compound,protein,0
16095342,CPI,O94921,compound,protein,0
16095342,CPI,Q96KQ7,compound,protein,0
16095342,CPI,P10828,compound,protein,0
16118392,CPI,O15197,compound,protein,1
16118392,CPI,Q15375,compound,protein,1
16118392,CPI,O94921,compound,protein,0
16118392,CPI,Q9BVS4,compound,protein,0
16118392,CPI,P51957,compound,protein,0
1612038,CPI,P05177,compound,protein,1
16123056,CPI,P53778,compound,protein,0
16126651,CPI,P51813,compound,protein,1
16126782,CPI,Q13148,compound,protein,0
16129666,CPI,Q08050,compound,protein,1
16129706,CPI,P25101,compound,protein,1
16129706,CPI,P46663,compound,protein,1
16129706,CPI,P33261,compound,protein,0
16129706,CPI,P06241,compound,protein,0
16129706,CPI,P07949,compound,protein,0
16129706,CPI,P49841,compound,protein,0
161930,CPI,O14976,compound,protein,0
16218975,CPI,Q02641,compound,protein,1
16218975,CPI,Q9H252,compound,protein,1
16220015,CPI,P19838,compound,protein,1
16222096,CPI,Q86V86,compound,protein,0
16222096,CPI,Q16236,compound,protein,0
16231,CPI,Q15139,compound,protein,1
16231,CPI,P17948,compound,protein,0
16231,CPI,Q9H3Y6,compound,protein,0
16231,CPI,P19784,compound,protein,0
16231,CPI,Q14680,compound,protein,0
162755,CPI,P21918,compound,protein,1
162755,CPI,Q96SB4,compound,protein,0
162755,CPI,Q86Y07,compound,protein,0
162834,CPI,Q9C0B1,compound,protein,1
162834,CPI,Q9NUW8,compound,protein,0
163091,CPI,P08908,compound,protein,1
163091,CPI,P28335,compound,protein,1
16351,CPI,P28335,compound,protein,1
16351,CPI,P41968,compound,protein,0
16362,CPI,P41143,compound,protein,1
16362,CPI,Q13936,compound,protein,1
16362,CPI,Q99759,compound,protein,0
16362,CPI,Q9NRP7,compound,protein,0
16362,CPI,P30291,compound,protein,0
16362,CPI,Q08881,compound,protein,0
16362,CPI,P15056,compound,protein,0
16363,CPI,P08908,compound,protein,1
16363,CPI,P35367,compound,protein,1
16363,CPI,P08631,compound,protein,0
16363,CPI,Q9BVS4,compound,protein,0
1637653,CPI,O75496,compound,protein,1
16446678,CPI,O75164,compound,protein,1
164509,CPI,P07949,compound,protein,0
164676,CPI,O14727,compound,protein,1
164676,CPI,P10636,compound,protein,1
164676,CPI,P28482,compound,protein,1
16659841,CPI,O00444,compound,protein,1
16659841,CPI,Q14289,compound,protein,1
16659841,CPI,P34903,compound,protein,0
16666708,CPI,P36507,compound,protein,1
16666708,CPI,Q13163,compound,protein,1
16667733,CPI,P49674,compound,protein,0
16718576,CPI,P04629,compound,protein,1
16718576,CPI,P51946,compound,protein,1
16718576,CPI,Q13470,compound,protein,1
16718576,CPI,Q14164,compound,protein,1
16718576,CPI,Q9UHD2,compound,protein,1
16718576,CPI,P41968,compound,protein,0
16718576,CPI,P21554,compound,protein,0
16718576,CPI,O75496,compound,protein,0
16718576,CPI,P25021,compound,protein,0
16718576,CPI,P18825,compound,protein,0
16722836,CPI,O60285,compound,protein,1
16722836,CPI,P17948,compound,protein,1
16722836,CPI,P20309,compound,protein,1
16722836,CPI,P23443,compound,protein,1
16722836,CPI,Q00536,compound,protein,1
16722836,CPI,Q13523,compound,protein,1
16722836,CPI,Q13976,compound,protein,1
16722836,CPI,Q14012,compound,protein,1
16722836,CPI,Q6PHR2,compound,protein,1
16722836,CPI,Q9BQI3,compound,protein,1
16722836,CPI,Q9BWU1,compound,protein,1
16722836,CPI,Q9C098,compound,protein,1
16722836,CPI,P00918,compound,protein,0
16722836,CPI,P28221,compound,protein,0
16722836,CPI,P37231,compound,protein,0
16722836,CPI,P19838,compound,protein,0
16722836,CPI,O94875,compound,protein,0
16722836,CPI,P20719,compound,protein,0
16722836,CPI,P55957,compound,protein,0
16722836,CPI,Q12870,compound,protein,0
16722836,CPI,P54725,compound,protein,0
16722836,CPI,Q9H497,compound,protein,0
16722836,CPI,Q8WUH2,compound,protein,0
16722836,CPI,Q8N9T8,compound,protein,0
16722836,CPI,O14879,compound,protein,0
16722836,CPI,Q9GZQ3,compound,protein,0
16722836,CPI,Q69YH5,compound,protein,0
16722836,CPI,Q8N443,compound,protein,0
16722836,CPI,O14964,compound,protein,0
16722836,CPI,Q14161,compound,protein,0
16722836,CPI,Q6ULP2,compound,protein,0
16722836,CPI,Q70CQ4,compound,protein,0
16722836,CPI,Q8NA75,compound,protein,0
16722836,CPI,O95125,compound,protein,0
16722836,CPI,P49639,compound,protein,0
16722836,CPI,Q9H869,compound,protein,0
16725726,CPI,O00329,compound,protein,1
16725726,CPI,P06239,compound,protein,1
16725726,CPI,P12931,compound,protein,1
16725726,CPI,P15056,compound,protein,1
16725726,CPI,P19525,compound,protein,1
16725726,CPI,P36888,compound,protein,1
16725726,CPI,P53671,compound,protein,1
16725726,CPI,Q05397,compound,protein,1
16725726,CPI,Q06187,compound,protein,1
16725726,CPI,Q12852,compound,protein,1
16725726,CPI,Q13705,compound,protein,1
16725726,CPI,Q13882,compound,protein,1
16725726,CPI,Q15835,compound,protein,1
16725726,CPI,Q32MK0,compound,protein,1
16725726,CPI,Q8N4C8,compound,protein,1
16725726,CPI,Q8WXR4,compound,protein,1
16725726,CPI,Q96BR1,compound,protein,1
16725726,CPI,Q9H2G2,compound,protein,1
16725726,CPI,Q9HCP0,compound,protein,1
16725726,CPI,Q9P0L2,compound,protein,1
16725726,CPI,Q9UIK4,compound,protein,1
16725726,CPI,Q9Y243,compound,protein,1
16725726,CPI,Q99700,compound,protein,0
16725726,CPI,P41143,compound,protein,0
16725726,CPI,O75469,compound,protein,0
16725726,CPI,P11229,compound,protein,0
16725726,CPI,O95363,compound,protein,0
16725726,CPI,Q5T7P2,compound,protein,0
16725726,CPI,Q702N8,compound,protein,0
16725726,CPI,Q8N3Y1,compound,protein,0
16725726,CPI,P54315,compound,protein,0
16725726,CPI,Q8WXI9,compound,protein,0
16725726,CPI,Q8TF09,compound,protein,0
16725726,CPI,Q2VPA4,compound,protein,0
16725726,CPI,P40394,compound,protein,0
16725726,CPI,Q8NHU3,compound,protein,0
16725726,CPI,Q8N3R9,compound,protein,0
16725726,CPI,Q8IUW5,compound,protein,0
16725726,CPI,O15287,compound,protein,0
16725726,CPI,Q8N6I1,compound,protein,0
16725726,CPI,Q5TKA1,compound,protein,0
16725726,CPI,Q7Z2G1,compound,protein,0
16725726,CPI,Q7L311,compound,protein,0
16725726,CPI,P16219,compound,protein,0
16725726,CPI,P51397,compound,protein,0
16736978,CPI,P23219,compound,protein,0
16739650,CPI,Q16512,compound,protein,1
16739650,CPI,P54132,compound,protein,0
16739650,CPI,O60285,compound,protein,0
1674,CPI,P05177,compound,protein,1
1674,CPI,P08908,compound,protein,0
1674,CPI,P53667,compound,protein,0
16747388,CPI,O15197,compound,protein,1
16747388,CPI,Q9Y5Y9,compound,protein,0
16747388,CPI,P54284,compound,protein,0
16747683,CPI,O60563,compound,protein,1
16747683,CPI,O00750,compound,protein,0
16755649,CPI,Q14457,compound,protein,0
16757524,CPI,P24941,compound,protein,0
16759925,CPI,P32245,compound,protein,0
16759997,CPI,P35916,compound,protein,0
16760039,CPI,Q99700,compound,protein,0
16760039,CPI,O94925,compound,protein,0
16760039,CPI,P07900,compound,protein,0
16760178,CPI,P28335,compound,protein,0
167683,CPI,Q16236,compound,protein,1
167715,CPI,P21917,compound,protein,1
167715,CPI,Q16665,compound,protein,0
1687,CPI,P14416,compound,protein,1
1687,CPI,P18089,compound,protein,0
1694,CPI,Q15746,compound,protein,0
169682,CPI,P11712,compound,protein,0
170344,CPI,O15296,compound,protein,1
170344,CPI,P33261,compound,protein,1
170361,CPI,P36544,compound,protein,1
171548,CPI,P08908,compound,protein,1
171548,CPI,P31645,compound,protein,1
171548,CPI,P41145,compound,protein,1
171548,CPI,P41595,compound,protein,1
171548,CPI,Q01959,compound,protein,1
171548,CPI,Q8NFD2,compound,protein,0
171548,CPI,O14733,compound,protein,0
171548,CPI,Q96RR4,compound,protein,0
171548,CPI,P22694,compound,protein,0
1716436,CPI,Q14654,compound,protein,0
1720,CPI,P55210,compound,protein,1
1727,CPI,P28482,compound,protein,1
1727,CPI,Q15746,compound,protein,0
174174,CPI,P08912,compound,protein,1
174174,CPI,O95342,compound,protein,0
17534,CPI,P38398,compound,protein,1
176155,CPI,O14920,compound,protein,1
176155,CPI,O15264,compound,protein,1
176155,CPI,O75116,compound,protein,1
176155,CPI,P08684,compound,protein,1
176155,CPI,P31749,compound,protein,1
176155,CPI,Q15375,compound,protein,1
176155,CPI,Q15418,compound,protein,1
176155,CPI,Q6PHR2,compound,protein,1
176155,CPI,Q96KB5,compound,protein,1
176155,CPI,Q9NRM7,compound,protein,1
176155,CPI,Q99835,compound,protein,0
176155,CPI,Q04828,compound,protein,0
176155,CPI,P42330,compound,protein,0
176155,CPI,P22303,compound,protein,0
176155,CPI,Q96FL8,compound,protein,0
176155,CPI,P83916,compound,protein,0
176155,CPI,P25103,compound,protein,0
176155,CPI,P08185,compound,protein,0
176155,CPI,Q9P0X4,compound,protein,0
176155,CPI,P09211,compound,protein,0
176155,CPI,P08173,compound,protein,0
176155,CPI,P25101,compound,protein,0
176155,CPI,Q14994,compound,protein,0
176155,CPI,P21728,compound,protein,0
176155,CPI,P14618,compound,protein,0
176155,CPI,P00915,compound,protein,0
176155,CPI,P04083,compound,protein,0
176155,CPI,Q9UQL6,compound,protein,0
176155,CPI,P37231,compound,protein,0
176155,CPI,Q14432,compound,protein,0
176155,CPI,P00374,compound,protein,0
176155,CPI,Q9NY46,compound,protein,0
176158,CPI,P06493,compound,protein,1
176158,CPI,P49841,compound,protein,1
176158,CPI,P68871,compound,protein,1
176158,CPI,P10721,compound,protein,0
176158,CPI,Q9UQM7,compound,protein,0
176408,CPI,P29323,compound,protein,0
176408,CPI,O95747,compound,protein,0
176870,CPI,P07947,compound,protein,1
176870,CPI,P12931,compound,protein,1
176870,CPI,P35372,compound,protein,1
176870,CPI,P49137,compound,protein,1
176870,CPI,P50750,compound,protein,1
176870,CPI,P51617,compound,protein,1
176870,CPI,P54753,compound,protein,1
176870,CPI,Q02156,compound,protein,1
176870,CPI,Q04771,compound,protein,1
176870,CPI,Q13523,compound,protein,1
176870,CPI,Q15349,compound,protein,1
176870,CPI,Q8IVH8,compound,protein,1
176870,CPI,Q92772,compound,protein,1
176870,CPI,Q9BYT3,compound,protein,1
176870,CPI,Q9UL54,compound,protein,1
176870,CPI,Q9Y6R4,compound,protein,1
176870,CPI,Q9H2G9,compound,protein,0
176870,CPI,Q15406,compound,protein,0
176870,CPI,Q96ST2,compound,protein,0
176870,CPI,Q5VYS4,compound,protein,0
176870,CPI,Q9BW19,compound,protein,0
176870,CPI,Q8N104,compound,protein,0
176870,CPI,O14604,compound,protein,0
176870,CPI,A7MCY6,compound,protein,0
176870,CPI,Q15034,compound,protein,0
176870,CPI,Q92616,compound,protein,0
176870,CPI,P0CW24,compound,protein,0
176870,CPI,P12036,compound,protein,0
176870,CPI,O94992,compound,protein,0
176870,CPI,Q16821,compound,protein,0
176870,CPI,Q92599,compound,protein,0
176870,CPI,Q96L03,compound,protein,0
176870,CPI,O14558,compound,protein,0
176870,CPI,Q14331,compound,protein,0
176870,CPI,P62140,compound,protein,0
176870,CPI,Q9H8Y5,compound,protein,0
176870,CPI,Q86SE5,compound,protein,0
176870,CPI,Q8NGX8,compound,protein,0
176870,CPI,Q02505,compound,protein,0
176870,CPI,Q5TBA9,compound,protein,0
176870,CPI,Q8N9M5,compound,protein,0
176870,CPI,Q8TB69,compound,protein,0
176870,CPI,Q96DT5,compound,protein,0
176870,CPI,Q6P1A2,compound,protein,0
176870,CPI,Q9HCN2,compound,protein,0
176873,CPI,Q9HC97,compound,protein,0
17748,CPI,Q96RI1,compound,protein,0
1775,CPI,P54284,compound,protein,1
1775,CPI,Q00G26,compound,protein,0
1775,CPI,P28566,compound,protein,0
1775,CPI,P48729,compound,protein,0
17754438,CPI,P09619,compound,protein,1
17754438,CPI,P11362,compound,protein,1
17754438,CPI,P51812,compound,protein,1
17754438,CPI,Q9UPE1,compound,protein,0
17754438,CPI,Q9UF33,compound,protein,0
17755052,CPI,O14757,compound,protein,1
17755052,CPI,O14976,compound,protein,1
17755052,CPI,O75385,compound,protein,1
17755052,CPI,O75676,compound,protein,1
17755052,CPI,P12931,compound,protein,1
17755052,CPI,P14616,compound,protein,1
17755052,CPI,P16234,compound,protein,1
17755052,CPI,P42679,compound,protein,1
17755052,CPI,P45983,compound,protein,1
17755052,CPI,P53350,compound,protein,1
17755052,CPI,Q15759,compound,protein,1
17755052,CPI,Q16832,compound,protein,1
17755052,CPI,Q96L34,compound,protein,1
17755052,CPI,Q9UK32,compound,protein,1
17755052,CPI,Q9Y2U5,compound,protein,1
17755052,CPI,P23219,compound,protein,0
17755052,CPI,Q99808,compound,protein,0
17755052,CPI,P41595,compound,protein,0
17755052,CPI,P16473,compound,protein,0
17755052,CPI,Q99714,compound,protein,0
17755052,CPI,P32121,compound,protein,0
17755052,CPI,Q9H201,compound,protein,0
17755052,CPI,Q8IZI9,compound,protein,0
17755052,CPI,Q9NVV0,compound,protein,0
17755052,CPI,O75360,compound,protein,0
17755052,CPI,P23193,compound,protein,0
17755052,CPI,Q6IF82,compound,protein,0
17755052,CPI,Q9Y399,compound,protein,0
17755052,CPI,Q8WWZ8,compound,protein,0
17755052,CPI,P04279,compound,protein,0
17755052,CPI,P00973,compound,protein,0
17755052,CPI,P62195,compound,protein,0
17755052,CPI,Q96DC9,compound,protein,0
17755052,CPI,Q6ZNH5,compound,protein,0
17756939,CPI,P23219,compound,protein,1
17757110,CPI,Q6PHR2,compound,protein,0
17757146,CPI,O60285,compound,protein,0
178,CPI,Q13526,compound,protein,1
1780,CPI,Q9NUW8,compound,protein,1
1780,CPI,Q9UIF8,compound,protein,1
1794,CPI,P51685,compound,protein,0
1794,CPI,Q9UBY5,compound,protein,0
1794,CPI,P19971,compound,protein,0
1797,CPI,P28221,compound,protein,1
1797,CPI,P08913,compound,protein,0
180081,CPI,P08912,compound,protein,1
180559,CPI,Q9NZK7,compound,protein,1
180933,CPI,P21731,compound,protein,0
18283,CPI,P18089,compound,protein,1
18283,CPI,P27695,compound,protein,1
18283,CPI,P52333,compound,protein,0
18283,CPI,P43405,compound,protein,0
1830,CPI,P28482,compound,protein,1
1833,CPI,P30939,compound,protein,1
18343,CPI,O00222,compound,protein,0
183470,CPI,P48048,compound,protein,0
18381,CPI,O94925,compound,protein,1
1856447,CPI,P27695,compound,protein,1
1858,CPI,P02545,compound,protein,1
1858,CPI,P29274,compound,protein,0
1858,CPI,P54756,compound,protein,0
1864426,CPI,Q02779,compound,protein,0
18680317,CPI,Q02156,compound,protein,0
187,CPI,P08912,compound,protein,1
187,CPI,P21728,compound,protein,1
188914,CPI,P10636,compound,protein,1
188914,CPI,P33261,compound,protein,1
1893,CPI,P06239,compound,protein,0
1894361,CPI,P49798,compound,protein,1
189562,CPI,P08588,compound,protein,1
189562,CPI,P13945,compound,protein,1
189562,CPI,P23219,compound,protein,0
19003,CPI,P14416,compound,protein,1
19003,CPI,P41595,compound,protein,1
1916559,CPI,P84022,compound,protein,1
1923,CPI,P14902,compound,protein,0
19493,CPI,Q16696,compound,protein,1
19529,CPI,Q9UF33,compound,protein,0
19585362,CPI,P04062,compound,protein,1
19675,CPI,P43220,compound,protein,1
19675,CPI,P49116,compound,protein,0
197033,CPI,P25100,compound,protein,1
197033,CPI,P28566,compound,protein,1
197033,CPI,P50591,compound,protein,0
197033,CPI,Q12791,compound,protein,0
197690,CPI,Q9NUW8,compound,protein,1
197690,CPI,P53671,compound,protein,0
197712,CPI,P32239,compound,protein,0
1978,CPI,P03372,compound,protein,1
1979,CPI,Q96PY6,compound,protein,0
198107,CPI,P27361,compound,protein,0
1983,CPI,Q9Y2D0,compound,protein,0
1983,CPI,P23280,compound,protein,0
1986,CPI,P30556,compound,protein,1
1986,CPI,Q96KQ7,compound,protein,1
1986,CPI,P16473,compound,protein,0
1986,CPI,Q13233,compound,protein,0
1986,CPI,O00444,compound,protein,0
1989,CPI,P06401,compound,protein,1
1989,CPI,P07550,compound,protein,1
1989,CPI,P08908,compound,protein,1
1989,CPI,P48048,compound,protein,1
1989,CPI,O00444,compound,protein,0
1989,CPI,Q9NR20,compound,protein,0
199472,CPI,Q13698,compound,protein,0
1999882,CPI,P04629,compound,protein,0
2016258,CPI,Q8WZA2,compound,protein,1
2022,CPI,P14416,compound,protein,1
2022,CPI,P21554,compound,protein,1
2022,CPI,P54132,compound,protein,1
2022,CPI,P45984,compound,protein,0
2022,CPI,Q32MK0,compound,protein,0
2022,CPI,P08922,compound,protein,0
2022,CPI,P53778,compound,protein,0
2022,CPI,Q8TD19,compound,protein,0
202225,CPI,P08908,compound,protein,1
202225,CPI,P21554,compound,protein,1
20279,CPI,Q13526,compound,protein,0
20393,CPI,P04150,compound,protein,1
2040,CPI,P21397,compound,protein,1
2046,CPI,P00533,compound,protein,0
2048,CPI,Q96QE3,compound,protein,1
2048,CPI,Q13882,compound,protein,0
20507134,CPI,Q9HBH9,compound,protein,0
2052,CPI,P00352,compound,protein,1
2052,CPI,Q9UBT6,compound,protein,1
2052,CPI,Q00535,compound,protein,0
2052,CPI,P37173,compound,protein,0
2061,CPI,Q9NR56,compound,protein,0
2061,CPI,P08172,compound,protein,0
2063,CPI,P07333,compound,protein,0
2083,CPI,P14416,compound,protein,1
2083,CPI,P18089,compound,protein,1
2083,CPI,P35367,compound,protein,1
2083,CPI,P36544,compound,protein,0
2083,CPI,O43570,compound,protein,0
2083,CPI,P21589,compound,protein,0
2083,CPI,Q13523,compound,protein,0
2088,CPI,P08913,compound,protein,1
2088,CPI,P20309,compound,protein,1
2088,CPI,Q00526,compound,protein,0
2088,CPI,P19784,compound,protein,0
208908,CPI,O15146,compound,protein,1
208908,CPI,O95835,compound,protein,1
208908,CPI,P17948,compound,protein,1
208908,CPI,P19784,compound,protein,1
208908,CPI,P27448,compound,protein,1
208908,CPI,P42680,compound,protein,1
208908,CPI,P51813,compound,protein,1
208908,CPI,Q00535,compound,protein,1
208908,CPI,Q02156,compound,protein,1
208908,CPI,Q12809,compound,protein,1
208908,CPI,Q13546,compound,protein,1
208908,CPI,Q13705,compound,protein,1
208908,CPI,Q14004,compound,protein,1
208908,CPI,Q15759,compound,protein,1
208908,CPI,Q16512,compound,protein,1
208908,CPI,Q8TD08,compound,protein,1
208908,CPI,Q8WXR4,compound,protein,1
208908,CPI,Q9H2G2,compound,protein,1
208908,CPI,Q9NRH2,compound,protein,1
208908,CPI,Q9NY57,compound,protein,1
208908,CPI,Q9UL54,compound,protein,1
208908,CPI,Q9UQM7,compound,protein,1
208908,CPI,O15439,compound,protein,0
208908,CPI,Q99808,compound,protein,0
208908,CPI,P13945,compound,protein,0
208908,CPI,Q16236,compound,protein,0
208908,CPI,P23975,compound,protein,0
208908,CPI,P04637,compound,protein,0
208908,CPI,Q06710,compound,protein,0
208908,CPI,O75496,compound,protein,0
208908,CPI,P19838,compound,protein,0
208908,CPI,P28335,compound,protein,0
208908,CPI,Q8WXG8,compound,protein,0
208908,CPI,A6NCL2,compound,protein,0
208908,CPI,P28749,compound,protein,0
208908,CPI,Q16695,compound,protein,0
208908,CPI,Q9BY64,compound,protein,0
208908,CPI,Q8NH64,compound,protein,0
208908,CPI,Q14397,compound,protein,0
208908,CPI,P38484,compound,protein,0
208908,CPI,Q6P2E9,compound,protein,0
208908,CPI,P0CW18,compound,protein,0
2090,CPI,P61088,compound,protein,1
2094,CPI,O43193,compound,protein,1
2094,CPI,Q92830,compound,protein,0
2094,CPI,Q14524,compound,protein,0
2094,CPI,P48730,compound,protein,0
2094,CPI,O15111,compound,protein,0
2099,CPI,P08172,compound,protein,1
2099,CPI,P08588,compound,protein,1
2099,CPI,P08684,compound,protein,1
2099,CPI,O75582,compound,protein,0
2099,CPI,Q9Y6R4,compound,protein,0
2099,CPI,O75460,compound,protein,0
2107,CPI,P28335,compound,protein,1
21071390,CPI,Q03181,compound,protein,0
21109,CPI,P05177,compound,protein,1
21109,CPI,Q9HC16,compound,protein,1
2116,CPI,Q99714,compound,protein,0
2118,CPI,P08172,compound,protein,1
2118,CPI,Q9Y2K2,compound,protein,0
2118,CPI,Q8WXR4,compound,protein,0
2118,CPI,Q07820,compound,protein,0
2118,CPI,P36894,compound,protein,0
2118,CPI,O15075,compound,protein,0
2119,CPI,P00734,compound,protein,1
2119,CPI,Q12809,compound,protein,1
2119,CPI,Q08345,compound,protein,0
2126,CPI,P48729,compound,protein,0
2130,CPI,Q01959,compound,protein,1
2130,CPI,O95342,compound,protein,0
2130,CPI,Q15303,compound,protein,0
2130,CPI,Q86V86,compound,protein,0
213046,CPI,Q01959,compound,protein,1
213046,CPI,Q13547,compound,protein,0
213056,CPI,Q14416,compound,protein,1
213056,CPI,Q14832,compound,protein,1
2131,CPI,P05177,compound,protein,0
2131,CPI,Q05655,compound,protein,0
2132,CPI,P21554,compound,protein,1
2132,CPI,P41145,compound,protein,1
2132,CPI,Q12866,compound,protein,0
2132,CPI,P35218,compound,protein,0
2132,CPI,P21860,compound,protein,0
2132,CPI,O75496,compound,protein,0
2141,CPI,P49798,compound,protein,1
2143,CPI,P21397,compound,protein,1
2143,CPI,P23280,compound,protein,1
2143,CPI,O00329,compound,protein,0
2143,CPI,Q8TBX8,compound,protein,0
2143,CPI,P04049,compound,protein,0
2143,CPI,P35590,compound,protein,0
214347,CPI,P07477,compound,protein,0
214348,CPI,P08684,compound,protein,1
2148,CPI,Q4U2R8,compound,protein,1
2153,CPI,P08684,compound,protein,1
2153,CPI,P11308,compound,protein,1
2153,CPI,P42338,compound,protein,0
2153,CPI,P16591,compound,protein,0
2153,CPI,Q9Y243,compound,protein,0
2155128,CPI,O75874,compound,protein,0
2157,CPI,P02545,compound,protein,1
2157,CPI,P10632,compound,protein,1
2157,CPI,P11712,compound,protein,1
2157,CPI,P21397,compound,protein,1
2157,CPI,P21554,compound,protein,1
2157,CPI,Q12809,compound,protein,1
2157,CPI,Q15125,compound,protein,1
2157,CPI,Q9Y5N1,compound,protein,1
2157,CPI,O60674,compound,protein,0
2157,CPI,P43405,compound,protein,0
2157,CPI,P24941,compound,protein,0
2157,CPI,P45984,compound,protein,0
2159,CPI,P28222,compound,protein,1
2159,CPI,Q9HBY8,compound,protein,0
2160,CPI,P35372,compound,protein,1
2160,CPI,P41595,compound,protein,1
2160,CPI,Q12809,compound,protein,1
2160,CPI,Q7L7X3,compound,protein,0
2160,CPI,Q9H0K1,compound,protein,0
2160,CPI,Q9Y5S2,compound,protein,0
2160,CPI,P54760,compound,protein,0
2161,CPI,P11308,compound,protein,0
216326,CPI,O15439,compound,protein,0
216326,CPI,O95835,compound,protein,0
2165,CPI,P18089,compound,protein,1
2165,CPI,P18825,compound,protein,1
2165,CPI,P25929,compound,protein,1
21678144,CPI,P10828,compound,protein,0
2170,CPI,O00591,compound,protein,1
2170,CPI,P08173,compound,protein,1
2170,CPI,P41143,compound,protein,1
2170,CPI,P31152,compound,protein,0
2170,CPI,P49798,compound,protein,0
21704,CPI,P04183,compound,protein,1
21704,CPI,Q9NUW8,compound,protein,1
2179,CPI,O15439,compound,protein,1
2179,CPI,P02768,compound,protein,1
2179,CPI,P21728,compound,protein,1
2179,CPI,Q9Y6Q9,compound,protein,1
2179,CPI,Q15208,compound,protein,0
2182,CPI,P08908,compound,protein,1
2182,CPI,P00533,compound,protein,0
21865526,CPI,P08235,compound,protein,1
219078,CPI,P22748,compound,protein,1
2194,CPI,P25929,compound,protein,1
2194,CPI,P30556,compound,protein,1
2194,CPI,Q13133,compound,protein,0
2201555,CPI,Q96KQ7,compound,protein,1
2206,CPI,P21397,compound,protein,1
221493,CPI,Q9BVS4,compound,protein,0
22228376,CPI,P05129,compound,protein,1
22228376,CPI,P10636,compound,protein,1
22228376,CPI,P35916,compound,protein,1
22228376,CPI,P45983,compound,protein,1
22228376,CPI,P48729,compound,protein,1
22228376,CPI,Q7KZI7,compound,protein,1
22228376,CPI,Q8TDC3,compound,protein,1
22228376,CPI,Q96KB5,compound,protein,1
22228376,CPI,Q9H3Y6,compound,protein,1
22228376,CPI,Q9NR20,compound,protein,1
22228376,CPI,Q16539,compound,protein,0
22228376,CPI,P30411,compound,protein,0
22228376,CPI,Q01959,compound,protein,0
22228376,CPI,Q53EQ6,compound,protein,0
22228376,CPI,Q8IXF9,compound,protein,0
222528,CPI,Q7Z2Z2,compound,protein,1
222786,CPI,P39748,compound,protein,1
222786,CPI,Q96GD4,compound,protein,0
223368,CPI,O75496,compound,protein,1
22416251,CPI,P53350,compound,protein,1
22416276,CPI,Q92847,compound,protein,0
2244,CPI,P07550,compound,protein,1
2244,CPI,P08913,compound,protein,1
2244,CPI,P25021,compound,protein,1
2244,CPI,P28223,compound,protein,1
2247,CPI,P28335,compound,protein,1
2247,CPI,O15439,compound,protein,0
2247,CPI,P36896,compound,protein,0
2247,CPI,Q13976,compound,protein,0
2249,CPI,P13945,compound,protein,1
2249,CPI,O95342,compound,protein,0
2264,CPI,P54803,compound,protein,1
2264,CPI,Q12809,compound,protein,1
2265,CPI,P04637,compound,protein,1
2265,CPI,P06401,compound,protein,1
2265,CPI,P07550,compound,protein,1
2265,CPI,P68871,compound,protein,1
2265,CPI,O95342,compound,protein,0
2265,CPI,Q15375,compound,protein,0
2265,CPI,P45984,compound,protein,0
2266,CPI,P25929,compound,protein,1
2266,CPI,P30542,compound,protein,1
2266,CPI,P41595,compound,protein,1
2266,CPI,Q99714,compound,protein,0
2266,CPI,Q56UN5,compound,protein,0
2267,CPI,P10635,compound,protein,1
2267,CPI,P35462,compound,protein,1
2267,CPI,Q13554,compound,protein,0
2284,CPI,P28223,compound,protein,1
2284,CPI,P54803,compound,protein,0
2315,CPI,P03372,compound,protein,1
2315,CPI,P06401,compound,protein,1
2315,CPI,P11229,compound,protein,1
2315,CPI,P30518,compound,protein,1
2315,CPI,P41145,compound,protein,1
2315,CPI,P55017,compound,protein,1
2315,CPI,Q12791,compound,protein,1
2315,CPI,P54753,compound,protein,0
2315,CPI,P16591,compound,protein,0
2318,CPI,P08588,compound,protein,1
2318,CPI,P28223,compound,protein,1
2318,CPI,P41595,compound,protein,1
2318,CPI,P57078,compound,protein,0
2321431,CPI,P43220,compound,protein,1
2321431,CPI,Q05586,compound,protein,0
23236067,CPI,P06493,compound,protein,0
2327,CPI,P18825,compound,protein,1
2327,CPI,P43681,compound,protein,1
2327,CPI,P49798,compound,protein,1
2327,CPI,P78536,compound,protein,0
2327,CPI,P56704,compound,protein,0
2327,CPI,P03886,compound,protein,0
2327953,CPI,O94925,compound,protein,1
2327953,CPI,P14735,compound,protein,1
2327953,CPI,P49802,compound,protein,1
2332853,CPI,P36897,compound,protein,0
2333,CPI,O75496,compound,protein,1
2333,CPI,O95342,compound,protein,1
2333,CPI,Q9Y618,compound,protein,1
2335,CPI,O75469,compound,protein,1
2335,CPI,P03372,compound,protein,1
2335,CPI,P14416,compound,protein,1
2335,CPI,P29597,compound,protein,0
2335,CPI,Q9Y4K4,compound,protein,0
2337,CPI,P37288,compound,protein,1
23418,CPI,Q13698,compound,protein,0
2343,CPI,P07451,compound,protein,1
2343,CPI,P08913,compound,protein,1
2343,CPI,P29274,compound,protein,1
2343,CPI,P30518,compound,protein,1
2343,CPI,P30542,compound,protein,1
2343,CPI,Q16665,compound,protein,0
2344,CPI,O15121,compound,protein,0
2345,CPI,O14578,compound,protein,0
23500906,CPI,P04035,compound,protein,1
2353,CPI,P10635,compound,protein,1
2354,CPI,Q00535,compound,protein,0
23581805,CPI,P01148,compound,protein,1
23612552,CPI,Q9Y2T6,compound,protein,1
23633604,CPI,P49674,compound,protein,0
23635314,CPI,P07948,compound,protein,1
23648036,CPI,P04062,compound,protein,1
23648037,CPI,P04062,compound,protein,1
23649325,CPI,P08912,compound,protein,0
2366,CPI,Q96RJ0,compound,protein,1
2366,CPI,Q00535,compound,protein,0
236702,CPI,P11229,compound,protein,1
236702,CPI,P21397,compound,protein,1
236702,CPI,P43003,compound,protein,0
23725625,CPI,P21554,compound,protein,1
23725625,CPI,P16234,compound,protein,0
23725625,CPI,P45983,compound,protein,0
2377,CPI,Q9NUW8,compound,protein,1
2381,CPI,Q8WU08,compound,protein,0
23897,CPI,P18825,compound,protein,1
2390,CPI,P35968,compound,protein,1
2390,CPI,Q13554,compound,protein,1
2390,CPI,Q9Y243,compound,protein,1
2390,CPI,O75496,compound,protein,1
2390,CPI,O94782,compound,protein,1
2390,CPI,P02545,compound,protein,1
2390,CPI,P10636,compound,protein,1
2390,CPI,P27695,compound,protein,1
2390,CPI,P28482,compound,protein,1
2390,CPI,Q96KQ7,compound,protein,1
2390,CPI,Q8IWQ3,compound,protein,0
2390,CPI,P28222,compound,protein,0
2390,CPI,P28335,compound,protein,0
2390,CPI,Q9UL54,compound,protein,0
2390,CPI,Q8IVW4,compound,protein,0
2390,CPI,P21397,compound,protein,0
2390,CPI,P20794,compound,protein,0
2391,CPI,Q9C098,compound,protein,0
2405,CPI,P21728,compound,protein,1
2405,CPI,Q9BRS2,compound,protein,0
2405,CPI,Q07002,compound,protein,0
2405,CPI,O43353,compound,protein,0
2406,CPI,P00533,compound,protein,1
2406,CPI,P10275,compound,protein,1
2406,CPI,O95382,compound,protein,0
2406,CPI,P45984,compound,protein,0
2406,CPI,P24941,compound,protein,0
2406,CPI,P34969,compound,protein,0
24066,CPI,Q9NUW8,compound,protein,1
24066,CPI,P35916,compound,protein,0
24180719,CPI,O15530,compound,protein,1
24180719,CPI,O60285,compound,protein,1
24180719,CPI,O75716,compound,protein,1
24180719,CPI,P04626,compound,protein,1
24180719,CPI,P07947,compound,protein,1
24180719,CPI,P20794,compound,protein,1
24180719,CPI,P35916,compound,protein,1
24180719,CPI,P53350,compound,protein,1
24180719,CPI,Q12866,compound,protein,1
24180719,CPI,Q13233,compound,protein,1
24180719,CPI,Q16620,compound,protein,1
24180719,CPI,Q8N752,compound,protein,1
24180719,CPI,Q9BXA7,compound,protein,1
24180719,CPI,Q9UHD2,compound,protein,1
24180719,CPI,Q9Y2K2,compound,protein,1
24180719,CPI,Q9Y6R4,compound,protein,1
24180719,CPI,P08183,compound,protein,0
24180719,CPI,Q9UBS5,compound,protein,0
24180719,CPI,P21731,compound,protein,0
24180719,CPI,P25929,compound,protein,0
24180719,CPI,P18089,compound,protein,0
24180719,CPI,P29274,compound,protein,0
24180719,CPI,Q9HBE5,compound,protein,0
24180719,CPI,Q63HM1,compound,protein,0
24180719,CPI,Q5TID7,compound,protein,0
24180719,CPI,Q6PRD7,compound,protein,0
24180719,CPI,A8MVS5,compound,protein,0
24180719,CPI,Q8TDL5,compound,protein,0
24180719,CPI,P35270,compound,protein,0
24180719,CPI,P10144,compound,protein,0
24180719,CPI,Q53H12,compound,protein,0
24180719,CPI,Q8NDG6,compound,protein,0
241903,CPI,P20618,compound,protein,1
241903,CPI,P35916,compound,protein,0
2432214,CPI,P49761,compound,protein,0
24360,CPI,Q92887,compound,protein,0
24360,CPI,P31645,compound,protein,0
2438,CPI,P40225,compound,protein,1
2438,CPI,P0DMS8,compound,protein,0
2443,CPI,P21728,compound,protein,1
2443,CPI,P28223,compound,protein,1
2443,CPI,Q86Y07,compound,protein,0
2446,CPI,Q9NZK7,compound,protein,0
2448,CPI,O75469,compound,protein,1
2448,CPI,P42681,compound,protein,0
2457,CPI,P25929,compound,protein,0
2462,CPI,P27695,compound,protein,1
2466,CPI,P05177,compound,protein,1
2466,CPI,P27815,compound,protein,1
2471,CPI,O43570,compound,protein,1
2471,CPI,P21452,compound,protein,1
2471,CPI,P25021,compound,protein,1
2471,CPI,P41143,compound,protein,1
2471,CPI,P41145,compound,protein,1
2471,CPI,Q9UBS5,compound,protein,1
2471,CPI,P04626,compound,protein,0
2471,CPI,Q15375,compound,protein,0
24737642,CPI,P98170,compound,protein,1
2474,CPI,P34995,compound,protein,1
2474,CPI,O15439,compound,protein,0
24747174,CPI,O95342,compound,protein,0
24747181,CPI,O75496,compound,protein,1
24747181,CPI,P21802,compound,protein,0
24747342,CPI,Q9NPH5,compound,protein,0
24747342,CPI,P98066,compound,protein,0
24748204,CPI,Q5VT25,compound,protein,0
24748573,CPI,P15735,compound,protein,1
24748573,CPI,Q13627,compound,protein,1
24748573,CPI,Q13873,compound,protein,1
24748573,CPI,O14730,compound,protein,0
24761960,CPI,P15735,compound,protein,0
2477,CPI,P11712,compound,protein,1
2477,CPI,P21728,compound,protein,1
2477,CPI,P25100,compound,protein,1
2477,CPI,P41595,compound,protein,1
24771867,CPI,O14757,compound,protein,1
24771867,CPI,P06241,compound,protein,1
24771867,CPI,P36507,compound,protein,1
24771867,CPI,P52333,compound,protein,1
24771867,CPI,P54764,compound,protein,1
24771867,CPI,Q00535,compound,protein,1
24771867,CPI,Q04912,compound,protein,1
24771867,CPI,Q13627,compound,protein,1
24771867,CPI,Q16539,compound,protein,1
24771867,CPI,Q9Y463,compound,protein,1
24771867,CPI,Q6XQN6,compound,protein,0
24771867,CPI,Q8NER1,compound,protein,0
24771867,CPI,P29322,compound,protein,0
24771867,CPI,P08183,compound,protein,0
24771867,CPI,O75874,compound,protein,0
24771867,CPI,Q00987,compound,protein,0
24771867,CPI,Q8N568,compound,protein,0
24771867,CPI,O14730,compound,protein,0
24775005,CPI,P11229,compound,protein,1
24775005,CPI,P28223,compound,protein,1
24775005,CPI,P35372,compound,protein,1
24775005,CPI,Q07912,compound,protein,0
24776445,CPI,P21554,compound,protein,1
24776445,CPI,P21731,compound,protein,1
24776445,CPI,Q9H3N8,compound,protein,0
2478,CPI,O15439,compound,protein,0
24785538,CPI,P54619,compound,protein,1
24785538,CPI,O95342,compound,protein,0
24785538,CPI,Q9P0L2,compound,protein,0
24794418,CPI,P16234,compound,protein,1
24794418,CPI,P49841,compound,protein,1
24794418,CPI,Q06187,compound,protein,1
24794418,CPI,Q15349,compound,protein,0
24795070,CPI,P19784,compound,protein,1
24795070,CPI,Q04771,compound,protein,1
24795070,CPI,Q9H4B4,compound,protein,0
24800541,CPI,Q16539,compound,protein,0
2481,CPI,P16499,compound,protein,0
2481,CPI,Q9UBT6,compound,protein,0
24821094,CPI,O75751,compound,protein,1
24821094,CPI,P04626,compound,protein,1
24821094,CPI,P06241,compound,protein,1
24821094,CPI,P07949,compound,protein,1
24821094,CPI,P11229,compound,protein,1
24821094,CPI,P51813,compound,protein,1
24821094,CPI,P30559,compound,protein,0
24826799,CPI,P54756,compound,protein,1
24826799,CPI,Q13163,compound,protein,1
24826799,CPI,P30531,compound,protein,0
24826799,CPI,Q14832,compound,protein,0
24826799,CPI,P53985,compound,protein,0
24826799,CPI,P84098,compound,protein,0
2482839,CPI,Q13163,compound,protein,0
2484,CPI,P31645,compound,protein,1
2484,CPI,Q99720,compound,protein,1
24856041,CPI,Q99700,compound,protein,0
24856041,CPI,P49336,compound,protein,0
24856041,CPI,Q9H4B4,compound,protein,0
24856041,CPI,Q96QE3,compound,protein,0
24856224,CPI,Q96QE3,compound,protein,1
24857286,CPI,Q9Y6L6,compound,protein,1
24858111,CPI,Q9UJW3,compound,protein,1
24858111,CPI,Q00534,compound,protein,0
24872560,CPI,P18507,compound,protein,1
24872560,CPI,P47870,compound,protein,1
24889392,CPI,O14578,compound,protein,1
24889392,CPI,O60285,compound,protein,1
24889392,CPI,O75582,compound,protein,1
24889392,CPI,P06213,compound,protein,1
24889392,CPI,P45983,compound,protein,1
24889392,CPI,P53667,compound,protein,1
24889392,CPI,Q02156,compound,protein,1
24889392,CPI,Q13627,compound,protein,1
24889392,CPI,Q15759,compound,protein,1
24889392,CPI,Q16513,compound,protein,1
24889392,CPI,Q59H18,compound,protein,1
24889392,CPI,Q8N5S9,compound,protein,1
24889392,CPI,Q96BR1,compound,protein,1
24889392,CPI,Q9H1R3,compound,protein,1
24889392,CPI,Q9Y4K4,compound,protein,1
24889392,CPI,P35869,compound,protein,0
24889392,CPI,P06276,compound,protein,0
24889392,CPI,P21728,compound,protein,0
24889392,CPI,P16499,compound,protein,0
24889392,CPI,Q99808,compound,protein,0
24889392,CPI,P03372,compound,protein,0
24889392,CPI,P08913,compound,protein,0
24889392,CPI,P11473,compound,protein,0
24889392,CPI,O60508,compound,protein,0
24889392,CPI,Q6ZR08,compound,protein,0
24889392,CPI,Q9H840,compound,protein,0
24889392,CPI,O75346,compound,protein,0
24889392,CPI,Q9ULS6,compound,protein,0
24889392,CPI,Q9UDX5,compound,protein,0
24889392,CPI,O95206,compound,protein,0
24889392,CPI,P51795,compound,protein,0
24963293,CPI,O76074,compound,protein,1
24963293,CPI,Q08493,compound,protein,1
24964624,CPI,P84022,compound,protein,1
24965990,CPI,O75469,compound,protein,1
24965990,CPI,P21731,compound,protein,1
24965990,CPI,P53778,compound,protein,0
24978538,CPI,P11712,compound,protein,1
24978538,CPI,Q9NUW8,compound,protein,1
24989044,CPI,P42338,compound,protein,1
24989044,CPI,P51159,compound,protein,1
25019940,CPI,Q16602,compound,protein,1
25022668,CPI,P10275,compound,protein,0
25025505,CPI,Q8TDV5,compound,protein,1
25062766,CPI,O14976,compound,protein,1
25062766,CPI,O75116,compound,protein,1
25062766,CPI,P51956,compound,protein,1
25062766,CPI,P16234,compound,protein,0
25066467,CPI,Q06187,compound,protein,1
25066467,CPI,Q16832,compound,protein,1
25067496,CPI,P05187,compound,protein,1
25073775,CPI,P45984,compound,protein,1
25099184,CPI,P04278,compound,protein,0
25102847,CPI,P21728,compound,protein,1
25102847,CPI,P35968,compound,protein,1
25102847,CPI,P42685,compound,protein,1
25102847,CPI,Q02763,compound,protein,1
25102847,CPI,Q9BRS2,compound,protein,0
25102847,CPI,P13945,compound,protein,0
25102847,CPI,P45985,compound,protein,0
25102847,CPI,Q9BVS4,compound,protein,0
25102847,CPI,P02545,compound,protein,0
25108278,CPI,Q92793,compound,protein,0
25117126,CPI,P19525,compound,protein,0
2512,CPI,P21917,compound,protein,1
2512,CPI,P28222,compound,protein,1
2512,CPI,Q9NUW8,compound,protein,0
25126798,CPI,O60331,compound,protein,1
25126798,CPI,P07949,compound,protein,1
25126798,CPI,P51451,compound,protein,1
25126798,CPI,Q13554,compound,protein,1
25126798,CPI,Q13555,compound,protein,1
25126798,CPI,Q13627,compound,protein,1
25126798,CPI,Q6PHR2,compound,protein,1
25126798,CPI,Q7KZI7,compound,protein,1
25126798,CPI,Q8TD19,compound,protein,1
25126798,CPI,Q92918,compound,protein,1
25126798,CPI,Q9BQI3,compound,protein,1
25126798,CPI,Q9UBN7,compound,protein,1
25126798,CPI,Q9UKI8,compound,protein,1
25126798,CPI,P18089,compound,protein,0
25126798,CPI,P08588,compound,protein,0
25126798,CPI,P25929,compound,protein,0
25126798,CPI,P35368,compound,protein,0
25126798,CPI,Q99549,compound,protein,0
25126798,CPI,P30411,compound,protein,0
25126798,CPI,Q96KQ7,compound,protein,0
25126798,CPI,P15173,compound,protein,0
25126798,CPI,Q9Y2G2,compound,protein,0
25126798,CPI,Q13442,compound,protein,0
25126798,CPI,Q6IWH7,compound,protein,0
25126798,CPI,P01570,compound,protein,0
25126798,CPI,P0C7U0,compound,protein,0
25126798,CPI,Q9NUV7,compound,protein,0
25134326,CPI,Q9C098,compound,protein,0
25134326,CPI,Q9Y5N1,compound,protein,0
25161177,CPI,P08908,compound,protein,0
25161177,CPI,Q9Y5N1,compound,protein,0
25171648,CPI,Q06710,compound,protein,0
25195294,CPI,P07947,compound,protein,1
25195294,CPI,P36894,compound,protein,1
25195352,CPI,P08069,compound,protein,1
25195352,CPI,Q05397,compound,protein,1
25195352,CPI,P25103,compound,protein,0
25199517,CPI,O94907,compound,protein,1
25227436,CPI,Q16584,compound,protein,1
25227436,CPI,P10636,compound,protein,0
25227462,CPI,O96013,compound,protein,1
25227462,CPI,P11274,compound,protein,1
25227462,CPI,P30291,compound,protein,1
25227462,CPI,Q9NSY1,compound,protein,1
25227462,CPI,Q8N752,compound,protein,0
25227462,CPI,Q15349,compound,protein,0
25241666,CPI,P98170,compound,protein,1
25243721,CPI,P14618,compound,protein,1
25243729,CPI,P84022,compound,protein,1
25243735,CPI,Q8IZS8,compound,protein,0
25243776,CPI,P11712,compound,protein,0
25243777,CPI,Q08499,compound,protein,0
25243780,CPI,P52564,compound,protein,0
25243781,CPI,Q05655,compound,protein,0
25243782,CPI,P30613,compound,protein,1
25243788,CPI,P30613,compound,protein,1
25249,CPI,P03372,compound,protein,1
25249,CPI,P10635,compound,protein,1
25262792,CPI,P42336,compound,protein,1
25262965,CPI,P42345,compound,protein,1
2536,CPI,P21728,compound,protein,1
2536,CPI,P49759,compound,protein,0
2536,CPI,Q02750,compound,protein,0
2536,CPI,P49841,compound,protein,0
253602,CPI,P62750,compound,protein,1
253602,CPI,Q06710,compound,protein,1
253602,CPI,P35372,compound,protein,0
2540,CPI,P50052,compound,protein,1
2540,CPI,Q13285,compound,protein,0
2540,CPI,Q13557,compound,protein,0
2540,CPI,Q9H3N8,compound,protein,0
2541,CPI,P21554,compound,protein,1
2541,CPI,Q06418,compound,protein,0
2541,CPI,Q9Y4K4,compound,protein,0
2549,CPI,P11509,compound,protein,0
2549,CPI,P23219,compound,protein,0
2551,CPI,P08588,compound,protein,1
2551,CPI,P16473,compound,protein,1
2554,CPI,P10275,compound,protein,1
2562,CPI,P08684,compound,protein,1
2562,CPI,Q9UI33,compound,protein,1
2576,CPI,O43193,compound,protein,1
2576,CPI,P31645,compound,protein,1
2576,CPI,Q92542,compound,protein,0
2576,CPI,P01116,compound,protein,0
2576,CPI,O00625,compound,protein,0
2577,CPI,Q13148,compound,protein,0
2581,CPI,P25101,compound,protein,1
2581,CPI,P49760,compound,protein,0
2585,CPI,O15245,compound,protein,1
2585,CPI,P31645,compound,protein,1
2585,CPI,P46098,compound,protein,1
2585,CPI,Q14524,compound,protein,1
2585,CPI,P31152,compound,protein,0
2585,CPI,Q86UX6,compound,protein,0
2585,CPI,P22830,compound,protein,0
2585,CPI,Q13555,compound,protein,0
2585,CPI,P54132,compound,protein,0
2603,CPI,P10636,compound,protein,1
262093,CPI,O15118,compound,protein,1
262093,CPI,P04406,compound,protein,1
262093,CPI,P30304,compound,protein,1
262093,CPI,Q16665,compound,protein,1
262093,CPI,O43193,compound,protein,0
26248,CPI,O15439,compound,protein,1
26248,CPI,P07900,compound,protein,1
26248,CPI,P10636,compound,protein,1
265237,CPI,P43490,compound,protein,1
265237,CPI,P10275,compound,protein,0
265237,CPI,P32245,compound,protein,0
26596,CPI,O75496,compound,protein,1
26596,CPI,P11473,compound,protein,0
26596,CPI,P42684,compound,protein,0
2662,CPI,P25929,compound,protein,1
2662,CPI,P29274,compound,protein,1
2662,CPI,P41968,compound,protein,1
2662,CPI,Q16539,compound,protein,1
2662,CPI,Q00537,compound,protein,0
2662,CPI,P22455,compound,protein,0
2662,CPI,Q06418,compound,protein,0
2662,CPI,Q92918,compound,protein,0
2662,CPI,O75914,compound,protein,0
2662,CPI,Q00526,compound,protein,0
26757,CPI,P04150,compound,protein,1
26757,CPI,P32245,compound,protein,1
26757,CPI,P49798,compound,protein,1
26757,CPI,Q9Y5N1,compound,protein,1
26757,CPI,P16473,compound,protein,0
2678,CPI,P21728,compound,protein,1
2678,CPI,Q06124,compound,protein,0
2678,CPI,Q99519,compound,protein,0
2687,CPI,P21728,compound,protein,1
2687,CPI,Q96KQ7,compound,protein,1
2689,CPI,O15296,compound,protein,1
2689,CPI,P51617,compound,protein,0
2689,CPI,Q02763,compound,protein,0
2690,CPI,P29275,compound,protein,1
26987,CPI,P25100,compound,protein,1
26987,CPI,Q5BJF2,compound,protein,1
26987,CPI,O14733,compound,protein,0
26987,CPI,P57058,compound,protein,0
2703,CPI,Q99572,compound,protein,1
2708,CPI,P00352,compound,protein,1
2710,CPI,Q9Y243,compound,protein,0
2712,CPI,P18825,compound,protein,1
2717,CPI,P32245,compound,protein,1
2717,CPI,P41968,compound,protein,1
2717,CPI,Q92847,compound,protein,1
2717,CPI,P30291,compound,protein,0
2717,CPI,Q15418,compound,protein,0
2717,CPI,P19525,compound,protein,0
2727,CPI,O95342,compound,protein,0
2728,CPI,P03372,compound,protein,1
2732,CPI,P00915,compound,protein,1
2732,CPI,P31645,compound,protein,1
2732,CPI,P02545,compound,protein,0
2732,CPI,P53667,compound,protein,0
2732,CPI,P10275,compound,protein,0
2732,CPI,P36888,compound,protein,0
2732,CPI,Q05655,compound,protein,0
2732,CPI,Q96GD4,compound,protein,0
2733,CPI,P11229,compound,protein,1
2733,CPI,P16473,compound,protein,1
2733,CPI,P30556,compound,protein,1
2733,CPI,Q92887,compound,protein,0
2733,CPI,Q13163,compound,protein,0
2733,CPI,Q8N5S9,compound,protein,0
2733,CPI,P42681,compound,protein,0
2733526,CPI,P62508,compound,protein,1
2733526,CPI,P06241,compound,protein,1
2733526,CPI,P06401,compound,protein,1
2733526,CPI,P20309,compound,protein,1
2733526,CPI,P21452,compound,protein,1
2733526,CPI,P41143,compound,protein,1
2733526,CPI,P24941,compound,protein,0
2733526,CPI,Q6UX53,compound,protein,0
2733526,CPI,Q96GC5,compound,protein,0
273769,CPI,P00352,compound,protein,1
273769,CPI,P14902,compound,protein,1
27400,CPI,P46098,compound,protein,1
27400,CPI,Q9UEE5,compound,protein,0
27400,CPI,Q16236,compound,protein,0
27400,CPI,Q14164,compound,protein,0
27400,CPI,Q9H422,compound,protein,0
27400,CPI,P13945,compound,protein,0
2741632,CPI,Q9Y5S2,compound,protein,0
27447,CPI,P25021,compound,protein,1
27447,CPI,Q96KQ7,compound,protein,1
27447,CPI,Q6DT37,compound,protein,0
2752,CPI,P14616,compound,protein,0
27559,CPI,P28223,compound,protein,1
2756,CPI,P08684,compound,protein,1
2756,CPI,P21397,compound,protein,1
2756,CPI,P28223,compound,protein,1
2756,CPI,O95342,compound,protein,0
2756,CPI,P04626,compound,protein,0
2756,CPI,Q13873,compound,protein,0
2756,CPI,Q9UQM7,compound,protein,0
2756,CPI,O76039,compound,protein,0
2761,CPI,P14416,compound,protein,1
2761,CPI,Q14289,compound,protein,0
2761,CPI,P10636,compound,protein,0
2764,CPI,P28223,compound,protein,1
2764,CPI,P41143,compound,protein,1
2764,CPI,P41595,compound,protein,1
2764,CPI,Q01959,compound,protein,1
2764,CPI,Q13464,compound,protein,0
2764,CPI,Q13131,compound,protein,0
2764,CPI,P45984,compound,protein,0
2765,CPI,P07949,compound,protein,0
27661,CPI,P18089,compound,protein,1
2769229,CPI,O75496,compound,protein,1
2769229,CPI,P33261,compound,protein,1
2771,CPI,Q96KQ7,compound,protein,1
2775426,CPI,P24387,compound,protein,1
2777391,CPI,P37231,compound,protein,1
2778748,CPI,O75496,compound,protein,1
2780,CPI,P18825,compound,protein,1
27812,CPI,P31645,compound,protein,1
2782,CPI,P08913,compound,protein,1
2783,CPI,P13945,compound,protein,1
27924,CPI,P35367,compound,protein,0
27924,CPI,P14416,compound,protein,0
2794,CPI,P08183,compound,protein,1
2796,CPI,P41595,compound,protein,1
2796,CPI,Q16566,compound,protein,0
2797577,CPI,P49759,compound,protein,1
2797577,CPI,Q13627,compound,protein,1
2797577,CPI,Q9HAZ1,compound,protein,1
2797577,CPI,Q96GD4,compound,protein,0
2797577,CPI,P07949,compound,protein,0
2797577,CPI,P29274,compound,protein,0
2797577,CPI,P11712,compound,protein,0
2797577,CPI,P43405,compound,protein,0
2799,CPI,P03372,compound,protein,1
2799,CPI,P23219,compound,protein,1
2799,CPI,Q9BYT3,compound,protein,0
2802,CPI,P31645,compound,protein,1
2802,CPI,Q9HBH9,compound,protein,0
2802,CPI,Q13148,compound,protein,0
2802,CPI,P45984,compound,protein,0
2805,CPI,P08913,compound,protein,1
2812,CPI,P25103,compound,protein,1
2812,CPI,P33261,compound,protein,1
2812,CPI,P83916,compound,protein,1
2812,CPI,Q8NI60,compound,protein,0
2812,CPI,P42338,compound,protein,0
2812,CPI,P36896,compound,protein,0
2812,CPI,Q16566,compound,protein,0
2812,CPI,Q08345,compound,protein,0
2812,CPI,Q9Y6R4,compound,protein,0
2812,CPI,Q5S007,compound,protein,0
2812,CPI,Q9P1W9,compound,protein,0
2814135,CPI,Q460N5,compound,protein,0
2819095,CPI,P51151,compound,protein,1
2819095,CPI,Q02763,compound,protein,0
2819767,CPI,P07332,compound,protein,0
2833,CPI,P35968,compound,protein,0
2837530,CPI,O75496,compound,protein,1
2838441,CPI,Q9NUW8,compound,protein,1
28417,CPI,P08913,compound,protein,1
28417,CPI,P25929,compound,protein,1
28417,CPI,P32238,compound,protein,1
28417,CPI,P41595,compound,protein,1
28417,CPI,Q01959,compound,protein,1
28417,CPI,Q99808,compound,protein,1
28417,CPI,P36888,compound,protein,0
28417,CPI,P35916,compound,protein,0
28417,CPI,P23219,compound,protein,0
2842253,CPI,Q99500,compound,protein,1
2861757,CPI,P26358,compound,protein,1
2861757,CPI,Q16236,compound,protein,0
2866,CPI,P28335,compound,protein,1
2866,CPI,Q9BQI3,compound,protein,0
28693,CPI,P35368,compound,protein,1
28693,CPI,P41595,compound,protein,1
28693,CPI,Q9H3N8,compound,protein,1
28693,CPI,P29371,compound,protein,0
2871,CPI,Q9NUW8,compound,protein,1
2871,CPI,P22694,compound,protein,0
2871,CPI,Q92793,compound,protein,0
2871,CPI,P17861,compound,protein,0
2871,CPI,Q04771,compound,protein,0
2871,CPI,O94921,compound,protein,0
28761,CPI,P27695,compound,protein,1
28761,CPI,P33981,compound,protein,0
2876959,CPI,O75030,compound,protein,1
2878586,CPI,P35236,compound,protein,1
2893,CPI,P08172,compound,protein,1
2893,CPI,P30518,compound,protein,1
2893,CPI,Q9HC98,compound,protein,0
2895,CPI,O00206,compound,protein,1
2895,CPI,O43193,compound,protein,1
2895,CPI,P09619,compound,protein,0
2896739,CPI,P38398,compound,protein,1
290486,CPI,Q9Y243,compound,protein,1
2905,CPI,P0DMS8,compound,protein,1
2905,CPI,P21554,compound,protein,1
2905,CPI,P30411,compound,protein,1
2905,CPI,Q6W5P4,compound,protein,0
2910,CPI,P00915,compound,protein,1
2910,CPI,P55017,compound,protein,1
2910,CPI,P11473,compound,protein,0
2910,CPI,P30291,compound,protein,0
2913,CPI,P11229,compound,protein,1
2913,CPI,P23975,compound,protein,1
2913,CPI,O94921,compound,protein,0
2941340,CPI,Q96QE3,compound,protein,1
2950,CPI,P28482,compound,protein,1
2968,CPI,O15111,compound,protein,0
2972,CPI,O00444,compound,protein,0
2973,CPI,Q16620,compound,protein,0
2978593,CPI,Q9HCP0,compound,protein,0
2980973,CPI,P08172,compound,protein,0
2980973,CPI,P35354,compound,protein,0
2981635,CPI,P27695,compound,protein,1
2995,CPI,P21728,compound,protein,1
2995,CPI,P35367,compound,protein,1
2995,CPI,Q14524,compound,protein,1
3000322,CPI,P17787,compound,protein,1
3000322,CPI,P27448,compound,protein,0
3000540,CPI,P08172,compound,protein,1
3000540,CPI,P11229,compound,protein,1
3000540,CPI,P35354,compound,protein,1
3000540,CPI,P49841,compound,protein,0
3000540,CPI,P08912,compound,protein,0
3000540,CPI,P28482,compound,protein,0
3000540,CPI,P43220,compound,protein,0
3000540,CPI,P84022,compound,protein,0
3001055,CPI,P21397,compound,protein,1
3001055,CPI,P28223,compound,protein,1
3001055,CPI,P32245,compound,protein,1
3001055,CPI,O14920,compound,protein,0
3001055,CPI,Q00526,compound,protein,0
3001055,CPI,Q9NUW8,compound,protein,0
3001055,CPI,Q14012,compound,protein,0
3003,CPI,O75469,compound,protein,1
3003565,CPI,P14867,compound,protein,0
3005573,CPI,P07947,compound,protein,0
3006531,CPI,P06746,compound,protein,0
3012,CPI,P39748,compound,protein,1
3016,CPI,P08588,compound,protein,1
3016,CPI,P14416,compound,protein,1
3019,CPI,O43193,compound,protein,1
3019,CPI,P10635,compound,protein,1
3019,CPI,P25929,compound,protein,1
3019,CPI,Q96KQ7,compound,protein,1
3019,CPI,Q9UM73,compound,protein,0
3019,CPI,Q13188,compound,protein,0
3019,CPI,Q96PY6,compound,protein,0
3019,CPI,P42338,compound,protein,0
3025,CPI,P34969,compound,protein,0
3025,CPI,Q8TBX8,compound,protein,0
3025944,CPI,P16455,compound,protein,1
3025961,CPI,P05177,compound,protein,1
3025961,CPI,Q02750,compound,protein,0
3025986,CPI,P04049,compound,protein,1
3025986,CPI,P06241,compound,protein,1
3025986,CPI,P15056,compound,protein,1
3025986,CPI,P16591,compound,protein,1
3025986,CPI,P36888,compound,protein,1
3025986,CPI,P49761,compound,protein,1
3025986,CPI,P49840,compound,protein,1
3025986,CPI,Q00526,compound,protein,1
3025986,CPI,Q05655,compound,protein,1
3025986,CPI,Q13233,compound,protein,1
3025986,CPI,Q13237,compound,protein,1
3025986,CPI,Q13470,compound,protein,1
3025986,CPI,Q13554,compound,protein,1
3025986,CPI,Q16566,compound,protein,1
3025986,CPI,Q59H18,compound,protein,1
3025986,CPI,Q6PHR2,compound,protein,1
3025986,CPI,Q7RTN6,compound,protein,1
3025986,CPI,Q8IW41,compound,protein,1
3025986,CPI,Q8IYT8,compound,protein,1
3025986,CPI,Q8N5S9,compound,protein,1
3025986,CPI,Q96RR4,compound,protein,1
3025986,CPI,Q9BQI3,compound,protein,1
3025986,CPI,Q9H093,compound,protein,1
3025986,CPI,Q9Y5S2,compound,protein,1
3025986,CPI,Q16665,compound,protein,0
3025986,CPI,P25929,compound,protein,0
3025986,CPI,P00915,compound,protein,0
3025986,CPI,Q8IZ69,compound,protein,0
3025986,CPI,Q05066,compound,protein,0
3025986,CPI,Q08334,compound,protein,0
3025986,CPI,Q08AN1,compound,protein,0
3025986,CPI,B4DL54,compound,protein,0
3025986,CPI,Q5MJ70,compound,protein,0
3025986,CPI,Q969S0,compound,protein,0
3025986,CPI,Q9H9P5,compound,protein,0
3025986,CPI,Q9HD20,compound,protein,0
3025986,CPI,Q8IV36,compound,protein,0
3025986,CPI,Q9P225,compound,protein,0
3025986,CPI,P08727,compound,protein,0
3025986,CPI,Q14651,compound,protein,0
30323,CPI,O75469,compound,protein,1
30323,CPI,P08913,compound,protein,0
30323,CPI,P10635,compound,protein,0
30323,CPI,Q16539,compound,protein,0
3033,CPI,P51955,compound,protein,0
3033,CPI,Q9H2G2,compound,protein,0
3033637,CPI,P11229,compound,protein,1
3033637,CPI,P30411,compound,protein,1
3033637,CPI,P35367,compound,protein,1
3033637,CPI,Q99700,compound,protein,0
3033637,CPI,Q15375,compound,protein,0
3033637,CPI,P15056,compound,protein,0
3033825,CPI,Q9NUW8,compound,protein,1
3034010,CPI,Q13936,compound,protein,0
3035746,CPI,P42330,compound,protein,0
3035746,CPI,P49761,compound,protein,0
3036780,CPI,Q8IWQ3,compound,protein,0
3036780,CPI,Q99759,compound,protein,0
3036864,CPI,P41968,compound,protein,0
3036864,CPI,Q13976,compound,protein,0
3037,CPI,P37288,compound,protein,0
3038522,CPI,O00506,compound,protein,1
3038522,CPI,O15146,compound,protein,1
3038522,CPI,O43293,compound,protein,1
3038522,CPI,O75747,compound,protein,1
3038522,CPI,P17948,compound,protein,1
3038522,CPI,P22455,compound,protein,1
3038522,CPI,P36896,compound,protein,1
3038522,CPI,P36897,compound,protein,1
3038522,CPI,P51617,compound,protein,1
3038522,CPI,P78362,compound,protein,1
3038522,CPI,Q13554,compound,protein,1
3038522,CPI,Q13976,compound,protein,1
3038522,CPI,Q15139,compound,protein,1
3038522,CPI,Q15569,compound,protein,1
3038522,CPI,Q16832,compound,protein,1
3038522,CPI,Q86V86,compound,protein,1
3038522,CPI,Q96BR1,compound,protein,1
3038522,CPI,Q9H2K8,compound,protein,1
3038522,CPI,Q13258,compound,protein,0
3038522,CPI,P30968,compound,protein,0
3038522,CPI,P61088,compound,protein,0
3038522,CPI,Q9UN88,compound,protein,0
3038522,CPI,Q16445,compound,protein,0
3038522,CPI,P04839,compound,protein,0
3038522,CPI,Q08209,compound,protein,0
3038522,CPI,P48048,compound,protein,0
3038522,CPI,Q92731,compound,protein,0
3038522,CPI,P78334,compound,protein,0
3038522,CPI,P16499,compound,protein,0
3038522,CPI,Q9NZV8,compound,protein,0
3038522,CPI,P31645,compound,protein,0
3038522,CPI,Q99572,compound,protein,0
3038522,CPI,P14780,compound,protein,0
3038522,CPI,Q15858,compound,protein,0
3038522,CPI,Q9NZ45,compound,protein,0
3038525,CPI,O60674,compound,protein,1
3038525,CPI,P16234,compound,protein,1
3038525,CPI,P19525,compound,protein,1
3038525,CPI,P42679,compound,protein,1
3038525,CPI,P49760,compound,protein,1
3038525,CPI,Q00536,compound,protein,1
3038525,CPI,Q04771,compound,protein,1
3038525,CPI,Q14680,compound,protein,1
3038525,CPI,Q7KZI7,compound,protein,1
3038525,CPI,Q8WU08,compound,protein,1
3038525,CPI,Q99683,compound,protein,1
3038525,CPI,Q9UBE8,compound,protein,1
3038525,CPI,Q03431,compound,protein,0
3038525,CPI,P34969,compound,protein,0
3038525,CPI,P11511,compound,protein,0
3038525,CPI,Q92841,compound,protein,0
3038525,CPI,O94827,compound,protein,0
3038525,CPI,Q6P1Q9,compound,protein,0
3038525,CPI,Q8TCP9,compound,protein,0
3038525,CPI,O94892,compound,protein,0
3038525,CPI,Q6IF99,compound,protein,0
3038525,CPI,Q86UR1,compound,protein,0
3038525,CPI,Q01449,compound,protein,0
3038525,CPI,Q14469,compound,protein,0
3039,CPI,O15379,compound,protein,0
3039,CPI,Q9NY57,compound,protein,0
3042,CPI,O75469,compound,protein,1
305,CPI,O95342,compound,protein,0
3053,CPI,P21728,compound,protein,1
3053,CPI,Q15418,compound,protein,0
3055,CPI,P28223,compound,protein,1
3055,CPI,Q13627,compound,protein,0
3059,CPI,P30542,compound,protein,1
3059,CPI,P31645,compound,protein,1
3059,CPI,Q92847,compound,protein,1
3059,CPI,P11712,compound,protein,0
3059,CPI,Q13177,compound,protein,0
3062316,CPI,O95747,compound,protein,1
3062316,CPI,P0C264,compound,protein,1
3062316,CPI,P41240,compound,protein,1
3062316,CPI,P54762,compound,protein,1
3062316,CPI,Q00535,compound,protein,1
3062316,CPI,Q02779,compound,protein,1
3062316,CPI,Q13705,compound,protein,1
3062316,CPI,Q8IVW4,compound,protein,1
3062316,CPI,Q96L34,compound,protein,1
3062316,CPI,Q9BX84,compound,protein,1
3062316,CPI,Q9BZL6,compound,protein,1
3062316,CPI,Q9H4B4,compound,protein,1
3062316,CPI,Q9NRH2,compound,protein,1
3062316,CPI,Q9UIK4,compound,protein,1
3062316,CPI,Q9UK32,compound,protein,1
3062316,CPI,Q9UPZ9,compound,protein,1
3062316,CPI,Q99700,compound,protein,0
3062316,CPI,P32238,compound,protein,0
3062316,CPI,P21397,compound,protein,0
3062316,CPI,P14778,compound,protein,0
3062316,CPI,Q92610,compound,protein,0
3062316,CPI,P04424,compound,protein,0
3062316,CPI,P53708,compound,protein,0
3062316,CPI,O60309,compound,protein,0
3062316,CPI,Q9NVA2,compound,protein,0
3064778,CPI,Q12809,compound,protein,1
3064778,CPI,P08235,compound,protein,0
30668,CPI,P08913,compound,protein,1
30668,CPI,P62508,compound,protein,0
3074,CPI,Q9UEE5,compound,protein,0
3078519,CPI,O94804,compound,protein,1
3078519,CPI,Q13043,compound,protein,1
3078519,CPI,Q13557,compound,protein,1
3078519,CPI,Q96RR4,compound,protein,1
3078519,CPI,O15264,compound,protein,0
3078519,CPI,P05067,compound,protein,0
3078519,CPI,P08913,compound,protein,0
3078519,CPI,Q13523,compound,protein,0
3081361,CPI,O14733,compound,protein,1
3081361,CPI,O14920,compound,protein,1
3081361,CPI,O43293,compound,protein,1
3081361,CPI,O75716,compound,protein,1
3081361,CPI,O95382,compound,protein,1
3081361,CPI,O96017,compound,protein,1
3081361,CPI,P11362,compound,protein,1
3081361,CPI,P15735,compound,protein,1
3081361,CPI,P31152,compound,protein,1
3081361,CPI,P41743,compound,protein,1
3081361,CPI,P52333,compound,protein,1
3081361,CPI,P54646,compound,protein,1
3081361,CPI,Q02750,compound,protein,1
3081361,CPI,Q13976,compound,protein,1
3081361,CPI,Q15208,compound,protein,1
3081361,CPI,Q16620,compound,protein,1
3081361,CPI,Q32MK0,compound,protein,1
3081361,CPI,Q8TD19,compound,protein,1
3081361,CPI,Q96KQ7,compound,protein,1
3081361,CPI,Q96L34,compound,protein,1
3081361,CPI,Q9H1R3,compound,protein,1
3081361,CPI,Q9UBE8,compound,protein,1
3081361,CPI,P50406,compound,protein,0
3081361,CPI,P32245,compound,protein,0
3081361,CPI,Q8WXJ9,compound,protein,0
3081361,CPI,A6NCC3,compound,protein,0
3081361,CPI,Q9UIV1,compound,protein,0
3081361,CPI,Q0GE19,compound,protein,0
3081361,CPI,O43312,compound,protein,0
3081361,CPI,P11171,compound,protein,0
3081361,CPI,Q9UPX0,compound,protein,0
3081361,CPI,O95218,compound,protein,0
3081361,CPI,Q9GZV5,compound,protein,0
3081361,CPI,O15240,compound,protein,0
3081361,CPI,Q8TF09,compound,protein,0
3081361,CPI,O75691,compound,protein,0
3081361,CPI,Q8IY22,compound,protein,0
3081361,CPI,Q9NRH1,compound,protein,0
3081361,CPI,Q5XKP0,compound,protein,0
3082718,CPI,P53350,compound,protein,0
3083928,CPI,Q8N1Q1,compound,protein,1
3083928,CPI,P28222,compound,protein,0
3085107,CPI,P11388,compound,protein,1
3085219,CPI,P35367,compound,protein,1
3085219,CPI,P53671,compound,protein,0
3100,CPI,P41595,compound,protein,1
3100,CPI,P47898,compound,protein,1
3100,CPI,Q9UBS5,compound,protein,1
3100,CPI,O95819,compound,protein,0
3100,CPI,Q9NPH5,compound,protein,0
3100,CPI,P16234,compound,protein,0
3100,CPI,O00591,compound,protein,0
3100,CPI,P22309,compound,protein,0
3101,CPI,P11712,compound,protein,1
3101,CPI,P42345,compound,protein,1
3101,CPI,Q15349,compound,protein,0
3101,CPI,P51956,compound,protein,0
31055126,CPI,Q03431,compound,protein,1
31055126,CPI,Q16236,compound,protein,1
3108,CPI,P00813,compound,protein,1
3108,CPI,P08684,compound,protein,1
3108,CPI,Q13946,compound,protein,1
3108,CPI,Q9UNQ0,compound,protein,1
3111211,CPI,Q96QE3,compound,protein,1
3114,CPI,P08908,compound,protein,1
3114,CPI,P21728,compound,protein,1
3114,CPI,Q96KQ7,compound,protein,1
3114,CPI,Q9UK17,compound,protein,1
3117,CPI,P30556,compound,protein,1
3117,CPI,P33261,compound,protein,1
3117,CPI,Q9H9B1,compound,protein,1
3132,CPI,P54132,compound,protein,1
3135,CPI,P11021,compound,protein,1
3135,CPI,Q92847,compound,protein,0
3135,CPI,Q9UPZ9,compound,protein,0
3135,CPI,O00180,compound,protein,0
3135,CPI,P14598,compound,protein,0
3150672,CPI,Q13177,compound,protein,0
3151,CPI,O15296,compound,protein,1
3151,CPI,P28335,compound,protein,1
3151,CPI,P54289,compound,protein,0
3151,CPI,P10721,compound,protein,0
3151,CPI,P43166,compound,protein,0
3152,CPI,P11229,compound,protein,1
3152,CPI,P21554,compound,protein,1
3152,CPI,Q14957,compound,protein,1
3152,CPI,Q9Y6R4,compound,protein,0
31549,CPI,P08173,compound,protein,0
3157,CPI,Q9UBT6,compound,protein,0
3164059,CPI,P51812,compound,protein,0
3164059,CPI,P34969,compound,protein,0
3164059,CPI,Q96KQ7,compound,protein,0
3166,CPI,P08908,compound,protein,1
3168,CPI,P25100,compound,protein,1
3168,CPI,P42338,compound,protein,0
3168,CPI,O75385,compound,protein,0
31703,CPI,P08183,compound,protein,1
31703,CPI,Q12809,compound,protein,1
31703,CPI,O95342,compound,protein,0
3180,CPI,P11473,compound,protein,1
3180,CPI,P50406,compound,protein,1
3180,CPI,Q16637,compound,protein,0
3180,CPI,Q9HAZ1,compound,protein,0
3180,CPI,Q9UM73,compound,protein,0
3180,CPI,P42345,compound,protein,0
3193014,CPI,Q9Y2T6,compound,protein,1
3194,CPI,P06276,compound,protein,1
3194,CPI,P35354,compound,protein,1
3194,CPI,P50579,compound,protein,1
3194,CPI,Q9UGL1,compound,protein,1
3194,CPI,Q9Y5S8,compound,protein,1
3194,CPI,Q96Q40,compound,protein,0
3213,CPI,P10636,compound,protein,1
3213,CPI,P07550,compound,protein,0
32170,CPI,Q01118,compound,protein,1
3229,CPI,P41595,compound,protein,1
3229,CPI,P50406,compound,protein,1
3229,CPI,Q99640,compound,protein,0
3229,CPI,Q8NG66,compound,protein,0
3229,CPI,Q99700,compound,protein,0
3232217,CPI,Q96D53,compound,protein,0
3232621,CPI,P49760,compound,protein,1
3233276,CPI,Q13188,compound,protein,0
3234518,CPI,Q9HAZ1,compound,protein,1
3234850,CPI,Q13627,compound,protein,1
3234850,CPI,P48051,compound,protein,0
3234998,CPI,P49840,compound,protein,0
3235166,CPI,Q03431,compound,protein,0
3235429,CPI,Q9HAZ1,compound,protein,1
3235429,CPI,P00533,compound,protein,0
3235429,CPI,P41143,compound,protein,0
3237904,CPI,P43405,compound,protein,0
3237904,CPI,Q9H1R3,compound,protein,0
3238389,CPI,Q16236,compound,protein,1
3238944,CPI,Q9GZU7,compound,protein,1
3242434,CPI,P51151,compound,protein,1
3250,CPI,P28566,compound,protein,1
3266419,CPI,P41595,compound,protein,0
3269,CPI,P04278,compound,protein,1
3272300,CPI,Q13639,compound,protein,1
3272300,CPI,P32245,compound,protein,0
3272524,CPI,Q06418,compound,protein,0
3276,CPI,Q92830,compound,protein,1
327653,CPI,Q99755,compound,protein,0
3277,CPI,Q99714,compound,protein,1
3277599,CPI,P41143,compound,protein,1
3279,CPI,P13500,compound,protein,0
32798,CPI,P31751,compound,protein,0
3280,CPI,Q9NY57,compound,protein,0
3287,CPI,P0DMS8,compound,protein,1
3287,CPI,Q03431,compound,protein,0
3287,CPI,P08173,compound,protein,0
3287,CPI,P10635,compound,protein,0
3287,CPI,Q9NUW8,compound,protein,0
3287,CPI,Q96KQ7,compound,protein,0
3287,CPI,P51812,compound,protein,0
3290,CPI,Q8TCU5,compound,protein,1
3290,CPI,Q9UM73,compound,protein,0
3290,CPI,P08588,compound,protein,0
3291,CPI,O75469,compound,protein,1
3291,CPI,Q01959,compound,protein,1
3291,CPI,Q16665,compound,protein,0
3292447,CPI,P41595,compound,protein,1
3292447,CPI,P21917,compound,protein,0
3293,CPI,Q16665,compound,protein,1
3293,CPI,P35367,compound,protein,0
3293,CPI,P31749,compound,protein,0
33032,CPI,Q13255,compound,protein,1
33032,CPI,Q9Y6M4,compound,protein,0
33036,CPI,P35367,compound,protein,1
33036,CPI,Q13873,compound,protein,0
33036,CPI,P35590,compound,protein,0
33036,CPI,Q86UX6,compound,protein,0
33036,CPI,Q06710,compound,protein,0
3307,CPI,Q9BQF6,compound,protein,0
3307,CPI,P51452,compound,protein,0
3307,CPI,P37059,compound,protein,0
3308,CPI,P0DMS8,compound,protein,1
3308,CPI,P25929,compound,protein,1
3308,CPI,P28223,compound,protein,1
3308,CPI,Q8N568,compound,protein,0
3324,CPI,P23975,compound,protein,1
3324,CPI,P35462,compound,protein,1
3324,CPI,O15438,compound,protein,0
3324,CPI,O15439,compound,protein,0
3324,CPI,P46063,compound,protein,0
3326,CPI,O75676,compound,protein,0
3330,CPI,P54132,compound,protein,1
3331,CPI,P06737,compound,protein,0
3331,CPI,O60658,compound,protein,0
3333,CPI,P18089,compound,protein,1
3333,CPI,P18825,compound,protein,1
3333,CPI,P21728,compound,protein,1
3333,CPI,O15438,compound,protein,0
3333,CPI,Q13555,compound,protein,0
3333,CPI,Q92918,compound,protein,0
3333,CPI,P23219,compound,protein,0
3339,CPI,P0DMS8,compound,protein,1
3339,CPI,Q01959,compound,protein,1
3339,CPI,Q12809,compound,protein,1
3339,CPI,P42685,compound,protein,0
3341,CPI,P08908,compound,protein,1
3343,CPI,P07550,compound,protein,1
3343,CPI,P14416,compound,protein,1
3343,CPI,Q16665,compound,protein,0
3343,CPI,P11309,compound,protein,0
3343,CPI,Q9UIK4,compound,protein,0
3348,CPI,P07550,compound,protein,1
3348,CPI,P54132,compound,protein,1
3348,CPI,Q8TDC3,compound,protein,0
3348,CPI,Q06278,compound,protein,0
3352,CPI,P24046,compound,protein,1
3354,CPI,P08172,compound,protein,1
3354,CPI,Q15835,compound,protein,0
3354,CPI,O00418,compound,protein,0
33572,CPI,Q16558,compound,protein,1
33572,CPI,Q9NPA1,compound,protein,1
33624,CPI,P10635,compound,protein,1
33625,CPI,P25100,compound,protein,1
33630,CPI,P25021,compound,protein,1
33630,CPI,P30542,compound,protein,0
3365,CPI,Q92887,compound,protein,0
3365,CPI,Q8IVW4,compound,protein,0
3366,CPI,P35367,compound,protein,1
3371,CPI,P08588,compound,protein,1
3371,CPI,P20309,compound,protein,1
3371,CPI,P18545,compound,protein,0
3372,CPI,P08183,compound,protein,1
3372,CPI,P21452,compound,protein,1
3372,CPI,P28335,compound,protein,1
3372,CPI,Q13627,compound,protein,0
3372,CPI,Q8N6D5,compound,protein,0
3373,CPI,P49798,compound,protein,1
3373,CPI,P35869,compound,protein,0
33741,CPI,P11229,compound,protein,1
33741,CPI,P31645,compound,protein,1
33741,CPI,P43220,compound,protein,1
338,CPI,P09429,compound,protein,1
3380841,CPI,P33261,compound,protein,1
3380841,CPI,P49146,compound,protein,0
3385,CPI,O15439,compound,protein,0
3387354,CPI,P06493,compound,protein,1
3387354,CPI,P32245,compound,protein,0
3394,CPI,P08172,compound,protein,1
3394,CPI,P14416,compound,protein,1
3394,CPI,P25021,compound,protein,1
3394,CPI,P41968,compound,protein,1
3394,CPI,Q92847,compound,protein,1
3394,CPI,O15296,compound,protein,0
3394,CPI,Q9Y463,compound,protein,0
3394,CPI,Q9P1W9,compound,protein,0
3396,CPI,P08913,compound,protein,1
3396,CPI,P11229,compound,protein,1
3396,CPI,Q92847,compound,protein,1
3396,CPI,O60285,compound,protein,0
3396,CPI,Q14004,compound,protein,0
3397,CPI,P02545,compound,protein,1
3397,CPI,P30556,compound,protein,1
3397,CPI,P49336,compound,protein,0
3397,CPI,O15264,compound,protein,0
3397,CPI,P23458,compound,protein,0
3401,CPI,Q99808,compound,protein,1
34040,CPI,P31645,compound,protein,1
34040,CPI,P06241,compound,protein,0
34040,CPI,Q92630,compound,protein,0
3406,CPI,P21397,compound,protein,1
3406,CPI,P07900,compound,protein,0
3413,CPI,P21917,compound,protein,0
34312,CPI,O60939,compound,protein,1
34312,CPI,P36896,compound,protein,0
34359,CPI,Q99714,compound,protein,1
3440,CPI,P08913,compound,protein,1
3440,CPI,P21917,compound,protein,1
3440,CPI,P50406,compound,protein,1
3440,CPI,Q9NZ45,compound,protein,1
3440,CPI,P48730,compound,protein,0
3440,CPI,P27695,compound,protein,0
3446,CPI,P54132,compound,protein,0
3447,CPI,P00734,compound,protein,1
3447,CPI,P00742,compound,protein,1
3447,CPI,O96017,compound,protein,0
3447,CPI,O14976,compound,protein,0
3447,CPI,P52333,compound,protein,0
3450,CPI,P08908,compound,protein,1
3450,CPI,P18089,compound,protein,1
3450,CPI,P29274,compound,protein,1
3450,CPI,Q01959,compound,protein,1
3450,CPI,P11168,compound,protein,0
3450,CPI,P28062,compound,protein,0
3450,CPI,P12314,compound,protein,0
3450,CPI,P51570,compound,protein,0
3450,CPI,P08246,compound,protein,0
3454,CPI,P19838,compound,protein,1
3455,CPI,P00352,compound,protein,1
3456,CPI,P83916,compound,protein,1
3456,CPI,P08684,compound,protein,0
3463,CPI,Q02153,compound,protein,0
3463,CPI,P10721,compound,protein,0
3463,CPI,P04629,compound,protein,0
34633,CPI,P15336,compound,protein,0
3467590,CPI,P55210,compound,protein,1
3467590,CPI,Q9P1W9,compound,protein,1
3473393,CPI,P06276,compound,protein,1
3476,CPI,Q99714,compound,protein,0
3476,CPI,Q9Y2U5,compound,protein,0
3488,CPI,P21397,compound,protein,1
3488,CPI,Q8NER1,compound,protein,0
3503,CPI,Q13526,compound,protein,1
3503,CPI,Q9UBT6,compound,protein,1
3503,CPI,Q9UNA4,compound,protein,1
3503,CPI,Q9BY41,compound,protein,0
3510,CPI,Q96RG2,compound,protein,0
3510,CPI,P54577,compound,protein,0
3516,CPI,P35462,compound,protein,1
3517,CPI,Q16637,compound,protein,1
3517,CPI,Q7Z2K8,compound,protein,0
3518,CPI,O95342,compound,protein,0
3519,CPI,P41145,compound,protein,1
3519,CPI,Q99714,compound,protein,1
3519,CPI,Q13237,compound,protein,0
3538,CPI,P19838,compound,protein,1
3538,CPI,P09884,compound,protein,0
3538,CPI,P53779,compound,protein,0
353825,CPI,P10635,compound,protein,1
353825,CPI,P33261,compound,protein,1
3547,CPI,P06493,compound,protein,1
3547,CPI,P07949,compound,protein,1
3547,CPI,P28482,compound,protein,1
3547,CPI,P41595,compound,protein,1
3547,CPI,P48729,compound,protein,1
3547,CPI,P49759,compound,protein,1
3547,CPI,P51955,compound,protein,1
3547,CPI,P53667,compound,protein,1
3547,CPI,P68400,compound,protein,1
3547,CPI,Q05397,compound,protein,1
3547,CPI,Q9H4B4,compound,protein,1
3547,CPI,P22455,compound,protein,0
3547,CPI,Q9UQ88,compound,protein,0
3547,CPI,Q9C098,compound,protein,0
3547,CPI,Q16659,compound,protein,0
3547,CPI,Q13554,compound,protein,0
3547,CPI,P14616,compound,protein,0
3547,CPI,Q9H3Y6,compound,protein,0
3547,CPI,Q06710,compound,protein,0
3547,CPI,Q9UPE1,compound,protein,0
3547,CPI,Q86UX6,compound,protein,0
3559,CPI,P04439,compound,protein,1
3559,CPI,P08684,compound,protein,1
3559,CPI,P30939,compound,protein,1
3559,CPI,P40225,compound,protein,1
3559,CPI,Q5BJF2,compound,protein,1
3559,CPI,Q8WXR4,compound,protein,0
3559,CPI,Q9HC98,compound,protein,0
3561,CPI,Q9UHD2,compound,protein,0
3567002,CPI,P16473,compound,protein,0
3598,CPI,P00533,compound,protein,1
3598,CPI,P06241,compound,protein,1
3598,CPI,P10828,compound,protein,1
3598,CPI,P28482,compound,protein,1
3598,CPI,P35372,compound,protein,1
3598,CPI,Q13627,compound,protein,0
3598,CPI,P30518,compound,protein,0
3598,CPI,Q08499,compound,protein,0
3598,CPI,Q07002,compound,protein,0
3606,CPI,P0DMS8,compound,protein,1
3606,CPI,Q01959,compound,protein,1
3607,CPI,Q8N1C3,compound,protein,0
3610,CPI,P11387,compound,protein,1
3610,CPI,P27037,compound,protein,0
3611,CPI,O15151,compound,protein,1
361510,CPI,O14936,compound,protein,0
362328,CPI,P54760,compound,protein,0
36314,CPI,O43193,compound,protein,1
36314,CPI,O75496,compound,protein,1
36314,CPI,P11229,compound,protein,1
36314,CPI,P41595,compound,protein,1
36314,CPI,Q92887,compound,protein,0
36314,CPI,Q13882,compound,protein,0
36314,CPI,P78356,compound,protein,0
3639,CPI,P10828,compound,protein,1
3639,CPI,P25021,compound,protein,1
3639,CPI,P25103,compound,protein,1
3639,CPI,P28223,compound,protein,1
3639,CPI,P41143,compound,protein,1
3639,CPI,P47898,compound,protein,1
3639,CPI,P07948,compound,protein,0
3639,CPI,P78362,compound,protein,0
3639,CPI,P10721,compound,protein,0
3640,CPI,Q96RJ0,compound,protein,0
3647,CPI,P25100,compound,protein,0
3651,CPI,Q9NY57,compound,protein,0
3652,CPI,P27695,compound,protein,0
3652,CPI,P12931,compound,protein,0
3652,CPI,P25103,compound,protein,0
365287,CPI,P78356,compound,protein,0
365287,CPI,O75676,compound,protein,0
3658,CPI,P34969,compound,protein,1
3658,CPI,Q9Y5N1,compound,protein,1
3658,CPI,P54764,compound,protein,0
3658,CPI,P12931,compound,protein,0
3661,CPI,P09467,compound,protein,0
3668,CPI,P29274,compound,protein,1
3668,CPI,P29275,compound,protein,1
3672,CPI,P08908,compound,protein,1
3672,CPI,P12104,compound,protein,1
3672,CPI,P09619,compound,protein,0
3672,CPI,P49137,compound,protein,0
3672,CPI,O96013,compound,protein,0
3675,CPI,Q9H4B4,compound,protein,0
36811,CPI,P54803,compound,protein,1
3686,CPI,P07550,compound,protein,1
3686,CPI,P09917,compound,protein,1
3686,CPI,P53355,compound,protein,0
3689,CPI,Q05586,compound,protein,1
3689,CPI,P49761,compound,protein,0
3689413,CPI,Q02156,compound,protein,0
3690,CPI,P54803,compound,protein,1
36906,CPI,P28223,compound,protein,1
36906,CPI,P22303,compound,protein,0
3696,CPI,O43193,compound,protein,1
3696,CPI,P20309,compound,protein,1
3696,CPI,P21918,compound,protein,1
3696,CPI,O95342,compound,protein,0
3696,CPI,P60953,compound,protein,0
3696,CPI,P12821,compound,protein,0
3696,CPI,Q9HAZ1,compound,protein,0
3702,CPI,P07451,compound,protein,1
3702,CPI,P08913,compound,protein,1
3702,CPI,P29597,compound,protein,0
3702,CPI,P07333,compound,protein,0
3702,CPI,P51449,compound,protein,0
3707,CPI,P04798,compound,protein,1
3707,CPI,O75469,compound,protein,0
3707,CPI,P11388,compound,protein,0
3715,CPI,P09917,compound,protein,1
3715,CPI,P11473,compound,protein,1
3715,CPI,P41595,compound,protein,1
3715,CPI,P43681,compound,protein,1
3715,CPI,Q4U2R8,compound,protein,1
3715,CPI,Q6W5P4,compound,protein,1
3715,CPI,Q99549,compound,protein,1
3715,CPI,O95747,compound,protein,0
3715,CPI,Q00536,compound,protein,0
3715,CPI,Q05513,compound,protein,0
3715,CPI,Q9BUB5,compound,protein,0
3718,CPI,P28223,compound,protein,1
3718,CPI,P29466,compound,protein,1
3718,CPI,P46063,compound,protein,0
3718,CPI,Q96PY6,compound,protein,0
3719993,CPI,Q6W5P4,compound,protein,1
3728,CPI,P00533,compound,protein,1
3728,CPI,P0DMS8,compound,protein,1
3728,CPI,P28482,compound,protein,1
3728,CPI,Q8IVW4,compound,protein,0
3735,CPI,Q96QE3,compound,protein,1
3739,CPI,P0DMS8,compound,protein,1
3739,CPI,P18825,compound,protein,1
3739,CPI,P02545,compound,protein,0
37461,CPI,P35462,compound,protein,1
37463,CPI,Q9Y5N1,compound,protein,1
3747,CPI,O15118,compound,protein,1
3749,CPI,P08172,compound,protein,1
3749,CPI,P34969,compound,protein,1
3749,CPI,P08631,compound,protein,0
3749,CPI,P41594,compound,protein,0
3749,CPI,P56524,compound,protein,0
3749,CPI,P09917,compound,protein,0
3749,CPI,Q9Y5S2,compound,protein,0
3749,CPI,Q9UEE5,compound,protein,0
37542,CPI,P07550,compound,protein,1
37542,CPI,Q9NUW8,compound,protein,1
37542,CPI,Q15746,compound,protein,0
37542,CPI,Q8TD19,compound,protein,0
37542,CPI,Q07869,compound,protein,0
37542,CPI,Q9BX84,compound,protein,0
3759,CPI,P18089,compound,protein,1
3759,CPI,P32238,compound,protein,1
3759,CPI,O95342,compound,protein,0
3759,CPI,Q13464,compound,protein,0
3759,CPI,P10721,compound,protein,0
3759,CPI,P31749,compound,protein,0
3760,CPI,P10275,compound,protein,0
3763775,CPI,O75030,compound,protein,1
3767,CPI,P14174,compound,protein,0
3767,CPI,P42785,compound,protein,0
37768,CPI,P18089,compound,protein,1
37768,CPI,P21731,compound,protein,1
37768,CPI,P80192,compound,protein,0
37768,CPI,O14936,compound,protein,0
37768,CPI,Q6ZN16,compound,protein,0
3779,CPI,P13945,compound,protein,1
3779,CPI,P59534,compound,protein,1
3779,CPI,P59536,compound,protein,1
3779,CPI,O14920,compound,protein,0
3779,CPI,O15118,compound,protein,0
3779,CPI,P27361,compound,protein,0
3784,CPI,P41595,compound,protein,1
3784,CPI,P54289,compound,protein,1
379077,CPI,P15735,compound,protein,0
379077,CPI,P32245,compound,protein,0
379077,CPI,Q00537,compound,protein,0
3793,CPI,O75874,compound,protein,1
3793,CPI,O95342,compound,protein,1
3793,CPI,P08913,compound,protein,1
3793,CPI,P21917,compound,protein,1
3793,CPI,P25103,compound,protein,1
3793,CPI,P41595,compound,protein,1
3793,CPI,Q9NUW8,compound,protein,1
3793,CPI,O15438,compound,protein,0
3793,CPI,O00506,compound,protein,0
3793,CPI,Q9UQB9,compound,protein,0
3793,CPI,P34903,compound,protein,0
3820,CPI,O00311,compound,protein,1
3820,CPI,O60674,compound,protein,1
3820,CPI,Q13131,compound,protein,1
3820,CPI,Q5VT25,compound,protein,1
3820,CPI,Q9H4B4,compound,protein,1
3820,CPI,P27695,compound,protein,0
3820,CPI,P54753,compound,protein,0
3820,CPI,Q9Y463,compound,protein,0
3820,CPI,P50406,compound,protein,0
3822,CPI,P33261,compound,protein,1
3822,CPI,Q01959,compound,protein,1
3822,CPI,Q92630,compound,protein,0
3822,CPI,P04083,compound,protein,0
3823393,CPI,P30304,compound,protein,1
3823393,CPI,P28222,compound,protein,0
3823393,CPI,P49841,compound,protein,0
3825,CPI,P08172,compound,protein,1
3825,CPI,P21731,compound,protein,1
3825,CPI,P30518,compound,protein,1
3825,CPI,P37288,compound,protein,1
3825,CPI,P51878,compound,protein,1
3825,CPI,P02768,compound,protein,0
3825,CPI,P05129,compound,protein,0
3825,CPI,P21127,compound,protein,0
3825,CPI,O75582,compound,protein,0
3826,CPI,P21731,compound,protein,1
3826,CPI,P30518,compound,protein,1
3826,CPI,P51878,compound,protein,1
3826,CPI,Q14680,compound,protein,0
3826,CPI,Q16790,compound,protein,0
3826,CPI,Q9Y616,compound,protein,0
3827,CPI,P18825,compound,protein,1
3827,CPI,P25929,compound,protein,1
3827,CPI,P29274,compound,protein,1
3827,CPI,P41595,compound,protein,1
3827,CPI,P51151,compound,protein,0
3828,CPI,P04798,compound,protein,1
3828,CPI,P54762,compound,protein,0
382975,CPI,P03372,compound,protein,1
3853,CPI,P21918,compound,protein,1
3853,CPI,Q96QE3,compound,protein,1
3853,CPI,P49841,compound,protein,0
3853,CPI,P35354,compound,protein,0
3856780,CPI,P49798,compound,protein,1
3869,CPI,O95342,compound,protein,0
3869,CPI,Q8IYT8,compound,protein,0
387447,CPI,P08311,compound,protein,1
387447,CPI,Q9BY41,compound,protein,1
387447,CPI,O95342,compound,protein,0
3878,CPI,P18507,compound,protein,1
3878,CPI,Q96KQ7,compound,protein,1
3878,CPI,O15296,compound,protein,0
3878,CPI,O94768,compound,protein,0
3878,CPI,Q9NSY1,compound,protein,0
38853,CPI,P21554,compound,protein,1
38853,CPI,P11712,compound,protein,0
38853,CPI,Q8WY98,compound,protein,0
3894,CPI,O43293,compound,protein,0
38945,CPI,P07550,compound,protein,1
38945,CPI,P25100,compound,protein,0
3899541,CPI,O14965,compound,protein,0
39042,CPI,P06401,compound,protein,1
39042,CPI,P18825,compound,protein,1
39042,CPI,Q99808,compound,protein,1
39042,CPI,P45984,compound,protein,0
39042,CPI,Q13470,compound,protein,0
39042,CPI,Q8TD19,compound,protein,0
3913264,CPI,O75496,compound,protein,1
3913264,CPI,P05177,compound,protein,0
39186,CPI,P21397,compound,protein,1
39186,CPI,P48736,compound,protein,0
392622,CPI,Q13557,compound,protein,0
392622,CPI,P11362,compound,protein,0
392622,CPI,Q16637,compound,protein,0
393595,CPI,Q13131,compound,protein,0
393595,CPI,O14965,compound,protein,0
393595,CPI,P08235,compound,protein,0
393595,CPI,O14936,compound,protein,0
3938007,CPI,P01375,compound,protein,0
3941250,CPI,P02545,compound,protein,1
39468,CPI,P05089,compound,protein,0
3947,CPI,P41145,compound,protein,1
3947,CPI,O15439,compound,protein,0
3947,CPI,O15111,compound,protein,0
3949,CPI,P42345,compound,protein,0
3950,CPI,P08913,compound,protein,1
3951,CPI,P49841,compound,protein,0
3955,CPI,O75604,compound,protein,1
3955,CPI,P31645,compound,protein,1
3955,CPI,Q14524,compound,protein,1
3955,CPI,Q16513,compound,protein,0
3955,CPI,P28223,compound,protein,0
3957,CPI,O75469,compound,protein,1
3957,CPI,Q6W5P4,compound,protein,1
3957,CPI,Q9H2J7,compound,protein,1
3957,CPI,P05129,compound,protein,0
3957,CPI,P35916,compound,protein,0
3957,CPI,P11309,compound,protein,0
3957,CPI,Q02641,compound,protein,0
3958,CPI,P37023,compound,protein,0
3958,CPI,Q12852,compound,protein,0
3958,CPI,P04626,compound,protein,0
3958,CPI,Q16584,compound,protein,0
3961,CPI,P08473,compound,protein,1
3961,CPI,P08912,compound,protein,1
3961,CPI,Q01959,compound,protein,1
3961,CPI,P15056,compound,protein,0
3964,CPI,P08588,compound,protein,1
3964,CPI,P35367,compound,protein,1
3964,CPI,P54760,compound,protein,0
3964,CPI,O15530,compound,protein,0
3964,CPI,Q8N4C8,compound,protein,0
3965,CPI,P23219,compound,protein,1
3969,CPI,O00444,compound,protein,0
3969,CPI,Q16832,compound,protein,0
3971,CPI,P25440,compound,protein,1
39836,CPI,Q96KQ7,compound,protein,1
39836,CPI,Q08345,compound,protein,0
39912,CPI,P07204,compound,protein,1
39912,CPI,P23219,compound,protein,1
39912,CPI,P27695,compound,protein,1
39912,CPI,P53350,compound,protein,0
4011,CPI,P34969,compound,protein,1
4011,CPI,P21918,compound,protein,1
4018928,CPI,P45983,compound,protein,0
4020,CPI,P35372,compound,protein,1
4020,CPI,O75496,compound,protein,0
4020,CPI,Q5VT25,compound,protein,0
4020,CPI,Q13131,compound,protein,0
4030,CPI,P32245,compound,protein,1
4030,CPI,Q12851,compound,protein,0
4032,CPI,P32238,compound,protein,1
4032,CPI,O75582,compound,protein,0
4032,CPI,Q12866,compound,protein,0
4032,CPI,Q16288,compound,protein,0
4032,CPI,P38398,compound,protein,0
4037,CPI,P09917,compound,protein,1
4037,CPI,Q13526,compound,protein,1
4039,CPI,P05177,compound,protein,1
4044,CPI,O75469,compound,protein,1
4044,CPI,P21731,compound,protein,1
4044,CPI,P30518,compound,protein,1
4044,CPI,P35354,compound,protein,1
4044,CPI,Q92887,compound,protein,0
4044,CPI,Q9UQB9,compound,protein,0
4046,CPI,P23415,compound,protein,1
4046,CPI,Q02108,compound,protein,0
4046,CPI,Q9UJU2,compound,protein,0
4046,CPI,P29460,compound,protein,0
40461270,CPI,P10275,compound,protein,0
40461270,CPI,Q96GD4,compound,protein,0
40467075,CPI,Q13148,compound,protein,0
40469526,CPI,P04083,compound,protein,1
40486,CPI,P04062,compound,protein,1
40488233,CPI,Q96GD4,compound,protein,0
4050965,CPI,P24666,compound,protein,1
4053,CPI,Q99549,compound,protein,1
40539,CPI,P49798,compound,protein,1
40539,CPI,P29320,compound,protein,0
4054,CPI,P35367,compound,protein,1
4054,CPI,P08069,compound,protein,0
4054,CPI,O75469,compound,protein,0
4054,CPI,P49798,compound,protein,0
4054,CPI,P11712,compound,protein,0
4054,CPI,O43765,compound,protein,0
4055,CPI,O43193,compound,protein,1
4055,CPI,P04637,compound,protein,1
4055,CPI,P27338,compound,protein,1
4055,CPI,P49765,compound,protein,0
4055,CPI,P01116,compound,protein,0
40634,CPI,P23219,compound,protein,1
40692,CPI,Q07869,compound,protein,0
4077460,CPI,O95136,compound,protein,1
4089709,CPI,P55789,compound,protein,1
4089709,CPI,Q8TD08,compound,protein,0
4089709,CPI,P29323,compound,protein,0
4089709,CPI,Q96RR4,compound,protein,0
4090,CPI,P0DMV8,compound,protein,0
4090,CPI,O95551,compound,protein,0
4090,CPI,Q92934,compound,protein,0
4091,CPI,P25103,compound,protein,1
4091,CPI,O15438,compound,protein,0
4100,CPI,P36544,compound,protein,0
41049,CPI,P41240,compound,protein,0
4106,CPI,P30939,compound,protein,1
4106,CPI,Q04759,compound,protein,0
4107,CPI,P08588,compound,protein,1
4107,CPI,P18089,compound,protein,1
4107,CPI,P28482,compound,protein,0
4107,CPI,P00533,compound,protein,0
4107,CPI,P35968,compound,protein,0
4112,CPI,Q16236,compound,protein,1
4114,CPI,P10275,compound,protein,1
4115,CPI,Q8WXR4,compound,protein,0
4133,CPI,P51955,compound,protein,0
4139,CPI,P10636,compound,protein,1
4139,CPI,P21397,compound,protein,1
4139,CPI,P29317,compound,protein,0
4163,CPI,P28566,compound,protein,1
4167,CPI,P35462,compound,protein,1
4168,CPI,P08588,compound,protein,1
4168,CPI,P10635,compound,protein,1
4168,CPI,P21397,compound,protein,1
4168,CPI,O15439,compound,protein,0
4168,CPI,P51451,compound,protein,0
4168,CPI,P36896,compound,protein,0
41684,CPI,P18089,compound,protein,1
41684,CPI,P28335,compound,protein,1
41684,CPI,P30411,compound,protein,1
41684,CPI,P30556,compound,protein,1
41684,CPI,P40763,compound,protein,1
41684,CPI,P51449,compound,protein,1
41684,CPI,P25103,compound,protein,0
41693,CPI,P84022,compound,protein,0
4170,CPI,O43193,compound,protein,1
4170,CPI,P15428,compound,protein,1
4170,CPI,P22748,compound,protein,1
4170,CPI,P25021,compound,protein,1
4170,CPI,Q16790,compound,protein,1
4170,CPI,Q04771,compound,protein,0
4170,CPI,O94768,compound,protein,0
4170,CPI,P49841,compound,protein,0
417052,CPI,P16050,compound,protein,1
417052,CPI,P28223,compound,protein,1
417052,CPI,P31645,compound,protein,1
417052,CPI,P41595,compound,protein,0
417052,CPI,Q01959,compound,protein,0
4171,CPI,P28223,compound,protein,1
4171,CPI,P37288,compound,protein,1
4173,CPI,P04150,compound,protein,1
4173,CPI,P10828,compound,protein,1
4173,CPI,P28482,compound,protein,1
4173,CPI,P30542,compound,protein,1
4173,CPI,Q9NUW8,compound,protein,1
4173,CPI,Q96RR4,compound,protein,0
4173,CPI,O94806,compound,protein,0
4174,CPI,P04150,compound,protein,1
4174,CPI,P18089,compound,protein,1
4174,CPI,P28223,compound,protein,1
4174,CPI,O60674,compound,protein,0
41781,CPI,P11229,compound,protein,1
41781,CPI,P25021,compound,protein,1
4189,CPI,O00305,compound,protein,1
4189,CPI,P20309,compound,protein,1
4189,CPI,P21452,compound,protein,1
4189,CPI,Q08289,compound,protein,1
4189,CPI,O15439,compound,protein,0
4189,CPI,Q9UM73,compound,protein,0
4189,CPI,O96017,compound,protein,0
4189,CPI,Q00535,compound,protein,0
4189,CPI,Q15418,compound,protein,0
4189,CPI,Q9H093,compound,protein,0
4192,CPI,P08588,compound,protein,1
4192,CPI,P14618,compound,protein,0
4192,CPI,P52333,compound,protein,0
4192,CPI,P21917,compound,protein,0
4192,CPI,P06239,compound,protein,0
4195,CPI,P08913,compound,protein,1
4197,CPI,P18825,compound,protein,1
4197,CPI,P21397,compound,protein,1
4199,CPI,P23975,compound,protein,1
4199,CPI,P35462,compound,protein,1
4199,CPI,P41595,compound,protein,1
4199,CPI,Q86Z02,compound,protein,0
4199,CPI,Q9UPZ9,compound,protein,0
4199,CPI,P40225,compound,protein,0
4205,CPI,P25100,compound,protein,1
4205,CPI,P46098,compound,protein,1
4205,CPI,O95342,compound,protein,0
4205,CPI,Q16236,compound,protein,0
42052020,CPI,P08684,compound,protein,1
4211,CPI,Q01959,compound,protein,1
4211,CPI,P12931,compound,protein,0
4211,CPI,P84022,compound,protein,0
4211,CPI,P07949,compound,protein,0
4211,CPI,Q13464,compound,protein,0
4211,CPI,P08173,compound,protein,0
4212,CPI,P21728,compound,protein,1
4212,CPI,P28482,compound,protein,1
4212,CPI,P43220,compound,protein,1
4212,CPI,P43681,compound,protein,1
4212,CPI,Q02880,compound,protein,1
4212,CPI,Q16637,compound,protein,1
4212,CPI,Q16665,compound,protein,1
4212,CPI,Q16790,compound,protein,0
4217,CPI,P19838,compound,protein,1
4235,CPI,P18825,compound,protein,1
4235,CPI,P09769,compound,protein,0
4235,CPI,Q8N568,compound,protein,0
4236,CPI,P41595,compound,protein,1
4236,CPI,P23975,compound,protein,0
4236,CPI,P40225,compound,protein,0
4236,CPI,Q14164,compound,protein,0
4236,CPI,P23280,compound,protein,0
4257368,CPI,P51151,compound,protein,1
4257368,CPI,P35414,compound,protein,0
4260,CPI,P28335,compound,protein,1
4261,CPI,P11021,compound,protein,1
4261,CPI,P37288,compound,protein,0
4261,CPI,Q99808,compound,protein,0
4261,CPI,P35462,compound,protein,0
42611257,CPI,P00533,compound,protein,1
42611257,CPI,Q15569,compound,protein,0
42628507,CPI,P49760,compound,protein,1
42640807,CPI,P40763,compound,protein,1
42642645,CPI,P07948,compound,protein,1
42642645,CPI,P35414,compound,protein,1
42642645,CPI,P41240,compound,protein,1
42642645,CPI,P46734,compound,protein,1
42642645,CPI,P49759,compound,protein,1
42642645,CPI,P49760,compound,protein,1
42642645,CPI,Q04759,compound,protein,1
42642645,CPI,Q13555,compound,protein,1
42642645,CPI,Q7L7X3,compound,protein,1
42642645,CPI,Q86V86,compound,protein,1
42642645,CPI,Q8IVH8,compound,protein,1
42642645,CPI,Q92630,compound,protein,1
42642645,CPI,Q96RR4,compound,protein,1
42642645,CPI,Q9HCP0,compound,protein,1
42642645,CPI,P03372,compound,protein,0
42642645,CPI,P35462,compound,protein,0
42642645,CPI,P43681,compound,protein,0
42642645,CPI,Q99808,compound,protein,0
42642645,CPI,Q99700,compound,protein,0
42642645,CPI,Q9NWD8,compound,protein,0
42642645,CPI,P12532,compound,protein,0
42642645,CPI,P52701,compound,protein,0
42642645,CPI,Q53ET0,compound,protein,0
42642645,CPI,Q9H313,compound,protein,0
42642645,CPI,Q9H936,compound,protein,0
42642645,CPI,Q86WV1,compound,protein,0
42642645,CPI,O14929,compound,protein,0
42642645,CPI,O60232,compound,protein,0
42642645,CPI,Q86SG5,compound,protein,0
42642645,CPI,P61647,compound,protein,0
42642645,CPI,Q8IYI8,compound,protein,0
42642645,CPI,Q86TJ5,compound,protein,0
42642645,CPI,Q06495,compound,protein,0
42642645,CPI,Q8N144,compound,protein,0
42642645,CPI,O60356,compound,protein,0
4273754,CPI,P06401,compound,protein,0
4273754,CPI,Q13705,compound,protein,0
4284,CPI,P10828,compound,protein,1
4284525,CPI,P48039,compound,protein,1
4284720,CPI,P46098,compound,protein,0
4284720,CPI,Q8IWQ3,compound,protein,0
42890,CPI,P28335,compound,protein,1
42890,CPI,Q99816,compound,protein,1
42890,CPI,P54762,compound,protein,0
42955,CPI,P21731,compound,protein,1
42955,CPI,P41145,compound,protein,1
42955,CPI,Q01959,compound,protein,1
42955,CPI,Q9NQU5,compound,protein,0
42955,CPI,Q96FL8,compound,protein,0
4296,CPI,Q92830,compound,protein,1
4302963,CPI,P11712,compound,protein,0
4306,CPI,P33261,compound,protein,1
43232,CPI,P08173,compound,protein,1
4331799,CPI,P41145,compound,protein,1
4331799,CPI,P49798,compound,protein,1
4331799,CPI,P21918,compound,protein,0
4331799,CPI,P29323,compound,protein,0
43345,CPI,O60706,compound,protein,1
4336830,CPI,P10636,compound,protein,1
4336830,CPI,P21728,compound,protein,1
4350931,CPI,P14416,compound,protein,1
4369270,CPI,P29320,compound,protein,0
4369270,CPI,Q8IY84,compound,protein,0
4369359,CPI,P29597,compound,protein,0
4369359,CPI,Q86Y07,compound,protein,0
4369359,CPI,P19793,compound,protein,0
4375,CPI,P13945,compound,protein,0
4380,CPI,P00352,compound,protein,1
4380267,CPI,Q16236,compound,protein,1
4381126,CPI,P10275,compound,protein,0
4381126,CPI,P05177,compound,protein,0
439246,CPI,P02766,compound,protein,1
439246,CPI,P41145,compound,protein,1
439530,CPI,P62750,compound,protein,1
439530,CPI,O75676,compound,protein,0
4409,CPI,P30556,compound,protein,1
44093,CPI,P41597,compound,protein,0
44093,CPI,P21918,compound,protein,0
4410,CPI,P02545,compound,protein,1
441074,CPI,O95819,compound,protein,0
441074,CPI,P54760,compound,protein,0
4411,CPI,P08588,compound,protein,1
4411,CPI,P0DMS8,compound,protein,1
4411,CPI,P14416,compound,protein,1
4411,CPI,O15438,compound,protein,0
4411,CPI,O95342,compound,protein,0
4411,CPI,Q92887,compound,protein,0
4411,CPI,Q9UKE5,compound,protein,0
4411,CPI,O96013,compound,protein,0
44112,CPI,P31645,compound,protein,1
441194,CPI,P29376,compound,protein,0
441243,CPI,P08913,compound,protein,1
441243,CPI,Q9Y5N1,compound,protein,1
441243,CPI,P49759,compound,protein,0
441243,CPI,P45983,compound,protein,0
441289,CPI,P08588,compound,protein,1
441289,CPI,P11229,compound,protein,1
441289,CPI,P32238,compound,protein,1
441289,CPI,O15438,compound,protein,0
441289,CPI,Q15746,compound,protein,0
441289,CPI,Q13976,compound,protein,0
441289,CPI,Q16539,compound,protein,0
441289,CPI,Q12851,compound,protein,0
4413,CPI,P01375,compound,protein,1
4413,CPI,Q7L7X3,compound,protein,0
441336,CPI,Q9NRH2,compound,protein,0
44137946,CPI,O60674,compound,protein,1
441383,CPI,P18089,compound,protein,1
441383,CPI,Q16850,compound,protein,1
441383,CPI,Q96RG2,compound,protein,0
441383,CPI,P08253,compound,protein,0
441383,CPI,P42681,compound,protein,0
44142043,CPI,P00352,compound,protein,0
44142046,CPI,Q13627,compound,protein,1
44142051,CPI,Q9HAZ1,compound,protein,1
44142053,CPI,O75496,compound,protein,1
44142054,CPI,Q13627,compound,protein,1
44142057,CPI,Q9HAZ1,compound,protein,1
44142060,CPI,P21452,compound,protein,0
44142062,CPI,P11274,compound,protein,0
44142068,CPI,O75496,compound,protein,1
44142070,CPI,Q96KQ7,compound,protein,1
44142075,CPI,P84022,compound,protein,1
44142085,CPI,P16050,compound,protein,1
44142091,CPI,Q13546,compound,protein,0
44142100,CPI,Q9HC16,compound,protein,1
44142100,CPI,Q9UBT6,compound,protein,1
44142112,CPI,Q9UNA4,compound,protein,1
44142124,CPI,P30542,compound,protein,0
44142130,CPI,Q16236,compound,protein,1
44142131,CPI,O75030,compound,protein,1
44142131,CPI,Q16236,compound,protein,1
44142131,CPI,O75716,compound,protein,0
44142132,CPI,O75496,compound,protein,1
44142133,CPI,Q9P1W9,compound,protein,0
44142134,CPI,P23280,compound,protein,0
44142136,CPI,O75496,compound,protein,1
44142138,CPI,P51151,compound,protein,1
44142138,CPI,Q12851,compound,protein,0
44142145,CPI,Q14974,compound,protein,0
44142145,CPI,Q96L34,compound,protein,0
44142149,CPI,Q16236,compound,protein,1
44142351,CPI,O00506,compound,protein,0
44143089,CPI,Q2M2I8,compound,protein,0
44143153,CPI,P11473,compound,protein,1
44143153,CPI,P84022,compound,protein,1
44143703,CPI,Q9UBN1,compound,protein,0
44201003,CPI,P27487,compound,protein,1
44201003,CPI,Q96D53,compound,protein,0
44205240,CPI,Q9HCP0,compound,protein,1
44205240,CPI,O60503,compound,protein,0
44205240,CPI,P08238,compound,protein,0
4421,CPI,P51955,compound,protein,0
44223952,CPI,Q9HAZ1,compound,protein,1
44223952,CPI,P25100,compound,protein,0
44223973,CPI,Q16566,compound,protein,0
44223974,CPI,P49759,compound,protein,1
44237408,CPI,P51449,compound,protein,1
44247568,CPI,P41595,compound,protein,1
44259,CPI,O60331,compound,protein,1
44259,CPI,O60563,compound,protein,1
44259,CPI,O75385,compound,protein,1
44259,CPI,P06239,compound,protein,1
44259,CPI,P19525,compound,protein,1
44259,CPI,P23443,compound,protein,1
44259,CPI,P32298,compound,protein,1
44259,CPI,P37023,compound,protein,1
44259,CPI,P42338,compound,protein,1
44259,CPI,P42679,compound,protein,1
44259,CPI,P45985,compound,protein,1
44259,CPI,P48729,compound,protein,1
44259,CPI,P52564,compound,protein,1
44259,CPI,P53667,compound,protein,1
44259,CPI,Q00526,compound,protein,1
44259,CPI,Q00532,compound,protein,1
44259,CPI,Q00534,compound,protein,1
44259,CPI,Q05513,compound,protein,1
44259,CPI,Q09013,compound,protein,1
44259,CPI,Q14164,compound,protein,1
44259,CPI,Q15078,compound,protein,1
44259,CPI,Q8IWQ3,compound,protein,1
44259,CPI,Q8N752,compound,protein,1
44259,CPI,Q99558,compound,protein,1
44259,CPI,Q9C098,compound,protein,1
44259,CPI,Q9HBH9,compound,protein,1
44259,CPI,Q9UBU7,compound,protein,1
44259,CPI,P83916,compound,protein,0
44259,CPI,P03372,compound,protein,0
44259,CPI,P29274,compound,protein,0
44259,CPI,Q13148,compound,protein,0
44259,CPI,O75496,compound,protein,0
44259,CPI,Q99714,compound,protein,0
44259,CPI,P08913,compound,protein,0
44259,CPI,P0DMS8,compound,protein,0
44259,CPI,Q08117,compound,protein,0
44259,CPI,Q9BY78,compound,protein,0
44259,CPI,Q9BYJ1,compound,protein,0
44259,CPI,P55318,compound,protein,0
44259,CPI,P05112,compound,protein,0
44259,CPI,Q8NG31,compound,protein,0
44259,CPI,O75078,compound,protein,0
44259,CPI,C9J798,compound,protein,0
44259,CPI,Q96EN9,compound,protein,0
44259,CPI,A6NI73,compound,protein,0
44259,CPI,Q9P0V9,compound,protein,0
44259,CPI,Q6X4W1,compound,protein,0
4426,CPI,O00206,compound,protein,1
4426,CPI,P49137,compound,protein,0
442793,CPI,Q01959,compound,protein,0
4431,CPI,P30939,compound,protein,1
443375,CPI,P07550,compound,protein,1
443375,CPI,P10721,compound,protein,0
443389,CPI,P21731,compound,protein,0
443390,CPI,P08684,compound,protein,1
4436,CPI,Q9UEE5,compound,protein,0
4436,CPI,Q9H1R3,compound,protein,0
4436,CPI,P00533,compound,protein,0
443872,CPI,P15121,compound,protein,0
443879,CPI,Q9UKI8,compound,protein,0
443943,CPI,P23458,compound,protein,0
443943,CPI,P25929,compound,protein,0
443944,CPI,P21397,compound,protein,1
443944,CPI,P41968,compound,protein,1
443944,CPI,P00352,compound,protein,0
443955,CPI,Q01064,compound,protein,1
443955,CPI,Q08499,compound,protein,1
443955,CPI,Q12809,compound,protein,1
443955,CPI,Q96QE3,compound,protein,1
443955,CPI,Q13164,compound,protein,0
443955,CPI,Q9Y6L6,compound,protein,0
443955,CPI,Q9Y6R4,compound,protein,0
444,CPI,P08913,compound,protein,1
444,CPI,P14416,compound,protein,1
444,CPI,P35916,compound,protein,0
444,CPI,Q16236,compound,protein,0
444031,CPI,P08912,compound,protein,1
444031,CPI,P31645,compound,protein,1
444031,CPI,P04062,compound,protein,0
444031,CPI,P00915,compound,protein,0
444036,CPI,Q8TDS4,compound,protein,1
444036,CPI,P43405,compound,protein,0
44460113,CPI,P16050,compound,protein,1
44460116,CPI,P16050,compound,protein,1
44460175,CPI,P51151,compound,protein,1
44462758,CPI,P06239,compound,protein,1
444732,CPI,Q16637,compound,protein,1
444732,CPI,Q9UBN7,compound,protein,1
444732,CPI,Q92736,compound,protein,0
44473434,CPI,O15357,compound,protein,1
44483259,CPI,O94782,compound,protein,0
44483269,CPI,Q15208,compound,protein,0
44483274,CPI,Q02880,compound,protein,1
44483274,CPI,P78356,compound,protein,0
44483298,CPI,P04150,compound,protein,1
44483339,CPI,Q06124,compound,protein,1
44489694,CPI,Q9NUW8,compound,protein,1
444899,CPI,Q9Y6L6,compound,protein,1
444899,CPI,P08253,compound,protein,0
4449,CPI,P11229,compound,protein,1
4449,CPI,P25021,compound,protein,1
4449,CPI,P49760,compound,protein,0
4449,CPI,Q12866,compound,protein,0
4449,CPI,Q15831,compound,protein,0
4449,CPI,Q9NR56,compound,protein,0
4449,CPI,P07451,compound,protein,0
4449,CPI,P51151,compound,protein,0
44498587,CPI,P52564,compound,protein,0
4450,CPI,P35367,compound,protein,1
4450,CPI,P41595,compound,protein,1
4450,CPI,O15438,compound,protein,0
4450,CPI,P25100,compound,protein,0
4450,CPI,P54289,compound,protein,0
44505339,CPI,Q13148,compound,protein,1
44505415,CPI,P54762,compound,protein,0
44505465,CPI,Q16539,compound,protein,0
44505829,CPI,P07949,compound,protein,0
44505892,CPI,P43220,compound,protein,1
44516953,CPI,P25021,compound,protein,0
4452,CPI,P21917,compound,protein,1
4452,CPI,Q9NY57,compound,protein,0
445354,CPI,P19793,compound,protein,1
445354,CPI,P41222,compound,protein,1
445354,CPI,Q9HBH9,compound,protein,0
445354,CPI,P37023,compound,protein,0
445354,CPI,Q15831,compound,protein,0
445354,CPI,Q9UEW8,compound,protein,0
445354,CPI,P07900,compound,protein,0
445354,CPI,O43318,compound,protein,0
445354,CPI,O14730,compound,protein,0
44543611,CPI,Q15375,compound,protein,0
44551660,CPI,P48736,compound,protein,1
44551660,CPI,P25021,compound,protein,0
445580,CPI,P07550,compound,protein,0
445713,CPI,P53611,compound,protein,1
44593870,CPI,P53350,compound,protein,1
44593870,CPI,P42345,compound,protein,0
44595079,CPI,P23458,compound,protein,1
44595079,CPI,Q13043,compound,protein,1
44595079,CPI,P20309,compound,protein,0
44595079,CPI,Q9UEW8,compound,protein,0
44603533,CPI,P28223,compound,protein,0
44607530,CPI,P17948,compound,protein,0
44607573,CPI,O95977,compound,protein,1
44607573,CPI,P84022,compound,protein,1
44607587,CPI,Q13148,compound,protein,1
44607592,CPI,Q9NUW8,compound,protein,1
44607592,CPI,Q9UNQ0,compound,protein,1
44607592,CPI,Q14680,compound,protein,0
44607592,CPI,Q9UQM7,compound,protein,0
44623833,CPI,Q86V24,compound,protein,0
44623834,CPI,P53350,compound,protein,1
44623888,CPI,P11362,compound,protein,0
446284,CPI,P49798,compound,protein,1
446284,CPI,Q8NER1,compound,protein,1
446284,CPI,Q16288,compound,protein,0
446284,CPI,Q9UQM7,compound,protein,0
4463,CPI,Q9BXA7,compound,protein,0
4463,CPI,O14976,compound,protein,0
4463,CPI,P49760,compound,protein,0
44630539,CPI,P45984,compound,protein,0
44630539,CPI,P49760,compound,protein,0
44634701,CPI,O96013,compound,protein,0
44640176,CPI,Q99700,compound,protein,1
44640176,CPI,Q9Y616,compound,protein,0
446541,CPI,Q9NY57,compound,protein,0
446596,CPI,P08588,compound,protein,1
446596,CPI,P18825,compound,protein,1
446596,CPI,P30556,compound,protein,1
446596,CPI,P43681,compound,protein,1
446596,CPI,O15439,compound,protein,0
446596,CPI,O95342,compound,protein,0
446596,CPI,Q96RR4,compound,protein,0
446596,CPI,P35968,compound,protein,0
446596,CPI,O43353,compound,protein,0
446596,CPI,P50406,compound,protein,0
446596,CPI,P08173,compound,protein,0
446596,CPI,Q9H2G2,compound,protein,0
446598,CPI,P51617,compound,protein,0
447043,CPI,O43193,compound,protein,1
447043,CPI,P35367,compound,protein,1
447043,CPI,P37288,compound,protein,1
447043,CPI,P11021,compound,protein,0
447043,CPI,P01215,compound,protein,0
447043,CPI,P04049,compound,protein,0
4472,CPI,P33261,compound,protein,1
4472,CPI,Q9Y6M4,compound,protein,0
4477,CPI,P04150,compound,protein,1
4477,CPI,P08172,compound,protein,1
4477,CPI,P37840,compound,protein,1
447912,CPI,P09960,compound,protein,0
448055,CPI,Q05655,compound,protein,0
448055,CPI,O75874,compound,protein,0
44807133,CPI,P15056,compound,protein,0
44820550,CPI,P04062,compound,protein,1
44820570,CPI,Q86TW2,compound,protein,0
448281,CPI,Q9Y616,compound,protein,0
44828477,CPI,P41145,compound,protein,1
4485,CPI,P02545,compound,protein,1
4485,CPI,Q08289,compound,protein,1
4485,CPI,Q9NUW8,compound,protein,1
4485,CPI,O15438,compound,protein,0
4485,CPI,P11362,compound,protein,0
4485,CPI,Q13882,compound,protein,0
4485,CPI,Q9P1W9,compound,protein,0
4485,CPI,Q13627,compound,protein,0
448537,CPI,P00915,compound,protein,1
448537,CPI,P18089,compound,protein,1
448537,CPI,Q969S8,compound,protein,0
448537,CPI,P27487,compound,protein,0
448991,CPI,P07947,compound,protein,1
448991,CPI,Q15078,compound,protein,1
448991,CPI,P17948,compound,protein,0
449171,CPI,P10826,compound,protein,1
449193,CPI,Q07343,compound,protein,1
449215,CPI,P54132,compound,protein,1
449215,CPI,Q12809,compound,protein,0
449459,CPI,Q13393,compound,protein,1
4497,CPI,O95342,compound,protein,1
4497,CPI,P08235,compound,protein,1
4497,CPI,P21397,compound,protein,1
4497,CPI,P21554,compound,protein,1
4497,CPI,P30518,compound,protein,1
4497,CPI,P35367,compound,protein,1
4497,CPI,P51589,compound,protein,1
4497,CPI,Q9HAZ1,compound,protein,0
4497,CPI,Q13233,compound,protein,0
4499,CPI,Q9UQD0,compound,protein,0
4499,CPI,Q00653,compound,protein,0
4499,CPI,P19525,compound,protein,0
4499,CPI,P0C1S8,compound,protein,0
4500,CPI,Q13153,compound,protein,0
45006067,CPI,Q01201,compound,protein,1
4506,CPI,O75469,compound,protein,1
4506,CPI,P08588,compound,protein,1
4506,CPI,P25929,compound,protein,1
4506,CPI,P13945,compound,protein,0
4506,CPI,Q16584,compound,protein,0
45105106,CPI,Q05940,compound,protein,1
45138674,CPI,P08172,compound,protein,1
4514,CPI,O75469,compound,protein,1
4514,CPI,Q9NUW8,compound,protein,1
4520732,CPI,Q04771,compound,protein,0
4521392,CPI,P07949,compound,protein,1
4521392,CPI,P11362,compound,protein,1
4521392,CPI,P42685,compound,protein,1
4521392,CPI,P49761,compound,protein,1
4521392,CPI,P51812,compound,protein,1
4521392,CPI,P54762,compound,protein,1
4521392,CPI,Q15759,compound,protein,1
4521392,CPI,Q16288,compound,protein,1
4521392,CPI,Q9BRS2,compound,protein,1
4521392,CPI,Q9P289,compound,protein,1
4521392,CPI,Q9Y6R4,compound,protein,1
4521392,CPI,Q99759,compound,protein,0
4521392,CPI,P25929,compound,protein,0
4521392,CPI,P34969,compound,protein,0
4521392,CPI,O00329,compound,protein,0
4521392,CPI,P13945,compound,protein,0
4521392,CPI,Q9UNA4,compound,protein,0
4521392,CPI,P84022,compound,protein,0
4521392,CPI,Q9BS92,compound,protein,0
4521392,CPI,P0CE72,compound,protein,0
4521392,CPI,Q9H6P5,compound,protein,0
4521392,CPI,Q13608,compound,protein,0
4521392,CPI,Q14314,compound,protein,0
4521392,CPI,Q9Y5I2,compound,protein,0
4521392,CPI,Q8NGA1,compound,protein,0
4521392,CPI,Q9NP71,compound,protein,0
4521392,CPI,Q9Y232,compound,protein,0
4521392,CPI,Q6UX04,compound,protein,0
4528,CPI,P18054,compound,protein,1
4533,CPI,P41145,compound,protein,1
4534,CPI,P32249,compound,protein,1
4534,CPI,P37840,compound,protein,1
4534,CPI,Q99714,compound,protein,1
4534,CPI,P11712,compound,protein,0
4534,CPI,P41595,compound,protein,0
45375953,CPI,P42345,compound,protein,1
4539,CPI,P21731,compound,protein,1
4539,CPI,P37288,compound,protein,1
4539,CPI,P17252,compound,protein,0
4539,CPI,P51957,compound,protein,0
4539,CPI,Q9UNA4,compound,protein,0
454216,CPI,Q9NUW8,compound,protein,1
4543,CPI,P07550,compound,protein,1
4543,CPI,Q13554,compound,protein,0
4549,CPI,P28482,compound,protein,1
4549,CPI,P49674,compound,protein,0
4552,CPI,P19838,compound,protein,1
456201,CPI,P18089,compound,protein,0
456214,CPI,P12931,compound,protein,1
456214,CPI,P32249,compound,protein,1
456214,CPI,P18825,compound,protein,0
456214,CPI,Q08345,compound,protein,0
456214,CPI,Q9NRP7,compound,protein,0
456389,CPI,O75469,compound,protein,1
4567,CPI,P35367,compound,protein,1
4567,CPI,P35462,compound,protein,1
4567,CPI,P28482,compound,protein,0
4567,CPI,P42345,compound,protein,0
4567,CPI,P07949,compound,protein,0
457193,CPI,P24928,compound,protein,1
457193,CPI,P16499,compound,protein,0
457193,CPI,P49760,compound,protein,0
4573811,CPI,P04062,compound,protein,1
4578,CPI,P08684,compound,protein,1
4578,CPI,P23219,compound,protein,0
457964,CPI,P02545,compound,protein,1
457964,CPI,P35398,compound,protein,1
457964,CPI,Q8TDX7,compound,protein,0
4593,CPI,P53350,compound,protein,0
4594,CPI,P11473,compound,protein,1
4594,CPI,P14618,compound,protein,1
4601,CPI,Q05586,compound,protein,1
4601,CPI,P49674,compound,protein,0
4601225,CPI,P24666,compound,protein,1
460747,CPI,P06746,compound,protein,1
460747,CPI,Q15208,compound,protein,0
460747,CPI,P05177,compound,protein,0
4614,CPI,P11229,compound,protein,1
4614,CPI,P18089,compound,protein,1
4614,CPI,P15056,compound,protein,0
4615,CPI,P10635,compound,protein,1
4615,CPI,P11229,compound,protein,1
4615,CPI,P31645,compound,protein,1
46173038,CPI,Q92769,compound,protein,0
46173053,CPI,P06239,compound,protein,0
46191454,CPI,O60563,compound,protein,1
46191454,CPI,P06493,compound,protein,1
46191454,CPI,P35968,compound,protein,1
46191454,CPI,P49759,compound,protein,1
46191454,CPI,P36544,compound,protein,0
46191454,CPI,P48169,compound,protein,0
46191454,CPI,O43570,compound,protein,0
46191454,CPI,P29376,compound,protein,0
46191454,CPI,P07333,compound,protein,0
46191454,CPI,O43283,compound,protein,0
46209133,CPI,P27487,compound,protein,1
46213929,CPI,P53671,compound,protein,1
46215462,CPI,P08631,compound,protein,0
46215815,CPI,P31749,compound,protein,1
46215815,CPI,P35968,compound,protein,1
4622,CPI,Q16665,compound,protein,1
46220502,CPI,O43781,compound,protein,1
46220502,CPI,P08922,compound,protein,1
46220502,CPI,P51946,compound,protein,1
46220502,CPI,Q08499,compound,protein,1
46220502,CPI,P35590,compound,protein,0
46220502,CPI,P27037,compound,protein,0
46224516,CPI,Q13163,compound,protein,0
46233311,CPI,Q15822,compound,protein,0
462382,CPI,Q96KQ7,compound,protein,1
462382,CPI,Q9ULK4,compound,protein,0
46239015,CPI,P27448,compound,protein,1
46239015,CPI,Q9BZL6,compound,protein,1
46239015,CPI,P04049,compound,protein,0
46239015,CPI,P43681,compound,protein,0
4624,CPI,P46063,compound,protein,1
4624,CPI,P48730,compound,protein,0
4624993,CPI,Q8NG66,compound,protein,0
46398810,CPI,P07947,compound,protein,1
4641,CPI,Q13163,compound,protein,0
4641,CPI,Q00534,compound,protein,0
4659569,CPI,Q9HC97,compound,protein,1
4659569,CPI,O43293,compound,protein,0
4659569,CPI,P08631,compound,protein,0
4659569,CPI,Q8N568,compound,protein,0
4666,CPI,O75469,compound,protein,1
46695,CPI,P00352,compound,protein,1
46700756,CPI,Q9Y478,compound,protein,1
46700756,CPI,P28566,compound,protein,0
4671,CPI,Q96RR4,compound,protein,0
4674,CPI,Q01959,compound,protein,1
4674,CPI,P49798,compound,protein,0
467801,CPI,Q92769,compound,protein,1
46780805,CPI,P43088,compound,protein,1
46780805,CPI,P49674,compound,protein,0
4679,CPI,P54760,compound,protein,0
4679,CPI,P29597,compound,protein,0
4679,CPI,Q8TBX8,compound,protein,0
4680,CPI,O95342,compound,protein,1
4680,CPI,Q9NS40,compound,protein,0
4680,CPI,P33402,compound,protein,0
46843772,CPI,Q5S007,compound,protein,1
46843772,CPI,P35368,compound,protein,0
46843772,CPI,P28221,compound,protein,0
46843772,CPI,Q13233,compound,protein,0
46843906,CPI,Q16665,compound,protein,0
46851313,CPI,P35869,compound,protein,1
46861588,CPI,P07947,compound,protein,1
46861588,CPI,Q13936,compound,protein,0
46903353,CPI,P43220,compound,protein,1
46905018,CPI,P35414,compound,protein,1
46907787,CPI,Q8NFT8,compound,protein,1
46908929,CPI,P31639,compound,protein,1
46908929,CPI,P37288,compound,protein,0
4691,CPI,P08588,compound,protein,1
4691,CPI,P08912,compound,protein,1
4691,CPI,P21918,compound,protein,1
4691,CPI,Q9BYT3,compound,protein,0
46912091,CPI,Q9UNQ0,compound,protein,1
46912091,CPI,Q9NUW8,compound,protein,0
46912230,CPI,O75496,compound,protein,0
46916170,CPI,P13945,compound,protein,0
46916206,CPI,P29466,compound,protein,1
46926350,CPI,P42330,compound,protein,1
46926350,CPI,Q16620,compound,protein,0
46926360,CPI,O75907,compound,protein,1
46931012,CPI,Q13163,compound,protein,1
46931242,CPI,Q96T88,compound,protein,1
46931242,CPI,P36897,compound,protein,0
46931242,CPI,P04278,compound,protein,0
46940575,CPI,Q13490,compound,protein,1
46943432,CPI,Q6PL18,compound,protein,1
4708,CPI,P30939,compound,protein,0
4723,CPI,O15438,compound,protein,0
4723,CPI,P42338,compound,protein,0
4737,CPI,P08913,compound,protein,1
4737,CPI,Q9Y5N1,compound,protein,0
4740,CPI,P14416,compound,protein,1
4740,CPI,P30518,compound,protein,1
4740,CPI,Q96PY6,compound,protein,0
4746,CPI,O00329,compound,protein,0
4748,CPI,P20309,compound,protein,1
4748,CPI,P21554,compound,protein,1
4748,CPI,P41968,compound,protein,1
4748,CPI,P43681,compound,protein,1
4748,CPI,P36896,compound,protein,0
4753,CPI,P08913,compound,protein,1
4753,CPI,Q92847,compound,protein,1
4753,CPI,P47869,compound,protein,0
4758734,CPI,Q04771,compound,protein,0
4760,CPI,P18825,compound,protein,1
4760,CPI,P21731,compound,protein,1
4760,CPI,P30411,compound,protein,1
4760,CPI,P35367,compound,protein,1
4760,CPI,P41595,compound,protein,1
4760,CPI,Q9NR56,compound,protein,1
4760,CPI,P51955,compound,protein,0
4760,CPI,P06239,compound,protein,0
4760,CPI,Q13188,compound,protein,0
4760,CPI,Q16637,compound,protein,0
4761,CPI,P21462,compound,protein,0
4768,CPI,P41145,compound,protein,0
4768,CPI,P04626,compound,protein,0
4770,CPI,Q76MJ5,compound,protein,0
4775,CPI,P08908,compound,protein,1
4775,CPI,P21728,compound,protein,1
4775,CPI,P35372,compound,protein,1
4775,CPI,P50406,compound,protein,1
4775,CPI,Q00535,compound,protein,0
4775,CPI,P45985,compound,protein,0
47811,CPI,P08908,compound,protein,1
47811,CPI,P28335,compound,protein,1
47811,CPI,P35462,compound,protein,1
47811,CPI,P49760,compound,protein,0
4788,CPI,P06746,compound,protein,1
4788,CPI,Q12884,compound,protein,0
4788,CPI,P04792,compound,protein,0
4788,CPI,P48735,compound,protein,0
4813,CPI,P06239,compound,protein,1
4813,CPI,P36888,compound,protein,1
4813,CPI,Q13188,compound,protein,1
4813,CPI,Q13464,compound,protein,1
4813,CPI,O75496,compound,protein,1
4813,CPI,P42345,compound,protein,1
4813,CPI,P30556,compound,protein,0
4813,CPI,O75128,compound,protein,0
4817,CPI,O94782,compound,protein,1
4817,CPI,P27695,compound,protein,1
481747,CPI,P29274,compound,protein,0
4822,CPI,P21728,compound,protein,1
4822,CPI,P35372,compound,protein,1
48229,CPI,O95342,compound,protein,0
4823,CPI,P21397,compound,protein,1
4826,CPI,P48167,compound,protein,0
4828,CPI,P02545,compound,protein,1
4828,CPI,P21397,compound,protein,1
4828,CPI,P21917,compound,protein,1
4828,CPI,O94921,compound,protein,0
4828,CPI,P08631,compound,protein,0
4830,CPI,P14416,compound,protein,1
4830,CPI,P28223,compound,protein,1
4830,CPI,P35462,compound,protein,1
4830,CPI,Q9UEE5,compound,protein,0
4831588,CPI,P84022,compound,protein,1
4832119,CPI,P10636,compound,protein,1
4839,CPI,Q13237,compound,protein,0
4846,CPI,Q07343,compound,protein,0
4846,CPI,P54762,compound,protein,0
4846,CPI,Q9UBE8,compound,protein,0
4847,CPI,P16473,compound,protein,1
4848,CPI,P14061,compound,protein,0
4849,CPI,P18054,compound,protein,0
4850,CPI,O15439,compound,protein,0
4858,CPI,Q9Y6L6,compound,protein,0
4858,CPI,P23219,compound,protein,0
4865,CPI,P84022,compound,protein,1
4865,CPI,Q16236,compound,protein,1
4878,CPI,P37840,compound,protein,1
4878,CPI,Q12851,compound,protein,1
4878,CPI,Q13188,compound,protein,1
4878,CPI,Q5S007,compound,protein,1
4878,CPI,Q96RR4,compound,protein,1
4878,CPI,P32245,compound,protein,0
4878,CPI,P10636,compound,protein,0
4879298,CPI,Q03164,compound,protein,1
4883,CPI,P35354,compound,protein,1
4883,CPI,P42338,compound,protein,0
4883,CPI,P0C1S8,compound,protein,0
4883,CPI,Q8TD19,compound,protein,0
4883,CPI,P43405,compound,protein,0
4886,CPI,Q9UI33,compound,protein,1
4886,CPI,Q9Y5Y9,compound,protein,1
4886,CPI,Q96GD4,compound,protein,0
4888,CPI,Q96KQ7,compound,protein,1
4891,CPI,P52292,compound,protein,0
4893,CPI,P49286,compound,protein,1
4893,CPI,Q96FL8,compound,protein,1
4893,CPI,Q9BXA7,compound,protein,0
4908,CPI,P16083,compound,protein,1
4908,CPI,P36894,compound,protein,0
4909,CPI,P11229,compound,protein,1
4909,CPI,P18089,compound,protein,1
4909,CPI,P18505,compound,protein,1
4909,CPI,Q8N1C3,compound,protein,1
4909,CPI,Q99808,compound,protein,1
4909,CPI,P11712,compound,protein,0
4909,CPI,P36888,compound,protein,0
4910,CPI,P19838,compound,protein,1
4911,CPI,O75496,compound,protein,1
4911,CPI,P21554,compound,protein,1
4911,CPI,P30556,compound,protein,1
4911,CPI,Q16790,compound,protein,1
4911,CPI,Q96RR4,compound,protein,0
4911,CPI,Q06710,compound,protein,0
4914,CPI,Q86W47,compound,protein,1
4915,CPI,P21731,compound,protein,1
4915,CPI,P27338,compound,protein,1
4915,CPI,P33261,compound,protein,1
4915,CPI,Q99755,compound,protein,0
4917,CPI,P23975,compound,protein,1
4917,CPI,Q08499,compound,protein,1
4917,CPI,P11362,compound,protein,0
4917,CPI,Q96DD7,compound,protein,0
4919,CPI,P31645,compound,protein,1
4919,CPI,P42681,compound,protein,0
4922,CPI,P25103,compound,protein,1
4922,CPI,Q9H0K1,compound,protein,0
4926,CPI,P10635,compound,protein,1
4926,CPI,Q9Y5N1,compound,protein,1
4926,CPI,P12931,compound,protein,0
4926,CPI,Q16539,compound,protein,0
4927,CPI,P35372,compound,protein,1
4927,CPI,Q9NY46,compound,protein,1
4927,CPI,Q16512,compound,protein,0
4927,CPI,Q12866,compound,protein,0
4927,CPI,Q9H422,compound,protein,0
4930,CPI,P07550,compound,protein,1
4932,CPI,P08183,compound,protein,1
4932,CPI,P08588,compound,protein,1
4932,CPI,Q14524,compound,protein,1
4932,CPI,Q02750,compound,protein,0
4935,CPI,Q99720,compound,protein,1
493570,CPI,P38398,compound,protein,1
493570,CPI,P54764,compound,protein,0
4939,CPI,P10721,compound,protein,0
4939,CPI,P41143,compound,protein,0
4946,CPI,P08172,compound,protein,1
4946,CPI,P28223,compound,protein,1
4946,CPI,Q01959,compound,protein,1
4946,CPI,Q14524,compound,protein,1
4946,CPI,Q9Y5N1,compound,protein,1
4946,CPI,Q9P0L2,compound,protein,0
4946,CPI,O15118,compound,protein,0
49792852,CPI,P11309,compound,protein,1
49792852,CPI,P33981,compound,protein,1
49792852,CPI,Q13627,compound,protein,0
49792852,CPI,Q13233,compound,protein,0
49792852,CPI,P15735,compound,protein,0
49792852,CPI,Q9Y6M4,compound,protein,0
49831257,CPI,P51617,compound,protein,1
49831257,CPI,P09211,compound,protein,0
49836027,CPI,P27986,compound,protein,1
49836027,CPI,P11229,compound,protein,0
49843416,CPI,Q06710,compound,protein,1
49850262,CPI,P51813,compound,protein,0
49852967,CPI,P0C264,compound,protein,0
49855250,CPI,P62750,compound,protein,0
49867926,CPI,Q08289,compound,protein,0
49867929,CPI,P51946,compound,protein,1
4991,CPI,P83916,compound,protein,1
4992,CPI,P35372,compound,protein,1
4995951,CPI,P11229,compound,protein,1
4996,CPI,P06239,compound,protein,0
5002,CPI,P07305,compound,protein,1
5002,CPI,P08913,compound,protein,1
5002,CPI,P14416,compound,protein,1
5002,CPI,P28222,compound,protein,1
5002,CPI,P35367,compound,protein,1
5002,CPI,O95342,compound,protein,0
5002,CPI,P28482,compound,protein,0
5002,CPI,P49840,compound,protein,0
5002,CPI,P06239,compound,protein,0
5002,CPI,P10721,compound,protein,0
5002,CPI,P08581,compound,protein,0
5011,CPI,Q86UX6,compound,protein,0
5024764,CPI,P21728,compound,protein,1
5024764,CPI,P27695,compound,protein,1
5024764,CPI,O15075,compound,protein,0
5029,CPI,O43193,compound,protein,1
5029,CPI,P21917,compound,protein,1
5029,CPI,Q8NFI3,compound,protein,1
5029,CPI,P78362,compound,protein,0
5029,CPI,Q9UBS5,compound,protein,0
5032,CPI,P29323,compound,protein,0
5034,CPI,P04637,compound,protein,1
5034,CPI,P19838,compound,protein,1
5034,CPI,Q12809,compound,protein,1
5034,CPI,P17948,compound,protein,0
5034,CPI,P06241,compound,protein,0
5034,CPI,Q02763,compound,protein,0
5035,CPI,O60341,compound,protein,1
5035,CPI,P00352,compound,protein,1
5035,CPI,P08172,compound,protein,1
5035,CPI,P08684,compound,protein,1
5035,CPI,P13945,compound,protein,1
5035,CPI,P21397,compound,protein,1
5035,CPI,Q15125,compound,protein,1
5055,CPI,O43570,compound,protein,1
5055,CPI,P23219,compound,protein,1
5056,CPI,P05067,compound,protein,1
5056,CPI,Q8TCG2,compound,protein,1
5056,CPI,O75496,compound,protein,1
5056,CPI,P05177,compound,protein,1
5056,CPI,P43220,compound,protein,1
5056,CPI,Q16236,compound,protein,1
5056,CPI,Q99714,compound,protein,1
5056,CPI,Q9NTG7,compound,protein,1
5056,CPI,Q9NUW8,compound,protein,1
5056,CPI,Q9H4B4,compound,protein,0
5056,CPI,Q00537,compound,protein,0
5056,CPI,O00329,compound,protein,0
5056,CPI,P28223,compound,protein,0
5056,CPI,P36507,compound,protein,0
5056,CPI,P43405,compound,protein,0
5056,CPI,P29274,compound,protein,0
5059,CPI,P09917,compound,protein,1
50599,CPI,Q04912,compound,protein,0
5063,CPI,Q9NUW8,compound,protein,1
5071,CPI,P03372,compound,protein,1
5071,CPI,P21728,compound,protein,1
5071,CPI,P51812,compound,protein,0
5071,CPI,P11274,compound,protein,0
5073,CPI,P21554,compound,protein,1
5073,CPI,P21918,compound,protein,1
5073,CPI,P23415,compound,protein,1
5073,CPI,O15439,compound,protein,0
5073,CPI,P42345,compound,protein,0
5074,CPI,P35368,compound,protein,1
5074,CPI,P37288,compound,protein,0
5074,CPI,P46098,compound,protein,0
5074,CPI,P42685,compound,protein,0
5074,CPI,Q13131,compound,protein,0
5078,CPI,Q01959,compound,protein,1
5078,CPI,Q5S007,compound,protein,0
5078,CPI,Q8TD08,compound,protein,0
5081913,CPI,P53350,compound,protein,1
5081913,CPI,Q9BZL6,compound,protein,1
5081913,CPI,P16234,compound,protein,0
5087,CPI,P28482,compound,protein,1
5090,CPI,P34969,compound,protein,1
5090,CPI,Q9UIK4,compound,protein,0
5090,CPI,Q8NE63,compound,protein,0
5090,CPI,P00533,compound,protein,0
5090,CPI,Q9Y616,compound,protein,0
5092,CPI,P01375,compound,protein,1
5092,CPI,O75469,compound,protein,0
5095,CPI,P28222,compound,protein,1
5095,CPI,P28223,compound,protein,1
5095,CPI,O14757,compound,protein,0
5103,CPI,O00418,compound,protein,1
51038269,CPI,P36888,compound,protein,1
51038269,CPI,O60391,compound,protein,0
51039095,CPI,O94806,compound,protein,0
5126051,CPI,Q13255,compound,protein,1
51371412,CPI,P53667,compound,protein,0
5143,CPI,P59538,compound,protein,0
5152,CPI,P21728,compound,protein,1
5152,CPI,P78368,compound,protein,0
515328,CPI,O75496,compound,protein,1
515328,CPI,P27707,compound,protein,1
5154,CPI,O15296,compound,protein,1
5154,CPI,P02545,compound,protein,1
5154,CPI,P05177,compound,protein,1
5154,CPI,P40225,compound,protein,1
5154,CPI,Q99700,compound,protein,1
5154,CPI,Q86W47,compound,protein,0
5154691,CPI,P41240,compound,protein,1
5154691,CPI,Q15139,compound,protein,1
51634,CPI,P14410,compound,protein,1
51634,CPI,O95342,compound,protein,0
5166,CPI,P48730,compound,protein,1
5166,CPI,O14965,compound,protein,1
5166,CPI,P16591,compound,protein,1
5166,CPI,P31751,compound,protein,1
5166,CPI,P51451,compound,protein,1
5166,CPI,P51812,compound,protein,1
5166,CPI,Q9H4B4,compound,protein,1
5166,CPI,Q9UBE8,compound,protein,0
5166,CPI,Q14432,compound,protein,0
5166,CPI,Q14164,compound,protein,0
5166,CPI,Q8NI60,compound,protein,0
5166,CPI,Q15569,compound,protein,0
5166,CPI,O75874,compound,protein,0
5166,CPI,Q96RR4,compound,protein,0
5166,CPI,P35354,compound,protein,0
5166,CPI,Q99714,compound,protein,0
5166,CPI,P54132,compound,protein,0
5166,CPI,P16050,compound,protein,0
5169,CPI,O60674,compound,protein,1
5169,CPI,O94804,compound,protein,1
5169,CPI,P07947,compound,protein,1
5169,CPI,P15735,compound,protein,1
5169,CPI,P19784,compound,protein,1
5169,CPI,P29322,compound,protein,1
5169,CPI,P36507,compound,protein,1
5169,CPI,P43405,compound,protein,1
5169,CPI,P51812,compound,protein,1
5169,CPI,Q07002,compound,protein,1
5169,CPI,Q13131,compound,protein,1
5169,CPI,Q14012,compound,protein,1
5169,CPI,Q8N568,compound,protein,1
5169,CPI,Q8N5S9,compound,protein,1
5169,CPI,Q8TD08,compound,protein,1
5169,CPI,Q92918,compound,protein,1
5169,CPI,P05129,compound,protein,0
5169,CPI,O43318,compound,protein,0
5169,CPI,P42345,compound,protein,0
5169,CPI,P22303,compound,protein,0
5169,CPI,Q86Z02,compound,protein,0
5169,CPI,Q9UNQ0,compound,protein,0
5169,CPI,O96017,compound,protein,0
5169,CPI,Q13163,compound,protein,0
5169,CPI,P10828,compound,protein,0
5169,CPI,P21452,compound,protein,0
5169,CPI,P20794,compound,protein,0
5169,CPI,O15118,compound,protein,0
5169,CPI,P51956,compound,protein,0
5169,CPI,P42679,compound,protein,0
5169,CPI,Q9P270,compound,protein,0
5170952,CPI,P27695,compound,protein,1
5173,CPI,Q9UQL6,compound,protein,1
5190,CPI,P07550,compound,protein,1
5190,CPI,P10636,compound,protein,1
5190,CPI,Q9BXA7,compound,protein,0
5205,CPI,P21728,compound,protein,1
5205,CPI,Q9Y6E0,compound,protein,0
5205,CPI,P30542,compound,protein,0
5205,CPI,P06746,compound,protein,0
5215,CPI,P00374,compound,protein,1
5215,CPI,P08908,compound,protein,1
5215,CPI,P30411,compound,protein,1
5215,CPI,P30518,compound,protein,1
5215,CPI,O95342,compound,protein,0
5215,CPI,P08684,compound,protein,0
5215,CPI,P84022,compound,protein,0
5215,CPI,P42330,compound,protein,0
5228,CPI,P07332,compound,protein,0
5265,CPI,P08172,compound,protein,1
5265,CPI,Q16665,compound,protein,1
5265,CPI,P54760,compound,protein,0
5265,CPI,Q13976,compound,protein,0
5265,CPI,O75747,compound,protein,0
5275766,CPI,P17948,compound,protein,0
5280343,CPI,P04054,compound,protein,1
5280343,CPI,P15428,compound,protein,1
5280343,CPI,P22314,compound,protein,1
5280343,CPI,P25705,compound,protein,1
5280343,CPI,P27986,compound,protein,1
5280343,CPI,Q7L5N7,compound,protein,1
5280343,CPI,Q9UBT6,compound,protein,1
5280343,CPI,Q9H7X2,compound,protein,0
5280343,CPI,O15444,compound,protein,0
5280343,CPI,Q9UL42,compound,protein,0
5280343,CPI,Q92858,compound,protein,0
5280343,CPI,Q5THR3,compound,protein,0
5280360,CPI,Q9NSA0,compound,protein,1
5280363,CPI,P21731,compound,protein,1
5280363,CPI,Q9Y5Y4,compound,protein,1
5280443,CPI,P11511,compound,protein,1
5280443,CPI,P22748,compound,protein,1
5280443,CPI,P27487,compound,protein,1
5280443,CPI,P49841,compound,protein,1
5280443,CPI,Q16678,compound,protein,1
5280443,CPI,Q96GD4,compound,protein,1
5280443,CPI,Q9H255,compound,protein,0
5280443,CPI,P42336,compound,protein,0
5280443,CPI,P25116,compound,protein,0
5280445,CPI,O75173,compound,protein,1
5280445,CPI,P09874,compound,protein,1
5280445,CPI,P28074,compound,protein,1
5280445,CPI,Q8WTS6,compound,protein,1
5280445,CPI,P31749,compound,protein,0
5280445,CPI,Q15375,compound,protein,0
5280445,CPI,Q9H4B4,compound,protein,0
5280453,CPI,P11308,compound,protein,0
5280569,CPI,P23219,compound,protein,0
5280569,CPI,O60331,compound,protein,0
5280647,CPI,P10636,compound,protein,1
5280647,CPI,Q00532,compound,protein,0
5280723,CPI,P08913,compound,protein,1
5280723,CPI,Q99808,compound,protein,1
5280723,CPI,P09769,compound,protein,0
5280723,CPI,P36894,compound,protein,0
5280723,CPI,Q13627,compound,protein,0
5280804,CPI,P00918,compound,protein,1
5280805,CPI,P16152,compound,protein,1
5280805,CPI,Q13523,compound,protein,0
5280863,CPI,P52564,compound,protein,0
5280863,CPI,P11802,compound,protein,0
5280933,CPI,Q08493,compound,protein,0
5280934,CPI,P12955,compound,protein,0
5280953,CPI,Q13464,compound,protein,1
5280953,CPI,P17252,compound,protein,0
5280953,CPI,P24723,compound,protein,0
5280953,CPI,O94806,compound,protein,0
5280953,CPI,Q14432,compound,protein,0
5280961,CPI,O43451,compound,protein,1
5280961,CPI,P00519,compound,protein,1
5280961,CPI,P14061,compound,protein,1
5280961,CPI,P28223,compound,protein,1
5280961,CPI,Q96QE3,compound,protein,1
5280961,CPI,P30291,compound,protein,0
5280961,CPI,P29376,compound,protein,0
5281004,CPI,P04083,compound,protein,1
5281004,CPI,P23975,compound,protein,1
5281004,CPI,Q92731,compound,protein,1
5281004,CPI,Q92952,compound,protein,0
5281004,CPI,P52564,compound,protein,0
5281037,CPI,P08912,compound,protein,1
5281037,CPI,P11229,compound,protein,1
5281037,CPI,Q9BYT3,compound,protein,0
5281037,CPI,Q96QE3,compound,protein,0
5281040,CPI,P06401,compound,protein,1
5281040,CPI,P0DMS8,compound,protein,1
5281040,CPI,P18825,compound,protein,1
5281040,CPI,P06213,compound,protein,0
5281040,CPI,P30939,compound,protein,0
5281051,CPI,P11473,compound,protein,1
5281051,CPI,P35462,compound,protein,1
5281404,CPI,P22303,compound,protein,1
5281404,CPI,Q13627,compound,protein,1
5281404,CPI,P51955,compound,protein,0
5281404,CPI,O00238,compound,protein,0
5281404,CPI,P35354,compound,protein,0
5281565,CPI,Q03431,compound,protein,0
5281571,CPI,Q14191,compound,protein,1
5281571,CPI,Q9NUW8,compound,protein,1
5281571,CPI,Q9Y468,compound,protein,1
5281571,CPI,P31645,compound,protein,0
5281571,CPI,Q8N752,compound,protein,0
5281571,CPI,Q5BJF2,compound,protein,0
5281607,CPI,P28074,compound,protein,1
5281607,CPI,Q92830,compound,protein,0
5281613,CPI,Q13188,compound,protein,0
5281643,CPI,P27695,compound,protein,1
5281657,CPI,P49662,compound,protein,0
5281670,CPI,P27361,compound,protein,0
5281670,CPI,P41595,compound,protein,0
5281672,CPI,O15296,compound,protein,1
5281672,CPI,Q15746,compound,protein,1
5281672,CPI,Q15842,compound,protein,0
5281672,CPI,Q9BX84,compound,protein,0
5281707,CPI,P03372,compound,protein,1
5281727,CPI,P55789,compound,protein,1
5281787,CPI,P11021,compound,protein,1
5281787,CPI,P00915,compound,protein,0
5281855,CPI,O14965,compound,protein,1
5281855,CPI,P00533,compound,protein,1
5281855,CPI,P43405,compound,protein,1
5281855,CPI,P54760,compound,protein,1
5281855,CPI,Q14576,compound,protein,1
5281855,CPI,Q99808,compound,protein,0
5281855,CPI,P53355,compound,protein,0
5281855,CPI,Q8TBX8,compound,protein,0
5281855,CPI,O95342,compound,protein,0
5282054,CPI,P36888,compound,protein,0
5282136,CPI,P03372,compound,protein,1
5282136,CPI,P08913,compound,protein,1
5282136,CPI,P18089,compound,protein,1
5282136,CPI,P21731,compound,protein,1
5282136,CPI,P32245,compound,protein,1
5282136,CPI,P80192,compound,protein,0
5282136,CPI,P32297,compound,protein,0
5282219,CPI,P51451,compound,protein,0
5282230,CPI,Q00532,compound,protein,0
5282375,CPI,P21397,compound,protein,1
5282375,CPI,P23975,compound,protein,1
5282375,CPI,P25021,compound,protein,1
5282375,CPI,P30556,compound,protein,1
5282375,CPI,P32238,compound,protein,1
5282375,CPI,P41145,compound,protein,1
5282375,CPI,P43681,compound,protein,1
5282375,CPI,Q9Y243,compound,protein,0
5282375,CPI,P33261,compound,protein,0
5282375,CPI,Q9H2X6,compound,protein,0
5282451,CPI,P20701,compound,protein,1
5282451,CPI,Q9NUW8,compound,protein,1
5282452,CPI,P35354,compound,protein,1
5282452,CPI,P31751,compound,protein,0
5282452,CPI,Q96D53,compound,protein,0
5282452,CPI,Q9UQM7,compound,protein,0
5282452,CPI,P30291,compound,protein,0
5282452,CPI,P42680,compound,protein,0
5283389,CPI,P39748,compound,protein,1
5283389,CPI,P14416,compound,protein,0
5283389,CPI,Q96QE3,compound,protein,0
5283389,CPI,P36507,compound,protein,0
5283389,CPI,P50750,compound,protein,0
5283389,CPI,Q9H0K1,compound,protein,0
5284513,CPI,O43193,compound,protein,1
5284513,CPI,P30542,compound,protein,1
5284513,CPI,P43681,compound,protein,1
5284513,CPI,P52564,compound,protein,0
5284550,CPI,P08172,compound,protein,1
5284550,CPI,P10635,compound,protein,1
5284583,CPI,Q00975,compound,protein,1
5284596,CPI,P35372,compound,protein,1
5284616,CPI,P08172,compound,protein,1
5284616,CPI,P18825,compound,protein,1
5284616,CPI,P62942,compound,protein,1
5284639,CPI,P38398,compound,protein,1
5284639,CPI,Q9UM07,compound,protein,0
5286239,CPI,P33261,compound,protein,1
5287855,CPI,O15118,compound,protein,1
5287969,CPI,O14965,compound,protein,1
5287969,CPI,O60285,compound,protein,1
5287969,CPI,O75116,compound,protein,1
5287969,CPI,O94806,compound,protein,1
5287969,CPI,O95835,compound,protein,1
5287969,CPI,P04626,compound,protein,1
5287969,CPI,P07949,compound,protein,1
5287969,CPI,P12931,compound,protein,1
5287969,CPI,P29320,compound,protein,1
5287969,CPI,P32298,compound,protein,1
5287969,CPI,P36894,compound,protein,1
5287969,CPI,P42681,compound,protein,1
5287969,CPI,P48729,compound,protein,1
5287969,CPI,P51451,compound,protein,1
5287969,CPI,P53779,compound,protein,1
5287969,CPI,Q04759,compound,protein,1
5287969,CPI,Q13546,compound,protein,1
5287969,CPI,Q4G0J3,compound,protein,1
5287969,CPI,Q86Z02,compound,protein,1
5287969,CPI,Q8IWQ3,compound,protein,1
5287969,CPI,Q8IYT8,compound,protein,1
5287969,CPI,Q99759,compound,protein,1
5287969,CPI,Q9H2K8,compound,protein,1
5287969,CPI,Q9HAZ1,compound,protein,1
5287969,CPI,Q9NRM7,compound,protein,1
5287969,CPI,Q9P0L2,compound,protein,1
5287969,CPI,P29274,compound,protein,0
5287969,CPI,Q16665,compound,protein,0
5287969,CPI,P41968,compound,protein,0
5287969,CPI,Q9Y5N1,compound,protein,0
5287969,CPI,Q6ZUT6,compound,protein,0
5287969,CPI,Q96K75,compound,protein,0
5287969,CPI,P02008,compound,protein,0
5287969,CPI,P13796,compound,protein,0
5287969,CPI,Q7RTY1,compound,protein,0
5287969,CPI,Q8N196,compound,protein,0
5287969,CPI,P08887,compound,protein,0
5287969,CPI,Q8TDI7,compound,protein,0
5287969,CPI,P32121,compound,protein,0
5287969,CPI,Q86TI0,compound,protein,0
5287969,CPI,Q9NVR2,compound,protein,0
5287969,CPI,Q155Q3,compound,protein,0
5287969,CPI,Q9BT92,compound,protein,0
5287969,CPI,Q8NCX0,compound,protein,0
5287969,CPI,Q99569,compound,protein,0
5287969,CPI,Q07020,compound,protein,0
5288600,CPI,P48730,compound,protein,1
5288600,CPI,P49674,compound,protein,1
5288783,CPI,P03372,compound,protein,1
5291,CPI,O14578,compound,protein,1
5291,CPI,O60331,compound,protein,1
5291,CPI,O75385,compound,protein,1
5291,CPI,O94768,compound,protein,1
5291,CPI,P04629,compound,protein,1
5291,CPI,P11274,compound,protein,1
5291,CPI,P23458,compound,protein,1
5291,CPI,P27448,compound,protein,1
5291,CPI,P35916,compound,protein,1
5291,CPI,P45983,compound,protein,1
5291,CPI,P45984,compound,protein,1
5291,CPI,P49674,compound,protein,1
5291,CPI,P53350,compound,protein,1
5291,CPI,P54756,compound,protein,1
5291,CPI,Q04912,compound,protein,1
5291,CPI,Q15418,compound,protein,1
5291,CPI,Q32MK0,compound,protein,1
5291,CPI,Q86UE8,compound,protein,1
5291,CPI,Q8NE63,compound,protein,1
5291,CPI,Q8NI60,compound,protein,1
5291,CPI,Q9H2K8,compound,protein,1
5291,CPI,Q9NR20,compound,protein,1
5291,CPI,Q9Y463,compound,protein,1
5291,CPI,O94782,compound,protein,0
5291,CPI,O00555,compound,protein,0
5291,CPI,P18405,compound,protein,0
5291,CPI,Q9UN88,compound,protein,0
5291,CPI,Q8TCT1,compound,protein,0
5291,CPI,Q7Z2W7,compound,protein,0
5291,CPI,P11712,compound,protein,0
5291,CPI,P22001,compound,protein,0
5291,CPI,P00352,compound,protein,0
5291,CPI,Q13698,compound,protein,0
5291,CPI,P34969,compound,protein,0
5291,CPI,P35372,compound,protein,0
5291,CPI,P04062,compound,protein,0
5291,CPI,Q99549,compound,protein,0
5310346,CPI,Q9HC97,compound,protein,1
5310966,CPI,P03372,compound,protein,1
5311,CPI,P46663,compound,protein,1
5311,CPI,Q12809,compound,protein,1
5311,CPI,Q8WUI4,compound,protein,1
5311,CPI,Q9UQL6,compound,protein,1
5311,CPI,O15550,compound,protein,0
5311,CPI,Q96BR1,compound,protein,0
5311,CPI,Q96GD4,compound,protein,0
5311,CPI,P29322,compound,protein,0
5311037,CPI,P35968,compound,protein,1
5311037,CPI,Q08499,compound,protein,1
5311042,CPI,Q9HAZ1,compound,protein,0
5311053,CPI,P43115,compound,protein,1
5311067,CPI,P06401,compound,protein,1
5311097,CPI,P35236,compound,protein,0
5311097,CPI,P08238,compound,protein,0
5311100,CPI,P43220,compound,protein,0
5311181,CPI,Q13258,compound,protein,1
5311191,CPI,P16050,compound,protein,1
5311191,CPI,Q14680,compound,protein,0
5311221,CPI,Q9UBS5,compound,protein,0
5311346,CPI,Q9P1W9,compound,protein,0
5311412,CPI,P11474,compound,protein,1
5311412,CPI,P21728,compound,protein,1
5311412,CPI,P32245,compound,protein,1
5311412,CPI,Q04912,compound,protein,0
5311412,CPI,Q13233,compound,protein,0
5311451,CPI,P30990,compound,protein,1
5311451,CPI,Q7L7X3,compound,protein,0
5311452,CPI,P13945,compound,protein,1
5311452,CPI,Q9NUW8,compound,protein,1
5311454,CPI,O00591,compound,protein,1
5311454,CPI,Q01959,compound,protein,1
5311454,CPI,P11712,compound,protein,0
5311454,CPI,Q13131,compound,protein,0
5311454,CPI,P35354,compound,protein,0
5311454,CPI,Q9UHD2,compound,protein,0
5311454,CPI,O75469,compound,protein,0
5311507,CPI,O75469,compound,protein,1
5311507,CPI,P11229,compound,protein,1
5311507,CPI,P14416,compound,protein,1
5311507,CPI,P21554,compound,protein,1
5311507,CPI,P31645,compound,protein,1
5311507,CPI,P09917,compound,protein,0
5311510,CPI,O75496,compound,protein,1
5311510,CPI,P43220,compound,protein,1
5312149,CPI,P30939,compound,protein,1
5312149,CPI,P34969,compound,protein,1
5312149,CPI,P35462,compound,protein,1
5312529,CPI,P27695,compound,protein,1
5312529,CPI,Q8IVH8,compound,protein,0
5318386,CPI,P11229,compound,protein,1
5318998,CPI,P23743,compound,protein,0
5323,CPI,Q9Y2K2,compound,protein,0
53232,CPI,P31645,compound,protein,1
53235510,CPI,P00519,compound,protein,1
53235510,CPI,P21802,compound,protein,1
53235510,CPI,Q8IW41,compound,protein,1
53235510,CPI,P18089,compound,protein,0
53235510,CPI,Q9UBE8,compound,protein,0
53235510,CPI,Q13555,compound,protein,0
5323714,CPI,P08172,compound,protein,1
5327,CPI,P06401,compound,protein,1
5327,CPI,P25929,compound,protein,1
5327,CPI,P31751,compound,protein,0
5327,CPI,Q96D53,compound,protein,0
5327,CPI,P07333,compound,protein,0
5328,CPI,P23975,compound,protein,1
5328,CPI,P29274,compound,protein,1
5328,CPI,P30556,compound,protein,1
5328,CPI,P08183,compound,protein,0
5328,CPI,P49798,compound,protein,0
5328771,CPI,Q13526,compound,protein,1
5328771,CPI,Q15303,compound,protein,0
5328771,CPI,P41240,compound,protein,0
5328772,CPI,O75496,compound,protein,1
5328804,CPI,P39748,compound,protein,1
5328804,CPI,P35916,compound,protein,0
5328807,CPI,Q14191,compound,protein,1
5328940,CPI,P08069,compound,protein,1
5328940,CPI,P21554,compound,protein,1
5328940,CPI,P35916,compound,protein,1
5328940,CPI,P37288,compound,protein,1
5328940,CPI,P51957,compound,protein,1
5328940,CPI,P68400,compound,protein,1
5328940,CPI,P80370,compound,protein,1
5328940,CPI,Q05397,compound,protein,1
5328940,CPI,Q06187,compound,protein,1
5328940,CPI,Q07002,compound,protein,1
5328940,CPI,Q13188,compound,protein,1
5328940,CPI,Q7L7X3,compound,protein,1
5328940,CPI,Q86Z02,compound,protein,1
5328940,CPI,Q8IWQ3,compound,protein,1
5328940,CPI,Q8N4C8,compound,protein,1
5328940,CPI,Q8TBX8,compound,protein,1
5328940,CPI,Q8WTQ7,compound,protein,1
5328940,CPI,Q96NX5,compound,protein,1
5328940,CPI,Q96PY6,compound,protein,1
5328940,CPI,Q99755,compound,protein,1
5328940,CPI,Q9NSY1,compound,protein,1
5328940,CPI,Q9UNQ0,compound,protein,1
5328940,CPI,P40225,compound,protein,0
5328940,CPI,O75874,compound,protein,0
5328940,CPI,P04062,compound,protein,0
5328940,CPI,P08173,compound,protein,0
5328940,CPI,P27338,compound,protein,0
5328940,CPI,Q9BRY0,compound,protein,0
5328940,CPI,Q15527,compound,protein,0
5328940,CPI,Q9Y6Q1,compound,protein,0
5328940,CPI,Q5U3C3,compound,protein,0
5328940,CPI,Q3LI63,compound,protein,0
5328940,CPI,A8MV65,compound,protein,0
5328940,CPI,Q4G0P3,compound,protein,0
5328940,CPI,Q9Y6V0,compound,protein,0
5328940,CPI,P37275,compound,protein,0
5328940,CPI,Q96HF1,compound,protein,0
5328940,CPI,Q6UXT9,compound,protein,0
5328940,CPI,Q8N461,compound,protein,0
5328940,CPI,Q9NPB8,compound,protein,0
5328940,CPI,Q9BPZ3,compound,protein,0
5328940,CPI,O95859,compound,protein,0
5328940,CPI,Q8WU39,compound,protein,0
5328940,CPI,Q9UPN7,compound,protein,0
5328940,CPI,Q6PJ69,compound,protein,0
5329,CPI,O43193,compound,protein,1
5329,CPI,P21554,compound,protein,1
5329,CPI,P49840,compound,protein,0
5329098,CPI,Q9H2K8,compound,protein,0
5329099,CPI,P11678,compound,protein,0
5329099,CPI,P36544,compound,protein,0
5329099,CPI,Q16602,compound,protein,0
5329099,CPI,P39023,compound,protein,0
5329099,CPI,P55085,compound,protein,0
5329099,CPI,P16455,compound,protein,0
5329102,CPI,O15111,compound,protein,1
5329102,CPI,O15530,compound,protein,1
5329102,CPI,O60285,compound,protein,1
5329102,CPI,O95382,compound,protein,1
5329102,CPI,O96017,compound,protein,1
5329102,CPI,P07949,compound,protein,1
5329102,CPI,P0C264,compound,protein,1
5329102,CPI,P36507,compound,protein,1
5329102,CPI,P42679,compound,protein,1
5329102,CPI,P53355,compound,protein,1
5329102,CPI,Q00536,compound,protein,1
5329102,CPI,Q13555,compound,protein,1
5329102,CPI,Q15759,compound,protein,1
5329102,CPI,Q16539,compound,protein,1
5329102,CPI,Q16620,compound,protein,1
5329102,CPI,Q59H18,compound,protein,1
5329102,CPI,Q86Y07,compound,protein,1
5329102,CPI,Q8IW41,compound,protein,1
5329102,CPI,Q8N752,compound,protein,1
5329102,CPI,Q8TD08,compound,protein,1
5329102,CPI,Q96RI1,compound,protein,1
5329102,CPI,Q96RR4,compound,protein,1
5329102,CPI,Q99683,compound,protein,1
5329102,CPI,Q9H093,compound,protein,1
5329102,CPI,Q9NSY1,compound,protein,1
5329102,CPI,Q9UBF8,compound,protein,1
5329102,CPI,P23219,compound,protein,0
5329102,CPI,Q8IWF6,compound,protein,0
5329102,CPI,Q15126,compound,protein,0
5329102,CPI,A1IGU5,compound,protein,0
5329102,CPI,O95947,compound,protein,0
5329102,CPI,Q96JK9,compound,protein,0
5329102,CPI,Q9HCJ0,compound,protein,0
5329102,CPI,A6NC86,compound,protein,0
5329102,CPI,Q8WXH4,compound,protein,0
5329102,CPI,Q8N7Q3,compound,protein,0
5329102,CPI,Q9H6T3,compound,protein,0
5329102,CPI,Q6ZUT3,compound,protein,0
5329102,CPI,P04264,compound,protein,0
5329102,CPI,Q9Y2T4,compound,protein,0
5329102,CPI,P04053,compound,protein,0
5329102,CPI,Q9H4I3,compound,protein,0
5329102,CPI,Q9UBC1,compound,protein,0
5329102,CPI,O60307,compound,protein,0
5329102,CPI,Q9HC77,compound,protein,0
5329102,CPI,Q7L5L3,compound,protein,0
5329255,CPI,Q01959,compound,protein,0
5330535,CPI,P36888,compound,protein,1
5330790,CPI,P00519,compound,protein,1
5330790,CPI,P15056,compound,protein,1
5330790,CPI,P16234,compound,protein,1
5330790,CPI,P29322,compound,protein,1
5330790,CPI,P42681,compound,protein,1
5330790,CPI,P43403,compound,protein,1
5330790,CPI,P49137,compound,protein,1
5330790,CPI,P51813,compound,protein,1
5330790,CPI,P54762,compound,protein,1
5330790,CPI,Q04759,compound,protein,1
5330790,CPI,Q05397,compound,protein,1
5330790,CPI,Q13873,compound,protein,1
5330790,CPI,Q96SB4,compound,protein,1
5330790,CPI,O95747,compound,protein,0
5330790,CPI,P07451,compound,protein,0
5330790,CPI,P20794,compound,protein,0
5330790,CPI,Q08499,compound,protein,0
5330790,CPI,P08912,compound,protein,0
5330790,CPI,Q9H2X6,compound,protein,0
5330790,CPI,P21397,compound,protein,0
5330790,CPI,P06746,compound,protein,0
5330790,CPI,P54803,compound,protein,0
5330790,CPI,P41595,compound,protein,0
5330790,CPI,Q9UPZ9,compound,protein,0
5330790,CPI,Q9UEW8,compound,protein,0
5330790,CPI,P04637,compound,protein,0
5330790,CPI,P11802,compound,protein,0
53315878,CPI,O14744,compound,protein,1
53315878,CPI,Q15910,compound,protein,1
53315878,CPI,P49761,compound,protein,0
53315878,CPI,P41968,compound,protein,0
53315878,CPI,P27448,compound,protein,0
53315878,CPI,P04629,compound,protein,0
53340666,CPI,Q92769,compound,protein,1
5335,CPI,O14965,compound,protein,0
5336,CPI,P06401,compound,protein,1
5336,CPI,P0DMS8,compound,protein,1
5336,CPI,P25021,compound,protein,1
5336,CPI,P30411,compound,protein,1
5336,CPI,P32245,compound,protein,1
5336,CPI,P49146,compound,protein,0
5336,CPI,P34903,compound,protein,0
5337997,CPI,P54803,compound,protein,1
5337997,CPI,P11229,compound,protein,0
53382703,CPI,P37840,compound,protein,1
53389,CPI,P08684,compound,protein,1
5339,CPI,O43193,compound,protein,1
5339,CPI,P01375,compound,protein,1
5339,CPI,P04054,compound,protein,1
5339,CPI,P35367,compound,protein,1
5339,CPI,Q96QE3,compound,protein,1
5340,CPI,P31645,compound,protein,1
5340,CPI,Q96PY6,compound,protein,0
5340,CPI,Q9UKI8,compound,protein,0
5342,CPI,Q9NUW8,compound,protein,1
5342,CPI,O14965,compound,protein,0
5344,CPI,P25021,compound,protein,1
5344,CPI,P41595,compound,protein,1
5344,CPI,P43681,compound,protein,1
5344,CPI,P06239,compound,protein,0
53484654,CPI,Q8N5S9,compound,protein,0
5351344,CPI,Q9NPD5,compound,protein,0
5352062,CPI,O15379,compound,protein,1
5352062,CPI,Q9NUW8,compound,protein,1
5353,CPI,P02545,compound,protein,1
5353431,CPI,Q9NUW8,compound,protein,1
5353431,CPI,Q96PY6,compound,protein,0
5353432,CPI,Q9UQB9,compound,protein,0
5353454,CPI,P02545,compound,protein,1
5353454,CPI,Q96QE3,compound,protein,1
5353593,CPI,O00763,compound,protein,0
5353623,CPI,P27695,compound,protein,1
5353623,CPI,P21453,compound,protein,0
5353685,CPI,Q6PHR2,compound,protein,0
5353685,CPI,P14679,compound,protein,0
5353842,CPI,P04054,compound,protein,1
5353853,CPI,P06401,compound,protein,1
5353853,CPI,Q9UQB9,compound,protein,0
5358,CPI,P35372,compound,protein,1
5360630,CPI,P41145,compound,protein,1
5360697,CPI,P35372,compound,protein,1
5360697,CPI,Q15139,compound,protein,0
5361,CPI,Q9H4B4,compound,protein,0
5361,CPI,O00506,compound,protein,0
5361092,CPI,P41145,compound,protein,1
5361092,CPI,Q92887,compound,protein,0
5361202,CPI,P16473,compound,protein,1
5362,CPI,P84022,compound,protein,1
5362,CPI,P05129,compound,protein,0
5362032,CPI,O75914,compound,protein,0
5362119,CPI,O75116,compound,protein,0
5362119,CPI,Q13555,compound,protein,0
5362124,CPI,P18825,compound,protein,1
5362124,CPI,P21728,compound,protein,1
5362124,CPI,P21917,compound,protein,1
5362124,CPI,P27037,compound,protein,0
5362124,CPI,Q9BQI3,compound,protein,0
5362129,CPI,P23975,compound,protein,1
5362129,CPI,P09237,compound,protein,0
5362129,CPI,Q9UGL1,compound,protein,0
53734236,CPI,P08908,compound,protein,1
53734236,CPI,Q9BUB5,compound,protein,0
53734236,CPI,O95835,compound,protein,0
5379,CPI,P21731,compound,protein,1
5379,CPI,O43283,compound,protein,0
5379,CPI,Q96GD4,compound,protein,0
5379,CPI,P01375,compound,protein,0
5379,CPI,P29317,compound,protein,0
5381,CPI,P18825,compound,protein,1
5386,CPI,P04818,compound,protein,1
5387,CPI,P33261,compound,protein,1
5387,CPI,Q9Y468,compound,protein,1
5387,CPI,P28223,compound,protein,0
5388962,CPI,P18825,compound,protein,1
5388962,CPI,P27695,compound,protein,1
5388962,CPI,P35462,compound,protein,1
5388962,CPI,P08246,compound,protein,0
5392,CPI,O00329,compound,protein,0
5401,CPI,P00734,compound,protein,1
5401,CPI,O75116,compound,protein,0
5405,CPI,P08913,compound,protein,1
5405,CPI,Q13936,compound,protein,1
5405,CPI,Q14524,compound,protein,1
5405,CPI,Q9Y5S2,compound,protein,0
5405,CPI,P51813,compound,protein,0
5405,CPI,P51451,compound,protein,0
5408,CPI,Q8IVH8,compound,protein,0
5411,CPI,P21728,compound,protein,1
5411,CPI,P35372,compound,protein,1
5411,CPI,P36888,compound,protein,0
5411,CPI,A0AUZ9,compound,protein,0
5411,CPI,Q8IY18,compound,protein,0
5426,CPI,P18825,compound,protein,1
5426,CPI,P58215,compound,protein,0
5430,CPI,Q96FL8,compound,protein,0
5430,CPI,Q05397,compound,protein,0
54367,CPI,P08908,compound,protein,1
54367,CPI,Q96KQ7,compound,protein,1
54385,CPI,P35367,compound,protein,1
54454,CPI,P10632,compound,protein,1
54454,CPI,Q9UK32,compound,protein,0
54477,CPI,P35462,compound,protein,1
5450,CPI,P47871,compound,protein,0
5452,CPI,P21917,compound,protein,1
5452,CPI,P25021,compound,protein,1
5452,CPI,P35368,compound,protein,1
5452,CPI,Q99720,compound,protein,1
5452,CPI,Q8TET4,compound,protein,0
5452,CPI,Q9Y618,compound,protein,0
5452,CPI,P20366,compound,protein,0
5452,CPI,P06493,compound,protein,0
5453,CPI,P28335,compound,protein,1
5453,CPI,Q9NUW8,compound,protein,1
5455,CPI,O75496,compound,protein,1
5455,CPI,O75936,compound,protein,1
5455,CPI,P07550,compound,protein,1
5455,CPI,P21802,compound,protein,0
5458656,CPI,P11712,compound,protein,1
5462501,CPI,P12821,compound,protein,1
54637826,CPI,Q06710,compound,protein,1
54637826,CPI,P42338,compound,protein,0
54646520,CPI,Q06710,compound,protein,1
5467,CPI,P50406,compound,protein,1
5467,CPI,Q8WXA8,compound,protein,1
5467,CPI,O95342,compound,protein,0
5467,CPI,Q13188,compound,protein,0
54676038,CPI,P04637,compound,protein,1
54676038,CPI,P15559,compound,protein,1
54676038,CPI,P25929,compound,protein,1
54676038,CPI,Q9HC97,compound,protein,1
54676038,CPI,P31749,compound,protein,0
54676038,CPI,Q9HAZ1,compound,protein,0
54676038,CPI,Q00537,compound,protein,0
54676038,CPI,Q13554,compound,protein,0
54676038,CPI,P21709,compound,protein,0
54676038,CPI,P45985,compound,protein,0
54676038,CPI,Q15139,compound,protein,0
54676038,CPI,P52564,compound,protein,0
54676478,CPI,O15438,compound,protein,0
54676535,CPI,Q8N4C8,compound,protein,0
54676537,CPI,O75496,compound,protein,1
54676537,CPI,P21554,compound,protein,1
5468,CPI,P11229,compound,protein,1
5468,CPI,P31645,compound,protein,1
5468,CPI,Q9UDR5,compound,protein,0
54685921,CPI,P35968,compound,protein,0
54685921,CPI,Q99808,compound,protein,0
5472,CPI,Q99720,compound,protein,1
5472,CPI,Q9H2K8,compound,protein,0
5472,CPI,O94925,compound,protein,0
54746,CPI,P30518,compound,protein,1
54746,CPI,P37840,compound,protein,0
5475586,CPI,P27361,compound,protein,1
5479,CPI,P28223,compound,protein,1
5479,CPI,O15439,compound,protein,0
5479,CPI,P51812,compound,protein,0
5479,CPI,P11309,compound,protein,0
5482,CPI,P41145,compound,protein,1
5482,CPI,Q8WYN0,compound,protein,1
5482,CPI,Q9Y4P1,compound,protein,1
5482,CPI,Q05397,compound,protein,0
54841,CPI,O15296,compound,protein,1
5487,CPI,P41145,compound,protein,1
5487,CPI,P41595,compound,protein,1
5487,CPI,P07949,compound,protein,0
5487427,CPI,P07550,compound,protein,1
5487427,CPI,P33261,compound,protein,0
5487427,CPI,P51955,compound,protein,0
5488548,CPI,O15438,compound,protein,0
54892,CPI,P08588,compound,protein,1
54892,CPI,P25021,compound,protein,1
54892,CPI,P41595,compound,protein,1
54892,CPI,P43681,compound,protein,1
54892,CPI,O15439,compound,protein,0
54892,CPI,P34947,compound,protein,0
54892,CPI,Q9UQB9,compound,protein,0
54892,CPI,Q96BR1,compound,protein,0
54892,CPI,P29320,compound,protein,0
54892,CPI,Q13188,compound,protein,0
54897,CPI,Q8NE63,compound,protein,0
5494449,CPI,O15111,compound,protein,1
5494449,CPI,O75914,compound,protein,1
5494449,CPI,O95835,compound,protein,1
5494449,CPI,P17948,compound,protein,1
5494449,CPI,P22607,compound,protein,1
5494449,CPI,P23443,compound,protein,1
5494449,CPI,P29317,compound,protein,1
5494449,CPI,P30530,compound,protein,1
5494449,CPI,P53671,compound,protein,1
5494449,CPI,P57058,compound,protein,1
5494449,CPI,Q13043,compound,protein,1
5494449,CPI,Q15746,compound,protein,1
5494449,CPI,Q6ZN16,compound,protein,1
5494449,CPI,Q8IW41,compound,protein,1
5494449,CPI,Q8NE63,compound,protein,1
5494449,CPI,Q8TDC3,compound,protein,1
5494449,CPI,Q8TDR2,compound,protein,1
5494449,CPI,Q96BR1,compound,protein,1
5494449,CPI,Q12809,compound,protein,0
5494449,CPI,P08684,compound,protein,0
5494449,CPI,P08913,compound,protein,0
5494449,CPI,P35462,compound,protein,0
5494449,CPI,Q01959,compound,protein,0
5494449,CPI,P32245,compound,protein,0
5494449,CPI,P43220,compound,protein,0
5494449,CPI,P29274,compound,protein,0
5494449,CPI,Q8TC07,compound,protein,0
5494449,CPI,Q12796,compound,protein,0
5494449,CPI,O14770,compound,protein,0
5494449,CPI,O95388,compound,protein,0
5494449,CPI,Q6ZNH5,compound,protein,0
5494449,CPI,Q9BUI4,compound,protein,0
5494449,CPI,Q2NL68,compound,protein,0
5494449,CPI,Q12802,compound,protein,0
5494449,CPI,C9J2C7,compound,protein,0
5494449,CPI,Q68CR1,compound,protein,0
5494449,CPI,Q9BYU1,compound,protein,0
5498067,CPI,O14920,compound,protein,0
5501,CPI,P11309,compound,protein,0
5503,CPI,P37288,compound,protein,1
5503,CPI,Q9UPZ9,compound,protein,0
5503,CPI,Q9UKE5,compound,protein,0
5503,CPI,Q8NI60,compound,protein,0
5503,CPI,Q9NYL2,compound,protein,0
5505,CPI,Q92830,compound,protein,0
5505,CPI,P07948,compound,protein,0
5505,CPI,P51957,compound,protein,0
5505,CPI,P08684,compound,protein,0
5509,CPI,P23219,compound,protein,1
5510,CPI,Q13546,compound,protein,0
5510,CPI,O75747,compound,protein,0
5511,CPI,P08172,compound,protein,1
5511,CPI,P54756,compound,protein,0
5522,CPI,Q99714,compound,protein,1
5522,CPI,O15146,compound,protein,0
55245,CPI,P03372,compound,protein,1
55245,CPI,P0DMS8,compound,protein,1
55245,CPI,P21554,compound,protein,1
55245,CPI,P25021,compound,protein,1
55245,CPI,Q96KQ7,compound,protein,1
55245,CPI,P0C1S8,compound,protein,0
55245,CPI,O14936,compound,protein,0
55245,CPI,Q15878,compound,protein,0
5526,CPI,P18825,compound,protein,1
5526,CPI,P28223,compound,protein,1
5526,CPI,P37288,compound,protein,1
5526,CPI,Q9NY57,compound,protein,0
5526,CPI,O76039,compound,protein,0
55283,CPI,Q96GD4,compound,protein,0
5531,CPI,P16499,compound,protein,1
5531,CPI,Q08499,compound,protein,1
5531,CPI,Q7L7X3,compound,protein,0
5531,CPI,P04629,compound,protein,0
5531,CPI,P43681,compound,protein,0
5533,CPI,P25021,compound,protein,1
5533,CPI,Q96Q40,compound,protein,0
5533,CPI,Q14289,compound,protein,0
5533,CPI,P29597,compound,protein,0
55445,CPI,Q06187,compound,protein,0
5546,CPI,O95665,compound,protein,0
5564,CPI,P04062,compound,protein,0
5564,CPI,P52333,compound,protein,0
5566,CPI,P35462,compound,protein,1
5566,CPI,P41145,compound,protein,1
5566,CPI,Q9NYX4,compound,protein,1
5566,CPI,O95819,compound,protein,0
5566,CPI,Q08345,compound,protein,0
5566,CPI,P53350,compound,protein,0
5566,CPI,P23443,compound,protein,0
5574,CPI,P08172,compound,protein,1
5574,CPI,O94925,compound,protein,0
5578,CPI,P08588,compound,protein,1
5578,CPI,P21397,compound,protein,1
5578,CPI,P37288,compound,protein,1
5578,CPI,P41145,compound,protein,1
5584,CPI,P08173,compound,protein,1
5584,CPI,P46098,compound,protein,1
5584,CPI,P49137,compound,protein,0
5585,CPI,P08908,compound,protein,1
5585,CPI,P21731,compound,protein,1
5585,CPI,P43681,compound,protein,1
5585,CPI,Q9UNQ0,compound,protein,0
5585,CPI,Q99549,compound,protein,0
5585,CPI,P04278,compound,protein,0
5587,CPI,P21728,compound,protein,1
5587,CPI,P30411,compound,protein,1
5587,CPI,P30518,compound,protein,1
5587,CPI,P33981,compound,protein,0
5591,CPI,P09211,compound,protein,1
5591,CPI,Q96RI1,compound,protein,1
5591,CPI,P53350,compound,protein,0
5593,CPI,O95342,compound,protein,0
5593,CPI,Q13554,compound,protein,0
5593,CPI,P11362,compound,protein,0
5614,CPI,P37840,compound,protein,1
5614,CPI,Q9BY41,compound,protein,0
5614,CPI,P30411,compound,protein,0
5614,CPI,P40763,compound,protein,0
564,CPI,P02545,compound,protein,1
564,CPI,P06401,compound,protein,1
564,CPI,P07550,compound,protein,1
564,CPI,P41968,compound,protein,1
564,CPI,P07949,compound,protein,0
564,CPI,P08069,compound,protein,0
564,CPI,Q96JB1,compound,protein,0
5656,CPI,P21397,compound,protein,1
5656,CPI,O15244,compound,protein,0
5656,CPI,Q08345,compound,protein,0
56599306,CPI,Q8NEB9,compound,protein,1
56639570,CPI,O60341,compound,protein,1
56639570,CPI,P45985,compound,protein,0
56649450,CPI,Q8NEB9,compound,protein,1
56649450,CPI,P34969,compound,protein,0
5665,CPI,P30411,compound,protein,1
5665,CPI,Q9Y2K2,compound,protein,0
56654642,CPI,Q92769,compound,protein,1
56654642,CPI,Q9UQL6,compound,protein,0
566661,CPI,P43220,compound,protein,0
56676725,CPI,P42345,compound,protein,0
5681,CPI,Q15746,compound,protein,0
5684,CPI,P21917,compound,protein,1
5684,CPI,P32238,compound,protein,0
5684,CPI,P30556,compound,protein,0
56840728,CPI,P11274,compound,protein,0
56840865,CPI,P04054,compound,protein,1
56846693,CPI,P15056,compound,protein,1
56846693,CPI,P53779,compound,protein,1
56846693,CPI,Q02750,compound,protein,1
56846693,CPI,Q15746,compound,protein,1
56846693,CPI,Q9NYL2,compound,protein,1
56846693,CPI,P0DMS8,compound,protein,0
56846693,CPI,P08913,compound,protein,0
56846693,CPI,Q92847,compound,protein,0
5694,CPI,Q9BZL6,compound,protein,0
5694,CPI,Q5S007,compound,protein,0
56959,CPI,Q14524,compound,protein,1
56971,CPI,O75030,compound,protein,0
56971,CPI,Q5NUL3,compound,protein,0
5701997,CPI,P06241,compound,protein,0
5701997,CPI,Q8WXR4,compound,protein,0
5702015,CPI,P34969,compound,protein,1
5702015,CPI,P35462,compound,protein,1
5702015,CPI,Q6XUX3,compound,protein,0
5702031,CPI,P03372,compound,protein,1
5702041,CPI,P42338,compound,protein,0
5702042,CPI,P05026,compound,protein,1
5702068,CPI,P54803,compound,protein,1
5702077,CPI,O75469,compound,protein,1
5702077,CPI,P08686,compound,protein,1
5702084,CPI,P20309,compound,protein,1
5702124,CPI,P27338,compound,protein,1
5702140,CPI,O94925,compound,protein,0
5702140,CPI,P49798,compound,protein,0
5702164,CPI,P40429,compound,protein,1
5702239,CPI,P35372,compound,protein,1
5702239,CPI,P41143,compound,protein,1
5702265,CPI,P20309,compound,protein,0
5702265,CPI,P22607,compound,protein,0
5702265,CPI,P16473,compound,protein,0
5702265,CPI,Q9BUB5,compound,protein,0
5702274,CPI,P29317,compound,protein,0
5709,CPI,P08913,compound,protein,1
5709,CPI,P08684,compound,protein,0
5709,CPI,O95819,compound,protein,0
5711,CPI,O96013,compound,protein,1
5711,CPI,P07948,compound,protein,1
5711,CPI,Q02750,compound,protein,1
5711,CPI,Q7L7X3,compound,protein,1
5711,CPI,Q8NE63,compound,protein,1
5711,CPI,Q96SB4,compound,protein,1
5711,CPI,Q9BXA7,compound,protein,1
5711,CPI,Q9H2X6,compound,protein,1
5711,CPI,Q16236,compound,protein,0
5711,CPI,P53671,compound,protein,0
5711,CPI,O15118,compound,protein,0
5711,CPI,Q15418,compound,protein,0
5711,CPI,P57058,compound,protein,0
5712,CPI,Q16665,compound,protein,1
5717,CPI,P08908,compound,protein,1
5717,CPI,P08913,compound,protein,1
5717,CPI,P11229,compound,protein,1
5717,CPI,P27361,compound,protein,1
5717,CPI,Q6W5P4,compound,protein,1
5717,CPI,O43293,compound,protein,0
5717737,CPI,Q8IU85,compound,protein,0
5719,CPI,P34949,compound,protein,0
5720188,CPI,P34972,compound,protein,0
5722,CPI,P10696,compound,protein,0
5722,CPI,P12931,compound,protein,0
5723,CPI,Q16637,compound,protein,1
5732,CPI,P25021,compound,protein,1
5732,CPI,O15438,compound,protein,0
57335384,CPI,P07332,compound,protein,1
57335384,CPI,P04818,compound,protein,0
57336812,CPI,O60674,compound,protein,1
57336812,CPI,P52333,compound,protein,1
57340671,CPI,Q9UQB9,compound,protein,1
5735,CPI,P08172,compound,protein,1
5735,CPI,P35372,compound,protein,1
5735,CPI,P46098,compound,protein,1
5735,CPI,Q13882,compound,protein,0
5735,CPI,Q15303,compound,protein,0
57363,CPI,P35367,compound,protein,1
57363,CPI,P37288,compound,protein,1
57363,CPI,Q08499,compound,protein,1
57379345,CPI,P08183,compound,protein,1
57379345,CPI,Q07912,compound,protein,1
57379345,CPI,Q9UM73,compound,protein,1
5738263,CPI,P00352,compound,protein,1
57390074,CPI,O14965,compound,protein,1
57390074,CPI,P08922,compound,protein,1
5742832,CPI,P37231,compound,protein,0
5743,CPI,Q08881,compound,protein,0
5745,CPI,P16234,compound,protein,0
57469,CPI,P25929,compound,protein,1
57469,CPI,P35354,compound,protein,1
57469,CPI,Q96SB4,compound,protein,0
5753,CPI,P45983,compound,protein,0
5756,CPI,P78527,compound,protein,0
5756371,CPI,Q9UNA4,compound,protein,1
5757,CPI,P11474,compound,protein,1
5757,CPI,P18825,compound,protein,1
5757,CPI,P27695,compound,protein,1
5757,CPI,Q9UK32,compound,protein,0
5757,CPI,P43403,compound,protein,0
5770,CPI,O43193,compound,protein,1
5770,CPI,O95342,compound,protein,1
5770,CPI,P08684,compound,protein,1
5770,CPI,P55210,compound,protein,1
5770,CPI,Q9Y6Q6,compound,protein,0
5770,CPI,O00624,compound,protein,0
5770,CPI,A6NCL1,compound,protein,0
5770,CPI,Q8IZP6,compound,protein,0
5775,CPI,Q08499,compound,protein,1
5775,CPI,Q13976,compound,protein,0
5780,CPI,P83916,compound,protein,1
5790,CPI,P46059,compound,protein,0
58144,CPI,Q9Y243,compound,protein,0
58153637,CPI,P83916,compound,protein,0
58153740,CPI,Q99759,compound,protein,0
5816,CPI,P35462,compound,protein,1
5816,CPI,Q96KQ7,compound,protein,1
5816,CPI,P49674,compound,protein,0
5819,CPI,Q02127,compound,protein,0
58258,CPI,O75116,compound,protein,0
58423153,CPI,Q8TD08,compound,protein,1
58423153,CPI,P34969,compound,protein,0
5870,CPI,P08185,compound,protein,1
5870,CPI,Q07002,compound,protein,0
5870,CPI,Q00526,compound,protein,0
5870,CPI,Q13554,compound,protein,0
5879,CPI,Q92830,compound,protein,1
5881,CPI,O00591,compound,protein,1
5881,CPI,Q9UHC9,compound,protein,1
5893,CPI,P10253,compound,protein,1
5893,CPI,Q9Y6M4,compound,protein,0
5897,CPI,Q99814,compound,protein,0
5904,CPI,P42345,compound,protein,0
5904,CPI,P50406,compound,protein,0
5904441,CPI,P08183,compound,protein,0
5904441,CPI,Q99714,compound,protein,0
5905,CPI,O75496,compound,protein,1
5908088,CPI,Q06710,compound,protein,0
5908088,CPI,Q9UBE8,compound,protein,0
5917,CPI,P10636,compound,protein,1
5920,CPI,O75496,compound,protein,1
5920,CPI,P18825,compound,protein,1
5920,CPI,P46098,compound,protein,1
5920,CPI,Q14432,compound,protein,1
5920,CPI,P68400,compound,protein,0
5943,CPI,P16473,compound,protein,1
5944,CPI,P04637,compound,protein,1
5944,CPI,Q16665,compound,protein,1
5944,CPI,P03372,compound,protein,0
59473233,CPI,Q9Y2T6,compound,protein,0
5959,CPI,P11473,compound,protein,1
5959,CPI,O95342,compound,protein,0
596,CPI,P09884,compound,protein,1
5961,CPI,P43007,compound,protein,0
59671085,CPI,Q9Y243,compound,protein,1
5991,CPI,P04278,compound,protein,1
5991,CPI,P08588,compound,protein,1
5991,CPI,P22309,compound,protein,1
5991,CPI,Q9P289,compound,protein,0
5991,CPI,P04049,compound,protein,0
5994,CPI,P29274,compound,protein,1
5994,CPI,O75582,compound,protein,0
5994,CPI,O14920,compound,protein,0
5994,CPI,Q9H422,compound,protein,0
5994,CPI,P06213,compound,protein,0
5994,CPI,Q9UM73,compound,protein,0
5995,CPI,P41145,compound,protein,1
5995,CPI,P35916,compound,protein,0
5995,CPI,Q9BZL6,compound,protein,0
6000,CPI,P10415,compound,protein,0
6009,CPI,P05177,compound,protein,1
60138149,CPI,Q13464,compound,protein,1
60138149,CPI,Q5VT25,compound,protein,1
60148444,CPI,P06401,compound,protein,1
60164,CPI,P02545,compound,protein,1
6018,CPI,P06746,compound,protein,1
6018,CPI,Q9H4B4,compound,protein,0
60182388,CPI,P36894,compound,protein,1
60182388,CPI,P54756,compound,protein,0
60185024,CPI,P36894,compound,protein,0
60185081,CPI,P25024,compound,protein,0
60198,CPI,O15530,compound,protein,0
6024,CPI,Q8TCC7,compound,protein,1
6024,CPI,Q9Y694,compound,protein,0
6032,CPI,P06401,compound,protein,1
6032,CPI,P08588,compound,protein,1
6032,CPI,P30542,compound,protein,1
6032,CPI,O94806,compound,protein,0
6035,CPI,P04183,compound,protein,1
6035,CPI,Q16637,compound,protein,1
6037,CPI,P15328,compound,protein,1
6037,CPI,P06493,compound,protein,0
6047,CPI,P43681,compound,protein,1
6047,CPI,Q92887,compound,protein,0
6049,CPI,P30542,compound,protein,1
6049,CPI,Q99808,compound,protein,1
6049,CPI,P34903,compound,protein,0
60490,CPI,P18089,compound,protein,1
60490,CPI,P20292,compound,protein,1
60490,CPI,P30518,compound,protein,1
60602,CPI,P08172,compound,protein,1
60602,CPI,P18825,compound,protein,1
60602,CPI,P47898,compound,protein,1
60602,CPI,Q5BJF2,compound,protein,1
60602,CPI,P00352,compound,protein,0
60602,CPI,P83916,compound,protein,0
60602,CPI,O60674,compound,protein,0
60602,CPI,P30542,compound,protein,0
60606,CPI,P47898,compound,protein,1
60606,CPI,Q9H244,compound,protein,1
60663,CPI,O95180,compound,protein,1
60663,CPI,Q15858,compound,protein,1
60700,CPI,Q86VL8,compound,protein,1
60750,CPI,P18089,compound,protein,1
60750,CPI,P51813,compound,protein,0
60753,CPI,Q14289,compound,protein,0
6077,CPI,P11229,compound,protein,1
60773,CPI,Q16539,compound,protein,0
60773,CPI,P27695,compound,protein,0
60773,CPI,Q96GD4,compound,protein,0
60795,CPI,Q8TDX7,compound,protein,0
60795,CPI,P35590,compound,protein,0
60795,CPI,P29320,compound,protein,0
60795,CPI,Q06710,compound,protein,0
60823,CPI,P21397,compound,protein,1
60823,CPI,P41145,compound,protein,1
60823,CPI,Q15303,compound,protein,0
60823,CPI,P10636,compound,protein,0
60825,CPI,P25021,compound,protein,1
6083,CPI,P08581,compound,protein,0
6083,CPI,P42345,compound,protein,0
60835,CPI,P08172,compound,protein,1
60835,CPI,P08684,compound,protein,1
60835,CPI,P08913,compound,protein,1
60835,CPI,P14920,compound,protein,1
60835,CPI,P28222,compound,protein,1
60835,CPI,P33261,compound,protein,1
60835,CPI,P49336,compound,protein,0
60835,CPI,Q99683,compound,protein,0
60840,CPI,P49761,compound,protein,0
60840,CPI,O14976,compound,protein,0
60843,CPI,P08922,compound,protein,0
60852,CPI,Q14289,compound,protein,0
60865,CPI,Q9Y6R4,compound,protein,0
60923,CPI,Q13554,compound,protein,0
6093397,CPI,O00264,compound,protein,1
6093397,CPI,Q14164,compound,protein,0
60937,CPI,Q93050,compound,protein,1
60937,CPI,Q96LB4,compound,protein,1
60937,CPI,Q05655,compound,protein,0
60947,CPI,P21731,compound,protein,1
60947,CPI,P05556,compound,protein,0
60961,CPI,P07900,compound,protein,1
610479,CPI,P02545,compound,protein,1
6127,CPI,Q13546,compound,protein,0
6127,CPI,Q9HCP0,compound,protein,0
6128,CPI,P11511,compound,protein,1
6128,CPI,Q86Z02,compound,protein,0
6128,CPI,Q6XUX3,compound,protein,0
6129,CPI,Q16637,compound,protein,0
616479,CPI,P35372,compound,protein,0
6166,CPI,Q16637,compound,protein,1
6166,CPI,P51828,compound,protein,0
6166563,CPI,Q9HCP0,compound,protein,0
6173479,CPI,O75874,compound,protein,1
6197,CPI,Q13418,compound,protein,0
6202912,CPI,O95398,compound,protein,1
6215,CPI,P04083,compound,protein,1
6215,CPI,O43570,compound,protein,0
6230,CPI,P30411,compound,protein,1
6230,CPI,P32238,compound,protein,1
6230,CPI,P35367,compound,protein,1
6230,CPI,P31749,compound,protein,0
6230,CPI,P54760,compound,protein,0
6234,CPI,Q15746,compound,protein,0
6234,CPI,Q86V86,compound,protein,0
62389,CPI,P02545,compound,protein,1
62389,CPI,P42356,compound,protein,0
6249,CPI,O75496,compound,protein,1
6279,CPI,P78334,compound,protein,1
6279,CPI,P25024,compound,protein,0
6279,CPI,O75604,compound,protein,0
628698,CPI,P38398,compound,protein,1
62887,CPI,Q05901,compound,protein,1
6291,CPI,P30411,compound,protein,1
6291,CPI,Q9UQB9,compound,protein,0
6291,CPI,Q15139,compound,protein,0
6293,CPI,O75496,compound,protein,1
6293,CPI,O00255,compound,protein,0
6307,CPI,P08588,compound,protein,1
6307,CPI,P18089,compound,protein,1
6307,CPI,P54756,compound,protein,0
63112,CPI,Q9Y233,compound,protein,0
6321411,CPI,P21554,compound,protein,1
6321411,CPI,P29317,compound,protein,0
6321411,CPI,Q02156,compound,protein,0
6321411,CPI,P54760,compound,protein,0
6334600,CPI,O94804,compound,protein,0
6338099,CPI,P08173,compound,protein,0
6364620,CPI,P33261,compound,protein,0
637858,CPI,P10636,compound,protein,1
638024,CPI,P22455,compound,protein,0
638278,CPI,P08253,compound,protein,1
638278,CPI,P11712,compound,protein,1
638278,CPI,P45452,compound,protein,1
638278,CPI,Q99700,compound,protein,1
638278,CPI,O43521,compound,protein,0
638278,CPI,P35462,compound,protein,0
638278,CPI,P32238,compound,protein,0
6399253,CPI,P25929,compound,protein,1
6399253,CPI,Q92887,compound,protein,0
6399253,CPI,O95819,compound,protein,0
6399253,CPI,P36897,compound,protein,0
6399253,CPI,Q9P0L2,compound,protein,0
6399253,CPI,Q9H093,compound,protein,0
6399253,CPI,Q8N5S9,compound,protein,0
64139,CPI,P22894,compound,protein,0
64139,CPI,Q10471,compound,protein,0
64143,CPI,P21452,compound,protein,1
6419747,CPI,Q99808,compound,protein,0
6419747,CPI,P49841,compound,protein,0
6419753,CPI,P48730,compound,protein,1
6419753,CPI,P28472,compound,protein,0
6419755,CPI,O60674,compound,protein,1
6422124,CPI,P35367,compound,protein,1
6422124,CPI,P06239,compound,protein,0
6426894,CPI,P20309,compound,protein,1
6436,CPI,Q16665,compound,protein,1
6436187,CPI,Q9NUW8,compound,protein,1
644030,CPI,Q92731,compound,protein,1
644030,CPI,P53779,compound,protein,0
644215,CPI,O75496,compound,protein,1
6444692,CPI,Q96QE3,compound,protein,0
6445562,CPI,O14965,compound,protein,1
6445562,CPI,O95835,compound,protein,1
6445562,CPI,P08069,compound,protein,1
6445562,CPI,P22694,compound,protein,1
6445562,CPI,P35590,compound,protein,1
6445562,CPI,P36894,compound,protein,1
6445562,CPI,P54760,compound,protein,1
6445562,CPI,P78368,compound,protein,1
6445562,CPI,Q13153,compound,protein,1
6445562,CPI,Q13554,compound,protein,1
6445562,CPI,Q16584,compound,protein,1
6445562,CPI,Q8IWQ3,compound,protein,1
6445562,CPI,Q8NFD2,compound,protein,1
6445562,CPI,Q8WXR4,compound,protein,1
6445562,CPI,Q99640,compound,protein,1
6445562,CPI,Q9BUB5,compound,protein,1
6445562,CPI,Q9NSY1,compound,protein,1
6445562,CPI,Q9P2K8,compound,protein,1
6445562,CPI,Q9Y463,compound,protein,1
6445562,CPI,P25100,compound,protein,0
6445562,CPI,Q52WX2,compound,protein,0
6445562,CPI,Q99720,compound,protein,0
6445562,CPI,O00329,compound,protein,0
6445562,CPI,P35372,compound,protein,0
6445562,CPI,P30542,compound,protein,0
6445562,CPI,Q13148,compound,protein,0
6445562,CPI,P43220,compound,protein,0
6445562,CPI,O15118,compound,protein,0
6445562,CPI,P07550,compound,protein,0
6445562,CPI,Q9NYY3,compound,protein,0
6445562,CPI,A2RU14,compound,protein,0
6445562,CPI,Q8IYX3,compound,protein,0
6445562,CPI,P0DP91,compound,protein,0
6446,CPI,P08908,compound,protein,1
6446,CPI,P21554,compound,protein,1
6446,CPI,P32238,compound,protein,1
6446,CPI,P80365,compound,protein,1
6446,CPI,P34969,compound,protein,0
644601,CPI,Q9UIF8,compound,protein,1
644601,CPI,O75582,compound,protein,0
644601,CPI,P42685,compound,protein,0
6450278,CPI,P10275,compound,protein,1
6450278,CPI,Q96RI1,compound,protein,1
6450546,CPI,Q13304,compound,protein,1
6450551,CPI,P04150,compound,protein,1
6450551,CPI,P04626,compound,protein,1
6450551,CPI,P11802,compound,protein,1
6450551,CPI,P19784,compound,protein,1
6450551,CPI,P49840,compound,protein,1
6450551,CPI,P57059,compound,protein,1
6450551,CPI,Q02779,compound,protein,1
6450551,CPI,Q06187,compound,protein,1
6450551,CPI,Q14012,compound,protein,1
6450551,CPI,Q6DT37,compound,protein,1
6450551,CPI,Q8NG66,compound,protein,1
6450551,CPI,Q99755,compound,protein,1
6450551,CPI,Q9P2K8,compound,protein,1
6450551,CPI,P25929,compound,protein,0
6450551,CPI,P02545,compound,protein,0
6450551,CPI,P00918,compound,protein,0
6450551,CPI,O94844,compound,protein,0
6450551,CPI,Q96P56,compound,protein,0
6450551,CPI,O14901,compound,protein,0
6450551,CPI,Q9BZJ4,compound,protein,0
6450551,CPI,Q9NTN3,compound,protein,0
6450551,CPI,Q6ZSM3,compound,protein,0
6450551,CPI,P35225,compound,protein,0
6450551,CPI,Q8NHX9,compound,protein,0
6450551,CPI,Q86YW0,compound,protein,0
6450551,CPI,P08217,compound,protein,0
6450551,CPI,Q9H6L2,compound,protein,0
6450551,CPI,O43251,compound,protein,0
6450551,CPI,Q9Y6D6,compound,protein,0
6450551,CPI,Q9H2Y9,compound,protein,0
6450551,CPI,Q9Y546,compound,protein,0
6450551,CPI,Q9HC84,compound,protein,0
6450551,CPI,O00400,compound,protein,0
6451164,CPI,P11597,compound,protein,0
6451164,CPI,P78540,compound,protein,0
6451164,CPI,Q12772,compound,protein,0
6473866,CPI,O95342,compound,protein,1
6473866,CPI,P08172,compound,protein,1
6473866,CPI,P08684,compound,protein,1
6473866,CPI,P21728,compound,protein,1
6473866,CPI,P25929,compound,protein,1
6473866,CPI,P29274,compound,protein,1
6473866,CPI,Q9Y6E0,compound,protein,0
6473866,CPI,Q7L7X3,compound,protein,0
6473881,CPI,P04150,compound,protein,0
647508,CPI,P00352,compound,protein,1
6477762,CPI,P07948,compound,protein,0
64981,CPI,Q9NUW8,compound,protein,1
65016,CPI,P18089,compound,protein,1
65016,CPI,P35354,compound,protein,1
650573,CPI,Q16236,compound,protein,1
6505803,CPI,P00519,compound,protein,1
65064,CPI,P06746,compound,protein,1
65064,CPI,P26358,compound,protein,1
65064,CPI,P42685,compound,protein,0
65064,CPI,P08172,compound,protein,0
6519698,CPI,O15054,compound,protein,1
6519698,CPI,P14616,compound,protein,0
65351,CPI,P10635,compound,protein,1
65351,CPI,O15197,compound,protein,0
653676,CPI,P41968,compound,protein,0
65399,CPI,P31749,compound,protein,1
6545175,CPI,Q96GD4,compound,protein,0
655278,CPI,Q99714,compound,protein,1
655278,CPI,Q15059,compound,protein,0
655490,CPI,Q9UHD2,compound,protein,0
65637,CPI,O95382,compound,protein,0
65663,CPI,Q99700,compound,protein,1
656765,CPI,P19838,compound,protein,1
657237,CPI,P54764,compound,protein,0
657237,CPI,O96013,compound,protein,0
657309,CPI,P08173,compound,protein,1
657309,CPI,P05177,compound,protein,0
6575,CPI,P16473,compound,protein,1
65752,CPI,P04637,compound,protein,1
65752,CPI,Q16637,compound,protein,1
65752,CPI,P23975,compound,protein,0
65833,CPI,P14859,compound,protein,1
65833,CPI,P23975,compound,protein,1
65833,CPI,P45452,compound,protein,0
65856,CPI,O15296,compound,protein,1
65856,CPI,P04049,compound,protein,0
65863,CPI,O60218,compound,protein,0
65906,CPI,P28335,compound,protein,1
65981,CPI,O95342,compound,protein,1
65999,CPI,P08172,compound,protein,1
65999,CPI,P21728,compound,protein,1
65999,CPI,P21917,compound,protein,1
65999,CPI,P25021,compound,protein,1
65999,CPI,P37231,compound,protein,1
65999,CPI,Q03181,compound,protein,1
6603797,CPI,O15146,compound,protein,0
6603798,CPI,P10636,compound,protein,1
6603798,CPI,O60285,compound,protein,0
6603865,CPI,Q9Y5N1,compound,protein,1
6603901,CPI,P14410,compound,protein,0
6603931,CPI,P54132,compound,protein,1
6604200,CPI,P21728,compound,protein,1
6604200,CPI,P30542,compound,protein,1
6604200,CPI,P35354,compound,protein,1
6604200,CPI,Q9NR56,compound,protein,1
6604200,CPI,Q9UL54,compound,protein,0
6604381,CPI,P06858,compound,protein,1
6604453,CPI,P07451,compound,protein,1
6604471,CPI,Q16637,compound,protein,1
6604756,CPI,Q16832,compound,protein,0
6604909,CPI,Q96L34,compound,protein,0
6604915,CPI,P46063,compound,protein,1
6604918,CPI,P49798,compound,protein,1
6604928,CPI,P33261,compound,protein,1
6604933,CPI,P05177,compound,protein,1
6610332,CPI,P10721,compound,protein,0
6610332,CPI,P31751,compound,protein,0
6610344,CPI,Q02817,compound,protein,1
6610344,CPI,Q92952,compound,protein,1
6610350,CPI,Q7L7X3,compound,protein,0
6610353,CPI,P10636,compound,protein,1
6610353,CPI,P11309,compound,protein,1
6610353,CPI,P43403,compound,protein,1
6610353,CPI,Q08881,compound,protein,1
66148,CPI,P78362,compound,protein,0
66265,CPI,P31645,compound,protein,1
663281,CPI,Q6W5P4,compound,protein,1
663290,CPI,P04626,compound,protein,0
66377,CPI,Q96Q40,compound,protein,0
663872,CPI,Q9NUW8,compound,protein,1
66414,CPI,P02545,compound,protein,1
66414,CPI,Q01453,compound,protein,1
66414,CPI,Q9UHD2,compound,protein,0
665013,CPI,O15296,compound,protein,1
665013,CPI,P49760,compound,protein,0
665013,CPI,Q9Y4K4,compound,protein,0
665449,CPI,Q00532,compound,protein,0
66558664,CPI,Q15831,compound,protein,0
66577038,CPI,Q15303,compound,protein,1
66577038,CPI,Q8WU08,compound,protein,0
666410,CPI,O75604,compound,protein,1
667468,CPI,P30556,compound,protein,1
667468,CPI,P30989,compound,protein,1
667468,CPI,P41143,compound,protein,1
667468,CPI,Q16539,compound,protein,0
667468,CPI,O43293,compound,protein,0
667468,CPI,P42345,compound,protein,0
667468,CPI,P11802,compound,protein,0
667468,CPI,Q8NFD2,compound,protein,0
667476,CPI,P30411,compound,protein,1
667476,CPI,P32245,compound,protein,1
667476,CPI,P35367,compound,protein,1
667476,CPI,P37023,compound,protein,0
667477,CPI,P35367,compound,protein,1
667477,CPI,O15439,compound,protein,0
667477,CPI,Q08499,compound,protein,0
667477,CPI,P49759,compound,protein,0
667477,CPI,Q16236,compound,protein,0
667477,CPI,P08581,compound,protein,0
667511,CPI,P18089,compound,protein,1
667511,CPI,P18825,compound,protein,1
667511,CPI,P30542,compound,protein,1
667511,CPI,P36897,compound,protein,0
667511,CPI,Q6DT37,compound,protein,0
6675804,CPI,P09960,compound,protein,1
6675804,CPI,Q12797,compound,protein,1
667601,CPI,P04626,compound,protein,1
667601,CPI,Q9P1W9,compound,protein,0
6708558,CPI,P10636,compound,protein,1
6708706,CPI,P01375,compound,protein,1
6708818,CPI,P49798,compound,protein,0
6710628,CPI,Q9NR20,compound,protein,0
6710654,CPI,P54284,compound,protein,1
6710654,CPI,P48730,compound,protein,0
6710780,CPI,O14757,compound,protein,0
6713942,CPI,Q9Y5Y4,compound,protein,1
67377767,CPI,Q16665,compound,protein,1
67505836,CPI,P10275,compound,protein,1
6758,CPI,O95342,compound,protein,1
6758,CPI,P03905,compound,protein,1
6758,CPI,P16473,compound,protein,1
6758,CPI,P46063,compound,protein,1
6758,CPI,O15439,compound,protein,0
680501,CPI,Q96QE3,compound,protein,1
68071,CPI,P05177,compound,protein,1
68071,CPI,P11511,compound,protein,1
68186,CPI,P34969,compound,protein,1
68186,CPI,P53350,compound,protein,0
68186,CPI,Q14432,compound,protein,0
682802,CPI,P14416,compound,protein,1
6834,CPI,O15530,compound,protein,0
6839,CPI,P08684,compound,protein,0
6839,CPI,P05177,compound,protein,0
6851740,CPI,Q9NWZ3,compound,protein,0
6855,CPI,P02545,compound,protein,1
68617,CPI,P18825,compound,protein,1
68617,CPI,P43220,compound,protein,1
68617,CPI,Q8WU08,compound,protein,0
68617,CPI,P42336,compound,protein,0
68617,CPI,P02766,compound,protein,0
68617,CPI,P11309,compound,protein,0
68770,CPI,P07550,compound,protein,1
688020,CPI,P21728,compound,protein,1
688020,CPI,P35367,compound,protein,1
688020,CPI,Q8WXR4,compound,protein,0
688020,CPI,Q13464,compound,protein,0
688272,CPI,Q96KQ7,compound,protein,1
688272,CPI,Q9Y5N1,compound,protein,1
688272,CPI,P47871,compound,protein,0
688272,CPI,Q07002,compound,protein,0
6884367,CPI,P04626,compound,protein,0
6884367,CPI,P45984,compound,protein,0
68873,CPI,P10275,compound,protein,1
689043,CPI,P07451,compound,protein,1
689043,CPI,Q9ULX7,compound,protein,1
689043,CPI,O95149,compound,protein,0
6914273,CPI,O43193,compound,protein,1
6914273,CPI,P02545,compound,protein,1
6914273,CPI,P08172,compound,protein,1
6914273,CPI,P11229,compound,protein,1
6914273,CPI,Q96KQ7,compound,protein,1
6914273,CPI,O75385,compound,protein,0
6914273,CPI,Q9UQL6,compound,protein,0
6914657,CPI,P35367,compound,protein,0
6917960,CPI,P08473,compound,protein,1
6918097,CPI,P08913,compound,protein,1
6918140,CPI,P34995,compound,protein,1
6918140,CPI,P11362,compound,protein,0
6918305,CPI,Q8N1C3,compound,protein,1
6918305,CPI,Q96KQ7,compound,protein,1
6918305,CPI,Q04912,compound,protein,0
6918305,CPI,P09619,compound,protein,0
6918314,CPI,O95069,compound,protein,0
6918454,CPI,O15264,compound,protein,1
6918454,CPI,O94804,compound,protein,1
6918454,CPI,P10721,compound,protein,1
6918454,CPI,P21709,compound,protein,1
6918454,CPI,P35916,compound,protein,1
6918454,CPI,P36894,compound,protein,1
6918454,CPI,P51812,compound,protein,1
6918454,CPI,P51813,compound,protein,1
6918454,CPI,P53779,compound,protein,1
6918454,CPI,P57058,compound,protein,1
6918454,CPI,Q02750,compound,protein,1
6918454,CPI,Q13163,compound,protein,1
6918454,CPI,Q14680,compound,protein,1
6918454,CPI,Q52WX2,compound,protein,1
6918454,CPI,Q96PY6,compound,protein,1
6918454,CPI,Q9NRP7,compound,protein,1
6918454,CPI,Q9UBF8,compound,protein,1
6918454,CPI,Q9UF33,compound,protein,1
6918454,CPI,P02545,compound,protein,0
6918454,CPI,Q92847,compound,protein,0
6918454,CPI,O95342,compound,protein,0
6918454,CPI,P50406,compound,protein,0
6918454,CPI,O75496,compound,protein,0
6918454,CPI,P28223,compound,protein,0
6918454,CPI,Q15697,compound,protein,0
6918454,CPI,Q8TAD7,compound,protein,0
6918454,CPI,Q96AT9,compound,protein,0
6918454,CPI,Q9NZR2,compound,protein,0
6918454,CPI,P51571,compound,protein,0
6918454,CPI,P20336,compound,protein,0
6918454,CPI,P54252,compound,protein,0
6918454,CPI,Q9UM13,compound,protein,0
6918454,CPI,Q6ZMD2,compound,protein,0
6918454,CPI,Q9H4L5,compound,protein,0
6918456,CPI,P10275,compound,protein,1
6918554,CPI,P35462,compound,protein,1
6918554,CPI,P04637,compound,protein,0
6918638,CPI,P31645,compound,protein,1
6918638,CPI,P46663,compound,protein,1
6918638,CPI,P15735,compound,protein,0
6918638,CPI,O96013,compound,protein,0
6918736,CPI,P28566,compound,protein,0
6918837,CPI,Q8NFU7,compound,protein,1
6918837,CPI,Q9UKV0,compound,protein,1
6918837,CPI,Q02763,compound,protein,0
6918852,CPI,O95382,compound,protein,1
6918852,CPI,O95819,compound,protein,1
6918852,CPI,P00519,compound,protein,1
6918852,CPI,P11309,compound,protein,1
6918852,CPI,P15735,compound,protein,1
6918852,CPI,P16234,compound,protein,1
6918852,CPI,P17252,compound,protein,1
6918852,CPI,P37173,compound,protein,1
6918852,CPI,P48729,compound,protein,1
6918852,CPI,P54756,compound,protein,1
6918852,CPI,Q02779,compound,protein,1
6918852,CPI,Q13043,compound,protein,1
6918852,CPI,Q13237,compound,protein,1
6918852,CPI,Q13627,compound,protein,1
6918852,CPI,Q15831,compound,protein,1
6918852,CPI,Q32MK0,compound,protein,1
6918852,CPI,Q6XUX3,compound,protein,1
6918852,CPI,Q9HAZ1,compound,protein,1
6918852,CPI,Q9Y2U5,compound,protein,1
6918852,CPI,Q9Y5S2,compound,protein,1
6918852,CPI,Q92731,compound,protein,0
6918852,CPI,P08913,compound,protein,0
6918852,CPI,P49798,compound,protein,0
6918852,CPI,O75164,compound,protein,0
6918852,CPI,P19793,compound,protein,0
6918852,CPI,P31645,compound,protein,0
6918852,CPI,P10636,compound,protein,0
6918852,CPI,P11712,compound,protein,0
6918852,CPI,P47898,compound,protein,0
6918852,CPI,Q9BQ48,compound,protein,0
6918852,CPI,O15294,compound,protein,0
6918852,CPI,Q8TF21,compound,protein,0
6918852,CPI,Q8IVF1,compound,protein,0
6918852,CPI,Q14493,compound,protein,0
6918852,CPI,Q6UWU4,compound,protein,0
6918852,CPI,Q9Y530,compound,protein,0
6918852,CPI,Q6P158,compound,protein,0
6918852,CPI,Q16658,compound,protein,0
6918852,CPI,P23327,compound,protein,0
6918878,CPI,Q9UBN7,compound,protein,1
6918878,CPI,P18405,compound,protein,0
698942,CPI,P14618,compound,protein,1
701237,CPI,P49841,compound,protein,0
7028,CPI,P18054,compound,protein,1
7028,CPI,P25103,compound,protein,1
7028,CPI,P11021,compound,protein,0
7028,CPI,Q8IWQ3,compound,protein,0
7028,CPI,Q13464,compound,protein,0
7028,CPI,P22455,compound,protein,0
7029,CPI,P08908,compound,protein,1
7029,CPI,P21728,compound,protein,1
7048624,CPI,P47898,compound,protein,0
7059423,CPI,Q02763,compound,protein,0
7059505,CPI,P14416,compound,protein,1
7059505,CPI,P18089,compound,protein,1
7082,CPI,Q9Y5S8,compound,protein,1
7092664,CPI,P04150,compound,protein,1
7092664,CPI,Q96GD4,compound,protein,0
7092995,CPI,Q14994,compound,protein,1
7092995,CPI,Q99700,compound,protein,0
7108,CPI,P06276,compound,protein,1
7108,CPI,Q9Y5S8,compound,protein,1
7108,CPI,Q13554,compound,protein,0
7108,CPI,O14757,compound,protein,0
71158,CPI,Q14957,compound,protein,1
71158,CPI,P42336,compound,protein,0
71226662,CPI,Q13177,compound,protein,0
71277,CPI,Q96FL8,compound,protein,1
71317162,CPI,P08240,compound,protein,1
71317162,CPI,P18074,compound,protein,1
71317162,CPI,P22612,compound,protein,1
71317162,CPI,P49759,compound,protein,1
71317162,CPI,P49841,compound,protein,1
71317162,CPI,Q15759,compound,protein,1
71317162,CPI,Q2M2I8,compound,protein,1
71317162,CPI,Q99640,compound,protein,1
71317162,CPI,Q9NSE4,compound,protein,1
71317162,CPI,Q9NSY1,compound,protein,1
71317162,CPI,Q9UL54,compound,protein,1
71317162,CPI,Q9Y243,compound,protein,1
71317162,CPI,Q9Y4K4,compound,protein,1
71317162,CPI,Q9UEE5,compound,protein,0
71317162,CPI,Q92830,compound,protein,0
71317162,CPI,O15111,compound,protein,0
71317162,CPI,P33261,compound,protein,0
71317162,CPI,P08588,compound,protein,0
71317162,CPI,P29274,compound,protein,0
71317162,CPI,P08173,compound,protein,0
71317162,CPI,P57059,compound,protein,0
71317162,CPI,Q6UWN5,compound,protein,0
71317162,CPI,Q6NXT6,compound,protein,0
71360,CPI,P21728,compound,protein,1
71360,CPI,P50406,compound,protein,1
71360,CPI,P15056,compound,protein,0
71414,CPI,P30556,compound,protein,0
71481097,CPI,P23219,compound,protein,1
71496458,CPI,P14416,compound,protein,1
71496458,CPI,P40225,compound,protein,0
71496458,CPI,P21917,compound,protein,0
71616,CPI,P20813,compound,protein,1
71721648,CPI,P08684,compound,protein,1
71748056,CPI,Q06187,compound,protein,1
71760892,CPI,P08069,compound,protein,1
71768304,CPI,P23458,compound,protein,0
71771,CPI,P02766,compound,protein,1
71771,CPI,P23458,compound,protein,0
71777,CPI,Q9NUW8,compound,protein,1
717880,CPI,P18825,compound,protein,1
717880,CPI,Q96KQ7,compound,protein,1
717880,CPI,Q99720,compound,protein,1
72016,CPI,P08913,compound,protein,1
72016,CPI,Q12866,compound,protein,0
7202911,CPI,O43353,compound,protein,0
7217947,CPI,P35414,compound,protein,1
72193870,CPI,Q96KQ7,compound,protein,1
72199293,CPI,Q92800,compound,protein,1
72281,CPI,P04798,compound,protein,1
72281,CPI,P32238,compound,protein,1
72281,CPI,Q00G26,compound,protein,0
72385,CPI,P46098,compound,protein,0
72385,CPI,P08922,compound,protein,0
72430,CPI,P10828,compound,protein,1
72430,CPI,O14965,compound,protein,0
7251185,CPI,P50750,compound,protein,0
7251185,CPI,P49840,compound,protein,0
72551585,CPI,P23975,compound,protein,1
72551585,CPI,P28845,compound,protein,0
72551585,CPI,P78527,compound,protein,0
73157,CPI,Q9Y6L6,compound,protein,1
7333,CPI,Q15125,compound,protein,1
73364,CPI,P07384,compound,protein,1
73440752,CPI,Q16539,compound,protein,0
73453,CPI,Q96SB4,compound,protein,0
73707390,CPI,P06241,compound,protein,1
73707402,CPI,P09874,compound,protein,0
73707404,CPI,P49354,compound,protein,1
73707406,CPI,P20618,compound,protein,1
73707406,CPI,P20309,compound,protein,0
73707414,CPI,P11712,compound,protein,1
73707414,CPI,P08588,compound,protein,0
73707415,CPI,P04278,compound,protein,1
73707415,CPI,P78527,compound,protein,0
73707430,CPI,P04150,compound,protein,1
73707445,CPI,P35368,compound,protein,1
73707445,CPI,Q9NY47,compound,protein,1
73707445,CPI,Q99640,compound,protein,0
73707464,CPI,P20309,compound,protein,1
73707464,CPI,Q13148,compound,protein,0
73707465,CPI,Q8TDR2,compound,protein,0
73707472,CPI,Q92769,compound,protein,0
73707478,CPI,P06493,compound,protein,0
73707478,CPI,Q92847,compound,protein,0
73707479,CPI,P84022,compound,protein,0
73707493,CPI,P23415,compound,protein,1
73707497,CPI,P28566,compound,protein,0
73707498,CPI,Q9UM07,compound,protein,1
73707501,CPI,P03372,compound,protein,1
73707506,CPI,O75762,compound,protein,1
73707506,CPI,P28482,compound,protein,0
73707509,CPI,P11474,compound,protein,1
73707513,CPI,P54289,compound,protein,1
73707513,CPI,Q12809,compound,protein,1
73707515,CPI,P08912,compound,protein,1
73707515,CPI,P14410,compound,protein,1
73707515,CPI,P36507,compound,protein,0
73707528,CPI,P23219,compound,protein,1
73707531,CPI,P08908,compound,protein,0
73707531,CPI,Q13627,compound,protein,0
73707544,CPI,Q96FL8,compound,protein,0
73707615,CPI,P50406,compound,protein,1
73707616,CPI,P62508,compound,protein,1
7456,CPI,O94925,compound,protein,1
7456,CPI,P00519,compound,protein,0
7456,CPI,P00533,compound,protein,0
7456,CPI,P06239,compound,protein,0
7456,CPI,P25103,compound,protein,0
74812,CPI,P15428,compound,protein,1
74812,CPI,Q9UBT6,compound,protein,1
75299800,CPI,P21453,compound,protein,1
753704,CPI,P55072,compound,protein,1
753704,CPI,P14410,compound,protein,0
755673,CPI,P00352,compound,protein,1
755673,CPI,Q9Y468,compound,protein,1
755673,CPI,P18825,compound,protein,0
761523,CPI,Q9UBT6,compound,protein,1
761523,CPI,Q16566,compound,protein,0
7699,CPI,O75469,compound,protein,1
7708820,CPI,Q99700,compound,protein,1
77999,CPI,P08172,compound,protein,1
78357780,CPI,P05177,compound,protein,0
78428958,CPI,Q12791,compound,protein,1
78428958,CPI,Q9NY47,compound,protein,1
78435479,CPI,Q08289,compound,protein,1
784670,CPI,P42684,compound,protein,0
790,CPI,P00492,compound,protein,1
800760,CPI,O95747,compound,protein,0
8056641,CPI,Q9NRM7,compound,protein,0
81131,CPI,P18089,compound,protein,1
81131,CPI,Q96KQ7,compound,protein,1
81131,CPI,P11387,compound,protein,0
81423,CPI,P25100,compound,protein,0
824226,CPI,Q9UBT6,compound,protein,1
824226,CPI,Q92847,compound,protein,0
8249,CPI,O15438,compound,protein,0
838674,CPI,P42345,compound,protein,1
8400,CPI,O75496,compound,protein,1
84008,CPI,P41143,compound,protein,1
84008,CPI,P49798,compound,protein,1
84029,CPI,Q9NPD5,compound,protein,1
84029,CPI,Q9Y6L6,compound,protein,1
8512230,CPI,P33261,compound,protein,0
8569,CPI,P04278,compound,protein,1
8609,CPI,P04637,compound,protein,1
861,CPI,Q9Y5S2,compound,protein,0
864,CPI,P46063,compound,protein,1
864,CPI,O75116,compound,protein,0
8955,CPI,P04278,compound,protein,1
89594,CPI,O75496,compound,protein,1
89594,CPI,P84022,compound,protein,1
89594,CPI,Q15825,compound,protein,1
896,CPI,P11678,compound,protein,1
896,CPI,P41594,compound,protein,0
896,CPI,Q9P0L2,compound,protein,0
896,CPI,P29475,compound,protein,0
896,CPI,Q9UHD2,compound,protein,0
896331,CPI,Q9Y2K2,compound,protein,0
896331,CPI,Q15208,compound,protein,0
89683805,CPI,O95342,compound,protein,1
89683805,CPI,P50213,compound,protein,1
8969,CPI,O43193,compound,protein,1
8969,CPI,P21728,compound,protein,1
8969,CPI,P25021,compound,protein,1
8969,CPI,P78508,compound,protein,1
8969,CPI,P49841,compound,protein,0
8974,CPI,P30542,compound,protein,1
8974,CPI,P39748,compound,protein,1
8974,CPI,Q9HBX9,compound,protein,1
8974,CPI,Q8N5S9,compound,protein,0
897475,CPI,Q16637,compound,protein,1
8982,CPI,P42679,compound,protein,0
8987,CPI,P00918,compound,protein,0
90097975,CPI,P10275,compound,protein,1
90097975,CPI,Q9H2G2,compound,protein,0
902452,CPI,P21709,compound,protein,0
9064,CPI,P18089,compound,protein,1
9064,CPI,P08912,compound,protein,0
906542,CPI,P55211,compound,protein,1
906542,CPI,Q14289,compound,protein,0
91486,CPI,P10635,compound,protein,1
91610,CPI,P02545,compound,protein,1
91610,CPI,P04150,compound,protein,1
91610,CPI,P09884,compound,protein,0
91668,CPI,Q9NUW8,compound,protein,1
91668,CPI,Q14164,compound,protein,0
91668,CPI,P23415,compound,protein,0
91668541,CPI,Q09472,compound,protein,1
92144482,CPI,Q92542,compound,protein,1
92144482,CPI,Q96BI3,compound,protein,1
92144482,CPI,P21917,compound,protein,0
92727,CPI,P08183,compound,protein,1
92727,CPI,P21917,compound,protein,1
92727,CPI,Q9NUW8,compound,protein,1
92727,CPI,O96017,compound,protein,0
92766,CPI,P41143,compound,protein,0
92786,CPI,O14764,compound,protein,1
932,CPI,Q13188,compound,protein,0
93504,CPI,O60706,compound,protein,1
936,CPI,P00338,compound,protein,1
936,CPI,Q8IXJ6,compound,protein,1
938,CPI,P07550,compound,protein,1
938,CPI,P35367,compound,protein,1
941361,CPI,P28335,compound,protein,1
941361,CPI,P27037,compound,protein,0
9417,CPI,Q8WU08,compound,protein,0
9417,CPI,P00915,compound,protein,0
9429,CPI,P35367,compound,protein,1
9429,CPI,Q9UBN7,compound,protein,0
94378,CPI,O15264,compound,protein,0
9444,CPI,O75496,compound,protein,1
9444,CPI,P19793,compound,protein,1
9444,CPI,P21397,compound,protein,1
9444,CPI,Q8WTQ7,compound,protein,0
9444,CPI,O14757,compound,protein,0
9444,CPI,Q13163,compound,protein,0
9458,CPI,O75604,compound,protein,1
9549213,CPI,P08238,compound,protein,1
9549298,CPI,Q05513,compound,protein,1
9571107,CPI,O95342,compound,protein,0
95801,CPI,O75496,compound,protein,1
95801,CPI,P35968,compound,protein,0
95801,CPI,P51955,compound,protein,0
95883,CPI,P27448,compound,protein,0
9616928,CPI,O75496,compound,protein,1
9616928,CPI,P42681,compound,protein,0
9675990,CPI,P49798,compound,protein,1
9675990,CPI,Q96QE3,compound,protein,1
9675990,CPI,Q99700,compound,protein,1
9675990,CPI,P52564,compound,protein,0
9681,CPI,P21728,compound,protein,1
9681,CPI,O95342,compound,protein,0
9681,CPI,Q9NQU5,compound,protein,0
9681,CPI,Q15139,compound,protein,0
9687,CPI,P08913,compound,protein,1
9687,CPI,P11229,compound,protein,1
9687,CPI,P41595,compound,protein,1
9687,CPI,Q14432,compound,protein,1
9687,CPI,Q9HC97,compound,protein,0
969516,CPI,P16152,compound,protein,1
969516,CPI,P28845,compound,protein,1
969516,CPI,Q9NZ45,compound,protein,1
969516,CPI,Q8WUI4,compound,protein,0
969516,CPI,O14733,compound,protein,0
969516,CPI,P35462,compound,protein,0
975656,CPI,P09769,compound,protein,0
9795278,CPI,P23921,compound,protein,0
9801,CPI,O43193,compound,protein,1
9801,CPI,P28223,compound,protein,1
9801,CPI,O94804,compound,protein,0
9803963,CPI,P25100,compound,protein,0
9806229,CPI,P07947,compound,protein,1
9806229,CPI,Q06187,compound,protein,1
9807070,CPI,P25103,compound,protein,1
9809715,CPI,O00444,compound,protein,1
9809715,CPI,O43293,compound,protein,1
9809715,CPI,O94768,compound,protein,1
9809715,CPI,P08069,compound,protein,1
9809715,CPI,P19525,compound,protein,1
9809715,CPI,P27448,compound,protein,1
9809715,CPI,P31152,compound,protein,1
9809715,CPI,P31751,compound,protein,1
9809715,CPI,P35590,compound,protein,1
9809715,CPI,P50750,compound,protein,1
9809715,CPI,P53778,compound,protein,1
9809715,CPI,Q32MK0,compound,protein,1
9809715,CPI,Q96RR4,compound,protein,1
9809715,CPI,Q99755,compound,protein,1
9809715,CPI,Q9BUB5,compound,protein,1
9809715,CPI,Q9HC98,compound,protein,1
9809715,CPI,Q9HCP0,compound,protein,1
9809715,CPI,Q9NRH2,compound,protein,1
9809715,CPI,Q9UM73,compound,protein,1
9809715,CPI,Q9Y243,compound,protein,1
9809715,CPI,Q9Y2U5,compound,protein,1
9809715,CPI,Q9Y6E0,compound,protein,1
9809715,CPI,O15296,compound,protein,0
9809715,CPI,Q5JTZ9,compound,protein,0
9809715,CPI,O95989,compound,protein,0
9809715,CPI,Q9UNW1,compound,protein,0
9809715,CPI,Q9BU40,compound,protein,0
9809715,CPI,O15529,compound,protein,0
9809715,CPI,Q6PP77,compound,protein,0
9809715,CPI,Q9Y3B6,compound,protein,0
9809715,CPI,Q9BTM1,compound,protein,0
9809715,CPI,Q5T6S3,compound,protein,0
9809715,CPI,Q9HBI0,compound,protein,0
9809715,CPI,Q99442,compound,protein,0
9809715,CPI,Q10472,compound,protein,0
9809715,CPI,Q8NE71,compound,protein,0
9809715,CPI,Q49MI3,compound,protein,0
9809715,CPI,Q86YR5,compound,protein,0
9809715,CPI,Q9H0M4,compound,protein,0
9809715,CPI,A8MZ97,compound,protein,0
9809715,CPI,Q86WB0,compound,protein,0
9810884,CPI,P33261,compound,protein,0
9810884,CPI,P46098,compound,protein,0
9813758,CPI,O60331,compound,protein,1
9813758,CPI,O75116,compound,protein,1
9813758,CPI,O95382,compound,protein,1
9813758,CPI,P07332,compound,protein,1
9813758,CPI,P07949,compound,protein,1
9813758,CPI,P15735,compound,protein,1
9813758,CPI,P29323,compound,protein,1
9813758,CPI,P33981,compound,protein,1
9813758,CPI,P45984,compound,protein,1
9813758,CPI,Q15418,compound,protein,1
9813758,CPI,Q56UN5,compound,protein,1
9813758,CPI,Q5VT25,compound,protein,1
9813758,CPI,Q92772,compound,protein,1
9813758,CPI,Q96GD4,compound,protein,1
9813758,CPI,Q9H2X6,compound,protein,1
9813758,CPI,Q9NYL2,compound,protein,1
9813758,CPI,Q9UL54,compound,protein,1
9813758,CPI,P10826,compound,protein,0
9813758,CPI,P33261,compound,protein,0
9813758,CPI,Q9HC97,compound,protein,0
9813758,CPI,O14764,compound,protein,0
9813758,CPI,P17861,compound,protein,0
9813758,CPI,P13945,compound,protein,0
9813758,CPI,P07550,compound,protein,0
9813758,CPI,Q969S8,compound,protein,0
9813758,CPI,P78334,compound,protein,0
9813758,CPI,Q16236,compound,protein,0
9813758,CPI,P48039,compound,protein,0
9813758,CPI,Q99714,compound,protein,0
9813758,CPI,Q96KQ7,compound,protein,0
9813758,CPI,P25103,compound,protein,0
9813758,CPI,P32245,compound,protein,0
9813758,CPI,P16083,compound,protein,0
9813758,CPI,P11274,compound,protein,0
9813758,CPI,P51449,compound,protein,0
9813758,CPI,P16473,compound,protein,0
9813758,CPI,P14061,compound,protein,0
9813758,CPI,P45452,compound,protein,0
9813758,CPI,P18825,compound,protein,0
9813758,CPI,P16050,compound,protein,0
9813758,CPI,O43193,compound,protein,0
9813758,CPI,P01036,compound,protein,0
9818682,CPI,P30530,compound,protein,0
9819927,CPI,P29274,compound,protein,0
9823820,CPI,P11274,compound,protein,1
9823820,CPI,Q9Y572,compound,protein,1
9823820,CPI,Q9P0L2,compound,protein,0
9823820,CPI,Q9BRS2,compound,protein,0
9826308,CPI,O43293,compound,protein,1
9826308,CPI,P04629,compound,protein,1
9826308,CPI,P15735,compound,protein,1
9826308,CPI,P22607,compound,protein,1
9826308,CPI,P52333,compound,protein,1
9826308,CPI,Q13237,compound,protein,1
9826308,CPI,Q8IW41,compound,protein,1
9826308,CPI,Q9BZL6,compound,protein,1
9826308,CPI,Q9H2X6,compound,protein,1
9826308,CPI,P54760,compound,protein,0
9826308,CPI,P16234,compound,protein,0
9826308,CPI,P50406,compound,protein,0
9826308,CPI,P42680,compound,protein,0
9826308,CPI,P42338,compound,protein,0
9826308,CPI,Q92847,compound,protein,0
9826308,CPI,Q08499,compound,protein,0
9826308,CPI,P0DMS8,compound,protein,0
9829523,CPI,O60285,compound,protein,1
9829523,CPI,O60331,compound,protein,1
9829523,CPI,O94921,compound,protein,1
9829523,CPI,P07949,compound,protein,1
9829523,CPI,P17948,compound,protein,1
9829523,CPI,P49760,compound,protein,1
9829523,CPI,P49840,compound,protein,1
9829523,CPI,P78356,compound,protein,1
9829523,CPI,Q02763,compound,protein,1
9829523,CPI,Q02779,compound,protein,1
9829523,CPI,Q13188,compound,protein,1
9829523,CPI,Q15375,compound,protein,1
9829523,CPI,Q86V86,compound,protein,1
9829523,CPI,Q8N5S9,compound,protein,1
9829523,CPI,Q99640,compound,protein,1
9829523,CPI,Q9BRS2,compound,protein,1
9829523,CPI,Q9BYT3,compound,protein,1
9829523,CPI,Q9H093,compound,protein,1
9829523,CPI,Q9HC98,compound,protein,1
9829523,CPI,Q96NT5,compound,protein,0
9829523,CPI,P33402,compound,protein,0
9829523,CPI,Q9HCR9,compound,protein,0
9829523,CPI,P32239,compound,protein,0
9829523,CPI,Q12791,compound,protein,0
9829523,CPI,Q8WXA8,compound,protein,0
9829523,CPI,P68371,compound,protein,0
9829523,CPI,Q13936,compound,protein,0
9829523,CPI,P38398,compound,protein,0
9829523,CPI,P23415,compound,protein,0
9829523,CPI,Q9UGI6,compound,protein,0
9829523,CPI,P07550,compound,protein,0
9829523,CPI,O75604,compound,protein,0
9829523,CPI,Q9GZV3,compound,protein,0
9829523,CPI,Q07820,compound,protein,0
9829523,CPI,P47870,compound,protein,0
9829523,CPI,P13726,compound,protein,0
9829523,CPI,P10632,compound,protein,0
9829523,CPI,P37288,compound,protein,0
9838712,CPI,P25025,compound,protein,1
9841834,CPI,P50993,compound,protein,1
9841834,CPI,P11388,compound,protein,0
9841834,CPI,Q8NEB9,compound,protein,0
9849616,CPI,P24530,compound,protein,1
9849616,CPI,P30542,compound,protein,1
9849616,CPI,P34969,compound,protein,1
9849616,CPI,P08069,compound,protein,0
9849616,CPI,P05177,compound,protein,0
9853053,CPI,P21728,compound,protein,1
9858940,CPI,P35968,compound,protein,1
9858940,CPI,P36896,compound,protein,1
9860529,CPI,P42345,compound,protein,1
9860529,CPI,P78527,compound,protein,1
9863367,CPI,O15111,compound,protein,1
9863367,CPI,P04049,compound,protein,1
9863367,CPI,P31751,compound,protein,1
9863367,CPI,P51812,compound,protein,1
9863367,CPI,Q13627,compound,protein,1
9863367,CPI,Q8N4C8,compound,protein,1
9863367,CPI,P47869,compound,protein,0
9863367,CPI,P11474,compound,protein,0
9863367,CPI,P43403,compound,protein,0
9863367,CPI,Q9UK32,compound,protein,0
9863367,CPI,O95342,compound,protein,0
9863367,CPI,Q56UN5,compound,protein,0
9863367,CPI,P47898,compound,protein,0
9863367,CPI,Q6PHR2,compound,protein,0
9863367,CPI,P50406,compound,protein,0
9864378,CPI,Q96DB2,compound,protein,1
9864378,CPI,P34969,compound,protein,0
9867642,CPI,P21728,compound,protein,1
9867642,CPI,P37288,compound,protein,1
9867642,CPI,Q13258,compound,protein,1
9867642,CPI,Q9Y5N1,compound,protein,1
9867642,CPI,Q99714,compound,protein,0
9868037,CPI,Q99928,compound,protein,0
9871875,CPI,Q9UGI6,compound,protein,1
9871875,CPI,P11802,compound,protein,0
9874838,CPI,P27448,compound,protein,0
9874913,CPI,P08631,compound,protein,1
9874913,CPI,P11362,compound,protein,1
9874913,CPI,P22607,compound,protein,1
9874913,CPI,P50750,compound,protein,1
9874913,CPI,P54646,compound,protein,1
9874913,CPI,Q13043,compound,protein,1
9874913,CPI,Q13153,compound,protein,1
9874913,CPI,Q16620,compound,protein,1
9874913,CPI,Q99683,compound,protein,1
9874913,CPI,Q9P289,compound,protein,1
9874913,CPI,Q9UKE5,compound,protein,1
9874913,CPI,P23975,compound,protein,0
9874913,CPI,P10275,compound,protein,0
9874913,CPI,P41968,compound,protein,0
9874913,CPI,P34969,compound,protein,0
9874913,CPI,Q96QE3,compound,protein,0
9874913,CPI,Q07283,compound,protein,0
9874913,CPI,Q969E3,compound,protein,0
9874913,CPI,P36915,compound,protein,0
9874913,CPI,Q86W54,compound,protein,0
9874913,CPI,Q9UPV7,compound,protein,0
9874913,CPI,Q5VTR2,compound,protein,0
9874913,CPI,Q9UJG1,compound,protein,0
9874913,CPI,Q7L0X0,compound,protein,0
9875401,CPI,Q92887,compound,protein,0
9877265,CPI,P07437,compound,protein,1
9882979,CPI,Q15303,compound,protein,0
9884685,CPI,O14936,compound,protein,1
9884685,CPI,P06213,compound,protein,1
9884685,CPI,P0C264,compound,protein,1
9884685,CPI,P20794,compound,protein,1
9884685,CPI,P22455,compound,protein,1
9884685,CPI,P42679,compound,protein,1
9884685,CPI,P49759,compound,protein,1
9884685,CPI,P51812,compound,protein,1
9884685,CPI,P51813,compound,protein,1
9884685,CPI,P51955,compound,protein,1
9884685,CPI,P54756,compound,protein,1
9884685,CPI,Q00537,compound,protein,1
9884685,CPI,Q13131,compound,protein,1
9884685,CPI,Q13546,compound,protein,1
9884685,CPI,Q13627,compound,protein,1
9884685,CPI,Q14164,compound,protein,1
9884685,CPI,Q15303,compound,protein,1
9884685,CPI,Q15418,compound,protein,1
9884685,CPI,Q86Z02,compound,protein,1
9884685,CPI,Q9BWU1,compound,protein,1
9884685,CPI,Q9UEE5,compound,protein,1
9884685,CPI,P27695,compound,protein,0
9884685,CPI,P35367,compound,protein,0
9884685,CPI,P25103,compound,protein,0
9884685,CPI,P10635,compound,protein,0
9884685,CPI,P29274,compound,protein,0
9884685,CPI,P08172,compound,protein,0
9884685,CPI,P20309,compound,protein,0
9884685,CPI,P19838,compound,protein,0
9884685,CPI,Q7Z7G1,compound,protein,0
9884685,CPI,Q8NEX5,compound,protein,0
9884685,CPI,Q9UIA9,compound,protein,0
9884685,CPI,O00220,compound,protein,0
9884685,CPI,Q8N6F1,compound,protein,0
9884685,CPI,Q8TD90,compound,protein,0
9884685,CPI,Q8NEY1,compound,protein,0
9884685,CPI,O75096,compound,protein,0
9884685,CPI,O14647,compound,protein,0
9884685,CPI,Q6ZMV8,compound,protein,0
9884685,CPI,Q05066,compound,protein,0
9884685,CPI,Q9Y2X3,compound,protein,0
9884685,CPI,Q8N1B4,compound,protein,0
9884685,CPI,Q86SE8,compound,protein,0
9884685,CPI,Q6UXZ4,compound,protein,0
9884685,CPI,Q9NRN7,compound,protein,0
9884685,CPI,O75746,compound,protein,0
9888030,CPI,P25021,compound,protein,0
9891901,CPI,P35462,compound,protein,1
9891901,CPI,Q99714,compound,protein,0
9903,CPI,Q9Y2K7,compound,protein,0
9903,CPI,A5X5Y0,compound,protein,0
9904,CPI,Q9Y2I1,compound,protein,1
9904,CPI,O15296,compound,protein,0
9905190,CPI,Q9UBT6,compound,protein,1
9905190,CPI,Q16665,compound,protein,0
9907093,CPI,Q04759,compound,protein,0
9911830,CPI,P23975,compound,protein,1
9911830,CPI,P11473,compound,protein,0
9912992,CPI,P43220,compound,protein,0
9914412,CPI,O60674,compound,protein,1
9914412,CPI,P27448,compound,protein,1
9914412,CPI,P36888,compound,protein,1
9914412,CPI,P04626,compound,protein,0
9914412,CPI,Q9NWZ3,compound,protein,0
9914412,CPI,P43220,compound,protein,0
9914412,CPI,P08922,compound,protein,0
9914412,CPI,P25929,compound,protein,0
9915743,CPI,O00750,compound,protein,1
9915743,CPI,P04629,compound,protein,1
9915743,CPI,P07333,compound,protein,1
9915743,CPI,P08588,compound,protein,1
9915743,CPI,P09619,compound,protein,1
9915743,CPI,P0C1S8,compound,protein,1
9915743,CPI,P42685,compound,protein,1
9915743,CPI,P45985,compound,protein,1
9915743,CPI,Q01959,compound,protein,1
9915743,CPI,Q13164,compound,protein,1
9915743,CPI,Q13464,compound,protein,1
9915743,CPI,Q13557,compound,protein,1
9915743,CPI,Q14164,compound,protein,1
9915743,CPI,Q15349,compound,protein,1
9915743,CPI,Q2M2I8,compound,protein,1
9915743,CPI,Q7KZI7,compound,protein,1
9915743,CPI,Q8N4C8,compound,protein,1
9915743,CPI,Q8NG66,compound,protein,1
9915743,CPI,Q96L34,compound,protein,1
9915743,CPI,Q99808,compound,protein,1
9915743,CPI,Q9H3Y6,compound,protein,1
9915743,CPI,Q9UBE8,compound,protein,1
9915743,CPI,Q9UPE1,compound,protein,1
9915743,CPI,Q9Y243,compound,protein,1
9915743,CPI,Q9Y463,compound,protein,1
9915743,CPI,O15438,compound,protein,0
9915743,CPI,O15118,compound,protein,0
9915743,CPI,P47898,compound,protein,0
9915743,CPI,Q9NUW8,compound,protein,0
9915743,CPI,Q13936,compound,protein,0
9915743,CPI,O94782,compound,protein,0
9915743,CPI,P15428,compound,protein,0
9915743,CPI,P28335,compound,protein,0
9915743,CPI,Q9BYI3,compound,protein,0
9915743,CPI,P78552,compound,protein,0
9915743,CPI,Q8N5B7,compound,protein,0
9915743,CPI,Q9NUY8,compound,protein,0
9915743,CPI,Q49A92,compound,protein,0
9915743,CPI,Q9BRS8,compound,protein,0
9915743,CPI,Q9H4I2,compound,protein,0
9915743,CPI,Q969V1,compound,protein,0
9915743,CPI,Q92526,compound,protein,0
9915743,CPI,P0CI25,compound,protein,0
9915743,CPI,P84101,compound,protein,0
9915743,CPI,Q9C0C7,compound,protein,0
9915743,CPI,Q9UFC0,compound,protein,0
9915886,CPI,P47898,compound,protein,0
9924495,CPI,Q9H2K2,compound,protein,0
9926791,CPI,P08922,compound,protein,1
9926791,CPI,P11802,compound,protein,1
9926791,CPI,P20794,compound,protein,1
9926791,CPI,P36896,compound,protein,1
9926791,CPI,P41595,compound,protein,1
9926791,CPI,P42685,compound,protein,1
9926791,CPI,P49760,compound,protein,1
9926791,CPI,P51956,compound,protein,1
9926791,CPI,Q00526,compound,protein,1
9926791,CPI,Q00536,compound,protein,1
9926791,CPI,Q07912,compound,protein,1
9926791,CPI,Q13554,compound,protein,1
9926791,CPI,Q32MK0,compound,protein,1
9926791,CPI,Q86UE8,compound,protein,1
9926791,CPI,Q8N4C8,compound,protein,1
9926791,CPI,Q8NI60,compound,protein,1
9926791,CPI,Q8TBX8,compound,protein,1
9926791,CPI,Q8WU08,compound,protein,1
9926791,CPI,Q9BRS2,compound,protein,1
9926791,CPI,Q9H2G2,compound,protein,1
9926791,CPI,Q9UPZ9,compound,protein,1
9926791,CPI,P10826,compound,protein,0
9926791,CPI,P0DUB6,compound,protein,0
9926791,CPI,Q92952,compound,protein,0
9926791,CPI,P35414,compound,protein,0
9926791,CPI,P22748,compound,protein,0
9926791,CPI,Q13526,compound,protein,0
9926791,CPI,Q14191,compound,protein,0
9926791,CPI,Q9UHH9,compound,protein,0
9926791,CPI,P08173,compound,protein,0
9926791,CPI,Q13370,compound,protein,0
9926791,CPI,P61088,compound,protein,0
9926791,CPI,Q16644,compound,protein,0
9926791,CPI,Q01453,compound,protein,0
9926791,CPI,Q16236,compound,protein,0
9926791,CPI,P39748,compound,protein,0
9926791,CPI,Q8N1Q1,compound,protein,0
9926791,CPI,O75030,compound,protein,0
9926791,CPI,Q9HBY8,compound,protein,0
9926791,CPI,P03956,compound,protein,0
9926791,CPI,P29466,compound,protein,0
9926999,CPI,P35968,compound,protein,0
9927531,CPI,P11309,compound,protein,0
9931891,CPI,P36894,compound,protein,0
9931954,CPI,O14757,compound,protein,1
9931954,CPI,O43781,compound,protein,1
9931954,CPI,P11362,compound,protein,1
9931954,CPI,P53667,compound,protein,1
9931954,CPI,Q14012,compound,protein,1
9931954,CPI,Q9H2K2,compound,protein,1
9931954,CPI,Q9UGN5,compound,protein,1
9931954,CPI,Q9Y463,compound,protein,1
9931954,CPI,Q96PY6,compound,protein,0
9931954,CPI,Q86UE8,compound,protein,0
9931954,CPI,Q9H0K1,compound,protein,0
9931954,CPI,P07949,compound,protein,0
9932888,CPI,P36888,compound,protein,1
9933475,CPI,P00519,compound,protein,1
9933475,CPI,P36896,compound,protein,1
9933475,CPI,P51451,compound,protein,1
9933475,CPI,P54646,compound,protein,1
9933475,CPI,P57059,compound,protein,1
9933475,CPI,P68400,compound,protein,1
9933475,CPI,P78362,compound,protein,1
9933475,CPI,Q14004,compound,protein,1
9933475,CPI,Q15208,compound,protein,1
9933475,CPI,Q6XUX3,compound,protein,1
9933475,CPI,Q8TD08,compound,protein,1
9933475,CPI,Q92918,compound,protein,1
9933475,CPI,Q96RR4,compound,protein,1
9933475,CPI,Q9BVS4,compound,protein,1
9933475,CPI,Q9H1R3,compound,protein,1
9933475,CPI,Q9P0L2,compound,protein,1
9933475,CPI,Q9P1W9,compound,protein,1
9933475,CPI,Q9UIK4,compound,protein,1
9933475,CPI,Q9Y2K2,compound,protein,1
9933475,CPI,P11473,compound,protein,0
9933475,CPI,P33261,compound,protein,0
9933475,CPI,P18089,compound,protein,0
9933475,CPI,P25021,compound,protein,0
9933475,CPI,P54132,compound,protein,0
9933475,CPI,P34969,compound,protein,0
9933475,CPI,P41143,compound,protein,0
9933475,CPI,Q96M94,compound,protein,0
9933475,CPI,P57105,compound,protein,0
9933475,CPI,P60660,compound,protein,0
9933475,CPI,Q9P2E2,compound,protein,0
9933475,CPI,Q969K3,compound,protein,0
9933475,CPI,Q9Y3Y4,compound,protein,0
9933475,CPI,Q7Z5V6,compound,protein,0
9933475,CPI,Q6UW63,compound,protein,0
9933475,CPI,Q30KQ6,compound,protein,0
9933475,CPI,Q86YQ8,compound,protein,0
9934347,CPI,P17948,compound,protein,1
9934347,CPI,P51957,compound,protein,1
9934347,CPI,P53779,compound,protein,1
9934347,CPI,P78368,compound,protein,1
9934347,CPI,Q16288,compound,protein,1
9934347,CPI,Q96L34,compound,protein,1
9934347,CPI,P37840,compound,protein,0
9934347,CPI,Q99755,compound,protein,0
9934347,CPI,P33261,compound,protein,0
9934347,CPI,Q13163,compound,protein,0
9934347,CPI,Q9UPE1,compound,protein,0
9934347,CPI,P11712,compound,protein,0
9934347,CPI,Q12866,compound,protein,0
9934347,CPI,O75469,compound,protein,0
9934347,CPI,P07550,compound,protein,0
9939609,CPI,Q9H4B4,compound,protein,0
9941444,CPI,P14416,compound,protein,1
9941444,CPI,P21917,compound,protein,1
9941444,CPI,P30872,compound,protein,1
9941444,CPI,P32239,compound,protein,1
9941444,CPI,Q01959,compound,protein,1
9941444,CPI,Q86V86,compound,protein,0
9941444,CPI,Q16584,compound,protein,0
9949641,CPI,P05177,compound,protein,1
9953592,CPI,Q92847,compound,protein,0
9953599,CPI,P35414,compound,protein,1
9953599,CPI,Q08345,compound,protein,0
9956119,CPI,P04629,compound,protein,1
9956119,CPI,P06241,compound,protein,1
9956119,CPI,P49760,compound,protein,1
9956119,CPI,Q9BXA7,compound,protein,1
9956119,CPI,P11712,compound,protein,0
9956119,CPI,P07550,compound,protein,0
9956119,CPI,P46098,compound,protein,0
9956119,CPI,Q15759,compound,protein,0
996,CPI,O43570,compound,protein,1
9966051,CPI,P35367,compound,protein,1
9966051,CPI,P41143,compound,protein,0
