head,relation,tail,head_type,tail_type,label
10022508,CPI,P11473,compound,protein,1
10029385,CPI,O96013,compound,protein,1
10029385,CPI,Q96SB4,compound,protein,1
10029385,CPI,Q9BZL6,compound,protein,1
10029385,CPI,P05177,compound,protein,0
10029385,CPI,Q16659,compound,protein,0
10029385,CPI,P21728,compound,protein,0
10040286,CPI,P18825,compound,protein,1
10052040,CPI,P34972,compound,protein,1
10071196,CPI,P08172,compound,protein,1
10074640,CPI,O14757,compound,protein,1
10074640,CPI,O75747,compound,protein,1
10074640,CPI,P04629,compound,protein,1
10074640,CPI,P0C1S8,compound,protein,1
10074640,CPI,P11274,compound,protein,1
10074640,CPI,P11309,compound,protein,1
10074640,CPI,P54646,compound,protein,1
10074640,CPI,P54760,compound,protein,1
10074640,CPI,P54764,compound,protein,1
10074640,CPI,Q00536,compound,protein,1
10074640,CPI,Q05655,compound,protein,1
10074640,CPI,Q86YV6,compound,protein,1
10074640,CPI,Q8TDR2,compound,protein,1
10074640,CPI,Q9BX84,compound,protein,1
10074640,CPI,Q9NQU5,compound,protein,1
10074640,CPI,Q9NRH2,compound,protein,1
10074640,CPI,Q9UBF8,compound,protein,1
10074640,CPI,Q9UIK4,compound,protein,1
10074640,CPI,Q9Y2U5,compound,protein,1
10074640,CPI,P27695,compound,protein,0
10074640,CPI,P30542,compound,protein,0
10074640,CPI,Q16665,compound,protein,0
10074640,CPI,P25021,compound,protein,0
10074640,CPI,P08684,compound,protein,0
10074640,CPI,P21918,compound,protein,0
10074640,CPI,O75604,compound,protein,0
10074640,CPI,P34969,compound,protein,0
10074640,CPI,Q96KQ7,compound,protein,0
10074640,CPI,O75469,compound,protein,0
10074640,CPI,Q9HBX8,compound,protein,0
10074640,CPI,Q01658,compound,protein,0
10074640,CPI,O15018,compound,protein,0
10074640,CPI,P35443,compound,protein,0
10074640,CPI,Q9NTQ9,compound,protein,0
10074640,CPI,Q9UKR0,compound,protein,0
10074640,CPI,P52758,compound,protein,0
10074640,CPI,Q9H5J4,compound,protein,0
10077130,CPI,Q9UIF8,compound,protein,0
10077147,CPI,Q14164,compound,protein,1
10090485,CPI,P11473,compound,protein,0
10109823,CPI,O14757,compound,protein,1
10109823,CPI,P24941,compound,protein,1
10109823,CPI,P51812,compound,protein,1
10109823,CPI,Q9UM07,compound,protein,0
10109823,CPI,Q14643,compound,protein,0
10113978,CPI,O14733,compound,protein,1
10113978,CPI,P08922,compound,protein,1
10113978,CPI,P0C1S8,compound,protein,1
10113978,CPI,P11309,compound,protein,1
10113978,CPI,P15735,compound,protein,1
10113978,CPI,P30291,compound,protein,1
10113978,CPI,P36896,compound,protein,1
10113978,CPI,P42680,compound,protein,1
10113978,CPI,P45985,compound,protein,1
10113978,CPI,P46734,compound,protein,1
10113978,CPI,P49674,compound,protein,1
10113978,CPI,P57058,compound,protein,1
10113978,CPI,P57059,compound,protein,1
10113978,CPI,Q04912,compound,protein,1
10113978,CPI,Q13043,compound,protein,1
10113978,CPI,Q13464,compound,protein,1
10113978,CPI,Q13523,compound,protein,1
10113978,CPI,Q5S007,compound,protein,1
10113978,CPI,Q8TBX8,compound,protein,1
10113978,CPI,Q92772,compound,protein,1
10113978,CPI,Q96NX5,compound,protein,1
10113978,CPI,Q96PY6,compound,protein,1
10113978,CPI,Q99759,compound,protein,1
10113978,CPI,Q9H3Y6,compound,protein,1
10113978,CPI,Q9H422,compound,protein,1
10113978,CPI,Q9P2K8,compound,protein,1
10113978,CPI,P21917,compound,protein,0
10113978,CPI,Q01959,compound,protein,0
10113978,CPI,Q92847,compound,protein,0
10113978,CPI,P41143,compound,protein,0
10113978,CPI,Q7L1T6,compound,protein,0
10113978,CPI,A6NI86,compound,protein,0
10113978,CPI,Q5JQC9,compound,protein,0
10113978,CPI,P23510,compound,protein,0
10113978,CPI,Q9NZH6,compound,protein,0
10113978,CPI,P49221,compound,protein,0
10113978,CPI,O00622,compound,protein,0
10113978,CPI,Q13228,compound,protein,0
10113978,CPI,Q93052,compound,protein,0
10113978,CPI,Q14681,compound,protein,0
10113978,CPI,Q8N720,compound,protein,0
10113978,CPI,Q8N9V2,compound,protein,0
10113978,CPI,Q96G46,compound,protein,0
10113978,CPI,Q9HBV2,compound,protein,0
10113978,CPI,O43524,compound,protein,0
10113978,CPI,O60902,compound,protein,0
10113978,CPI,P02724,compound,protein,0
10113978,CPI,Q9BU79,compound,protein,0
10113978,CPI,Q99567,compound,protein,0
10117987,CPI,P29274,compound,protein,1
10126189,CPI,Q9NR56,compound,protein,0
10133,CPI,Q8TDU6,compound,protein,1
10182969,CPI,P02763,compound,protein,0
10184653,CPI,P00519,compound,protein,1
10184653,CPI,P07332,compound,protein,1
10184653,CPI,P08922,compound,protein,1
10184653,CPI,P14616,compound,protein,1
10184653,CPI,P42685,compound,protein,1
10184653,CPI,P49759,compound,protein,1
10184653,CPI,P53350,compound,protein,1
10184653,CPI,Q07912,compound,protein,1
10184653,CPI,Q12866,compound,protein,1
10184653,CPI,Q13470,compound,protein,1
10184653,CPI,Q13873,compound,protein,1
10184653,CPI,Q9HBH9,compound,protein,1
10184653,CPI,Q9HCP0,compound,protein,1
10184653,CPI,Q9UBE8,compound,protein,1
10184653,CPI,Q9UQ88,compound,protein,1
10184653,CPI,Q9Y5S2,compound,protein,1
10184653,CPI,P39748,compound,protein,0
10184653,CPI,P21917,compound,protein,0
10184653,CPI,P50406,compound,protein,0
10184653,CPI,P28221,compound,protein,0
10184653,CPI,P32856,compound,protein,0
10184653,CPI,Q8NCP5,compound,protein,0
10184653,CPI,Q96P44,compound,protein,0
10184653,CPI,Q6UDR6,compound,protein,0
10184653,CPI,O14978,compound,protein,0
10184653,CPI,P85037,compound,protein,0
10184653,CPI,Q6UY27,compound,protein,0
10184653,CPI,O95400,compound,protein,0
10184653,CPI,Q9Y5Y3,compound,protein,0
10200390,CPI,O94806,compound,protein,1
10200390,CPI,P00533,compound,protein,1
10200390,CPI,P06493,compound,protein,1
10200390,CPI,P29317,compound,protein,1
10200390,CPI,Q06187,compound,protein,1
10200390,CPI,Q13153,compound,protein,1
10200390,CPI,Q9HBH9,compound,protein,1
10200390,CPI,P42345,compound,protein,0
10200390,CPI,Q9P289,compound,protein,0
10200390,CPI,Q16665,compound,protein,0
10200390,CPI,P84022,compound,protein,0
10200390,CPI,Q96RI1,compound,protein,0
10200390,CPI,Q9NSY1,compound,protein,0
10200390,CPI,O14976,compound,protein,0
10200390,CPI,P16083,compound,protein,0
10200390,CPI,P27815,compound,protein,0
10212,CPI,P43220,compound,protein,1
10219,CPI,Q16665,compound,protein,1
10219,CPI,Q96QE3,compound,protein,1
10224714,CPI,P24941,compound,protein,1
10224714,CPI,P51946,compound,protein,1
102614,CPI,P10253,compound,protein,1
102614,CPI,Q8TET4,compound,protein,1
10275777,CPI,P00747,compound,protein,1
10275777,CPI,P33981,compound,protein,0
10296883,CPI,O15075,compound,protein,1
10296883,CPI,O43293,compound,protein,1
10296883,CPI,P08922,compound,protein,1
10296883,CPI,P28482,compound,protein,1
10296883,CPI,P35916,compound,protein,1
10296883,CPI,P42338,compound,protein,1
10296883,CPI,Q13131,compound,protein,1
10296883,CPI,Q9NYL2,compound,protein,1
10296883,CPI,P16473,compound,protein,0
10296883,CPI,O15296,compound,protein,0
10296883,CPI,P04150,compound,protein,0
10296883,CPI,P42345,compound,protein,0
10296883,CPI,P19838,compound,protein,0
10296883,CPI,P51689,compound,protein,0
10296883,CPI,Q6ZXV5,compound,protein,0
10296883,CPI,Q9NX36,compound,protein,0
10297043,CPI,P11274,compound,protein,1
10297043,CPI,P22607,compound,protein,1
10297043,CPI,Q07912,compound,protein,1
10297043,CPI,Q9H4B4,compound,protein,0
1030,CPI,Q9NUW8,compound,protein,1
10302451,CPI,O00238,compound,protein,1
10302451,CPI,O15530,compound,protein,1
10302451,CPI,P00533,compound,protein,1
10302451,CPI,O14920,compound,protein,0
10302451,CPI,Q9Y463,compound,protein,0
10302451,CPI,P43403,compound,protein,0
10313,CPI,Q13547,compound,protein,1
10313,CPI,O75116,compound,protein,0
10335364,CPI,Q12879,compound,protein,0
10365,CPI,Q9GZT9,compound,protein,1
10365,CPI,Q9UPP1,compound,protein,0
10365,CPI,P30291,compound,protein,0
10377751,CPI,Q9NZ45,compound,protein,1
10398360,CPI,O15296,compound,protein,1
10398360,CPI,Q13255,compound,protein,1
10410894,CPI,P54762,compound,protein,0
10427712,CPI,O15075,compound,protein,1
10427712,CPI,O60285,compound,protein,1
10427712,CPI,O60331,compound,protein,1
10427712,CPI,O75385,compound,protein,1
10427712,CPI,O95747,compound,protein,1
10427712,CPI,P04629,compound,protein,1
10427712,CPI,P06241,compound,protein,1
10427712,CPI,P11362,compound,protein,1
10427712,CPI,P19525,compound,protein,1
10427712,CPI,P21709,compound,protein,1
10427712,CPI,P27707,compound,protein,1
10427712,CPI,P29376,compound,protein,1
10427712,CPI,P43403,compound,protein,1
10427712,CPI,P43405,compound,protein,1
10427712,CPI,P49674,compound,protein,1
10427712,CPI,P51813,compound,protein,1
10427712,CPI,Q12852,compound,protein,1
10427712,CPI,Q14289,compound,protein,1
10427712,CPI,Q8IWQ3,compound,protein,1
10427712,CPI,Q8TBX8,compound,protein,1
10427712,CPI,Q9HAZ1,compound,protein,1
10427712,CPI,Q9HBH9,compound,protein,1
10427712,CPI,Q9NRM7,compound,protein,1
10427712,CPI,Q9NRP7,compound,protein,1
10427712,CPI,Q9NYY3,compound,protein,1
10427712,CPI,Q9P0L2,compound,protein,1
10427712,CPI,Q9UQM7,compound,protein,1
10427712,CPI,Q9Y463,compound,protein,1
10427712,CPI,Q9Y6R4,compound,protein,1
10427712,CPI,Q07343,compound,protein,0
10427712,CPI,Q08499,compound,protein,0
10427712,CPI,P08235,compound,protein,0
10427712,CPI,P01584,compound,protein,0
10427712,CPI,P47869,compound,protein,0
10427712,CPI,P51946,compound,protein,0
10427712,CPI,P11474,compound,protein,0
10427712,CPI,P13945,compound,protein,0
10427712,CPI,P10145,compound,protein,0
10427712,CPI,P47871,compound,protein,0
10427712,CPI,P06746,compound,protein,0
10427712,CPI,P32245,compound,protein,0
10427712,CPI,Q99700,compound,protein,0
10427712,CPI,Q07869,compound,protein,0
10427712,CPI,P49454,compound,protein,0
10427712,CPI,Q96C23,compound,protein,0
10427712,CPI,O94772,compound,protein,0
10427712,CPI,Q6I9Y2,compound,protein,0
10448938,CPI,P14770,compound,protein,1
10452020,CPI,P50406,compound,protein,0
1046,CPI,P21728,compound,protein,1
1046,CPI,O00555,compound,protein,0
10461815,CPI,O60285,compound,protein,1
10461815,CPI,O96013,compound,protein,1
10461815,CPI,P11802,compound,protein,1
10461815,CPI,P28482,compound,protein,1
10461815,CPI,P49760,compound,protein,1
10461815,CPI,P52564,compound,protein,1
10461815,CPI,P80192,compound,protein,1
10461815,CPI,Q13177,compound,protein,1
10461815,CPI,Q16288,compound,protein,1
10461815,CPI,Q8IVH8,compound,protein,1
10461815,CPI,Q8IW41,compound,protein,1
10461815,CPI,Q8IYT8,compound,protein,1
10461815,CPI,Q8WU08,compound,protein,1
10461815,CPI,Q96BR1,compound,protein,1
10461815,CPI,Q96D53,compound,protein,1
10461815,CPI,Q99755,compound,protein,1
10461815,CPI,Q9H4B4,compound,protein,1
10461815,CPI,Q9HC98,compound,protein,1
10461815,CPI,Q9NQU5,compound,protein,1
10461815,CPI,Q9NYL2,compound,protein,1
10461815,CPI,Q9UPE1,compound,protein,1
10461815,CPI,Q13547,compound,protein,0
10461815,CPI,P18054,compound,protein,0
10461815,CPI,P54132,compound,protein,0
10461815,CPI,P15428,compound,protein,0
10461815,CPI,P54803,compound,protein,0
10461815,CPI,O94782,compound,protein,0
10461815,CPI,O15245,compound,protein,0
10461815,CPI,Q9Y5Y9,compound,protein,0
10461815,CPI,Q8NER1,compound,protein,0
10461815,CPI,P25100,compound,protein,0
10461815,CPI,P03372,compound,protein,0
10461815,CPI,P28335,compound,protein,0
10461815,CPI,Q9H3N8,compound,protein,0
10461815,CPI,P20813,compound,protein,0
10461815,CPI,P54284,compound,protein,0
10461815,CPI,P07900,compound,protein,0
10461815,CPI,O75874,compound,protein,0
10461815,CPI,O96024,compound,protein,0
10461815,CPI,P15927,compound,protein,0
10461815,CPI,Q15006,compound,protein,0
10461815,CPI,Q86W26,compound,protein,0
104741,CPI,P04150,compound,protein,1
104741,CPI,Q9NUW8,compound,protein,1
104741,CPI,Q9NXA8,compound,protein,1
104741,CPI,Q9ULX7,compound,protein,0
104741,CPI,Q15831,compound,protein,0
104758,CPI,P29597,compound,protein,0
104767,CPI,Q13976,compound,protein,1
104850,CPI,P39748,compound,protein,0
104850,CPI,P35590,compound,protein,0
104858,CPI,P23443,compound,protein,0
104865,CPI,Q14994,compound,protein,1
105078,CPI,Q9UQL6,compound,protein,0
10531,CPI,P18089,compound,protein,1
10531,CPI,P18825,compound,protein,1
10531,CPI,P21397,compound,protein,1
10531,CPI,P28335,compound,protein,1
10531,CPI,P33261,compound,protein,0
10531,CPI,Q96KQ7,compound,protein,0
10635,CPI,P04150,compound,protein,1
10635,CPI,P06401,compound,protein,1
10660,CPI,P25100,compound,protein,1
10666,CPI,P83916,compound,protein,1
10742,CPI,O43570,compound,protein,1
10742,CPI,P23280,compound,protein,1
10745,CPI,P02545,compound,protein,1
1075883,CPI,P16473,compound,protein,1
107715,CPI,A5X5Y0,compound,protein,1
107715,CPI,P07550,compound,protein,1
107715,CPI,P21918,compound,protein,1
107715,CPI,P25100,compound,protein,1
107715,CPI,P41595,compound,protein,1
107715,CPI,P54760,compound,protein,0
107751,CPI,P41595,compound,protein,1
107751,CPI,P10635,compound,protein,0
10783,CPI,Q01959,compound,protein,0
107838,CPI,P47898,compound,protein,1
107905,CPI,Q9NPD5,compound,protein,1
107905,CPI,Q9Y6L6,compound,protein,1
107905,CPI,P35916,compound,protein,0
107930,CPI,Q13976,compound,protein,0
107950,CPI,P31644,compound,protein,1
107970,CPI,Q9NYY3,compound,protein,0
10798271,CPI,P30411,compound,protein,0
107985,CPI,P02545,compound,protein,1
107992,CPI,P06239,compound,protein,0
108001,CPI,Q13255,compound,protein,1
108029,CPI,P11712,compound,protein,0
108092,CPI,P09960,compound,protein,1
108092,CPI,P25021,compound,protein,0
108107,CPI,Q00535,compound,protein,0
108137,CPI,P08684,compound,protein,1
108143,CPI,P10276,compound,protein,1
108143,CPI,P30613,compound,protein,0
10947895,CPI,P28223,compound,protein,1
10947895,CPI,P34969,compound,protein,1
10947895,CPI,Q14524,compound,protein,0
11001318,CPI,P02766,compound,protein,1
11012,CPI,P05023,compound,protein,1
110634,CPI,Q9NP56,compound,protein,1
110634,CPI,P28566,compound,protein,0
110635,CPI,O60658,compound,protein,1
110635,CPI,P21397,compound,protein,1
110635,CPI,Q13936,compound,protein,0
110635,CPI,O15439,compound,protein,0
110635,CPI,Q13470,compound,protein,0
11095,CPI,P28482,compound,protein,1
11152667,CPI,Q13705,compound,protein,1
11152667,CPI,Q16584,compound,protein,1
11152667,CPI,Q9NSY1,compound,protein,1
11152667,CPI,Q9UGJ0,compound,protein,1
11152667,CPI,P43681,compound,protein,0
11152667,CPI,P11229,compound,protein,0
11152667,CPI,P02545,compound,protein,0
11152667,CPI,P41968,compound,protein,0
11152667,CPI,P08588,compound,protein,0
11152667,CPI,P20309,compound,protein,0
11152667,CPI,P07550,compound,protein,0
11154555,CPI,Q9UHD2,compound,protein,0
11154555,CPI,P08183,compound,protein,0
11167602,CPI,P08908,compound,protein,1
11167602,CPI,P08913,compound,protein,1
11167602,CPI,Q01959,compound,protein,1
11167602,CPI,Q99808,compound,protein,0
11167602,CPI,P10636,compound,protein,0
11175137,CPI,P12931,compound,protein,0
11180808,CPI,P41597,compound,protein,1
11192346,CPI,P41597,compound,protein,1
11207937,CPI,Q92918,compound,protein,0
11213558,CPI,O75460,compound,protein,1
11213558,CPI,O95835,compound,protein,1
11213558,CPI,P07332,compound,protein,1
11213558,CPI,P19525,compound,protein,1
11213558,CPI,P29322,compound,protein,1
11213558,CPI,P31152,compound,protein,1
11213558,CPI,P42345,compound,protein,1
11213558,CPI,P46734,compound,protein,1
11213558,CPI,P49674,compound,protein,1
11213558,CPI,P49840,compound,protein,1
11213558,CPI,P51812,compound,protein,1
11213558,CPI,P51956,compound,protein,1
11213558,CPI,Q02763,compound,protein,1
11213558,CPI,Q06187,compound,protein,1
11213558,CPI,Q13164,compound,protein,1
11213558,CPI,Q32MK0,compound,protein,1
11213558,CPI,Q86V86,compound,protein,1
11213558,CPI,Q86Z02,compound,protein,1
11213558,CPI,Q8TD08,compound,protein,1
11213558,CPI,Q9H422,compound,protein,1
11213558,CPI,Q9Y5S2,compound,protein,1
11213558,CPI,Q08289,compound,protein,0
11213558,CPI,O00418,compound,protein,0
11213558,CPI,P30542,compound,protein,0
11213558,CPI,O15244,compound,protein,0
11213558,CPI,P78527,compound,protein,0
11213558,CPI,P34903,compound,protein,0
11213558,CPI,Q99700,compound,protein,0
11213558,CPI,P50406,compound,protein,0
11213558,CPI,P51843,compound,protein,0
11213558,CPI,P35414,compound,protein,0
11213558,CPI,P04062,compound,protein,0
11213558,CPI,Q04828,compound,protein,0
11213558,CPI,P83916,compound,protein,0
11213558,CPI,Q9BY41,compound,protein,0
11213558,CPI,A2PYH4,compound,protein,0
11213558,CPI,O95714,compound,protein,0
11219835,CPI,P27695,compound,protein,0
11219835,CPI,Q7KZI7,compound,protein,0
11222830,CPI,Q93008,compound,protein,1
11226090,CPI,P42679,compound,protein,0
11228183,CPI,Q16548,compound,protein,1
11234052,CPI,O00506,compound,protein,1
11234052,CPI,O75676,compound,protein,1
11234052,CPI,O75716,compound,protein,1
11234052,CPI,P07332,compound,protein,1
11234052,CPI,P16234,compound,protein,1
11234052,CPI,P31751,compound,protein,1
11234052,CPI,P36896,compound,protein,1
11234052,CPI,P37023,compound,protein,1
11234052,CPI,P42685,compound,protein,1
11234052,CPI,P51813,compound,protein,1
11234052,CPI,Q00532,compound,protein,1
11234052,CPI,Q05397,compound,protein,1
11234052,CPI,Q08345,compound,protein,1
11234052,CPI,Q14012,compound,protein,1
11234052,CPI,Q16620,compound,protein,1
11234052,CPI,Q8IW41,compound,protein,1
11234052,CPI,Q8TD19,compound,protein,1
11234052,CPI,Q8WU08,compound,protein,1
11234052,CPI,Q96BR1,compound,protein,1
11234052,CPI,Q99759,compound,protein,1
11234052,CPI,Q9BX84,compound,protein,1
11234052,CPI,Q9NYY3,compound,protein,1
11234052,CPI,Q9P1W9,compound,protein,1
11234052,CPI,P10828,compound,protein,0
11234052,CPI,P14618,compound,protein,0
11234052,CPI,P21728,compound,protein,0
11234052,CPI,P30518,compound,protein,0
11234052,CPI,P34969,compound,protein,0
11234052,CPI,P0DMS8,compound,protein,0
11234052,CPI,P22415,compound,protein,0
11234052,CPI,P55854,compound,protein,0
11234052,CPI,O00219,compound,protein,0
11234052,CPI,Q8N6M0,compound,protein,0
11234052,CPI,O15321,compound,protein,0
11234052,CPI,Q9NY74,compound,protein,0
11234052,CPI,Q96SZ6,compound,protein,0
11234052,CPI,Q96CF2,compound,protein,0
11234052,CPI,Q9BRP1,compound,protein,0
11234052,CPI,Q9Y291,compound,protein,0
11234052,CPI,Q96B96,compound,protein,0
11234052,CPI,Q9NWM3,compound,protein,0
11234052,CPI,Q8TBM7,compound,protein,0
11234052,CPI,Q96J87,compound,protein,0
11238147,CPI,Q05397,compound,protein,0
11270783,CPI,O00444,compound,protein,1
11292680,CPI,O15118,compound,protein,0
11317348,CPI,P21802,compound,protein,1
11319053,CPI,Q16602,compound,protein,1
11338033,CPI,O00329,compound,protein,1
11338033,CPI,O00444,compound,protein,1
11338033,CPI,O14965,compound,protein,1
11338033,CPI,P09769,compound,protein,1
11338033,CPI,P24941,compound,protein,1
11338033,CPI,P29376,compound,protein,1
11338033,CPI,P42336,compound,protein,1
11338033,CPI,P51955,compound,protein,1
11338033,CPI,Q13131,compound,protein,1
11338033,CPI,Q16513,compound,protein,1
11338033,CPI,Q16816,compound,protein,1
11338033,CPI,Q8N568,compound,protein,1
11338033,CPI,Q8N5S9,compound,protein,1
11338033,CPI,Q8NFD2,compound,protein,1
11338033,CPI,Q8NG66,compound,protein,1
11338033,CPI,Q9HAZ1,compound,protein,1
11338033,CPI,Q9HC98,compound,protein,1
11338033,CPI,Q9Y2K2,compound,protein,1
11338033,CPI,Q9Y616,compound,protein,1
11338033,CPI,P18825,compound,protein,0
11338033,CPI,P35367,compound,protein,0
11338033,CPI,P18089,compound,protein,0
11338033,CPI,P41595,compound,protein,0
11338033,CPI,P34969,compound,protein,0
11338033,CPI,P33261,compound,protein,0
11338033,CPI,P06401,compound,protein,0
11338033,CPI,O43511,compound,protein,0
11338033,CPI,P40200,compound,protein,0
11338033,CPI,Q96M43,compound,protein,0
11338033,CPI,Q9NZV1,compound,protein,0
11338033,CPI,Q6NXS1,compound,protein,0
11338033,CPI,Q9Y6H6,compound,protein,0
11338033,CPI,Q14126,compound,protein,0
11338033,CPI,Q16851,compound,protein,0
11338033,CPI,Q6ZSA7,compound,protein,0
11338033,CPI,Q9Y2D9,compound,protein,0
11338033,CPI,Q8NG48,compound,protein,0
11338033,CPI,Q12889,compound,protein,0
11338033,CPI,Q6UX98,compound,protein,0
11351968,CPI,P0DMS8,compound,protein,0
11364421,CPI,O95382,compound,protein,1
11364421,CPI,P21860,compound,protein,1
11364421,CPI,P23443,compound,protein,1
11364421,CPI,P45983,compound,protein,1
11364421,CPI,P50613,compound,protein,1
11364421,CPI,P51956,compound,protein,1
11364421,CPI,P78368,compound,protein,1
11364421,CPI,Q00535,compound,protein,1
11364421,CPI,Q02750,compound,protein,1
11364421,CPI,Q13523,compound,protein,1
11364421,CPI,Q13976,compound,protein,1
11364421,CPI,Q15835,compound,protein,1
11364421,CPI,Q96PY6,compound,protein,1
11364421,CPI,Q9BVS4,compound,protein,1
11364421,CPI,Q9H422,compound,protein,1
11364421,CPI,Q9P289,compound,protein,1
11364421,CPI,P24530,compound,protein,0
11364421,CPI,P29466,compound,protein,0
11364421,CPI,Q9Y478,compound,protein,0
11364421,CPI,Q9NUW8,compound,protein,0
11364421,CPI,O95342,compound,protein,0
11364421,CPI,P31645,compound,protein,0
11364421,CPI,O94956,compound,protein,0
11364421,CPI,P54803,compound,protein,0
11364421,CPI,P62508,compound,protein,0
11364421,CPI,P21589,compound,protein,0
11364421,CPI,Q01959,compound,protein,0
11364421,CPI,P21728,compound,protein,0
11364421,CPI,P18031,compound,protein,0
11364421,CPI,Q07820,compound,protein,0
11364421,CPI,O14764,compound,protein,0
11364421,CPI,Q96QE3,compound,protein,0
11364421,CPI,P34913,compound,protein,0
11364421,CPI,P56817,compound,protein,0
11364421,CPI,P34972,compound,protein,0
11364421,CPI,P49146,compound,protein,0
11364421,CPI,P56524,compound,protein,0
11364421,CPI,Q99700,compound,protein,0
11364421,CPI,O00418,compound,protein,0
11395181,CPI,P29317,compound,protein,0
11404337,CPI,P41968,compound,protein,0
11436477,CPI,Q9NYL2,compound,protein,0
11450633,CPI,P08684,compound,protein,1
11450633,CPI,O14976,compound,protein,0
11450633,CPI,P19838,compound,protein,0
11476171,CPI,P04626,compound,protein,1
11476171,CPI,P41279,compound,protein,1
11476171,CPI,P18825,compound,protein,0
11485656,CPI,O14578,compound,protein,1
11485656,CPI,P07949,compound,protein,1
11485656,CPI,P14616,compound,protein,1
11485656,CPI,P21860,compound,protein,1
11485656,CPI,P22694,compound,protein,1
11485656,CPI,P27037,compound,protein,1
11485656,CPI,P29322,compound,protein,1
11485656,CPI,P46734,compound,protein,1
11485656,CPI,P48729,compound,protein,1
11485656,CPI,P51817,compound,protein,1
11485656,CPI,P54646,compound,protein,1
11485656,CPI,P57059,compound,protein,1
11485656,CPI,Q12851,compound,protein,1
11485656,CPI,Q13188,compound,protein,1
11485656,CPI,Q15418,compound,protein,1
11485656,CPI,Q8NE63,compound,protein,1
11485656,CPI,Q96RR4,compound,protein,1
11485656,CPI,Q99640,compound,protein,1
11485656,CPI,Q9BX84,compound,protein,1
11485656,CPI,Q9HAZ1,compound,protein,1
11485656,CPI,Q9HC98,compound,protein,1
11485656,CPI,Q9Y2U5,compound,protein,1
11485656,CPI,P35367,compound,protein,0
11485656,CPI,O95342,compound,protein,0
11485656,CPI,Q12809,compound,protein,0
11485656,CPI,P43681,compound,protein,0
11485656,CPI,P04278,compound,protein,0
11485656,CPI,O43570,compound,protein,0
11485656,CPI,P41968,compound,protein,0
11485656,CPI,Q9UNA4,compound,protein,0
11485656,CPI,P03372,compound,protein,0
11485656,CPI,P0DMS8,compound,protein,0
11485656,CPI,P08588,compound,protein,0
11485656,CPI,Q9NW64,compound,protein,0
11485656,CPI,Q9H6A0,compound,protein,0
11485656,CPI,Q96GE6,compound,protein,0
11485656,CPI,O43307,compound,protein,0
11485656,CPI,Q9UHQ7,compound,protein,0
11485656,CPI,P52788,compound,protein,0
11485656,CPI,P52272,compound,protein,0
11485656,CPI,Q02241,compound,protein,0
11488320,CPI,P04626,compound,protein,1
11488320,CPI,P54764,compound,protein,1
11488320,CPI,P78356,compound,protein,0
11488320,CPI,P53350,compound,protein,0
11488320,CPI,Q92830,compound,protein,0
114904,CPI,P37288,compound,protein,1
114924,CPI,Q6XUX3,compound,protein,0
11493598,CPI,O14578,compound,protein,0
11507802,CPI,O00238,compound,protein,0
1150897,CPI,O75762,compound,protein,1
1150897,CPI,Q9HBA0,compound,protein,1
11511120,CPI,Q8NEV4,compound,protein,0
11511120,CPI,Q9HC97,compound,protein,0
11511120,CPI,P19525,compound,protein,0
115175,CPI,P0C1S8,compound,protein,0
11524144,CPI,P36894,compound,protein,1
11538455,CPI,Q13547,compound,protein,1
11538455,CPI,P08235,compound,protein,0
11552706,CPI,Q15759,compound,protein,1
11552706,CPI,Q9Y6E0,compound,protein,1
11556711,CPI,P05177,compound,protein,1
11570626,CPI,P43220,compound,protein,1
11581936,CPI,P09382,compound,protein,0
11595431,CPI,O14842,compound,protein,1
11595431,CPI,Q03181,compound,protein,1
11595431,CPI,Q5NUL3,compound,protein,1
11612883,CPI,P51946,compound,protein,1
11617559,CPI,O00329,compound,protein,1
11617559,CPI,O14733,compound,protein,1
11617559,CPI,O95819,compound,protein,1
11617559,CPI,P09619,compound,protein,1
11617559,CPI,P22455,compound,protein,1
11617559,CPI,P29376,compound,protein,1
11617559,CPI,P52333,compound,protein,1
11617559,CPI,P53671,compound,protein,1
11617559,CPI,P54764,compound,protein,1
11617559,CPI,Q13873,compound,protein,1
11617559,CPI,Q86UX6,compound,protein,1
11617559,CPI,Q8TD08,compound,protein,1
11617559,CPI,Q8WTQ7,compound,protein,1
11617559,CPI,Q96BR1,compound,protein,1
11617559,CPI,Q96RR4,compound,protein,1
11617559,CPI,Q9NQU5,compound,protein,1
11617559,CPI,P15328,compound,protein,0
11617559,CPI,Q9UBN1,compound,protein,0
11617559,CPI,Q9Y2I1,compound,protein,0
11617559,CPI,P43220,compound,protein,0
11617559,CPI,P21728,compound,protein,0
11617559,CPI,Q15125,compound,protein,0
11617559,CPI,O15244,compound,protein,0
11617559,CPI,O15296,compound,protein,0
11617559,CPI,P48426,compound,protein,0
11617559,CPI,P78527,compound,protein,0
11617559,CPI,O60840,compound,protein,0
11617559,CPI,P42330,compound,protein,0
11617559,CPI,P09429,compound,protein,0
11617559,CPI,Q99712,compound,protein,0
11617559,CPI,Q2TB90,compound,protein,0
11617559,CPI,Q96FL8,compound,protein,0
11617559,CPI,Q9UN88,compound,protein,0
11617559,CPI,P00915,compound,protein,0
11617559,CPI,O43613,compound,protein,0
11620908,CPI,P35968,compound,protein,1
11620908,CPI,Q96Q40,compound,protein,0
11620908,CPI,Q9H4B4,compound,protein,0
11625818,CPI,P52333,compound,protein,0
11626560,CPI,O00238,compound,protein,1
11626560,CPI,O43293,compound,protein,1
11626560,CPI,O94921,compound,protein,1
11626560,CPI,O95382,compound,protein,1
11626560,CPI,O96013,compound,protein,1
11626560,CPI,P06213,compound,protein,1
11626560,CPI,P0C1S8,compound,protein,1
11626560,CPI,P22607,compound,protein,1
11626560,CPI,P42680,compound,protein,1
11626560,CPI,P48736,compound,protein,1
11626560,CPI,P51957,compound,protein,1
11626560,CPI,Q08499,compound,protein,1
11626560,CPI,Q12851,compound,protein,1
11626560,CPI,Q13470,compound,protein,1
11626560,CPI,Q13557,compound,protein,1
11626560,CPI,Q6PHR2,compound,protein,1
11626560,CPI,Q7KZI7,compound,protein,1
11626560,CPI,Q8IVH8,compound,protein,1
11626560,CPI,Q9BRS2,compound,protein,1
11626560,CPI,Q9BWU1,compound,protein,1
11626560,CPI,Q9NWZ3,compound,protein,1
11626560,CPI,Q05513,compound,protein,0
11626560,CPI,Q9UBT6,compound,protein,0
11626560,CPI,P19838,compound,protein,0
11626560,CPI,P10635,compound,protein,0
11626560,CPI,Q9NUW8,compound,protein,0
11626560,CPI,Q16790,compound,protein,0
11626560,CPI,P25100,compound,protein,0
11626560,CPI,Q9H3M9,compound,protein,0
11626560,CPI,Q96H86,compound,protein,0
11626560,CPI,Q9BSJ5,compound,protein,0
11626560,CPI,Q8N1E2,compound,protein,0
11626560,CPI,Q9HCS7,compound,protein,0
11626560,CPI,Q99490,compound,protein,0
11626560,CPI,Q6IF63,compound,protein,0
11626560,CPI,Q99612,compound,protein,0
11626560,CPI,Q96BV0,compound,protein,0
11631681,CPI,P30518,compound,protein,0
11631681,CPI,O75914,compound,protein,0
11634725,CPI,P39023,compound,protein,0
11644425,CPI,P21728,compound,protein,0
11646823,CPI,P28482,compound,protein,0
11647372,CPI,P42338,compound,protein,1
11656518,CPI,O00329,compound,protein,1
11656518,CPI,P11309,compound,protein,1
11656518,CPI,P20794,compound,protein,1
11656518,CPI,P29317,compound,protein,1
11656518,CPI,P36888,compound,protein,1
11656518,CPI,P51956,compound,protein,1
11656518,CPI,Q02763,compound,protein,1
11656518,CPI,Q04771,compound,protein,1
11656518,CPI,Q13882,compound,protein,1
11656518,CPI,Q15759,compound,protein,1
11656518,CPI,Q6XUX3,compound,protein,1
11656518,CPI,Q8N568,compound,protein,1
11656518,CPI,Q8NG66,compound,protein,1
11656518,CPI,Q8TD19,compound,protein,1
11656518,CPI,Q96D53,compound,protein,1
11656518,CPI,Q9HBH9,compound,protein,1
11656518,CPI,Q9NY57,compound,protein,1
11656518,CPI,Q9UHD2,compound,protein,1
11656518,CPI,Q9Y463,compound,protein,1
11656518,CPI,P20309,compound,protein,0
11656518,CPI,P49798,compound,protein,0
11656518,CPI,P27695,compound,protein,0
11656518,CPI,Q96MM3,compound,protein,0
11656518,CPI,Q9BY12,compound,protein,0
11656518,CPI,Q8TE85,compound,protein,0
11656518,CPI,Q9NP62,compound,protein,0
11656518,CPI,Q8N1E2,compound,protein,0
11656518,CPI,Q8WV07,compound,protein,0
11656518,CPI,O75324,compound,protein,0
11656518,CPI,Q8TAD2,compound,protein,0
11656518,CPI,P23468,compound,protein,0
11656518,CPI,Q9P121,compound,protein,0
11656518,CPI,Q9H4H8,compound,protein,0
11656518,CPI,P35611,compound,protein,0
11656518,CPI,Q9Y312,compound,protein,0
11656518,CPI,Q15366,compound,protein,0
11656518,CPI,Q5JU00,compound,protein,0
11658860,CPI,P08588,compound,protein,1
11683,CPI,Q16236,compound,protein,1
11689883,CPI,P05177,compound,protein,1
11712649,CPI,O00329,compound,protein,1
11712649,CPI,P08581,compound,protein,1
11712649,CPI,P21709,compound,protein,1
11712649,CPI,P27448,compound,protein,1
11712649,CPI,P28482,compound,protein,1
11712649,CPI,P29323,compound,protein,1
11712649,CPI,P30291,compound,protein,1
11712649,CPI,P42684,compound,protein,1
11712649,CPI,P54762,compound,protein,1
11712649,CPI,Q14164,compound,protein,1
11712649,CPI,Q16513,compound,protein,1
11712649,CPI,Q16832,compound,protein,1
11712649,CPI,Q5VT25,compound,protein,1
11712649,CPI,Q6XUX3,compound,protein,1
11712649,CPI,Q8N752,compound,protein,1
11712649,CPI,Q9H3Y6,compound,protein,1
11712649,CPI,Q9HC98,compound,protein,1
11712649,CPI,Q9NSY1,compound,protein,1
11712649,CPI,Q9Y5S2,compound,protein,1
11712649,CPI,P25100,compound,protein,0
11712649,CPI,P32238,compound,protein,0
11712649,CPI,P31645,compound,protein,0
11712649,CPI,Q9NU39,compound,protein,0
11712649,CPI,P51811,compound,protein,0
11712649,CPI,Q496F6,compound,protein,0
11712649,CPI,Q92547,compound,protein,0
11712649,CPI,Q9H6L4,compound,protein,0
11712649,CPI,Q9Y2Y6,compound,protein,0
11712649,CPI,P60033,compound,protein,0
11712649,CPI,Q5MJ10,compound,protein,0
11712649,CPI,O75881,compound,protein,0
11712649,CPI,Q68J44,compound,protein,0
11712649,CPI,Q5T4T1,compound,protein,0
11712649,CPI,Q14993,compound,protein,0
11712649,CPI,Q9UKY1,compound,protein,0
11713159,CPI,P07947,compound,protein,1
11713159,CPI,P19784,compound,protein,1
11713159,CPI,P31751,compound,protein,1
11713159,CPI,P45983,compound,protein,1
11713159,CPI,P49137,compound,protein,1
11713159,CPI,P49840,compound,protein,1
11713159,CPI,Q8IU85,compound,protein,1
11713159,CPI,Q9H2G2,compound,protein,1
11713159,CPI,Q9UEE5,compound,protein,1
11713159,CPI,Q9UM73,compound,protein,1
11713159,CPI,O14920,compound,protein,0
11713159,CPI,P19525,compound,protein,0
11713159,CPI,P31645,compound,protein,0
11713159,CPI,Q9NYY3,compound,protein,0
11713159,CPI,Q56UN5,compound,protein,0
11713159,CPI,Q8TDX7,compound,protein,0
11713159,CPI,P27695,compound,protein,0
11713159,CPI,P28335,compound,protein,0
11713159,CPI,P80192,compound,protein,0
11715767,CPI,P49137,compound,protein,1
11715767,CPI,Q04759,compound,protein,1
11715767,CPI,Q04771,compound,protein,1
11715767,CPI,Q14289,compound,protein,1
11715767,CPI,Q16512,compound,protein,1
11715767,CPI,P30556,compound,protein,0
11715767,CPI,Q16659,compound,protein,0
11715767,CPI,Q9UPZ9,compound,protein,0
11715767,CPI,P23219,compound,protein,0
11717001,CPI,O15264,compound,protein,1
11717001,CPI,O60285,compound,protein,1
11717001,CPI,O95835,compound,protein,1
11717001,CPI,P08922,compound,protein,1
11717001,CPI,P15735,compound,protein,1
11717001,CPI,P16234,compound,protein,1
11717001,CPI,P30291,compound,protein,1
11717001,CPI,P33981,compound,protein,1
11717001,CPI,P36888,compound,protein,1
11717001,CPI,P42345,compound,protein,1
11717001,CPI,P46734,compound,protein,1
11717001,CPI,Q07002,compound,protein,1
11717001,CPI,Q08881,compound,protein,1
11717001,CPI,Q13976,compound,protein,1
11717001,CPI,Q14164,compound,protein,1
11717001,CPI,Q2M2I8,compound,protein,1
11717001,CPI,Q5S007,compound,protein,1
11717001,CPI,Q86YV6,compound,protein,1
11717001,CPI,Q8IU85,compound,protein,1
11717001,CPI,Q8IVH8,compound,protein,1
11717001,CPI,Q8NFD2,compound,protein,1
11717001,CPI,Q96BR1,compound,protein,1
11717001,CPI,Q96GD4,compound,protein,1
11717001,CPI,Q9H1R3,compound,protein,1
11717001,CPI,Q9HAZ1,compound,protein,1
11717001,CPI,Q9NRP7,compound,protein,1
11717001,CPI,Q9UIK4,compound,protein,1
11717001,CPI,Q9UK32,compound,protein,1
11717001,CPI,Q9UL54,compound,protein,1
11717001,CPI,P25929,compound,protein,0
11717001,CPI,P32238,compound,protein,0
11717001,CPI,P08183,compound,protein,0
11717001,CPI,P21917,compound,protein,0
11717001,CPI,P35372,compound,protein,0
11717001,CPI,P41968,compound,protein,0
11717001,CPI,Q96KQ7,compound,protein,0
11717001,CPI,P22303,compound,protein,0
11717001,CPI,Q8NH48,compound,protein,0
11717001,CPI,Q5T442,compound,protein,0
11717001,CPI,Q9HAT8,compound,protein,0
11717001,CPI,Q13156,compound,protein,0
11717001,CPI,Q99967,compound,protein,0
11717001,CPI,Q9H339,compound,protein,0
11717001,CPI,Q96MM6,compound,protein,0
11717001,CPI,O94979,compound,protein,0
11717001,CPI,Q13361,compound,protein,0
11717001,CPI,Q5VX52,compound,protein,0
11717001,CPI,Q9H9Q4,compound,protein,0
11717001,CPI,Q6P4F2,compound,protein,0
11749858,CPI,Q8WUI4,compound,protein,1
11749858,CPI,Q92769,compound,protein,1
1176,CPI,Q8TCU5,compound,protein,0
11784736,CPI,P05177,compound,protein,0
11842604,CPI,Q9UGN5,compound,protein,1
11848225,CPI,Q13547,compound,protein,0
11869537,CPI,Q92731,compound,protein,1
11869580,CPI,P06401,compound,protein,1
11869580,CPI,P08235,compound,protein,1
11869580,CPI,Q02641,compound,protein,1
11869602,CPI,P03372,compound,protein,1
1189521,CPI,Q56UN5,compound,protein,0
119031,CPI,P08254,compound,protein,1
119031,CPI,P32239,compound,protein,0
119032,CPI,P52333,compound,protein,0
119034,CPI,Q8TDU6,compound,protein,1
119034,CPI,P21554,compound,protein,0
119182,CPI,Q13627,compound,protein,0
119192,CPI,Q99700,compound,protein,0
119376,CPI,P28335,compound,protein,1
11949646,CPI,P13866,compound,protein,1
119570,CPI,P28566,compound,protein,1
119570,CPI,Q9UK32,compound,protein,0
119570,CPI,Q8NE63,compound,protein,0
11957499,CPI,P39748,compound,protein,1
11957499,CPI,Q16637,compound,protein,1
11957615,CPI,O94921,compound,protein,0
11957722,CPI,P41595,compound,protein,1
119584,CPI,P18089,compound,protein,1
119584,CPI,Q00G26,compound,protein,1
11960529,CPI,Q9UKK3,compound,protein,1
119607,CPI,P21917,compound,protein,1
119607,CPI,P35218,compound,protein,1
119607,CPI,P41145,compound,protein,1
119607,CPI,P41595,compound,protein,1
119607,CPI,Q8TDS4,compound,protein,1
11973736,CPI,Q9NY46,compound,protein,0
11973736,CPI,Q6XQN6,compound,protein,0
11973736,CPI,Q13621,compound,protein,0
11973736,CPI,Q9UGI6,compound,protein,0
11977753,CPI,O43293,compound,protein,1
11977753,CPI,O95342,compound,protein,1
11977753,CPI,P11309,compound,protein,1
11977753,CPI,P17948,compound,protein,1
11977753,CPI,Q05397,compound,protein,1
11977753,CPI,Q16539,compound,protein,1
11977753,CPI,Q9UQM7,compound,protein,1
11977753,CPI,O15530,compound,protein,0
11977753,CPI,P08172,compound,protein,0
11977753,CPI,P07550,compound,protein,0
11978790,CPI,P23219,compound,protein,0
119828,CPI,P35354,compound,protein,1
12004949,CPI,O75496,compound,protein,1
12004950,CPI,Q5JUK3,compound,protein,0
12035,CPI,P35354,compound,protein,1
12035,CPI,P56524,compound,protein,0
1204,CPI,P43681,compound,protein,1
12041,CPI,O15554,compound,protein,0
12043281,CPI,Q9UNA4,compound,protein,1
12179987,CPI,P05067,compound,protein,1
121891,CPI,P08172,compound,protein,1
121891,CPI,P28482,compound,protein,0
121926,CPI,Q16445,compound,protein,1
121930,CPI,P28221,compound,protein,1
121930,CPI,P36888,compound,protein,0
122295,CPI,P08913,compound,protein,1
122295,CPI,P23416,compound,protein,0
122295,CPI,P49354,compound,protein,0
122327,CPI,Q96KQ7,compound,protein,1
122334,CPI,P14416,compound,protein,1
122334,CPI,P47898,compound,protein,1
123600,CPI,P06493,compound,protein,0
123619,CPI,Q8N752,compound,protein,0
123619,CPI,P45984,compound,protein,0
123631,CPI,O00418,compound,protein,1
123631,CPI,O14757,compound,protein,1
123631,CPI,O75460,compound,protein,1
123631,CPI,O96013,compound,protein,1
123631,CPI,P06239,compound,protein,1
123631,CPI,P08631,compound,protein,1
123631,CPI,P21709,compound,protein,1
123631,CPI,P36897,compound,protein,1
123631,CPI,P54762,compound,protein,1
123631,CPI,Q12809,compound,protein,1
123631,CPI,Q12866,compound,protein,1
123631,CPI,Q13188,compound,protein,1
123631,CPI,Q13464,compound,protein,1
123631,CPI,Q13705,compound,protein,1
123631,CPI,Q16566,compound,protein,1
123631,CPI,Q16620,compound,protein,1
123631,CPI,Q52WX2,compound,protein,1
123631,CPI,Q8NEV4,compound,protein,1
123631,CPI,Q9HAZ1,compound,protein,1
123631,CPI,Q9HC98,compound,protein,1
123631,CPI,Q9NR20,compound,protein,1
123631,CPI,Q9NYL2,compound,protein,1
123631,CPI,P27695,compound,protein,0
123631,CPI,P08684,compound,protein,0
123631,CPI,P10768,compound,protein,0
123631,CPI,Q99715,compound,protein,0
123631,CPI,Q2WGJ8,compound,protein,0
123631,CPI,P41586,compound,protein,0
123631,CPI,Q9NQX6,compound,protein,0
123631,CPI,Q9Y2E8,compound,protein,0
123631,CPI,P49715,compound,protein,0
123631,CPI,Q9NZW4,compound,protein,0
123631,CPI,Q92581,compound,protein,0
123631,CPI,Q14257,compound,protein,0
123631,CPI,Q9NSI6,compound,protein,0
123823,CPI,P02545,compound,protein,1
123879,CPI,P35367,compound,protein,1
123879,CPI,P41595,compound,protein,1
123879,CPI,Q9Y5Y4,compound,protein,1
123932,CPI,Q05940,compound,protein,1
124087,CPI,P28335,compound,protein,1
124087,CPI,P35367,compound,protein,1
124087,CPI,Q01959,compound,protein,1
124087,CPI,P00519,compound,protein,0
1242,CPI,Q96KQ7,compound,protein,1
12420,CPI,P13637,compound,protein,1
124246,CPI,P23219,compound,protein,1
1242547,CPI,P05181,compound,protein,0
125017,CPI,P08912,compound,protein,1
125017,CPI,Q8TB61,compound,protein,1
12555,CPI,P08172,compound,protein,1
12555,CPI,P34903,compound,protein,0
125564,CPI,Q06187,compound,protein,0
1257201,CPI,Q13148,compound,protein,1
1257201,CPI,Q9UQB9,compound,protein,0
12597,CPI,P10828,compound,protein,1
1261822,CPI,Q15822,compound,protein,0
1263681,CPI,Q12879,compound,protein,1
1263681,CPI,Q13470,compound,protein,0
1263681,CPI,P42680,compound,protein,0
1263681,CPI,Q9HAZ1,compound,protein,0
126388,CPI,O00141,compound,protein,0
126402,CPI,P41145,compound,protein,1
126769,CPI,P10636,compound,protein,1
126769,CPI,Q02763,compound,protein,0
126941,CPI,P25021,compound,protein,1
126941,CPI,Q13148,compound,protein,1
126941,CPI,P31749,compound,protein,0
127894,CPI,Q16478,compound,protein,0
128018,CPI,O15296,compound,protein,1
128018,CPI,P21728,compound,protein,1
128018,CPI,P28221,compound,protein,1
128355,CPI,O75496,compound,protein,1
128563,CPI,Q14164,compound,protein,0
128563,CPI,Q02750,compound,protein,0
128563,CPI,P35916,compound,protein,0
128784,CPI,P27695,compound,protein,1
128784,CPI,P42345,compound,protein,0
1288922,CPI,P04637,compound,protein,1
1289024,CPI,Q96QE3,compound,protein,1
129009868,CPI,P27815,compound,protein,1
129009973,CPI,Q00535,compound,protein,0
129009987,CPI,Q05397,compound,protein,0
129010078,CPI,Q01201,compound,protein,1
129010078,CPI,Q04864,compound,protein,1
129211,CPI,P11168,compound,protein,0
130564,CPI,P20648,compound,protein,1
130881,CPI,O95342,compound,protein,1
130881,CPI,P16050,compound,protein,0
130881,CPI,Q9UF33,compound,protein,0
130956,CPI,O75496,compound,protein,0
131411,CPI,Q01959,compound,protein,1
13186954,CPI,Q03431,compound,protein,1
132059,CPI,Q13976,compound,protein,0
132519,CPI,P50281,compound,protein,1
1329,CPI,Q08828,compound,protein,1
132971,CPI,P11511,compound,protein,1
132971,CPI,O14757,compound,protein,0
132995,CPI,Q5BJF2,compound,protein,1
13342,CPI,P08183,compound,protein,1
13342,CPI,Q71U36,compound,protein,1
13342,CPI,Q9UJT1,compound,protein,1
13342,CPI,Q00532,compound,protein,0
133633,CPI,P08908,compound,protein,1
133633,CPI,P08913,compound,protein,1
133633,CPI,P21728,compound,protein,1
133633,CPI,Q99755,compound,protein,0
133633,CPI,P07949,compound,protein,0
134141,CPI,P35354,compound,protein,0
134141,CPI,Q6DT37,compound,protein,0
134778,CPI,P16050,compound,protein,1
135398499,CPI,P45984,compound,protein,1
135398499,CPI,P49759,compound,protein,1
135398499,CPI,P54619,compound,protein,1
135398499,CPI,Q04771,compound,protein,1
135398499,CPI,Q13163,compound,protein,1
135398499,CPI,Q14680,compound,protein,1
135398499,CPI,Q9P2K8,compound,protein,0
135398499,CPI,P68400,compound,protein,0
135398499,CPI,P21860,compound,protein,0
135398499,CPI,P35590,compound,protein,0
135398499,CPI,Q9UNQ0,compound,protein,0
135398499,CPI,P54762,compound,protein,0
135398499,CPI,P35916,compound,protein,0
135398499,CPI,P51451,compound,protein,0
135398516,CPI,P16083,compound,protein,1
135398516,CPI,Q13873,compound,protein,1
135398516,CPI,Q96RQ3,compound,protein,0
135398516,CPI,P20711,compound,protein,0
135398516,CPI,P35499,compound,protein,0
135398737,CPI,P50406,compound,protein,1
135398737,CPI,Q01959,compound,protein,1
135398737,CPI,Q13627,compound,protein,0
135398737,CPI,O00748,compound,protein,0
135398738,CPI,O75469,compound,protein,1
135398738,CPI,P30518,compound,protein,1
135398738,CPI,P35367,compound,protein,1
135398738,CPI,P41968,compound,protein,1
135398738,CPI,Q16637,compound,protein,1
135398738,CPI,O15438,compound,protein,0
135398738,CPI,Q05209,compound,protein,0
135398738,CPI,P41229,compound,protein,0
135400439,CPI,P10636,compound,protein,1
135400439,CPI,Q9NY57,compound,protein,0
135409453,CPI,Q92934,compound,protein,0
135409453,CPI,O43708,compound,protein,0
135411,CPI,P10636,compound,protein,1
135411,CPI,Q8IYT8,compound,protein,0
135411,CPI,P41743,compound,protein,0
135412795,CPI,P10275,compound,protein,1
135412795,CPI,Q9UN88,compound,protein,1
135412795,CPI,P39748,compound,protein,0
135419190,CPI,P04629,compound,protein,1
135419190,CPI,P11712,compound,protein,1
135419190,CPI,Q9NUW8,compound,protein,1
135470813,CPI,Q96KQ7,compound,protein,1
135470813,CPI,P13631,compound,protein,0
1355,CPI,P28221,compound,protein,1
1355,CPI,Q8IW41,compound,protein,0
1355,CPI,P35372,compound,protein,0
135511839,CPI,O75496,compound,protein,1
135549936,CPI,O15118,compound,protein,1
135549936,CPI,P32245,compound,protein,0
135564558,CPI,Q9NP56,compound,protein,1
135564558,CPI,P83916,compound,protein,0
135565545,CPI,P35968,compound,protein,1
135565545,CPI,Q14994,compound,protein,0
135565545,CPI,O00305,compound,protein,0
135565635,CPI,O14578,compound,protein,1
135565635,CPI,O15111,compound,protein,1
135565635,CPI,O75676,compound,protein,1
135565635,CPI,P00533,compound,protein,1
135565635,CPI,P04626,compound,protein,1
135565635,CPI,P09769,compound,protein,1
135565635,CPI,P15735,compound,protein,1
135565635,CPI,P19784,compound,protein,1
135565635,CPI,P29323,compound,protein,1
135565635,CPI,Q04771,compound,protein,1
135565635,CPI,Q06187,compound,protein,1
135565635,CPI,Q16512,compound,protein,1
135565635,CPI,Q8IVH8,compound,protein,1
135565635,CPI,Q9NRP7,compound,protein,1
135565635,CPI,Q9UHD2,compound,protein,1
135565635,CPI,Q9UKI8,compound,protein,1
135565635,CPI,P08185,compound,protein,0
135565635,CPI,P09210,compound,protein,0
135565635,CPI,P25705,compound,protein,0
135565635,CPI,P61925,compound,protein,0
135565635,CPI,P14867,compound,protein,0
135565635,CPI,P62508,compound,protein,0
135565635,CPI,P22612,compound,protein,0
135565635,CPI,Q6NUS8,compound,protein,0
135565635,CPI,Q9Y478,compound,protein,0
135565635,CPI,P11511,compound,protein,0
135565635,CPI,Q02880,compound,protein,0
135565635,CPI,P27815,compound,protein,0
135565635,CPI,P04637,compound,protein,0
135565635,CPI,Q96LD8,compound,protein,0
135565635,CPI,O15303,compound,protein,0
135565635,CPI,P35368,compound,protein,0
135565635,CPI,Q04760,compound,protein,0
135565635,CPI,P10275,compound,protein,0
135565635,CPI,Q96L73,compound,protein,0
135565635,CPI,P05186,compound,protein,0
13765,CPI,Q16584,compound,protein,0
13791,CPI,P43681,compound,protein,1
139032026,CPI,P45983,compound,protein,0
1398345,CPI,P24530,compound,protein,0
1432578,CPI,P51151,compound,protein,1
145659,CPI,P34972,compound,protein,0
14580381,CPI,Q05940,compound,protein,1
1474853,CPI,P00533,compound,protein,1
148121,CPI,P00374,compound,protein,1
148192,CPI,P51451,compound,protein,0
148192,CPI,O14976,compound,protein,0
148192,CPI,P23443,compound,protein,0
149096,CPI,P11388,compound,protein,1
1493,CPI,O75496,compound,protein,1
1493,CPI,O00305,compound,protein,0
1493,CPI,P54756,compound,protein,0
14987,CPI,P06239,compound,protein,0
1502520,CPI,Q06187,compound,protein,0
15032,CPI,P28482,compound,protein,1
15032,CPI,Q16637,compound,protein,1
1510378,CPI,P34949,compound,protein,1
1510378,CPI,Q9NUW8,compound,protein,1
1510378,CPI,Q03181,compound,protein,0
1510389,CPI,O00444,compound,protein,0
151170,CPI,P25098,compound,protein,0
151194,CPI,P49137,compound,protein,1
151194,CPI,P51956,compound,protein,1
151194,CPI,P54753,compound,protein,1
151194,CPI,Q00536,compound,protein,1
151194,CPI,Q04759,compound,protein,1
151194,CPI,Q13153,compound,protein,1
151194,CPI,Q13882,compound,protein,1
151194,CPI,Q16816,compound,protein,1
151194,CPI,Q32MK0,compound,protein,1
151194,CPI,Q6ZN16,compound,protein,1
151194,CPI,Q96BR1,compound,protein,1
151194,CPI,Q99640,compound,protein,1
151194,CPI,Q9Y2H1,compound,protein,1
151194,CPI,P35372,compound,protein,0
151194,CPI,Q13148,compound,protein,0
151194,CPI,P19838,compound,protein,0
151194,CPI,P39748,compound,protein,0
151194,CPI,P25021,compound,protein,0
151194,CPI,P15428,compound,protein,0
151194,CPI,P22303,compound,protein,0
151194,CPI,O94778,compound,protein,0
151194,CPI,Q68DN1,compound,protein,0
151194,CPI,P48444,compound,protein,0
151194,CPI,Q4G148,compound,protein,0
151194,CPI,Q9NX45,compound,protein,0
151194,CPI,Q9UKI3,compound,protein,0
151194,CPI,O14709,compound,protein,0
151194,CPI,Q9GZN8,compound,protein,0
151194,CPI,Q8N307,compound,protein,0
151194,CPI,P01903,compound,protein,0
151194,CPI,Q9NWV4,compound,protein,0
151194,CPI,Q8NBT2,compound,protein,0
151194,CPI,Q96R45,compound,protein,0
151194,CPI,P02724,compound,protein,0
151194,CPI,Q96LR4,compound,protein,0
151194,CPI,Q96JM2,compound,protein,0
151582,CPI,P43220,compound,protein,1
15331,CPI,O75164,compound,protein,0
15387,CPI,P08908,compound,protein,1
15387,CPI,P08912,compound,protein,1
15387,CPI,P20309,compound,protein,1
154059,CPI,P08912,compound,protein,1
154059,CPI,Q12809,compound,protein,1
154257,CPI,Q01959,compound,protein,1
154257,CPI,Q14524,compound,protein,1
154417,CPI,P0DMS8,compound,protein,1
1547484,CPI,O75469,compound,protein,1
1547484,CPI,P08912,compound,protein,1
1547484,CPI,P23975,compound,protein,1
1547484,CPI,Q9P0X4,compound,protein,1
1547484,CPI,P10636,compound,protein,0
15478,CPI,Q9HCR9,compound,protein,0
15478,CPI,Q8TD19,compound,protein,0
1548942,CPI,O75469,compound,protein,1
1548942,CPI,P30518,compound,protein,1
1548942,CPI,P32239,compound,protein,1
1548942,CPI,P35367,compound,protein,1
1548942,CPI,P37231,compound,protein,1
1548942,CPI,Q9UNA4,compound,protein,1
1548942,CPI,Q2M2I8,compound,protein,0
1548942,CPI,Q86UE8,compound,protein,0
1548942,CPI,P06280,compound,protein,0
1548942,CPI,P22607,compound,protein,0
1548953,CPI,P28335,compound,protein,1
1548953,CPI,P31645,compound,protein,1
1548953,CPI,O94806,compound,protein,0
1548955,CPI,P03372,compound,protein,1
1548955,CPI,P41595,compound,protein,1
1548955,CPI,Q9UIF8,compound,protein,1
1548955,CPI,P28482,compound,protein,0
1548955,CPI,P46098,compound,protein,0
1548955,CPI,P16473,compound,protein,0
1548955,CPI,P25021,compound,protein,0
1549000,CPI,P11308,compound,protein,1
1549120,CPI,O95342,compound,protein,1
1549120,CPI,Q14164,compound,protein,0
1549120,CPI,Q9UQM7,compound,protein,0
15541,CPI,P18089,compound,protein,1
15541,CPI,P21728,compound,protein,1
15541,CPI,P30542,compound,protein,1
15541,CPI,P35354,compound,protein,1
15541,CPI,P35367,compound,protein,1
15541,CPI,P50406,compound,protein,0
15541,CPI,P42336,compound,protein,0
15541,CPI,P84022,compound,protein,0
15541,CPI,Q08881,compound,protein,0
155806,CPI,O00408,compound,protein,0
155815,CPI,P37173,compound,protein,0
155815,CPI,P42685,compound,protein,0
156391,CPI,P08913,compound,protein,1
156391,CPI,P14416,compound,protein,1
156391,CPI,P35367,compound,protein,1
156414,CPI,O15111,compound,protein,1
156414,CPI,O94921,compound,protein,1
156414,CPI,P07332,compound,protein,1
156414,CPI,P15735,compound,protein,1
156414,CPI,P22455,compound,protein,1
156414,CPI,P35590,compound,protein,1
156414,CPI,P42336,compound,protein,1
156414,CPI,P42338,compound,protein,1
156414,CPI,P54760,compound,protein,1
156414,CPI,P57078,compound,protein,1
156414,CPI,Q15139,compound,protein,1
156414,CPI,Q8NFD2,compound,protein,1
156414,CPI,Q92630,compound,protein,1
156414,CPI,Q96D53,compound,protein,1
156414,CPI,Q96NX5,compound,protein,1
156414,CPI,Q96RR4,compound,protein,1
156414,CPI,Q9H2X6,compound,protein,1
156414,CPI,Q9UBF8,compound,protein,1
156414,CPI,P23219,compound,protein,0
156414,CPI,Q9Y468,compound,protein,0
156414,CPI,P10415,compound,protein,0
156414,CPI,P01215,compound,protein,0
156414,CPI,P08908,compound,protein,0
156414,CPI,O15118,compound,protein,0
156414,CPI,O75164,compound,protein,0
156414,CPI,Q13698,compound,protein,0
156414,CPI,P37840,compound,protein,0
156414,CPI,O15439,compound,protein,0
156414,CPI,P02545,compound,protein,0
156414,CPI,Q86UB2,compound,protein,0
156414,CPI,Q9UBX7,compound,protein,0
156414,CPI,Q8N3U4,compound,protein,0
156414,CPI,A0A1W2PPL8,compound,protein,0
156414,CPI,Q13087,compound,protein,0
156414,CPI,P41223,compound,protein,0
156414,CPI,Q8N4X5,compound,protein,0
156414,CPI,P55957,compound,protein,0
156419,CPI,Q9P1W9,compound,protein,0
156422,CPI,O14733,compound,protein,1
156422,CPI,O75116,compound,protein,1
156422,CPI,O75914,compound,protein,1
156422,CPI,P07333,compound,protein,1
156422,CPI,P09769,compound,protein,1
156422,CPI,P32298,compound,protein,1
156422,CPI,P36888,compound,protein,1
156422,CPI,P42680,compound,protein,1
156422,CPI,P42684,compound,protein,1
156422,CPI,P43403,compound,protein,1
156422,CPI,P51957,compound,protein,1
156422,CPI,P53355,compound,protein,1
156422,CPI,Q00536,compound,protein,1
156422,CPI,Q04771,compound,protein,1
156422,CPI,Q13163,compound,protein,1
156422,CPI,Q15303,compound,protein,1
156422,CPI,Q16288,compound,protein,1
156422,CPI,Q59H18,compound,protein,1
156422,CPI,Q6XUX3,compound,protein,1
156422,CPI,Q99755,compound,protein,1
156422,CPI,Q9NWZ3,compound,protein,1
156422,CPI,Q9UF33,compound,protein,1
156422,CPI,Q9UKE5,compound,protein,1
156422,CPI,P28223,compound,protein,0
156422,CPI,Q96KQ7,compound,protein,0
156422,CPI,P11712,compound,protein,0
156422,CPI,Q9C086,compound,protein,0
156422,CPI,Q14332,compound,protein,0
156422,CPI,P16035,compound,protein,0
156422,CPI,O75717,compound,protein,0
156422,CPI,Q9NNX9,compound,protein,0
156422,CPI,Q13046,compound,protein,0
156422,CPI,Q9UEF7,compound,protein,0
156422,CPI,O15347,compound,protein,0
156422,CPI,Q5VVH5,compound,protein,0
156422,CPI,P78330,compound,protein,0
156422,CPI,O94778,compound,protein,0
156422,CPI,Q9BRQ0,compound,protein,0
156422,CPI,Q06546,compound,protein,0
156422,CPI,Q9Y5Y2,compound,protein,0
156422,CPI,Q96QD5,compound,protein,0
156422,CPI,O75678,compound,protein,0
156422,CPI,P32019,compound,protein,0
15723,CPI,Q13148,compound,protein,1
15760,CPI,O15075,compound,protein,0
1580719,CPI,Q9UNA4,compound,protein,1
15922487,CPI,Q9Y263,compound,protein,0
159324,CPI,P06213,compound,protein,0
15945539,CPI,O15296,compound,protein,0
15983966,CPI,O00444,compound,protein,1
15983966,CPI,O15197,compound,protein,1
15983966,CPI,O15530,compound,protein,1
15983966,CPI,O75582,compound,protein,1
15983966,CPI,O94768,compound,protein,1
15983966,CPI,P08069,compound,protein,1
15983966,CPI,P08581,compound,protein,1
15983966,CPI,P24941,compound,protein,1
15983966,CPI,P36888,compound,protein,1
15983966,CPI,P45984,compound,protein,1
15983966,CPI,P53667,compound,protein,1
15983966,CPI,P78356,compound,protein,1
15983966,CPI,Q13177,compound,protein,1
15983966,CPI,Q8TDR2,compound,protein,1
15983966,CPI,Q9H3Y6,compound,protein,1
15983966,CPI,Q9HC98,compound,protein,1
15983966,CPI,P30542,compound,protein,0
15983966,CPI,O75469,compound,protein,0
15983966,CPI,Q6P996,compound,protein,0
15983966,CPI,Q8N660,compound,protein,0
15983966,CPI,Q8NCW5,compound,protein,0
15983966,CPI,Q8NCB2,compound,protein,0
15983966,CPI,Q8WVN8,compound,protein,0
15983966,CPI,Q63HQ2,compound,protein,0
15983966,CPI,Q9NR64,compound,protein,0
15983966,CPI,Q14126,compound,protein,0
15983966,CPI,Q8N5R6,compound,protein,0
15983966,CPI,P09661,compound,protein,0
15983966,CPI,Q75V66,compound,protein,0
15983966,CPI,Q969S6,compound,protein,0
15983966,CPI,Q9GZZ0,compound,protein,0
15983966,CPI,Q9UBW5,compound,protein,0
16004692,CPI,Q9Y2K2,compound,protein,0
16007391,CPI,O14757,compound,protein,1
16007391,CPI,O75116,compound,protein,1
16007391,CPI,P37023,compound,protein,1
16007391,CPI,P42680,compound,protein,1
16007391,CPI,P48730,compound,protein,1
16007391,CPI,P52564,compound,protein,1
16007391,CPI,P53667,compound,protein,1
16007391,CPI,P54764,compound,protein,1
16007391,CPI,Q04759,compound,protein,1
16007391,CPI,Q13164,compound,protein,1
16007391,CPI,Q15418,compound,protein,1
16007391,CPI,Q86UX6,compound,protein,1
16007391,CPI,Q99759,compound,protein,1
16007391,CPI,Q9UBE8,compound,protein,1
16007391,CPI,P21731,compound,protein,0
16007391,CPI,P35372,compound,protein,0
16007391,CPI,P08588,compound,protein,0
16007391,CPI,O00253,compound,protein,0
16007391,CPI,Q8WW38,compound,protein,0
16007391,CPI,Q8NB91,compound,protein,0
16007391,CPI,Q12906,compound,protein,0
16007391,CPI,Q8NHS3,compound,protein,0
16007391,CPI,Q56NI9,compound,protein,0
16007391,CPI,O95631,compound,protein,0
16007391,CPI,Q8NDB6,compound,protein,0
16007391,CPI,Q9UIF3,compound,protein,0
16007391,CPI,P10451,compound,protein,0
16007391,CPI,Q8N999,compound,protein,0
16007391,CPI,Q92854,compound,protein,0
16013152,CPI,P53355,compound,protein,0
16014341,CPI,P04637,compound,protein,1
16014341,CPI,P51151,compound,protein,1
16014341,CPI,Q00G26,compound,protein,1
16014341,CPI,Q08499,compound,protein,0
16014494,CPI,P04637,compound,protein,1
160355,CPI,O96013,compound,protein,1
160355,CPI,P00533,compound,protein,1
160355,CPI,P27361,compound,protein,1
160355,CPI,P50750,compound,protein,1
160355,CPI,P78356,compound,protein,1
160355,CPI,Q04771,compound,protein,1
160355,CPI,Q06187,compound,protein,1
160355,CPI,Q07002,compound,protein,1
160355,CPI,Q13237,compound,protein,1
160355,CPI,Q16539,compound,protein,1
160355,CPI,Q92918,compound,protein,1
160355,CPI,P06753,compound,protein,0
160355,CPI,Q14831,compound,protein,0
160355,CPI,P09668,compound,protein,0
160355,CPI,O43184,compound,protein,0
160355,CPI,Q99500,compound,protein,0
160355,CPI,Q9Y698,compound,protein,0
160355,CPI,Q8TEK3,compound,protein,0
160355,CPI,Q96GW9,compound,protein,0
160355,CPI,Q9NYK1,compound,protein,0
160355,CPI,P19878,compound,protein,0
160355,CPI,P21281,compound,protein,0
160355,CPI,Q9Y587,compound,protein,0
160355,CPI,P09466,compound,protein,0
160355,CPI,Q8NHE4,compound,protein,0
160355,CPI,Q9BUL5,compound,protein,0
160355,CPI,O15342,compound,protein,0
16038120,CPI,O95382,compound,protein,1
16038120,CPI,P04626,compound,protein,1
16038120,CPI,P27448,compound,protein,1
16038120,CPI,P29376,compound,protein,1
16038120,CPI,P34947,compound,protein,1
16038120,CPI,P36507,compound,protein,1
16038120,CPI,P42684,compound,protein,1
16038120,CPI,P45983,compound,protein,1
16038120,CPI,P46734,compound,protein,1
16038120,CPI,P48729,compound,protein,1
16038120,CPI,P49759,compound,protein,1
16038120,CPI,P50750,compound,protein,1
16038120,CPI,Q13873,compound,protein,1
16038120,CPI,Q15046,compound,protein,1
16038120,CPI,Q9UKE5,compound,protein,1
16038120,CPI,P16050,compound,protein,0
16038120,CPI,P11473,compound,protein,0
16038120,CPI,P35462,compound,protein,0
16038120,CPI,P30411,compound,protein,0
16038120,CPI,P39748,compound,protein,0
16038120,CPI,Q9BUT1,compound,protein,0
16038120,CPI,Q9P0J7,compound,protein,0
16038120,CPI,Q9ULN7,compound,protein,0
16038120,CPI,Q96LJ7,compound,protein,0
16038120,CPI,Q9UK13,compound,protein,0
16038120,CPI,Q9UBQ7,compound,protein,0
16038120,CPI,Q6NUN7,compound,protein,0
16038120,CPI,Q8N423,compound,protein,0
16038120,CPI,A8MTQ0,compound,protein,0
16038120,CPI,Q2M3G4,compound,protein,0
16038120,CPI,Q8IYW5,compound,protein,0
16041424,CPI,P08240,compound,protein,1
16041424,CPI,P04626,compound,protein,0
16041424,CPI,P08913,compound,protein,0
1604254,CPI,Q9P2K8,compound,protein,0
16043,CPI,Q13418,compound,protein,0
16061509,CPI,Q9Y5N1,compound,protein,1
16070100,CPI,Q99808,compound,protein,0
16095342,CPI,P08581,compound,protein,1
16095342,CPI,P12931,compound,protein,1
16095342,CPI,P23443,compound,protein,1
16095342,CPI,Q96PF2,compound,protein,1
16095342,CPI,Q16637,compound,protein,0
16095342,CPI,Q9Y2U5,compound,protein,0
16095342,CPI,Q9UIF8,compound,protein,0
16095342,CPI,Q16678,compound,protein,0
16095342,CPI,Q8N1C3,compound,protein,0
16095342,CPI,P21860,compound,protein,0
16102146,CPI,P08684,compound,protein,1
16118392,CPI,P54753,compound,protein,1
16118392,CPI,Q9Y4K4,compound,protein,1
16118392,CPI,Q9Y6E0,compound,protein,1
16118392,CPI,O15530,compound,protein,0
16118392,CPI,P35354,compound,protein,0
16118392,CPI,P06401,compound,protein,0
16118392,CPI,Q99808,compound,protein,0
16218979,CPI,P99999,compound,protein,1
16218996,CPI,O75496,compound,protein,1
16220015,CPI,P60953,compound,protein,0
16222096,CPI,Q12809,compound,protein,1
16222096,CPI,P30518,compound,protein,0
16222096,CPI,Q9H1R3,compound,protein,0
16231,CPI,P37088,compound,protein,1
16231,CPI,P46663,compound,protein,1
16330153,CPI,Q96RR4,compound,protein,0
16351,CPI,P31645,compound,protein,1
16351,CPI,P06239,compound,protein,0
16362,CPI,P08908,compound,protein,1
16362,CPI,P18825,compound,protein,1
16362,CPI,P21917,compound,protein,1
16362,CPI,Q96KQ7,compound,protein,1
16362,CPI,Q9H3N8,compound,protein,1
16362,CPI,Q9NUW8,compound,protein,1
16362,CPI,Q96FL8,compound,protein,0
16362,CPI,Q8IYT8,compound,protein,0
16362,CPI,O00444,compound,protein,0
16362,CPI,Q8N5S9,compound,protein,0
16362,CPI,P53667,compound,protein,0
16362,CPI,P15056,compound,protein,0
16363,CPI,P21728,compound,protein,1
16363,CPI,O75496,compound,protein,0
16363,CPI,P49674,compound,protein,0
1637653,CPI,P00352,compound,protein,1
163844,CPI,P00352,compound,protein,0
16446868,CPI,O60240,compound,protein,1
164676,CPI,Q12879,compound,protein,0
1649,CPI,P35228,compound,protein,1
16490,CPI,P10275,compound,protein,1
16490,CPI,Q5BJF2,compound,protein,0
16654980,CPI,P42338,compound,protein,1
16654980,CPI,P37288,compound,protein,0
166553,CPI,Q9NRH2,compound,protein,0
16659841,CPI,Q9HBH9,compound,protein,0
16678941,CPI,P32239,compound,protein,1
16722836,CPI,O14757,compound,protein,1
16722836,CPI,O76039,compound,protein,1
16722836,CPI,P07947,compound,protein,1
16722836,CPI,P21127,compound,protein,1
16722836,CPI,P21802,compound,protein,1
16722836,CPI,P23975,compound,protein,1
16722836,CPI,P29322,compound,protein,1
16722836,CPI,P30291,compound,protein,1
16722836,CPI,P51812,compound,protein,1
16722836,CPI,P53779,compound,protein,1
16722836,CPI,P54753,compound,protein,1
16722836,CPI,P80192,compound,protein,1
16722836,CPI,Q13233,compound,protein,1
16722836,CPI,Q14164,compound,protein,1
16722836,CPI,Q86UE8,compound,protein,1
16722836,CPI,Q86YV6,compound,protein,1
16722836,CPI,Q8IWQ3,compound,protein,1
16722836,CPI,Q92630,compound,protein,1
16722836,CPI,Q92772,compound,protein,1
16722836,CPI,Q9NQU5,compound,protein,1
16722836,CPI,Q9NYL2,compound,protein,1
16722836,CPI,Q9UBE8,compound,protein,1
16722836,CPI,Q9UM73,compound,protein,1
16722836,CPI,P02545,compound,protein,0
16722836,CPI,Q06710,compound,protein,0
16722836,CPI,P34810,compound,protein,0
16722836,CPI,P0C025,compound,protein,0
16722836,CPI,P0DTW1,compound,protein,0
16722836,CPI,Q8IVJ1,compound,protein,0
16722836,CPI,Q92806,compound,protein,0
16722836,CPI,Q75N90,compound,protein,0
16722836,CPI,Q96N06,compound,protein,0
16722836,CPI,Q96SK2,compound,protein,0
16722836,CPI,Q92600,compound,protein,0
16722836,CPI,Q8N4E7,compound,protein,0
16722836,CPI,P08195,compound,protein,0
16722836,CPI,Q9NYY1,compound,protein,0
16722836,CPI,Q9NUJ3,compound,protein,0
16722836,CPI,A8MTB9,compound,protein,0
16722836,CPI,Q9P2X3,compound,protein,0
16722836,CPI,Q07954,compound,protein,0
16722836,CPI,A8MX76,compound,protein,0
16722836,CPI,Q96FN5,compound,protein,0
16722836,CPI,P61923,compound,protein,0
16725726,CPI,O75385,compound,protein,1
16725726,CPI,P12931,compound,protein,1
16725726,CPI,P22455,compound,protein,1
16725726,CPI,P36888,compound,protein,1
16725726,CPI,P36894,compound,protein,1
16725726,CPI,P41240,compound,protein,1
16725726,CPI,P51451,compound,protein,1
16725726,CPI,P51956,compound,protein,1
16725726,CPI,P53667,compound,protein,1
16725726,CPI,Q00532,compound,protein,1
16725726,CPI,Q13131,compound,protein,1
16725726,CPI,Q13163,compound,protein,1
16725726,CPI,Q14289,compound,protein,1
16725726,CPI,Q52WX2,compound,protein,1
16725726,CPI,Q7L7X3,compound,protein,1
16725726,CPI,Q99683,compound,protein,1
16725726,CPI,Q9C098,compound,protein,1
16725726,CPI,Q9H1R3,compound,protein,1
16725726,CPI,Q9NRM7,compound,protein,1
16725726,CPI,Q9NRP7,compound,protein,1
16725726,CPI,Q9Y2U5,compound,protein,1
16725726,CPI,P08172,compound,protein,0
16725726,CPI,Q16665,compound,protein,0
16725726,CPI,P32245,compound,protein,0
16725726,CPI,P43681,compound,protein,0
16725726,CPI,P31645,compound,protein,0
16725726,CPI,P41968,compound,protein,0
16725726,CPI,P23490,compound,protein,0
16725726,CPI,Q5T7N2,compound,protein,0
16725726,CPI,Q96MS0,compound,protein,0
16725726,CPI,Q92837,compound,protein,0
16725726,CPI,Q13286,compound,protein,0
16725726,CPI,Q14392,compound,protein,0
16725726,CPI,Q8NH49,compound,protein,0
16725726,CPI,P78337,compound,protein,0
16725726,CPI,O14526,compound,protein,0
16725726,CPI,Q7RTX0,compound,protein,0
16725726,CPI,A6NGB9,compound,protein,0
16725726,CPI,Q6PID8,compound,protein,0
16725726,CPI,Q8N907,compound,protein,0
16725726,CPI,Q6P4F7,compound,protein,0
16725726,CPI,O60242,compound,protein,0
16734800,CPI,P06401,compound,protein,1
16734800,CPI,Q12866,compound,protein,0
16736529,CPI,P46098,compound,protein,0
16736529,CPI,P04049,compound,protein,0
16736978,CPI,P08588,compound,protein,0
16741,CPI,P09936,compound,protein,1
16741,CPI,P60903,compound,protein,1
16741,CPI,Q9H4B7,compound,protein,1
16741,CPI,P05177,compound,protein,0
16741,CPI,P51957,compound,protein,0
16741,CPI,P07550,compound,protein,0
16747683,CPI,P19784,compound,protein,1
16749997,CPI,P34949,compound,protein,1
16757524,CPI,Q9Y4K4,compound,protein,0
16757524,CPI,P08588,compound,protein,0
16759157,CPI,P31749,compound,protein,1
167715,CPI,P11473,compound,protein,1
167715,CPI,Q9NUW8,compound,protein,1
167715,CPI,P10635,compound,protein,0
1694,CPI,P49841,compound,protein,1
1694,CPI,P48729,compound,protein,0
16960,CPI,O75469,compound,protein,1
16960,CPI,P08172,compound,protein,1
16960,CPI,P25021,compound,protein,1
16960,CPI,P29274,compound,protein,1
16960,CPI,Q16816,compound,protein,0
170344,CPI,P08581,compound,protein,0
170361,CPI,Q15825,compound,protein,1
1714884,CPI,P10636,compound,protein,1
1727,CPI,Q96PR1,compound,protein,1
1727,CPI,P54646,compound,protein,0
174174,CPI,P17787,compound,protein,1
174174,CPI,P43681,compound,protein,1
174174,CPI,Q5T601,compound,protein,1
175540,CPI,P16473,compound,protein,1
175540,CPI,P21728,compound,protein,1
175540,CPI,P41595,compound,protein,1
175540,CPI,Q15759,compound,protein,0
176157,CPI,P34998,compound,protein,1
176157,CPI,P08912,compound,protein,0
176157,CPI,P54764,compound,protein,0
176158,CPI,P08684,compound,protein,1
176167,CPI,O75582,compound,protein,1
176167,CPI,P08631,compound,protein,1
176167,CPI,P0C264,compound,protein,1
176167,CPI,Q08345,compound,protein,1
176167,CPI,Q08881,compound,protein,1
176167,CPI,Q09013,compound,protein,1
176167,CPI,Q15835,compound,protein,1
176167,CPI,Q16832,compound,protein,1
176167,CPI,Q8N568,compound,protein,1
176167,CPI,Q8TBX8,compound,protein,1
176167,CPI,Q8TD08,compound,protein,1
176167,CPI,Q96SB4,compound,protein,1
176167,CPI,Q9BZL6,compound,protein,1
176167,CPI,Q9P1W9,compound,protein,1
176167,CPI,Q9Y463,compound,protein,1
176167,CPI,Q96NT5,compound,protein,0
176167,CPI,Q9H228,compound,protein,0
176167,CPI,P00750,compound,protein,0
176167,CPI,O15393,compound,protein,0
176167,CPI,Q15465,compound,protein,0
176167,CPI,P43354,compound,protein,0
176167,CPI,P80365,compound,protein,0
176167,CPI,O60656,compound,protein,0
176167,CPI,P34913,compound,protein,0
176167,CPI,Q9UQL6,compound,protein,0
176167,CPI,P19652,compound,protein,0
176167,CPI,P48775,compound,protein,0
176167,CPI,O00418,compound,protein,0
176167,CPI,P23975,compound,protein,0
176167,CPI,O00141,compound,protein,0
176167,CPI,Q92952,compound,protein,0
176167,CPI,Q12791,compound,protein,0
176167,CPI,P29972,compound,protein,0
176167,CPI,Q53GL7,compound,protein,0
176167,CPI,P52209,compound,protein,0
176407,CPI,P42345,compound,protein,0
176408,CPI,P51151,compound,protein,1
176870,CPI,O15530,compound,protein,1
176870,CPI,O94768,compound,protein,1
176870,CPI,O96013,compound,protein,1
176870,CPI,P0DMS8,compound,protein,1
176870,CPI,P31749,compound,protein,1
176870,CPI,P49336,compound,protein,1
176870,CPI,P49840,compound,protein,1
176870,CPI,P49841,compound,protein,1
176870,CPI,P51817,compound,protein,1
176870,CPI,Q16288,compound,protein,1
176870,CPI,Q8N568,compound,protein,1
176870,CPI,Q8NFD2,compound,protein,1
176870,CPI,Q8NI60,compound,protein,1
176870,CPI,Q96GD4,compound,protein,1
176870,CPI,Q9NR20,compound,protein,1
176870,CPI,Q9P1W9,compound,protein,1
176870,CPI,Q8TCG1,compound,protein,0
176870,CPI,Q9P0J7,compound,protein,0
176870,CPI,P34896,compound,protein,0
176870,CPI,Q96KR7,compound,protein,0
176870,CPI,A2VCK2,compound,protein,0
176870,CPI,Q6RFH5,compound,protein,0
176870,CPI,Q92616,compound,protein,0
176870,CPI,Q9NZM6,compound,protein,0
176870,CPI,Q4VC31,compound,protein,0
176870,CPI,Q5T7N3,compound,protein,0
176870,CPI,Q8N441,compound,protein,0
176870,CPI,P09629,compound,protein,0
176870,CPI,Q8NGX8,compound,protein,0
176870,CPI,Q9HB07,compound,protein,0
176870,CPI,Q5TBA9,compound,protein,0
176870,CPI,Q9BQI5,compound,protein,0
176873,CPI,P08648,compound,protein,1
1775,CPI,Q8N5S9,compound,protein,0
1775,CPI,Q04771,compound,protein,0
1775,CPI,Q96QE3,compound,protein,0
1775,CPI,P28566,compound,protein,0
17754438,CPI,O14965,compound,protein,1
17754438,CPI,O60674,compound,protein,1
17754438,CPI,P35968,compound,protein,1
17754438,CPI,Q06418,compound,protein,1
17754438,CPI,Q07912,compound,protein,1
17754438,CPI,P78356,compound,protein,0
17754438,CPI,Q8WXR4,compound,protein,0
17754438,CPI,O14920,compound,protein,0
17754438,CPI,P08912,compound,protein,0
17754438,CPI,P06401,compound,protein,0
17755052,CPI,O43293,compound,protein,1
17755052,CPI,O75582,compound,protein,1
17755052,CPI,P08581,compound,protein,1
17755052,CPI,P10721,compound,protein,1
17755052,CPI,P19525,compound,protein,1
17755052,CPI,P28482,compound,protein,1
17755052,CPI,P31751,compound,protein,1
17755052,CPI,P45983,compound,protein,1
17755052,CPI,P50750,compound,protein,1
17755052,CPI,P78362,compound,protein,1
17755052,CPI,Q02156,compound,protein,1
17755052,CPI,Q02779,compound,protein,1
17755052,CPI,Q13163,compound,protein,1
17755052,CPI,Q13554,compound,protein,1
17755052,CPI,Q15418,compound,protein,1
17755052,CPI,Q86Y07,compound,protein,1
17755052,CPI,Q8N4C8,compound,protein,1
17755052,CPI,Q9BVS4,compound,protein,1
17755052,CPI,Q9H3Y6,compound,protein,1
17755052,CPI,Q9NUW8,compound,protein,1
17755052,CPI,Q9NYL2,compound,protein,1
17755052,CPI,Q9UQM7,compound,protein,1
17755052,CPI,P23219,compound,protein,0
17755052,CPI,P0DMS8,compound,protein,0
17755052,CPI,P00915,compound,protein,0
17755052,CPI,P03372,compound,protein,0
17755052,CPI,P18089,compound,protein,0
17755052,CPI,Q99700,compound,protein,0
17755052,CPI,P40225,compound,protein,0
17755052,CPI,Q6W5P4,compound,protein,0
17755052,CPI,O43462,compound,protein,0
17755052,CPI,O00505,compound,protein,0
17755052,CPI,Q9NP73,compound,protein,0
17755052,CPI,Q9NZM5,compound,protein,0
17755052,CPI,Q7Z3C6,compound,protein,0
17755052,CPI,O14656,compound,protein,0
17755052,CPI,P10588,compound,protein,0
17755052,CPI,P59817,compound,protein,0
17755052,CPI,Q9NQ40,compound,protein,0
17755052,CPI,P04279,compound,protein,0
17755052,CPI,Q9Y6A5,compound,protein,0
17756796,CPI,P08235,compound,protein,0
17757086,CPI,P02545,compound,protein,1
17757086,CPI,Q15067,compound,protein,0
17757146,CPI,Q9Y233,compound,protein,1
17757275,CPI,O75496,compound,protein,1
17759555,CPI,P14416,compound,protein,0
1794,CPI,P49798,compound,protein,1
1794,CPI,Q14940,compound,protein,1
1794,CPI,Q9NUW8,compound,protein,1
1794,CPI,Q9Y570,compound,protein,0
1794,CPI,P11597,compound,protein,0
180559,CPI,P02788,compound,protein,1
1814490,CPI,P29317,compound,protein,0
182362,CPI,Q9Y694,compound,protein,0
182362,CPI,Q8TET4,compound,protein,0
18283,CPI,O75496,compound,protein,1
18283,CPI,P11229,compound,protein,1
18283,CPI,P25021,compound,protein,1
18283,CPI,P12931,compound,protein,0
1830,CPI,P00352,compound,protein,1
1853,CPI,O95271,compound,protein,1
1858,CPI,P11712,compound,protein,1
1858,CPI,P54762,compound,protein,0
187,CPI,P08912,compound,protein,1
187,CPI,P43681,compound,protein,1
1893,CPI,P29475,compound,protein,1
1893,CPI,Q16637,compound,protein,1
1893,CPI,Q92847,compound,protein,0
19003,CPI,P07550,compound,protein,1
19003,CPI,P08913,compound,protein,1
19003,CPI,P21397,compound,protein,1
19003,CPI,P23975,compound,protein,1
19003,CPI,Q9H2K8,compound,protein,0
19003,CPI,P31749,compound,protein,0
19003,CPI,P29376,compound,protein,0
19003,CPI,Q13555,compound,protein,0
19103,CPI,P04049,compound,protein,0
19103,CPI,P54646,compound,protein,0
1916559,CPI,P84022,compound,protein,1
1918543,CPI,Q13470,compound,protein,0
1918543,CPI,Q16832,compound,protein,0
193949,CPI,P08908,compound,protein,1
193962,CPI,P23975,compound,protein,1
193962,CPI,P51787,compound,protein,0
193962,CPI,Q8IYT8,compound,protein,0
19493,CPI,P08684,compound,protein,1
19493,CPI,Q02817,compound,protein,0
19585362,CPI,Q16288,compound,protein,0
1967,CPI,P00352,compound,protein,1
1967,CPI,P33261,compound,protein,1
19675,CPI,Q12809,compound,protein,1
196968,CPI,O14936,compound,protein,0
197033,CPI,P25100,compound,protein,1
197033,CPI,P28566,compound,protein,1
197033,CPI,Q99720,compound,protein,1
197690,CPI,Q16816,compound,protein,0
1978,CPI,P30556,compound,protein,1
1978,CPI,P43681,compound,protein,1
1979,CPI,P11229,compound,protein,1
1981,CPI,Q9NYV4,compound,protein,0
1986,CPI,P28223,compound,protein,1
1986,CPI,P35354,compound,protein,1
1986,CPI,P37288,compound,protein,1
1986,CPI,O15439,compound,protein,0
198693,CPI,P48066,compound,protein,0
1989,CPI,P35367,compound,protein,1
199472,CPI,P52209,compound,protein,1
201986,CPI,P42330,compound,protein,1
2022,CPI,P18089,compound,protein,1
2022,CPI,O95342,compound,protein,0
2022,CPI,P08922,compound,protein,0
202225,CPI,P41145,compound,protein,1
202225,CPI,P20701,compound,protein,0
20279,CPI,Q9NRF9,compound,protein,1
20279,CPI,O43521,compound,protein,0
20279,CPI,Q13526,compound,protein,0
20279,CPI,Q86YV6,compound,protein,0
20299,CPI,Q9H228,compound,protein,0
20345,CPI,P43220,compound,protein,1
2040,CPI,P11229,compound,protein,1
2040,CPI,P21554,compound,protein,1
2047223,CPI,P16389,compound,protein,0
2051,CPI,O75496,compound,protein,1
2051,CPI,P42680,compound,protein,0
205912,CPI,Q9UL54,compound,protein,0
2064,CPI,P00533,compound,protein,1
2064,CPI,P28223,compound,protein,0
2066730,CPI,P46663,compound,protein,0
2081,CPI,P31645,compound,protein,1
2081,CPI,Q9UNA4,compound,protein,0
2082,CPI,P28482,compound,protein,1
2082,CPI,O95835,compound,protein,0
2082,CPI,P27986,compound,protein,0
20876331,CPI,P43220,compound,protein,1
2088,CPI,P25021,compound,protein,1
2088,CPI,Q15569,compound,protein,0
2088,CPI,O15118,compound,protein,0
208908,CPI,O00329,compound,protein,1
208908,CPI,P08581,compound,protein,1
208908,CPI,P0C1S8,compound,protein,1
208908,CPI,P19784,compound,protein,1
208908,CPI,P21127,compound,protein,1
208908,CPI,P30291,compound,protein,1
208908,CPI,P30530,compound,protein,1
208908,CPI,P31152,compound,protein,1
208908,CPI,P43405,compound,protein,1
208908,CPI,P45984,compound,protein,1
208908,CPI,P51956,compound,protein,1
208908,CPI,P53671,compound,protein,1
208908,CPI,P57059,compound,protein,1
208908,CPI,P78362,compound,protein,1
208908,CPI,P80192,compound,protein,1
208908,CPI,Q02763,compound,protein,1
208908,CPI,Q13873,compound,protein,1
208908,CPI,Q6PHR2,compound,protein,1
208908,CPI,Q86V86,compound,protein,1
208908,CPI,Q8N568,compound,protein,1
208908,CPI,Q8TD08,compound,protein,1
208908,CPI,Q9BX84,compound,protein,1
208908,CPI,Q9H2K8,compound,protein,1
208908,CPI,Q9H2X6,compound,protein,1
208908,CPI,Q9P0L2,compound,protein,1
208908,CPI,Q9UPZ9,compound,protein,1
208908,CPI,Q9Y5S2,compound,protein,1
208908,CPI,P08172,compound,protein,0
208908,CPI,P54132,compound,protein,0
208908,CPI,Q92847,compound,protein,0
208908,CPI,P21728,compound,protein,0
208908,CPI,Q03181,compound,protein,0
208908,CPI,Q9NUW8,compound,protein,0
208908,CPI,P41143,compound,protein,0
208908,CPI,P28222,compound,protein,0
208908,CPI,P37840,compound,protein,0
208908,CPI,P19838,compound,protein,0
208908,CPI,P00734,compound,protein,0
208908,CPI,Q13868,compound,protein,0
208908,CPI,O43704,compound,protein,0
208908,CPI,Q5T447,compound,protein,0
208908,CPI,Q96EN9,compound,protein,0
208908,CPI,Q13084,compound,protein,0
208908,CPI,O14520,compound,protein,0
208908,CPI,Q9H8W4,compound,protein,0
208908,CPI,Q96MM7,compound,protein,0
2092,CPI,P08913,compound,protein,1
2094,CPI,P51151,compound,protein,1
2094,CPI,P49674,compound,protein,0
2094,CPI,Q9P1W9,compound,protein,0
2099,CPI,P25929,compound,protein,1
2099,CPI,P43681,compound,protein,1
2099,CPI,P48730,compound,protein,0
2099,CPI,P31152,compound,protein,0
2099,CPI,P49674,compound,protein,0
2100018,CPI,P36507,compound,protein,0
2107,CPI,Q8NG66,compound,protein,0
2107,CPI,P16050,compound,protein,0
21071390,CPI,O15530,compound,protein,0
21109,CPI,P84022,compound,protein,1
21109,CPI,Q9HC16,compound,protein,1
21109,CPI,P21917,compound,protein,0
21109,CPI,Q16584,compound,protein,0
2113511,CPI,Q16637,compound,protein,1
2118,CPI,P11229,compound,protein,1
2118,CPI,P31644,compound,protein,1
2118,CPI,P41145,compound,protein,1
2118,CPI,Q8N1C3,compound,protein,1
2118,CPI,Q99928,compound,protein,1
2118,CPI,P37231,compound,protein,0
2118,CPI,P78527,compound,protein,0
2119,CPI,P06401,compound,protein,1
2119,CPI,P08908,compound,protein,1
2119,CPI,P21731,compound,protein,1
2119,CPI,P35372,compound,protein,1
2119,CPI,Q96KQ7,compound,protein,1
2119,CPI,Q9P1W9,compound,protein,0
2120,CPI,P16050,compound,protein,1
2120,CPI,P45984,compound,protein,0
2120347,CPI,Q8WXR4,compound,protein,0
2123,CPI,P04150,compound,protein,1
2123,CPI,P31645,compound,protein,1
2123,CPI,P35367,compound,protein,1
2123,CPI,P41595,compound,protein,1
2123,CPI,P00915,compound,protein,0
2125,CPI,P02545,compound,protein,1
213039,CPI,Q16637,compound,protein,0
213046,CPI,P21917,compound,protein,1
213046,CPI,P22303,compound,protein,1
213046,CPI,P83916,compound,protein,0
2132,CPI,O43193,compound,protein,1
2132,CPI,P04062,compound,protein,1
2132,CPI,Q9UBS5,compound,protein,1
2132,CPI,O94782,compound,protein,0
21584481,CPI,Q6PHR2,compound,protein,0
2159,CPI,P13945,compound,protein,1
2159,CPI,P28566,compound,protein,1
2159213,CPI,Q9BQF6,compound,protein,1
2160,CPI,P08172,compound,protein,1
2160,CPI,P11229,compound,protein,1
2160,CPI,P21728,compound,protein,1
2160,CPI,Q16236,compound,protein,1
2160,CPI,Q96GD4,compound,protein,0
2160,CPI,Q7L7X3,compound,protein,0
2160,CPI,Q06710,compound,protein,0
2160,CPI,P36894,compound,protein,0
2160,CPI,Q9UBF8,compound,protein,0
2162,CPI,P23975,compound,protein,1
2162,CPI,P35368,compound,protein,1
2162,CPI,O14976,compound,protein,0
2162,CPI,P17948,compound,protein,0
2162,CPI,P42336,compound,protein,0
2162,CPI,P49336,compound,protein,0
2162,CPI,Q13153,compound,protein,0
216235,CPI,Q15822,compound,protein,0
216237,CPI,P35372,compound,protein,1
216237,CPI,P37288,compound,protein,1
216239,CPI,P21709,compound,protein,1
216239,CPI,P37840,compound,protein,1
216239,CPI,P50613,compound,protein,1
216239,CPI,P53778,compound,protein,1
216239,CPI,Q16832,compound,protein,1
216239,CPI,Q32MK0,compound,protein,1
216239,CPI,Q9H0K1,compound,protein,1
216239,CPI,Q9NRH2,compound,protein,1
216239,CPI,Q9NWZ3,compound,protein,1
216239,CPI,Q9P1W9,compound,protein,1
216239,CPI,Q9P289,compound,protein,1
216239,CPI,Q9UIK4,compound,protein,1
216239,CPI,Q9UKE5,compound,protein,1
216239,CPI,P21918,compound,protein,0
216239,CPI,P04637,compound,protein,0
216239,CPI,Q8N2Z9,compound,protein,0
216239,CPI,Q6IN85,compound,protein,0
216239,CPI,Q96LM6,compound,protein,0
216239,CPI,Q8IXX5,compound,protein,0
216239,CPI,Q6FIF0,compound,protein,0
216239,CPI,Q8N5V2,compound,protein,0
216239,CPI,Q96EK9,compound,protein,0
216239,CPI,Q9NUL7,compound,protein,0
216239,CPI,Q92502,compound,protein,0
216239,CPI,Q9BS34,compound,protein,0
216239,CPI,P25311,compound,protein,0
216239,CPI,Q9H7X7,compound,protein,0
216239,CPI,Q8WWH5,compound,protein,0
216239,CPI,Q6N043,compound,protein,0
216239,CPI,O43181,compound,protein,0
216239,CPI,Q04941,compound,protein,0
216239,CPI,Q5VW36,compound,protein,0
216239,CPI,O43934,compound,protein,0
216239,CPI,Q8IUC8,compound,protein,0
216239,CPI,Q496M5,compound,protein,0
21625941,CPI,O60741,compound,protein,1
21700,CPI,P0C264,compound,protein,0
21700,CPI,Q04912,compound,protein,0
21700,CPI,Q9UNA4,compound,protein,0
21800,CPI,P04150,compound,protein,1
2181,CPI,Q12851,compound,protein,0
2182,CPI,P49759,compound,protein,0
2182,CPI,P52333,compound,protein,0
2183264,CPI,P32298,compound,protein,0
219078,CPI,P22748,compound,protein,1
219078,CPI,Q16555,compound,protein,1
2194,CPI,O43193,compound,protein,1
2194,CPI,P32239,compound,protein,1
2201555,CPI,Q99814,compound,protein,1
2201555,CPI,Q9Y6E0,compound,protein,0
22049997,CPI,Q15759,compound,protein,1
2206,CPI,P04150,compound,protein,1
2206,CPI,Q8IY84,compound,protein,0
221493,CPI,P14854,compound,protein,1
222515,CPI,P28702,compound,protein,0
2225472,CPI,P57771,compound,protein,1
2225472,CPI,Q96KQ7,compound,protein,1
2225472,CPI,P41595,compound,protein,0
223997,CPI,Q13554,compound,protein,0
22416235,CPI,Q03431,compound,protein,1
22416235,CPI,Q8NFD2,compound,protein,0
22416236,CPI,O94925,compound,protein,1
2244,CPI,P00533,compound,protein,1
2244,CPI,P01106,compound,protein,1
2244,CPI,Q13164,compound,protein,1
2244,CPI,P07949,compound,protein,0
2244,CPI,P48730,compound,protein,0
2244,CPI,O14757,compound,protein,0
2247,CPI,P06241,compound,protein,1
2247,CPI,P18089,compound,protein,1
2247,CPI,Q9UBS5,compound,protein,0
2247,CPI,P19838,compound,protein,0
2247,CPI,Q9Y616,compound,protein,0
2250,CPI,P27487,compound,protein,1
2252,CPI,O00264,compound,protein,0
2265,CPI,O15439,compound,protein,0
2265,CPI,O96013,compound,protein,0
2266,CPI,Q9UEE5,compound,protein,0
2266,CPI,Q05397,compound,protein,0
2267,CPI,P04054,compound,protein,1
2267,CPI,P08913,compound,protein,1
2267,CPI,P41595,compound,protein,1
2267,CPI,Q9Y6E0,compound,protein,0
2284,CPI,O75899,compound,protein,1
2284,CPI,P08172,compound,protein,1
2284,CPI,P08684,compound,protein,1
2284,CPI,Q9NUW8,compound,protein,0
2286,CPI,P31751,compound,protein,0
2293,CPI,P35916,compound,protein,0
2300608,CPI,P35236,compound,protein,1
2310,CPI,P14867,compound,protein,1
2318,CPI,O60285,compound,protein,0
2321431,CPI,O75874,compound,protein,1
2321431,CPI,P48729,compound,protein,0
2327,CPI,P41595,compound,protein,1
2327,CPI,Q96KQ7,compound,protein,1
2327,CPI,P61604,compound,protein,0
2335,CPI,P10635,compound,protein,1
2335,CPI,P20309,compound,protein,1
2337,CPI,P41968,compound,protein,1
2337,CPI,Q99250,compound,protein,0
2337,CPI,Q9UQM7,compound,protein,0
2337,CPI,Q9NQU5,compound,protein,0
2344,CPI,Q01959,compound,protein,1
2344,CPI,P07384,compound,protein,0
23492,CPI,Q96PY6,compound,protein,0
2351,CPI,P35367,compound,protein,1
2351,CPI,P45984,compound,protein,0
2351,CPI,P00519,compound,protein,0
2353,CPI,P05177,compound,protein,1
2354,CPI,P21673,compound,protein,1
2354,CPI,O00506,compound,protein,0
2355,CPI,O15296,compound,protein,0
23612543,CPI,P21554,compound,protein,1
23612567,CPI,Q9Y2T6,compound,protein,1
236702,CPI,P41595,compound,protein,1
237,CPI,P25021,compound,protein,1
237,CPI,Q96KQ7,compound,protein,1
237,CPI,P14415,compound,protein,0
2370,CPI,P08912,compound,protein,1
2370,CPI,P18089,compound,protein,1
2370,CPI,P21554,compound,protein,1
23727689,CPI,O43613,compound,protein,1
23748533,CPI,Q16539,compound,protein,1
2375,CPI,Q8IVH8,compound,protein,0
2378,CPI,P41968,compound,protein,1
2378,CPI,P42345,compound,protein,0
23874512,CPI,P11362,compound,protein,0
23897,CPI,P04278,compound,protein,0
2390,CPI,P68400,compound,protein,1
2390,CPI,Q12851,compound,protein,1
2390,CPI,P34947,compound,protein,0
2390,CPI,P41145,compound,protein,0
2390,CPI,Q06187,compound,protein,0
2390,CPI,P21554,compound,protein,0
2390,CPI,O43570,compound,protein,0
23947601,CPI,Q15139,compound,protein,0
2396,CPI,P41743,compound,protein,1
2396,CPI,P49841,compound,protein,1
2396,CPI,Q96GD4,compound,protein,0
2396,CPI,P25929,compound,protein,0
2396,CPI,P37023,compound,protein,0
2406,CPI,P11229,compound,protein,1
2406,CPI,P23219,compound,protein,1
2406,CPI,P24557,compound,protein,1
2406,CPI,P29274,compound,protein,1
2406,CPI,P53667,compound,protein,0
2406,CPI,P06213,compound,protein,0
2406,CPI,P24941,compound,protein,0
2406,CPI,Q9H1R3,compound,protein,0
24066,CPI,P19838,compound,protein,1
24066,CPI,O15438,compound,protein,0
24180719,CPI,O00329,compound,protein,1
24180719,CPI,O75676,compound,protein,1
24180719,CPI,P07949,compound,protein,1
24180719,CPI,P08922,compound,protein,1
24180719,CPI,P36888,compound,protein,1
24180719,CPI,P49336,compound,protein,1
24180719,CPI,P57059,compound,protein,1
24180719,CPI,P68400,compound,protein,1
24180719,CPI,Q13043,compound,protein,1
24180719,CPI,Q13177,compound,protein,1
24180719,CPI,Q14289,compound,protein,1
24180719,CPI,Q15139,compound,protein,1
24180719,CPI,Q8IVW4,compound,protein,1
24180719,CPI,Q8TDC3,compound,protein,1
24180719,CPI,Q9HC98,compound,protein,1
24180719,CPI,Q96KQ7,compound,protein,0
24180719,CPI,P10635,compound,protein,0
24180719,CPI,P43220,compound,protein,0
24180719,CPI,P22303,compound,protein,0
24180719,CPI,P37231,compound,protein,0
24180719,CPI,Q15388,compound,protein,0
24180719,CPI,Q8N9N8,compound,protein,0
24180719,CPI,O43818,compound,protein,0
24180719,CPI,Q6S5L8,compound,protein,0
24180719,CPI,Q5W186,compound,protein,0
24180719,CPI,Q9H0F6,compound,protein,0
24180719,CPI,Q8IYP2,compound,protein,0
24180719,CPI,A0A096LP55,compound,protein,0
24180719,CPI,Q9P000,compound,protein,0
24180719,CPI,Q3SXZ3,compound,protein,0
24180719,CPI,P02489,compound,protein,0
24180719,CPI,Q96F24,compound,protein,0
24180719,CPI,Q8NEF3,compound,protein,0
24180719,CPI,Q8NE35,compound,protein,0
24180719,CPI,Q16254,compound,protein,0
24180719,CPI,Q9HBJ0,compound,protein,0
24180719,CPI,Q86UY8,compound,protein,0
24180719,CPI,P20585,compound,protein,0
24180719,CPI,P04732,compound,protein,0
241903,CPI,P23258,compound,protein,1
2435,CPI,P08913,compound,protein,1
24360,CPI,P21731,compound,protein,0
24360,CPI,P41143,compound,protein,0
2442,CPI,P10635,compound,protein,1
2442307,CPI,Q9NUW8,compound,protein,1
2443,CPI,P21918,compound,protein,1
2443,CPI,P25100,compound,protein,1
2453,CPI,P04637,compound,protein,1
2457,CPI,Q08499,compound,protein,0
2462,CPI,P04150,compound,protein,1
2466,CPI,Q9NUW8,compound,protein,1
2474,CPI,O15438,compound,protein,0
24747174,CPI,P84022,compound,protein,1
24747174,CPI,P83916,compound,protein,0
24747214,CPI,O75385,compound,protein,0
24747270,CPI,Q16236,compound,protein,1
24748573,CPI,Q9Y463,compound,protein,1
24748573,CPI,Q13547,compound,protein,0
2477,CPI,P10635,compound,protein,1
2477,CPI,P11712,compound,protein,1
2477,CPI,Q9Y5N1,compound,protein,1
2477,CPI,P04626,compound,protein,0
24771824,CPI,P04629,compound,protein,0
24771824,CPI,O14976,compound,protein,0
24771867,CPI,P00533,compound,protein,1
24771867,CPI,P08922,compound,protein,1
24771867,CPI,P11362,compound,protein,1
24771867,CPI,P19784,compound,protein,1
24771867,CPI,P35968,compound,protein,1
24771867,CPI,Q07912,compound,protein,1
24771867,CPI,Q96PF2,compound,protein,1
24771867,CPI,Q9NYL2,compound,protein,1
24771867,CPI,P07711,compound,protein,0
24771867,CPI,P41143,compound,protein,0
24771867,CPI,Q16445,compound,protein,0
24771867,CPI,Q9Y6L6,compound,protein,0
24771867,CPI,Q9Y271,compound,protein,0
24775005,CPI,P18825,compound,protein,1
24775005,CPI,P54762,compound,protein,0
24775005,CPI,Q07912,compound,protein,0
24779724,CPI,O75116,compound,protein,1
24779724,CPI,P04626,compound,protein,1
24779724,CPI,P06213,compound,protein,1
24779724,CPI,P07949,compound,protein,1
24779724,CPI,P11309,compound,protein,1
24779724,CPI,P41240,compound,protein,1
24779724,CPI,P42336,compound,protein,1
24779724,CPI,P49841,compound,protein,1
24779724,CPI,P51451,compound,protein,1
24779724,CPI,Q05655,compound,protein,1
24779724,CPI,Q13873,compound,protein,1
24779724,CPI,Q15746,compound,protein,1
24779724,CPI,Q8WXR4,compound,protein,1
24779724,CPI,Q9BVS4,compound,protein,1
24779724,CPI,Q9UQM7,compound,protein,1
24779724,CPI,Q9Y6E0,compound,protein,1
24779724,CPI,P30556,compound,protein,0
24779724,CPI,P05177,compound,protein,0
24779724,CPI,P04062,compound,protein,0
24779724,CPI,P41595,compound,protein,0
24779724,CPI,P25100,compound,protein,0
24779724,CPI,Q16637,compound,protein,0
24779724,CPI,P30518,compound,protein,0
24779724,CPI,P0DPK4,compound,protein,0
24779724,CPI,Q9GZZ8,compound,protein,0
24779724,CPI,Q5TYX0,compound,protein,0
24779724,CPI,Q6PCD5,compound,protein,0
24779724,CPI,P02452,compound,protein,0
24779724,CPI,Q86SQ0,compound,protein,0
24779724,CPI,B8ZZ34,compound,protein,0
24779724,CPI,Q8IY95,compound,protein,0
24779724,CPI,Q8N6Q3,compound,protein,0
24779724,CPI,P05546,compound,protein,0
24779724,CPI,Q504Y3,compound,protein,0
24779724,CPI,Q08397,compound,protein,0
24779724,CPI,Q9BZ67,compound,protein,0
24785538,CPI,O00444,compound,protein,1
24785538,CPI,Q13470,compound,protein,1
24785538,CPI,P46098,compound,protein,0
24785538,CPI,Q9P1W9,compound,protein,0
24788740,CPI,Q9Y243,compound,protein,1
24791027,CPI,Q9NUW8,compound,protein,1
24791027,CPI,P28335,compound,protein,0
24794418,CPI,P07947,compound,protein,1
24794418,CPI,P36888,compound,protein,1
24794418,CPI,Q16620,compound,protein,1
24795070,CPI,O75874,compound,protein,0
2480,CPI,Q01959,compound,protein,1
2481,CPI,P14867,compound,protein,1
2481,CPI,P07332,compound,protein,0
2482,CPI,O43497,compound,protein,1
2482,CPI,P33261,compound,protein,1
2482,CPI,P37231,compound,protein,1
2482,CPI,Q9NY47,compound,protein,1
24820091,CPI,P51151,compound,protein,1
24826799,CPI,P11362,compound,protein,1
24826799,CPI,Q16548,compound,protein,0
24826799,CPI,P48065,compound,protein,0
24855958,CPI,P49841,compound,protein,1
24856041,CPI,P36507,compound,protein,1
24856041,CPI,Q7L7X3,compound,protein,1
24856041,CPI,Q9Y2U5,compound,protein,1
24856041,CPI,P05177,compound,protein,0
24856041,CPI,P84022,compound,protein,0
24856041,CPI,P35916,compound,protein,0
24856041,CPI,P25929,compound,protein,0
24856237,CPI,P10145,compound,protein,1
24856436,CPI,O43293,compound,protein,1
24856436,CPI,O96013,compound,protein,1
24856436,CPI,Q8N1C3,compound,protein,0
24856436,CPI,P30939,compound,protein,0
24856436,CPI,Q02779,compound,protein,0
24857286,CPI,O00444,compound,protein,0
24857286,CPI,P49840,compound,protein,0
24872560,CPI,P36896,compound,protein,0
24872560,CPI,P29597,compound,protein,0
24951314,CPI,Q13164,compound,protein,0
24963252,CPI,P36507,compound,protein,1
24963293,CPI,P42336,compound,protein,0
24989044,CPI,P78334,compound,protein,0
24995524,CPI,O95819,compound,protein,1
24995524,CPI,P17948,compound,protein,1
24995524,CPI,P45984,compound,protein,1
24995524,CPI,P49760,compound,protein,1
24995524,CPI,P53778,compound,protein,1
24995524,CPI,Q13627,compound,protein,1
24995524,CPI,Q9HBH9,compound,protein,1
24995524,CPI,P14416,compound,protein,0
24995524,CPI,Q9BVS4,compound,protein,0
24995524,CPI,P11473,compound,protein,0
24995524,CPI,Q16637,compound,protein,0
24995524,CPI,P30556,compound,protein,0
24995524,CPI,P30530,compound,protein,0
24995524,CPI,Q9BX84,compound,protein,0
25015515,CPI,Q14680,compound,protein,0
25021165,CPI,O00519,compound,protein,1
25021165,CPI,P51160,compound,protein,0
25023738,CPI,P35354,compound,protein,0
25025298,CPI,P0DMS8,compound,protein,1
25025298,CPI,P33981,compound,protein,0
25031915,CPI,P11362,compound,protein,1
25031915,CPI,P17948,compound,protein,1
25031915,CPI,P20839,compound,protein,0
25033539,CPI,Q13698,compound,protein,0
25051,CPI,P42345,compound,protein,1
25051,CPI,P23280,compound,protein,0
25062766,CPI,P23458,compound,protein,1
25062766,CPI,Q14164,compound,protein,1
25062766,CPI,Q96PY6,compound,protein,1
25066467,CPI,O75460,compound,protein,1
25066467,CPI,P06493,compound,protein,1
25066467,CPI,Q16832,compound,protein,1
25066467,CPI,P20309,compound,protein,0
25066467,CPI,Q99808,compound,protein,0
25066467,CPI,Q13547,compound,protein,0
25066467,CPI,O43781,compound,protein,0
25066467,CPI,P39748,compound,protein,0
25102847,CPI,P30530,compound,protein,1
25102847,CPI,Q08499,compound,protein,1
25102847,CPI,Q13163,compound,protein,1
25102847,CPI,P07333,compound,protein,0
25109904,CPI,Q99759,compound,protein,0
25109910,CPI,Q9HBH9,compound,protein,0
25109985,CPI,P20309,compound,protein,0
25117126,CPI,P52333,compound,protein,1
25117126,CPI,Q16236,compound,protein,0
25117126,CPI,P08172,compound,protein,0
25117126,CPI,P34969,compound,protein,0
2512,CPI,P28335,compound,protein,1
2512,CPI,P23975,compound,protein,0
25124816,CPI,O75914,compound,protein,1
25124816,CPI,P45983,compound,protein,1
25124816,CPI,P48736,compound,protein,1
25124816,CPI,Q9HBH9,compound,protein,0
25126798,CPI,O14976,compound,protein,1
25126798,CPI,O43353,compound,protein,1
25126798,CPI,P00519,compound,protein,1
25126798,CPI,P14616,compound,protein,1
25126798,CPI,Q00535,compound,protein,1
25126798,CPI,Q06187,compound,protein,1
25126798,CPI,Q08345,compound,protein,1
25126798,CPI,Q14004,compound,protein,1
25126798,CPI,Q14164,compound,protein,1
25126798,CPI,Q14289,compound,protein,1
25126798,CPI,Q92918,compound,protein,1
25126798,CPI,Q9BX84,compound,protein,1
25126798,CPI,Q9Y2H1,compound,protein,1
25126798,CPI,O75874,compound,protein,0
25126798,CPI,P51449,compound,protein,0
25126798,CPI,P06276,compound,protein,0
25126798,CPI,P33261,compound,protein,0
25126798,CPI,P06401,compound,protein,0
25126798,CPI,P37288,compound,protein,0
25126798,CPI,P21731,compound,protein,0
25126798,CPI,P15121,compound,protein,0
25126798,CPI,O94782,compound,protein,0
25126798,CPI,P27338,compound,protein,0
25126798,CPI,P16499,compound,protein,0
25126798,CPI,P35218,compound,protein,0
25126798,CPI,Q99700,compound,protein,0
25126798,CPI,O15118,compound,protein,0
25126798,CPI,Q9BQI6,compound,protein,0
25126798,CPI,Q96RU7,compound,protein,0
25126798,CPI,Q96GJ1,compound,protein,0
25126798,CPI,Q9Y625,compound,protein,0
25126798,CPI,P60604,compound,protein,0
25126798,CPI,Q9BW11,compound,protein,0
25126798,CPI,Q9H1Y0,compound,protein,0
25126798,CPI,O95625,compound,protein,0
25126798,CPI,P46100,compound,protein,0
25134326,CPI,Q07912,compound,protein,1
25134326,CPI,Q8NE63,compound,protein,0
25154868,CPI,P30556,compound,protein,0
25161177,CPI,P37173,compound,protein,1
25161177,CPI,P54760,compound,protein,1
25161177,CPI,Q9NYL2,compound,protein,1
25180101,CPI,P23458,compound,protein,1
25182616,CPI,O15264,compound,protein,1
25182616,CPI,O75116,compound,protein,1
25182616,CPI,O95835,compound,protein,1
25182616,CPI,P00533,compound,protein,1
25182616,CPI,P42336,compound,protein,1
25182616,CPI,P42684,compound,protein,1
25182616,CPI,P49761,compound,protein,1
25182616,CPI,Q02763,compound,protein,1
25182616,CPI,Q08881,compound,protein,1
25182616,CPI,Q13557,compound,protein,1
25182616,CPI,Q16584,compound,protein,1
25182616,CPI,Q8IWQ3,compound,protein,1
25182616,CPI,Q96L34,compound,protein,1
25182616,CPI,Q9BXA7,compound,protein,1
25182616,CPI,Q9BZL6,compound,protein,1
25182616,CPI,Q9H1R3,compound,protein,1
25182616,CPI,Q9H4B4,compound,protein,1
25182616,CPI,P05177,compound,protein,0
25182616,CPI,P04150,compound,protein,0
25182616,CPI,Q9Y388,compound,protein,0
25182616,CPI,Q8WUX2,compound,protein,0
25182616,CPI,P56559,compound,protein,0
25182616,CPI,Q9BYE3,compound,protein,0
25182616,CPI,P35410,compound,protein,0
25182616,CPI,Q9Y639,compound,protein,0
25182616,CPI,Q8WVD5,compound,protein,0
25182616,CPI,Q9NXR1,compound,protein,0
25182616,CPI,Q96B77,compound,protein,0
25182616,CPI,Q9UPP2,compound,protein,0
25182616,CPI,Q70IA8,compound,protein,0
25182616,CPI,Q3SXZ7,compound,protein,0
25182616,CPI,P51572,compound,protein,0
25182616,CPI,P0C7H8,compound,protein,0
2519,CPI,P04150,compound,protein,1
2519,CPI,P51160,compound,protein,1
2519,CPI,Q9NP56,compound,protein,1
2519,CPI,P78527,compound,protein,0
2519,CPI,P42338,compound,protein,0
2519,CPI,Q92887,compound,protein,0
2519,CPI,P23443,compound,protein,0
2519,CPI,P06239,compound,protein,0
2519,CPI,O00444,compound,protein,0
25195294,CPI,O00238,compound,protein,1
25195294,CPI,P36894,compound,protein,1
25195294,CPI,P36897,compound,protein,1
2520,CPI,P33527,compound,protein,1
2520,CPI,P41595,compound,protein,1
2520,CPI,O15391,compound,protein,0
2520,CPI,Q9NRX4,compound,protein,0
25227436,CPI,Q16584,compound,protein,1
25227436,CPI,P32245,compound,protein,0
25227462,CPI,P11274,compound,protein,1
25227462,CPI,Q16512,compound,protein,1
25227462,CPI,O75747,compound,protein,0
25227462,CPI,O43318,compound,protein,0
25227462,CPI,P15428,compound,protein,0
25227462,CPI,Q13148,compound,protein,0
25227462,CPI,P32298,compound,protein,0
25243728,CPI,P30613,compound,protein,1
25243730,CPI,P10636,compound,protein,0
25243735,CPI,Q8IZS8,compound,protein,0
25243779,CPI,P30613,compound,protein,1
25243780,CPI,O95398,compound,protein,1
25243780,CPI,Q13873,compound,protein,0
25243794,CPI,P16234,compound,protein,0
25254071,CPI,P00519,compound,protein,1
2531,CPI,Q01959,compound,protein,0
25320895,CPI,P35968,compound,protein,0
2540,CPI,P04150,compound,protein,1
2540,CPI,P37231,compound,protein,1
2540,CPI,Q9H0K1,compound,protein,0
2540,CPI,Q01064,compound,protein,0
2540,CPI,P35498,compound,protein,0
2540,CPI,P22455,compound,protein,0
2541,CPI,P00533,compound,protein,1
2541,CPI,P24557,compound,protein,1
2541,CPI,Q9UBS5,compound,protein,1
2541,CPI,Q9NSY1,compound,protein,0
2541,CPI,P42681,compound,protein,0
2549,CPI,Q13148,compound,protein,1
2551,CPI,P0DMS8,compound,protein,1
2551,CPI,P21731,compound,protein,1
2551,CPI,P29274,compound,protein,1
2554,CPI,P28482,compound,protein,1
2554,CPI,Q9UQD0,compound,protein,1
2562,CPI,P15056,compound,protein,0
2562,CPI,P54764,compound,protein,0
2577,CPI,P10635,compound,protein,1
2577,CPI,Q13510,compound,protein,1
2578,CPI,P10828,compound,protein,1
25791508,CPI,P13866,compound,protein,1
2581,CPI,Q9NUW8,compound,protein,0
2581,CPI,Q8N568,compound,protein,0
2583,CPI,P25021,compound,protein,1
2583,CPI,P32238,compound,protein,1
2583,CPI,P35354,compound,protein,1
2583,CPI,Q06187,compound,protein,0
2583,CPI,P08684,compound,protein,0
2583,CPI,P37023,compound,protein,0
2583,CPI,Q99640,compound,protein,0
2585,CPI,Q08499,compound,protein,1
2585,CPI,Q14524,compound,protein,1
2585,CPI,P51946,compound,protein,0
2585,CPI,Q56UN5,compound,protein,0
25886838,CPI,O43172,compound,protein,0
259329,CPI,P11137,compound,protein,1
26757,CPI,P25929,compound,protein,1
26757,CPI,Q16637,compound,protein,0
26757,CPI,P00519,compound,protein,0
2678,CPI,P78417,compound,protein,0
2678,CPI,Q13885,compound,protein,0
2678,CPI,P29350,compound,protein,0
2678,CPI,O14733,compound,protein,0
2689,CPI,P51617,compound,protein,0
2690,CPI,O00329,compound,protein,1
2690,CPI,O75496,compound,protein,1
2690,CPI,P10828,compound,protein,1
2690,CPI,P51151,compound,protein,0
26937,CPI,P21554,compound,protein,1
26937,CPI,Q7KZI7,compound,protein,0
26937,CPI,Q86V86,compound,protein,0
26987,CPI,O75469,compound,protein,1
26987,CPI,P18089,compound,protein,1
26987,CPI,P21397,compound,protein,1
26987,CPI,P21728,compound,protein,1
26987,CPI,P31645,compound,protein,1
26987,CPI,Q5BJF2,compound,protein,1
26987,CPI,P16591,compound,protein,0
2703,CPI,P10636,compound,protein,1
2703,CPI,P54760,compound,protein,0
2713,CPI,P30518,compound,protein,1
2713,CPI,P31645,compound,protein,1
2713,CPI,Q01959,compound,protein,1
2713,CPI,Q99714,compound,protein,0
2713,CPI,P08173,compound,protein,0
2713,CPI,O15111,compound,protein,0
2713,CPI,P36888,compound,protein,0
2717,CPI,Q8NE63,compound,protein,0
2717,CPI,P50406,compound,protein,0
2717,CPI,P35968,compound,protein,0
2717,CPI,P19525,compound,protein,0
2719,CPI,P04150,compound,protein,1
2719,CPI,P23975,compound,protein,1
2719,CPI,P08684,compound,protein,0
2720,CPI,P00915,compound,protein,1
2720,CPI,P08913,compound,protein,1
2722,CPI,P43220,compound,protein,1
2722,CPI,Q9NUW8,compound,protein,1
2722,CPI,Q99549,compound,protein,0
2724,CPI,Q96QE3,compound,protein,1
2724385,CPI,P11229,compound,protein,1
2724385,CPI,P32245,compound,protein,1
2724385,CPI,P37231,compound,protein,1
2724385,CPI,P49798,compound,protein,1
2724385,CPI,Q6ZQN7,compound,protein,1
2724385,CPI,O15530,compound,protein,0
2724385,CPI,O75604,compound,protein,0
2725,CPI,P20309,compound,protein,1
2725,CPI,Q13557,compound,protein,0
2726,CPI,O15245,compound,protein,1
2726,CPI,O43193,compound,protein,1
2726,CPI,P21452,compound,protein,1
2726,CPI,P35372,compound,protein,1
2726,CPI,Q99640,compound,protein,0
2726,CPI,Q8TDC3,compound,protein,0
2726,CPI,P22455,compound,protein,0
2726,CPI,O75469,compound,protein,0
2726824,CPI,P43220,compound,protein,0
2726824,CPI,P33981,compound,protein,0
2727,CPI,O43193,compound,protein,1
2727,CPI,Q9UIF8,compound,protein,0
2732,CPI,P08588,compound,protein,1
2732,CPI,Q01959,compound,protein,1
2732,CPI,Q13621,compound,protein,1
2732,CPI,Q9ULX7,compound,protein,1
2732,CPI,P49798,compound,protein,0
2733,CPI,O75496,compound,protein,1
2733,CPI,P04150,compound,protein,1
2733,CPI,P18825,compound,protein,1
2733,CPI,P21554,compound,protein,1
2733,CPI,P21731,compound,protein,1
2733,CPI,P41968,compound,protein,1
2733,CPI,P49760,compound,protein,0
2733,CPI,P42680,compound,protein,0
2733,CPI,P25103,compound,protein,0
2733,CPI,P42681,compound,protein,0
2733526,CPI,Q05513,compound,protein,1
2733526,CPI,Q05655,compound,protein,1
2733526,CPI,P11229,compound,protein,1
2733526,CPI,P23219,compound,protein,1
2733526,CPI,Q16665,compound,protein,0
2733526,CPI,O14798,compound,protein,0
2733526,CPI,Q96MD2,compound,protein,0
273769,CPI,Q8TCC7,compound,protein,0
27400,CPI,P20309,compound,protein,1
27400,CPI,Q32MK0,compound,protein,0
2749,CPI,O15438,compound,protein,0
2750,CPI,P18089,compound,protein,1
2752,CPI,P41968,compound,protein,1
2752,CPI,Q08289,compound,protein,1
2753,CPI,P08684,compound,protein,1
2754,CPI,Q96KQ7,compound,protein,1
2754,CPI,Q14123,compound,protein,0
2756,CPI,P23975,compound,protein,1
2756,CPI,Q96KQ7,compound,protein,1
2756,CPI,P51955,compound,protein,0
2756,CPI,Q9UEW8,compound,protein,0
2756,CPI,P00352,compound,protein,0
2757788,CPI,P48729,compound,protein,0
2761,CPI,O60840,compound,protein,1
2762,CPI,P25929,compound,protein,1
2762,CPI,P41595,compound,protein,1
2762,CPI,P49841,compound,protein,0
2762,CPI,P49137,compound,protein,0
2763,CPI,O95342,compound,protein,0
2764,CPI,P08684,compound,protein,1
2764,CPI,P00519,compound,protein,0
2764,CPI,Q00535,compound,protein,0
2764,CPI,P16473,compound,protein,0
2764,CPI,P84022,compound,protein,0
27661,CPI,P08908,compound,protein,1
27661,CPI,P14416,compound,protein,1
27661,CPI,P35367,compound,protein,1
27661,CPI,P28482,compound,protein,0
27661,CPI,P04629,compound,protein,0
2769,CPI,P28223,compound,protein,1
2769,CPI,P46098,compound,protein,1
2769,CPI,Q16513,compound,protein,0
2771,CPI,Q8TDS4,compound,protein,1
2771,CPI,Q96KQ7,compound,protein,1
2771,CPI,Q00535,compound,protein,0
2771,CPI,P29323,compound,protein,0
2780,CPI,P28223,compound,protein,1
2787,CPI,P37231,compound,protein,1
2788,CPI,P35462,compound,protein,1
2788,CPI,P41145,compound,protein,1
2788,CPI,Q08499,compound,protein,1
2796,CPI,P25021,compound,protein,1
2796,CPI,O15439,compound,protein,0
2796,CPI,Q86Z02,compound,protein,0
2797,CPI,O94768,compound,protein,0
2797577,CPI,P78362,compound,protein,1
2799,CPI,Q15759,compound,protein,0
2801,CPI,P28223,compound,protein,1
2801,CPI,Q9NR20,compound,protein,0
2801,CPI,P49760,compound,protein,0
2802,CPI,P18507,compound,protein,1
2802,CPI,P21554,compound,protein,1
2802,CPI,P43681,compound,protein,1
2802,CPI,Q99759,compound,protein,0
2802,CPI,O15264,compound,protein,0
2803,CPI,Q9P1W9,compound,protein,0
2803185,CPI,Q13464,compound,protein,0
2812,CPI,O43193,compound,protein,1
2812,CPI,P02545,compound,protein,1
2812,CPI,P31645,compound,protein,1
2812,CPI,Q9UNU6,compound,protein,1
2812,CPI,P15056,compound,protein,0
2812,CPI,Q5S007,compound,protein,0
2812,CPI,P45984,compound,protein,0
2817045,CPI,Q06187,compound,protein,0
2817242,CPI,Q8N4C8,compound,protein,0
2819095,CPI,O43521,compound,protein,0
2833,CPI,O75874,compound,protein,1
2833,CPI,Q03164,compound,protein,1
2833,CPI,P27448,compound,protein,0
28417,CPI,P08908,compound,protein,1
28417,CPI,P21731,compound,protein,1
28417,CPI,P32245,compound,protein,1
28417,CPI,P41968,compound,protein,1
2850171,CPI,O75496,compound,protein,1
2857183,CPI,Q14432,compound,protein,0
2861757,CPI,P26358,compound,protein,1
28693,CPI,P28222,compound,protein,1
28693,CPI,O96013,compound,protein,0
2876959,CPI,O15118,compound,protein,1
2878586,CPI,Q9Y6K1,compound,protein,1
2882,CPI,P07900,compound,protein,1
2882,CPI,P25815,compound,protein,1
28871,CPI,P23219,compound,protein,1
2893,CPI,P21554,compound,protein,1
2893,CPI,P27695,compound,protein,0
2893,CPI,Q16584,compound,protein,0
2895,CPI,P08172,compound,protein,1
2895,CPI,P36888,compound,protein,0
2895,CPI,P09619,compound,protein,0
2905,CPI,O75469,compound,protein,1
2905,CPI,P08908,compound,protein,1
2905,CPI,P0DMS8,compound,protein,1
2905,CPI,P41145,compound,protein,1
2905,CPI,Q96L34,compound,protein,0
2905,CPI,Q02763,compound,protein,0
2905,CPI,Q9H3Y6,compound,protein,0
2907,CPI,P46734,compound,protein,0
2907,CPI,P37231,compound,protein,0
2907,CPI,Q9BUB5,compound,protein,0
2907,CPI,O43293,compound,protein,0
2910,CPI,P49798,compound,protein,1
2910,CPI,P33261,compound,protein,0
2913,CPI,P21728,compound,protein,1
2914104,CPI,P84022,compound,protein,1
2930014,CPI,P78356,compound,protein,0
2941,CPI,P22694,compound,protein,0
2946601,CPI,O95271,compound,protein,1
2949,CPI,P32238,compound,protein,0
2953683,CPI,P15735,compound,protein,0
2955,CPI,O75469,compound,protein,1
2955,CPI,Q01959,compound,protein,1
2955,CPI,Q16637,compound,protein,0
2955,CPI,P17252,compound,protein,0
2955,CPI,P16050,compound,protein,0
2966,CPI,Q13164,compound,protein,0
2977478,CPI,P36888,compound,protein,0
298,CPI,Q13464,compound,protein,0
2980973,CPI,Q16548,compound,protein,1
2980973,CPI,P51151,compound,protein,0
299,CPI,P07900,compound,protein,1
2990,CPI,Q96KQ7,compound,protein,1
29985980,CPI,Q15418,compound,protein,0
3000322,CPI,P21554,compound,protein,1
3000322,CPI,P28223,compound,protein,1
3000322,CPI,P49137,compound,protein,0
3000322,CPI,P02545,compound,protein,0
3000322,CPI,Q16539,compound,protein,0
3000322,CPI,P51812,compound,protein,0
3000540,CPI,P06401,compound,protein,1
3000540,CPI,P07550,compound,protein,1
3000540,CPI,P18825,compound,protein,1
3000540,CPI,P21917,compound,protein,0
3000540,CPI,O75496,compound,protein,0
3000540,CPI,P84022,compound,protein,0
3006531,CPI,P36507,compound,protein,1
3006531,CPI,P06746,compound,protein,0
3009,CPI,O15439,compound,protein,0
3019,CPI,P32238,compound,protein,1
3019,CPI,P41145,compound,protein,1
3019,CPI,P07947,compound,protein,0
3019,CPI,Q96GD4,compound,protein,0
3025,CPI,P08588,compound,protein,1
3025,CPI,Q12809,compound,protein,1
3025,CPI,Q99714,compound,protein,0
3025945,CPI,O95398,compound,protein,1
3025961,CPI,Q99700,compound,protein,1
3025961,CPI,P35462,compound,protein,0
3025961,CPI,Q16665,compound,protein,0
3025986,CPI,O00750,compound,protein,1
3025986,CPI,P30291,compound,protein,1
3025986,CPI,P42685,compound,protein,1
3025986,CPI,P51451,compound,protein,1
3025986,CPI,P51946,compound,protein,1
3025986,CPI,P53671,compound,protein,1
3025986,CPI,Q86YV6,compound,protein,1
3025986,CPI,Q9BRS2,compound,protein,1
3025986,CPI,Q9BVS4,compound,protein,1
3025986,CPI,Q9H3Y6,compound,protein,1
3025986,CPI,Q9UL54,compound,protein,1
3025986,CPI,P37288,compound,protein,0
3025986,CPI,P10828,compound,protein,0
3025986,CPI,P41145,compound,protein,0
3025986,CPI,P14416,compound,protein,0
3025986,CPI,P08172,compound,protein,0
3025986,CPI,P23219,compound,protein,0
3025986,CPI,P28221,compound,protein,0
3025986,CPI,P41968,compound,protein,0
3025986,CPI,Q92766,compound,protein,0
3025986,CPI,Q658P3,compound,protein,0
3025986,CPI,P16402,compound,protein,0
3025986,CPI,Q5BJD5,compound,protein,0
3025986,CPI,Q96IJ6,compound,protein,0
3025986,CPI,O77932,compound,protein,0
3025986,CPI,Q08AN1,compound,protein,0
3025986,CPI,Q86UT6,compound,protein,0
3025986,CPI,P26678,compound,protein,0
3025986,CPI,Q9BPZ2,compound,protein,0
3025986,CPI,Q5H9U9,compound,protein,0
3025986,CPI,Q8TC99,compound,protein,0
3025986,CPI,P18065,compound,protein,0
3025986,CPI,Q9Y282,compound,protein,0
3025986,CPI,P31431,compound,protein,0
3025986,CPI,Q86T20,compound,protein,0
3025986,CPI,Q9BTP6,compound,protein,0
30322,CPI,P07948,compound,protein,0
30323,CPI,Q9NUW8,compound,protein,1
3033,CPI,P20309,compound,protein,1
3033,CPI,P41595,compound,protein,1
3033,CPI,P07900,compound,protein,0
3033769,CPI,Q13976,compound,protein,0
3034010,CPI,Q9Y4D2,compound,protein,1
3034010,CPI,Q92887,compound,protein,0
3034034,CPI,O15554,compound,protein,1
3034034,CPI,O15438,compound,protein,0
3035026,CPI,Q12908,compound,protein,1
3037,CPI,O15245,compound,protein,1
3037,CPI,Q16288,compound,protein,0
3038,CPI,P02545,compound,protein,1
3038,CPI,P35218,compound,protein,1
3038,CPI,Q01959,compound,protein,1
3038,CPI,P37173,compound,protein,0
3038495,CPI,O15296,compound,protein,1
3038495,CPI,P08913,compound,protein,1
3038495,CPI,P14416,compound,protein,1
3038522,CPI,O75582,compound,protein,1
3038522,CPI,O95747,compound,protein,1
3038522,CPI,P11362,compound,protein,1
3038522,CPI,P51817,compound,protein,1
3038522,CPI,Q13464,compound,protein,1
3038522,CPI,Q13882,compound,protein,1
3038522,CPI,Q15139,compound,protein,1
3038522,CPI,Q6XUX3,compound,protein,1
3038522,CPI,Q86Z02,compound,protein,1
3038522,CPI,Q8NE63,compound,protein,1
3038522,CPI,Q9BX84,compound,protein,1
3038522,CPI,Q9P0L2,compound,protein,1
3038522,CPI,Q9UPE1,compound,protein,1
3038522,CPI,Q9Y6E0,compound,protein,1
3038522,CPI,Q06432,compound,protein,0
3038522,CPI,P07202,compound,protein,0
3038522,CPI,P54709,compound,protein,0
3038522,CPI,P52209,compound,protein,0
3038522,CPI,P12821,compound,protein,0
3038522,CPI,P28702,compound,protein,0
3038522,CPI,Q96PF2,compound,protein,0
3038522,CPI,Q8WZA2,compound,protein,0
3038522,CPI,O75469,compound,protein,0
3038522,CPI,Q9UQD0,compound,protein,0
3038522,CPI,Q02127,compound,protein,0
3038522,CPI,P54750,compound,protein,0
3038522,CPI,Q14654,compound,protein,0
3038522,CPI,O94956,compound,protein,0
3038522,CPI,P40763,compound,protein,0
3038522,CPI,Q00987,compound,protein,0
3038522,CPI,Q9HCN6,compound,protein,0
3038525,CPI,O14733,compound,protein,1
3038525,CPI,P08631,compound,protein,1
3038525,CPI,P35590,compound,protein,1
3038525,CPI,P37023,compound,protein,1
3038525,CPI,P42681,compound,protein,1
3038525,CPI,P43403,compound,protein,1
3038525,CPI,P68400,compound,protein,1
3038525,CPI,Q00536,compound,protein,1
3038525,CPI,Q00537,compound,protein,1
3038525,CPI,Q07912,compound,protein,1
3038525,CPI,Q13237,compound,protein,1
3038525,CPI,Q14012,compound,protein,1
3038525,CPI,Q7L7X3,compound,protein,1
3038525,CPI,Q8IY84,compound,protein,1
3038525,CPI,Q8TBX8,compound,protein,1
3038525,CPI,Q8TD19,compound,protein,1
3038525,CPI,Q9BXA7,compound,protein,1
3038525,CPI,Q9H2K8,compound,protein,1
3038525,CPI,Q9HBY8,compound,protein,1
3038525,CPI,Q9UEE5,compound,protein,1
3038525,CPI,P10636,compound,protein,0
3038525,CPI,P17252,compound,protein,0
3038525,CPI,Q16236,compound,protein,0
3038525,CPI,P14867,compound,protein,0
3038525,CPI,P20309,compound,protein,0
3038525,CPI,Q9NUW8,compound,protein,0
3038525,CPI,P51449,compound,protein,0
3038525,CPI,P10275,compound,protein,0
3038525,CPI,Q13148,compound,protein,0
3038525,CPI,P04637,compound,protein,0
3038525,CPI,Q12950,compound,protein,0
3038525,CPI,Q92841,compound,protein,0
3038525,CPI,O94827,compound,protein,0
3038525,CPI,O96011,compound,protein,0
3038525,CPI,Q8NFQ8,compound,protein,0
3038525,CPI,Q13972,compound,protein,0
3038525,CPI,Q99944,compound,protein,0
3038525,CPI,P01583,compound,protein,0
3038525,CPI,Q9NVX7,compound,protein,0
3038525,CPI,O75153,compound,protein,0
3038525,CPI,Q8NH61,compound,protein,0
3038525,CPI,Q8NG98,compound,protein,0
3038525,CPI,Q86XP0,compound,protein,0
3038525,CPI,Q3LI81,compound,protein,0
3038525,CPI,Q6IF99,compound,protein,0
3038525,CPI,P24863,compound,protein,0
3039,CPI,P37231,compound,protein,1
3039,CPI,Q05513,compound,protein,0
3042,CPI,P10635,compound,protein,1
3042,CPI,P35462,compound,protein,1
3052,CPI,P09917,compound,protein,1
3052776,CPI,P27338,compound,protein,1
3052776,CPI,P50406,compound,protein,1
3053,CPI,P54132,compound,protein,1
3053,CPI,P00533,compound,protein,0
3053,CPI,Q06710,compound,protein,0
3055,CPI,P20309,compound,protein,1
3059,CPI,O75604,compound,protein,1
3059,CPI,P07550,compound,protein,1
3059,CPI,P41595,compound,protein,1
3059,CPI,Q92847,compound,protein,1
3059,CPI,P45984,compound,protein,0
3074,CPI,P08172,compound,protein,1
3074,CPI,P21397,compound,protein,1
3074,CPI,P41145,compound,protein,1
3078519,CPI,O15530,compound,protein,1
3078519,CPI,P24941,compound,protein,1
3078519,CPI,Q04759,compound,protein,1
3078519,CPI,Q06187,compound,protein,1
3078519,CPI,Q9H0K1,compound,protein,1
3078519,CPI,Q01453,compound,protein,0
3083928,CPI,Q8N1Q1,compound,protein,1
3085416,CPI,Q03431,compound,protein,0
3085416,CPI,Q96QE3,compound,protein,0
3085416,CPI,Q9UNQ0,compound,protein,0
30951,CPI,P35354,compound,protein,1
3101,CPI,Q96PH1,compound,protein,1
3105,CPI,Q9HC16,compound,protein,0
31072,CPI,P08908,compound,protein,1
31072,CPI,Q96QE3,compound,protein,0
31072,CPI,Q09013,compound,protein,0
31072,CPI,O60674,compound,protein,0
31072,CPI,P51617,compound,protein,0
3108,CPI,P27815,compound,protein,1
3108,CPI,Q8IY84,compound,protein,0
31101,CPI,P23219,compound,protein,1
31101,CPI,Q08499,compound,protein,1
3114,CPI,Q14432,compound,protein,1
3114,CPI,O15439,compound,protein,0
3114,CPI,P83916,compound,protein,0
3117,CPI,P68400,compound,protein,0
3117,CPI,Q16832,compound,protein,0
3117,CPI,Q16584,compound,protein,0
3117,CPI,P32238,compound,protein,0
3117,CPI,P00519,compound,protein,0
3121,CPI,P18089,compound,protein,1
3121,CPI,P21728,compound,protein,1
3121,CPI,P25021,compound,protein,1
3121,CPI,P51649,compound,protein,1
3121,CPI,Q99250,compound,protein,1
3121,CPI,Q9UQL6,compound,protein,0
3121,CPI,P43354,compound,protein,0
3121,CPI,P16499,compound,protein,0
312145,CPI,P27986,compound,protein,1
312145,CPI,Q8NEB9,compound,protein,1
312145,CPI,P14324,compound,protein,0
312145,CPI,P55157,compound,protein,0
31307,CPI,O75496,compound,protein,1
31307,CPI,P84022,compound,protein,1
31307,CPI,Q14832,compound,protein,0
3132,CPI,P35462,compound,protein,0
3136666,CPI,Q15743,compound,protein,1
3136666,CPI,P54764,compound,protein,0
31404,CPI,Q16637,compound,protein,1
3151,CPI,P18825,compound,protein,1
3151,CPI,P19838,compound,protein,1
3151,CPI,P28335,compound,protein,1
3151,CPI,Q56UN5,compound,protein,0
3151,CPI,O75460,compound,protein,0
3157,CPI,P21917,compound,protein,1
3157,CPI,Q01959,compound,protein,1
3157,CPI,Q9Y5N1,compound,protein,1
3157,CPI,O15438,compound,protein,0
3157,CPI,Q16512,compound,protein,0
3157,CPI,P36888,compound,protein,0
3157,CPI,Q16566,compound,protein,0
3166,CPI,P11229,compound,protein,1
3166,CPI,Q9Y6R4,compound,protein,0
3168,CPI,Q13188,compound,protein,0
3168,CPI,Q86V86,compound,protein,0
31729,CPI,Q9H2S1,compound,protein,1
31729,CPI,P27695,compound,protein,0
31729,CPI,Q9H0K1,compound,protein,0
3177,CPI,P30874,compound,protein,0
3180,CPI,P05177,compound,protein,1
3180,CPI,P22303,compound,protein,1
3180,CPI,P35462,compound,protein,1
3180,CPI,Q96KQ7,compound,protein,1
3180,CPI,P21709,compound,protein,0
3180,CPI,Q96NX5,compound,protein,0
3180,CPI,Q8IW41,compound,protein,0
3180,CPI,P51817,compound,protein,0
3180,CPI,O75676,compound,protein,0
3182,CPI,Q5S007,compound,protein,0
3198,CPI,P07550,compound,protein,1
3198,CPI,P25021,compound,protein,1
3198,CPI,P30411,compound,protein,1
3198,CPI,P35462,compound,protein,1
3198,CPI,P08922,compound,protein,0
3198,CPI,Q9P289,compound,protein,0
3198,CPI,Q7KZI7,compound,protein,0
3198,CPI,P54753,compound,protein,0
3198,CPI,Q8TBX8,compound,protein,0
3220,CPI,P08514,compound,protein,0
3220,CPI,P49768,compound,protein,0
3226,CPI,O00591,compound,protein,1
3226,CPI,O14983,compound,protein,1
3226,CPI,O60359,compound,protein,1
3226,CPI,P31644,compound,protein,1
3226,CPI,P54284,compound,protein,1
3226,CPI,Q8IZS8,compound,protein,1
3226,CPI,Q8TCU5,compound,protein,1
3226,CPI,Q92630,compound,protein,0
3226,CPI,Q9HCP0,compound,protein,0
3226,CPI,Q6DT37,compound,protein,0
3229,CPI,P21731,compound,protein,1
3229,CPI,P41145,compound,protein,1
3229,CPI,Q9UBE8,compound,protein,0
3229,CPI,Q9Y4K4,compound,protein,0
3229,CPI,P31749,compound,protein,0
323,CPI,P02545,compound,protein,1
323,CPI,Q16790,compound,protein,1
323,CPI,P04406,compound,protein,0
3234028,CPI,Q9NR56,compound,protein,0
3234028,CPI,Q6ZN16,compound,protein,0
3234345,CPI,Q96QE3,compound,protein,1
3234998,CPI,P08684,compound,protein,1
3234998,CPI,P10635,compound,protein,1
3234998,CPI,Q9HAZ1,compound,protein,1
3235166,CPI,Q13131,compound,protein,0
3235429,CPI,Q9HAZ1,compound,protein,1
3235429,CPI,Q9NUW8,compound,protein,1
3235429,CPI,P32245,compound,protein,0
3235429,CPI,P25021,compound,protein,0
3237327,CPI,P10275,compound,protein,0
3238389,CPI,P35398,compound,protein,1
3238417,CPI,O75030,compound,protein,1
3238551,CPI,O60939,compound,protein,0
3238944,CPI,P51452,compound,protein,1
3238944,CPI,Q13976,compound,protein,0
3242,CPI,O60503,compound,protein,0
3243760,CPI,P51957,compound,protein,0
3250,CPI,P37023,compound,protein,0
3277599,CPI,P41143,compound,protein,1
3278,CPI,P18089,compound,protein,1
3278,CPI,P23975,compound,protein,1
3278,CPI,P30518,compound,protein,1
3278,CPI,P43681,compound,protein,1
3278,CPI,Q9H3Y6,compound,protein,0
3278,CPI,Q16637,compound,protein,0
3278392,CPI,O00238,compound,protein,0
32798,CPI,P08235,compound,protein,1
32798,CPI,P20815,compound,protein,1
3280,CPI,P43220,compound,protein,1
3280,CPI,Q16637,compound,protein,1
32875,CPI,O95398,compound,protein,0
32875,CPI,P29322,compound,protein,0
32875,CPI,P50750,compound,protein,0
3290,CPI,P57059,compound,protein,0
3290,CPI,O60285,compound,protein,0
3291,CPI,P21731,compound,protein,1
3291,CPI,Q9NYY3,compound,protein,0
3293,CPI,Q96KQ7,compound,protein,1
3307,CPI,P25105,compound,protein,1
3325,CPI,P28335,compound,protein,1
3325,CPI,P31645,compound,protein,1
3325,CPI,Q9ULX7,compound,protein,1
3325,CPI,Q13188,compound,protein,0
3325,CPI,P28482,compound,protein,0
3325,CPI,P11362,compound,protein,0
3331,CPI,P08172,compound,protein,1
3331,CPI,P31645,compound,protein,1
3331,CPI,Q16637,compound,protein,1
3331,CPI,Q99808,compound,protein,1
3331,CPI,Q02779,compound,protein,0
3331,CPI,O60658,compound,protein,0
3332,CPI,P07711,compound,protein,1
3332,CPI,Q92887,compound,protein,0
3333,CPI,P21728,compound,protein,1
3333,CPI,Q13936,compound,protein,1
3335,CPI,P42574,compound,protein,1
3335,CPI,P51878,compound,protein,1
3335,CPI,P21709,compound,protein,0
3336,CPI,P50750,compound,protein,0
3341,CPI,P23975,compound,protein,1
3341,CPI,Q9P1W9,compound,protein,0
3341,CPI,P32298,compound,protein,0
3342390,CPI,P84022,compound,protein,1
3343,CPI,P08581,compound,protein,0
3343,CPI,P11309,compound,protein,0
3346,CPI,P10828,compound,protein,1
3346,CPI,O75899,compound,protein,0
3348,CPI,P02545,compound,protein,1
3348,CPI,P08913,compound,protein,1
3348,CPI,P21397,compound,protein,1
3348,CPI,Q12809,compound,protein,1
3348,CPI,Q13526,compound,protein,1
3348,CPI,Q06278,compound,protein,0
3356,CPI,P41145,compound,protein,1
3356,CPI,Q09470,compound,protein,0
33613,CPI,P21917,compound,protein,1
33613,CPI,P27695,compound,protein,1
33613,CPI,Q16512,compound,protein,0
33613,CPI,Q04759,compound,protein,0
33613,CPI,O14936,compound,protein,0
33624,CPI,P13945,compound,protein,1
3363,CPI,P04818,compound,protein,1
3363,CPI,P30291,compound,protein,0
33630,CPI,P21728,compound,protein,1
33630,CPI,Q6ZN16,compound,protein,0
33630,CPI,P11309,compound,protein,0
3365,CPI,P08908,compound,protein,1
3365,CPI,P28223,compound,protein,1
3365,CPI,P33261,compound,protein,1
3365,CPI,O60285,compound,protein,0
3365,CPI,Q9Y6E0,compound,protein,0
3365,CPI,P19793,compound,protein,0
3366,CPI,P07550,compound,protein,1
3366,CPI,P29274,compound,protein,1
3371,CPI,P28223,compound,protein,1
3371,CPI,P52895,compound,protein,1
3371,CPI,P17861,compound,protein,0
3372,CPI,P06241,compound,protein,1
3372,CPI,P35367,compound,protein,1
3372,CPI,Q9Y5N1,compound,protein,1
33741,CPI,Q13464,compound,protein,0
338,CPI,P32929,compound,protein,0
3385,CPI,P10636,compound,protein,1
3385,CPI,P39748,compound,protein,1
3386,CPI,P08173,compound,protein,1
3386,CPI,P08588,compound,protein,1
3386,CPI,P08913,compound,protein,1
3386,CPI,P21917,compound,protein,1
3386,CPI,P41145,compound,protein,1
3386,CPI,O43293,compound,protein,0
3392161,CPI,Q9NUW8,compound,protein,1
3394,CPI,P18825,compound,protein,1
3394,CPI,P35462,compound,protein,1
3394,CPI,Q92847,compound,protein,1
3394,CPI,P02768,compound,protein,0
3394,CPI,Q6DT37,compound,protein,0
3394,CPI,P29320,compound,protein,0
3394,CPI,P27361,compound,protein,0
3394,CPI,P51955,compound,protein,0
3396,CPI,P02545,compound,protein,1
3396,CPI,P18825,compound,protein,1
3396,CPI,P30556,compound,protein,1
3396,CPI,P35354,compound,protein,1
3396,CPI,P35372,compound,protein,1
3396,CPI,P42680,compound,protein,0
3396,CPI,Q14004,compound,protein,0
3397,CPI,P30556,compound,protein,1
3397,CPI,P41145,compound,protein,1
3397,CPI,Q99808,compound,protein,1
3397,CPI,Q8NEV4,compound,protein,0
3397945,CPI,P10636,compound,protein,1
34040,CPI,P35372,compound,protein,1
3406,CPI,P25021,compound,protein,1
3406,CPI,P37288,compound,protein,1
3406,CPI,P04637,compound,protein,0
3413,CPI,P40145,compound,protein,1
3413,CPI,Q8NFM4,compound,protein,1
3413,CPI,Q9NPA1,compound,protein,1
3413,CPI,Q9NUW8,compound,protein,0
3423,CPI,Q8TDR2,compound,protein,0
3426979,CPI,Q96QE3,compound,protein,1
34312,CPI,Q99571,compound,protein,1
34312,CPI,Q9NY46,compound,protein,1
34312,CPI,P13945,compound,protein,0
34359,CPI,Q16637,compound,protein,1
3440,CPI,P31749,compound,protein,0
3446,CPI,P54289,compound,protein,1
3446,CPI,P83916,compound,protein,0
3447,CPI,Q8TDX7,compound,protein,0
3447,CPI,O15118,compound,protein,0
3448,CPI,P04626,compound,protein,0
3450,CPI,P41595,compound,protein,1
3450,CPI,P43681,compound,protein,1
3450,CPI,Q12809,compound,protein,1
3450,CPI,Q13510,compound,protein,0
3450,CPI,P61927,compound,protein,0
3454,CPI,P02545,compound,protein,1
3455,CPI,P40225,compound,protein,1
3455,CPI,Q01959,compound,protein,1
3456,CPI,P50750,compound,protein,0
3463,CPI,P23975,compound,protein,1
3467177,CPI,P08684,compound,protein,1
3467177,CPI,P53667,compound,protein,0
3467590,CPI,Q8N5S9,compound,protein,1
3474,CPI,P13569,compound,protein,1
3475,CPI,P43681,compound,protein,1
3476,CPI,O75460,compound,protein,0
3476986,CPI,P49798,compound,protein,1
3478,CPI,P08913,compound,protein,1
3478,CPI,P21728,compound,protein,1
3478,CPI,P37231,compound,protein,1
3478,CPI,Q9Y5N1,compound,protein,1
3478,CPI,O15439,compound,protein,0
3478,CPI,P48147,compound,protein,0
3478,CPI,O00750,compound,protein,0
34781,CPI,O60341,compound,protein,1
3478439,CPI,P35968,compound,protein,0
3488,CPI,P18089,compound,protein,1
3488,CPI,P43681,compound,protein,1
3488,CPI,Q96D53,compound,protein,0
3488,CPI,P10275,compound,protein,0
3503,CPI,P10415,compound,protein,1
3503,CPI,Q03181,compound,protein,1
3503,CPI,Q92830,compound,protein,1
3503,CPI,Q16850,compound,protein,0
3503,CPI,Q32MK0,compound,protein,0
3503,CPI,Q9BY41,compound,protein,0
3505,CPI,P41145,compound,protein,1
3505,CPI,Q5VT25,compound,protein,0
3510,CPI,O43193,compound,protein,1
3510,CPI,P40225,compound,protein,0
3516,CPI,O15399,compound,protein,1
3516,CPI,P41145,compound,protein,1
3516,CPI,P43681,compound,protein,1
3516,CPI,O95398,compound,protein,0
3516,CPI,O96017,compound,protein,0
3516,CPI,Q92830,compound,protein,0
3516,CPI,Q92918,compound,protein,0
3516032,CPI,P00352,compound,protein,1
3516032,CPI,Q9UKV0,compound,protein,1
3516032,CPI,Q9UNA4,compound,protein,1
3517,CPI,P23975,compound,protein,1
3517,CPI,P35968,compound,protein,1
3517,CPI,Q01959,compound,protein,1
3517,CPI,Q14432,compound,protein,1
3517,CPI,Q9Y2I1,compound,protein,1
3517,CPI,Q86U44,compound,protein,0
3517,CPI,P32754,compound,protein,0
3519,CPI,P08913,compound,protein,1
3519,CPI,P11712,compound,protein,1
3519,CPI,Q99714,compound,protein,1
3532,CPI,Q9UNA4,compound,protein,0
35370,CPI,O43193,compound,protein,1
35370,CPI,P28223,compound,protein,1
35370,CPI,P35916,compound,protein,0
353825,CPI,Q9BQI3,compound,protein,0
3544,CPI,P19838,compound,protein,1
3544,CPI,P41145,compound,protein,0
3547,CPI,O15530,compound,protein,1
3547,CPI,P11229,compound,protein,1
3547,CPI,P24941,compound,protein,1
3547,CPI,P34947,compound,protein,1
3547,CPI,P35968,compound,protein,1
3547,CPI,P52333,compound,protein,1
3547,CPI,P84022,compound,protein,1
3547,CPI,Q06418,compound,protein,1
3547,CPI,Q13153,compound,protein,1
3547,CPI,Q13627,compound,protein,1
3547,CPI,Q16288,compound,protein,1
3547,CPI,Q5S007,compound,protein,1
3547,CPI,Q8IU85,compound,protein,1
3547,CPI,P43403,compound,protein,0
3547,CPI,P19525,compound,protein,0
3547,CPI,P37023,compound,protein,0
3547,CPI,P39748,compound,protein,0
3547,CPI,P33261,compound,protein,0
3549,CPI,P51812,compound,protein,0
3559,CPI,O95069,compound,protein,1
3559,CPI,P21918,compound,protein,1
3559,CPI,P27695,compound,protein,1
3559,CPI,O15439,compound,protein,0
3559,CPI,P14416,compound,protein,0
3559,CPI,Q12852,compound,protein,0
3559,CPI,Q9NSY1,compound,protein,0
3559,CPI,Q13131,compound,protein,0
3561,CPI,P08913,compound,protein,1
3561,CPI,O75676,compound,protein,0
3561,CPI,Q9HCP0,compound,protein,0
3561,CPI,O14578,compound,protein,0
35802,CPI,P34969,compound,protein,0
3598,CPI,P27361,compound,protein,1
3598,CPI,P41595,compound,protein,1
3598,CPI,P84022,compound,protein,1
3598,CPI,Q96KQ7,compound,protein,1
3598,CPI,P20309,compound,protein,0
3604,CPI,P43681,compound,protein,1
3604,CPI,O75475,compound,protein,0
3607,CPI,P23280,compound,protein,0
3611,CPI,Q9HBH9,compound,protein,0
361510,CPI,P41240,compound,protein,0
362328,CPI,P05177,compound,protein,1
362328,CPI,P29597,compound,protein,0
3627,CPI,Q9NUW8,compound,protein,1
36314,CPI,P00533,compound,protein,1
36314,CPI,P10415,compound,protein,1
36314,CPI,P41595,compound,protein,1
36314,CPI,Q07869,compound,protein,0
3634,CPI,Q96KQ7,compound,protein,1
3640,CPI,Q16236,compound,protein,1
3640,CPI,Q96RJ0,compound,protein,0
3641059,CPI,P43403,compound,protein,1
3645619,CPI,Q96QE3,compound,protein,1
3645619,CPI,P08588,compound,protein,0
36462,CPI,P27169,compound,protein,0
36462,CPI,P31751,compound,protein,0
3647,CPI,O75469,compound,protein,1
3647,CPI,P25929,compound,protein,1
3647,CPI,P41145,compound,protein,1
3647,CPI,Q16637,compound,protein,1
3647,CPI,Q9BZL6,compound,protein,0
3647,CPI,P29597,compound,protein,0
3647,CPI,Q14289,compound,protein,0
3651377,CPI,Q2M385,compound,protein,1
3652,CPI,P08913,compound,protein,1
3652,CPI,P25100,compound,protein,1
3652,CPI,P41968,compound,protein,1
3652,CPI,Q92847,compound,protein,1
3652,CPI,Q9NYK1,compound,protein,1
3652,CPI,P49841,compound,protein,0
3652,CPI,P34969,compound,protein,0
3655,CPI,P22303,compound,protein,1
3658,CPI,P21554,compound,protein,1
3658,CPI,Q8TDS4,compound,protein,1
3658,CPI,Q9Y2U5,compound,protein,0
3658,CPI,P08069,compound,protein,0
3661,CPI,P11229,compound,protein,1
3661,CPI,P43681,compound,protein,1
3671,CPI,Q13148,compound,protein,1
3671,CPI,Q8NI60,compound,protein,0
3675,CPI,P11712,compound,protein,1
3675,CPI,P37840,compound,protein,0
3675,CPI,Q9UM73,compound,protein,0
3676,CPI,Q08499,compound,protein,1
3676,CPI,O14649,compound,protein,0
3676,CPI,O43318,compound,protein,0
3676,CPI,P50613,compound,protein,0
3676,CPI,Q99755,compound,protein,0
3676,CPI,P24941,compound,protein,0
3677,CPI,Q86V86,compound,protein,0
3677,CPI,P06239,compound,protein,0
3677,CPI,P30518,compound,protein,0
36811,CPI,P06241,compound,protein,1
36811,CPI,P35218,compound,protein,1
36811,CPI,O43318,compound,protein,0
36811,CPI,Q9UPE1,compound,protein,0
36811,CPI,P19784,compound,protein,0
36811,CPI,Q96D53,compound,protein,0
3682,CPI,P30613,compound,protein,0
3686,CPI,O43193,compound,protein,1
3686,CPI,P14416,compound,protein,1
3686,CPI,P45985,compound,protein,0
3686,CPI,P49841,compound,protein,0
3686,CPI,O14730,compound,protein,0
3686,CPI,Q96D53,compound,protein,0
3689,CPI,P35367,compound,protein,1
3689413,CPI,Q9NUW8,compound,protein,1
3689416,CPI,O75874,compound,protein,1
3689416,CPI,P17948,compound,protein,0
36906,CPI,Q99808,compound,protein,0
3696,CPI,P05177,compound,protein,1
3696,CPI,P25021,compound,protein,1
3696,CPI,P47898,compound,protein,1
3696,CPI,Q99549,compound,protein,0
3696,CPI,Q9UBN7,compound,protein,0
3696,CPI,Q15078,compound,protein,0
3696,CPI,P20813,compound,protein,0
3696,CPI,Q16445,compound,protein,0
3696,CPI,P42684,compound,protein,0
3698,CPI,Q99714,compound,protein,1
3698,CPI,Q9NRH2,compound,protein,0
370,CPI,P00918,compound,protein,1
370,CPI,P78368,compound,protein,0
3702,CPI,P08908,compound,protein,1
3702,CPI,P21397,compound,protein,1
3702,CPI,P41595,compound,protein,1
3702,CPI,Q9ULX7,compound,protein,1
3702,CPI,P27815,compound,protein,0
3702,CPI,Q6W5P4,compound,protein,0
3702,CPI,P06241,compound,protein,0
3702,CPI,P29597,compound,protein,0
3707,CPI,O94768,compound,protein,1
3707,CPI,P11388,compound,protein,0
3712,CPI,P49761,compound,protein,0
3715,CPI,P14416,compound,protein,1
3715,CPI,P18089,compound,protein,1
3715,CPI,P34913,compound,protein,1
3715,CPI,Q8N8N7,compound,protein,1
3730,CPI,O43193,compound,protein,1
3730,CPI,O14920,compound,protein,0
3739,CPI,Q92847,compound,protein,1
3739,CPI,P43220,compound,protein,0
3739,CPI,Q08AD1,compound,protein,0
3739,CPI,Q9UDW3,compound,protein,0
37393,CPI,P0DP23,compound,protein,1
3748,CPI,P21397,compound,protein,1
3748,CPI,P27338,compound,protein,1
3748,CPI,Q96QE3,compound,protein,1
3749,CPI,P41145,compound,protein,1
3749,CPI,Q08499,compound,protein,1
3749,CPI,Q9Y5N1,compound,protein,1
3749,CPI,P04626,compound,protein,0
3749,CPI,Q9HC98,compound,protein,0
3749,CPI,P15538,compound,protein,0
3758,CPI,Q16513,compound,protein,0
3759,CPI,P06401,compound,protein,1
3759,CPI,P18825,compound,protein,1
3759,CPI,P28223,compound,protein,1
3759,CPI,P23219,compound,protein,0
3767,CPI,P05181,compound,protein,1
37768,CPI,O75469,compound,protein,1
37768,CPI,P18825,compound,protein,1
37768,CPI,P43681,compound,protein,1
37768,CPI,O00329,compound,protein,0
37768,CPI,Q06418,compound,protein,0
37768,CPI,P19793,compound,protein,0
3779,CPI,Q9NYW6,compound,protein,1
3779,CPI,Q08345,compound,protein,0
3779,CPI,Q04771,compound,protein,0
3779,CPI,P49761,compound,protein,0
3779,CPI,Q2M2I8,compound,protein,0
3779,CPI,P06213,compound,protein,0
3779,CPI,O14976,compound,protein,0
3783,CPI,O00238,compound,protein,0
3783,CPI,P29597,compound,protein,0
3793,CPI,P02545,compound,protein,1
3793,CPI,P07900,compound,protein,1
3793,CPI,P50406,compound,protein,1
3793,CPI,Q96KQ7,compound,protein,1
3793,CPI,O00506,compound,protein,0
3793,CPI,P34947,compound,protein,0
3793,CPI,P02763,compound,protein,0
3795,CPI,P29275,compound,protein,0
3797,CPI,P05177,compound,protein,1
3797,CPI,Q13873,compound,protein,0
3797,CPI,Q9UKI8,compound,protein,0
3799,CPI,P32238,compound,protein,0
3820,CPI,O14920,compound,protein,1
3820,CPI,O75496,compound,protein,1
3820,CPI,P17948,compound,protein,1
3820,CPI,Q16620,compound,protein,1
3820,CPI,Q96QE3,compound,protein,1
3820,CPI,P08912,compound,protein,0
3820,CPI,Q01959,compound,protein,0
3820,CPI,P16591,compound,protein,0
3820,CPI,P50406,compound,protein,0
3820,CPI,Q06418,compound,protein,0
3820,CPI,Q14432,compound,protein,0
3822,CPI,P30939,compound,protein,1
3822,CPI,Q96KQ7,compound,protein,1
3822,CPI,P42684,compound,protein,0
3823,CPI,P06401,compound,protein,1
3823,CPI,P19838,compound,protein,1
3823,CPI,P20815,compound,protein,1
3823,CPI,P41968,compound,protein,1
3823,CPI,P45983,compound,protein,0
3823,CPI,Q8IY84,compound,protein,0
3823393,CPI,P53350,compound,protein,1
3823393,CPI,P31751,compound,protein,0
3827,CPI,P08908,compound,protein,1
3827,CPI,Q01959,compound,protein,1
3827,CPI,O15118,compound,protein,0
3827,CPI,Q8NEV4,compound,protein,0
3828,CPI,Q16816,compound,protein,0
3828,CPI,P22607,compound,protein,0
3828,CPI,P25100,compound,protein,0
3830,CPI,Q9Y243,compound,protein,0
3838,CPI,O15530,compound,protein,0
3838,CPI,P36507,compound,protein,0
3838,CPI,P49841,compound,protein,0
38409,CPI,P09211,compound,protein,0
38521,CPI,P78527,compound,protein,0
3856780,CPI,O95977,compound,protein,0
387447,CPI,Q9UQ88,compound,protein,0
3878,CPI,O14764,compound,protein,1
3878,CPI,P20309,compound,protein,1
3878,CPI,P49674,compound,protein,0
3878,CPI,Q9BZL6,compound,protein,0
3883,CPI,O43193,compound,protein,1
3883,CPI,P51817,compound,protein,0
3883,CPI,Q6PHR2,compound,protein,0
3883,CPI,P30530,compound,protein,0
38853,CPI,P32238,compound,protein,1
38853,CPI,P41145,compound,protein,1
38853,CPI,P83916,compound,protein,1
38853,CPI,Q96GD4,compound,protein,0
38853,CPI,Q9H8M1,compound,protein,0
3894573,CPI,P41968,compound,protein,0
3899,CPI,P37288,compound,protein,1
3899,CPI,Q14289,compound,protein,1
3899,CPI,O15439,compound,protein,0
3899,CPI,P08922,compound,protein,0
39042,CPI,P25929,compound,protein,1
39042,CPI,P07333,compound,protein,0
39042,CPI,Q9P1W9,compound,protein,0
3906779,CPI,Q9UPE1,compound,protein,0
3906779,CPI,P10635,compound,protein,0
3915969,CPI,P84022,compound,protein,1
3926,CPI,Q03431,compound,protein,1
3926,CPI,P42679,compound,protein,0
3926,CPI,P42681,compound,protein,0
392622,CPI,Q14289,compound,protein,0
3932,CPI,P33261,compound,protein,1
393595,CPI,Q92793,compound,protein,1
394449,CPI,Q9NR96,compound,protein,1
3946,CPI,P32239,compound,protein,1
39468,CPI,P07550,compound,protein,1
3947,CPI,P20309,compound,protein,1
3949,CPI,P09769,compound,protein,0
3955,CPI,P08684,compound,protein,1
3955,CPI,P16473,compound,protein,1
3960,CPI,Q9Y2T6,compound,protein,0
3961,CPI,P19235,compound,protein,1
3961,CPI,P35462,compound,protein,1
3961,CPI,Q9UQB9,compound,protein,0
3961,CPI,Q09013,compound,protein,0
3961,CPI,Q9H2G2,compound,protein,0
3961,CPI,P06239,compound,protein,0
3961,CPI,Q8TDC3,compound,protein,0
3964,CPI,P21397,compound,protein,1
3964,CPI,Q9H093,compound,protein,0
3973,CPI,P33261,compound,protein,1
3973,CPI,P30518,compound,protein,0
3973,CPI,Q8IU85,compound,protein,0
3976,CPI,P04062,compound,protein,1
3976,CPI,P33402,compound,protein,1
39912,CPI,P10415,compound,protein,1
39912,CPI,P12104,compound,protein,1
39912,CPI,P35354,compound,protein,1
39912,CPI,Q96KQ7,compound,protein,1
3994,CPI,P35462,compound,protein,0
3994,CPI,P30556,compound,protein,0
4003359,CPI,P31939,compound,protein,0
4004,CPI,Q13093,compound,protein,0
4008,CPI,O43497,compound,protein,1
4020,CPI,P08913,compound,protein,1
4020,CPI,P0DMS8,compound,protein,1
4020,CPI,Q06418,compound,protein,0
4021,CPI,Q9NUW8,compound,protein,1
4021,CPI,Q9HAW7,compound,protein,0
4030,CPI,P35968,compound,protein,1
4030,CPI,O95342,compound,protein,0
4030,CPI,Q08881,compound,protein,0
4030,CPI,P49760,compound,protein,0
4031,CPI,P08912,compound,protein,1
4031,CPI,P11473,compound,protein,0
4032,CPI,P18089,compound,protein,1
4032,CPI,P35367,compound,protein,1
4034,CPI,P0DMS8,compound,protein,1
4034,CPI,P14416,compound,protein,1
4034,CPI,P21397,compound,protein,1
4034,CPI,P35462,compound,protein,1
4034,CPI,Q8TD19,compound,protein,0
4034,CPI,Q9NYY3,compound,protein,0
4034,CPI,Q52WX2,compound,protein,0
4037,CPI,P22736,compound,protein,1
4037,CPI,Q92830,compound,protein,1
4039,CPI,P54762,compound,protein,0
4039,CPI,P28223,compound,protein,0
4044,CPI,P0DMS8,compound,protein,1
4044,CPI,P18089,compound,protein,1
4044,CPI,P30556,compound,protein,1
4044,CPI,P37288,compound,protein,1
4044,CPI,Q01959,compound,protein,1
4044,CPI,Q13464,compound,protein,0
4044,CPI,O75874,compound,protein,0
40467075,CPI,P35228,compound,protein,1
40469418,CPI,P04150,compound,protein,1
40469418,CPI,P11474,compound,protein,1
40469418,CPI,Q32MK0,compound,protein,0
40469477,CPI,P04150,compound,protein,1
40469854,CPI,Q9HBY8,compound,protein,0
40482356,CPI,Q14145,compound,protein,1
4053,CPI,P18825,compound,protein,0
40539,CPI,O75164,compound,protein,1
40539,CPI,P49798,compound,protein,1
40539,CPI,Q6ZN16,compound,protein,0
4054,CPI,P11229,compound,protein,1
4054,CPI,P22303,compound,protein,1
4054,CPI,P41595,compound,protein,1
4054,CPI,P43681,compound,protein,1
4054,CPI,Q8TCU5,compound,protein,1
4054,CPI,P43220,compound,protein,0
4054,CPI,O43765,compound,protein,0
4055,CPI,P11712,compound,protein,1
4055,CPI,P23975,compound,protein,1
4055,CPI,P32245,compound,protein,1
4055,CPI,Q99700,compound,protein,1
4055,CPI,Q8TEK3,compound,protein,0
4055,CPI,P51511,compound,protein,0
4055,CPI,P13497,compound,protein,0
4055,CPI,P13073,compound,protein,0
4055,CPI,P49765,compound,protein,0
4055,CPI,Q9UBX1,compound,protein,0
4055,CPI,P51788,compound,protein,0
4055306,CPI,Q9UBB5,compound,protein,1
4055306,CPI,Q9NYY3,compound,protein,0
4055306,CPI,P22694,compound,protein,0
4057,CPI,P20309,compound,protein,1
40634,CPI,O75496,compound,protein,1
4066,CPI,P46098,compound,protein,1
4066,CPI,Q32MK0,compound,protein,0
40692,CPI,P14616,compound,protein,0
4071,CPI,P35916,compound,protein,0
4075,CPI,P33261,compound,protein,1
4075,CPI,P35228,compound,protein,1
4075,CPI,O95342,compound,protein,0
4078,CPI,P20309,compound,protein,1
4078,CPI,Q12809,compound,protein,1
4091,CPI,P08172,compound,protein,1
4091,CPI,P00374,compound,protein,0
4091,CPI,O15245,compound,protein,0
4091,CPI,Q92887,compound,protein,0
4091,CPI,Q13557,compound,protein,0
4098,CPI,P18089,compound,protein,1
4098,CPI,P42336,compound,protein,0
4098,CPI,P12821,compound,protein,0
4099,CPI,P28223,compound,protein,1
4099,CPI,P43681,compound,protein,1
4099,CPI,P51957,compound,protein,0
4099,CPI,Q86UE8,compound,protein,0
4099,CPI,Q5S007,compound,protein,0
4104,CPI,Q16637,compound,protein,1
4112,CPI,Q13043,compound,protein,0
4116,CPI,Q99928,compound,protein,1
4116,CPI,P00734,compound,protein,0
4116,CPI,P43405,compound,protein,0
4122,CPI,P11712,compound,protein,1
4122,CPI,P29274,compound,protein,1
4122,CPI,Q99759,compound,protein,0
4122,CPI,P48730,compound,protein,0
4122,CPI,Q02763,compound,protein,0
4122,CPI,P19525,compound,protein,0
4139,CPI,P10636,compound,protein,1
4139,CPI,O43570,compound,protein,0
4141,CPI,P49798,compound,protein,1
4141,CPI,O14578,compound,protein,0
4158,CPI,Q01959,compound,protein,1
4163,CPI,P28566,compound,protein,1
4163,CPI,P41595,compound,protein,1
4167,CPI,P21728,compound,protein,1
41684,CPI,P16473,compound,protein,1
41684,CPI,Q9Y5N1,compound,protein,1
41684,CPI,Q05397,compound,protein,0
41684,CPI,P06241,compound,protein,0
4170,CPI,P04150,compound,protein,1
4170,CPI,P35218,compound,protein,1
4170,CPI,P55017,compound,protein,1
4170,CPI,Q12809,compound,protein,1
4170,CPI,P57059,compound,protein,0
4170,CPI,Q07002,compound,protein,0
417052,CPI,P46098,compound,protein,1
4171,CPI,P07550,compound,protein,1
4171,CPI,P21917,compound,protein,1
4171,CPI,P23975,compound,protein,1
4171,CPI,Q09013,compound,protein,0
4173,CPI,O94806,compound,protein,0
4173,CPI,Q00537,compound,protein,0
4173,CPI,Q99640,compound,protein,0
4173,CPI,P31749,compound,protein,0
4174,CPI,P06401,compound,protein,1
4174,CPI,P18089,compound,protein,1
4174,CPI,P35354,compound,protein,1
4174,CPI,P41595,compound,protein,1
4174,CPI,Q99700,compound,protein,0
4174,CPI,Q96QE3,compound,protein,0
4174,CPI,O60674,compound,protein,0
4174,CPI,P08631,compound,protein,0
4178,CPI,P41595,compound,protein,1
4184,CPI,P25021,compound,protein,1
4184,CPI,P35462,compound,protein,1
4184,CPI,P49798,compound,protein,1
4184,CPI,P11362,compound,protein,0
4184,CPI,P68400,compound,protein,0
4184,CPI,O14965,compound,protein,0
4184,CPI,P16591,compound,protein,0
4184,CPI,P35916,compound,protein,0
4189,CPI,P08173,compound,protein,1
4189,CPI,P0DMS8,compound,protein,1
4189,CPI,P50052,compound,protein,1
4189,CPI,P53350,compound,protein,1
4189,CPI,Q9H2S1,compound,protein,1
4189,CPI,O15438,compound,protein,0
4189,CPI,Q99549,compound,protein,0
4189,CPI,Q00975,compound,protein,0
4195,CPI,P08588,compound,protein,1
4195,CPI,P20309,compound,protein,1
4195,CPI,P41595,compound,protein,1
4196,CPI,O75469,compound,protein,1
4197,CPI,P41595,compound,protein,1
4197,CPI,Q9UHD2,compound,protein,0
4199,CPI,P04626,compound,protein,0
4199,CPI,P25100,compound,protein,0
4201,CPI,P23219,compound,protein,1
4201,CPI,Q02779,compound,protein,0
4205,CPI,P10635,compound,protein,1
4205,CPI,P14416,compound,protein,1
4205,CPI,P18089,compound,protein,1
4205,CPI,P41595,compound,protein,1
4205,CPI,O95342,compound,protein,0
4210951,CPI,P04049,compound,protein,0
4211,CPI,P31645,compound,protein,1
4211,CPI,P43220,compound,protein,1
4211,CPI,P50406,compound,protein,1
4211,CPI,Q99808,compound,protein,1
4211,CPI,P24941,compound,protein,0
4211,CPI,Q13464,compound,protein,0
4211,CPI,Q8TD16,compound,protein,0
4212,CPI,P18089,compound,protein,1
4212,CPI,Q9Y5N1,compound,protein,1
4212,CPI,Q9NZ45,compound,protein,0
4212,CPI,Q16850,compound,protein,0
421610,CPI,O94921,compound,protein,0
4217,CPI,P19838,compound,protein,1
4217,CPI,P45985,compound,protein,0
4235,CPI,P30518,compound,protein,1
4235,CPI,Q14289,compound,protein,0
4235,CPI,P53778,compound,protein,0
4237,CPI,P49840,compound,protein,0
4239,CPI,Q8IVH8,compound,protein,0
42574,CPI,P63165,compound,protein,1
42574,CPI,Q9NXA8,compound,protein,1
42574,CPI,P37023,compound,protein,0
4260,CPI,P25100,compound,protein,1
4260,CPI,O95342,compound,protein,0
4260,CPI,Q16236,compound,protein,0
4261,CPI,P49798,compound,protein,0
42611257,CPI,P42679,compound,protein,0
42636535,CPI,P21860,compound,protein,0
42642645,CPI,O00444,compound,protein,1
42642645,CPI,P00533,compound,protein,1
42642645,CPI,P07332,compound,protein,1
42642645,CPI,P07333,compound,protein,1
42642645,CPI,P08913,compound,protein,1
42642645,CPI,P29597,compound,protein,1
42642645,CPI,P36888,compound,protein,1
42642645,CPI,P42345,compound,protein,1
42642645,CPI,Q06187,compound,protein,1
42642645,CPI,Q15349,compound,protein,1
42642645,CPI,Q5S007,compound,protein,1
42642645,CPI,Q6DT37,compound,protein,1
42642645,CPI,Q8TD08,compound,protein,1
42642645,CPI,Q96RR4,compound,protein,1
42642645,CPI,Q9C098,compound,protein,1
42642645,CPI,Q9P1W9,compound,protein,1
42642645,CPI,P19838,compound,protein,0
42642645,CPI,P04637,compound,protein,0
42642645,CPI,P20309,compound,protein,0
42642645,CPI,P07550,compound,protein,0
42642645,CPI,Q8TBY0,compound,protein,0
42642645,CPI,A6NFT4,compound,protein,0
42642645,CPI,Q96B54,compound,protein,0
42642645,CPI,O43903,compound,protein,0
42642645,CPI,O43303,compound,protein,0
42642645,CPI,Q9HBF4,compound,protein,0
42642645,CPI,Q86UZ6,compound,protein,0
42642645,CPI,Q9H4T2,compound,protein,0
42642645,CPI,O60232,compound,protein,0
42642645,CPI,Q9Y5G7,compound,protein,0
42642645,CPI,Q9NU39,compound,protein,0
42642645,CPI,Q12792,compound,protein,0
42642645,CPI,Q86TJ5,compound,protein,0
42642645,CPI,Q06495,compound,protein,0
42642645,CPI,Q9Y236,compound,protein,0
42642645,CPI,Q5W5X9,compound,protein,0
42642648,CPI,Q15303,compound,protein,1
42760,CPI,P34972,compound,protein,1
4284720,CPI,Q8IWQ3,compound,protein,0
42955,CPI,P0DMS8,compound,protein,1
42955,CPI,P14416,compound,protein,1
42955,CPI,P32239,compound,protein,1
42955,CPI,P32245,compound,protein,0
42955,CPI,Q15078,compound,protein,0
42955,CPI,Q07912,compound,protein,0
42955,CPI,Q9NR20,compound,protein,0
42955,CPI,Q00G26,compound,protein,0
42955,CPI,Q96PY6,compound,protein,0
4299,CPI,O14730,compound,protein,0
4302116,CPI,Q05209,compound,protein,1
4302960,CPI,Q99755,compound,protein,0
4302962,CPI,P42680,compound,protein,0
4302963,CPI,P34969,compound,protein,0
4314,CPI,Q8IU85,compound,protein,0
43231,CPI,Q13148,compound,protein,1
4336830,CPI,P40225,compound,protein,1
4350931,CPI,O75496,compound,protein,1
4350931,CPI,P11712,compound,protein,1
4350931,CPI,P21917,compound,protein,1
4350931,CPI,O00444,compound,protein,0
4350931,CPI,P61073,compound,protein,0
4350931,CPI,P21554,compound,protein,0
4376,CPI,Q05586,compound,protein,1
4376,CPI,O94925,compound,protein,0
4376,CPI,P53667,compound,protein,0
4380,CPI,P06276,compound,protein,0
4380,CPI,Q32MK0,compound,protein,0
4380267,CPI,Q9HBH9,compound,protein,0
4381126,CPI,P19784,compound,protein,0
4381126,CPI,Q9UPZ9,compound,protein,0
43815,CPI,P18089,compound,protein,1
43815,CPI,P21452,compound,protein,1
43815,CPI,P28222,compound,protein,1
43815,CPI,P42345,compound,protein,1
43815,CPI,Q9UKV0,compound,protein,0
438981,CPI,P19525,compound,protein,1
438981,CPI,Q00535,compound,protein,1
438981,CPI,P35462,compound,protein,0
439260,CPI,P27695,compound,protein,1
439260,CPI,P49761,compound,protein,0
439533,CPI,O43570,compound,protein,1
439654,CPI,Q5S007,compound,protein,0
44093,CPI,Q07869,compound,protein,0
44093,CPI,P43220,compound,protein,0
440936,CPI,P84022,compound,protein,1
441074,CPI,P02545,compound,protein,0
4411,CPI,P35367,compound,protein,1
4411,CPI,P42345,compound,protein,0
4411,CPI,Q04771,compound,protein,0
4411,CPI,O95819,compound,protein,0
44112,CPI,Q9P2K8,compound,protein,0
441130,CPI,P21731,compound,protein,1
441140,CPI,P41145,compound,protein,1
441140,CPI,Q92847,compound,protein,1
441140,CPI,Q99456,compound,protein,1
441140,CPI,Q3ZCM7,compound,protein,0
441243,CPI,Q96KQ7,compound,protein,0
441243,CPI,P06213,compound,protein,0
441289,CPI,P04150,compound,protein,1
441289,CPI,P18825,compound,protein,1
441289,CPI,P21728,compound,protein,1
441289,CPI,P28223,compound,protein,1
441289,CPI,P45984,compound,protein,0
4413,CPI,P05362,compound,protein,1
4413,CPI,P11511,compound,protein,0
441314,CPI,O00754,compound,protein,0
44137946,CPI,P17948,compound,protein,1
44137946,CPI,P22607,compound,protein,1
44137946,CPI,Q12866,compound,protein,1
44137946,CPI,Q2M2I8,compound,protein,1
44137946,CPI,Q9Y616,compound,protein,1
441383,CPI,P35462,compound,protein,1
441383,CPI,Q14957,compound,protein,0
441383,CPI,P17252,compound,protein,0
44139710,CPI,Q99720,compound,protein,0
44142052,CPI,Q03431,compound,protein,1
44142053,CPI,Q13627,compound,protein,1
44142053,CPI,Q04864,compound,protein,0
44142067,CPI,Q13188,compound,protein,0
44142068,CPI,P41968,compound,protein,0
44142069,CPI,O75496,compound,protein,1
44142070,CPI,P20309,compound,protein,0
44142086,CPI,O43614,compound,protein,1
44142088,CPI,P25021,compound,protein,0
44142094,CPI,O75496,compound,protein,1
44142099,CPI,P48736,compound,protein,0
44142100,CPI,P51812,compound,protein,0
44142103,CPI,O75496,compound,protein,1
44142110,CPI,Q96QE3,compound,protein,1
44142130,CPI,O75496,compound,protein,1
44142131,CPI,Q8TBX8,compound,protein,1
44142131,CPI,P27695,compound,protein,0
44142133,CPI,Q9H2K8,compound,protein,0
44142144,CPI,Q16236,compound,protein,1
44142146,CPI,P28222,compound,protein,0
44142346,CPI,O15118,compound,protein,1
44142351,CPI,P18054,compound,protein,1
44143088,CPI,P09668,compound,protein,1
44143088,CPI,Q6W5P4,compound,protein,0
4418,CPI,P35218,compound,protein,0
44202980,CPI,P43220,compound,protein,1
44202980,CPI,Q8WZA2,compound,protein,1
44205240,CPI,P27448,compound,protein,1
44223952,CPI,Q16637,compound,protein,0
44223965,CPI,P49760,compound,protein,1
44223970,CPI,O75747,compound,protein,1
44223970,CPI,Q56UN5,compound,protein,1
44223970,CPI,O00763,compound,protein,0
44223973,CPI,P49759,compound,protein,1
44223974,CPI,Q9HAZ1,compound,protein,1
44223974,CPI,P04083,compound,protein,0
44237409,CPI,P51449,compound,protein,1
44240264,CPI,Q96EB6,compound,protein,1
44246708,CPI,O15264,compound,protein,1
44246708,CPI,P99999,compound,protein,1
44246708,CPI,Q15759,compound,protein,1
44247568,CPI,Q9NUW8,compound,protein,0
44247568,CPI,O14757,compound,protein,0
442530,CPI,P04150,compound,protein,1
44295709,CPI,P31645,compound,protein,1
44295709,CPI,O94804,compound,protein,0
4431,CPI,P30939,compound,protein,1
4431,CPI,P14625,compound,protein,0
443118,CPI,P07858,compound,protein,1
443372,CPI,Q9NUW8,compound,protein,1
443372,CPI,Q9HCP0,compound,protein,0
443375,CPI,P36888,compound,protein,0
443390,CPI,P28335,compound,protein,1
443390,CPI,P19525,compound,protein,0
4436,CPI,P18089,compound,protein,1
443874,CPI,P27815,compound,protein,1
443879,CPI,P21554,compound,protein,1
443879,CPI,P37288,compound,protein,1
443879,CPI,Q04912,compound,protein,0
443879,CPI,Q9UKI8,compound,protein,0
443944,CPI,P14416,compound,protein,1
443944,CPI,P37288,compound,protein,1
443955,CPI,P18089,compound,protein,1
444,CPI,P02708,compound,protein,1
444,CPI,P08588,compound,protein,1
444,CPI,P23975,compound,protein,1
444,CPI,P41145,compound,protein,1
444,CPI,P29317,compound,protein,0
444008,CPI,P06401,compound,protein,1
444008,CPI,P10275,compound,protein,1
444008,CPI,P33261,compound,protein,1
444025,CPI,P29322,compound,protein,0
444031,CPI,P21728,compound,protein,1
444031,CPI,P25021,compound,protein,1
444031,CPI,Q13163,compound,protein,0
444036,CPI,P21917,compound,protein,1
444036,CPI,P47712,compound,protein,1
444036,CPI,O15439,compound,protein,0
444036,CPI,P45983,compound,protein,0
444036,CPI,P43405,compound,protein,0
444254,CPI,P14416,compound,protein,1
444254,CPI,P18825,compound,protein,1
444254,CPI,P49841,compound,protein,0
444254,CPI,Q86V86,compound,protein,0
444254,CPI,Q9UBN7,compound,protein,0
444254,CPI,P42685,compound,protein,0
44460116,CPI,P16050,compound,protein,1
44460117,CPI,Q16280,compound,protein,0
44460122,CPI,P16050,compound,protein,1
44460129,CPI,P16050,compound,protein,1
44460132,CPI,P16050,compound,protein,1
44460172,CPI,P84022,compound,protein,1
44462758,CPI,P09769,compound,protein,1
44462758,CPI,P34969,compound,protein,0
44462760,CPI,Q13882,compound,protein,1
44462760,CPI,P03372,compound,protein,0
44462760,CPI,P08908,compound,protein,0
44462760,CPI,P23219,compound,protein,0
444795,CPI,P28702,compound,protein,1
444795,CPI,P37231,compound,protein,1
444795,CPI,P04150,compound,protein,1
444795,CPI,Q96QE3,compound,protein,1
444795,CPI,P49759,compound,protein,0
444795,CPI,P25929,compound,protein,0
444795,CPI,P32298,compound,protein,0
444795,CPI,P51956,compound,protein,0
44483247,CPI,P25021,compound,protein,0
44483259,CPI,O94782,compound,protein,0
44483339,CPI,Q6ZN16,compound,protein,0
44487415,CPI,O94782,compound,protein,1
444899,CPI,Q9NPD5,compound,protein,1
444899,CPI,Q6DT37,compound,protein,0
44495105,CPI,Q06710,compound,protein,1
4450,CPI,P00519,compound,protein,0
44505604,CPI,Q2M2I8,compound,protein,0
44505831,CPI,P02545,compound,protein,0
44505980,CPI,Q16512,compound,protein,0
44505998,CPI,Q13148,compound,protein,1
44506448,CPI,Q92731,compound,protein,0
44511091,CPI,Q7L7X3,compound,protein,0
44517659,CPI,P36897,compound,protein,0
445319,CPI,Q04771,compound,protein,0
445354,CPI,O75911,compound,protein,1
445354,CPI,P19793,compound,protein,1
445354,CPI,P08588,compound,protein,1
445354,CPI,P25021,compound,protein,1
445354,CPI,P25929,compound,protein,1
445354,CPI,P10276,compound,protein,1
445354,CPI,P13631,compound,protein,1
445354,CPI,P22607,compound,protein,0
4453692,CPI,O60885,compound,protein,0
445713,CPI,Q9P289,compound,protein,0
44577753,CPI,P52895,compound,protein,0
44593387,CPI,P27815,compound,protein,0
44595079,CPI,Q9P0L2,compound,protein,1
44595079,CPI,P31644,compound,protein,0
4460128,CPI,Q9NUW8,compound,protein,1
44601455,CPI,Q92769,compound,protein,1
44601455,CPI,P14416,compound,protein,0
44601473,CPI,P13674,compound,protein,0
44601475,CPI,Q14289,compound,protein,0
44602376,CPI,O94925,compound,protein,1
44602378,CPI,Q9NUW8,compound,protein,1
44602404,CPI,Q9NUW8,compound,protein,1
44602405,CPI,P0DMS8,compound,protein,0
44602407,CPI,Q13237,compound,protein,0
44603533,CPI,P08172,compound,protein,0
44607360,CPI,O00444,compound,protein,0
44607573,CPI,P48050,compound,protein,0
44607591,CPI,P08183,compound,protein,1
44607591,CPI,Q92847,compound,protein,0
44607965,CPI,Q9Y570,compound,protein,1
44620280,CPI,Q06710,compound,protein,1
44620657,CPI,P07947,compound,protein,0
44620818,CPI,P34949,compound,protein,0
44623834,CPI,P53350,compound,protein,1
44623839,CPI,Q13148,compound,protein,1
44623840,CPI,P43220,compound,protein,1
44629987,CPI,Q15746,compound,protein,0
4463,CPI,P0DMS8,compound,protein,1
4463,CPI,P11509,compound,protein,1
4463,CPI,Q99714,compound,protein,0
4463,CPI,O14757,compound,protein,0
4463,CPI,Q13188,compound,protein,0
4463,CPI,P78356,compound,protein,0
4463,CPI,P30291,compound,protein,0
44630539,CPI,P07332,compound,protein,0
44630541,CPI,P54753,compound,protein,0
44634701,CPI,O15296,compound,protein,0
44640176,CPI,Q9Y2U5,compound,protein,0
44640183,CPI,Q03431,compound,protein,1
4464266,CPI,Q6W5P4,compound,protein,1
446556,CPI,Q05932,compound,protein,1
446596,CPI,P03372,compound,protein,1
446596,CPI,P21554,compound,protein,1
446596,CPI,P30556,compound,protein,1
446596,CPI,P32238,compound,protein,1
446596,CPI,Q92847,compound,protein,1
446596,CPI,P45983,compound,protein,0
446596,CPI,P04637,compound,protein,0
446596,CPI,P27695,compound,protein,0
4472,CPI,Q96KQ7,compound,protein,1
4472,CPI,Q2M2I8,compound,protein,0
4472,CPI,P11362,compound,protein,0
4472,CPI,P49674,compound,protein,0
4474,CPI,P08173,compound,protein,1
4474,CPI,P08684,compound,protein,1
4474,CPI,P33261,compound,protein,1
4474,CPI,P62955,compound,protein,1
4474,CPI,Q01959,compound,protein,1
4474,CPI,Q06432,compound,protein,1
4474,CPI,Q13526,compound,protein,1
4474,CPI,Q9P0X4,compound,protein,1
4474,CPI,Q9UF02,compound,protein,1
4474,CPI,Q92887,compound,protein,0
4474,CPI,P84022,compound,protein,0
4474,CPI,Q86V86,compound,protein,0
4474,CPI,P51451,compound,protein,0
4474,CPI,P14416,compound,protein,0
4477,CPI,Q16665,compound,protein,1
4477,CPI,Q9NQ89,compound,protein,0
448014,CPI,O14757,compound,protein,1
448014,CPI,P04629,compound,protein,1
448014,CPI,Q96GD4,compound,protein,1
448014,CPI,Q99700,compound,protein,0
448014,CPI,P41145,compound,protein,0
448014,CPI,Q09013,compound,protein,0
448014,CPI,Q9H3Y6,compound,protein,0
448014,CPI,Q14004,compound,protein,0
448042,CPI,Q02156,compound,protein,1
44820570,CPI,Q86TW2,compound,protein,0
4485,CPI,P37288,compound,protein,1
4485,CPI,Q9UM73,compound,protein,0
4485,CPI,Q14164,compound,protein,0
4485,CPI,P51617,compound,protein,0
4488,CPI,Q00535,compound,protein,0
448912,CPI,Q9UBN7,compound,protein,0
448912,CPI,P28222,compound,protein,0
448991,CPI,P07947,compound,protein,1
448991,CPI,P48730,compound,protein,0
449171,CPI,P07949,compound,protein,0
449241,CPI,O75582,compound,protein,1
4494,CPI,P14416,compound,protein,1
4494,CPI,Q01668,compound,protein,1
4494,CPI,Q14524,compound,protein,1
4494,CPI,O43293,compound,protein,0
4495,CPI,Q99549,compound,protein,1
4495,CPI,Q9NZK7,compound,protein,1
4496,CPI,P43220,compound,protein,1
4496,CPI,P15121,compound,protein,0
44968186,CPI,P49759,compound,protein,1
44968219,CPI,Q9HAZ1,compound,protein,1
44968227,CPI,P49759,compound,protein,1
44968231,CPI,P49759,compound,protein,1
4497,CPI,P25021,compound,protein,1
4497,CPI,P31751,compound,protein,0
4497,CPI,P23458,compound,protein,0
4497,CPI,Q12851,compound,protein,0
450,CPI,P03372,compound,protein,1
45006067,CPI,O14920,compound,protein,1
45006067,CPI,Q9UEE5,compound,protein,0
45006157,CPI,O60674,compound,protein,0
4506,CPI,P32238,compound,protein,1
4506,CPI,P21802,compound,protein,0
4507,CPI,P08908,compound,protein,1
4507,CPI,Q9NY47,compound,protein,1
4507,CPI,O75676,compound,protein,0
45110765,CPI,P11712,compound,protein,1
45115620,CPI,Q08345,compound,protein,0
4515,CPI,P33261,compound,protein,1
451668,CPI,P26358,compound,protein,1
451668,CPI,Q969S8,compound,protein,1
451668,CPI,Q96QE3,compound,protein,1
451668,CPI,Q9NUW8,compound,protein,1
451668,CPI,Q9Y6K1,compound,protein,1
451668,CPI,P29466,compound,protein,0
4521392,CPI,O75676,compound,protein,1
4521392,CPI,O94768,compound,protein,1
4521392,CPI,P17948,compound,protein,1
4521392,CPI,P19525,compound,protein,1
4521392,CPI,P36896,compound,protein,1
4521392,CPI,P36897,compound,protein,1
4521392,CPI,P42681,compound,protein,1
4521392,CPI,Q05655,compound,protein,1
4521392,CPI,Q06187,compound,protein,1
4521392,CPI,Q14164,compound,protein,1
4521392,CPI,Q8TD19,compound,protein,1
4521392,CPI,Q9P0L2,compound,protein,1
4521392,CPI,Q9Y5N1,compound,protein,0
4521392,CPI,O95382,compound,protein,0
4521392,CPI,O15197,compound,protein,0
4521392,CPI,P35462,compound,protein,0
4521392,CPI,O14936,compound,protein,0
4521392,CPI,Q9UBN7,compound,protein,0
4521392,CPI,O43283,compound,protein,0
4521392,CPI,O60331,compound,protein,0
4521392,CPI,Q15303,compound,protein,0
4521392,CPI,O75469,compound,protein,0
4521392,CPI,O00750,compound,protein,0
4521392,CPI,Q9NX38,compound,protein,0
4521392,CPI,Q5VUJ6,compound,protein,0
4521392,CPI,Q8WVP5,compound,protein,0
4521392,CPI,Q13371,compound,protein,0
4534,CPI,P10275,compound,protein,1
4534,CPI,P32249,compound,protein,1
4534,CPI,P11712,compound,protein,0
4534086,CPI,O15296,compound,protein,1
4539,CPI,P06401,compound,protein,1
4539,CPI,Q01959,compound,protein,1
4539,CPI,O75914,compound,protein,0
4539,CPI,P23458,compound,protein,0
4539,CPI,P52564,compound,protein,0
4543,CPI,P35462,compound,protein,1
4543,CPI,Q9UQM7,compound,protein,0
4543,CPI,P21802,compound,protein,0
4543,CPI,Q14289,compound,protein,0
4549,CPI,P11309,compound,protein,0
4552,CPI,P10828,compound,protein,0
456199,CPI,P20309,compound,protein,1
456199,CPI,O96013,compound,protein,0
456199,CPI,O76074,compound,protein,0
456201,CPI,P80370,compound,protein,1
456214,CPI,P11712,compound,protein,1
456214,CPI,Q9H2K8,compound,protein,0
456214,CPI,P29320,compound,protein,0
456214,CPI,Q9Y5N1,compound,protein,0
4567,CPI,P08588,compound,protein,1
4567,CPI,P08912,compound,protein,1
4567,CPI,P35462,compound,protein,1
4567,CPI,P43220,compound,protein,0
4567,CPI,P42345,compound,protein,0
4567,CPI,P53350,compound,protein,0
4567,CPI,P00533,compound,protein,0
4567,CPI,Q96EK7,compound,protein,0
457193,CPI,Q96RI1,compound,protein,1
4592,CPI,Q9Y243,compound,protein,0
4593,CPI,Q14432,compound,protein,1
45934210,CPI,P35462,compound,protein,0
45934210,CPI,P30411,compound,protein,0
4594,CPI,P20648,compound,protein,1
4594,CPI,O15438,compound,protein,0
4594,CPI,P08473,compound,protein,0
459617,CPI,P41229,compound,protein,1
460,CPI,P08183,compound,protein,0
4601225,CPI,P28562,compound,protein,1
460747,CPI,O15118,compound,protein,1
460747,CPI,O75874,compound,protein,1
460747,CPI,O95551,compound,protein,1
460747,CPI,P06746,compound,protein,1
460747,CPI,O14757,compound,protein,0
460747,CPI,P36888,compound,protein,0
4614,CPI,P01031,compound,protein,1
4614,CPI,P35462,compound,protein,1
4614,CPI,Q9Y5N1,compound,protein,1
4614,CPI,P04629,compound,protein,0
4614,CPI,Q07912,compound,protein,0
46172920,CPI,O15530,compound,protein,0
46191454,CPI,P00533,compound,protein,1
46191454,CPI,P06213,compound,protein,1
46191454,CPI,P35916,compound,protein,1
46191454,CPI,O43570,compound,protein,0
46191454,CPI,P49761,compound,protein,0
46191454,CPI,Q99755,compound,protein,0
46196517,CPI,P46098,compound,protein,1
4621,CPI,P10635,compound,protein,1
46216796,CPI,P09619,compound,protein,1
46216796,CPI,P10636,compound,protein,0
46216796,CPI,P47898,compound,protein,0
46216796,CPI,P19525,compound,protein,0
4622,CPI,Q9NUW8,compound,protein,1
46220502,CPI,P50750,compound,protein,1
46220502,CPI,Q13555,compound,protein,1
46220502,CPI,Q7L7X3,compound,protein,1
46220502,CPI,Q9Y5N1,compound,protein,1
46220502,CPI,Q13148,compound,protein,0
46220502,CPI,Q13546,compound,protein,0
46220502,CPI,Q8TDR2,compound,protein,0
46220502,CPI,O60285,compound,protein,0
46224413,CPI,Q92542,compound,protein,1
46224516,CPI,Q8WTQ7,compound,protein,0
4624993,CPI,Q9UNA4,compound,protein,1
4631,CPI,P13945,compound,protein,1
4634,CPI,P33261,compound,protein,1
4634,CPI,Q99720,compound,protein,1
4636,CPI,P25100,compound,protein,1
4636,CPI,P28221,compound,protein,1
4636,CPI,Q9Y2I1,compound,protein,1
4636,CPI,P21127,compound,protein,0
46398810,CPI,P52333,compound,protein,1
46398810,CPI,P31644,compound,protein,0
4641,CPI,Q13148,compound,protein,1
4641,CPI,Q00534,compound,protein,0
464205,CPI,O75469,compound,protein,1
4659569,CPI,P08913,compound,protein,1
4659569,CPI,Q8IW41,compound,protein,0
4666,CPI,P07437,compound,protein,1
46700756,CPI,O00305,compound,protein,0
46705323,CPI,O15197,compound,protein,0
4671,CPI,Q8NER1,compound,protein,1
4673492,CPI,P35916,compound,protein,0
4674,CPI,P14324,compound,protein,1
4674,CPI,Q16236,compound,protein,0
4674,CPI,P49798,compound,protein,0
4675130,CPI,Q9UQ88,compound,protein,0
467801,CPI,Q92769,compound,protein,1
4680,CPI,P10635,compound,protein,1
4680,CPI,P16473,compound,protein,1
4680,CPI,Q9UHD2,compound,protein,0
46843772,CPI,P28221,compound,protein,0
46851313,CPI,P35869,compound,protein,1
4687,CPI,Q9BWU1,compound,protein,0
4687238,CPI,Q8WXR4,compound,protein,0
46876249,CPI,P04818,compound,protein,1
4688,CPI,P27338,compound,protein,1
46883536,CPI,Q96BI3,compound,protein,1
46885626,CPI,O00444,compound,protein,1
46885626,CPI,P57059,compound,protein,1
46885626,CPI,Q02763,compound,protein,1
46885626,CPI,Q04771,compound,protein,1
46885626,CPI,Q9Y243,compound,protein,1
46885626,CPI,P21554,compound,protein,0
46885626,CPI,P41145,compound,protein,0
46903404,CPI,P01215,compound,protein,1
46903432,CPI,P01215,compound,protein,1
46907714,CPI,Q16637,compound,protein,1
46908929,CPI,P13866,compound,protein,1
46912090,CPI,Q9UNQ0,compound,protein,1
46912230,CPI,P27986,compound,protein,1
46916170,CPI,P49760,compound,protein,1
46916170,CPI,P42679,compound,protein,0
46916182,CPI,P49760,compound,protein,1
46916206,CPI,O76039,compound,protein,0
46926973,CPI,P54750,compound,protein,0
46931242,CPI,Q8NA19,compound,protein,1
46940575,CPI,P30542,compound,protein,0
4698,CPI,P46063,compound,protein,1
4698,CPI,O14976,compound,protein,0
4713,CPI,P04637,compound,protein,1
4713,CPI,P15428,compound,protein,1
4713,CPI,P23219,compound,protein,1
4728,CPI,P0DMS8,compound,protein,0
47319,CPI,O15438,compound,protein,0
47319,CPI,P10635,compound,protein,0
4735,CPI,P35462,compound,protein,1
4735,CPI,Q13233,compound,protein,0
4735,CPI,Q9P0L2,compound,protein,0
4737,CPI,P30556,compound,protein,1
4737,CPI,P31644,compound,protein,1
4737,CPI,P43681,compound,protein,1
4737,CPI,Q92847,compound,protein,1
4737,CPI,O60331,compound,protein,0
4737,CPI,O15197,compound,protein,0
4737,CPI,P54132,compound,protein,0
4737,CPI,Q07912,compound,protein,0
4737,CPI,P27037,compound,protein,0
4737,CPI,P42679,compound,protein,0
4740,CPI,P32238,compound,protein,1
4740,CPI,P35367,compound,protein,1
4740,CPI,Q92887,compound,protein,0
4740,CPI,Q9P1W9,compound,protein,0
4746,CPI,P49841,compound,protein,0
4753,CPI,P07550,compound,protein,1
4753,CPI,Q99808,compound,protein,1
4754,CPI,P84022,compound,protein,1
4754,CPI,Q9NUW8,compound,protein,1
4754,CPI,O15438,compound,protein,0
4756,CPI,P18825,compound,protein,1
4760,CPI,P21554,compound,protein,1
4760,CPI,P28482,compound,protein,1
4760,CPI,P43405,compound,protein,0
4760,CPI,Q99700,compound,protein,0
4760,CPI,P07947,compound,protein,0
47641,CPI,Q15125,compound,protein,1
47641,CPI,Q9UNQ0,compound,protein,0
4768,CPI,P08913,compound,protein,1
4768,CPI,P14416,compound,protein,1
4768,CPI,P83916,compound,protein,1
4768,CPI,P07949,compound,protein,0
4771,CPI,P08588,compound,protein,1
4771,CPI,P21554,compound,protein,1
4771,CPI,O00391,compound,protein,0
4771,CPI,O43169,compound,protein,0
4775,CPI,P27695,compound,protein,1
4775,CPI,Q8WUI4,compound,protein,0
4775,CPI,P84022,compound,protein,0
4775,CPI,Q13554,compound,protein,0
4775,CPI,P51817,compound,protein,0
4780,CPI,P02545,compound,protein,1
4780,CPI,P19838,compound,protein,1
4781,CPI,P35367,compound,protein,1
4781,CPI,P54132,compound,protein,1
4781,CPI,O60331,compound,protein,0
4781,CPI,Q9BQI3,compound,protein,0
4788,CPI,P02766,compound,protein,1
47936,CPI,P08172,compound,protein,1
47936,CPI,Q9NPA1,compound,protein,1
47936,CPI,P42679,compound,protein,0
47965,CPI,O95342,compound,protein,0
4813,CPI,P53779,compound,protein,1
4813,CPI,Q14680,compound,protein,1
4813,CPI,P04637,compound,protein,1
4813,CPI,P10828,compound,protein,1
4813,CPI,P20309,compound,protein,0
4813,CPI,P14416,compound,protein,0
4813,CPI,P29274,compound,protein,0
4813,CPI,O75190,compound,protein,0
4813,CPI,O75608,compound,protein,0
4817,CPI,Q9UKI8,compound,protein,0
4828,CPI,P06401,compound,protein,1
4828,CPI,O95342,compound,protein,0
4828,CPI,Q92769,compound,protein,0
4828,CPI,Q15208,compound,protein,0
4828,CPI,P06276,compound,protein,0
4828,CPI,Q9HAZ1,compound,protein,0
4828,CPI,Q92830,compound,protein,0
4829,CPI,Q96KQ7,compound,protein,0
4829,CPI,P42679,compound,protein,0
4829,CPI,Q9UF33,compound,protein,0
4830,CPI,Q12809,compound,protein,1
4830,CPI,P48730,compound,protein,0
4830,CPI,Q9Y2U5,compound,protein,0
4832119,CPI,O95747,compound,protein,0
4839,CPI,P42679,compound,protein,0
4846,CPI,Q9P2K8,compound,protein,0
4848,CPI,P08173,compound,protein,1
4849,CPI,O95342,compound,protein,0
4849,CPI,P51956,compound,protein,0
4858,CPI,Q460N5,compound,protein,1
4858,CPI,P10253,compound,protein,0
4865,CPI,P23975,compound,protein,0
4877,CPI,P06241,compound,protein,1
4877,CPI,Q13393,compound,protein,1
4877,CPI,P21731,compound,protein,0
4878,CPI,P07949,compound,protein,1
4878,CPI,P12931,compound,protein,1
4878,CPI,P50613,compound,protein,1
4878,CPI,Q13464,compound,protein,1
4878,CPI,Q13705,compound,protein,0
4878,CPI,P04062,compound,protein,0
4879,CPI,P07550,compound,protein,0
4879298,CPI,Q03164,compound,protein,1
4879298,CPI,Q9Y5Y9,compound,protein,0
4879298,CPI,Q8N1C3,compound,protein,0
4879301,CPI,P45983,compound,protein,0
4887,CPI,Q15303,compound,protein,0
4889,CPI,O94806,compound,protein,0
4891,CPI,P21728,compound,protein,1
4891,CPI,P28223,compound,protein,1
4891,CPI,P30518,compound,protein,1
4891,CPI,P30542,compound,protein,1
4891,CPI,P43681,compound,protein,1
4891,CPI,Q16637,compound,protein,1
4893,CPI,P08172,compound,protein,1
4893,CPI,P28223,compound,protein,1
4893,CPI,P41595,compound,protein,1
4893,CPI,Q96FL8,compound,protein,1
4893,CPI,Q13043,compound,protein,0
4893,CPI,Q15759,compound,protein,0
4898145,CPI,P36897,compound,protein,0
4912,CPI,O43193,compound,protein,1
4912,CPI,Q16539,compound,protein,0
4913,CPI,P14416,compound,protein,1
4914,CPI,P06239,compound,protein,0
4914,CPI,P68400,compound,protein,0
4914,CPI,P24941,compound,protein,0
4914,CPI,P49137,compound,protein,0
4915,CPI,P32238,compound,protein,1
4915,CPI,Q99808,compound,protein,1
4915,CPI,Q9UEW8,compound,protein,0
4919,CPI,P30542,compound,protein,1
4919,CPI,P11309,compound,protein,0
4919,CPI,P42681,compound,protein,0
4919,CPI,Q09013,compound,protein,0
4919,CPI,O75385,compound,protein,0
4923,CPI,P10635,compound,protein,1
4923,CPI,P42263,compound,protein,0
4926,CPI,P11229,compound,protein,1
4926,CPI,P10636,compound,protein,0
4926,CPI,P08581,compound,protein,0
4927,CPI,P08908,compound,protein,1
4927,CPI,P11229,compound,protein,1
4927,CPI,P51151,compound,protein,0
4927,CPI,Q02750,compound,protein,0
4927,CPI,Q9Y5S2,compound,protein,0
4927,CPI,P14867,compound,protein,0
493570,CPI,Q13526,compound,protein,0
4943,CPI,P28472,compound,protein,1
4943,CPI,P30411,compound,protein,0
4943,CPI,P42345,compound,protein,0
4943,CPI,P30518,compound,protein,0
4950,CPI,P07550,compound,protein,1
4950,CPI,P21554,compound,protein,1
4950,CPI,P25021,compound,protein,1
4950,CPI,P35367,compound,protein,1
4950,CPI,Q92887,compound,protein,0
4950,CPI,O95342,compound,protein,0
4950,CPI,Q9UKE5,compound,protein,0
4950,CPI,Q06710,compound,protein,0
4970,CPI,P33261,compound,protein,1
4976,CPI,P30542,compound,protein,1
4976,CPI,P42345,compound,protein,0
4976,CPI,Q9NUW8,compound,protein,0
49806720,CPI,O75469,compound,protein,1
49806720,CPI,Q14524,compound,protein,1
49806720,CPI,Q56UN5,compound,protein,0
49831257,CPI,Q00975,compound,protein,0
49835913,CPI,Q07869,compound,protein,1
49867929,CPI,Q15078,compound,protein,1
4993,CPI,O43193,compound,protein,1
4993,CPI,P41968,compound,protein,1
4993,CPI,P00533,compound,protein,0
4993,CPI,P51957,compound,protein,0
4993,CPI,Q13882,compound,protein,0
4995951,CPI,P25021,compound,protein,1
4995951,CPI,P41595,compound,protein,1
4995951,CPI,O94806,compound,protein,0
4995951,CPI,Q9Y5N1,compound,protein,0
5011,CPI,P28221,compound,protein,1
5011,CPI,P41595,compound,protein,1
5011,CPI,Q96PY6,compound,protein,0
5029,CPI,P08588,compound,protein,1
5029,CPI,P18089,compound,protein,1
5029,CPI,P27695,compound,protein,0
5029,CPI,Q9UBS5,compound,protein,0
5032,CPI,Q01959,compound,protein,1
5032,CPI,P30939,compound,protein,0
5034,CPI,P10398,compound,protein,1
5034,CPI,P00533,compound,protein,0
5034,CPI,P35968,compound,protein,0
5035,CPI,P14416,compound,protein,1
5035,CPI,Q99714,compound,protein,1
5052,CPI,O15296,compound,protein,1
5054,CPI,P02545,compound,protein,1
5063,CPI,O15146,compound,protein,0
5071,CPI,O15244,compound,protein,1
5071,CPI,Q9H3R0,compound,protein,0
5071,CPI,P34949,compound,protein,0
5071,CPI,P31152,compound,protein,0
5073,CPI,P08172,compound,protein,1
5073,CPI,P10635,compound,protein,1
5073,CPI,P11308,compound,protein,1
5073,CPI,P28335,compound,protein,1
5073,CPI,P35462,compound,protein,1
5073,CPI,Q9Y243,compound,protein,0
5073,CPI,Q8IW41,compound,protein,0
5074,CPI,P19838,compound,protein,1
5074,CPI,P28335,compound,protein,1
5074,CPI,Q04771,compound,protein,0
5074,CPI,P08173,compound,protein,0
5074,CPI,P54753,compound,protein,0
5074,CPI,Q9Y463,compound,protein,0
5074,CPI,O94806,compound,protein,0
5076,CPI,P05177,compound,protein,1
5076,CPI,P20815,compound,protein,1
5076,CPI,P28222,compound,protein,0
5078,CPI,P30939,compound,protein,1
5078,CPI,P41595,compound,protein,1
5078,CPI,Q8N752,compound,protein,0
5078,CPI,P16473,compound,protein,0
5078,CPI,Q15375,compound,protein,0
5081,CPI,P15428,compound,protein,0
5083,CPI,P83916,compound,protein,0
5094,CPI,P0C1S8,compound,protein,0
50942,CPI,Q08493,compound,protein,1
5095,CPI,P08908,compound,protein,1
5095,CPI,P21127,compound,protein,0
5095,CPI,Q92918,compound,protein,0
51000408,CPI,P78527,compound,protein,1
51001932,CPI,P78527,compound,protein,1
51081,CPI,P11388,compound,protein,1
51358113,CPI,Q13315,compound,protein,1
51358113,CPI,Q14978,compound,protein,0
51358113,CPI,Q99705,compound,protein,0
51397657,CPI,P04150,compound,protein,1
5143,CPI,O75496,compound,protein,1
5143,CPI,P05177,compound,protein,0
5149140,CPI,P08684,compound,protein,1
5152,CPI,P07550,compound,protein,1
5152,CPI,P21728,compound,protein,1
5152,CPI,P28223,compound,protein,1
5152,CPI,P07202,compound,protein,0
5152,CPI,O94782,compound,protein,0
5152,CPI,Q8IU85,compound,protein,0
515328,CPI,Q99700,compound,protein,1
5154,CPI,P02545,compound,protein,1
5154,CPI,P16050,compound,protein,1
5154,CPI,Q01668,compound,protein,0
5154,CPI,P02768,compound,protein,0
5154691,CPI,P00519,compound,protein,1
5154691,CPI,Q15139,compound,protein,1
5154691,CPI,Q01959,compound,protein,0
5163,CPI,P34969,compound,protein,1
5163,CPI,P78559,compound,protein,0
51634,CPI,Q00537,compound,protein,0
5166,CPI,O15530,compound,protein,1
5166,CPI,P05129,compound,protein,1
5166,CPI,P51817,compound,protein,1
5166,CPI,P53667,compound,protein,1
5166,CPI,Q13627,compound,protein,1
5166,CPI,Q14680,compound,protein,1
5166,CPI,Q16513,compound,protein,1
5166,CPI,Q9P1W9,compound,protein,1
5166,CPI,P16473,compound,protein,0
5166,CPI,Q16665,compound,protein,0
5166,CPI,Q8IU85,compound,protein,0
5166,CPI,Q5S007,compound,protein,0
5166,CPI,P54760,compound,protein,0
5166,CPI,P08183,compound,protein,0
5166,CPI,Q9NUW8,compound,protein,0
5186,CPI,P11021,compound,protein,1
5202,CPI,P15428,compound,protein,0
5202,CPI,Q9HAZ1,compound,protein,0
5202,CPI,P42684,compound,protein,0
5205,CPI,P37840,compound,protein,0
5205,CPI,P52895,compound,protein,0
5210,CPI,P07550,compound,protein,1
5210,CPI,P18825,compound,protein,1
5210,CPI,P23975,compound,protein,1
5210,CPI,P06241,compound,protein,0
5210,CPI,Q96GD4,compound,protein,0
5210,CPI,Q96QE3,compound,protein,0
5210,CPI,Q9HAZ1,compound,protein,0
5212,CPI,P08172,compound,protein,1
5212,CPI,P25021,compound,protein,1
5212,CPI,P29274,compound,protein,1
5212,CPI,P51160,compound,protein,1
5215,CPI,P37023,compound,protein,0
5219,CPI,P04049,compound,protein,0
5219,CPI,P42680,compound,protein,0
5228,CPI,O60674,compound,protein,1
5230270,CPI,Q9P0X4,compound,protein,1
5236771,CPI,P54132,compound,protein,0
5240098,CPI,P49798,compound,protein,1
5245,CPI,P50406,compound,protein,1
5245,CPI,Q9UBS5,compound,protein,1
5253,CPI,P08588,compound,protein,1
5253,CPI,P21728,compound,protein,1
5265,CPI,O75496,compound,protein,1
5265,CPI,P04439,compound,protein,1
5265,CPI,P28221,compound,protein,1
5265,CPI,P28335,compound,protein,1
5265,CPI,Q8N4C8,compound,protein,0
5265,CPI,Q6XUX3,compound,protein,0
5265,CPI,O96013,compound,protein,0
5268,CPI,P28223,compound,protein,1
5268,CPI,P07948,compound,protein,0
5268,CPI,P08684,compound,protein,0
5271544,CPI,P27695,compound,protein,1
5273569,CPI,O75496,compound,protein,1
5278,CPI,P15121,compound,protein,1
5280363,CPI,Q9NSA0,compound,protein,1
5280363,CPI,O15438,compound,protein,0
5280436,CPI,Q9Y6M4,compound,protein,0
5280443,CPI,P00352,compound,protein,1
5280443,CPI,Q9H2K2,compound,protein,1
5280443,CPI,Q9UEE5,compound,protein,0
5280443,CPI,Q15569,compound,protein,0
5280443,CPI,Q9UL54,compound,protein,0
5280445,CPI,O95271,compound,protein,1
5280445,CPI,P27695,compound,protein,1
5280445,CPI,P57058,compound,protein,0
5280445,CPI,P49760,compound,protein,0
5280445,CPI,O00506,compound,protein,0
5280453,CPI,P31260,compound,protein,1
5280453,CPI,Q01959,compound,protein,1
5280483,CPI,P02818,compound,protein,1
5280569,CPI,O15296,compound,protein,1
5280723,CPI,P30411,compound,protein,1
5280723,CPI,O14730,compound,protein,0
5280723,CPI,P78362,compound,protein,0
5280723,CPI,Q00536,compound,protein,0
5280723,CPI,P37023,compound,protein,0
5280723,CPI,P37840,compound,protein,0
5280723,CPI,Q00537,compound,protein,0
5280723,CPI,Q15139,compound,protein,0
5280754,CPI,P62937,compound,protein,1
5280804,CPI,Q9UBN7,compound,protein,0
5280805,CPI,O60341,compound,protein,1
5280805,CPI,P16152,compound,protein,1
5280805,CPI,P42681,compound,protein,0
5280863,CPI,P04637,compound,protein,1
5280863,CPI,P41595,compound,protein,0
5280954,CPI,P21554,compound,protein,1
5280954,CPI,P43681,compound,protein,1
5280954,CPI,Q12866,compound,protein,0
5280954,CPI,Q15569,compound,protein,0
5280961,CPI,O43451,compound,protein,1
5280961,CPI,P03372,compound,protein,1
5280961,CPI,P10828,compound,protein,1
5280961,CPI,P11712,compound,protein,1
5280961,CPI,Q16236,compound,protein,1
5280961,CPI,Q9UBN7,compound,protein,1
5280961,CPI,P14635,compound,protein,0
5280961,CPI,O15530,compound,protein,0
5280961,CPI,P78362,compound,protein,0
5281037,CPI,P41145,compound,protein,1
5281037,CPI,P57059,compound,protein,0
5281040,CPI,P08913,compound,protein,1
5281040,CPI,P10632,compound,protein,1
5281040,CPI,P18825,compound,protein,1
5281040,CPI,P41143,compound,protein,1
5281040,CPI,P08581,compound,protein,0
5281051,CPI,P10636,compound,protein,1
5281051,CPI,Q9BYT3,compound,protein,0
5281051,CPI,P51151,compound,protein,0
5281071,CPI,P29034,compound,protein,1
5281081,CPI,O15439,compound,protein,1
5281081,CPI,P23975,compound,protein,0
5281087,CPI,P49759,compound,protein,0
5281565,CPI,P22607,compound,protein,0
5281571,CPI,P27338,compound,protein,0
5281613,CPI,P11309,compound,protein,0
5281614,CPI,P29274,compound,protein,0
5281672,CPI,P00352,compound,protein,1
5281672,CPI,Q9H252,compound,protein,0
5281691,CPI,P08913,compound,protein,0
5281708,CPI,P04637,compound,protein,1
5281708,CPI,P40225,compound,protein,1
5281727,CPI,P18825,compound,protein,0
5281787,CPI,P14618,compound,protein,0
5281847,CPI,P11473,compound,protein,1
5281847,CPI,Q9NRM7,compound,protein,0
5282071,CPI,P28223,compound,protein,0
5282136,CPI,P21728,compound,protein,1
5282136,CPI,P31645,compound,protein,1
5282136,CPI,Q8TDC3,compound,protein,0
5282136,CPI,P29466,compound,protein,0
5282272,CPI,P00519,compound,protein,0
5282367,CPI,Q14432,compound,protein,1
5282367,CPI,Q9NRA0,compound,protein,0
5282440,CPI,Q8IW41,compound,protein,0
5282443,CPI,P14416,compound,protein,1
5282443,CPI,P18089,compound,protein,1
5282443,CPI,O95342,compound,protein,0
5282443,CPI,O15111,compound,protein,0
5282443,CPI,Q9UBF8,compound,protein,0
5282443,CPI,P41743,compound,protein,0
5282451,CPI,Q16288,compound,protein,0
5282452,CPI,P04150,compound,protein,1
5282452,CPI,P35354,compound,protein,1
5282452,CPI,P41968,compound,protein,1
5282452,CPI,Q8NEV4,compound,protein,0
5282452,CPI,P08069,compound,protein,0
5282452,CPI,Q9UPZ9,compound,protein,0
5282593,CPI,P08173,compound,protein,1
5282593,CPI,O95342,compound,protein,0
5283387,CPI,O94782,compound,protein,1
5283393,CPI,P34969,compound,protein,0
5283446,CPI,P00352,compound,protein,1
5283454,CPI,Q9Y463,compound,protein,0
5284353,CPI,P28222,compound,protein,1
5284353,CPI,P28223,compound,protein,1
5284353,CPI,P27448,compound,protein,0
5284353,CPI,Q15418,compound,protein,0
5284513,CPI,P08588,compound,protein,1
5284513,CPI,P23975,compound,protein,1
5284513,CPI,P15056,compound,protein,0
5284513,CPI,O15075,compound,protein,0
5284513,CPI,Q13873,compound,protein,0
5284514,CPI,P35367,compound,protein,1
5284550,CPI,Q16637,compound,protein,0
5284550,CPI,P22303,compound,protein,0
5284627,CPI,P08908,compound,protein,1
5284627,CPI,P34969,compound,protein,1
5284627,CPI,P35372,compound,protein,1
5284627,CPI,P43166,compound,protein,1
5284627,CPI,Q12931,compound,protein,0
5284627,CPI,O15492,compound,protein,0
5284627,CPI,Q9NPH5,compound,protein,0
5284627,CPI,P51589,compound,protein,0
5284627,CPI,Q01064,compound,protein,0
5284627,CPI,O75604,compound,protein,0
5286239,CPI,O15296,compound,protein,1
5286239,CPI,P07359,compound,protein,0
5287620,CPI,P42685,compound,protein,0
5287620,CPI,Q13627,compound,protein,0
5287620,CPI,P27815,compound,protein,0
5287855,CPI,P48736,compound,protein,1
5287855,CPI,Q99700,compound,protein,1
5287855,CPI,P31645,compound,protein,0
5287969,CPI,O00444,compound,protein,1
5287969,CPI,O95835,compound,protein,1
5287969,CPI,P00519,compound,protein,1
5287969,CPI,P06239,compound,protein,1
5287969,CPI,P10721,compound,protein,1
5287969,CPI,P23458,compound,protein,1
5287969,CPI,P45983,compound,protein,1
5287969,CPI,P50613,compound,protein,1
5287969,CPI,P53350,compound,protein,1
5287969,CPI,P57078,compound,protein,1
5287969,CPI,P78368,compound,protein,1
5287969,CPI,Q02763,compound,protein,1
5287969,CPI,Q52WX2,compound,protein,1
5287969,CPI,Q86Y07,compound,protein,1
5287969,CPI,Q9BUB5,compound,protein,1
5287969,CPI,Q9H3Y6,compound,protein,1
5287969,CPI,Q9H422,compound,protein,1
5287969,CPI,Q9HCP0,compound,protein,1
5287969,CPI,Q9UM73,compound,protein,1
5287969,CPI,Q9UQM7,compound,protein,1
5287969,CPI,Q9Y243,compound,protein,1
5287969,CPI,P08912,compound,protein,0
5287969,CPI,P46098,compound,protein,0
5287969,CPI,P17707,compound,protein,0
5287969,CPI,P0DMS9,compound,protein,0
5287969,CPI,Q9NRI5,compound,protein,0
5287969,CPI,Q96HI0,compound,protein,0
5287969,CPI,Q96KN9,compound,protein,0
5287969,CPI,P52565,compound,protein,0
5287969,CPI,Q9HCK1,compound,protein,0
5287969,CPI,Q9Y5F1,compound,protein,0
5287969,CPI,Q03113,compound,protein,0
5287969,CPI,P19526,compound,protein,0
5287969,CPI,Q155Q3,compound,protein,0
5287969,CPI,Q92837,compound,protein,0
5287969,CPI,Q9NX02,compound,protein,0
5287969,CPI,Q06547,compound,protein,0
5287969,CPI,Q9UNG2,compound,protein,0
5288209,CPI,P28702,compound,protein,1
5288382,CPI,P14625,compound,protein,1
5288382,CPI,Q9H3R0,compound,protein,1
5288600,CPI,P78368,compound,protein,1
5288600,CPI,Q16236,compound,protein,1
5288600,CPI,Q16665,compound,protein,1
5288600,CPI,Q96KQ7,compound,protein,1
5288600,CPI,Q99700,compound,protein,1
5289501,CPI,O15118,compound,protein,1
5289501,CPI,P00519,compound,protein,0
5291,CPI,O14757,compound,protein,1
5291,CPI,O15146,compound,protein,1
5291,CPI,O60674,compound,protein,1
5291,CPI,O75716,compound,protein,1
5291,CPI,O76039,compound,protein,1
5291,CPI,P10721,compound,protein,1
5291,CPI,P23280,compound,protein,1
5291,CPI,P28223,compound,protein,1
5291,CPI,P28482,compound,protein,1
5291,CPI,P42338,compound,protein,1
5291,CPI,P49336,compound,protein,1
5291,CPI,P49840,compound,protein,1
5291,CPI,P51956,compound,protein,1
5291,CPI,P57058,compound,protein,1
5291,CPI,P57078,compound,protein,1
5291,CPI,P78356,compound,protein,1
5291,CPI,Q14289,compound,protein,1
5291,CPI,Q15746,compound,protein,1
5291,CPI,Q32MK0,compound,protein,1
5291,CPI,Q56UN5,compound,protein,1
5291,CPI,Q7KZI7,compound,protein,1
5291,CPI,Q8N752,compound,protein,1
5291,CPI,Q9BUB5,compound,protein,1
5291,CPI,Q9HC98,compound,protein,1
5291,CPI,Q9P0L2,compound,protein,1
5291,CPI,Q9Y243,compound,protein,1
5291,CPI,P37231,compound,protein,0
5291,CPI,Q14994,compound,protein,0
5291,CPI,Q96LD8,compound,protein,0
5291,CPI,P06401,compound,protein,0
5291,CPI,Q01064,compound,protein,0
5291,CPI,P13569,compound,protein,0
5291,CPI,P46063,compound,protein,0
5291,CPI,Q14524,compound,protein,0
5291,CPI,P10632,compound,protein,0
5291,CPI,Q06278,compound,protein,0
5291,CPI,P01584,compound,protein,0
5291,CPI,P34969,compound,protein,0
5291,CPI,Q9Y468,compound,protein,0
5291,CPI,P28702,compound,protein,0
52912189,CPI,Q15059,compound,protein,1
5310966,CPI,P17787,compound,protein,1
5311,CPI,P21728,compound,protein,1
5311,CPI,P25103,compound,protein,1
5311,CPI,P41595,compound,protein,1
5311,CPI,P49146,compound,protein,1
5311,CPI,Q969S8,compound,protein,1
5311,CPI,Q9UM73,compound,protein,0
5311,CPI,P04062,compound,protein,0
5311018,CPI,P41143,compound,protein,1
5311018,CPI,P41145,compound,protein,1
5311053,CPI,Q13148,compound,protein,0
5311097,CPI,Q9UGM1,compound,protein,0
5311181,CPI,Q13258,compound,protein,1
5311181,CPI,Q9H4B7,compound,protein,0
5311181,CPI,P30613,compound,protein,0
5311211,CPI,O60563,compound,protein,0
5311217,CPI,O60840,compound,protein,1
5311217,CPI,P02545,compound,protein,1
5311217,CPI,Q9UBT6,compound,protein,1
5311217,CPI,Q15569,compound,protein,0
5311257,CPI,P10636,compound,protein,1
5311380,CPI,P14625,compound,protein,1
5311380,CPI,Q15120,compound,protein,1
5311412,CPI,P11474,compound,protein,1
5311412,CPI,Q02750,compound,protein,0
5311412,CPI,P37173,compound,protein,0
5311412,CPI,Q32MK0,compound,protein,0
5311479,CPI,P29274,compound,protein,1
5311479,CPI,Q5S007,compound,protein,0
5311493,CPI,Q9P1W9,compound,protein,0
5311507,CPI,O75469,compound,protein,1
5311507,CPI,P07550,compound,protein,1
5311507,CPI,P08908,compound,protein,1
5311507,CPI,P08913,compound,protein,1
5311507,CPI,P0DMS8,compound,protein,1
5311507,CPI,P10635,compound,protein,1
5311507,CPI,P21554,compound,protein,1
5311507,CPI,P46098,compound,protein,1
5311507,CPI,Q96KQ7,compound,protein,1
5311507,CPI,P15056,compound,protein,0
5311507,CPI,Q8IUX4,compound,protein,0
5311507,CPI,Q2M2I8,compound,protein,0
5312114,CPI,P32298,compound,protein,0
5312137,CPI,P42345,compound,protein,1
5312137,CPI,P68871,compound,protein,1
5312137,CPI,P23458,compound,protein,0
5312137,CPI,P48729,compound,protein,0
5312137,CPI,Q8N4C8,compound,protein,0
5314,CPI,P21728,compound,protein,1
5318,CPI,P41143,compound,protein,1
5318,CPI,Q05655,compound,protein,0
5318433,CPI,P35869,compound,protein,1
5318433,CPI,Q15078,compound,protein,1
5320,CPI,O43193,compound,protein,1
5320,CPI,O75496,compound,protein,1
5320,CPI,P21554,compound,protein,1
5320,CPI,Q9NUW8,compound,protein,1
5320,CPI,O75604,compound,protein,0
5320,CPI,P06241,compound,protein,0
5320716,CPI,Q9UF33,compound,protein,0
5323,CPI,P00352,compound,protein,1
53235510,CPI,P07948,compound,protein,1
53235510,CPI,Q04912,compound,protein,1
53235510,CPI,Q15418,compound,protein,1
53235510,CPI,O94806,compound,protein,0
53235510,CPI,P08912,compound,protein,0
53235510,CPI,P23443,compound,protein,0
5323714,CPI,P07550,compound,protein,1
5323714,CPI,P21554,compound,protein,1
5323714,CPI,Q92847,compound,protein,1
5323714,CPI,Q9UNA4,compound,protein,1
5323714,CPI,Q9UKE5,compound,protein,0
5323714,CPI,O60674,compound,protein,0
5323714,CPI,O94804,compound,protein,0
5323714,CPI,P33981,compound,protein,0
5324,CPI,Q96L73,compound,protein,0
5324346,CPI,P10635,compound,protein,1
5324346,CPI,P11229,compound,protein,1
5324346,CPI,P41595,compound,protein,1
5324346,CPI,Q13131,compound,protein,0
5324346,CPI,Q9Y616,compound,protein,0
53245473,CPI,P32245,compound,protein,0
5325,CPI,P30411,compound,protein,1
5325,CPI,P32238,compound,protein,1
5325,CPI,P43681,compound,protein,1
5325,CPI,Q92847,compound,protein,1
5325,CPI,Q9Y4K4,compound,protein,0
5325,CPI,Q13526,compound,protein,0
5327,CPI,P28223,compound,protein,1
53276,CPI,P03372,compound,protein,1
53276,CPI,P55211,compound,protein,1
5327723,CPI,P04150,compound,protein,0
5328760,CPI,P49760,compound,protein,0
5328760,CPI,P07949,compound,protein,0
5328760,CPI,Q02763,compound,protein,0
5328768,CPI,Q05193,compound,protein,0
5328768,CPI,Q13557,compound,protein,0
5328771,CPI,P05177,compound,protein,1
5328771,CPI,Q13526,compound,protein,1
5328771,CPI,P43681,compound,protein,0
5328771,CPI,P53778,compound,protein,0
5328772,CPI,Q13873,compound,protein,0
5328940,CPI,O75385,compound,protein,1
5328940,CPI,O75582,compound,protein,1
5328940,CPI,O95382,compound,protein,1
5328940,CPI,P04049,compound,protein,1
5328940,CPI,P19525,compound,protein,1
5328940,CPI,P31749,compound,protein,1
5328940,CPI,P35968,compound,protein,1
5328940,CPI,P42336,compound,protein,1
5328940,CPI,P43681,compound,protein,1
5328940,CPI,P53778,compound,protein,1
5328940,CPI,P54760,compound,protein,1
5328940,CPI,P78356,compound,protein,1
5328940,CPI,Q00537,compound,protein,1
5328940,CPI,Q08345,compound,protein,1
5328940,CPI,Q13188,compound,protein,1
5328940,CPI,Q13470,compound,protein,1
5328940,CPI,Q16832,compound,protein,1
5328940,CPI,Q5S007,compound,protein,1
5328940,CPI,Q6XUX3,compound,protein,1
5328940,CPI,Q8TD08,compound,protein,1
5328940,CPI,Q96GD4,compound,protein,1
5328940,CPI,Q99759,compound,protein,1
5328940,CPI,Q9UBE8,compound,protein,1
5328940,CPI,P14867,compound,protein,0
5328940,CPI,P16050,compound,protein,0
5328940,CPI,Q16637,compound,protein,0
5328940,CPI,O43570,compound,protein,0
5328940,CPI,Q96KQ7,compound,protein,0
5328940,CPI,Q03181,compound,protein,0
5328940,CPI,P46063,compound,protein,0
5328940,CPI,Q96QE3,compound,protein,0
5328940,CPI,O95848,compound,protein,0
5328940,CPI,P41220,compound,protein,0
5328940,CPI,Q5VY80,compound,protein,0
5328940,CPI,Q8NH48,compound,protein,0
5328940,CPI,Q96QS3,compound,protein,0
5328940,CPI,Q99538,compound,protein,0
5328940,CPI,P59991,compound,protein,0
5328940,CPI,Q14541,compound,protein,0
5328940,CPI,Q9NZV6,compound,protein,0
5328940,CPI,Q5JPI3,compound,protein,0
5328940,CPI,Q9H9A5,compound,protein,0
5328940,CPI,Q96E16,compound,protein,0
5328940,CPI,Q9BV47,compound,protein,0
5328940,CPI,Q9NV12,compound,protein,0
5328940,CPI,O95859,compound,protein,0
5328940,CPI,Q8N7C3,compound,protein,0
5328940,CPI,Q8N118,compound,protein,0
5329,CPI,O43193,compound,protein,1
5329,CPI,P28223,compound,protein,1
5329,CPI,P37288,compound,protein,1
5329,CPI,P43681,compound,protein,1
5329,CPI,Q9UM07,compound,protein,0
5329,CPI,O95342,compound,protein,0
5329,CPI,Q9H4B4,compound,protein,0
5329,CPI,Q9P2K8,compound,protein,0
5329006,CPI,P33981,compound,protein,0
5329098,CPI,O94782,compound,protein,1
5329098,CPI,Q13148,compound,protein,1
5329098,CPI,P30518,compound,protein,0
5329099,CPI,P16234,compound,protein,1
5329099,CPI,P17948,compound,protein,1
5329099,CPI,Q16584,compound,protein,1
5329099,CPI,P36544,compound,protein,0
53299817,CPI,P07332,compound,protein,0
5330,CPI,P02545,compound,protein,1
5330,CPI,P25021,compound,protein,1
5330,CPI,P41145,compound,protein,1
5330,CPI,P43681,compound,protein,1
5330,CPI,P08922,compound,protein,0
5330,CPI,Q8WUI4,compound,protein,0
5330286,CPI,O15264,compound,protein,1
5330286,CPI,O43293,compound,protein,1
5330286,CPI,O94806,compound,protein,1
5330286,CPI,P11802,compound,protein,1
5330286,CPI,P25103,compound,protein,1
5330286,CPI,P28223,compound,protein,1
5330286,CPI,P29376,compound,protein,1
5330286,CPI,P35372,compound,protein,1
5330286,CPI,P46098,compound,protein,1
5330286,CPI,P68400,compound,protein,1
5330286,CPI,Q9HAZ1,compound,protein,1
5330286,CPI,P42681,compound,protein,0
5330286,CPI,O14936,compound,protein,0
5330286,CPI,P27695,compound,protein,0
5330286,CPI,O75469,compound,protein,0
5330286,CPI,Q8N752,compound,protein,0
5330286,CPI,Q8TDX7,compound,protein,0
5330286,CPI,P16050,compound,protein,0
5330286,CPI,Q9H4B4,compound,protein,0
5330286,CPI,Q8IWQ3,compound,protein,0
5330286,CPI,Q02779,compound,protein,0
53340666,CPI,P56524,compound,protein,1
53340666,CPI,Q9BY41,compound,protein,1
5337366,CPI,P0C1S8,compound,protein,0
53377448,CPI,O43741,compound,protein,0
5338,CPI,P02545,compound,protein,1
53382764,CPI,Q03431,compound,protein,1
5339,CPI,P16473,compound,protein,1
5339,CPI,P46098,compound,protein,1
5339,CPI,P56524,compound,protein,0
5339,CPI,P05067,compound,protein,0
53394010,CPI,P04150,compound,protein,1
53394010,CPI,P06401,compound,protein,1
5340,CPI,P08913,compound,protein,1
5340,CPI,Q92772,compound,protein,0
5340,CPI,Q86V86,compound,protein,0
5341943,CPI,P27361,compound,protein,0
5344,CPI,P16473,compound,protein,1
5344,CPI,P30556,compound,protein,1
5344,CPI,P35367,compound,protein,1
5344,CPI,Q92847,compound,protein,1
5344,CPI,O15439,compound,protein,0
5344,CPI,Q9Y6R4,compound,protein,0
5344,CPI,Q16513,compound,protein,0
5344,CPI,P08684,compound,protein,0
5344,CPI,O75914,compound,protein,0
5344,CPI,Q16236,compound,protein,0
53472153,CPI,P49674,compound,protein,1
53472153,CPI,P00352,compound,protein,0
53484654,CPI,P51957,compound,protein,0
53495165,CPI,P46734,compound,protein,0
5352,CPI,P15121,compound,protein,1
5352,CPI,P27361,compound,protein,1
5352,CPI,Q9Y5Y4,compound,protein,1
5352,CPI,P07332,compound,protein,0
5352,CPI,Q8IW41,compound,protein,0
5352,CPI,P43405,compound,protein,0
5352,CPI,Q8NI60,compound,protein,0
5352,CPI,Q14289,compound,protein,0
5352,CPI,P00519,compound,protein,0
5352624,CPI,P05177,compound,protein,1
5352624,CPI,P0DMS8,compound,protein,1
5352624,CPI,P23219,compound,protein,1
5352624,CPI,Q9Y5Y4,compound,protein,1
5352624,CPI,P08913,compound,protein,0
5352624,CPI,Q9H4B7,compound,protein,0
5353,CPI,P02545,compound,protein,1
5353432,CPI,P11021,compound,protein,1
5353432,CPI,P21728,compound,protein,1
5353432,CPI,P48546,compound,protein,0
5353454,CPI,P39748,compound,protein,1
5353454,CPI,Q6W5P4,compound,protein,1
5353609,CPI,P00533,compound,protein,0
5353685,CPI,Q99549,compound,protein,1
5353685,CPI,P31260,compound,protein,0
5353852,CPI,P11021,compound,protein,1
5354033,CPI,O15296,compound,protein,1
5354033,CPI,P25929,compound,protein,0
5355,CPI,P00915,compound,protein,1
5355,CPI,P18089,compound,protein,0
5359,CPI,P08913,compound,protein,1
5359,CPI,P21397,compound,protein,1
5359,CPI,P28223,compound,protein,1
5359,CPI,P30411,compound,protein,1
5359,CPI,P30518,compound,protein,1
5359,CPI,P35367,compound,protein,1
5359,CPI,P41968,compound,protein,1
5359,CPI,Q99500,compound,protein,0
5359,CPI,Q13621,compound,protein,0
5360515,CPI,P22309,compound,protein,0
5360696,CPI,P21397,compound,protein,1
5361,CPI,P14555,compound,protein,1
5361,CPI,Q16236,compound,protein,1
5361,CPI,Q9UNA4,compound,protein,1
5361298,CPI,P46059,compound,protein,1
5362119,CPI,P07550,compound,protein,1
5362119,CPI,P18089,compound,protein,1
5362119,CPI,P48729,compound,protein,0
5362119,CPI,P16591,compound,protein,0
5362119,CPI,Q16236,compound,protein,0
5362124,CPI,P21397,compound,protein,1
5362124,CPI,P25021,compound,protein,1
5362124,CPI,P41595,compound,protein,1
5362124,CPI,P29320,compound,protein,0
5362124,CPI,Q16790,compound,protein,0
5362124,CPI,Q2M2I8,compound,protein,0
5362129,CPI,P37288,compound,protein,1
5362129,CPI,O95342,compound,protein,0
5362422,CPI,P06734,compound,protein,1
5362422,CPI,P78536,compound,protein,1
53708,CPI,Q14432,compound,protein,1
53708,CPI,O15438,compound,protein,0
53708,CPI,Q9UQL6,compound,protein,0
53708,CPI,O75385,compound,protein,0
5379,CPI,O94806,compound,protein,1
5379,CPI,P03372,compound,protein,1
5379,CPI,P29274,compound,protein,1
5379,CPI,P31645,compound,protein,1
5379,CPI,Q9HAZ1,compound,protein,1
5381,CPI,P08588,compound,protein,1
5381,CPI,P13631,compound,protein,1
5381,CPI,P53778,compound,protein,0
5382,CPI,P02545,compound,protein,1
5388962,CPI,P20309,compound,protein,1
5388962,CPI,Q14432,compound,protein,1
5388962,CPI,Q16548,compound,protein,0
5388962,CPI,P11216,compound,protein,0
5388993,CPI,P68366,compound,protein,1
5388993,CPI,P15735,compound,protein,0
5391,CPI,Q8TDS4,compound,protein,1
5391,CPI,P18505,compound,protein,0
5391,CPI,O14730,compound,protein,0
5394,CPI,P08912,compound,protein,1
5394,CPI,P25021,compound,protein,1
5394,CPI,Q92887,compound,protein,0
5403,CPI,O15438,compound,protein,0
5405,CPI,P08684,compound,protein,1
5405,CPI,P25021,compound,protein,1
5405,CPI,P35372,compound,protein,1
5405,CPI,P49841,compound,protein,0
5405,CPI,Q8TD19,compound,protein,0
5405,CPI,P22455,compound,protein,0
5405,CPI,O75385,compound,protein,0
5405,CPI,P17948,compound,protein,0
54167661,CPI,P35968,compound,protein,0
5417,CPI,P21728,compound,protein,1
5419,CPI,P08908,compound,protein,1
5429,CPI,P21731,compound,protein,1
5429,CPI,P41145,compound,protein,1
5429,CPI,P06213,compound,protein,0
5429,CPI,P29317,compound,protein,0
5429,CPI,P08912,compound,protein,0
5430,CPI,Q9NRP7,compound,protein,0
5430,CPI,P49761,compound,protein,0
54367,CPI,P28335,compound,protein,1
5440,CPI,P43681,compound,protein,1
5440,CPI,O00482,compound,protein,0
54459,CPI,P18089,compound,protein,1
54459,CPI,Q9Y2I1,compound,protein,1
5452,CPI,Q01959,compound,protein,1
5452,CPI,P09651,compound,protein,0
5452,CPI,O15530,compound,protein,0
5453,CPI,P18089,compound,protein,1
5453,CPI,P31645,compound,protein,1
5453,CPI,O15438,compound,protein,0
5453,CPI,P10635,compound,protein,0
54575046,CPI,P27361,compound,protein,1
54575046,CPI,P29466,compound,protein,1
54575046,CPI,P31152,compound,protein,1
54585,CPI,P23219,compound,protein,1
5458656,CPI,Q16665,compound,protein,1
54618762,CPI,P29320,compound,protein,0
54645828,CPI,P52333,compound,protein,0
54646688,CPI,Q06710,compound,protein,1
54651469,CPI,O14578,compound,protein,0
54660650,CPI,Q86UE8,compound,protein,0
54660729,CPI,Q9NZ08,compound,protein,1
5467,CPI,O94782,compound,protein,1
5467,CPI,P29317,compound,protein,0
5467,CPI,P45983,compound,protein,0
54676038,CPI,Q9BQB6,compound,protein,1
54676038,CPI,P51451,compound,protein,0
54676038,CPI,Q13705,compound,protein,0
54676537,CPI,Q16665,compound,protein,0
54678486,CPI,Q16236,compound,protein,0
5468,CPI,Q9Y5N1,compound,protein,1
5468,CPI,Q9Y2K7,compound,protein,0
5468,CPI,P61026,compound,protein,0
54685921,CPI,P28223,compound,protein,0
54685921,CPI,P11229,compound,protein,0
5469318,CPI,P49759,compound,protein,0
5469318,CPI,P08172,compound,protein,0
5472,CPI,P02545,compound,protein,1
5472495,CPI,O60218,compound,protein,1
5472495,CPI,P06280,compound,protein,1
5472495,CPI,P37288,compound,protein,0
5472495,CPI,P11229,compound,protein,0
54764919,CPI,P21397,compound,protein,0
5478883,CPI,P0DJD9,compound,protein,1
5479529,CPI,Q16348,compound,protein,0
5482,CPI,Q16850,compound,protein,1
5482,CPI,Q96QE3,compound,protein,0
5482874,CPI,Q00537,compound,protein,0
54841,CPI,O15399,compound,protein,1
54841,CPI,O95342,compound,protein,0
54841,CPI,P28472,compound,protein,0
5487,CPI,P31645,compound,protein,1
5487,CPI,Q9Y2I1,compound,protein,1
5487,CPI,P07947,compound,protein,0
5487,CPI,P28482,compound,protein,0
5487407,CPI,P27338,compound,protein,1
5487427,CPI,P08912,compound,protein,1
54892,CPI,P12821,compound,protein,1
54892,CPI,P23975,compound,protein,1
54892,CPI,Q9NRP7,compound,protein,0
54897,CPI,P50406,compound,protein,1
5494449,CPI,P16234,compound,protein,1
5494449,CPI,P28482,compound,protein,1
5494449,CPI,P42680,compound,protein,1
5494449,CPI,P45984,compound,protein,1
5494449,CPI,P45985,compound,protein,1
5494449,CPI,P49674,compound,protein,1
5494449,CPI,Q04912,compound,protein,1
5494449,CPI,Q15569,compound,protein,1
5494449,CPI,Q15835,compound,protein,1
5494449,CPI,Q86YV6,compound,protein,1
5494449,CPI,Q8IVW4,compound,protein,1
5494449,CPI,Q9H4B4,compound,protein,1
5494449,CPI,Q12809,compound,protein,0
5494449,CPI,Q9NUW8,compound,protein,0
5494449,CPI,P00352,compound,protein,0
5494449,CPI,P16473,compound,protein,0
5494449,CPI,P08912,compound,protein,0
5494449,CPI,P10635,compound,protein,0
5494449,CPI,Q8N531,compound,protein,0
5494449,CPI,Q9BU23,compound,protein,0
5494449,CPI,A6NKN8,compound,protein,0
5494449,CPI,Q9P2P6,compound,protein,0
5494449,CPI,P03999,compound,protein,0
5494449,CPI,Q9HC73,compound,protein,0
5494449,CPI,Q3MHD2,compound,protein,0
5494449,CPI,Q9H9H4,compound,protein,0
5494449,CPI,Q6UXG3,compound,protein,0
5494449,CPI,Q9NQ94,compound,protein,0
5494449,CPI,Q9H582,compound,protein,0
5494449,CPI,O96000,compound,protein,0
5494449,CPI,P51809,compound,protein,0
5494449,CPI,A0A0U1RQL9,compound,protein,0
5494449,CPI,Q9BWH6,compound,protein,0
5503,CPI,Q9UPZ9,compound,protein,0
5503,CPI,O00750,compound,protein,0
5503,CPI,P09619,compound,protein,0
5503,CPI,P23219,compound,protein,0
5503,CPI,P84022,compound,protein,0
5503,CPI,Q9NWZ3,compound,protein,0
5504,CPI,P05177,compound,protein,1
5510,CPI,P21731,compound,protein,1
5510,CPI,P33261,compound,protein,1
5510,CPI,Q14534,compound,protein,1
5510,CPI,Q9UF33,compound,protein,0
5526,CPI,P18089,compound,protein,1
5526,CPI,O14936,compound,protein,0
5533,CPI,P14416,compound,protein,1
5533,CPI,P25100,compound,protein,1
5533,CPI,Q01959,compound,protein,1
5533,CPI,Q7KZI7,compound,protein,0
5533,CPI,P53779,compound,protein,0
5533,CPI,P78368,compound,protein,0
5533,CPI,Q99759,compound,protein,0
5533,CPI,P39748,compound,protein,0
5537,CPI,P11309,compound,protein,0
5538,CPI,P10826,compound,protein,1
5538,CPI,Q16654,compound,protein,1
5538,CPI,P07332,compound,protein,0
5546,CPI,P10635,compound,protein,1
5546,CPI,P37088,compound,protein,1
5546,CPI,P50406,compound,protein,1
5546,CPI,P51168,compound,protein,1
5546,CPI,P05231,compound,protein,0
5546,CPI,Q02846,compound,protein,0
5560,CPI,Q8NG66,compound,protein,0
5564,CPI,P0DMS8,compound,protein,1
5564,CPI,P10275,compound,protein,1
5564,CPI,Q9NUW8,compound,protein,1
5564,CPI,Q8TD19,compound,protein,0
5565,CPI,Q96F10,compound,protein,0
5566,CPI,P08588,compound,protein,1
5566,CPI,P21554,compound,protein,1
5566,CPI,P41145,compound,protein,1
5566,CPI,Q99714,compound,protein,1
5566,CPI,P10275,compound,protein,0
5566,CPI,P35916,compound,protein,0
5568,CPI,Q14680,compound,protein,0
5568,CPI,Q16620,compound,protein,0
5568,CPI,P25103,compound,protein,0
5568,CPI,P36888,compound,protein,0
5573,CPI,O95342,compound,protein,1
5573,CPI,P19793,compound,protein,0
5576,CPI,P32245,compound,protein,1
5576,CPI,Q14289,compound,protein,0
5576,CPI,Q96RR4,compound,protein,0
5576,CPI,Q00535,compound,protein,0
5578,CPI,Q96KQ7,compound,protein,1
5578,CPI,P37840,compound,protein,0
5578,CPI,Q08881,compound,protein,0
5578,CPI,P49841,compound,protein,0
5584,CPI,P08172,compound,protein,1
5584,CPI,P16473,compound,protein,0
5584,CPI,Q08499,compound,protein,0
5585,CPI,P21728,compound,protein,1
5585,CPI,Q9UQM7,compound,protein,0
5626,CPI,P28482,compound,protein,1
5639,CPI,O15439,compound,protein,0
5639,CPI,P42224,compound,protein,0
564,CPI,P28223,compound,protein,1
564,CPI,P30411,compound,protein,1
564,CPI,P41145,compound,protein,1
564,CPI,P41595,compound,protein,1
564,CPI,P21917,compound,protein,0
564,CPI,P08912,compound,protein,0
564,CPI,P84022,compound,protein,0
56654642,CPI,Q8WUI4,compound,protein,0
5666,CPI,P41145,compound,protein,1
5666,CPI,O14976,compound,protein,0
5666,CPI,P14555,compound,protein,0
5667,CPI,Q71U36,compound,protein,1
5681,CPI,P11712,compound,protein,1
5681,CPI,P33261,compound,protein,1
5684,CPI,P11362,compound,protein,0
56846693,CPI,P06213,compound,protein,1
56846693,CPI,P28482,compound,protein,1
56846693,CPI,P54756,compound,protein,1
56846693,CPI,Q12851,compound,protein,1
56846693,CPI,P30518,compound,protein,0
56949517,CPI,Q01668,compound,protein,0
56959,CPI,O60840,compound,protein,1
56959,CPI,P18825,compound,protein,1
56959,CPI,Q02880,compound,protein,0
56962336,CPI,Q9NVM4,compound,protein,1
56962337,CPI,P26358,compound,protein,1
56962337,CPI,Q8TEK3,compound,protein,1
56971,CPI,P14416,compound,protein,1
56973724,CPI,P33981,compound,protein,1
5702015,CPI,P08908,compound,protein,1
5702036,CPI,P06401,compound,protein,0
5702068,CPI,P04150,compound,protein,1
5702074,CPI,P11229,compound,protein,1
5702077,CPI,P35367,compound,protein,0
5702080,CPI,P06401,compound,protein,1
5702085,CPI,P04083,compound,protein,1
5702090,CPI,Q16665,compound,protein,0
5702108,CPI,P04150,compound,protein,1
5702114,CPI,P09769,compound,protein,0
5702114,CPI,O43283,compound,protein,0
5702135,CPI,P23415,compound,protein,1
5702140,CPI,P28223,compound,protein,1
5702140,CPI,Q15842,compound,protein,1
5702140,CPI,Q13555,compound,protein,0
5702140,CPI,Q00532,compound,protein,0
5702178,CPI,O95718,compound,protein,1
5702178,CPI,P62508,compound,protein,1
5707,CPI,P51151,compound,protein,1
5711,CPI,O15111,compound,protein,1
5711,CPI,P04629,compound,protein,1
5711,CPI,P17948,compound,protein,1
5711,CPI,Q02750,compound,protein,1
5711,CPI,Q15303,compound,protein,1
5711,CPI,Q96RG2,compound,protein,1
5711,CPI,P23975,compound,protein,0
5711,CPI,Q8N752,compound,protein,0
5711,CPI,Q16512,compound,protein,0
5712,CPI,Q99700,compound,protein,1
5712,CPI,P38936,compound,protein,0
5712,CPI,P20292,compound,protein,0
5717737,CPI,Q8IU85,compound,protein,0
5722,CPI,P10696,compound,protein,0
5722,CPI,O14733,compound,protein,0
5723,CPI,Q16637,compound,protein,1
57242,CPI,P28222,compound,protein,1
57242,CPI,Q59H18,compound,protein,0
57267,CPI,P35462,compound,protein,1
5732,CPI,Q9Y4K4,compound,protein,0
5732,CPI,Q13557,compound,protein,0
57336812,CPI,O60674,compound,protein,1
57336812,CPI,Q05397,compound,protein,1
57339144,CPI,P29375,compound,protein,1
57339144,CPI,Q8NA19,compound,protein,1
57339144,CPI,P48729,compound,protein,0
57339144,CPI,Q12851,compound,protein,0
5734,CPI,O43497,compound,protein,1
5734,CPI,P07550,compound,protein,1
5734,CPI,P23280,compound,protein,1
5734,CPI,P25021,compound,protein,1
5734,CPI,P28223,compound,protein,1
5734,CPI,P35354,compound,protein,1
5734,CPI,Q8N1Q1,compound,protein,1
5734,CPI,Q99250,compound,protein,1
5734,CPI,Q9P0X4,compound,protein,1
5734,CPI,P0C1S8,compound,protein,0
5734,CPI,Q13043,compound,protein,0
5734,CPI,P21918,compound,protein,0
5735,CPI,O15438,compound,protein,0
57363,CPI,P41145,compound,protein,1
5738263,CPI,O60671,compound,protein,1
5738263,CPI,Q04637,compound,protein,1
5738263,CPI,Q9NY57,compound,protein,0
5738263,CPI,Q09013,compound,protein,0
5738263,CPI,O14733,compound,protein,0
57390074,CPI,P00533,compound,protein,1
5742832,CPI,P02545,compound,protein,1
5742832,CPI,P28335,compound,protein,0
5743,CPI,P21554,compound,protein,1
5743,CPI,P49798,compound,protein,1
5743,CPI,Q07002,compound,protein,0
5743,CPI,Q14524,compound,protein,0
57469,CPI,P32245,compound,protein,1
57469,CPI,P11712,compound,protein,0
57469,CPI,Q8NI60,compound,protein,0
57469,CPI,P04637,compound,protein,0
57469,CPI,Q8TDX7,compound,protein,0
574780,CPI,P49798,compound,protein,1
57519544,CPI,P56704,compound,protein,1
57519544,CPI,P35368,compound,protein,0
5753,CPI,P04278,compound,protein,1
5753,CPI,P28482,compound,protein,1
5765514,CPI,Q13976,compound,protein,0
5770,CPI,P03372,compound,protein,1
5770,CPI,P19793,compound,protein,1
5770,CPI,P29466,compound,protein,1
5770,CPI,Q9NUW8,compound,protein,1
5770,CPI,Q9UNA4,compound,protein,1
5770,CPI,O15438,compound,protein,0
5770,CPI,P24941,compound,protein,0
5770,CPI,P84085,compound,protein,0
5770,CPI,Q99985,compound,protein,0
5775,CPI,P08588,compound,protein,1
5775,CPI,P35372,compound,protein,1
5775,CPI,Q9Y5N1,compound,protein,1
5775,CPI,O15075,compound,protein,0
5775,CPI,P57078,compound,protein,0
5790,CPI,P04818,compound,protein,1
5790,CPI,O43868,compound,protein,0
5790,CPI,P53779,compound,protein,0
5803,CPI,P16050,compound,protein,0
58144,CPI,P10636,compound,protein,1
58144,CPI,P16050,compound,protein,1
5816,CPI,P27695,compound,protein,1
5816,CPI,Q5VT25,compound,protein,0
5819,CPI,P06756,compound,protein,1
5819,CPI,P29322,compound,protein,0
5819,CPI,Q02127,compound,protein,0
5833,CPI,P43220,compound,protein,1
5833,CPI,Q96RR4,compound,protein,0
58423153,CPI,P11309,compound,protein,1
5865,CPI,Q9UBS5,compound,protein,0
5870,CPI,P31645,compound,protein,1
5870,CPI,P54803,compound,protein,1
5870,CPI,O43570,compound,protein,0
5901,CPI,P05771,compound,protein,0
5906,CPI,P53667,compound,protein,0
5908088,CPI,O94768,compound,protein,1
5908088,CPI,P07333,compound,protein,1
5908088,CPI,P06213,compound,protein,0
5917,CPI,O14730,compound,protein,0
59174488,CPI,P13637,compound,protein,0
5920,CPI,P02545,compound,protein,1
5920,CPI,P10827,compound,protein,1
5920,CPI,P37231,compound,protein,1
5920,CPI,Q02750,compound,protein,0
5920,CPI,P36507,compound,protein,0
59226838,CPI,Q9UEE5,compound,protein,0
59227,CPI,P31645,compound,protein,1
59227,CPI,P07333,compound,protein,0
5943,CPI,P16473,compound,protein,1
5944,CPI,P35869,compound,protein,1
5944,CPI,P41145,compound,protein,0
59472121,CPI,Q8TD19,compound,protein,0
59472121,CPI,P06401,compound,protein,0
5952,CPI,O75496,compound,protein,1
5952,CPI,P27695,compound,protein,1
5952,CPI,P0DMS8,compound,protein,0
5959,CPI,Q96GW9,compound,protein,1
5959,CPI,O15438,compound,protein,0
5961,CPI,P15104,compound,protein,1
59693,CPI,P05093,compound,protein,1
59693,CPI,Q12809,compound,protein,1
5991,CPI,P37288,compound,protein,1
5991,CPI,Q92731,compound,protein,1
5991,CPI,Q99640,compound,protein,0
5991,CPI,Q15303,compound,protein,0
5994,CPI,P32245,compound,protein,1
5994,CPI,Q16637,compound,protein,1
5994,CPI,Q99720,compound,protein,1
5994,CPI,Q13873,compound,protein,0
5994,CPI,P80192,compound,protein,0
5995,CPI,P18825,compound,protein,1
5995,CPI,Q9Y243,compound,protein,0
5995,CPI,Q96QE3,compound,protein,0
5995,CPI,P42336,compound,protein,0
6000,CPI,P46098,compound,protein,1
6001181,CPI,P84022,compound,protein,1
6001181,CPI,Q8WZA2,compound,protein,1
6001181,CPI,Q99700,compound,protein,1
6001181,CPI,Q13131,compound,protein,0
6005,CPI,P03372,compound,protein,1
6005,CPI,P14416,compound,protein,1
6005,CPI,P21397,compound,protein,1
6005,CPI,Q01196,compound,protein,1
6005,CPI,P51679,compound,protein,0
6005,CPI,P47898,compound,protein,0
6006,CPI,P00374,compound,protein,1
60138149,CPI,P31644,compound,protein,0
60148439,CPI,P11388,compound,protein,1
60149,CPI,P14416,compound,protein,1
60149,CPI,P31645,compound,protein,1
60149,CPI,P11802,compound,protein,0
60149,CPI,P51617,compound,protein,0
60160561,CPI,O43193,compound,protein,0
60164,CPI,O15438,compound,protein,0
60164,CPI,O95342,compound,protein,0
6018,CPI,P41595,compound,protein,1
60182388,CPI,P54756,compound,protein,0
60182388,CPI,Q16637,compound,protein,0
6024,CPI,Q8TCC7,compound,protein,1
6035,CPI,O75874,compound,protein,1
6037,CPI,Q13873,compound,protein,0
6041,CPI,P08246,compound,protein,0
604519,CPI,Q12830,compound,protein,0
60464,CPI,P11388,compound,protein,1
6047,CPI,P27695,compound,protein,1
60490,CPI,P25021,compound,protein,1
60490,CPI,P32245,compound,protein,1
60490,CPI,P41145,compound,protein,1
60490,CPI,P43681,compound,protein,1
60490,CPI,P11473,compound,protein,0
60490,CPI,P35968,compound,protein,0
60602,CPI,P18089,compound,protein,1
60602,CPI,P11362,compound,protein,0
60602,CPI,P83916,compound,protein,0
60602,CPI,P42681,compound,protein,0
60602,CPI,O14936,compound,protein,0
60663,CPI,P39748,compound,protein,1
60663,CPI,Q00975,compound,protein,1
60663,CPI,Q9UF33,compound,protein,0
60663,CPI,P25101,compound,protein,0
60663,CPI,Q9BRS2,compound,protein,0
60663,CPI,Q14289,compound,protein,0
60703,CPI,P08684,compound,protein,1
6075,CPI,P23975,compound,protein,1
6075,CPI,Q96KQ7,compound,protein,0
6075,CPI,P42685,compound,protein,0
6075,CPI,P17948,compound,protein,0
60750,CPI,P08172,compound,protein,1
60750,CPI,P35367,compound,protein,1
60750,CPI,P57078,compound,protein,0
60769,CPI,P08908,compound,protein,1
60773,CPI,P08172,compound,protein,1
60773,CPI,P21917,compound,protein,1
60773,CPI,P25103,compound,protein,1
60773,CPI,Q16539,compound,protein,0
60773,CPI,P49336,compound,protein,0
60773,CPI,P11309,compound,protein,0
60795,CPI,P37288,compound,protein,1
60795,CPI,P46098,compound,protein,1
60795,CPI,P08922,compound,protein,0
60795,CPI,P27037,compound,protein,0
60795,CPI,O15118,compound,protein,0
60823,CPI,O43193,compound,protein,1
60823,CPI,P43681,compound,protein,1
60823,CPI,Q6W5P4,compound,protein,0
6083,CPI,Q96KQ7,compound,protein,1
60835,CPI,O43193,compound,protein,1
60835,CPI,P14920,compound,protein,1
60835,CPI,Q96BR1,compound,protein,0
60838,CPI,P22303,compound,protein,1
60846,CPI,O15439,compound,protein,0
60852,CPI,P21728,compound,protein,1
60854,CPI,P28222,compound,protein,1
60854,CPI,P43220,compound,protein,0
60857,CPI,P41143,compound,protein,1
60857,CPI,O95342,compound,protein,0
60860,CPI,Q92847,compound,protein,0
6093,CPI,P05177,compound,protein,1
6093,CPI,Q9UIK4,compound,protein,0
60937,CPI,O14757,compound,protein,0
60937,CPI,P32238,compound,protein,0
60937,CPI,P29317,compound,protein,0
60943,CPI,P28482,compound,protein,1
60943,CPI,P30559,compound,protein,1
60961,CPI,Q9HAS3,compound,protein,1
60961,CPI,Q14289,compound,protein,0
610479,CPI,Q9Y4P1,compound,protein,1
6127,CPI,P11229,compound,protein,1
6127,CPI,P23975,compound,protein,1
6127,CPI,P35354,compound,protein,1
6127,CPI,Q9HC97,compound,protein,0
6127,CPI,P80192,compound,protein,0
6128,CPI,P14061,compound,protein,1
613000,CPI,P52732,compound,protein,1
616433,CPI,Q15788,compound,protein,1
616433,CPI,P53350,compound,protein,0
616573,CPI,P21453,compound,protein,1
6167,CPI,Q96QE3,compound,protein,1
6167,CPI,Q07912,compound,protein,0
6167,CPI,Q9BRS2,compound,protein,0
6197,CPI,P04150,compound,protein,1
6202912,CPI,O95398,compound,protein,1
6230,CPI,P35367,compound,protein,1
6230,CPI,Q92847,compound,protein,1
6231,CPI,P31645,compound,protein,1
62389,CPI,Q9BTU6,compound,protein,0
6249,CPI,O95342,compound,protein,0
6253,CPI,P21397,compound,protein,1
6253,CPI,P30518,compound,protein,1
6253,CPI,P37288,compound,protein,1
6253,CPI,P43681,compound,protein,1
6253,CPI,Q92847,compound,protein,1
6253,CPI,O15439,compound,protein,0
6253,CPI,P09619,compound,protein,0
6256,CPI,P18089,compound,protein,1
6256,CPI,P25021,compound,protein,1
6256,CPI,P30411,compound,protein,1
6256,CPI,P35367,compound,protein,1
6256,CPI,P46063,compound,protein,0
6256,CPI,Q13148,compound,protein,0
6256,CPI,Q99683,compound,protein,0
6256,CPI,Q96KQ7,compound,protein,0
62875,CPI,Q05655,compound,protein,0
6291,CPI,P78368,compound,protein,0
6291,CPI,Q12866,compound,protein,0
6291,CPI,Q96RR4,compound,protein,0
6303,CPI,Q9NUW8,compound,protein,1
6305,CPI,Q99549,compound,protein,1
6321411,CPI,P07550,compound,protein,1
6321411,CPI,P11229,compound,protein,1
6321411,CPI,P18825,compound,protein,1
6321411,CPI,P32239,compound,protein,1
6321411,CPI,P53350,compound,protein,1
6321411,CPI,P52333,compound,protein,0
6321411,CPI,P19784,compound,protein,0
6321411,CPI,P51451,compound,protein,0
6321411,CPI,P52564,compound,protein,0
6324671,CPI,P20794,compound,protein,0
6334600,CPI,P37173,compound,protein,0
6337614,CPI,P35367,compound,protein,1
6338099,CPI,O96013,compound,protein,0
637542,CPI,P00915,compound,protein,1
637542,CPI,P23280,compound,protein,1
637542,CPI,P43166,compound,protein,1
637566,CPI,Q03181,compound,protein,1
637858,CPI,Q99700,compound,protein,1
637858,CPI,P15121,compound,protein,0
638034,CPI,P49759,compound,protein,0
638278,CPI,P09237,compound,protein,1
638278,CPI,P14416,compound,protein,0
639665,CPI,O15530,compound,protein,1
639665,CPI,Q9Y6Y9,compound,protein,0
6399253,CPI,O15438,compound,protein,1
6399253,CPI,P21554,compound,protein,1
6399253,CPI,Q13163,compound,protein,0
6399253,CPI,P07332,compound,protein,0
64139,CPI,P10635,compound,protein,1
64139,CPI,P22894,compound,protein,0
64143,CPI,P33261,compound,protein,1
6419755,CPI,P05129,compound,protein,1
6422124,CPI,P0DMS8,compound,protein,1
6422124,CPI,P25021,compound,protein,1
6422124,CPI,P21709,compound,protein,0
6422124,CPI,Q9NY57,compound,protein,0
6422124,CPI,O00329,compound,protein,0
6422124,CPI,P04629,compound,protein,0
643606,CPI,P35368,compound,protein,1
643606,CPI,P41595,compound,protein,1
643606,CPI,P48048,compound,protein,1
643606,CPI,Q04771,compound,protein,0
6437862,CPI,Q9UIK4,compound,protein,0
6437862,CPI,P54760,compound,protein,0
6438381,CPI,P34913,compound,protein,1
6438629,CPI,Q9NRH2,compound,protein,0
643951,CPI,P06280,compound,protein,1
643951,CPI,P35354,compound,protein,0
644213,CPI,P16473,compound,protein,1
644213,CPI,Q15596,compound,protein,1
644213,CPI,P10826,compound,protein,0
644215,CPI,P51946,compound,protein,1
644215,CPI,Q96QE3,compound,protein,1
644215,CPI,O60741,compound,protein,0
644215,CPI,Q96BI3,compound,protein,0
644241,CPI,O00238,compound,protein,1
644241,CPI,O14733,compound,protein,1
644241,CPI,O14936,compound,protein,1
644241,CPI,P08173,compound,protein,1
644241,CPI,P18825,compound,protein,1
644241,CPI,P20794,compound,protein,1
644241,CPI,P21728,compound,protein,1
644241,CPI,P21917,compound,protein,1
644241,CPI,P21918,compound,protein,1
644241,CPI,P51955,compound,protein,1
644241,CPI,P53350,compound,protein,1
644241,CPI,P54646,compound,protein,1
644241,CPI,P54764,compound,protein,1
644241,CPI,P80192,compound,protein,1
644241,CPI,Q02763,compound,protein,1
644241,CPI,Q13177,compound,protein,1
644241,CPI,Q13627,compound,protein,1
644241,CPI,Q13882,compound,protein,1
644241,CPI,Q15746,compound,protein,1
644241,CPI,Q86V86,compound,protein,1
644241,CPI,Q8IYT8,compound,protein,1
644241,CPI,Q8WU08,compound,protein,1
644241,CPI,Q9H1R3,compound,protein,1
644241,CPI,Q9H2G2,compound,protein,1
644241,CPI,Q9UEE5,compound,protein,1
644241,CPI,Q9Y2K2,compound,protein,1
644241,CPI,Q9Y4K4,compound,protein,1
644241,CPI,Q9BYF1,compound,protein,0
644241,CPI,Q9H2S1,compound,protein,0
644241,CPI,P21980,compound,protein,0
644241,CPI,P12821,compound,protein,0
644241,CPI,P39748,compound,protein,0
644241,CPI,Q00G26,compound,protein,0
644241,CPI,P51843,compound,protein,0
644241,CPI,Q9Y2T6,compound,protein,0
644241,CPI,Q99720,compound,protein,0
644241,CPI,P34903,compound,protein,0
644241,CPI,Q00975,compound,protein,0
644241,CPI,P35498,compound,protein,0
644241,CPI,P47989,compound,protein,0
644241,CPI,O43525,compound,protein,0
644241,CPI,Q16445,compound,protein,0
644241,CPI,P41146,compound,protein,0
644241,CPI,P22303,compound,protein,0
644241,CPI,O15245,compound,protein,0
644241,CPI,Q9NPH5,compound,protein,0
644241,CPI,Q6W5P4,compound,protein,0
644241,CPI,Q9UQD0,compound,protein,0
644241,CPI,P17861,compound,protein,0
644241,CPI,P38398,compound,protein,0
644241,CPI,P10635,compound,protein,0
644241,CPI,O15244,compound,protein,0
644241,CPI,P11712,compound,protein,0
644241,CPI,O95342,compound,protein,0
644241,CPI,P54803,compound,protein,0
644241,CPI,P33527,compound,protein,0
6444849,CPI,P21728,compound,protein,1
6445562,CPI,O14730,compound,protein,1
6445562,CPI,O94806,compound,protein,1
6445562,CPI,O94921,compound,protein,1
6445562,CPI,O96013,compound,protein,1
6445562,CPI,P04626,compound,protein,1
6445562,CPI,P06241,compound,protein,1
6445562,CPI,P07332,compound,protein,1
6445562,CPI,P11309,compound,protein,1
6445562,CPI,P22607,compound,protein,1
6445562,CPI,P42685,compound,protein,1
6445562,CPI,P46734,compound,protein,1
6445562,CPI,P49840,compound,protein,1
6445562,CPI,P50613,compound,protein,1
6445562,CPI,P52564,compound,protein,1
6445562,CPI,P54646,compound,protein,1
6445562,CPI,Q15139,compound,protein,1
6445562,CPI,Q8N5S9,compound,protein,1
6445562,CPI,Q8NI60,compound,protein,1
6445562,CPI,Q8TDC3,compound,protein,1
6445562,CPI,Q92918,compound,protein,1
6445562,CPI,Q99755,compound,protein,1
6445562,CPI,Q9H093,compound,protein,1
6445562,CPI,Q9H2G2,compound,protein,1
6445562,CPI,Q9P0L2,compound,protein,1
6445562,CPI,P28221,compound,protein,0
6445562,CPI,P41595,compound,protein,0
6445562,CPI,O15296,compound,protein,0
6445562,CPI,P51957,compound,protein,0
6445562,CPI,Q86Y07,compound,protein,0
6445562,CPI,Q99714,compound,protein,0
6445562,CPI,P39748,compound,protein,0
6445562,CPI,P21917,compound,protein,0
6445562,CPI,Q6XUX3,compound,protein,0
6445562,CPI,P21397,compound,protein,0
6445562,CPI,P23975,compound,protein,0
6445562,CPI,Q56UN5,compound,protein,0
6445562,CPI,Q9HCM1,compound,protein,0
6445562,CPI,Q96A57,compound,protein,0
6445562,CPI,O14827,compound,protein,0
6445562,CPI,Q7L5D6,compound,protein,0
6446,CPI,P28223,compound,protein,1
6450551,CPI,O00238,compound,protein,1
6450551,CPI,O14733,compound,protein,1
6450551,CPI,O43293,compound,protein,1
6450551,CPI,P0C1S8,compound,protein,1
6450551,CPI,P10721,compound,protein,1
6450551,CPI,P29323,compound,protein,1
6450551,CPI,P51451,compound,protein,1
6450551,CPI,P52564,compound,protein,1
6450551,CPI,P53779,compound,protein,1
6450551,CPI,Q02156,compound,protein,1
6450551,CPI,Q13627,compound,protein,1
6450551,CPI,Q13882,compound,protein,1
6450551,CPI,Q15349,compound,protein,1
6450551,CPI,Q16584,compound,protein,1
6450551,CPI,Q86Y07,compound,protein,1
6450551,CPI,Q8NI60,compound,protein,1
6450551,CPI,Q9BUB5,compound,protein,1
6450551,CPI,Q9NQU5,compound,protein,1
6450551,CPI,Q9UL54,compound,protein,1
6450551,CPI,Q9Y616,compound,protein,1
6450551,CPI,Q96KQ7,compound,protein,0
6450551,CPI,O75874,compound,protein,0
6450551,CPI,P37840,compound,protein,0
6450551,CPI,Q9BYR5,compound,protein,0
6450551,CPI,Q8IYD2,compound,protein,0
6450551,CPI,Q14934,compound,protein,0
6450551,CPI,Q9NRA2,compound,protein,0
6450551,CPI,O15218,compound,protein,0
6450551,CPI,Q8N9L1,compound,protein,0
6450551,CPI,Q8N4Q0,compound,protein,0
6450551,CPI,Q7Z7G0,compound,protein,0
6451164,CPI,P10635,compound,protein,1
6451164,CPI,P11597,compound,protein,0
645872,CPI,P54764,compound,protein,0
6473866,CPI,P32238,compound,protein,1
6473866,CPI,P46098,compound,protein,1
6473866,CPI,O75874,compound,protein,0
6473866,CPI,Q16236,compound,protein,0
6473866,CPI,Q13705,compound,protein,0
6473866,CPI,Q96QE3,compound,protein,0
6473866,CPI,P04629,compound,protein,0
6473881,CPI,Q00653,compound,protein,1
6473881,CPI,Q01201,compound,protein,1
64945,CPI,P51449,compound,protein,1
64945,CPI,Q96L34,compound,protein,0
64971,CPI,Q9UBT6,compound,protein,1
64971,CPI,P25021,compound,protein,0
64971,CPI,P21728,compound,protein,0
64983,CPI,P43220,compound,protein,1
65016,CPI,P16152,compound,protein,0
65016,CPI,P05067,compound,protein,0
6505803,CPI,O75496,compound,protein,1
6505803,CPI,Q969S8,compound,protein,0
65064,CPI,P06241,compound,protein,1
65064,CPI,P08581,compound,protein,1
65064,CPI,P21980,compound,protein,1
65064,CPI,P49841,compound,protein,1
65064,CPI,P0DUB6,compound,protein,0
65064,CPI,P49840,compound,protein,0
6519698,CPI,Q8NFU7,compound,protein,1
653676,CPI,P41968,compound,protein,0
653676,CPI,Q08499,compound,protein,0
654376,CPI,P00352,compound,protein,1
65482,CPI,O60840,compound,protein,0
655278,CPI,Q9Y6A2,compound,protein,0
655490,CPI,P35354,compound,protein,0
65659,CPI,Q9NR20,compound,protein,0
65663,CPI,P08311,compound,protein,1
65663,CPI,Q9NRH2,compound,protein,0
656765,CPI,O75676,compound,protein,0
656767,CPI,Q96RJ0,compound,protein,0
657237,CPI,P04637,compound,protein,0
657309,CPI,P08172,compound,protein,1
657309,CPI,Q05513,compound,protein,0
6575,CPI,Q8NE63,compound,protein,0
65752,CPI,P02545,compound,protein,1
65752,CPI,Q96KQ7,compound,protein,1
658169,CPI,O75164,compound,protein,1
658169,CPI,P30291,compound,protein,0
65833,CPI,P55210,compound,protein,0
65889,CPI,P08684,compound,protein,1
659101,CPI,O75164,compound,protein,1
659101,CPI,P16473,compound,protein,1
659101,CPI,Q9NUW8,compound,protein,1
659101,CPI,P05412,compound,protein,0
659101,CPI,P62942,compound,protein,0
65957,CPI,P11229,compound,protein,1
65957,CPI,P23975,compound,protein,1
65957,CPI,P06493,compound,protein,0
65957,CPI,Q9Y5N1,compound,protein,0
65981,CPI,Q14164,compound,protein,0
65999,CPI,P28223,compound,protein,1
65999,CPI,P30556,compound,protein,1
65999,CPI,Q08499,compound,protein,1
65999,CPI,P53671,compound,protein,0
65999,CPI,P07947,compound,protein,0
6603820,CPI,P14618,compound,protein,1
6603865,CPI,O15296,compound,protein,0
6603897,CPI,O15245,compound,protein,0
6603901,CPI,Q07869,compound,protein,1
6603901,CPI,Q9NR21,compound,protein,0
6604009,CPI,Q6W5P4,compound,protein,1
6604009,CPI,Q96QE3,compound,protein,1
6604200,CPI,P21731,compound,protein,1
6604200,CPI,Q9Y698,compound,protein,0
6604471,CPI,Q9HC16,compound,protein,1
6604471,CPI,Q15465,compound,protein,0
6604471,CPI,Q9UKK3,compound,protein,0
6604789,CPI,Q13639,compound,protein,1
6604858,CPI,P39748,compound,protein,1
6604858,CPI,P54132,compound,protein,1
6604858,CPI,P15121,compound,protein,0
6604858,CPI,Q03431,compound,protein,0
6604889,CPI,P30939,compound,protein,1
6604893,CPI,Q13464,compound,protein,0
6610302,CPI,P00352,compound,protein,1
6610350,CPI,Q8N752,compound,protein,1
6610353,CPI,P43681,compound,protein,0
6610355,CPI,P06493,compound,protein,1
6610355,CPI,Q00535,compound,protein,1
6610355,CPI,Q99720,compound,protein,0
66148,CPI,P35368,compound,protein,1
6623,CPI,P08684,compound,protein,1
6623,CPI,Q9NR20,compound,protein,1
662619,CPI,P49841,compound,protein,1
662619,CPI,P35367,compound,protein,0
663281,CPI,P27707,compound,protein,0
66377,CPI,P83916,compound,protein,0
663872,CPI,Q99700,compound,protein,1
664279,CPI,Q9UQ88,compound,protein,0
66524294,CPI,P13945,compound,protein,0
665449,CPI,P06280,compound,protein,1
665449,CPI,P10636,compound,protein,1
665518,CPI,O15296,compound,protein,1
665654,CPI,P34995,compound,protein,0
665747,CPI,P98170,compound,protein,0
665747,CPI,Q9C0B1,compound,protein,0
666267,CPI,P01375,compound,protein,1
666410,CPI,P21397,compound,protein,0
666410,CPI,P49841,compound,protein,0
6669976,CPI,P03372,compound,protein,0
667466,CPI,P08912,compound,protein,1
667468,CPI,P08913,compound,protein,1
667468,CPI,P0DMS8,compound,protein,1
667468,CPI,P28223,compound,protein,1
667468,CPI,P16050,compound,protein,0
667468,CPI,Q92918,compound,protein,0
667468,CPI,Q8IY84,compound,protein,0
667468,CPI,Q9H1R3,compound,protein,0
667468,CPI,Q7KZI7,compound,protein,0
667468,CPI,Q8NFD2,compound,protein,0
667477,CPI,P16473,compound,protein,1
667477,CPI,O15438,compound,protein,0
667484,CPI,O00591,compound,protein,1
667484,CPI,O14764,compound,protein,1
667484,CPI,P21397,compound,protein,1
667484,CPI,P78334,compound,protein,1
667484,CPI,Q99928,compound,protein,1
667484,CPI,P07333,compound,protein,0
667484,CPI,Q13233,compound,protein,0
667484,CPI,Q13555,compound,protein,0
667484,CPI,Q99700,compound,protein,0
667484,CPI,Q9NYY3,compound,protein,0
667511,CPI,O60391,compound,protein,1
667511,CPI,Q9HCP0,compound,protein,0
667601,CPI,P16234,compound,protein,0
6708720,CPI,Q96PF2,compound,protein,0
6708764,CPI,P05023,compound,protein,1
6710614,CPI,P04150,compound,protein,1
6710741,CPI,P27695,compound,protein,1
6710780,CPI,Q7L7X3,compound,protein,0
6710780,CPI,O14757,compound,protein,0
6710780,CPI,Q08345,compound,protein,0
6713942,CPI,P25098,compound,protein,0
6713942,CPI,P98170,compound,protein,0
6713978,CPI,P43220,compound,protein,1
672296,CPI,Q96KQ7,compound,protein,1
6726,CPI,P11229,compound,protein,1
673465,CPI,O75874,compound,protein,1
6758,CPI,P10275,compound,protein,1
6758,CPI,O15439,compound,protein,0
6758,CPI,Q92887,compound,protein,0
6758,CPI,Q9UKK3,compound,protein,0
6758,CPI,P49662,compound,protein,0
6760,CPI,Q9UPE1,compound,protein,0
676292,CPI,P33261,compound,protein,1
6769,CPI,O75496,compound,protein,1
6769,CPI,Q9NUW8,compound,protein,1
680501,CPI,P83916,compound,protein,1
681,CPI,P21917,compound,protein,1
681,CPI,P23975,compound,protein,1
681,CPI,P54803,compound,protein,1
681,CPI,Q96RJ0,compound,protein,1
681,CPI,O95342,compound,protein,0
681,CPI,Q8N5S9,compound,protein,0
681,CPI,Q07002,compound,protein,0
68186,CPI,P35368,compound,protein,1
68186,CPI,Q01959,compound,protein,1
68186,CPI,O75460,compound,protein,0
6839,CPI,P08913,compound,protein,1
6839,CPI,P11229,compound,protein,1
6839,CPI,P18089,compound,protein,1
6839,CPI,P10635,compound,protein,0
6839,CPI,P28482,compound,protein,0
6843,CPI,Q9Y5Y9,compound,protein,1
6852167,CPI,O00750,compound,protein,1
6852376,CPI,O60503,compound,protein,1
6857,CPI,Q9NUW8,compound,protein,1
6857685,CPI,O75030,compound,protein,0
68634,CPI,Q9UBT6,compound,protein,0
68634,CPI,P10636,compound,protein,0
68712,CPI,P35462,compound,protein,1
68712,CPI,P35368,compound,protein,0
6872741,CPI,P10636,compound,protein,1
6872741,CPI,Q9NR56,compound,protein,1
68770,CPI,Q12866,compound,protein,0
6878030,CPI,P08684,compound,protein,1
68802,CPI,Q12809,compound,protein,1
688020,CPI,P0DMS8,compound,protein,1
688020,CPI,P28335,compound,protein,1
688020,CPI,P35367,compound,protein,1
688020,CPI,P24941,compound,protein,0
688020,CPI,Q9NYY3,compound,protein,0
688020,CPI,Q9UBS5,compound,protein,0
6890,CPI,P35372,compound,protein,0
689043,CPI,P23219,compound,protein,0
689043,CPI,O14976,compound,protein,0
6914273,CPI,P21397,compound,protein,1
6914273,CPI,P35367,compound,protein,1
6914273,CPI,P49798,compound,protein,1
6914273,CPI,P78334,compound,protein,0
6914273,CPI,P06858,compound,protein,0
6914273,CPI,P11309,compound,protein,0
6914273,CPI,P19838,compound,protein,0
6918030,CPI,Q96KQ7,compound,protein,1
6918140,CPI,Q9H244,compound,protein,1
6918155,CPI,P0DMS8,compound,protein,1
6918155,CPI,P31645,compound,protein,1
6918155,CPI,P32238,compound,protein,1
6918155,CPI,O95342,compound,protein,0
6918155,CPI,P29323,compound,protein,0
6918155,CPI,P45983,compound,protein,0
6918454,CPI,O00238,compound,protein,1
6918454,CPI,P04049,compound,protein,1
6918454,CPI,P17948,compound,protein,1
6918454,CPI,P23458,compound,protein,1
6918454,CPI,P35968,compound,protein,1
6918454,CPI,P49674,compound,protein,1
6918454,CPI,P49760,compound,protein,1
6918454,CPI,P51813,compound,protein,1
6918454,CPI,Q12851,compound,protein,1
6918454,CPI,Q12866,compound,protein,1
6918454,CPI,Q13043,compound,protein,1
6918454,CPI,Q8N568,compound,protein,1
6918454,CPI,Q92630,compound,protein,1
6918454,CPI,Q96BR1,compound,protein,1
6918454,CPI,Q9NRH2,compound,protein,1
6918454,CPI,Q9UEE5,compound,protein,1
6918454,CPI,Q99714,compound,protein,0
6918454,CPI,O15118,compound,protein,0
6918454,CPI,Q9BUN1,compound,protein,0
6918454,CPI,P52566,compound,protein,0
6918454,CPI,Q8TAD7,compound,protein,0
6918454,CPI,P55822,compound,protein,0
6918454,CPI,Q8WVM8,compound,protein,0
6918454,CPI,Q9Y261,compound,protein,0
6918454,CPI,Q8N2E2,compound,protein,0
6918454,CPI,Q49A17,compound,protein,0
6918454,CPI,P13797,compound,protein,0
6918454,CPI,Q96M63,compound,protein,0
6918537,CPI,P16499,compound,protein,1
6918537,CPI,Q6V1X1,compound,protein,1
6918537,CPI,O95342,compound,protein,0
6918537,CPI,Q00536,compound,protein,0
6918537,CPI,Q15208,compound,protein,0
6918554,CPI,Q5BJF2,compound,protein,1
6918554,CPI,O95819,compound,protein,0
6918638,CPI,P08684,compound,protein,1
6918638,CPI,Q13547,compound,protein,1
6918638,CPI,Q8TBX8,compound,protein,0
6918638,CPI,P27448,compound,protein,0
6918638,CPI,O43353,compound,protein,0
6918638,CPI,P42684,compound,protein,0
6918670,CPI,P17252,compound,protein,1
6918736,CPI,P42679,compound,protein,0
6918837,CPI,Q8WUI4,compound,protein,1
6918837,CPI,Q96RI1,compound,protein,0
6918837,CPI,P30530,compound,protein,0
6918878,CPI,Q9BY41,compound,protein,1
6918878,CPI,P13637,compound,protein,0
698942,CPI,Q9P0L2,compound,protein,0
701939,CPI,Q6W5P4,compound,protein,1
701939,CPI,P52789,compound,protein,0
7028,CPI,P18054,compound,protein,1
7028,CPI,P18847,compound,protein,1
7028,CPI,Q7L7X3,compound,protein,0
7028,CPI,Q86UE8,compound,protein,0
7028,CPI,Q9UQB9,compound,protein,0
7028,CPI,Q5S007,compound,protein,0
7048591,CPI,P10275,compound,protein,1
7048709,CPI,P24941,compound,protein,0
7048968,CPI,Q16644,compound,protein,0
70547,CPI,P00441,compound,protein,0
7061273,CPI,P10275,compound,protein,1
7079134,CPI,P25021,compound,protein,0
7092995,CPI,P47869,compound,protein,1
7092995,CPI,Q05586,compound,protein,1
7092995,CPI,Q8N1C3,compound,protein,1
7092995,CPI,O14920,compound,protein,0
709391,CPI,O14578,compound,protein,0
7108,CPI,O94782,compound,protein,1
7108,CPI,Q9NUW8,compound,protein,1
71203,CPI,Q9NUW8,compound,protein,1
71203,CPI,P19525,compound,protein,0
71226662,CPI,P00533,compound,protein,1
71226662,CPI,Q14004,compound,protein,0
71317162,CPI,O95382,compound,protein,1
71317162,CPI,P11216,compound,protein,1
71317162,CPI,P31751,compound,protein,1
71317162,CPI,P42285,compound,protein,1
71317162,CPI,P46734,compound,protein,1
71317162,CPI,P49411,compound,protein,1
71317162,CPI,P49841,compound,protein,1
71317162,CPI,P53667,compound,protein,1
71317162,CPI,P54760,compound,protein,1
71317162,CPI,Q13164,compound,protein,1
71317162,CPI,Q15569,compound,protein,1
71317162,CPI,Q16832,compound,protein,1
71317162,CPI,Q7RTN6,compound,protein,1
71317162,CPI,Q9BZL6,compound,protein,1
71317162,CPI,O15264,compound,protein,0
71317162,CPI,Q86V86,compound,protein,0
71317162,CPI,P28221,compound,protein,0
71317162,CPI,O14920,compound,protein,0
71317162,CPI,P49336,compound,protein,0
71317162,CPI,Q9H2X6,compound,protein,0
71317162,CPI,P57058,compound,protein,0
71317162,CPI,Q13153,compound,protein,0
71317162,CPI,Q10587,compound,protein,0
71317162,CPI,A6NC98,compound,protein,0
71329,CPI,P35498,compound,protein,0
71329,CPI,P06239,compound,protein,0
71329,CPI,O14965,compound,protein,0
71329,CPI,P50406,compound,protein,0
71333,CPI,P01375,compound,protein,0
71481097,CPI,P39748,compound,protein,0
71496458,CPI,Q07912,compound,protein,1
71496458,CPI,O94925,compound,protein,0
715698,CPI,Q9NUW8,compound,protein,1
715698,CPI,Q9Y4K4,compound,protein,0
716121,CPI,P19838,compound,protein,1
71693,CPI,Q03164,compound,protein,1
71693,CPI,Q96QE3,compound,protein,1
7172,CPI,P08172,compound,protein,0
71721648,CPI,P06213,compound,protein,1
71729975,CPI,Q9UGL1,compound,protein,1
71729975,CPI,P23458,compound,protein,0
71760892,CPI,Q92731,compound,protein,0
71771,CPI,P07550,compound,protein,1
71771,CPI,P43681,compound,protein,1
71771,CPI,P06241,compound,protein,0
71781,CPI,P35367,compound,protein,1
72124,CPI,P35372,compound,protein,0
72124,CPI,P28223,compound,protein,0
72172,CPI,Q9H422,compound,protein,0
7217941,CPI,Q08499,compound,protein,0
72201027,CPI,Q09472,compound,protein,1
72201027,CPI,Q8IVH8,compound,protein,0
72281,CPI,O43193,compound,protein,1
72281,CPI,P08172,compound,protein,1
72281,CPI,P08684,compound,protein,1
72281,CPI,P08908,compound,protein,1
72281,CPI,P11712,compound,protein,1
72281,CPI,P25929,compound,protein,1
72281,CPI,P32245,compound,protein,1
72281,CPI,P41968,compound,protein,1
72281,CPI,Q9UGI6,compound,protein,0
72281,CPI,P48443,compound,protein,0
72287,CPI,P08173,compound,protein,1
72287,CPI,P35368,compound,protein,1
72303,CPI,P21554,compound,protein,1
72303,CPI,P35354,compound,protein,1
72344,CPI,P50391,compound,protein,0
72734382,CPI,O15379,compound,protein,1
72836888,CPI,Q08345,compound,protein,1
72943187,CPI,O60885,compound,protein,1
72943187,CPI,Q58F21,compound,protein,1
72943187,CPI,Q05397,compound,protein,0
73157,CPI,Q96BR1,compound,protein,0
73333,CPI,P16473,compound,protein,1
73453,CPI,P21728,compound,protein,1
73453,CPI,Q8IVW4,compound,protein,0
73707340,CPI,P18825,compound,protein,1
73707387,CPI,P05093,compound,protein,1
73707388,CPI,P07437,compound,protein,1
73707407,CPI,O96013,compound,protein,0
73707412,CPI,P06401,compound,protein,1
73707414,CPI,P50406,compound,protein,0
73707415,CPI,P03372,compound,protein,1
73707415,CPI,Q96PF2,compound,protein,0
73707426,CPI,P11473,compound,protein,1
73707430,CPI,P36888,compound,protein,0
73707445,CPI,O95180,compound,protein,1
73707445,CPI,Q8NG66,compound,protein,0
73707445,CPI,P09917,compound,protein,0
73707445,CPI,P21917,compound,protein,0
73707449,CPI,P07305,compound,protein,0
73707459,CPI,P23415,compound,protein,1
73707466,CPI,Q6ZQN7,compound,protein,1
73707474,CPI,P34969,compound,protein,1
73707478,CPI,P04150,compound,protein,1
73707506,CPI,P18089,compound,protein,1
73707506,CPI,P21728,compound,protein,1
73707506,CPI,Q16288,compound,protein,0
73707506,CPI,P41240,compound,protein,0
73707507,CPI,P21731,compound,protein,0
73707509,CPI,P04150,compound,protein,1
73707515,CPI,P14410,compound,protein,1
73707524,CPI,P07949,compound,protein,0
73707526,CPI,P05023,compound,protein,1
73707545,CPI,Q92769,compound,protein,1
73707586,CPI,P28221,compound,protein,1
73707588,CPI,P47898,compound,protein,1
73707588,CPI,P30556,compound,protein,0
7456,CPI,P00918,compound,protein,1
74812,CPI,P25103,compound,protein,0
753,CPI,Q00537,compound,protein,0
753704,CPI,Q86V86,compound,protein,1
753704,CPI,O75899,compound,protein,0
753704,CPI,P35913,compound,protein,0
755673,CPI,P18825,compound,protein,0
7638,CPI,Q9BYT3,compound,protein,0
766949,CPI,P12931,compound,protein,1
7699,CPI,P18825,compound,protein,1
7699,CPI,P21728,compound,protein,1
7699,CPI,Q7RTN6,compound,protein,0
7699,CPI,P55786,compound,protein,0
7699,CPI,P11217,compound,protein,0
7699,CPI,Q8IYM2,compound,protein,0
7699,CPI,O95749,compound,protein,0
774,CPI,Q16769,compound,protein,0
774,CPI,O75751,compound,protein,0
7741,CPI,P14867,compound,protein,0
779754,CPI,Q15375,compound,protein,0
77999,CPI,P00918,compound,protein,1
77999,CPI,P27338,compound,protein,1
77999,CPI,P37231,compound,protein,1
77999,CPI,P37023,compound,protein,0
77999,CPI,Q06187,compound,protein,0
77999,CPI,Q15418,compound,protein,0
77999,CPI,P51617,compound,protein,0
78428958,CPI,Q7KZI7,compound,protein,0
78435479,CPI,O96013,compound,protein,0
800048,CPI,Q13043,compound,protein,0
81423,CPI,P29322,compound,protein,0
814607,CPI,P25101,compound,protein,0
82146,CPI,P10826,compound,protein,1
82146,CPI,O15439,compound,protein,0
82146,CPI,P11511,compound,protein,0
82146,CPI,Q16584,compound,protein,0
824226,CPI,P46063,compound,protein,1
824226,CPI,Q9UNA4,compound,protein,1
8249,CPI,Q15759,compound,protein,0
8249,CPI,Q5S007,compound,protein,0
838,CPI,P39748,compound,protein,1
838,CPI,P37288,compound,protein,0
8515,CPI,Q92630,compound,protein,0
8515,CPI,O75676,compound,protein,0
8550,CPI,O75496,compound,protein,1
8550,CPI,P32245,compound,protein,1
8550,CPI,P45983,compound,protein,0
8550,CPI,O00444,compound,protein,0
871154,CPI,P83916,compound,protein,1
871154,CPI,P48729,compound,protein,0
877874,CPI,Q14654,compound,protein,0
8955,CPI,O75469,compound,protein,1
8955,CPI,P11474,compound,protein,1
89594,CPI,P16591,compound,protein,0
896,CPI,Q8TDS4,compound,protein,1
896331,CPI,Q16236,compound,protein,1
8969,CPI,P03372,compound,protein,1
8969,CPI,P35367,compound,protein,1
8969,CPI,P43681,compound,protein,1
8969,CPI,P00352,compound,protein,0
8974,CPI,Q9GZV3,compound,protein,1
8997,CPI,Q9H2K8,compound,protein,0
902452,CPI,P50591,compound,protein,1
90488984,CPI,P28335,compound,protein,0
9064,CPI,P33261,compound,protein,0
9064,CPI,P05177,compound,protein,0
9064,CPI,P84022,compound,protein,0
906542,CPI,P51151,compound,protein,1
906542,CPI,Q9Y6M4,compound,protein,0
906542,CPI,P34969,compound,protein,0
906542,CPI,Q04759,compound,protein,0
9128,CPI,P11473,compound,protein,1
9128,CPI,Q86V86,compound,protein,0
91469,CPI,P04278,compound,protein,1
91522200,CPI,O43497,compound,protein,1
91522200,CPI,P51151,compound,protein,0
91536,CPI,P41595,compound,protein,1
91617630,CPI,Q9GZT9,compound,protein,1
91769,CPI,P41968,compound,protein,0
9223,CPI,P04150,compound,protein,1
92400,CPI,P36894,compound,protein,0
92400,CPI,Q96Q40,compound,protein,0
92400,CPI,P49798,compound,protein,0
92766,CPI,P18825,compound,protein,1
92766,CPI,P25100,compound,protein,1
92766,CPI,P41143,compound,protein,0
92786,CPI,P57058,compound,protein,0
92974,CPI,P00439,compound,protein,1
9305,CPI,O14924,compound,protein,1
9305,CPI,P25103,compound,protein,0
932,CPI,P27695,compound,protein,0
933171,CPI,P43220,compound,protein,1
936,CPI,Q8IXJ6,compound,protein,1
936,CPI,Q9NTG7,compound,protein,1
938,CPI,P08588,compound,protein,1
938,CPI,P10253,compound,protein,1
938,CPI,P14416,compound,protein,1
938,CPI,P43681,compound,protein,1
938,CPI,O95342,compound,protein,0
941361,CPI,P0DP23,compound,protein,1
941361,CPI,P27695,compound,protein,1
941361,CPI,P41595,compound,protein,1
941361,CPI,Q13523,compound,protein,0
9417,CPI,O15075,compound,protein,0
9417,CPI,Q8NI60,compound,protein,0
9419,CPI,P10636,compound,protein,1
9429,CPI,P18089,compound,protein,1
9429,CPI,P54646,compound,protein,0
9444,CPI,O75469,compound,protein,1
9444,CPI,P04637,compound,protein,1
9444,CPI,Q99808,compound,protein,1
9444,CPI,O00555,compound,protein,0
9444,CPI,O14757,compound,protein,0
9444,CPI,P38398,compound,protein,0
9444,CPI,Q14004,compound,protein,0
94701,CPI,P0C264,compound,protein,0
9549213,CPI,P07949,compound,protein,0
9549298,CPI,O15111,compound,protein,1
9549298,CPI,Q06710,compound,protein,0
9554,CPI,P25021,compound,protein,0
95801,CPI,P11177,compound,protein,1
95801,CPI,P07333,compound,protein,0
9600409,CPI,Q14994,compound,protein,1
9651,CPI,P35372,compound,protein,1
9675990,CPI,P42345,compound,protein,1
9681,CPI,P07550,compound,protein,1
9681,CPI,P54764,compound,protein,0
9687,CPI,P08913,compound,protein,1
9687,CPI,Q08499,compound,protein,1
9687,CPI,Q9HC97,compound,protein,0
969472,CPI,O00591,compound,protein,1
969516,CPI,O14684,compound,protein,1
969516,CPI,O75496,compound,protein,1
969516,CPI,P00533,compound,protein,1
969516,CPI,P22748,compound,protein,1
969516,CPI,P38398,compound,protein,1
969516,CPI,P47989,compound,protein,1
969516,CPI,P49760,compound,protein,1
969516,CPI,Q12809,compound,protein,1
969516,CPI,Q9UKV0,compound,protein,0
969516,CPI,Q08289,compound,protein,0
969516,CPI,P35462,compound,protein,0
969516,CPI,P54709,compound,protein,0
9782,CPI,Q96KQ7,compound,protein,1
9782,CPI,Q9UQM7,compound,protein,0
9794218,CPI,Q13224,compound,protein,0
9795276,CPI,Q01959,compound,protein,1
9795276,CPI,P41968,compound,protein,0
9795907,CPI,O43318,compound,protein,0
9799509,CPI,P43405,compound,protein,1
9803433,CPI,P23458,compound,protein,0
9805390,CPI,P31391,compound,protein,1
9806489,CPI,O94768,compound,protein,0
9808022,CPI,Q02153,compound,protein,1
9808844,CPI,P35916,compound,protein,1
9809715,CPI,O43353,compound,protein,1
9809715,CPI,O60674,compound,protein,1
9809715,CPI,P00533,compound,protein,1
9809715,CPI,P15056,compound,protein,1
9809715,CPI,P16591,compound,protein,1
9809715,CPI,P19784,compound,protein,1
9809715,CPI,P23443,compound,protein,1
9809715,CPI,P27361,compound,protein,1
9809715,CPI,P27448,compound,protein,1
9809715,CPI,P36888,compound,protein,1
9809715,CPI,P42680,compound,protein,1
9809715,CPI,Q07002,compound,protein,1
9809715,CPI,Q13523,compound,protein,1
9809715,CPI,Q13882,compound,protein,1
9809715,CPI,Q14004,compound,protein,1
9809715,CPI,Q16816,compound,protein,1
9809715,CPI,Q8N4C8,compound,protein,1
9809715,CPI,Q9NRH2,compound,protein,1
9809715,CPI,Q9NRP7,compound,protein,1
9809715,CPI,Q9UL54,compound,protein,1
9809715,CPI,Q9Y2U5,compound,protein,1
9809715,CPI,Q9Y6R4,compound,protein,1
9809715,CPI,O15296,compound,protein,0
9809715,CPI,A6NC86,compound,protein,0
9809715,CPI,Q5HYA8,compound,protein,0
9809715,CPI,Q9BZW5,compound,protein,0
9809715,CPI,Q9H3Y0,compound,protein,0
9809715,CPI,P56377,compound,protein,0
9809715,CPI,Q8IV38,compound,protein,0
9809715,CPI,P40198,compound,protein,0
9809715,CPI,Q8NEM0,compound,protein,0
9809715,CPI,A0A075B767,compound,protein,0
9809715,CPI,Q9UHL3,compound,protein,0
9809715,CPI,Q9Y278,compound,protein,0
9809715,CPI,P0DTE5,compound,protein,0
9809715,CPI,Q15056,compound,protein,0
9809715,CPI,O43623,compound,protein,0
9810884,CPI,P50750,compound,protein,1
9810884,CPI,P33261,compound,protein,0
9818903,CPI,P25101,compound,protein,0
9820008,CPI,Q16552,compound,protein,1
9820766,CPI,P00519,compound,protein,0
9823820,CPI,P22830,compound,protein,1
9823820,CPI,Q8NFD2,compound,protein,0
9823820,CPI,P49798,compound,protein,0
9825285,CPI,P50052,compound,protein,1
9826308,CPI,P07333,compound,protein,1
9826308,CPI,P28482,compound,protein,1
9826308,CPI,P51955,compound,protein,1
9826308,CPI,Q13237,compound,protein,1
9826308,CPI,Q5VT25,compound,protein,1
9826308,CPI,P36507,compound,protein,0
9826308,CPI,P18089,compound,protein,0
9826308,CPI,P23975,compound,protein,0
9826308,CPI,P22303,compound,protein,0
9826528,CPI,P36507,compound,protein,1
9828429,CPI,Q15375,compound,protein,0
9829523,CPI,O43283,compound,protein,1
9829523,CPI,O43318,compound,protein,1
9829523,CPI,O94804,compound,protein,1
9829523,CPI,P36888,compound,protein,1
9829523,CPI,P42679,compound,protein,1
9829523,CPI,P42685,compound,protein,1
9829523,CPI,P51617,compound,protein,1
9829523,CPI,P51813,compound,protein,1
9829523,CPI,P53355,compound,protein,1
9829523,CPI,Q00532,compound,protein,1
9829523,CPI,Q06187,compound,protein,1
9829523,CPI,Q13153,compound,protein,1
9829523,CPI,Q15831,compound,protein,1
9829523,CPI,Q86UE8,compound,protein,1
9829523,CPI,Q9H2K2,compound,protein,1
9829523,CPI,Q9H4B4,compound,protein,1
9829523,CPI,Q9NYL2,compound,protein,1
9829523,CPI,Q9Y2H1,compound,protein,1
9829523,CPI,P30968,compound,protein,0
9829523,CPI,P54709,compound,protein,0
9829523,CPI,Q9HBA0,compound,protein,0
9829523,CPI,Q92830,compound,protein,0
9829523,CPI,Q01201,compound,protein,0
9829523,CPI,P68371,compound,protein,0
9829523,CPI,O60391,compound,protein,0
9829523,CPI,O00763,compound,protein,0
9829523,CPI,Q02127,compound,protein,0
9829523,CPI,P43119,compound,protein,0
9829523,CPI,P29372,compound,protein,0
9829523,CPI,O00408,compound,protein,0
9829523,CPI,P10826,compound,protein,0
9829523,CPI,P11387,compound,protein,0
9829523,CPI,P48039,compound,protein,0
9829523,CPI,P20815,compound,protein,0
9840076,CPI,Q16236,compound,protein,1
9840076,CPI,P41743,compound,protein,0
9841560,CPI,Q99571,compound,protein,1
984170,CPI,P08238,compound,protein,1
9841834,CPI,P04035,compound,protein,0
9841972,CPI,Q96KB5,compound,protein,0
9849616,CPI,P21554,compound,protein,1
9849616,CPI,Q9Y587,compound,protein,1
9849616,CPI,P07333,compound,protein,0
9849616,CPI,P49336,compound,protein,0
9849616,CPI,P07947,compound,protein,0
9852185,CPI,P08238,compound,protein,1
9852185,CPI,Q9HD36,compound,protein,1
9853053,CPI,P21731,compound,protein,1
9858940,CPI,P04637,compound,protein,0
9862248,CPI,P14416,compound,protein,0
9863367,CPI,O15264,compound,protein,1
9863367,CPI,P00533,compound,protein,1
9863367,CPI,P06239,compound,protein,1
9863367,CPI,P08069,compound,protein,1
9863367,CPI,P23443,compound,protein,1
9863367,CPI,P45983,compound,protein,1
9863367,CPI,Q14012,compound,protein,1
9863367,CPI,Q8NE63,compound,protein,1
9863367,CPI,Q96GD4,compound,protein,1
9863367,CPI,P28221,compound,protein,0
9863367,CPI,P30411,compound,protein,0
9863367,CPI,Q13705,compound,protein,0
9863367,CPI,Q9NQU5,compound,protein,0
9863367,CPI,P30291,compound,protein,0
9863367,CPI,Q13523,compound,protein,0
9863367,CPI,Q16832,compound,protein,0
9863367,CPI,Q9UKE5,compound,protein,0
9867642,CPI,P41595,compound,protein,1
9867642,CPI,O15146,compound,protein,0
9867642,CPI,Q96L34,compound,protein,0
9867812,CPI,P11511,compound,protein,0
9868037,CPI,P04049,compound,protein,1
9871074,CPI,O00329,compound,protein,0
9871875,CPI,Q13164,compound,protein,1
9871875,CPI,P31749,compound,protein,0
9871875,CPI,P53671,compound,protein,0
9872740,CPI,Q92847,compound,protein,1
9872740,CPI,P16050,compound,protein,0
9880,CPI,P08172,compound,protein,1
9880,CPI,P18825,compound,protein,1
9880,CPI,Q15139,compound,protein,0
9880,CPI,O15197,compound,protein,0
9884685,CPI,O00329,compound,protein,1
9884685,CPI,O75460,compound,protein,1
9884685,CPI,P12931,compound,protein,1
9884685,CPI,P35968,compound,protein,1
9884685,CPI,P36507,compound,protein,1
9884685,CPI,P36896,compound,protein,1
9884685,CPI,P37173,compound,protein,1
9884685,CPI,P41743,compound,protein,1
9884685,CPI,P42679,compound,protein,1
9884685,CPI,P48736,compound,protein,1
9884685,CPI,P51957,compound,protein,1
9884685,CPI,P53355,compound,protein,1
9884685,CPI,P78356,compound,protein,1
9884685,CPI,Q13177,compound,protein,1
9884685,CPI,Q13557,compound,protein,1
9884685,CPI,Q13882,compound,protein,1
9884685,CPI,Q15375,compound,protein,1
9884685,CPI,Q16832,compound,protein,1
9884685,CPI,Q2M2I8,compound,protein,1
9884685,CPI,Q86UE8,compound,protein,1
9884685,CPI,Q9H422,compound,protein,1
9884685,CPI,Q9HCP0,compound,protein,1
9884685,CPI,Q9UQM7,compound,protein,1
9884685,CPI,Q9Y616,compound,protein,1
9884685,CPI,Q16665,compound,protein,0
9884685,CPI,P43681,compound,protein,0
9884685,CPI,P31645,compound,protein,0
9884685,CPI,P22303,compound,protein,0
9884685,CPI,P37288,compound,protein,0
9884685,CPI,P41968,compound,protein,0
9884685,CPI,Q99808,compound,protein,0
9884685,CPI,P21554,compound,protein,0
9884685,CPI,P30518,compound,protein,0
9884685,CPI,Q6UXV4,compound,protein,0
9884685,CPI,Q96BM0,compound,protein,0
9884685,CPI,O43731,compound,protein,0
9884685,CPI,Q9P218,compound,protein,0
9884685,CPI,Q96D46,compound,protein,0
9884685,CPI,Q9BV36,compound,protein,0
9884685,CPI,Q8N5J2,compound,protein,0
9884685,CPI,P48431,compound,protein,0
9884685,CPI,Q96HA9,compound,protein,0
9884685,CPI,Q5VT99,compound,protein,0
9884685,CPI,P38567,compound,protein,0
9887884,CPI,O43526,compound,protein,1
9887884,CPI,P35354,compound,protein,0
9888590,CPI,P17948,compound,protein,1
98889,CPI,P11712,compound,protein,0
9889366,CPI,P48058,compound,protein,1
9891901,CPI,P21728,compound,protein,1
9891901,CPI,P21917,compound,protein,1
9893924,CPI,P30874,compound,protein,1
9893924,CPI,P49682,compound,protein,0
9903786,CPI,P35368,compound,protein,0
9904,CPI,Q16513,compound,protein,0
9907093,CPI,O00329,compound,protein,1
9909648,CPI,P37173,compound,protein,0
9911830,CPI,Q96GD4,compound,protein,1
9911830,CPI,Q86V86,compound,protein,0
9913,CPI,P28335,compound,protein,0
9915743,CPI,O14757,compound,protein,1
9915743,CPI,P10721,compound,protein,1
9915743,CPI,P22694,compound,protein,1
9915743,CPI,P31645,compound,protein,1
9915743,CPI,P31751,compound,protein,1
9915743,CPI,P35590,compound,protein,1
9915743,CPI,P37173,compound,protein,1
9915743,CPI,P53778,compound,protein,1
9915743,CPI,P54762,compound,protein,1
9915743,CPI,P68400,compound,protein,1
9915743,CPI,Q01959,compound,protein,1
9915743,CPI,Q02779,compound,protein,1
9915743,CPI,Q13470,compound,protein,1
9915743,CPI,Q8NE63,compound,protein,1
9915743,CPI,Q9BQI3,compound,protein,1
9915743,CPI,Q9BUB5,compound,protein,1
9915743,CPI,Q9NRM7,compound,protein,1
9915743,CPI,Q9NWZ3,compound,protein,1
9915743,CPI,Q9UEE5,compound,protein,1
9915743,CPI,P16499,compound,protein,0
9915743,CPI,P10253,compound,protein,0
9915743,CPI,P00734,compound,protein,0
9915743,CPI,P25100,compound,protein,0
9915743,CPI,Q3SXY8,compound,protein,0
9915743,CPI,Q8N3I7,compound,protein,0
9915743,CPI,Q6AI14,compound,protein,0
9915743,CPI,Q9P0L0,compound,protein,0
9915743,CPI,Q8IZP0,compound,protein,0
9915743,CPI,Q8N2H3,compound,protein,0
9915743,CPI,P06727,compound,protein,0
9915743,CPI,Q9UQK1,compound,protein,0
9915743,CPI,Q9H6F5,compound,protein,0
9915743,CPI,Q86TC9,compound,protein,0
9915743,CPI,Q9UBI1,compound,protein,0
9915743,CPI,O95071,compound,protein,0
9915743,CPI,Q99697,compound,protein,0
9915743,CPI,Q0WX57,compound,protein,0
9915743,CPI,Q9UBP6,compound,protein,0
9915743,CPI,P23610,compound,protein,0
9915743,CPI,O94903,compound,protein,0
9915886,CPI,P14867,compound,protein,1
9915886,CPI,Q96NX5,compound,protein,0
9926791,CPI,O00506,compound,protein,1
9926791,CPI,O14733,compound,protein,1
9926791,CPI,O15197,compound,protein,1
9926791,CPI,O75460,compound,protein,1
9926791,CPI,O94804,compound,protein,1
9926791,CPI,P04626,compound,protein,1
9926791,CPI,P21127,compound,protein,1
9926791,CPI,P33981,compound,protein,1
9926791,CPI,P41743,compound,protein,1
9926791,CPI,P42338,compound,protein,1
9926791,CPI,P49760,compound,protein,1
9926791,CPI,P51955,compound,protein,1
9926791,CPI,Q00532,compound,protein,1
9926791,CPI,Q01959,compound,protein,1
9926791,CPI,Q02763,compound,protein,1
9926791,CPI,Q15139,compound,protein,1
9926791,CPI,Q15349,compound,protein,1
9926791,CPI,Q8IW41,compound,protein,1
9926791,CPI,Q92772,compound,protein,1
9926791,CPI,Q9P2K8,compound,protein,1
9926791,CPI,Q9UHD2,compound,protein,1
9926791,CPI,Q9Y2K2,compound,protein,1
9926791,CPI,Q06278,compound,protein,0
9926791,CPI,P11387,compound,protein,0
9926791,CPI,P11473,compound,protein,0
9926791,CPI,P36544,compound,protein,0
9926791,CPI,P18505,compound,protein,0
9926791,CPI,P01584,compound,protein,0
9926791,CPI,Q92830,compound,protein,0
9926791,CPI,Q9GZU7,compound,protein,0
9926791,CPI,P49327,compound,protein,0
9926791,CPI,P35408,compound,protein,0
9926791,CPI,P40225,compound,protein,0
9926791,CPI,P04818,compound,protein,0
9926791,CPI,O15303,compound,protein,0
9926791,CPI,Q01118,compound,protein,0
9926791,CPI,O15554,compound,protein,0
9926791,CPI,Q86W47,compound,protein,0
9926791,CPI,Q05586,compound,protein,0
9926791,CPI,Q00987,compound,protein,0
9926791,CPI,P24385,compound,protein,0
9926791,CPI,O60760,compound,protein,0
9926791,CPI,Q15842,compound,protein,0
9926791,CPI,Q6W5P4,compound,protein,0
9926791,CPI,P17787,compound,protein,0
9926791,CPI,P34947,compound,protein,0
9926791,CPI,O15118,compound,protein,0
9931891,CPI,P27815,compound,protein,1
9931891,CPI,P32238,compound,protein,1
9931954,CPI,P05129,compound,protein,1
9931954,CPI,Q05655,compound,protein,1
9931954,CPI,Q13627,compound,protein,1
9931954,CPI,Q8N5Y8,compound,protein,1
9931954,CPI,Q9Y243,compound,protein,1
9931954,CPI,P50613,compound,protein,0
9931954,CPI,Q8IWQ3,compound,protein,0
9931954,CPI,P37231,compound,protein,0
9931954,CPI,Q9P0L2,compound,protein,0
9931954,CPI,P07949,compound,protein,0
9934347,CPI,O43781,compound,protein,1
9934347,CPI,P07332,compound,protein,1
9934347,CPI,P09619,compound,protein,1
9934347,CPI,P23443,compound,protein,1
9934347,CPI,P53778,compound,protein,1
9934347,CPI,Q05397,compound,protein,1
9934347,CPI,Q5S007,compound,protein,1
9934347,CPI,Q96L34,compound,protein,1
9934347,CPI,Q9UEE5,compound,protein,1
9934347,CPI,P30530,compound,protein,0
9934347,CPI,P20794,compound,protein,0
9934347,CPI,Q9C098,compound,protein,0
9934347,CPI,P52564,compound,protein,0
9934347,CPI,Q8N5S9,compound,protein,0
9934347,CPI,P37288,compound,protein,0
9934347,CPI,Q86UE8,compound,protein,0
9934347,CPI,Q9H1R3,compound,protein,0
9934347,CPI,P21731,compound,protein,0
9934347,CPI,P00918,compound,protein,0
9934347,CPI,P43403,compound,protein,0
9934347,CPI,P43681,compound,protein,0
9947841,CPI,Q07869,compound,protein,0
9952773,CPI,P07948,compound,protein,1
9952773,CPI,P11309,compound,protein,1
9952773,CPI,P15735,compound,protein,1
9952773,CPI,P36888,compound,protein,1
9952773,CPI,P51617,compound,protein,1
9952773,CPI,Q14012,compound,protein,1
9952773,CPI,Q8N4C8,compound,protein,1
9952773,CPI,Q9P1W9,compound,protein,1
9952773,CPI,Q9Y243,compound,protein,1
9952773,CPI,Q15831,compound,protein,0
9952773,CPI,Q16659,compound,protein,0
9952773,CPI,Q14524,compound,protein,0
9952773,CPI,Q9Y2U5,compound,protein,0
9952773,CPI,Q13164,compound,protein,0
9952773,CPI,P15428,compound,protein,0
9952773,CPI,O15118,compound,protein,0
9952773,CPI,Q02156,compound,protein,0
9952773,CPI,Q86Z02,compound,protein,0
9952773,CPI,Q13043,compound,protein,0
9952773,CPI,Q9UHD2,compound,protein,0
9952773,CPI,Q99640,compound,protein,0
9953599,CPI,P35916,compound,protein,0
9953599,CPI,Q04759,compound,protein,0
9956119,CPI,P51617,compound,protein,1
9956119,CPI,Q13188,compound,protein,1
9956119,CPI,Q13554,compound,protein,1
9956119,CPI,Q9H2G2,compound,protein,1
9956119,CPI,Q9H2X6,compound,protein,1
9956119,CPI,Q16539,compound,protein,0
9956119,CPI,Q9Y463,compound,protein,0
9956119,CPI,Q9Y6R4,compound,protein,0
9956119,CPI,Q99755,compound,protein,0
9956119,CPI,P80192,compound,protein,0
996,CPI,P23280,compound,protein,0
9960285,CPI,Q06187,compound,protein,0
9966051,CPI,P46098,compound,protein,1
9966051,CPI,P45985,compound,protein,0
9967941,CPI,P36897,compound,protein,1
99719310,CPI,Q9H3R0,compound,protein,1
99719310,CPI,O75914,compound,protein,0
