head,relation,tail,head_type,tail_type
24360,CMI-D,52924644,compound,metabolite
24360,CMI-D,24778634,compound,metabolite
24360,CMI-D,53481751,compound,metabolite
24360,CMI-D,24779545,compound,metabolite
24360,CMI-D,52924353,compound,metabolite
24360,CMI-D,24778715,compound,metabolite
24360,CMI-D,24778898,compound,metabolite
24360,CMI-D,16219824,compound,metabolite
24360,CMI-D,53479772,compound,metabolite
24360,CMI-D,52923950,compound,metabolite
24360,CMI-D,24778868,compound,metabolite
24360,CMI-D,24778735,compound,metabolite
24360,CMI-D,24779554,compound,metabolite
24360,CMI-D,52924152,compound,metabolite
24360,CMI-D,52923087,compound,metabolite
24360,CMI-D,52924125,compound,metabolite
24360,CMI-D,52925126,compound,metabolite
24360,CMI-D,52923894,compound,metabolite
24360,CMI-D,52923972,compound,metabolite
24360,CMI-D,24778699,compound,metabolite
24360,CMI-D,52925065,compound,metabolite
24360,CMI-D,131750353,compound,metabolite
24360,CMI-D,52923906,compound,metabolite
24360,CMI-D,53479161,compound,metabolite
24360,CMI-D,52924378,compound,metabolite
24360,CMI-D,10747814,compound,metabolite
24360,CMI-D,52925469,compound,metabolite
24360,CMI-D,52923852,compound,metabolite
24360,CMI-D,52923946,compound,metabolite
24360,CMI-D,24779052,compound,metabolite
24360,CMI-D,53481787,compound,metabolite
24360,CMI-D,24778871,compound,metabolite
24360,CMI-D,24778855,compound,metabolite
24360,CMI-D,52925059,compound,metabolite
24360,CMI-D,53481757,compound,metabolite
24360,CMI-D,53479483,compound,metabolite
24360,CMI-D,52923914,compound,metabolite
24360,CMI-D,24778723,compound,metabolite
24360,CMI-D,53480355,compound,metabolite
24360,CMI-D,42607457,compound,metabolite
24360,CMI-D,24779053,compound,metabolite
24360,CMI-D,52924162,compound,metabolite
24360,CMI-D,53479588,compound,metabolite
24360,CMI-D,24778766,compound,metabolite
24360,CMI-D,24778625,compound,metabolite
24360,CMI-D,53481707,compound,metabolite
24360,CMI-D,53479796,compound,metabolite
24360,CMI-D,52923896,compound,metabolite
24360,CMI-D,131801673,compound,metabolite
24360,CMI-D,52922703,compound,metabolite
24360,CMI-D,24778624,compound,metabolite
24360,CMI-D,24778876,compound,metabolite
24360,CMI-D,24779553,compound,metabolite
24360,CMI-D,131801660,compound,metabolite
24360,CMI-D,11850,compound,metabolite
24360,CMI-D,53479907,compound,metabolite
24360,CMI-D,24779386,compound,metabolite
24360,CMI-D,24778639,compound,metabolite
24360,CMI-D,24778618,compound,metabolite
24360,CMI-D,24779275,compound,metabolite
24360,CMI-D,52925094,compound,metabolite
24360,CMI-D,9547087,compound,metabolite
24360,CMI-D,9543989,compound,metabolite
24360,CMI-D,52931207,compound,metabolite
24360,CMI-D,131801661,compound,metabolite
24360,CMI-D,24779277,compound,metabolite
24360,CMI-D,6473866,compound,metabolite
24360,CMI-D,52923834,compound,metabolite
24360,CMI-D,52926490,compound,metabolite
24360,CMI-D,6305,compound,metabolite
24360,CMI-D,44260126,compound,metabolite
24360,CMI-D,3082163,compound,metabolite
24360,CMI-D,53481767,compound,metabolite
24360,CMI-D,131801665,compound,metabolite
24360,CMI-D,46891684,compound,metabolite
24360,CMI-D,24778627,compound,metabolite
24360,CMI-D,53481781,compound,metabolite
24360,CMI-D,24779379,compound,metabolite
24360,CMI-D,24779301,compound,metabolite
24360,CMI-D,24778745,compound,metabolite
24360,CMI-D,131766038,compound,metabolite
24360,CMI-D,18631369,compound,metabolite
24360,CMI-D,53479159,compound,metabolite
24360,CMI-D,129657,compound,metabolite
6234,CMI-D,445468,compound,metabolite
6234,CMI-D,52927141,compound,metabolite
6234,CMI-D,53480355,compound,metabolite
6234,CMI-D,5289145,compound,metabolite
6234,CMI-D,24779551,compound,metabolite
6234,CMI-D,5283496,compound,metabolite
6234,CMI-D,24778688,compound,metabolite
6234,CMI-D,52927142,compound,metabolite
6234,CMI-D,52923902,compound,metabolite
6234,CMI-D,52924152,compound,metabolite
6234,CMI-D,11146967,compound,metabolite
6234,CMI-D,52924125,compound,metabolite
6234,CMI-D,24779546,compound,metabolite
6234,CMI-D,52923950,compound,metabolite
6234,CMI-D,53481785,compound,metabolite
6234,CMI-D,52924353,compound,metabolite
6234,CMI-D,52925997,compound,metabolite
6234,CMI-D,52923972,compound,metabolite
6234,CMI-D,52923958,compound,metabolite
6234,CMI-D,52922703,compound,metabolite
6234,CMI-D,52923946,compound,metabolite
6234,CMI-D,53479161,compound,metabolite
6234,CMI-D,53481789,compound,metabolite
6234,CMI-D,53479547,compound,metabolite
6234,CMI-D,24779384,compound,metabolite
6234,CMI-D,52923914,compound,metabolite
6234,CMI-D,46891802,compound,metabolite
6234,CMI-D,24779379,compound,metabolite
6234,CMI-D,52926580,compound,metabolite
6234,CMI-D,24779275,compound,metabolite
6234,CMI-D,16759366,compound,metabolite
6234,CMI-D,5281915,compound,metabolite
6234,CMI-D,24779053,compound,metabolite
6234,CMI-D,52924223,compound,metabolite
6234,CMI-D,44260138,compound,metabolite
6234,CMI-D,53479483,compound,metabolite
6234,CMI-D,52922210,compound,metabolite
6234,CMI-D,11803170,compound,metabolite
6234,CMI-D,42607428,compound,metabolite
6234,CMI-D,53481751,compound,metabolite
6234,CMI-D,3082163,compound,metabolite
6234,CMI-D,446066,compound,metabolite
6234,CMI-D,24778639,compound,metabolite
6234,CMI-D,24778868,compound,metabolite
6234,CMI-D,9546747,compound,metabolite
6234,CMI-D,129657,compound,metabolite
6234,CMI-D,100981287,compound,metabolite
6234,CMI-D,52931223,compound,metabolite
6234,CMI-D,53479588,compound,metabolite
6234,CMI-D,131750353,compound,metabolite
6234,CMI-D,53481755,compound,metabolite
6234,CMI-D,24779301,compound,metabolite
6234,CMI-D,9543989,compound,metabolite
6234,CMI-D,18631369,compound,metabolite
6234,CMI-D,52923087,compound,metabolite
6234,CMI-D,53478000,compound,metabolite
6234,CMI-D,52924162,compound,metabolite
6234,CMI-D,52923852,compound,metabolite
6234,CMI-D,52923906,compound,metabolite
6234,CMI-D,24779052,compound,metabolite
6234,CMI-D,53481779,compound,metabolite
6234,CMI-D,53479907,compound,metabolite
6234,CMI-D,53481777,compound,metabolite
6234,CMI-D,131753215,compound,metabolite
6234,CMI-D,5283572,compound,metabolite
6234,CMI-D,52925094,compound,metabolite
6234,CMI-D,24778618,compound,metabolite
6234,CMI-D,24779297,compound,metabolite
6234,CMI-D,44260125,compound,metabolite
6234,CMI-D,24779046,compound,metabolite
6234,CMI-D,53479159,compound,metabolite
6234,CMI-D,24779277,compound,metabolite
6234,CMI-D,9939965,compound,metabolite
6234,CMI-D,9547000,compound,metabolite
6234,CMI-D,24778766,compound,metabolite
6234,CMI-D,52931207,compound,metabolite
6234,CMI-D,53477892,compound,metabolite
6234,CMI-D,53481707,compound,metabolite
6234,CMI-D,100921659,compound,metabolite
6234,CMI-D,53478875,compound,metabolite
6234,CMI-D,53477971,compound,metabolite
6234,CMI-D,5283576,compound,metabolite
6234,CMI-D,1120,compound,metabolite
1548953,CMI-D,52924644,compound,metabolite
1548953,CMI-D,51,compound,metabolite
1548953,CMI-D,52924152,compound,metabolite
1548953,CMI-D,24778898,compound,metabolite
1548953,CMI-D,52925985,compound,metabolite
1548953,CMI-D,53297342,compound,metabolite
1548953,CMI-D,52926308,compound,metabolite
1548953,CMI-D,12599,compound,metabolite
1548953,CMI-D,52924353,compound,metabolite
1548953,CMI-D,5283496,compound,metabolite
1548953,CMI-D,53481789,compound,metabolite
1548953,CMI-D,53481785,compound,metabolite
1548953,CMI-D,52923950,compound,metabolite
1548953,CMI-D,24779384,compound,metabolite
1548953,CMI-D,52923958,compound,metabolite
1548953,CMI-D,16219824,compound,metabolite
1548953,CMI-D,52924125,compound,metabolite
1548953,CMI-D,24778868,compound,metabolite
1548953,CMI-D,6083,compound,metabolite
1548953,CMI-D,24779053,compound,metabolite
1548953,CMI-D,131750353,compound,metabolite
1548953,CMI-D,52923972,compound,metabolite
1548953,CMI-D,58,compound,metabolite
1548953,CMI-D,1060,compound,metabolite
1548953,CMI-D,24778871,compound,metabolite
1548953,CMI-D,24778735,compound,metabolite
1548953,CMI-D,6030,compound,metabolite
1548953,CMI-D,52923946,compound,metabolite
1548953,CMI-D,11146967,compound,metabolite
1548953,CMI-D,53479547,compound,metabolite
1548953,CMI-D,24778876,compound,metabolite
1548953,CMI-D,53479161,compound,metabolite
1548953,CMI-D,53481783,compound,metabolite
1548953,CMI-D,1088,compound,metabolite
1548953,CMI-D,439402,compound,metabolite
1548953,CMI-D,5957,compound,metabolite
1548953,CMI-D,750,compound,metabolite
1548953,CMI-D,24778638,compound,metabolite
1548953,CMI-D,24778855,compound,metabolite
1548953,CMI-D,439279,compound,metabolite
1548953,CMI-D,24779379,compound,metabolite
1548953,CMI-D,52924223,compound,metabolite
1548953,CMI-D,24779546,compound,metabolite
1548953,CMI-D,52922703,compound,metabolite
1548953,CMI-D,53481707,compound,metabolite
1548953,CMI-D,11850,compound,metabolite
1548953,CMI-D,52923087,compound,metabolite
1548953,CMI-D,16759366,compound,metabolite
1548953,CMI-D,53479588,compound,metabolite
1548953,CMI-D,53481757,compound,metabolite
1548953,CMI-D,52924378,compound,metabolite
1548953,CMI-D,52925094,compound,metabolite
1548953,CMI-D,52923894,compound,metabolite
1548953,CMI-D,52922210,compound,metabolite
1548953,CMI-D,9546747,compound,metabolite
1548953,CMI-D,24778723,compound,metabolite
1548953,CMI-D,5283523,compound,metabolite
1548953,CMI-D,9547096,compound,metabolite
1548953,CMI-D,24779052,compound,metabolite
1548953,CMI-D,444972,compound,metabolite
1548953,CMI-D,53479796,compound,metabolite
1548953,CMI-D,46891805,compound,metabolite
1548953,CMI-D,9543989,compound,metabolite
1548953,CMI-D,586,compound,metabolite
1548953,CMI-D,9547087,compound,metabolite
1548953,CMI-D,24779277,compound,metabolite
1548953,CMI-D,445063,compound,metabolite
1548953,CMI-D,145742,compound,metabolite
1548953,CMI-D,42607430,compound,metabolite
1548953,CMI-D,24779301,compound,metabolite
1548953,CMI-D,440728,compound,metabolite
1548953,CMI-D,65076,compound,metabolite
1548953,CMI-D,24779585,compound,metabolite
1548953,CMI-D,52923896,compound,metabolite
1548953,CMI-D,984,compound,metabolite
1548953,CMI-D,6473866,compound,metabolite
1548953,CMI-D,52923882,compound,metabolite
1548953,CMI-D,11433862,compound,metabolite
1548953,CMI-D,11803170,compound,metabolite
1548953,CMI-D,44260126,compound,metabolite
1548953,CMI-D,18631369,compound,metabolite
1548953,CMI-D,131801661,compound,metabolite
1548953,CMI-D,190,compound,metabolite
1548953,CMI-D,24779046,compound,metabolite
1548953,CMI-D,3013625,compound,metabolite
1548953,CMI-D,24778745,compound,metabolite
1548953,CMI-D,131742,compound,metabolite
1548953,CMI-D,53478597,compound,metabolite
1548953,CMI-D,24778642,compound,metabolite
1548953,CMI-D,24778643,compound,metabolite
1548953,CMI-D,53481755,compound,metabolite
1548953,CMI-D,53481767,compound,metabolite
1548953,CMI-D,7680,compound,metabolite
1548953,CMI-D,5280473,compound,metabolite
1548953,CMI-D,24779336,compound,metabolite
1548953,CMI-D,53481781,compound,metabolite
1548953,CMI-D,5281915,compound,metabolite
1548953,CMI-D,46891684,compound,metabolite
1548953,CMI-D,24778881,compound,metabolite
1548953,CMI-D,131766038,compound,metabolite
1548953,CMI-D,753,compound,metabolite
1548953,CMI-D,53479159,compound,metabolite
1548953,CMI-D,5284616,compound,metabolite
1548953,CMI-D,545606,compound,metabolite
1548953,CMI-D,131750340,compound,metabolite
1548953,CMI-D,131750646,compound,metabolite
46220502,CMI-D,24779545,compound,metabolite
46220502,CMI-D,52924644,compound,metabolite
46220502,CMI-D,52924152,compound,metabolite
46220502,CMI-D,52925985,compound,metabolite
46220502,CMI-D,24779554,compound,metabolite
46220502,CMI-D,24778898,compound,metabolite
46220502,CMI-D,52923950,compound,metabolite
46220502,CMI-D,51,compound,metabolite
46220502,CMI-D,446440,compound,metabolite
46220502,CMI-D,52925710,compound,metabolite
46220502,CMI-D,52926308,compound,metabolite
46220502,CMI-D,24778634,compound,metabolite
46220502,CMI-D,52924353,compound,metabolite
46220502,CMI-D,52925469,compound,metabolite
46220502,CMI-D,53297342,compound,metabolite
46220502,CMI-D,52925126,compound,metabolite
46220502,CMI-D,52923958,compound,metabolite
46220502,CMI-D,52923972,compound,metabolite
46220502,CMI-D,53481789,compound,metabolite
46220502,CMI-D,24778735,compound,metabolite
46220502,CMI-D,53481785,compound,metabolite
46220502,CMI-D,53479772,compound,metabolite
46220502,CMI-D,24778868,compound,metabolite
46220502,CMI-D,24779544,compound,metabolite
46220502,CMI-D,5289145,compound,metabolite
46220502,CMI-D,5283496,compound,metabolite
46220502,CMI-D,445468,compound,metabolite
46220502,CMI-D,52927141,compound,metabolite
46220502,CMI-D,52924125,compound,metabolite
46220502,CMI-D,24779384,compound,metabolite
46220502,CMI-D,5283499,compound,metabolite
46220502,CMI-D,12599,compound,metabolite
46220502,CMI-D,52923946,compound,metabolite
46220502,CMI-D,52925155,compound,metabolite
46220502,CMI-D,52927142,compound,metabolite
46220502,CMI-D,53480355,compound,metabolite
46220502,CMI-D,24779551,compound,metabolite
46220502,CMI-D,16219824,compound,metabolite
46220502,CMI-D,52922252,compound,metabolite
46220502,CMI-D,46891805,compound,metabolite
46220502,CMI-D,52925059,compound,metabolite
46220502,CMI-D,105024,compound,metabolite
46220502,CMI-D,24778855,compound,metabolite
46220502,CMI-D,58,compound,metabolite
46220502,CMI-D,131750353,compound,metabolite
46220502,CMI-D,52926580,compound,metabolite
46220502,CMI-D,439279,compound,metabolite
46220502,CMI-D,24778871,compound,metabolite
46220502,CMI-D,6083,compound,metabolite
46220502,CMI-D,52925997,compound,metabolite
46220502,CMI-D,16759366,compound,metabolite
46220502,CMI-D,53481777,compound,metabolite
46220502,CMI-D,53481783,compound,metabolite
46220502,CMI-D,53479161,compound,metabolite
46220502,CMI-D,52926310,compound,metabolite
46220502,CMI-D,24779546,compound,metabolite
46220502,CMI-D,52926307,compound,metabolite
46220502,CMI-D,11850,compound,metabolite
46220502,CMI-D,53479796,compound,metabolite
46220502,CMI-D,52923914,compound,metabolite
46220502,CMI-D,11146967,compound,metabolite
46220502,CMI-D,42607430,compound,metabolite
46220502,CMI-D,108063,compound,metabolite
46220502,CMI-D,24779585,compound,metabolite
46220502,CMI-D,52925426,compound,metabolite
46220502,CMI-D,52923896,compound,metabolite
46220502,CMI-D,52925229,compound,metabolite
46220502,CMI-D,9547087,compound,metabolite
46220502,CMI-D,52923852,compound,metabolite
46220502,CMI-D,52922703,compound,metabolite
46220502,CMI-D,52925094,compound,metabolite
46220502,CMI-D,52923087,compound,metabolite
46220502,CMI-D,24778625,compound,metabolite
46220502,CMI-D,24778624,compound,metabolite
46220502,CMI-D,24778876,compound,metabolite
46220502,CMI-D,24778723,compound,metabolite
46220502,CMI-D,53479588,compound,metabolite
46220502,CMI-D,6030,compound,metabolite
46220502,CMI-D,52923906,compound,metabolite
46220502,CMI-D,42607457,compound,metabolite
46220502,CMI-D,9543989,compound,metabolite
46220502,CMI-D,52924162,compound,metabolite
46220502,CMI-D,24778638,compound,metabolite
46220502,CMI-D,131801661,compound,metabolite
46220502,CMI-D,9547096,compound,metabolite
46220502,CMI-D,24779052,compound,metabolite
46220502,CMI-D,24779379,compound,metabolite
46220502,CMI-D,53481707,compound,metabolite
46220502,CMI-D,24778639,compound,metabolite
46220502,CMI-D,53478875,compound,metabolite
46220502,CMI-D,53479907,compound,metabolite
46220502,CMI-D,52922210,compound,metabolite
46220502,CMI-D,5283523,compound,metabolite
46220502,CMI-D,24779053,compound,metabolite
46220502,CMI-D,24906333,compound,metabolite
46220502,CMI-D,9546747,compound,metabolite
46220502,CMI-D,42607428,compound,metabolite
46220502,CMI-D,1088,compound,metabolite
46220502,CMI-D,44260126,compound,metabolite
46220502,CMI-D,131801673,compound,metabolite
46220502,CMI-D,6473866,compound,metabolite
46220502,CMI-D,24778618,compound,metabolite
46220502,CMI-D,131742,compound,metabolite
46220502,CMI-D,52923834,compound,metabolite
46220502,CMI-D,3082163,compound,metabolite
46220502,CMI-D,5957,compound,metabolite
46220502,CMI-D,131753238,compound,metabolite
46220502,CMI-D,24779341,compound,metabolite
46220502,CMI-D,24778643,compound,metabolite
46220502,CMI-D,52925128,compound,metabolite
46220502,CMI-D,1120,compound,metabolite
46220502,CMI-D,52923882,compound,metabolite
46220502,CMI-D,750,compound,metabolite
46220502,CMI-D,52927171,compound,metabolite
46220502,CMI-D,24778627,compound,metabolite
46220502,CMI-D,52924223,compound,metabolite
46220502,CMI-D,53478597,compound,metabolite
46220502,CMI-D,52926604,compound,metabolite
46220502,CMI-D,24778815,compound,metabolite
46220502,CMI-D,18631369,compound,metabolite
46220502,CMI-D,811,compound,metabolite
46220502,CMI-D,24779046,compound,metabolite
46220502,CMI-D,46891684,compound,metabolite
46220502,CMI-D,24779336,compound,metabolite
46220502,CMI-D,24779553,compound,metabolite
46220502,CMI-D,24778880,compound,metabolite
46220502,CMI-D,53481781,compound,metabolite
46220502,CMI-D,24778745,compound,metabolite
46220502,CMI-D,52926616,compound,metabolite
46220502,CMI-D,129657,compound,metabolite
46220502,CMI-D,131766038,compound,metabolite
46220502,CMI-D,53478598,compound,metabolite
46220502,CMI-D,43,compound,metabolite
46220502,CMI-D,6444033,compound,metabolite
46220502,CMI-D,14057128,compound,metabolite
46220502,CMI-D,52927174,compound,metabolite
46220502,CMI-D,5284616,compound,metabolite
46220502,CMI-D,131801665,compound,metabolite
46220502,CMI-D,1123,compound,metabolite
46220502,CMI-D,131750340,compound,metabolite
46220502,CMI-D,53479159,compound,metabolite
46220502,CMI-D,305,compound,metabolite
2090,CMI-D,24779545,compound,metabolite
2090,CMI-D,52925126,compound,metabolite
2090,CMI-D,12599,compound,metabolite
2090,CMI-D,1060,compound,metabolite
2090,CMI-D,24779336,compound,metabolite
2090,CMI-D,10836,compound,metabolite
2090,CMI-D,131750346,compound,metabolite
2090,CMI-D,1085,compound,metabolite
2090,CMI-D,44260129,compound,metabolite
2090,CMI-D,21100,compound,metabolite
5282181,CMI-D,52925985,compound,metabolite
5282181,CMI-D,24779384,compound,metabolite
5282181,CMI-D,52924353,compound,metabolite
5282181,CMI-D,5289145,compound,metabolite
5282181,CMI-D,53481777,compound,metabolite
5282181,CMI-D,52924125,compound,metabolite
5282181,CMI-D,24779053,compound,metabolite
5282181,CMI-D,24778868,compound,metabolite
5282181,CMI-D,52925469,compound,metabolite
5282181,CMI-D,52923972,compound,metabolite
5282181,CMI-D,52925155,compound,metabolite
5282181,CMI-D,24779052,compound,metabolite
5282181,CMI-D,24779546,compound,metabolite
5282181,CMI-D,24778898,compound,metabolite
5282181,CMI-D,52923950,compound,metabolite
5282181,CMI-D,131801660,compound,metabolite
5282181,CMI-D,24779551,compound,metabolite
5282181,CMI-D,53479547,compound,metabolite
5282181,CMI-D,53480355,compound,metabolite
5282181,CMI-D,53481787,compound,metabolite
5282181,CMI-D,5283568,compound,metabolite
5282181,CMI-D,5283576,compound,metabolite
5282181,CMI-D,52923894,compound,metabolite
5282181,CMI-D,52925710,compound,metabolite
5282181,CMI-D,53481757,compound,metabolite
5282181,CMI-D,9546747,compound,metabolite
5282181,CMI-D,46891805,compound,metabolite
5282181,CMI-D,131801661,compound,metabolite
5282181,CMI-D,46891802,compound,metabolite
5282181,CMI-D,24779277,compound,metabolite
5282181,CMI-D,52922252,compound,metabolite
5282181,CMI-D,446440,compound,metabolite
5282181,CMI-D,24778855,compound,metabolite
5282181,CMI-D,52922703,compound,metabolite
5282181,CMI-D,24778876,compound,metabolite
5282181,CMI-D,984,compound,metabolite
5282181,CMI-D,131766679,compound,metabolite
5282181,CMI-D,53479161,compound,metabolite
5282181,CMI-D,44260126,compound,metabolite
5282181,CMI-D,53479605,compound,metabolite
5282181,CMI-D,24779585,compound,metabolite
5282181,CMI-D,53481755,compound,metabolite
5282181,CMI-D,53479588,compound,metabolite
5282181,CMI-D,53481779,compound,metabolite
5282181,CMI-D,24778871,compound,metabolite
5282181,CMI-D,52925426,compound,metabolite
5282181,CMI-D,24778624,compound,metabolite
5282181,CMI-D,52924223,compound,metabolite
5282181,CMI-D,53481703,compound,metabolite
5282181,CMI-D,24778639,compound,metabolite
5282181,CMI-D,53479907,compound,metabolite
5282181,CMI-D,16759366,compound,metabolite
5282181,CMI-D,52931207,compound,metabolite
5282181,CMI-D,52931223,compound,metabolite
5282181,CMI-D,52923882,compound,metabolite
5282181,CMI-D,42607428,compound,metabolite
5282181,CMI-D,9547000,compound,metabolite
5282181,CMI-D,18631369,compound,metabolite
5282181,CMI-D,44260132,compound,metabolite
5282181,CMI-D,52924162,compound,metabolite
5282181,CMI-D,24778766,compound,metabolite
5282181,CMI-D,52923896,compound,metabolite
5282181,CMI-D,53478000,compound,metabolite
5282181,CMI-D,24779379,compound,metabolite
5282181,CMI-D,5284616,compound,metabolite
5282181,CMI-D,131801653,compound,metabolite
5282181,CMI-D,53481781,compound,metabolite
5282181,CMI-D,5281915,compound,metabolite
5282181,CMI-D,44260138,compound,metabolite
5282181,CMI-D,131753238,compound,metabolite
5282181,CMI-D,53477994,compound,metabolite
5282181,CMI-D,24778625,compound,metabolite
5282181,CMI-D,14275359,compound,metabolite
5282181,CMI-D,445580,compound,metabolite
5282181,CMI-D,14275403,compound,metabolite
5282181,CMI-D,131801657,compound,metabolite
5282181,CMI-D,11433862,compound,metabolite
5282181,CMI-D,53477965,compound,metabolite
5282181,CMI-D,100921659,compound,metabolite
5282181,CMI-D,53477960,compound,metabolite
5282181,CMI-D,1120,compound,metabolite
5282181,CMI-D,53477801,compound,metabolite
5282181,CMI-D,24779336,compound,metabolite
2157,CMI-D,52925985,compound,metabolite
2157,CMI-D,51,compound,metabolite
2157,CMI-D,5283496,compound,metabolite
2157,CMI-D,5283499,compound,metabolite
2157,CMI-D,52924125,compound,metabolite
2157,CMI-D,58,compound,metabolite
2157,CMI-D,24778868,compound,metabolite
2157,CMI-D,6083,compound,metabolite
2157,CMI-D,24779384,compound,metabolite
2157,CMI-D,52925229,compound,metabolite
2157,CMI-D,52923087,compound,metabolite
2157,CMI-D,53481777,compound,metabolite
2157,CMI-D,24778871,compound,metabolite
2157,CMI-D,24779052,compound,metabolite
2157,CMI-D,6030,compound,metabolite
2157,CMI-D,65076,compound,metabolite
2157,CMI-D,1060,compound,metabolite
2157,CMI-D,53479547,compound,metabolite
2157,CMI-D,24778638,compound,metabolite
2157,CMI-D,24779053,compound,metabolite
2157,CMI-D,11146967,compound,metabolite
2157,CMI-D,53481789,compound,metabolite
2157,CMI-D,971,compound,metabolite
2157,CMI-D,46891805,compound,metabolite
2157,CMI-D,53479588,compound,metabolite
2157,CMI-D,439402,compound,metabolite
2157,CMI-D,52924223,compound,metabolite
2157,CMI-D,24778876,compound,metabolite
2157,CMI-D,24779546,compound,metabolite
2157,CMI-D,46891802,compound,metabolite
2157,CMI-D,9546747,compound,metabolite
2157,CMI-D,5283523,compound,metabolite
2157,CMI-D,42607430,compound,metabolite
2157,CMI-D,185698,compound,metabolite
2157,CMI-D,6267,compound,metabolite
2157,CMI-D,41781,compound,metabolite
2157,CMI-D,16759366,compound,metabolite
2157,CMI-D,53479796,compound,metabolite
2157,CMI-D,52922252,compound,metabolite
2157,CMI-D,9547087,compound,metabolite
2157,CMI-D,24779277,compound,metabolite
2157,CMI-D,25163995,compound,metabolite
2157,CMI-D,52922210,compound,metabolite
2157,CMI-D,52923896,compound,metabolite
2157,CMI-D,24779585,compound,metabolite
2157,CMI-D,105024,compound,metabolite
2157,CMI-D,52922703,compound,metabolite
2157,CMI-D,44260132,compound,metabolite
2157,CMI-D,52924162,compound,metabolite
2157,CMI-D,52923882,compound,metabolite
2157,CMI-D,984,compound,metabolite
2157,CMI-D,53478597,compound,metabolite
2157,CMI-D,11433862,compound,metabolite
2157,CMI-D,53481755,compound,metabolite
2157,CMI-D,53481753,compound,metabolite
2157,CMI-D,44260130,compound,metabolite
2157,CMI-D,24906333,compound,metabolite
2157,CMI-D,545588,compound,metabolite
2157,CMI-D,131750378,compound,metabolite
2157,CMI-D,24779046,compound,metabolite
2157,CMI-D,753,compound,metabolite
2157,CMI-D,4991,compound,metabolite
2157,CMI-D,161166,compound,metabolite
2157,CMI-D,24778643,compound,metabolite
2157,CMI-D,305,compound,metabolite
2157,CMI-D,53481781,compound,metabolite
2157,CMI-D,24779336,compound,metabolite
2157,CMI-D,699414,compound,metabolite
2157,CMI-D,18631369,compound,metabolite
2157,CMI-D,3081383,compound,metabolite
2157,CMI-D,64969,compound,metabolite
2157,CMI-D,53478598,compound,metabolite
5328940,CMI-D,24779545,compound,metabolite
5328940,CMI-D,52924644,compound,metabolite
5328940,CMI-D,52925985,compound,metabolite
5328940,CMI-D,52924152,compound,metabolite
5328940,CMI-D,52926308,compound,metabolite
5328940,CMI-D,51,compound,metabolite
5328940,CMI-D,24778868,compound,metabolite
5328940,CMI-D,52923958,compound,metabolite
5328940,CMI-D,52923972,compound,metabolite
5328940,CMI-D,53481785,compound,metabolite
5328940,CMI-D,24778634,compound,metabolite
5328940,CMI-D,53481789,compound,metabolite
5328940,CMI-D,5289145,compound,metabolite
5328940,CMI-D,12599,compound,metabolite
5328940,CMI-D,24779554,compound,metabolite
5328940,CMI-D,52925710,compound,metabolite
5328940,CMI-D,53479772,compound,metabolite
5328940,CMI-D,52925469,compound,metabolite
5328940,CMI-D,5283499,compound,metabolite
5328940,CMI-D,52923950,compound,metabolite
5328940,CMI-D,53297342,compound,metabolite
5328940,CMI-D,24778735,compound,metabolite
5328940,CMI-D,24779384,compound,metabolite
5328940,CMI-D,5283496,compound,metabolite
5328940,CMI-D,446440,compound,metabolite
5328940,CMI-D,53480355,compound,metabolite
5328940,CMI-D,52924353,compound,metabolite
5328940,CMI-D,24779551,compound,metabolite
5328940,CMI-D,24778898,compound,metabolite
5328940,CMI-D,52925155,compound,metabolite
5328940,CMI-D,52923902,compound,metabolite
5328940,CMI-D,52925126,compound,metabolite
5328940,CMI-D,53481777,compound,metabolite
5328940,CMI-D,24778715,compound,metabolite
5328940,CMI-D,52924125,compound,metabolite
5328940,CMI-D,58,compound,metabolite
5328940,CMI-D,52923946,compound,metabolite
5328940,CMI-D,16219824,compound,metabolite
5328940,CMI-D,53479547,compound,metabolite
5328940,CMI-D,445468,compound,metabolite
5328940,CMI-D,52922252,compound,metabolite
5328940,CMI-D,53479605,compound,metabolite
5328940,CMI-D,6083,compound,metabolite
5328940,CMI-D,105024,compound,metabolite
5328940,CMI-D,24779053,compound,metabolite
5328940,CMI-D,52925997,compound,metabolite
5328940,CMI-D,439279,compound,metabolite
5328940,CMI-D,11850,compound,metabolite
5328940,CMI-D,52925059,compound,metabolite
5328940,CMI-D,11146967,compound,metabolite
5328940,CMI-D,24778855,compound,metabolite
5328940,CMI-D,53479161,compound,metabolite
5328940,CMI-D,52923906,compound,metabolite
5328940,CMI-D,24779546,compound,metabolite
5328940,CMI-D,53481783,compound,metabolite
5328940,CMI-D,52923087,compound,metabolite
5328940,CMI-D,6030,compound,metabolite
5328940,CMI-D,42607457,compound,metabolite
5328940,CMI-D,16759366,compound,metabolite
5328940,CMI-D,24778688,compound,metabolite
5328940,CMI-D,52927142,compound,metabolite
5328940,CMI-D,42607430,compound,metabolite
5328940,CMI-D,52923914,compound,metabolite
5328940,CMI-D,53479483,compound,metabolite
5328940,CMI-D,971,compound,metabolite
5328940,CMI-D,24778876,compound,metabolite
5328940,CMI-D,24778871,compound,metabolite
5328940,CMI-D,24779379,compound,metabolite
5328940,CMI-D,52922703,compound,metabolite
5328940,CMI-D,52924162,compound,metabolite
5328940,CMI-D,24779585,compound,metabolite
5328940,CMI-D,5283523,compound,metabolite
5328940,CMI-D,444972,compound,metabolite
5328940,CMI-D,9547087,compound,metabolite
5328940,CMI-D,46891802,compound,metabolite
5328940,CMI-D,52922210,compound,metabolite
5328940,CMI-D,9543989,compound,metabolite
5328940,CMI-D,52925094,compound,metabolite
5328940,CMI-D,1088,compound,metabolite
5328940,CMI-D,750,compound,metabolite
5328940,CMI-D,11803170,compound,metabolite
5328940,CMI-D,24779052,compound,metabolite
5328940,CMI-D,53479796,compound,metabolite
5328940,CMI-D,131801673,compound,metabolite
5328940,CMI-D,42607428,compound,metabolite
5328940,CMI-D,24778624,compound,metabolite
5328940,CMI-D,24779341,compound,metabolite
5328940,CMI-D,24778723,compound,metabolite
5328940,CMI-D,44260132,compound,metabolite
5328940,CMI-D,24778638,compound,metabolite
5328940,CMI-D,53481779,compound,metabolite
5328940,CMI-D,24778639,compound,metabolite
5328940,CMI-D,53478875,compound,metabolite
5328940,CMI-D,446066,compound,metabolite
5328940,CMI-D,52923852,compound,metabolite
5328940,CMI-D,41781,compound,metabolite
5328940,CMI-D,53479907,compound,metabolite
5328940,CMI-D,9547096,compound,metabolite
5328940,CMI-D,52924223,compound,metabolite
5328940,CMI-D,131742,compound,metabolite
5328940,CMI-D,100981287,compound,metabolite
5328940,CMI-D,24778625,compound,metabolite
5328940,CMI-D,53481707,compound,metabolite
5328940,CMI-D,24906333,compound,metabolite
5328940,CMI-D,445063,compound,metabolite
5328940,CMI-D,5957,compound,metabolite
5328940,CMI-D,24778618,compound,metabolite
5328940,CMI-D,439286,compound,metabolite
5328940,CMI-D,52926310,compound,metabolite
5328940,CMI-D,24779046,compound,metabolite
5328940,CMI-D,18631369,compound,metabolite
5328940,CMI-D,24778815,compound,metabolite
5328940,CMI-D,24779277,compound,metabolite
5328940,CMI-D,52931207,compound,metabolite
5328940,CMI-D,24778643,compound,metabolite
5328940,CMI-D,24778766,compound,metabolite
5328940,CMI-D,53481781,compound,metabolite
5328940,CMI-D,5281915,compound,metabolite
5328940,CMI-D,10747814,compound,metabolite
5328940,CMI-D,53481757,compound,metabolite
5328940,CMI-D,52925128,compound,metabolite
5328940,CMI-D,5280473,compound,metabolite
5328940,CMI-D,11433862,compound,metabolite
5328940,CMI-D,52923882,compound,metabolite
5328940,CMI-D,53481755,compound,metabolite
5328940,CMI-D,586,compound,metabolite
5328940,CMI-D,44260130,compound,metabolite
5328940,CMI-D,44260125,compound,metabolite
5328940,CMI-D,52923896,compound,metabolite
5328940,CMI-D,24778745,compound,metabolite
5328940,CMI-D,3013625,compound,metabolite
5328940,CMI-D,46891684,compound,metabolite
5328940,CMI-D,44260139,compound,metabolite
5328940,CMI-D,3082163,compound,metabolite
5328940,CMI-D,131753238,compound,metabolite
5328940,CMI-D,53478597,compound,metabolite
5328940,CMI-D,7680,compound,metabolite
5328940,CMI-D,440728,compound,metabolite
5328940,CMI-D,440735,compound,metabolite
5328940,CMI-D,24778642,compound,metabolite
5328940,CMI-D,25074411,compound,metabolite
5328940,CMI-D,811,compound,metabolite
5328940,CMI-D,24778880,compound,metabolite
5328940,CMI-D,439213,compound,metabolite
5328940,CMI-D,83944,compound,metabolite
2564,CMI-D,24779544,compound,metabolite
2564,CMI-D,52925710,compound,metabolite
2564,CMI-D,52925155,compound,metabolite
2564,CMI-D,53481789,compound,metabolite
2564,CMI-D,52923972,compound,metabolite
2564,CMI-D,52925426,compound,metabolite
2564,CMI-D,52923958,compound,metabolite
2564,CMI-D,53481751,compound,metabolite
2564,CMI-D,53479161,compound,metabolite
2564,CMI-D,53481783,compound,metabolite
2564,CMI-D,131750370,compound,metabolite
2564,CMI-D,52931223,compound,metabolite
2564,CMI-D,53479483,compound,metabolite
2564,CMI-D,446066,compound,metabolite
2564,CMI-D,161166,compound,metabolite
2564,CMI-D,53481777,compound,metabolite
2564,CMI-D,52925065,compound,metabolite
2564,CMI-D,14275352,compound,metabolite
2564,CMI-D,24778855,compound,metabolite
2564,CMI-D,11146967,compound,metabolite
2564,CMI-D,24778868,compound,metabolite
2564,CMI-D,44260130,compound,metabolite
2564,CMI-D,53481779,compound,metabolite
2564,CMI-D,25163995,compound,metabolite
2564,CMI-D,10255824,compound,metabolite
2564,CMI-D,44260132,compound,metabolite
2564,CMI-D,52923085,compound,metabolite
2564,CMI-D,247304,compound,metabolite
2564,CMI-D,53477801,compound,metabolite
2564,CMI-D,53480973,compound,metabolite
2564,CMI-D,24778638,compound,metabolite
2564,CMI-D,545588,compound,metabolite
2564,CMI-D,53480968,compound,metabolite
2564,CMI-D,127448,compound,metabolite
2564,CMI-D,53480990,compound,metabolite
2564,CMI-D,53479547,compound,metabolite
2564,CMI-D,16219824,compound,metabolite
2564,CMI-D,10851,compound,metabolite
2564,CMI-D,52925469,compound,metabolite
2564,CMI-D,123409,compound,metabolite
2564,CMI-D,52923914,compound,metabolite
2564,CMI-D,24779336,compound,metabolite
2564,CMI-D,6444033,compound,metabolite
2564,CMI-D,122281,compound,metabolite
2564,CMI-D,24778723,compound,metabolite
2564,CMI-D,10243361,compound,metabolite
2564,CMI-D,5280473,compound,metabolite
2564,CMI-D,131766679,compound,metabolite
2564,CMI-D,53477890,compound,metabolite
2564,CMI-D,131750350,compound,metabolite
2564,CMI-D,53477965,compound,metabolite
2564,CMI-D,44260127,compound,metabolite
2564,CMI-D,44260125,compound,metabolite
2564,CMI-D,53480981,compound,metabolite
2564,CMI-D,52922703,compound,metabolite
2564,CMI-D,11988264,compound,metabolite
2564,CMI-D,53477964,compound,metabolite
2564,CMI-D,3246945,compound,metabolite
2564,CMI-D,52927171,compound,metabolite
2564,CMI-D,24906333,compound,metabolite
2564,CMI-D,9543989,compound,metabolite
2564,CMI-D,445580,compound,metabolite
2564,CMI-D,5284616,compound,metabolite
2564,CMI-D,46879024,compound,metabolite
2564,CMI-D,11433862,compound,metabolite
2564,CMI-D,131754572,compound,metabolite
2564,CMI-D,131742,compound,metabolite
2564,CMI-D,44260124,compound,metabolite
2564,CMI-D,6453952,compound,metabolite
2564,CMI-D,92746,compound,metabolite
2564,CMI-D,4075,compound,metabolite
2564,CMI-D,13712,compound,metabolite
2564,CMI-D,159663,compound,metabolite
2564,CMI-D,5789,compound,metabolite
2564,CMI-D,131750394,compound,metabolite
2564,CMI-D,10443535,compound,metabolite
2564,CMI-D,53479159,compound,metabolite
2564,CMI-D,53479481,compound,metabolite
2564,CMI-D,5280793,compound,metabolite
2564,CMI-D,18526330,compound,metabolite
2564,CMI-D,1021,compound,metabolite
2564,CMI-D,53480963,compound,metabolite
2564,CMI-D,46891805,compound,metabolite
2564,CMI-D,10386463,compound,metabolite
2564,CMI-D,44260138,compound,metabolite
2564,CMI-D,52925094,compound,metabolite
2564,CMI-D,119207,compound,metabolite
2564,CMI-D,53478597,compound,metabolite
2564,CMI-D,24778643,compound,metabolite
2564,CMI-D,5284604,compound,metabolite
2564,CMI-D,699414,compound,metabolite
2564,CMI-D,440867,compound,metabolite
2564,CMI-D,53478598,compound,metabolite
2564,CMI-D,5988,compound,metabolite
2564,CMI-D,440273,compound,metabolite
2564,CMI-D,53480964,compound,metabolite
2564,CMI-D,9547068,compound,metabolite
2564,CMI-D,53480960,compound,metabolite
2564,CMI-D,970,compound,metabolite
2564,CMI-D,6029,compound,metabolite
2564,CMI-D,161223,compound,metabolite
2564,CMI-D,52927148,compound,metabolite
2564,CMI-D,446541,compound,metabolite
2564,CMI-D,90479364,compound,metabolite
2564,CMI-D,53477785,compound,metabolite
2564,CMI-D,5391,compound,metabolite
2564,CMI-D,24779458,compound,metabolite
2564,CMI-D,323,compound,metabolite
2564,CMI-D,439258,compound,metabolite
6918155,CMI-D,1198,compound,metabolite
156419,CMI-D,51,compound,metabolite
156419,CMI-D,52924644,compound,metabolite
156419,CMI-D,52925126,compound,metabolite
156419,CMI-D,6083,compound,metabolite
156419,CMI-D,971,compound,metabolite
156419,CMI-D,185698,compound,metabolite
156419,CMI-D,6267,compound,metabolite
156419,CMI-D,41781,compound,metabolite
156419,CMI-D,1060,compound,metabolite
156419,CMI-D,6030,compound,metabolite
156419,CMI-D,24778634,compound,metabolite
156419,CMI-D,439402,compound,metabolite
156419,CMI-D,190,compound,metabolite
156419,CMI-D,6305,compound,metabolite
156419,CMI-D,1088,compound,metabolite
156419,CMI-D,586,compound,metabolite
156419,CMI-D,750,compound,metabolite
156419,CMI-D,4991,compound,metabolite
156419,CMI-D,6736,compound,metabolite
156419,CMI-D,984,compound,metabolite
156419,CMI-D,7680,compound,metabolite
156419,CMI-D,65076,compound,metabolite
156419,CMI-D,439286,compound,metabolite
156419,CMI-D,446066,compound,metabolite
156419,CMI-D,440728,compound,metabolite
156419,CMI-D,24906333,compound,metabolite
156419,CMI-D,811,compound,metabolite
156419,CMI-D,1054,compound,metabolite
156419,CMI-D,6287,compound,metabolite
156419,CMI-D,6274,compound,metabolite
156419,CMI-D,5951,compound,metabolite
156419,CMI-D,753,compound,metabolite
156419,CMI-D,3013625,compound,metabolite
156419,CMI-D,6057,compound,metabolite
156419,CMI-D,6137,compound,metabolite
156419,CMI-D,64969,compound,metabolite
156419,CMI-D,1123,compound,metabolite
156419,CMI-D,15993,compound,metabolite
156419,CMI-D,558,compound,metabolite
156419,CMI-D,10972,compound,metabolite
156419,CMI-D,73323,compound,metabolite
5282493,CMI-D,5283576,compound,metabolite
5282493,CMI-D,439415,compound,metabolite
5282493,CMI-D,10786,compound,metabolite
5282493,CMI-D,984,compound,metabolite
5282493,CMI-D,440565,compound,metabolite
5282493,CMI-D,122281,compound,metabolite
5282493,CMI-D,119207,compound,metabolite
5282493,CMI-D,159663,compound,metabolite
5282493,CMI-D,439286,compound,metabolite
5282493,CMI-D,22833609,compound,metabolite
5282493,CMI-D,247304,compound,metabolite
5282493,CMI-D,5283344,compound,metabolite
5282493,CMI-D,176907,compound,metabolite
5282493,CMI-D,5284604,compound,metabolite
5282493,CMI-D,127448,compound,metabolite
5282493,CMI-D,89472,compound,metabolite
5282493,CMI-D,1150,compound,metabolite
5282493,CMI-D,54715139,compound,metabolite
5282493,CMI-D,3001028,compound,metabolite
5282493,CMI-D,5988,compound,metabolite
5282493,CMI-D,5789,compound,metabolite
5282493,CMI-D,14275359,compound,metabolite
5282493,CMI-D,6368126,compound,metabolite
5282493,CMI-D,439586,compound,metabolite
5282493,CMI-D,1112,compound,metabolite
5282493,CMI-D,83944,compound,metabolite
5282493,CMI-D,53477960,compound,metabolite
5282493,CMI-D,11988264,compound,metabolite
5282493,CMI-D,1864,compound,metabolite
5282493,CMI-D,31242,compound,metabolite
5282493,CMI-D,53478000,compound,metabolite
5282493,CMI-D,440659,compound,metabolite
5282493,CMI-D,186907,compound,metabolite
5282493,CMI-D,8299,compound,metabolite
5282493,CMI-D,26934,compound,metabolite
5282493,CMI-D,4462,compound,metabolite
5282493,CMI-D,14275352,compound,metabolite
5282493,CMI-D,222786,compound,metabolite
5282493,CMI-D,131801659,compound,metabolite
5282493,CMI-D,264,compound,metabolite
2794,CMI-D,24779545,compound,metabolite
2794,CMI-D,52924644,compound,metabolite
2794,CMI-D,24778634,compound,metabolite
2794,CMI-D,52925469,compound,metabolite
2794,CMI-D,52925985,compound,metabolite
2794,CMI-D,24779554,compound,metabolite
2794,CMI-D,446440,compound,metabolite
2794,CMI-D,24779544,compound,metabolite
2794,CMI-D,52924353,compound,metabolite
2794,CMI-D,52925126,compound,metabolite
2794,CMI-D,52925710,compound,metabolite
2794,CMI-D,52923972,compound,metabolite
2794,CMI-D,52925155,compound,metabolite
2794,CMI-D,52923950,compound,metabolite
2794,CMI-D,52924152,compound,metabolite
2794,CMI-D,24778868,compound,metabolite
2794,CMI-D,52923087,compound,metabolite
2794,CMI-D,52923906,compound,metabolite
2794,CMI-D,52927142,compound,metabolite
2794,CMI-D,445468,compound,metabolite
2794,CMI-D,5283499,compound,metabolite
2794,CMI-D,52926580,compound,metabolite
2794,CMI-D,53479772,compound,metabolite
2794,CMI-D,24778735,compound,metabolite
2794,CMI-D,52927141,compound,metabolite
2794,CMI-D,52925426,compound,metabolite
2794,CMI-D,53480355,compound,metabolite
2794,CMI-D,52923946,compound,metabolite
2794,CMI-D,52924125,compound,metabolite
2794,CMI-D,46891805,compound,metabolite
2794,CMI-D,53481783,compound,metabolite
2794,CMI-D,52923958,compound,metabolite
2794,CMI-D,52923852,compound,metabolite
2794,CMI-D,52924378,compound,metabolite
2794,CMI-D,53481757,compound,metabolite
2794,CMI-D,24779052,compound,metabolite
2794,CMI-D,52926310,compound,metabolite
2794,CMI-D,52926307,compound,metabolite
2794,CMI-D,53481777,compound,metabolite
2794,CMI-D,52923894,compound,metabolite
2794,CMI-D,24779053,compound,metabolite
2794,CMI-D,5283496,compound,metabolite
2794,CMI-D,24778699,compound,metabolite
2794,CMI-D,53479588,compound,metabolite
2794,CMI-D,24778898,compound,metabolite
2794,CMI-D,131801660,compound,metabolite
2794,CMI-D,53481785,compound,metabolite
2794,CMI-D,52925997,compound,metabolite
2794,CMI-D,52922252,compound,metabolite
2794,CMI-D,52923902,compound,metabolite
2794,CMI-D,53481787,compound,metabolite
2794,CMI-D,52923896,compound,metabolite
2794,CMI-D,24778625,compound,metabolite
2794,CMI-D,16219824,compound,metabolite
2794,CMI-D,53481779,compound,metabolite
2794,CMI-D,46891802,compound,metabolite
2794,CMI-D,52925059,compound,metabolite
2794,CMI-D,24779379,compound,metabolite
2794,CMI-D,5957,compound,metabolite
2794,CMI-D,52924223,compound,metabolite
2794,CMI-D,10747814,compound,metabolite
2794,CMI-D,24779553,compound,metabolite
2794,CMI-D,52926604,compound,metabolite
2794,CMI-D,53479161,compound,metabolite
2794,CMI-D,11850,compound,metabolite
2794,CMI-D,11146967,compound,metabolite
2794,CMI-D,24778639,compound,metabolite
2794,CMI-D,53479796,compound,metabolite
2794,CMI-D,439279,compound,metabolite
2794,CMI-D,9546747,compound,metabolite
2794,CMI-D,24779386,compound,metabolite
2794,CMI-D,131801661,compound,metabolite
2794,CMI-D,52926490,compound,metabolite
2794,CMI-D,24779277,compound,metabolite
2794,CMI-D,44260126,compound,metabolite
2794,CMI-D,24778624,compound,metabolite
2794,CMI-D,52923914,compound,metabolite
2794,CMI-D,9547087,compound,metabolite
2794,CMI-D,6473866,compound,metabolite
2794,CMI-D,52923834,compound,metabolite
2794,CMI-D,11803170,compound,metabolite
2794,CMI-D,24779301,compound,metabolite
2794,CMI-D,52927171,compound,metabolite
2794,CMI-D,53481703,compound,metabolite
2794,CMI-D,42607428,compound,metabolite
2794,CMI-D,3082163,compound,metabolite
2794,CMI-D,24778618,compound,metabolite
2794,CMI-D,24779275,compound,metabolite
2794,CMI-D,44260132,compound,metabolite
2794,CMI-D,18631369,compound,metabolite
2794,CMI-D,24778627,compound,metabolite
2794,CMI-D,52926616,compound,metabolite
2794,CMI-D,52925094,compound,metabolite
2794,CMI-D,5280473,compound,metabolite
2794,CMI-D,52923882,compound,metabolite
2794,CMI-D,131766038,compound,metabolite
2794,CMI-D,53479907,compound,metabolite
2794,CMI-D,24778766,compound,metabolite
2794,CMI-D,24778723,compound,metabolite
2794,CMI-D,5281915,compound,metabolite
2794,CMI-D,1120,compound,metabolite
2794,CMI-D,16759366,compound,metabolite
2794,CMI-D,52925127,compound,metabolite
2794,CMI-D,53478875,compound,metabolite
2794,CMI-D,65076,compound,metabolite
2794,CMI-D,131801673,compound,metabolite
2794,CMI-D,24779336,compound,metabolite
2794,CMI-D,53479159,compound,metabolite
2794,CMI-D,53481781,compound,metabolite
2794,CMI-D,9547000,compound,metabolite
2794,CMI-D,131801665,compound,metabolite
2794,CMI-D,52927174,compound,metabolite
2794,CMI-D,24778881,compound,metabolite
2794,CMI-D,24779550,compound,metabolite
2794,CMI-D,42607430,compound,metabolite
2794,CMI-D,53480484,compound,metabolite
2794,CMI-D,11433862,compound,metabolite
2794,CMI-D,129657,compound,metabolite
2794,CMI-D,53481707,compound,metabolite
2794,CMI-D,131750486,compound,metabolite
2794,CMI-D,52925214,compound,metabolite
4369270,CMI-D,24779545,compound,metabolite
4369270,CMI-D,52925985,compound,metabolite
4369270,CMI-D,52924644,compound,metabolite
4369270,CMI-D,24778634,compound,metabolite
4369270,CMI-D,24778898,compound,metabolite
4369270,CMI-D,52924152,compound,metabolite
4369270,CMI-D,24779544,compound,metabolite
4369270,CMI-D,53479772,compound,metabolite
4369270,CMI-D,24778868,compound,metabolite
4369270,CMI-D,52923950,compound,metabolite
4369270,CMI-D,52925126,compound,metabolite
4369270,CMI-D,52924353,compound,metabolite
4369270,CMI-D,24779554,compound,metabolite
4369270,CMI-D,52925469,compound,metabolite
4369270,CMI-D,52925059,compound,metabolite
4369270,CMI-D,53481783,compound,metabolite
4369270,CMI-D,24778735,compound,metabolite
4369270,CMI-D,52925710,compound,metabolite
4369270,CMI-D,52923972,compound,metabolite
4369270,CMI-D,53481787,compound,metabolite
4369270,CMI-D,446440,compound,metabolite
4369270,CMI-D,131750353,compound,metabolite
4369270,CMI-D,24778855,compound,metabolite
4369270,CMI-D,52925065,compound,metabolite
4369270,CMI-D,52922252,compound,metabolite
4369270,CMI-D,52925155,compound,metabolite
4369270,CMI-D,5283499,compound,metabolite
4369270,CMI-D,52925426,compound,metabolite
4369270,CMI-D,53480355,compound,metabolite
4369270,CMI-D,16219824,compound,metabolite
4369270,CMI-D,24778715,compound,metabolite
4369270,CMI-D,445468,compound,metabolite
4369270,CMI-D,52923958,compound,metabolite
4369270,CMI-D,52924125,compound,metabolite
4369270,CMI-D,53481785,compound,metabolite
4369270,CMI-D,52926580,compound,metabolite
4369270,CMI-D,5283496,compound,metabolite
4369270,CMI-D,131801660,compound,metabolite
4369270,CMI-D,53481789,compound,metabolite
4369270,CMI-D,52923906,compound,metabolite
4369270,CMI-D,52923087,compound,metabolite
4369270,CMI-D,53481751,compound,metabolite
4369270,CMI-D,5289145,compound,metabolite
4369270,CMI-D,52927141,compound,metabolite
4369270,CMI-D,53479605,compound,metabolite
4369270,CMI-D,24779053,compound,metabolite
4369270,CMI-D,52926308,compound,metabolite
4369270,CMI-D,46891805,compound,metabolite
4369270,CMI-D,24778699,compound,metabolite
4369270,CMI-D,42607457,compound,metabolite
4369270,CMI-D,52926310,compound,metabolite
4369270,CMI-D,52923902,compound,metabolite
4369270,CMI-D,52927142,compound,metabolite
4369270,CMI-D,52923946,compound,metabolite
4369270,CMI-D,52926307,compound,metabolite
4369270,CMI-D,52923852,compound,metabolite
4369270,CMI-D,24778625,compound,metabolite
4369270,CMI-D,53479547,compound,metabolite
4369270,CMI-D,24779551,compound,metabolite
4369270,CMI-D,11146967,compound,metabolite
4369270,CMI-D,131801661,compound,metabolite
4369270,CMI-D,53481777,compound,metabolite
4369270,CMI-D,24779546,compound,metabolite
4369270,CMI-D,24779384,compound,metabolite
4369270,CMI-D,52926604,compound,metabolite
4369270,CMI-D,131801673,compound,metabolite
4369270,CMI-D,53481779,compound,metabolite
4369270,CMI-D,52925997,compound,metabolite
4369270,CMI-D,52925229,compound,metabolite
4369270,CMI-D,52923914,compound,metabolite
4369270,CMI-D,24778688,compound,metabolite
4369270,CMI-D,53481757,compound,metabolite
4369270,CMI-D,46891802,compound,metabolite
4369270,CMI-D,24778624,compound,metabolite
4369270,CMI-D,52922703,compound,metabolite
4369270,CMI-D,53479161,compound,metabolite
4369270,CMI-D,52924162,compound,metabolite
4369270,CMI-D,10747814,compound,metabolite
4369270,CMI-D,24779553,compound,metabolite
4369270,CMI-D,53479796,compound,metabolite
4369270,CMI-D,11850,compound,metabolite
4369270,CMI-D,9547087,compound,metabolite
4369270,CMI-D,6473866,compound,metabolite
4369270,CMI-D,52923894,compound,metabolite
4369270,CMI-D,24778876,compound,metabolite
4369270,CMI-D,52927171,compound,metabolite
4369270,CMI-D,24778871,compound,metabolite
4369270,CMI-D,52922210,compound,metabolite
4369270,CMI-D,52923896,compound,metabolite
4369270,CMI-D,24779052,compound,metabolite
4369270,CMI-D,53481703,compound,metabolite
4369270,CMI-D,44260139,compound,metabolite
4369270,CMI-D,24779379,compound,metabolite
4369270,CMI-D,9543989,compound,metabolite
4369270,CMI-D,52924378,compound,metabolite
4369270,CMI-D,5281915,compound,metabolite
4369270,CMI-D,5957,compound,metabolite
4369270,CMI-D,24779585,compound,metabolite
4369270,CMI-D,439402,compound,metabolite
4369270,CMI-D,24778639,compound,metabolite
4369270,CMI-D,52925094,compound,metabolite
4369270,CMI-D,24778766,compound,metabolite
4369270,CMI-D,53479483,compound,metabolite
4369270,CMI-D,44260132,compound,metabolite
4369270,CMI-D,44260126,compound,metabolite
4369270,CMI-D,52926490,compound,metabolite
4369270,CMI-D,5280473,compound,metabolite
4369270,CMI-D,42607428,compound,metabolite
4369270,CMI-D,24779297,compound,metabolite
4369270,CMI-D,24778745,compound,metabolite
4369270,CMI-D,9546747,compound,metabolite
4369270,CMI-D,100981287,compound,metabolite
4369270,CMI-D,53479907,compound,metabolite
4369270,CMI-D,5283523,compound,metabolite
4369270,CMI-D,53481755,compound,metabolite
4369270,CMI-D,1088,compound,metabolite
4369270,CMI-D,44260130,compound,metabolite
4369270,CMI-D,52925127,compound,metabolite
4369270,CMI-D,53481707,compound,metabolite
4369270,CMI-D,24778618,compound,metabolite
4369270,CMI-D,11803170,compound,metabolite
4369270,CMI-D,52925128,compound,metabolite
4369270,CMI-D,24778723,compound,metabolite
4369270,CMI-D,16759366,compound,metabolite
4369270,CMI-D,24778638,compound,metabolite
4369270,CMI-D,53479588,compound,metabolite
4369270,CMI-D,24779275,compound,metabolite
4369270,CMI-D,52923834,compound,metabolite
4369270,CMI-D,9939965,compound,metabolite
4369270,CMI-D,131801665,compound,metabolite
4369270,CMI-D,53478875,compound,metabolite
4369270,CMI-D,65076,compound,metabolite
4369270,CMI-D,24779386,compound,metabolite
4369270,CMI-D,446066,compound,metabolite
4369270,CMI-D,131753238,compound,metabolite
4369270,CMI-D,586,compound,metabolite
4369270,CMI-D,129657,compound,metabolite
4369270,CMI-D,24778643,compound,metabolite
4369270,CMI-D,52924223,compound,metabolite
4369270,CMI-D,24778627,compound,metabolite
4369270,CMI-D,131766038,compound,metabolite
4369270,CMI-D,42607430,compound,metabolite
4369270,CMI-D,53481781,compound,metabolite
4369270,CMI-D,52931207,compound,metabolite
4369270,CMI-D,24779301,compound,metabolite
4369270,CMI-D,439279,compound,metabolite
4369270,CMI-D,6736,compound,metabolite
4369270,CMI-D,18631369,compound,metabolite
4369270,CMI-D,53478597,compound,metabolite
4369270,CMI-D,1120,compound,metabolite
4369270,CMI-D,52931223,compound,metabolite
4369270,CMI-D,44260125,compound,metabolite
4369270,CMI-D,145742,compound,metabolite
4369270,CMI-D,3082163,compound,metabolite
4369270,CMI-D,24779277,compound,metabolite
4369270,CMI-D,9547096,compound,metabolite
4369270,CMI-D,52925214,compound,metabolite
4369270,CMI-D,11433862,compound,metabolite
4369270,CMI-D,24778815,compound,metabolite
4369270,CMI-D,25074411,compound,metabolite
4369270,CMI-D,131742,compound,metabolite
4369270,CMI-D,44260127,compound,metabolite
4369270,CMI-D,24779046,compound,metabolite
4369270,CMI-D,9547000,compound,metabolite
4369270,CMI-D,131750486,compound,metabolite
4369270,CMI-D,52923882,compound,metabolite
4369270,CMI-D,14057128,compound,metabolite
4369270,CMI-D,46891684,compound,metabolite
4369270,CMI-D,53479159,compound,metabolite
4369270,CMI-D,5283572,compound,metabolite
4369270,CMI-D,24779550,compound,metabolite
4369270,CMI-D,52931201,compound,metabolite
4369270,CMI-D,53481767,compound,metabolite
4369270,CMI-D,131750340,compound,metabolite
4369270,CMI-D,44260124,compound,metabolite
4369270,CMI-D,5284616,compound,metabolite
4369270,CMI-D,6305,compound,metabolite
4369270,CMI-D,52927148,compound,metabolite
4369270,CMI-D,545588,compound,metabolite
4369270,CMI-D,44260138,compound,metabolite
4369270,CMI-D,52927174,compound,metabolite
4369270,CMI-D,53478598,compound,metabolite
4369270,CMI-D,53479481,compound,metabolite
4369270,CMI-D,11146,compound,metabolite
4369270,CMI-D,53481761,compound,metabolite
4369270,CMI-D,131750338,compound,metabolite
4369270,CMI-D,53480484,compound,metabolite
4369270,CMI-D,131750394,compound,metabolite
4369270,CMI-D,5283573,compound,metabolite
4369270,CMI-D,52926661,compound,metabolite
4369270,CMI-D,53478643,compound,metabolite
4369270,CMI-D,53481366,compound,metabolite
4369270,CMI-D,24778881,compound,metabolite
4369270,CMI-D,100921659,compound,metabolite
2724385,CMI-D,24779545,compound,metabolite
2724385,CMI-D,52925985,compound,metabolite
2724385,CMI-D,52924644,compound,metabolite
2724385,CMI-D,24778634,compound,metabolite
2724385,CMI-D,24779554,compound,metabolite
2724385,CMI-D,24778898,compound,metabolite
2724385,CMI-D,52924152,compound,metabolite
2724385,CMI-D,52924353,compound,metabolite
2724385,CMI-D,52923950,compound,metabolite
2724385,CMI-D,53479772,compound,metabolite
2724385,CMI-D,24779544,compound,metabolite
2724385,CMI-D,52923972,compound,metabolite
2724385,CMI-D,52925710,compound,metabolite
2724385,CMI-D,52925126,compound,metabolite
2724385,CMI-D,24778868,compound,metabolite
2724385,CMI-D,52925469,compound,metabolite
2724385,CMI-D,53481787,compound,metabolite
2724385,CMI-D,53481783,compound,metabolite
2724385,CMI-D,52925059,compound,metabolite
2724385,CMI-D,52925065,compound,metabolite
2724385,CMI-D,24778735,compound,metabolite
2724385,CMI-D,5283499,compound,metabolite
2724385,CMI-D,446440,compound,metabolite
2724385,CMI-D,52926308,compound,metabolite
2724385,CMI-D,52925426,compound,metabolite
2724385,CMI-D,52927141,compound,metabolite
2724385,CMI-D,53481751,compound,metabolite
2724385,CMI-D,52926580,compound,metabolite
2724385,CMI-D,52922252,compound,metabolite
2724385,CMI-D,24778855,compound,metabolite
2724385,CMI-D,52923958,compound,metabolite
2724385,CMI-D,52925155,compound,metabolite
2724385,CMI-D,131750353,compound,metabolite
2724385,CMI-D,52927142,compound,metabolite
2724385,CMI-D,5283496,compound,metabolite
2724385,CMI-D,16219824,compound,metabolite
2724385,CMI-D,131801660,compound,metabolite
2724385,CMI-D,53479605,compound,metabolite
2724385,CMI-D,53480355,compound,metabolite
2724385,CMI-D,52924125,compound,metabolite
2724385,CMI-D,445468,compound,metabolite
2724385,CMI-D,52923906,compound,metabolite
2724385,CMI-D,53481789,compound,metabolite
2724385,CMI-D,53481785,compound,metabolite
2724385,CMI-D,24778699,compound,metabolite
2724385,CMI-D,5289145,compound,metabolite
2724385,CMI-D,24779053,compound,metabolite
2724385,CMI-D,46891805,compound,metabolite
2724385,CMI-D,52923852,compound,metabolite
2724385,CMI-D,42607457,compound,metabolite
2724385,CMI-D,53481777,compound,metabolite
2724385,CMI-D,24779384,compound,metabolite
2724385,CMI-D,52923087,compound,metabolite
2724385,CMI-D,24779551,compound,metabolite
2724385,CMI-D,52925997,compound,metabolite
2724385,CMI-D,53479161,compound,metabolite
2724385,CMI-D,11146967,compound,metabolite
2724385,CMI-D,131801661,compound,metabolite
2724385,CMI-D,52923946,compound,metabolite
2724385,CMI-D,52926307,compound,metabolite
2724385,CMI-D,24778625,compound,metabolite
2724385,CMI-D,24778688,compound,metabolite
2724385,CMI-D,53481779,compound,metabolite
2724385,CMI-D,52926310,compound,metabolite
2724385,CMI-D,52923902,compound,metabolite
2724385,CMI-D,52925229,compound,metabolite
2724385,CMI-D,24779052,compound,metabolite
2724385,CMI-D,52926604,compound,metabolite
2724385,CMI-D,131801673,compound,metabolite
2724385,CMI-D,46891802,compound,metabolite
2724385,CMI-D,53481757,compound,metabolite
2724385,CMI-D,24779546,compound,metabolite
2724385,CMI-D,53479547,compound,metabolite
2724385,CMI-D,24778871,compound,metabolite
2724385,CMI-D,24778624,compound,metabolite
2724385,CMI-D,24778876,compound,metabolite
2724385,CMI-D,24779553,compound,metabolite
2724385,CMI-D,24779379,compound,metabolite
2724385,CMI-D,52924162,compound,metabolite
2724385,CMI-D,52927171,compound,metabolite
2724385,CMI-D,24779585,compound,metabolite
2724385,CMI-D,24778638,compound,metabolite
2724385,CMI-D,44260126,compound,metabolite
2724385,CMI-D,53479796,compound,metabolite
2724385,CMI-D,52922703,compound,metabolite
2724385,CMI-D,44260139,compound,metabolite
2724385,CMI-D,10747814,compound,metabolite
2724385,CMI-D,24778723,compound,metabolite
2724385,CMI-D,11803170,compound,metabolite
2724385,CMI-D,9547087,compound,metabolite
2724385,CMI-D,52924378,compound,metabolite
2724385,CMI-D,24778639,compound,metabolite
2724385,CMI-D,52923896,compound,metabolite
2724385,CMI-D,5281915,compound,metabolite
2724385,CMI-D,52923894,compound,metabolite
2724385,CMI-D,42607430,compound,metabolite
2724385,CMI-D,9543989,compound,metabolite
2724385,CMI-D,53481707,compound,metabolite
2724385,CMI-D,53479483,compound,metabolite
2724385,CMI-D,24778766,compound,metabolite
2724385,CMI-D,6473866,compound,metabolite
2724385,CMI-D,53479588,compound,metabolite
2724385,CMI-D,52931223,compound,metabolite
2724385,CMI-D,52922210,compound,metabolite
2724385,CMI-D,42607428,compound,metabolite
2724385,CMI-D,52925094,compound,metabolite
2724385,CMI-D,53481703,compound,metabolite
2724385,CMI-D,16759366,compound,metabolite
2724385,CMI-D,53479907,compound,metabolite
2724385,CMI-D,52923834,compound,metabolite
2724385,CMI-D,9547096,compound,metabolite
2724385,CMI-D,131753238,compound,metabolite
2724385,CMI-D,52926490,compound,metabolite
2724385,CMI-D,52925127,compound,metabolite
2724385,CMI-D,9546747,compound,metabolite
2724385,CMI-D,9939965,compound,metabolite
2724385,CMI-D,5957,compound,metabolite
2724385,CMI-D,53478875,compound,metabolite
2724385,CMI-D,24778618,compound,metabolite
2724385,CMI-D,11850,compound,metabolite
2724385,CMI-D,1120,compound,metabolite
2724385,CMI-D,5280473,compound,metabolite
2724385,CMI-D,24779386,compound,metabolite
2724385,CMI-D,24779297,compound,metabolite
2724385,CMI-D,52924223,compound,metabolite
2724385,CMI-D,52925128,compound,metabolite
2724385,CMI-D,131801665,compound,metabolite
2724385,CMI-D,5283523,compound,metabolite
2724385,CMI-D,53481781,compound,metabolite
2724385,CMI-D,100981287,compound,metabolite
2724385,CMI-D,44260125,compound,metabolite
2724385,CMI-D,131742,compound,metabolite
2724385,CMI-D,52923882,compound,metabolite
2724385,CMI-D,24779275,compound,metabolite
2724385,CMI-D,44260132,compound,metabolite
2724385,CMI-D,24778745,compound,metabolite
2724385,CMI-D,52931207,compound,metabolite
2724385,CMI-D,65076,compound,metabolite
2724385,CMI-D,24778627,compound,metabolite
2724385,CMI-D,129657,compound,metabolite
2724385,CMI-D,3082163,compound,metabolite
2724385,CMI-D,52926616,compound,metabolite
2724385,CMI-D,24779277,compound,metabolite
2724385,CMI-D,44260138,compound,metabolite
2724385,CMI-D,131766038,compound,metabolite
2724385,CMI-D,52925214,compound,metabolite
2724385,CMI-D,24779301,compound,metabolite
2724385,CMI-D,24778815,compound,metabolite
2724385,CMI-D,9547000,compound,metabolite
2724385,CMI-D,446066,compound,metabolite
2724385,CMI-D,44260127,compound,metabolite
2724385,CMI-D,53481755,compound,metabolite
2724385,CMI-D,24778643,compound,metabolite
2724385,CMI-D,44260130,compound,metabolite
2724385,CMI-D,53479159,compound,metabolite
2724385,CMI-D,131750486,compound,metabolite
2724385,CMI-D,131750340,compound,metabolite
2724385,CMI-D,11146,compound,metabolite
2724385,CMI-D,44260124,compound,metabolite
2724385,CMI-D,24779046,compound,metabolite
2724385,CMI-D,52927148,compound,metabolite
2724385,CMI-D,24779550,compound,metabolite
2724385,CMI-D,46891684,compound,metabolite
2724385,CMI-D,131750394,compound,metabolite
2724385,CMI-D,25074411,compound,metabolite
2724385,CMI-D,53481767,compound,metabolite
2724385,CMI-D,5283572,compound,metabolite
2724385,CMI-D,5284616,compound,metabolite
2724385,CMI-D,52931201,compound,metabolite
2724385,CMI-D,5283576,compound,metabolite
2724385,CMI-D,5283568,compound,metabolite
2724385,CMI-D,24778881,compound,metabolite
2724385,CMI-D,14057128,compound,metabolite
2724385,CMI-D,53481753,compound,metabolite
2724385,CMI-D,1088,compound,metabolite
2724385,CMI-D,24779336,compound,metabolite
2724385,CMI-D,9547167,compound,metabolite
2724385,CMI-D,53481366,compound,metabolite
2724385,CMI-D,100921659,compound,metabolite
2724385,CMI-D,52927174,compound,metabolite
2724385,CMI-D,131750338,compound,metabolite
2724385,CMI-D,53478643,compound,metabolite
2724385,CMI-D,4616,compound,metabolite
2724385,CMI-D,53479481,compound,metabolite
2724385,CMI-D,99647664,compound,metabolite
2724385,CMI-D,11433862,compound,metabolite
2724385,CMI-D,18631369,compound,metabolite
2724385,CMI-D,131750350,compound,metabolite
2724385,CMI-D,131750336,compound,metabolite
2724385,CMI-D,545588,compound,metabolite
2724385,CMI-D,53480484,compound,metabolite
2724385,CMI-D,14275359,compound,metabolite
2724385,CMI-D,131754572,compound,metabolite
2724385,CMI-D,131801653,compound,metabolite
2724385,CMI-D,53477892,compound,metabolite
2724385,CMI-D,53478597,compound,metabolite
2724385,CMI-D,545606,compound,metabolite
2724385,CMI-D,53481791,compound,metabolite
2724385,CMI-D,131753887,compound,metabolite
2724385,CMI-D,53478053,compound,metabolite
2724385,CMI-D,131801657,compound,metabolite
2724385,CMI-D,131750646,compound,metabolite
208898,CMI-D,24779545,compound,metabolite
208898,CMI-D,52924644,compound,metabolite
208898,CMI-D,52925985,compound,metabolite
208898,CMI-D,52924152,compound,metabolite
208898,CMI-D,24778898,compound,metabolite
208898,CMI-D,24778634,compound,metabolite
208898,CMI-D,24779554,compound,metabolite
208898,CMI-D,52924353,compound,metabolite
208898,CMI-D,24779544,compound,metabolite
208898,CMI-D,52925469,compound,metabolite
208898,CMI-D,53479772,compound,metabolite
208898,CMI-D,16219824,compound,metabolite
208898,CMI-D,52925710,compound,metabolite
208898,CMI-D,52923950,compound,metabolite
208898,CMI-D,52925065,compound,metabolite
208898,CMI-D,52925126,compound,metabolite
208898,CMI-D,5283499,compound,metabolite
208898,CMI-D,52923972,compound,metabolite
208898,CMI-D,24778715,compound,metabolite
208898,CMI-D,52925155,compound,metabolite
208898,CMI-D,52926308,compound,metabolite
208898,CMI-D,53481785,compound,metabolite
208898,CMI-D,52925426,compound,metabolite
208898,CMI-D,52923958,compound,metabolite
208898,CMI-D,131750353,compound,metabolite
208898,CMI-D,52924125,compound,metabolite
208898,CMI-D,24778868,compound,metabolite
208898,CMI-D,52925059,compound,metabolite
208898,CMI-D,5283496,compound,metabolite
208898,CMI-D,53481789,compound,metabolite
208898,CMI-D,24778855,compound,metabolite
208898,CMI-D,52922252,compound,metabolite
208898,CMI-D,46891805,compound,metabolite
208898,CMI-D,53481783,compound,metabolite
208898,CMI-D,53297342,compound,metabolite
208898,CMI-D,24778735,compound,metabolite
208898,CMI-D,53481751,compound,metabolite
208898,CMI-D,52923906,compound,metabolite
208898,CMI-D,445468,compound,metabolite
208898,CMI-D,52923946,compound,metabolite
208898,CMI-D,24778699,compound,metabolite
208898,CMI-D,53479161,compound,metabolite
208898,CMI-D,53481787,compound,metabolite
208898,CMI-D,52923087,compound,metabolite
208898,CMI-D,24779052,compound,metabolite
208898,CMI-D,24779053,compound,metabolite
208898,CMI-D,24779384,compound,metabolite
208898,CMI-D,52923852,compound,metabolite
208898,CMI-D,12599,compound,metabolite
208898,CMI-D,52926580,compound,metabolite
208898,CMI-D,52925997,compound,metabolite
208898,CMI-D,24778625,compound,metabolite
208898,CMI-D,52924378,compound,metabolite
208898,CMI-D,52926604,compound,metabolite
208898,CMI-D,131801661,compound,metabolite
208898,CMI-D,52923902,compound,metabolite
208898,CMI-D,11146967,compound,metabolite
208898,CMI-D,52923894,compound,metabolite
208898,CMI-D,42607457,compound,metabolite
208898,CMI-D,52923914,compound,metabolite
208898,CMI-D,24778688,compound,metabolite
208898,CMI-D,53479483,compound,metabolite
208898,CMI-D,131801673,compound,metabolite
208898,CMI-D,53479605,compound,metabolite
208898,CMI-D,52926307,compound,metabolite
208898,CMI-D,53479547,compound,metabolite
208898,CMI-D,10747814,compound,metabolite
208898,CMI-D,52926310,compound,metabolite
208898,CMI-D,53480355,compound,metabolite
208898,CMI-D,46891802,compound,metabolite
208898,CMI-D,131801660,compound,metabolite
208898,CMI-D,53481777,compound,metabolite
208898,CMI-D,53479796,compound,metabolite
208898,CMI-D,9547087,compound,metabolite
208898,CMI-D,100981287,compound,metabolite
208898,CMI-D,24778624,compound,metabolite
208898,CMI-D,24778871,compound,metabolite
208898,CMI-D,52925229,compound,metabolite
208898,CMI-D,53481757,compound,metabolite
208898,CMI-D,24778723,compound,metabolite
208898,CMI-D,16759366,compound,metabolite
208898,CMI-D,52924162,compound,metabolite
208898,CMI-D,53479588,compound,metabolite
208898,CMI-D,24779546,compound,metabolite
208898,CMI-D,52923896,compound,metabolite
208898,CMI-D,24779553,compound,metabolite
208898,CMI-D,24779379,compound,metabolite
208898,CMI-D,1060,compound,metabolite
208898,CMI-D,11803170,compound,metabolite
208898,CMI-D,24778876,compound,metabolite
208898,CMI-D,6473866,compound,metabolite
208898,CMI-D,52925094,compound,metabolite
208898,CMI-D,52926490,compound,metabolite
208898,CMI-D,24779585,compound,metabolite
208898,CMI-D,24778766,compound,metabolite
208898,CMI-D,52927142,compound,metabolite
208898,CMI-D,53481779,compound,metabolite
208898,CMI-D,52924223,compound,metabolite
208898,CMI-D,52922210,compound,metabolite
208898,CMI-D,5280473,compound,metabolite
208898,CMI-D,42607428,compound,metabolite
208898,CMI-D,11850,compound,metabolite
208898,CMI-D,9546747,compound,metabolite
208898,CMI-D,52923834,compound,metabolite
208898,CMI-D,44260132,compound,metabolite
208898,CMI-D,53481707,compound,metabolite
208898,CMI-D,44260126,compound,metabolite
208898,CMI-D,53481703,compound,metabolite
208898,CMI-D,24778638,compound,metabolite
208898,CMI-D,24779386,compound,metabolite
208898,CMI-D,24778639,compound,metabolite
208898,CMI-D,439279,compound,metabolite
208898,CMI-D,24779275,compound,metabolite
208898,CMI-D,53478875,compound,metabolite
208898,CMI-D,5283523,compound,metabolite
208898,CMI-D,42607430,compound,metabolite
208898,CMI-D,24778618,compound,metabolite
208898,CMI-D,52927171,compound,metabolite
208898,CMI-D,24779277,compound,metabolite
208898,CMI-D,1088,compound,metabolite
208898,CMI-D,9547096,compound,metabolite
208898,CMI-D,9543989,compound,metabolite
208898,CMI-D,52925127,compound,metabolite
208898,CMI-D,52922703,compound,metabolite
208898,CMI-D,24779301,compound,metabolite
208898,CMI-D,52931223,compound,metabolite
208898,CMI-D,9547068,compound,metabolite
208898,CMI-D,24778627,compound,metabolite
208898,CMI-D,5281915,compound,metabolite
208898,CMI-D,5283576,compound,metabolite
208898,CMI-D,52925128,compound,metabolite
208898,CMI-D,53479907,compound,metabolite
208898,CMI-D,52923882,compound,metabolite
208898,CMI-D,24778745,compound,metabolite
208898,CMI-D,65076,compound,metabolite
208898,CMI-D,24778643,compound,metabolite
208898,CMI-D,5957,compound,metabolite
208898,CMI-D,24779336,compound,metabolite
208898,CMI-D,53481755,compound,metabolite
208898,CMI-D,3082163,compound,metabolite
208898,CMI-D,18631369,compound,metabolite
208898,CMI-D,53481781,compound,metabolite
208898,CMI-D,131750340,compound,metabolite
208898,CMI-D,24778815,compound,metabolite
208898,CMI-D,52926616,compound,metabolite
208898,CMI-D,24778642,compound,metabolite
208898,CMI-D,131766038,compound,metabolite
208898,CMI-D,52931207,compound,metabolite
208898,CMI-D,24779046,compound,metabolite
208898,CMI-D,129657,compound,metabolite
208898,CMI-D,5283568,compound,metabolite
208898,CMI-D,44260125,compound,metabolite
208898,CMI-D,53479159,compound,metabolite
208898,CMI-D,131801665,compound,metabolite
208898,CMI-D,44260139,compound,metabolite
208898,CMI-D,131750394,compound,metabolite
208898,CMI-D,46891684,compound,metabolite
208898,CMI-D,52927148,compound,metabolite
208898,CMI-D,44260127,compound,metabolite
208898,CMI-D,440728,compound,metabolite
208898,CMI-D,53478597,compound,metabolite
208898,CMI-D,52925214,compound,metabolite
208898,CMI-D,24779550,compound,metabolite
208898,CMI-D,131750486,compound,metabolite
208898,CMI-D,11433862,compound,metabolite
208898,CMI-D,14057128,compound,metabolite
208898,CMI-D,53481791,compound,metabolite
208898,CMI-D,24779297,compound,metabolite
208898,CMI-D,11146,compound,metabolite
208898,CMI-D,753,compound,metabolite
208898,CMI-D,25074411,compound,metabolite
208898,CMI-D,1120,compound,metabolite
208898,CMI-D,44260124,compound,metabolite
208898,CMI-D,53478643,compound,metabolite
208898,CMI-D,9939965,compound,metabolite
208898,CMI-D,52931201,compound,metabolite
208898,CMI-D,52923085,compound,metabolite
208898,CMI-D,131750346,compound,metabolite
208898,CMI-D,131750350,compound,metabolite
208898,CMI-D,131750337,compound,metabolite
3280,CMI-D,24779545,compound,metabolite
3280,CMI-D,52923958,compound,metabolite
3280,CMI-D,131750353,compound,metabolite
3280,CMI-D,52923972,compound,metabolite
3280,CMI-D,53481789,compound,metabolite
3280,CMI-D,24778855,compound,metabolite
3280,CMI-D,1060,compound,metabolite
3280,CMI-D,52924152,compound,metabolite
3280,CMI-D,53481783,compound,metabolite
3280,CMI-D,53481785,compound,metabolite
3280,CMI-D,53479161,compound,metabolite
3280,CMI-D,16219824,compound,metabolite
3280,CMI-D,24779544,compound,metabolite
3280,CMI-D,53481777,compound,metabolite
3280,CMI-D,53479772,compound,metabolite
3280,CMI-D,53481787,compound,metabolite
3280,CMI-D,24778868,compound,metabolite
3280,CMI-D,24778715,compound,metabolite
3280,CMI-D,53479547,compound,metabolite
3280,CMI-D,24779053,compound,metabolite
3280,CMI-D,52925155,compound,metabolite
3280,CMI-D,44260132,compound,metabolite
3280,CMI-D,24778735,compound,metabolite
3280,CMI-D,52925229,compound,metabolite
3280,CMI-D,52925426,compound,metabolite
3280,CMI-D,52923914,compound,metabolite
3280,CMI-D,52925065,compound,metabolite
3280,CMI-D,24779585,compound,metabolite
3280,CMI-D,52931223,compound,metabolite
3280,CMI-D,24779052,compound,metabolite
3280,CMI-D,52925094,compound,metabolite
3280,CMI-D,52926604,compound,metabolite
3280,CMI-D,24778688,compound,metabolite
3280,CMI-D,25163995,compound,metabolite
3280,CMI-D,24779379,compound,metabolite
3280,CMI-D,53479483,compound,metabolite
3280,CMI-D,10836,compound,metabolite
3280,CMI-D,24778871,compound,metabolite
3280,CMI-D,24778881,compound,metabolite
3280,CMI-D,440273,compound,metabolite
3280,CMI-D,52922703,compound,metabolite
3280,CMI-D,444972,compound,metabolite
3280,CMI-D,131753238,compound,metabolite
3280,CMI-D,52923087,compound,metabolite
3280,CMI-D,52923834,compound,metabolite
3280,CMI-D,1120,compound,metabolite
3280,CMI-D,753,compound,metabolite
3280,CMI-D,44260130,compound,metabolite
3280,CMI-D,439279,compound,metabolite
3280,CMI-D,52931201,compound,metabolite
3280,CMI-D,24778638,compound,metabolite
3280,CMI-D,42607428,compound,metabolite
3280,CMI-D,131750370,compound,metabolite
3280,CMI-D,5283568,compound,metabolite
3280,CMI-D,53481779,compound,metabolite
3280,CMI-D,53480968,compound,metabolite
3280,CMI-D,5280473,compound,metabolite
3280,CMI-D,24778723,compound,metabolite
3280,CMI-D,5202,compound,metabolite
3280,CMI-D,53479159,compound,metabolite
3280,CMI-D,13711,compound,metabolite
3280,CMI-D,131750394,compound,metabolite
3280,CMI-D,9543989,compound,metabolite
3280,CMI-D,53477785,compound,metabolite
3280,CMI-D,11433862,compound,metabolite
3280,CMI-D,53481703,compound,metabolite
3280,CMI-D,445580,compound,metabolite
3280,CMI-D,123409,compound,metabolite
3280,CMI-D,52927148,compound,metabolite
3280,CMI-D,131766038,compound,metabolite
3280,CMI-D,6444033,compound,metabolite
3280,CMI-D,131750486,compound,metabolite
3280,CMI-D,545588,compound,metabolite
3280,CMI-D,131762013,compound,metabolite
3280,CMI-D,44260125,compound,metabolite
3280,CMI-D,53481755,compound,metabolite
3280,CMI-D,92746,compound,metabolite
3280,CMI-D,24779553,compound,metabolite
3280,CMI-D,10467,compound,metabolite
3280,CMI-D,24778766,compound,metabolite
3280,CMI-D,16759366,compound,metabolite
3280,CMI-D,131742,compound,metabolite
3280,CMI-D,53477890,compound,metabolite
3280,CMI-D,46891805,compound,metabolite
3280,CMI-D,53481781,compound,metabolite
3280,CMI-D,131750350,compound,metabolite
3280,CMI-D,44260139,compound,metabolite
3280,CMI-D,24778618,compound,metabolite
3280,CMI-D,24778643,compound,metabolite
3280,CMI-D,46879024,compound,metabolite
3280,CMI-D,100921659,compound,metabolite
3280,CMI-D,10851,compound,metabolite
3280,CMI-D,131754572,compound,metabolite
3280,CMI-D,8209,compound,metabolite
3280,CMI-D,131750341,compound,metabolite
3280,CMI-D,26934,compound,metabolite
3280,CMI-D,1198,compound,metabolite
3280,CMI-D,53481753,compound,metabolite
3280,CMI-D,44260138,compound,metabolite
3280,CMI-D,24779046,compound,metabolite
3280,CMI-D,24779336,compound,metabolite
3280,CMI-D,24778815,compound,metabolite
3280,CMI-D,131753857,compound,metabolite
3280,CMI-D,5281915,compound,metabolite
3280,CMI-D,5284616,compound,metabolite
3280,CMI-D,131766679,compound,metabolite
3280,CMI-D,247304,compound,metabolite
3280,CMI-D,53481767,compound,metabolite
193962,CMI-D,51,compound,metabolite
193962,CMI-D,1060,compound,metabolite
193962,CMI-D,105024,compound,metabolite
193962,CMI-D,439286,compound,metabolite
193962,CMI-D,58,compound,metabolite
193962,CMI-D,24906333,compound,metabolite
193962,CMI-D,811,compound,metabolite
193962,CMI-D,439402,compound,metabolite
193962,CMI-D,439279,compound,metabolite
193962,CMI-D,444972,compound,metabolite
193962,CMI-D,1088,compound,metabolite
193962,CMI-D,185698,compound,metabolite
193962,CMI-D,750,compound,metabolite
193962,CMI-D,971,compound,metabolite
193962,CMI-D,2094,compound,metabolite
193962,CMI-D,4991,compound,metabolite
193962,CMI-D,586,compound,metabolite
193962,CMI-D,753,compound,metabolite
193962,CMI-D,2724333,compound,metabolite
193962,CMI-D,3893,compound,metabolite
193962,CMI-D,699414,compound,metabolite
193962,CMI-D,64969,compound,metabolite
193962,CMI-D,145742,compound,metabolite
193962,CMI-D,1054,compound,metabolite
193962,CMI-D,68144,compound,metabolite
193962,CMI-D,13711,compound,metabolite
193962,CMI-D,439213,compound,metabolite
193962,CMI-D,445580,compound,metabolite
193962,CMI-D,131766679,compound,metabolite
193962,CMI-D,46879024,compound,metabolite
193962,CMI-D,7680,compound,metabolite
193962,CMI-D,3013625,compound,metabolite
193962,CMI-D,6736,compound,metabolite
193962,CMI-D,10243361,compound,metabolite
193962,CMI-D,10430,compound,metabolite
193962,CMI-D,8094,compound,metabolite
193962,CMI-D,70949,compound,metabolite
193962,CMI-D,22833609,compound,metabolite
193962,CMI-D,43,compound,metabolite
193962,CMI-D,10851,compound,metabolite
193962,CMI-D,190,compound,metabolite
193962,CMI-D,131801910,compound,metabolite
193962,CMI-D,5283344,compound,metabolite
193962,CMI-D,681,compound,metabolite
193962,CMI-D,123895,compound,metabolite
193962,CMI-D,6305,compound,metabolite
193962,CMI-D,8180,compound,metabolite
193962,CMI-D,8299,compound,metabolite
193962,CMI-D,1123,compound,metabolite
193962,CMI-D,115255,compound,metabolite
193962,CMI-D,6444033,compound,metabolite
193962,CMI-D,10443535,compound,metabolite
193962,CMI-D,1112,compound,metabolite
193962,CMI-D,60198001,compound,metabolite
193962,CMI-D,4075,compound,metabolite
193962,CMI-D,26934,compound,metabolite
193962,CMI-D,439756,compound,metabolite
193962,CMI-D,558,compound,metabolite
444036,CMI-D,24778868,compound,metabolite
444036,CMI-D,52926308,compound,metabolite
444036,CMI-D,52923087,compound,metabolite
444036,CMI-D,24779554,compound,metabolite
444036,CMI-D,24779053,compound,metabolite
444036,CMI-D,52925155,compound,metabolite
444036,CMI-D,16219824,compound,metabolite
444036,CMI-D,24779052,compound,metabolite
444036,CMI-D,52923972,compound,metabolite
444036,CMI-D,52925710,compound,metabolite
444036,CMI-D,58,compound,metabolite
444036,CMI-D,24778871,compound,metabolite
444036,CMI-D,439402,compound,metabolite
444036,CMI-D,52925469,compound,metabolite
444036,CMI-D,24779585,compound,metabolite
444036,CMI-D,52926604,compound,metabolite
444036,CMI-D,53480355,compound,metabolite
444036,CMI-D,185698,compound,metabolite
444036,CMI-D,52922703,compound,metabolite
444036,CMI-D,42607430,compound,metabolite
444036,CMI-D,1088,compound,metabolite
444036,CMI-D,131742,compound,metabolite
444036,CMI-D,24778735,compound,metabolite
444036,CMI-D,439286,compound,metabolite
444036,CMI-D,24778855,compound,metabolite
444036,CMI-D,750,compound,metabolite
444036,CMI-D,6305,compound,metabolite
444036,CMI-D,3893,compound,metabolite
444036,CMI-D,145742,compound,metabolite
444036,CMI-D,971,compound,metabolite
444036,CMI-D,52926310,compound,metabolite
444036,CMI-D,586,compound,metabolite
444036,CMI-D,70949,compound,metabolite
444036,CMI-D,190,compound,metabolite
444036,CMI-D,11850,compound,metabolite
444036,CMI-D,105024,compound,metabolite
444036,CMI-D,24778876,compound,metabolite
444036,CMI-D,7680,compound,metabolite
444036,CMI-D,68144,compound,metabolite
444036,CMI-D,5281915,compound,metabolite
444036,CMI-D,24779546,compound,metabolite
444036,CMI-D,439279,compound,metabolite
444036,CMI-D,122281,compound,metabolite
444036,CMI-D,52926307,compound,metabolite
444036,CMI-D,1120,compound,metabolite
444036,CMI-D,1054,compound,metabolite
444036,CMI-D,65076,compound,metabolite
444036,CMI-D,131801988,compound,metabolite
444036,CMI-D,6736,compound,metabolite
444036,CMI-D,24779553,compound,metabolite
444036,CMI-D,5283344,compound,metabolite
444036,CMI-D,26934,compound,metabolite
444036,CMI-D,131766679,compound,metabolite
444036,CMI-D,439415,compound,metabolite
444036,CMI-D,52923852,compound,metabolite
444036,CMI-D,52926490,compound,metabolite
444036,CMI-D,10255824,compound,metabolite
444036,CMI-D,5284616,compound,metabolite
444036,CMI-D,24778643,compound,metabolite
444036,CMI-D,6137,compound,metabolite
444036,CMI-D,443076,compound,metabolite
444036,CMI-D,247304,compound,metabolite
444036,CMI-D,5284604,compound,metabolite
444036,CMI-D,4991,compound,metabolite
444036,CMI-D,5957,compound,metabolite
444036,CMI-D,8094,compound,metabolite
444036,CMI-D,24906333,compound,metabolite
444036,CMI-D,131801983,compound,metabolite
444036,CMI-D,21252318,compound,metabolite
444036,CMI-D,123895,compound,metabolite
444036,CMI-D,6473866,compound,metabolite
444036,CMI-D,64969,compound,metabolite
444036,CMI-D,5263,compound,metabolite
444036,CMI-D,1174,compound,metabolite
444036,CMI-D,53478000,compound,metabolite
444036,CMI-D,1123,compound,metabolite
444036,CMI-D,131801772,compound,metabolite
444036,CMI-D,53478053,compound,metabolite
444036,CMI-D,131750607,compound,metabolite
444036,CMI-D,1135,compound,metabolite
444036,CMI-D,6368126,compound,metabolite
444036,CMI-D,52927148,compound,metabolite
444036,CMI-D,53477963,compound,metabolite
444036,CMI-D,131762013,compound,metabolite
444036,CMI-D,5951,compound,metabolite
444036,CMI-D,753,compound,metabolite
444036,CMI-D,131750428,compound,metabolite
444036,CMI-D,440729,compound,metabolite
444036,CMI-D,41635,compound,metabolite
444036,CMI-D,15993,compound,metabolite
444036,CMI-D,439227,compound,metabolite
3607,CMI-D,24779545,compound,metabolite
3607,CMI-D,24778634,compound,metabolite
3607,CMI-D,24778898,compound,metabolite
3607,CMI-D,24778735,compound,metabolite
3607,CMI-D,24779554,compound,metabolite
3607,CMI-D,52924353,compound,metabolite
3607,CMI-D,53479772,compound,metabolite
3607,CMI-D,24779544,compound,metabolite
3607,CMI-D,52925469,compound,metabolite
3607,CMI-D,52925155,compound,metabolite
3607,CMI-D,16219824,compound,metabolite
3607,CMI-D,52925126,compound,metabolite
3607,CMI-D,46891805,compound,metabolite
3607,CMI-D,9547068,compound,metabolite
3607,CMI-D,52925059,compound,metabolite
3607,CMI-D,52924378,compound,metabolite
3607,CMI-D,52926310,compound,metabolite
3607,CMI-D,24778699,compound,metabolite
3607,CMI-D,24778715,compound,metabolite
3607,CMI-D,53481783,compound,metabolite
3607,CMI-D,131750353,compound,metabolite
3607,CMI-D,52926604,compound,metabolite
3607,CMI-D,24779052,compound,metabolite
3607,CMI-D,52926307,compound,metabolite
3607,CMI-D,52925710,compound,metabolite
3607,CMI-D,131801660,compound,metabolite
3607,CMI-D,52923906,compound,metabolite
3607,CMI-D,52925426,compound,metabolite
3607,CMI-D,24779553,compound,metabolite
3607,CMI-D,53481757,compound,metabolite
3607,CMI-D,10747814,compound,metabolite
3607,CMI-D,52923894,compound,metabolite
3607,CMI-D,52925065,compound,metabolite
3607,CMI-D,52926490,compound,metabolite
3607,CMI-D,52923852,compound,metabolite
3607,CMI-D,52923087,compound,metabolite
3607,CMI-D,24778876,compound,metabolite
3607,CMI-D,52923896,compound,metabolite
3607,CMI-D,53479796,compound,metabolite
3607,CMI-D,6473866,compound,metabolite
3607,CMI-D,65076,compound,metabolite
3607,CMI-D,24778625,compound,metabolite
3607,CMI-D,24779386,compound,metabolite
3607,CMI-D,131801673,compound,metabolite
3607,CMI-D,52923834,compound,metabolite
3607,CMI-D,24779550,compound,metabolite
3607,CMI-D,24778627,compound,metabolite
3607,CMI-D,44260126,compound,metabolite
3607,CMI-D,5283568,compound,metabolite
3607,CMI-D,52925127,compound,metabolite
3607,CMI-D,5283572,compound,metabolite
3607,CMI-D,131750486,compound,metabolite
3607,CMI-D,53479159,compound,metabolite
3607,CMI-D,24779336,compound,metabolite
3607,CMI-D,24779301,compound,metabolite
3607,CMI-D,52926616,compound,metabolite
3607,CMI-D,44260127,compound,metabolite
3607,CMI-D,545588,compound,metabolite
3607,CMI-D,52926661,compound,metabolite
3607,CMI-D,101227803,compound,metabolite
3607,CMI-D,52923085,compound,metabolite
3607,CMI-D,131801665,compound,metabolite
3607,CMI-D,44260129,compound,metabolite
5291,CMI-D,52926308,compound,metabolite
5291,CMI-D,115255,compound,metabolite
3085416,CMI-D,24779545,compound,metabolite
3085416,CMI-D,24778634,compound,metabolite
3085416,CMI-D,52925469,compound,metabolite
3085416,CMI-D,53479772,compound,metabolite
3085416,CMI-D,52924353,compound,metabolite
3085416,CMI-D,24778898,compound,metabolite
3085416,CMI-D,24779554,compound,metabolite
3085416,CMI-D,52925126,compound,metabolite
3085416,CMI-D,52925059,compound,metabolite
3085416,CMI-D,52925155,compound,metabolite
3085416,CMI-D,52925710,compound,metabolite
3085416,CMI-D,53479605,compound,metabolite
3085416,CMI-D,131801660,compound,metabolite
3085416,CMI-D,24778868,compound,metabolite
3085416,CMI-D,52925985,compound,metabolite
3085416,CMI-D,16219824,compound,metabolite
3085416,CMI-D,24779544,compound,metabolite
3085416,CMI-D,24778735,compound,metabolite
3085416,CMI-D,53481751,compound,metabolite
3085416,CMI-D,52923087,compound,metabolite
3085416,CMI-D,52925065,compound,metabolite
3085416,CMI-D,46891805,compound,metabolite
3085416,CMI-D,53480355,compound,metabolite
3085416,CMI-D,52923972,compound,metabolite
3085416,CMI-D,24778625,compound,metabolite
3085416,CMI-D,52924644,compound,metabolite
3085416,CMI-D,52924125,compound,metabolite
3085416,CMI-D,53479161,compound,metabolite
3085416,CMI-D,52923852,compound,metabolite
3085416,CMI-D,24779052,compound,metabolite
3085416,CMI-D,42607457,compound,metabolite
3085416,CMI-D,24778715,compound,metabolite
3085416,CMI-D,52922252,compound,metabolite
3085416,CMI-D,24778699,compound,metabolite
3085416,CMI-D,53481757,compound,metabolite
3085416,CMI-D,52925426,compound,metabolite
3085416,CMI-D,131801661,compound,metabolite
3085416,CMI-D,24779053,compound,metabolite
3085416,CMI-D,52923906,compound,metabolite
3085416,CMI-D,53481783,compound,metabolite
3085416,CMI-D,52927141,compound,metabolite
3085416,CMI-D,52926580,compound,metabolite
3085416,CMI-D,53481787,compound,metabolite
3085416,CMI-D,131750353,compound,metabolite
3085416,CMI-D,10747814,compound,metabolite
3085416,CMI-D,52926310,compound,metabolite
3085416,CMI-D,24779553,compound,metabolite
3085416,CMI-D,24779546,compound,metabolite
3085416,CMI-D,24778855,compound,metabolite
3085416,CMI-D,52927142,compound,metabolite
3085416,CMI-D,52926308,compound,metabolite
3085416,CMI-D,52924378,compound,metabolite
3085416,CMI-D,24779301,compound,metabolite
3085416,CMI-D,52926307,compound,metabolite
3085416,CMI-D,53479796,compound,metabolite
3085416,CMI-D,24778624,compound,metabolite
3085416,CMI-D,52926604,compound,metabolite
3085416,CMI-D,52923896,compound,metabolite
3085416,CMI-D,53481779,compound,metabolite
3085416,CMI-D,52923894,compound,metabolite
3085416,CMI-D,9547068,compound,metabolite
3085416,CMI-D,5283576,compound,metabolite
3085416,CMI-D,52924162,compound,metabolite
3085416,CMI-D,6267,compound,metabolite
3085416,CMI-D,52924223,compound,metabolite
3085416,CMI-D,24778766,compound,metabolite
3085416,CMI-D,11850,compound,metabolite
3085416,CMI-D,131801673,compound,metabolite
3085416,CMI-D,52925128,compound,metabolite
3085416,CMI-D,65076,compound,metabolite
3085416,CMI-D,24778871,compound,metabolite
3085416,CMI-D,24779585,compound,metabolite
3085416,CMI-D,5283568,compound,metabolite
3085416,CMI-D,52926490,compound,metabolite
3085416,CMI-D,6473866,compound,metabolite
3085416,CMI-D,52925127,compound,metabolite
3085416,CMI-D,9546747,compound,metabolite
3085416,CMI-D,44260126,compound,metabolite
3085416,CMI-D,53481781,compound,metabolite
3085416,CMI-D,46891802,compound,metabolite
3085416,CMI-D,24778876,compound,metabolite
3085416,CMI-D,24778723,compound,metabolite
3085416,CMI-D,53479907,compound,metabolite
3085416,CMI-D,24778618,compound,metabolite
3085416,CMI-D,53479588,compound,metabolite
3085416,CMI-D,24778639,compound,metabolite
3085416,CMI-D,44260125,compound,metabolite
3085416,CMI-D,44260139,compound,metabolite
3085416,CMI-D,52927171,compound,metabolite
3085416,CMI-D,24779386,compound,metabolite
3085416,CMI-D,24778627,compound,metabolite
3085416,CMI-D,52923834,compound,metabolite
3085416,CMI-D,6305,compound,metabolite
3085416,CMI-D,5283572,compound,metabolite
3085416,CMI-D,52931207,compound,metabolite
3085416,CMI-D,9939965,compound,metabolite
3085416,CMI-D,24779275,compound,metabolite
3085416,CMI-D,44260130,compound,metabolite
3085416,CMI-D,53481703,compound,metabolite
3085416,CMI-D,53481707,compound,metabolite
3085416,CMI-D,53479159,compound,metabolite
3085416,CMI-D,5281915,compound,metabolite
3085416,CMI-D,131801665,compound,metabolite
3085416,CMI-D,558,compound,metabolite
3085416,CMI-D,24778745,compound,metabolite
3085416,CMI-D,5280473,compound,metabolite
3085416,CMI-D,44260127,compound,metabolite
3085416,CMI-D,25074411,compound,metabolite
3085416,CMI-D,52923882,compound,metabolite
3085416,CMI-D,18631369,compound,metabolite
3085416,CMI-D,24779277,compound,metabolite
3085416,CMI-D,131750350,compound,metabolite
3085416,CMI-D,24779336,compound,metabolite
3085416,CMI-D,99647664,compound,metabolite
3085416,CMI-D,10132,compound,metabolite
3085416,CMI-D,131766038,compound,metabolite
3085416,CMI-D,6287,compound,metabolite
3085416,CMI-D,545606,compound,metabolite
3085416,CMI-D,5699,compound,metabolite
3085416,CMI-D,5283577,compound,metabolite
3085416,CMI-D,53481753,compound,metabolite
3085416,CMI-D,53481791,compound,metabolite
3085416,CMI-D,6057,compound,metabolite
3085416,CMI-D,6137,compound,metabolite
3085416,CMI-D,44260124,compound,metabolite
3085416,CMI-D,24779046,compound,metabolite
3085416,CMI-D,52925131,compound,metabolite
3085416,CMI-D,131750340,compound,metabolite
9853053,CMI-D,24779545,compound,metabolite
9853053,CMI-D,52925985,compound,metabolite
9853053,CMI-D,52924644,compound,metabolite
9853053,CMI-D,52926308,compound,metabolite
9853053,CMI-D,24779544,compound,metabolite
9853053,CMI-D,52923950,compound,metabolite
9853053,CMI-D,24778898,compound,metabolite
9853053,CMI-D,52924152,compound,metabolite
9853053,CMI-D,52925710,compound,metabolite
9853053,CMI-D,24779554,compound,metabolite
9853053,CMI-D,52925426,compound,metabolite
9853053,CMI-D,52923958,compound,metabolite
9853053,CMI-D,53479772,compound,metabolite
9853053,CMI-D,5283499,compound,metabolite
9853053,CMI-D,51,compound,metabolite
9853053,CMI-D,24778735,compound,metabolite
9853053,CMI-D,24778634,compound,metabolite
9853053,CMI-D,53481785,compound,metabolite
9853053,CMI-D,53297342,compound,metabolite
9853053,CMI-D,53481787,compound,metabolite
9853053,CMI-D,53481789,compound,metabolite
9853053,CMI-D,52925469,compound,metabolite
9853053,CMI-D,16219824,compound,metabolite
9853053,CMI-D,52924353,compound,metabolite
9853053,CMI-D,12599,compound,metabolite
9853053,CMI-D,52923972,compound,metabolite
9853053,CMI-D,52926310,compound,metabolite
9853053,CMI-D,52925126,compound,metabolite
9853053,CMI-D,24778855,compound,metabolite
9853053,CMI-D,53481783,compound,metabolite
9853053,CMI-D,52922252,compound,metabolite
9853053,CMI-D,52925065,compound,metabolite
9853053,CMI-D,52926307,compound,metabolite
9853053,CMI-D,131750353,compound,metabolite
9853053,CMI-D,439279,compound,metabolite
9853053,CMI-D,52925059,compound,metabolite
9853053,CMI-D,52923902,compound,metabolite
9853053,CMI-D,445468,compound,metabolite
9853053,CMI-D,5283496,compound,metabolite
9853053,CMI-D,52924125,compound,metabolite
9853053,CMI-D,24778715,compound,metabolite
9853053,CMI-D,52925997,compound,metabolite
9853053,CMI-D,46891805,compound,metabolite
9853053,CMI-D,65076,compound,metabolite
9853053,CMI-D,52923906,compound,metabolite
9853053,CMI-D,11850,compound,metabolite
9853053,CMI-D,24779053,compound,metabolite
9853053,CMI-D,1060,compound,metabolite
9853053,CMI-D,52923946,compound,metabolite
9853053,CMI-D,24779384,compound,metabolite
9853053,CMI-D,52923914,compound,metabolite
9853053,CMI-D,24779341,compound,metabolite
9853053,CMI-D,53481777,compound,metabolite
9853053,CMI-D,46891802,compound,metabolite
9853053,CMI-D,52925229,compound,metabolite
9853053,CMI-D,42607430,compound,metabolite
9853053,CMI-D,108063,compound,metabolite
9853053,CMI-D,16759366,compound,metabolite
9853053,CMI-D,44260132,compound,metabolite
9853053,CMI-D,24778699,compound,metabolite
9853053,CMI-D,24779585,compound,metabolite
9853053,CMI-D,58,compound,metabolite
9853053,CMI-D,24778625,compound,metabolite
9853053,CMI-D,24778638,compound,metabolite
9853053,CMI-D,1088,compound,metabolite
9853053,CMI-D,6083,compound,metabolite
9853053,CMI-D,24778688,compound,metabolite
9853053,CMI-D,52926604,compound,metabolite
9853053,CMI-D,9547087,compound,metabolite
9853053,CMI-D,9543989,compound,metabolite
9853053,CMI-D,24778723,compound,metabolite
9853053,CMI-D,52922210,compound,metabolite
9853053,CMI-D,6473866,compound,metabolite
9853053,CMI-D,53481779,compound,metabolite
9853053,CMI-D,44260126,compound,metabolite
9853053,CMI-D,53481707,compound,metabolite
9853053,CMI-D,5283523,compound,metabolite
9853053,CMI-D,53479605,compound,metabolite
9853053,CMI-D,52922703,compound,metabolite
9853053,CMI-D,5280473,compound,metabolite
9853053,CMI-D,52925094,compound,metabolite
9853053,CMI-D,131801673,compound,metabolite
9853053,CMI-D,52924162,compound,metabolite
9853053,CMI-D,11146967,compound,metabolite
9853053,CMI-D,53479796,compound,metabolite
9853053,CMI-D,24779379,compound,metabolite
9853053,CMI-D,9547096,compound,metabolite
9853053,CMI-D,52923896,compound,metabolite
9853053,CMI-D,439286,compound,metabolite
9853053,CMI-D,105024,compound,metabolite
9853053,CMI-D,18631369,compound,metabolite
9853053,CMI-D,131801661,compound,metabolite
9853053,CMI-D,53478875,compound,metabolite
9853053,CMI-D,750,compound,metabolite
9853053,CMI-D,53481703,compound,metabolite
9853053,CMI-D,11803170,compound,metabolite
9853053,CMI-D,586,compound,metabolite
9853053,CMI-D,42607428,compound,metabolite
9853053,CMI-D,44260125,compound,metabolite
9853053,CMI-D,3013625,compound,metabolite
9853053,CMI-D,52923834,compound,metabolite
9853053,CMI-D,24779301,compound,metabolite
9853053,CMI-D,9546747,compound,metabolite
9853053,CMI-D,11146,compound,metabolite
9853053,CMI-D,24778745,compound,metabolite
9853053,CMI-D,52931223,compound,metabolite
9853053,CMI-D,24906333,compound,metabolite
9853053,CMI-D,24778766,compound,metabolite
9853053,CMI-D,24778643,compound,metabolite
9853053,CMI-D,53479907,compound,metabolite
9853053,CMI-D,52925127,compound,metabolite
9853053,CMI-D,24778642,compound,metabolite
9853053,CMI-D,100981287,compound,metabolite
9853053,CMI-D,24778627,compound,metabolite
9853053,CMI-D,52926616,compound,metabolite
9853053,CMI-D,9547000,compound,metabolite
9853053,CMI-D,24778639,compound,metabolite
9853053,CMI-D,129657,compound,metabolite
9853053,CMI-D,24779277,compound,metabolite
9853053,CMI-D,24779275,compound,metabolite
9853053,CMI-D,2094,compound,metabolite
9853053,CMI-D,145742,compound,metabolite
9853053,CMI-D,52923085,compound,metabolite
9853053,CMI-D,52927148,compound,metabolite
9853053,CMI-D,14057128,compound,metabolite
9853053,CMI-D,131750336,compound,metabolite
9853053,CMI-D,11433862,compound,metabolite
9853053,CMI-D,52927171,compound,metabolite
9853053,CMI-D,24778815,compound,metabolite
9853053,CMI-D,5957,compound,metabolite
9853053,CMI-D,9939965,compound,metabolite
9853053,CMI-D,6736,compound,metabolite
9853053,CMI-D,24778881,compound,metabolite
9853053,CMI-D,131750394,compound,metabolite
9853053,CMI-D,24779297,compound,metabolite
9853053,CMI-D,131766679,compound,metabolite
9853053,CMI-D,131766038,compound,metabolite
9853053,CMI-D,9547068,compound,metabolite
9853053,CMI-D,131750486,compound,metabolite
9853053,CMI-D,87642,compound,metabolite
9853053,CMI-D,445063,compound,metabolite
9853053,CMI-D,53477785,compound,metabolite
9853053,CMI-D,753,compound,metabolite
9853053,CMI-D,9547167,compound,metabolite
9853053,CMI-D,131753238,compound,metabolite
9853053,CMI-D,53481755,compound,metabolite
9853053,CMI-D,131750340,compound,metabolite
9853053,CMI-D,44260129,compound,metabolite
9853053,CMI-D,7680,compound,metabolite
9853053,CMI-D,43,compound,metabolite
9853053,CMI-D,52931201,compound,metabolite
9853053,CMI-D,53479159,compound,metabolite
9853053,CMI-D,53478597,compound,metabolite
9853053,CMI-D,53478598,compound,metabolite
9853053,CMI-D,131750350,compound,metabolite
9853053,CMI-D,52923882,compound,metabolite
9853053,CMI-D,131750646,compound,metabolite
9853053,CMI-D,440728,compound,metabolite
9853053,CMI-D,24778880,compound,metabolite
9853053,CMI-D,46891684,compound,metabolite
9853053,CMI-D,439213,compound,metabolite
9853053,CMI-D,439756,compound,metabolite
9853053,CMI-D,24779046,compound,metabolite
9853053,CMI-D,131754572,compound,metabolite
9853053,CMI-D,53477794,compound,metabolite
9853053,CMI-D,440729,compound,metabolite
9853053,CMI-D,52926661,compound,metabolite
9853053,CMI-D,164735,compound,metabolite
9853053,CMI-D,53481781,compound,metabolite
9853053,CMI-D,131801665,compound,metabolite
9853053,CMI-D,53477801,compound,metabolite
9853053,CMI-D,52931115,compound,metabolite
9853053,CMI-D,811,compound,metabolite
9853053,CMI-D,46173804,compound,metabolite
9853053,CMI-D,131750379,compound,metabolite
9853053,CMI-D,1120,compound,metabolite
9853053,CMI-D,151020,compound,metabolite
9853053,CMI-D,131801772,compound,metabolite
9853053,CMI-D,131750620,compound,metabolite
9853053,CMI-D,131750592,compound,metabolite
9853053,CMI-D,52925214,compound,metabolite
9853053,CMI-D,10836,compound,metabolite
9853053,CMI-D,90479364,compound,metabolite
9853053,CMI-D,1123,compound,metabolite
9853053,CMI-D,101771,compound,metabolite
9853053,CMI-D,83944,compound,metabolite
9853053,CMI-D,131801988,compound,metabolite
9853053,CMI-D,644260,compound,metabolite
9853053,CMI-D,131750428,compound,metabolite
9853053,CMI-D,12358757,compound,metabolite
9853053,CMI-D,53480140,compound,metabolite
9853053,CMI-D,5380406,compound,metabolite
4008,CMI-D,24779545,compound,metabolite
4008,CMI-D,51,compound,metabolite
4008,CMI-D,53297342,compound,metabolite
4008,CMI-D,52925126,compound,metabolite
4008,CMI-D,12599,compound,metabolite
4008,CMI-D,446440,compound,metabolite
4008,CMI-D,58,compound,metabolite
4008,CMI-D,1060,compound,metabolite
4008,CMI-D,131750353,compound,metabolite
4008,CMI-D,6083,compound,metabolite
4008,CMI-D,971,compound,metabolite
4008,CMI-D,24778855,compound,metabolite
4008,CMI-D,185698,compound,metabolite
4008,CMI-D,6030,compound,metabolite
4008,CMI-D,2724333,compound,metabolite
4008,CMI-D,439286,compound,metabolite
4008,CMI-D,24906333,compound,metabolite
4008,CMI-D,439402,compound,metabolite
4008,CMI-D,41781,compound,metabolite
4008,CMI-D,6267,compound,metabolite
4008,CMI-D,105024,compound,metabolite
4008,CMI-D,750,compound,metabolite
4008,CMI-D,190,compound,metabolite
4008,CMI-D,24778871,compound,metabolite
4008,CMI-D,52923896,compound,metabolite
4008,CMI-D,445063,compound,metabolite
4008,CMI-D,811,compound,metabolite
4008,CMI-D,1088,compound,metabolite
4008,CMI-D,3013625,compound,metabolite
4008,CMI-D,984,compound,metabolite
4008,CMI-D,4991,compound,metabolite
4008,CMI-D,7680,compound,metabolite
4008,CMI-D,753,compound,metabolite
4008,CMI-D,445580,compound,metabolite
4008,CMI-D,440728,compound,metabolite
4008,CMI-D,439213,compound,metabolite
4008,CMI-D,68144,compound,metabolite
4008,CMI-D,64969,compound,metabolite
4008,CMI-D,53477960,compound,metabolite
4008,CMI-D,44260138,compound,metabolite
4008,CMI-D,1174,compound,metabolite
4008,CMI-D,3893,compound,metabolite
4008,CMI-D,15993,compound,metabolite
4008,CMI-D,6137,compound,metabolite
4008,CMI-D,14275359,compound,metabolite
4008,CMI-D,24778643,compound,metabolite
4008,CMI-D,1054,compound,metabolite
4008,CMI-D,6274,compound,metabolite
4008,CMI-D,1123,compound,metabolite
4008,CMI-D,131766038,compound,metabolite
4008,CMI-D,305,compound,metabolite
4008,CMI-D,6287,compound,metabolite
4046,CMI-D,24778898,compound,metabolite
4046,CMI-D,52925985,compound,metabolite
4046,CMI-D,53481751,compound,metabolite
4046,CMI-D,24778715,compound,metabolite
4046,CMI-D,52924353,compound,metabolite
4046,CMI-D,16219824,compound,metabolite
4046,CMI-D,24778735,compound,metabolite
4046,CMI-D,24778634,compound,metabolite
4046,CMI-D,12599,compound,metabolite
4046,CMI-D,52925059,compound,metabolite
4046,CMI-D,52925065,compound,metabolite
4046,CMI-D,53479772,compound,metabolite
4046,CMI-D,53481757,compound,metabolite
4046,CMI-D,24778699,compound,metabolite
4046,CMI-D,52925469,compound,metabolite
4046,CMI-D,24779384,compound,metabolite
4046,CMI-D,24778855,compound,metabolite
4046,CMI-D,53481787,compound,metabolite
4046,CMI-D,53479483,compound,metabolite
4046,CMI-D,42607457,compound,metabolite
4046,CMI-D,53479605,compound,metabolite
4046,CMI-D,10747814,compound,metabolite
4046,CMI-D,53479547,compound,metabolite
4046,CMI-D,52923894,compound,metabolite
4046,CMI-D,53481777,compound,metabolite
4046,CMI-D,52923906,compound,metabolite
4046,CMI-D,439402,compound,metabolite
4046,CMI-D,52924378,compound,metabolite
4046,CMI-D,24778688,compound,metabolite
4046,CMI-D,131801661,compound,metabolite
4046,CMI-D,6267,compound,metabolite
4046,CMI-D,24778625,compound,metabolite
4046,CMI-D,9547087,compound,metabolite
4046,CMI-D,52923852,compound,metabolite
4046,CMI-D,53481783,compound,metabolite
4046,CMI-D,11850,compound,metabolite
4046,CMI-D,24778876,compound,metabolite
4046,CMI-D,24778638,compound,metabolite
4046,CMI-D,24779386,compound,metabolite
4046,CMI-D,46891805,compound,metabolite
4046,CMI-D,145742,compound,metabolite
4046,CMI-D,24778624,compound,metabolite
4046,CMI-D,53481779,compound,metabolite
4046,CMI-D,1088,compound,metabolite
4046,CMI-D,24778871,compound,metabolite
4046,CMI-D,586,compound,metabolite
4046,CMI-D,44260130,compound,metabolite
4046,CMI-D,24779379,compound,metabolite
4046,CMI-D,44260139,compound,metabolite
4046,CMI-D,24779585,compound,metabolite
4046,CMI-D,5957,compound,metabolite
4046,CMI-D,131801673,compound,metabolite
4046,CMI-D,53481767,compound,metabolite
4046,CMI-D,6736,compound,metabolite
4046,CMI-D,24778766,compound,metabolite
4046,CMI-D,9543989,compound,metabolite
4046,CMI-D,52931207,compound,metabolite
4046,CMI-D,24778723,compound,metabolite
4046,CMI-D,16759366,compound,metabolite
4046,CMI-D,2094,compound,metabolite
4046,CMI-D,24779275,compound,metabolite
4046,CMI-D,52925128,compound,metabolite
4046,CMI-D,24779277,compound,metabolite
4046,CMI-D,52924162,compound,metabolite
4046,CMI-D,24778815,compound,metabolite
4046,CMI-D,53481703,compound,metabolite
4046,CMI-D,24778618,compound,metabolite
4046,CMI-D,53481755,compound,metabolite
4046,CMI-D,6274,compound,metabolite
4046,CMI-D,53481707,compound,metabolite
4046,CMI-D,44260125,compound,metabolite
4046,CMI-D,11433862,compound,metabolite
4046,CMI-D,52923882,compound,metabolite
4046,CMI-D,44260124,compound,metabolite
4046,CMI-D,3082163,compound,metabolite
4046,CMI-D,131766038,compound,metabolite
4046,CMI-D,53481781,compound,metabolite
4046,CMI-D,5699,compound,metabolite
4046,CMI-D,9939965,compound,metabolite
4046,CMI-D,15993,compound,metabolite
4046,CMI-D,53481761,compound,metabolite
4046,CMI-D,25074411,compound,metabolite
4046,CMI-D,6137,compound,metabolite
4046,CMI-D,46891684,compound,metabolite
4046,CMI-D,24778643,compound,metabolite
189562,CMI-D,51,compound,metabolite
189562,CMI-D,6083,compound,metabolite
189562,CMI-D,185698,compound,metabolite
189562,CMI-D,6030,compound,metabolite
189562,CMI-D,971,compound,metabolite
189562,CMI-D,6267,compound,metabolite
189562,CMI-D,586,compound,metabolite
189562,CMI-D,439402,compound,metabolite
189562,CMI-D,6736,compound,metabolite
189562,CMI-D,6305,compound,metabolite
189562,CMI-D,984,compound,metabolite
189562,CMI-D,190,compound,metabolite
189562,CMI-D,440728,compound,metabolite
189562,CMI-D,6137,compound,metabolite
189562,CMI-D,753,compound,metabolite
189562,CMI-D,1055,compound,metabolite
189562,CMI-D,1198,compound,metabolite
189562,CMI-D,6287,compound,metabolite
189562,CMI-D,558,compound,metabolite
189562,CMI-D,6057,compound,metabolite
189562,CMI-D,9944000,compound,metabolite
189562,CMI-D,6288,compound,metabolite
189562,CMI-D,6325610,compound,metabolite
4746,CMI-D,24779545,compound,metabolite
4746,CMI-D,52924644,compound,metabolite
4746,CMI-D,52925985,compound,metabolite
4746,CMI-D,52924152,compound,metabolite
4746,CMI-D,24778634,compound,metabolite
4746,CMI-D,24778898,compound,metabolite
4746,CMI-D,52924353,compound,metabolite
4746,CMI-D,53479772,compound,metabolite
4746,CMI-D,24779554,compound,metabolite
4746,CMI-D,16219824,compound,metabolite
4746,CMI-D,52926308,compound,metabolite
4746,CMI-D,24778735,compound,metabolite
4746,CMI-D,52923950,compound,metabolite
4746,CMI-D,24778715,compound,metabolite
4746,CMI-D,24778868,compound,metabolite
4746,CMI-D,5283499,compound,metabolite
4746,CMI-D,52925710,compound,metabolite
4746,CMI-D,52925126,compound,metabolite
4746,CMI-D,53481785,compound,metabolite
4746,CMI-D,52925065,compound,metabolite
4746,CMI-D,53481787,compound,metabolite
4746,CMI-D,52923972,compound,metabolite
4746,CMI-D,53481751,compound,metabolite
4746,CMI-D,52923958,compound,metabolite
4746,CMI-D,52925469,compound,metabolite
4746,CMI-D,5283496,compound,metabolite
4746,CMI-D,52925059,compound,metabolite
4746,CMI-D,52924125,compound,metabolite
4746,CMI-D,24779384,compound,metabolite
4746,CMI-D,53481783,compound,metabolite
4746,CMI-D,24778855,compound,metabolite
4746,CMI-D,53481789,compound,metabolite
4746,CMI-D,445468,compound,metabolite
4746,CMI-D,53479605,compound,metabolite
4746,CMI-D,53481777,compound,metabolite
4746,CMI-D,52923852,compound,metabolite
4746,CMI-D,24779544,compound,metabolite
4746,CMI-D,52923906,compound,metabolite
4746,CMI-D,52925155,compound,metabolite
4746,CMI-D,24778699,compound,metabolite
4746,CMI-D,131750353,compound,metabolite
4746,CMI-D,52922252,compound,metabolite
4746,CMI-D,52923087,compound,metabolite
4746,CMI-D,52923946,compound,metabolite
4746,CMI-D,52923902,compound,metabolite
4746,CMI-D,53479161,compound,metabolite
4746,CMI-D,11146967,compound,metabolite
4746,CMI-D,53479547,compound,metabolite
4746,CMI-D,46891805,compound,metabolite
4746,CMI-D,53481757,compound,metabolite
4746,CMI-D,42607457,compound,metabolite
4746,CMI-D,52925997,compound,metabolite
4746,CMI-D,52926580,compound,metabolite
4746,CMI-D,52925426,compound,metabolite
4746,CMI-D,24778625,compound,metabolite
4746,CMI-D,24778688,compound,metabolite
4746,CMI-D,52924378,compound,metabolite
4746,CMI-D,52923894,compound,metabolite
4746,CMI-D,131801661,compound,metabolite
4746,CMI-D,10747814,compound,metabolite
4746,CMI-D,53481779,compound,metabolite
4746,CMI-D,24779052,compound,metabolite
4746,CMI-D,24779053,compound,metabolite
4746,CMI-D,24779585,compound,metabolite
4746,CMI-D,53479483,compound,metabolite
4746,CMI-D,52923914,compound,metabolite
4746,CMI-D,9547068,compound,metabolite
4746,CMI-D,131801673,compound,metabolite
4746,CMI-D,52926310,compound,metabolite
4746,CMI-D,46891802,compound,metabolite
4746,CMI-D,24778871,compound,metabolite
4746,CMI-D,52922703,compound,metabolite
4746,CMI-D,24779379,compound,metabolite
4746,CMI-D,9547087,compound,metabolite
4746,CMI-D,52925229,compound,metabolite
4746,CMI-D,9543989,compound,metabolite
4746,CMI-D,24778624,compound,metabolite
4746,CMI-D,52926307,compound,metabolite
4746,CMI-D,53479796,compound,metabolite
4746,CMI-D,24778723,compound,metabolite
4746,CMI-D,53481707,compound,metabolite
4746,CMI-D,24778638,compound,metabolite
4746,CMI-D,42607428,compound,metabolite
4746,CMI-D,24778876,compound,metabolite
4746,CMI-D,52924223,compound,metabolite
4746,CMI-D,52924162,compound,metabolite
4746,CMI-D,53480355,compound,metabolite
4746,CMI-D,16759366,compound,metabolite
4746,CMI-D,53479588,compound,metabolite
4746,CMI-D,24778766,compound,metabolite
4746,CMI-D,52925094,compound,metabolite
4746,CMI-D,11803170,compound,metabolite
4746,CMI-D,6267,compound,metabolite
4746,CMI-D,52926604,compound,metabolite
4746,CMI-D,11850,compound,metabolite
4746,CMI-D,52923896,compound,metabolite
4746,CMI-D,42607430,compound,metabolite
4746,CMI-D,24779386,compound,metabolite
4746,CMI-D,439402,compound,metabolite
4746,CMI-D,24779277,compound,metabolite
4746,CMI-D,5957,compound,metabolite
4746,CMI-D,750,compound,metabolite
4746,CMI-D,6473866,compound,metabolite
4746,CMI-D,53479907,compound,metabolite
4746,CMI-D,24779553,compound,metabolite
4746,CMI-D,24779546,compound,metabolite
4746,CMI-D,1088,compound,metabolite
4746,CMI-D,24778618,compound,metabolite
4746,CMI-D,52922210,compound,metabolite
4746,CMI-D,9546747,compound,metabolite
4746,CMI-D,24778745,compound,metabolite
4746,CMI-D,100981287,compound,metabolite
4746,CMI-D,5280473,compound,metabolite
4746,CMI-D,9547096,compound,metabolite
4746,CMI-D,24778639,compound,metabolite
4746,CMI-D,24779275,compound,metabolite
4746,CMI-D,53481767,compound,metabolite
4746,CMI-D,52923834,compound,metabolite
4746,CMI-D,24779297,compound,metabolite
4746,CMI-D,145742,compound,metabolite
4746,CMI-D,5283523,compound,metabolite
4746,CMI-D,53478875,compound,metabolite
4746,CMI-D,52923882,compound,metabolite
4746,CMI-D,44260130,compound,metabolite
4746,CMI-D,11433862,compound,metabolite
4746,CMI-D,52931207,compound,metabolite
4746,CMI-D,52926490,compound,metabolite
4746,CMI-D,24778815,compound,metabolite
4746,CMI-D,439279,compound,metabolite
4746,CMI-D,65076,compound,metabolite
4746,CMI-D,53481703,compound,metabolite
4746,CMI-D,52925128,compound,metabolite
4746,CMI-D,44260139,compound,metabolite
4746,CMI-D,131801665,compound,metabolite
4746,CMI-D,446066,compound,metabolite
4746,CMI-D,52927171,compound,metabolite
4746,CMI-D,5283568,compound,metabolite
4746,CMI-D,5283576,compound,metabolite
4746,CMI-D,44260125,compound,metabolite
4746,CMI-D,3082163,compound,metabolite
4746,CMI-D,18631369,compound,metabolite
4746,CMI-D,445063,compound,metabolite
4746,CMI-D,52931223,compound,metabolite
4746,CMI-D,24779301,compound,metabolite
4746,CMI-D,131750340,compound,metabolite
4746,CMI-D,44260132,compound,metabolite
4746,CMI-D,9547000,compound,metabolite
4746,CMI-D,46891684,compound,metabolite
4746,CMI-D,24778627,compound,metabolite
4746,CMI-D,131766038,compound,metabolite
4746,CMI-D,44260126,compound,metabolite
4746,CMI-D,24778643,compound,metabolite
4746,CMI-D,53481781,compound,metabolite
4746,CMI-D,129657,compound,metabolite
4746,CMI-D,5281915,compound,metabolite
4746,CMI-D,6305,compound,metabolite
4746,CMI-D,52925127,compound,metabolite
4746,CMI-D,53481755,compound,metabolite
4746,CMI-D,586,compound,metabolite
4746,CMI-D,131742,compound,metabolite
4746,CMI-D,24779046,compound,metabolite
4746,CMI-D,25074411,compound,metabolite
4746,CMI-D,53479159,compound,metabolite
4746,CMI-D,9939965,compound,metabolite
4746,CMI-D,44260124,compound,metabolite
4746,CMI-D,24779336,compound,metabolite
4746,CMI-D,439176,compound,metabolite
4746,CMI-D,24778642,compound,metabolite
4746,CMI-D,53478597,compound,metabolite
4746,CMI-D,44260138,compound,metabolite
4746,CMI-D,9547167,compound,metabolite
4746,CMI-D,1120,compound,metabolite
4746,CMI-D,44260127,compound,metabolite
4746,CMI-D,6137,compound,metabolite
4746,CMI-D,52926616,compound,metabolite
4746,CMI-D,5699,compound,metabolite
4746,CMI-D,6288,compound,metabolite
4746,CMI-D,131801657,compound,metabolite
4746,CMI-D,131750394,compound,metabolite
4746,CMI-D,53481791,compound,metabolite
4746,CMI-D,14057128,compound,metabolite
4746,CMI-D,52931201,compound,metabolite
4746,CMI-D,53481366,compound,metabolite
8249,CMI-D,53479483,compound,metabolite
8249,CMI-D,5289145,compound,metabolite
8249,CMI-D,1060,compound,metabolite
8249,CMI-D,53481751,compound,metabolite
8249,CMI-D,53479547,compound,metabolite
8249,CMI-D,52924152,compound,metabolite
8249,CMI-D,53481785,compound,metabolite
8249,CMI-D,53479772,compound,metabolite
8249,CMI-D,53479161,compound,metabolite
8249,CMI-D,24778868,compound,metabolite
8249,CMI-D,52923958,compound,metabolite
8249,CMI-D,53481789,compound,metabolite
8249,CMI-D,53480355,compound,metabolite
8249,CMI-D,24779551,compound,metabolite
8249,CMI-D,52927141,compound,metabolite
8249,CMI-D,52923902,compound,metabolite
8249,CMI-D,24779585,compound,metabolite
8249,CMI-D,16219824,compound,metabolite
8249,CMI-D,53481783,compound,metabolite
8249,CMI-D,52923087,compound,metabolite
8249,CMI-D,5283576,compound,metabolite
8249,CMI-D,131750353,compound,metabolite
8249,CMI-D,439402,compound,metabolite
8249,CMI-D,24778688,compound,metabolite
8249,CMI-D,24779053,compound,metabolite
8249,CMI-D,24778855,compound,metabolite
8249,CMI-D,1088,compound,metabolite
8249,CMI-D,52925065,compound,metabolite
8249,CMI-D,444972,compound,metabolite
8249,CMI-D,145742,compound,metabolite
8249,CMI-D,44260130,compound,metabolite
8249,CMI-D,52923914,compound,metabolite
8249,CMI-D,131801673,compound,metabolite
8249,CMI-D,9543989,compound,metabolite
8249,CMI-D,53481707,compound,metabolite
8249,CMI-D,52925094,compound,metabolite
8249,CMI-D,53481767,compound,metabolite
8249,CMI-D,24779052,compound,metabolite
8249,CMI-D,44260132,compound,metabolite
8249,CMI-D,6305,compound,metabolite
8249,CMI-D,5283568,compound,metabolite
8249,CMI-D,53481757,compound,metabolite
8249,CMI-D,53481755,compound,metabolite
8249,CMI-D,42607457,compound,metabolite
8249,CMI-D,24778638,compound,metabolite
8249,CMI-D,24778871,compound,metabolite
8249,CMI-D,131742,compound,metabolite
8249,CMI-D,24778815,compound,metabolite
8249,CMI-D,586,compound,metabolite
8249,CMI-D,24779336,compound,metabolite
8249,CMI-D,24778766,compound,metabolite
8249,CMI-D,53479159,compound,metabolite
8249,CMI-D,11803170,compound,metabolite
8249,CMI-D,46891684,compound,metabolite
8249,CMI-D,753,compound,metabolite
8249,CMI-D,44260139,compound,metabolite
8249,CMI-D,44260126,compound,metabolite
8249,CMI-D,24778639,compound,metabolite
8249,CMI-D,7680,compound,metabolite
8249,CMI-D,24779046,compound,metabolite
8249,CMI-D,24778643,compound,metabolite
8249,CMI-D,52931207,compound,metabolite
8249,CMI-D,53479907,compound,metabolite
8249,CMI-D,3082163,compound,metabolite
8249,CMI-D,24779301,compound,metabolite
8249,CMI-D,440273,compound,metabolite
8249,CMI-D,5281915,compound,metabolite
8249,CMI-D,1054,compound,metabolite
8249,CMI-D,24778618,compound,metabolite
8249,CMI-D,131801665,compound,metabolite
8249,CMI-D,6736,compound,metabolite
8249,CMI-D,9939965,compound,metabolite
8249,CMI-D,64969,compound,metabolite
8249,CMI-D,131750338,compound,metabolite
8249,CMI-D,44260127,compound,metabolite
8249,CMI-D,44260125,compound,metabolite
8249,CMI-D,53478875,compound,metabolite
8249,CMI-D,100981287,compound,metabolite
8249,CMI-D,100921659,compound,metabolite
16362,CMI-D,24779545,compound,metabolite
16362,CMI-D,52924644,compound,metabolite
16362,CMI-D,24778898,compound,metabolite
16362,CMI-D,52926308,compound,metabolite
16362,CMI-D,52925985,compound,metabolite
16362,CMI-D,51,compound,metabolite
16362,CMI-D,24778735,compound,metabolite
16362,CMI-D,24779554,compound,metabolite
16362,CMI-D,52924152,compound,metabolite
16362,CMI-D,53481751,compound,metabolite
16362,CMI-D,12599,compound,metabolite
16362,CMI-D,16219824,compound,metabolite
16362,CMI-D,24779384,compound,metabolite
16362,CMI-D,53479547,compound,metabolite
16362,CMI-D,52923958,compound,metabolite
16362,CMI-D,52925469,compound,metabolite
16362,CMI-D,52924353,compound,metabolite
16362,CMI-D,24778634,compound,metabolite
16362,CMI-D,24778715,compound,metabolite
16362,CMI-D,53481785,compound,metabolite
16362,CMI-D,52925126,compound,metabolite
16362,CMI-D,52925710,compound,metabolite
16362,CMI-D,52923950,compound,metabolite
16362,CMI-D,53481757,compound,metabolite
16362,CMI-D,1060,compound,metabolite
16362,CMI-D,53481777,compound,metabolite
16362,CMI-D,131750353,compound,metabolite
16362,CMI-D,52923946,compound,metabolite
16362,CMI-D,750,compound,metabolite
16362,CMI-D,52925155,compound,metabolite
16362,CMI-D,6083,compound,metabolite
16362,CMI-D,24778855,compound,metabolite
16362,CMI-D,1088,compound,metabolite
16362,CMI-D,24778868,compound,metabolite
16362,CMI-D,52923894,compound,metabolite
16362,CMI-D,53479483,compound,metabolite
16362,CMI-D,53481789,compound,metabolite
16362,CMI-D,439402,compound,metabolite
16362,CMI-D,52923906,compound,metabolite
16362,CMI-D,53481787,compound,metabolite
16362,CMI-D,6030,compound,metabolite
16362,CMI-D,52924378,compound,metabolite
16362,CMI-D,5957,compound,metabolite
16362,CMI-D,586,compound,metabolite
16362,CMI-D,6267,compound,metabolite
16362,CMI-D,24779379,compound,metabolite
16362,CMI-D,10747814,compound,metabolite
16362,CMI-D,971,compound,metabolite
16362,CMI-D,53481707,compound,metabolite
16362,CMI-D,52922210,compound,metabolite
16362,CMI-D,53479588,compound,metabolite
16362,CMI-D,9543989,compound,metabolite
16362,CMI-D,24779585,compound,metabolite
16362,CMI-D,24778871,compound,metabolite
16362,CMI-D,42607430,compound,metabolite
16362,CMI-D,52923914,compound,metabolite
16362,CMI-D,24778638,compound,metabolite
16362,CMI-D,53479161,compound,metabolite
16362,CMI-D,46891805,compound,metabolite
16362,CMI-D,24779546,compound,metabolite
16362,CMI-D,16759366,compound,metabolite
16362,CMI-D,190,compound,metabolite
16362,CMI-D,9547087,compound,metabolite
16362,CMI-D,24778876,compound,metabolite
16362,CMI-D,42607428,compound,metabolite
16362,CMI-D,2724333,compound,metabolite
16362,CMI-D,24779301,compound,metabolite
16362,CMI-D,5283523,compound,metabolite
16362,CMI-D,24779386,compound,metabolite
16362,CMI-D,52931207,compound,metabolite
16362,CMI-D,445063,compound,metabolite
16362,CMI-D,24778723,compound,metabolite
16362,CMI-D,446066,compound,metabolite
16362,CMI-D,6736,compound,metabolite
16362,CMI-D,44260126,compound,metabolite
16362,CMI-D,52922703,compound,metabolite
16362,CMI-D,52923852,compound,metabolite
16362,CMI-D,52925094,compound,metabolite
16362,CMI-D,444972,compound,metabolite
16362,CMI-D,41781,compound,metabolite
16362,CMI-D,52926310,compound,metabolite
16362,CMI-D,145742,compound,metabolite
16362,CMI-D,24779277,compound,metabolite
16362,CMI-D,11803170,compound,metabolite
16362,CMI-D,439279,compound,metabolite
16362,CMI-D,100981287,compound,metabolite
16362,CMI-D,11433862,compound,metabolite
16362,CMI-D,753,compound,metabolite
16362,CMI-D,24778815,compound,metabolite
16362,CMI-D,46891684,compound,metabolite
16362,CMI-D,131766038,compound,metabolite
16362,CMI-D,9547096,compound,metabolite
16362,CMI-D,11146,compound,metabolite
16362,CMI-D,5280473,compound,metabolite
16362,CMI-D,440728,compound,metabolite
16362,CMI-D,1174,compound,metabolite
16362,CMI-D,24778745,compound,metabolite
16362,CMI-D,7680,compound,metabolite
16362,CMI-D,131750340,compound,metabolite
16362,CMI-D,9305,compound,metabolite
16362,CMI-D,24778643,compound,metabolite
16362,CMI-D,6305,compound,metabolite
16362,CMI-D,6287,compound,metabolite
16362,CMI-D,53481761,compound,metabolite
16362,CMI-D,6274,compound,metabolite
237,CMI-D,52924644,compound,metabolite
237,CMI-D,24778634,compound,metabolite
237,CMI-D,52924152,compound,metabolite
237,CMI-D,24779554,compound,metabolite
237,CMI-D,52926308,compound,metabolite
237,CMI-D,24778898,compound,metabolite
237,CMI-D,53479772,compound,metabolite
237,CMI-D,52923950,compound,metabolite
237,CMI-D,52923972,compound,metabolite
237,CMI-D,445468,compound,metabolite
237,CMI-D,52925059,compound,metabolite
237,CMI-D,52925126,compound,metabolite
237,CMI-D,52925065,compound,metabolite
237,CMI-D,446440,compound,metabolite
237,CMI-D,5283496,compound,metabolite
237,CMI-D,52926580,compound,metabolite
237,CMI-D,24778868,compound,metabolite
237,CMI-D,52924353,compound,metabolite
237,CMI-D,24778715,compound,metabolite
237,CMI-D,52923087,compound,metabolite
237,CMI-D,5289145,compound,metabolite
237,CMI-D,24778699,compound,metabolite
237,CMI-D,52927141,compound,metabolite
237,CMI-D,52924125,compound,metabolite
237,CMI-D,53479605,compound,metabolite
237,CMI-D,53481751,compound,metabolite
237,CMI-D,53479161,compound,metabolite
237,CMI-D,53481787,compound,metabolite
237,CMI-D,53481783,compound,metabolite
237,CMI-D,52926307,compound,metabolite
237,CMI-D,52922252,compound,metabolite
237,CMI-D,52923852,compound,metabolite
237,CMI-D,52923906,compound,metabolite
237,CMI-D,24779053,compound,metabolite
237,CMI-D,131801660,compound,metabolite
237,CMI-D,52923946,compound,metabolite
237,CMI-D,42607457,compound,metabolite
237,CMI-D,24778625,compound,metabolite
237,CMI-D,24779551,compound,metabolite
237,CMI-D,16219824,compound,metabolite
237,CMI-D,52927142,compound,metabolite
237,CMI-D,52926310,compound,metabolite
237,CMI-D,52923902,compound,metabolite
237,CMI-D,24778688,compound,metabolite
237,CMI-D,11146967,compound,metabolite
237,CMI-D,24779553,compound,metabolite
237,CMI-D,52926604,compound,metabolite
237,CMI-D,52923914,compound,metabolite
237,CMI-D,24778624,compound,metabolite
237,CMI-D,52923894,compound,metabolite
237,CMI-D,24779052,compound,metabolite
237,CMI-D,53479796,compound,metabolite
237,CMI-D,131801661,compound,metabolite
237,CMI-D,6473866,compound,metabolite
237,CMI-D,46891805,compound,metabolite
237,CMI-D,53481757,compound,metabolite
237,CMI-D,52924378,compound,metabolite
237,CMI-D,52925426,compound,metabolite
237,CMI-D,10747814,compound,metabolite
237,CMI-D,24779585,compound,metabolite
237,CMI-D,131801673,compound,metabolite
237,CMI-D,52924162,compound,metabolite
237,CMI-D,42607428,compound,metabolite
237,CMI-D,53479588,compound,metabolite
237,CMI-D,9546747,compound,metabolite
237,CMI-D,52924223,compound,metabolite
237,CMI-D,52923896,compound,metabolite
237,CMI-D,52926490,compound,metabolite
237,CMI-D,24779379,compound,metabolite
237,CMI-D,53481707,compound,metabolite
237,CMI-D,53479907,compound,metabolite
237,CMI-D,24779275,compound,metabolite
237,CMI-D,5957,compound,metabolite
237,CMI-D,24778618,compound,metabolite
237,CMI-D,24779386,compound,metabolite
237,CMI-D,52923834,compound,metabolite
237,CMI-D,24778639,compound,metabolite
237,CMI-D,24778871,compound,metabolite
237,CMI-D,24778766,compound,metabolite
237,CMI-D,24778723,compound,metabolite
237,CMI-D,44260139,compound,metabolite
237,CMI-D,52925094,compound,metabolite
237,CMI-D,11803170,compound,metabolite
237,CMI-D,131753238,compound,metabolite
237,CMI-D,52925128,compound,metabolite
237,CMI-D,52925127,compound,metabolite
237,CMI-D,52923882,compound,metabolite
237,CMI-D,52931207,compound,metabolite
237,CMI-D,100981287,compound,metabolite
237,CMI-D,53478875,compound,metabolite
237,CMI-D,53481781,compound,metabolite
237,CMI-D,1120,compound,metabolite
237,CMI-D,5281915,compound,metabolite
237,CMI-D,18631369,compound,metabolite
237,CMI-D,131801665,compound,metabolite
237,CMI-D,3082163,compound,metabolite
237,CMI-D,52927171,compound,metabolite
237,CMI-D,24778627,compound,metabolite
237,CMI-D,53481755,compound,metabolite
237,CMI-D,53480484,compound,metabolite
237,CMI-D,25074411,compound,metabolite
237,CMI-D,52926616,compound,metabolite
237,CMI-D,24779301,compound,metabolite
237,CMI-D,24779336,compound,metabolite
237,CMI-D,44260127,compound,metabolite
237,CMI-D,24779297,compound,metabolite
237,CMI-D,24779046,compound,metabolite
237,CMI-D,53478597,compound,metabolite
237,CMI-D,53479159,compound,metabolite
237,CMI-D,24779550,compound,metabolite
237,CMI-D,161166,compound,metabolite
237,CMI-D,5284616,compound,metabolite
237,CMI-D,101227803,compound,metabolite
237,CMI-D,24778881,compound,metabolite
237,CMI-D,129657,compound,metabolite
237,CMI-D,53481791,compound,metabolite
237,CMI-D,131757010,compound,metabolite
237,CMI-D,52931201,compound,metabolite
237,CMI-D,52925214,compound,metabolite
60149,CMI-D,24779545,compound,metabolite
60149,CMI-D,52924644,compound,metabolite
60149,CMI-D,52924152,compound,metabolite
60149,CMI-D,52924353,compound,metabolite
60149,CMI-D,24778634,compound,metabolite
60149,CMI-D,24778898,compound,metabolite
60149,CMI-D,53479772,compound,metabolite
60149,CMI-D,52925985,compound,metabolite
60149,CMI-D,24779554,compound,metabolite
60149,CMI-D,24778735,compound,metabolite
60149,CMI-D,53297342,compound,metabolite
60149,CMI-D,53481785,compound,metabolite
60149,CMI-D,52925126,compound,metabolite
60149,CMI-D,24778868,compound,metabolite
60149,CMI-D,52925469,compound,metabolite
60149,CMI-D,52925710,compound,metabolite
60149,CMI-D,53481783,compound,metabolite
60149,CMI-D,16219824,compound,metabolite
60149,CMI-D,53481789,compound,metabolite
60149,CMI-D,52923958,compound,metabolite
60149,CMI-D,12599,compound,metabolite
60149,CMI-D,52924125,compound,metabolite
60149,CMI-D,52923906,compound,metabolite
60149,CMI-D,52923950,compound,metabolite
60149,CMI-D,5283496,compound,metabolite
60149,CMI-D,24778715,compound,metabolite
60149,CMI-D,53481787,compound,metabolite
60149,CMI-D,53481751,compound,metabolite
60149,CMI-D,445468,compound,metabolite
60149,CMI-D,24779384,compound,metabolite
60149,CMI-D,24779544,compound,metabolite
60149,CMI-D,24778855,compound,metabolite
60149,CMI-D,52926308,compound,metabolite
60149,CMI-D,52923946,compound,metabolite
60149,CMI-D,52925155,compound,metabolite
60149,CMI-D,46891805,compound,metabolite
60149,CMI-D,52923902,compound,metabolite
60149,CMI-D,53479483,compound,metabolite
60149,CMI-D,52923087,compound,metabolite
60149,CMI-D,52923972,compound,metabolite
60149,CMI-D,24778688,compound,metabolite
60149,CMI-D,44260132,compound,metabolite
60149,CMI-D,52922252,compound,metabolite
60149,CMI-D,52925065,compound,metabolite
60149,CMI-D,53479547,compound,metabolite
60149,CMI-D,24778699,compound,metabolite
60149,CMI-D,52925059,compound,metabolite
60149,CMI-D,131750353,compound,metabolite
60149,CMI-D,53479161,compound,metabolite
60149,CMI-D,1060,compound,metabolite
60149,CMI-D,42607457,compound,metabolite
60149,CMI-D,53481777,compound,metabolite
60149,CMI-D,52923914,compound,metabolite
60149,CMI-D,53481757,compound,metabolite
60149,CMI-D,52926310,compound,metabolite
60149,CMI-D,52925426,compound,metabolite
60149,CMI-D,52924378,compound,metabolite
60149,CMI-D,44260130,compound,metabolite
60149,CMI-D,10747814,compound,metabolite
60149,CMI-D,131801661,compound,metabolite
60149,CMI-D,52926307,compound,metabolite
60149,CMI-D,52923852,compound,metabolite
60149,CMI-D,52922703,compound,metabolite
60149,CMI-D,24779052,compound,metabolite
60149,CMI-D,1088,compound,metabolite
60149,CMI-D,11146967,compound,metabolite
60149,CMI-D,24779379,compound,metabolite
60149,CMI-D,9543989,compound,metabolite
60149,CMI-D,24778745,compound,metabolite
60149,CMI-D,52923894,compound,metabolite
60149,CMI-D,131801673,compound,metabolite
60149,CMI-D,24778625,compound,metabolite
60149,CMI-D,52925997,compound,metabolite
60149,CMI-D,52925094,compound,metabolite
60149,CMI-D,11803170,compound,metabolite
60149,CMI-D,24778876,compound,metabolite
60149,CMI-D,24778624,compound,metabolite
60149,CMI-D,53481779,compound,metabolite
60149,CMI-D,53479796,compound,metabolite
60149,CMI-D,52926604,compound,metabolite
60149,CMI-D,44260126,compound,metabolite
60149,CMI-D,53481707,compound,metabolite
60149,CMI-D,5280473,compound,metabolite
60149,CMI-D,5957,compound,metabolite
60149,CMI-D,24778723,compound,metabolite
60149,CMI-D,16759366,compound,metabolite
60149,CMI-D,24778871,compound,metabolite
60149,CMI-D,24778638,compound,metabolite
60149,CMI-D,9547087,compound,metabolite
60149,CMI-D,439279,compound,metabolite
60149,CMI-D,65076,compound,metabolite
60149,CMI-D,44260139,compound,metabolite
60149,CMI-D,53481767,compound,metabolite
60149,CMI-D,439402,compound,metabolite
60149,CMI-D,444972,compound,metabolite
60149,CMI-D,6473866,compound,metabolite
60149,CMI-D,100981287,compound,metabolite
60149,CMI-D,24779053,compound,metabolite
60149,CMI-D,11850,compound,metabolite
60149,CMI-D,53479588,compound,metabolite
60149,CMI-D,24778643,compound,metabolite
60149,CMI-D,44260127,compound,metabolite
60149,CMI-D,24778618,compound,metabolite
60149,CMI-D,9546747,compound,metabolite
60149,CMI-D,42607428,compound,metabolite
60149,CMI-D,24779275,compound,metabolite
60149,CMI-D,52924162,compound,metabolite
60149,CMI-D,52924223,compound,metabolite
60149,CMI-D,24779301,compound,metabolite
60149,CMI-D,24779386,compound,metabolite
60149,CMI-D,24779277,compound,metabolite
60149,CMI-D,53478598,compound,metabolite
60149,CMI-D,24778766,compound,metabolite
60149,CMI-D,131766038,compound,metabolite
60149,CMI-D,52931223,compound,metabolite
60149,CMI-D,52927171,compound,metabolite
60149,CMI-D,9939965,compound,metabolite
60149,CMI-D,3082163,compound,metabolite
60149,CMI-D,24779553,compound,metabolite
60149,CMI-D,52931207,compound,metabolite
60149,CMI-D,25163995,compound,metabolite
60149,CMI-D,131742,compound,metabolite
60149,CMI-D,53478875,compound,metabolite
60149,CMI-D,9547096,compound,metabolite
60149,CMI-D,42607430,compound,metabolite
60149,CMI-D,699414,compound,metabolite
60149,CMI-D,24779336,compound,metabolite
60149,CMI-D,52925128,compound,metabolite
60149,CMI-D,5281915,compound,metabolite
60149,CMI-D,586,compound,metabolite
60149,CMI-D,52922210,compound,metabolite
60149,CMI-D,53479907,compound,metabolite
60149,CMI-D,52923896,compound,metabolite
60149,CMI-D,52923834,compound,metabolite
60149,CMI-D,53481703,compound,metabolite
60149,CMI-D,131750350,compound,metabolite
60149,CMI-D,24778881,compound,metabolite
60149,CMI-D,11433862,compound,metabolite
60149,CMI-D,24778815,compound,metabolite
60149,CMI-D,52926490,compound,metabolite
60149,CMI-D,24778639,compound,metabolite
60149,CMI-D,5283523,compound,metabolite
60149,CMI-D,131753238,compound,metabolite
60149,CMI-D,446066,compound,metabolite
60149,CMI-D,46891684,compound,metabolite
60149,CMI-D,53479159,compound,metabolite
60149,CMI-D,52926616,compound,metabolite
60149,CMI-D,131750340,compound,metabolite
60149,CMI-D,131750486,compound,metabolite
60149,CMI-D,24778627,compound,metabolite
60149,CMI-D,24779046,compound,metabolite
60149,CMI-D,52923882,compound,metabolite
60149,CMI-D,53481755,compound,metabolite
60149,CMI-D,24779341,compound,metabolite
60149,CMI-D,24779585,compound,metabolite
60149,CMI-D,53481781,compound,metabolite
60149,CMI-D,18631369,compound,metabolite
60149,CMI-D,131801665,compound,metabolite
60149,CMI-D,3013625,compound,metabolite
60149,CMI-D,44260125,compound,metabolite
60149,CMI-D,9547000,compound,metabolite
60149,CMI-D,131754572,compound,metabolite
60149,CMI-D,129657,compound,metabolite
60149,CMI-D,25074411,compound,metabolite
60149,CMI-D,131750338,compound,metabolite
60149,CMI-D,24778642,compound,metabolite
60149,CMI-D,753,compound,metabolite
60149,CMI-D,53478597,compound,metabolite
60149,CMI-D,100921659,compound,metabolite
60149,CMI-D,6736,compound,metabolite
60149,CMI-D,87642,compound,metabolite
60149,CMI-D,131750394,compound,metabolite
60149,CMI-D,53481753,compound,metabolite
60149,CMI-D,11146,compound,metabolite
60149,CMI-D,131750336,compound,metabolite
60149,CMI-D,53477890,compound,metabolite
60149,CMI-D,52931201,compound,metabolite
60149,CMI-D,9547167,compound,metabolite
60149,CMI-D,52926661,compound,metabolite
60149,CMI-D,52923085,compound,metabolite
60149,CMI-D,52927148,compound,metabolite
60149,CMI-D,53479481,compound,metabolite
60149,CMI-D,101227803,compound,metabolite
60149,CMI-D,5284616,compound,metabolite
60149,CMI-D,52925127,compound,metabolite
60149,CMI-D,445063,compound,metabolite
60149,CMI-D,14057128,compound,metabolite
60149,CMI-D,131757010,compound,metabolite
60149,CMI-D,53481791,compound,metabolite
60149,CMI-D,131750646,compound,metabolite
60149,CMI-D,44260124,compound,metabolite
60149,CMI-D,53478053,compound,metabolite
60149,CMI-D,52925214,compound,metabolite
657255,CMI-D,24779545,compound,metabolite
657255,CMI-D,52924644,compound,metabolite
657255,CMI-D,52925985,compound,metabolite
657255,CMI-D,24778898,compound,metabolite
657255,CMI-D,52924152,compound,metabolite
657255,CMI-D,24779554,compound,metabolite
657255,CMI-D,24779544,compound,metabolite
657255,CMI-D,24778634,compound,metabolite
657255,CMI-D,53479772,compound,metabolite
657255,CMI-D,52923950,compound,metabolite
657255,CMI-D,16219824,compound,metabolite
657255,CMI-D,53481787,compound,metabolite
657255,CMI-D,5283499,compound,metabolite
657255,CMI-D,52925126,compound,metabolite
657255,CMI-D,24778735,compound,metabolite
657255,CMI-D,52923972,compound,metabolite
657255,CMI-D,53481783,compound,metabolite
657255,CMI-D,52925469,compound,metabolite
657255,CMI-D,52925710,compound,metabolite
657255,CMI-D,53481785,compound,metabolite
657255,CMI-D,52923958,compound,metabolite
657255,CMI-D,52924353,compound,metabolite
657255,CMI-D,52925426,compound,metabolite
657255,CMI-D,24778855,compound,metabolite
657255,CMI-D,52925155,compound,metabolite
657255,CMI-D,52923906,compound,metabolite
657255,CMI-D,52926308,compound,metabolite
657255,CMI-D,24778715,compound,metabolite
657255,CMI-D,52925065,compound,metabolite
657255,CMI-D,53481789,compound,metabolite
657255,CMI-D,46891805,compound,metabolite
657255,CMI-D,24778868,compound,metabolite
657255,CMI-D,52923946,compound,metabolite
657255,CMI-D,52923902,compound,metabolite
657255,CMI-D,53481751,compound,metabolite
657255,CMI-D,24779384,compound,metabolite
657255,CMI-D,52925997,compound,metabolite
657255,CMI-D,52926580,compound,metabolite
657255,CMI-D,52923852,compound,metabolite
657255,CMI-D,5283496,compound,metabolite
657255,CMI-D,9547068,compound,metabolite
657255,CMI-D,24779053,compound,metabolite
657255,CMI-D,445468,compound,metabolite
657255,CMI-D,52923087,compound,metabolite
657255,CMI-D,53481777,compound,metabolite
657255,CMI-D,24778699,compound,metabolite
657255,CMI-D,131750353,compound,metabolite
657255,CMI-D,52926307,compound,metabolite
657255,CMI-D,52925229,compound,metabolite
657255,CMI-D,52926604,compound,metabolite
657255,CMI-D,53479161,compound,metabolite
657255,CMI-D,52926310,compound,metabolite
657255,CMI-D,24779052,compound,metabolite
657255,CMI-D,9543989,compound,metabolite
657255,CMI-D,53479547,compound,metabolite
657255,CMI-D,52924378,compound,metabolite
657255,CMI-D,52923914,compound,metabolite
657255,CMI-D,53481757,compound,metabolite
657255,CMI-D,52924125,compound,metabolite
657255,CMI-D,9547087,compound,metabolite
657255,CMI-D,11146967,compound,metabolite
657255,CMI-D,52925059,compound,metabolite
657255,CMI-D,24778871,compound,metabolite
657255,CMI-D,24778625,compound,metabolite
657255,CMI-D,24778876,compound,metabolite
657255,CMI-D,131801673,compound,metabolite
657255,CMI-D,24779379,compound,metabolite
657255,CMI-D,53479796,compound,metabolite
657255,CMI-D,53481707,compound,metabolite
657255,CMI-D,53479588,compound,metabolite
657255,CMI-D,52922703,compound,metabolite
657255,CMI-D,53481779,compound,metabolite
657255,CMI-D,439402,compound,metabolite
657255,CMI-D,16759366,compound,metabolite
657255,CMI-D,53479483,compound,metabolite
657255,CMI-D,42607428,compound,metabolite
657255,CMI-D,131801661,compound,metabolite
657255,CMI-D,42607430,compound,metabolite
657255,CMI-D,52922252,compound,metabolite
657255,CMI-D,24778723,compound,metabolite
657255,CMI-D,1060,compound,metabolite
657255,CMI-D,10747814,compound,metabolite
657255,CMI-D,52925094,compound,metabolite
657255,CMI-D,24778688,compound,metabolite
657255,CMI-D,24778624,compound,metabolite
657255,CMI-D,46891802,compound,metabolite
657255,CMI-D,24779553,compound,metabolite
657255,CMI-D,42607457,compound,metabolite
657255,CMI-D,24778638,compound,metabolite
657255,CMI-D,44260126,compound,metabolite
657255,CMI-D,52927171,compound,metabolite
657255,CMI-D,52926490,compound,metabolite
657255,CMI-D,6473866,compound,metabolite
657255,CMI-D,24779585,compound,metabolite
657255,CMI-D,44260132,compound,metabolite
657255,CMI-D,24779297,compound,metabolite
657255,CMI-D,52927142,compound,metabolite
657255,CMI-D,52923834,compound,metabolite
657255,CMI-D,24778618,compound,metabolite
657255,CMI-D,52931223,compound,metabolite
657255,CMI-D,52922210,compound,metabolite
657255,CMI-D,24779386,compound,metabolite
657255,CMI-D,9547096,compound,metabolite
657255,CMI-D,52923894,compound,metabolite
657255,CMI-D,5280473,compound,metabolite
657255,CMI-D,24778639,compound,metabolite
657255,CMI-D,24778766,compound,metabolite
657255,CMI-D,11803170,compound,metabolite
657255,CMI-D,3082163,compound,metabolite
657255,CMI-D,52924162,compound,metabolite
657255,CMI-D,24779275,compound,metabolite
657255,CMI-D,52931207,compound,metabolite
657255,CMI-D,24779277,compound,metabolite
657255,CMI-D,5283523,compound,metabolite
657255,CMI-D,5281915,compound,metabolite
657255,CMI-D,44260125,compound,metabolite
657255,CMI-D,53478875,compound,metabolite
657255,CMI-D,52926616,compound,metabolite
657255,CMI-D,24778745,compound,metabolite
657255,CMI-D,24778627,compound,metabolite
657255,CMI-D,46891684,compound,metabolite
657255,CMI-D,5957,compound,metabolite
657255,CMI-D,53479907,compound,metabolite
657255,CMI-D,24778815,compound,metabolite
657255,CMI-D,100981287,compound,metabolite
657255,CMI-D,131742,compound,metabolite
657255,CMI-D,52923882,compound,metabolite
657255,CMI-D,6736,compound,metabolite
657255,CMI-D,53478597,compound,metabolite
657255,CMI-D,53481703,compound,metabolite
657255,CMI-D,53481755,compound,metabolite
657255,CMI-D,5283568,compound,metabolite
657255,CMI-D,5283576,compound,metabolite
657255,CMI-D,129657,compound,metabolite
657255,CMI-D,131801665,compound,metabolite
657255,CMI-D,1088,compound,metabolite
657255,CMI-D,52927148,compound,metabolite
657255,CMI-D,52925131,compound,metabolite
657255,CMI-D,24779046,compound,metabolite
657255,CMI-D,52925214,compound,metabolite
657255,CMI-D,52925127,compound,metabolite
657255,CMI-D,53479481,compound,metabolite
657255,CMI-D,9547000,compound,metabolite
657255,CMI-D,24778643,compound,metabolite
657255,CMI-D,53481767,compound,metabolite
657255,CMI-D,44260124,compound,metabolite
657255,CMI-D,52924223,compound,metabolite
657255,CMI-D,24779550,compound,metabolite
657255,CMI-D,53480484,compound,metabolite
657255,CMI-D,14057128,compound,metabolite
657255,CMI-D,131766038,compound,metabolite
657255,CMI-D,131750394,compound,metabolite
657255,CMI-D,100921659,compound,metabolite
657255,CMI-D,24778642,compound,metabolite
657255,CMI-D,44260139,compound,metabolite
657255,CMI-D,6305,compound,metabolite
657255,CMI-D,4616,compound,metabolite
657255,CMI-D,44260138,compound,metabolite
657255,CMI-D,5284616,compound,metabolite
657255,CMI-D,52931201,compound,metabolite
657255,CMI-D,131750486,compound,metabolite
657255,CMI-D,9546747,compound,metabolite
657255,CMI-D,131801657,compound,metabolite
657255,CMI-D,44260127,compound,metabolite
657255,CMI-D,439176,compound,metabolite
657255,CMI-D,99647664,compound,metabolite
657255,CMI-D,131750340,compound,metabolite
657255,CMI-D,53479159,compound,metabolite
657255,CMI-D,6137,compound,metabolite
657255,CMI-D,53478000,compound,metabolite
657255,CMI-D,53477892,compound,metabolite
657255,CMI-D,25074411,compound,metabolite
657255,CMI-D,53478643,compound,metabolite
5405,CMI-D,24779545,compound,metabolite
5405,CMI-D,52924353,compound,metabolite
5405,CMI-D,52925469,compound,metabolite
5405,CMI-D,52925985,compound,metabolite
5405,CMI-D,24778634,compound,metabolite
5405,CMI-D,24779554,compound,metabolite
5405,CMI-D,53479772,compound,metabolite
5405,CMI-D,24778898,compound,metabolite
5405,CMI-D,52925710,compound,metabolite
5405,CMI-D,52925126,compound,metabolite
5405,CMI-D,52925059,compound,metabolite
5405,CMI-D,53481751,compound,metabolite
5405,CMI-D,24778868,compound,metabolite
5405,CMI-D,24778735,compound,metabolite
5405,CMI-D,24779544,compound,metabolite
5405,CMI-D,52925155,compound,metabolite
5405,CMI-D,52924125,compound,metabolite
5405,CMI-D,52923950,compound,metabolite
5405,CMI-D,53481787,compound,metabolite
5405,CMI-D,24778715,compound,metabolite
5405,CMI-D,52924644,compound,metabolite
5405,CMI-D,46891805,compound,metabolite
5405,CMI-D,16219824,compound,metabolite
5405,CMI-D,131801660,compound,metabolite
5405,CMI-D,9547068,compound,metabolite
5405,CMI-D,53479605,compound,metabolite
5405,CMI-D,52923906,compound,metabolite
5405,CMI-D,24779052,compound,metabolite
5405,CMI-D,52923972,compound,metabolite
5405,CMI-D,52923852,compound,metabolite
5405,CMI-D,53481757,compound,metabolite
5405,CMI-D,52924152,compound,metabolite
5405,CMI-D,53481783,compound,metabolite
5405,CMI-D,52922252,compound,metabolite
5405,CMI-D,52923087,compound,metabolite
5405,CMI-D,24778625,compound,metabolite
5405,CMI-D,24779053,compound,metabolite
5405,CMI-D,52924378,compound,metabolite
5405,CMI-D,24778855,compound,metabolite
5405,CMI-D,24778699,compound,metabolite
5405,CMI-D,53481779,compound,metabolite
5405,CMI-D,52923894,compound,metabolite
5405,CMI-D,52926310,compound,metabolite
5405,CMI-D,53480355,compound,metabolite
5405,CMI-D,42607457,compound,metabolite
5405,CMI-D,52926308,compound,metabolite
5405,CMI-D,52926580,compound,metabolite
5405,CMI-D,24778624,compound,metabolite
5405,CMI-D,53479161,compound,metabolite
5405,CMI-D,52926307,compound,metabolite
5405,CMI-D,131750353,compound,metabolite
5405,CMI-D,10747814,compound,metabolite
5405,CMI-D,5283496,compound,metabolite
5405,CMI-D,52925426,compound,metabolite
5405,CMI-D,65076,compound,metabolite
5405,CMI-D,24778876,compound,metabolite
5405,CMI-D,52924162,compound,metabolite
5405,CMI-D,131801673,compound,metabolite
5405,CMI-D,131801661,compound,metabolite
5405,CMI-D,53479796,compound,metabolite
5405,CMI-D,52923896,compound,metabolite
5405,CMI-D,24779553,compound,metabolite
5405,CMI-D,9546747,compound,metabolite
5405,CMI-D,46891802,compound,metabolite
5405,CMI-D,6473866,compound,metabolite
5405,CMI-D,24779546,compound,metabolite
5405,CMI-D,24778871,compound,metabolite
5405,CMI-D,24778723,compound,metabolite
5405,CMI-D,24779585,compound,metabolite
5405,CMI-D,52923946,compound,metabolite
5405,CMI-D,44260126,compound,metabolite
5405,CMI-D,24779386,compound,metabolite
5405,CMI-D,53479907,compound,metabolite
5405,CMI-D,52926490,compound,metabolite
5405,CMI-D,5283576,compound,metabolite
5405,CMI-D,5283568,compound,metabolite
5405,CMI-D,52926604,compound,metabolite
5405,CMI-D,24778639,compound,metabolite
5405,CMI-D,52923914,compound,metabolite
5405,CMI-D,52923834,compound,metabolite
5405,CMI-D,44260139,compound,metabolite
5405,CMI-D,53478875,compound,metabolite
5405,CMI-D,24779379,compound,metabolite
5405,CMI-D,53479588,compound,metabolite
5405,CMI-D,52925127,compound,metabolite
5405,CMI-D,53481703,compound,metabolite
5405,CMI-D,11850,compound,metabolite
5405,CMI-D,24778618,compound,metabolite
5405,CMI-D,53481781,compound,metabolite
5405,CMI-D,24779275,compound,metabolite
5405,CMI-D,24778627,compound,metabolite
5405,CMI-D,24778766,compound,metabolite
5405,CMI-D,5281915,compound,metabolite
5405,CMI-D,52923882,compound,metabolite
5405,CMI-D,52925128,compound,metabolite
5405,CMI-D,52927171,compound,metabolite
5405,CMI-D,24779301,compound,metabolite
5405,CMI-D,44260132,compound,metabolite
5405,CMI-D,53479159,compound,metabolite
5405,CMI-D,18631369,compound,metabolite
5405,CMI-D,9547087,compound,metabolite
5405,CMI-D,24778745,compound,metabolite
5405,CMI-D,9939965,compound,metabolite
5405,CMI-D,44260127,compound,metabolite
5405,CMI-D,131766038,compound,metabolite
5405,CMI-D,44260125,compound,metabolite
5405,CMI-D,52925131,compound,metabolite
5405,CMI-D,44260130,compound,metabolite
5405,CMI-D,53481755,compound,metabolite
5405,CMI-D,5283572,compound,metabolite
5405,CMI-D,24779297,compound,metabolite
5405,CMI-D,101227803,compound,metabolite
5405,CMI-D,44260124,compound,metabolite
5405,CMI-D,25074411,compound,metabolite
5405,CMI-D,52931201,compound,metabolite
5405,CMI-D,131801665,compound,metabolite
5405,CMI-D,24779336,compound,metabolite
5405,CMI-D,9547167,compound,metabolite
5405,CMI-D,44260129,compound,metabolite
5405,CMI-D,131750340,compound,metabolite
5405,CMI-D,53481707,compound,metabolite
5405,CMI-D,10467,compound,metabolite
5405,CMI-D,24778642,compound,metabolite
5411,CMI-D,439402,compound,metabolite
5411,CMI-D,1088,compound,metabolite
5411,CMI-D,1123,compound,metabolite
5411,CMI-D,586,compound,metabolite
5411,CMI-D,6736,compound,metabolite
5440,CMI-D,52924644,compound,metabolite
5440,CMI-D,52924152,compound,metabolite
5440,CMI-D,24778898,compound,metabolite
5440,CMI-D,52925985,compound,metabolite
5440,CMI-D,52923950,compound,metabolite
5440,CMI-D,24779545,compound,metabolite
5440,CMI-D,24778735,compound,metabolite
5440,CMI-D,52926308,compound,metabolite
5440,CMI-D,24778634,compound,metabolite
5440,CMI-D,53481785,compound,metabolite
5440,CMI-D,53479772,compound,metabolite
5440,CMI-D,51,compound,metabolite
5440,CMI-D,52923958,compound,metabolite
5440,CMI-D,53481789,compound,metabolite
5440,CMI-D,53297342,compound,metabolite
5440,CMI-D,16219824,compound,metabolite
5440,CMI-D,24779384,compound,metabolite
5440,CMI-D,52925710,compound,metabolite
5440,CMI-D,24778868,compound,metabolite
5440,CMI-D,52924353,compound,metabolite
5440,CMI-D,52925126,compound,metabolite
5440,CMI-D,5283496,compound,metabolite
5440,CMI-D,445468,compound,metabolite
5440,CMI-D,52923972,compound,metabolite
5440,CMI-D,24778688,compound,metabolite
5440,CMI-D,12599,compound,metabolite
5440,CMI-D,52923946,compound,metabolite
5440,CMI-D,5283499,compound,metabolite
5440,CMI-D,52925065,compound,metabolite
5440,CMI-D,24778855,compound,metabolite
5440,CMI-D,52923902,compound,metabolite
5440,CMI-D,52924125,compound,metabolite
5440,CMI-D,52925469,compound,metabolite
5440,CMI-D,11146967,compound,metabolite
5440,CMI-D,52925997,compound,metabolite
5440,CMI-D,53479483,compound,metabolite
5440,CMI-D,131750353,compound,metabolite
5440,CMI-D,52923906,compound,metabolite
5440,CMI-D,439279,compound,metabolite
5440,CMI-D,53481783,compound,metabolite
5440,CMI-D,24779554,compound,metabolite
5440,CMI-D,53479547,compound,metabolite
5440,CMI-D,53481777,compound,metabolite
5440,CMI-D,42607430,compound,metabolite
5440,CMI-D,1060,compound,metabolite
5440,CMI-D,24778876,compound,metabolite
5440,CMI-D,6083,compound,metabolite
5440,CMI-D,24778715,compound,metabolite
5440,CMI-D,53481751,compound,metabolite
5440,CMI-D,9543989,compound,metabolite
5440,CMI-D,53479161,compound,metabolite
5440,CMI-D,11850,compound,metabolite
5440,CMI-D,53481787,compound,metabolite
5440,CMI-D,52925059,compound,metabolite
5440,CMI-D,131801673,compound,metabolite
5440,CMI-D,16759366,compound,metabolite
5440,CMI-D,24778871,compound,metabolite
5440,CMI-D,1088,compound,metabolite
5440,CMI-D,52922703,compound,metabolite
5440,CMI-D,46891805,compound,metabolite
5440,CMI-D,24778723,compound,metabolite
5440,CMI-D,52922252,compound,metabolite
5440,CMI-D,53481707,compound,metabolite
5440,CMI-D,52924162,compound,metabolite
5440,CMI-D,6030,compound,metabolite
5440,CMI-D,9547087,compound,metabolite
5440,CMI-D,24778638,compound,metabolite
5440,CMI-D,131801661,compound,metabolite
5440,CMI-D,52925094,compound,metabolite
5440,CMI-D,24779379,compound,metabolite
5440,CMI-D,52923914,compound,metabolite
5440,CMI-D,750,compound,metabolite
5440,CMI-D,42607457,compound,metabolite
5440,CMI-D,52922210,compound,metabolite
5440,CMI-D,53479588,compound,metabolite
5440,CMI-D,52923852,compound,metabolite
5440,CMI-D,5283523,compound,metabolite
5440,CMI-D,52925155,compound,metabolite
5440,CMI-D,52923894,compound,metabolite
5440,CMI-D,24779053,compound,metabolite
5440,CMI-D,24779585,compound,metabolite
5440,CMI-D,971,compound,metabolite
5440,CMI-D,439402,compound,metabolite
5440,CMI-D,24778624,compound,metabolite
5440,CMI-D,11803170,compound,metabolite
5440,CMI-D,42607428,compound,metabolite
5440,CMI-D,24778618,compound,metabolite
5440,CMI-D,53478875,compound,metabolite
5440,CMI-D,52923896,compound,metabolite
5440,CMI-D,52925426,compound,metabolite
5440,CMI-D,5957,compound,metabolite
5440,CMI-D,131801660,compound,metabolite
5440,CMI-D,446066,compound,metabolite
5440,CMI-D,44260126,compound,metabolite
5440,CMI-D,9547096,compound,metabolite
5440,CMI-D,53479796,compound,metabolite
5440,CMI-D,145742,compound,metabolite
5440,CMI-D,24779341,compound,metabolite
5440,CMI-D,24778815,compound,metabolite
5440,CMI-D,44260130,compound,metabolite
5440,CMI-D,53481779,compound,metabolite
5440,CMI-D,24779275,compound,metabolite
5440,CMI-D,100981287,compound,metabolite
5440,CMI-D,190,compound,metabolite
5440,CMI-D,24779301,compound,metabolite
5440,CMI-D,3082163,compound,metabolite
5440,CMI-D,24778625,compound,metabolite
5440,CMI-D,44260132,compound,metabolite
5440,CMI-D,440728,compound,metabolite
5440,CMI-D,24779277,compound,metabolite
5440,CMI-D,24778766,compound,metabolite
5440,CMI-D,53481755,compound,metabolite
5440,CMI-D,445063,compound,metabolite
5440,CMI-D,52924223,compound,metabolite
5440,CMI-D,24778643,compound,metabolite
5440,CMI-D,10747814,compound,metabolite
5440,CMI-D,52924378,compound,metabolite
5440,CMI-D,44260125,compound,metabolite
5440,CMI-D,52931223,compound,metabolite
5440,CMI-D,131742,compound,metabolite
5440,CMI-D,129657,compound,metabolite
5440,CMI-D,46891684,compound,metabolite
5440,CMI-D,53481781,compound,metabolite
5440,CMI-D,24779046,compound,metabolite
5440,CMI-D,753,compound,metabolite
5440,CMI-D,5280473,compound,metabolite
5440,CMI-D,24778627,compound,metabolite
5440,CMI-D,24778745,compound,metabolite
5440,CMI-D,44260139,compound,metabolite
5440,CMI-D,9546747,compound,metabolite
5440,CMI-D,18631369,compound,metabolite
5440,CMI-D,52931207,compound,metabolite
5440,CMI-D,984,compound,metabolite
5440,CMI-D,24778881,compound,metabolite
5440,CMI-D,52923834,compound,metabolite
5440,CMI-D,9939965,compound,metabolite
5440,CMI-D,52925128,compound,metabolite
5440,CMI-D,24779336,compound,metabolite
5440,CMI-D,52923882,compound,metabolite
5440,CMI-D,24778880,compound,metabolite
5440,CMI-D,53479159,compound,metabolite
5440,CMI-D,9547000,compound,metabolite
5440,CMI-D,44260129,compound,metabolite
5440,CMI-D,5281915,compound,metabolite
5440,CMI-D,7680,compound,metabolite
5440,CMI-D,53481753,compound,metabolite
5440,CMI-D,131766038,compound,metabolite
5440,CMI-D,131801665,compound,metabolite
5440,CMI-D,44260127,compound,metabolite
5440,CMI-D,439213,compound,metabolite
5440,CMI-D,100921659,compound,metabolite
3081361,CMI-D,52926308,compound,metabolite
3081361,CMI-D,52924644,compound,metabolite
3081361,CMI-D,446440,compound,metabolite
3081361,CMI-D,51,compound,metabolite
3081361,CMI-D,5289145,compound,metabolite
3081361,CMI-D,24779554,compound,metabolite
3081361,CMI-D,12599,compound,metabolite
3081361,CMI-D,52925710,compound,metabolite
3081361,CMI-D,52924152,compound,metabolite
3081361,CMI-D,52925126,compound,metabolite
3081361,CMI-D,53481785,compound,metabolite
3081361,CMI-D,52923950,compound,metabolite
3081361,CMI-D,24778634,compound,metabolite
3081361,CMI-D,52923958,compound,metabolite
3081361,CMI-D,439279,compound,metabolite
3081361,CMI-D,53479605,compound,metabolite
3081361,CMI-D,52925059,compound,metabolite
3081361,CMI-D,53481789,compound,metabolite
3081361,CMI-D,24779384,compound,metabolite
3081361,CMI-D,24778898,compound,metabolite
3081361,CMI-D,11850,compound,metabolite
3081361,CMI-D,24779551,compound,metabolite
3081361,CMI-D,52927141,compound,metabolite
3081361,CMI-D,24778735,compound,metabolite
3081361,CMI-D,24778868,compound,metabolite
3081361,CMI-D,52924353,compound,metabolite
3081361,CMI-D,53479772,compound,metabolite
3081361,CMI-D,52922252,compound,metabolite
3081361,CMI-D,750,compound,metabolite
3081361,CMI-D,5283496,compound,metabolite
3081361,CMI-D,6083,compound,metabolite
3081361,CMI-D,52923946,compound,metabolite
3081361,CMI-D,1088,compound,metabolite
3081361,CMI-D,52923972,compound,metabolite
3081361,CMI-D,52923906,compound,metabolite
3081361,CMI-D,52924125,compound,metabolite
3081361,CMI-D,42607457,compound,metabolite
3081361,CMI-D,6267,compound,metabolite
3081361,CMI-D,439402,compound,metabolite
3081361,CMI-D,6030,compound,metabolite
3081361,CMI-D,52925065,compound,metabolite
3081361,CMI-D,53481777,compound,metabolite
3081361,CMI-D,11146967,compound,metabolite
3081361,CMI-D,971,compound,metabolite
3081361,CMI-D,131801660,compound,metabolite
3081361,CMI-D,185698,compound,metabolite
3081361,CMI-D,131801661,compound,metabolite
3081361,CMI-D,145742,compound,metabolite
3081361,CMI-D,52922210,compound,metabolite
3081361,CMI-D,2094,compound,metabolite
3081361,CMI-D,24779585,compound,metabolite
3081361,CMI-D,53479588,compound,metabolite
3081361,CMI-D,444972,compound,metabolite
3081361,CMI-D,24779546,compound,metabolite
3081361,CMI-D,52923896,compound,metabolite
3081361,CMI-D,7680,compound,metabolite
3081361,CMI-D,52923902,compound,metabolite
3081361,CMI-D,6305,compound,metabolite
3081361,CMI-D,53479796,compound,metabolite
3081361,CMI-D,811,compound,metabolite
3081361,CMI-D,52926310,compound,metabolite
3081361,CMI-D,52924223,compound,metabolite
3081361,CMI-D,5283523,compound,metabolite
3081361,CMI-D,190,compound,metabolite
3081361,CMI-D,52924162,compound,metabolite
3081361,CMI-D,24778625,compound,metabolite
3081361,CMI-D,24778624,compound,metabolite
3081361,CMI-D,445063,compound,metabolite
3081361,CMI-D,586,compound,metabolite
3081361,CMI-D,105024,compound,metabolite
3081361,CMI-D,52925094,compound,metabolite
3081361,CMI-D,53481707,compound,metabolite
3081361,CMI-D,5957,compound,metabolite
3081361,CMI-D,3013625,compound,metabolite
3081361,CMI-D,52926307,compound,metabolite
3081361,CMI-D,44260139,compound,metabolite
3081361,CMI-D,24778723,compound,metabolite
3081361,CMI-D,24778688,compound,metabolite
3081361,CMI-D,2724333,compound,metabolite
3081361,CMI-D,52925128,compound,metabolite
3081361,CMI-D,24779379,compound,metabolite
3081361,CMI-D,9543989,compound,metabolite
3081361,CMI-D,16759366,compound,metabolite
3081361,CMI-D,11803170,compound,metabolite
3081361,CMI-D,24778638,compound,metabolite
3081361,CMI-D,24778639,compound,metabolite
3081361,CMI-D,53481781,compound,metabolite
3081361,CMI-D,65076,compound,metabolite
3081361,CMI-D,439286,compound,metabolite
3081361,CMI-D,52923914,compound,metabolite
3081361,CMI-D,24778766,compound,metabolite
3081361,CMI-D,53479907,compound,metabolite
3081361,CMI-D,1123,compound,metabolite
3081361,CMI-D,24906333,compound,metabolite
3081361,CMI-D,6274,compound,metabolite
3081361,CMI-D,440728,compound,metabolite
3081361,CMI-D,6736,compound,metabolite
3081361,CMI-D,11433862,compound,metabolite
3081361,CMI-D,44260130,compound,metabolite
3081361,CMI-D,52923882,compound,metabolite
3081361,CMI-D,42607430,compound,metabolite
3081361,CMI-D,10972,compound,metabolite
3081361,CMI-D,9547096,compound,metabolite
3081361,CMI-D,24778618,compound,metabolite
3081361,CMI-D,53481703,compound,metabolite
3081361,CMI-D,18631369,compound,metabolite
3081361,CMI-D,53478875,compound,metabolite
3081361,CMI-D,1174,compound,metabolite
3081361,CMI-D,164735,compound,metabolite
3081361,CMI-D,24778815,compound,metabolite
3081361,CMI-D,83944,compound,metabolite
3081361,CMI-D,9547167,compound,metabolite
3081361,CMI-D,64969,compound,metabolite
3081361,CMI-D,24778627,compound,metabolite
3081361,CMI-D,6057,compound,metabolite
3081361,CMI-D,6137,compound,metabolite
3081361,CMI-D,439756,compound,metabolite
3081361,CMI-D,1054,compound,metabolite
3081361,CMI-D,6287,compound,metabolite
3081361,CMI-D,43,compound,metabolite
3081361,CMI-D,24778643,compound,metabolite
3081361,CMI-D,6288,compound,metabolite
3081361,CMI-D,24779341,compound,metabolite
3081361,CMI-D,11953879,compound,metabolite
3081361,CMI-D,46891684,compound,metabolite
3081361,CMI-D,115255,compound,metabolite
3081361,CMI-D,25074411,compound,metabolite
3081361,CMI-D,305,compound,metabolite
3081361,CMI-D,5951,compound,metabolite
3081361,CMI-D,44260124,compound,metabolite
5311,CMI-D,52925985,compound,metabolite
5311,CMI-D,445468,compound,metabolite
5311,CMI-D,52924644,compound,metabolite
5311,CMI-D,52923950,compound,metabolite
5311,CMI-D,51,compound,metabolite
5311,CMI-D,24778868,compound,metabolite
5311,CMI-D,53479772,compound,metabolite
5311,CMI-D,24778688,compound,metabolite
5311,CMI-D,52925469,compound,metabolite
5311,CMI-D,52924152,compound,metabolite
5311,CMI-D,52926308,compound,metabolite
5311,CMI-D,53481785,compound,metabolite
5311,CMI-D,5283499,compound,metabolite
5311,CMI-D,53479547,compound,metabolite
5311,CMI-D,53481789,compound,metabolite
5311,CMI-D,24779384,compound,metabolite
5311,CMI-D,52923902,compound,metabolite
5311,CMI-D,12599,compound,metabolite
5311,CMI-D,52925065,compound,metabolite
5311,CMI-D,24778634,compound,metabolite
5311,CMI-D,52923958,compound,metabolite
5311,CMI-D,53479483,compound,metabolite
5311,CMI-D,24779545,compound,metabolite
5311,CMI-D,24778715,compound,metabolite
5311,CMI-D,52927141,compound,metabolite
5311,CMI-D,16219824,compound,metabolite
5311,CMI-D,52923906,compound,metabolite
5311,CMI-D,52926580,compound,metabolite
5311,CMI-D,5289145,compound,metabolite
5311,CMI-D,24778855,compound,metabolite
5311,CMI-D,52927142,compound,metabolite
5311,CMI-D,5283496,compound,metabolite
5311,CMI-D,52924353,compound,metabolite
5311,CMI-D,52923972,compound,metabolite
5311,CMI-D,52923946,compound,metabolite
5311,CMI-D,53481751,compound,metabolite
5311,CMI-D,131750353,compound,metabolite
5311,CMI-D,11850,compound,metabolite
5311,CMI-D,24779053,compound,metabolite
5311,CMI-D,53479161,compound,metabolite
5311,CMI-D,24778766,compound,metabolite
5311,CMI-D,750,compound,metabolite
5311,CMI-D,53481787,compound,metabolite
5311,CMI-D,46891802,compound,metabolite
5311,CMI-D,24778735,compound,metabolite
5311,CMI-D,11146967,compound,metabolite
5311,CMI-D,52925997,compound,metabolite
5311,CMI-D,52924125,compound,metabolite
5311,CMI-D,53481783,compound,metabolite
5311,CMI-D,42607457,compound,metabolite
5311,CMI-D,52925059,compound,metabolite
5311,CMI-D,439279,compound,metabolite
5311,CMI-D,52925710,compound,metabolite
5311,CMI-D,52923914,compound,metabolite
5311,CMI-D,52922703,compound,metabolite
5311,CMI-D,131801673,compound,metabolite
5311,CMI-D,16759366,compound,metabolite
5311,CMI-D,9543989,compound,metabolite
5311,CMI-D,52925229,compound,metabolite
5311,CMI-D,42607430,compound,metabolite
5311,CMI-D,24779585,compound,metabolite
5311,CMI-D,42607428,compound,metabolite
5311,CMI-D,24779379,compound,metabolite
5311,CMI-D,52924162,compound,metabolite
5311,CMI-D,24778871,compound,metabolite
5311,CMI-D,53481777,compound,metabolite
5311,CMI-D,24778624,compound,metabolite
5311,CMI-D,46891805,compound,metabolite
5311,CMI-D,52924223,compound,metabolite
5311,CMI-D,53481779,compound,metabolite
5311,CMI-D,52922252,compound,metabolite
5311,CMI-D,24779275,compound,metabolite
5311,CMI-D,6030,compound,metabolite
5311,CMI-D,24779551,compound,metabolite
5311,CMI-D,439402,compound,metabolite
5311,CMI-D,145742,compound,metabolite
5311,CMI-D,53481757,compound,metabolite
5311,CMI-D,52922210,compound,metabolite
5311,CMI-D,9547096,compound,metabolite
5311,CMI-D,53481707,compound,metabolite
5311,CMI-D,5280473,compound,metabolite
5311,CMI-D,24779052,compound,metabolite
5311,CMI-D,5957,compound,metabolite
5311,CMI-D,131742,compound,metabolite
5311,CMI-D,3082163,compound,metabolite
5311,CMI-D,24778815,compound,metabolite
5311,CMI-D,44260130,compound,metabolite
5311,CMI-D,52925094,compound,metabolite
5311,CMI-D,129657,compound,metabolite
5311,CMI-D,24778723,compound,metabolite
5311,CMI-D,9547087,compound,metabolite
5311,CMI-D,52923894,compound,metabolite
5311,CMI-D,131801661,compound,metabolite
5311,CMI-D,24778618,compound,metabolite
5311,CMI-D,6267,compound,metabolite
5311,CMI-D,53481755,compound,metabolite
5311,CMI-D,52925426,compound,metabolite
5311,CMI-D,24778625,compound,metabolite
5311,CMI-D,52931207,compound,metabolite
5311,CMI-D,53479605,compound,metabolite
5311,CMI-D,444972,compound,metabolite
5311,CMI-D,53478875,compound,metabolite
5311,CMI-D,44260126,compound,metabolite
5311,CMI-D,10747814,compound,metabolite
5311,CMI-D,24778638,compound,metabolite
5311,CMI-D,24779277,compound,metabolite
5311,CMI-D,9546747,compound,metabolite
5311,CMI-D,11803170,compound,metabolite
5311,CMI-D,24778876,compound,metabolite
5311,CMI-D,24778745,compound,metabolite
5311,CMI-D,24778643,compound,metabolite
5311,CMI-D,46891684,compound,metabolite
5311,CMI-D,24778639,compound,metabolite
5311,CMI-D,53479907,compound,metabolite
5311,CMI-D,18631369,compound,metabolite
5311,CMI-D,445063,compound,metabolite
5311,CMI-D,446066,compound,metabolite
5311,CMI-D,44260124,compound,metabolite
5311,CMI-D,24778699,compound,metabolite
5311,CMI-D,440728,compound,metabolite
5311,CMI-D,44260139,compound,metabolite
5311,CMI-D,190,compound,metabolite
5311,CMI-D,24779301,compound,metabolite
5311,CMI-D,5283523,compound,metabolite
5311,CMI-D,52931223,compound,metabolite
5311,CMI-D,1123,compound,metabolite
5311,CMI-D,24779336,compound,metabolite
5311,CMI-D,24779046,compound,metabolite
5311,CMI-D,24779341,compound,metabolite
5311,CMI-D,131801665,compound,metabolite
5311,CMI-D,53479588,compound,metabolite
5311,CMI-D,52923882,compound,metabolite
5311,CMI-D,53481781,compound,metabolite
5311,CMI-D,52923896,compound,metabolite
5311,CMI-D,24778880,compound,metabolite
5311,CMI-D,164735,compound,metabolite
5311,CMI-D,53479796,compound,metabolite
5311,CMI-D,131766038,compound,metabolite
5311,CMI-D,9547000,compound,metabolite
5311,CMI-D,100921659,compound,metabolite
5311,CMI-D,9939965,compound,metabolite
5311,CMI-D,6057,compound,metabolite
5311,CMI-D,24778627,compound,metabolite
5311,CMI-D,131750338,compound,metabolite
24360,CMI-U,51,compound,metabolite
24360,CMI-U,58,compound,metabolite
24360,CMI-U,105024,compound,metabolite
24360,CMI-U,6030,compound,metabolite
24360,CMI-U,753,compound,metabolite
24360,CMI-U,12599,compound,metabolite
24360,CMI-U,439213,compound,metabolite
24360,CMI-U,5283568,compound,metabolite
24360,CMI-U,6083,compound,metabolite
24360,CMI-U,446541,compound,metabolite
24360,CMI-U,24906333,compound,metabolite
1548953,CMI-U,52927141,compound,metabolite
1548953,CMI-U,24779551,compound,metabolite
1548953,CMI-U,446440,compound,metabolite
1548953,CMI-U,5283572,compound,metabolite
1548953,CMI-U,52927174,compound,metabolite
46220502,CMI-U,5283573,compound,metabolite
46220502,CMI-U,42621273,compound,metabolite
46220502,CMI-U,53481051,compound,metabolite
46220502,CMI-U,53481047,compound,metabolite
46220502,CMI-U,5281,compound,metabolite
46220502,CMI-U,3893,compound,metabolite
46220502,CMI-U,985,compound,metabolite
46220502,CMI-U,4225619,compound,metabolite
46220502,CMI-U,638015,compound,metabolite
46220502,CMI-U,122166,compound,metabolite
46220502,CMI-U,8180,compound,metabolite
46220502,CMI-U,53478053,compound,metabolite
2090,CMI-U,53479547,compound,metabolite
2090,CMI-U,53481751,compound,metabolite
2090,CMI-U,131742,compound,metabolite
2090,CMI-U,52923972,compound,metabolite
2090,CMI-U,53481787,compound,metabolite
2090,CMI-U,52923902,compound,metabolite
2090,CMI-U,53481755,compound,metabolite
2090,CMI-U,100921659,compound,metabolite
2090,CMI-U,53479483,compound,metabolite
2090,CMI-U,24779585,compound,metabolite
2090,CMI-U,52922703,compound,metabolite
2090,CMI-U,53479161,compound,metabolite
2090,CMI-U,52931207,compound,metabolite
2090,CMI-U,24779384,compound,metabolite
2090,CMI-U,5280473,compound,metabolite
2090,CMI-U,131750394,compound,metabolite
2090,CMI-U,984,compound,metabolite
2090,CMI-U,52931223,compound,metabolite
2090,CMI-U,5282310,compound,metabolite
2090,CMI-U,24779046,compound,metabolite
2090,CMI-U,52931201,compound,metabolite
2090,CMI-U,24778868,compound,metabolite
2090,CMI-U,52923958,compound,metabolite
2090,CMI-U,52923852,compound,metabolite
2090,CMI-U,53481785,compound,metabolite
2090,CMI-U,24779053,compound,metabolite
2090,CMI-U,53481777,compound,metabolite
2090,CMI-U,131750338,compound,metabolite
2090,CMI-U,9543989,compound,metabolite
2090,CMI-U,52923906,compound,metabolite
2090,CMI-U,24778745,compound,metabolite
2090,CMI-U,53481757,compound,metabolite
2090,CMI-U,44260124,compound,metabolite
2090,CMI-U,53477951,compound,metabolite
2090,CMI-U,131801661,compound,metabolite
2090,CMI-U,53481779,compound,metabolite
2090,CMI-U,53481767,compound,metabolite
2090,CMI-U,11433862,compound,metabolite
2090,CMI-U,53481789,compound,metabolite
2090,CMI-U,44260126,compound,metabolite
2090,CMI-U,52923914,compound,metabolite
2090,CMI-U,53481791,compound,metabolite
2090,CMI-U,52923894,compound,metabolite
2090,CMI-U,44260125,compound,metabolite
2090,CMI-U,42607428,compound,metabolite
2090,CMI-U,52923834,compound,metabolite
2090,CMI-U,52926604,compound,metabolite
2090,CMI-U,24778880,compound,metabolite
2090,CMI-U,5281915,compound,metabolite
2090,CMI-U,131801659,compound,metabolite
2090,CMI-U,24779379,compound,metabolite
2090,CMI-U,24779386,compound,metabolite
2090,CMI-U,52927148,compound,metabolite
2090,CMI-U,24779297,compound,metabolite
2090,CMI-U,24778688,compound,metabolite
2090,CMI-U,46891684,compound,metabolite
2090,CMI-U,44260139,compound,metabolite
2090,CMI-U,53481781,compound,metabolite
2090,CMI-U,131750350,compound,metabolite
2090,CMI-U,18631369,compound,metabolite
2090,CMI-U,53480484,compound,metabolite
2090,CMI-U,53479159,compound,metabolite
2090,CMI-U,52924378,compound,metabolite
2090,CMI-U,1120,compound,metabolite
2090,CMI-U,24778871,compound,metabolite
2090,CMI-U,446066,compound,metabolite
2090,CMI-U,53480355,compound,metabolite
2090,CMI-U,53477892,compound,metabolite
2090,CMI-U,24779341,compound,metabolite
2090,CMI-U,52925094,compound,metabolite
2090,CMI-U,65076,compound,metabolite
2090,CMI-U,131754572,compound,metabolite
2090,CMI-U,24779277,compound,metabolite
2090,CMI-U,445580,compound,metabolite
2090,CMI-U,1123,compound,metabolite
2090,CMI-U,5284616,compound,metabolite
2090,CMI-U,53481703,compound,metabolite
2090,CMI-U,52924353,compound,metabolite
2090,CMI-U,5283454,compound,metabolite
2090,CMI-U,42607430,compound,metabolite
2090,CMI-U,52923950,compound,metabolite
2090,CMI-U,24778642,compound,metabolite
2090,CMI-U,11803170,compound,metabolite
2090,CMI-U,100981287,compound,metabolite
2090,CMI-U,24779554,compound,metabolite
2090,CMI-U,53478052,compound,metabolite
2090,CMI-U,24778815,compound,metabolite
2090,CMI-U,53481707,compound,metabolite
2090,CMI-U,24778643,compound,metabolite
5282181,CMI-U,12895035,compound,metabolite
5282181,CMI-U,160520,compound,metabolite
5282181,CMI-U,18526330,compound,metabolite
5282181,CMI-U,2094,compound,metabolite
5282181,CMI-U,323,compound,metabolite
5282181,CMI-U,53479481,compound,metabolite
5282181,CMI-U,10855600,compound,metabolite
2157,CMI-U,52927141,compound,metabolite
2157,CMI-U,24779551,compound,metabolite
2157,CMI-U,446440,compound,metabolite
2157,CMI-U,24779545,compound,metabolite
2157,CMI-U,52927174,compound,metabolite
2157,CMI-U,5283572,compound,metabolite
2157,CMI-U,52927142,compound,metabolite
2157,CMI-U,5289145,compound,metabolite
2157,CMI-U,24779553,compound,metabolite
2157,CMI-U,52926580,compound,metabolite
2157,CMI-U,5283575,compound,metabolite
2194,CMI-U,65076,compound,metabolite
2194,CMI-U,52925985,compound,metabolite
2194,CMI-U,5283499,compound,metabolite
2194,CMI-U,52924152,compound,metabolite
2194,CMI-U,52924644,compound,metabolite
2194,CMI-U,24779545,compound,metabolite
2194,CMI-U,24778868,compound,metabolite
2194,CMI-U,131750353,compound,metabolite
2194,CMI-U,24779544,compound,metabolite
2194,CMI-U,24779551,compound,metabolite
2194,CMI-U,53481751,compound,metabolite
2194,CMI-U,52925710,compound,metabolite
2194,CMI-U,52923950,compound,metabolite
2194,CMI-U,5283496,compound,metabolite
2194,CMI-U,53481789,compound,metabolite
2194,CMI-U,52923958,compound,metabolite
2194,CMI-U,52925126,compound,metabolite
2194,CMI-U,52924353,compound,metabolite
2194,CMI-U,5289145,compound,metabolite
2194,CMI-U,52925229,compound,metabolite
2194,CMI-U,53480355,compound,metabolite
2194,CMI-U,16219824,compound,metabolite
2194,CMI-U,53479605,compound,metabolite
2194,CMI-U,53479772,compound,metabolite
2194,CMI-U,24779384,compound,metabolite
2194,CMI-U,53481777,compound,metabolite
2194,CMI-U,52923906,compound,metabolite
2194,CMI-U,52922252,compound,metabolite
2194,CMI-U,24778634,compound,metabolite
2194,CMI-U,52925469,compound,metabolite
2194,CMI-U,52923946,compound,metabolite
2194,CMI-U,24778735,compound,metabolite
2194,CMI-U,24779554,compound,metabolite
2194,CMI-U,446440,compound,metabolite
2194,CMI-U,52923972,compound,metabolite
2194,CMI-U,24779585,compound,metabolite
2194,CMI-U,52924125,compound,metabolite
2194,CMI-U,24778898,compound,metabolite
2194,CMI-U,24779053,compound,metabolite
2194,CMI-U,24778699,compound,metabolite
2194,CMI-U,42607457,compound,metabolite
2194,CMI-U,53481783,compound,metabolite
2194,CMI-U,24778688,compound,metabolite
2194,CMI-U,9543989,compound,metabolite
2194,CMI-U,24779546,compound,metabolite
2194,CMI-U,53481785,compound,metabolite
2194,CMI-U,24778871,compound,metabolite
2194,CMI-U,52925059,compound,metabolite
2194,CMI-U,53479588,compound,metabolite
2194,CMI-U,11146967,compound,metabolite
2194,CMI-U,52923852,compound,metabolite
2194,CMI-U,52923914,compound,metabolite
2194,CMI-U,11803170,compound,metabolite
2194,CMI-U,42607430,compound,metabolite
2194,CMI-U,52925426,compound,metabolite
2194,CMI-U,46891805,compound,metabolite
2194,CMI-U,52923902,compound,metabolite
2194,CMI-U,53481787,compound,metabolite
2194,CMI-U,53479796,compound,metabolite
2194,CMI-U,9547087,compound,metabolite
2194,CMI-U,24779297,compound,metabolite
2194,CMI-U,52925065,compound,metabolite
2194,CMI-U,52925997,compound,metabolite
2194,CMI-U,24778638,compound,metabolite
2194,CMI-U,52923087,compound,metabolite
2194,CMI-U,10747814,compound,metabolite
2194,CMI-U,52922210,compound,metabolite
2194,CMI-U,52924223,compound,metabolite
2194,CMI-U,46891802,compound,metabolite
2194,CMI-U,16759366,compound,metabolite
2194,CMI-U,52922703,compound,metabolite
2194,CMI-U,5283523,compound,metabolite
2194,CMI-U,53479483,compound,metabolite
2194,CMI-U,131801661,compound,metabolite
2194,CMI-U,24779386,compound,metabolite
2194,CMI-U,24778715,compound,metabolite
2194,CMI-U,24779379,compound,metabolite
2194,CMI-U,24778766,compound,metabolite
2194,CMI-U,24779052,compound,metabolite
2194,CMI-U,53481707,compound,metabolite
2194,CMI-U,53478875,compound,metabolite
2194,CMI-U,52925094,compound,metabolite
2194,CMI-U,52924162,compound,metabolite
2194,CMI-U,24778876,compound,metabolite
2194,CMI-U,5280473,compound,metabolite
2194,CMI-U,53481755,compound,metabolite
2194,CMI-U,131801673,compound,metabolite
2194,CMI-U,9547096,compound,metabolite
2194,CMI-U,24778723,compound,metabolite
2194,CMI-U,446066,compound,metabolite
2194,CMI-U,52923896,compound,metabolite
2194,CMI-U,11146,compound,metabolite
2194,CMI-U,52927171,compound,metabolite
2194,CMI-U,53479907,compound,metabolite
2194,CMI-U,131766038,compound,metabolite
2194,CMI-U,131742,compound,metabolite
2194,CMI-U,439273,compound,metabolite
2194,CMI-U,24778643,compound,metabolite
2194,CMI-U,53481703,compound,metabolite
2194,CMI-U,52931207,compound,metabolite
2194,CMI-U,24778639,compound,metabolite
2194,CMI-U,9546747,compound,metabolite
2194,CMI-U,52923894,compound,metabolite
2194,CMI-U,24778625,compound,metabolite
2194,CMI-U,24778624,compound,metabolite
2194,CMI-U,131750340,compound,metabolite
2194,CMI-U,53481779,compound,metabolite
2194,CMI-U,53481757,compound,metabolite
2194,CMI-U,5281915,compound,metabolite
2194,CMI-U,46891684,compound,metabolite
2194,CMI-U,44260139,compound,metabolite
2194,CMI-U,52923834,compound,metabolite
2194,CMI-U,24779277,compound,metabolite
2194,CMI-U,53478597,compound,metabolite
2194,CMI-U,52925128,compound,metabolite
2194,CMI-U,52924378,compound,metabolite
2194,CMI-U,24778618,compound,metabolite
2194,CMI-U,52926490,compound,metabolite
2194,CMI-U,24778880,compound,metabolite
2194,CMI-U,24778815,compound,metabolite
2194,CMI-U,24779553,compound,metabolite
2194,CMI-U,18631369,compound,metabolite
2194,CMI-U,24779275,compound,metabolite
2194,CMI-U,53481781,compound,metabolite
2194,CMI-U,3082163,compound,metabolite
2194,CMI-U,24779341,compound,metabolite
2194,CMI-U,24778642,compound,metabolite
2194,CMI-U,100981287,compound,metabolite
2194,CMI-U,24779301,compound,metabolite
2194,CMI-U,24778745,compound,metabolite
2194,CMI-U,11433862,compound,metabolite
2194,CMI-U,52923882,compound,metabolite
2194,CMI-U,129657,compound,metabolite
2194,CMI-U,24778627,compound,metabolite
2194,CMI-U,193536,compound,metabolite
2194,CMI-U,131801665,compound,metabolite
2194,CMI-U,131750486,compound,metabolite
2194,CMI-U,587,compound,metabolite
2194,CMI-U,14057128,compound,metabolite
2194,CMI-U,24779046,compound,metabolite
2194,CMI-U,52926616,compound,metabolite
5328940,CMI-U,5283572,compound,metabolite
5328940,CMI-U,131766702,compound,metabolite
5328940,CMI-U,53477976,compound,metabolite
5328940,CMI-U,5280489,compound,metabolite
5328940,CMI-U,199,compound,metabolite
2564,CMI-U,1085,compound,metabolite
2564,CMI-U,53480650,compound,metabolite
2564,CMI-U,131801661,compound,metabolite
2564,CMI-U,53481051,compound,metabolite
2564,CMI-U,53481047,compound,metabolite
2564,CMI-U,5283572,compound,metabolite
6918155,CMI-U,440659,compound,metabolite
6918155,CMI-U,52927171,compound,metabolite
6918155,CMI-U,52926580,compound,metabolite
6918155,CMI-U,108063,compound,metabolite
6918155,CMI-U,24778699,compound,metabolite
6918155,CMI-U,24779297,compound,metabolite
6918155,CMI-U,52926307,compound,metabolite
6918155,CMI-U,162976,compound,metabolite
6918155,CMI-U,445638,compound,metabolite
6918155,CMI-U,52926616,compound,metabolite
6918155,CMI-U,53480484,compound,metabolite
6918155,CMI-U,42621273,compound,metabolite
6918155,CMI-U,52926310,compound,metabolite
6918155,CMI-U,24779550,compound,metabolite
6918155,CMI-U,52927142,compound,metabolite
6918155,CMI-U,52927141,compound,metabolite
6918155,CMI-U,53477964,compound,metabolite
6918155,CMI-U,52923902,compound,metabolite
6918155,CMI-U,53481783,compound,metabolite
6918155,CMI-U,52925065,compound,metabolite
6918155,CMI-U,52926661,compound,metabolite
6918155,CMI-U,13828666,compound,metabolite
6918155,CMI-U,53480355,compound,metabolite
6918155,CMI-U,52923906,compound,metabolite
6918155,CMI-U,52925214,compound,metabolite
6918155,CMI-U,445468,compound,metabolite
6918155,CMI-U,131753617,compound,metabolite
6918155,CMI-U,440560,compound,metabolite
6918155,CMI-U,445580,compound,metabolite
6918155,CMI-U,5280473,compound,metabolite
6918155,CMI-U,441301,compound,metabolite
6918155,CMI-U,24779544,compound,metabolite
6918155,CMI-U,445639,compound,metabolite
6918155,CMI-U,446066,compound,metabolite
6918155,CMI-U,46891802,compound,metabolite
6918155,CMI-U,24778880,compound,metabolite
6918155,CMI-U,24778625,compound,metabolite
6918155,CMI-U,5988,compound,metabolite
6918155,CMI-U,53479772,compound,metabolite
6918155,CMI-U,42607428,compound,metabolite
6918155,CMI-U,479,compound,metabolite
6918155,CMI-U,52926490,compound,metabolite
6918155,CMI-U,9547068,compound,metabolite
6918155,CMI-U,52924353,compound,metabolite
6918155,CMI-U,5283575,compound,metabolite
6918155,CMI-U,53481755,compound,metabolite
6918155,CMI-U,5283568,compound,metabolite
6918155,CMI-U,246520,compound,metabolite
6918155,CMI-U,52925426,compound,metabolite
6918155,CMI-U,24779554,compound,metabolite
6918155,CMI-U,131764739,compound,metabolite
6918155,CMI-U,24779546,compound,metabolite
6918155,CMI-U,129657,compound,metabolite
6918155,CMI-U,53477801,compound,metabolite
6918155,CMI-U,131801665,compound,metabolite
6918155,CMI-U,52926308,compound,metabolite
6918155,CMI-U,131750529,compound,metabolite
6918155,CMI-U,14181,compound,metabolite
6918155,CMI-U,24779379,compound,metabolite
6918155,CMI-U,131801673,compound,metabolite
6918155,CMI-U,24778634,compound,metabolite
6918155,CMI-U,24779553,compound,metabolite
6918155,CMI-U,52926604,compound,metabolite
6918155,CMI-U,15560610,compound,metabolite
6918155,CMI-U,24778688,compound,metabolite
6918155,CMI-U,24778639,compound,metabolite
6918155,CMI-U,52925229,compound,metabolite
6918155,CMI-U,52925710,compound,metabolite
6918155,CMI-U,53479588,compound,metabolite
6918155,CMI-U,5282310,compound,metabolite
6918155,CMI-U,11803170,compound,metabolite
6918155,CMI-U,52925469,compound,metabolite
6918155,CMI-U,123409,compound,metabolite
6918155,CMI-U,446440,compound,metabolite
6918155,CMI-U,222786,compound,metabolite
6918155,CMI-U,53477963,compound,metabolite
6918155,CMI-U,53479605,compound,metabolite
6918155,CMI-U,53477785,compound,metabolite
6918155,CMI-U,53478597,compound,metabolite
6918155,CMI-U,9547000,compound,metabolite
6918155,CMI-U,53481787,compound,metabolite
6918155,CMI-U,42607430,compound,metabolite
6918155,CMI-U,12599,compound,metabolite
6918155,CMI-U,131754197,compound,metabolite
6918155,CMI-U,5280450,compound,metabolite
6918155,CMI-U,52927174,compound,metabolite
6918155,CMI-U,52923834,compound,metabolite
6918155,CMI-U,3082163,compound,metabolite
6918155,CMI-U,5991,compound,metabolite
6918155,CMI-U,131801988,compound,metabolite
6918155,CMI-U,52925997,compound,metabolite
6918155,CMI-U,115254,compound,metabolite
6918155,CMI-U,5283496,compound,metabolite
6918155,CMI-U,53480922,compound,metabolite
6918155,CMI-U,52924223,compound,metabolite
6918155,CMI-U,444899,compound,metabolite
6918155,CMI-U,446284,compound,metabolite
6918155,CMI-U,264,compound,metabolite
6918155,CMI-U,131755698,compound,metabolite
156419,CMI-U,24779551,compound,metabolite
156419,CMI-U,52927141,compound,metabolite
156419,CMI-U,52927142,compound,metabolite
156419,CMI-U,52927174,compound,metabolite
156419,CMI-U,5283572,compound,metabolite
156419,CMI-U,5283575,compound,metabolite
156419,CMI-U,52926310,compound,metabolite
156419,CMI-U,53481787,compound,metabolite
156419,CMI-U,44260126,compound,metabolite
156419,CMI-U,53480924,compound,metabolite
156419,CMI-U,5283576,compound,metabolite
156419,CMI-U,131801660,compound,metabolite
156419,CMI-U,9547068,compound,metabolite
156419,CMI-U,24779553,compound,metabolite
156419,CMI-U,52926604,compound,metabolite
156419,CMI-U,5283577,compound,metabolite
156419,CMI-U,52931223,compound,metabolite
156419,CMI-U,99647664,compound,metabolite
156419,CMI-U,52926308,compound,metabolite
156419,CMI-U,24779336,compound,metabolite
156419,CMI-U,53480964,compound,metabolite
156419,CMI-U,24779550,compound,metabolite
156419,CMI-U,52927148,compound,metabolite
156419,CMI-U,10255824,compound,metabolite
156419,CMI-U,5283573,compound,metabolite
156419,CMI-U,5284616,compound,metabolite
156419,CMI-U,131766702,compound,metabolite
156419,CMI-U,101227803,compound,metabolite
156419,CMI-U,13734178,compound,metabolite
156419,CMI-U,4075,compound,metabolite
156419,CMI-U,52931201,compound,metabolite
156419,CMI-U,52925131,compound,metabolite
156419,CMI-U,53477794,compound,metabolite
156419,CMI-U,222865,compound,metabolite
156419,CMI-U,52926490,compound,metabolite
156419,CMI-U,18526330,compound,metabolite
156419,CMI-U,131801991,compound,metabolite
156419,CMI-U,52926661,compound,metabolite
156419,CMI-U,131750350,compound,metabolite
156419,CMI-U,52923085,compound,metabolite
156419,CMI-U,52925155,compound,metabolite
156419,CMI-U,9543971,compound,metabolite
156419,CMI-U,5280592,compound,metabolite
156419,CMI-U,131754572,compound,metabolite
156419,CMI-U,440560,compound,metabolite
156419,CMI-U,131750607,compound,metabolite
156419,CMI-U,53479159,compound,metabolite
156419,CMI-U,131750394,compound,metabolite
156419,CMI-U,131750378,compound,metabolite
156419,CMI-U,13267935,compound,metabolite
156419,CMI-U,6675,compound,metabolite
156419,CMI-U,102242320,compound,metabolite
156419,CMI-U,321,compound,metabolite
156419,CMI-U,644245,compound,metabolite
156419,CMI-U,53478083,compound,metabolite
156419,CMI-U,5283574,compound,metabolite
156419,CMI-U,24779301,compound,metabolite
156419,CMI-U,8180,compound,metabolite
156419,CMI-U,26934,compound,metabolite
156419,CMI-U,10386463,compound,metabolite
156419,CMI-U,53480484,compound,metabolite
156419,CMI-U,131766308,compound,metabolite
156419,CMI-U,159663,compound,metabolite
156419,CMI-U,129,compound,metabolite
156419,CMI-U,53480447,compound,metabolite
156419,CMI-U,52925214,compound,metabolite
156419,CMI-U,247304,compound,metabolite
156419,CMI-U,8094,compound,metabolite
156419,CMI-U,53477785,compound,metabolite
156419,CMI-U,131756291,compound,metabolite
156419,CMI-U,53480140,compound,metabolite
156419,CMI-U,2969,compound,metabolite
156419,CMI-U,11660820,compound,metabolite
156419,CMI-U,9547243,compound,metabolite
156419,CMI-U,3776,compound,metabolite
156419,CMI-U,53480966,compound,metabolite
156419,CMI-U,446541,compound,metabolite
156419,CMI-U,131753887,compound,metabolite
156419,CMI-U,545588,compound,metabolite
156419,CMI-U,11646044,compound,metabolite
156419,CMI-U,131753617,compound,metabolite
156419,CMI-U,53477894,compound,metabolite
156419,CMI-U,101788,compound,metabolite
156419,CMI-U,10467,compound,metabolite
156419,CMI-U,5757,compound,metabolite
156419,CMI-U,11954043,compound,metabolite
156419,CMI-U,11141754,compound,metabolite
156419,CMI-U,10957631,compound,metabolite
156419,CMI-U,53480959,compound,metabolite
156419,CMI-U,443076,compound,metabolite
156419,CMI-U,192735,compound,metabolite
156419,CMI-U,441301,compound,metabolite
156419,CMI-U,131750410,compound,metabolite
156419,CMI-U,5365676,compound,metabolite
156419,CMI-U,53480011,compound,metabolite
156419,CMI-U,131801712,compound,metabolite
156419,CMI-U,131750633,compound,metabolite
156419,CMI-U,102030,compound,metabolite
156419,CMI-U,42621273,compound,metabolite
156419,CMI-U,53480922,compound,metabolite
156419,CMI-U,131750341,compound,metabolite
156419,CMI-U,387316,compound,metabolite
156419,CMI-U,12178130,compound,metabolite
156419,CMI-U,22295536,compound,metabolite
156419,CMI-U,131750367,compound,metabolite
156419,CMI-U,101758459,compound,metabolite
156419,CMI-U,5356421,compound,metabolite
156419,CMI-U,131750346,compound,metabolite
156419,CMI-U,5280883,compound,metabolite
156419,CMI-U,104896,compound,metabolite
156419,CMI-U,1176,compound,metabolite
156419,CMI-U,5282310,compound,metabolite
156419,CMI-U,446284,compound,metabolite
156419,CMI-U,440624,compound,metabolite
156419,CMI-U,46896303,compound,metabolite
156419,CMI-U,44260127,compound,metabolite
156419,CMI-U,1179,compound,metabolite
156419,CMI-U,4462,compound,metabolite
156419,CMI-U,444899,compound,metabolite
156419,CMI-U,6917715,compound,metabolite
156419,CMI-U,3348,compound,metabolite
156419,CMI-U,123929,compound,metabolite
156419,CMI-U,6912,compound,metabolite
156419,CMI-U,131750344,compound,metabolite
156419,CMI-U,6443809,compound,metabolite
156419,CMI-U,131757489,compound,metabolite
156419,CMI-U,53480970,compound,metabolite
156419,CMI-U,5280383,compound,metabolite
156419,CMI-U,131750620,compound,metabolite
156419,CMI-U,445049,compound,metabolite
156419,CMI-U,5281915,compound,metabolite
156419,CMI-U,5312508,compound,metabolite
156419,CMI-U,4225619,compound,metabolite
156419,CMI-U,53477950,compound,metabolite
156419,CMI-U,10296,compound,metabolite
156419,CMI-U,8955,compound,metabolite
156419,CMI-U,53480968,compound,metabolite
156419,CMI-U,13849,compound,metabolite
156419,CMI-U,108192,compound,metabolite
156419,CMI-U,53480449,compound,metabolite
156419,CMI-U,83814,compound,metabolite
156419,CMI-U,444795,compound,metabolite
156419,CMI-U,11954058,compound,metabolite
156419,CMI-U,131281,compound,metabolite
156419,CMI-U,756,compound,metabolite
156419,CMI-U,131750338,compound,metabolite
156419,CMI-U,11222,compound,metabolite
156419,CMI-U,53480012,compound,metabolite
156419,CMI-U,24778881,compound,metabolite
156419,CMI-U,101771,compound,metabolite
156419,CMI-U,46879024,compound,metabolite
156419,CMI-U,5280878,compound,metabolite
156419,CMI-U,5281877,compound,metabolite
156419,CMI-U,5282283,compound,metabolite
156419,CMI-U,53478598,compound,metabolite
156419,CMI-U,131753647,compound,metabolite
156419,CMI-U,52926616,compound,metabolite
156419,CMI-U,92746,compound,metabolite
156419,CMI-U,21252318,compound,metabolite
156419,CMI-U,1050,compound,metabolite
156419,CMI-U,131757036,compound,metabolite
156419,CMI-U,3531157,compound,metabolite
156419,CMI-U,7991,compound,metabolite
156419,CMI-U,131755260,compound,metabolite
156419,CMI-U,12530,compound,metabolite
156419,CMI-U,151020,compound,metabolite
156419,CMI-U,5283137,compound,metabolite
156419,CMI-U,1256,compound,metabolite
156419,CMI-U,9547634,compound,metabolite
156419,CMI-U,131750721,compound,metabolite
156419,CMI-U,131757010,compound,metabolite
156419,CMI-U,5994,compound,metabolite
156419,CMI-U,53481047,compound,metabolite
156419,CMI-U,5283142,compound,metabolite
156419,CMI-U,53480139,compound,metabolite
156419,CMI-U,52925150,compound,metabolite
156419,CMI-U,6128,compound,metabolite
156419,CMI-U,681,compound,metabolite
156419,CMI-U,5283344,compound,metabolite
156419,CMI-U,53481791,compound,metabolite
156419,CMI-U,247020,compound,metabolite
156419,CMI-U,131750486,compound,metabolite
156419,CMI-U,454,compound,metabolite
156419,CMI-U,5280352,compound,metabolite
156419,CMI-U,53480456,compound,metabolite
156419,CMI-U,454064,compound,metabolite
156419,CMI-U,8892,compound,metabolite
156419,CMI-U,5283389,compound,metabolite
156419,CMI-U,788,compound,metabolite
156419,CMI-U,131750376,compound,metabolite
156419,CMI-U,131750418,compound,metabolite
156419,CMI-U,1120,compound,metabolite
156419,CMI-U,53477893,compound,metabolite
156419,CMI-U,131753857,compound,metabolite
156419,CMI-U,122356,compound,metabolite
5282493,CMI-U,444514,compound,metabolite
5282493,CMI-U,5280493,compound,metabolite
5282493,CMI-U,10255824,compound,metabolite
5282493,CMI-U,5280878,compound,metabolite
5282493,CMI-U,5280352,compound,metabolite
5282493,CMI-U,445468,compound,metabolite
5282493,CMI-U,53479605,compound,metabolite
5282493,CMI-U,52925229,compound,metabolite
5282493,CMI-U,5283496,compound,metabolite
5282493,CMI-U,3531157,compound,metabolite
5282493,CMI-U,52924125,compound,metabolite
5282493,CMI-U,52925059,compound,metabolite
5282493,CMI-U,160706,compound,metabolite
5282493,CMI-U,5283499,compound,metabolite
5282493,CMI-U,53481777,compound,metabolite
5282493,CMI-U,52924644,compound,metabolite
5282493,CMI-U,24779544,compound,metabolite
5282493,CMI-U,122347,compound,metabolite
5282493,CMI-U,52924223,compound,metabolite
5282493,CMI-U,9547000,compound,metabolite
5282493,CMI-U,11146967,compound,metabolite
5282493,CMI-U,52922252,compound,metabolite
5282493,CMI-U,53481779,compound,metabolite
5282493,CMI-U,52925126,compound,metabolite
5282493,CMI-U,53481787,compound,metabolite
5282493,CMI-U,131801661,compound,metabolite
5282493,CMI-U,53480650,compound,metabolite
5282493,CMI-U,9546747,compound,metabolite
5282493,CMI-U,52931207,compound,metabolite
5282493,CMI-U,24779384,compound,metabolite
5282493,CMI-U,24778625,compound,metabolite
5282493,CMI-U,52924353,compound,metabolite
5282493,CMI-U,24779275,compound,metabolite
5282493,CMI-U,46891805,compound,metabolite
5282493,CMI-U,52923882,compound,metabolite
5282493,CMI-U,52925127,compound,metabolite
5282493,CMI-U,52927171,compound,metabolite
5282493,CMI-U,46891802,compound,metabolite
5282493,CMI-U,53479588,compound,metabolite
5282493,CMI-U,42607457,compound,metabolite
5282493,CMI-U,52926307,compound,metabolite
5282493,CMI-U,24779277,compound,metabolite
5282493,CMI-U,52925128,compound,metabolite
5282493,CMI-U,52922210,compound,metabolite
5282493,CMI-U,11433862,compound,metabolite
5282493,CMI-U,52923946,compound,metabolite
5282493,CMI-U,131750378,compound,metabolite
5282493,CMI-U,10747814,compound,metabolite
5282493,CMI-U,53481703,compound,metabolite
5282493,CMI-U,52931115,compound,metabolite
5282493,CMI-U,53481707,compound,metabolite
5282493,CMI-U,52923906,compound,metabolite
5282493,CMI-U,131753238,compound,metabolite
5282493,CMI-U,53481781,compound,metabolite
5282493,CMI-U,131753638,compound,metabolite
5282493,CMI-U,52924162,compound,metabolite
5282493,CMI-U,52923894,compound,metabolite
5282493,CMI-U,24778624,compound,metabolite
5282493,CMI-U,6473866,compound,metabolite
5282493,CMI-U,545606,compound,metabolite
5282493,CMI-U,24778627,compound,metabolite
5282493,CMI-U,52931201,compound,metabolite
5282493,CMI-U,24778723,compound,metabolite
5282493,CMI-U,52926616,compound,metabolite
5282493,CMI-U,24779386,compound,metabolite
2794,CMI-U,6083,compound,metabolite
2794,CMI-U,5281969,compound,metabolite
208898,CMI-U,91486,compound,metabolite
208898,CMI-U,53477957,compound,metabolite
208898,CMI-U,53480650,compound,metabolite
3280,CMI-U,53481047,compound,metabolite
3280,CMI-U,5283573,compound,metabolite
3280,CMI-U,11850,compound,metabolite
3280,CMI-U,5283570,compound,metabolite
3280,CMI-U,6262,compound,metabolite
3280,CMI-U,53481051,compound,metabolite
3280,CMI-U,1085,compound,metabolite
3280,CMI-U,6322,compound,metabolite
3280,CMI-U,131801661,compound,metabolite
3280,CMI-U,5962,compound,metabolite
3280,CMI-U,122347,compound,metabolite
3280,CMI-U,10855600,compound,metabolite
3280,CMI-U,5283577,compound,metabolite
3280,CMI-U,644245,compound,metabolite
3280,CMI-U,9305,compound,metabolite
193962,CMI-U,131801661,compound,metabolite
193962,CMI-U,44260139,compound,metabolite
193962,CMI-U,52924152,compound,metabolite
193962,CMI-U,65076,compound,metabolite
193962,CMI-U,53480355,compound,metabolite
193962,CMI-U,52925065,compound,metabolite
193962,CMI-U,42607457,compound,metabolite
193962,CMI-U,25074411,compound,metabolite
193962,CMI-U,53481777,compound,metabolite
193962,CMI-U,53481787,compound,metabolite
193962,CMI-U,53481783,compound,metabolite
193962,CMI-U,52926310,compound,metabolite
193962,CMI-U,52922252,compound,metabolite
193962,CMI-U,53481779,compound,metabolite
193962,CMI-U,131750353,compound,metabolite
193962,CMI-U,53481703,compound,metabolite
193962,CMI-U,11146967,compound,metabolite
193962,CMI-U,5280473,compound,metabolite
193962,CMI-U,52925059,compound,metabolite
193962,CMI-U,52927142,compound,metabolite
193962,CMI-U,11803170,compound,metabolite
193962,CMI-U,24779546,compound,metabolite
193962,CMI-U,53479772,compound,metabolite
193962,CMI-U,52926307,compound,metabolite
193962,CMI-U,445468,compound,metabolite
193962,CMI-U,52925150,compound,metabolite
193962,CMI-U,131801673,compound,metabolite
193962,CMI-U,52925127,compound,metabolite
193962,CMI-U,9939965,compound,metabolite
193962,CMI-U,24778625,compound,metabolite
193962,CMI-U,52924353,compound,metabolite
193962,CMI-U,53480973,compound,metabolite
193962,CMI-U,129657,compound,metabolite
193962,CMI-U,24779551,compound,metabolite
193962,CMI-U,52926490,compound,metabolite
193962,CMI-U,53479605,compound,metabolite
193962,CMI-U,52927171,compound,metabolite
193962,CMI-U,24779297,compound,metabolite
193962,CMI-U,131753238,compound,metabolite
193962,CMI-U,53479161,compound,metabolite
193962,CMI-U,24778624,compound,metabolite
193962,CMI-U,44260130,compound,metabolite
193962,CMI-U,53480972,compound,metabolite
193962,CMI-U,52931207,compound,metabolite
193962,CMI-U,53478597,compound,metabolite
193962,CMI-U,52925985,compound,metabolite
193962,CMI-U,131801660,compound,metabolite
193962,CMI-U,1864,compound,metabolite
193962,CMI-U,52924644,compound,metabolite
193962,CMI-U,52923902,compound,metabolite
193962,CMI-U,53481781,compound,metabolite
193962,CMI-U,24778634,compound,metabolite
193962,CMI-U,5283496,compound,metabolite
193962,CMI-U,5280879,compound,metabolite
193962,CMI-U,131750486,compound,metabolite
193962,CMI-U,14057128,compound,metabolite
193962,CMI-U,52926580,compound,metabolite
193962,CMI-U,24779275,compound,metabolite
193962,CMI-U,53480924,compound,metabolite
193962,CMI-U,11433862,compound,metabolite
193962,CMI-U,24779554,compound,metabolite
193962,CMI-U,42607428,compound,metabolite
193962,CMI-U,53481366,compound,metabolite
193962,CMI-U,53481789,compound,metabolite
193962,CMI-U,24778618,compound,metabolite
193962,CMI-U,52927141,compound,metabolite
193962,CMI-U,9543989,compound,metabolite
193962,CMI-U,52923914,compound,metabolite
193962,CMI-U,52923946,compound,metabolite
193962,CMI-U,9305,compound,metabolite
193962,CMI-U,52923087,compound,metabolite
193962,CMI-U,24778639,compound,metabolite
193962,CMI-U,90479364,compound,metabolite
193962,CMI-U,52924378,compound,metabolite
193962,CMI-U,52923906,compound,metabolite
193962,CMI-U,24778868,compound,metabolite
193962,CMI-U,131801665,compound,metabolite
193962,CMI-U,9547087,compound,metabolite
193962,CMI-U,52923852,compound,metabolite
193962,CMI-U,52924162,compound,metabolite
193962,CMI-U,52924125,compound,metabolite
193962,CMI-U,24779384,compound,metabolite
193962,CMI-U,24778699,compound,metabolite
193962,CMI-U,53478643,compound,metabolite
193962,CMI-U,102242320,compound,metabolite
193962,CMI-U,52923950,compound,metabolite
193962,CMI-U,52925710,compound,metabolite
193962,CMI-U,52926604,compound,metabolite
193962,CMI-U,24778881,compound,metabolite
193962,CMI-U,131766038,compound,metabolite
193962,CMI-U,9547000,compound,metabolite
193962,CMI-U,5283499,compound,metabolite
193962,CMI-U,53481707,compound,metabolite
193962,CMI-U,24779379,compound,metabolite
193962,CMI-U,3082163,compound,metabolite
193962,CMI-U,24779553,compound,metabolite
193962,CMI-U,53481751,compound,metabolite
193962,CMI-U,24779277,compound,metabolite
193962,CMI-U,545606,compound,metabolite
193962,CMI-U,52925094,compound,metabolite
193962,CMI-U,52925126,compound,metabolite
193962,CMI-U,52923882,compound,metabolite
193962,CMI-U,10747814,compound,metabolite
193962,CMI-U,5289145,compound,metabolite
193962,CMI-U,52923972,compound,metabolite
193962,CMI-U,53481757,compound,metabolite
193962,CMI-U,9547068,compound,metabolite
193962,CMI-U,52923834,compound,metabolite
193962,CMI-U,53479907,compound,metabolite
193962,CMI-U,16759366,compound,metabolite
193962,CMI-U,52925997,compound,metabolite
193962,CMI-U,53481785,compound,metabolite
193962,CMI-U,52923958,compound,metabolite
193962,CMI-U,5281915,compound,metabolite
193962,CMI-U,9547167,compound,metabolite
193962,CMI-U,52927174,compound,metabolite
193962,CMI-U,52923896,compound,metabolite
193962,CMI-U,53480922,compound,metabolite
193962,CMI-U,52923894,compound,metabolite
193962,CMI-U,52922210,compound,metabolite
193962,CMI-U,52925128,compound,metabolite
193962,CMI-U,24778638,compound,metabolite
193962,CMI-U,131755260,compound,metabolite
193962,CMI-U,24778723,compound,metabolite
193962,CMI-U,52925131,compound,metabolite
193962,CMI-U,46891684,compound,metabolite
193962,CMI-U,52926616,compound,metabolite
193962,CMI-U,52925230,compound,metabolite
193962,CMI-U,53479796,compound,metabolite
193962,CMI-U,131750340,compound,metabolite
193962,CMI-U,52922703,compound,metabolite
193962,CMI-U,439415,compound,metabolite
193962,CMI-U,24778627,compound,metabolite
193962,CMI-U,24778715,compound,metabolite
193962,CMI-U,131750721,compound,metabolite
193962,CMI-U,24779386,compound,metabolite
193962,CMI-U,24779052,compound,metabolite
193962,CMI-U,53478875,compound,metabolite
193962,CMI-U,446440,compound,metabolite
193962,CMI-U,24778688,compound,metabolite
193962,CMI-U,131754007,compound,metabolite
193962,CMI-U,24778898,compound,metabolite
193962,CMI-U,643976,compound,metabolite
193962,CMI-U,5283523,compound,metabolite
193962,CMI-U,9547096,compound,metabolite
193962,CMI-U,52931115,compound,metabolite
193962,CMI-U,24778766,compound,metabolite
193962,CMI-U,44260127,compound,metabolite
193962,CMI-U,24779550,compound,metabolite
193962,CMI-U,11146,compound,metabolite
193962,CMI-U,9546747,compound,metabolite
193962,CMI-U,46891802,compound,metabolite
193962,CMI-U,24778745,compound,metabolite
193962,CMI-U,52924223,compound,metabolite
193962,CMI-U,53479588,compound,metabolite
193962,CMI-U,131750646,compound,metabolite
193962,CMI-U,52926308,compound,metabolite
193962,CMI-U,52931201,compound,metabolite
193962,CMI-U,53480484,compound,metabolite
193962,CMI-U,52923085,compound,metabolite
193962,CMI-U,99647664,compound,metabolite
193962,CMI-U,131750380,compound,metabolite
193962,CMI-U,44260129,compound,metabolite
193962,CMI-U,131750529,compound,metabolite
193962,CMI-U,52925426,compound,metabolite
193962,CMI-U,44260124,compound,metabolite
193962,CMI-U,131764739,compound,metabolite
193962,CMI-U,100981287,compound,metabolite
193962,CMI-U,53478598,compound,metabolite
193962,CMI-U,131750592,compound,metabolite
193962,CMI-U,53481791,compound,metabolite
193962,CMI-U,42607430,compound,metabolite
193962,CMI-U,18526330,compound,metabolite
193962,CMI-U,52925214,compound,metabolite
444036,CMI-U,123409,compound,metabolite
444036,CMI-U,127448,compound,metabolite
444036,CMI-U,446541,compound,metabolite
444036,CMI-U,13711,compound,metabolite
444036,CMI-U,53481051,compound,metabolite
444036,CMI-U,45479706,compound,metabolite
444036,CMI-U,161166,compound,metabolite
444036,CMI-U,54715139,compound,metabolite
444036,CMI-U,479,compound,metabolite
444036,CMI-U,72813999,compound,metabolite
444036,CMI-U,121658,compound,metabolite
444036,CMI-U,14275359,compound,metabolite
444036,CMI-U,53478031,compound,metabolite
444036,CMI-U,160706,compound,metabolite
444036,CMI-U,53477801,compound,metabolite
444036,CMI-U,1179,compound,metabolite
444036,CMI-U,439174,compound,metabolite
444036,CMI-U,108063,compound,metabolite
444036,CMI-U,1864,compound,metabolite
444036,CMI-U,3348,compound,metabolite
444036,CMI-U,9944000,compound,metabolite
444036,CMI-U,439258,compound,metabolite
444036,CMI-U,970,compound,metabolite
444036,CMI-U,101788,compound,metabolite
444036,CMI-U,663,compound,metabolite
444036,CMI-U,53477976,compound,metabolite
444036,CMI-U,9547068,compound,metabolite
444036,CMI-U,12895035,compound,metabolite
444036,CMI-U,5280489,compound,metabolite
444036,CMI-U,53477950,compound,metabolite
444036,CMI-U,53480449,compound,metabolite
444036,CMI-U,439280,compound,metabolite
444036,CMI-U,52931201,compound,metabolite
444036,CMI-U,445468,compound,metabolite
444036,CMI-U,162976,compound,metabolite
444036,CMI-U,21387,compound,metabolite
444036,CMI-U,4225619,compound,metabolite
444036,CMI-U,323,compound,metabolite
444036,CMI-U,115254,compound,metabolite
444036,CMI-U,53481777,compound,metabolite
444036,CMI-U,440659,compound,metabolite
444036,CMI-U,52925059,compound,metabolite
444036,CMI-U,52925214,compound,metabolite
444036,CMI-U,24779277,compound,metabolite
444036,CMI-U,9547000,compound,metabolite
444036,CMI-U,52925426,compound,metabolite
444036,CMI-U,13734178,compound,metabolite
444036,CMI-U,52924223,compound,metabolite
444036,CMI-U,131801661,compound,metabolite
444036,CMI-U,11146967,compound,metabolite
444036,CMI-U,5283572,compound,metabolite
444036,CMI-U,52925131,compound,metabolite
444036,CMI-U,493570,compound,metabolite
444036,CMI-U,52931207,compound,metabolite
444036,CMI-U,151223,compound,metabolite
444036,CMI-U,24779275,compound,metabolite
444036,CMI-U,44260125,compound,metabolite
444036,CMI-U,11433862,compound,metabolite
444036,CMI-U,964,compound,metabolite
444036,CMI-U,1076,compound,metabolite
444036,CMI-U,53481703,compound,metabolite
444036,CMI-U,5280531,compound,metabolite
444036,CMI-U,44260124,compound,metabolite
444036,CMI-U,563,compound,metabolite
444036,CMI-U,247020,compound,metabolite
444036,CMI-U,167918,compound,metabolite
444036,CMI-U,53481781,compound,metabolite
3607,CMI-U,971,compound,metabolite
3607,CMI-U,24779551,compound,metabolite
3607,CMI-U,41781,compound,metabolite
3607,CMI-U,52923958,compound,metabolite
3607,CMI-U,123976,compound,metabolite
3607,CMI-U,42607428,compound,metabolite
3607,CMI-U,9547096,compound,metabolite
3607,CMI-U,52924223,compound,metabolite
3607,CMI-U,53479547,compound,metabolite
3607,CMI-U,52925229,compound,metabolite
3607,CMI-U,53477960,compound,metabolite
3607,CMI-U,24779341,compound,metabolite
3607,CMI-U,446440,compound,metabolite
3607,CMI-U,52923902,compound,metabolite
3607,CMI-U,24779546,compound,metabolite
3607,CMI-U,24779384,compound,metabolite
3607,CMI-U,9543989,compound,metabolite
3607,CMI-U,6030,compound,metabolite
3607,CMI-U,445468,compound,metabolite
3607,CMI-U,4991,compound,metabolite
3607,CMI-U,445580,compound,metabolite
3607,CMI-U,750,compound,metabolite
3607,CMI-U,53481789,compound,metabolite
3607,CMI-U,53480355,compound,metabolite
3607,CMI-U,3013625,compound,metabolite
3607,CMI-U,16759366,compound,metabolite
3607,CMI-U,53481785,compound,metabolite
3607,CMI-U,190,compound,metabolite
3607,CMI-U,12599,compound,metabolite
3607,CMI-U,58,compound,metabolite
3607,CMI-U,446066,compound,metabolite
3607,CMI-U,24778688,compound,metabolite
3607,CMI-U,10836,compound,metabolite
3607,CMI-U,5289145,compound,metabolite
3607,CMI-U,145742,compound,metabolite
3607,CMI-U,15993,compound,metabolite
3607,CMI-U,24778815,compound,metabolite
3607,CMI-U,7680,compound,metabolite
3607,CMI-U,753,compound,metabolite
5291,CMI-U,53481051,compound,metabolite
5291,CMI-U,53481787,compound,metabolite
5291,CMI-U,445468,compound,metabolite
5291,CMI-U,58,compound,metabolite
5291,CMI-U,53479483,compound,metabolite
5291,CMI-U,53481779,compound,metabolite
5291,CMI-U,53481767,compound,metabolite
5291,CMI-U,53481751,compound,metabolite
5291,CMI-U,53479547,compound,metabolite
5291,CMI-U,53481047,compound,metabolite
5291,CMI-U,131801660,compound,metabolite
5291,CMI-U,53481755,compound,metabolite
5291,CMI-U,52927171,compound,metabolite
5291,CMI-U,5283572,compound,metabolite
5291,CMI-U,5283573,compound,metabolite
5291,CMI-U,52927142,compound,metabolite
5291,CMI-U,52923902,compound,metabolite
5291,CMI-U,52931223,compound,metabolite
5291,CMI-U,52926580,compound,metabolite
5291,CMI-U,5280473,compound,metabolite
5291,CMI-U,52925229,compound,metabolite
5291,CMI-U,24779275,compound,metabolite
5291,CMI-U,52925985,compound,metabolite
5291,CMI-U,11803170,compound,metabolite
5291,CMI-U,9547000,compound,metabolite
5291,CMI-U,24779585,compound,metabolite
5291,CMI-U,24779544,compound,metabolite
5291,CMI-U,46891802,compound,metabolite
5291,CMI-U,51,compound,metabolite
5291,CMI-U,52924353,compound,metabolite
5291,CMI-U,131801661,compound,metabolite
5291,CMI-U,44260138,compound,metabolite
5291,CMI-U,24778715,compound,metabolite
5291,CMI-U,52925426,compound,metabolite
5291,CMI-U,52931201,compound,metabolite
5291,CMI-U,5282310,compound,metabolite
5291,CMI-U,5283575,compound,metabolite
5291,CMI-U,52924125,compound,metabolite
5291,CMI-U,52923852,compound,metabolite
5291,CMI-U,131750394,compound,metabolite
5291,CMI-U,24779297,compound,metabolite
5291,CMI-U,53481777,compound,metabolite
5291,CMI-U,5283568,compound,metabolite
5291,CMI-U,53481757,compound,metabolite
5291,CMI-U,100921659,compound,metabolite
5291,CMI-U,52923972,compound,metabolite
5291,CMI-U,52931207,compound,metabolite
5291,CMI-U,42607428,compound,metabolite
5291,CMI-U,5283496,compound,metabolite
5291,CMI-U,53480355,compound,metabolite
5291,CMI-U,52922703,compound,metabolite
5291,CMI-U,1120,compound,metabolite
5291,CMI-U,131750359,compound,metabolite
5291,CMI-U,44260125,compound,metabolite
5291,CMI-U,52923950,compound,metabolite
5291,CMI-U,24779053,compound,metabolite
5291,CMI-U,11146967,compound,metabolite
5291,CMI-U,5283499,compound,metabolite
5291,CMI-U,24778688,compound,metabolite
5291,CMI-U,52924152,compound,metabolite
5291,CMI-U,131750353,compound,metabolite
5291,CMI-U,52923914,compound,metabolite
5291,CMI-U,52925997,compound,metabolite
5291,CMI-U,53479772,compound,metabolite
5291,CMI-U,53481783,compound,metabolite
5291,CMI-U,91486,compound,metabolite
5291,CMI-U,24779336,compound,metabolite
5291,CMI-U,53478052,compound,metabolite
5291,CMI-U,9939965,compound,metabolite
5291,CMI-U,24779384,compound,metabolite
5291,CMI-U,9546747,compound,metabolite
5291,CMI-U,53481753,compound,metabolite
5291,CMI-U,24778634,compound,metabolite
5291,CMI-U,53480484,compound,metabolite
5291,CMI-U,53479161,compound,metabolite
5291,CMI-U,6267,compound,metabolite
5291,CMI-U,52925214,compound,metabolite
5291,CMI-U,24778868,compound,metabolite
5291,CMI-U,131750338,compound,metabolite
5291,CMI-U,53481785,compound,metabolite
5291,CMI-U,24779546,compound,metabolite
5291,CMI-U,5283576,compound,metabolite
5291,CMI-U,52923906,compound,metabolite
5291,CMI-U,586,compound,metabolite
5291,CMI-U,24778624,compound,metabolite
5291,CMI-U,24779301,compound,metabolite
5291,CMI-U,6736,compound,metabolite
5291,CMI-U,100981287,compound,metabolite
5291,CMI-U,52924378,compound,metabolite
5291,CMI-U,24778699,compound,metabolite
5291,CMI-U,190,compound,metabolite
5291,CMI-U,129657,compound,metabolite
5291,CMI-U,52923834,compound,metabolite
5291,CMI-U,52923882,compound,metabolite
5291,CMI-U,439756,compound,metabolite
5291,CMI-U,52924223,compound,metabolite
5291,CMI-U,131742,compound,metabolite
5291,CMI-U,44260132,compound,metabolite
5291,CMI-U,6305,compound,metabolite
5291,CMI-U,46891684,compound,metabolite
5291,CMI-U,52927148,compound,metabolite
5291,CMI-U,24779379,compound,metabolite
5291,CMI-U,24778639,compound,metabolite
5291,CMI-U,131801673,compound,metabolite
5291,CMI-U,9543989,compound,metabolite
5291,CMI-U,446066,compound,metabolite
5291,CMI-U,44260130,compound,metabolite
5291,CMI-U,131750341,compound,metabolite
5291,CMI-U,52923085,compound,metabolite
5291,CMI-U,10747814,compound,metabolite
5291,CMI-U,445580,compound,metabolite
5291,CMI-U,53478000,compound,metabolite
5291,CMI-U,145742,compound,metabolite
5291,CMI-U,7680,compound,metabolite
5291,CMI-U,101227803,compound,metabolite
5291,CMI-U,24779277,compound,metabolite
5291,CMI-U,131801665,compound,metabolite
5291,CMI-U,439402,compound,metabolite
5291,CMI-U,44260126,compound,metabolite
5291,CMI-U,44260124,compound,metabolite
5291,CMI-U,3082163,compound,metabolite
5291,CMI-U,3893,compound,metabolite
5291,CMI-U,52925065,compound,metabolite
5291,CMI-U,53481761,compound,metabolite
5291,CMI-U,5281915,compound,metabolite
5291,CMI-U,53478598,compound,metabolite
5291,CMI-U,24779386,compound,metabolite
5291,CMI-U,53481707,compound,metabolite
5291,CMI-U,11433862,compound,metabolite
5291,CMI-U,24779553,compound,metabolite
5291,CMI-U,24778766,compound,metabolite
5291,CMI-U,24778625,compound,metabolite
5291,CMI-U,52923894,compound,metabolite
5291,CMI-U,53479159,compound,metabolite
5291,CMI-U,131750358,compound,metabolite
5291,CMI-U,52922252,compound,metabolite
5291,CMI-U,444972,compound,metabolite
5291,CMI-U,53478875,compound,metabolite
5291,CMI-U,46891805,compound,metabolite
5291,CMI-U,53479907,compound,metabolite
5291,CMI-U,52926604,compound,metabolite
5291,CMI-U,53481703,compound,metabolite
5291,CMI-U,44260131,compound,metabolite
5291,CMI-U,5284616,compound,metabolite
5291,CMI-U,53478072,compound,metabolite
5291,CMI-U,24778881,compound,metabolite
5291,CMI-U,8180,compound,metabolite
5291,CMI-U,131801659,compound,metabolite
5291,CMI-U,24778745,compound,metabolite
5291,CMI-U,6473866,compound,metabolite
5291,CMI-U,24778880,compound,metabolite
5291,CMI-U,5283574,compound,metabolite
5291,CMI-U,53477890,compound,metabolite
5291,CMI-U,131801653,compound,metabolite
65492,CMI-U,53297342,compound,metabolite
65492,CMI-U,52925985,compound,metabolite
65492,CMI-U,24906333,compound,metabolite
65492,CMI-U,24779384,compound,metabolite
65492,CMI-U,53481777,compound,metabolite
65492,CMI-U,52924644,compound,metabolite
65492,CMI-U,52924152,compound,metabolite
65492,CMI-U,41781,compound,metabolite
65492,CMI-U,24779545,compound,metabolite
65492,CMI-U,53479547,compound,metabolite
65492,CMI-U,1060,compound,metabolite
65492,CMI-U,52923958,compound,metabolite
65492,CMI-U,445468,compound,metabolite
65492,CMI-U,53481785,compound,metabolite
65492,CMI-U,24778688,compound,metabolite
65492,CMI-U,53480355,compound,metabolite
65492,CMI-U,52923902,compound,metabolite
65492,CMI-U,5283499,compound,metabolite
65492,CMI-U,53479483,compound,metabolite
65492,CMI-U,58,compound,metabolite
65492,CMI-U,52923972,compound,metabolite
65492,CMI-U,446066,compound,metabolite
65492,CMI-U,24779546,compound,metabolite
65492,CMI-U,108063,compound,metabolite
65492,CMI-U,5283496,compound,metabolite
65492,CMI-U,753,compound,metabolite
65492,CMI-U,52922252,compound,metabolite
65492,CMI-U,52924353,compound,metabolite
65492,CMI-U,24778855,compound,metabolite
65492,CMI-U,53481787,compound,metabolite
65492,CMI-U,9547087,compound,metabolite
65492,CMI-U,24778735,compound,metabolite
65492,CMI-U,52923906,compound,metabolite
65492,CMI-U,24779585,compound,metabolite
65492,CMI-U,11146967,compound,metabolite
65492,CMI-U,24779053,compound,metabolite
65492,CMI-U,24779551,compound,metabolite
65492,CMI-U,446440,compound,metabolite
65492,CMI-U,52925065,compound,metabolite
65492,CMI-U,52927142,compound,metabolite
65492,CMI-U,16219824,compound,metabolite
65492,CMI-U,52922210,compound,metabolite
65492,CMI-U,5957,compound,metabolite
65492,CMI-U,131750353,compound,metabolite
65492,CMI-U,24778868,compound,metabolite
65492,CMI-U,11803170,compound,metabolite
65492,CMI-U,52925469,compound,metabolite
65492,CMI-U,52925126,compound,metabolite
65492,CMI-U,439279,compound,metabolite
65492,CMI-U,53479772,compound,metabolite
65492,CMI-U,52923946,compound,metabolite
65492,CMI-U,24779544,compound,metabolite
65492,CMI-U,52925426,compound,metabolite
65492,CMI-U,65076,compound,metabolite
65492,CMI-U,100921659,compound,metabolite
65492,CMI-U,53479605,compound,metabolite
65492,CMI-U,3013625,compound,metabolite
65492,CMI-U,52925094,compound,metabolite
65492,CMI-U,53481751,compound,metabolite
65492,CMI-U,52923950,compound,metabolite
65492,CMI-U,52924125,compound,metabolite
65492,CMI-U,24778634,compound,metabolite
65492,CMI-U,4991,compound,metabolite
65492,CMI-U,24778898,compound,metabolite
65492,CMI-U,52926580,compound,metabolite
65492,CMI-U,24779554,compound,metabolite
65492,CMI-U,11433862,compound,metabolite
65492,CMI-U,53481789,compound,metabolite
65492,CMI-U,52922703,compound,metabolite
65492,CMI-U,53481755,compound,metabolite
65492,CMI-U,42607457,compound,metabolite
65492,CMI-U,52925710,compound,metabolite
65492,CMI-U,24778618,compound,metabolite
65492,CMI-U,52923914,compound,metabolite
65492,CMI-U,9543989,compound,metabolite
65492,CMI-U,439213,compound,metabolite
65492,CMI-U,24778624,compound,metabolite
65492,CMI-U,24778625,compound,metabolite
65492,CMI-U,971,compound,metabolite
65492,CMI-U,24779277,compound,metabolite
65492,CMI-U,24778766,compound,metabolite
65492,CMI-U,52925997,compound,metabolite
65492,CMI-U,53479161,compound,metabolite
65492,CMI-U,6030,compound,metabolite
65492,CMI-U,52923087,compound,metabolite
65492,CMI-U,129657,compound,metabolite
65492,CMI-U,5289145,compound,metabolite
65492,CMI-U,5280473,compound,metabolite
65492,CMI-U,44260130,compound,metabolite
65492,CMI-U,105024,compound,metabolite
65492,CMI-U,1120,compound,metabolite
65492,CMI-U,42607428,compound,metabolite
65492,CMI-U,52925229,compound,metabolite
65492,CMI-U,52931207,compound,metabolite
65492,CMI-U,131742,compound,metabolite
65492,CMI-U,53481779,compound,metabolite
65492,CMI-U,24779379,compound,metabolite
65492,CMI-U,100981287,compound,metabolite
65492,CMI-U,53478597,compound,metabolite
65492,CMI-U,3082163,compound,metabolite
65492,CMI-U,24778715,compound,metabolite
65492,CMI-U,52923894,compound,metabolite
65492,CMI-U,24778699,compound,metabolite
65492,CMI-U,52924162,compound,metabolite
65492,CMI-U,16759366,compound,metabolite
65492,CMI-U,440728,compound,metabolite
65492,CMI-U,53479796,compound,metabolite
65492,CMI-U,24778871,compound,metabolite
65492,CMI-U,145742,compound,metabolite
65492,CMI-U,53481783,compound,metabolite
65492,CMI-U,46891805,compound,metabolite
65492,CMI-U,14057128,compound,metabolite
65492,CMI-U,24778723,compound,metabolite
65492,CMI-U,52926616,compound,metabolite
65492,CMI-U,190,compound,metabolite
65492,CMI-U,53481703,compound,metabolite
65492,CMI-U,5283523,compound,metabolite
65492,CMI-U,131766038,compound,metabolite
65492,CMI-U,24778643,compound,metabolite
65492,CMI-U,53481767,compound,metabolite
65492,CMI-U,9939965,compound,metabolite
65492,CMI-U,52926308,compound,metabolite
65492,CMI-U,24778815,compound,metabolite
65492,CMI-U,5281915,compound,metabolite
65492,CMI-U,24778642,compound,metabolite
65492,CMI-U,52924223,compound,metabolite
65492,CMI-U,52927171,compound,metabolite
65492,CMI-U,51,compound,metabolite
65492,CMI-U,24778876,compound,metabolite
65492,CMI-U,444972,compound,metabolite
65492,CMI-U,52925128,compound,metabolite
65492,CMI-U,1088,compound,metabolite
65492,CMI-U,11146,compound,metabolite
65492,CMI-U,25163995,compound,metabolite
65492,CMI-U,24779275,compound,metabolite
65492,CMI-U,46891802,compound,metabolite
65492,CMI-U,131750486,compound,metabolite
65492,CMI-U,52927148,compound,metabolite
65492,CMI-U,15993,compound,metabolite
65492,CMI-U,53481757,compound,metabolite
65492,CMI-U,131801673,compound,metabolite
65492,CMI-U,24779052,compound,metabolite
65492,CMI-U,53479907,compound,metabolite
65492,CMI-U,970,compound,metabolite
65492,CMI-U,5284616,compound,metabolite
65492,CMI-U,439258,compound,metabolite
65492,CMI-U,52923834,compound,metabolite
65492,CMI-U,52923896,compound,metabolite
65492,CMI-U,131766679,compound,metabolite
65492,CMI-U,445063,compound,metabolite
65492,CMI-U,9547000,compound,metabolite
65492,CMI-U,53479588,compound,metabolite
65492,CMI-U,24778638,compound,metabolite
65492,CMI-U,7680,compound,metabolite
65492,CMI-U,1174,compound,metabolite
65492,CMI-U,750,compound,metabolite
65492,CMI-U,24779046,compound,metabolite
65492,CMI-U,24778627,compound,metabolite
65492,CMI-U,52925155,compound,metabolite
65492,CMI-U,87642,compound,metabolite
65492,CMI-U,52931223,compound,metabolite
65492,CMI-U,123991,compound,metabolite
65492,CMI-U,18631369,compound,metabolite
65492,CMI-U,52923852,compound,metabolite
65492,CMI-U,10747814,compound,metabolite
65492,CMI-U,53477801,compound,metabolite
65492,CMI-U,64969,compound,metabolite
65492,CMI-U,24779341,compound,metabolite
65492,CMI-U,131801665,compound,metabolite
65492,CMI-U,5281969,compound,metabolite
65492,CMI-U,46891684,compound,metabolite
65492,CMI-U,9546747,compound,metabolite
65492,CMI-U,24778745,compound,metabolite
65492,CMI-U,53481781,compound,metabolite
65492,CMI-U,42607430,compound,metabolite
65492,CMI-U,9547096,compound,metabolite
65492,CMI-U,2094,compound,metabolite
65492,CMI-U,586,compound,metabolite
65492,CMI-U,24779297,compound,metabolite
65492,CMI-U,44260125,compound,metabolite
65492,CMI-U,44260124,compound,metabolite
65492,CMI-U,24778880,compound,metabolite
65492,CMI-U,545588,compound,metabolite
65492,CMI-U,6473866,compound,metabolite
65492,CMI-U,131750338,compound,metabolite
65492,CMI-U,440273,compound,metabolite
65492,CMI-U,44260127,compound,metabolite
65492,CMI-U,185698,compound,metabolite
65492,CMI-U,52923882,compound,metabolite
65492,CMI-U,13711,compound,metabolite
65492,CMI-U,6736,compound,metabolite
65492,CMI-U,644260,compound,metabolite
65492,CMI-U,439402,compound,metabolite
65492,CMI-U,439756,compound,metabolite
65492,CMI-U,445580,compound,metabolite
65492,CMI-U,6083,compound,metabolite
65492,CMI-U,52925214,compound,metabolite
65492,CMI-U,53478875,compound,metabolite
3085416,CMI-U,131753617,compound,metabolite
3085416,CMI-U,41781,compound,metabolite
3085416,CMI-U,6030,compound,metabolite
3085416,CMI-U,53481755,compound,metabolite
3085416,CMI-U,446541,compound,metabolite
3085416,CMI-U,971,compound,metabolite
3085416,CMI-U,6083,compound,metabolite
9853053,CMI-U,36314,compound,metabolite
9853053,CMI-U,131750346,compound,metabolite
9853053,CMI-U,44260139,compound,metabolite
9853053,CMI-U,53477951,compound,metabolite
9853053,CMI-U,788,compound,metabolite
9853053,CMI-U,44260130,compound,metabolite
9853053,CMI-U,25074411,compound,metabolite
9853053,CMI-U,52927174,compound,metabolite
9853053,CMI-U,545588,compound,metabolite
9853053,CMI-U,52925230,compound,metabolite
9853053,CMI-U,131750338,compound,metabolite
9853053,CMI-U,52927141,compound,metabolite
9853053,CMI-U,52927142,compound,metabolite
9853053,CMI-U,5280938,compound,metabolite
9853053,CMI-U,91486,compound,metabolite
9853053,CMI-U,5289145,compound,metabolite
9853053,CMI-U,1179,compound,metabolite
9853053,CMI-U,121893,compound,metabolite
9853053,CMI-U,446440,compound,metabolite
9853053,CMI-U,24778624,compound,metabolite
9853053,CMI-U,101227803,compound,metabolite
9853053,CMI-U,5280352,compound,metabolite
4008,CMI-U,53478008,compound,metabolite
4008,CMI-U,131766679,compound,metabolite
4008,CMI-U,53480355,compound,metabolite
4008,CMI-U,444514,compound,metabolite
4008,CMI-U,445468,compound,metabolite
4008,CMI-U,14275403,compound,metabolite
4008,CMI-U,53477994,compound,metabolite
4008,CMI-U,5280493,compound,metabolite
4008,CMI-U,439756,compound,metabolite
4008,CMI-U,5283575,compound,metabolite
4008,CMI-U,131753238,compound,metabolite
4008,CMI-U,9547068,compound,metabolite
4008,CMI-U,131801744,compound,metabolite
4008,CMI-U,52924378,compound,metabolite
4008,CMI-U,50938266,compound,metabolite
4008,CMI-U,53477971,compound,metabolite
4008,CMI-U,129657,compound,metabolite
4008,CMI-U,52925997,compound,metabolite
4008,CMI-U,131801653,compound,metabolite
4008,CMI-U,131801659,compound,metabolite
4008,CMI-U,53478000,compound,metabolite
4008,CMI-U,53477892,compound,metabolite
4008,CMI-U,52924353,compound,metabolite
4008,CMI-U,52925131,compound,metabolite
4008,CMI-U,53478052,compound,metabolite
4008,CMI-U,131801983,compound,metabolite
4008,CMI-U,52924152,compound,metabolite
4008,CMI-U,5920,compound,metabolite
4008,CMI-U,5280352,compound,metabolite
4008,CMI-U,53477963,compound,metabolite
4008,CMI-U,52923902,compound,metabolite
4008,CMI-U,52926310,compound,metabolite
4008,CMI-U,53481783,compound,metabolite
4008,CMI-U,446066,compound,metabolite
4008,CMI-U,5283496,compound,metabolite
4008,CMI-U,53477964,compound,metabolite
4008,CMI-U,246520,compound,metabolite
4008,CMI-U,13828666,compound,metabolite
4008,CMI-U,52924125,compound,metabolite
4008,CMI-U,5280473,compound,metabolite
4008,CMI-U,131801712,compound,metabolite
4008,CMI-U,439176,compound,metabolite
4008,CMI-U,11803170,compound,metabolite
4008,CMI-U,5283577,compound,metabolite
4008,CMI-U,5283568,compound,metabolite
4008,CMI-U,42622727,compound,metabolite
4008,CMI-U,53480484,compound,metabolite
4008,CMI-U,3082163,compound,metabolite
4008,CMI-U,24779550,compound,metabolite
4008,CMI-U,5283576,compound,metabolite
4008,CMI-U,52926604,compound,metabolite
4008,CMI-U,24779297,compound,metabolite
4046,CMI-U,24779551,compound,metabolite
4046,CMI-U,115254,compound,metabolite
4046,CMI-U,72813999,compound,metabolite
4046,CMI-U,52927141,compound,metabolite
4046,CMI-U,5289145,compound,metabolite
4046,CMI-U,446440,compound,metabolite
4046,CMI-U,52927174,compound,metabolite
4046,CMI-U,9944000,compound,metabolite
4046,CMI-U,12895035,compound,metabolite
4046,CMI-U,5283572,compound,metabolite
4046,CMI-U,52927142,compound,metabolite
4046,CMI-U,5283560,compound,metabolite
4046,CMI-U,53480922,compound,metabolite
4046,CMI-U,114672,compound,metabolite
4046,CMI-U,5282310,compound,metabolite
189562,CMI-U,52927142,compound,metabolite
189562,CMI-U,91486,compound,metabolite
189562,CMI-U,52927141,compound,metabolite
189562,CMI-U,6912,compound,metabolite
189562,CMI-U,52925229,compound,metabolite
189562,CMI-U,24779551,compound,metabolite
189562,CMI-U,24779544,compound,metabolite
189562,CMI-U,52927174,compound,metabolite
189562,CMI-U,5283572,compound,metabolite
189562,CMI-U,53480924,compound,metabolite
189562,CMI-U,5282310,compound,metabolite
189562,CMI-U,131750726,compound,metabolite
189562,CMI-U,131801660,compound,metabolite
189562,CMI-U,52926580,compound,metabolite
189562,CMI-U,5283573,compound,metabolite
189562,CMI-U,5289145,compound,metabolite
189562,CMI-U,9547068,compound,metabolite
189562,CMI-U,52924353,compound,metabolite
189562,CMI-U,52926308,compound,metabolite
189562,CMI-U,52926307,compound,metabolite
189562,CMI-U,46891802,compound,metabolite
189562,CMI-U,9546747,compound,metabolite
189562,CMI-U,5283499,compound,metabolite
189562,CMI-U,53481787,compound,metabolite
189562,CMI-U,151223,compound,metabolite
189562,CMI-U,53481779,compound,metabolite
189562,CMI-U,52923972,compound,metabolite
189562,CMI-U,53479588,compound,metabolite
189562,CMI-U,11146967,compound,metabolite
189562,CMI-U,52924223,compound,metabolite
189562,CMI-U,52926310,compound,metabolite
189562,CMI-U,122121,compound,metabolite
189562,CMI-U,9547167,compound,metabolite
189562,CMI-U,53481047,compound,metabolite
189562,CMI-U,53480355,compound,metabolite
189562,CMI-U,24779554,compound,metabolite
189562,CMI-U,24778639,compound,metabolite
189562,CMI-U,53479907,compound,metabolite
189562,CMI-U,53480922,compound,metabolite
189562,CMI-U,52925469,compound,metabolite
189562,CMI-U,9547070,compound,metabolite
189562,CMI-U,5284616,compound,metabolite
189562,CMI-U,24779550,compound,metabolite
189562,CMI-U,52923834,compound,metabolite
189562,CMI-U,52925426,compound,metabolite
189562,CMI-U,99647664,compound,metabolite
189562,CMI-U,10851,compound,metabolite
189562,CMI-U,52923882,compound,metabolite
189562,CMI-U,24779553,compound,metabolite
189562,CMI-U,53480464,compound,metabolite
189562,CMI-U,53480972,compound,metabolite
189562,CMI-U,52927148,compound,metabolite
189562,CMI-U,52925214,compound,metabolite
189562,CMI-U,52931223,compound,metabolite
189562,CMI-U,1120,compound,metabolite
189562,CMI-U,52923896,compound,metabolite
189562,CMI-U,52926490,compound,metabolite
189562,CMI-U,102242320,compound,metabolite
189562,CMI-U,644260,compound,metabolite
189562,CMI-U,24779354,compound,metabolite
189562,CMI-U,52926604,compound,metabolite
189562,CMI-U,53480484,compound,metabolite
189562,CMI-U,5283574,compound,metabolite
189562,CMI-U,53478083,compound,metabolite
189562,CMI-U,131750337,compound,metabolite
189562,CMI-U,53480650,compound,metabolite
189562,CMI-U,52926616,compound,metabolite
189562,CMI-U,131753887,compound,metabolite
189562,CMI-U,53478042,compound,metabolite
189562,CMI-U,24779297,compound,metabolite
189562,CMI-U,14057128,compound,metabolite
189562,CMI-U,11146,compound,metabolite
446556,CMI-U,51,compound,metabolite
446556,CMI-U,58,compound,metabolite
446556,CMI-U,24779545,compound,metabolite
446556,CMI-U,53297342,compound,metabolite
446556,CMI-U,52924644,compound,metabolite
446556,CMI-U,131750353,compound,metabolite
446556,CMI-U,52923972,compound,metabolite
446556,CMI-U,53481777,compound,metabolite
446556,CMI-U,439279,compound,metabolite
446556,CMI-U,1088,compound,metabolite
446556,CMI-U,52924152,compound,metabolite
446556,CMI-U,24778735,compound,metabolite
446556,CMI-U,446440,compound,metabolite
446556,CMI-U,52925469,compound,metabolite
446556,CMI-U,53479161,compound,metabolite
446556,CMI-U,52925985,compound,metabolite
446556,CMI-U,52923906,compound,metabolite
446556,CMI-U,53479547,compound,metabolite
446556,CMI-U,52923958,compound,metabolite
446556,CMI-U,445468,compound,metabolite
446556,CMI-U,444972,compound,metabolite
446556,CMI-U,53481751,compound,metabolite
446556,CMI-U,24778634,compound,metabolite
446556,CMI-U,52923087,compound,metabolite
446556,CMI-U,12599,compound,metabolite
446556,CMI-U,11850,compound,metabolite
446556,CMI-U,52925126,compound,metabolite
446556,CMI-U,52925059,compound,metabolite
446556,CMI-U,24779554,compound,metabolite
446556,CMI-U,53481785,compound,metabolite
446556,CMI-U,5283499,compound,metabolite
446556,CMI-U,24779384,compound,metabolite
446556,CMI-U,24779544,compound,metabolite
446556,CMI-U,52924353,compound,metabolite
446556,CMI-U,52923946,compound,metabolite
446556,CMI-U,52925710,compound,metabolite
446556,CMI-U,52923902,compound,metabolite
446556,CMI-U,52923950,compound,metabolite
446556,CMI-U,52924125,compound,metabolite
446556,CMI-U,5283496,compound,metabolite
446556,CMI-U,1060,compound,metabolite
446556,CMI-U,46891805,compound,metabolite
446556,CMI-U,52926308,compound,metabolite
446556,CMI-U,53481757,compound,metabolite
446556,CMI-U,53481779,compound,metabolite
446556,CMI-U,52922252,compound,metabolite
446556,CMI-U,52923852,compound,metabolite
446556,CMI-U,24778855,compound,metabolite
446556,CMI-U,52923894,compound,metabolite
446556,CMI-U,131801661,compound,metabolite
446556,CMI-U,24778715,compound,metabolite
446556,CMI-U,52925426,compound,metabolite
446556,CMI-U,24778868,compound,metabolite
446556,CMI-U,24779052,compound,metabolite
446556,CMI-U,53481787,compound,metabolite
446556,CMI-U,52923914,compound,metabolite
446556,CMI-U,24779277,compound,metabolite
446556,CMI-U,53479605,compound,metabolite
446556,CMI-U,53481789,compound,metabolite
446556,CMI-U,53479772,compound,metabolite
446556,CMI-U,24778898,compound,metabolite
446556,CMI-U,52923896,compound,metabolite
446556,CMI-U,24778625,compound,metabolite
446556,CMI-U,24778723,compound,metabolite
446556,CMI-U,9547087,compound,metabolite
446556,CMI-U,24778876,compound,metabolite
446556,CMI-U,11803170,compound,metabolite
446556,CMI-U,24779546,compound,metabolite
446556,CMI-U,10747814,compound,metabolite
446556,CMI-U,52924378,compound,metabolite
446556,CMI-U,16219824,compound,metabolite
446556,CMI-U,42607428,compound,metabolite
446556,CMI-U,53480355,compound,metabolite
446556,CMI-U,52931207,compound,metabolite
446556,CMI-U,53479483,compound,metabolite
446556,CMI-U,5957,compound,metabolite
446556,CMI-U,24779053,compound,metabolite
446556,CMI-U,53479588,compound,metabolite
446556,CMI-U,24778624,compound,metabolite
446556,CMI-U,52925094,compound,metabolite
446556,CMI-U,24779379,compound,metabolite
446556,CMI-U,24778688,compound,metabolite
446556,CMI-U,24778699,compound,metabolite
446556,CMI-U,42607457,compound,metabolite
446556,CMI-U,24779585,compound,metabolite
446556,CMI-U,53479796,compound,metabolite
446556,CMI-U,24778618,compound,metabolite
446556,CMI-U,52931223,compound,metabolite
446556,CMI-U,52923834,compound,metabolite
446556,CMI-U,24778639,compound,metabolite
446556,CMI-U,11146967,compound,metabolite
446556,CMI-U,24779275,compound,metabolite
446556,CMI-U,52925155,compound,metabolite
446556,CMI-U,46891802,compound,metabolite
446556,CMI-U,24778871,compound,metabolite
446556,CMI-U,52923882,compound,metabolite
446556,CMI-U,9543989,compound,metabolite
446556,CMI-U,52924223,compound,metabolite
446556,CMI-U,753,compound,metabolite
446556,CMI-U,24778643,compound,metabolite
446556,CMI-U,53481703,compound,metabolite
446556,CMI-U,52925997,compound,metabolite
446556,CMI-U,53481781,compound,metabolite
446556,CMI-U,52922703,compound,metabolite
446556,CMI-U,52922210,compound,metabolite
446556,CMI-U,5283523,compound,metabolite
446556,CMI-U,24779386,compound,metabolite
446556,CMI-U,445063,compound,metabolite
446556,CMI-U,439402,compound,metabolite
446556,CMI-U,65076,compound,metabolite
446556,CMI-U,52925065,compound,metabolite
446556,CMI-U,46891684,compound,metabolite
446556,CMI-U,24779297,compound,metabolite
446556,CMI-U,52925128,compound,metabolite
446556,CMI-U,131750340,compound,metabolite
446556,CMI-U,145742,compound,metabolite
446556,CMI-U,53481755,compound,metabolite
446556,CMI-U,131753238,compound,metabolite
446556,CMI-U,750,compound,metabolite
446556,CMI-U,53478875,compound,metabolite
446556,CMI-U,52927171,compound,metabolite
446556,CMI-U,53481707,compound,metabolite
446556,CMI-U,131801673,compound,metabolite
446556,CMI-U,24778627,compound,metabolite
446556,CMI-U,131766038,compound,metabolite
446556,CMI-U,53479907,compound,metabolite
446556,CMI-U,52924162,compound,metabolite
446556,CMI-U,9939965,compound,metabolite
446556,CMI-U,100921659,compound,metabolite
446556,CMI-U,24778745,compound,metabolite
446556,CMI-U,9546747,compound,metabolite
446556,CMI-U,1085,compound,metabolite
4735,CMI-U,52925426,compound,metabolite
4735,CMI-U,439279,compound,metabolite
4735,CMI-U,52926308,compound,metabolite
4735,CMI-U,446440,compound,metabolite
4735,CMI-U,971,compound,metabolite
4735,CMI-U,24779546,compound,metabolite
4735,CMI-U,41781,compound,metabolite
4735,CMI-U,52925469,compound,metabolite
4735,CMI-U,11850,compound,metabolite
4735,CMI-U,24779544,compound,metabolite
4735,CMI-U,131750353,compound,metabolite
4735,CMI-U,53481777,compound,metabolite
4735,CMI-U,52922252,compound,metabolite
4735,CMI-U,53481789,compound,metabolite
4735,CMI-U,53481787,compound,metabolite
4735,CMI-U,12599,compound,metabolite
4735,CMI-U,9547000,compound,metabolite
4735,CMI-U,52926580,compound,metabolite
4735,CMI-U,46891805,compound,metabolite
4735,CMI-U,11803170,compound,metabolite
4735,CMI-U,750,compound,metabolite
4735,CMI-U,52925710,compound,metabolite
4735,CMI-U,24778868,compound,metabolite
4735,CMI-U,52927171,compound,metabolite
4735,CMI-U,24779297,compound,metabolite
4735,CMI-U,446066,compound,metabolite
4735,CMI-U,5957,compound,metabolite
4735,CMI-U,52927142,compound,metabolite
4735,CMI-U,53481783,compound,metabolite
4735,CMI-U,52925229,compound,metabolite
4735,CMI-U,11146967,compound,metabolite
4735,CMI-U,6030,compound,metabolite
4735,CMI-U,24779585,compound,metabolite
4735,CMI-U,53480355,compound,metabolite
4735,CMI-U,24778855,compound,metabolite
4735,CMI-U,1120,compound,metabolite
4735,CMI-U,52925985,compound,metabolite
4735,CMI-U,52923914,compound,metabolite
4735,CMI-U,5280473,compound,metabolite
4735,CMI-U,24779053,compound,metabolite
4735,CMI-U,58,compound,metabolite
4735,CMI-U,53479547,compound,metabolite
4735,CMI-U,6083,compound,metabolite
4735,CMI-U,131742,compound,metabolite
4735,CMI-U,24778643,compound,metabolite
4735,CMI-U,52926307,compound,metabolite
4735,CMI-U,445468,compound,metabolite
4735,CMI-U,53479605,compound,metabolite
4735,CMI-U,9543989,compound,metabolite
4735,CMI-U,65076,compound,metabolite
4735,CMI-U,52923972,compound,metabolite
4735,CMI-U,24779551,compound,metabolite
4735,CMI-U,14057128,compound,metabolite
4735,CMI-U,131750340,compound,metabolite
4735,CMI-U,190,compound,metabolite
4735,CMI-U,53481703,compound,metabolite
4735,CMI-U,984,compound,metabolite
4735,CMI-U,7680,compound,metabolite
4735,CMI-U,52926616,compound,metabolite
4735,CMI-U,53481779,compound,metabolite
4735,CMI-U,5281915,compound,metabolite
4735,CMI-U,52924644,compound,metabolite
4735,CMI-U,3013625,compound,metabolite
4735,CMI-U,52924152,compound,metabolite
4735,CMI-U,53478000,compound,metabolite
4735,CMI-U,53297342,compound,metabolite
4735,CMI-U,24779384,compound,metabolite
4735,CMI-U,52925065,compound,metabolite
4735,CMI-U,52926310,compound,metabolite
4735,CMI-U,52922703,compound,metabolite
4735,CMI-U,53478597,compound,metabolite
4735,CMI-U,52927148,compound,metabolite
4735,CMI-U,6473866,compound,metabolite
4735,CMI-U,52927141,compound,metabolite
4735,CMI-U,11146,compound,metabolite
4735,CMI-U,16219824,compound,metabolite
4735,CMI-U,53481785,compound,metabolite
4735,CMI-U,52925155,compound,metabolite
4735,CMI-U,52923902,compound,metabolite
4735,CMI-U,4991,compound,metabolite
4735,CMI-U,24779554,compound,metabolite
4735,CMI-U,145742,compound,metabolite
4735,CMI-U,24778688,compound,metabolite
4735,CMI-U,439162,compound,metabolite
4735,CMI-U,24778898,compound,metabolite
4735,CMI-U,5289145,compound,metabolite
4735,CMI-U,87642,compound,metabolite
4735,CMI-U,52923950,compound,metabolite
4735,CMI-U,6267,compound,metabolite
4735,CMI-U,10467,compound,metabolite
4735,CMI-U,24778625,compound,metabolite
4735,CMI-U,52931223,compound,metabolite
4735,CMI-U,24778880,compound,metabolite
4735,CMI-U,52923946,compound,metabolite
4735,CMI-U,44260130,compound,metabolite
4735,CMI-U,24779046,compound,metabolite
4735,CMI-U,5283499,compound,metabolite
4735,CMI-U,44260132,compound,metabolite
4735,CMI-U,44260125,compound,metabolite
4735,CMI-U,52923906,compound,metabolite
4735,CMI-U,46891802,compound,metabolite
4735,CMI-U,129657,compound,metabolite
4735,CMI-U,440728,compound,metabolite
4735,CMI-U,52924353,compound,metabolite
4735,CMI-U,131750486,compound,metabolite
4735,CMI-U,5283496,compound,metabolite
4735,CMI-U,24778642,compound,metabolite
4735,CMI-U,24779545,compound,metabolite
4735,CMI-U,52925214,compound,metabolite
4735,CMI-U,52927174,compound,metabolite
4735,CMI-U,222786,compound,metabolite
4735,CMI-U,52924125,compound,metabolite
4735,CMI-U,24778639,compound,metabolite
4735,CMI-U,131801673,compound,metabolite
4735,CMI-U,24779275,compound,metabolite
4735,CMI-U,131766038,compound,metabolite
4735,CMI-U,100921659,compound,metabolite
4735,CMI-U,24778881,compound,metabolite
4735,CMI-U,100981287,compound,metabolite
4735,CMI-U,131801661,compound,metabolite
4735,CMI-U,131750394,compound,metabolite
4735,CMI-U,52925126,compound,metabolite
4735,CMI-U,18631369,compound,metabolite
4735,CMI-U,131766679,compound,metabolite
4735,CMI-U,24778624,compound,metabolite
4735,CMI-U,24778815,compound,metabolite
4735,CMI-U,10855600,compound,metabolite
4735,CMI-U,51,compound,metabolite
4735,CMI-U,52925997,compound,metabolite
4735,CMI-U,439756,compound,metabolite
4735,CMI-U,24778618,compound,metabolite
4735,CMI-U,52923834,compound,metabolite
4735,CMI-U,445580,compound,metabolite
4735,CMI-U,24778634,compound,metabolite
4735,CMI-U,11433862,compound,metabolite
4735,CMI-U,131753238,compound,metabolite
4735,CMI-U,24779277,compound,metabolite
4735,CMI-U,24778766,compound,metabolite
4735,CMI-U,24906333,compound,metabolite
4735,CMI-U,24778715,compound,metabolite
4735,CMI-U,9546747,compound,metabolite
4735,CMI-U,53479483,compound,metabolite
4735,CMI-U,53479161,compound,metabolite
4735,CMI-U,9547167,compound,metabolite
4735,CMI-U,53479772,compound,metabolite
4735,CMI-U,53478598,compound,metabolite
4735,CMI-U,6305,compound,metabolite
4735,CMI-U,24778723,compound,metabolite
4735,CMI-U,44260124,compound,metabolite
4735,CMI-U,52925094,compound,metabolite
4735,CMI-U,24778871,compound,metabolite
4735,CMI-U,131801665,compound,metabolite
4735,CMI-U,53481755,compound,metabolite
4735,CMI-U,24778745,compound,metabolite
4735,CMI-U,42607430,compound,metabolite
4735,CMI-U,9939965,compound,metabolite
4735,CMI-U,52925230,compound,metabolite
4735,CMI-U,52924223,compound,metabolite
4735,CMI-U,52924162,compound,metabolite
4735,CMI-U,42607428,compound,metabolite
4735,CMI-U,164735,compound,metabolite
4735,CMI-U,53481751,compound,metabolite
4735,CMI-U,131750336,compound,metabolite
4735,CMI-U,24778735,compound,metabolite
4735,CMI-U,52923087,compound,metabolite
4735,CMI-U,52922210,compound,metabolite
4735,CMI-U,52931207,compound,metabolite
4735,CMI-U,3082163,compound,metabolite
4735,CMI-U,9547087,compound,metabolite
4735,CMI-U,24779379,compound,metabolite
4735,CMI-U,53479907,compound,metabolite
4735,CMI-U,53481781,compound,metabolite
4735,CMI-U,53478875,compound,metabolite
4735,CMI-U,52926661,compound,metabolite
4735,CMI-U,44260126,compound,metabolite
4735,CMI-U,46891684,compound,metabolite
4735,CMI-U,52931201,compound,metabolite
4735,CMI-U,445063,compound,metabolite
4735,CMI-U,52925127,compound,metabolite
4735,CMI-U,53479588,compound,metabolite
4735,CMI-U,99647664,compound,metabolite
4735,CMI-U,5284616,compound,metabolite
4735,CMI-U,657272,compound,metabolite
4735,CMI-U,24778876,compound,metabolite
4735,CMI-U,52923882,compound,metabolite
4735,CMI-U,42607457,compound,metabolite
4735,CMI-U,44260131,compound,metabolite
4735,CMI-U,24778638,compound,metabolite
4735,CMI-U,52923896,compound,metabolite
4735,CMI-U,53481707,compound,metabolite
4735,CMI-U,24779052,compound,metabolite
4735,CMI-U,53478643,compound,metabolite
4735,CMI-U,53480484,compound,metabolite
4735,CMI-U,44260138,compound,metabolite
4735,CMI-U,131750338,compound,metabolite
4735,CMI-U,6137,compound,metabolite
4735,CMI-U,52923958,compound,metabolite
4735,CMI-U,5283523,compound,metabolite
4735,CMI-U,545606,compound,metabolite
4735,CMI-U,131754007,compound,metabolite
4735,CMI-U,6453952,compound,metabolite
4735,CMI-U,52923085,compound,metabolite
4735,CMI-U,15993,compound,metabolite
4735,CMI-U,131750646,compound,metabolite
4735,CMI-U,53481753,compound,metabolite
4735,CMI-U,92746,compound,metabolite
4735,CMI-U,24779301,compound,metabolite
4735,CMI-U,53478042,compound,metabolite
4735,CMI-U,123991,compound,metabolite
4746,CMI-U,446541,compound,metabolite
8249,CMI-U,11850,compound,metabolite
8249,CMI-U,1085,compound,metabolite
8249,CMI-U,10855600,compound,metabolite
16362,CMI-U,5283572,compound,metabolite
16362,CMI-U,6440956,compound,metabolite
16362,CMI-U,5282310,compound,metabolite
16362,CMI-U,131801660,compound,metabolite
16362,CMI-U,91486,compound,metabolite
16362,CMI-U,5283568,compound,metabolite
16362,CMI-U,108192,compound,metabolite
16362,CMI-U,14275359,compound,metabolite
16362,CMI-U,446541,compound,metabolite
237,CMI-U,10386463,compound,metabolite
237,CMI-U,439279,compound,metabolite
237,CMI-U,60198001,compound,metabolite
237,CMI-U,446541,compound,metabolite
237,CMI-U,105024,compound,metabolite
237,CMI-U,1123,compound,metabolite
237,CMI-U,7680,compound,metabolite
237,CMI-U,440717,compound,metabolite
237,CMI-U,58,compound,metabolite
60149,CMI-U,5282310,compound,metabolite
657255,CMI-U,91486,compound,metabolite
657255,CMI-U,131801660,compound,metabolite
657255,CMI-U,439554,compound,metabolite
657255,CMI-U,70949,compound,metabolite
657255,CMI-U,446541,compound,metabolite
5405,CMI-U,53297342,compound,metabolite
5405,CMI-U,41781,compound,metabolite
5405,CMI-U,1123,compound,metabolite
5405,CMI-U,6030,compound,metabolite
5405,CMI-U,446541,compound,metabolite
5405,CMI-U,971,compound,metabolite
5405,CMI-U,439213,compound,metabolite
5405,CMI-U,24906333,compound,metabolite
5411,CMI-U,984,compound,metabolite
5411,CMI-U,53477994,compound,metabolite
5411,CMI-U,222865,compound,metabolite
5411,CMI-U,14275352,compound,metabolite
5411,CMI-U,1256,compound,metabolite
5411,CMI-U,53478053,compound,metabolite
5411,CMI-U,65058,compound,metabolite
5411,CMI-U,10634,compound,metabolite
5411,CMI-U,46879024,compound,metabolite
5411,CMI-U,10851,compound,metabolite
5411,CMI-U,44260130,compound,metabolite
5411,CMI-U,50938266,compound,metabolite
5411,CMI-U,5283560,compound,metabolite
5411,CMI-U,11646044,compound,metabolite
5411,CMI-U,53480968,compound,metabolite
5411,CMI-U,131801988,compound,metabolite
5411,CMI-U,656504,compound,metabolite
5411,CMI-U,52926661,compound,metabolite
5411,CMI-U,3081383,compound,metabolite
5411,CMI-U,638072,compound,metabolite
5411,CMI-U,131742,compound,metabolite
5411,CMI-U,53480970,compound,metabolite
5411,CMI-U,222803,compound,metabolite
5411,CMI-U,122121,compound,metabolite
5411,CMI-U,131757010,compound,metabolite
5411,CMI-U,11146,compound,metabolite
5411,CMI-U,644245,compound,metabolite
5411,CMI-U,131756238,compound,metabolite
5411,CMI-U,53480924,compound,metabolite
5411,CMI-U,131753238,compound,metabolite
5411,CMI-U,72813999,compound,metabolite
5411,CMI-U,644260,compound,metabolite
5411,CMI-U,14275359,compound,metabolite
5411,CMI-U,131756291,compound,metabolite
5411,CMI-U,5757,compound,metabolite
5411,CMI-U,14985,compound,metabolite
5411,CMI-U,445049,compound,metabolite
5411,CMI-U,53480981,compound,metabolite
5411,CMI-U,440560,compound,metabolite
5411,CMI-U,441301,compound,metabolite
5411,CMI-U,5280793,compound,metabolite
5411,CMI-U,445070,compound,metabolite
5411,CMI-U,99647664,compound,metabolite
5411,CMI-U,11954043,compound,metabolite
5411,CMI-U,10443535,compound,metabolite
5411,CMI-U,13267935,compound,metabolite
5411,CMI-U,5312508,compound,metabolite
5411,CMI-U,6917715,compound,metabolite
5411,CMI-U,18526330,compound,metabolite
5411,CMI-U,246520,compound,metabolite
5411,CMI-U,92746,compound,metabolite
5411,CMI-U,439224,compound,metabolite
5411,CMI-U,444514,compound,metabolite
5411,CMI-U,131750428,compound,metabolite
5411,CMI-U,5284604,compound,metabolite
5411,CMI-U,11660820,compound,metabolite
5411,CMI-U,5283142,compound,metabolite
5411,CMI-U,11954196,compound,metabolite
5411,CMI-U,10243361,compound,metabolite
5411,CMI-U,5994,compound,metabolite
5411,CMI-U,53480140,compound,metabolite
5411,CMI-U,53478000,compound,metabolite
5411,CMI-U,53477785,compound,metabolite
5411,CMI-U,8955,compound,metabolite
5411,CMI-U,161223,compound,metabolite
5411,CMI-U,13783449,compound,metabolite
5411,CMI-U,52923085,compound,metabolite
5411,CMI-U,176907,compound,metabolite
5411,CMI-U,2266,compound,metabolite
5411,CMI-U,131750607,compound,metabolite
5411,CMI-U,5403,compound,metabolite
5411,CMI-U,131754572,compound,metabolite
5411,CMI-U,5280883,compound,metabolite
5411,CMI-U,6912,compound,metabolite
5411,CMI-U,160520,compound,metabolite
5411,CMI-U,222786,compound,metabolite
5411,CMI-U,439280,compound,metabolite
5411,CMI-U,445354,compound,metabolite
5411,CMI-U,36314,compound,metabolite
5411,CMI-U,53477890,compound,metabolite
5411,CMI-U,4462,compound,metabolite
5411,CMI-U,53480964,compound,metabolite
5411,CMI-U,247304,compound,metabolite
5411,CMI-U,10386463,compound,metabolite
5411,CMI-U,123409,compound,metabolite
5411,CMI-U,6675,compound,metabolite
5411,CMI-U,53480922,compound,metabolite
5411,CMI-U,21387,compound,metabolite
5411,CMI-U,114672,compound,metabolite
5411,CMI-U,131766679,compound,metabolite
5411,CMI-U,657272,compound,metabolite
5411,CMI-U,123895,compound,metabolite
5411,CMI-U,131757178,compound,metabolite
5411,CMI-U,446541,compound,metabolite
5411,CMI-U,131754215,compound,metabolite
5411,CMI-U,131753647,compound,metabolite
5411,CMI-U,131801745,compound,metabolite
5411,CMI-U,162976,compound,metabolite
5411,CMI-U,52925150,compound,metabolite
5411,CMI-U,9547070,compound,metabolite
5411,CMI-U,123976,compound,metabolite
5411,CMI-U,387316,compound,metabolite
5411,CMI-U,440624,compound,metabolite
5411,CMI-U,12895035,compound,metabolite
5411,CMI-U,49,compound,metabolite
5411,CMI-U,24778643,compound,metabolite
5411,CMI-U,53477957,compound,metabolite
5411,CMI-U,11954058,compound,metabolite
5411,CMI-U,4543,compound,metabolite
5411,CMI-U,101227803,compound,metabolite
5411,CMI-U,5991,compound,metabolite
5411,CMI-U,6128,compound,metabolite
5411,CMI-U,53477971,compound,metabolite
5440,CMI-U,52927141,compound,metabolite
5440,CMI-U,24779551,compound,metabolite
5440,CMI-U,24779553,compound,metabolite
5440,CMI-U,52927174,compound,metabolite
5440,CMI-U,49,compound,metabolite
5440,CMI-U,998,compound,metabolite
5440,CMI-U,52927142,compound,metabolite
5440,CMI-U,5289145,compound,metabolite
5440,CMI-U,52926490,compound,metabolite
5440,CMI-U,11988264,compound,metabolite
5440,CMI-U,131750726,compound,metabolite
5440,CMI-U,53480969,compound,metabolite
5440,CMI-U,3033895,compound,metabolite
5440,CMI-U,699414,compound,metabolite
5503,CMI-U,24906333,compound,metabolite
5503,CMI-U,12599,compound,metabolite
5503,CMI-U,1060,compound,metabolite
5503,CMI-U,971,compound,metabolite
5503,CMI-U,446066,compound,metabolite
5503,CMI-U,446440,compound,metabolite
5503,CMI-U,58,compound,metabolite
5503,CMI-U,52925710,compound,metabolite
5503,CMI-U,52925426,compound,metabolite
5503,CMI-U,41781,compound,metabolite
5503,CMI-U,24779585,compound,metabolite
5503,CMI-U,52925469,compound,metabolite
5503,CMI-U,108063,compound,metabolite
5503,CMI-U,4991,compound,metabolite
5503,CMI-U,53480355,compound,metabolite
5503,CMI-U,24779546,compound,metabolite
5503,CMI-U,53479483,compound,metabolite
5503,CMI-U,52925985,compound,metabolite
5503,CMI-U,53297342,compound,metabolite
5503,CMI-U,53481789,compound,metabolite
5503,CMI-U,53481783,compound,metabolite
5503,CMI-U,24779551,compound,metabolite
5503,CMI-U,445468,compound,metabolite
5503,CMI-U,52924152,compound,metabolite
5503,CMI-U,11803170,compound,metabolite
5503,CMI-U,53481777,compound,metabolite
5503,CMI-U,53481703,compound,metabolite
5503,CMI-U,131742,compound,metabolite
5503,CMI-U,5289145,compound,metabolite
5503,CMI-U,24778643,compound,metabolite
5503,CMI-U,52924644,compound,metabolite
5503,CMI-U,52927142,compound,metabolite
5503,CMI-U,444972,compound,metabolite
5503,CMI-U,24778688,compound,metabolite
5503,CMI-U,439279,compound,metabolite
5503,CMI-U,52925065,compound,metabolite
5503,CMI-U,24778855,compound,metabolite
5503,CMI-U,52923972,compound,metabolite
5503,CMI-U,52925229,compound,metabolite
5503,CMI-U,3013625,compound,metabolite
5503,CMI-U,53479547,compound,metabolite
5503,CMI-U,6030,compound,metabolite
5503,CMI-U,11146,compound,metabolite
5503,CMI-U,53481785,compound,metabolite
5503,CMI-U,5283499,compound,metabolite
5503,CMI-U,53481787,compound,metabolite
5503,CMI-U,1120,compound,metabolite
5503,CMI-U,185698,compound,metabolite
5503,CMI-U,52922703,compound,metabolite
5503,CMI-U,24778868,compound,metabolite
5503,CMI-U,53481755,compound,metabolite
5503,CMI-U,190,compound,metabolite
5503,CMI-U,53478597,compound,metabolite
5503,CMI-U,750,compound,metabolite
5503,CMI-U,24779384,compound,metabolite
5503,CMI-U,6083,compound,metabolite
5503,CMI-U,105024,compound,metabolite
5503,CMI-U,52923914,compound,metabolite
5503,CMI-U,9543989,compound,metabolite
5503,CMI-U,7680,compound,metabolite
5503,CMI-U,24779297,compound,metabolite
5503,CMI-U,24778625,compound,metabolite
5503,CMI-U,53479161,compound,metabolite
5503,CMI-U,24779053,compound,metabolite
5503,CMI-U,24778634,compound,metabolite
5503,CMI-U,10467,compound,metabolite
5503,CMI-U,9547000,compound,metabolite
5503,CMI-U,52922252,compound,metabolite
5503,CMI-U,24779046,compound,metabolite
5503,CMI-U,5283496,compound,metabolite
5503,CMI-U,24778715,compound,metabolite
5503,CMI-U,131753238,compound,metabolite
5503,CMI-U,44260132,compound,metabolite
5503,CMI-U,753,compound,metabolite
5503,CMI-U,52927148,compound,metabolite
5503,CMI-U,52923958,compound,metabolite
5503,CMI-U,131750353,compound,metabolite
5503,CMI-U,16219824,compound,metabolite
5503,CMI-U,14057128,compound,metabolite
5503,CMI-U,53479772,compound,metabolite
5503,CMI-U,42607457,compound,metabolite
5503,CMI-U,52923902,compound,metabolite
5503,CMI-U,52925126,compound,metabolite
5503,CMI-U,100921659,compound,metabolite
5503,CMI-U,11146967,compound,metabolite
5503,CMI-U,46891802,compound,metabolite
5503,CMI-U,5957,compound,metabolite
5503,CMI-U,52926616,compound,metabolite
5503,CMI-U,5280473,compound,metabolite
5503,CMI-U,52931223,compound,metabolite
5503,CMI-U,42607428,compound,metabolite
5503,CMI-U,52923946,compound,metabolite
5503,CMI-U,16759366,compound,metabolite
5503,CMI-U,53478598,compound,metabolite
5503,CMI-U,51,compound,metabolite
5503,CMI-U,1174,compound,metabolite
5503,CMI-U,52923087,compound,metabolite
5503,CMI-U,5281915,compound,metabolite
5503,CMI-U,65076,compound,metabolite
5503,CMI-U,24778624,compound,metabolite
5503,CMI-U,24778898,compound,metabolite
5503,CMI-U,52923950,compound,metabolite
5503,CMI-U,52925094,compound,metabolite
5503,CMI-U,24778638,compound,metabolite
5503,CMI-U,24778735,compound,metabolite
5503,CMI-U,131766679,compound,metabolite
5503,CMI-U,42607430,compound,metabolite
5503,CMI-U,445063,compound,metabolite
5503,CMI-U,5284616,compound,metabolite
5503,CMI-U,52923906,compound,metabolite
5503,CMI-U,52931207,compound,metabolite
5503,CMI-U,24779052,compound,metabolite
5503,CMI-U,100981287,compound,metabolite
5503,CMI-U,984,compound,metabolite
5503,CMI-U,24778815,compound,metabolite
5503,CMI-U,44260126,compound,metabolite
5503,CMI-U,53481767,compound,metabolite
5503,CMI-U,52924353,compound,metabolite
5503,CMI-U,24778766,compound,metabolite
5503,CMI-U,52925997,compound,metabolite
5503,CMI-U,24778639,compound,metabolite
5503,CMI-U,445580,compound,metabolite
5503,CMI-U,131801910,compound,metabolite
5503,CMI-U,52924125,compound,metabolite
5503,CMI-U,24778618,compound,metabolite
5503,CMI-U,52922210,compound,metabolite
5503,CMI-U,53481707,compound,metabolite
5503,CMI-U,9547087,compound,metabolite
5503,CMI-U,53481779,compound,metabolite
5503,CMI-U,24779379,compound,metabolite
5503,CMI-U,129657,compound,metabolite
5503,CMI-U,53477801,compound,metabolite
5503,CMI-U,53478000,compound,metabolite
5503,CMI-U,24779275,compound,metabolite
5503,CMI-U,44260130,compound,metabolite
5503,CMI-U,5283523,compound,metabolite
5503,CMI-U,87642,compound,metabolite
5503,CMI-U,131750394,compound,metabolite
5503,CMI-U,131750340,compound,metabolite
5503,CMI-U,44260125,compound,metabolite
5503,CMI-U,64969,compound,metabolite
5503,CMI-U,52925214,compound,metabolite
5503,CMI-U,53477960,compound,metabolite
5503,CMI-U,52924162,compound,metabolite
5503,CMI-U,53481753,compound,metabolite
5503,CMI-U,24778723,compound,metabolite
5503,CMI-U,305,compound,metabolite
5503,CMI-U,131750486,compound,metabolite
5503,CMI-U,131750359,compound,metabolite
5503,CMI-U,53480484,compound,metabolite
5503,CMI-U,24778871,compound,metabolite
5503,CMI-U,9547096,compound,metabolite
5503,CMI-U,18631369,compound,metabolite
5503,CMI-U,131750338,compound,metabolite
5503,CMI-U,440728,compound,metabolite
5503,CMI-U,46891684,compound,metabolite
5503,CMI-U,52923882,compound,metabolite
5503,CMI-U,24778880,compound,metabolite
5503,CMI-U,24778642,compound,metabolite
5503,CMI-U,53479907,compound,metabolite
5503,CMI-U,3082163,compound,metabolite
5503,CMI-U,53479796,compound,metabolite
5503,CMI-U,5281969,compound,metabolite
5503,CMI-U,24778745,compound,metabolite
5503,CMI-U,131801673,compound,metabolite
5503,CMI-U,131766038,compound,metabolite
5503,CMI-U,131754572,compound,metabolite
5503,CMI-U,24778627,compound,metabolite
5503,CMI-U,131801665,compound,metabolite
3081361,CMI-U,643976,compound,metabolite
3081361,CMI-U,5281877,compound,metabolite
3081361,CMI-U,5283577,compound,metabolite
3081361,CMI-U,5283575,compound,metabolite
3081361,CMI-U,26934,compound,metabolite
3081361,CMI-U,52925131,compound,metabolite
3081361,CMI-U,443076,compound,metabolite
3081361,CMI-U,52925130,compound,metabolite
3081361,CMI-U,10467,compound,metabolite
3081361,CMI-U,53480964,compound,metabolite
5311,CMI-U,53481051,compound,metabolite
5311,CMI-U,5282310,compound,metabolite
5311,CMI-U,5283568,compound,metabolite
5311,CMI-U,53481047,compound,metabolite
5311,CMI-U,44260138,compound,metabolite
5311,CMI-U,5284604,compound,metabolite
5311,CMI-U,4543,compound,metabolite
5311,CMI-U,53480650,compound,metabolite
