head,relation,tail,head_type,tail_type
3401,CPI,O75469,compound,protein
3401,CPI,P41145,compound,protein
3401,CPI,Q12809,compound,protein
3401,CPI,Q99808,compound,protein
6710614,CPI,P04150,compound,protein
25243794,CPI,O75496,compound,protein
25243794,CPI,P14618,compound,protein
25243794,CPI,P30613,compound,protein
5405,CPI,O43193,compound,protein
5405,CPI,O75604,compound,protein
5405,CPI,P00352,compound,protein
5405,CPI,P00533,compound,protein
5405,CPI,P02545,compound,protein
5405,CPI,P06241,compound,protein
5405,CPI,P07550,compound,protein
5405,CPI,P08172,compound,protein
5405,CPI,P08173,compound,protein
5405,CPI,P08183,compound,protein
5405,CPI,P08588,compound,protein
5405,CPI,P08684,compound,protein
5405,CPI,P08908,compound,protein
5405,CPI,P08912,compound,protein
5405,CPI,P08913,compound,protein
5405,CPI,P0DMS8,compound,protein
5405,CPI,P10635,compound,protein
5405,CPI,P10636,compound,protein
5405,CPI,P11229,compound,protein
5405,CPI,P13945,compound,protein
5405,CPI,P14416,compound,protein
5405,CPI,P17861,compound,protein
5405,CPI,P18089,compound,protein
5405,CPI,P18825,compound,protein
5405,CPI,P20309,compound,protein
5405,CPI,P21397,compound,protein
5405,CPI,P21452,compound,protein
5405,CPI,P21554,compound,protein
5405,CPI,P21728,compound,protein
5405,CPI,P21731,compound,protein
5405,CPI,P21917,compound,protein
5405,CPI,P23975,compound,protein
5405,CPI,P25021,compound,protein
5405,CPI,P25103,compound,protein
5405,CPI,P28223,compound,protein
5405,CPI,P28335,compound,protein
5405,CPI,P31645,compound,protein
5405,CPI,P32245,compound,protein
5405,CPI,P33261,compound,protein
5405,CPI,P34969,compound,protein
5405,CPI,P35367,compound,protein
5405,CPI,P35372,compound,protein
5405,CPI,P35462,compound,protein
5405,CPI,P37288,compound,protein
5405,CPI,P40225,compound,protein
5405,CPI,P41143,compound,protein
5405,CPI,P41595,compound,protein
5405,CPI,P41968,compound,protein
5405,CPI,P42345,compound,protein
5405,CPI,P43681,compound,protein
5405,CPI,P46098,compound,protein
5405,CPI,P50406,compound,protein
5405,CPI,P51589,compound,protein
5405,CPI,P51681,compound,protein
5405,CPI,Q01959,compound,protein
5405,CPI,Q12809,compound,protein
5405,CPI,Q13936,compound,protein
5405,CPI,Q14524,compound,protein
5405,CPI,Q16665,compound,protein
5405,CPI,Q96KQ7,compound,protein
5405,CPI,Q9NUW8,compound,protein
5405,CPI,Q9UBS5,compound,protein
5405,CPI,Q9Y5N1,compound,protein
16187238,CPI,P00352,compound,protein
16187238,CPI,P01215,compound,protein
16187238,CPI,P10636,compound,protein
16187238,CPI,P27695,compound,protein
16187238,CPI,P43220,compound,protein
44483253,CPI,O14983,compound,protein
54766,CPI,O75496,compound,protein
54766,CPI,P06276,compound,protein
54766,CPI,P07550,compound,protein
54766,CPI,P10635,compound,protein
54766,CPI,P22303,compound,protein
3607,CPI,P08172,compound,protein
3607,CPI,P08908,compound,protein
3607,CPI,P11229,compound,protein
3607,CPI,P23975,compound,protein
3607,CPI,P31645,compound,protein
3607,CPI,P35372,compound,protein
3607,CPI,P35462,compound,protein
3607,CPI,Q01959,compound,protein
3607,CPI,Q12809,compound,protein
3607,CPI,Q9NUW8,compound,protein
3607,CPI,Q9Y5N1,compound,protein
596,CPI,P06746,compound,protein
596,CPI,P09884,compound,protein
4746,CPI,P00533,compound,protein
4746,CPI,P06241,compound,protein
4746,CPI,P08172,compound,protein
4746,CPI,P08173,compound,protein
4746,CPI,P08908,compound,protein
4746,CPI,P08912,compound,protein
4746,CPI,P10635,compound,protein
4746,CPI,P11229,compound,protein
4746,CPI,P20309,compound,protein
4746,CPI,P23975,compound,protein
4746,CPI,P41968,compound,protein
4746,CPI,P43681,compound,protein
4746,CPI,Q01959,compound,protein
4746,CPI,Q12809,compound,protein
4746,CPI,Q92847,compound,protein
4746,CPI,Q99720,compound,protein
4746,CPI,Q9Y2T6,compound,protein
5702274,CPI,P04054,compound,protein
5702274,CPI,P04150,compound,protein
1564,CPI,P10636,compound,protein
1564,CPI,P54132,compound,protein
1564,CPI,P83916,compound,protein
1564,CPI,Q96KQ7,compound,protein
1564,CPI,Q9NUW8,compound,protein
441276,CPI,O75469,compound,protein
441276,CPI,P07437,compound,protein
441276,CPI,P10415,compound,protein
441276,CPI,Q9H4B7,compound,protein
2564,CPI,P31645,compound,protein
2564,CPI,P35367,compound,protein
2564,CPI,Q01959,compound,protein
2564,CPI,Q12809,compound,protein
2564,CPI,Q9Y5N1,compound,protein
54167661,CPI,O43497,compound,protein
54167661,CPI,O60840,compound,protein
54167661,CPI,O75469,compound,protein
54167661,CPI,O95180,compound,protein
54167661,CPI,P08684,compound,protein
54167661,CPI,P0DMS8,compound,protein
54167661,CPI,P0DP23,compound,protein
54167661,CPI,P54289,compound,protein
54167661,CPI,Q01668,compound,protein
54167661,CPI,Q08289,compound,protein
54167661,CPI,Q13698,compound,protein
54167661,CPI,Q13936,compound,protein
54167661,CPI,Q9P0X4,compound,protein
54167661,CPI,Q9UK17,compound,protein
643951,CPI,P06280,compound,protein
643951,CPI,P08684,compound,protein
643951,CPI,P10636,compound,protein
643951,CPI,P10828,compound,protein
643951,CPI,P14902,compound,protein
643951,CPI,P35869,compound,protein
643951,CPI,Q13546,compound,protein
21865526,CPI,P08235,compound,protein
2090,CPI,O14727,compound,protein
2090,CPI,P04054,compound,protein
2090,CPI,P55211,compound,protein
2090,CPI,P61088,compound,protein
2090,CPI,Q8WUK0,compound,protein
2090,CPI,Q9Y4P1,compound,protein
5717801,CPI,P05198,compound,protein
237,CPI,O60733,compound,protein
237,CPI,P04054,compound,protein
237,CPI,P04637,compound,protein
237,CPI,P06401,compound,protein
237,CPI,P08172,compound,protein
237,CPI,P08173,compound,protein
237,CPI,P08908,compound,protein
237,CPI,P08912,compound,protein
237,CPI,P08913,compound,protein
237,CPI,P11229,compound,protein
237,CPI,P18089,compound,protein
237,CPI,P18825,compound,protein
237,CPI,P20309,compound,protein
237,CPI,P21731,compound,protein
237,CPI,P22303,compound,protein
237,CPI,P23975,compound,protein
237,CPI,P25021,compound,protein
237,CPI,P25100,compound,protein
237,CPI,P27815,compound,protein
237,CPI,P28223,compound,protein
237,CPI,P31645,compound,protein
237,CPI,P35372,compound,protein
237,CPI,P35462,compound,protein
237,CPI,P47712,compound,protein
237,CPI,Q06278,compound,protein
237,CPI,Q12809,compound,protein
237,CPI,Q15111,compound,protein
237,CPI,Q8N884,compound,protein
237,CPI,Q96KQ7,compound,protein
237,CPI,Q96L73,compound,protein
237,CPI,Q96QE3,compound,protein
237,CPI,Q99700,compound,protein
237,CPI,Q9NUW8,compound,protein
237,CPI,Q9Y5N1,compound,protein
11957586,CPI,P0DMS8,compound,protein
5574,CPI,P08172,compound,protein
5574,CPI,P08908,compound,protein
5574,CPI,P08913,compound,protein
5574,CPI,P11229,compound,protein
5574,CPI,P21728,compound,protein
5574,CPI,P23975,compound,protein
5574,CPI,P31645,compound,protein
5574,CPI,P35367,compound,protein
5574,CPI,P35372,compound,protein
5574,CPI,P35462,compound,protein
5574,CPI,Q12809,compound,protein
16218979,CPI,P99999,compound,protein
227112,CPI,O75496,compound,protein
227112,CPI,P10275,compound,protein
227112,CPI,Q13148,compound,protein
227112,CPI,Q16236,compound,protein
5270,CPI,P54132,compound,protein
5270,CPI,P83916,compound,protein
5270,CPI,Q08828,compound,protein
5270,CPI,Q6W5P4,compound,protein
5270,CPI,Q96KQ7,compound,protein
44483336,CPI,P04150,compound,protein
44483336,CPI,P06401,compound,protein
44483336,CPI,P08235,compound,protein
44483336,CPI,P47712,compound,protein
299,CPI,O75496,compound,protein
299,CPI,P03372,compound,protein
299,CPI,P04637,compound,protein
299,CPI,P07900,compound,protein
299,CPI,P08684,compound,protein
299,CPI,P16050,compound,protein
299,CPI,P16473,compound,protein
299,CPI,P27695,compound,protein
299,CPI,P43220,compound,protein
299,CPI,P51449,compound,protein
299,CPI,Q96RI1,compound,protein
4624993,CPI,P43220,compound,protein
4624993,CPI,Q9UNA4,compound,protein
42594,CPI,P11388,compound,protein
42594,CPI,Q02880,compound,protein
5052,CPI,O15296,compound,protein
5052,CPI,P08684,compound,protein
5052,CPI,P54219,compound,protein
5052,CPI,Q05940,compound,protein
5052,CPI,Q9HC16,compound,protein
20507134,CPI,P23219,compound,protein
20507134,CPI,P35354,compound,protein
2532,CPI,P33261,compound,protein
4402,CPI,O75496,compound,protein
2951539,CPI,P84022,compound,protein
4046,CPI,O43193,compound,protein
4046,CPI,O75469,compound,protein
4046,CPI,P02545,compound,protein
4046,CPI,P03372,compound,protein
4046,CPI,P04150,compound,protein
4046,CPI,P04637,compound,protein
4046,CPI,P05177,compound,protein
4046,CPI,P06401,compound,protein
4046,CPI,P07550,compound,protein
4046,CPI,P08172,compound,protein
4046,CPI,P08588,compound,protein
4046,CPI,P08908,compound,protein
4046,CPI,P08913,compound,protein
4046,CPI,P0DMS8,compound,protein
4046,CPI,P10635,compound,protein
4046,CPI,P11229,compound,protein
4046,CPI,P14416,compound,protein
4046,CPI,P18089,compound,protein
4046,CPI,P18825,compound,protein
4046,CPI,P21397,compound,protein
4046,CPI,P21554,compound,protein
4046,CPI,P21728,compound,protein
4046,CPI,P21731,compound,protein
4046,CPI,P23415,compound,protein
4046,CPI,P23975,compound,protein
4046,CPI,P25021,compound,protein
4046,CPI,P25929,compound,protein
4046,CPI,P28223,compound,protein
4046,CPI,P29274,compound,protein
4046,CPI,P30411,compound,protein
4046,CPI,P30518,compound,protein
4046,CPI,P30542,compound,protein
4046,CPI,P30556,compound,protein
4046,CPI,P31645,compound,protein
4046,CPI,P32238,compound,protein
4046,CPI,P32245,compound,protein
4046,CPI,P35354,compound,protein
4046,CPI,P35367,compound,protein
4046,CPI,P37288,compound,protein
4046,CPI,P41145,compound,protein
4046,CPI,P41595,compound,protein
4046,CPI,P41968,compound,protein
4046,CPI,P43681,compound,protein
4046,CPI,Q12809,compound,protein
4046,CPI,Q92847,compound,protein
4046,CPI,Q99700,compound,protein
4046,CPI,Q9NUW8,compound,protein
4046,CPI,Q9Y5N1,compound,protein
4008,CPI,O00305,compound,protein
4008,CPI,O00555,compound,protein
4008,CPI,O43497,compound,protein
4008,CPI,O60840,compound,protein
4008,CPI,O75469,compound,protein
4008,CPI,O95180,compound,protein
4008,CPI,P03372,compound,protein
4008,CPI,P08183,compound,protein
4008,CPI,P0DMS8,compound,protein
4008,CPI,P14416,compound,protein
4008,CPI,P35367,compound,protein
4008,CPI,P35462,compound,protein
4008,CPI,P41145,compound,protein
4008,CPI,P54284,compound,protein
4008,CPI,Q01668,compound,protein
4008,CPI,Q02641,compound,protein
4008,CPI,Q08289,compound,protein
4008,CPI,Q12809,compound,protein
4008,CPI,Q13698,compound,protein
4008,CPI,Q13936,compound,protein
4008,CPI,Q96KQ7,compound,protein
4008,CPI,Q9P0X4,compound,protein
2203170,CPI,Q9NUW8,compound,protein
204,CPI,P27695,compound,protein
204,CPI,P37840,compound,protein
48229,CPI,A8K7I4,compound,protein
48229,CPI,O75469,compound,protein
48229,CPI,P23219,compound,protein
48229,CPI,P51800,compound,protein
48229,CPI,Q08499,compound,protein
17759555,CPI,P00533,compound,protein
17759555,CPI,P08254,compound,protein
17759555,CPI,P08684,compound,protein
17759555,CPI,P41279,compound,protein
44607965,CPI,Q9Y570,compound,protein
16362,CPI,O15296,compound,protein
16362,CPI,O43497,compound,protein
16362,CPI,O75604,compound,protein
16362,CPI,O94782,compound,protein
16362,CPI,O95069,compound,protein
16362,CPI,O95180,compound,protein
16362,CPI,O95342,compound,protein
16362,CPI,P02545,compound,protein
16362,CPI,P03372,compound,protein
16362,CPI,P07550,compound,protein
16362,CPI,P08172,compound,protein
16362,CPI,P08183,compound,protein
16362,CPI,P08588,compound,protein
16362,CPI,P08684,compound,protein
16362,CPI,P08908,compound,protein
16362,CPI,P08913,compound,protein
16362,CPI,P0DMS8,compound,protein
16362,CPI,P0DP23,compound,protein
16362,CPI,P10275,compound,protein
16362,CPI,P10635,compound,protein
16362,CPI,P10636,compound,protein
16362,CPI,P11229,compound,protein
16362,CPI,P11473,compound,protein
16362,CPI,P13945,compound,protein
16362,CPI,P14416,compound,protein
16362,CPI,P17861,compound,protein
16362,CPI,P18089,compound,protein
16362,CPI,P18825,compound,protein
16362,CPI,P19793,compound,protein
16362,CPI,P20309,compound,protein
16362,CPI,P21397,compound,protein
16362,CPI,P21554,compound,protein
16362,CPI,P21728,compound,protein
16362,CPI,P21917,compound,protein
16362,CPI,P23415,compound,protein
16362,CPI,P23975,compound,protein
16362,CPI,P25021,compound,protein
16362,CPI,P25103,compound,protein
16362,CPI,P28221,compound,protein
16362,CPI,P28223,compound,protein
16362,CPI,P28482,compound,protein
16362,CPI,P31645,compound,protein
16362,CPI,P32238,compound,protein
16362,CPI,P34969,compound,protein
16362,CPI,P35367,compound,protein
16362,CPI,P35372,compound,protein
16362,CPI,P35462,compound,protein
16362,CPI,P37231,compound,protein
16362,CPI,P40225,compound,protein
16362,CPI,P41143,compound,protein
16362,CPI,P41145,compound,protein
16362,CPI,P41595,compound,protein
16362,CPI,P41968,compound,protein
16362,CPI,P43220,compound,protein
16362,CPI,P50406,compound,protein
16362,CPI,P54803,compound,protein
16362,CPI,Q01959,compound,protein
16362,CPI,Q03181,compound,protein
16362,CPI,Q12809,compound,protein
16362,CPI,Q13148,compound,protein
16362,CPI,Q13936,compound,protein
16362,CPI,Q16665,compound,protein
16362,CPI,Q6W5P4,compound,protein
16362,CPI,Q8TDS4,compound,protein
16362,CPI,Q96KQ7,compound,protein
16362,CPI,Q9H3N8,compound,protein
16362,CPI,Q9NUW8,compound,protein
16362,CPI,Q9UBT6,compound,protein
2630179,CPI,O75496,compound,protein
2630179,CPI,Q13148,compound,protein
44505177,CPI,O94782,compound,protein
398148,CPI,O75496,compound,protein
398148,CPI,P06493,compound,protein
398148,CPI,P24941,compound,protein
398148,CPI,Q96QE3,compound,protein
398148,CPI,Q99700,compound,protein
398148,CPI,Q9NUW8,compound,protein
755673,CPI,O15296,compound,protein
755673,CPI,O94806,compound,protein
755673,CPI,P00352,compound,protein
755673,CPI,P02545,compound,protein
755673,CPI,P04637,compound,protein
755673,CPI,P49841,compound,protein
755673,CPI,Q13563,compound,protein
755673,CPI,Q15139,compound,protein
755673,CPI,Q96QE3,compound,protein
755673,CPI,Q9BYT3,compound,protein
755673,CPI,Q9BZL6,compound,protein
755673,CPI,Q9NUW8,compound,protein
755673,CPI,Q9UIF8,compound,protein
755673,CPI,Q9Y468,compound,protein
9705,CPI,O15296,compound,protein
9705,CPI,P08684,compound,protein
9705,CPI,P11712,compound,protein
9705,CPI,P33261,compound,protein
9705,CPI,P46063,compound,protein
9705,CPI,Q9NUW8,compound,protein
1548953,CPI,O75496,compound,protein
1548953,CPI,P00533,compound,protein
1548953,CPI,P03372,compound,protein
1548953,CPI,P04626,compound,protein
1548953,CPI,P06241,compound,protein
1548953,CPI,P08172,compound,protein
1548953,CPI,P08173,compound,protein
1548953,CPI,P08912,compound,protein
1548953,CPI,P08913,compound,protein
1548953,CPI,P0DMS8,compound,protein
1548953,CPI,P10635,compound,protein
1548953,CPI,P11229,compound,protein
1548953,CPI,P13945,compound,protein
1548953,CPI,P18089,compound,protein
1548953,CPI,P18825,compound,protein
1548953,CPI,P20309,compound,protein
1548953,CPI,P21452,compound,protein
1548953,CPI,P23219,compound,protein
1548953,CPI,P23975,compound,protein
1548953,CPI,P28223,compound,protein
1548953,CPI,P28335,compound,protein
1548953,CPI,P31645,compound,protein
1548953,CPI,P35462,compound,protein
1548953,CPI,P41595,compound,protein
1548953,CPI,P50406,compound,protein
1548953,CPI,Q01959,compound,protein
1548953,CPI,Q15125,compound,protein
1548953,CPI,Q96P20,compound,protein
1548953,CPI,Q99720,compound,protein
189562,CPI,P07550,compound,protein
189562,CPI,P08588,compound,protein
189562,CPI,P13945,compound,protein
208898,CPI,O00305,compound,protein
208898,CPI,O60840,compound,protein
208898,CPI,O95069,compound,protein
208898,CPI,P03372,compound,protein
208898,CPI,P06401,compound,protein
208898,CPI,P08172,compound,protein
208898,CPI,P08588,compound,protein
208898,CPI,P08908,compound,protein
208898,CPI,P0DMS8,compound,protein
208898,CPI,P10827,compound,protein
208898,CPI,P11229,compound,protein
208898,CPI,P18089,compound,protein
208898,CPI,P18825,compound,protein
208898,CPI,P21728,compound,protein
208898,CPI,P22460,compound,protein
208898,CPI,P23975,compound,protein
208898,CPI,P25100,compound,protein
208898,CPI,P31645,compound,protein
208898,CPI,P32418,compound,protein
208898,CPI,P35368,compound,protein
208898,CPI,P35372,compound,protein
208898,CPI,P35462,compound,protein
208898,CPI,P48050,compound,protein
208898,CPI,P48549,compound,protein
208898,CPI,P51787,compound,protein
208898,CPI,P54284,compound,protein
208898,CPI,P63252,compound,protein
208898,CPI,Q01668,compound,protein
208898,CPI,Q01959,compound,protein
208898,CPI,Q02641,compound,protein
208898,CPI,Q08289,compound,protein
208898,CPI,Q12809,compound,protein
208898,CPI,Q13698,compound,protein
208898,CPI,Q13936,compound,protein
208898,CPI,Q14500,compound,protein
208898,CPI,Q14524,compound,protein
208898,CPI,Q9NUW8,compound,protein
208898,CPI,Q9UK17,compound,protein
9818682,CPI,P03956,compound,protein
9818682,CPI,P08253,compound,protein
9818682,CPI,P08254,compound,protein
9818682,CPI,P13497,compound,protein
9818682,CPI,P14780,compound,protein
9818682,CPI,P27815,compound,protein
9818682,CPI,P50281,compound,protein
9818682,CPI,Q07343,compound,protein
9818682,CPI,Q08493,compound,protein
9818682,CPI,Q08499,compound,protein
25033539,CPI,O00329,compound,protein
25033539,CPI,P19784,compound,protein
25033539,CPI,P31749,compound,protein
25033539,CPI,P42336,compound,protein
25033539,CPI,P42338,compound,protein
25033539,CPI,P42345,compound,protein
25033539,CPI,P48736,compound,protein
3234850,CPI,P02545,compound,protein
3234850,CPI,P05177,compound,protein
3234850,CPI,P08684,compound,protein
3234850,CPI,P33261,compound,protein
3234850,CPI,P49759,compound,protein
3234850,CPI,Q13627,compound,protein
3234850,CPI,Q16665,compound,protein
3234850,CPI,Q96QE3,compound,protein
3234850,CPI,Q9HAZ1,compound,protein
1797,CPI,P05177,compound,protein
1797,CPI,P08908,compound,protein
1797,CPI,P10636,compound,protein
1797,CPI,P28221,compound,protein
1797,CPI,P28222,compound,protein
1797,CPI,P28223,compound,protein
1797,CPI,P33261,compound,protein
1797,CPI,Q9NUW8,compound,protein
1797,CPI,Q9UBT6,compound,protein
123879,CPI,P03372,compound,protein
123879,CPI,P08172,compound,protein
123879,CPI,P08908,compound,protein
123879,CPI,P08913,compound,protein
123879,CPI,P11229,compound,protein
123879,CPI,P14416,compound,protein
123879,CPI,P18089,compound,protein
123879,CPI,P18825,compound,protein
123879,CPI,P21397,compound,protein
123879,CPI,P21554,compound,protein
123879,CPI,P21728,compound,protein
123879,CPI,P21731,compound,protein
123879,CPI,P24530,compound,protein
123879,CPI,P25101,compound,protein
123879,CPI,P28223,compound,protein
123879,CPI,P35367,compound,protein
123879,CPI,P41145,compound,protein
123879,CPI,P41595,compound,protein
123879,CPI,P46663,compound,protein
123879,CPI,P47871,compound,protein
123879,CPI,P49146,compound,protein
123879,CPI,Q13258,compound,protein
123879,CPI,Q96KQ7,compound,protein
123879,CPI,Q9NR56,compound,protein
123879,CPI,Q9Y5Y4,compound,protein
148201,CPI,P08183,compound,protein
148201,CPI,P11712,compound,protein
148201,CPI,P33261,compound,protein
148201,CPI,Q9UNQ0,compound,protein
761523,CPI,P16885,compound,protein
761523,CPI,P19174,compound,protein
761523,CPI,P33261,compound,protein
761523,CPI,P49798,compound,protein
761523,CPI,P51178,compound,protein
761523,CPI,Q00722,compound,protein
761523,CPI,Q01970,compound,protein
761523,CPI,Q9UBT6,compound,protein
77991,CPI,P06276,compound,protein
77991,CPI,P22303,compound,protein
77991,CPI,P31645,compound,protein
8249,CPI,O15245,compound,protein
8249,CPI,O43193,compound,protein
8249,CPI,P02545,compound,protein
8249,CPI,P07550,compound,protein
8249,CPI,P08172,compound,protein
8249,CPI,P08588,compound,protein
8249,CPI,P08908,compound,protein
8249,CPI,P08913,compound,protein
8249,CPI,P10635,compound,protein
8249,CPI,P16473,compound,protein
8249,CPI,P21728,compound,protein
8249,CPI,P25021,compound,protein
8249,CPI,P28223,compound,protein
8249,CPI,P41145,compound,protein
8249,CPI,P41595,compound,protein
8249,CPI,P43681,compound,protein
8249,CPI,P54619,compound,protein
8249,CPI,Q13131,compound,protein
8249,CPI,Q15842,compound,protein
8249,CPI,Q16665,compound,protein
8249,CPI,Q9Y478,compound,protein
8249,CPI,Q9Y5N1,compound,protein
25243728,CPI,P14618,compound,protein
25243728,CPI,P30613,compound,protein
4735,CPI,O14717,compound,protein
4735,CPI,O15244,compound,protein
4735,CPI,O15393,compound,protein
4735,CPI,O75365,compound,protein
4735,CPI,O75751,compound,protein
4735,CPI,P00734,compound,protein
4735,CPI,P00747,compound,protein
4735,CPI,P04271,compound,protein
4735,CPI,P07477,compound,protein
4735,CPI,P08172,compound,protein
4735,CPI,P08173,compound,protein
4735,CPI,P08912,compound,protein
4735,CPI,P08913,compound,protein
4735,CPI,P10635,compound,protein
4735,CPI,P19801,compound,protein
4735,CPI,P21397,compound,protein
4735,CPI,P21673,compound,protein
4735,CPI,P21728,compound,protein
4735,CPI,P22303,compound,protein
4735,CPI,P23975,compound,protein
4735,CPI,P28223,compound,protein
4735,CPI,P28335,compound,protein
4735,CPI,P31645,compound,protein
4735,CPI,P35372,compound,protein
4735,CPI,P35462,compound,protein
4735,CPI,Q01959,compound,protein
4735,CPI,Q12809,compound,protein
4735,CPI,Q12974,compound,protein
4735,CPI,Q15661,compound,protein
4735,CPI,Q86VL8,compound,protein
4735,CPI,Q93096,compound,protein
4735,CPI,Q96FL8,compound,protein
4735,CPI,Q9Y5N1,compound,protein
4735,CPI,Q9Y5Y6,compound,protein
9813758,CPI,O00238,compound,protein
9813758,CPI,O00329,compound,protein
9813758,CPI,O00444,compound,protein
9813758,CPI,O00506,compound,protein
9813758,CPI,O00750,compound,protein
9813758,CPI,O14578,compound,protein
9813758,CPI,O14730,compound,protein
9813758,CPI,O14733,compound,protein
9813758,CPI,O14757,compound,protein
9813758,CPI,O14920,compound,protein
9813758,CPI,O14936,compound,protein
9813758,CPI,O14965,compound,protein
9813758,CPI,O14976,compound,protein
9813758,CPI,O15075,compound,protein
9813758,CPI,O15111,compound,protein
9813758,CPI,O15146,compound,protein
9813758,CPI,O15197,compound,protein
9813758,CPI,O15264,compound,protein
9813758,CPI,O15530,compound,protein
9813758,CPI,O43283,compound,protein
9813758,CPI,O43293,compound,protein
9813758,CPI,O43318,compound,protein
9813758,CPI,O43353,compound,protein
9813758,CPI,O60285,compound,protein
9813758,CPI,O60331,compound,protein
9813758,CPI,O60674,compound,protein
9813758,CPI,O75116,compound,protein
9813758,CPI,O75385,compound,protein
9813758,CPI,O75460,compound,protein
9813758,CPI,O75582,compound,protein
9813758,CPI,O75676,compound,protein
9813758,CPI,O75716,compound,protein
9813758,CPI,O75747,compound,protein
9813758,CPI,O75914,compound,protein
9813758,CPI,O76039,compound,protein
9813758,CPI,O94768,compound,protein
9813758,CPI,O94804,compound,protein
9813758,CPI,O94806,compound,protein
9813758,CPI,O94921,compound,protein
9813758,CPI,O95382,compound,protein
9813758,CPI,O95747,compound,protein
9813758,CPI,O95819,compound,protein
9813758,CPI,O95835,compound,protein
9813758,CPI,O96013,compound,protein
9813758,CPI,O96017,compound,protein
9813758,CPI,P00519,compound,protein
9813758,CPI,P00533,compound,protein
9813758,CPI,P04049,compound,protein
9813758,CPI,P04626,compound,protein
9813758,CPI,P04629,compound,protein
9813758,CPI,P06213,compound,protein
9813758,CPI,P06239,compound,protein
9813758,CPI,P06241,compound,protein
9813758,CPI,P06493,compound,protein
9813758,CPI,P07332,compound,protein
9813758,CPI,P07333,compound,protein
9813758,CPI,P07947,compound,protein
9813758,CPI,P07948,compound,protein
9813758,CPI,P07949,compound,protein
9813758,CPI,P08069,compound,protein
9813758,CPI,P08581,compound,protein
9813758,CPI,P08631,compound,protein
9813758,CPI,P08922,compound,protein
9813758,CPI,P09619,compound,protein
9813758,CPI,P09769,compound,protein
9813758,CPI,P0C1S8,compound,protein
9813758,CPI,P0C264,compound,protein
9813758,CPI,P10721,compound,protein
9813758,CPI,P11309,compound,protein
9813758,CPI,P11362,compound,protein
9813758,CPI,P11802,compound,protein
9813758,CPI,P12931,compound,protein
9813758,CPI,P14616,compound,protein
9813758,CPI,P15056,compound,protein
9813758,CPI,P15735,compound,protein
9813758,CPI,P16234,compound,protein
9813758,CPI,P16591,compound,protein
9813758,CPI,P17948,compound,protein
9813758,CPI,P19525,compound,protein
9813758,CPI,P19784,compound,protein
9813758,CPI,P20794,compound,protein
9813758,CPI,P21127,compound,protein
9813758,CPI,P21709,compound,protein
9813758,CPI,P21802,compound,protein
9813758,CPI,P21860,compound,protein
9813758,CPI,P22455,compound,protein
9813758,CPI,P22607,compound,protein
9813758,CPI,P22694,compound,protein
9813758,CPI,P23443,compound,protein
9813758,CPI,P23458,compound,protein
9813758,CPI,P24941,compound,protein
9813758,CPI,P27037,compound,protein
9813758,CPI,P27361,compound,protein
9813758,CPI,P27448,compound,protein
9813758,CPI,P28482,compound,protein
9813758,CPI,P29317,compound,protein
9813758,CPI,P29320,compound,protein
9813758,CPI,P29322,compound,protein
9813758,CPI,P29323,compound,protein
9813758,CPI,P29376,compound,protein
9813758,CPI,P29597,compound,protein
9813758,CPI,P30291,compound,protein
9813758,CPI,P30530,compound,protein
9813758,CPI,P31152,compound,protein
9813758,CPI,P31749,compound,protein
9813758,CPI,P31751,compound,protein
9813758,CPI,P32298,compound,protein
9813758,CPI,P33981,compound,protein
9813758,CPI,P35590,compound,protein
9813758,CPI,P35916,compound,protein
9813758,CPI,P35968,compound,protein
9813758,CPI,P36507,compound,protein
9813758,CPI,P36888,compound,protein
9813758,CPI,P36894,compound,protein
9813758,CPI,P36896,compound,protein
9813758,CPI,P36897,compound,protein
9813758,CPI,P37023,compound,protein
9813758,CPI,P37173,compound,protein
9813758,CPI,P41240,compound,protein
9813758,CPI,P41743,compound,protein
9813758,CPI,P42336,compound,protein
9813758,CPI,P42338,compound,protein
9813758,CPI,P42345,compound,protein
9813758,CPI,P42679,compound,protein
9813758,CPI,P42680,compound,protein
9813758,CPI,P42681,compound,protein
9813758,CPI,P42684,compound,protein
9813758,CPI,P42685,compound,protein
9813758,CPI,P43403,compound,protein
9813758,CPI,P43405,compound,protein
9813758,CPI,P45983,compound,protein
9813758,CPI,P45984,compound,protein
9813758,CPI,P45985,compound,protein
9813758,CPI,P46734,compound,protein
9813758,CPI,P48729,compound,protein
9813758,CPI,P48730,compound,protein
9813758,CPI,P48736,compound,protein
9813758,CPI,P49137,compound,protein
9813758,CPI,P49336,compound,protein
9813758,CPI,P49674,compound,protein
9813758,CPI,P49759,compound,protein
9813758,CPI,P49760,compound,protein
9813758,CPI,P49761,compound,protein
9813758,CPI,P49840,compound,protein
9813758,CPI,P49841,compound,protein
9813758,CPI,P50613,compound,protein
9813758,CPI,P50750,compound,protein
9813758,CPI,P51451,compound,protein
9813758,CPI,P51617,compound,protein
9813758,CPI,P51812,compound,protein
9813758,CPI,P51813,compound,protein
9813758,CPI,P51817,compound,protein
9813758,CPI,P51955,compound,protein
9813758,CPI,P51956,compound,protein
9813758,CPI,P51957,compound,protein
9813758,CPI,P52333,compound,protein
9813758,CPI,P52564,compound,protein
9813758,CPI,P53350,compound,protein
9813758,CPI,P53355,compound,protein
9813758,CPI,P53667,compound,protein
9813758,CPI,P53671,compound,protein
9813758,CPI,P53778,compound,protein
9813758,CPI,P53779,compound,protein
9813758,CPI,P54646,compound,protein
9813758,CPI,P54753,compound,protein
9813758,CPI,P54756,compound,protein
9813758,CPI,P54760,compound,protein
9813758,CPI,P54762,compound,protein
9813758,CPI,P54764,compound,protein
9813758,CPI,P57058,compound,protein
9813758,CPI,P57059,compound,protein
9813758,CPI,P57078,compound,protein
9813758,CPI,P68400,compound,protein
9813758,CPI,P78356,compound,protein
9813758,CPI,P78362,compound,protein
9813758,CPI,P78368,compound,protein
9813758,CPI,P80192,compound,protein
9813758,CPI,Q00526,compound,protein
9813758,CPI,Q00532,compound,protein
9813758,CPI,Q00535,compound,protein
9813758,CPI,Q00536,compound,protein
9813758,CPI,Q00537,compound,protein
9813758,CPI,Q02156,compound,protein
9813758,CPI,Q02750,compound,protein
9813758,CPI,Q02763,compound,protein
9813758,CPI,Q02779,compound,protein
9813758,CPI,Q04759,compound,protein
9813758,CPI,Q04771,compound,protein
9813758,CPI,Q04912,compound,protein
9813758,CPI,Q05397,compound,protein
9813758,CPI,Q05655,compound,protein
9813758,CPI,Q06187,compound,protein
9813758,CPI,Q06418,compound,protein
9813758,CPI,Q07002,compound,protein
9813758,CPI,Q07912,compound,protein
9813758,CPI,Q08345,compound,protein
9813758,CPI,Q08881,compound,protein
9813758,CPI,Q09013,compound,protein
9813758,CPI,Q12851,compound,protein
9813758,CPI,Q12852,compound,protein
9813758,CPI,Q12866,compound,protein
9813758,CPI,Q13043,compound,protein
9813758,CPI,Q13131,compound,protein
9813758,CPI,Q13153,compound,protein
9813758,CPI,Q13163,compound,protein
9813758,CPI,Q13164,compound,protein
9813758,CPI,Q13177,compound,protein
9813758,CPI,Q13188,compound,protein
9813758,CPI,Q13233,compound,protein
9813758,CPI,Q13237,compound,protein
9813758,CPI,Q13464,compound,protein
9813758,CPI,Q13470,compound,protein
9813758,CPI,Q13523,compound,protein
9813758,CPI,Q13546,compound,protein
9813758,CPI,Q13554,compound,protein
9813758,CPI,Q13555,compound,protein
9813758,CPI,Q13557,compound,protein
9813758,CPI,Q13627,compound,protein
9813758,CPI,Q13705,compound,protein
9813758,CPI,Q13873,compound,protein
9813758,CPI,Q13882,compound,protein
9813758,CPI,Q13976,compound,protein
9813758,CPI,Q14004,compound,protein
9813758,CPI,Q14012,compound,protein
9813758,CPI,Q14164,compound,protein
9813758,CPI,Q14289,compound,protein
9813758,CPI,Q14680,compound,protein
9813758,CPI,Q15139,compound,protein
9813758,CPI,Q15208,compound,protein
9813758,CPI,Q15303,compound,protein
9813758,CPI,Q15349,compound,protein
9813758,CPI,Q15375,compound,protein
9813758,CPI,Q15418,compound,protein
9813758,CPI,Q15569,compound,protein
9813758,CPI,Q15746,compound,protein
9813758,CPI,Q15759,compound,protein
9813758,CPI,Q15831,compound,protein
9813758,CPI,Q15835,compound,protein
9813758,CPI,Q16288,compound,protein
9813758,CPI,Q16512,compound,protein
9813758,CPI,Q16513,compound,protein
9813758,CPI,Q16539,compound,protein
9813758,CPI,Q16566,compound,protein
9813758,CPI,Q16584,compound,protein
9813758,CPI,Q16620,compound,protein
9813758,CPI,Q16659,compound,protein
9813758,CPI,Q16816,compound,protein
9813758,CPI,Q16832,compound,protein
9813758,CPI,Q2M2I8,compound,protein
9813758,CPI,Q32MK0,compound,protein
9813758,CPI,Q52WX2,compound,protein
9813758,CPI,Q56UN5,compound,protein
9813758,CPI,Q59H18,compound,protein
9813758,CPI,Q5S007,compound,protein
9813758,CPI,Q5VT25,compound,protein
9813758,CPI,Q6DT37,compound,protein
9813758,CPI,Q6PHR2,compound,protein
9813758,CPI,Q6XUX3,compound,protein
9813758,CPI,Q6ZN16,compound,protein
9813758,CPI,Q7KZI7,compound,protein
9813758,CPI,Q7L7X3,compound,protein
9813758,CPI,Q86UE8,compound,protein
9813758,CPI,Q86UX6,compound,protein
9813758,CPI,Q86V86,compound,protein
9813758,CPI,Q86Y07,compound,protein
9813758,CPI,Q86YV6,compound,protein
9813758,CPI,Q86Z02,compound,protein
9813758,CPI,Q8IU85,compound,protein
9813758,CPI,Q8IVH8,compound,protein
9813758,CPI,Q8IVW4,compound,protein
9813758,CPI,Q8IW41,compound,protein
9813758,CPI,Q8IWQ3,compound,protein
9813758,CPI,Q8IY84,compound,protein
9813758,CPI,Q8IYT8,compound,protein
9813758,CPI,Q8N4C8,compound,protein
9813758,CPI,Q8N568,compound,protein
9813758,CPI,Q8N5S9,compound,protein
9813758,CPI,Q8N752,compound,protein
9813758,CPI,Q8NE63,compound,protein
9813758,CPI,Q8NEV4,compound,protein
9813758,CPI,Q8NFD2,compound,protein
9813758,CPI,Q8NG66,compound,protein
9813758,CPI,Q8NI60,compound,protein
9813758,CPI,Q8TBX8,compound,protein
9813758,CPI,Q8TD08,compound,protein
9813758,CPI,Q8TD19,compound,protein
9813758,CPI,Q8TDC3,compound,protein
9813758,CPI,Q8TDR2,compound,protein
9813758,CPI,Q8TDX7,compound,protein
9813758,CPI,Q8WTQ7,compound,protein
9813758,CPI,Q8WU08,compound,protein
9813758,CPI,Q8WXR4,compound,protein
9813758,CPI,Q92630,compound,protein
9813758,CPI,Q92772,compound,protein
9813758,CPI,Q92918,compound,protein
9813758,CPI,Q96BR1,compound,protein
9813758,CPI,Q96D53,compound,protein
9813758,CPI,Q96GD4,compound,protein
9813758,CPI,Q96L34,compound,protein
9813758,CPI,Q96NX5,compound,protein
9813758,CPI,Q96PY6,compound,protein
9813758,CPI,Q96Q40,compound,protein
9813758,CPI,Q96RR4,compound,protein
9813758,CPI,Q96SB4,compound,protein
9813758,CPI,Q99640,compound,protein
9813758,CPI,Q99683,compound,protein
9813758,CPI,Q99755,compound,protein
9813758,CPI,Q99759,compound,protein
9813758,CPI,Q9BQI3,compound,protein
9813758,CPI,Q9BRS2,compound,protein
9813758,CPI,Q9BUB5,compound,protein
9813758,CPI,Q9BVS4,compound,protein
9813758,CPI,Q9BWU1,compound,protein
9813758,CPI,Q9BX84,compound,protein
9813758,CPI,Q9BXA7,compound,protein
9813758,CPI,Q9BYT3,compound,protein
9813758,CPI,Q9BZL6,compound,protein
9813758,CPI,Q9C098,compound,protein
9813758,CPI,Q9H093,compound,protein
9813758,CPI,Q9H0K1,compound,protein
9813758,CPI,Q9H1R3,compound,protein
9813758,CPI,Q9H2G2,compound,protein
9813758,CPI,Q9H2K8,compound,protein
9813758,CPI,Q9H2X6,compound,protein
9813758,CPI,Q9H3Y6,compound,protein
9813758,CPI,Q9H422,compound,protein
9813758,CPI,Q9H4B4,compound,protein
9813758,CPI,Q9HAZ1,compound,protein
9813758,CPI,Q9HBH9,compound,protein
9813758,CPI,Q9HC98,compound,protein
9813758,CPI,Q9HCP0,compound,protein
9813758,CPI,Q9NQU5,compound,protein
9813758,CPI,Q9NRH2,compound,protein
9813758,CPI,Q9NRM7,compound,protein
9813758,CPI,Q9NRP7,compound,protein
9813758,CPI,Q9NSY1,compound,protein
9813758,CPI,Q9NWZ3,compound,protein
9813758,CPI,Q9NY57,compound,protein
9813758,CPI,Q9NYL2,compound,protein
9813758,CPI,Q9NYY3,compound,protein
9813758,CPI,Q9P0L2,compound,protein
9813758,CPI,Q9P1W9,compound,protein
9813758,CPI,Q9P289,compound,protein
9813758,CPI,Q9P2K8,compound,protein
9813758,CPI,Q9UBE8,compound,protein
9813758,CPI,Q9UBF8,compound,protein
9813758,CPI,Q9UEE5,compound,protein
9813758,CPI,Q9UEW8,compound,protein
9813758,CPI,Q9UF33,compound,protein
9813758,CPI,Q9UHD2,compound,protein
9813758,CPI,Q9UIK4,compound,protein
9813758,CPI,Q9UK32,compound,protein
9813758,CPI,Q9UKE5,compound,protein
9813758,CPI,Q9UKI8,compound,protein
9813758,CPI,Q9UL54,compound,protein
9813758,CPI,Q9UM73,compound,protein
9813758,CPI,Q9UPE1,compound,protein
9813758,CPI,Q9UPZ9,compound,protein
9813758,CPI,Q9UQ88,compound,protein
9813758,CPI,Q9UQB9,compound,protein
9813758,CPI,Q9UQM7,compound,protein
9813758,CPI,Q9Y243,compound,protein
9813758,CPI,Q9Y2H1,compound,protein
9813758,CPI,Q9Y2K2,compound,protein
9813758,CPI,Q9Y2U5,compound,protein
9813758,CPI,Q9Y463,compound,protein
9813758,CPI,Q9Y4K4,compound,protein
9813758,CPI,Q9Y5S2,compound,protein
9813758,CPI,Q9Y616,compound,protein
9813758,CPI,Q9Y6E0,compound,protein
9813758,CPI,Q9Y6M4,compound,protein
9813758,CPI,Q9Y6R4,compound,protein
73707449,CPI,O95718,compound,protein
73707449,CPI,P04150,compound,protein
73707449,CPI,P11474,compound,protein
73707449,CPI,P62508,compound,protein
75299800,CPI,P21453,compound,protein
75299800,CPI,Q9H228,compound,protein
2780,CPI,P08684,compound,protein
2780,CPI,P10635,compound,protein
2780,CPI,P11712,compound,protein
2780,CPI,P14416,compound,protein
2780,CPI,P18825,compound,protein
2780,CPI,P21917,compound,protein
2780,CPI,P22303,compound,protein
2780,CPI,P28223,compound,protein
2780,CPI,P35462,compound,protein
2780,CPI,P41595,compound,protein
2780,CPI,P46098,compound,protein
2780,CPI,Q08499,compound,protein
2780,CPI,Q12809,compound,protein
2780,CPI,Q14432,compound,protein
2157,CPI,O00305,compound,protein
2157,CPI,O15296,compound,protein
2157,CPI,O60840,compound,protein
2157,CPI,O95342,compound,protein
2157,CPI,P00352,compound,protein
2157,CPI,P02545,compound,protein
2157,CPI,P04150,compound,protein
2157,CPI,P04626,compound,protein
2157,CPI,P04637,compound,protein
2157,CPI,P05177,compound,protein
2157,CPI,P06241,compound,protein
2157,CPI,P07550,compound,protein
2157,CPI,P08172,compound,protein
2157,CPI,P08173,compound,protein
2157,CPI,P08183,compound,protein
2157,CPI,P08588,compound,protein
2157,CPI,P08684,compound,protein
2157,CPI,P08908,compound,protein
2157,CPI,P08912,compound,protein
2157,CPI,P08913,compound,protein
2157,CPI,P0DMS8,compound,protein
2157,CPI,P10632,compound,protein
2157,CPI,P10827,compound,protein
2157,CPI,P10828,compound,protein
2157,CPI,P11229,compound,protein
2157,CPI,P11712,compound,protein
2157,CPI,P14416,compound,protein
2157,CPI,P16473,compound,protein
2157,CPI,P18089,compound,protein
2157,CPI,P18825,compound,protein
2157,CPI,P19838,compound,protein
2157,CPI,P20309,compound,protein
2157,CPI,P21397,compound,protein
2157,CPI,P21452,compound,protein
2157,CPI,P21554,compound,protein
2157,CPI,P21728,compound,protein
2157,CPI,P21917,compound,protein
2157,CPI,P23975,compound,protein
2157,CPI,P25021,compound,protein
2157,CPI,P28223,compound,protein
2157,CPI,P28335,compound,protein
2157,CPI,P28482,compound,protein
2157,CPI,P30411,compound,protein
2157,CPI,P31645,compound,protein
2157,CPI,P33032,compound,protein
2157,CPI,P35367,compound,protein
2157,CPI,P35372,compound,protein
2157,CPI,P35462,compound,protein
2157,CPI,P37231,compound,protein
2157,CPI,P37268,compound,protein
2157,CPI,P39748,compound,protein
2157,CPI,P41143,compound,protein
2157,CPI,P41145,compound,protein
2157,CPI,P41595,compound,protein
2157,CPI,P41597,compound,protein
2157,CPI,P43681,compound,protein
2157,CPI,P50406,compound,protein
2157,CPI,P54284,compound,protein
2157,CPI,Q01668,compound,protein
2157,CPI,Q01959,compound,protein
2157,CPI,Q02641,compound,protein
2157,CPI,Q07869,compound,protein
2157,CPI,Q08289,compound,protein
2157,CPI,Q12809,compound,protein
2157,CPI,Q13526,compound,protein
2157,CPI,Q13698,compound,protein
2157,CPI,Q14524,compound,protein
2157,CPI,Q15125,compound,protein
2157,CPI,Q86YN6,compound,protein
2157,CPI,Q92847,compound,protein
2157,CPI,Q96KQ7,compound,protein
2157,CPI,Q99720,compound,protein
2157,CPI,Q9H252,compound,protein
2157,CPI,Q9NS40,compound,protein
2157,CPI,Q9NTG7,compound,protein
2157,CPI,Q9P0X4,compound,protein
2157,CPI,Q9Y5N1,compound,protein
4369270,CPI,O15118,compound,protein
4369270,CPI,O75496,compound,protein
4369270,CPI,O75874,compound,protein
4369270,CPI,P05023,compound,protein
4369270,CPI,P16473,compound,protein
4369270,CPI,P43220,compound,protein
4369270,CPI,P51151,compound,protein
4369270,CPI,P54707,compound,protein
4369270,CPI,Q06710,compound,protein
4369270,CPI,Q16236,compound,protein
4369270,CPI,Q96KQ7,compound,protein
4369270,CPI,Q96QE3,compound,protein
180933,CPI,O15296,compound,protein
180933,CPI,O75604,compound,protein
180933,CPI,P00352,compound,protein
180933,CPI,P02545,compound,protein
180933,CPI,P04637,compound,protein
180933,CPI,P05177,compound,protein
180933,CPI,P10635,compound,protein
180933,CPI,P11473,compound,protein
180933,CPI,P11712,compound,protein
180933,CPI,P33261,compound,protein
180933,CPI,Q16665,compound,protein
180933,CPI,Q96KQ7,compound,protein
132059,CPI,P05177,compound,protein
132059,CPI,P08908,compound,protein
132059,CPI,P10635,compound,protein
132059,CPI,P28221,compound,protein
132059,CPI,P28335,compound,protein
132059,CPI,P49798,compound,protein
5281884,CPI,P00742,compound,protein
5281884,CPI,P08183,compound,protein
208908,CPI,O00238,compound,protein
208908,CPI,O00311,compound,protein
208908,CPI,O00329,compound,protein
208908,CPI,O00418,compound,protein
208908,CPI,O00444,compound,protein
208908,CPI,O00506,compound,protein
208908,CPI,O00750,compound,protein
208908,CPI,O14578,compound,protein
208908,CPI,O14730,compound,protein
208908,CPI,O14733,compound,protein
208908,CPI,O14757,compound,protein
208908,CPI,O14920,compound,protein
208908,CPI,O14936,compound,protein
208908,CPI,O14965,compound,protein
208908,CPI,O14976,compound,protein
208908,CPI,O15075,compound,protein
208908,CPI,O15111,compound,protein
208908,CPI,O15146,compound,protein
208908,CPI,O15197,compound,protein
208908,CPI,O15264,compound,protein
208908,CPI,O15530,compound,protein
208908,CPI,O43283,compound,protein
208908,CPI,O43293,compound,protein
208908,CPI,O43318,compound,protein
208908,CPI,O43353,compound,protein
208908,CPI,O43781,compound,protein
208908,CPI,O60285,compound,protein
208908,CPI,O60331,compound,protein
208908,CPI,O60674,compound,protein
208908,CPI,O75116,compound,protein
208908,CPI,O75385,compound,protein
208908,CPI,O75460,compound,protein
208908,CPI,O75582,compound,protein
208908,CPI,O75676,compound,protein
208908,CPI,O75716,compound,protein
208908,CPI,O75747,compound,protein
208908,CPI,O75914,compound,protein
208908,CPI,O76039,compound,protein
208908,CPI,O94768,compound,protein
208908,CPI,O94804,compound,protein
208908,CPI,O94806,compound,protein
208908,CPI,O94921,compound,protein
208908,CPI,O95342,compound,protein
208908,CPI,O95382,compound,protein
208908,CPI,O95747,compound,protein
208908,CPI,O95819,compound,protein
208908,CPI,O95835,compound,protein
208908,CPI,O96013,compound,protein
208908,CPI,O96017,compound,protein
208908,CPI,P00519,compound,protein
208908,CPI,P00533,compound,protein
208908,CPI,P04049,compound,protein
208908,CPI,P04626,compound,protein
208908,CPI,P04629,compound,protein
208908,CPI,P05129,compound,protein
208908,CPI,P06213,compound,protein
208908,CPI,P06239,compound,protein
208908,CPI,P06241,compound,protein
208908,CPI,P06493,compound,protein
208908,CPI,P07332,compound,protein
208908,CPI,P07333,compound,protein
208908,CPI,P07947,compound,protein
208908,CPI,P07948,compound,protein
208908,CPI,P07949,compound,protein
208908,CPI,P08069,compound,protein
208908,CPI,P08183,compound,protein
208908,CPI,P08581,compound,protein
208908,CPI,P08631,compound,protein
208908,CPI,P08684,compound,protein
208908,CPI,P08922,compound,protein
208908,CPI,P09619,compound,protein
208908,CPI,P09769,compound,protein
208908,CPI,P0C1S8,compound,protein
208908,CPI,P0C264,compound,protein
208908,CPI,P10721,compound,protein
208908,CPI,P11309,compound,protein
208908,CPI,P11362,compound,protein
208908,CPI,P11802,compound,protein
208908,CPI,P12931,compound,protein
208908,CPI,P14616,compound,protein
208908,CPI,P15056,compound,protein
208908,CPI,P15735,compound,protein
208908,CPI,P16234,compound,protein
208908,CPI,P16591,compound,protein
208908,CPI,P17948,compound,protein
208908,CPI,P19525,compound,protein
208908,CPI,P19784,compound,protein
208908,CPI,P20794,compound,protein
208908,CPI,P21127,compound,protein
208908,CPI,P21709,compound,protein
208908,CPI,P21802,compound,protein
208908,CPI,P21860,compound,protein
208908,CPI,P22455,compound,protein
208908,CPI,P22607,compound,protein
208908,CPI,P22694,compound,protein
208908,CPI,P23443,compound,protein
208908,CPI,P23458,compound,protein
208908,CPI,P27037,compound,protein
208908,CPI,P27361,compound,protein
208908,CPI,P27448,compound,protein
208908,CPI,P28482,compound,protein
208908,CPI,P29317,compound,protein
208908,CPI,P29320,compound,protein
208908,CPI,P29322,compound,protein
208908,CPI,P29323,compound,protein
208908,CPI,P29376,compound,protein
208908,CPI,P29597,compound,protein
208908,CPI,P30291,compound,protein
208908,CPI,P30530,compound,protein
208908,CPI,P31152,compound,protein
208908,CPI,P31749,compound,protein
208908,CPI,P31751,compound,protein
208908,CPI,P32298,compound,protein
208908,CPI,P33981,compound,protein
208908,CPI,P34947,compound,protein
208908,CPI,P35590,compound,protein
208908,CPI,P35916,compound,protein
208908,CPI,P35968,compound,protein
208908,CPI,P36507,compound,protein
208908,CPI,P36888,compound,protein
208908,CPI,P36894,compound,protein
208908,CPI,P36896,compound,protein
208908,CPI,P36897,compound,protein
208908,CPI,P37023,compound,protein
208908,CPI,P37173,compound,protein
208908,CPI,P41240,compound,protein
208908,CPI,P41743,compound,protein
208908,CPI,P42336,compound,protein
208908,CPI,P42338,compound,protein
208908,CPI,P42345,compound,protein
208908,CPI,P42679,compound,protein
208908,CPI,P42680,compound,protein
208908,CPI,P42681,compound,protein
208908,CPI,P42684,compound,protein
208908,CPI,P42685,compound,protein
208908,CPI,P43403,compound,protein
208908,CPI,P43405,compound,protein
208908,CPI,P45983,compound,protein
208908,CPI,P45984,compound,protein
208908,CPI,P45985,compound,protein
208908,CPI,P46734,compound,protein
208908,CPI,P48729,compound,protein
208908,CPI,P48730,compound,protein
208908,CPI,P48736,compound,protein
208908,CPI,P49137,compound,protein
208908,CPI,P49336,compound,protein
208908,CPI,P49674,compound,protein
208908,CPI,P49759,compound,protein
208908,CPI,P49760,compound,protein
208908,CPI,P49761,compound,protein
208908,CPI,P49840,compound,protein
208908,CPI,P49841,compound,protein
208908,CPI,P50613,compound,protein
208908,CPI,P50750,compound,protein
208908,CPI,P51451,compound,protein
208908,CPI,P51617,compound,protein
208908,CPI,P51812,compound,protein
208908,CPI,P51813,compound,protein
208908,CPI,P51817,compound,protein
208908,CPI,P51955,compound,protein
208908,CPI,P51956,compound,protein
208908,CPI,P51957,compound,protein
208908,CPI,P52333,compound,protein
208908,CPI,P52564,compound,protein
208908,CPI,P53350,compound,protein
208908,CPI,P53355,compound,protein
208908,CPI,P53667,compound,protein
208908,CPI,P53671,compound,protein
208908,CPI,P53778,compound,protein
208908,CPI,P53779,compound,protein
208908,CPI,P54646,compound,protein
208908,CPI,P54753,compound,protein
208908,CPI,P54756,compound,protein
208908,CPI,P54760,compound,protein
208908,CPI,P54762,compound,protein
208908,CPI,P54764,compound,protein
208908,CPI,P57058,compound,protein
208908,CPI,P57059,compound,protein
208908,CPI,P57078,compound,protein
208908,CPI,P68400,compound,protein
208908,CPI,P78356,compound,protein
208908,CPI,P78362,compound,protein
208908,CPI,P78368,compound,protein
208908,CPI,P80192,compound,protein
208908,CPI,Q00526,compound,protein
208908,CPI,Q00532,compound,protein
208908,CPI,Q00535,compound,protein
208908,CPI,Q00536,compound,protein
208908,CPI,Q00537,compound,protein
208908,CPI,Q02156,compound,protein
208908,CPI,Q02750,compound,protein
208908,CPI,Q02763,compound,protein
208908,CPI,Q02779,compound,protein
208908,CPI,Q04759,compound,protein
208908,CPI,Q04771,compound,protein
208908,CPI,Q04912,compound,protein
208908,CPI,Q05397,compound,protein
208908,CPI,Q05513,compound,protein
208908,CPI,Q05655,compound,protein
208908,CPI,Q06187,compound,protein
208908,CPI,Q06418,compound,protein
208908,CPI,Q07002,compound,protein
208908,CPI,Q07912,compound,protein
208908,CPI,Q08345,compound,protein
208908,CPI,Q08881,compound,protein
208908,CPI,Q09013,compound,protein
208908,CPI,Q12809,compound,protein
208908,CPI,Q12851,compound,protein
208908,CPI,Q12852,compound,protein
208908,CPI,Q12866,compound,protein
208908,CPI,Q13043,compound,protein
208908,CPI,Q13131,compound,protein
208908,CPI,Q13153,compound,protein
208908,CPI,Q13163,compound,protein
208908,CPI,Q13164,compound,protein
208908,CPI,Q13177,compound,protein
208908,CPI,Q13188,compound,protein
208908,CPI,Q13233,compound,protein
208908,CPI,Q13237,compound,protein
208908,CPI,Q13464,compound,protein
208908,CPI,Q13470,compound,protein
208908,CPI,Q13523,compound,protein
208908,CPI,Q13546,compound,protein
208908,CPI,Q13554,compound,protein
208908,CPI,Q13555,compound,protein
208908,CPI,Q13557,compound,protein
208908,CPI,Q13627,compound,protein
208908,CPI,Q13705,compound,protein
208908,CPI,Q13873,compound,protein
208908,CPI,Q13882,compound,protein
208908,CPI,Q13976,compound,protein
208908,CPI,Q14004,compound,protein
208908,CPI,Q14012,compound,protein
208908,CPI,Q14164,compound,protein
208908,CPI,Q14289,compound,protein
208908,CPI,Q14680,compound,protein
208908,CPI,Q15139,compound,protein
208908,CPI,Q15208,compound,protein
208908,CPI,Q15303,compound,protein
208908,CPI,Q15349,compound,protein
208908,CPI,Q15375,compound,protein
208908,CPI,Q15418,compound,protein
208908,CPI,Q15569,compound,protein
208908,CPI,Q15746,compound,protein
208908,CPI,Q15759,compound,protein
208908,CPI,Q15831,compound,protein
208908,CPI,Q15835,compound,protein
208908,CPI,Q16288,compound,protein
208908,CPI,Q16512,compound,protein
208908,CPI,Q16513,compound,protein
208908,CPI,Q16539,compound,protein
208908,CPI,Q16566,compound,protein
208908,CPI,Q16584,compound,protein
208908,CPI,Q16620,compound,protein
208908,CPI,Q16644,compound,protein
208908,CPI,Q16659,compound,protein
208908,CPI,Q16816,compound,protein
208908,CPI,Q16832,compound,protein
208908,CPI,Q2M2I8,compound,protein
208908,CPI,Q32MK0,compound,protein
208908,CPI,Q52WX2,compound,protein
208908,CPI,Q56UN5,compound,protein
208908,CPI,Q59H18,compound,protein
208908,CPI,Q5S007,compound,protein
208908,CPI,Q5VT25,compound,protein
208908,CPI,Q6DT37,compound,protein
208908,CPI,Q6PHR2,compound,protein
208908,CPI,Q6XUX3,compound,protein
208908,CPI,Q6ZN16,compound,protein
208908,CPI,Q7KZI7,compound,protein
208908,CPI,Q7L7X3,compound,protein
208908,CPI,Q86UE8,compound,protein
208908,CPI,Q86UX6,compound,protein
208908,CPI,Q86V86,compound,protein
208908,CPI,Q86Y07,compound,protein
208908,CPI,Q86YV6,compound,protein
208908,CPI,Q86Z02,compound,protein
208908,CPI,Q8IU85,compound,protein
208908,CPI,Q8IVH8,compound,protein
208908,CPI,Q8IVW4,compound,protein
208908,CPI,Q8IW41,compound,protein
208908,CPI,Q8IWQ3,compound,protein
208908,CPI,Q8IY84,compound,protein
208908,CPI,Q8IYT8,compound,protein
208908,CPI,Q8N4C8,compound,protein
208908,CPI,Q8N568,compound,protein
208908,CPI,Q8N5S9,compound,protein
208908,CPI,Q8N752,compound,protein
208908,CPI,Q8NE63,compound,protein
208908,CPI,Q8NEV4,compound,protein
208908,CPI,Q8NFD2,compound,protein
208908,CPI,Q8NG66,compound,protein
208908,CPI,Q8NI60,compound,protein
208908,CPI,Q8TBX8,compound,protein
208908,CPI,Q8TD08,compound,protein
208908,CPI,Q8TD19,compound,protein
208908,CPI,Q8TDC3,compound,protein
208908,CPI,Q8TDR2,compound,protein
208908,CPI,Q8TDX7,compound,protein
208908,CPI,Q8WTQ7,compound,protein
208908,CPI,Q8WU08,compound,protein
208908,CPI,Q8WXR4,compound,protein
208908,CPI,Q92630,compound,protein
208908,CPI,Q92772,compound,protein
208908,CPI,Q92918,compound,protein
208908,CPI,Q96BR1,compound,protein
208908,CPI,Q96D53,compound,protein
208908,CPI,Q96GD4,compound,protein
208908,CPI,Q96KB5,compound,protein
208908,CPI,Q96L34,compound,protein
208908,CPI,Q96NX5,compound,protein
208908,CPI,Q96PF2,compound,protein
208908,CPI,Q96PY6,compound,protein
208908,CPI,Q96Q40,compound,protein
208908,CPI,Q96RG2,compound,protein
208908,CPI,Q96RR4,compound,protein
208908,CPI,Q96SB4,compound,protein
208908,CPI,Q99640,compound,protein
208908,CPI,Q99683,compound,protein
208908,CPI,Q99755,compound,protein
208908,CPI,Q99759,compound,protein
208908,CPI,Q9BQI3,compound,protein
208908,CPI,Q9BRS2,compound,protein
208908,CPI,Q9BUB5,compound,protein
208908,CPI,Q9BVS4,compound,protein
208908,CPI,Q9BWU1,compound,protein
208908,CPI,Q9BX84,compound,protein
208908,CPI,Q9BXA7,compound,protein
208908,CPI,Q9BYT3,compound,protein
208908,CPI,Q9BZL6,compound,protein
208908,CPI,Q9C098,compound,protein
208908,CPI,Q9H093,compound,protein
208908,CPI,Q9H0K1,compound,protein
208908,CPI,Q9H1R3,compound,protein
208908,CPI,Q9H2G2,compound,protein
208908,CPI,Q9H2K8,compound,protein
208908,CPI,Q9H2X6,compound,protein
208908,CPI,Q9H3Y6,compound,protein
208908,CPI,Q9H422,compound,protein
208908,CPI,Q9H4B4,compound,protein
208908,CPI,Q9HAZ1,compound,protein
208908,CPI,Q9HBH9,compound,protein
208908,CPI,Q9HBY8,compound,protein
208908,CPI,Q9HC98,compound,protein
208908,CPI,Q9HCP0,compound,protein
208908,CPI,Q9NQU5,compound,protein
208908,CPI,Q9NR20,compound,protein
208908,CPI,Q9NRH2,compound,protein
208908,CPI,Q9NRM7,compound,protein
208908,CPI,Q9NRP7,compound,protein
208908,CPI,Q9NSY1,compound,protein
208908,CPI,Q9NWZ3,compound,protein
208908,CPI,Q9NY57,compound,protein
208908,CPI,Q9NYL2,compound,protein
208908,CPI,Q9NYY3,compound,protein
208908,CPI,Q9P0L2,compound,protein
208908,CPI,Q9P1W9,compound,protein
208908,CPI,Q9P289,compound,protein
208908,CPI,Q9P2K8,compound,protein
208908,CPI,Q9UBE8,compound,protein
208908,CPI,Q9UBF8,compound,protein
208908,CPI,Q9UEE5,compound,protein
208908,CPI,Q9UEW8,compound,protein
208908,CPI,Q9UF33,compound,protein
208908,CPI,Q9UHD2,compound,protein
208908,CPI,Q9UIK4,compound,protein
208908,CPI,Q9UK32,compound,protein
208908,CPI,Q9UKE5,compound,protein
208908,CPI,Q9UKI8,compound,protein
208908,CPI,Q9UL54,compound,protein
208908,CPI,Q9UM73,compound,protein
208908,CPI,Q9UNQ0,compound,protein
208908,CPI,Q9UPE1,compound,protein
208908,CPI,Q9UPZ9,compound,protein
208908,CPI,Q9UQ88,compound,protein
208908,CPI,Q9UQB9,compound,protein
208908,CPI,Q9UQM7,compound,protein
208908,CPI,Q9Y243,compound,protein
208908,CPI,Q9Y2H1,compound,protein
208908,CPI,Q9Y2K2,compound,protein
208908,CPI,Q9Y2U5,compound,protein
208908,CPI,Q9Y463,compound,protein
208908,CPI,Q9Y4K4,compound,protein
208908,CPI,Q9Y5S2,compound,protein
208908,CPI,Q9Y616,compound,protein
208908,CPI,Q9Y6E0,compound,protein
208908,CPI,Q9Y6M4,compound,protein
208908,CPI,Q9Y6R4,compound,protein
68210102,CPI,Q15910,compound,protein
46931242,CPI,O95931,compound,protein
46931242,CPI,P29375,compound,protein
46931242,CPI,Q05BQ5,compound,protein
46931242,CPI,Q12888,compound,protein
46931242,CPI,Q8NA19,compound,protein
46931242,CPI,Q96JM7,compound,protein
46931242,CPI,Q96T88,compound,protein
46931242,CPI,Q9BUL5,compound,protein
46931242,CPI,Q9UHJ3,compound,protein
46931242,CPI,Q9Y468,compound,protein
53245473,CPI,Q9BYT3,compound,protein
16960,CPI,O43193,compound,protein
16960,CPI,O75469,compound,protein
16960,CPI,P03372,compound,protein
16960,CPI,P04150,compound,protein
16960,CPI,P06401,compound,protein
16960,CPI,P07550,compound,protein
16960,CPI,P08172,compound,protein
16960,CPI,P08588,compound,protein
16960,CPI,P08908,compound,protein
16960,CPI,P08913,compound,protein
16960,CPI,P0DMS8,compound,protein
16960,CPI,P11229,compound,protein
16960,CPI,P14416,compound,protein
16960,CPI,P18089,compound,protein
16960,CPI,P18825,compound,protein
16960,CPI,P21397,compound,protein
16960,CPI,P21554,compound,protein
16960,CPI,P21728,compound,protein
16960,CPI,P21731,compound,protein
16960,CPI,P25021,compound,protein
16960,CPI,P25929,compound,protein
16960,CPI,P28223,compound,protein
16960,CPI,P28335,compound,protein
16960,CPI,P29274,compound,protein
16960,CPI,P30411,compound,protein
16960,CPI,P30518,compound,protein
16960,CPI,P30542,compound,protein
16960,CPI,P30556,compound,protein
16960,CPI,P31645,compound,protein
16960,CPI,P32238,compound,protein
16960,CPI,P32245,compound,protein
16960,CPI,P35354,compound,protein
16960,CPI,P35367,compound,protein
16960,CPI,P37288,compound,protein
16960,CPI,P41145,compound,protein
16960,CPI,P41595,compound,protein
16960,CPI,P41968,compound,protein
16960,CPI,P43681,compound,protein
16960,CPI,Q01959,compound,protein
16960,CPI,Q12809,compound,protein
16960,CPI,Q92847,compound,protein
16960,CPI,Q9Y5N1,compound,protein
2724385,CPI,O15118,compound,protein
2724385,CPI,O43193,compound,protein
2724385,CPI,O75469,compound,protein
2724385,CPI,O75496,compound,protein
2724385,CPI,O75874,compound,protein
2724385,CPI,P01375,compound,protein
2724385,CPI,P02545,compound,protein
2724385,CPI,P03372,compound,protein
2724385,CPI,P04150,compound,protein
2724385,CPI,P04637,compound,protein
2724385,CPI,P05023,compound,protein
2724385,CPI,P05026,compound,protein
2724385,CPI,P06401,compound,protein
2724385,CPI,P07550,compound,protein
2724385,CPI,P08172,compound,protein
2724385,CPI,P08588,compound,protein
2724385,CPI,P08908,compound,protein
2724385,CPI,P08913,compound,protein
2724385,CPI,P0DMS8,compound,protein
2724385,CPI,P10145,compound,protein
2724385,CPI,P10275,compound,protein
2724385,CPI,P10828,compound,protein
2724385,CPI,P11229,compound,protein
2724385,CPI,P11473,compound,protein
2724385,CPI,P13637,compound,protein
2724385,CPI,P14415,compound,protein
2724385,CPI,P14416,compound,protein
2724385,CPI,P18089,compound,protein
2724385,CPI,P18825,compound,protein
2724385,CPI,P19793,compound,protein
2724385,CPI,P21397,compound,protein
2724385,CPI,P21554,compound,protein
2724385,CPI,P21728,compound,protein
2724385,CPI,P21731,compound,protein
2724385,CPI,P23975,compound,protein
2724385,CPI,P25021,compound,protein
2724385,CPI,P25929,compound,protein
2724385,CPI,P28223,compound,protein
2724385,CPI,P29274,compound,protein
2724385,CPI,P30411,compound,protein
2724385,CPI,P30518,compound,protein
2724385,CPI,P30542,compound,protein
2724385,CPI,P30556,compound,protein
2724385,CPI,P31645,compound,protein
2724385,CPI,P32238,compound,protein
2724385,CPI,P32245,compound,protein
2724385,CPI,P35354,compound,protein
2724385,CPI,P35367,compound,protein
2724385,CPI,P37231,compound,protein
2724385,CPI,P37288,compound,protein
2724385,CPI,P40763,compound,protein
2724385,CPI,P41145,compound,protein
2724385,CPI,P41595,compound,protein
2724385,CPI,P41968,compound,protein
2724385,CPI,P43681,compound,protein
2724385,CPI,P46063,compound,protein
2724385,CPI,P49798,compound,protein
2724385,CPI,P50993,compound,protein
2724385,CPI,P51151,compound,protein
2724385,CPI,P51449,compound,protein
2724385,CPI,P54709,compound,protein
2724385,CPI,P84022,compound,protein
2724385,CPI,Q01959,compound,protein
2724385,CPI,Q03181,compound,protein
2724385,CPI,Q03431,compound,protein
2724385,CPI,Q06710,compound,protein
2724385,CPI,Q16236,compound,protein
2724385,CPI,Q6ZQN7,compound,protein
2724385,CPI,Q92847,compound,protein
2724385,CPI,Q96QE3,compound,protein
2724385,CPI,Q96RI1,compound,protein
2724385,CPI,Q99808,compound,protein
2724385,CPI,Q9NUW8,compound,protein
2724385,CPI,Q9Y6L6,compound,protein
3085416,CPI,O75496,compound,protein
3085416,CPI,O75874,compound,protein
3085416,CPI,P43220,compound,protein
3085416,CPI,P84022,compound,protein
3085416,CPI,Q16236,compound,protein
3085416,CPI,Q8IUX4,compound,protein
3085416,CPI,Q99700,compound,protein
3085416,CPI,Q9NUW8,compound,protein
5278396,CPI,P42336,compound,protein
5278396,CPI,P42338,compound,protein
5278396,CPI,P42345,compound,protein
5278396,CPI,P48736,compound,protein
5278396,CPI,P78527,compound,protein
5278396,CPI,Q13315,compound,protein
5278396,CPI,Q9UBN7,compound,protein
127951,CPI,P05177,compound,protein
10109069,CPI,P39086,compound,protein
10109069,CPI,P55211,compound,protein
11289,CPI,O75496,compound,protein
11289,CPI,P02545,compound,protein
11289,CPI,P03372,compound,protein
11289,CPI,P07550,compound,protein
11289,CPI,P08908,compound,protein
11289,CPI,P10636,compound,protein
11289,CPI,P21554,compound,protein
11289,CPI,P21731,compound,protein
11289,CPI,P32245,compound,protein
11289,CPI,P33261,compound,protein
11289,CPI,P43220,compound,protein
11289,CPI,Q16665,compound,protein
11289,CPI,Q6W5P4,compound,protein
11289,CPI,Q8WZA2,compound,protein
11289,CPI,Q99700,compound,protein
54664857,CPI,Q06710,compound,protein
71333,CPI,P28472,compound,protein
71333,CPI,P47870,compound,protein
121877,CPI,P13945,compound,protein
44505961,CPI,P37840,compound,protein
44505961,CPI,P84022,compound,protein
5280953,CPI,O43781,compound,protein
5280953,CPI,O60563,compound,protein
5280953,CPI,P00352,compound,protein
5280953,CPI,P05177,compound,protein
5280953,CPI,P07550,compound,protein
5280953,CPI,P08588,compound,protein
5280953,CPI,P08684,compound,protein
5280953,CPI,P08908,compound,protein
5280953,CPI,P08913,compound,protein
5280953,CPI,P10635,compound,protein
5280953,CPI,P11309,compound,protein
5280953,CPI,P15428,compound,protein
5280953,CPI,P18089,compound,protein
5280953,CPI,P18825,compound,protein
5280953,CPI,P21397,compound,protein
5280953,CPI,P23975,compound,protein
5280953,CPI,P27695,compound,protein
5280953,CPI,P28221,compound,protein
5280953,CPI,P28222,compound,protein
5280953,CPI,P28335,compound,protein
5280953,CPI,P31645,compound,protein
5280953,CPI,P34969,compound,protein
5280953,CPI,P35368,compound,protein
5280953,CPI,P47898,compound,protein
5280953,CPI,P48730,compound,protein
5280953,CPI,P49674,compound,protein
5280953,CPI,P49759,compound,protein
5280953,CPI,P49760,compound,protein
5280953,CPI,P49761,compound,protein
5280953,CPI,P49840,compound,protein
5280953,CPI,P49841,compound,protein
5280953,CPI,P50406,compound,protein
5280953,CPI,P50613,compound,protein
5280953,CPI,P50750,compound,protein
5280953,CPI,P51946,compound,protein
5280953,CPI,Q00535,compound,protein
5280953,CPI,Q13464,compound,protein
5280953,CPI,Q13547,compound,protein
5280953,CPI,Q13627,compound,protein
5280953,CPI,Q15078,compound,protein
5280953,CPI,Q16637,compound,protein
5280953,CPI,Q16665,compound,protein
5280953,CPI,Q86V86,compound,protein
5280953,CPI,Q8TF76,compound,protein
5280953,CPI,Q92630,compound,protein
5280953,CPI,Q99700,compound,protein
5280953,CPI,Q9HAZ1,compound,protein
5280953,CPI,Q9NR20,compound,protein
5280953,CPI,Q9NUW8,compound,protein
5280953,CPI,Q9UNQ0,compound,protein
5280953,CPI,Q9Y2I1,compound,protein
5280953,CPI,Q9Y463,compound,protein
57697,CPI,Q96KQ7,compound,protein
5503,CPI,O43193,compound,protein
5503,CPI,O75469,compound,protein
5503,CPI,O75496,compound,protein
5503,CPI,P00352,compound,protein
5503,CPI,P03372,compound,protein
5503,CPI,P04150,compound,protein
5503,CPI,P06280,compound,protein
5503,CPI,P06401,compound,protein
5503,CPI,P07550,compound,protein
5503,CPI,P08172,compound,protein
5503,CPI,P08588,compound,protein
5503,CPI,P08913,compound,protein
5503,CPI,P0DMS8,compound,protein
5503,CPI,P11229,compound,protein
5503,CPI,P14416,compound,protein
5503,CPI,P18054,compound,protein
5503,CPI,P18089,compound,protein
5503,CPI,P18825,compound,protein
5503,CPI,P21397,compound,protein
5503,CPI,P21554,compound,protein
5503,CPI,P21728,compound,protein
5503,CPI,P21731,compound,protein
5503,CPI,P23975,compound,protein
5503,CPI,P25021,compound,protein
5503,CPI,P25929,compound,protein
5503,CPI,P27695,compound,protein
5503,CPI,P28223,compound,protein
5503,CPI,P29274,compound,protein
5503,CPI,P30411,compound,protein
5503,CPI,P30518,compound,protein
5503,CPI,P30542,compound,protein
5503,CPI,P30556,compound,protein
5503,CPI,P31645,compound,protein
5503,CPI,P32238,compound,protein
5503,CPI,P32245,compound,protein
5503,CPI,P35354,compound,protein
5503,CPI,P35367,compound,protein
5503,CPI,P37288,compound,protein
5503,CPI,P41145,compound,protein
5503,CPI,P41595,compound,protein
5503,CPI,P41968,compound,protein
5503,CPI,P43681,compound,protein
5503,CPI,P78508,compound,protein
5503,CPI,Q01959,compound,protein
5503,CPI,Q09428,compound,protein
5503,CPI,Q14654,compound,protein
5503,CPI,Q92847,compound,protein
5503,CPI,Q96KQ7,compound,protein
5503,CPI,Q99808,compound,protein
5503,CPI,Q9Y5N1,compound,protein
25195348,CPI,P0DMV8,compound,protein
25195348,CPI,P11021,compound,protein
25195348,CPI,P54652,compound,protein
156314,CPI,P28221,compound,protein
156314,CPI,P28222,compound,protein
156314,CPI,P28335,compound,protein
156314,CPI,P30939,compound,protein
156314,CPI,P41595,compound,protein
156314,CPI,Q96KQ7,compound,protein
156314,CPI,Q99714,compound,protein
40488277,CPI,P03372,compound,protein
40488277,CPI,P04278,compound,protein
40488277,CPI,Q92731,compound,protein
446556,CPI,P00374,compound,protein
446556,CPI,P04818,compound,protein
446556,CPI,P14207,compound,protein
446556,CPI,P15328,compound,protein
446556,CPI,P22102,compound,protein
446556,CPI,P31939,compound,protein
446556,CPI,P41440,compound,protein
446556,CPI,Q05932,compound,protein
446556,CPI,Q96NT5,compound,protein
446556,CPI,Q9NUW8,compound,protein
46220502,CPI,O14578,compound,protein
46220502,CPI,O14976,compound,protein
46220502,CPI,O43781,compound,protein
46220502,CPI,O60563,compound,protein
46220502,CPI,O75716,compound,protein
46220502,CPI,O75909,compound,protein
46220502,CPI,O94804,compound,protein
46220502,CPI,O94806,compound,protein
46220502,CPI,O95819,compound,protein
46220502,CPI,P00533,compound,protein
46220502,CPI,P05771,compound,protein
46220502,CPI,P06493,compound,protein
46220502,CPI,P08922,compound,protein
46220502,CPI,P11309,compound,protein
46220502,CPI,P11802,compound,protein
46220502,CPI,P17252,compound,protein
46220502,CPI,P19784,compound,protein
46220502,CPI,P24385,compound,protein
46220502,CPI,P24941,compound,protein
46220502,CPI,P45983,compound,protein
46220502,CPI,P49674,compound,protein
46220502,CPI,P49759,compound,protein
46220502,CPI,P49760,compound,protein
46220502,CPI,P49761,compound,protein
46220502,CPI,P49840,compound,protein
46220502,CPI,P49841,compound,protein
46220502,CPI,P50613,compound,protein
46220502,CPI,P50750,compound,protein
46220502,CPI,P51617,compound,protein
46220502,CPI,P51946,compound,protein
46220502,CPI,Q00534,compound,protein
46220502,CPI,Q00536,compound,protein
46220502,CPI,Q05655,compound,protein
46220502,CPI,Q08499,compound,protein
46220502,CPI,Q13555,compound,protein
46220502,CPI,Q13557,compound,protein
46220502,CPI,Q13627,compound,protein
46220502,CPI,Q14012,compound,protein
46220502,CPI,Q15078,compound,protein
46220502,CPI,Q2M2I8,compound,protein
46220502,CPI,Q7L7X3,compound,protein
46220502,CPI,Q86TW2,compound,protein
46220502,CPI,Q86Z02,compound,protein
46220502,CPI,Q92630,compound,protein
46220502,CPI,Q96RR4,compound,protein
46220502,CPI,Q9BQI3,compound,protein
46220502,CPI,Q9BZL6,compound,protein
46220502,CPI,Q9H2K8,compound,protein
46220502,CPI,Q9HAZ1,compound,protein
46220502,CPI,Q9NR20,compound,protein
46220502,CPI,Q9UPZ9,compound,protein
46220502,CPI,Q9Y463,compound,protein
46220502,CPI,Q9Y5N1,compound,protein
24856313,CPI,P43220,compound,protein
24856313,CPI,Q13148,compound,protein
54618293,CPI,Q06710,compound,protein
6918155,CPI,O43193,compound,protein
6918155,CPI,O75469,compound,protein
6918155,CPI,P04150,compound,protein
6918155,CPI,P06401,compound,protein
6918155,CPI,P07550,compound,protein
6918155,CPI,P08172,compound,protein
6918155,CPI,P08185,compound,protein
6918155,CPI,P08588,compound,protein
6918155,CPI,P08908,compound,protein
6918155,CPI,P08913,compound,protein
6918155,CPI,P0DMS8,compound,protein
6918155,CPI,P11229,compound,protein
6918155,CPI,P14416,compound,protein
6918155,CPI,P18089,compound,protein
6918155,CPI,P18825,compound,protein
6918155,CPI,P21397,compound,protein
6918155,CPI,P21728,compound,protein
6918155,CPI,P21731,compound,protein
6918155,CPI,P23975,compound,protein
6918155,CPI,P25021,compound,protein
6918155,CPI,P25929,compound,protein
6918155,CPI,P28223,compound,protein
6918155,CPI,P30411,compound,protein
6918155,CPI,P30518,compound,protein
6918155,CPI,P30556,compound,protein
6918155,CPI,P31645,compound,protein
6918155,CPI,P32238,compound,protein
6918155,CPI,P32245,compound,protein
6918155,CPI,P35354,compound,protein
6918155,CPI,P35367,compound,protein
6918155,CPI,P37288,compound,protein
6918155,CPI,P41145,compound,protein
6918155,CPI,P41595,compound,protein
6918155,CPI,P41968,compound,protein
6918155,CPI,P43681,compound,protein
6918155,CPI,Q01959,compound,protein
6918155,CPI,Q92847,compound,protein
6918155,CPI,Q99808,compound,protein
73707390,CPI,P06241,compound,protein
73707390,CPI,P06493,compound,protein
73707390,CPI,P12931,compound,protein
73707390,CPI,P16234,compound,protein
73707390,CPI,P17948,compound,protein
73707390,CPI,P53350,compound,protein
73707390,CPI,Q9NYY3,compound,protein
10205,CPI,O75762,compound,protein
10205,CPI,P04637,compound,protein
10205,CPI,P04798,compound,protein
10205,CPI,P05177,compound,protein
10205,CPI,P08684,compound,protein
10205,CPI,P10635,compound,protein
10205,CPI,P10636,compound,protein
10205,CPI,P11021,compound,protein
10205,CPI,P11473,compound,protein
10205,CPI,P11712,compound,protein
10205,CPI,P16050,compound,protein
10205,CPI,P28482,compound,protein
10205,CPI,P30304,compound,protein
10205,CPI,P30305,compound,protein
10205,CPI,P33261,compound,protein
10205,CPI,Q09472,compound,protein
10205,CPI,Q16678,compound,protein
10205,CPI,Q16762,compound,protein
10205,CPI,Q9NUW8,compound,protein
10205,CPI,Q9UBT6,compound,protein
3280,CPI,P02545,compound,protein
3280,CPI,P05177,compound,protein
3280,CPI,P08684,compound,protein
3280,CPI,P0DMS8,compound,protein
3280,CPI,P11229,compound,protein
3280,CPI,P11712,compound,protein
3280,CPI,P21728,compound,protein
3280,CPI,P23219,compound,protein
3280,CPI,P27815,compound,protein
3280,CPI,P28482,compound,protein
3280,CPI,P43220,compound,protein
3280,CPI,Q14432,compound,protein
3280,CPI,Q16637,compound,protein
3280,CPI,Q9NUW8,compound,protein
57336812,CPI,O60674,compound,protein
57336812,CPI,P08183,compound,protein
57336812,CPI,P23458,compound,protein
57336812,CPI,P52333,compound,protein
57336812,CPI,Q05397,compound,protein
24360,CPI,O14757,compound,protein
24360,CPI,O15439,compound,protein
24360,CPI,O75496,compound,protein
24360,CPI,P00352,compound,protein
24360,CPI,P02545,compound,protein
24360,CPI,P04062,compound,protein
24360,CPI,P04637,compound,protein
24360,CPI,P05177,compound,protein
24360,CPI,P06280,compound,protein
24360,CPI,P08684,compound,protein
24360,CPI,P09651,compound,protein
24360,CPI,P11387,compound,protein
24360,CPI,P15428,compound,protein
24360,CPI,P19838,compound,protein
24360,CPI,P40225,compound,protein
24360,CPI,P41595,compound,protein
24360,CPI,P42345,compound,protein
24360,CPI,P49798,compound,protein
24360,CPI,P51151,compound,protein
24360,CPI,P68871,compound,protein
24360,CPI,Q01453,compound,protein
24360,CPI,Q13547,compound,protein
24360,CPI,Q16236,compound,protein
24360,CPI,Q16637,compound,protein
24360,CPI,Q16665,compound,protein
24360,CPI,Q96KQ7,compound,protein
24360,CPI,Q96QE3,compound,protein
24360,CPI,Q99700,compound,protein
24360,CPI,Q99714,compound,protein
24360,CPI,Q9NR56,compound,protein
24360,CPI,Q9NUW8,compound,protein
5282493,CPI,O75874,compound,protein
5282493,CPI,P04150,compound,protein
5282493,CPI,P06401,compound,protein
5282493,CPI,P08172,compound,protein
5282493,CPI,P0DMS8,compound,protein
5282493,CPI,P10275,compound,protein
5282493,CPI,P35372,compound,protein
5282493,CPI,Q01959,compound,protein
5282493,CPI,Q16236,compound,protein
5282493,CPI,Q96QE3,compound,protein
9363,CPI,O94925,compound,protein
9363,CPI,P54132,compound,protein
9363,CPI,Q96KQ7,compound,protein
9571004,CPI,P15382,compound,protein
9571004,CPI,P51787,compound,protein
9571004,CPI,Q12809,compound,protein
2769229,CPI,O75496,compound,protein
2769229,CPI,P06746,compound,protein
2769229,CPI,P08684,compound,protein
2769229,CPI,P10253,compound,protein
2769229,CPI,P10636,compound,protein
2769229,CPI,P11712,compound,protein
2769229,CPI,P27695,compound,protein
2769229,CPI,P33261,compound,protein
2769229,CPI,Q9HC16,compound,protein
16654980,CPI,O00329,compound,protein
16654980,CPI,O00750,compound,protein
16654980,CPI,P27986,compound,protein
16654980,CPI,P42330,compound,protein
16654980,CPI,P42336,compound,protein
16654980,CPI,P42338,compound,protein
16654980,CPI,P42345,compound,protein
16654980,CPI,P48736,compound,protein
16654980,CPI,P78527,compound,protein
16654980,CPI,Q8NEB9,compound,protein
2936384,CPI,P49146,compound,protein
657255,CPI,P17861,compound,protein
71496458,CPI,O43193,compound,protein
71496458,CPI,O60341,compound,protein
71496458,CPI,P00533,compound,protein
71496458,CPI,P03372,compound,protein
71496458,CPI,P04626,compound,protein
71496458,CPI,P06213,compound,protein
71496458,CPI,P08172,compound,protein
71496458,CPI,P08581,compound,protein
71496458,CPI,P08908,compound,protein
71496458,CPI,P08913,compound,protein
71496458,CPI,P0DMS8,compound,protein
71496458,CPI,P14416,compound,protein
71496458,CPI,P16083,compound,protein
71496458,CPI,P21860,compound,protein
71496458,CPI,P25101,compound,protein
71496458,CPI,P28223,compound,protein
71496458,CPI,P28335,compound,protein
71496458,CPI,P30556,compound,protein
71496458,CPI,P32238,compound,protein
71496458,CPI,P35968,compound,protein
71496458,CPI,P41595,compound,protein
71496458,CPI,P42680,compound,protein
71496458,CPI,P49589,compound,protein
71496458,CPI,Q06187,compound,protein
71496458,CPI,Q07912,compound,protein
71496458,CPI,Q12809,compound,protein
71496458,CPI,Q13547,compound,protein
71496458,CPI,Q14524,compound,protein
71496458,CPI,Q8TBX8,compound,protein
71496458,CPI,Q9UM73,compound,protein
71496458,CPI,Q9Y5N1,compound,protein
130313,CPI,P03372,compound,protein
5411,CPI,O43193,compound,protein
5411,CPI,P07550,compound,protein
5411,CPI,P08172,compound,protein
5411,CPI,P08173,compound,protein
5411,CPI,P08588,compound,protein
5411,CPI,P08908,compound,protein
5411,CPI,P08912,compound,protein
5411,CPI,P08913,compound,protein
5411,CPI,P11229,compound,protein
5411,CPI,P14416,compound,protein
5411,CPI,P16499,compound,protein
5411,CPI,P18089,compound,protein
5411,CPI,P18825,compound,protein
5411,CPI,P21397,compound,protein
5411,CPI,P21452,compound,protein
5411,CPI,P21554,compound,protein
5411,CPI,P21728,compound,protein
5411,CPI,P21817,compound,protein
5411,CPI,P21917,compound,protein
5411,CPI,P21918,compound,protein
5411,CPI,P22303,compound,protein
5411,CPI,P23975,compound,protein
5411,CPI,P25021,compound,protein
5411,CPI,P25103,compound,protein
5411,CPI,P28223,compound,protein
5411,CPI,P28335,compound,protein
5411,CPI,P28482,compound,protein
5411,CPI,P30989,compound,protein
5411,CPI,P31645,compound,protein
5411,CPI,P34969,compound,protein
5411,CPI,P35367,compound,protein
5411,CPI,P35372,compound,protein
5411,CPI,P35498,compound,protein
5411,CPI,P35499,compound,protein
5411,CPI,P37288,compound,protein
5411,CPI,P41143,compound,protein
5411,CPI,P41145,compound,protein
5411,CPI,P41595,compound,protein
5411,CPI,P43681,compound,protein
5411,CPI,P46098,compound,protein
5411,CPI,P47898,compound,protein
5411,CPI,P49798,compound,protein
5411,CPI,P50406,compound,protein
5411,CPI,Q01118,compound,protein
5411,CPI,Q01959,compound,protein
5411,CPI,Q14524,compound,protein
5411,CPI,Q15858,compound,protein
5411,CPI,Q92736,compound,protein
5411,CPI,Q92830,compound,protein
5411,CPI,Q96KQ7,compound,protein
5411,CPI,Q99250,compound,protein
5411,CPI,Q99720,compound,protein
5411,CPI,Q9NY46,compound,protein
5411,CPI,Q9UBS5,compound,protein
5411,CPI,Q9UI33,compound,protein
5411,CPI,Q9UQD0,compound,protein
5411,CPI,Q9Y5N1,compound,protein
5411,CPI,Q9Y5Y9,compound,protein
4787756,CPI,P04062,compound,protein
4787756,CPI,Q16236,compound,protein
4787756,CPI,Q9NUW8,compound,protein
131906,CPI,O15296,compound,protein
131906,CPI,P08684,compound,protein
131906,CPI,P08908,compound,protein
44473128,CPI,O15492,compound,protein
44473128,CPI,P49802,compound,protein
12597,CPI,P10828,compound,protein
12597,CPI,P33402,compound,protein
12597,CPI,Q02108,compound,protein
12597,CPI,Q02153,compound,protein
12597,CPI,Q96KQ7,compound,protein
4579,CPI,P04054,compound,protein
28417,CPI,O43193,compound,protein
28417,CPI,O75469,compound,protein
28417,CPI,O95342,compound,protein
28417,CPI,O95398,compound,protein
28417,CPI,P03372,compound,protein
28417,CPI,P04150,compound,protein
28417,CPI,P04278,compound,protein
28417,CPI,P06401,compound,protein
28417,CPI,P07550,compound,protein
28417,CPI,P08172,compound,protein
28417,CPI,P08588,compound,protein
28417,CPI,P08908,compound,protein
28417,CPI,P08913,compound,protein
28417,CPI,P0DMS8,compound,protein
28417,CPI,P10275,compound,protein
28417,CPI,P10632,compound,protein
28417,CPI,P10635,compound,protein
28417,CPI,P11229,compound,protein
28417,CPI,P11712,compound,protein
28417,CPI,P13500,compound,protein
28417,CPI,P14416,compound,protein
28417,CPI,P18089,compound,protein
28417,CPI,P18825,compound,protein
28417,CPI,P20309,compound,protein
28417,CPI,P21397,compound,protein
28417,CPI,P21452,compound,protein
28417,CPI,P21554,compound,protein
28417,CPI,P21728,compound,protein
28417,CPI,P21731,compound,protein
28417,CPI,P23975,compound,protein
28417,CPI,P25021,compound,protein
28417,CPI,P25929,compound,protein
28417,CPI,P28223,compound,protein
28417,CPI,P30411,compound,protein
28417,CPI,P30518,compound,protein
28417,CPI,P30556,compound,protein
28417,CPI,P30968,compound,protein
28417,CPI,P31645,compound,protein
28417,CPI,P32238,compound,protein
28417,CPI,P32245,compound,protein
28417,CPI,P35354,compound,protein
28417,CPI,P35367,compound,protein
28417,CPI,P35372,compound,protein
28417,CPI,P35462,compound,protein
28417,CPI,P37288,compound,protein
28417,CPI,P41145,compound,protein
28417,CPI,P41595,compound,protein
28417,CPI,P41968,compound,protein
28417,CPI,P43681,compound,protein
28417,CPI,P51589,compound,protein
28417,CPI,Q01959,compound,protein
28417,CPI,Q92847,compound,protein
28417,CPI,Q99808,compound,protein
28417,CPI,Q9Y5N1,compound,protein
9834591,CPI,Q14416,compound,protein
9834591,CPI,Q14832,compound,protein
5282181,CPI,O15528,compound,protein
5282181,CPI,P11473,compound,protein
5282181,CPI,P19793,compound,protein
5282181,CPI,P23975,compound,protein
5282181,CPI,P30411,compound,protein
5282181,CPI,P30556,compound,protein
5282181,CPI,P41968,compound,protein
5282181,CPI,Q14432,compound,protein
4037,CPI,O43525,compound,protein
4037,CPI,O43526,compound,protein
4037,CPI,P02766,compound,protein
4037,CPI,P09917,compound,protein
4037,CPI,P12104,compound,protein
4037,CPI,P22736,compound,protein
4037,CPI,P23219,compound,protein
4037,CPI,P28482,compound,protein
4037,CPI,P35354,compound,protein
4037,CPI,P42330,compound,protein
4037,CPI,P52895,compound,protein
4037,CPI,Q04828,compound,protein
4037,CPI,Q13526,compound,protein
4037,CPI,Q92830,compound,protein
4037,CPI,Q9C0B1,compound,protein
992,CPI,O75496,compound,protein
992,CPI,P04150,compound,protein
992,CPI,P10828,compound,protein
992,CPI,P37231,compound,protein
992,CPI,Q13148,compound,protein
992,CPI,Q8WZA2,compound,protein
5358,CPI,O43193,compound,protein
5358,CPI,P07550,compound,protein
5358,CPI,P08588,compound,protein
5358,CPI,P08908,compound,protein
5358,CPI,P08913,compound,protein
5358,CPI,P14416,compound,protein
5358,CPI,P21554,compound,protein
5358,CPI,P21728,compound,protein
5358,CPI,P21917,compound,protein
5358,CPI,P23975,compound,protein
5358,CPI,P25021,compound,protein
5358,CPI,P28221,compound,protein
5358,CPI,P28222,compound,protein
5358,CPI,P28223,compound,protein
5358,CPI,P28335,compound,protein
5358,CPI,P28566,compound,protein
5358,CPI,P30939,compound,protein
5358,CPI,P31645,compound,protein
5358,CPI,P34969,compound,protein
5358,CPI,P35372,compound,protein
5358,CPI,P37288,compound,protein
5358,CPI,P41595,compound,protein
5358,CPI,P46098,compound,protein
5358,CPI,P47898,compound,protein
5358,CPI,P50406,compound,protein
5358,CPI,Q01959,compound,protein
5358,CPI,Q96FL8,compound,protein
5358,CPI,Q9UBS5,compound,protein
44142106,CPI,O75496,compound,protein
3334,CPI,O75469,compound,protein
3334,CPI,O75496,compound,protein
3334,CPI,O75874,compound,protein
3334,CPI,O95398,compound,protein
3334,CPI,P02545,compound,protein
3334,CPI,P05177,compound,protein
3334,CPI,P07437,compound,protein
3334,CPI,P43220,compound,protein
3334,CPI,Q16236,compound,protein
3334,CPI,Q16539,compound,protein
3334,CPI,Q96KQ7,compound,protein
3334,CPI,Q9NUW8,compound,protein
5416418,CPI,O15118,compound,protein
5416418,CPI,P51151,compound,protein
5416418,CPI,Q16637,compound,protein
5416418,CPI,Q96QE3,compound,protein
5392,CPI,Q03431,compound,protein
5392,CPI,Q96KQ7,compound,protein
5392,CPI,Q9NUW8,compound,protein
9807070,CPI,P25103,compound,protein
9954280,CPI,P08684,compound,protein
9954280,CPI,P37231,compound,protein
9954280,CPI,Q99714,compound,protein
8997,CPI,P00352,compound,protein
8997,CPI,P07202,compound,protein
8997,CPI,P10828,compound,protein
8997,CPI,P27695,compound,protein
5280378,CPI,P00326,compound,protein
5280378,CPI,P04637,compound,protein
5280378,CPI,P10635,compound,protein
5280378,CPI,P10636,compound,protein
5280378,CPI,P11712,compound,protein
5280378,CPI,P31639,compound,protein
5280378,CPI,P33261,compound,protein
5280378,CPI,P38398,compound,protein
5280378,CPI,P60568,compound,protein
5280378,CPI,Q16678,compound,protein
5280378,CPI,Q9UBN7,compound,protein
60700,CPI,P08684,compound,protein
60700,CPI,P11387,compound,protein
60700,CPI,P11388,compound,protein
60700,CPI,Q16665,compound,protein
60700,CPI,Q86VL8,compound,protein
60700,CPI,Q969P6,compound,protein
60700,CPI,Q96FL8,compound,protein
60700,CPI,Q9UNQ0,compound,protein
5288783,CPI,O75469,compound,protein
5288783,CPI,P03372,compound,protein
5288783,CPI,P11473,compound,protein
5288783,CPI,P35354,compound,protein
2794,CPI,O00167,compound,protein
2794,CPI,O75164,compound,protein
2794,CPI,O75496,compound,protein
2794,CPI,P03372,compound,protein
2794,CPI,P04150,compound,protein
2794,CPI,P08183,compound,protein
2794,CPI,P10635,compound,protein
2794,CPI,P14416,compound,protein
2794,CPI,P22001,compound,protein
2794,CPI,P28482,compound,protein
2794,CPI,P35367,compound,protein
2794,CPI,P37231,compound,protein
2794,CPI,P83916,compound,protein
2794,CPI,Q12809,compound,protein
2794,CPI,Q16665,compound,protein
2794,CPI,Q92847,compound,protein
2794,CPI,Q96KQ7,compound,protein
2794,CPI,Q99700,compound,protein
2794,CPI,Q9UNQ0,compound,protein
44634570,CPI,Q16236,compound,protein
44634570,CPI,Q6W5P4,compound,protein
44489694,CPI,Q9NUW8,compound,protein
3932,CPI,O43525,compound,protein
3932,CPI,O43526,compound,protein
3932,CPI,O75496,compound,protein
3932,CPI,P08684,compound,protein
3932,CPI,P10635,compound,protein
3932,CPI,P11712,compound,protein
3932,CPI,P21728,compound,protein
3932,CPI,P33261,compound,protein
3932,CPI,P40225,compound,protein
3932,CPI,Q03431,compound,protein
3932,CPI,Q99700,compound,protein
3932,CPI,Q9NUW8,compound,protein
11865433,CPI,P18405,compound,protein
11865433,CPI,P31213,compound,protein
11865433,CPI,P51857,compound,protein
11865433,CPI,Q9H8P0,compound,protein
5329103,CPI,P00533,compound,protein
5329103,CPI,P09619,compound,protein
5329103,CPI,P10721,compound,protein
5329103,CPI,P11362,compound,protein
5329103,CPI,P16234,compound,protein
5329103,CPI,P17948,compound,protein
5329103,CPI,P35968,compound,protein
5329103,CPI,P51955,compound,protein
5329103,CPI,Q14680,compound,protein
5329103,CPI,Q96NX5,compound,protein
5197049,CPI,Q9Y2T6,compound,protein
444036,CPI,O75469,compound,protein
444036,CPI,P03372,compound,protein
444036,CPI,P04150,compound,protein
444036,CPI,P06401,compound,protein
444036,CPI,P08172,compound,protein
444036,CPI,P08235,compound,protein
444036,CPI,P08908,compound,protein
444036,CPI,P08913,compound,protein
444036,CPI,P10275,compound,protein
444036,CPI,P21728,compound,protein
444036,CPI,P21917,compound,protein
444036,CPI,P25021,compound,protein
444036,CPI,P25103,compound,protein
444036,CPI,P28223,compound,protein
444036,CPI,P41595,compound,protein
444036,CPI,P47712,compound,protein
444036,CPI,Q8TDS4,compound,protein
444036,CPI,Q92731,compound,protein
5280335,CPI,O75496,compound,protein
5280335,CPI,P02545,compound,protein
5280335,CPI,P04062,compound,protein
5280335,CPI,P06280,compound,protein
5280335,CPI,P10828,compound,protein
5280335,CPI,P15151,compound,protein
5280335,CPI,P61088,compound,protein
5280335,CPI,Q9NRA0,compound,protein
5280335,CPI,Q9NUW8,compound,protein
5280335,CPI,Q9NYA1,compound,protein
5280335,CPI,Q9NZD2,compound,protein
5280335,CPI,Q9Y5K3,compound,protein
54618771,CPI,Q06710,compound,protein
46903465,CPI,Q99700,compound,protein
4239,CPI,P33402,compound,protein
4239,CPI,Q02108,compound,protein
73707410,CPI,P16233,compound,protein
4065,CPI,P08908,compound,protein
4065,CPI,P10635,compound,protein
4065,CPI,Q9NUW8,compound,protein
2148,CPI,Q16665,compound,protein
2148,CPI,Q4U2R8,compound,protein
446155,CPI,P04035,compound,protein
446155,CPI,P43354,compound,protein
446155,CPI,Q92769,compound,protein
5281071,CPI,P04271,compound,protein
5281071,CPI,P23297,compound,protein
5281071,CPI,P25021,compound,protein
5281071,CPI,P29034,compound,protein
5281071,CPI,P35367,compound,protein
5281071,CPI,P80511,compound,protein
5281071,CPI,Q99584,compound,protein
5281071,CPI,Q9Y5N1,compound,protein
16759169,CPI,Q9UBN7,compound,protein
56962336,CPI,Q8TEK3,compound,protein
56962336,CPI,Q9NVM4,compound,protein
60149,CPI,O43193,compound,protein
60149,CPI,O75469,compound,protein
60149,CPI,P08172,compound,protein
60149,CPI,P08183,compound,protein
60149,CPI,P08908,compound,protein
60149,CPI,P11229,compound,protein
60149,CPI,P14416,compound,protein
60149,CPI,P18089,compound,protein
60149,CPI,P18825,compound,protein
60149,CPI,P20366,compound,protein
60149,CPI,P21728,compound,protein
60149,CPI,P21917,compound,protein
60149,CPI,P22460,compound,protein
60149,CPI,P23975,compound,protein
60149,CPI,P25100,compound,protein
60149,CPI,P28221,compound,protein
60149,CPI,P28222,compound,protein
60149,CPI,P28223,compound,protein
60149,CPI,P28335,compound,protein
60149,CPI,P28566,compound,protein
60149,CPI,P30939,compound,protein
60149,CPI,P31645,compound,protein
60149,CPI,P34969,compound,protein
60149,CPI,P35367,compound,protein
60149,CPI,P35368,compound,protein
60149,CPI,P35462,compound,protein
60149,CPI,P41145,compound,protein
60149,CPI,P41595,compound,protein
60149,CPI,P50406,compound,protein
60149,CPI,Q01959,compound,protein
60149,CPI,Q12809,compound,protein
60149,CPI,Q9NUW8,compound,protein
5440,CPI,O60240,compound,protein
5440,CPI,P08172,compound,protein
5440,CPI,P08908,compound,protein
5440,CPI,P08913,compound,protein
5440,CPI,P0DMS8,compound,protein
5440,CPI,P14416,compound,protein
5440,CPI,P18825,compound,protein
5440,CPI,P21728,compound,protein
5440,CPI,P21731,compound,protein
5440,CPI,P23219,compound,protein
5440,CPI,P23975,compound,protein
5440,CPI,P28223,compound,protein
5440,CPI,P31645,compound,protein
5440,CPI,P35367,compound,protein
5440,CPI,P35372,compound,protein
5440,CPI,P35462,compound,protein
5440,CPI,P43681,compound,protein
5440,CPI,Q00G26,compound,protein
5440,CPI,Q01959,compound,protein
5440,CPI,Q12809,compound,protein
10461508,CPI,O00764,compound,protein
10461508,CPI,O60885,compound,protein
10461508,CPI,P30291,compound,protein
10461508,CPI,P51956,compound,protein
10461508,CPI,P53350,compound,protein
10461508,CPI,Q05397,compound,protein
10461508,CPI,Q58F21,compound,protein
10461508,CPI,Q96RR4,compound,protein
10461508,CPI,Q9H4B4,compound,protein
10461508,CPI,Q9NYY3,compound,protein
5361,CPI,O75469,compound,protein
5361,CPI,O75604,compound,protein
5361,CPI,O94782,compound,protein
5361,CPI,O94925,compound,protein
5361,CPI,P08908,compound,protein
5361,CPI,P0DMS8,compound,protein
5361,CPI,P14555,compound,protein
5361,CPI,P14618,compound,protein
5361,CPI,P18031,compound,protein
5361,CPI,P21817,compound,protein
5361,CPI,P23945,compound,protein
5361,CPI,P30613,compound,protein
5361,CPI,P35968,compound,protein
5361,CPI,P39748,compound,protein
5361,CPI,P46063,compound,protein
5361,CPI,P49798,compound,protein
5361,CPI,P56373,compound,protein
5361,CPI,P78527,compound,protein
5361,CPI,P83916,compound,protein
5361,CPI,Q13526,compound,protein
5361,CPI,Q16236,compound,protein
5361,CPI,Q8IXJ6,compound,protein
5361,CPI,Q96EB6,compound,protein
5361,CPI,Q96KQ7,compound,protein
5361,CPI,Q99549,compound,protein
5361,CPI,Q99714,compound,protein
5361,CPI,Q99873,compound,protein
5361,CPI,Q9NUW8,compound,protein
5361,CPI,Q9NXA8,compound,protein
5361,CPI,Q9UBT6,compound,protein
5361,CPI,Q9UNA4,compound,protein
5361,CPI,Q9Y251,compound,protein
6610353,CPI,O14920,compound,protein
6610353,CPI,O15530,compound,protein
6610353,CPI,P05129,compound,protein
6610353,CPI,P05771,compound,protein
6610353,CPI,P06239,compound,protein
6610353,CPI,P10636,compound,protein
6610353,CPI,P11229,compound,protein
6610353,CPI,P11309,compound,protein
6610353,CPI,P17252,compound,protein
6610353,CPI,P24941,compound,protein
6610353,CPI,P41240,compound,protein
6610353,CPI,P41743,compound,protein
6610353,CPI,P42345,compound,protein
6610353,CPI,P43403,compound,protein
6610353,CPI,P43405,compound,protein
6610353,CPI,P48736,compound,protein
6610353,CPI,P49137,compound,protein
6610353,CPI,P49798,compound,protein
6610353,CPI,P49841,compound,protein
6610353,CPI,Q02156,compound,protein
6610353,CPI,Q04759,compound,protein
6610353,CPI,Q05513,compound,protein
6610353,CPI,Q05655,compound,protein
6610353,CPI,Q08881,compound,protein
6610353,CPI,Q96QE3,compound,protein
46904240,CPI,Q9NUW8,compound,protein
44820564,CPI,Q16236,compound,protein
60835,CPI,O43193,compound,protein
60835,CPI,P04062,compound,protein
60835,CPI,P05177,compound,protein
60835,CPI,P08172,compound,protein
60835,CPI,P08684,compound,protein
60835,CPI,P08908,compound,protein
60835,CPI,P08913,compound,protein
60835,CPI,P10635,compound,protein
60835,CPI,P11229,compound,protein
60835,CPI,P14416,compound,protein
60835,CPI,P14920,compound,protein
60835,CPI,P15382,compound,protein
60835,CPI,P18089,compound,protein
60835,CPI,P18825,compound,protein
60835,CPI,P21397,compound,protein
60835,CPI,P21554,compound,protein
60835,CPI,P21728,compound,protein
60835,CPI,P23975,compound,protein
60835,CPI,P25021,compound,protein
60835,CPI,P27695,compound,protein
60835,CPI,P28221,compound,protein
60835,CPI,P28222,compound,protein
60835,CPI,P28223,compound,protein
60835,CPI,P28566,compound,protein
60835,CPI,P30939,compound,protein
60835,CPI,P31645,compound,protein
60835,CPI,P33261,compound,protein
60835,CPI,P34897,compound,protein
60835,CPI,P34969,compound,protein
60835,CPI,P35367,compound,protein
60835,CPI,P35462,compound,protein
60835,CPI,P41145,compound,protein
60835,CPI,P41595,compound,protein
60835,CPI,P43681,compound,protein
60835,CPI,P50406,compound,protein
60835,CPI,Q01959,compound,protein
60835,CPI,Q03164,compound,protein
60835,CPI,Q12809,compound,protein
60835,CPI,Q14524,compound,protein
60835,CPI,Q9NUW8,compound,protein
60835,CPI,Q9Y5N1,compound,protein
71077,CPI,P23415,compound,protein
71077,CPI,P29508,compound,protein
71077,CPI,P49798,compound,protein
71077,CPI,P54132,compound,protein
71077,CPI,Q05586,compound,protein
71077,CPI,Q96KQ7,compound,protein
71077,CPI,Q9NUW8,compound,protein
44607360,CPI,P00533,compound,protein
11292680,CPI,P03956,compound,protein
11292680,CPI,P08253,compound,protein
11292680,CPI,P08254,compound,protein
11292680,CPI,P09237,compound,protein
11292680,CPI,P14780,compound,protein
11292680,CPI,P22894,compound,protein
11292680,CPI,P39900,compound,protein
11292680,CPI,P42345,compound,protein
11292680,CPI,P45452,compound,protein
11292680,CPI,P50281,compound,protein
11292680,CPI,P51512,compound,protein
11292680,CPI,Q13526,compound,protein
11292680,CPI,Q99700,compound,protein
54645830,CPI,Q06710,compound,protein
129010025,CPI,Q9UM07,compound,protein
156419,CPI,P08588,compound,protein
156419,CPI,P0DMS8,compound,protein
156419,CPI,P10635,compound,protein
156419,CPI,P14416,compound,protein
156419,CPI,P18825,compound,protein
156419,CPI,P23415,compound,protein
156419,CPI,P23975,compound,protein
156419,CPI,P25929,compound,protein
156419,CPI,P28335,compound,protein
156419,CPI,P30411,compound,protein
156419,CPI,P31645,compound,protein
156419,CPI,P35372,compound,protein
156419,CPI,P35462,compound,protein
156419,CPI,P41180,compound,protein
156419,CPI,P43681,compound,protein
156419,CPI,Q01959,compound,protein
156419,CPI,Q12809,compound,protein
156419,CPI,Q92847,compound,protein
156419,CPI,Q96KQ7,compound,protein
193962,CPI,O15438,compound,protein
193962,CPI,P03372,compound,protein
193962,CPI,P05177,compound,protein
193962,CPI,P06401,compound,protein
193962,CPI,P08183,compound,protein
193962,CPI,P11229,compound,protein
193962,CPI,P11712,compound,protein
193962,CPI,P21728,compound,protein
193962,CPI,P21731,compound,protein
193962,CPI,P23975,compound,protein
193962,CPI,P33261,compound,protein
193962,CPI,P33527,compound,protein
193962,CPI,Q01959,compound,protein
193962,CPI,Q92887,compound,protein
193962,CPI,Q9UNQ0,compound,protein
65492,CPI,P02545,compound,protein
5334,CPI,Q9NUW8,compound,protein
46907705,CPI,Q16637,compound,protein
57394468,CPI,P45983,compound,protein
31307,CPI,O75496,compound,protein
31307,CPI,P02545,compound,protein
31307,CPI,P04150,compound,protein
31307,CPI,P19838,compound,protein
31307,CPI,P43220,compound,protein
31307,CPI,P51589,compound,protein
31307,CPI,P54132,compound,protein
31307,CPI,P84022,compound,protein
31307,CPI,Q16236,compound,protein
31307,CPI,Q16665,compound,protein
31307,CPI,Q96KQ7,compound,protein
31307,CPI,Q9NR56,compound,protein
3081361,CPI,O00238,compound,protein
3081361,CPI,O00329,compound,protein
3081361,CPI,O00444,compound,protein
3081361,CPI,O00506,compound,protein
3081361,CPI,O00750,compound,protein
3081361,CPI,O14578,compound,protein
3081361,CPI,O14730,compound,protein
3081361,CPI,O14733,compound,protein
3081361,CPI,O14757,compound,protein
3081361,CPI,O14920,compound,protein
3081361,CPI,O14936,compound,protein
3081361,CPI,O14965,compound,protein
3081361,CPI,O14976,compound,protein
3081361,CPI,O15075,compound,protein
3081361,CPI,O15111,compound,protein
3081361,CPI,O15146,compound,protein
3081361,CPI,O15197,compound,protein
3081361,CPI,O15264,compound,protein
3081361,CPI,O15530,compound,protein
3081361,CPI,O43283,compound,protein
3081361,CPI,O43293,compound,protein
3081361,CPI,O43318,compound,protein
3081361,CPI,O43353,compound,protein
3081361,CPI,O60285,compound,protein
3081361,CPI,O60331,compound,protein
3081361,CPI,O60674,compound,protein
3081361,CPI,O75116,compound,protein
3081361,CPI,O75385,compound,protein
3081361,CPI,O75460,compound,protein
3081361,CPI,O75469,compound,protein
3081361,CPI,O75582,compound,protein
3081361,CPI,O75676,compound,protein
3081361,CPI,O75716,compound,protein
3081361,CPI,O75747,compound,protein
3081361,CPI,O75914,compound,protein
3081361,CPI,O76039,compound,protein
3081361,CPI,O94768,compound,protein
3081361,CPI,O94804,compound,protein
3081361,CPI,O94806,compound,protein
3081361,CPI,O94921,compound,protein
3081361,CPI,O95382,compound,protein
3081361,CPI,O95747,compound,protein
3081361,CPI,O95819,compound,protein
3081361,CPI,O95835,compound,protein
3081361,CPI,O96013,compound,protein
3081361,CPI,O96017,compound,protein
3081361,CPI,P00519,compound,protein
3081361,CPI,P00533,compound,protein
3081361,CPI,P04049,compound,protein
3081361,CPI,P04626,compound,protein
3081361,CPI,P04629,compound,protein
3081361,CPI,P06213,compound,protein
3081361,CPI,P06239,compound,protein
3081361,CPI,P06241,compound,protein
3081361,CPI,P06401,compound,protein
3081361,CPI,P06493,compound,protein
3081361,CPI,P07332,compound,protein
3081361,CPI,P07333,compound,protein
3081361,CPI,P07947,compound,protein
3081361,CPI,P07948,compound,protein
3081361,CPI,P07949,compound,protein
3081361,CPI,P08069,compound,protein
3081361,CPI,P08581,compound,protein
3081361,CPI,P08631,compound,protein
3081361,CPI,P08913,compound,protein
3081361,CPI,P08922,compound,protein
3081361,CPI,P09619,compound,protein
3081361,CPI,P09769,compound,protein
3081361,CPI,P0C1S8,compound,protein
3081361,CPI,P0C264,compound,protein
3081361,CPI,P10721,compound,protein
3081361,CPI,P11274,compound,protein
3081361,CPI,P11309,compound,protein
3081361,CPI,P11362,compound,protein
3081361,CPI,P11802,compound,protein
3081361,CPI,P12931,compound,protein
3081361,CPI,P14616,compound,protein
3081361,CPI,P15056,compound,protein
3081361,CPI,P15692,compound,protein
3081361,CPI,P15735,compound,protein
3081361,CPI,P16234,compound,protein
3081361,CPI,P16591,compound,protein
3081361,CPI,P17948,compound,protein
3081361,CPI,P18089,compound,protein
3081361,CPI,P18825,compound,protein
3081361,CPI,P19525,compound,protein
3081361,CPI,P19784,compound,protein
3081361,CPI,P20794,compound,protein
3081361,CPI,P21127,compound,protein
3081361,CPI,P21709,compound,protein
3081361,CPI,P21802,compound,protein
3081361,CPI,P21860,compound,protein
3081361,CPI,P22455,compound,protein
3081361,CPI,P22607,compound,protein
3081361,CPI,P22694,compound,protein
3081361,CPI,P23443,compound,protein
3081361,CPI,P23458,compound,protein
3081361,CPI,P24941,compound,protein
3081361,CPI,P27037,compound,protein
3081361,CPI,P27361,compound,protein
3081361,CPI,P27448,compound,protein
3081361,CPI,P28482,compound,protein
3081361,CPI,P29317,compound,protein
3081361,CPI,P29320,compound,protein
3081361,CPI,P29322,compound,protein
3081361,CPI,P29323,compound,protein
3081361,CPI,P29376,compound,protein
3081361,CPI,P29597,compound,protein
3081361,CPI,P30291,compound,protein
3081361,CPI,P30411,compound,protein
3081361,CPI,P30530,compound,protein
3081361,CPI,P31152,compound,protein
3081361,CPI,P31645,compound,protein
3081361,CPI,P31749,compound,protein
3081361,CPI,P31751,compound,protein
3081361,CPI,P32238,compound,protein
3081361,CPI,P32239,compound,protein
3081361,CPI,P32298,compound,protein
3081361,CPI,P33981,compound,protein
3081361,CPI,P34947,compound,protein
3081361,CPI,P35367,compound,protein
3081361,CPI,P35590,compound,protein
3081361,CPI,P35916,compound,protein
3081361,CPI,P35968,compound,protein
3081361,CPI,P36507,compound,protein
3081361,CPI,P36888,compound,protein
3081361,CPI,P36894,compound,protein
3081361,CPI,P36896,compound,protein
3081361,CPI,P36897,compound,protein
3081361,CPI,P37023,compound,protein
3081361,CPI,P37173,compound,protein
3081361,CPI,P41240,compound,protein
3081361,CPI,P41743,compound,protein
3081361,CPI,P42336,compound,protein
3081361,CPI,P42338,compound,protein
3081361,CPI,P42345,compound,protein
3081361,CPI,P42679,compound,protein
3081361,CPI,P42680,compound,protein
3081361,CPI,P42681,compound,protein
3081361,CPI,P42684,compound,protein
3081361,CPI,P42685,compound,protein
3081361,CPI,P43403,compound,protein
3081361,CPI,P43405,compound,protein
3081361,CPI,P43681,compound,protein
3081361,CPI,P45983,compound,protein
3081361,CPI,P45984,compound,protein
3081361,CPI,P45985,compound,protein
3081361,CPI,P46734,compound,protein
3081361,CPI,P48729,compound,protein
3081361,CPI,P48730,compound,protein
3081361,CPI,P48736,compound,protein
3081361,CPI,P49137,compound,protein
3081361,CPI,P49336,compound,protein
3081361,CPI,P49674,compound,protein
3081361,CPI,P49759,compound,protein
3081361,CPI,P49760,compound,protein
3081361,CPI,P49761,compound,protein
3081361,CPI,P49840,compound,protein
3081361,CPI,P49841,compound,protein
3081361,CPI,P50613,compound,protein
3081361,CPI,P50750,compound,protein
3081361,CPI,P51451,compound,protein
3081361,CPI,P51617,compound,protein
3081361,CPI,P51812,compound,protein
3081361,CPI,P51813,compound,protein
3081361,CPI,P51817,compound,protein
3081361,CPI,P51955,compound,protein
3081361,CPI,P51956,compound,protein
3081361,CPI,P51957,compound,protein
3081361,CPI,P52333,compound,protein
3081361,CPI,P52564,compound,protein
3081361,CPI,P53350,compound,protein
3081361,CPI,P53355,compound,protein
3081361,CPI,P53667,compound,protein
3081361,CPI,P53671,compound,protein
3081361,CPI,P53778,compound,protein
3081361,CPI,P53779,compound,protein
3081361,CPI,P54646,compound,protein
3081361,CPI,P54753,compound,protein
3081361,CPI,P54756,compound,protein
3081361,CPI,P54760,compound,protein
3081361,CPI,P54762,compound,protein
3081361,CPI,P54764,compound,protein
3081361,CPI,P57058,compound,protein
3081361,CPI,P57059,compound,protein
3081361,CPI,P57078,compound,protein
3081361,CPI,P68400,compound,protein
3081361,CPI,P78356,compound,protein
3081361,CPI,P78362,compound,protein
3081361,CPI,P78368,compound,protein
3081361,CPI,P80192,compound,protein
3081361,CPI,Q00526,compound,protein
3081361,CPI,Q00532,compound,protein
3081361,CPI,Q00535,compound,protein
3081361,CPI,Q00536,compound,protein
3081361,CPI,Q00537,compound,protein
3081361,CPI,Q02156,compound,protein
3081361,CPI,Q02750,compound,protein
3081361,CPI,Q02763,compound,protein
3081361,CPI,Q02779,compound,protein
3081361,CPI,Q04759,compound,protein
3081361,CPI,Q04771,compound,protein
3081361,CPI,Q04912,compound,protein
3081361,CPI,Q05397,compound,protein
3081361,CPI,Q05655,compound,protein
3081361,CPI,Q06187,compound,protein
3081361,CPI,Q06418,compound,protein
3081361,CPI,Q07002,compound,protein
3081361,CPI,Q07912,compound,protein
3081361,CPI,Q08345,compound,protein
3081361,CPI,Q08881,compound,protein
3081361,CPI,Q09013,compound,protein
3081361,CPI,Q12809,compound,protein
3081361,CPI,Q12851,compound,protein
3081361,CPI,Q12852,compound,protein
3081361,CPI,Q12866,compound,protein
3081361,CPI,Q13043,compound,protein
3081361,CPI,Q13131,compound,protein
3081361,CPI,Q13153,compound,protein
3081361,CPI,Q13163,compound,protein
3081361,CPI,Q13164,compound,protein
3081361,CPI,Q13177,compound,protein
3081361,CPI,Q13188,compound,protein
3081361,CPI,Q13233,compound,protein
3081361,CPI,Q13237,compound,protein
3081361,CPI,Q13464,compound,protein
3081361,CPI,Q13470,compound,protein
3081361,CPI,Q13523,compound,protein
3081361,CPI,Q13546,compound,protein
3081361,CPI,Q13547,compound,protein
3081361,CPI,Q13554,compound,protein
3081361,CPI,Q13555,compound,protein
3081361,CPI,Q13557,compound,protein
3081361,CPI,Q13627,compound,protein
3081361,CPI,Q13705,compound,protein
3081361,CPI,Q13873,compound,protein
3081361,CPI,Q13882,compound,protein
3081361,CPI,Q13976,compound,protein
3081361,CPI,Q14004,compound,protein
3081361,CPI,Q14012,compound,protein
3081361,CPI,Q14164,compound,protein
3081361,CPI,Q14289,compound,protein
3081361,CPI,Q14680,compound,protein
3081361,CPI,Q15139,compound,protein
3081361,CPI,Q15208,compound,protein
3081361,CPI,Q15303,compound,protein
3081361,CPI,Q15349,compound,protein
3081361,CPI,Q15375,compound,protein
3081361,CPI,Q15418,compound,protein
3081361,CPI,Q15569,compound,protein
3081361,CPI,Q15746,compound,protein
3081361,CPI,Q15759,compound,protein
3081361,CPI,Q15831,compound,protein
3081361,CPI,Q15835,compound,protein
3081361,CPI,Q16288,compound,protein
3081361,CPI,Q16512,compound,protein
3081361,CPI,Q16513,compound,protein
3081361,CPI,Q16539,compound,protein
3081361,CPI,Q16566,compound,protein
3081361,CPI,Q16584,compound,protein
3081361,CPI,Q16620,compound,protein
3081361,CPI,Q16659,compound,protein
3081361,CPI,Q16816,compound,protein
3081361,CPI,Q16832,compound,protein
3081361,CPI,Q2M2I8,compound,protein
3081361,CPI,Q32MK0,compound,protein
3081361,CPI,Q52WX2,compound,protein
3081361,CPI,Q56UN5,compound,protein
3081361,CPI,Q59H18,compound,protein
3081361,CPI,Q5S007,compound,protein
3081361,CPI,Q5VT25,compound,protein
3081361,CPI,Q6DT37,compound,protein
3081361,CPI,Q6PHR2,compound,protein
3081361,CPI,Q6XUX3,compound,protein
3081361,CPI,Q6ZN16,compound,protein
3081361,CPI,Q7KZI7,compound,protein
3081361,CPI,Q7L7X3,compound,protein
3081361,CPI,Q86UE8,compound,protein
3081361,CPI,Q86UX6,compound,protein
3081361,CPI,Q86V86,compound,protein
3081361,CPI,Q86Y07,compound,protein
3081361,CPI,Q86YV6,compound,protein
3081361,CPI,Q86Z02,compound,protein
3081361,CPI,Q8IU85,compound,protein
3081361,CPI,Q8IVH8,compound,protein
3081361,CPI,Q8IVW4,compound,protein
3081361,CPI,Q8IW41,compound,protein
3081361,CPI,Q8IWQ3,compound,protein
3081361,CPI,Q8IY84,compound,protein
3081361,CPI,Q8IYT8,compound,protein
3081361,CPI,Q8N4C8,compound,protein
3081361,CPI,Q8N568,compound,protein
3081361,CPI,Q8N5S9,compound,protein
3081361,CPI,Q8N752,compound,protein
3081361,CPI,Q8NE63,compound,protein
3081361,CPI,Q8NEV4,compound,protein
3081361,CPI,Q8NFD2,compound,protein
3081361,CPI,Q8NG66,compound,protein
3081361,CPI,Q8NI60,compound,protein
3081361,CPI,Q8TBX8,compound,protein
3081361,CPI,Q8TD08,compound,protein
3081361,CPI,Q8TD19,compound,protein
3081361,CPI,Q8TDC3,compound,protein
3081361,CPI,Q8TDR2,compound,protein
3081361,CPI,Q8TDX7,compound,protein
3081361,CPI,Q8WTQ7,compound,protein
3081361,CPI,Q8WU08,compound,protein
3081361,CPI,Q8WXR4,compound,protein
3081361,CPI,Q92630,compound,protein
3081361,CPI,Q92772,compound,protein
3081361,CPI,Q92918,compound,protein
3081361,CPI,Q96BR1,compound,protein
3081361,CPI,Q96D53,compound,protein
3081361,CPI,Q96GD4,compound,protein
3081361,CPI,Q96KQ7,compound,protein
3081361,CPI,Q96L34,compound,protein
3081361,CPI,Q96NX5,compound,protein
3081361,CPI,Q96PY6,compound,protein
3081361,CPI,Q96Q40,compound,protein
3081361,CPI,Q96RR4,compound,protein
3081361,CPI,Q96SB4,compound,protein
3081361,CPI,Q99640,compound,protein
3081361,CPI,Q99683,compound,protein
3081361,CPI,Q99755,compound,protein
3081361,CPI,Q99759,compound,protein
3081361,CPI,Q9BQI3,compound,protein
3081361,CPI,Q9BRS2,compound,protein
3081361,CPI,Q9BUB5,compound,protein
3081361,CPI,Q9BVS4,compound,protein
3081361,CPI,Q9BWU1,compound,protein
3081361,CPI,Q9BX84,compound,protein
3081361,CPI,Q9BXA7,compound,protein
3081361,CPI,Q9BYT3,compound,protein
3081361,CPI,Q9BZL6,compound,protein
3081361,CPI,Q9C098,compound,protein
3081361,CPI,Q9H093,compound,protein
3081361,CPI,Q9H0K1,compound,protein
3081361,CPI,Q9H1R3,compound,protein
3081361,CPI,Q9H2G2,compound,protein
3081361,CPI,Q9H2K8,compound,protein
3081361,CPI,Q9H2X6,compound,protein
3081361,CPI,Q9H3Y6,compound,protein
3081361,CPI,Q9H422,compound,protein
3081361,CPI,Q9H4B4,compound,protein
3081361,CPI,Q9HAZ1,compound,protein
3081361,CPI,Q9HBH9,compound,protein
3081361,CPI,Q9HC98,compound,protein
3081361,CPI,Q9HCP0,compound,protein
3081361,CPI,Q9NQU5,compound,protein
3081361,CPI,Q9NRH2,compound,protein
3081361,CPI,Q9NRM7,compound,protein
3081361,CPI,Q9NRP7,compound,protein
3081361,CPI,Q9NSY1,compound,protein
3081361,CPI,Q9NUW8,compound,protein
3081361,CPI,Q9NWZ3,compound,protein
3081361,CPI,Q9NY57,compound,protein
3081361,CPI,Q9NYL2,compound,protein
3081361,CPI,Q9NYY3,compound,protein
3081361,CPI,Q9P0L2,compound,protein
3081361,CPI,Q9P1W9,compound,protein
3081361,CPI,Q9P289,compound,protein
3081361,CPI,Q9P2K8,compound,protein
3081361,CPI,Q9UBE8,compound,protein
3081361,CPI,Q9UBF8,compound,protein
3081361,CPI,Q9UEE5,compound,protein
3081361,CPI,Q9UEW8,compound,protein
3081361,CPI,Q9UF33,compound,protein
3081361,CPI,Q9UHD2,compound,protein
3081361,CPI,Q9UIK4,compound,protein
3081361,CPI,Q9UK32,compound,protein
3081361,CPI,Q9UKE5,compound,protein
3081361,CPI,Q9UKI8,compound,protein
3081361,CPI,Q9UL54,compound,protein
3081361,CPI,Q9UM73,compound,protein
3081361,CPI,Q9UNQ0,compound,protein
3081361,CPI,Q9UPE1,compound,protein
3081361,CPI,Q9UPZ9,compound,protein
3081361,CPI,Q9UQ88,compound,protein
3081361,CPI,Q9UQB9,compound,protein
3081361,CPI,Q9UQM7,compound,protein
3081361,CPI,Q9Y243,compound,protein
3081361,CPI,Q9Y2H1,compound,protein
3081361,CPI,Q9Y2K2,compound,protein
3081361,CPI,Q9Y2U5,compound,protein
3081361,CPI,Q9Y463,compound,protein
3081361,CPI,Q9Y4K4,compound,protein
3081361,CPI,Q9Y5N1,compound,protein
3081361,CPI,Q9Y5S2,compound,protein
3081361,CPI,Q9Y616,compound,protein
3081361,CPI,Q9Y6E0,compound,protein
3081361,CPI,Q9Y6M4,compound,protein
3081361,CPI,Q9Y6R4,compound,protein
25015515,CPI,O95271,compound,protein
25015515,CPI,P09874,compound,protein
25015515,CPI,Q13464,compound,protein
25015515,CPI,Q460N5,compound,protein
25015515,CPI,Q53GL7,compound,protein
25015515,CPI,Q9UGN5,compound,protein
25015515,CPI,Q9Y6F1,compound,protein
11631681,CPI,O14965,compound,protein
11631681,CPI,P06241,compound,protein
11631681,CPI,P06493,compound,protein
11631681,CPI,P17252,compound,protein
11631681,CPI,P24941,compound,protein
11631681,CPI,P28482,compound,protein
11631681,CPI,P49759,compound,protein
11631681,CPI,P49760,compound,protein
11631681,CPI,P51812,compound,protein
11631681,CPI,P54753,compound,protein
11631681,CPI,Q05655,compound,protein
11631681,CPI,Q13627,compound,protein
11631681,CPI,Q96GD4,compound,protein
6035,CPI,O75496,compound,protein
6035,CPI,O75874,compound,protein
6035,CPI,P04183,compound,protein
6035,CPI,P51449,compound,protein
6035,CPI,Q16236,compound,protein
6035,CPI,Q16637,compound,protein
6035,CPI,Q96KQ7,compound,protein
6035,CPI,Q9NUW8,compound,protein
6035,CPI,Q9UIF8,compound,protein
451668,CPI,O15379,compound,protein
451668,CPI,O75496,compound,protein
451668,CPI,P26358,compound,protein
451668,CPI,P56524,compound,protein
451668,CPI,Q13547,compound,protein
451668,CPI,Q8WUI4,compound,protein
451668,CPI,Q92769,compound,protein
451668,CPI,Q969S8,compound,protein
451668,CPI,Q96DB2,compound,protein
451668,CPI,Q96KQ7,compound,protein
451668,CPI,Q96QE3,compound,protein
451668,CPI,Q9BY41,compound,protein
451668,CPI,Q9NUW8,compound,protein
451668,CPI,Q9UBC3,compound,protein
451668,CPI,Q9UBN7,compound,protein
451668,CPI,Q9UKV0,compound,protein
451668,CPI,Q9UQL6,compound,protein
451668,CPI,Q9Y6K1,compound,protein
44460120,CPI,P16050,compound,protein
24795070,CPI,O14976,compound,protein
24795070,CPI,O94804,compound,protein
24795070,CPI,P07947,compound,protein
24795070,CPI,P07949,compound,protein
24795070,CPI,P09619,compound,protein
24795070,CPI,P11309,compound,protein
24795070,CPI,P19784,compound,protein
24795070,CPI,P36888,compound,protein
24795070,CPI,Q04771,compound,protein
24795070,CPI,Q12809,compound,protein
24795070,CPI,Q86V86,compound,protein
24795070,CPI,Q8TF76,compound,protein
24795070,CPI,Q9H0K1,compound,protein
24795070,CPI,Q9H2G2,compound,protein
24795070,CPI,Q9NSY1,compound,protein
24795070,CPI,Q9P1W9,compound,protein
24795070,CPI,Q9UGJ0,compound,protein
24795070,CPI,Q9Y616,compound,protein
5311,CPI,O15379,compound,protein
5311,CPI,O60674,compound,protein
5311,CPI,O60885,compound,protein
5311,CPI,O75376,compound,protein
5311,CPI,O75496,compound,protein
5311,CPI,P00533,compound,protein
5311,CPI,P04035,compound,protein
5311,CPI,P07550,compound,protein
5311,CPI,P07900,compound,protein
5311,CPI,P08172,compound,protein
5311,CPI,P08173,compound,protein
5311,CPI,P08684,compound,protein
5311,CPI,P08908,compound,protein
5311,CPI,P08912,compound,protein
5311,CPI,P08913,compound,protein
5311,CPI,P09960,compound,protein
5311,CPI,P21452,compound,protein
5311,CPI,P21554,compound,protein
5311,CPI,P21728,compound,protein
5311,CPI,P21917,compound,protein
5311,CPI,P24530,compound,protein
5311,CPI,P25021,compound,protein
5311,CPI,P25103,compound,protein
5311,CPI,P26358,compound,protein
5311,CPI,P27986,compound,protein
5311,CPI,P28223,compound,protein
5311,CPI,P34969,compound,protein
5311,CPI,P35968,compound,protein
5311,CPI,P36888,compound,protein
5311,CPI,P41595,compound,protein
5311,CPI,P46663,compound,protein
5311,CPI,P47871,compound,protein
5311,CPI,P49146,compound,protein
5311,CPI,P50406,compound,protein
5311,CPI,P51843,compound,protein
5311,CPI,P56524,compound,protein
5311,CPI,P84022,compound,protein
5311,CPI,Q06710,compound,protein
5311,CPI,Q07812,compound,protein
5311,CPI,Q12809,compound,protein
5311,CPI,Q13547,compound,protein
5311,CPI,Q16236,compound,protein
5311,CPI,Q8IUX4,compound,protein
5311,CPI,Q8WUI4,compound,protein
5311,CPI,Q92769,compound,protein
5311,CPI,Q969S8,compound,protein
5311,CPI,Q96DB2,compound,protein
5311,CPI,Q96KQ7,compound,protein
5311,CPI,Q9BY41,compound,protein
5311,CPI,Q9NUW8,compound,protein
5311,CPI,Q9UBN7,compound,protein
5311,CPI,Q9UBS5,compound,protein
5311,CPI,Q9UKV0,compound,protein
5311,CPI,Q9UNA4,compound,protein
5311,CPI,Q9UQL6,compound,protein
5509,CPI,P10145,compound,protein
5509,CPI,P15121,compound,protein
5509,CPI,P23219,compound,protein
5509,CPI,P35354,compound,protein
24978538,CPI,P10415,compound,protein
24978538,CPI,P11712,compound,protein
24978538,CPI,P24385,compound,protein
24978538,CPI,P84022,compound,protein
24978538,CPI,Q07817,compound,protein
24978538,CPI,Q07820,compound,protein
24978538,CPI,Q12797,compound,protein
24978538,CPI,Q92843,compound,protein
24978538,CPI,Q92934,compound,protein
24978538,CPI,Q9NUW8,compound,protein
9865554,CPI,O95342,compound,protein
9865554,CPI,P25024,compound,protein
9865554,CPI,P25025,compound,protein
9865554,CPI,P32248,compound,protein
44486959,CPI,P84022,compound,protein
7092995,CPI,O00591,compound,protein
7092995,CPI,O14764,compound,protein
7092995,CPI,O15399,compound,protein
7092995,CPI,O60391,compound,protein
7092995,CPI,O75469,compound,protein
7092995,CPI,P03372,compound,protein
7092995,CPI,P10275,compound,protein
7092995,CPI,P11413,compound,protein
7092995,CPI,P14867,compound,protein
7092995,CPI,P18505,compound,protein
7092995,CPI,P18507,compound,protein
7092995,CPI,P28472,compound,protein
7092995,CPI,P31644,compound,protein
7092995,CPI,P34903,compound,protein
7092995,CPI,P47869,compound,protein
7092995,CPI,P47870,compound,protein
7092995,CPI,P48169,compound,protein
7092995,CPI,P78334,compound,protein
7092995,CPI,Q05586,compound,protein
7092995,CPI,Q07869,compound,protein
7092995,CPI,Q12879,compound,protein
7092995,CPI,Q13224,compound,protein
7092995,CPI,Q14957,compound,protein
7092995,CPI,Q14994,compound,protein
7092995,CPI,Q16445,compound,protein
7092995,CPI,Q8N1C3,compound,protein
7092995,CPI,Q8TCU5,compound,protein
7092995,CPI,Q92731,compound,protein
7092995,CPI,Q99720,compound,protein
7092995,CPI,Q99928,compound,protein
7092995,CPI,Q9UN88,compound,protein
5174,CPI,Q16539,compound,protein
3648364,CPI,P14618,compound,protein
2861757,CPI,O94925,compound,protein
2861757,CPI,P18031,compound,protein
2861757,CPI,P26358,compound,protein
2861757,CPI,P53350,compound,protein
2861757,CPI,Q14191,compound,protein
6234,CPI,P00734,compound,protein
6234,CPI,P02545,compound,protein
6234,CPI,P08684,compound,protein
6234,CPI,P0DMS8,compound,protein
6234,CPI,P16473,compound,protein
6234,CPI,P28482,compound,protein
6234,CPI,P49798,compound,protein
6234,CPI,P54132,compound,protein
6234,CPI,P83916,compound,protein
6234,CPI,Q05586,compound,protein
6234,CPI,Q16665,compound,protein
6234,CPI,Q96KQ7,compound,protein
44601470,CPI,P37840,compound,protein
44601470,CPI,P41145,compound,protein
53025,CPI,O75496,compound,protein
53025,CPI,P00533,compound,protein
53025,CPI,Q9Y468,compound,protein
9853053,CPI,P0DMS8,compound,protein
9853053,CPI,P11229,compound,protein
9853053,CPI,P21728,compound,protein
9853053,CPI,P21731,compound,protein
9853053,CPI,P23975,compound,protein
9853053,CPI,P35372,compound,protein
9853053,CPI,P35462,compound,protein
9853053,CPI,P55157,compound,protein
9853053,CPI,Q01959,compound,protein
9853053,CPI,Q12809,compound,protein
9853053,CPI,Q99707,compound,protein
2194,CPI,O43193,compound,protein
2194,CPI,P08588,compound,protein
2194,CPI,P0DMS8,compound,protein
2194,CPI,P21397,compound,protein
2194,CPI,P21980,compound,protein
2194,CPI,P23975,compound,protein
2194,CPI,P25101,compound,protein
2194,CPI,P25929,compound,protein
2194,CPI,P30542,compound,protein
2194,CPI,P30556,compound,protein
2194,CPI,P31645,compound,protein
2194,CPI,P32238,compound,protein
2194,CPI,P32239,compound,protein
2194,CPI,P37288,compound,protein
2194,CPI,P43681,compound,protein
2194,CPI,P46098,compound,protein
2194,CPI,Q01959,compound,protein
2194,CPI,Q08499,compound,protein
2194,CPI,Q96KQ7,compound,protein
2194,CPI,Q99808,compound,protein
2194,CPI,Q9Y5N1,compound,protein
5291,CPI,O00167,compound,protein
5291,CPI,O00238,compound,protein
5291,CPI,O00311,compound,protein
5291,CPI,O00329,compound,protein
5291,CPI,O00418,compound,protein
5291,CPI,O00444,compound,protein
5291,CPI,O00506,compound,protein
5291,CPI,O00571,compound,protein
5291,CPI,O00750,compound,protein
5291,CPI,O14578,compound,protein
5291,CPI,O14730,compound,protein
5291,CPI,O14733,compound,protein
5291,CPI,O14757,compound,protein
5291,CPI,O14920,compound,protein
5291,CPI,O14936,compound,protein
5291,CPI,O14965,compound,protein
5291,CPI,O14976,compound,protein
5291,CPI,O15075,compound,protein
5291,CPI,O15111,compound,protein
5291,CPI,O15146,compound,protein
5291,CPI,O15197,compound,protein
5291,CPI,O15244,compound,protein
5291,CPI,O15530,compound,protein
5291,CPI,O43283,compound,protein
5291,CPI,O43293,compound,protein
5291,CPI,O43318,compound,protein
5291,CPI,O43353,compound,protein
5291,CPI,O43570,compound,protein
5291,CPI,O43781,compound,protein
5291,CPI,O60285,compound,protein
5291,CPI,O60331,compound,protein
5291,CPI,O60674,compound,protein
5291,CPI,O75116,compound,protein
5291,CPI,O75385,compound,protein
5291,CPI,O75460,compound,protein
5291,CPI,O75582,compound,protein
5291,CPI,O75676,compound,protein
5291,CPI,O75716,compound,protein
5291,CPI,O75747,compound,protein
5291,CPI,O75914,compound,protein
5291,CPI,O76039,compound,protein
5291,CPI,O94768,compound,protein
5291,CPI,O94804,compound,protein
5291,CPI,O94806,compound,protein
5291,CPI,O94921,compound,protein
5291,CPI,O95342,compound,protein
5291,CPI,O95382,compound,protein
5291,CPI,O95747,compound,protein
5291,CPI,O95819,compound,protein
5291,CPI,O95835,compound,protein
5291,CPI,O96013,compound,protein
5291,CPI,O96017,compound,protein
5291,CPI,P00519,compound,protein
5291,CPI,P00533,compound,protein
5291,CPI,P00915,compound,protein
5291,CPI,P00918,compound,protein
5291,CPI,P04049,compound,protein
5291,CPI,P04626,compound,protein
5291,CPI,P04629,compound,protein
5291,CPI,P05129,compound,protein
5291,CPI,P06213,compound,protein
5291,CPI,P06239,compound,protein
5291,CPI,P06241,compound,protein
5291,CPI,P06493,compound,protein
5291,CPI,P07332,compound,protein
5291,CPI,P07333,compound,protein
5291,CPI,P07451,compound,protein
5291,CPI,P07947,compound,protein
5291,CPI,P07948,compound,protein
5291,CPI,P07949,compound,protein
5291,CPI,P08069,compound,protein
5291,CPI,P08183,compound,protein
5291,CPI,P08581,compound,protein
5291,CPI,P08631,compound,protein
5291,CPI,P08922,compound,protein
5291,CPI,P09619,compound,protein
5291,CPI,P09769,compound,protein
5291,CPI,P0C1S8,compound,protein
5291,CPI,P0C264,compound,protein
5291,CPI,P10721,compound,protein
5291,CPI,P11274,compound,protein
5291,CPI,P11309,compound,protein
5291,CPI,P11362,compound,protein
5291,CPI,P11802,compound,protein
5291,CPI,P12931,compound,protein
5291,CPI,P14616,compound,protein
5291,CPI,P15056,compound,protein
5291,CPI,P15735,compound,protein
5291,CPI,P16083,compound,protein
5291,CPI,P16234,compound,protein
5291,CPI,P16591,compound,protein
5291,CPI,P17948,compound,protein
5291,CPI,P19525,compound,protein
5291,CPI,P19784,compound,protein
5291,CPI,P20794,compound,protein
5291,CPI,P21127,compound,protein
5291,CPI,P21709,compound,protein
5291,CPI,P21802,compound,protein
5291,CPI,P21860,compound,protein
5291,CPI,P22455,compound,protein
5291,CPI,P22607,compound,protein
5291,CPI,P22748,compound,protein
5291,CPI,P23280,compound,protein
5291,CPI,P23443,compound,protein
5291,CPI,P23458,compound,protein
5291,CPI,P24557,compound,protein
5291,CPI,P24941,compound,protein
5291,CPI,P25021,compound,protein
5291,CPI,P27037,compound,protein
5291,CPI,P27361,compound,protein
5291,CPI,P27448,compound,protein
5291,CPI,P28223,compound,protein
5291,CPI,P28482,compound,protein
5291,CPI,P29317,compound,protein
5291,CPI,P29320,compound,protein
5291,CPI,P29322,compound,protein
5291,CPI,P29323,compound,protein
5291,CPI,P29376,compound,protein
5291,CPI,P29597,compound,protein
5291,CPI,P30291,compound,protein
5291,CPI,P30530,compound,protein
5291,CPI,P31152,compound,protein
5291,CPI,P31645,compound,protein
5291,CPI,P31749,compound,protein
5291,CPI,P31751,compound,protein
5291,CPI,P32298,compound,protein
5291,CPI,P33981,compound,protein
5291,CPI,P34947,compound,protein
5291,CPI,P35590,compound,protein
5291,CPI,P35916,compound,protein
5291,CPI,P35968,compound,protein
5291,CPI,P36507,compound,protein
5291,CPI,P36888,compound,protein
5291,CPI,P36894,compound,protein
5291,CPI,P36896,compound,protein
5291,CPI,P36897,compound,protein
5291,CPI,P37023,compound,protein
5291,CPI,P37173,compound,protein
5291,CPI,P41240,compound,protein
5291,CPI,P41743,compound,protein
5291,CPI,P42336,compound,protein
5291,CPI,P42338,compound,protein
5291,CPI,P42345,compound,protein
5291,CPI,P42679,compound,protein
5291,CPI,P42680,compound,protein
5291,CPI,P42681,compound,protein
5291,CPI,P42684,compound,protein
5291,CPI,P42685,compound,protein
5291,CPI,P43166,compound,protein
5291,CPI,P43403,compound,protein
5291,CPI,P43405,compound,protein
5291,CPI,P45983,compound,protein
5291,CPI,P45984,compound,protein
5291,CPI,P45985,compound,protein
5291,CPI,P46734,compound,protein
5291,CPI,P48729,compound,protein
5291,CPI,P48730,compound,protein
5291,CPI,P48736,compound,protein
5291,CPI,P49137,compound,protein
5291,CPI,P49336,compound,protein
5291,CPI,P49674,compound,protein
5291,CPI,P49759,compound,protein
5291,CPI,P49760,compound,protein
5291,CPI,P49761,compound,protein
5291,CPI,P49840,compound,protein
5291,CPI,P49841,compound,protein
5291,CPI,P50613,compound,protein
5291,CPI,P50750,compound,protein
5291,CPI,P51451,compound,protein
5291,CPI,P51617,compound,protein
5291,CPI,P51812,compound,protein
5291,CPI,P51813,compound,protein
5291,CPI,P51817,compound,protein
5291,CPI,P51955,compound,protein
5291,CPI,P51956,compound,protein
5291,CPI,P51957,compound,protein
5291,CPI,P52333,compound,protein
5291,CPI,P52564,compound,protein
5291,CPI,P53350,compound,protein
5291,CPI,P53355,compound,protein
5291,CPI,P53667,compound,protein
5291,CPI,P53671,compound,protein
5291,CPI,P53779,compound,protein
5291,CPI,P54646,compound,protein
5291,CPI,P54753,compound,protein
5291,CPI,P54756,compound,protein
5291,CPI,P54760,compound,protein
5291,CPI,P54762,compound,protein
5291,CPI,P54764,compound,protein
5291,CPI,P57058,compound,protein
5291,CPI,P57059,compound,protein
5291,CPI,P57078,compound,protein
5291,CPI,P68400,compound,protein
5291,CPI,P78356,compound,protein
5291,CPI,P78362,compound,protein
5291,CPI,P78368,compound,protein
5291,CPI,P80192,compound,protein
5291,CPI,Q00526,compound,protein
5291,CPI,Q00532,compound,protein
5291,CPI,Q00535,compound,protein
5291,CPI,Q00536,compound,protein
5291,CPI,Q00537,compound,protein
5291,CPI,Q02156,compound,protein
5291,CPI,Q02750,compound,protein
5291,CPI,Q02763,compound,protein
5291,CPI,Q02779,compound,protein
5291,CPI,Q04759,compound,protein
5291,CPI,Q04771,compound,protein
5291,CPI,Q04912,compound,protein
5291,CPI,Q05397,compound,protein
5291,CPI,Q05513,compound,protein
5291,CPI,Q05655,compound,protein
5291,CPI,Q06187,compound,protein
5291,CPI,Q06418,compound,protein
5291,CPI,Q07002,compound,protein
5291,CPI,Q07820,compound,protein
5291,CPI,Q07912,compound,protein
5291,CPI,Q08345,compound,protein
5291,CPI,Q08881,compound,protein
5291,CPI,Q09013,compound,protein
5291,CPI,Q12851,compound,protein
5291,CPI,Q12852,compound,protein
5291,CPI,Q12866,compound,protein
5291,CPI,Q13043,compound,protein
5291,CPI,Q13131,compound,protein
5291,CPI,Q13153,compound,protein
5291,CPI,Q13163,compound,protein
5291,CPI,Q13164,compound,protein
5291,CPI,Q13177,compound,protein
5291,CPI,Q13188,compound,protein
5291,CPI,Q13233,compound,protein
5291,CPI,Q13237,compound,protein
5291,CPI,Q13464,compound,protein
5291,CPI,Q13470,compound,protein
5291,CPI,Q13523,compound,protein
5291,CPI,Q13546,compound,protein
5291,CPI,Q13554,compound,protein
5291,CPI,Q13555,compound,protein
5291,CPI,Q13557,compound,protein
5291,CPI,Q13627,compound,protein
5291,CPI,Q13705,compound,protein
5291,CPI,Q13873,compound,protein
5291,CPI,Q13882,compound,protein
5291,CPI,Q13976,compound,protein
5291,CPI,Q14004,compound,protein
5291,CPI,Q14012,compound,protein
5291,CPI,Q14164,compound,protein
5291,CPI,Q14289,compound,protein
5291,CPI,Q14680,compound,protein
5291,CPI,Q15046,compound,protein
5291,CPI,Q15139,compound,protein
5291,CPI,Q15208,compound,protein
5291,CPI,Q15303,compound,protein
5291,CPI,Q15349,compound,protein
5291,CPI,Q15375,compound,protein
5291,CPI,Q15418,compound,protein
5291,CPI,Q15569,compound,protein
5291,CPI,Q15746,compound,protein
5291,CPI,Q15831,compound,protein
5291,CPI,Q15835,compound,protein
5291,CPI,Q16288,compound,protein
5291,CPI,Q16512,compound,protein
5291,CPI,Q16513,compound,protein
5291,CPI,Q16566,compound,protein
5291,CPI,Q16584,compound,protein
5291,CPI,Q16620,compound,protein
5291,CPI,Q16644,compound,protein
5291,CPI,Q16659,compound,protein
5291,CPI,Q16790,compound,protein
5291,CPI,Q16816,compound,protein
5291,CPI,Q16832,compound,protein
5291,CPI,Q2M2I8,compound,protein
5291,CPI,Q32MK0,compound,protein
5291,CPI,Q52WX2,compound,protein
5291,CPI,Q56UN5,compound,protein
5291,CPI,Q59H18,compound,protein
5291,CPI,Q5S007,compound,protein
5291,CPI,Q5VT25,compound,protein
5291,CPI,Q6DT37,compound,protein
5291,CPI,Q6PHR2,compound,protein
5291,CPI,Q6XUX3,compound,protein
5291,CPI,Q6ZN16,compound,protein
5291,CPI,Q7KZI7,compound,protein
5291,CPI,Q7L7X3,compound,protein
5291,CPI,Q86UE8,compound,protein
5291,CPI,Q86UX6,compound,protein
5291,CPI,Q86V86,compound,protein
5291,CPI,Q86VL8,compound,protein
5291,CPI,Q86Y07,compound,protein
5291,CPI,Q86YV6,compound,protein
5291,CPI,Q86Z02,compound,protein
5291,CPI,Q8IU85,compound,protein
5291,CPI,Q8IVH8,compound,protein
5291,CPI,Q8IVW4,compound,protein
5291,CPI,Q8IW41,compound,protein
5291,CPI,Q8IWQ3,compound,protein
5291,CPI,Q8IY84,compound,protein
5291,CPI,Q8IYT8,compound,protein
5291,CPI,Q8N4C8,compound,protein
5291,CPI,Q8N568,compound,protein
5291,CPI,Q8N5S9,compound,protein
5291,CPI,Q8N752,compound,protein
5291,CPI,Q8NE63,compound,protein
5291,CPI,Q8NEV4,compound,protein
5291,CPI,Q8NFD2,compound,protein
5291,CPI,Q8NG66,compound,protein
5291,CPI,Q8NI60,compound,protein
5291,CPI,Q8TBX8,compound,protein
5291,CPI,Q8TD08,compound,protein
5291,CPI,Q8TD19,compound,protein
5291,CPI,Q8TDC3,compound,protein
5291,CPI,Q8TDR2,compound,protein
5291,CPI,Q8TDX7,compound,protein
5291,CPI,Q8WTQ7,compound,protein
5291,CPI,Q8WU08,compound,protein
5291,CPI,Q8WXR4,compound,protein
5291,CPI,Q92630,compound,protein
5291,CPI,Q92772,compound,protein
5291,CPI,Q92918,compound,protein
5291,CPI,Q96BR1,compound,protein
5291,CPI,Q96D53,compound,protein
5291,CPI,Q96FL8,compound,protein
5291,CPI,Q96GD4,compound,protein
5291,CPI,Q96KB5,compound,protein
5291,CPI,Q96L34,compound,protein
5291,CPI,Q96NX5,compound,protein
5291,CPI,Q96PF2,compound,protein
5291,CPI,Q96PY6,compound,protein
5291,CPI,Q96Q40,compound,protein
5291,CPI,Q96RR4,compound,protein
5291,CPI,Q96SB4,compound,protein
5291,CPI,Q99640,compound,protein
5291,CPI,Q99683,compound,protein
5291,CPI,Q99755,compound,protein
5291,CPI,Q99759,compound,protein
5291,CPI,Q9BQI3,compound,protein
5291,CPI,Q9BRS2,compound,protein
5291,CPI,Q9BUB5,compound,protein
5291,CPI,Q9BVS4,compound,protein
5291,CPI,Q9BWU1,compound,protein
5291,CPI,Q9BX84,compound,protein
5291,CPI,Q9BXA7,compound,protein
5291,CPI,Q9BYT3,compound,protein
5291,CPI,Q9BZL6,compound,protein
5291,CPI,Q9C098,compound,protein
5291,CPI,Q9H093,compound,protein
5291,CPI,Q9H0K1,compound,protein
5291,CPI,Q9H1R3,compound,protein
5291,CPI,Q9H2G2,compound,protein
5291,CPI,Q9H2K8,compound,protein
5291,CPI,Q9H2X6,compound,protein
5291,CPI,Q9H3Y6,compound,protein
5291,CPI,Q9H422,compound,protein
5291,CPI,Q9H4B4,compound,protein
5291,CPI,Q9HAZ1,compound,protein
5291,CPI,Q9HBH9,compound,protein
5291,CPI,Q9HBY8,compound,protein
5291,CPI,Q9HC98,compound,protein
5291,CPI,Q9HCP0,compound,protein
5291,CPI,Q9NQU5,compound,protein
5291,CPI,Q9NR20,compound,protein
5291,CPI,Q9NRH2,compound,protein
5291,CPI,Q9NRM7,compound,protein
5291,CPI,Q9NRP7,compound,protein
5291,CPI,Q9NSY1,compound,protein
5291,CPI,Q9NWZ3,compound,protein
5291,CPI,Q9NY57,compound,protein
5291,CPI,Q9NYL2,compound,protein
5291,CPI,Q9NYY3,compound,protein
5291,CPI,Q9P0L2,compound,protein
5291,CPI,Q9P1W9,compound,protein
5291,CPI,Q9P289,compound,protein
5291,CPI,Q9P2K8,compound,protein
5291,CPI,Q9UBE8,compound,protein
5291,CPI,Q9UBF8,compound,protein
5291,CPI,Q9UEE5,compound,protein
5291,CPI,Q9UEW8,compound,protein
5291,CPI,Q9UF33,compound,protein
5291,CPI,Q9UHD2,compound,protein
5291,CPI,Q9UIK4,compound,protein
5291,CPI,Q9UK32,compound,protein
5291,CPI,Q9UKE5,compound,protein
5291,CPI,Q9UKI8,compound,protein
5291,CPI,Q9UL54,compound,protein
5291,CPI,Q9ULX7,compound,protein
5291,CPI,Q9UNQ0,compound,protein
5291,CPI,Q9UPE1,compound,protein
5291,CPI,Q9UPZ9,compound,protein
5291,CPI,Q9UQ88,compound,protein
5291,CPI,Q9UQB9,compound,protein
5291,CPI,Q9UQM7,compound,protein
5291,CPI,Q9Y243,compound,protein
5291,CPI,Q9Y2H1,compound,protein
5291,CPI,Q9Y2K2,compound,protein
5291,CPI,Q9Y2U5,compound,protein
5291,CPI,Q9Y463,compound,protein
5291,CPI,Q9Y4K4,compound,protein
5291,CPI,Q9Y5S2,compound,protein
5291,CPI,Q9Y616,compound,protein
5291,CPI,Q9Y6E0,compound,protein
5291,CPI,Q9Y6M4,compound,protein
5291,CPI,Q9Y6R4,compound,protein
4044,CPI,O43193,compound,protein
4044,CPI,O60218,compound,protein
4044,CPI,O75469,compound,protein
4044,CPI,O94925,compound,protein
4044,CPI,P03372,compound,protein
4044,CPI,P04150,compound,protein
4044,CPI,P05164,compound,protein
4044,CPI,P05177,compound,protein
4044,CPI,P06401,compound,protein
4044,CPI,P07550,compound,protein
4044,CPI,P08172,compound,protein
4044,CPI,P08588,compound,protein
4044,CPI,P08684,compound,protein
4044,CPI,P08908,compound,protein
4044,CPI,P08913,compound,protein
4044,CPI,P0DMS8,compound,protein
4044,CPI,P11229,compound,protein
4044,CPI,P11473,compound,protein
4044,CPI,P11712,compound,protein
4044,CPI,P14416,compound,protein
4044,CPI,P18089,compound,protein
4044,CPI,P18825,compound,protein
4044,CPI,P21397,compound,protein
4044,CPI,P21554,compound,protein
4044,CPI,P21728,compound,protein
4044,CPI,P21731,compound,protein
4044,CPI,P23219,compound,protein
4044,CPI,P23975,compound,protein
4044,CPI,P25021,compound,protein
4044,CPI,P25929,compound,protein
4044,CPI,P28223,compound,protein
4044,CPI,P29274,compound,protein
4044,CPI,P30411,compound,protein
4044,CPI,P30518,compound,protein
4044,CPI,P30542,compound,protein
4044,CPI,P30556,compound,protein
4044,CPI,P31645,compound,protein
4044,CPI,P32238,compound,protein
4044,CPI,P32245,compound,protein
4044,CPI,P35354,compound,protein
4044,CPI,P35367,compound,protein
4044,CPI,P37288,compound,protein
4044,CPI,P41145,compound,protein
4044,CPI,P41595,compound,protein
4044,CPI,P41968,compound,protein
4044,CPI,P42330,compound,protein
4044,CPI,P43681,compound,protein
4044,CPI,P52895,compound,protein
4044,CPI,Q01959,compound,protein
4044,CPI,Q04828,compound,protein
4044,CPI,Q16665,compound,protein
4044,CPI,Q6XQN6,compound,protein
4044,CPI,Q92847,compound,protein
4044,CPI,Q96RI1,compound,protein
4044,CPI,Q99808,compound,protein
4044,CPI,Q9NUW8,compound,protein
4044,CPI,Q9Y5N1,compound,protein
73707465,CPI,P05023,compound,protein
4284,CPI,O75496,compound,protein
4284,CPI,P10828,compound,protein
4284,CPI,Q16236,compound,protein
4284,CPI,Q9NUW8,compound,protein
25243744,CPI,P14618,compound,protein
25243744,CPI,P30613,compound,protein
6401129,CPI,P01215,compound,protein
6401129,CPI,P43220,compound,protein
6401129,CPI,Q13148,compound,protein
6401129,CPI,Q6W5P4,compound,protein
6401129,CPI,Q9NUW8,compound,protein
44142082,CPI,P16050,compound,protein
5531,CPI,O00408,compound,protein
5531,CPI,O60658,compound,protein
5531,CPI,O75496,compound,protein
5531,CPI,O76074,compound,protein
5531,CPI,O76083,compound,protein
5531,CPI,O95263,compound,protein
5531,CPI,P02545,compound,protein
5531,CPI,P05177,compound,protein
5531,CPI,P09619,compound,protein
5531,CPI,P16234,compound,protein
5531,CPI,P16499,compound,protein
5531,CPI,P22607,compound,protein
5531,CPI,P28482,compound,protein
5531,CPI,P35913,compound,protein
5531,CPI,P51160,compound,protein
5531,CPI,P54750,compound,protein
5531,CPI,Q01064,compound,protein
5531,CPI,Q07343,compound,protein
5531,CPI,Q08493,compound,protein
5531,CPI,Q08499,compound,protein
5531,CPI,Q13370,compound,protein
5531,CPI,Q13946,compound,protein
5531,CPI,Q14123,compound,protein
5531,CPI,Q9HCR9,compound,protein
5531,CPI,Q9NP56,compound,protein
5531,CPI,Q9Y233,compound,protein
60943,CPI,P08684,compound,protein
60943,CPI,P28482,compound,protein
60943,CPI,P30518,compound,protein
60943,CPI,P30559,compound,protein
60943,CPI,P35414,compound,protein
60943,CPI,P37288,compound,protein
60943,CPI,Q5NUL3,compound,protein
327653,CPI,P04637,compound,protein
327653,CPI,P0DMV8,compound,protein
43231,CPI,P27695,compound,protein
43231,CPI,P84022,compound,protein
43231,CPI,Q13148,compound,protein
47528,CPI,O60706,compound,protein
47528,CPI,O75496,compound,protein
47528,CPI,P11712,compound,protein
47528,CPI,P33261,compound,protein
2803,CPI,O15245,compound,protein
2803,CPI,O43193,compound,protein
2803,CPI,P02545,compound,protein
2803,CPI,P07550,compound,protein
2803,CPI,P08172,compound,protein
2803,CPI,P08588,compound,protein
2803,CPI,P08908,compound,protein
2803,CPI,P08913,compound,protein
2803,CPI,P10635,compound,protein
2803,CPI,P11229,compound,protein
2803,CPI,P11712,compound,protein
2803,CPI,P14416,compound,protein
2803,CPI,P18089,compound,protein
2803,CPI,P18825,compound,protein
2803,CPI,P20309,compound,protein
2803,CPI,P21397,compound,protein
2803,CPI,P21554,compound,protein
2803,CPI,P21728,compound,protein
2803,CPI,P21917,compound,protein
2803,CPI,P23975,compound,protein
2803,CPI,P25021,compound,protein
2803,CPI,P25100,compound,protein
2803,CPI,P25103,compound,protein
2803,CPI,P28223,compound,protein
2803,CPI,P31645,compound,protein
2803,CPI,P33261,compound,protein
2803,CPI,P35367,compound,protein
2803,CPI,P35462,compound,protein
2803,CPI,P37288,compound,protein
2803,CPI,P41145,compound,protein
2803,CPI,P41595,compound,protein
2803,CPI,P43681,compound,protein
2803,CPI,Q01959,compound,protein
2803,CPI,Q16853,compound,protein
2803,CPI,Q8TDS4,compound,protein
2803,CPI,Q9Y2I1,compound,protein
2803,CPI,Q9Y5N1,compound,protein
46912230,CPI,O00329,compound,protein
46912230,CPI,P27986,compound,protein
46912230,CPI,P42336,compound,protein
46912230,CPI,P42338,compound,protein
46912230,CPI,P42345,compound,protein
46912230,CPI,P48736,compound,protein
46912230,CPI,Q9BPZ7,compound,protein
5328940,CPI,O00238,compound,protein
5328940,CPI,O00329,compound,protein
5328940,CPI,O00444,compound,protein
5328940,CPI,O00506,compound,protein
5328940,CPI,O00750,compound,protein
5328940,CPI,O14578,compound,protein
5328940,CPI,O14730,compound,protein
5328940,CPI,O14733,compound,protein
5328940,CPI,O14757,compound,protein
5328940,CPI,O14920,compound,protein
5328940,CPI,O14936,compound,protein
5328940,CPI,O14965,compound,protein
5328940,CPI,O14976,compound,protein
5328940,CPI,O15075,compound,protein
5328940,CPI,O15111,compound,protein
5328940,CPI,O15146,compound,protein
5328940,CPI,O15197,compound,protein
5328940,CPI,O15264,compound,protein
5328940,CPI,O15530,compound,protein
5328940,CPI,O43193,compound,protein
5328940,CPI,O43283,compound,protein
5328940,CPI,O43293,compound,protein
5328940,CPI,O43318,compound,protein
5328940,CPI,O43353,compound,protein
5328940,CPI,O60285,compound,protein
5328940,CPI,O60331,compound,protein
5328940,CPI,O60674,compound,protein
5328940,CPI,O75116,compound,protein
5328940,CPI,O75385,compound,protein
5328940,CPI,O75460,compound,protein
5328940,CPI,O75582,compound,protein
5328940,CPI,O75676,compound,protein
5328940,CPI,O75716,compound,protein
5328940,CPI,O75747,compound,protein
5328940,CPI,O75914,compound,protein
5328940,CPI,O76039,compound,protein
5328940,CPI,O94768,compound,protein
5328940,CPI,O94804,compound,protein
5328940,CPI,O94806,compound,protein
5328940,CPI,O94921,compound,protein
5328940,CPI,O95382,compound,protein
5328940,CPI,O95747,compound,protein
5328940,CPI,O95819,compound,protein
5328940,CPI,O95835,compound,protein
5328940,CPI,O96013,compound,protein
5328940,CPI,O96017,compound,protein
5328940,CPI,P00519,compound,protein
5328940,CPI,P00533,compound,protein
5328940,CPI,P04049,compound,protein
5328940,CPI,P04626,compound,protein
5328940,CPI,P04629,compound,protein
5328940,CPI,P06213,compound,protein
5328940,CPI,P06239,compound,protein
5328940,CPI,P06241,compound,protein
5328940,CPI,P06401,compound,protein
5328940,CPI,P07332,compound,protein
5328940,CPI,P07333,compound,protein
5328940,CPI,P07550,compound,protein
5328940,CPI,P07947,compound,protein
5328940,CPI,P07948,compound,protein
5328940,CPI,P07949,compound,protein
5328940,CPI,P08069,compound,protein
5328940,CPI,P08172,compound,protein
5328940,CPI,P08581,compound,protein
5328940,CPI,P08588,compound,protein
5328940,CPI,P08631,compound,protein
5328940,CPI,P08908,compound,protein
5328940,CPI,P08913,compound,protein
5328940,CPI,P08922,compound,protein
5328940,CPI,P09619,compound,protein
5328940,CPI,P09769,compound,protein
5328940,CPI,P0C1S8,compound,protein
5328940,CPI,P0C264,compound,protein
5328940,CPI,P10721,compound,protein
5328940,CPI,P11229,compound,protein
5328940,CPI,P11274,compound,protein
5328940,CPI,P11309,compound,protein
5328940,CPI,P11362,compound,protein
5328940,CPI,P11802,compound,protein
5328940,CPI,P12931,compound,protein
5328940,CPI,P14416,compound,protein
5328940,CPI,P14616,compound,protein
5328940,CPI,P15056,compound,protein
5328940,CPI,P15735,compound,protein
5328940,CPI,P16234,compound,protein
5328940,CPI,P16591,compound,protein
5328940,CPI,P17948,compound,protein
5328940,CPI,P18089,compound,protein
5328940,CPI,P18825,compound,protein
5328940,CPI,P19525,compound,protein
5328940,CPI,P19784,compound,protein
5328940,CPI,P20794,compound,protein
5328940,CPI,P21127,compound,protein
5328940,CPI,P21554,compound,protein
5328940,CPI,P21709,compound,protein
5328940,CPI,P21728,compound,protein
5328940,CPI,P21731,compound,protein
5328940,CPI,P21802,compound,protein
5328940,CPI,P21860,compound,protein
5328940,CPI,P21917,compound,protein
5328940,CPI,P22455,compound,protein
5328940,CPI,P22607,compound,protein
5328940,CPI,P22694,compound,protein
5328940,CPI,P23443,compound,protein
5328940,CPI,P23458,compound,protein
5328940,CPI,P23975,compound,protein
5328940,CPI,P24941,compound,protein
5328940,CPI,P25021,compound,protein
5328940,CPI,P25103,compound,protein
5328940,CPI,P27037,compound,protein
5328940,CPI,P27361,compound,protein
5328940,CPI,P27448,compound,protein
5328940,CPI,P28223,compound,protein
5328940,CPI,P28335,compound,protein
5328940,CPI,P28482,compound,protein
5328940,CPI,P29317,compound,protein
5328940,CPI,P29320,compound,protein
5328940,CPI,P29322,compound,protein
5328940,CPI,P29323,compound,protein
5328940,CPI,P29376,compound,protein
5328940,CPI,P29597,compound,protein
5328940,CPI,P30291,compound,protein
5328940,CPI,P30530,compound,protein
5328940,CPI,P31152,compound,protein
5328940,CPI,P31645,compound,protein
5328940,CPI,P31749,compound,protein
5328940,CPI,P31751,compound,protein
5328940,CPI,P32298,compound,protein
5328940,CPI,P33981,compound,protein
5328940,CPI,P34969,compound,protein
5328940,CPI,P35367,compound,protein
5328940,CPI,P35462,compound,protein
5328940,CPI,P35590,compound,protein
5328940,CPI,P35916,compound,protein
5328940,CPI,P35968,compound,protein
5328940,CPI,P36507,compound,protein
5328940,CPI,P36888,compound,protein
5328940,CPI,P36894,compound,protein
5328940,CPI,P36896,compound,protein
5328940,CPI,P36897,compound,protein
5328940,CPI,P37023,compound,protein
5328940,CPI,P37173,compound,protein
5328940,CPI,P37288,compound,protein
5328940,CPI,P41143,compound,protein
5328940,CPI,P41240,compound,protein
5328940,CPI,P41743,compound,protein
5328940,CPI,P42336,compound,protein
5328940,CPI,P42338,compound,protein
5328940,CPI,P42345,compound,protein
5328940,CPI,P42679,compound,protein
5328940,CPI,P42680,compound,protein
5328940,CPI,P42681,compound,protein
5328940,CPI,P42684,compound,protein
5328940,CPI,P42685,compound,protein
5328940,CPI,P43403,compound,protein
5328940,CPI,P43405,compound,protein
5328940,CPI,P43681,compound,protein
5328940,CPI,P45983,compound,protein
5328940,CPI,P45984,compound,protein
5328940,CPI,P45985,compound,protein
5328940,CPI,P46098,compound,protein
5328940,CPI,P46734,compound,protein
5328940,CPI,P48729,compound,protein
5328940,CPI,P48730,compound,protein
5328940,CPI,P48736,compound,protein
5328940,CPI,P49137,compound,protein
5328940,CPI,P49336,compound,protein
5328940,CPI,P49674,compound,protein
5328940,CPI,P49759,compound,protein
5328940,CPI,P49760,compound,protein
5328940,CPI,P49761,compound,protein
5328940,CPI,P49840,compound,protein
5328940,CPI,P49841,compound,protein
5328940,CPI,P50406,compound,protein
5328940,CPI,P50613,compound,protein
5328940,CPI,P50750,compound,protein
5328940,CPI,P51451,compound,protein
5328940,CPI,P51617,compound,protein
5328940,CPI,P51812,compound,protein
5328940,CPI,P51813,compound,protein
5328940,CPI,P51817,compound,protein
5328940,CPI,P51955,compound,protein
5328940,CPI,P51956,compound,protein
5328940,CPI,P51957,compound,protein
5328940,CPI,P52333,compound,protein
5328940,CPI,P52564,compound,protein
5328940,CPI,P53350,compound,protein
5328940,CPI,P53355,compound,protein
5328940,CPI,P53667,compound,protein
5328940,CPI,P53671,compound,protein
5328940,CPI,P53778,compound,protein
5328940,CPI,P53779,compound,protein
5328940,CPI,P54646,compound,protein
5328940,CPI,P54753,compound,protein
5328940,CPI,P54756,compound,protein
5328940,CPI,P54760,compound,protein
5328940,CPI,P54762,compound,protein
5328940,CPI,P54764,compound,protein
5328940,CPI,P57058,compound,protein
5328940,CPI,P57059,compound,protein
5328940,CPI,P57078,compound,protein
5328940,CPI,P68400,compound,protein
5328940,CPI,P78356,compound,protein
5328940,CPI,P78362,compound,protein
5328940,CPI,P78368,compound,protein
5328940,CPI,P80192,compound,protein
5328940,CPI,P80370,compound,protein
5328940,CPI,Q00526,compound,protein
5328940,CPI,Q00532,compound,protein
5328940,CPI,Q00535,compound,protein
5328940,CPI,Q00536,compound,protein
5328940,CPI,Q00537,compound,protein
5328940,CPI,Q01959,compound,protein
5328940,CPI,Q02156,compound,protein
5328940,CPI,Q02750,compound,protein
5328940,CPI,Q02763,compound,protein
5328940,CPI,Q02779,compound,protein
5328940,CPI,Q04759,compound,protein
5328940,CPI,Q04771,compound,protein
5328940,CPI,Q04912,compound,protein
5328940,CPI,Q05397,compound,protein
5328940,CPI,Q05655,compound,protein
5328940,CPI,Q06187,compound,protein
5328940,CPI,Q06418,compound,protein
5328940,CPI,Q07002,compound,protein
5328940,CPI,Q07912,compound,protein
5328940,CPI,Q08345,compound,protein
5328940,CPI,Q08881,compound,protein
5328940,CPI,Q09013,compound,protein
5328940,CPI,Q12809,compound,protein
5328940,CPI,Q12851,compound,protein
5328940,CPI,Q12852,compound,protein
5328940,CPI,Q12866,compound,protein
5328940,CPI,Q13043,compound,protein
5328940,CPI,Q13131,compound,protein
5328940,CPI,Q13153,compound,protein
5328940,CPI,Q13163,compound,protein
5328940,CPI,Q13164,compound,protein
5328940,CPI,Q13177,compound,protein
5328940,CPI,Q13188,compound,protein
5328940,CPI,Q13233,compound,protein
5328940,CPI,Q13237,compound,protein
5328940,CPI,Q13464,compound,protein
5328940,CPI,Q13470,compound,protein
5328940,CPI,Q13523,compound,protein
5328940,CPI,Q13546,compound,protein
5328940,CPI,Q13554,compound,protein
5328940,CPI,Q13555,compound,protein
5328940,CPI,Q13557,compound,protein
5328940,CPI,Q13627,compound,protein
5328940,CPI,Q13705,compound,protein
5328940,CPI,Q13873,compound,protein
5328940,CPI,Q13882,compound,protein
5328940,CPI,Q13976,compound,protein
5328940,CPI,Q14004,compound,protein
5328940,CPI,Q14012,compound,protein
5328940,CPI,Q14164,compound,protein
5328940,CPI,Q14289,compound,protein
5328940,CPI,Q14680,compound,protein
5328940,CPI,Q15139,compound,protein
5328940,CPI,Q15208,compound,protein
5328940,CPI,Q15303,compound,protein
5328940,CPI,Q15349,compound,protein
5328940,CPI,Q15375,compound,protein
5328940,CPI,Q15418,compound,protein
5328940,CPI,Q15569,compound,protein
5328940,CPI,Q15746,compound,protein
5328940,CPI,Q15759,compound,protein
5328940,CPI,Q15831,compound,protein
5328940,CPI,Q15835,compound,protein
5328940,CPI,Q16288,compound,protein
5328940,CPI,Q16512,compound,protein
5328940,CPI,Q16513,compound,protein
5328940,CPI,Q16539,compound,protein
5328940,CPI,Q16566,compound,protein
5328940,CPI,Q16584,compound,protein
5328940,CPI,Q16620,compound,protein
5328940,CPI,Q16659,compound,protein
5328940,CPI,Q16816,compound,protein
5328940,CPI,Q16832,compound,protein
5328940,CPI,Q2M2I8,compound,protein
5328940,CPI,Q32MK0,compound,protein
5328940,CPI,Q52WX2,compound,protein
5328940,CPI,Q56UN5,compound,protein
5328940,CPI,Q59H18,compound,protein
5328940,CPI,Q5S007,compound,protein
5328940,CPI,Q5VT25,compound,protein
5328940,CPI,Q6DT37,compound,protein
5328940,CPI,Q6PHR2,compound,protein
5328940,CPI,Q6XUX3,compound,protein
5328940,CPI,Q6ZN16,compound,protein
5328940,CPI,Q7KZI7,compound,protein
5328940,CPI,Q7L7X3,compound,protein
5328940,CPI,Q86UE8,compound,protein
5328940,CPI,Q86UX6,compound,protein
5328940,CPI,Q86V86,compound,protein
5328940,CPI,Q86Y07,compound,protein
5328940,CPI,Q86YV6,compound,protein
5328940,CPI,Q86Z02,compound,protein
5328940,CPI,Q8IU85,compound,protein
5328940,CPI,Q8IVH8,compound,protein
5328940,CPI,Q8IVW4,compound,protein
5328940,CPI,Q8IW41,compound,protein
5328940,CPI,Q8IWQ3,compound,protein
5328940,CPI,Q8IY84,compound,protein
5328940,CPI,Q8IYT8,compound,protein
5328940,CPI,Q8N4C8,compound,protein
5328940,CPI,Q8N568,compound,protein
5328940,CPI,Q8N5S9,compound,protein
5328940,CPI,Q8N752,compound,protein
5328940,CPI,Q8NE63,compound,protein
5328940,CPI,Q8NEV4,compound,protein
5328940,CPI,Q8NFD2,compound,protein
5328940,CPI,Q8NG66,compound,protein
5328940,CPI,Q8NI60,compound,protein
5328940,CPI,Q8TBX8,compound,protein
5328940,CPI,Q8TD08,compound,protein
5328940,CPI,Q8TD19,compound,protein
5328940,CPI,Q8TDC3,compound,protein
5328940,CPI,Q8TDR2,compound,protein
5328940,CPI,Q8TDX7,compound,protein
5328940,CPI,Q8WTQ7,compound,protein
5328940,CPI,Q8WU08,compound,protein
5328940,CPI,Q8WXR4,compound,protein
5328940,CPI,Q92630,compound,protein
5328940,CPI,Q92772,compound,protein
5328940,CPI,Q92847,compound,protein
5328940,CPI,Q92918,compound,protein
5328940,CPI,Q96BR1,compound,protein
5328940,CPI,Q96D53,compound,protein
5328940,CPI,Q96GD4,compound,protein
5328940,CPI,Q96L34,compound,protein
5328940,CPI,Q96NX5,compound,protein
5328940,CPI,Q96PY6,compound,protein
5328940,CPI,Q96Q40,compound,protein
5328940,CPI,Q96RR4,compound,protein
5328940,CPI,Q96SB4,compound,protein
5328940,CPI,Q99640,compound,protein
5328940,CPI,Q99683,compound,protein
5328940,CPI,Q99755,compound,protein
5328940,CPI,Q99759,compound,protein
5328940,CPI,Q9BQI3,compound,protein
5328940,CPI,Q9BRS2,compound,protein
5328940,CPI,Q9BUB5,compound,protein
5328940,CPI,Q9BVS4,compound,protein
5328940,CPI,Q9BWU1,compound,protein
5328940,CPI,Q9BX84,compound,protein
5328940,CPI,Q9BXA7,compound,protein
5328940,CPI,Q9BYT3,compound,protein
5328940,CPI,Q9BZL6,compound,protein
5328940,CPI,Q9C098,compound,protein
5328940,CPI,Q9H093,compound,protein
5328940,CPI,Q9H0K1,compound,protein
5328940,CPI,Q9H1R3,compound,protein
5328940,CPI,Q9H2G2,compound,protein
5328940,CPI,Q9H2K8,compound,protein
5328940,CPI,Q9H2X6,compound,protein
5328940,CPI,Q9H3Y6,compound,protein
5328940,CPI,Q9H422,compound,protein
5328940,CPI,Q9H4B4,compound,protein
5328940,CPI,Q9HAZ1,compound,protein
5328940,CPI,Q9HBH9,compound,protein
5328940,CPI,Q9HC98,compound,protein
5328940,CPI,Q9HCP0,compound,protein
5328940,CPI,Q9NQU5,compound,protein
5328940,CPI,Q9NRH2,compound,protein
5328940,CPI,Q9NRM7,compound,protein
5328940,CPI,Q9NRP7,compound,protein
5328940,CPI,Q9NSY1,compound,protein
5328940,CPI,Q9NWZ3,compound,protein
5328940,CPI,Q9NY57,compound,protein
5328940,CPI,Q9NYL2,compound,protein
5328940,CPI,Q9NYY3,compound,protein
5328940,CPI,Q9P0L2,compound,protein
5328940,CPI,Q9P1W9,compound,protein
5328940,CPI,Q9P289,compound,protein
5328940,CPI,Q9P2K8,compound,protein
5328940,CPI,Q9UBE8,compound,protein
5328940,CPI,Q9UBF8,compound,protein
5328940,CPI,Q9UBS5,compound,protein
5328940,CPI,Q9UEE5,compound,protein
5328940,CPI,Q9UEW8,compound,protein
5328940,CPI,Q9UF33,compound,protein
5328940,CPI,Q9UHD2,compound,protein
5328940,CPI,Q9UIK4,compound,protein
5328940,CPI,Q9UK32,compound,protein
5328940,CPI,Q9UKE5,compound,protein
5328940,CPI,Q9UKI8,compound,protein
5328940,CPI,Q9UL54,compound,protein
5328940,CPI,Q9UM73,compound,protein
5328940,CPI,Q9UNQ0,compound,protein
5328940,CPI,Q9UPE1,compound,protein
5328940,CPI,Q9UPZ9,compound,protein
5328940,CPI,Q9UQ88,compound,protein
5328940,CPI,Q9UQB9,compound,protein
5328940,CPI,Q9UQM7,compound,protein
5328940,CPI,Q9Y243,compound,protein
5328940,CPI,Q9Y2H1,compound,protein
5328940,CPI,Q9Y2K2,compound,protein
5328940,CPI,Q9Y2U5,compound,protein
5328940,CPI,Q9Y463,compound,protein
5328940,CPI,Q9Y4K4,compound,protein
5328940,CPI,Q9Y5N1,compound,protein
5328940,CPI,Q9Y5S2,compound,protein
5328940,CPI,Q9Y616,compound,protein
5328940,CPI,Q9Y6E0,compound,protein
5328940,CPI,Q9Y6M4,compound,protein
5328940,CPI,Q9Y6R4,compound,protein
