head,relation,tail,head_type,tail_type
RBMS1,GGI,MARCHF7,gene,gene
RBMS1,GGI,TGFBR2,gene,gene
RBMS1,GGI,PHACTR2,gene,gene
OVOL1,GGI,RAB25,gene,gene
OVOL1,GGI,PRSS8,gene,gene
OVOL1,GGI,PRSS22,gene,gene
OVOL1,GGI,ST14,gene,gene
OVOL1,GGI,TMPRSS4,gene,gene
OVOL1,GGI,LAD1,gene,gene
OVOL1,GGI,CBLC,gene,gene
OVOL1,GGI,CRYBG2,gene,gene
OVOL1,GGI,ATP2C2,gene,gene
OVOL1,GGI,LYPD3,gene,gene
OVOL1,GGI,IRF6,gene,gene
OVOL1,GGI,ESRP1,gene,gene
OVOL1,GGI,CLDN7,gene,gene
OVOL1,GGI,PLEKHG6,gene,gene
OVOL1,GGI,CLDN4,gene,gene
OVOL1,GGI,ESRP2,gene,gene
OVOL1,GGI,EPHA1,gene,gene
OVOL1,GGI,BSPRY,gene,gene
OVOL1,GGI,SPINT1,gene,gene
OVOL1,GGI,S100A14,gene,gene
OVOL1,GGI,PKP3,gene,gene
CFP,GGI,FCN1,gene,gene
CFP,GGI,LILRB2,gene,gene
CFP,GGI,SPI1,gene,gene
CFP,GGI,LILRA5,gene,gene
CFP,GGI,PILRA,gene,gene
CFP,GGI,GPSM3,gene,gene
CFP,GGI,LILRA1,gene,gene
CFP,GGI,LST1,gene,gene
CFP,GGI,HK3,gene,gene
CFP,GGI,CD14,gene,gene
CFP,GGI,MEFV,gene,gene
CFP,GGI,HCK,gene,gene
CFP,GGI,FPR2,gene,gene
CFP,GGI,LILRA3,gene,gene
CFP,GGI,CLEC10A,gene,gene
CFP,GGI,LILRA2,gene,gene
CFP,GGI,TYROBP,gene,gene
C1QTNF3,GGI,NAIP,gene,gene
TNFRSF9,GGI,TRAF1,gene,gene
TNFRSF9,GGI,NFKB2,gene,gene
TNFRSF9,GGI,IL32,gene,gene
TNFRSF9,GGI,ICAM1,gene,gene
TNFRSF9,GGI,EBI3,gene,gene
TNFRSF9,GGI,BIRC3,gene,gene
TNFRSF9,GGI,RELB,gene,gene
TNFRSF9,GGI,TNIP3,gene,gene
TNFRSF9,GGI,TNF,gene,gene
TNFRSF9,GGI,TNFAIP2,gene,gene
TNFRSF9,GGI,CSF2,gene,gene
TNFRSF9,GGI,TNFAIP3,gene,gene
MEGF6,GGI,COL18A1,gene,gene
MEGF6,GGI,PGGHG,gene,gene
CTF1,GGI,EFEMP2,gene,gene
CTF1,GGI,HSPB6,gene,gene
STK10,GGI,MYO9B,gene,gene
STK10,GGI,EHD1,gene,gene
STK10,GGI,RASA3,gene,gene
STK10,GGI,PIK3CD,gene,gene
STK10,GGI,ELF4,gene,gene
STK10,GGI,GMIP,gene,gene
STK10,GGI,ARHGEF1,gene,gene
STK10,GGI,MYH9,gene,gene
STK10,GGI,ADGRE5,gene,gene
STK10,GGI,CORO7,gene,gene
STK10,GGI,GATAD2A,gene,gene
STK10,GGI,RIN3,gene,gene
STK10,GGI,SEPTIN9,gene,gene
GRIK5,GGI,ZFHX2,gene,gene
MUTYH,GGI,TOE1,gene,gene
MUTYH,GGI,HAUS5,gene,gene
MUTYH,GGI,XRCC3,gene,gene
MUTYH,GGI,ACD,gene,gene
MUTYH,GGI,INTS11,gene,gene
MUTYH,GGI,TAFAZZIN,gene,gene
MUTYH,GGI,HIRIP3,gene,gene
MUTYH,GGI,MIIP,gene,gene
MUTYH,GGI,FANCG,gene,gene
MUTYH,GGI,QTRT1,gene,gene
MUTYH,GGI,NFYC,gene,gene
MUTYH,GGI,CCHCR1,gene,gene
MUTYH,GGI,TTC31,gene,gene
MUTYH,GGI,C14orf93,gene,gene
MUTYH,GGI,DCAF15,gene,gene
MUTYH,GGI,METTL25B,gene,gene
MUTYH,GGI,TUT1,gene,gene
MUTYH,GGI,MUS81,gene,gene
MUTYH,GGI,CXXC1,gene,gene
SYNPO,GGI,HSPG2,gene,gene
ZNF277,GGI,PMPCB,gene,gene
ZNF277,GGI,IGBP1,gene,gene
ZNF277,GGI,EIF3E,gene,gene
ZNF277,GGI,EIF3H,gene,gene
ZNF277,GGI,CAMLG,gene,gene
ZNF277,GGI,HBP1,gene,gene
ZNF277,GGI,POT1,gene,gene
ZNF277,GGI,EEF1A1,gene,gene
ZNF277,GGI,CCNB1IP1,gene,gene
ZNF277,GGI,EIF3M,gene,gene
ZNF277,GGI,DPH5,gene,gene
ZNF277,GGI,LSM8,gene,gene
ZNF277,GGI,ADPRM,gene,gene
ZNF277,GGI,CCNG1,gene,gene
ZNF277,GGI,EIF4B,gene,gene
ZNF277,GGI,FXR1,gene,gene
ZNF277,GGI,EEF2,gene,gene
ZNF277,GGI,TPT1,gene,gene
ZNF277,GGI,COG5,gene,gene
ZNF277,GGI,EIF3L,gene,gene
ZNF277,GGI,RSL24D1,gene,gene
ZNF277,GGI,ABCB7,gene,gene
ZNF277,GGI,WASL,gene,gene
ZNF277,GGI,RPL5,gene,gene
ZNF277,GGI,GTPBP10,gene,gene
ZNF277,GGI,PSMG2,gene,gene
ZNF277,GGI,RPL31,gene,gene
ZNF277,GGI,UBXN1,gene,gene
ZNF277,GGI,OXA1L,gene,gene
ZNF277,GGI,ZFAND1,gene,gene
ZNF277,GGI,RPL22,gene,gene
ZNF277,GGI,THG1L,gene,gene
AAAS,GGI,PAN2,gene,gene
AAAS,GGI,MCRS1,gene,gene
AAAS,GGI,TTC31,gene,gene
AAAS,GGI,MYG1,gene,gene
AAAS,GGI,SARS2,gene,gene
AAAS,GGI,COPZ1,gene,gene
AAAS,GGI,BCS1L,gene,gene
AAAS,GGI,TUT1,gene,gene
AAAS,GGI,NUP107,gene,gene
AAAS,GGI,TARBP2,gene,gene
AAAS,GGI,XRCC1,gene,gene
AAAS,GGI,PIGO,gene,gene
AAAS,GGI,METTL17,gene,gene
AAAS,GGI,USP5,gene,gene
AAAS,GGI,COPS7B,gene,gene
AAAS,GGI,MKS1,gene,gene
AAAS,GGI,SLC37A4,gene,gene
AAAS,GGI,DPAGT1,gene,gene
AAAS,GGI,SNRPA,gene,gene
AAAS,GGI,MMS19,gene,gene
AAAS,GGI,GTF3C2,gene,gene
AAAS,GGI,ERAL1,gene,gene
AAAS,GGI,PA2G4,gene,gene
AAAS,GGI,COPS7A,gene,gene
AAAS,GGI,ANAPC5,gene,gene
AAAS,GGI,POLD2,gene,gene
AAAS,GGI,NUP37,gene,gene
AAAS,GGI,VPS16,gene,gene
AAAS,GGI,G6PC3,gene,gene
AAAS,GGI,INTS3,gene,gene
AAAS,GGI,USP21,gene,gene
AAAS,GGI,THOC6,gene,gene
AAAS,GGI,DHPS,gene,gene
AAAS,GGI,DDX23,gene,gene
AAAS,GGI,DHX16,gene,gene
AAAS,GGI,DRG2,gene,gene
NUP98,GGI,NUP153,gene,gene
NUP98,GGI,PPP6R3,gene,gene
NUP98,GGI,CDK12,gene,gene
NUP98,GGI,CAPRIN1,gene,gene
NUP98,GGI,CNOT1,gene,gene
NUP98,GGI,NAT10,gene,gene
NUP98,GGI,NUP58,gene,gene
NUP98,GGI,KAT6A,gene,gene
NUP98,GGI,DHX8,gene,gene
NUP98,GGI,RANBP2,gene,gene
NUP98,GGI,PRPF8,gene,gene
NUP98,GGI,C2CD3,gene,gene
NUP98,GGI,SUPT6H,gene,gene
NUP98,GGI,DCAF1,gene,gene
NUP98,GGI,AHCTF1,gene,gene
NUP98,GGI,AREL1,gene,gene
NUP98,GGI,TRIP12,gene,gene
NUP98,GGI,RAF1,gene,gene
NUP98,GGI,NUP160,gene,gene
NUP98,GGI,CPSF7,gene,gene
NUP98,GGI,AMBRA1,gene,gene
NUP98,GGI,PIK3C2A,gene,gene
NUP98,GGI,XPO6,gene,gene
NUP98,GGI,HIPK1,gene,gene
NUP98,GGI,QRICH1,gene,gene
NUP98,GGI,MTOR,gene,gene
NUP98,GGI,SF3A1,gene,gene
NUP98,GGI,NUP155,gene,gene
NUP98,GGI,NAP1L4,gene,gene
NUP98,GGI,TNPO1,gene,gene
NUP98,GGI,GAPVD1,gene,gene
NUP98,GGI,PSMD13,gene,gene
NUP98,GGI,NUP188,gene,gene
NUP98,GGI,STAT3,gene,gene
NUP98,GGI,RRP8,gene,gene
PREP,GGI,RNGTT,gene,gene
PREP,GGI,GMDS,gene,gene
PREP,GGI,TFB1M,gene,gene
PREP,GGI,HDAC2,gene,gene
GPR183,GGI,GPR18,gene,gene
GPR183,GGI,RGS1,gene,gene
GPR183,GGI,EVI2A,gene,gene
GPR183,GGI,CYTIP,gene,gene
GPR183,GGI,CD86,gene,gene
GPR183,GGI,P2RY10,gene,gene
GPR183,GGI,SAMSN1,gene,gene
GPR183,GGI,RNASE6,gene,gene
GPR183,GGI,CD69,gene,gene
GPR183,GGI,GPR171,gene,gene
GPR183,GGI,LY86,gene,gene
GPR183,GGI,KLRB1,gene,gene
GPR183,GGI,ARHGAP15,gene,gene
GPR183,GGI,ICOS,gene,gene
GPR183,GGI,CCR7,gene,gene
GPR183,GGI,TASL,gene,gene
GPR183,GGI,IL7R,gene,gene
CCRL2,GGI,SLAMF7,gene,gene
CCRL2,GGI,CCR1,gene,gene
CCRL2,GGI,CCR5,gene,gene
CCRL2,GGI,C3AR1,gene,gene
CCRL2,GGI,SAMSN1,gene,gene
CCRL2,GGI,TFEC,gene,gene
PRELID3B,GGI,PCNP,gene,gene
PRELID3B,GGI,MOB1A,gene,gene
PRELID3B,GGI,CHMP2B,gene,gene
PRELID3B,GGI,RNF138,gene,gene
PRELID3B,GGI,NDUFA5,gene,gene
PRELID3B,GGI,RAB22A,gene,gene
PRELID3B,GGI,MRPL42,gene,gene
PRELID3B,GGI,GMFB,gene,gene
PRELID3B,GGI,TMED7,gene,gene
PRELID3B,GGI,ARL5A,gene,gene
PRELID3B,GGI,PFDN4,gene,gene
PRELID3B,GGI,RAP2C,gene,gene
PRELID3B,GGI,TWF1,gene,gene
PRELID3B,GGI,C1D,gene,gene
PRELID3B,GGI,PPP1CB,gene,gene
PRELID3B,GGI,MRPS10,gene,gene
PRELID3B,GGI,LIN7C,gene,gene
PRELID3B,GGI,TCEA1,gene,gene
PRELID3B,GGI,VBP1,gene,gene
PRELID3B,GGI,DPM1,gene,gene
PRELID3B,GGI,LYPLA1,gene,gene
PRELID3B,GGI,NAA50,gene,gene
PRELID3B,GGI,RSL24D1,gene,gene
PRELID3B,GGI,ZFAND6,gene,gene
PRELID3B,GGI,CYCS,gene,gene
PRELID3B,GGI,ZNF639,gene,gene
PRELID3B,GGI,CSNK1A1,gene,gene
PRELID3B,GGI,SRP9,gene,gene
PRELID3B,GGI,RFK,gene,gene
PRELID3B,GGI,HIGD1A,gene,gene
HOPX,GGI,CLIC3,gene,gene
HOPX,GGI,TBX21,gene,gene
ANXA7,GGI,GHITM,gene,gene
ANXA7,GGI,ECD,gene,gene
ANXA7,GGI,KIFBP,gene,gene
ANXA7,GGI,VPS26A,gene,gene
ANXA7,GGI,MRPS16,gene,gene
ANXA7,GGI,RNF115,gene,gene
ANXA7,GGI,PSMD11,gene,gene
ANXA7,GGI,PSMC1,gene,gene
ANXA7,GGI,ADK,gene,gene
ANXA7,GGI,ACTR10,gene,gene
ANXA7,GGI,NCOA4,gene,gene
ANXA7,GGI,TIMM23,gene,gene
ANXA7,GGI,TSG101,gene,gene
ANXA7,GGI,VDAC2,gene,gene
ANXA7,GGI,BECN1,gene,gene
ANXA7,GGI,PSMB1,gene,gene
ANXA7,GGI,ACTR1A,gene,gene
ANXA7,GGI,OAT,gene,gene
ANXA7,GGI,PSMD1,gene,gene
ATG12,GGI,UFM1,gene,gene
ATG12,GGI,TMED7,gene,gene
ATG12,GGI,SREK1IP1,gene,gene
ATG12,GGI,YIPF5,gene,gene
ATG12,GGI,ZCCHC10,gene,gene
ATG12,GGI,CSNK1A1,gene,gene
ATG12,GGI,SLC25A46,gene,gene
ATG12,GGI,FAM204A,gene,gene
ATG12,GGI,UBE2B,gene,gene
ATG12,GGI,THAP1,gene,gene
ATG12,GGI,C5orf15,gene,gene
ATG12,GGI,CSNK1G3,gene,gene
ATG12,GGI,CNOT8,gene,gene
ATG12,GGI,SNRNP27,gene,gene
ATG12,GGI,BBIP1,gene,gene
ATG12,GGI,RAB33B,gene,gene
ATG12,GGI,CAMLG,gene,gene
ATG12,GGI,PCNP,gene,gene
ATG12,GGI,TAF7,gene,gene
ATG12,GGI,GOLT1B,gene,gene
ATG12,GGI,RAP2C,gene,gene
ATG12,GGI,COQ10B,gene,gene
MED13,GGI,HELZ,gene,gene
MED13,GGI,RC3H2,gene,gene
MED13,GGI,USP34,gene,gene
MED13,GGI,TLK2,gene,gene
MED13,GGI,TAOK1,gene,gene
MED13,GGI,GNA13,gene,gene
MED13,GGI,BPTF,gene,gene
MED13,GGI,NFAT5,gene,gene
MED13,GGI,INO80D,gene,gene
MED13,GGI,MED13L,gene,gene
MED13,GGI,CREBBP,gene,gene
MED13,GGI,SETD2,gene,gene
MED13,GGI,NF1,gene,gene
MED13,GGI,CEP350,gene,gene
MED13,GGI,AFF4,gene,gene
MED13,GGI,HIPK1,gene,gene
MED13,GGI,LATS1,gene,gene
MED13,GGI,SPAG9,gene,gene
MED13,GGI,TRIM33,gene,gene
MED13,GGI,ATAD2B,gene,gene
MED13,GGI,EP300,gene,gene
MED13,GGI,CDK12,gene,gene
MED13,GGI,KAT6A,gene,gene
MED13,GGI,USP32,gene,gene
MED13,GGI,UBR5,gene,gene
MED13,GGI,PIKFYVE,gene,gene
MED13,GGI,RPS6KB1,gene,gene
MED13,GGI,PHC3,gene,gene
MED13,GGI,TRIP12,gene,gene
MED13,GGI,PUM2,gene,gene
MED13,GGI,NCOA2,gene,gene
MED13,GGI,NIPBL,gene,gene
MED13,GGI,BRAF,gene,gene
MED13,GGI,ANKRD17,gene,gene
MED13,GGI,PCNX1,gene,gene
MED13,GGI,FRYL,gene,gene
MED13,GGI,SETX,gene,gene
MED13,GGI,RIF1,gene,gene
MED13,GGI,CNOT1,gene,gene
MED13,GGI,KDM5A,gene,gene
MED13,GGI,CLTC,gene,gene
MED13,GGI,NCOA3,gene,gene
MED13,GGI,BLTP1,gene,gene
MED13,GGI,TNKS2,gene,gene
MED13,GGI,APPBP2,gene,gene
MED13,GGI,MED1,gene,gene
MED13,GGI,NUP153,gene,gene
MED13,GGI,DDX6,gene,gene
MED13,GGI,MBTD1,gene,gene
MED13,GGI,HERC1,gene,gene
MED13,GGI,SMG1,gene,gene
MED13,GGI,IREB2,gene,gene
MED13,GGI,ELK4,gene,gene
MED13,GGI,RANBP2,gene,gene
MED13,GGI,VEZF1,gene,gene
MED13,GGI,ITCH,gene,gene
MED13,GGI,KIDINS220,gene,gene
MED13,GGI,VPS13B,gene,gene
MED13,GGI,USP24,gene,gene
MED13,GGI,PDS5A,gene,gene
MED13,GGI,KLHL28,gene,gene
MED13,GGI,SENP5,gene,gene
MED13,GGI,ERBIN,gene,gene
MED13,GGI,HIVEP1,gene,gene
MED13,GGI,DMXL1,gene,gene
MED13,GGI,USP9X,gene,gene
MED13,GGI,PPP6R3,gene,gene
MED13,GGI,ZNF148,gene,gene
MED13,GGI,AP1G1,gene,gene
MED13,GGI,RNF111,gene,gene
MED13,GGI,AP4E1,gene,gene
MED13,GGI,BACH1,gene,gene
MED13,GGI,ASXL2,gene,gene
MED13,GGI,CLASP1,gene,gene
MED13,GGI,PPM1D,gene,gene
MED13,GGI,MAP3K2,gene,gene
MED13,GGI,TRAPPC10,gene,gene
MED13,GGI,ZC3H11A,gene,gene
MED13,GGI,UBR4,gene,gene
MED13,GGI,GSK3B,gene,gene
MED13,GGI,SOS1,gene,gene
MED13,GGI,PIK3C2A,gene,gene
MED13,GGI,PRR14L,gene,gene
MED13,GGI,HUWE1,gene,gene
MED13,GGI,KMT2A,gene,gene
MED13,GGI,SKIL,gene,gene
MED13,GGI,CHD8,gene,gene
MED13,GGI,STRN,gene,gene
MED13,GGI,DYRK1A,gene,gene
MED13,GGI,DPP8,gene,gene
MED13,GGI,LARP4,gene,gene
MED13,GGI,ARFGEF2,gene,gene
MED13,GGI,SETD5,gene,gene
MED13,GGI,VPS13C,gene,gene
MED13,GGI,REL,gene,gene
MED13,GGI,RAPGEF2,gene,gene
MED13,GGI,SPEN,gene,gene
MED13,GGI,WDFY3,gene,gene
MED13,GGI,SYNRG,gene,gene
MED13,GGI,PHIP,gene,gene
MED13,GGI,PRRC2C,gene,gene
MED13,GGI,SCAF8,gene,gene
MED13,GGI,ZNF407,gene,gene
MED13,GGI,TNKS,gene,gene
MED13,GGI,RBBP6,gene,gene
MED13,GGI,TNPO1,gene,gene
MED13,GGI,TET3,gene,gene
MED13,GGI,ZMYM2,gene,gene
MED13,GGI,CHD2,gene,gene
MED13,GGI,JMJD1C,gene,gene
MED13,GGI,CDK13,gene,gene
MED13,GGI,PHF3,gene,gene
MED13,GGI,FRS2,gene,gene
MED13,GGI,GAPVD1,gene,gene
MED13,GGI,ZMYM4,gene,gene
MED13,GGI,NHLRC2,gene,gene
MED13,GGI,RFX7,gene,gene
FAM30A,GGI,CD79A,gene,gene
FAM30A,GGI,POU2AF1,gene,gene
FAM30A,GGI,MZB1,gene,gene
FAM30A,GGI,MS4A1,gene,gene
FAM30A,GGI,CD19,gene,gene
FAM30A,GGI,TNFRSF13B,gene,gene
FAM30A,GGI,BLK,gene,gene
FAM30A,GGI,CNR2,gene,gene
FAM30A,GGI,PAX5,gene,gene
FAM30A,GGI,PNOC,gene,gene
FAM30A,GGI,TCL1A,gene,gene
FAM30A,GGI,TNFRSF17,gene,gene
FAM30A,GGI,CD79B,gene,gene
FAM30A,GGI,JCHAIN,gene,gene
FAM30A,GGI,STAP1,gene,gene
FAM30A,GGI,VPREB3,gene,gene
FAM30A,GGI,VPREB1,gene,gene
FAM30A,GGI,SPIB,gene,gene
FAM30A,GGI,COL19A1,gene,gene
FAM30A,GGI,LAX1,gene,gene
FAM30A,GGI,BANK1,gene,gene
FAM30A,GGI,CD22,gene,gene
FAM30A,GGI,PTPRCAP,gene,gene
FAM30A,GGI,CR2,gene,gene
FAM30A,GGI,FCER2,gene,gene
FAM30A,GGI,PLA2G2D,gene,gene
FAM30A,GGI,GNG7,gene,gene
FAM30A,GGI,CXCR5,gene,gene
FAM30A,GGI,P2RY10,gene,gene
RHBDF2,GGI,UNC93B1,gene,gene
RHBDF2,GGI,SBNO2,gene,gene
RHBDF2,GGI,LIMK1,gene,gene
AIP,GGI,USE1,gene,gene
AIP,GGI,DHPS,gene,gene
AIP,GGI,UBXN1,gene,gene
AIP,GGI,VPS51,gene,gene
AIP,GGI,NDUFV1,gene,gene
AIP,GGI,CORO1B,gene,gene
AIP,GGI,CUEDC2,gene,gene
AIP,GGI,NDUFS8,gene,gene
AIP,GGI,PPP1CA,gene,gene
AIP,GGI,EIF3G,gene,gene
AIP,GGI,FAU,gene,gene
AIP,GGI,IGBP1,gene,gene
AIP,GGI,KAT5,gene,gene
AIP,GGI,SGF29,gene,gene
AIP,GGI,ARL2,gene,gene
AIP,GGI,ECSIT,gene,gene
AIP,GGI,PQBP1,gene,gene
AIP,GGI,RPS3,gene,gene
AIP,GGI,TMED1,gene,gene
AIP,GGI,TFPT,gene,gene
AIP,GGI,NOP53,gene,gene
AIP,GGI,SART1,gene,gene
AIP,GGI,NUMA1,gene,gene
AIP,GGI,CCDC22,gene,gene
AIP,GGI,BAD,gene,gene
AIP,GGI,EEF1D,gene,gene
AIP,GGI,NDUFB7,gene,gene
AIP,GGI,SPAG7,gene,gene
AIP,GGI,GRK2,gene,gene
AIP,GGI,FIBP,gene,gene
SYNCRIP,GGI,NCL,gene,gene
SYNCRIP,GGI,HNRNPA3,gene,gene
SYNCRIP,GGI,BCLAF1,gene,gene
SYNCRIP,GGI,HNRNPU,gene,gene
SYNCRIP,GGI,HDAC2,gene,gene
SYNCRIP,GGI,HNRNPM,gene,gene
SYNCRIP,GGI,HNRNPK,gene,gene
SYNCRIP,GGI,HNRNPA2B1,gene,gene
SYNCRIP,GGI,HNRNPD,gene,gene
SYNCRIP,GGI,SFPQ,gene,gene
SYNCRIP,GGI,DHX9,gene,gene
SYNCRIP,GGI,HNRNPR,gene,gene
SYNCRIP,GGI,NAA15,gene,gene
SYNCRIP,GGI,DKC1,gene,gene
SYNCRIP,GGI,EIF3A,gene,gene
SYNCRIP,GGI,FUS,gene,gene
SYNCRIP,GGI,SEC63,gene,gene
SYNCRIP,GGI,PRPF40A,gene,gene
SYNCRIP,GGI,HNRNPAB,gene,gene
SYNCRIP,GGI,GTPBP4,gene,gene
SYNCRIP,GGI,DDX18,gene,gene
SYNCRIP,GGI,EIF5B,gene,gene
SYNCRIP,GGI,TRA2B,gene,gene
SYNCRIP,GGI,RRP15,gene,gene
SYNCRIP,GGI,TAF15,gene,gene
SYNCRIP,GGI,FUBP1,gene,gene
SYNCRIP,GGI,DDX21,gene,gene
SYNCRIP,GGI,DHX15,gene,gene
SYNCRIP,GGI,SERBP1,gene,gene
SYNCRIP,GGI,EWSR1,gene,gene
SYNCRIP,GGI,ILF3,gene,gene
SYNCRIP,GGI,TARDBP,gene,gene
SYNCRIP,GGI,ABCF1,gene,gene
SYNCRIP,GGI,EIF3J,gene,gene
SYNCRIP,GGI,GAR1,gene,gene
SYNCRIP,GGI,BMS1,gene,gene
SYNCRIP,GGI,SUPT16H,gene,gene
SYNCRIP,GGI,RNGTT,gene,gene
SYNCRIP,GGI,DDX46,gene,gene
SYNCRIP,GGI,SENP6,gene,gene
SYNCRIP,GGI,SRSF1,gene,gene
SYNCRIP,GGI,HNRNPH3,gene,gene
SYNCRIP,GGI,HNRNPH1,gene,gene
SYNCRIP,GGI,SRSF10,gene,gene
SYNCRIP,GGI,RRS1,gene,gene
SYNCRIP,GGI,PITPNB,gene,gene
SYNCRIP,GGI,NOLC1,gene,gene
SYNCRIP,GGI,SET,gene,gene
SYNCRIP,GGI,PRP4K,gene,gene
SYNCRIP,GGI,PAK1IP1,gene,gene
SYNCRIP,GGI,WDR43,gene,gene
SYNCRIP,GGI,ECHDC1,gene,gene
SYNCRIP,GGI,MDN1,gene,gene
SYNCRIP,GGI,TSR1,gene,gene
SYNCRIP,GGI,CDC5L,gene,gene
SYNCRIP,GGI,UTP3,gene,gene
SYNCRIP,GGI,ABCE1,gene,gene
SYNCRIP,GGI,TOP1,gene,gene
SYNCRIP,GGI,USP7,gene,gene
SYNCRIP,GGI,PDAP1,gene,gene
SYNCRIP,GGI,SLTM,gene,gene
SYNCRIP,GGI,TCP1,gene,gene
SYNCRIP,GGI,SMARCC1,gene,gene
SYNCRIP,GGI,PUM3,gene,gene
SYNCRIP,GGI,ZC3H15,gene,gene
SYNCRIP,GGI,PSMD12,gene,gene
SYNCRIP,GGI,DNAJC2,gene,gene
SYNCRIP,GGI,CCT6A,gene,gene
SYNCRIP,GGI,RARS2,gene,gene
SYNCRIP,GGI,HBS1L,gene,gene
SYNCRIP,GGI,FUBP3,gene,gene
SYNCRIP,GGI,MPHOSPH10,gene,gene
SYNCRIP,GGI,NOP14,gene,gene
SYNCRIP,GGI,HNRNPDL,gene,gene
SYNCRIP,GGI,SNRPD1,gene,gene
SYNCRIP,GGI,EIF4G1,gene,gene
SYNCRIP,GGI,LYRM2,gene,gene
SYNCRIP,GGI,SSB,gene,gene
SYNCRIP,GGI,DDX1,gene,gene
SYNCRIP,GGI,SRP72,gene,gene
CPQ,GGI,SDC2,gene,gene
CPQ,GGI,FCGRT,gene,gene
CPQ,GGI,RNF130,gene,gene
CPQ,GGI,BTD,gene,gene
KRT23,GGI,PI3,gene,gene
KRT23,GGI,S100P,gene,gene
KRT23,GGI,VTCN1,gene,gene
KRT23,GGI,HAL,gene,gene
RND3,GGI,CCN1,gene,gene
RND3,GGI,PLK2,gene,gene
RND3,GGI,AMOTL2,gene,gene
RND3,GGI,CCN2,gene,gene
RND3,GGI,PHLDA1,gene,gene
RND3,GGI,GNG12,gene,gene
CRELD2,GGI,SDF2L1,gene,gene
CRELD2,GGI,MANF,gene,gene
CRELD2,GGI,PDIA4,gene,gene
CRELD2,GGI,MYDGF,gene,gene
CRELD2,GGI,HSP90B1,gene,gene
CRELD2,GGI,HYOU1,gene,gene
CRELD2,GGI,CALR,gene,gene
CRELD2,GGI,PPIB,gene,gene
CRELD2,GGI,PDIA6,gene,gene
CRELD2,GGI,HSPA5,gene,gene
CRELD2,GGI,PDIA3,gene,gene
CRELD2,GGI,ALG12,gene,gene
CRELD2,GGI,DNAJC3,gene,gene
CRELD2,GGI,P4HB,gene,gene
CRELD2,GGI,TMED9,gene,gene
CRELD2,GGI,GMPPA,gene,gene
CRELD2,GGI,RPN1,gene,gene
CRELD2,GGI,SDF4,gene,gene
CRELD2,GGI,DDOST,gene,gene
CRELD2,GGI,CDK2AP2,gene,gene
CRELD2,GGI,SEC61A1,gene,gene
CRELD2,GGI,FICD,gene,gene
CRELD2,GGI,MAGT1,gene,gene
CRELD2,GGI,SLC35B1,gene,gene
CRELD2,GGI,LMAN2,gene,gene
CRELD2,GGI,SEC13,gene,gene
CRELD2,GGI,TMEM50B,gene,gene
CRELD2,GGI,NUCB2,gene,gene
CRELD2,GGI,PREB,gene,gene
CRELD2,GGI,SLC33A1,gene,gene
CRELD2,GGI,RPN2,gene,gene
CRELD2,GGI,SRPRB,gene,gene
CRELD2,GGI,RRBP1,gene,gene
CRELD2,GGI,PDIA5,gene,gene
CRELD2,GGI,SEC61B,gene,gene
CRELD2,GGI,XBP1,gene,gene
CRELD2,GGI,SLC38A10,gene,gene
CRELD2,GGI,SSR4,gene,gene
CRELD2,GGI,UGGT1,gene,gene
CRELD2,GGI,SEC24D,gene,gene
CRELD2,GGI,TMED10,gene,gene
CRELD2,GGI,FKBP11,gene,gene
CRELD2,GGI,DNAJB9,gene,gene
CRELD2,GGI,SEL1L,gene,gene
CRELD2,GGI,TMED2,gene,gene
CRELD2,GGI,TMEM214,gene,gene
CRELD2,GGI,MLEC,gene,gene
CRELD2,GGI,SND1,gene,gene
CRELD2,GGI,SIL1,gene,gene
CRELD2,GGI,SPCS3,gene,gene
CRELD2,GGI,SSR1,gene,gene
CRELD2,GGI,TXNDC15,gene,gene
CRELD2,GGI,KDELR2,gene,gene
CRELD2,GGI,CNPY2,gene,gene
CRELD2,GGI,STT3A,gene,gene
CRELD2,GGI,RHBDD3,gene,gene
CRELD2,GGI,CANX,gene,gene
CRELD2,GGI,CHPF,gene,gene
CRELD2,GGI,ARFGAP3,gene,gene
CRELD2,GGI,TMED3,gene,gene
CRELD2,GGI,CRELD1,gene,gene
CRELD2,GGI,COPG1,gene,gene
CRELD2,GGI,ALG5,gene,gene
CRELD2,GGI,DNAJC10,gene,gene
CRELD2,GGI,NCAPH2,gene,gene
CRELD2,GGI,DERL2,gene,gene
CRELD2,GGI,EIF2AK3,gene,gene
CRELD2,GGI,SEC23B,gene,gene
CRELD2,GGI,HDLBP,gene,gene
CRELD2,GGI,LMAN1,gene,gene
AGR2,GGI,TFF1,gene,gene
AGR2,GGI,TSPAN13,gene,gene
AGR2,GGI,SPDEF,gene,gene
AGR2,GGI,TFF3,gene,gene
AGR2,GGI,TSPAN8,gene,gene
AGR2,GGI,CEACAM5,gene,gene
AGR2,GGI,TSPAN1,gene,gene
AGR2,GGI,TFF2,gene,gene
AGR2,GGI,SLC44A4,gene,gene
AGR2,GGI,SLC6A14,gene,gene
AGR2,GGI,MUC5B,gene,gene
AGR2,GGI,MSMB,gene,gene
AGR2,GGI,CEACAM6,gene,gene
AGR2,GGI,GPX2,gene,gene
AGR2,GGI,FOXA1,gene,gene
AGR2,GGI,S100P,gene,gene
KAT5,GGI,KBTBD4,gene,gene
KAT5,GGI,YJU2,gene,gene
KAT5,GGI,ARFGAP2,gene,gene
KAT5,GGI,RBM23,gene,gene
KAT5,GGI,VPS11,gene,gene
KAT5,GGI,NUBP1,gene,gene
KAT5,GGI,TRMO,gene,gene
KAT5,GGI,PCIF1,gene,gene
KAT5,GGI,NUMA1,gene,gene
KAT5,GGI,POLDIP3,gene,gene
KAT5,GGI,OTUB1,gene,gene
KAT5,GGI,SF3B2,gene,gene
KAT5,GGI,MCRS1,gene,gene
KAT5,GGI,SART1,gene,gene
KAT5,GGI,DPF2,gene,gene
KAT5,GGI,TFIP11,gene,gene
KAT5,GGI,ZFPL1,gene,gene
KAT5,GGI,GMEB1,gene,gene
KAT5,GGI,ARAF,gene,gene
KAT5,GGI,SGF29,gene,gene
KAT5,GGI,KMT5B,gene,gene
KAT5,GGI,MRPS18A,gene,gene
KAT5,GGI,RBM22,gene,gene
KAT5,GGI,DNAJB12,gene,gene
KAT5,GGI,ZBTB3,gene,gene
KAT5,GGI,SMIM7,gene,gene
KAT5,GGI,NRDE2,gene,gene
KAT5,GGI,TINF2,gene,gene
KAT5,GGI,LANCL2,gene,gene
KAT5,GGI,SP2,gene,gene
KAT5,GGI,AIP,gene,gene
KAT5,GGI,CNOT2,gene,gene
KAT5,GGI,VPS51,gene,gene
KAT5,GGI,SMARCB1,gene,gene
KAT5,GGI,ING3,gene,gene
KAT5,GGI,CPSF7,gene,gene
KAT5,GGI,TAF6L,gene,gene
KAT5,GGI,MRPL49,gene,gene
KAT5,GGI,PSMC3,gene,gene
KAT5,GGI,RELA,gene,gene
KAT5,GGI,RBM4,gene,gene
KAT5,GGI,PRPF6,gene,gene
KAT5,GGI,SMG9,gene,gene
KAT5,GGI,HNRNPL,gene,gene
KAT5,GGI,PUF60,gene,gene
KAT5,GGI,PAF1,gene,gene
KAT5,GGI,UBXN1,gene,gene
KAT5,GGI,KAT8,gene,gene
KAT5,GGI,RAB1B,gene,gene
KAT5,GGI,KAT7,gene,gene
KAT5,GGI,PEF1,gene,gene
KAT5,GGI,GPATCH3,gene,gene
KAT5,GGI,BRMS1,gene,gene
KAT5,GGI,SNW1,gene,gene
KAT5,GGI,DAZAP2,gene,gene
KAT5,GGI,MUS81,gene,gene
KAT5,GGI,CTCF,gene,gene
KAT5,GGI,VPS52,gene,gene
KAT5,GGI,CIRBP,gene,gene
KAT5,GGI,DIABLO,gene,gene
KAT5,GGI,CHMP6,gene,gene
KRCC1,GGI,RNF146,gene,gene
KRCC1,GGI,ELAC1,gene,gene
KRCC1,GGI,GGPS1,gene,gene
KRCC1,GGI,TRIP11,gene,gene
KRCC1,GGI,DNAI4,gene,gene
KRCC1,GGI,PPP4R3B,gene,gene
KRCC1,GGI,ZNF862,gene,gene
KRCC1,GGI,TAF12,gene,gene
KRCC1,GGI,SMIM14,gene,gene
KRCC1,GGI,RMI1,gene,gene
KRCC1,GGI,RWDD2B,gene,gene
KRCC1,GGI,WASHC3,gene,gene
KRCC1,GGI,RXYLT1,gene,gene
KRCC1,GGI,BBS10,gene,gene
KRCC1,GGI,CGGBP1,gene,gene
KRCC1,GGI,SCRN3,gene,gene
TMEM165,GGI,SRD5A3,gene,gene
TMEM165,GGI,NPTN,gene,gene
TMEM165,GGI,RER1,gene,gene
TMEM165,GGI,TXNDC15,gene,gene
MLEC,GGI,PDIA4,gene,gene
MLEC,GGI,CALR,gene,gene
MLEC,GGI,HSP90B1,gene,gene
MLEC,GGI,HYOU1,gene,gene
MLEC,GGI,TMED2,gene,gene
MLEC,GGI,RPN1,gene,gene
MLEC,GGI,P4HB,gene,gene
MLEC,GGI,PDIA6,gene,gene
MLEC,GGI,SEC61A1,gene,gene
MLEC,GGI,CANX,gene,gene
MLEC,GGI,STT3A,gene,gene
MLEC,GGI,PDIA3,gene,gene
MLEC,GGI,UNC119B,gene,gene
MLEC,GGI,MANF,gene,gene
MLEC,GGI,UGGT1,gene,gene
MLEC,GGI,TMED10,gene,gene
MLEC,GGI,RPN2,gene,gene
MLEC,GGI,KDELR2,gene,gene
MLEC,GGI,CALU,gene,gene
MLEC,GGI,ATP2A2,gene,gene
MLEC,GGI,SSR3,gene,gene
MLEC,GGI,DNAJC3,gene,gene
MLEC,GGI,DDOST,gene,gene
MLEC,GGI,SSR1,gene,gene
MLEC,GGI,GANAB,gene,gene
MLEC,GGI,TMEM214,gene,gene
MLEC,GGI,TMED9,gene,gene
MLEC,GGI,LMAN1,gene,gene
MLEC,GGI,PPIB,gene,gene
MLEC,GGI,HSPA5,gene,gene
MLEC,GGI,FICD,gene,gene
MLEC,GGI,SDF2L1,gene,gene
MLEC,GGI,MAGT1,gene,gene
MLEC,GGI,ARL1,gene,gene
MLEC,GGI,GCN1,gene,gene
MLEC,GGI,CDK2AP2,gene,gene
MLEC,GGI,ALDH18A1,gene,gene
MLEC,GGI,CRELD2,gene,gene
MLEC,GGI,RRBP1,gene,gene
MLEC,GGI,SPRING1,gene,gene
MLEC,GGI,SND1,gene,gene
MLEC,GGI,DPAGT1,gene,gene
MLEC,GGI,SEL1L,gene,gene
MLEC,GGI,COPB2,gene,gene
MLEC,GGI,SRPRB,gene,gene
MLEC,GGI,SLC33A1,gene,gene
MLEC,GGI,SRPRA,gene,gene
MLEC,GGI,TMBIM6,gene,gene
MLEC,GGI,TM7SF3,gene,gene
MLEC,GGI,HDLBP,gene,gene
MLEC,GGI,BPNT2,gene,gene
ANKRD26,GGI,CEP290,gene,gene
ANKRD26,GGI,ATRX,gene,gene
ANKRD26,GGI,CPLANE1,gene,gene
ANKRD26,GGI,TRIP11,gene,gene
ANKRD26,GGI,SMC6,gene,gene
ANKRD26,GGI,NEMF,gene,gene
ANKRD26,GGI,NEK1,gene,gene
ANKRD26,GGI,NKTR,gene,gene
ANKRD26,GGI,UPF2,gene,gene
ANKRD26,GGI,GCC2,gene,gene
ANKRD26,GGI,CEP162,gene,gene
ANKRD26,GGI,RAD50,gene,gene
ANKRD26,GGI,TTC3,gene,gene
ANKRD26,GGI,PHIP,gene,gene
ANKRD26,GGI,AHI1,gene,gene
ANKRD26,GGI,CCDC88A,gene,gene
ANKRD26,GGI,DZIP3,gene,gene
ANKRD26,GGI,ZNF248,gene,gene
ANKRD26,GGI,AKAP9,gene,gene
ANKRD26,GGI,TPR,gene,gene
ANKRD26,GGI,SMC2,gene,gene
ANKRD26,GGI,SCAPER,gene,gene
ANKRD26,GGI,PCM1,gene,gene
ANKRD26,GGI,ARID4B,gene,gene
ANKRD26,GGI,KIF3A,gene,gene
ANKRD26,GGI,SREK1,gene,gene
ANKRD26,GGI,IFT81,gene,gene
ANKRD26,GGI,CEP295,gene,gene
ANKRD26,GGI,ARID4A,gene,gene
ANKRD26,GGI,MPHOSPH9,gene,gene
ANKRD26,GGI,THOC2,gene,gene
ANKRD26,GGI,ZC3H13,gene,gene
ANKRD26,GGI,PIBF1,gene,gene
ANKRD26,GGI,RUFY2,gene,gene
ANKRD26,GGI,TTC21B,gene,gene
ANKRD26,GGI,ROCK1,gene,gene
ANKRD26,GGI,ZNF638,gene,gene
ANKRD26,GGI,PHF3,gene,gene
ANKRD26,GGI,REV3L,gene,gene
ANKRD26,GGI,BPTF,gene,gene
ANKRD26,GGI,GOLGA4,gene,gene
ANKRD26,GGI,DYNC2H1,gene,gene
ANKRD26,GGI,MPHOSPH8,gene,gene
CYBRD1,GGI,PLSCR4,gene,gene
CYBRD1,GGI,ANTXR1,gene,gene
MICAL3,GGI,HECTD4,gene,gene
MICAL3,GGI,CABIN1,gene,gene
MICAL3,GGI,TRIO,gene,gene
MICAL3,GGI,FARP2,gene,gene
MICAL3,GGI,PEX26,gene,gene
MICAL3,GGI,MGAT5,gene,gene
FERMT2,GGI,CALD1,gene,gene
FERMT2,GGI,TEAD1,gene,gene
FERMT2,GGI,RAI14,gene,gene
FERMT2,GGI,CLIC4,gene,gene
FERMT2,GGI,PTPN21,gene,gene
FERMT2,GGI,RDX,gene,gene
IQCE,GGI,KATNIP,gene,gene
IQCE,GGI,TRAF3IP1,gene,gene
IQCE,GGI,KIF3B,gene,gene
IQCE,GGI,IFT22,gene,gene
IQCE,GGI,DNAAF5,gene,gene
IQCE,GGI,GAS8,gene,gene
IQCE,GGI,IQCG,gene,gene
IQCE,GGI,TCTN2,gene,gene
IQCE,GGI,INTS1,gene,gene
IQCE,GGI,CLBA1,gene,gene
IQCE,GGI,IQCK,gene,gene
NONO,GGI,RBMX,gene,gene
NONO,GGI,APEX1,gene,gene
NONO,GGI,HNRNPA1,gene,gene
NONO,GGI,EIF2S3,gene,gene
NONO,GGI,KHDRBS1,gene,gene
NONO,GGI,SNRNP200,gene,gene
NONO,GGI,IGBP1,gene,gene
NONO,GGI,LAS1L,gene,gene
NONO,GGI,ABCB7,gene,gene
NONO,GGI,TUBB,gene,gene
NONO,GGI,HNRNPK,gene,gene
NONO,GGI,RPS4X,gene,gene
NONO,GGI,RBMX2,gene,gene
NONO,GGI,ILF3,gene,gene
NONO,GGI,SF3B3,gene,gene
NONO,GGI,HNRNPC,gene,gene
NONO,GGI,EIF3D,gene,gene
NONO,GGI,PABPC1,gene,gene
NONO,GGI,PCBP2,gene,gene
NONO,GGI,SF3B2,gene,gene
NONO,GGI,RBBP4,gene,gene
NONO,GGI,RPL10,gene,gene
NONO,GGI,SMC1A,gene,gene
NONO,GGI,HSP90AB1,gene,gene
NONO,GGI,MED12,gene,gene
NONO,GGI,XRCC6,gene,gene
NONO,GGI,XRCC5,gene,gene
NONO,GGI,CHD4,gene,gene
NONO,GGI,CPSF6,gene,gene
NONO,GGI,EIF4B,gene,gene
NONO,GGI,HNRNPU,gene,gene
NONO,GGI,ILF2,gene,gene
NONO,GGI,EEF2,gene,gene
NONO,GGI,CPNE1,gene,gene
NONO,GGI,KDM1A,gene,gene
NONO,GGI,SMARCC1,gene,gene
NONO,GGI,UTP14A,gene,gene
NONO,GGI,MSN,gene,gene
NONO,GGI,PPP2R1A,gene,gene
NONO,GGI,RBM10,gene,gene
NONO,GGI,EIF3L,gene,gene
NONO,GGI,TRIM28,gene,gene
NONO,GGI,MATR3,gene,gene
NONO,GGI,HNRNPM,gene,gene
NONO,GGI,SLC25A6,gene,gene
NONO,GGI,PTMA,gene,gene
NONO,GGI,HNRNPUL1,gene,gene
NONO,GGI,DKC1,gene,gene
NONO,GGI,UBA1,gene,gene
NONO,GGI,MCM7,gene,gene
NONO,GGI,PTBP1,gene,gene
NONO,GGI,HNRNPA0,gene,gene
NONO,GGI,HNRNPR,gene,gene
NONO,GGI,DHX9,gene,gene
NONO,GGI,ZMYM3,gene,gene
NONO,GGI,RACK1,gene,gene
NONO,GGI,TAF9B,gene,gene
NONO,GGI,CSTF2,gene,gene
NONO,GGI,NAP1L1,gene,gene
NONO,GGI,RNPS1,gene,gene
NONO,GGI,IMPDH2,gene,gene
NONO,GGI,RPS3,gene,gene
NONO,GGI,PRPF8,gene,gene
NONO,GGI,PQBP1,gene,gene
NONO,GGI,EEF1A1,gene,gene
NONO,GGI,SLC25A5,gene,gene
NONO,GGI,THRAP3,gene,gene
NONO,GGI,USP11,gene,gene
NONO,GGI,PHB2,gene,gene
NONO,GGI,SRSF1,gene,gene
NONO,GGI,UBAP2L,gene,gene
NONO,GGI,SUPT16H,gene,gene
NONO,GGI,SET,gene,gene
NONO,GGI,HTATSF1,gene,gene
NONO,GGI,FUBP1,gene,gene
NONO,GGI,CS,gene,gene
NONO,GGI,NCL,gene,gene
NONO,GGI,HUWE1,gene,gene
NONO,GGI,STAG2,gene,gene
NONO,GGI,SNRPA,gene,gene
NONO,GGI,QARS1,gene,gene
NONO,GGI,SMARCE1,gene,gene
NONO,GGI,THOC2,gene,gene
NONO,GGI,PPM1G,gene,gene
NONO,GGI,SMARCC2,gene,gene
NONO,GGI,PRKCSH,gene,gene
NONO,GGI,RPL3,gene,gene
NONO,GGI,RSL1D1,gene,gene
NONO,GGI,USP22,gene,gene
AIF1,GGI,LST1,gene,gene
AIF1,GGI,TYROBP,gene,gene
AIF1,GGI,FCER1G,gene,gene
AIF1,GGI,MS4A6A,gene,gene
AIF1,GGI,LY86,gene,gene
AIF1,GGI,MS4A4A,gene,gene
AIF1,GGI,RNASE6,gene,gene
AIF1,GGI,GMFG,gene,gene
AIF1,GGI,C1QA,gene,gene
AIF1,GGI,CD86,gene,gene
AIF1,GGI,VSIG4,gene,gene
AIF1,GGI,CD4,gene,gene
AIF1,GGI,IGSF6,gene,gene
AIF1,GGI,CD33,gene,gene
AIF1,GGI,MNDA,gene,gene
AIF1,GGI,P2RY13,gene,gene
AIF1,GGI,FOLR2,gene,gene
AIF1,GGI,SPI1,gene,gene
AIF1,GGI,C1QB,gene,gene
AIF1,GGI,CSF1R,gene,gene
AIF1,GGI,CYBB,gene,gene
AIF1,GGI,LAIR1,gene,gene
AIF1,GGI,LILRB2,gene,gene
AIF1,GGI,FCGR2A,gene,gene
AIF1,GGI,LCP2,gene,gene
AIF1,GGI,NCKAP1L,gene,gene
AIF1,GGI,AOAH,gene,gene
AIF1,GGI,RNASE2,gene,gene
AIF1,GGI,CD300A,gene,gene
AIF1,GGI,LILRA2,gene,gene
AIF1,GGI,TFEC,gene,gene
AIF1,GGI,CLEC10A,gene,gene
AIF1,GGI,CD163,gene,gene
AIF1,GGI,HCK,gene,gene
AIF1,GGI,CD52,gene,gene
AIF1,GGI,WAS,gene,gene
AIF1,GGI,ITGB2,gene,gene
AIF1,GGI,GPR65,gene,gene
AIF1,GGI,BTK,gene,gene
AIF1,GGI,CLEC7A,gene,gene
AIF1,GGI,LYZ,gene,gene
AIF1,GGI,PILRA,gene,gene
AIF1,GGI,GNA15,gene,gene
AIF1,GGI,CPVL,gene,gene
AIF1,GGI,GIMAP4,gene,gene
AIF1,GGI,NCF4,gene,gene
AIF1,GGI,DOCK2,gene,gene
AIF1,GGI,PTPRC,gene,gene
AIF1,GGI,CD53,gene,gene
AIF1,GGI,MSR1,gene,gene
AIF1,GGI,F13A1,gene,gene
AIF1,GGI,BIN2,gene,gene
AIF1,GGI,CLEC4A,gene,gene
AIF1,GGI,DOK2,gene,gene
B3GAT1,GGI,GLB1L2,gene,gene
B3GAT1,GGI,PPP2R2B,gene,gene
B3GAT1,GGI,FAM131B,gene,gene
CNNM3,GGI,SEMA4C,gene,gene
CNNM3,GGI,PATZ1,gene,gene
CNNM3,GGI,COQ8A,gene,gene
CNNM3,GGI,ZXDC,gene,gene
CNNM3,GGI,MAP3K3,gene,gene
ADCY1,GGI,ABCC8,gene,gene
ADCY1,GGI,KIF1A,gene,gene
ADCY1,GGI,CAMK2B,gene,gene
ADCY1,GGI,ATP8A2,gene,gene
ATG13,GGI,WIPI2,gene,gene
ATG13,GGI,INPP5K,gene,gene
ATG13,GGI,ARFGAP2,gene,gene
ATG13,GGI,ARHGAP1,gene,gene
ATG13,GGI,AMBRA1,gene,gene
ATG13,GGI,YIPF3,gene,gene
ATG13,GGI,ZER1,gene,gene
ATG13,GGI,ZFPL1,gene,gene
ATG13,GGI,TSG101,gene,gene
ATG13,GGI,VPS11,gene,gene
ATG13,GGI,RETREG3,gene,gene
ATG13,GGI,BET1L,gene,gene
ATG13,GGI,WDR45,gene,gene
ATG13,GGI,CALCOCO1,gene,gene
ATG13,GGI,BSDC1,gene,gene
ATG13,GGI,DPF2,gene,gene
ATG13,GGI,WDR48,gene,gene
ATG13,GGI,SLC35C2,gene,gene
ATG13,GGI,HBP1,gene,gene
ATG13,GGI,ZNF408,gene,gene
ATG13,GGI,ATG9A,gene,gene
ATG13,GGI,IP6K1,gene,gene
ATG13,GGI,RAB1B,gene,gene
ATG13,GGI,MTMR14,gene,gene
ATG13,GGI,MRPL49,gene,gene
ATG13,GGI,IST1,gene,gene
ATG13,GGI,HINFP,gene,gene
ATG13,GGI,SERINC3,gene,gene
ATG13,GGI,GORASP2,gene,gene
ATG13,GGI,TOX4,gene,gene
ATG13,GGI,MADD,gene,gene
ATG13,GGI,PRKAB1,gene,gene
ATG13,GGI,OSBPL2,gene,gene
ATG13,GGI,DDB1,gene,gene
ATG13,GGI,OTUB1,gene,gene
ATG13,GGI,ARFIP2,gene,gene
ATG13,GGI,TMEM127,gene,gene
ATG13,GGI,SRPRA,gene,gene
ATG13,GGI,NRBP1,gene,gene
ATG13,GGI,RIC8A,gene,gene
ATG13,GGI,BCAS3,gene,gene
ATG13,GGI,PI4KB,gene,gene
ATG13,GGI,DNAJB12,gene,gene
ATG13,GGI,VPS39,gene,gene
ATG13,GGI,TBC1D13,gene,gene
ATG13,GGI,NBR1,gene,gene
ATG13,GGI,OSBP,gene,gene
ATG13,GGI,DHX8,gene,gene
SMARCA5,GGI,NAA15,gene,gene
SMARCA5,GGI,PRPF40A,gene,gene
SMARCA5,GGI,HNRNPU,gene,gene
SMARCA5,GGI,POLR2B,gene,gene
SMARCA5,GGI,DHX15,gene,gene
SMARCA5,GGI,MATR3,gene,gene
SMARCA5,GGI,LARP7,gene,gene
SMARCA5,GGI,HSPA4,gene,gene
SMARCA5,GGI,YTHDC1,gene,gene
SMARCA5,GGI,SSB,gene,gene
SMARCA5,GGI,G3BP2,gene,gene
SMARCA5,GGI,TOP2B,gene,gene
SMARCA5,GGI,HNRNPM,gene,gene
SMARCA5,GGI,CEBPZ,gene,gene
SMARCA5,GGI,DHX9,gene,gene
SMARCA5,GGI,TOP1,gene,gene
SMARCA5,GGI,ABCE1,gene,gene
SMARCA5,GGI,PPID,gene,gene
SMARCA5,GGI,ROCK1,gene,gene
SMARCA5,GGI,HDAC2,gene,gene
SMARCA5,GGI,HTATSF1,gene,gene
SMARCA5,GGI,HNRNPK,gene,gene
SMARCA5,GGI,CDC5L,gene,gene
SMARCA5,GGI,CAND1,gene,gene
SMARCA5,GGI,CHD1,gene,gene
SMARCA5,GGI,EIF5B,gene,gene
SMARCA5,GGI,HSP90AA1,gene,gene
SMARCA5,GGI,TPR,gene,gene
SMARCA5,GGI,SUPT16H,gene,gene
SMARCA5,GGI,NUP54,gene,gene
SMARCA5,GGI,YME1L1,gene,gene
SMARCA5,GGI,U2SURP,gene,gene
SMARCA5,GGI,EXOSC9,gene,gene
SMARCA5,GGI,DNTTIP2,gene,gene
SMARCA5,GGI,UBA6,gene,gene
SMARCA5,GGI,MTREX,gene,gene
SMARCA5,GGI,WAPL,gene,gene
SMARCA5,GGI,HNRNPD,gene,gene
SMARCA5,GGI,SMC3,gene,gene
SMARCA5,GGI,SLTM,gene,gene
SMARCA5,GGI,HNRNPR,gene,gene
SMARCA5,GGI,DIS3,gene,gene
SMARCA5,GGI,STAG2,gene,gene
SMARCA5,GGI,SFPQ,gene,gene
SMARCA5,GGI,MFAP1,gene,gene
SMARCA5,GGI,KIF5B,gene,gene
SMARCA5,GGI,XPO1,gene,gene
SMARCA5,GGI,CHD4,gene,gene
SMARCA5,GGI,XRCC5,gene,gene
SMARCA5,GGI,SDAD1,gene,gene
SMARCA5,GGI,SUZ12,gene,gene
SMARCA5,GGI,ARID4B,gene,gene
SMARCA5,GGI,CTR9,gene,gene
SMARCA5,GGI,NCL,gene,gene
SMARCA5,GGI,PPP4R3A,gene,gene
SMARCA5,GGI,CUL3,gene,gene
SMARCA5,GGI,DNAJA1,gene,gene
SMARCA5,GGI,ZNF638,gene,gene
SMARCA5,GGI,HNRNPA2B1,gene,gene
LY9,GGI,SIRPG,gene,gene
LY9,GGI,FCMR,gene,gene
LY9,GGI,P2RY10,gene,gene
LY9,GGI,LAX1,gene,gene
LY9,GGI,CD48,gene,gene
LY9,GGI,CD3G,gene,gene
LY9,GGI,PYHIN1,gene,gene
LY9,GGI,CD3E,gene,gene
LY9,GGI,TRAT1,gene,gene
LY9,GGI,SLAMF1,gene,gene
LY9,GGI,CD96,gene,gene
LY9,GGI,TRAF3IP3,gene,gene
LY9,GGI,CD28,gene,gene
LY9,GGI,SIT1,gene,gene
LY9,GGI,CD5,gene,gene
LY9,GGI,CD2,gene,gene
LY9,GGI,CD3D,gene,gene
LY9,GGI,UBASH3A,gene,gene
LY9,GGI,BLK,gene,gene
LY9,GGI,MS4A1,gene,gene
LY9,GGI,CD27,gene,gene
LY9,GGI,CD40LG,gene,gene
LY9,GGI,CD8B,gene,gene
LY9,GGI,CNR2,gene,gene
LY9,GGI,CRTAM,gene,gene
LY9,GGI,CD84,gene,gene
LY9,GGI,GZMK,gene,gene
LY9,GGI,SLAMF7,gene,gene
LY9,GGI,CD6,gene,gene
LY9,GGI,ITK,gene,gene
LY9,GGI,ICOS,gene,gene
LY9,GGI,CD79A,gene,gene
LY9,GGI,GPR18,gene,gene
LY9,GGI,DPEP2,gene,gene
LY9,GGI,TNFSF8,gene,gene
LY9,GGI,SH2D1A,gene,gene
LY9,GGI,RHOH,gene,gene
LY9,GGI,KLRK1,gene,gene
LY9,GGI,CCR4,gene,gene
LY9,GGI,CD180,gene,gene
LY9,GGI,LCK,gene,gene
LY9,GGI,TESPA1,gene,gene
LY9,GGI,ZBP1,gene,gene
LY9,GGI,GPR171,gene,gene
LY9,GGI,IL16,gene,gene
LY9,GGI,CXCR3,gene,gene
LY9,GGI,GVINP1,gene,gene
LY9,GGI,ZAP70,gene,gene
LY9,GGI,CD244,gene,gene
LY9,GGI,CD52,gene,gene
LY9,GGI,CCR6,gene,gene
LY9,GGI,CD1C,gene,gene
LY9,GGI,CD19,gene,gene
ATP5MC1,GGI,PHB1,gene,gene
ATP5MC1,GGI,NME1,gene,gene
ATP5MC1,GGI,COX8A,gene,gene
ATP5MC1,GGI,ATP5MC3,gene,gene
ATP5MC1,GGI,NDUFB8,gene,gene
ATP5MC1,GGI,COX6B1,gene,gene
ATP5MC1,GGI,UQCR10,gene,gene
ATP5MC1,GGI,UQCRQ,gene,gene
ATP5MC1,GGI,COX5B,gene,gene
ATP5MC1,GGI,COX7A2,gene,gene
ATP5MC1,GGI,ATP5MF,gene,gene
ATP5MC1,GGI,CYC1,gene,gene
ATP5MC1,GGI,ATP5PD,gene,gene
ATP5MC1,GGI,COX5A,gene,gene
ATP5MC1,GGI,NDUFA3,gene,gene
ATP5MC1,GGI,ATP5ME,gene,gene
ATP5MC1,GGI,COX7B,gene,gene
ATP5MC1,GGI,ATP5PO,gene,gene
ATP5MC1,GGI,NDUFA2,gene,gene
ATP5MC1,GGI,PSMB3,gene,gene
ATP5MC1,GGI,NDUFAB1,gene,gene
ATP5MC1,GGI,ATP5MJ,gene,gene
ATP5MC1,GGI,NDUFB2,gene,gene
ATP5MC1,GGI,SLIRP,gene,gene
ATP5MC1,GGI,NDUFA6,gene,gene
ATP5MC1,GGI,NDUFA1,gene,gene
ATP5MC1,GGI,COA3,gene,gene
ATP5MC1,GGI,COX6A1,gene,gene
ATP5MC1,GGI,MRPL24,gene,gene
ATP5MC1,GGI,NDUFS6,gene,gene
ATP5MC1,GGI,MRPS7,gene,gene
ATP5MC1,GGI,NDUFB3,gene,gene
ATP5MC1,GGI,COX6C,gene,gene
ATP5MC1,GGI,UBL5,gene,gene
ATP5MC1,GGI,NDUFB6,gene,gene
ATP5MC1,GGI,UQCR11,gene,gene
ATP5MC1,GGI,NDUFA7,gene,gene
ATP5MC1,GGI,NDUFA9,gene,gene
ATP5MC1,GGI,EIF3K,gene,gene
ATP5MC1,GGI,SNRNP25,gene,gene
ATP5MC1,GGI,MDH1,gene,gene
ATP5MC1,GGI,NDUFB1,gene,gene
ATP5MC1,GGI,HSPE1,gene,gene
ATP5MC1,GGI,NDUFA8,gene,gene
ATP5MC1,GGI,COX4I1,gene,gene
ATP5MC1,GGI,NDUFB4,gene,gene
ATP5MC1,GGI,CENPX,gene,gene
ATP5MC1,GGI,ATP5MC2,gene,gene
ATP5MC1,GGI,NDUFS8,gene,gene
ATP5MC1,GGI,MRPL12,gene,gene
ATP5MC1,GGI,MGST3,gene,gene
ATP5MC1,GGI,NEDD8,gene,gene
ATP5MC1,GGI,COX7C,gene,gene
ATP5MC1,GGI,POLR2L,gene,gene
ATP5MC1,GGI,PARK7,gene,gene
ATP5MC1,GGI,NHP2,gene,gene
ATP5MC1,GGI,TMEM147,gene,gene
ATP5MC1,GGI,GOT2,gene,gene
ATP5MC1,GGI,CISD1,gene,gene
ATP5MC1,GGI,ATP5PB,gene,gene
ATP5MC1,GGI,ATP5PF,gene,gene
ATP5MC1,GGI,NDUFA4,gene,gene
ATP5MC1,GGI,MRPS12,gene,gene
ATP5MC1,GGI,DNPH1,gene,gene
ATP5MC1,GGI,TIMM50,gene,gene
ATP5MC1,GGI,SF3B5,gene,gene
ATP5MC1,GGI,SDHB,gene,gene
ATP5MC1,GGI,NDUFB11,gene,gene
ATP5MC1,GGI,MRPL35,gene,gene
ATP5MC1,GGI,ATP5F1A,gene,gene
ATP5MC1,GGI,ATP5MG,gene,gene
ATP5MC1,GGI,TIMM10,gene,gene
ATP5MC1,GGI,SLC25A11,gene,gene
ATP5MC1,GGI,PFDN6,gene,gene
ATP5MC1,GGI,NDUFS3,gene,gene
ATP5MC1,GGI,DCTPP1,gene,gene
ATP5MC1,GGI,PSMB6,gene,gene
ATP5MC1,GGI,TMX2,gene,gene
ATP5MC1,GGI,VDAC1,gene,gene
ATP5MC1,GGI,SUCLG1,gene,gene
ATP5MC1,GGI,SNRPD2,gene,gene
ATP5MC1,GGI,PDHA1,gene,gene
ATP5MC1,GGI,TMEM14B,gene,gene
ATP5MC1,GGI,ISOC2,gene,gene
ATP5MC1,GGI,PSMB5,gene,gene
ATP5MC1,GGI,ATP5F1B,gene,gene
ATP5MC1,GGI,HSD17B10,gene,gene
ATP5MC1,GGI,PSMD8,gene,gene
ATP5MC1,GGI,CYCS,gene,gene
ATP5MC1,GGI,PNPO,gene,gene
ATP5MC1,GGI,NDUFV1,gene,gene
ATP5MC1,GGI,UQCRC1,gene,gene
ATP5MC1,GGI,NDUFC1,gene,gene
ATP5MC1,GGI,MRPL52,gene,gene
ATP5MC1,GGI,NDUFB7,gene,gene
ATP5MC1,GGI,UQCRH,gene,gene
ATP5MC1,GGI,NOP10,gene,gene
ATP5MC1,GGI,ATP5IF1,gene,gene
ATP5MC1,GGI,TMEM223,gene,gene
ATP5MC1,GGI,TMEM258,gene,gene
ATP5MC1,GGI,APOO,gene,gene
ATP5MC1,GGI,FH,gene,gene
ATP5MC1,GGI,CUTA,gene,gene
ATP5MC1,GGI,SNF8,gene,gene
ATP5MC1,GGI,COX16,gene,gene
ATP5MC1,GGI,NDUFV2,gene,gene
ATP5MC1,GGI,RPS26,gene,gene
ATP5MC1,GGI,HIGD2A,gene,gene
ATP5MC1,GGI,ATP5F1C,gene,gene
ATP5MC1,GGI,PEBP1,gene,gene
ATP5MC1,GGI,MRPL20,gene,gene
ATP5MC1,GGI,POMP,gene,gene
ATP5MC1,GGI,MRPL41,gene,gene
ATP5MC1,GGI,UQCRFS1,gene,gene
ATP5MC1,GGI,COQ3,gene,gene
ATP5MC1,GGI,C1QBP,gene,gene
ATP5MC1,GGI,DPM3,gene,gene
B3GAT3,GGI,POMGNT1,gene,gene
B3GAT3,GGI,SLC52A2,gene,gene
B3GAT3,GGI,MAN1B1,gene,gene
B3GAT3,GGI,SLC25A22,gene,gene
B3GAT3,GGI,SCAMP3,gene,gene
B3GAT3,GGI,LMF2,gene,gene
B3GAT3,GGI,ATP6V0B,gene,gene
B3GAT3,GGI,EML3,gene,gene
B3GAT3,GGI,MOGS,gene,gene
B3GAT3,GGI,SLC35C2,gene,gene
B3GAT3,GGI,SH2B1,gene,gene
B3GAT3,GGI,B4GALT7,gene,gene
B3GAT3,GGI,MFSD10,gene,gene
B3GAT3,GGI,CHPF2,gene,gene
CCDC9,GGI,CLASRP,gene,gene
CCDC9,GGI,SART1,gene,gene
CCDC9,GGI,SUPT5H,gene,gene
CCDC9,GGI,NFKBIB,gene,gene
CCDC9,GGI,NR1H2,gene,gene
CCDC9,GGI,CNOT3,gene,gene
CCDC9,GGI,PAF1,gene,gene
CCDC9,GGI,PRKD2,gene,gene
CCDC9,GGI,DHX34,gene,gene
CCDC9,GGI,GRWD1,gene,gene
CCDC9,GGI,ZGPAT,gene,gene
CCDC9,GGI,ZBTB17,gene,gene
CCDC9,GGI,ZNF787,gene,gene
CCDC9,GGI,MAP2K7,gene,gene
CCDC9,GGI,GMEB2,gene,gene
CCDC9,GGI,SNRNP70,gene,gene
CCDC9,GGI,OGFR,gene,gene
CCDC9,GGI,RBM42,gene,gene
CCDC9,GGI,GTF2F1,gene,gene
CCDC9,GGI,ERF,gene,gene
CCDC9,GGI,CTDP1,gene,gene
CCDC9,GGI,SAFB,gene,gene
CCDC9,GGI,PNKP,gene,gene
CCDC9,GGI,CWC25,gene,gene
CCDC9,GGI,GOLGA2,gene,gene
CCDC9,GGI,CDK11A,gene,gene
CCDC9,GGI,ZNF212,gene,gene
CCDC9,GGI,SBNO2,gene,gene
CCDC9,GGI,ITPKC,gene,gene
CCDC9,GGI,CYTH2,gene,gene
CCDC9,GGI,XAB2,gene,gene
CCDC9,GGI,SRSF4,gene,gene
CCDC9,GGI,STRN4,gene,gene
CCDC9,GGI,PAK4,gene,gene
CCDC9,GGI,NFKB2,gene,gene
CCDC9,GGI,AKAP8L,gene,gene
CCDC9,GGI,DAPK3,gene,gene
CCDC9,GGI,LIG1,gene,gene
CCDC9,GGI,PPP1R15A,gene,gene
CCDC9,GGI,GMEB1,gene,gene
CCDC9,GGI,ARFGAP1,gene,gene
CCDC9,GGI,KMT2B,gene,gene
WT1,GGI,HAND2,gene,gene
NECAB3,GGI,SNTA1,gene,gene
APLNR,GGI,ARHGEF15,gene,gene
APLNR,GGI,PLVAP,gene,gene
APLNR,GGI,CDH5,gene,gene
APLNR,GGI,GJA4,gene,gene
APLNR,GGI,KDR,gene,gene
APLNR,GGI,SOX17,gene,gene
APLNR,GGI,PCDH17,gene,gene
APLNR,GGI,GJA5,gene,gene
APLNR,GGI,EMCN,gene,gene
APLNR,GGI,VWF,gene,gene
APLNR,GGI,PCDH12,gene,gene
APLNR,GGI,MMRN2,gene,gene
APLNR,GGI,MYCT1,gene,gene
APLNR,GGI,RAMP2,gene,gene
APLNR,GGI,GPR4,gene,gene
APLNR,GGI,SELE,gene,gene
APLNR,GGI,FCN3,gene,gene
APLNR,GGI,RAMP3,gene,gene
APLNR,GGI,TEK,gene,gene
APLNR,GGI,CD34,gene,gene
APLNR,GGI,ADGRL4,gene,gene
APLNR,GGI,AQP1,gene,gene
APLNR,GGI,TIE1,gene,gene
APLNR,GGI,ADGRF5,gene,gene
APLNR,GGI,ROBO4,gene,gene
APLNR,GGI,COL15A1,gene,gene
APLNR,GGI,CD93,gene,gene
APLNR,GGI,FAM110D,gene,gene
APLNR,GGI,NOS3,gene,gene
APLNR,GGI,SOX18,gene,gene
DNAAF1,GGI,DNAI1,gene,gene
DNAAF1,GGI,CFAP43,gene,gene
DNAAF1,GGI,CFAP74,gene,gene
DNAAF1,GGI,SPEF1,gene,gene
DNAAF1,GGI,ZMYND10,gene,gene
DNAAF1,GGI,TEKT2,gene,gene
DNAAF1,GGI,TSNAXIP1,gene,gene
DNAAF1,GGI,DNAI2,gene,gene
DNAAF1,GGI,DNAH7,gene,gene
DNAAF1,GGI,ADGB,gene,gene
DNAAF1,GGI,CFAP46,gene,gene
DNAAF1,GGI,DNAAF8,gene,gene
DNAAF1,GGI,DLEC1,gene,gene
DNAAF1,GGI,FOXJ1,gene,gene
DNAAF1,GGI,SPAG8,gene,gene
DNAAF1,GGI,DNAH6,gene,gene
DNAAF1,GGI,CFAP45,gene,gene
DNAAF1,GGI,PIERCE1,gene,gene
DNAAF1,GGI,SPAG6,gene,gene
DNAAF1,GGI,CFAP70,gene,gene
DNAAF1,GGI,CCDC170,gene,gene
DNAAF1,GGI,NME5,gene,gene
DNAAF1,GGI,C11orf16,gene,gene
DNAAF1,GGI,NPHP1,gene,gene
NARS1,GGI,EPRS1,gene,gene
NARS1,GGI,IARS1,gene,gene
NARS1,GGI,TARS1,gene,gene
NARS1,GGI,HSPA9,gene,gene
NARS1,GGI,GARS1,gene,gene
NARS1,GGI,YARS1,gene,gene
NARS1,GGI,LARS1,gene,gene
NARS1,GGI,AARS1,gene,gene
NARS1,GGI,XPOT,gene,gene
NARS1,GGI,CARS1,gene,gene
NARS1,GGI,MARS1,gene,gene
NARS1,GGI,SARS1,gene,gene
NARS1,GGI,EIF2S2,gene,gene
NARS1,GGI,TIMM44,gene,gene
NARS1,GGI,CEBPG,gene,gene
NARS1,GGI,ATP5F1A,gene,gene
NARS1,GGI,VPS4B,gene,gene
NARS1,GGI,GOT1,gene,gene
NARS1,GGI,ME2,gene,gene
NARS1,GGI,PSAT1,gene,gene
NARS1,GGI,GHITM,gene,gene
NARS1,GGI,ASNS,gene,gene
NARS1,GGI,SLC3A2,gene,gene
NARS1,GGI,RPRD1A,gene,gene
NARS1,GGI,CHAC1,gene,gene
NARS1,GGI,CNDP2,gene,gene
NARS1,GGI,SHMT2,gene,gene
NARS1,GGI,LMAN1,gene,gene
NARS1,GGI,ATP5F1B,gene,gene
NARS1,GGI,MTHFD2,gene,gene
NARS1,GGI,EIF3A,gene,gene
NARS1,GGI,AFG3L2,gene,gene
NARS1,GGI,LONP1,gene,gene
NARS1,GGI,KDSR,gene,gene
NARS1,GGI,IDH3A,gene,gene
NARS1,GGI,MTIF2,gene,gene
NARS1,GGI,NDUFS1,gene,gene
NARS1,GGI,PCK2,gene,gene
NARS1,GGI,DDX1,gene,gene
NARS1,GGI,TXNL1,gene,gene
NARS1,GGI,NAPG,gene,gene
NARS1,GGI,AIMP1,gene,gene
NARS1,GGI,TCEA1,gene,gene
NARS1,GGI,SLC1A5,gene,gene
NARS1,GGI,IMMT,gene,gene
NARS1,GGI,ADM2,gene,gene
NARS1,GGI,DLD,gene,gene
NARS1,GGI,DDX21,gene,gene
FGD1,GGI,PCGF2,gene,gene
FGD1,GGI,GPR161,gene,gene
FGD1,GGI,KIRREL1,gene,gene
FGD1,GGI,SMO,gene,gene
CALD1,GGI,MYL9,gene,gene
CALD1,GGI,FSTL1,gene,gene
CALD1,GGI,MYLK,gene,gene
CALD1,GGI,TAGLN,gene,gene
CALD1,GGI,TPM1,gene,gene
CALD1,GGI,SPARC,gene,gene
CALD1,GGI,CNN1,gene,gene
CALD1,GGI,VCL,gene,gene
CALD1,GGI,FERMT2,gene,gene
CALD1,GGI,TGFB1I1,gene,gene
CALD1,GGI,ACTN1,gene,gene
CALD1,GGI,ACTA2,gene,gene
CALD1,GGI,PLS3,gene,gene
CALD1,GGI,RAI14,gene,gene
CALD1,GGI,MYH9,gene,gene
CALD1,GGI,CAV2,gene,gene
CALD1,GGI,ACTG2,gene,gene
CALD1,GGI,THBS1,gene,gene
CALD1,GGI,ITGB3,gene,gene
CALD1,GGI,FLNA,gene,gene
CALD1,GGI,TPM2,gene,gene
CALD1,GGI,CTTN,gene,gene
CALD1,GGI,COL4A1,gene,gene
CALD1,GGI,COL4A2,gene,gene
CALD1,GGI,CAV1,gene,gene
HES1,GGI,HEY1,gene,gene
HES1,GGI,BHLHE40,gene,gene
HES1,GGI,JUNB,gene,gene
HES1,GGI,KLF10,gene,gene
HES1,GGI,ID3,gene,gene
HES1,GGI,IER2,gene,gene
HES1,GGI,ID1,gene,gene
HES1,GGI,JAG1,gene,gene
HES1,GGI,IER3,gene,gene
HES1,GGI,EGR1,gene,gene
HES1,GGI,FOS,gene,gene
HES1,GGI,GADD45B,gene,gene
RAB3GAP2,GGI,NUP133,gene,gene
RAB3GAP2,GGI,COPA,gene,gene
RAB3GAP2,GGI,HEATR1,gene,gene
RAB3GAP2,GGI,EPRS1,gene,gene
RAB3GAP2,GGI,ACBD3,gene,gene
RAB3GAP2,GGI,CEP350,gene,gene
RAB3GAP2,GGI,AHCTF1,gene,gene
RAB3GAP2,GGI,KLHL12,gene,gene
RAB3GAP2,GGI,FBXO28,gene,gene
RAB3GAP2,GGI,RBBP5,gene,gene
RAB3GAP2,GGI,IARS2,gene,gene
RAB3GAP2,GGI,RO60,gene,gene
RAB3GAP2,GGI,TPR,gene,gene
RAB3GAP2,GGI,USP9X,gene,gene
RAB3GAP2,GGI,WDR26,gene,gene
RAB3GAP2,GGI,ARID4B,gene,gene
RAB3GAP2,GGI,MTR,gene,gene
RAB3GAP2,GGI,AQR,gene,gene
RAB3GAP2,GGI,CDC73,gene,gene
RAB3GAP2,GGI,MIA3,gene,gene
RAB3GAP2,GGI,TSNAX,gene,gene
RAB3GAP2,GGI,ANGEL2,gene,gene
RAB3GAP2,GGI,TBCE,gene,gene
RAB3GAP2,GGI,RPS6KC1,gene,gene
RAB3GAP2,GGI,CEP170,gene,gene
RAB3GAP2,GGI,PRRC2C,gene,gene
RAB3GAP2,GGI,RALGAPB,gene,gene
RAB3GAP2,GGI,COG2,gene,gene
RAB3GAP2,GGI,IPO9,gene,gene
RAB3GAP2,GGI,RBM34,gene,gene
RAB3GAP2,GGI,NVL,gene,gene
RAB3GAP2,GGI,UTP25,gene,gene
RAB3GAP2,GGI,ZC3H11A,gene,gene
RAB3GAP2,GGI,SKIC3,gene,gene
RAB3GAP2,GGI,TRMT1L,gene,gene
RAB3GAP2,GGI,LTN1,gene,gene
RAB3GAP2,GGI,PUM1,gene,gene
RAB3GAP2,GGI,KDM5B,gene,gene
RAB3GAP2,GGI,CLTC,gene,gene
RAB3GAP2,GGI,ODR4,gene,gene
RAB3GAP2,GGI,GON4L,gene,gene
RAB3GAP2,GGI,GNPAT,gene,gene
RAB3GAP2,GGI,USP34,gene,gene
RAB3GAP2,GGI,KDM5A,gene,gene
RAB3GAP2,GGI,DNAJC13,gene,gene
RAB3GAP2,GGI,ARFGEF1,gene,gene
RAB3GAP2,GGI,STX6,gene,gene
SRRM2,GGI,SRCAP,gene,gene
SRRM2,GGI,CREBBP,gene,gene
SRRM2,GGI,SRRM1,gene,gene
SRRM2,GGI,SPEN,gene,gene
SRRM2,GGI,KMT2D,gene,gene
SRRM2,GGI,ATXN2L,gene,gene
SRRM2,GGI,EP400,gene,gene
SRRM2,GGI,PRRC2C,gene,gene
SRRM2,GGI,EP300,gene,gene
SRRM2,GGI,POLR2A,gene,gene
SRRM2,GGI,BRD4,gene,gene
SRRM2,GGI,NPIPB3,gene,gene
SRRM2,GGI,SETD5,gene,gene
SRRM2,GGI,POGZ,gene,gene
SRRM2,GGI,SETD1A,gene,gene
SRRM2,GGI,BAZ2A,gene,gene
SRRM2,GGI,PRRC2B,gene,gene
SRRM2,GGI,AFF1,gene,gene
SRRM2,GGI,TSC2,gene,gene
SRRM2,GGI,SEC16A,gene,gene
SRRM2,GGI,PNISR,gene,gene
SRRM2,GGI,HCFC1,gene,gene
SRRM2,GGI,SF1,gene,gene
SRRM2,GGI,MGRN1,gene,gene
SRRM2,GGI,PRRC2A,gene,gene
SRRM2,GGI,ARID1A,gene,gene
SRRM2,GGI,KMT2B,gene,gene
SRRM2,GGI,FNBP4,gene,gene
SRRM2,GGI,SON,gene,gene
SRRM2,GGI,ZNF142,gene,gene
SRRM2,GGI,NCOA6,gene,gene
SRRM2,GGI,SMG1,gene,gene
SRRM2,GGI,CCNK,gene,gene
SRRM2,GGI,CDK12,gene,gene
SRRM2,GGI,CHERP,gene,gene
SRRM2,GGI,SZT2,gene,gene
SRRM2,GGI,NKTR,gene,gene
SRRM2,GGI,UBR4,gene,gene
SRRM2,GGI,TCERG1,gene,gene
SRRM2,GGI,POM121,gene,gene
SRRM2,GGI,MDC1,gene,gene
SRRM2,GGI,INO80D,gene,gene
SRRM2,GGI,SF3A1,gene,gene
SRRM2,GGI,YLPM1,gene,gene
SRRM2,GGI,GPATCH8,gene,gene
SRRM2,GGI,SFSWAP,gene,gene
SRRM2,GGI,RNPS1,gene,gene
SRRM2,GGI,CPSF7,gene,gene
SRRM2,GGI,KMT2A,gene,gene
SRRM2,GGI,BRD2,gene,gene
SRRM2,GGI,ATN1,gene,gene
SRRM2,GGI,HUWE1,gene,gene
SRRM2,GGI,USP36,gene,gene
SRRM2,GGI,FAM193A,gene,gene
SRRM2,GGI,MLXIP,gene,gene
SRRM2,GGI,TRRAP,gene,gene
SRRM2,GGI,UBN1,gene,gene
SRRM2,GGI,ILF3,gene,gene
SRRM2,GGI,PRPF8,gene,gene
SRRM2,GGI,SMARCC2,gene,gene
SRRM2,GGI,NCOR2,gene,gene
SRRM2,GGI,SETD2,gene,gene
SRRM2,GGI,SCAF4,gene,gene
SRRM2,GGI,NFAT5,gene,gene
SRRM2,GGI,ATXN2,gene,gene
SRRM2,GGI,BPTF,gene,gene
SRRM2,GGI,SRRT,gene,gene
SRRM2,GGI,HECTD4,gene,gene
SRRM2,GGI,MARF1,gene,gene
SRRM2,GGI,SP2,gene,gene
SRRM2,GGI,GLYR1,gene,gene
SRRM2,GGI,CNOT3,gene,gene
SRRM2,GGI,MAPK8IP3,gene,gene
EN1,GGI,EMX2,gene,gene
EN1,GGI,HOXC8,gene,gene
EN1,GGI,NKX6-1,gene,gene
EN1,GGI,EN2,gene,gene
EN1,GGI,HOXC13,gene,gene
EN1,GGI,HOXC10,gene,gene
EN1,GGI,HOXD9,gene,gene
EN1,GGI,HOXC6,gene,gene
EN1,GGI,HOXC11,gene,gene
EN1,GGI,FOXF2,gene,gene
EN1,GGI,ALX4,gene,gene
EN1,GGI,HOXA10,gene,gene
EN1,GGI,PITX2,gene,gene
EN1,GGI,MYOD1,gene,gene
EN1,GGI,HOXD11,gene,gene
EN1,GGI,HOXC4,gene,gene
EN1,GGI,ZIC1,gene,gene
EOLA2-DT,GGI,ASMTL-AS1,gene,gene
EOLA2-DT,GGI,SEC31B,gene,gene
EOLA2-DT,GGI,NEAT1,gene,gene
EOLA2-DT,GGI,LOC155060,gene,gene
EOLA2-DT,GGI,L3MBTL1,gene,gene
EOLA2-DT,GGI,OGT,gene,gene
EOLA2-DT,GGI,PPIEL,gene,gene
EOLA2-DT,GGI,HSF4,gene,gene
EOLA2-DT,GGI,CDK5RAP3,gene,gene
EOLA2-DT,GGI,ZNF767P,gene,gene
EOLA2-DT,GGI,CROCCP3,gene,gene
EOLA2-DT,GGI,MAN2C1,gene,gene
EOLA2-DT,GGI,CSAD,gene,gene
EOLA2-DT,GGI,GOLGA8A,gene,gene
EOLA2-DT,GGI,NSUN5P1,gene,gene
EOLA2-DT,GGI,CCNL2,gene,gene
EOLA2-DT,GGI,APBB3,gene,gene
EOLA2-DT,GGI,PAN2,gene,gene
EOLA2-DT,GGI,PNISR,gene,gene
EOLA2-DT,GGI,INE1,gene,gene
EOLA2-DT,GGI,MZF1,gene,gene
HNRNPH3,GGI,HNRNPA3,gene,gene
HNRNPH3,GGI,HNRNPA2B1,gene,gene
HNRNPH3,GGI,FUS,gene,gene
HNRNPH3,GGI,HNRNPH1,gene,gene
HNRNPH3,GGI,HNRNPD,gene,gene
HNRNPH3,GGI,HNRNPU,gene,gene
HNRNPH3,GGI,TAF15,gene,gene
HNRNPH3,GGI,HNRNPM,gene,gene
HNRNPH3,GGI,ANP32A,gene,gene
HNRNPH3,GGI,TARDBP,gene,gene
HNRNPH3,GGI,HNRNPA1,gene,gene
HNRNPH3,GGI,HNRNPR,gene,gene
HNRNPH3,GGI,PNN,gene,gene
HNRNPH3,GGI,GAR1,gene,gene
HNRNPH3,GGI,SAFB,gene,gene
HNRNPH3,GGI,NCL,gene,gene
HNRNPH3,GGI,SRSF7,gene,gene
HNRNPH3,GGI,HNRNPDL,gene,gene
HNRNPH3,GGI,TRA2B,gene,gene
HNRNPH3,GGI,TRA2A,gene,gene
HNRNPH3,GGI,SRSF1,gene,gene
HNRNPH3,GGI,HNRNPC,gene,gene
HNRNPH3,GGI,HNRNPK,gene,gene
HNRNPH3,GGI,SRSF4,gene,gene
HNRNPH3,GGI,RSRC2,gene,gene
HNRNPH3,GGI,RBM17,gene,gene
HNRNPH3,GGI,ANP32E,gene,gene
HNRNPH3,GGI,MAGOH,gene,gene
HNRNPH3,GGI,SMC3,gene,gene
HNRNPH3,GGI,YTHDC1,gene,gene
HNRNPH3,GGI,MORF4L1,gene,gene
HNRNPH3,GGI,HMGB1,gene,gene
HNRNPH3,GGI,SRSF3,gene,gene
HNRNPH3,GGI,NASP,gene,gene
HNRNPH3,GGI,HNRNPUL2,gene,gene
HNRNPH3,GGI,HMGB2,gene,gene
HNRNPH3,GGI,ANP32B,gene,gene
HNRNPH3,GGI,SRSF10,gene,gene
HNRNPH3,GGI,RBM25,gene,gene
HNRNPH3,GGI,SMNDC1,gene,gene
HNRNPH3,GGI,SYNCRIP,gene,gene
HNRNPH3,GGI,FUBP1,gene,gene
HNRNPH3,GGI,NUDC,gene,gene
HNRNPH3,GGI,TIAL1,gene,gene
HNRNPH3,GGI,MATR3,gene,gene
HNRNPH3,GGI,SFPQ,gene,gene
HNRNPH3,GGI,PRPF38B,gene,gene
HNRNPH3,GGI,C11orf58,gene,gene
HNRNPH3,GGI,PTGES3,gene,gene
HNRNPH3,GGI,SNRPD1,gene,gene
HNRNPH3,GGI,CHORDC1,gene,gene
HNRNPH3,GGI,LUC7L3,gene,gene
HNRNPH3,GGI,CHTOP,gene,gene
HNRNPH3,GGI,SRSF5,gene,gene
HNRNPH3,GGI,HSP90AA1,gene,gene
HNRNPH3,GGI,SNRPA1,gene,gene
HNRNPH3,GGI,HNRNPA0,gene,gene
HNRNPH3,GGI,CBX1,gene,gene
HNRNPH3,GGI,SF1,gene,gene
HNRNPH3,GGI,PPWD1,gene,gene
HNRNPH3,GGI,DHX15,gene,gene
HNRNPH3,GGI,PPP4R3A,gene,gene
HNRNPH3,GGI,RAB1A,gene,gene
HNRNPH3,GGI,XPO1,gene,gene
HNRNPH3,GGI,SLTM,gene,gene
HNRNPH3,GGI,SSB,gene,gene
HNRNPH3,GGI,DHX9,gene,gene
HNRNPH3,GGI,SAFB2,gene,gene
HNRNPH3,GGI,SNRPF,gene,gene
HNRNPH3,GGI,BCCIP,gene,gene
HNRNPH3,GGI,PAPOLA,gene,gene
HNRNPH3,GGI,SET,gene,gene
HNRNPH3,GGI,CFDP1,gene,gene
HNRNPH3,GGI,H3-3B,gene,gene
HNRNPH3,GGI,HDAC2,gene,gene
CCDC92,GGI,PACS2,gene,gene
CCDC92,GGI,TESK1,gene,gene
CCDC92,GGI,CSRNP2,gene,gene
CCDC92,GGI,BCL7B,gene,gene
PKD2,GGI,ITGAV,gene,gene
DCTN3,GGI,COX8A,gene,gene
DCTN3,GGI,NUDT2,gene,gene
DCTN3,GGI,GRHPR,gene,gene
DCTN3,GGI,CLTA,gene,gene
DCTN3,GGI,NDUFB6,gene,gene
DCTN3,GGI,COX6B1,gene,gene
DCTN3,GGI,PIN1,gene,gene
DCTN3,GGI,CREB3,gene,gene
DCTN3,GGI,STOML2,gene,gene
DCTN3,GGI,COPE,gene,gene
DCTN3,GGI,NDUFB8,gene,gene
DCTN3,GGI,NDUFA2,gene,gene
DCTN3,GGI,COPS6,gene,gene
DCTN3,GGI,BAD,gene,gene
DCTN3,GGI,NEDD8,gene,gene
DCTN3,GGI,NDUFB11,gene,gene
DCTN3,GGI,ATP6V1F,gene,gene
DCTN3,GGI,FIBP,gene,gene
DCTN3,GGI,ERGIC3,gene,gene
DCTN3,GGI,IDH3G,gene,gene
DCTN3,GGI,ATP6V0D1,gene,gene
DCTN3,GGI,SIRT2,gene,gene
DCTN3,GGI,AP2M1,gene,gene
DCTN3,GGI,CUTA,gene,gene
DCTN3,GGI,HSD17B10,gene,gene
DCTN3,GGI,BABAM1,gene,gene
DCTN3,GGI,CHCHD2,gene,gene
DCTN3,GGI,RRAGA,gene,gene
DCTN3,GGI,PSMB3,gene,gene
DCTN3,GGI,COX5B,gene,gene
DCTN3,GGI,ELOB,gene,gene
DCTN3,GGI,NDUFV1,gene,gene
DCTN3,GGI,PQBP1,gene,gene
DCTN3,GGI,PSMB7,gene,gene
DCTN3,GGI,COMMD9,gene,gene
DCTN3,GGI,PPP1R7,gene,gene
DCTN3,GGI,PPP1CA,gene,gene
DCTN3,GGI,EIF3K,gene,gene
DCTN3,GGI,CUEDC2,gene,gene
DCTN3,GGI,DCTN2,gene,gene
BLNK,GGI,CD180,gene,gene
BLNK,GGI,MS4A1,gene,gene
BLNK,GGI,POU2AF1,gene,gene
BLNK,GGI,CD19,gene,gene
BLNK,GGI,LY86,gene,gene
BLNK,GGI,COBLL1,gene,gene
BLNK,GGI,PAX5,gene,gene
BLNK,GGI,CD79A,gene,gene
BLNK,GGI,CD72,gene,gene
BLNK,GGI,TLR7,gene,gene
BLNK,GGI,STAP1,gene,gene
BLNK,GGI,TCL1A,gene,gene
BLNK,GGI,BANK1,gene,gene
BLNK,GGI,FGD2,gene,gene
BLNK,GGI,CD22,gene,gene
BLNK,GGI,IRF8,gene,gene
BLNK,GGI,KMO,gene,gene
BLNK,GGI,SYK,gene,gene
ABCD4,GGI,AP1G2,gene,gene
ABCD4,GGI,LMBR1L,gene,gene
ABCD4,GGI,METTL17,gene,gene
ABCD4,GGI,CDK10,gene,gene
ABCD4,GGI,ZNF76,gene,gene
ABCD4,GGI,ACBD4,gene,gene
ABCD4,GGI,OSGEP,gene,gene
ABCD4,GGI,COQ6,gene,gene
ABCD4,GGI,SDR39U1,gene,gene
ABCD4,GGI,TEP1,gene,gene
ABCD4,GGI,ANGEL1,gene,gene
ABCD4,GGI,UCKL1,gene,gene
ABCD4,GGI,SGSM2,gene,gene
COPG1,GGI,COPB2,gene,gene
COPG1,GGI,COPA,gene,gene
COPG1,GGI,SEC61A1,gene,gene
COPG1,GGI,SEC13,gene,gene
COPG1,GGI,TMEM39A,gene,gene
COPG1,GGI,TMEM214,gene,gene
COPG1,GGI,SEC24D,gene,gene
COPG1,GGI,SND1,gene,gene
COPG1,GGI,ARCN1,gene,gene
COPG1,GGI,SRPRA,gene,gene
COPG1,GGI,RPN1,gene,gene
COPG1,GGI,GMPPA,gene,gene
COPG1,GGI,SEC31A,gene,gene
COPG1,GGI,GFPT1,gene,gene
COPG1,GGI,GOLGA2,gene,gene
COPG1,GGI,HDLBP,gene,gene
COPG1,GGI,ARF4,gene,gene
COPG1,GGI,SLC33A1,gene,gene
COPG1,GGI,SEC23A,gene,gene
COPG1,GGI,PDXDC1,gene,gene
COPG1,GGI,PGM3,gene,gene
COPG1,GGI,GBF1,gene,gene
COPG1,GGI,SEC24C,gene,gene
COPG1,GGI,PRRC1,gene,gene
COPG1,GGI,COPB1,gene,gene
COPG1,GGI,GOLGA5,gene,gene
COPG1,GGI,P4HB,gene,gene
COPG1,GGI,MAGED1,gene,gene
COPG1,GGI,KDELR2,gene,gene
COPG1,GGI,GORASP2,gene,gene
COPG1,GGI,SRPRB,gene,gene
COPG1,GGI,LRRC59,gene,gene
COPG1,GGI,TFG,gene,gene
COPG1,GGI,HYOU1,gene,gene
COPG1,GGI,SEC23B,gene,gene
COPG1,GGI,GOLGA3,gene,gene
COPG1,GGI,STT3A,gene,gene
COPG1,GGI,SEC24A,gene,gene
COPG1,GGI,PDIA4,gene,gene
COPG1,GGI,YIPF2,gene,gene
COPG1,GGI,YIPF5,gene,gene
COPG1,GGI,ARL1,gene,gene
COPG1,GGI,HSPA5,gene,gene
COPG1,GGI,TRPC4AP,gene,gene
COPG1,GGI,MED8,gene,gene
COPG1,GGI,CALU,gene,gene
COPG1,GGI,SSR3,gene,gene
COPG1,GGI,KDELR3,gene,gene
COPG1,GGI,ARF1,gene,gene
COPG1,GGI,ARFGAP3,gene,gene
COPG1,GGI,ACO2,gene,gene
COPG1,GGI,ACBD3,gene,gene
COPG1,GGI,WIPI1,gene,gene
COPG1,GGI,PDIA5,gene,gene
COPG1,GGI,RUSF1,gene,gene
COPG1,GGI,FAM114A1,gene,gene
COPG1,GGI,FICD,gene,gene
COPG1,GGI,LMAN1,gene,gene
COPG1,GGI,GOSR2,gene,gene
COPG1,GGI,PREB,gene,gene
COPG1,GGI,SSR1,gene,gene
COPG1,GGI,ZFPL1,gene,gene
COPG1,GGI,SEC16A,gene,gene
COPG1,GGI,TMED9,gene,gene
COPG1,GGI,SEL1L,gene,gene
COPG1,GGI,ALDH18A1,gene,gene
COPG1,GGI,SRP54,gene,gene
COPG1,GGI,CUL7,gene,gene
COPG1,GGI,TM9SF4,gene,gene
COPG1,GGI,BET1L,gene,gene
COPG1,GGI,DDOST,gene,gene
COPG1,GGI,TMED2,gene,gene
COPG1,GGI,DHDDS,gene,gene
COPG1,GGI,CALR,gene,gene
COPG1,GGI,RRBP1,gene,gene
COPG1,GGI,PPIB,gene,gene
COPG1,GGI,YIPF3,gene,gene
COPG1,GGI,MYDGF,gene,gene
COPG1,GGI,COPE,gene,gene
COPG1,GGI,OSBP,gene,gene
COPG1,GGI,GOLGB1,gene,gene
COPG1,GGI,MIA3,gene,gene
COPG1,GGI,PDIA3,gene,gene
COPG1,GGI,TMF1,gene,gene
COPG1,GGI,ABCF3,gene,gene
COPG1,GGI,VPS39,gene,gene
COPG1,GGI,FNDC3B,gene,gene
COPG1,GGI,CREB3L2,gene,gene
COPG1,GGI,USO1,gene,gene
COPG1,GGI,GLB1,gene,gene
COPG1,GGI,GANAB,gene,gene
COPG1,GGI,AARS1,gene,gene
COPG1,GGI,CRELD2,gene,gene
COPG1,GGI,AP3D1,gene,gene
COPG1,GGI,PMM2,gene,gene
COPG1,GGI,RPN2,gene,gene
COPG1,GGI,PDIA6,gene,gene
COPG1,GGI,SLC35A2,gene,gene
COPG1,GGI,PIP4K2C,gene,gene
COPG1,GGI,SERP1,gene,gene
COPG1,GGI,HSP90B1,gene,gene
COPG1,GGI,SCFD1,gene,gene
COPG1,GGI,DAP,gene,gene
WRAP73,GGI,ZBTB48,gene,gene
WRAP73,GGI,INTS11,gene,gene
WRAP73,GGI,MIIP,gene,gene
WRAP73,GGI,PANK4,gene,gene
WRAP73,GGI,C1orf174,gene,gene
WRAP73,GGI,DHX16,gene,gene
WRAP73,GGI,NADK,gene,gene
WRAP73,GGI,LRRC47,gene,gene
WRAP73,GGI,RER1,gene,gene
WRAP73,GGI,THAP3,gene,gene
WRAP73,GGI,ZBTB17,gene,gene
WRAP73,GGI,CXXC1,gene,gene
WRAP73,GGI,SNRNP40,gene,gene
WRAP73,GGI,RPS6KA1,gene,gene
TBX2,GGI,TBX3,gene,gene
TBX2,GGI,FOXL1,gene,gene
TBX2,GGI,FOXF1,gene,gene
TBX2,GGI,FOXF2,gene,gene
ECM2,GGI,ASPN,gene,gene
ECM2,GGI,OMD,gene,gene
ECM2,GGI,OGN,gene,gene
ECM2,GGI,ASPA,gene,gene
ECM2,GGI,ABCA8,gene,gene
ECM2,GGI,HTR2B,gene,gene
ECM2,GGI,FMO3,gene,gene
ECM2,GGI,DPT,gene,gene
ECM2,GGI,ABCC9,gene,gene
ECM2,GGI,SFRP4,gene,gene
C3,GGI,CFB,gene,gene
C3,GGI,C1S,gene,gene
C3,GGI,C1R,gene,gene
C3,GGI,ICAM1,gene,gene
C3,GGI,SOD2,gene,gene
C3,GGI,TNFAIP2,gene,gene
C3,GGI,CP,gene,gene
PCBP4,GGI,PARP3,gene,gene
PCBP4,GGI,ABHD14A,gene,gene
KIF4A,GGI,TPX2,gene,gene
KIF4A,GGI,DLGAP5,gene,gene
KIF4A,GGI,KIF2C,gene,gene
KIF4A,GGI,KIF20A,gene,gene
KIF4A,GGI,TOP2A,gene,gene
KIF4A,GGI,BUB1B,gene,gene
KIF4A,GGI,NCAPG,gene,gene
KIF4A,GGI,HJURP,gene,gene
KIF4A,GGI,BUB1,gene,gene
KIF4A,GGI,CENPF,gene,gene
KIF4A,GGI,NEK2,gene,gene
KIF4A,GGI,MKI67,gene,gene
KIF4A,GGI,NCAPH,gene,gene
KIF4A,GGI,CCNB2,gene,gene
KIF4A,GGI,ASPM,gene,gene
KIF4A,GGI,GTSE1,gene,gene
KIF4A,GGI,CDCA8,gene,gene
KIF4A,GGI,KIF14,gene,gene
KIF4A,GGI,KIF23,gene,gene
KIF4A,GGI,CCNB1,gene,gene
KIF4A,GGI,PLK1,gene,gene
KIF4A,GGI,CDC25C,gene,gene
KIF4A,GGI,TTK,gene,gene
KIF4A,GGI,CDC20,gene,gene
KIF4A,GGI,PRC1,gene,gene
KIF4A,GGI,SPAG5,gene,gene
KIF4A,GGI,KIF15,gene,gene
KIF4A,GGI,KIF11,gene,gene
KIF4A,GGI,KIFC1,gene,gene
KIF4A,GGI,BIRC5,gene,gene
KIF4A,GGI,CEP55,gene,gene
KIF4A,GGI,KNL1,gene,gene
KIF4A,GGI,NDC80,gene,gene
KIF4A,GGI,HMMR,gene,gene
KIF4A,GGI,CIT,gene,gene
KIF4A,GGI,CENPA,gene,gene
KIF4A,GGI,NUSAP1,gene,gene
KIF4A,GGI,DEPDC1,gene,gene
KIF4A,GGI,FOXM1,gene,gene
KIF4A,GGI,UBE2C,gene,gene
KIF4A,GGI,SPC25,gene,gene
KIF4A,GGI,CENPE,gene,gene
KIF4A,GGI,AURKA,gene,gene
KIF4A,GGI,RACGAP1,gene,gene
KIF4A,GGI,CCNA2,gene,gene
KIF4A,GGI,CENPI,gene,gene
KIF4A,GGI,MELK,gene,gene
KIF4A,GGI,SKA1,gene,gene
KIF4A,GGI,PBK,gene,gene
KIF4A,GGI,CDCA3,gene,gene
KIF4A,GGI,SHCBP1,gene,gene
KIF4A,GGI,AURKB,gene,gene
KIF4A,GGI,PRR11,gene,gene
KIF4A,GGI,TROAP,gene,gene
KIF4A,GGI,ZWINT,gene,gene
KIF4A,GGI,CDK1,gene,gene
KIF4A,GGI,ERCC6L,gene,gene
KIF4A,GGI,RRM2,gene,gene
KIF4A,GGI,POLQ,gene,gene
KIF4A,GGI,CDKN3,gene,gene
KIF4A,GGI,PTTG1,gene,gene
KIF4A,GGI,KIF18A,gene,gene
KIF4A,GGI,KIF18B,gene,gene
KIF4A,GGI,PIMREG,gene,gene
KIF4A,GGI,CCNF,gene,gene
KIF4A,GGI,NEIL3,gene,gene
KIF4A,GGI,ESPL1,gene,gene
KIF4A,GGI,ARHGAP11A,gene,gene
KIF4A,GGI,DIAPH3,gene,gene
KIF4A,GGI,EXO1,gene,gene
KIF4A,GGI,MYBL2,gene,gene
KIF4A,GGI,FANCI,gene,gene
KIF4A,GGI,TRIP13,gene,gene
KIF4A,GGI,MCM10,gene,gene
KIF4A,GGI,STIL,gene,gene
KIF4A,GGI,CLSPN,gene,gene
KIF4A,GGI,PLK4,gene,gene
KIF4A,GGI,CDC45,gene,gene
KIF4A,GGI,MAD2L1,gene,gene
KIF4A,GGI,TK1,gene,gene
KIF4A,GGI,OIP5,gene,gene
KIF4A,GGI,DTL,gene,gene
KIF4A,GGI,PCLAF,gene,gene
KIF4A,GGI,E2F8,gene,gene
KIF4A,GGI,CKAP5,gene,gene
KIF4A,GGI,NCAPG2,gene,gene
KIF4A,GGI,INCENP,gene,gene
KIF4A,GGI,TYMS,gene,gene
KIF4A,GGI,TACC3,gene,gene
KIF4A,GGI,CHEK1,gene,gene
KIF4A,GGI,RAD51,gene,gene
KIF4A,GGI,ECT2,gene,gene
KIF4A,GGI,KPNA2,gene,gene
KIF4A,GGI,RAD51AP1,gene,gene
KIF4A,GGI,TRAIP,gene,gene
KIF4A,GGI,GPSM2,gene,gene
KIF4A,GGI,CKAP2,gene,gene
KIF4A,GGI,ORC1,gene,gene
KIF4A,GGI,PSRC1,gene,gene
KIF4A,GGI,KIF24,gene,gene
KIF4A,GGI,HMGB3,gene,gene
KIF4A,GGI,CDC6,gene,gene
KIF4A,GGI,SMC4,gene,gene
KIF4A,GGI,NCAPD2,gene,gene
KIF4A,GGI,CDC25A,gene,gene
KIF4A,GGI,RAD54L,gene,gene
KIF4A,GGI,PKMYT1,gene,gene
GLUD1,GGI,SHLD2,gene,gene
GLUD1,GGI,GHITM,gene,gene
GLUD1,GGI,PRDX3,gene,gene
GLUD1,GGI,HADHA,gene,gene
GLUD1,GGI,HADHB,gene,gene
GLUD1,GGI,TM9SF3,gene,gene
GLUD1,GGI,GDI2,gene,gene
GLUD1,GGI,ATP5F1B,gene,gene
GLUD1,GGI,ALDH6A1,gene,gene
GLUD1,GGI,MCMBP,gene,gene
LCMT2,GGI,MOCS3,gene,gene
LCMT2,GGI,RPUSD2,gene,gene
LCMT2,GGI,CSTF2T,gene,gene
LCMT2,GGI,TOE1,gene,gene
LCMT2,GGI,IMP3,gene,gene
LCMT2,GGI,PEX12,gene,gene
LCMT2,GGI,URB2,gene,gene
LCMT2,GGI,MIS12,gene,gene
LCMT2,GGI,DOLK,gene,gene
LCMT2,GGI,IFT70A,gene,gene
LCMT2,GGI,INTS5,gene,gene
LCMT2,GGI,EXO5,gene,gene
LCMT2,GGI,UMPS,gene,gene
LCMT2,GGI,ELAC1,gene,gene
LCMT2,GGI,SMG8,gene,gene
LCMT2,GGI,AFG2B,gene,gene
LCMT2,GGI,PPP1R10,gene,gene
LCMT2,GGI,MFAP1,gene,gene
LCMT2,GGI,ZNF557,gene,gene
LCMT2,GGI,MRM2,gene,gene
LCMT2,GGI,INTS14,gene,gene
LCMT2,GGI,CCDC71,gene,gene
CHI3L1,GGI,MYBPH,gene,gene
CHI3L1,GGI,CHIT1,gene,gene
CHI3L1,GGI,ADORA1,gene,gene
CHI3L1,GGI,AQP9,gene,gene
CHI3L1,GGI,MMP9,gene,gene
CHI3L1,GGI,CHI3L2,gene,gene
ORC2,GGI,GTF3C3,gene,gene
ORC2,GGI,NIF3L1,gene,gene
ORC2,GGI,ANAPC1,gene,gene
ORC2,GGI,PTCD3,gene,gene
ORC2,GGI,WDR12,gene,gene
ORC2,GGI,INTS8,gene,gene
ORC2,GGI,FASTKD1,gene,gene
ORC2,GGI,NDUFAF7,gene,gene
ORC2,GGI,GART,gene,gene
ORC2,GGI,PARN,gene,gene
ORC2,GGI,NUP43,gene,gene
ORC2,GGI,TTC21B,gene,gene
ORC2,GGI,FASTKD2,gene,gene
ORC2,GGI,DCAF17,gene,gene
ORC2,GGI,RPE,gene,gene
ORC2,GGI,ORC4,gene,gene
ZNF549,GGI,ZNF134,gene,gene
ZNF549,GGI,ZNF304,gene,gene
ZNF549,GGI,ZNF551,gene,gene
ZNF549,GGI,ZNF550,gene,gene
ZNF549,GGI,ZNF329,gene,gene
ZNF549,GGI,ZNF211,gene,gene
ZNF549,GGI,ZNF606,gene,gene
ZNF549,GGI,ZNF155,gene,gene
ZNF549,GGI,ZNF528,gene,gene
ZNF549,GGI,ZNF671,gene,gene
ZNF549,GGI,ZNF613,gene,gene
ZNF549,GGI,ZNF614,gene,gene
ZNF549,GGI,ZNF264,gene,gene
ZNF549,GGI,ZNF45,gene,gene
ZNF549,GGI,ZNF223,gene,gene
ZNF549,GGI,ZNF225,gene,gene
ZNF549,GGI,ZNF235,gene,gene
ZNF549,GGI,ZNF268,gene,gene
ZNF549,GGI,ZNF227,gene,gene
ZNF549,GGI,ZNF571,gene,gene
ZNF549,GGI,ZNF813,gene,gene
ZNF549,GGI,ZNF350,gene,gene
ZNF549,GGI,ZNF274,gene,gene
ZNF549,GGI,ZNF234,gene,gene
ZNF549,GGI,ZNF816,gene,gene
ZNF549,GGI,ZNF14,gene,gene
ZNF549,GGI,ZNF136,gene,gene
ZNF549,GGI,ZNF426,gene,gene
ZNF549,GGI,ZNF701,gene,gene
ZNF549,GGI,ZNF749,gene,gene
ZNF549,GGI,ZNF611,gene,gene
ZNF549,GGI,ZNF468,gene,gene
ZNF549,GGI,ZNF432,gene,gene
ZNF549,GGI,ZNF154,gene,gene
ZNF549,GGI,ZFP30,gene,gene
ZNF549,GGI,ZNF814,gene,gene
ZNF549,GGI,ZNF84,gene,gene
ZNF549,GGI,ZNF10,gene,gene
ZNF549,GGI,ZNF221,gene,gene
ZNF549,GGI,ZNF471,gene,gene
ZNF549,GGI,ZNF667,gene,gene
ZNF549,GGI,ZNF180,gene,gene
ZNF549,GGI,ZNF266,gene,gene
ZNF549,GGI,ZNF112,gene,gene
ZNF549,GGI,ZNF586,gene,gene
ZNF549,GGI,ZNF506,gene,gene
ZNF549,GGI,ZNF132,gene,gene
ZNF549,GGI,ZNF160,gene,gene
ZNF549,GGI,ZNF331,gene,gene
ZNF549,GGI,ZKSCAN4,gene,gene
ZNF549,GGI,ZNF510,gene,gene
ZNF549,GGI,ZNF224,gene,gene
ZNF549,GGI,ZNF665,gene,gene
ZNF549,GGI,ZNF573,gene,gene
ZNF549,GGI,ZNF415,gene,gene
ZNF549,GGI,ZNF669,gene,gene
ZNF549,GGI,ZNF8,gene,gene
ZNF549,GGI,ZNF442,gene,gene
ZNF549,GGI,ZNF557,gene,gene
ZNF549,GGI,ZNF480,gene,gene
ZNF549,GGI,ZNF682,gene,gene
ZNF549,GGI,ZNF552,gene,gene
ZNF549,GGI,ZNF226,gene,gene
ZNF549,GGI,ZNF16,gene,gene
ZNF549,GGI,ZNF440,gene,gene
ZNF549,GGI,EXO5,gene,gene
ZNF549,GGI,ZNF544,gene,gene
GPR22,GGI,OMG,gene,gene
GPR22,GGI,ANGPTL3,gene,gene
GPR22,GGI,B3GALT2,gene,gene
GPR22,GGI,PLN,gene,gene
GPR22,GGI,HTR2B,gene,gene
GPR22,GGI,OMD,gene,gene
GPR22,GGI,GPR18,gene,gene
TKT,GGI,G6PD,gene,gene
TKT,GGI,PGD,gene,gene
TKT,GGI,TALDO1,gene,gene
TKT,GGI,IMPDH2,gene,gene
TKT,GGI,TXNRD1,gene,gene
TKT,GGI,NQO1,gene,gene
TKT,GGI,LTA4H,gene,gene
TKT,GGI,EEF2,gene,gene
TKT,GGI,GSR,gene,gene
TKT,GGI,PIR,gene,gene
TKT,GGI,QARS1,gene,gene
TKT,GGI,FTL,gene,gene
TKT,GGI,SLC25A6,gene,gene
TKT,GGI,POR,gene,gene
TKT,GGI,AHCY,gene,gene
TKT,GGI,RACK1,gene,gene
TKT,GGI,TRIM16,gene,gene
TKT,GGI,TWF2,gene,gene
TKT,GGI,HADHA,gene,gene
TKT,GGI,SCD,gene,gene
TKT,GGI,MID1IP1,gene,gene
TKT,GGI,IMPA2,gene,gene
TKT,GGI,GPI,gene,gene
TKT,GGI,PABPC1,gene,gene
TKT,GGI,FASN,gene,gene
FBXO4,GGI,CCT6B,gene,gene
FBXO4,GGI,OXCT1,gene,gene
FBXO4,GGI,SRR,gene,gene
FBXO4,GGI,TMEM267,gene,gene
FBXO4,GGI,ELAC1,gene,gene
FBXO4,GGI,YEATS4,gene,gene
FBXO4,GGI,RWDD2B,gene,gene
ADAM19,GGI,ST3GAL2,gene,gene
TCF20,GGI,ZBED4,gene,gene
TCF20,GGI,EP300,gene,gene
TCF20,GGI,TNRC6B,gene,gene
TCF20,GGI,PRR14L,gene,gene
TCF20,GGI,ZNF609,gene,gene
TCF20,GGI,HIRA,gene,gene
TCF20,GGI,MTMR3,gene,gene
TCF20,GGI,BRD1,gene,gene
TCF20,GGI,BCR,gene,gene
TCF20,GGI,CABIN1,gene,gene
TCF20,GGI,SREBF2,gene,gene
TCF20,GGI,NUP50,gene,gene
TCF20,GGI,BRD4,gene,gene
TCF20,GGI,SPEN,gene,gene
TCF20,GGI,TAF4,gene,gene
TCF20,GGI,ZC3H7B,gene,gene
TCF20,GGI,CHD8,gene,gene
TCF20,GGI,NCOA6,gene,gene
TCF20,GGI,CREBBP,gene,gene
SMAD5,GGI,PRRC1,gene,gene
SMAD5,GGI,ZBTB33,gene,gene
SMAD5,GGI,SREK1IP1,gene,gene
SMAD5,GGI,AFF4,gene,gene
SMAD5,GGI,PURA,gene,gene
SMAD5,GGI,CSNK1G3,gene,gene
SMAD5,GGI,TMED7,gene,gene
SMAD5,GGI,MFAP3,gene,gene
SMAD5,GGI,FRS2,gene,gene
SMAD5,GGI,PANK3,gene,gene
SMAD5,GGI,ZKSCAN8,gene,gene
TMEM223,GGI,MRPS34,gene,gene
TMEM223,GGI,MRPL57,gene,gene
TMEM223,GGI,COA4,gene,gene
TMEM223,GGI,MRPL34,gene,gene
TMEM223,GGI,MRPL17,gene,gene
TMEM223,GGI,IMP3,gene,gene
TMEM223,GGI,MRPL16,gene,gene
TMEM223,GGI,BOLA1,gene,gene
TMEM223,GGI,MRPL58,gene,gene
TMEM223,GGI,MRPL12,gene,gene
TMEM223,GGI,NIF3L1,gene,gene
TMEM223,GGI,OXLD1,gene,gene
TMEM223,GGI,ZNRD2,gene,gene
TMEM223,GGI,COA3,gene,gene
TMEM223,GGI,NDUFS8,gene,gene
TMEM223,GGI,SDHAF1,gene,gene
TMEM223,GGI,THAP11,gene,gene
TMEM223,GGI,ZNHIT2,gene,gene
TMEM223,GGI,TAF6L,gene,gene
TMEM223,GGI,ATP5MC1,gene,gene
TMEM223,GGI,YIF1A,gene,gene
TMEM223,GGI,WDR74,gene,gene
TMEM223,GGI,MRPL46,gene,gene
TMEM223,GGI,TMX2,gene,gene
TMEM223,GGI,MRPL11,gene,gene
TMEM223,GGI,NDUFAF3,gene,gene
CYP2C8,GGI,ALB,gene,gene
CYP2C8,GGI,CYP2C9,gene,gene
CYP2C8,GGI,CYP2C19,gene,gene
POLR3C,GGI,RNF115,gene,gene
POLR3C,GGI,MRPL9,gene,gene
POLR3C,GGI,SCNM1,gene,gene
POLR3C,GGI,NVL,gene,gene
POLR3C,GGI,UTP25,gene,gene
POLR3C,GGI,SETDB1,gene,gene
POLR3C,GGI,PRPF3,gene,gene
POLR3C,GGI,DAP3,gene,gene
POLR3C,GGI,PSMD4,gene,gene
POLR3C,GGI,YY1AP1,gene,gene
POLR3C,GGI,UTP14A,gene,gene
POLR3C,GGI,VPS72,gene,gene
POLR3C,GGI,DUSP12,gene,gene
POLR3C,GGI,NFX1,gene,gene
POLR3C,GGI,UBAP2L,gene,gene
POLR3C,GGI,SF3B4,gene,gene
POLR3C,GGI,FLAD1,gene,gene
POLR3C,GGI,POGK,gene,gene
POLR3C,GGI,GON4L,gene,gene
POLR3C,GGI,HAX1,gene,gene
POLR3C,GGI,GPATCH1,gene,gene
POLR3C,GGI,ILF2,gene,gene
POLR3C,GGI,ATF6,gene,gene
POLR3C,GGI,SCYL3,gene,gene
POLR3C,GGI,PI4KB,gene,gene
POLR3C,GGI,TTC4,gene,gene
POLR3C,GGI,UBE2Q1,gene,gene
POLR3C,GGI,BLZF1,gene,gene
POLR3C,GGI,DCAF4,gene,gene
POLR3C,GGI,NOL10,gene,gene
POLR3C,GGI,PRCC,gene,gene
POLR3C,GGI,THOC5,gene,gene
POLR3C,GGI,CCT3,gene,gene
PBX2,GGI,AGER,gene,gene
PBX2,GGI,MSL1,gene,gene
PBX2,GGI,RGL2,gene,gene
PBX2,GGI,AGPAT1,gene,gene
PBX2,GGI,ATF6B,gene,gene
PBX2,GGI,RXRB,gene,gene
PBX2,GGI,PRRC2A,gene,gene
PBX2,GGI,RING1,gene,gene
PBX2,GGI,ANP32A,gene,gene
PBX2,GGI,PHF21A,gene,gene
PBX2,GGI,ZFAND3,gene,gene
PBX2,GGI,GTF2H4,gene,gene
PBX2,GGI,PHF1,gene,gene
PBX2,GGI,GPSM3,gene,gene
PBX2,GGI,ZBTB22,gene,gene
PBX2,GGI,ERF,gene,gene
PBX2,GGI,FLOT1,gene,gene
PBX2,GGI,ZNF467,gene,gene
PBX2,GGI,C6orf47,gene,gene
PBX2,GGI,STAT6,gene,gene
PBX2,GGI,BAG6,gene,gene
OPRD1,GGI,KREMEN2,gene,gene
AP4M1,GGI,IFT22,gene,gene
AP4M1,GGI,MCM7,gene,gene
AP4M1,GGI,CNPY4,gene,gene
AP4M1,GGI,DALRD3,gene,gene
AP4M1,GGI,WDR13,gene,gene
AP4M1,GGI,ARPC1A,gene,gene
AP4M1,GGI,ZNF3,gene,gene
AP4M1,GGI,ZNHIT1,gene,gene
AP4M1,GGI,RFXANK,gene,gene
RSL1D1,GGI,WDR43,gene,gene
RSL1D1,GGI,EIF3M,gene,gene
RSL1D1,GGI,UTP14A,gene,gene
RSL1D1,GGI,EIF3H,gene,gene
RSL1D1,GGI,EIF3E,gene,gene
RSL1D1,GGI,EIF3D,gene,gene
RSL1D1,GGI,RPL5,gene,gene
RSL1D1,GGI,RPL14,gene,gene
RSL1D1,GGI,RPL6,gene,gene
RSL1D1,GGI,BTF3,gene,gene
RSL1D1,GGI,EIF4B,gene,gene
RSL1D1,GGI,EIF3L,gene,gene
RSL1D1,GGI,EIF2S3,gene,gene
RSL1D1,GGI,RACK1,gene,gene
RSL1D1,GGI,NSA2,gene,gene
RSL1D1,GGI,NCL,gene,gene
RSL1D1,GGI,RPS4X,gene,gene
RSL1D1,GGI,GNL3,gene,gene
RSL1D1,GGI,PABPC1,gene,gene
RSL1D1,GGI,RPS6,gene,gene
RSL1D1,GGI,ZC3H15,gene,gene
RSL1D1,GGI,NOLC1,gene,gene
RSL1D1,GGI,RPL12,gene,gene
RSL1D1,GGI,RPS2,gene,gene
RSL1D1,GGI,RPL7,gene,gene
RSL1D1,GGI,NACA,gene,gene
RSL1D1,GGI,EEF2,gene,gene
RSL1D1,GGI,CCDC59,gene,gene
RSL1D1,GGI,COPS2,gene,gene
RSL1D1,GGI,RPL23A,gene,gene
RSL1D1,GGI,TAF1D,gene,gene
RSL1D1,GGI,NAP1L1,gene,gene
RSL1D1,GGI,POLR1E,gene,gene
RSL1D1,GGI,DDX21,gene,gene
RSL1D1,GGI,RPL18,gene,gene
RSL1D1,GGI,EIF3G,gene,gene
RSL1D1,GGI,SDAD1,gene,gene
RSL1D1,GGI,SRP72,gene,gene
RSL1D1,GGI,APEX1,gene,gene
RSL1D1,GGI,RPL19,gene,gene
RSL1D1,GGI,EIF3A,gene,gene
RSL1D1,GGI,NPM1,gene,gene
RSL1D1,GGI,RNPS1,gene,gene
RSL1D1,GGI,MPHOSPH10,gene,gene
RSL1D1,GGI,RPS13,gene,gene
RSL1D1,GGI,ABCE1,gene,gene
RSL1D1,GGI,GNL2,gene,gene
RSL1D1,GGI,RSL24D1,gene,gene
RSL1D1,GGI,PA2G4,gene,gene
RSL1D1,GGI,IGBP1,gene,gene
RSL1D1,GGI,DDX18,gene,gene
RSL1D1,GGI,WDR74,gene,gene
RSL1D1,GGI,RPL3,gene,gene
RSL1D1,GGI,TOMM20,gene,gene
RSL1D1,GGI,SET,gene,gene
RSL1D1,GGI,GSPT1,gene,gene
RSL1D1,GGI,NOP14,gene,gene
RSL1D1,GGI,RPL10A,gene,gene
RSL1D1,GGI,KARS1,gene,gene
RSL1D1,GGI,HSP90AB1,gene,gene
RSL1D1,GGI,DNAJC2,gene,gene
RSL1D1,GGI,BFAR,gene,gene
RSL1D1,GGI,DDX10,gene,gene
RSL1D1,GGI,RPL4,gene,gene
RSL1D1,GGI,OXA1L,gene,gene
RSL1D1,GGI,RPL24,gene,gene
RSL1D1,GGI,METAP2,gene,gene
RSL1D1,GGI,UQCRC2,gene,gene
RSL1D1,GGI,EEF1A1,gene,gene
RSL1D1,GGI,RPL17,gene,gene
RSL1D1,GGI,RPS24,gene,gene
RSL1D1,GGI,RPS15A,gene,gene
RSL1D1,GGI,IMPDH2,gene,gene
RSL1D1,GGI,OLA1,gene,gene
RSL1D1,GGI,THG1L,gene,gene
RSL1D1,GGI,NAA15,gene,gene
RSL1D1,GGI,RPL11,gene,gene
RSL1D1,GGI,RPL10,gene,gene
RSL1D1,GGI,RPS17,gene,gene
RSL1D1,GGI,RPS15,gene,gene
RSL1D1,GGI,CEBPZ,gene,gene
RSL1D1,GGI,HSPD1,gene,gene
RSL1D1,GGI,RPL13A,gene,gene
RSL1D1,GGI,ST13,gene,gene
RSL1D1,GGI,RPS8,gene,gene
RSL1D1,GGI,CCDC86,gene,gene
RSL1D1,GGI,TSR1,gene,gene
RSL1D1,GGI,RPL8,gene,gene
RSL1D1,GGI,RPL22,gene,gene
RSL1D1,GGI,CNBP,gene,gene
RSL1D1,GGI,RPL9,gene,gene
RSL1D1,GGI,RPS7,gene,gene
RSL1D1,GGI,RPS3A,gene,gene
RSL1D1,GGI,RPL35A,gene,gene
RSL1D1,GGI,IPO7,gene,gene
RSL1D1,GGI,TIMM9,gene,gene
RSL1D1,GGI,IMP4,gene,gene
RSL1D1,GGI,RPL7A,gene,gene
RSL1D1,GGI,AIMP1,gene,gene
RSL1D1,GGI,RPS25,gene,gene
RSL1D1,GGI,MRPS2,gene,gene
RSL1D1,GGI,TRAP1,gene,gene
RSL1D1,GGI,RPS23,gene,gene
RSL1D1,GGI,MAK16,gene,gene
RSL1D1,GGI,PAICS,gene,gene
RSL1D1,GGI,ESF1,gene,gene
RSL1D1,GGI,SLC25A6,gene,gene
RSL1D1,GGI,RPL38,gene,gene
RSL1D1,GGI,GDI2,gene,gene
RSL1D1,GGI,MRPS27,gene,gene
RSL1D1,GGI,PUM3,gene,gene
RSL1D1,GGI,NOP53,gene,gene
RSL1D1,GGI,RPS3,gene,gene
RSL1D1,GGI,HNRNPA1,gene,gene
RSL1D1,GGI,DARS1,gene,gene
RSL1D1,GGI,CCT4,gene,gene
RSL1D1,GGI,PABPC4,gene,gene
RSL1D1,GGI,TXLNG,gene,gene
RSL1D1,GGI,WDR3,gene,gene
RSL1D1,GGI,RBM34,gene,gene
RSL1D1,GGI,HSPA9,gene,gene
RSL1D1,GGI,LRPPRC,gene,gene
RSL1D1,GGI,RPLP2,gene,gene
RSL1D1,GGI,PHB2,gene,gene
RSL1D1,GGI,CLNS1A,gene,gene
RSL1D1,GGI,RPL30,gene,gene
RSL1D1,GGI,SSB,gene,gene
RSL1D1,GGI,RRN3,gene,gene
RSL1D1,GGI,RPL26,gene,gene
RSL1D1,GGI,RBMX,gene,gene
RSL1D1,GGI,RPLP0,gene,gene
RSL1D1,GGI,DNTTIP2,gene,gene
RSL1D1,GGI,NOL8,gene,gene
RSL1D1,GGI,RPL36A,gene,gene
RSL1D1,GGI,EIF5B,gene,gene
RSL1D1,GGI,DKC1,gene,gene
RSL1D1,GGI,RPL34,gene,gene
RSL1D1,GGI,TPT1,gene,gene
RSL1D1,GGI,RIOK2,gene,gene
RSL1D1,GGI,RPL27A,gene,gene
RSL1D1,GGI,SNW1,gene,gene
RSL1D1,GGI,RPL36,gene,gene
RSL1D1,GGI,PAK1IP1,gene,gene
RSL1D1,GGI,NOP56,gene,gene
RSL1D1,GGI,USP10,gene,gene
RSL1D1,GGI,GTPBP4,gene,gene
RSL1D1,GGI,RPL29,gene,gene
RSL1D1,GGI,RPL35,gene,gene
RSL1D1,GGI,PES1,gene,gene
RSL1D1,GGI,RPS5,gene,gene
RSL1D1,GGI,NLE1,gene,gene
RSL1D1,GGI,RPL21,gene,gene
RSL1D1,GGI,EIF3J,gene,gene
RSL1D1,GGI,ZFAND1,gene,gene
RSL1D1,GGI,LTA4H,gene,gene
RSL1D1,GGI,NIP7,gene,gene
RSL1D1,GGI,DPH5,gene,gene
RSL1D1,GGI,DDX27,gene,gene
RSL1D1,GGI,RPL28,gene,gene
RSL1D1,GGI,AATF,gene,gene
RSL1D1,GGI,THUMPD1,gene,gene
RSL1D1,GGI,VDAC2,gene,gene
RSL1D1,GGI,NONO,gene,gene
RSL1D1,GGI,RPL15,gene,gene
RSL1D1,GGI,CCT8,gene,gene
RSL1D1,GGI,TRMT1,gene,gene
VPS11,GGI,HINFP,gene,gene
VPS11,GGI,KAT5,gene,gene
VPS11,GGI,UBE4A,gene,gene
VPS11,GGI,ARFGAP2,gene,gene
VPS11,GGI,ATG13,gene,gene
VPS11,GGI,DPF2,gene,gene
VPS11,GGI,COMMD9,gene,gene
VPS11,GGI,NFRKB,gene,gene
VPS11,GGI,QRICH1,gene,gene
VPS11,GGI,DPAGT1,gene,gene
VPS11,GGI,TPP1,gene,gene
VPS11,GGI,EXOSC10,gene,gene
VPS11,GGI,KAT7,gene,gene
VPS11,GGI,DDB1,gene,gene
VPS11,GGI,DDX41,gene,gene
VPS11,GGI,CRY2,gene,gene
VPS11,GGI,ZFYVE26,gene,gene
VPS11,GGI,GPKOW,gene,gene
VPS11,GGI,NUMA1,gene,gene
VPS11,GGI,IDH3G,gene,gene
VPS11,GGI,VPS39,gene,gene
VPS11,GGI,MADD,gene,gene
VPS11,GGI,XAB2,gene,gene
VPS11,GGI,MRPL49,gene,gene
VPS11,GGI,INPP5K,gene,gene
VPS11,GGI,ZPR1,gene,gene
VPS11,GGI,TSC1,gene,gene
VPS11,GGI,OXA1L,gene,gene
VPS11,GGI,GPATCH3,gene,gene
VPS11,GGI,ABCF3,gene,gene
VPS11,GGI,BBS1,gene,gene
VPS11,GGI,KBTBD4,gene,gene
IL15,GGI,APOL3,gene,gene
IL15,GGI,APOL1,gene,gene
IL15,GGI,APOL6,gene,gene
IL15,GGI,PSMB9,gene,gene
IL15,GGI,RTP4,gene,gene
IL15,GGI,GBP1,gene,gene
IL15,GGI,PLAAT4,gene,gene
IL15,GGI,CASP7,gene,gene
IL15,GGI,BTN3A3,gene,gene
IL15,GGI,HLA-F,gene,gene
DNAJC7,GGI,PSMC1,gene,gene
DNAJC7,GGI,DDX52,gene,gene
DNAJC7,GGI,HSPA4,gene,gene
DNAJC7,GGI,IK,gene,gene
DNAJC7,GGI,PSMD11,gene,gene
DNAJC7,GGI,PSMD1,gene,gene
DNAJC7,GGI,SNW1,gene,gene
DNAJC7,GGI,PSMD12,gene,gene
DNAJC7,GGI,AATF,gene,gene
DNAJC7,GGI,SLTM,gene,gene
DNAJC7,GGI,BCCIP,gene,gene
DNAJC7,GGI,SUPT6H,gene,gene
DNAJC7,GGI,PSMC5,gene,gene
DNAJC7,GGI,CCT6A,gene,gene
DNAJC7,GGI,UTP18,gene,gene
DNAJC7,GGI,HARS1,gene,gene
DNAJC7,GGI,BECN1,gene,gene
DNAJC7,GGI,DHX8,gene,gene
DNAJC7,GGI,GTF2F1,gene,gene
DNAJC7,GGI,PSMD3,gene,gene
DNAJC7,GGI,FTSJ3,gene,gene
DNAJC7,GGI,PSMD7,gene,gene
DNAJC7,GGI,PPID,gene,gene
DNAJC7,GGI,GGNBP2,gene,gene
DNAJC7,GGI,PSMB7,gene,gene
DNAJC7,GGI,CCDC47,gene,gene
DNAJC7,GGI,NCL,gene,gene
DNAJC7,GGI,MRPS22,gene,gene
DNAJC7,GGI,UTP6,gene,gene
DNAJC7,GGI,HNRNPA2B1,gene,gene
DNAJC7,GGI,KPNB1,gene,gene
DNAJC7,GGI,PSME3,gene,gene
DNAJC7,GGI,HNRNPM,gene,gene
DNAJC7,GGI,CDK12,gene,gene
DNAJC7,GGI,UTP14A,gene,gene
DNAJC7,GGI,TTC1,gene,gene
DNAJC7,GGI,ETF1,gene,gene
DNAJC7,GGI,NMT1,gene,gene
DNAJC7,GGI,TCP1,gene,gene
DNAJC7,GGI,BMS1,gene,gene
DNAJC7,GGI,TAF15,gene,gene
DNAJC7,GGI,RBM34,gene,gene
DNAJC7,GGI,DDX1,gene,gene
DNAJC7,GGI,SSB,gene,gene
DNAJC7,GGI,CDC123,gene,gene
DNAJC7,GGI,NUDC,gene,gene
DNAJC7,GGI,PRPF40A,gene,gene
DNAJC7,GGI,PSMA1,gene,gene
DNAJC7,GGI,HSPA9,gene,gene
DNAJC7,GGI,IDH3B,gene,gene
DNAJC7,GGI,ECPAS,gene,gene
DNAJC7,GGI,PSMC3,gene,gene
DNAJC7,GGI,PFDN1,gene,gene
DNAJC7,GGI,DHX29,gene,gene
DNAJC7,GGI,RARS1,gene,gene
DNAJC7,GGI,MFAP1,gene,gene
NDFIP1,GGI,TXNDC15,gene,gene
NDFIP1,GGI,SAR1B,gene,gene
NDFIP1,GGI,ATP6AP2,gene,gene
NDFIP1,GGI,RAB2A,gene,gene
NDFIP1,GGI,RNF14,gene,gene
NDFIP1,GGI,UBE2D2,gene,gene
NDFIP1,GGI,ACTR10,gene,gene
NDFIP1,GGI,TMED7,gene,gene
NDFIP1,GGI,IL6ST,gene,gene
NDFIP1,GGI,UBE2B,gene,gene
NDFIP1,GGI,YIPF5,gene,gene
NDFIP1,GGI,SERINC1,gene,gene
NDFIP1,GGI,ARL2BP,gene,gene
NDFIP1,GGI,TSPAN3,gene,gene
NDFIP1,GGI,SEC62,gene,gene
NDFIP1,GGI,LMBRD1,gene,gene
NDFIP1,GGI,ITFG1,gene,gene
NDFIP1,GGI,SARAF,gene,gene
NDFIP1,GGI,PPP2CA,gene,gene
NDFIP1,GGI,FAM114A2,gene,gene
FAM171A1,GGI,NMT2,gene,gene
FAM171A1,GGI,APBA2,gene,gene
CBX4,GGI,CBX8,gene,gene
CBX4,GGI,MEF2D,gene,gene
YRDC,GGI,DPH2,gene,gene
YRDC,GGI,AKIRIN1,gene,gene
YRDC,GGI,ATP6V0B,gene,gene
YRDC,GGI,NIP7,gene,gene
YRDC,GGI,COQ10B,gene,gene
YRDC,GGI,GRPEL1,gene,gene
YRDC,GGI,ZPR1,gene,gene
YRDC,GGI,AIRIM,gene,gene
YRDC,GGI,MRTO4,gene,gene
YRDC,GGI,SLC25A32,gene,gene
YRDC,GGI,TOE1,gene,gene
YRDC,GGI,YTHDF2,gene,gene
YRDC,GGI,ELOA,gene,gene
YRDC,GGI,PLK3,gene,gene
YRDC,GGI,SNIP1,gene,gene
YRDC,GGI,MAFF,gene,gene
YRDC,GGI,AEN,gene,gene
YRDC,GGI,BYSL,gene,gene
YRDC,GGI,PNO1,gene,gene
YRDC,GGI,URB2,gene,gene
YRDC,GGI,HBEGF,gene,gene
ZCCHC10,GGI,THAP1,gene,gene
ZCCHC10,GGI,ATG12,gene,gene
ZCCHC10,GGI,SREK1IP1,gene,gene
ZCCHC10,GGI,TRAPPC13,gene,gene
ZCCHC10,GGI,PPP2CA,gene,gene
ZCCHC10,GGI,EIF4E,gene,gene
ZCCHC10,GGI,MED7,gene,gene
ZCCHC10,GGI,C1D,gene,gene
ZCCHC10,GGI,TTC33,gene,gene
ZCCHC10,GGI,MYNN,gene,gene
ZCCHC10,GGI,RIOK2,gene,gene
ZCCHC10,GGI,GIN1,gene,gene
ZCCHC10,GGI,DCP2,gene,gene
ZCCHC10,GGI,HSPA4,gene,gene
ZCCHC10,GGI,CSNK1G3,gene,gene
ZCCHC10,GGI,UBE2B,gene,gene
ZCCHC10,GGI,MED21,gene,gene
ZCCHC10,GGI,OBI1,gene,gene
ZCCHC10,GGI,MRPL22,gene,gene
ZCCHC10,GGI,NAT1,gene,gene
ZCCHC10,GGI,PGGT1B,gene,gene
ZCCHC10,GGI,UBE2D2,gene,gene
ZCCHC10,GGI,ATF1,gene,gene
ZCCHC10,GGI,TDG,gene,gene
ZCCHC10,GGI,IMPA1,gene,gene
ZCCHC10,GGI,MATR3,gene,gene
ZCCHC10,GGI,TPRKB,gene,gene
ZCCHC10,GGI,SUB1,gene,gene
NMRK1,GGI,OSTF1,gene,gene
USP18,GGI,OAS3,gene,gene
USP18,GGI,MX1,gene,gene
USP18,GGI,HERC6,gene,gene
USP18,GGI,IFI6,gene,gene
USP18,GGI,OAS1,gene,gene
USP18,GGI,IFI44,gene,gene
USP18,GGI,IFIT1,gene,gene
USP18,GGI,OAS2,gene,gene
USP18,GGI,IFI44L,gene,gene
USP18,GGI,RSAD2,gene,gene
USP18,GGI,ISG15,gene,gene
USP18,GGI,EIF2AK2,gene,gene
USP18,GGI,DDX60,gene,gene
USP18,GGI,IFIH1,gene,gene
USP18,GGI,IFIT3,gene,gene
USP18,GGI,RIGI,gene,gene
USP18,GGI,XAF1,gene,gene
USP18,GGI,DHX58,gene,gene
USP18,GGI,MX2,gene,gene
USP18,GGI,PARP12,gene,gene
USP18,GGI,HERC5,gene,gene
USP18,GGI,IFI35,gene,gene
USP18,GGI,IFIT2,gene,gene
USP18,GGI,SP110,gene,gene
USP18,GGI,LY6E,gene,gene
USP18,GGI,STAT1,gene,gene
USP18,GGI,PLSCR1,gene,gene
USP18,GGI,IRF9,gene,gene
USP18,GGI,IFI27,gene,gene
USP18,GGI,IFIT5,gene,gene
USP18,GGI,ADAR,gene,gene
USP18,GGI,LAP3,gene,gene
USP18,GGI,SHFL,gene,gene
USP18,GGI,IRF7,gene,gene
USP18,GGI,ZC3HAV1,gene,gene
USP18,GGI,TRIM14,gene,gene
USP18,GGI,TRIM21,gene,gene
USP18,GGI,SAMD9,gene,gene
USP18,GGI,TRIM5,gene,gene
USP18,GGI,CMTR1,gene,gene
USP18,GGI,TDRD7,gene,gene
USP18,GGI,STAT2,gene,gene
USP18,GGI,RTP4,gene,gene
USP18,GGI,IFITM1,gene,gene
USP18,GGI,SP100,gene,gene
USP18,GGI,TMEM62,gene,gene
USP18,GGI,LGALS3BP,gene,gene
USP18,GGI,BST2,gene,gene
USP18,GGI,TRIM25,gene,gene
USP18,GGI,TRIM22,gene,gene
USP18,GGI,ZBP1,gene,gene
EFHC1,GGI,WDR19,gene,gene
EFHC1,GGI,IFT81,gene,gene
EFHC1,GGI,TCTN2,gene,gene
EFHC1,GGI,NPHP1,gene,gene
EFHC1,GGI,TCTN1,gene,gene
EFHC1,GGI,DYNC2H1,gene,gene
EFHC1,GGI,NME7,gene,gene
EFHC1,GGI,CFAP44,gene,gene
EFHC1,GGI,DYNC2LI1,gene,gene
EFHC1,GGI,SPATA6,gene,gene
EFHC1,GGI,IQCG,gene,gene
EFHC1,GGI,SPAG8,gene,gene
EFHC1,GGI,IFT88,gene,gene
EFHC1,GGI,CEP162,gene,gene
EFHC1,GGI,IQCK,gene,gene
EFHC1,GGI,BBS1,gene,gene
EFHC1,GGI,GLB1L,gene,gene
EFHC1,GGI,IFT22,gene,gene
EFHC1,GGI,PAN2,gene,gene
EFHC1,GGI,SPICE1,gene,gene
EFHC1,GGI,DNAAF11,gene,gene
EFHC1,GGI,CCDC30,gene,gene
EFHC1,GGI,DNAH7,gene,gene
EFHC1,GGI,TRAM2,gene,gene
EFHC1,GGI,BBS9,gene,gene
EFHC1,GGI,DNALI1,gene,gene
EFHC1,GGI,KIAA0753,gene,gene
EFHC1,GGI,BBS4,gene,gene
EFHC1,GGI,IFT52,gene,gene
EFHC1,GGI,IFT57,gene,gene
EFHC1,GGI,AGBL2,gene,gene
ATF1,GGI,THAP1,gene,gene
ATF1,GGI,RNF2,gene,gene
ATF1,GGI,ZNF143,gene,gene
ATF1,GGI,GTF2H1,gene,gene
ATF1,GGI,CCDC59,gene,gene
ATF1,GGI,SP3,gene,gene
ATF1,GGI,CNBP,gene,gene
ATF1,GGI,ZCCHC8,gene,gene
ATF1,GGI,ZCCHC10,gene,gene
ATF1,GGI,RBM7,gene,gene
ATF1,GGI,SMNDC1,gene,gene
STRN4,GGI,GSK3A,gene,gene
STRN4,GGI,EPN1,gene,gene
STRN4,GGI,CNOT3,gene,gene
STRN4,GGI,HNRNPUL1,gene,gene
STRN4,GGI,MARK4,gene,gene
STRN4,GGI,SAMD4B,gene,gene
STRN4,GGI,DMWD,gene,gene
STRN4,GGI,PPP6R1,gene,gene
STRN4,GGI,MED25,gene,gene
STRN4,GGI,SYMPK,gene,gene
STRN4,GGI,MIER2,gene,gene
STRN4,GGI,HGS,gene,gene
STRN4,GGI,SH3GL1,gene,gene
STRN4,GGI,U2AF2,gene,gene
STRN4,GGI,UPF1,gene,gene
STRN4,GGI,WIZ,gene,gene
STRN4,GGI,KMT2B,gene,gene
STRN4,GGI,CLASRP,gene,gene
STRN4,GGI,MTA1,gene,gene
STRN4,GGI,PLEKHM2,gene,gene
STRN4,GGI,TRIM28,gene,gene
STRN4,GGI,PNKP,gene,gene
STRN4,GGI,GATAD2A,gene,gene
STRN4,GGI,ERF,gene,gene
STRN4,GGI,DCAF15,gene,gene
STRN4,GGI,SMG5,gene,gene
STRN4,GGI,DHX34,gene,gene
STRN4,GGI,FKRP,gene,gene
STRN4,GGI,GMEB2,gene,gene
STRN4,GGI,DOT1L,gene,gene
STRN4,GGI,CSNK1G2,gene,gene
STRN4,GGI,CIC,gene,gene
STRN4,GGI,ZNF574,gene,gene
STRN4,GGI,DVL3,gene,gene
STRN4,GGI,PAK4,gene,gene
STRN4,GGI,NFKBIB,gene,gene
STRN4,GGI,MAP2K7,gene,gene
STRN4,GGI,AP3D1,gene,gene
STRN4,GGI,RANBP3,gene,gene
STRN4,GGI,MLLT1,gene,gene
STRN4,GGI,NR1H2,gene,gene
STRN4,GGI,CLPTM1,gene,gene
STRN4,GGI,GRK2,gene,gene
STRN4,GGI,SIN3B,gene,gene
STRN4,GGI,NKIRAS2,gene,gene
STRN4,GGI,CCDC9,gene,gene
STRN4,GGI,VPS4A,gene,gene
STRN4,GGI,BRPF1,gene,gene
STRN4,GGI,MAP1S,gene,gene
STRN4,GGI,SUPT5H,gene,gene
STRN4,GGI,ZNF282,gene,gene
STRN4,GGI,CHERP,gene,gene
STRN4,GGI,KHSRP,gene,gene
STRN4,GGI,PTOV1,gene,gene
STRN4,GGI,TBC1D10B,gene,gene
STRN4,GGI,VASP,gene,gene
STRN4,GGI,NELFA,gene,gene
STRN4,GGI,RFX1,gene,gene
STRN4,GGI,GDI1,gene,gene
STRN4,GGI,SCAP,gene,gene
STRN4,GGI,SRF,gene,gene
STRN4,GGI,DVL1,gene,gene
STRN4,GGI,CENPBD2P,gene,gene
STRN4,GGI,HSF1,gene,gene
STRN4,GGI,NELFB,gene,gene
KLHL21,GGI,UPF1,gene,gene
KLHL21,GGI,LRRC47,gene,gene
KLHL21,GGI,FAM53C,gene,gene
KLHL21,GGI,SQSTM1,gene,gene
KLHL21,GGI,COQ8A,gene,gene
KLHL21,GGI,PLEKHM2,gene,gene
KLHL21,GGI,MFN2,gene,gene
KLHL21,GGI,DVL1,gene,gene
KLHL21,GGI,PPIF,gene,gene
KLHL21,GGI,SKI,gene,gene
KLHL21,GGI,GPATCH3,gene,gene
KLHL21,GGI,DHX34,gene,gene
KLHL21,GGI,IP6K1,gene,gene
KLHL21,GGI,PLEKHM1,gene,gene
KLHL21,GGI,MAFG,gene,gene
RHOG,GGI,RELA,gene,gene
RHOG,GGI,SCAMP2,gene,gene
RHOG,GGI,MAP3K11,gene,gene
RHOG,GGI,SH3BGRL3,gene,gene
RHOG,GGI,ZDHHC18,gene,gene
RHOG,GGI,CTDNEP1,gene,gene
RHOG,GGI,PFN1,gene,gene
RHOG,GGI,TAF10,gene,gene
RHOG,GGI,ZYX,gene,gene
RHOG,GGI,BET1L,gene,gene
RHOG,GGI,ELOVL1,gene,gene
RHOG,GGI,CSK,gene,gene
RHOG,GGI,ARHGDIA,gene,gene
RHOG,GGI,MFSD5,gene,gene
RHOG,GGI,CFL1,gene,gene
RHOG,GGI,IFITM2,gene,gene
RHOG,GGI,RAB1B,gene,gene
RHOG,GGI,C15orf39,gene,gene
RHOG,GGI,GNAI2,gene,gene
RHOG,GGI,EFHD2,gene,gene
PRPS2,GGI,HPRT1,gene,gene
PRPS2,GGI,RBBP7,gene,gene
PRPS2,GGI,GMPS,gene,gene
PRPS2,GGI,POLA1,gene,gene
PRPS2,GGI,NUDT21,gene,gene
NELL1,GGI,RBFOX1,gene,gene
NELL1,GGI,CNTNAP2,gene,gene
NELL1,GGI,GABRA1,gene,gene
NELL1,GGI,RIMBP2,gene,gene
NELL1,GGI,CA10,gene,gene
NELL1,GGI,GABRB2,gene,gene
NELL1,GGI,MYT1L,gene,gene
NELL1,GGI,PTPRT,gene,gene
NELL1,GGI,SST,gene,gene
NELL1,GGI,GRIA2,gene,gene
NELL1,GGI,SLC17A6,gene,gene
ZNF200,GGI,ZSCAN32,gene,gene
ZNF200,GGI,ZNF263,gene,gene
ZNF200,GGI,ZNF646,gene,gene
ZNF200,GGI,LRIF1,gene,gene
ZNF200,GGI,ZNF45,gene,gene
ZNF200,GGI,ZNF174,gene,gene
ZNF200,GGI,UBN1,gene,gene
ZNF200,GGI,KCTD5,gene,gene
PLA2G2A,GGI,PLA2G5,gene,gene
PLA2G2A,GGI,PRG4,gene,gene
PLA2G2A,GGI,LBP,gene,gene
OSBPL9,GGI,EPS15,gene,gene
OSBPL9,GGI,SNX2,gene,gene
OSBPL9,GGI,CSDE1,gene,gene
OSBPL9,GGI,GPBP1L1,gene,gene
OSBPL9,GGI,ACADM,gene,gene
SENP3,GGI,FXR2,gene,gene
SENP3,GGI,RNF167,gene,gene
SENP3,GGI,WRAP53,gene,gene
SENP3,GGI,ELAC2,gene,gene
SENP3,GGI,MYBBP1A,gene,gene
SENP3,GGI,ELP5,gene,gene
SENP3,GGI,PFAS,gene,gene
SENP3,GGI,PELP1,gene,gene
SENP3,GGI,MPDU1,gene,gene
SENP3,GGI,GEMIN4,gene,gene
SENP3,GGI,TSR1,gene,gene
SENP3,GGI,NUP88,gene,gene
SENP3,GGI,CTDNEP1,gene,gene
SENP3,GGI,ABCF2,gene,gene
SENP3,GGI,TIMM22,gene,gene
SENP3,GGI,YWHAE,gene,gene
SENP3,GGI,MRM3,gene,gene
SENP3,GGI,C1QBP,gene,gene
SENP3,GGI,SLC25A11,gene,gene
SENP3,GGI,DVL2,gene,gene
SENP3,GGI,METTL16,gene,gene
CYP2C9,GGI,CYP2C19,gene,gene
CYP2C9,GGI,CYP2C18,gene,gene
CYP2C9,GGI,SULT2A1,gene,gene
CYP2C9,GGI,G6PC1,gene,gene
CYP2C9,GGI,OTC,gene,gene
CYP2C9,GGI,GC,gene,gene
CYP2C9,GGI,C8A,gene,gene
CYP2C9,GGI,APCS,gene,gene
CYP2C9,GGI,CYP3A4,gene,gene
CYP2C9,GGI,UGT2A3,gene,gene
CYP2C9,GGI,F13B,gene,gene
CYP2C9,GGI,UGT2B15,gene,gene
CYP2C9,GGI,AFM,gene,gene
CYP2C9,GGI,CFHR5,gene,gene
CYP2C9,GGI,GBA3,gene,gene
CYP2C9,GGI,GLYAT,gene,gene
CYP2C9,GGI,HRG,gene,gene
CYP2C9,GGI,AADAC,gene,gene
CYP2C9,GGI,SPP2,gene,gene
CYP2C9,GGI,SLC2A2,gene,gene
CYP2C9,GGI,C9,gene,gene
CYP2C9,GGI,F9,gene,gene
CYP2C9,GGI,HAO1,gene,gene
CYP2C9,GGI,KNG1,gene,gene
CYP2C9,GGI,CRP,gene,gene
CYP2C9,GGI,CYP2B6,gene,gene
CYP2C9,GGI,CFHR2,gene,gene
CYP2C9,GGI,PLG,gene,gene
CYP2C9,GGI,SERPINA7,gene,gene
CYP2C9,GGI,HABP2,gene,gene
CYP2C9,GGI,ADH6,gene,gene
CYP2C9,GGI,TM4SF4,gene,gene
CYP2C9,GGI,CCL16,gene,gene
CYP2C9,GGI,UGT2B4,gene,gene
CYP2C9,GGI,CYP2C8,gene,gene
CYP2C9,GGI,CYP3A5,gene,gene
CYP2C9,GGI,ALDOB,gene,gene
CYP2C9,GGI,CYP4A11,gene,gene
CYP2C9,GGI,C8B,gene,gene
PSMB1,GGI,PSMB7,gene,gene
PSMB1,GGI,PSMB4,gene,gene
PSMB1,GGI,PSMD13,gene,gene
PSMB1,GGI,PSMA7,gene,gene
PSMB1,GGI,POMP,gene,gene
PSMB1,GGI,PSMB6,gene,gene
PSMB1,GGI,COX7A2,gene,gene
PSMB1,GGI,PSMB3,gene,gene
PSMB1,GGI,PSMA2,gene,gene
PSMB1,GGI,PSMA6,gene,gene
PSMB1,GGI,PSMA4,gene,gene
PSMB1,GGI,SF3B5,gene,gene
PSMB1,GGI,UFD1,gene,gene
PSMB1,GGI,PSMA5,gene,gene
PSMB1,GGI,PSMD14,gene,gene
PSMB1,GGI,PSMA3,gene,gene
PSMB1,GGI,PSMC3,gene,gene
PSMB1,GGI,SNRPC,gene,gene
PSMB1,GGI,PSMD6,gene,gene
PSMB1,GGI,PSMB2,gene,gene
PSMB1,GGI,PSMD7,gene,gene
PSMB1,GGI,RBX1,gene,gene
PSMB1,GGI,PSMC1,gene,gene
PSMB1,GGI,MRPL20,gene,gene
PSMB1,GGI,NDUFAB1,gene,gene
PSMB1,GGI,PARK7,gene,gene
PSMB1,GGI,PSMC6,gene,gene
PSMB1,GGI,SEC61B,gene,gene
PSMB1,GGI,SNRPD2,gene,gene
PSMB1,GGI,SOD1,gene,gene
PSMB1,GGI,DYNLT1,gene,gene
PSMB1,GGI,PRDX1,gene,gene
PSMB1,GGI,ATP5PO,gene,gene
PSMB1,GGI,POLR2G,gene,gene
PSMB1,GGI,SNRPD3,gene,gene
PSMB1,GGI,SSBP1,gene,gene
PSMB1,GGI,NDUFB4,gene,gene
PSMB1,GGI,PSMA1,gene,gene
PSMB1,GGI,PSMD4,gene,gene
PSMB1,GGI,NDUFV2,gene,gene
PSMB1,GGI,SLIRP,gene,gene
PSMB1,GGI,NDUFA4,gene,gene
PSMB1,GGI,LSM3,gene,gene
PSMB1,GGI,MMADHC,gene,gene
PSMB1,GGI,MRPL22,gene,gene
PSMB1,GGI,SRP14,gene,gene
PSMB1,GGI,HINT1,gene,gene
PSMB1,GGI,MRPL18,gene,gene
PSMB1,GGI,TCP1,gene,gene
PSMB1,GGI,SNRPF,gene,gene
PSMB1,GGI,XRCC6,gene,gene
PSMB1,GGI,TXN,gene,gene
PSMB1,GGI,SEC61G,gene,gene
PSMB1,GGI,UBL5,gene,gene
PSMB1,GGI,SUMO1,gene,gene
PSMB1,GGI,COX6C,gene,gene
PSMB1,GGI,ARPC3,gene,gene
PSMB1,GGI,RPL26L1,gene,gene
PSMB1,GGI,SAP18,gene,gene
PSMB1,GGI,TRAPPC4,gene,gene
PSMB1,GGI,PCMT1,gene,gene
PSMB1,GGI,PSMD8,gene,gene
PSMB1,GGI,HSBP1,gene,gene
PSMB1,GGI,PSMB5,gene,gene
PSMB1,GGI,PSMC2,gene,gene
PSMB1,GGI,PSMC5,gene,gene
PSMB1,GGI,MYL6,gene,gene
PSMB1,GGI,CHCHD2,gene,gene
PSMB1,GGI,ATP5MG,gene,gene
PSMB1,GGI,ELOB,gene,gene
PSMB1,GGI,RTRAF,gene,gene
PSMB1,GGI,ATP5F1C,gene,gene
PSMB1,GGI,RPL24,gene,gene
PSMB1,GGI,NDUFA6,gene,gene
PSMB1,GGI,NDUFB6,gene,gene
PSMB1,GGI,MRPL13,gene,gene
PSMB1,GGI,SNRPE,gene,gene
PSMB1,GGI,COX7B,gene,gene
PSMB1,GGI,PSMD11,gene,gene
PSMB1,GGI,VCP,gene,gene
PSMB1,GGI,ATP5PB,gene,gene
PSMB1,GGI,GTF2H5,gene,gene
PSMB1,GGI,ATP5MJ,gene,gene
PSMB1,GGI,ATG5,gene,gene
PSMB1,GGI,NDUFC1,gene,gene
PSMB1,GGI,NDUFA1,gene,gene
PSMB1,GGI,NDUFB8,gene,gene
PSMB1,GGI,RPL36AL,gene,gene
PSMB1,GGI,ATP5ME,gene,gene
PSMB1,GGI,ERH,gene,gene
PSMB1,GGI,UQCRQ,gene,gene
PSMB1,GGI,SNRPG,gene,gene
PSMB1,GGI,POP4,gene,gene
PSMB1,GGI,HSD17B10,gene,gene
PSMB1,GGI,RAN,gene,gene
PSMB1,GGI,TMEM208,gene,gene
PSMB1,GGI,MAGOH,gene,gene
PSMB1,GGI,PFDN5,gene,gene
PSMB1,GGI,RNF7,gene,gene
PSMB1,GGI,SNRPD1,gene,gene
PSMB1,GGI,C11orf58,gene,gene
PSMB1,GGI,PSMD1,gene,gene
PSMB1,GGI,ATP5PD,gene,gene
PSMB1,GGI,H2AZ1,gene,gene
PSMB1,GGI,TRMT112,gene,gene
PSMB1,GGI,CDC40,gene,gene
PSMB1,GGI,SNF8,gene,gene
PSMB1,GGI,RPS7,gene,gene
PSMB1,GGI,SNRPB2,gene,gene
PSMB1,GGI,PSMD2,gene,gene
PSMB1,GGI,MYL12B,gene,gene
PSMB1,GGI,LAMTOR5,gene,gene
PSMB1,GGI,RARS2,gene,gene
PSMB1,GGI,RPS12,gene,gene
PSMB1,GGI,DRG1,gene,gene
PSMB1,GGI,MRPS18C,gene,gene
PSMB1,GGI,XRCC5,gene,gene
PSMB1,GGI,MRPL33,gene,gene
PSMB1,GGI,CCT7,gene,gene
PSMB1,GGI,EDF1,gene,gene
PSMB1,GGI,KATNA1,gene,gene
PSMB1,GGI,UQCR10,gene,gene
PSMB1,GGI,PDCD2,gene,gene
PSMB1,GGI,MRPS22,gene,gene
PSMB1,GGI,SUB1,gene,gene
PSMB1,GGI,NEDD8,gene,gene
PSMB1,GGI,ANXA7,gene,gene
PSMB1,GGI,NDUFB2,gene,gene
PSMB1,GGI,COX4I1,gene,gene
PSMB1,GGI,CCT2,gene,gene
PSMB1,GGI,EIF3I,gene,gene
PSMB1,GGI,GHITM,gene,gene
PSMB1,GGI,COX6A1,gene,gene
PSMB1,GGI,UQCRH,gene,gene
PSMB1,GGI,TTC1,gene,gene
PSMB1,GGI,CCT4,gene,gene
PSMB1,GGI,ATP5PF,gene,gene
PSMB1,GGI,PSMD12,gene,gene
PSMB1,GGI,HBS1L,gene,gene
PSMB1,GGI,RWDD1,gene,gene
PSMB1,GGI,SKP1,gene,gene
PSMB1,GGI,PPIA,gene,gene
PSMB1,GGI,RBM3,gene,gene
PSMB1,GGI,EIF4E2,gene,gene
PSMB1,GGI,NDUFA9,gene,gene
PSMB1,GGI,CDC123,gene,gene
PSMB1,GGI,FAU,gene,gene
PSMB1,GGI,RPS21,gene,gene
PSMB1,GGI,MDH1,gene,gene
PSMB1,GGI,BUD31,gene,gene
HPS1,GGI,HS1BP3,gene,gene
HPS1,GGI,POLL,gene,gene
HPS1,GGI,FLCN,gene,gene
HPS1,GGI,RNF123,gene,gene
HPS1,GGI,MARCHF8,gene,gene
HPS1,GGI,CNPPD1,gene,gene
HPS1,GGI,RETREG2,gene,gene
HPS1,GGI,FKBP8,gene,gene
HPS1,GGI,MAN2B2,gene,gene
HPS1,GGI,MCOLN1,gene,gene
HPS1,GGI,NAGPA,gene,gene
HPS1,GGI,UBXN6,gene,gene
HPS1,GGI,SLC36A1,gene,gene
HPS1,GGI,NADSYN1,gene,gene
HPS1,GGI,VAC14,gene,gene
HPS1,GGI,SHARPIN,gene,gene
HPS1,GGI,ERMAP,gene,gene
HPS1,GGI,UROS,gene,gene
HPS1,GGI,TPGS2,gene,gene
HPS1,GGI,RANBP10,gene,gene
HPS1,GGI,PLEKHM1,gene,gene
HPS1,GGI,TPP1,gene,gene
XKR8,GGI,ZDHHC18,gene,gene
CEP43,GGI,CCR6,gene,gene
CEP43,GGI,TBP,gene,gene
CEP43,GGI,TRMT11,gene,gene
AREL1,GGI,PCNX1,gene,gene
AREL1,GGI,ZFYVE26,gene,gene
AREL1,GGI,TRAPPC10,gene,gene
AREL1,GGI,TECPR2,gene,gene
AREL1,GGI,MTOR,gene,gene
AREL1,GGI,CHD8,gene,gene
AREL1,GGI,DLST,gene,gene
AREL1,GGI,YLPM1,gene,gene
AREL1,GGI,ZZEF1,gene,gene
AREL1,GGI,PSEN1,gene,gene
AREL1,GGI,GPATCH2L,gene,gene
AREL1,GGI,VIPAS39,gene,gene
AREL1,GGI,VPS39,gene,gene
AREL1,GGI,BLTP2,gene,gene
AREL1,GGI,DHX8,gene,gene
AREL1,GGI,NUP98,gene,gene
AREL1,GGI,MED23,gene,gene
AREL1,GGI,DICER1,gene,gene
AREL1,GGI,SEL1L,gene,gene
AREL1,GGI,RBM23,gene,gene
AREL1,GGI,SNX19,gene,gene
AREL1,GGI,SLC25A44,gene,gene
AREL1,GGI,CCNK,gene,gene
AREL1,GGI,RAF1,gene,gene
AREL1,GGI,TTPAL,gene,gene
AREL1,GGI,MTF1,gene,gene
AREL1,GGI,ATG2B,gene,gene
AREL1,GGI,SEC16A,gene,gene
AREL1,GGI,TOX4,gene,gene
AREL1,GGI,PIP4K2C,gene,gene
AREL1,GGI,GBF1,gene,gene
AREL1,GGI,HIPK1,gene,gene
AREL1,GGI,VPS53,gene,gene
AREL1,GGI,SLC12A6,gene,gene
AREL1,GGI,TRAF3,gene,gene
AREL1,GGI,NRDE2,gene,gene
AREL1,GGI,NUP153,gene,gene
AREL1,GGI,GAPVD1,gene,gene
AREL1,GGI,SOS2,gene,gene
AREL1,GGI,ADAR,gene,gene
AREL1,GGI,MED6,gene,gene
AREL1,GGI,UBE4A,gene,gene
AREL1,GGI,AVL9,gene,gene
EBF2,GGI,MEOX2,gene,gene
EBF2,GGI,FHL5,gene,gene
GPR4,GGI,ARHGEF15,gene,gene
GPR4,GGI,CDH5,gene,gene
GPR4,GGI,ROBO4,gene,gene
GPR4,GGI,NOTCH4,gene,gene
GPR4,GGI,PLVAP,gene,gene
GPR4,GGI,PCDH12,gene,gene
GPR4,GGI,RASIP1,gene,gene
GPR4,GGI,MMRN2,gene,gene
GPR4,GGI,ADGRL4,gene,gene
GPR4,GGI,SOX17,gene,gene
GPR4,GGI,EMCN,gene,gene
GPR4,GGI,TIE1,gene,gene
GPR4,GGI,CD93,gene,gene
GPR4,GGI,ADGRF5,gene,gene
GPR4,GGI,GJA4,gene,gene
GPR4,GGI,MYCT1,gene,gene
GPR4,GGI,KDR,gene,gene
GPR4,GGI,CD34,gene,gene
GPR4,GGI,ACVRL1,gene,gene
GPR4,GGI,NOVA2,gene,gene
GPR4,GGI,VWF,gene,gene
GPR4,GGI,FCN3,gene,gene
GPR4,GGI,APLNR,gene,gene
GPR4,GGI,CLDN5,gene,gene
GPR4,GGI,ESM1,gene,gene
GPR4,GGI,RAMP2,gene,gene
GPR4,GGI,NOS3,gene,gene
GPR4,GGI,SELE,gene,gene
GPR4,GGI,ANGPT2,gene,gene
GPR4,GGI,LRRC32,gene,gene
GPR4,GGI,FLT4,gene,gene
LMAN2,GGI,TMED9,gene,gene
LMAN2,GGI,DDOST,gene,gene
LMAN2,GGI,P4HB,gene,gene
LMAN2,GGI,LRPAP1,gene,gene
LMAN2,GGI,PPIB,gene,gene
LMAN2,GGI,PDIA4,gene,gene
LMAN2,GGI,CANX,gene,gene
LMAN2,GGI,RPN2,gene,gene
LMAN2,GGI,OS9,gene,gene
LMAN2,GGI,RPN1,gene,gene
LMAN2,GGI,PDIA6,gene,gene
LMAN2,GGI,CALR,gene,gene
LMAN2,GGI,MYDGF,gene,gene
LMAN2,GGI,TMED10,gene,gene
LMAN2,GGI,SIL1,gene,gene
LMAN2,GGI,PRKCSH,gene,gene
LMAN2,GGI,SSR2,gene,gene
LMAN2,GGI,COPE,gene,gene
LMAN2,GGI,SDF4,gene,gene
LMAN2,GGI,HSPA5,gene,gene
LMAN2,GGI,STT3A,gene,gene
LMAN2,GGI,CRELD2,gene,gene
LMAN2,GGI,SEC61A1,gene,gene
LMAN2,GGI,ERP44,gene,gene
LMAN2,GGI,NUCB1,gene,gene
LMAN2,GGI,TMED2,gene,gene
LMAN2,GGI,HSP90B1,gene,gene
LMAN2,GGI,ATP6V0E1,gene,gene
LMAN2,GGI,ATP6AP1,gene,gene
LMAN2,GGI,EMC7,gene,gene
LMAN2,GGI,EDEM2,gene,gene
LMAN2,GGI,BCAP31,gene,gene
LMAN2,GGI,PIGT,gene,gene
LMAN2,GGI,PDIA3,gene,gene
LMAN2,GGI,TM9SF2,gene,gene
LMAN2,GGI,SSR4,gene,gene
LMAN2,GGI,GANAB,gene,gene
LMAN2,GGI,SDF2L1,gene,gene
LMAN2,GGI,B4GALT7,gene,gene
LMAN2,GGI,TMBIM6,gene,gene
LMAN2,GGI,GPAA1,gene,gene
LMAN2,GGI,SRPRB,gene,gene
LMAN2,GGI,BUD23,gene,gene
LMAN2,GGI,BSG,gene,gene
LMAN2,GGI,MANF,gene,gene
LMAN2,GGI,HYOU1,gene,gene
LMAN2,GGI,SLC35B1,gene,gene
LMAN2,GGI,DNAJC3,gene,gene
LMAN2,GGI,ARPC1B,gene,gene
LMAN2,GGI,FAF2,gene,gene
LMAN2,GGI,LAMP1,gene,gene
LMAN2,GGI,TXNDC15,gene,gene
LMAN2,GGI,PSMB6,gene,gene
LMAN2,GGI,GLB1,gene,gene
LMAN2,GGI,ARF1,gene,gene
LMAN2,GGI,TMEM208,gene,gene
LMAN2,GGI,GMPPA,gene,gene
LMAN2,GGI,YIPF5,gene,gene
LMAN2,GGI,APMAP,gene,gene
LMAN2,GGI,HEXB,gene,gene
LMAN2,GGI,SEC61B,gene,gene
LMAN2,GGI,NHP2,gene,gene
LMAN2,GGI,CNPY2,gene,gene
LMAN2,GGI,TMCO1,gene,gene
LMAN2,GGI,RABAC1,gene,gene
LMAN2,GGI,COX6A1,gene,gene
LMAN2,GGI,SPCS1,gene,gene
LMAN2,GGI,MRPL28,gene,gene
LMAN2,GGI,DDX41,gene,gene
LMAN2,GGI,ZNHIT1,gene,gene
LMAN2,GGI,PRDX4,gene,gene
LMAN2,GGI,UGGT1,gene,gene
LMAN2,GGI,REEP5,gene,gene
LMAN2,GGI,OAZ1,gene,gene
LMAN2,GGI,SSR1,gene,gene
LMAN2,GGI,TCTN3,gene,gene
LMAN2,GGI,DAD1,gene,gene
LMAN2,GGI,ERP29,gene,gene
LMAN2,GGI,PDIA5,gene,gene
LMAN2,GGI,SLC38A10,gene,gene
LMAN2,GGI,VKORC1,gene,gene
ECH1,GGI,BCKDHA,gene,gene
ECH1,GGI,HADHA,gene,gene
ECH1,GGI,ACAA2,gene,gene
ECH1,GGI,ETFB,gene,gene
ECH1,GGI,HADHB,gene,gene
ECH1,GGI,CHMP2A,gene,gene
ECH1,GGI,NDUFS2,gene,gene
ECH1,GGI,ACADVL,gene,gene
ECH1,GGI,CAPNS1,gene,gene
ECH1,GGI,EIF3K,gene,gene
ECH1,GGI,SIRT2,gene,gene
ECH1,GGI,IDH3G,gene,gene
ECH1,GGI,DMAC2,gene,gene
ECH1,GGI,TECR,gene,gene
ECH1,GGI,TRAPPC6A,gene,gene
ECH1,GGI,GRHPR,gene,gene
ECH1,GGI,ACADM,gene,gene
ECH1,GGI,PGM1,gene,gene
ECH1,GGI,UQCRC2,gene,gene
ECH1,GGI,ACO2,gene,gene
ECH1,GGI,GPI,gene,gene
ECH1,GGI,ECHS1,gene,gene
ECH1,GGI,NDUFV1,gene,gene
ECH1,GGI,PHYH,gene,gene
ECH1,GGI,TMEM143,gene,gene
ECH1,GGI,CAT,gene,gene
ECH1,GGI,PSMC4,gene,gene
ECH1,GGI,ACADS,gene,gene
ECH1,GGI,NDUFA3,gene,gene
ECH1,GGI,ALDH6A1,gene,gene
ECH1,GGI,ATP5F1B,gene,gene
ECH1,GGI,COX6B1,gene,gene
ECH1,GGI,ETFA,gene,gene
ECH1,GGI,SLC25A20,gene,gene
ECH1,GGI,PCCB,gene,gene
ECH1,GGI,GSTK1,gene,gene
ECH1,GGI,OXA1L,gene,gene
ECH1,GGI,MDH2,gene,gene
ECH1,GGI,SARS2,gene,gene
ECH1,GGI,TXN2,gene,gene
ECH1,GGI,PRDX2,gene,gene
ECH1,GGI,NUCB1,gene,gene
ECH1,GGI,USE1,gene,gene
ECH1,GGI,BCAT2,gene,gene
ECH1,GGI,HIGD2A,gene,gene
PIAS3,GGI,USP21,gene,gene
PIAS3,GGI,ARNT,gene,gene
PIAS3,GGI,SHC1,gene,gene
PIAS3,GGI,BCL9,gene,gene
PIAS3,GGI,UBAP2L,gene,gene
PIAS3,GGI,POGZ,gene,gene
PIAS3,GGI,PEX11B,gene,gene
PIAS3,GGI,RUSC1,gene,gene
PIAS3,GGI,SF3B4,gene,gene
PIAS3,GGI,PI4KB,gene,gene
PIAS3,GGI,COG7,gene,gene
PIAS3,GGI,PRCC,gene,gene
PIAS3,GGI,TAF6,gene,gene
SCN1A,GGI,SLC17A6,gene,gene
SCN1A,GGI,GRIA2,gene,gene
SCN1A,GGI,ST8SIA3,gene,gene
SCN1A,GGI,GABRA1,gene,gene
SCN1A,GGI,GRIA1,gene,gene
SCN1A,GGI,DGKB,gene,gene
HMCES,GGI,ABCF3,gene,gene
HMCES,GGI,PSMD2,gene,gene
WASHC4,GGI,SKIC3,gene,gene
WASHC4,GGI,UBA6,gene,gene
WASHC4,GGI,USP15,gene,gene
WASHC4,GGI,SCAF11,gene,gene
WASHC4,GGI,DMXL1,gene,gene
WASHC4,GGI,VPS13C,gene,gene
WASHC4,GGI,PIK3C2A,gene,gene
WASHC4,GGI,TRAPPC8,gene,gene
WASHC4,GGI,OSBPL8,gene,gene
WASHC4,GGI,TNKS2,gene,gene
WASHC4,GGI,LTN1,gene,gene
WASHC4,GGI,USP33,gene,gene
WASHC4,GGI,ACAP2,gene,gene
WASHC4,GGI,PDCD6IP,gene,gene
WASHC4,GGI,SETX,gene,gene
WASHC4,GGI,TNPO1,gene,gene
WASHC4,GGI,SF3B1,gene,gene
WASHC4,GGI,WDR11,gene,gene
WASHC4,GGI,TBK1,gene,gene
WASHC4,GGI,EXOC1,gene,gene
WASHC4,GGI,CERT1,gene,gene
WASHC4,GGI,JMJD1C,gene,gene
WASHC4,GGI,GCC2,gene,gene
WASHC4,GGI,STX7,gene,gene
WASHC4,GGI,STAG2,gene,gene
WASHC4,GGI,ROCK1,gene,gene
WASHC4,GGI,MON2,gene,gene
WASHC4,GGI,IRAK4,gene,gene
WASHC4,GGI,ITSN2,gene,gene
WASHC4,GGI,SMCHD1,gene,gene
WASHC4,GGI,PPIP5K2,gene,gene
WASHC4,GGI,RESF1,gene,gene
CD300A,GGI,CD300C,gene,gene
CD300A,GGI,MYO1F,gene,gene
CD300A,GGI,FGR,gene,gene
CD300A,GGI,SIGLEC9,gene,gene
CD300A,GGI,SASH3,gene,gene
CD300A,GGI,CYTH4,gene,gene
CD300A,GGI,TYROBP,gene,gene
CD300A,GGI,CD244,gene,gene
CD300A,GGI,DOK2,gene,gene
CD300A,GGI,LILRB2,gene,gene
CD300A,GGI,WAS,gene,gene
CD300A,GGI,LILRA5,gene,gene
CD300A,GGI,LILRA2,gene,gene
CD300A,GGI,ITGAM,gene,gene
CD300A,GGI,PLCB2,gene,gene
CD300A,GGI,LILRB1,gene,gene
CD300A,GGI,BIN2,gene,gene
CD300A,GGI,DPEP2,gene,gene
CD300A,GGI,ITGB2,gene,gene
CD300A,GGI,LAIR1,gene,gene
CD300A,GGI,SLA,gene,gene
CD300A,GGI,ITGAX,gene,gene
CD300A,GGI,LST1,gene,gene
CD300A,GGI,ADAM8,gene,gene
CD300A,GGI,AIF1,gene,gene
CD300A,GGI,CD53,gene,gene
CD300A,GGI,PIK3R5,gene,gene
CD300A,GGI,LILRB4,gene,gene
CD300A,GGI,CSF3R,gene,gene
CD300A,GGI,HCK,gene,gene
CD300A,GGI,LILRA1,gene,gene
CD300A,GGI,APOBR,gene,gene
CD300A,GGI,VSIG4,gene,gene
CD300A,GGI,HK3,gene,gene
CD300A,GGI,SELPLG,gene,gene
CD300A,GGI,ITGAL,gene,gene
CD300A,GGI,CXCR1,gene,gene
CD300A,GGI,LCP2,gene,gene
CD300A,GGI,AOAH,gene,gene
CD300A,GGI,PRF1,gene,gene
CD300A,GGI,PSTPIP1,gene,gene
CD300A,GGI,MS4A6A,gene,gene
CD300A,GGI,SLC11A1,gene,gene
CD300A,GGI,FPR1,gene,gene
CD300A,GGI,IL12RB1,gene,gene
CD300A,GGI,PLEK,gene,gene
CD300A,GGI,CX3CR1,gene,gene
CD300A,GGI,GNLY,gene,gene
CD300A,GGI,NCF4,gene,gene
CD300A,GGI,LAT2,gene,gene
CD300A,GGI,C1QB,gene,gene
CD300A,GGI,FCGR2A,gene,gene
CD300A,GGI,LY86,gene,gene
CD300A,GGI,SIGLEC5,gene,gene
PSMD9,GGI,SNF8,gene,gene
PSMD9,GGI,LAMTOR5,gene,gene
PSMD9,GGI,EIF2B1,gene,gene
PSMD9,GGI,POP5,gene,gene
PSMD9,GGI,MYL6,gene,gene
PSMD9,GGI,COX6A1,gene,gene
PSMD9,GGI,LSM1,gene,gene
PSMD9,GGI,DCTN2,gene,gene
PSMD9,GGI,RPL26L1,gene,gene
PSMD9,GGI,ANAPC5,gene,gene
PSMD9,GGI,TRAPPC3,gene,gene
PSMD9,GGI,DIABLO,gene,gene
PSMD9,GGI,SLC25A3,gene,gene
PSMD9,GGI,PSMB6,gene,gene
PSMD9,GGI,UROD,gene,gene
PSMD9,GGI,ILKAP,gene,gene
PSMD9,GGI,RAN,gene,gene
PSMD9,GGI,KMT5A,gene,gene
PSMD9,GGI,TRAPPC4,gene,gene
IDI1,GGI,HMGCS1,gene,gene
IDI1,GGI,MSMO1,gene,gene
IDI1,GGI,HMGCR,gene,gene
IDI1,GGI,INSIG1,gene,gene
IDI1,GGI,FDFT1,gene,gene
IDI1,GGI,SQLE,gene,gene
IDI1,GGI,ACAT2,gene,gene
IDI1,GGI,MVD,gene,gene
IDI1,GGI,DHCR7,gene,gene
IDI1,GGI,SC5D,gene,gene
IDI1,GGI,LDLR,gene,gene
IDI1,GGI,MVK,gene,gene
IDI1,GGI,FDPS,gene,gene
IDI1,GGI,CYP51A1,gene,gene
IDI1,GGI,SCD,gene,gene
IDI1,GGI,LSS,gene,gene
IDI1,GGI,HSD17B7,gene,gene
IDI1,GGI,NSDHL,gene,gene
IDI1,GGI,DHCR24,gene,gene
IDI1,GGI,ERG28,gene,gene
IDI1,GGI,ACSL3,gene,gene
IDI1,GGI,SREBF2,gene,gene
IDI1,GGI,EBP,gene,gene
IDI1,GGI,FASN,gene,gene
IDI1,GGI,IDI2-AS1,gene,gene
IDI1,GGI,FADS2,gene,gene
IDI1,GGI,TMEM97,gene,gene
IDI1,GGI,FADS1,gene,gene
IDI1,GGI,PCYT2,gene,gene
IDI1,GGI,ACLY,gene,gene
IDI1,GGI,DBI,gene,gene
IDI1,GGI,PANK3,gene,gene
IDI1,GGI,RDH11,gene,gene
IDI1,GGI,SLC25A1,gene,gene
IDI1,GGI,PNPLA3,gene,gene
IDI1,GGI,ACACA,gene,gene
IDI1,GGI,IDH1,gene,gene
IDI1,GGI,LPIN1,gene,gene
IDI1,GGI,HSD17B12,gene,gene
IDI1,GGI,CYB5B,gene,gene
IDI1,GGI,ELOVL6,gene,gene
IDI1,GGI,TM7SF2,gene,gene
IDI1,GGI,CLCN6,gene,gene
IDI1,GGI,ADIPOR2,gene,gene
IDI1,GGI,LIPG,gene,gene
IDI1,GGI,TMEM41B,gene,gene
IDI1,GGI,TMEM135,gene,gene
TREML2,GGI,ADGRG3,gene,gene
TREML2,GGI,CXCR1,gene,gene
TREML2,GGI,TREM1,gene,gene
TREML2,GGI,P2RX1,gene,gene
TREML2,GGI,PADI4,gene,gene
TREML2,GGI,CR1,gene,gene
TREML2,GGI,FCER2,gene,gene
TREML2,GGI,SIGLEC5,gene,gene
TREML2,GGI,CEACAM3,gene,gene
TREML2,GGI,CXCR2,gene,gene
TREML2,GGI,CSF2RB,gene,gene
TREML2,GGI,NFE2,gene,gene
TREML2,GGI,ADGRE3,gene,gene
TREML2,GGI,TCL1A,gene,gene
XPNPEP2,GGI,F10,gene,gene
XPNPEP2,GGI,CD248,gene,gene
TTYH1,GGI,NCAN,gene,gene
TTYH1,GGI,SOX10,gene,gene
TTYH1,GGI,PLP1,gene,gene
TTYH1,GGI,CNTN2,gene,gene
TTYH1,GGI,NLGN3,gene,gene
TTYH1,GGI,GPR37L1,gene,gene
TTYH1,GGI,BCAN,gene,gene
TTYH1,GGI,APC2,gene,gene
TTYH1,GGI,GDPD2,gene,gene
TTYH1,GGI,FABP7,gene,gene
EREG,GGI,AREG,gene,gene
EREG,GGI,SERPINB2,gene,gene
EREG,GGI,CXCL3,gene,gene
EREG,GGI,CXCL2,gene,gene
EREG,GGI,CXCL8,gene,gene
EREG,GGI,PTGS2,gene,gene
EREG,GGI,IL1B,gene,gene
EREG,GGI,CXCL5,gene,gene
EREG,GGI,CXCL1,gene,gene
DSG3,GGI,SERPINB5,gene,gene
DSG3,GGI,SERPINB13,gene,gene
DSG3,GGI,KRT6B,gene,gene
DSG3,GGI,DSC3,gene,gene
DSG3,GGI,KRT6A,gene,gene
DSG3,GGI,SPRR1B,gene,gene
DSG3,GGI,KRT16,gene,gene
DSG3,GGI,KRT5,gene,gene
DSG3,GGI,KRT14,gene,gene
DSG3,GGI,SPRR1A,gene,gene
DSG3,GGI,KRT17,gene,gene
DSG3,GGI,CLCA2,gene,gene
DSG3,GGI,DSG1,gene,gene
DSG3,GGI,PKP1,gene,gene
DSG3,GGI,COL17A1,gene,gene
DSG3,GGI,SPRR3,gene,gene
DSG3,GGI,TRIM29,gene,gene
DSG3,GGI,SERPINB3,gene,gene
DSG3,GGI,KLK7,gene,gene
DSG3,GGI,GPR87,gene,gene
DSG3,GGI,KRT13,gene,gene
DSG3,GGI,SERPINB4,gene,gene
DSG3,GGI,ABCA12,gene,gene
DSG3,GGI,FGFBP1,gene,gene
DSG3,GGI,IVL,gene,gene
DSG3,GGI,CRCT1,gene,gene
DSG3,GGI,CLCA4,gene,gene
DSG3,GGI,KLK8,gene,gene
DSG3,GGI,LY6D,gene,gene
DSG3,GGI,GJB5,gene,gene
DSG3,GGI,SLC6A14,gene,gene
DSG3,GGI,TMPRSS11D,gene,gene
TXNL1,GGI,PSMC6,gene,gene
TXNL1,GGI,MMADHC,gene,gene
TXNL1,GGI,DYM,gene,gene
TXNL1,GGI,PSMG2,gene,gene
TXNL1,GGI,KCMF1,gene,gene
TXNL1,GGI,PSMD6,gene,gene
TXNL1,GGI,COPS3,gene,gene
TXNL1,GGI,VAPA,gene,gene
TXNL1,GGI,NDUFV2,gene,gene
TXNL1,GGI,COPS4,gene,gene
TXNL1,GGI,COPS2,gene,gene
TXNL1,GGI,EIF3M,gene,gene
TXNL1,GGI,PSMA1,gene,gene
TXNL1,GGI,TXNL4A,gene,gene
TXNL1,GGI,MRPS22,gene,gene
TXNL1,GGI,STRAP,gene,gene
TXNL1,GGI,GLRX3,gene,gene
TXNL1,GGI,PSMA3,gene,gene
TXNL1,GGI,VDAC2,gene,gene
TXNL1,GGI,OLA1,gene,gene
TXNL1,GGI,UTP11,gene,gene
TXNL1,GGI,IER3IP1,gene,gene
TXNL1,GGI,PTGES3,gene,gene
TXNL1,GGI,PSMD14,gene,gene
TXNL1,GGI,ATG3,gene,gene
TXNL1,GGI,NARS1,gene,gene
TXNL1,GGI,SNX3,gene,gene
TXNL1,GGI,SNRPB2,gene,gene
TXNL1,GGI,BUD31,gene,gene
TXNL1,GGI,SMAD4,gene,gene
TXNL1,GGI,POMP,gene,gene
TXNL1,GGI,SMAD2,gene,gene
TXNL1,GGI,UBE2L3,gene,gene
TXNL1,GGI,USP14,gene,gene
TXNL1,GGI,MBD2,gene,gene
TXNL1,GGI,UFD1,gene,gene
TXNL1,GGI,RTRAF,gene,gene
TXNL1,GGI,RHEB,gene,gene
TXNL1,GGI,PFDN4,gene,gene
TXNL1,GGI,EIF1B,gene,gene
TXNL1,GGI,RPP30,gene,gene
MAK16,GGI,WDR43,gene,gene
MAK16,GGI,PUM3,gene,gene
MAK16,GGI,ABCE1,gene,gene
MAK16,GGI,PAK1IP1,gene,gene
MAK16,GGI,DDX21,gene,gene
MAK16,GGI,TSR1,gene,gene
MAK16,GGI,POLR3D,gene,gene
MAK16,GGI,MCPH1,gene,gene
MAK16,GGI,GTPBP4,gene,gene
MAK16,GGI,NOP16,gene,gene
MAK16,GGI,NIP7,gene,gene
MAK16,GGI,CNOT7,gene,gene
MAK16,GGI,POLR1B,gene,gene
MAK16,GGI,WDR3,gene,gene
MAK16,GGI,SEH1L,gene,gene
MAK16,GGI,SDAD1,gene,gene
MAK16,GGI,NOC3L,gene,gene
MAK16,GGI,NAA15,gene,gene
MAK16,GGI,RRS1,gene,gene
MAK16,GGI,GNL3,gene,gene
MAK16,GGI,RRP15,gene,gene
MAK16,GGI,DCTN6,gene,gene
MAK16,GGI,TGS1,gene,gene
MAK16,GGI,NOLC1,gene,gene
MAK16,GGI,WRN,gene,gene
MAK16,GGI,HEATR1,gene,gene
MAK16,GGI,SLC25A32,gene,gene
MAK16,GGI,PPP2R2A,gene,gene
MAK16,GGI,POLR1F,gene,gene
MAK16,GGI,UTP14A,gene,gene
MAK16,GGI,GPATCH4,gene,gene
MAK16,GGI,DDX18,gene,gene
MAK16,GGI,NUFIP1,gene,gene
MAK16,GGI,BRIX1,gene,gene
MAK16,GGI,UTP20,gene,gene
MAK16,GGI,PNO1,gene,gene
MAK16,GGI,AGPAT5,gene,gene
MAK16,GGI,DCAF13,gene,gene
MAK16,GGI,BAG4,gene,gene
MAK16,GGI,ELP3,gene,gene
MAK16,GGI,DKC1,gene,gene
MAK16,GGI,UTP25,gene,gene
MAK16,GGI,PPRC1,gene,gene
MAK16,GGI,MTMR9,gene,gene
MAK16,GGI,QTRT2,gene,gene
MAK16,GGI,OGFOD1,gene,gene
MAK16,GGI,MYBBP1A,gene,gene
MAK16,GGI,ZPR1,gene,gene
MAK16,GGI,CCAR2,gene,gene
MAK16,GGI,TFB2M,gene,gene
MAK16,GGI,URB2,gene,gene
MAK16,GGI,EIF2S1,gene,gene
MAK16,GGI,CCDC25,gene,gene
MAK16,GGI,ESF1,gene,gene
MAK16,GGI,IMP4,gene,gene
MAK16,GGI,PES1,gene,gene
MAK16,GGI,CEBPZ,gene,gene
MAK16,GGI,NOL11,gene,gene
MAK16,GGI,DDX10,gene,gene
MAK16,GGI,RSL1D1,gene,gene
MAK16,GGI,MPHOSPH10,gene,gene
MAK16,GGI,GNL2,gene,gene
MAK16,GGI,BYSL,gene,gene
MAK16,GGI,METTL1,gene,gene
MAK16,GGI,MRTO4,gene,gene
MAK16,GGI,NOP14,gene,gene
MAK16,GGI,PWP1,gene,gene
MAK16,GGI,PTRH2,gene,gene
MAK16,GGI,TWNK,gene,gene
MAK16,GGI,NOP2,gene,gene
MAK16,GGI,TTI2,gene,gene
MAK16,GGI,GTF2E2,gene,gene
MAK16,GGI,WDR74,gene,gene
MAK16,GGI,PUS7,gene,gene
MAK16,GGI,NOL6,gene,gene
MAK16,GGI,LSG1,gene,gene
MAK16,GGI,NAT10,gene,gene
MAK16,GGI,RRP9,gene,gene
MAK16,GGI,TMA16,gene,gene
MAK16,GGI,NOL10,gene,gene
MAK16,GGI,DIMT1,gene,gene
MAK16,GGI,POLR1C,gene,gene
MAK16,GGI,NOP56,gene,gene
MAK16,GGI,EBNA1BP2,gene,gene
MAK16,GGI,INTS9,gene,gene
MAK16,GGI,COA7,gene,gene
MAK16,GGI,MTPAP,gene,gene
MAK16,GGI,HSPA9,gene,gene
MAK16,GGI,DNAJC2,gene,gene
ISL1,GGI,HAND1,gene,gene
ETNK1,GGI,ANKRD10,gene,gene
ETNK1,GGI,GLS,gene,gene
CXCR2,GGI,CXCR1,gene,gene
CXCR2,GGI,FCGR3B,gene,gene
CXCR2,GGI,ADGRE3,gene,gene
CXCR2,GGI,FPR2,gene,gene
CXCR2,GGI,CSF3R,gene,gene
CXCR2,GGI,MNDA,gene,gene
CXCR2,GGI,TNFRSF10C,gene,gene
CXCR2,GGI,PADI4,gene,gene
CXCR2,GGI,FPR1,gene,gene
CXCR2,GGI,CEACAM3,gene,gene
CXCR2,GGI,S100A12,gene,gene
CXCR2,GGI,FFAR2,gene,gene
CXCR2,GGI,ADGRG3,gene,gene
CXCR2,GGI,VNN2,gene,gene
CXCR2,GGI,MGAM,gene,gene
CXCR2,GGI,S100A8,gene,gene
CXCR2,GGI,AQP9,gene,gene
CXCR2,GGI,P2RY13,gene,gene
CXCR2,GGI,CLEC4E,gene,gene
CXCR2,GGI,APOBEC3A,gene,gene
CXCR2,GGI,MEFV,gene,gene
CXCR2,GGI,S100A9,gene,gene
CXCR2,GGI,LILRA2,gene,gene
CXCR2,GGI,HAL,gene,gene
CXCR2,GGI,TREM1,gene,gene
CXCR2,GGI,KCNJ15,gene,gene
CXCR2,GGI,CCR3,gene,gene
CXCR2,GGI,CYP4F3,gene,gene
CXCR2,GGI,MYO1F,gene,gene
CXCR2,GGI,TREML2,gene,gene
CXCR2,GGI,FGR,gene,gene
CXCR2,GGI,PPBP,gene,gene
USP11,GGI,UBA1,gene,gene
USP11,GGI,MAGED2,gene,gene
USP11,GGI,CDK16,gene,gene
USP11,GGI,TSPYL2,gene,gene
USP11,GGI,GDI1,gene,gene
USP11,GGI,DPF2,gene,gene
USP11,GGI,RBM10,gene,gene
USP11,GGI,KDM5C,gene,gene
USP11,GGI,PJA1,gene,gene
USP11,GGI,PPP2R1A,gene,gene
USP11,GGI,MAGED1,gene,gene
USP11,GGI,HDAC6,gene,gene
USP11,GGI,RBM23,gene,gene
USP11,GGI,ARAF,gene,gene
USP11,GGI,SNRNP200,gene,gene
USP11,GGI,NONO,gene,gene
USP11,GGI,SPTAN1,gene,gene
USP11,GGI,PRPF8,gene,gene
USP11,GGI,DDX24,gene,gene
USP11,GGI,MED12,gene,gene
USP11,GGI,MADD,gene,gene
USP11,GGI,GPKOW,gene,gene
ADH1C,GGI,ADH1B,gene,gene
ADH1C,GGI,ADH1A,gene,gene
ADH1C,GGI,C6,gene,gene
ADH1C,GGI,FMO3,gene,gene
ADH1C,GGI,FMO2,gene,gene
ADH1C,GGI,ADH6,gene,gene
ADH1C,GGI,C7,gene,gene
ADH1C,GGI,ADH7,gene,gene
ADH1C,GGI,TSPAN8,gene,gene
KIF18A,GGI,TTK,gene,gene
KIF18A,GGI,CENPE,gene,gene
KIF18A,GGI,ASPM,gene,gene
KIF18A,GGI,KIF14,gene,gene
KIF18A,GGI,DLGAP5,gene,gene
KIF18A,GGI,HMMR,gene,gene
KIF18A,GGI,DEPDC1,gene,gene
KIF18A,GGI,KIF20B,gene,gene
KIF18A,GGI,KIF23,gene,gene
KIF18A,GGI,KIF11,gene,gene
KIF18A,GGI,KNL1,gene,gene
KIF18A,GGI,BUB1,gene,gene
KIF18A,GGI,NDC80,gene,gene
KIF18A,GGI,NCAPG,gene,gene
KIF18A,GGI,ARHGAP11A,gene,gene
KIF18A,GGI,CENPF,gene,gene
KIF18A,GGI,TOP2A,gene,gene
KIF18A,GGI,KIF15,gene,gene
KIF18A,GGI,NUSAP1,gene,gene
KIF18A,GGI,AURKA,gene,gene
KIF18A,GGI,BUB1B,gene,gene
KIF18A,GGI,PLK4,gene,gene
KIF18A,GGI,CCNB1,gene,gene
KIF18A,GGI,NEK2,gene,gene
KIF18A,GGI,CEP55,gene,gene
KIF18A,GGI,TPX2,gene,gene
KIF18A,GGI,CDC25C,gene,gene
KIF18A,GGI,RACGAP1,gene,gene
KIF18A,GGI,HJURP,gene,gene
KIF18A,GGI,CCNB2,gene,gene
KIF18A,GGI,ECT2,gene,gene
KIF18A,GGI,STIL,gene,gene
KIF18A,GGI,KIF20A,gene,gene
KIF18A,GGI,BORA,gene,gene
KIF18A,GGI,KIF4A,gene,gene
KIF18A,GGI,CDCA8,gene,gene
KIF18A,GGI,CDKN3,gene,gene
KIF18A,GGI,NCAPH,gene,gene
KIF18A,GGI,CENPI,gene,gene
KIF18A,GGI,NEIL3,gene,gene
KIF18A,GGI,CKAP2,gene,gene
KIF18A,GGI,CDK1,gene,gene
KIF18A,GGI,CCNA2,gene,gene
KIF18A,GGI,SMC4,gene,gene
KIF18A,GGI,KIF2C,gene,gene
KIF18A,GGI,PRC1,gene,gene
KIF18A,GGI,PBK,gene,gene
KIF18A,GGI,MELK,gene,gene
KIF18A,GGI,PRR11,gene,gene
KIF18A,GGI,PLK1,gene,gene
KIF18A,GGI,CDC20,gene,gene
KIF18A,GGI,DIAPH3,gene,gene
KIF18A,GGI,SPDL1,gene,gene
KIF18A,GGI,RAD51AP1,gene,gene
KIF18A,GGI,MKI67,gene,gene
KIF18A,GGI,SKA1,gene,gene
KIF18A,GGI,POLQ,gene,gene
KIF18A,GGI,SPC25,gene,gene
KIF18A,GGI,GTSE1,gene,gene
KIF18A,GGI,CENPA,gene,gene
KIF18A,GGI,UBE2C,gene,gene
KIF18A,GGI,DBF4,gene,gene
KIF18A,GGI,KIFC1,gene,gene
KIF18A,GGI,PTTG1,gene,gene
KIF18A,GGI,SPAG5,gene,gene
KIF18A,GGI,MAD2L1,gene,gene
KIF18A,GGI,CDCA3,gene,gene
KIF18A,GGI,ERCC6L,gene,gene
KIF18A,GGI,FBXO5,gene,gene
KIF18A,GGI,CKAP5,gene,gene
KIF18A,GGI,OIP5,gene,gene
KIF18A,GGI,CIT,gene,gene
KIF18A,GGI,CKS2,gene,gene
KIF18A,GGI,TROAP,gene,gene
KIF18A,GGI,BRCA2,gene,gene
KIF18A,GGI,ATAD5,gene,gene
KIF18A,GGI,BIRC5,gene,gene
KIF18A,GGI,SHCBP1,gene,gene
KIF18A,GGI,KPNA2,gene,gene
KIF18A,GGI,MIS18BP1,gene,gene
KIF18A,GGI,E2F8,gene,gene
KIF18A,GGI,FOXM1,gene,gene
KIF18A,GGI,CENPN,gene,gene
KIF18A,GGI,CCNF,gene,gene
KIF18A,GGI,KIF24,gene,gene
KIF18A,GGI,GPSM2,gene,gene
KIF18A,GGI,CHEK1,gene,gene
KIF18A,GGI,CENPU,gene,gene
KIF18A,GGI,SMC2,gene,gene
KIF18A,GGI,CEP295,gene,gene
KIF18A,GGI,KIF18B,gene,gene
KIF18A,GGI,CEP152,gene,gene
KIF18A,GGI,FANCI,gene,gene
PRMT3,GGI,WDR12,gene,gene
PRMT3,GGI,ABCE1,gene,gene
PRMT3,GGI,TTC27,gene,gene
PRMT3,GGI,PUS7,gene,gene
PRMT3,GGI,WDR3,gene,gene
PRMT3,GGI,MTIF2,gene,gene
PRMT3,GGI,TSEN2,gene,gene
PRMT3,GGI,POLR3G,gene,gene
PRMT3,GGI,DIMT1,gene,gene
PRMT3,GGI,ATIC,gene,gene
PRMT3,GGI,NAT10,gene,gene
PRMT3,GGI,NUP107,gene,gene
PRMT3,GGI,GTF2H3,gene,gene
PRMT3,GGI,NAE1,gene,gene
PRMT3,GGI,GUF1,gene,gene
PRMT3,GGI,LARS1,gene,gene
PRMT3,GGI,DKC1,gene,gene
PRMT3,GGI,DDX10,gene,gene
PRMT3,GGI,MRPL3,gene,gene
PRMT3,GGI,TMA16,gene,gene
PRMT3,GGI,TMEM267,gene,gene
PRMT3,GGI,NOC3L,gene,gene
PRMT3,GGI,TRAP1,gene,gene
PRMT3,GGI,NARS2,gene,gene
PRMT3,GGI,IPO7,gene,gene
PRMT3,GGI,FAM216A,gene,gene
PRMT3,GGI,DUS4L,gene,gene
PRMT3,GGI,WDR43,gene,gene
PRMT3,GGI,EIF3M,gene,gene
PRMT3,GGI,UCHL5,gene,gene
PRMT3,GGI,DCAF13,gene,gene
PRMT3,GGI,POLR1B,gene,gene
PRMT3,GGI,GART,gene,gene
PRMT3,GGI,C1QBP,gene,gene
PRMT3,GGI,GTF2H1,gene,gene
GAS7,GGI,RCVRN,gene,gene
GAS7,GGI,EMILIN2,gene,gene
TADA2A,GGI,C17orf75,gene,gene
TADA2A,GGI,RAD51D,gene,gene
TADA2A,GGI,GOSR1,gene,gene
TADA2A,GGI,GLOD4,gene,gene
TADA2A,GGI,GPATCH1,gene,gene
TADA2A,GGI,LRCH3,gene,gene
TADA2A,GGI,PRIM1,gene,gene
PRORP,GGI,GMPR2,gene,gene
PRORP,GGI,TDP1,gene,gene
PRORP,GGI,KIAA0586,gene,gene
PRORP,GGI,PSMB5,gene,gene
PRORP,GGI,METTL3,gene,gene
PRORP,GGI,OXA1L,gene,gene
PRORP,GGI,FARS2,gene,gene
PRORP,GGI,EXD2,gene,gene
PRORP,GGI,TTLL5,gene,gene
PRORP,GGI,AP5M1,gene,gene
VPS9D1,GGI,ZNF276,gene,gene
VPS9D1,GGI,GALNS,gene,gene
VPS9D1,GGI,TAF1C,gene,gene
VPS9D1,GGI,CDK10,gene,gene
VPS9D1,GGI,IDUA,gene,gene
VPS9D1,GGI,TCF25,gene,gene
VPS9D1,GGI,CHMP1A,gene,gene
VPS9D1,GGI,MAPK8IP3,gene,gene
VPS9D1,GGI,FHIP2B,gene,gene
SNTB2,GGI,PHLPP2,gene,gene
ZNF232,GGI,MIS12,gene,gene
ZNF232,GGI,ZNF286A,gene,gene
ZNF232,GGI,WRAP53,gene,gene
ZNF232,GGI,RPAIN,gene,gene
ZNF232,GGI,ELP5,gene,gene
ZNF232,GGI,ZNF32,gene,gene
ZNF232,GGI,ZSCAN16,gene,gene
ZNF232,GGI,KIAA0753,gene,gene
ZNF232,GGI,TOP3A,gene,gene
BLVRA,GGI,ACOT9,gene,gene
BLVRA,GGI,PSMA2,gene,gene
TEX2,GGI,ZHX3,gene,gene
TEX2,GGI,SETD3,gene,gene
TEX2,GGI,AKAP1,gene,gene
TEX2,GGI,FAM20B,gene,gene
TEX2,GGI,IPO13,gene,gene
TEX2,GGI,ATRN,gene,gene
PRDM8,GGI,FGF5,gene,gene
RGS2,GGI,FOS,gene,gene
RGS2,GGI,DUSP1,gene,gene
RGS2,GGI,NR4A2,gene,gene
RGS2,GGI,SGK1,gene,gene
RGS2,GGI,RGS1,gene,gene
RGS2,GGI,PTGS2,gene,gene
RGS2,GGI,FOSB,gene,gene
RGS2,GGI,ZFP36,gene,gene
RGS2,GGI,MCL1,gene,gene
CCL1,GGI,IL13,gene,gene
CCL1,GGI,CSF2,gene,gene
CCL1,GGI,CCL13,gene,gene
CCL1,GGI,IL3,gene,gene
CCT4,GGI,CCT7,gene,gene
CCT4,GGI,CCT3,gene,gene
CCT4,GGI,HSPD1,gene,gene
CCT4,GGI,CCT2,gene,gene
CCT4,GGI,TCP1,gene,gene
CCT4,GGI,HSP90AB1,gene,gene
CCT4,GGI,CCT8,gene,gene
CCT4,GGI,CCT6A,gene,gene
CCT4,GGI,CCT5,gene,gene
CCT4,GGI,GPN1,gene,gene
CCT4,GGI,HSPA4,gene,gene
CCT4,GGI,CACYBP,gene,gene
CCT4,GGI,HSPA8,gene,gene
CCT4,GGI,STIP1,gene,gene
CCT4,GGI,FKBP4,gene,gene
CCT4,GGI,AHSA1,gene,gene
CCT4,GGI,KARS1,gene,gene
CCT4,GGI,HSPE1,gene,gene
CCT4,GGI,HSP90AA1,gene,gene
CCT4,GGI,HSPH1,gene,gene
CCT4,GGI,PSMD14,gene,gene
CCT4,GGI,RPS7,gene,gene
CCT4,GGI,XPO1,gene,gene
CCT4,GGI,EIF3M,gene,gene
CCT4,GGI,LRPPRC,gene,gene
CCT4,GGI,TTC27,gene,gene
CCT4,GGI,IPO5,gene,gene
CCT4,GGI,RAN,gene,gene
CCT4,GGI,DDX1,gene,gene
CCT4,GGI,XRCC5,gene,gene
CCT4,GGI,HDAC2,gene,gene
CCT4,GGI,XRCC6,gene,gene
CCT4,GGI,DNAJA1,gene,gene
CCT4,GGI,MRPL3,gene,gene
CCT4,GGI,FXR1,gene,gene
CCT4,GGI,STRAP,gene,gene
CCT4,GGI,GLRX3,gene,gene
CCT4,GGI,OLA1,gene,gene
CCT4,GGI,CSE1L,gene,gene
CCT4,GGI,EIF3E,gene,gene
CCT4,GGI,EIF3D,gene,gene
CCT4,GGI,PPID,gene,gene
CCT4,GGI,RARS1,gene,gene
CCT4,GGI,RPS27A,gene,gene
CCT4,GGI,MMADHC,gene,gene
CCT4,GGI,ATIC,gene,gene
CCT4,GGI,IMPDH2,gene,gene
CCT4,GGI,ST13,gene,gene
CCT4,GGI,CEBPZ,gene,gene
CCT4,GGI,IPO7,gene,gene
CCT4,GGI,C1QBP,gene,gene
CCT4,GGI,GTF3C3,gene,gene
CCT4,GGI,PSMC6,gene,gene
CCT4,GGI,DCAF13,gene,gene
CCT4,GGI,GMPS,gene,gene
CCT4,GGI,IMMT,gene,gene
CCT4,GGI,ADSL,gene,gene
CCT4,GGI,RPL24,gene,gene
CCT4,GGI,ILF2,gene,gene
CCT4,GGI,ABCE1,gene,gene
CCT4,GGI,TOMM70,gene,gene
CCT4,GGI,MDH1,gene,gene
CCT4,GGI,RPL6,gene,gene
CCT4,GGI,WDR12,gene,gene
CCT4,GGI,PTGES3,gene,gene
CCT4,GGI,EIF2S2,gene,gene
CCT4,GGI,USP39,gene,gene
CCT4,GGI,RSL1D1,gene,gene
CCT4,GGI,TRIM28,gene,gene
CCT4,GGI,DARS1,gene,gene
CCT4,GGI,EEF1B2,gene,gene
CCT4,GGI,MTREX,gene,gene
CCT4,GGI,EIF3H,gene,gene
CCT4,GGI,RPL7A,gene,gene
CCT4,GGI,NUDC,gene,gene
CCT4,GGI,EIF3I,gene,gene
CCT4,GGI,PSMD6,gene,gene
CCT4,GGI,PSMA5,gene,gene
CCT4,GGI,RPL10A,gene,gene
CCT4,GGI,NOL11,gene,gene
CCT4,GGI,RPL5,gene,gene
CCT4,GGI,RPS3A,gene,gene
CCT4,GGI,MRPL19,gene,gene
CCT4,GGI,HNRNPC,gene,gene
CCT4,GGI,RUVBL2,gene,gene
CCT4,GGI,RPSA,gene,gene
CCT4,GGI,DDX50,gene,gene
CCT4,GGI,MSH6,gene,gene
CCT4,GGI,SF3B3,gene,gene
CCT4,GGI,NDUFAB1,gene,gene
CCT4,GGI,TARS1,gene,gene
CCT4,GGI,FASTKD2,gene,gene
CCT4,GGI,MRPL18,gene,gene
CCT4,GGI,NACA,gene,gene
CCT4,GGI,NUP37,gene,gene
CCT4,GGI,RTRAF,gene,gene
CCT4,GGI,YWHAQ,gene,gene
CCT4,GGI,SET,gene,gene
CCT4,GGI,METTL5,gene,gene
CCT4,GGI,LARS1,gene,gene
CCT4,GGI,GART,gene,gene
CCT4,GGI,DRG1,gene,gene
CCT4,GGI,UTP6,gene,gene
CCT4,GGI,PPM1G,gene,gene
CCT4,GGI,PSMB1,gene,gene
CCT4,GGI,GDI2,gene,gene
CCT4,GGI,VDAC2,gene,gene
CCT4,GGI,DAP3,gene,gene
CCT4,GGI,METAP2,gene,gene
CCT4,GGI,ACTL6A,gene,gene
CCT4,GGI,RACK1,gene,gene
JRKL,GGI,CCDC82,gene,gene
JRKL,GGI,BBS10,gene,gene
JRKL,GGI,RBM12B,gene,gene
JRKL,GGI,KLHL9,gene,gene
JRKL,GGI,FAM200C,gene,gene
JRKL,GGI,NKAPD1,gene,gene
JRKL,GGI,BIRC2,gene,gene
JRKL,GGI,INSIG2,gene,gene
JRKL,GGI,CCDC90B,gene,gene
JRKL,GGI,FPGT,gene,gene
JRKL,GGI,LIG4,gene,gene
RGS14,GGI,DEF6,gene,gene
RGS14,GGI,ARHGAP45,gene,gene
RGS14,GGI,DENND1C,gene,gene
RGS14,GGI,AGAP2,gene,gene
RGS14,GGI,RGS19,gene,gene
RGS14,GGI,F12,gene,gene
RGS14,GGI,PIK3CD,gene,gene
RGS14,GGI,PSTPIP1,gene,gene
RGS14,GGI,SH3BP1,gene,gene
RGS14,GGI,FCHO1,gene,gene
RGS14,GGI,GRK6,gene,gene
RGS14,GGI,LIMD2,gene,gene
RGS14,GGI,GPSM3,gene,gene
RGS14,GGI,ACAP1,gene,gene
RGS14,GGI,PSD4,gene,gene
RGS14,GGI,CORO1A,gene,gene
RGS14,GGI,MAST3,gene,gene
RGS14,GGI,ARHGAP4,gene,gene
GPNMB,GGI,ACP5,gene,gene
GPNMB,GGI,CCL18,gene,gene
GPNMB,GGI,ASAH1,gene,gene
GPNMB,GGI,CTSD,gene,gene
GPNMB,GGI,FPR3,gene,gene
GPNMB,GGI,HEXB,gene,gene
GPNMB,GGI,CTSK,gene,gene
GPNMB,GGI,NUPR1,gene,gene
GPNMB,GGI,UAP1L1,gene,gene
GPNMB,GGI,GNPDA1,gene,gene
SNRPC,GGI,CSNK2B,gene,gene
SNRPC,GGI,LSM2,gene,gene
SNRPC,GGI,PSMB1,gene,gene
SNRPC,GGI,PFDN6,gene,gene
SNRPC,GGI,SNRPD2,gene,gene
SNRPC,GGI,MRPL2,gene,gene
SNRPC,GGI,SF3B5,gene,gene
SNRPC,GGI,NELFE,gene,gene
SNRPC,GGI,PSMB2,gene,gene
SNRPC,GGI,SSBP1,gene,gene
SNRPC,GGI,ABT1,gene,gene
SNRPC,GGI,ATP5MF,gene,gene
SNRPC,GGI,SNRPF,gene,gene
SNRPC,GGI,PHB1,gene,gene
SNRPC,GGI,RTRAF,gene,gene
SNRPC,GGI,RPL26L1,gene,gene
SNRPC,GGI,TAF11,gene,gene
SNRPC,GGI,NDUFB4,gene,gene
SNRPC,GGI,CUTA,gene,gene
SNRPC,GGI,PSMB3,gene,gene
SNRPC,GGI,MRPL22,gene,gene
SNRPC,GGI,PPIH,gene,gene
SNRPC,GGI,LSM7,gene,gene
SNRPC,GGI,LSM3,gene,gene
SNRPC,GGI,MRPS18B,gene,gene
SNRPC,GGI,WDR46,gene,gene
SNRPC,GGI,NUTF2,gene,gene
SNRPC,GGI,PSMB4,gene,gene
SNRPC,GGI,SNRPD1,gene,gene
SNRPC,GGI,SNRPE,gene,gene
SNRPC,GGI,NOP10,gene,gene
SNRPC,GGI,NDUFAB1,gene,gene
SNRPC,GGI,ILF2,gene,gene
SNRPC,GGI,POLR2G,gene,gene
SNRPC,GGI,PSMB6,gene,gene
SNRPC,GGI,MRPL52,gene,gene
SNRPC,GGI,PSMB7,gene,gene
SNRPC,GGI,MRPL13,gene,gene
SNRPC,GGI,SLIRP,gene,gene
SNRPC,GGI,SNRPB,gene,gene
SNRPC,GGI,POLR2I,gene,gene
SNRPC,GGI,ERH,gene,gene
SNRPC,GGI,SAP18,gene,gene
SNRPC,GGI,POLR2J,gene,gene
SNRPC,GGI,CHCHD2,gene,gene
SNRPC,GGI,MAGOH,gene,gene
SNRPC,GGI,COX6B1,gene,gene
SNRPC,GGI,NDUFS6,gene,gene
SNRPC,GGI,SNRPD3,gene,gene
SNRPC,GGI,ATP5MJ,gene,gene
SNRPC,GGI,ELOB,gene,gene
SNRPC,GGI,BANF1,gene,gene
SNRPC,GGI,UBE2L3,gene,gene
SNRPC,GGI,DNAJC8,gene,gene
SNRPC,GGI,EIF6,gene,gene
SNRPC,GGI,PSMC3,gene,gene
SNRPC,GGI,GNG5,gene,gene
SNRPC,GGI,UQCR10,gene,gene
SNRPC,GGI,XRCC6,gene,gene
SNRPC,GGI,HSD17B10,gene,gene
SNRPC,GGI,NDUFA3,gene,gene
SNRPC,GGI,MRPS18A,gene,gene
SNRPC,GGI,ATP5ME,gene,gene
SNRPC,GGI,GLO1,gene,gene
SNRPC,GGI,TRAPPC2L,gene,gene
SNRPC,GGI,ATP5MG,gene,gene
SNRPC,GGI,SNRPG,gene,gene
SNRPC,GGI,C19orf53,gene,gene
SNRPC,GGI,NEDD8,gene,gene
SNRPC,GGI,ATP5PO,gene,gene
SNRPC,GGI,RAN,gene,gene
SNRPC,GGI,SNRPB2,gene,gene
SNRPC,GGI,NDUFB7,gene,gene
SNRPC,GGI,MRPL11,gene,gene
SNRPC,GGI,GADD45GIP1,gene,gene
SNRPC,GGI,COX7A2,gene,gene
SNRPC,GGI,PPP2R5D,gene,gene
SNRPC,GGI,PSMD8,gene,gene
SNRPC,GGI,CCT3,gene,gene
SNRPC,GGI,POMP,gene,gene
SNRPC,GGI,NHP2,gene,gene
SNRPC,GGI,PSMA7,gene,gene
SNRPC,GGI,RNF5,gene,gene
SNRPC,GGI,PFDN5,gene,gene
SNRPC,GGI,ARPC3,gene,gene
ZBTB6,GGI,PDCL,gene,gene
ZBTB6,GGI,ZNF24,gene,gene
ZBTB6,GGI,ZNF510,gene,gene
ZBTB6,GGI,RANBP6,gene,gene
ZBTB6,GGI,MFAP3,gene,gene
ZBTB6,GGI,ZNF484,gene,gene
ZBTB6,GGI,GTF3C4,gene,gene
ZBTB6,GGI,MOCS3,gene,gene
ZBTB6,GGI,FEM1B,gene,gene
ZBTB6,GGI,VCPIP1,gene,gene
ZBTB6,GGI,ZNF770,gene,gene
ZBTB6,GGI,FBXO28,gene,gene
ZBTB6,GGI,KLHL9,gene,gene
ZBTB6,GGI,PAPOLG,gene,gene
ZBTB6,GGI,ZBTB33,gene,gene
ZBTB6,GGI,MYNN,gene,gene
ZBTB6,GGI,BBS10,gene,gene
ZBTB6,GGI,SMG8,gene,gene
ZBTB6,GGI,PPP6C,gene,gene
ZBTB6,GGI,ZNF304,gene,gene
ZBTB6,GGI,OBI1,gene,gene
ZBTB6,GGI,METTL18,gene,gene
ZBTB6,GGI,ZNF264,gene,gene
ZBTB6,GGI,RAB14,gene,gene
ZBTB6,GGI,LIN7C,gene,gene
ZBTB6,GGI,ZBTB5,gene,gene
ZBTB6,GGI,KLHL28,gene,gene
ZBTB6,GGI,PEX12,gene,gene
ZBTB6,GGI,MTERF1,gene,gene
ZBTB6,GGI,ZNF614,gene,gene
ZBTB6,GGI,ADO,gene,gene
ZBTB6,GGI,THAP1,gene,gene
ZBTB6,GGI,RBM12B,gene,gene
ZBTB6,GGI,ZNF12,gene,gene
ZBTB6,GGI,RC3H2,gene,gene
ZBTB6,GGI,KLHL11,gene,gene
ZBTB6,GGI,ZFP37,gene,gene
ZBTB6,GGI,ABRAXAS2,gene,gene
ZBTB6,GGI,ZBTB43,gene,gene
ZBTB6,GGI,TMED7,gene,gene
ZBTB6,GGI,TRIM32,gene,gene
ZBTB6,GGI,SREK1IP1,gene,gene
ZBTB6,GGI,ZNF189,gene,gene
ZBTB6,GGI,FRS2,gene,gene
ZBTB6,GGI,TRIM23,gene,gene
ZBTB6,GGI,ZNF669,gene,gene
ZBTB6,GGI,ANKRD49,gene,gene
ZBTB6,GGI,GMFB,gene,gene
ZBTB6,GGI,MSL2,gene,gene
ZBTB6,GGI,LIG4,gene,gene
ZBTB6,GGI,CBLL1,gene,gene
ZBTB6,GGI,RBM48,gene,gene
RAB8B,GGI,STK4,gene,gene
RAB8B,GGI,ATF2,gene,gene
RAB8B,GGI,GNA13,gene,gene
RAB8B,GGI,CREB1,gene,gene
MS4A12,GGI,MYH2,gene,gene
MS4A12,GGI,CLCA1,gene,gene
MS4A12,GGI,PNLIP,gene,gene
MS4A12,GGI,SI,gene,gene
MS4A12,GGI,PRDM14,gene,gene
PPRC1,GGI,NOLC1,gene,gene
PPRC1,GGI,TWNK,gene,gene
PPRC1,GGI,RRP12,gene,gene
PPRC1,GGI,USP36,gene,gene
PPRC1,GGI,URB2,gene,gene
PPRC1,GGI,MYBBP1A,gene,gene
PPRC1,GGI,PDCD11,gene,gene
PPRC1,GGI,NOL6,gene,gene
PPRC1,GGI,DDX21,gene,gene
PPRC1,GGI,NOP2,gene,gene
PPRC1,GGI,METTL1,gene,gene
PPRC1,GGI,BYSL,gene,gene
PPRC1,GGI,GTPBP4,gene,gene
PPRC1,GGI,RRS1,gene,gene
PPRC1,GGI,NOP16,gene,gene
PPRC1,GGI,ZNF574,gene,gene
PPRC1,GGI,WDR43,gene,gene
PPRC1,GGI,SMYD5,gene,gene
PPRC1,GGI,NOC3L,gene,gene
PPRC1,GGI,MYC,gene,gene
PPRC1,GGI,DDX31,gene,gene
PPRC1,GGI,DPH2,gene,gene
PPRC1,GGI,POM121,gene,gene
PPRC1,GGI,PUS1,gene,gene
PPRC1,GGI,ZNF142,gene,gene
PPRC1,GGI,MAK16,gene,gene
PPRC1,GGI,CCDC86,gene,gene
PPRC1,GGI,CHERP,gene,gene
PPRC1,GGI,NOP14,gene,gene
PPRC1,GGI,SRCAP,gene,gene
PPRC1,GGI,ABCE1,gene,gene
PPRC1,GGI,ATXN2L,gene,gene
PPRC1,GGI,CAD,gene,gene
PPRC1,GGI,URB1,gene,gene
PPRC1,GGI,GEMIN4,gene,gene
PPRC1,GGI,POLR1B,gene,gene
PPRC1,GGI,ZNF202,gene,gene
PPRC1,GGI,GRWD1,gene,gene
PPRC1,GGI,POLR1C,gene,gene
PPRC1,GGI,SF1,gene,gene
PPRC1,GGI,PAK1IP1,gene,gene
PPRC1,GGI,TSR1,gene,gene
PPRC1,GGI,AEN,gene,gene
PPRC1,GGI,PNO1,gene,gene
PPRC1,GGI,VARS1,gene,gene
PPRC1,GGI,DCAF1,gene,gene
PPRC1,GGI,NIP7,gene,gene
PPRC1,GGI,GBF1,gene,gene
PPRC1,GGI,GNL3,gene,gene
PPRC1,GGI,SLC7A1,gene,gene
PPRC1,GGI,PRRC2A,gene,gene
PPRC1,GGI,BRPF1,gene,gene
PPRC1,GGI,NAT10,gene,gene
PPRC1,GGI,TCOF1,gene,gene
PPRC1,GGI,TAF5L,gene,gene
PPRC1,GGI,NUP153,gene,gene
PPRC1,GGI,UBIAD1,gene,gene
PPRC1,GGI,PFAS,gene,gene
PPRC1,GGI,SETD1A,gene,gene
PPRC1,GGI,GPATCH4,gene,gene
PPRC1,GGI,POLR3D,gene,gene
PPRC1,GGI,MAT2A,gene,gene
PPRC1,GGI,UBAP2L,gene,gene
PPRC1,GGI,SCAF4,gene,gene
PPRC1,GGI,PLAGL2,gene,gene
PPRC1,GGI,TCERG1,gene,gene
PPRC1,GGI,KMT2B,gene,gene
PPRC1,GGI,HCFC1,gene,gene
PPRC1,GGI,EIF3A,gene,gene
PPRC1,GGI,LARP1,gene,gene
PPRC1,GGI,RRP1,gene,gene
PPRC1,GGI,PMM2,gene,gene
PPRC1,GGI,PELP1,gene,gene
PPRC1,GGI,NUFIP1,gene,gene
PPRC1,GGI,PER2,gene,gene
PPRC1,GGI,POLR3E,gene,gene
PPRC1,GGI,ISG20L2,gene,gene
PPRC1,GGI,UTP25,gene,gene
PPRC1,GGI,RRP9,gene,gene
PPRC1,GGI,COA7,gene,gene
PPRC1,GGI,SRM,gene,gene
APEX1,GGI,OXA1L,gene,gene
APEX1,GGI,NONO,gene,gene
APEX1,GGI,PHB2,gene,gene
APEX1,GGI,HNRNPA1,gene,gene
APEX1,GGI,RPL3,gene,gene
APEX1,GGI,EIF3L,gene,gene
APEX1,GGI,PRMT5,gene,gene
APEX1,GGI,SLC25A6,gene,gene
APEX1,GGI,FBL,gene,gene
APEX1,GGI,RPL10,gene,gene
APEX1,GGI,RSL1D1,gene,gene
APEX1,GGI,IMPDH2,gene,gene
APEX1,GGI,RPS3,gene,gene
APEX1,GGI,OSGEP,gene,gene
APEX1,GGI,RACK1,gene,gene
APEX1,GGI,ILF2,gene,gene
APEX1,GGI,QARS1,gene,gene
APEX1,GGI,RBMX,gene,gene
APEX1,GGI,CDK4,gene,gene
APEX1,GGI,GMPR2,gene,gene
APEX1,GGI,TUBB,gene,gene
APEX1,GGI,RPL5,gene,gene
APEX1,GGI,RPS2,gene,gene
APEX1,GGI,CCNB1IP1,gene,gene
APEX1,GGI,EIF3D,gene,gene
APEX1,GGI,MRPS27,gene,gene
APEX1,GGI,RPL8,gene,gene
APEX1,GGI,RPLP0,gene,gene
APEX1,GGI,RPL10A,gene,gene
APEX1,GGI,ATIC,gene,gene
APEX1,GGI,MTHFD1,gene,gene
APEX1,GGI,IGBP1,gene,gene
APEX1,GGI,DPH5,gene,gene
APEX1,GGI,RPL13A,gene,gene
APEX1,GGI,EEF2,gene,gene
APEX1,GGI,SUPT16H,gene,gene
APEX1,GGI,EIF4B,gene,gene
APEX1,GGI,NGDN,gene,gene
APEX1,GGI,EIF3M,gene,gene
APEX1,GGI,RPL15,gene,gene
APEX1,GGI,CLNS1A,gene,gene
APEX1,GGI,SAMM50,gene,gene
APEX1,GGI,RPL18,gene,gene
APEX1,GGI,RPS4X,gene,gene
APEX1,GGI,ADSL,gene,gene
APEX1,GGI,PAICS,gene,gene
APEX1,GGI,TOMM22,gene,gene
APEX1,GGI,RPL6,gene,gene
APEX1,GGI,BTF3,gene,gene
APEX1,GGI,THOC6,gene,gene
APEX1,GGI,RPS16,gene,gene
APEX1,GGI,METTL17,gene,gene
APEX1,GGI,HNRNPA0,gene,gene
APEX1,GGI,RPL7A,gene,gene
APEX1,GGI,EIF3G,gene,gene
APEX1,GGI,PSMB5,gene,gene
APEX1,GGI,THG1L,gene,gene
APEX1,GGI,RPS5,gene,gene
APEX1,GGI,ELP5,gene,gene
APEX1,GGI,HNRNPC,gene,gene
APEX1,GGI,RPS23,gene,gene
APEX1,GGI,PHB1,gene,gene
APEX1,GGI,EEF1A1,gene,gene
APEX1,GGI,TXN2,gene,gene
HOXB9,GGI,HOXB8,gene,gene
HOXB9,GGI,HOXB6,gene,gene
HOXB9,GGI,HOXB5,gene,gene
HOXB9,GGI,HOXB7,gene,gene
HOXB9,GGI,HOXB3,gene,gene
HOXB9,GGI,HOXD9,gene,gene
HOXB9,GGI,HOXB2,gene,gene
HOXB9,GGI,HOXC8,gene,gene
HOXB9,GGI,HOXC6,gene,gene
HOXB9,GGI,HOXD11,gene,gene
HOXB9,GGI,HOXD10,gene,gene
HOXB9,GGI,HOXB13,gene,gene
HOXB9,GGI,HOXC10,gene,gene
HOXB9,GGI,HOXA6,gene,gene
HOXB9,GGI,HOXA11,gene,gene
HOXB9,GGI,HOXA10,gene,gene
HOXB9,GGI,HOXD3,gene,gene
HOXB9,GGI,SKAP1,gene,gene
HOXB9,GGI,HOXA5,gene,gene
HOXB9,GGI,MNX1,gene,gene
SLC12A8,GGI,HEG1,gene,gene
MAP3K1,GGI,RAB11FIP1,gene,gene
SCGB1A1,GGI,BPIFA1,gene,gene
SCGB1A1,GGI,CYP4B1,gene,gene
SCGB1A1,GGI,KRT4,gene,gene
IKBKB,GGI,RBM6,gene,gene
IKBKB,GGI,SPIDR,gene,gene
IKBKB,GGI,METTL3,gene,gene
IKBKB,GGI,INTS9,gene,gene
IKBKB,GGI,PLAT,gene,gene
IKBKB,GGI,BIN3,gene,gene
IKBKB,GGI,NSD3,gene,gene
IKBKB,GGI,TEP1,gene,gene
IKBKB,GGI,FHIP2B,gene,gene
IKBKB,GGI,ZNF76,gene,gene
CACNA1S,GGI,MYOG,gene,gene
CACNA1S,GGI,NRAP,gene,gene
CACNA1S,GGI,MYH7,gene,gene
CACNA1S,GGI,RYR1,gene,gene
CACNA1S,GGI,MYL1,gene,gene
CACNA1S,GGI,MYH2,gene,gene
CACNA1S,GGI,SYNPO2L,gene,gene
CACNA1S,GGI,MYF6,gene,gene
CACNA1S,GGI,CHRND,gene,gene
CACNA1S,GGI,HRC,gene,gene
CACNA1S,GGI,TNNI1,gene,gene
CACNA1S,GGI,MYH6,gene,gene
CACNA1S,GGI,FBP2,gene,gene
CACNA1S,GGI,MYH1,gene,gene
CACNA1S,GGI,MYOD1,gene,gene
CACNA1S,GGI,MYH8,gene,gene
CACNA1S,GGI,CACNG1,gene,gene
CACNA1S,GGI,MYBPC1,gene,gene
CACNA1S,GGI,PPP1R3A,gene,gene
CACNA1S,GGI,MYBPC2,gene,gene
CACNA1S,GGI,LDB3,gene,gene
CACNA1S,GGI,MYOZ1,gene,gene
CACNA1S,GGI,MYL2,gene,gene
CACNA1S,GGI,TNNC2,gene,gene
CACNA1S,GGI,CKM,gene,gene
CACNA1S,GGI,CSRP3,gene,gene
CACNA1S,GGI,MYL11,gene,gene
CACNA1S,GGI,ATP1A2,gene,gene
CACNA1S,GGI,SLC22A6,gene,gene
CACNA1S,GGI,SLC22A8,gene,gene
CACNA1S,GGI,SCN4A,gene,gene
CACNA1S,GGI,RBFOX1,gene,gene
CACNA1S,GGI,RPL3L,gene,gene
CACNA1S,GGI,UMOD,gene,gene
CACNA1S,GGI,ATP2A1,gene,gene
CACNA1S,GGI,CAMK2A,gene,gene
CACNA1S,GGI,SGCA,gene,gene
CACNA1S,GGI,COX6A2,gene,gene
CACNA1S,GGI,MYH7B,gene,gene
CACNA1S,GGI,FBXO40,gene,gene
ASAP1,GGI,MAP4K4,gene,gene
ASAP1,GGI,AGO2,gene,gene
ASAP1,GGI,GRINA,gene,gene
ASAP1,GGI,ATXN2,gene,gene
ASAP1,GGI,PAK2,gene,gene
ASAP1,GGI,BRD4,gene,gene
ASAP1,GGI,NCOA6,gene,gene
ASAP1,GGI,PTPN12,gene,gene
ASAP1,GGI,MED13L,gene,gene
ASAP1,GGI,TMEM131,gene,gene
PDS5B,GGI,NIPBL,gene,gene
PDS5B,GGI,HMGB1,gene,gene
PDS5B,GGI,MED4,gene,gene
PDS5B,GGI,ZC3H13,gene,gene
PDS5B,GGI,AKAP11,gene,gene
PDS5B,GGI,SMC3,gene,gene
PDS5B,GGI,RBM26,gene,gene
PDS5B,GGI,KPNA3,gene,gene
PDS5B,GGI,PHIP,gene,gene
PDS5B,GGI,ADNP,gene,gene
PDS5B,GGI,ZMYM2,gene,gene
PDS5B,GGI,RSF1,gene,gene
PDS5B,GGI,MYCBP2,gene,gene
PDS5B,GGI,MIS18BP1,gene,gene
PDS5B,GGI,SUPT20H,gene,gene
PDS5B,GGI,RAD21,gene,gene
PDS5B,GGI,OBI1,gene,gene
PDS5B,GGI,CKAP2,gene,gene
PDS5B,GGI,MATR3,gene,gene
PDS5B,GGI,MPHOSPH8,gene,gene
PDS5B,GGI,TPR,gene,gene
PDS5B,GGI,WBP4,gene,gene
PDS5B,GGI,RB1,gene,gene
PDS5B,GGI,ZNF292,gene,gene
PDS5B,GGI,NAA16,gene,gene
PDS5B,GGI,USPL1,gene,gene
PDS5B,GGI,CTCF,gene,gene
PDS5B,GGI,ATRX,gene,gene
PDS5B,GGI,TOP2B,gene,gene
PDS5B,GGI,PSPC1,gene,gene
PDS5B,GGI,PIAS1,gene,gene
PDS5B,GGI,MTMR6,gene,gene
PDS5B,GGI,DIS3,gene,gene
PDS5B,GGI,CDC5L,gene,gene
PDS5B,GGI,PPIG,gene,gene
PDS5B,GGI,CEP350,gene,gene
PDS5B,GGI,RFC3,gene,gene
PDS5B,GGI,ZNF148,gene,gene
PDS5B,GGI,PPP1R12A,gene,gene
PDS5B,GGI,BCLAF1,gene,gene
PDS5B,GGI,U2SURP,gene,gene
PDS5B,GGI,BRCA2,gene,gene
PDS5B,GGI,SP3,gene,gene
MLLT11,GGI,MAP1A,gene,gene
MLLT11,GGI,CDC42SE1,gene,gene
MLLT11,GGI,B4GALNT1,gene,gene
MLLT11,GGI,PFN2,gene,gene
MLLT11,GGI,KIF3C,gene,gene
MLLT11,GGI,UCHL1,gene,gene
POMC,GGI,UTF1,gene,gene
LAT2,GGI,SASH3,gene,gene
LAT2,GGI,CYTH4,gene,gene
LAT2,GGI,DOK3,gene,gene
LAT2,GGI,VAV1,gene,gene
LAT2,GGI,RGS19,gene,gene
LAT2,GGI,WAS,gene,gene
LAT2,GGI,NCF4,gene,gene
LAT2,GGI,LST1,gene,gene
LAT2,GGI,BTK,gene,gene
LAT2,GGI,SPI1,gene,gene
LAT2,GGI,HCLS1,gene,gene
LAT2,GGI,PTAFR,gene,gene
LAT2,GGI,LILRA2,gene,gene
LAT2,GGI,NLRP3,gene,gene
LAT2,GGI,IRF5,gene,gene
LAT2,GGI,FES,gene,gene
LAT2,GGI,FUT7,gene,gene
LAT2,GGI,CSF2RA,gene,gene
LAT2,GGI,CORO1A,gene,gene
LAT2,GGI,CD300A,gene,gene
LAT2,GGI,MILR1,gene,gene
LAT2,GGI,TLR6,gene,gene
SRSF11,GGI,RBM25,gene,gene
SRSF11,GGI,LUC7L3,gene,gene
SRSF11,GGI,PNN,gene,gene
SRSF11,GGI,PRPF38B,gene,gene
SRSF11,GGI,SREK1,gene,gene
SRSF11,GGI,NKTR,gene,gene
SRSF11,GGI,FNBP4,gene,gene
SRSF11,GGI,RSRC2,gene,gene
SRSF11,GGI,ARGLU1,gene,gene
SRSF11,GGI,SRRM1,gene,gene
SRSF11,GGI,YTHDC1,gene,gene
SRSF11,GGI,PNISR,gene,gene
SRSF11,GGI,UPF3B,gene,gene
SRSF11,GGI,HNRNPH1,gene,gene
SRSF11,GGI,PTBP2,gene,gene
SRSF11,GGI,PRPF39,gene,gene
SRSF11,GGI,DMTF1,gene,gene
SRSF11,GGI,PAXBP1,gene,gene
SRSF11,GGI,PRP4K,gene,gene
SRSF11,GGI,KHDC4,gene,gene
SRSF11,GGI,RBM39,gene,gene
SRSF11,GGI,MTF2,gene,gene
SRSF11,GGI,LUC7L,gene,gene
SRSF11,GGI,PRPF40A,gene,gene
SRSF11,GGI,SFSWAP,gene,gene
SRSF11,GGI,TRA2A,gene,gene
SRSF11,GGI,SRSF4,gene,gene
SRSF11,GGI,SLTM,gene,gene
SRSF11,GGI,SNRNP70,gene,gene
SRSF11,GGI,U2SURP,gene,gene
SRSF11,GGI,PPIG,gene,gene
SRSF11,GGI,CCNL2,gene,gene
SRSF11,GGI,UBXN4,gene,gene
SRSF11,GGI,CCNT2,gene,gene
SRSF11,GGI,TARDBP,gene,gene
SRSF11,GGI,TCERG1,gene,gene
SRSF11,GGI,EXOSC10,gene,gene
SRSF11,GGI,PRRC2C,gene,gene
SRSF11,GGI,DNAJC2,gene,gene
SRSF11,GGI,PPWD1,gene,gene
SRSF11,GGI,TPR,gene,gene
SRSF11,GGI,SAFB2,gene,gene
SRSF11,GGI,RBM26,gene,gene
SRSF11,GGI,CDK11A,gene,gene
SRSF11,GGI,ZMYM6,gene,gene
SRSF11,GGI,PKN2,gene,gene
SRSF11,GGI,FUBP1,gene,gene
SRSF11,GGI,THOC2,gene,gene
SRSF11,GGI,CREBZF,gene,gene
SRSF11,GGI,CCNL1,gene,gene
SRSF11,GGI,TUT4,gene,gene
SRSF11,GGI,ZNF207,gene,gene
SRSF11,GGI,RBM5,gene,gene
SRSF11,GGI,PRPF3,gene,gene
SRSF11,GGI,SF3B1,gene,gene
SRSF11,GGI,HNRNPDL,gene,gene
SRSF11,GGI,SRSF10,gene,gene
SRSF11,GGI,BTAF1,gene,gene
SRSF11,GGI,ARID4B,gene,gene
SRSF11,GGI,OGT,gene,gene
SRSF11,GGI,ZC3H15,gene,gene
SRSF11,GGI,SSB,gene,gene
SRSF11,GGI,PPP1R12A,gene,gene
SRSF11,GGI,TAF1D,gene,gene
SRSF11,GGI,EIF3A,gene,gene
SRSF11,GGI,CLK2,gene,gene
SRSF11,GGI,DHX15,gene,gene
SRSF11,GGI,DDX46,gene,gene
SRSF11,GGI,GNL2,gene,gene
SRSF11,GGI,ZC3H13,gene,gene
SRSF11,GGI,AKAP8L,gene,gene
SRSF11,GGI,THAP9-AS1,gene,gene
SRSF11,GGI,GGNBP2,gene,gene
SRSF11,GGI,ZFC3H1,gene,gene
SRSF11,GGI,SRRT,gene,gene
SRSF11,GGI,MATR3,gene,gene
SRSF11,GGI,RBM17,gene,gene
SRSF11,GGI,GOLGA8A,gene,gene
SRSF11,GGI,CWC25,gene,gene
SRSF11,GGI,ZNF638,gene,gene
SRSF11,GGI,SMC5,gene,gene
SRSF11,GGI,PHIP,gene,gene
SRSF11,GGI,SRSF5,gene,gene
SRSF11,GGI,EIF5B,gene,gene
PFN2,GGI,MLLT11,gene,gene
PFN2,GGI,TRPC1,gene,gene
UBA2,GGI,URI1,gene,gene
UBA2,GGI,LSM14A,gene,gene
UBA2,GGI,GMPS,gene,gene
UBA2,GGI,PSMD8,gene,gene
UBA2,GGI,UTP18,gene,gene
UBA2,GGI,ZNF146,gene,gene
UBA2,GGI,IPO5,gene,gene
UBA2,GGI,LRPPRC,gene,gene
UBA2,GGI,TIMM50,gene,gene
UBA2,GGI,SRP72,gene,gene
UBA2,GGI,IPO7,gene,gene
UBA2,GGI,KHDRBS1,gene,gene
UBA2,GGI,FBL,gene,gene
UBA2,GGI,TOMM40,gene,gene
UBA2,GGI,GART,gene,gene
UBA2,GGI,HNRNPL,gene,gene
UBA2,GGI,CHCHD3,gene,gene
UBA2,GGI,WDR43,gene,gene
UBA2,GGI,PRMT1,gene,gene
UBA2,GGI,DAZAP1,gene,gene
UBA2,GGI,HNRNPUL1,gene,gene
UBA2,GGI,SSRP1,gene,gene
SLC19A1,GGI,NCLN,gene,gene
SLC19A1,GGI,IMPDH1,gene,gene
SLC19A1,GGI,SLC12A9,gene,gene
SLC19A1,GGI,WDR4,gene,gene
SLC19A1,GGI,ADISSP,gene,gene
SLC19A1,GGI,CLN6,gene,gene
SLC19A1,GGI,SCARB1,gene,gene
SLC19A1,GGI,MRM1,gene,gene
SLC19A1,GGI,MBOAT7,gene,gene
SLC19A1,GGI,CAMKK2,gene,gene
SLC19A1,GGI,RRP1,gene,gene
SLC19A1,GGI,TELO2,gene,gene
SLC19A1,GGI,TFAP4,gene,gene
MYLIP,GGI,ABCG1,gene,gene
MYLIP,GGI,ABCA1,gene,gene
SLC7A9,GGI,FTCD,gene,gene
SLC7A9,GGI,PRODH2,gene,gene
SLC7A9,GGI,G6PC1,gene,gene
SLC7A9,GGI,HGFAC,gene,gene
SLC7A9,GGI,SLC22A7,gene,gene
SLC7A9,GGI,ALDH8A1,gene,gene
SLC7A9,GGI,CDHR5,gene,gene
SLC7A9,GGI,TRPV1,gene,gene
SLC7A9,GGI,SERPINC1,gene,gene
SLC7A9,GGI,AMN,gene,gene
SLC7A9,GGI,PDZK1,gene,gene
SLC7A9,GGI,F2,gene,gene
SLC7A9,GGI,FABP1,gene,gene
SLC7A9,GGI,APOC3,gene,gene
SLC7A9,GGI,HPX,gene,gene
SLC7A9,GGI,HNF4A,gene,gene
PRDM16,GGI,BAHCC1,gene,gene
ABCC9,GGI,KCNJ8,gene,gene
ABCC9,GGI,ADH1B,gene,gene
ABCC9,GGI,ECM2,gene,gene
AGGF1,GGI,RAD50,gene,gene
AGGF1,GGI,SLC25A46,gene,gene
AGGF1,GGI,MSH3,gene,gene
AGGF1,GGI,RAD17,gene,gene
AGGF1,GGI,DHX29,gene,gene
AGGF1,GGI,ETAA1,gene,gene
AGGF1,GGI,TASOR,gene,gene
AGGF1,GGI,FAM114A2,gene,gene
AGGF1,GGI,TRIP11,gene,gene
AGGF1,GGI,TRAPPC13,gene,gene
AGGF1,GGI,SKIC3,gene,gene
AGGF1,GGI,SREK1IP1,gene,gene
AGGF1,GGI,SCAMP1,gene,gene
AGGF1,GGI,CTR9,gene,gene
AGGF1,GGI,GIN1,gene,gene
AGGF1,GGI,KRIT1,gene,gene
AGGF1,GGI,SCRN3,gene,gene
AGGF1,GGI,ANKRA2,gene,gene
AGGF1,GGI,MTIF2,gene,gene
AGGF1,GGI,WDR41,gene,gene
AGGF1,GGI,PTCD2,gene,gene
AGGF1,GGI,FBXO38,gene,gene
AGGF1,GGI,TRMT1L,gene,gene
AGGF1,GGI,KIF2A,gene,gene
DLX4,GGI,KREMEN2,gene,gene
DLX4,GGI,WNT6,gene,gene
DLX4,GGI,LMX1B,gene,gene
DAPK3,GGI,PIAS4,gene,gene
DAPK3,GGI,ARFGAP1,gene,gene
DAPK3,GGI,SGTA,gene,gene
DAPK3,GGI,SRF,gene,gene
DAPK3,GGI,SIRT6,gene,gene
DAPK3,GGI,APBA3,gene,gene
DAPK3,GGI,CDC34,gene,gene
DAPK3,GGI,SH3GL1,gene,gene
DAPK3,GGI,GTF2F1,gene,gene
DAPK3,GGI,CTDP1,gene,gene
DAPK3,GGI,FZR1,gene,gene
DAPK3,GGI,TNFAIP1,gene,gene
DAPK3,GGI,ZGPAT,gene,gene
DAPK3,GGI,MYH9,gene,gene
DAPK3,GGI,TSSC4,gene,gene
DAPK3,GGI,NELFB,gene,gene
DAPK3,GGI,WDR1,gene,gene
DAPK3,GGI,CACTIN,gene,gene
DAPK3,GGI,STK11,gene,gene
DAPK3,GGI,PLEKHJ1,gene,gene
DAPK3,GGI,MED16,gene,gene
DAPK3,GGI,CD2BP2,gene,gene
DAPK3,GGI,UNC45A,gene,gene
DAPK3,GGI,AP5Z1,gene,gene
DAPK3,GGI,MAP1S,gene,gene
DAPK3,GGI,CCDC9,gene,gene
DAPK3,GGI,TAOK2,gene,gene
DAPK3,GGI,AP3D1,gene,gene
DAPK3,GGI,MAP7D1,gene,gene
DAPK3,GGI,FAM50A,gene,gene
DAPK3,GGI,C6orf47,gene,gene
CST6,GGI,CDSN,gene,gene
CST6,GGI,KLK5,gene,gene
CST6,GGI,KLK7,gene,gene
CST6,GGI,IVL,gene,gene
NDRG1,GGI,KDM3A,gene,gene
NDRG1,GGI,ZNF395,gene,gene
NDRG1,GGI,VEGFA,gene,gene
NDRG1,GGI,SLC2A1,gene,gene
NDRG1,GGI,PGK1,gene,gene
NDRG1,GGI,BHLHE40,gene,gene
NDRG1,GGI,BNIP3,gene,gene
NDRG1,GGI,ANKZF1,gene,gene
NDRG1,GGI,P4HA1,gene,gene
NDRG1,GGI,PFKFB4,gene,gene
NDRG1,GGI,LDHA,gene,gene
NDRG1,GGI,ENO1,gene,gene
NDRG1,GGI,MXI1,gene,gene
NDRG1,GGI,ALDOC,gene,gene
NDRG1,GGI,ERO1A,gene,gene
NDRG1,GGI,PDK1,gene,gene
S100A3,GGI,S100A2,gene,gene
S100A3,GGI,S100A4,gene,gene
S100A3,GGI,S100A6,gene,gene
CELA2B,GGI,CELA2A,gene,gene
GTF3C4,GGI,DDX31,gene,gene
GTF3C4,GGI,PRPF4,gene,gene
GTF3C4,GGI,TTF1,gene,gene
GTF3C4,GGI,MRPS2,gene,gene
GTF3C4,GGI,CAMSAP1,gene,gene
GTF3C4,GGI,KLHL11,gene,gene
GTF3C4,GGI,ZBTB6,gene,gene
GTF3C4,GGI,ASB6,gene,gene
GTF3C4,GGI,URB2,gene,gene
GTF3C4,GGI,MOCS3,gene,gene
GTF3C4,GGI,GTF3C5,gene,gene
GTF3C4,GGI,POLE3,gene,gene
GTF3C4,GGI,NAA35,gene,gene
GTF3C4,GGI,PRRC2B,gene,gene
GTF3C4,GGI,SET,gene,gene
GTF3C4,GGI,SNAPC4,gene,gene
GTF3C4,GGI,YTHDF2,gene,gene
GTF3C4,GGI,ZBTB43,gene,gene
GTF3C4,GGI,ADNP2,gene,gene
GTF3C4,GGI,PSMD5,gene,gene
GTF3C4,GGI,NUP214,gene,gene
GTF3C4,GGI,BAG5,gene,gene
GTF3C4,GGI,YTHDF1,gene,gene
GTF3C4,GGI,ABL1,gene,gene
GTF3C4,GGI,EXOSC2,gene,gene
GTF3C4,GGI,CCNT1,gene,gene
GTF3C4,GGI,POLR1B,gene,gene
GTF3C4,GGI,SMG8,gene,gene
GTF3C4,GGI,MED22,gene,gene
GTF3C4,GGI,QTRT2,gene,gene
GTF3C4,GGI,PPP6C,gene,gene
GTF3C4,GGI,REXO4,gene,gene
GTF3C4,GGI,NUP188,gene,gene
GTF3C4,GGI,METTL16,gene,gene
GTF3C4,GGI,MED1,gene,gene
GTF3C4,GGI,ECPAS,gene,gene
GTF3C4,GGI,TEX10,gene,gene
GTF3C4,GGI,GEMIN4,gene,gene
GTF3C4,GGI,RRP1B,gene,gene
GTF3C4,GGI,ZBTB39,gene,gene
GTF3C4,GGI,UNC119B,gene,gene
GTF3C4,GGI,PDCL,gene,gene
GTF3C4,GGI,ZNF510,gene,gene
GTF3C4,GGI,TBC1D13,gene,gene
ABCC8,GGI,SLC8A2,gene,gene
ABCC8,GGI,ADCY1,gene,gene
ABCC8,GGI,KIF1A,gene,gene
ABCC8,GGI,MYT1,gene,gene
ABCC8,GGI,CELF3,gene,gene
ABCC8,GGI,CAMK2B,gene,gene
DOT1L,GGI,CHERP,gene,gene
DOT1L,GGI,KDM6B,gene,gene
DOT1L,GGI,KMT2B,gene,gene
DOT1L,GGI,CAPN15,gene,gene
DOT1L,GGI,AP3D1,gene,gene
DOT1L,GGI,SMARCA4,gene,gene
DOT1L,GGI,MIER2,gene,gene
DOT1L,GGI,SF3A2,gene,gene
DOT1L,GGI,SH3GL1,gene,gene
DOT1L,GGI,WIZ,gene,gene
DOT1L,GGI,SBNO2,gene,gene
DOT1L,GGI,GGA1,gene,gene
DOT1L,GGI,AGO2,gene,gene
DOT1L,GGI,MLLT1,gene,gene
DOT1L,GGI,SGTA,gene,gene
DOT1L,GGI,BRD4,gene,gene
DOT1L,GGI,HCFC1,gene,gene
DOT1L,GGI,STRN4,gene,gene
DOT1L,GGI,EP400,gene,gene
DOT1L,GGI,MAP2K7,gene,gene
DOT1L,GGI,KHSRP,gene,gene
DOT1L,GGI,SETD1A,gene,gene
DOT1L,GGI,ZBTB7A,gene,gene
DOT1L,GGI,PIAS4,gene,gene
DOT1L,GGI,ATXN2L,gene,gene
DOT1L,GGI,GATAD2A,gene,gene
DOT1L,GGI,DAZAP1,gene,gene
DOT1L,GGI,MAP1S,gene,gene
DOT1L,GGI,SCAF4,gene,gene
DOT1L,GGI,RNF126,gene,gene
DOT1L,GGI,TET3,gene,gene
DOT1L,GGI,RFX1,gene,gene
DOT1L,GGI,NUP188,gene,gene
DOT1L,GGI,FBRS,gene,gene
DOT1L,GGI,MBD3,gene,gene
DOT1L,GGI,SRCAP,gene,gene
DOT1L,GGI,MYO9B,gene,gene
DOT1L,GGI,TENT4A,gene,gene
DOT1L,GGI,TICAM1,gene,gene
DOT1L,GGI,PRRC2A,gene,gene
RABEPK,GGI,BCS1L,gene,gene
RABEPK,GGI,MRPL24,gene,gene
RABEPK,GGI,FAM216A,gene,gene
RABEPK,GGI,IMP4,gene,gene
RABEPK,GGI,STOML2,gene,gene
RABEPK,GGI,EIF2B3,gene,gene
RABEPK,GGI,RPP40,gene,gene
RABEPK,GGI,FXN,gene,gene
RABEPK,GGI,EXOSC2,gene,gene
RABEPK,GGI,ENTR1,gene,gene
RABEPK,GGI,NME1,gene,gene
RABEPK,GGI,EBNA1BP2,gene,gene
TTLL4,GGI,CYP27A1,gene,gene
TTLL4,GGI,GTF3C2,gene,gene
TTLL4,GGI,PLAGL2,gene,gene
TTLL4,GGI,DHX34,gene,gene
TTLL4,GGI,CAD,gene,gene
TTLL4,GGI,SLC5A6,gene,gene
TTLL4,GGI,SAP130,gene,gene
TTLL4,GGI,COPS7B,gene,gene
TTLL4,GGI,ZNF142,gene,gene
RAB32,GGI,DUSP3,gene,gene
SPP2,GGI,APCS,gene,gene
SPP2,GGI,C8A,gene,gene
SPP2,GGI,F9,gene,gene
SPP2,GGI,CFHR2,gene,gene
SPP2,GGI,AFM,gene,gene
SPP2,GGI,HAO1,gene,gene
SPP2,GGI,CFHR5,gene,gene
SPP2,GGI,C8B,gene,gene
SPP2,GGI,SERPINA7,gene,gene
SPP2,GGI,PLG,gene,gene
SPP2,GGI,GC,gene,gene
SPP2,GGI,LECT2,gene,gene
SPP2,GGI,UGT2B4,gene,gene
SPP2,GGI,MBL2,gene,gene
SPP2,GGI,F13B,gene,gene
SPP2,GGI,APOH,gene,gene
SPP2,GGI,SULT2A1,gene,gene
SPP2,GGI,CRP,gene,gene
SPP2,GGI,HRG,gene,gene
SPP2,GGI,CYP4A11,gene,gene
SPP2,GGI,GLYAT,gene,gene
SPP2,GGI,G6PC1,gene,gene
SPP2,GGI,KNG1,gene,gene
SPP2,GGI,FETUB,gene,gene
SPP2,GGI,AHSG,gene,gene
SPP2,GGI,C9,gene,gene
SPP2,GGI,SLCO1B1,gene,gene
SPP2,GGI,FGA,gene,gene
SPP2,GGI,SERPINC1,gene,gene
SPP2,GGI,PON1,gene,gene
SPP2,GGI,OTC,gene,gene
SPP2,GGI,IAPP,gene,gene
SPP2,GGI,CCL16,gene,gene
SPP2,GGI,SLC2A2,gene,gene
SPP2,GGI,AKR1D1,gene,gene
SPP2,GGI,SERPINA4,gene,gene
SPP2,GGI,FGB,gene,gene
SPP2,GGI,ADH1A,gene,gene
SPP2,GGI,FGL1,gene,gene
SPP2,GGI,C6,gene,gene
SPP2,GGI,CYP2C9,gene,gene
SPP2,GGI,CD5L,gene,gene
SPP2,GGI,PNLIP,gene,gene
SPP2,GGI,CPN1,gene,gene
SPP2,GGI,MASP2,gene,gene
SPP2,GGI,CPN2,gene,gene
SPP2,GGI,FGG,gene,gene
SPP2,GGI,DAO,gene,gene
SPP2,GGI,SLC17A3,gene,gene
SPP2,GGI,ITIH1,gene,gene
SPP2,GGI,AGXT,gene,gene
SPP2,GGI,SERPINA10,gene,gene
SPP2,GGI,SLC22A7,gene,gene
SPP2,GGI,CYP1A2,gene,gene
SPP2,GGI,TAT,gene,gene
SPP2,GGI,TRPM8,gene,gene
SPP2,GGI,SLCO1B3,gene,gene
SPP2,GGI,FABP1,gene,gene
SPP2,GGI,APOC3,gene,gene
SPP2,GGI,AKR1C4,gene,gene
SPP2,GGI,ZG16,gene,gene
SPP2,GGI,C4BPA,gene,gene
SPP2,GGI,LPA,gene,gene
SPP2,GGI,INS,gene,gene
SPP2,GGI,HAO2,gene,gene
SPP2,GGI,SERPINA6,gene,gene
SPP2,GGI,APOA4,gene,gene
TPPP,GGI,TPPP3,gene,gene
TPPP,GGI,BAIAP3,gene,gene
TPPP,GGI,CRIP1,gene,gene
FBP1,GGI,ST14,gene,gene
CFD,GGI,ELANE,gene,gene
PSG2,GGI,PSG5,gene,gene
PSG2,GGI,PSG3,gene,gene
PSG2,GGI,SERPINB7,gene,gene
PSG2,GGI,GKN1,gene,gene
PSG2,GGI,CSH1,gene,gene
CHMP1A,GGI,TPD52L2,gene,gene
CHMP1A,GGI,TMEM222,gene,gene
CHMP1A,GGI,VPS4A,gene,gene
CHMP1A,GGI,RNF40,gene,gene
CHMP1A,GGI,SPG7,gene,gene
CHMP1A,GGI,CHMP6,gene,gene
CHMP1A,GGI,PPP4C,gene,gene
CHMP1A,GGI,DCTN5,gene,gene
CHMP1A,GGI,CD2BP2,gene,gene
CHMP1A,GGI,MTHFSD,gene,gene
CHMP1A,GGI,DHX38,gene,gene
CHMP1A,GGI,EMC8,gene,gene
CHMP1A,GGI,MTCH1,gene,gene
CHMP1A,GGI,DEF8,gene,gene
CHMP1A,GGI,VAC14,gene,gene
CHMP1A,GGI,PTPA,gene,gene
CHMP1A,GGI,MAEA,gene,gene
CHMP1A,GGI,ZDHHC7,gene,gene
CHMP1A,GGI,MEAK7,gene,gene
CHMP1A,GGI,TCF25,gene,gene
CHMP1A,GGI,BIN3,gene,gene
CHMP1A,GGI,RAB35,gene,gene
CHMP1A,GGI,RIC8A,gene,gene
CHMP1A,GGI,USB1,gene,gene
CHMP1A,GGI,GALNS,gene,gene
CHMP1A,GGI,EDC4,gene,gene
CHMP1A,GGI,RALY,gene,gene
CHMP1A,GGI,COG4,gene,gene
CHMP1A,GGI,CDK10,gene,gene
CHMP1A,GGI,ATP6V0D1,gene,gene
CHMP1A,GGI,IST1,gene,gene
CHMP1A,GGI,E2F4,gene,gene
CHMP1A,GGI,CIAPIN1,gene,gene
CHMP1A,GGI,TAOK2,gene,gene
CHMP1A,GGI,POLR2C,gene,gene
CHMP1A,GGI,HSBP1,gene,gene
CHMP1A,GGI,PRMT7,gene,gene
CHMP1A,GGI,NCAPH2,gene,gene
CHMP1A,GGI,ACD,gene,gene
CHMP1A,GGI,TRAPPC2L,gene,gene
CHMP1A,GGI,SPATA2L,gene,gene
CHMP1A,GGI,NPLOC4,gene,gene
CHMP1A,GGI,RAB1B,gene,gene
CHMP1A,GGI,KXD1,gene,gene
CHMP1A,GGI,ACTR1A,gene,gene
CHMP1A,GGI,VPS9D1,gene,gene
CHMP1A,GGI,PLEKHJ1,gene,gene
CHMP1A,GGI,GLYR1,gene,gene
CHMP1A,GGI,AP1G1,gene,gene
CHMP1A,GGI,RCC1L,gene,gene
CHMP1A,GGI,FZR1,gene,gene
CALML3,GGI,CALML5,gene,gene
CALML3,GGI,IVL,gene,gene
CALML3,GGI,CRCT1,gene,gene
CALML3,GGI,LY6D,gene,gene
CALML3,GGI,KRT14,gene,gene
CALML3,GGI,SPRR1A,gene,gene
CALML3,GGI,KRT5,gene,gene
CALML3,GGI,SPRR1B,gene,gene
CALML3,GGI,KRT9,gene,gene
CALML3,GGI,PKP1,gene,gene
CALML3,GGI,SLURP1,gene,gene
CALML3,GGI,SERPINB13,gene,gene
CALML3,GGI,KRT16,gene,gene
CALML3,GGI,KRT6B,gene,gene
CALML3,GGI,KRT6A,gene,gene
CALML3,GGI,CRNN,gene,gene
CALML3,GGI,IL36RN,gene,gene
CALML3,GGI,KRT75,gene,gene
CALML3,GGI,KLK5,gene,gene
CALML3,GGI,DSG1,gene,gene
CALML3,GGI,GJB5,gene,gene
CALML3,GGI,KRT13,gene,gene
CALML3,GGI,CLCA2,gene,gene
CALML3,GGI,LORICRIN,gene,gene
CALML3,GGI,MAB21L4,gene,gene
CALML3,GGI,ADH7,gene,gene
CALML3,GGI,SPRR3,gene,gene
CALML3,GGI,SERPINB5,gene,gene
WDR25,GGI,WARS1,gene,gene
WDR25,GGI,CINP,gene,gene
WDR25,GGI,TECPR2,gene,gene
WDR25,GGI,ALKBH1,gene,gene
WDR25,GGI,VIPAS39,gene,gene
PANK4,GGI,THAP3,gene,gene
PANK4,GGI,DNAJC11,gene,gene
PANK4,GGI,ZBTB48,gene,gene
PANK4,GGI,WRAP73,gene,gene
PANK4,GGI,ZBTB17,gene,gene
PANK4,GGI,PEX14,gene,gene
PANK4,GGI,CEP85,gene,gene
PANK4,GGI,NOC2L,gene,gene
PANK4,GGI,DVL1,gene,gene
PANK4,GGI,POLG,gene,gene
PANK4,GGI,SRSF4,gene,gene
PANK4,GGI,USP19,gene,gene
PANK4,GGI,SDHA,gene,gene
PANK4,GGI,KLHL22,gene,gene
PANK4,GGI,TAB1,gene,gene
PANK4,GGI,INTS11,gene,gene
PANK4,GGI,CROCCP2,gene,gene
PANK4,GGI,EXOSC10,gene,gene
PANK4,GGI,BANP,gene,gene
PANK4,GGI,ZNF143,gene,gene
PANK4,GGI,POLDIP3,gene,gene
PANK4,GGI,CDK11A,gene,gene
PANK4,GGI,MBD1,gene,gene
PANK4,GGI,LRRC47,gene,gene
PANK4,GGI,EPS15L1,gene,gene
PANK4,GGI,MFN2,gene,gene
AP3B1,GGI,MSH3,gene,gene
AP3B1,GGI,DHX29,gene,gene
AP3B1,GGI,SKIC3,gene,gene
AP3B1,GGI,PPIP5K2,gene,gene
AP3B1,GGI,MTREX,gene,gene
AP3B1,GGI,DDX46,gene,gene
AP3B1,GGI,XRCC4,gene,gene
AP3B1,GGI,ARB2A,gene,gene
AP3B1,GGI,CERT1,gene,gene
AP3B1,GGI,ERBIN,gene,gene
AP3B1,GGI,RASA1,gene,gene
AP3B1,GGI,PARN,gene,gene
AP3B1,GGI,WDR41,gene,gene
AP3B1,GGI,PARP4,gene,gene
AP3B1,GGI,ANO10,gene,gene
AP3B1,GGI,CLINT1,gene,gene
AP3B1,GGI,MAN2A1,gene,gene
AP3B1,GGI,WASHC5,gene,gene
AP3B1,GGI,NRDC,gene,gene
AP3B1,GGI,SREK1,gene,gene
AP3B1,GGI,YTHDC2,gene,gene
AP3B1,GGI,PSMD1,gene,gene
AP3B1,GGI,PJA2,gene,gene
AP3B1,GGI,IQGAP1,gene,gene
AP3B1,GGI,TRAPPC11,gene,gene
AP3B1,GGI,HSD17B4,gene,gene
AP3B1,GGI,CAST,gene,gene
AP3B1,GGI,IDE,gene,gene
AP3B1,GGI,ATG10,gene,gene
AP3B1,GGI,PDCD6IP,gene,gene
SEC61G,GGI,SEC61B,gene,gene
SEC61G,GGI,POMP,gene,gene
SEC61G,GGI,NDUFA1,gene,gene
SEC61G,GGI,COX7A2,gene,gene
SEC61G,GGI,SNRPE,gene,gene
SEC61G,GGI,CHCHD2,gene,gene
SEC61G,GGI,SNRPG,gene,gene
SEC61G,GGI,PSMA2,gene,gene
SEC61G,GGI,NDUFA4,gene,gene
SEC61G,GGI,TMEM258,gene,gene
SEC61G,GGI,COX6C,gene,gene
SEC61G,GGI,SSBP1,gene,gene
SEC61G,GGI,UBL5,gene,gene
SEC61G,GGI,KDELR2,gene,gene
SEC61G,GGI,SNRPF,gene,gene
SEC61G,GGI,LSM5,gene,gene
SEC61G,GGI,DAD1,gene,gene
SEC61G,GGI,UQCRQ,gene,gene
SEC61G,GGI,MRPL33,gene,gene
SEC61G,GGI,TIMM17A,gene,gene
SEC61G,GGI,NDUFC1,gene,gene
SEC61G,GGI,MANF,gene,gene
SEC61G,GGI,ATP5ME,gene,gene
SEC61G,GGI,PRDX4,gene,gene
SEC61G,GGI,YKT6,gene,gene
SEC61G,GGI,PSMA3,gene,gene
SEC61G,GGI,PSMB1,gene,gene
SEC61G,GGI,NDUFB2,gene,gene
SEC61G,GGI,TMEM208,gene,gene
SEC61G,GGI,CYCS,gene,gene
SEC61G,GGI,NDUFB1,gene,gene
SEC61G,GGI,NDUFAB1,gene,gene
SEC61G,GGI,RPS27A,gene,gene
SEC61G,GGI,MYDGF,gene,gene
SEC61G,GGI,NDUFS6,gene,gene
SEC61G,GGI,SSR3,gene,gene
SEC61G,GGI,PSMA5,gene,gene
SEC61G,GGI,RAB1A,gene,gene
SEC61G,GGI,COX7B,gene,gene
SEC61G,GGI,TMED9,gene,gene
SEC61G,GGI,HINT1,gene,gene
SEC61G,GGI,LAMTOR5,gene,gene
SEC61G,GGI,PPIA,gene,gene
SEC61G,GGI,TXN,gene,gene
SEC61G,GGI,SSR4,gene,gene
SEC61G,GGI,FAM162A,gene,gene
SEC61G,GGI,MAGOHB,gene,gene
SEC61G,GGI,SLIRP,gene,gene
SEC61G,GGI,LSM3,gene,gene
SEC61G,GGI,ARF4,gene,gene
SEC61G,GGI,ELOC,gene,gene
SEC61G,GGI,UQCRH,gene,gene
SEC61G,GGI,RBX1,gene,gene
SEC61G,GGI,BUD31,gene,gene
SEC61G,GGI,RPL36AL,gene,gene
SEC61G,GGI,PSMA7,gene,gene
SEC61G,GGI,IER3IP1,gene,gene
SEC61G,GGI,HSP90B1,gene,gene
SEC61G,GGI,SNRPD2,gene,gene
SEC61G,GGI,MRPS18C,gene,gene
SEC61G,GGI,ATP5MJ,gene,gene
SEC61G,GGI,MCTS1,gene,gene
SEC61G,GGI,RPL39,gene,gene
SEC61G,GGI,COX7C,gene,gene
SEC61G,GGI,CBX3,gene,gene
SEC61G,GGI,COX16,gene,gene
SEC61G,GGI,SERP1,gene,gene
SEC61G,GGI,RPS21,gene,gene
SEC61G,GGI,ATP5PF,gene,gene
SEC61G,GGI,COX17,gene,gene
SEC61G,GGI,SNRPB2,gene,gene
SEC61G,GGI,TMA7,gene,gene
SEC61G,GGI,P4HB,gene,gene
SEC61G,GGI,TMSB10,gene,gene
SEC61G,GGI,PPIB,gene,gene
SEC61G,GGI,ATP5MF,gene,gene
SEC61G,GGI,PTS,gene,gene
SEC61G,GGI,SDF2L1,gene,gene
SEC61G,GGI,GTF2A2,gene,gene
SEC61G,GGI,SEC61A1,gene,gene
SEC61G,GGI,ERH,gene,gene
SEC61G,GGI,ZNHIT1,gene,gene
SEC61G,GGI,DERL2,gene,gene
SEC61G,GGI,ATP5PO,gene,gene
SEC61G,GGI,SRP54,gene,gene
SEC61G,GGI,PDCD5,gene,gene
SEC61G,GGI,NDUFB6,gene,gene
SEC61G,GGI,RPL26L1,gene,gene
SEC61G,GGI,RPA3,gene,gene
SEC61G,GGI,DNAJB9,gene,gene
SEC61G,GGI,ATP5PD,gene,gene
SEC61G,GGI,ATP5MG,gene,gene
SEC61G,GGI,RPL27,gene,gene
SEC61G,GGI,NDUFB3,gene,gene
SEC61G,GGI,MORF4L2,gene,gene
SEC61G,GGI,SSR1,gene,gene
SEC61G,GGI,SELENOF,gene,gene
SEC61G,GGI,UFM1,gene,gene
SEC61G,GGI,RPL24,gene,gene
SEC61G,GGI,PSMA6,gene,gene
SEC61G,GGI,TPI1,gene,gene
SEC61G,GGI,TPRKB,gene,gene
SEC61G,GGI,YIPF5,gene,gene
SEC61G,GGI,MRPL52,gene,gene
SEC61G,GGI,NDUFB4,gene,gene
EIF5B,GGI,ESF1,gene,gene
EIF5B,GGI,NCL,gene,gene
EIF5B,GGI,MPHOSPH10,gene,gene
EIF5B,GGI,SSB,gene,gene
EIF5B,GGI,PRPF40A,gene,gene
EIF5B,GGI,EIF3A,gene,gene
EIF5B,GGI,NAA15,gene,gene
EIF5B,GGI,PPIG,gene,gene
EIF5B,GGI,ZC3H13,gene,gene
EIF5B,GGI,GNL2,gene,gene
EIF5B,GGI,CEBPZ,gene,gene
EIF5B,GGI,DDX46,gene,gene
EIF5B,GGI,DDX18,gene,gene
EIF5B,GGI,DNAJC2,gene,gene
EIF5B,GGI,METAP2,gene,gene
EIF5B,GGI,ZC3H15,gene,gene
EIF5B,GGI,SDAD1,gene,gene
EIF5B,GGI,UTP3,gene,gene
EIF5B,GGI,BMS1,gene,gene
EIF5B,GGI,RBM25,gene,gene
EIF5B,GGI,PUM3,gene,gene
EIF5B,GGI,GPATCH4,gene,gene
EIF5B,GGI,UPF3B,gene,gene
EIF5B,GGI,PRRC2C,gene,gene
EIF5B,GGI,KTN1,gene,gene
EIF5B,GGI,SLTM,gene,gene
EIF5B,GGI,NOL8,gene,gene
EIF5B,GGI,THOC2,gene,gene
EIF5B,GGI,PNN,gene,gene
EIF5B,GGI,DDX1,gene,gene
EIF5B,GGI,TPR,gene,gene
EIF5B,GGI,DDX10,gene,gene
EIF5B,GGI,EIF3J,gene,gene
EIF5B,GGI,SMC3,gene,gene
EIF5B,GGI,TOP1,gene,gene
EIF5B,GGI,HSP90AA1,gene,gene
EIF5B,GGI,SERBP1,gene,gene
EIF5B,GGI,UPF2,gene,gene
EIF5B,GGI,BCCIP,gene,gene
EIF5B,GGI,FAM98A,gene,gene
EIF5B,GGI,ABCF1,gene,gene
EIF5B,GGI,DNTTIP2,gene,gene
EIF5B,GGI,GOLGA4,gene,gene
EIF5B,GGI,WDR43,gene,gene
EIF5B,GGI,SUPT16H,gene,gene
EIF5B,GGI,HNRNPA3,gene,gene
EIF5B,GGI,SYNCRIP,gene,gene
EIF5B,GGI,RRP15,gene,gene
EIF5B,GGI,GNL3,gene,gene
EIF5B,GGI,DDX21,gene,gene
EIF5B,GGI,HSPD1,gene,gene
EIF5B,GGI,TAF15,gene,gene
EIF5B,GGI,HTATSF1,gene,gene
EIF5B,GGI,GOLGB1,gene,gene
EIF5B,GGI,NOLC1,gene,gene
EIF5B,GGI,RAD50,gene,gene
EIF5B,GGI,HSPA4,gene,gene
EIF5B,GGI,LUC7L3,gene,gene
EIF5B,GGI,GCC2,gene,gene
EIF5B,GGI,HDAC2,gene,gene
EIF5B,GGI,RSF1,gene,gene
EIF5B,GGI,SEC63,gene,gene
EIF5B,GGI,EIF2S2,gene,gene
EIF5B,GGI,INTS13,gene,gene
EIF5B,GGI,CCT6A,gene,gene
EIF5B,GGI,ZNHIT6,gene,gene
EIF5B,GGI,DKC1,gene,gene
EIF5B,GGI,HNRNPU,gene,gene
EIF5B,GGI,SMARCA5,gene,gene
EIF5B,GGI,LARP7,gene,gene
EIF5B,GGI,RANBP2,gene,gene
EIF5B,GGI,SON,gene,gene
EIF5B,GGI,ROCK1,gene,gene
EIF5B,GGI,EPRS1,gene,gene
EIF5B,GGI,MTIF2,gene,gene
EIF5B,GGI,U2SURP,gene,gene
EIF5B,GGI,HNRNPD,gene,gene
EIF5B,GGI,GTPBP4,gene,gene
EIF5B,GGI,MPHOSPH8,gene,gene
EIF5B,GGI,DDX27,gene,gene
EIF5B,GGI,PSMD1,gene,gene
EIF5B,GGI,DHX29,gene,gene
EIF5B,GGI,HMGN5,gene,gene
EIF5B,GGI,PPM1G,gene,gene
EIF5B,GGI,EEA1,gene,gene
EIF5B,GGI,NUDC,gene,gene
EIF5B,GGI,SMC6,gene,gene
EIF5B,GGI,PSMD12,gene,gene
EIF5B,GGI,PRP4K,gene,gene
EIF5B,GGI,GAR1,gene,gene
EIF5B,GGI,EIF4G1,gene,gene
EIF5B,GGI,MTREX,gene,gene
EIF5B,GGI,CTR9,gene,gene
EIF5B,GGI,IK,gene,gene
EIF5B,GGI,RBM28,gene,gene
EIF5B,GGI,SRRM1,gene,gene
EIF5B,GGI,SEC62,gene,gene
EIF5B,GGI,NOP14,gene,gene
EIF5B,GGI,RSL1D1,gene,gene
EIF5B,GGI,HNRNPM,gene,gene
EIF5B,GGI,PA2G4,gene,gene
EIF5B,GGI,CIR1,gene,gene
EIF5B,GGI,PAK1IP1,gene,gene
EIF5B,GGI,RTF1,gene,gene
EIF5B,GGI,CCDC47,gene,gene
EIF5B,GGI,RPAP3,gene,gene
EIF5B,GGI,HNRNPA2B1,gene,gene
EIF5B,GGI,ANKRD12,gene,gene
EIF5B,GGI,EIF2S1,gene,gene
EIF5B,GGI,PSME4,gene,gene
EIF5B,GGI,HSPE1,gene,gene
EIF5B,GGI,BRD7,gene,gene
EIF5B,GGI,HSP90B1,gene,gene
EIF5B,GGI,SMC4,gene,gene
EIF5B,GGI,KNOP1,gene,gene
EIF5B,GGI,BAZ1B,gene,gene
EIF5B,GGI,SRSF11,gene,gene
PCYT1A,GGI,ABCF3,gene,gene
PCYT1A,GGI,LSG1,gene,gene
PCYT1A,GGI,MFN1,gene,gene
PCYT1A,GGI,SENP5,gene,gene
PCYT1A,GGI,SENP2,gene,gene
PCYT1A,GGI,KPNA1,gene,gene
PCYT1A,GGI,DVL3,gene,gene
PCYT1A,GGI,PSMD2,gene,gene
PCYT1A,GGI,EIF4G1,gene,gene
PCYT1A,GGI,COPB2,gene,gene
PCYT1A,GGI,ACOX1,gene,gene
PCYT1A,GGI,RAB7A,gene,gene
PCYT1A,GGI,PAK2,gene,gene
PCYT1A,GGI,GOLGA1,gene,gene
PCYT1A,GGI,ACAP2,gene,gene
PCYT1A,GGI,KPNA4,gene,gene
PCYT1A,GGI,AP1G1,gene,gene
PCYT1A,GGI,SUPT6H,gene,gene
PCYT1A,GGI,GYG1,gene,gene
PCYT1A,GGI,EIF2B5,gene,gene
PCYT1A,GGI,DHDDS,gene,gene
PCYT1A,GGI,MKNK1,gene,gene
CNTNAP1,GGI,TUBG2,gene,gene
CNTNAP1,GGI,P3H3,gene,gene
CNTNAP1,GGI,MAP3K12,gene,gene
CNTNAP1,GGI,PLEKHH3,gene,gene
CNMD,GGI,PRDM14,gene,gene
CNMD,GGI,VRTN,gene,gene
MTHFD1,GGI,MCM4,gene,gene
MTHFD1,GGI,MCM3,gene,gene
MTHFD1,GGI,SUPT16H,gene,gene
MTHFD1,GGI,HADH,gene,gene
MTHFD1,GGI,TRAP1,gene,gene
MTHFD1,GGI,WDHD1,gene,gene
MTHFD1,GGI,UBR7,gene,gene
MTHFD1,GGI,RRM1,gene,gene
MTHFD1,GGI,GPHN,gene,gene
MTHFD1,GGI,SHMT1,gene,gene
MTHFD1,GGI,L2HGDH,gene,gene
MTHFD1,GGI,EIF2S1,gene,gene
MTHFD1,GGI,PAICS,gene,gene
MTHFD1,GGI,DARS2,gene,gene
MTHFD1,GGI,FH,gene,gene
MTHFD1,GGI,DHTKD1,gene,gene
MTHFD1,GGI,AIFM1,gene,gene
MTHFD1,GGI,SF3B3,gene,gene
MTHFD1,GGI,GOT2,gene,gene
MTHFD1,GGI,ALDH6A1,gene,gene
MTHFD1,GGI,ECHS1,gene,gene
MTHFD1,GGI,TIMELESS,gene,gene
MTHFD1,GGI,MCM6,gene,gene
MTHFD1,GGI,ATIC,gene,gene
MTHFD1,GGI,PARP1,gene,gene
MTHFD1,GGI,APEX1,gene,gene
MTHFD1,GGI,DHFR,gene,gene
MTHFD1,GGI,PRMT5,gene,gene
MTHFD1,GGI,PCCB,gene,gene
MTHFD1,GGI,POLA1,gene,gene
MTHFD1,GGI,UNG,gene,gene
MTHFD1,GGI,RPA1,gene,gene
MTHFD1,GGI,ACO1,gene,gene
MTHFD1,GGI,DLST,gene,gene
MTHFD1,GGI,MCM2,gene,gene
MTHFD1,GGI,FEN1,gene,gene
MTHFD1,GGI,IMMT,gene,gene
MTHFD1,GGI,MCM5,gene,gene
MTHFD1,GGI,NCAPD3,gene,gene
MTHFD1,GGI,PRKDC,gene,gene
MTHFD1,GGI,ACAT1,gene,gene
MTHFD1,GGI,MCCC2,gene,gene
MTHFD1,GGI,NDUFS1,gene,gene
MTHFD1,GGI,GART,gene,gene
MTHFD1,GGI,RFC5,gene,gene
MTHFD1,GGI,PARP2,gene,gene
MTHFD1,GGI,ELAC2,gene,gene
MTHFD1,GGI,ATP5F1A,gene,gene
MTHFD1,GGI,SMC1A,gene,gene
CASQ1,GGI,MYH7,gene,gene
CASQ1,GGI,ATP1A2,gene,gene
CASQ1,GGI,NRAP,gene,gene
CASQ1,GGI,CSRP3,gene,gene
CASQ1,GGI,ACTA1,gene,gene
CASQ1,GGI,TNNT3,gene,gene
CASQ1,GGI,SYNPO2L,gene,gene
CASQ1,GGI,MYH2,gene,gene
CASQ1,GGI,MYL1,gene,gene
CASQ1,GGI,TNNC2,gene,gene
CASQ1,GGI,MYL2,gene,gene
CASQ1,GGI,TRDN,gene,gene
CASQ1,GGI,ACTN2,gene,gene
CASQ1,GGI,NMRK2,gene,gene
CASQ1,GGI,MYOZ1,gene,gene
FAM174C,GGI,ATP5F1D,gene,gene
FAM174C,GGI,MBD3,gene,gene
FAM174C,GGI,CLPP,gene,gene
FAM174C,GGI,NCLN,gene,gene
FAM174C,GGI,TIMM13,gene,gene
FAM174C,GGI,GADD45GIP1,gene,gene
FAM174C,GGI,CD320,gene,gene
FAM174C,GGI,MRPL41,gene,gene
FAM174C,GGI,ZNF593,gene,gene
FAM174C,GGI,RNF126,gene,gene
FAM174C,GGI,AURKAIP1,gene,gene
FAM174C,GGI,MRPS12,gene,gene
FAM174C,GGI,ZNHIT2,gene,gene
FAM174C,GGI,ANTKMT,gene,gene
FAM174C,GGI,APRT,gene,gene
FAM174C,GGI,LSM7,gene,gene
FAM174C,GGI,REX1BD,gene,gene
FAM174C,GGI,THAP7,gene,gene
FAM174C,GGI,ABHD17A,gene,gene
FAM174C,GGI,TSR3,gene,gene
FAM174C,GGI,POLRMT,gene,gene
FAM174C,GGI,NDUFB7,gene,gene
FAM174C,GGI,MFSD12,gene,gene
FAM174C,GGI,C19orf53,gene,gene
FAM174C,GGI,HSPBP1,gene,gene
FAM174C,GGI,BBLN,gene,gene
FAM174C,GGI,SCAND1,gene,gene
FAM174C,GGI,SIRT6,gene,gene
FAM174C,GGI,OXLD1,gene,gene
FAM174C,GGI,SNAPC2,gene,gene
FAM174C,GGI,TSSC4,gene,gene
FAM174C,GGI,WDR18,gene,gene
FAM174C,GGI,DOHH,gene,gene
FAM174C,GGI,SLC52A2,gene,gene
FAM174C,GGI,APBA3,gene,gene
FAM174C,GGI,NUBP2,gene,gene
FAM174C,GGI,SSNA1,gene,gene
FAM174C,GGI,RPS15,gene,gene
FAM174C,GGI,UQCR11,gene,gene
FAM174C,GGI,NDUFS7,gene,gene
FAM174C,GGI,ALG3,gene,gene
FAM174C,GGI,TMEM160,gene,gene
FAM174C,GGI,MRPL4,gene,gene
FAM174C,GGI,NDUFS8,gene,gene
FAM174C,GGI,NOC4L,gene,gene
FAM174C,GGI,POLR2E,gene,gene
FAM174C,GGI,MRPS34,gene,gene
FAM174C,GGI,SAC3D1,gene,gene
FAM174C,GGI,MRPL12,gene,gene
FAM174C,GGI,GNB1L,gene,gene
FAM174C,GGI,EXOSC4,gene,gene
FAM174C,GGI,POLR2L,gene,gene
FAM174C,GGI,ATP13A1,gene,gene
FAM174C,GGI,RPS28,gene,gene
FAM174C,GGI,TMEM161A,gene,gene
FAM174C,GGI,SSR4,gene,gene
GINS4,GGI,MCM4,gene,gene
GINS4,GGI,CDC45,gene,gene
GINS4,GGI,ORC1,gene,gene
GINS4,GGI,DHFR,gene,gene
GINS4,GGI,ZWINT,gene,gene
GINS4,GGI,XRCC2,gene,gene
GINS4,GGI,GINS2,gene,gene
GINS4,GGI,ASF1B,gene,gene
GINS4,GGI,TK1,gene,gene
GINS4,GGI,CHAF1B,gene,gene
GINS4,GGI,MCM2,gene,gene
GINS4,GGI,CDC6,gene,gene
GINS4,GGI,RFC5,gene,gene
GINS4,GGI,MCM10,gene,gene
GINS4,GGI,EXO1,gene,gene
GINS4,GGI,CLSPN,gene,gene
GINS4,GGI,TRAIP,gene,gene
GINS4,GGI,RAD51,gene,gene
GINS4,GGI,RAD54L,gene,gene
GINS4,GGI,ORC6,gene,gene
GINS4,GGI,LIG1,gene,gene
GINS4,GGI,BRCA1,gene,gene
GINS4,GGI,TIMELESS,gene,gene
GINS4,GGI,FEN1,gene,gene
GINS4,GGI,FANCG,gene,gene
GINS4,GGI,RNASEH2A,gene,gene
GINS4,GGI,CHAF1A,gene,gene
GINS4,GGI,CENPU,gene,gene
GINS4,GGI,FANCA,gene,gene
GINS4,GGI,POLA2,gene,gene
GINS4,GGI,FANCI,gene,gene
GINS4,GGI,E2F1,gene,gene
GINS4,GGI,PSMC3IP,gene,gene
GINS4,GGI,DTL,gene,gene
GINS4,GGI,PKMYT1,gene,gene
GINS4,GGI,NCAPH,gene,gene
GINS4,GGI,DSN1,gene,gene
GINS4,GGI,ERCC6L,gene,gene
GINS4,GGI,MCM5,gene,gene
GINS4,GGI,MYBL2,gene,gene
GINS4,GGI,NCAPG2,gene,gene
GINS4,GGI,WDHD1,gene,gene
GINS4,GGI,MCM3,gene,gene
GINS4,GGI,CENPI,gene,gene
GINS4,GGI,KIF24,gene,gene
GINS4,GGI,RECQL4,gene,gene
GINS4,GGI,PCNA,gene,gene
GINS4,GGI,RRM1,gene,gene
GINS4,GGI,SKA1,gene,gene
GINS4,GGI,TRIP13,gene,gene
GINS4,GGI,HELLS,gene,gene
GINS4,GGI,RAD51AP1,gene,gene
GINS4,GGI,MCM6,gene,gene
GINS4,GGI,RFC3,gene,gene
GINS4,GGI,DSCC1,gene,gene
GINS4,GGI,PCLAF,gene,gene
GINS4,GGI,KIF2C,gene,gene
GINS4,GGI,OIP5,gene,gene
GINS4,GGI,CDC25A,gene,gene
GINS4,GGI,TYMS,gene,gene
GINS4,GGI,HAUS5,gene,gene
GINS4,GGI,SHCBP1,gene,gene
GINS4,GGI,CHEK1,gene,gene
GINS4,GGI,CDK2,gene,gene
GINS4,GGI,CCNE2,gene,gene
GINS4,GGI,GINS1,gene,gene
GINS4,GGI,CDCA8,gene,gene
GINS4,GGI,CDT1,gene,gene
GINS4,GGI,GINS3,gene,gene
GINS4,GGI,SPAG5,gene,gene
GINS4,GGI,WDR76,gene,gene
GINS4,GGI,POLQ,gene,gene
GINS4,GGI,RRM2,gene,gene
GINS4,GGI,BRCA2,gene,gene
GINS4,GGI,PBK,gene,gene
GINS4,GGI,MCM7,gene,gene
GINS4,GGI,RFC4,gene,gene
GINS4,GGI,TONSL,gene,gene
GINS4,GGI,BIRC5,gene,gene
SEC31A,GGI,PRRC1,gene,gene
SEC31A,GGI,SEC24D,gene,gene
SEC31A,GGI,ARCN1,gene,gene
SEC31A,GGI,COPA,gene,gene
SEC31A,GGI,TMEM214,gene,gene
SEC31A,GGI,ARF4,gene,gene
SEC31A,GGI,GORASP2,gene,gene
SEC31A,GGI,USO1,gene,gene
SEC31A,GGI,COPG1,gene,gene
SEC31A,GGI,COPB2,gene,gene
SEC31A,GGI,COPB1,gene,gene
SEC31A,GGI,KDELR2,gene,gene
SEC31A,GGI,SEC61A1,gene,gene
SEC31A,GGI,HDLBP,gene,gene
SEC31A,GGI,CALU,gene,gene
SEC31A,GGI,GFPT1,gene,gene
SEC31A,GGI,SEC24A,gene,gene
SEC31A,GGI,STT3A,gene,gene
SEC31A,GGI,GMPPA,gene,gene
SEC31A,GGI,SRP72,gene,gene
SEC31A,GGI,PGM3,gene,gene
SEC31A,GGI,SND1,gene,gene
SEC31A,GGI,TFG,gene,gene
SEC31A,GGI,ACBD3,gene,gene
SEC31A,GGI,SEC13,gene,gene
SEC31A,GGI,LMAN1,gene,gene
SEC31A,GGI,P4HB,gene,gene
SEC31A,GGI,ARL1,gene,gene
SEC31A,GGI,MAGED1,gene,gene
SEC31A,GGI,SEC23A,gene,gene
SEC31A,GGI,GOLGA5,gene,gene
SEC31A,GGI,ALDH18A1,gene,gene
SEC31A,GGI,CANX,gene,gene
SEC31A,GGI,KDELR1,gene,gene
SEC31A,GGI,SSR1,gene,gene
SEC31A,GGI,FAM114A1,gene,gene
SEC31A,GGI,KDELR3,gene,gene
SEC31A,GGI,NBAS,gene,gene
SEC31A,GGI,PDXDC1,gene,gene
SEC31A,GGI,GBF1,gene,gene
SEC31A,GGI,ARFGAP3,gene,gene
SEC31A,GGI,SRPRA,gene,gene
SEC31A,GGI,PMM2,gene,gene
SEC31A,GGI,TMEM39A,gene,gene
SEC31A,GGI,COPZ1,gene,gene
SEC31A,GGI,CALR,gene,gene
SEC31A,GGI,SSR3,gene,gene
SEC31A,GGI,HSP90B1,gene,gene
SEC31A,GGI,HSPA5,gene,gene
SEC31A,GGI,GOLGA3,gene,gene
SEC31A,GGI,PDIA3,gene,gene
SEC31A,GGI,CLTC,gene,gene
SEC31A,GGI,YIPF5,gene,gene
SEC31A,GGI,SEC24B,gene,gene
SEC31A,GGI,CREB3L2,gene,gene
SEC31A,GGI,TTC3,gene,gene
SEC31A,GGI,YIF1A,gene,gene
SEC31A,GGI,TRAM1,gene,gene
SEC31A,GGI,DHDDS,gene,gene
SEC31A,GGI,PPIB,gene,gene
SEC31A,GGI,FAM98A,gene,gene
SEC31A,GGI,YIPF2,gene,gene
SEC31A,GGI,LRRC41,gene,gene
SEC31A,GGI,SEC24C,gene,gene
SEC31A,GGI,RRBP1,gene,gene
SEC31A,GGI,TMED2,gene,gene
SEC31A,GGI,UGDH,gene,gene
SEC31A,GGI,UBAP2L,gene,gene
SEC31A,GGI,SCFD1,gene,gene
SEC31A,GGI,BET1L,gene,gene
SEC31A,GGI,DAP,gene,gene
SEC31A,GGI,C11orf24,gene,gene
SEC31A,GGI,COG5,gene,gene
SEC31A,GGI,GOLGA2,gene,gene
SEC31A,GGI,ERP44,gene,gene
SEC31A,GGI,ATXN2,gene,gene
SEC31A,GGI,OSBP,gene,gene
ATAD3A,GGI,NOC2L,gene,gene
ATAD3A,GGI,DVL1,gene,gene
ATAD3A,GGI,BOP1,gene,gene
ATAD3A,GGI,THOP1,gene,gene
ATAD3A,GGI,INTS11,gene,gene
ATAD3A,GGI,AURKAIP1,gene,gene
ATAD3A,GGI,TOMM40,gene,gene
ATAD3A,GGI,NOC4L,gene,gene
ATAD3A,GGI,TBL3,gene,gene
ATAD3A,GGI,NCLN,gene,gene
ATAD3A,GGI,C1orf159,gene,gene
ATAD3A,GGI,SLC52A2,gene,gene
ATAD3A,GGI,TRMT61A,gene,gene
ATAD3A,GGI,CLUH,gene,gene
ATAD3A,GGI,TRMT2A,gene,gene
ATAD3A,GGI,LRRC47,gene,gene
ATAD3A,GGI,MBD3,gene,gene
ATAD3A,GGI,SRM,gene,gene
ATAD3A,GGI,TELO2,gene,gene
ATAD3A,GGI,PYCR3,gene,gene
ATAD3A,GGI,NUDC,gene,gene
ATAD3A,GGI,ARMC6,gene,gene
ATAD3A,GGI,DPH2,gene,gene
ATAD3A,GGI,PTGES2,gene,gene
ATAD3A,GGI,MRTO4,gene,gene
ATAD3A,GGI,DDX51,gene,gene
ATAD3A,GGI,RRP9,gene,gene
ATAD3A,GGI,RECQL4,gene,gene
ATAD3A,GGI,MIIP,gene,gene
ATAD3A,GGI,HSPBP1,gene,gene
ATAD3A,GGI,MYBBP1A,gene,gene
ATAD3A,GGI,CPTP,gene,gene
ATAD3A,GGI,RRP1,gene,gene
ATAD3A,GGI,DNAJC11,gene,gene
ATAD3A,GGI,B4GALT2,gene,gene
ATAD3A,GGI,RTEL1,gene,gene
ATAD3A,GGI,TONSL,gene,gene
ATAD3A,GGI,SCRIB,gene,gene
ATAD3A,GGI,WDR46,gene,gene
ATAD3A,GGI,ARFGAP1,gene,gene
ATAD3A,GGI,DDX49,gene,gene
ATAD3A,GGI,PPAN,gene,gene
ATAD3A,GGI,GTPBP3,gene,gene
ATAD3A,GGI,WDR4,gene,gene
ATAD3A,GGI,TIMM44,gene,gene
ATAD3A,GGI,SLC25A22,gene,gene
ATAD3A,GGI,PRPF31,gene,gene
ATAD3A,GGI,FAAP100,gene,gene
ATAD3A,GGI,E4F1,gene,gene
ATAD3A,GGI,DOHH,gene,gene
ATAD3A,GGI,IFRD2,gene,gene
ATAD3A,GGI,RNF126,gene,gene
ATAD3A,GGI,CEP131,gene,gene
ATAD3A,GGI,LETM1,gene,gene
ATAD3A,GGI,TTLL12,gene,gene
ATAD3A,GGI,RRP7A,gene,gene
ATAD3A,GGI,POLD1,gene,gene
ATAD3A,GGI,SLC25A10,gene,gene
ATAD3A,GGI,POLRMT,gene,gene
ATAD3A,GGI,DDX54,gene,gene
ATAD3A,GGI,PES1,gene,gene
ATAD3A,GGI,GRWD1,gene,gene
ATAD3A,GGI,ZNF593,gene,gene
ATAD3A,GGI,VARS1,gene,gene
ATAD3A,GGI,RHOT2,gene,gene
ATAD3A,GGI,CAPN15,gene,gene
ATAD3A,GGI,DUS1L,gene,gene
ATAD3A,GGI,UBE2M,gene,gene
ATAD3A,GGI,SDF4,gene,gene
ATAD3A,GGI,FARSA,gene,gene
ATAD3A,GGI,WDR18,gene,gene
ATAD3A,GGI,FBXL6,gene,gene
ATAD3A,GGI,NADK,gene,gene
ATAD3A,GGI,ZBTB17,gene,gene
ATAD3A,GGI,XRCC3,gene,gene
ATAD3A,GGI,PUS1,gene,gene
ATAD3A,GGI,MAD1L1,gene,gene
ATAD3A,GGI,CPSF1,gene,gene
ATAD3A,GGI,TRMT1,gene,gene
ATAD3A,GGI,PTDSS2,gene,gene
ATAD3A,GGI,GNB1L,gene,gene
ATAD3A,GGI,ICMT,gene,gene
STUB1,GGI,TSR3,gene,gene
STUB1,GGI,MRPS34,gene,gene
STUB1,GGI,NUBP2,gene,gene
STUB1,GGI,DEXI,gene,gene
STUB1,GGI,ANTKMT,gene,gene
STUB1,GGI,MPG,gene,gene
STUB1,GGI,PGP,gene,gene
STUB1,GGI,BCL7C,gene,gene
STUB1,GGI,ELOB,gene,gene
STUB1,GGI,TELO2,gene,gene
STUB1,GGI,MLST8,gene,gene
STUB1,GGI,TBL3,gene,gene
STUB1,GGI,RHOT2,gene,gene
STUB1,GGI,PIGQ,gene,gene
STUB1,GGI,NME3,gene,gene
STUB1,GGI,ENDOG,gene,gene
STUB1,GGI,ATP5F1D,gene,gene
STUB1,GGI,STK25,gene,gene
STUB1,GGI,MRPL28,gene,gene
STUB1,GGI,DUS1L,gene,gene
STUB1,GGI,MAP2K2,gene,gene
STUB1,GGI,CCDC85B,gene,gene
STUB1,GGI,PLEKHJ1,gene,gene
STUB1,GGI,AURKAIP1,gene,gene
STUB1,GGI,TUFM,gene,gene
STUB1,GGI,BAD,gene,gene
STUB1,GGI,ECI1,gene,gene
STUB1,GGI,ABHD17A,gene,gene
STUB1,GGI,E4F1,gene,gene
STUB1,GGI,BCKDK,gene,gene
STUB1,GGI,TMEM134,gene,gene
STUB1,GGI,HRAS,gene,gene
STUB1,GGI,SPSB3,gene,gene
STUB1,GGI,GUK1,gene,gene
STUB1,GGI,SDF4,gene,gene
STUB1,GGI,EDF1,gene,gene
STUB1,GGI,MRPL4,gene,gene
STUB1,GGI,NOC2L,gene,gene
STUB1,GGI,PPP4C,gene,gene
STUB1,GGI,PAM16,gene,gene
STUB1,GGI,RANBP1,gene,gene
STUB1,GGI,STK11,gene,gene
STUB1,GGI,GNB2,gene,gene
STUB1,GGI,DECR2,gene,gene
STUB1,GGI,GPS1,gene,gene
STUB1,GGI,MBD3,gene,gene
STUB1,GGI,CIAO3,gene,gene
STUB1,GGI,METRN,gene,gene
STUB1,GGI,RAB40C,gene,gene
STUB1,GGI,NTHL1,gene,gene
STUB1,GGI,NDUFB7,gene,gene
STUB1,GGI,TSC2,gene,gene
STUB1,GGI,ZFYVE21,gene,gene
STUB1,GGI,DVL1,gene,gene
STUB1,GGI,ARL6IP4,gene,gene
DNMBP,GGI,SMAD3,gene,gene
HACD3,GGI,INTS14,gene,gene
HACD3,GGI,RCN2,gene,gene
HACD3,GGI,ALG8,gene,gene
HACD3,GGI,CAND1,gene,gene
HACD3,GGI,ARPP19,gene,gene
HACD3,GGI,TMBIM6,gene,gene
HACD3,GGI,TMEM97,gene,gene
HACD3,GGI,TMED10,gene,gene
HACD3,GGI,TSPAN3,gene,gene
HACD3,GGI,PCYOX1,gene,gene
HACD3,GGI,UNG,gene,gene
HACD3,GGI,RAB11A,gene,gene
HACD3,GGI,TCTN3,gene,gene
HACD3,GGI,ICMT,gene,gene
SMO,GGI,PTK7,gene,gene
SMO,GGI,TCF7L1,gene,gene
SMO,GGI,LRP3,gene,gene
SMO,GGI,SALL2,gene,gene
SMO,GGI,TUB,gene,gene
SMO,GGI,MSI1,gene,gene
SMO,GGI,TRO,gene,gene
SMO,GGI,GPR161,gene,gene
SMO,GGI,FGD1,gene,gene
UBA7,GGI,DHX58,gene,gene
UBA7,GGI,APOL3,gene,gene
UBA7,GGI,BTN3A3,gene,gene
UBA7,GGI,PSMB9,gene,gene
UBA7,GGI,TAPBPL,gene,gene
UBA7,GGI,PSMB8,gene,gene
UBA7,GGI,APOL1,gene,gene
UBA7,GGI,PLAAT4,gene,gene
UBA7,GGI,BTN3A1,gene,gene
UBA7,GGI,PARP3,gene,gene
UBA7,GGI,TNFRSF14,gene,gene
UBA7,GGI,UBE2L6,gene,gene
UBA7,GGI,SHFL,gene,gene
UBA7,GGI,RTP4,gene,gene
UBA7,GGI,APOL6,gene,gene
UBA7,GGI,XAF1,gene,gene
UBA7,GGI,BTN3A2,gene,gene
UBA7,GGI,IFI35,gene,gene
UBA7,GGI,TRIM22,gene,gene
UBA7,GGI,PSMB10,gene,gene
UBA7,GGI,GSDMD,gene,gene
UBA7,GGI,LGALS3BP,gene,gene
UBA7,GGI,ERAP1,gene,gene
UBA7,GGI,TRANK1,gene,gene
UBA7,GGI,IRF9,gene,gene
UBA7,GGI,CASP1,gene,gene
UBA7,GGI,DDX60,gene,gene
UBA7,GGI,TLR3,gene,gene
UBA7,GGI,DGLUCY,gene,gene
UBA7,GGI,FLT3LG,gene,gene
UBA7,GGI,PARP12,gene,gene
UBA7,GGI,OAS2,gene,gene
UBA7,GGI,PSME1,gene,gene
UBA7,GGI,LGALS9,gene,gene
UBA7,GGI,GBP1,gene,gene
UBA7,GGI,HLA-F,gene,gene
UBA7,GGI,BST2,gene,gene
UBA7,GGI,GALT,gene,gene
UBA7,GGI,TRIM21,gene,gene
UBA7,GGI,TAPBP,gene,gene
UBA7,GGI,IFI44,gene,gene
UBA7,GGI,HLA-B,gene,gene
UBA7,GGI,MAN2C1,gene,gene
UBA7,GGI,PML,gene,gene
UBA7,GGI,SP140L,gene,gene
UBA7,GGI,SP100,gene,gene
UBA7,GGI,PSME2,gene,gene
UBA7,GGI,STAT2,gene,gene
ITGB7,GGI,ITGAL,gene,gene
ITGB7,GGI,IL12RB1,gene,gene
ITGB7,GGI,CXCR3,gene,gene
ITGB7,GGI,SPN,gene,gene
ITGB7,GGI,TRAF3IP3,gene,gene
ITGB7,GGI,RARG,gene,gene
ITGB7,GGI,SASH3,gene,gene
ITGB7,GGI,PTPRCAP,gene,gene
ITGB7,GGI,DOK2,gene,gene
ITGB7,GGI,CD101,gene,gene
ITGB7,GGI,MAP4K1,gene,gene
ITGB7,GGI,CTSW,gene,gene
ITGB7,GGI,MYO1F,gene,gene
ITGB7,GGI,PTPN7,gene,gene
ITGB7,GGI,CD27,gene,gene
ITGB7,GGI,PRF1,gene,gene
ITGB7,GGI,LCK,gene,gene
ITGB7,GGI,CD3G,gene,gene
ITGB7,GGI,NKG7,gene,gene
WDR55,GGI,HARS1,gene,gene
WDR55,GGI,HARS2,gene,gene
WDR55,GGI,HMGXB3,gene,gene
WDR55,GGI,PCSK7,gene,gene
WDR55,GGI,DDX41,gene,gene
WDR55,GGI,CLINT1,gene,gene
WDR55,GGI,NAT9,gene,gene
WDR55,GGI,DDX56,gene,gene
WDR55,GGI,MLX,gene,gene
WDR55,GGI,DHDDS,gene,gene
WDR55,GGI,BAK1,gene,gene
WDR55,GGI,FTSJ3,gene,gene
WDR55,GGI,ABCF3,gene,gene
WDR55,GGI,SRPRA,gene,gene
VAMP3,GGI,CDC42,gene,gene
VAMP3,GGI,DAZAP2,gene,gene
VAMP3,GGI,CAPZA1,gene,gene
VAMP3,GGI,SNAP23,gene,gene
VAMP3,GGI,SZRD1,gene,gene
VAMP3,GGI,GNG10,gene,gene
VAMP3,GGI,RNF141,gene,gene
VAMP3,GGI,SEPTIN2,gene,gene
VAMP3,GGI,RAB5C,gene,gene
VAMP3,GGI,EFCAB14,gene,gene
VAMP3,GGI,TMEM50A,gene,gene
VAMP3,GGI,CHP1,gene,gene
VAMP3,GGI,FAM76A,gene,gene
ZNF184,GGI,ZKSCAN4,gene,gene
ZNF184,GGI,ZSCAN16,gene,gene
ZNF184,GGI,ZNF250,gene,gene
ZNF184,GGI,ZSCAN9,gene,gene
ZNF184,GGI,ZNF227,gene,gene
ZNF184,GGI,ZNF3,gene,gene
ZNF184,GGI,ZKSCAN3,gene,gene
ZNF184,GGI,ZNF510,gene,gene
ZNF184,GGI,ZNF571,gene,gene
ZNF184,GGI,ZSCAN31,gene,gene
ZNF184,GGI,ZKSCAN8,gene,gene
SFN,GGI,FGFBP1,gene,gene
SFN,GGI,KRT6A,gene,gene
SFN,GGI,PKP3,gene,gene
SFN,GGI,GJB3,gene,gene
SFN,GGI,SERPINB5,gene,gene
SFN,GGI,KRT17,gene,gene
SFN,GGI,TNS4,gene,gene
SFN,GGI,COL17A1,gene,gene
SFN,GGI,S100A14,gene,gene
SFN,GGI,S100A2,gene,gene
SFN,GGI,GPR87,gene,gene
SFN,GGI,KRT16,gene,gene
SFN,GGI,TRIM29,gene,gene
SFN,GGI,KRT14,gene,gene
SFN,GGI,KRT6B,gene,gene
SFN,GGI,ITGB4,gene,gene
SFN,GGI,KRT8,gene,gene
SFN,GGI,KRT5,gene,gene
SFN,GGI,MISP,gene,gene
SFN,GGI,LYPD3,gene,gene
EED,GGI,MED17,gene,gene
EED,GGI,TMEM126B,gene,gene
EED,GGI,PSPC1,gene,gene
EED,GGI,RNF121,gene,gene
EED,GGI,POLD3,gene,gene
EED,GGI,TARDBP,gene,gene
EED,GGI,MRE11,gene,gene
EED,GGI,CEP295,gene,gene
EED,GGI,CCDC82,gene,gene
EED,GGI,SRSF10,gene,gene
EED,GGI,MRPL39,gene,gene
EED,GGI,PANK2,gene,gene
PRR14,GGI,FBRS,gene,gene
PRR14,GGI,ATXN2L,gene,gene
PRR14,GGI,SETD1A,gene,gene
PRR14,GGI,TBC1D10B,gene,gene
PRR14,GGI,CAMTA2,gene,gene
PRR14,GGI,SRCAP,gene,gene
PRR14,GGI,SF3A2,gene,gene
PRR14,GGI,SH2B1,gene,gene
PRR14,GGI,CNOT3,gene,gene
PRR14,GGI,NAA60,gene,gene
PRR14,GGI,ZNF764,gene,gene
PRR14,GGI,ZNF384,gene,gene
PRR14,GGI,RELA,gene,gene
PRR14,GGI,ATN1,gene,gene
PRR14,GGI,ZNF580,gene,gene
PRR14,GGI,PRRC2A,gene,gene
PRR14,GGI,USP21,gene,gene
PRR14,GGI,NCOA6,gene,gene
PRR14,GGI,MGRN1,gene,gene
PRR14,GGI,NPRL3,gene,gene
PRR14,GGI,KCTD13,gene,gene
PRR14,GGI,CIC,gene,gene
PRR14,GGI,ZMIZ2,gene,gene
PRR14,GGI,CTDNEP1,gene,gene
PRR14,GGI,SF3B4,gene,gene
PRR14,GGI,ZNF692,gene,gene
PRR14,GGI,PHF21A,gene,gene
PRR14,GGI,MAZ,gene,gene
PRR14,GGI,ZNF768,gene,gene
PRR14,GGI,YY1AP1,gene,gene
PRR14,GGI,LRCH4,gene,gene
PRR14,GGI,WIZ,gene,gene
PRR14,GGI,DXO,gene,gene
PRR14,GGI,CLK3,gene,gene
PRR14,GGI,MLLT1,gene,gene
PRR14,GGI,SGF29,gene,gene
PRR14,GGI,TSC22D4,gene,gene
PRR14,GGI,RIPOR1,gene,gene
PRR14,GGI,FOXJ2,gene,gene
PRR14,GGI,PRCC,gene,gene
PRR14,GGI,ENTREP3,gene,gene
PRR14,GGI,KDM6B,gene,gene
PRR14,GGI,LIN37,gene,gene
PRR14,GGI,RTL8A,gene,gene
PRR14,GGI,MED25,gene,gene
LEPROTL1,GGI,SARAF,gene,gene
LEPROTL1,GGI,DCTN6,gene,gene
LEPROTL1,GGI,CNOT7,gene,gene
LEPROTL1,GGI,CHMP7,gene,gene
LEPROTL1,GGI,GOLGA7,gene,gene
LEPROTL1,GGI,ENTPD4,gene,gene
LEPROTL1,GGI,MCPH1,gene,gene
ZNF12,GGI,ZNF14,gene,gene
ZNF12,GGI,ZNF84,gene,gene
ZNF12,GGI,ZNF136,gene,gene
ZNF12,GGI,RLF,gene,gene
ZNF12,GGI,CCNT2,gene,gene
ZNF12,GGI,ZBTB11,gene,gene
ZNF12,GGI,ZNF134,gene,gene
ZNF12,GGI,ZNF189,gene,gene
ZNF12,GGI,MYNN,gene,gene
ZNF12,GGI,ZNF224,gene,gene
ZNF12,GGI,ZNF292,gene,gene
ZNF12,GGI,MTERF1,gene,gene
ZNF12,GGI,ZNF268,gene,gene
ZNF12,GGI,ZNF780B,gene,gene
ZNF12,GGI,ZKSCAN8,gene,gene
ZNF12,GGI,ZNF510,gene,gene
ZNF12,GGI,CCNT1,gene,gene
ZNF12,GGI,KDM3A,gene,gene
ZNF12,GGI,ZNF484,gene,gene
ZNF12,GGI,KBTBD2,gene,gene
ZNF12,GGI,ZBTB6,gene,gene
ZNF12,GGI,AP5Z1,gene,gene
ZNF12,GGI,ZNF180,gene,gene
ZNF12,GGI,TMEM106B,gene,gene
ZNF12,GGI,ZNF440,gene,gene
ZNF12,GGI,ZKSCAN5,gene,gene
ZNF12,GGI,ZNF304,gene,gene
ZNF12,GGI,TAX1BP1,gene,gene
ZNF12,GGI,ZNF550,gene,gene
ZNF12,GGI,RBM48,gene,gene
ZNF12,GGI,RNF216,gene,gene
ZNF12,GGI,ZNF131,gene,gene
ZNF12,GGI,SLC25A36,gene,gene
ZNF12,GGI,CBLL1,gene,gene
ZNF12,GGI,ZNF225,gene,gene
CRYBG3,GGI,VPS13C,gene,gene
CRYBG3,GGI,SEPTIN10,gene,gene
CRYBG3,GGI,FRYL,gene,gene
CRYBG3,GGI,RIOX2,gene,gene
CRYBG3,GGI,CCDC88A,gene,gene
TSR3,GGI,STUB1,gene,gene
TSR3,GGI,MRPS34,gene,gene
TSR3,GGI,NUBP2,gene,gene
TSR3,GGI,ANTKMT,gene,gene
TSR3,GGI,BCL7C,gene,gene
TSR3,GGI,PGP,gene,gene
TSR3,GGI,AURKAIP1,gene,gene
TSR3,GGI,MRPL28,gene,gene
TSR3,GGI,ECI1,gene,gene
TSR3,GGI,GFER,gene,gene
TSR3,GGI,HRAS,gene,gene
TSR3,GGI,TSSC4,gene,gene
TSR3,GGI,TBL3,gene,gene
TSR3,GGI,GADD45GIP1,gene,gene
TSR3,GGI,MPG,gene,gene
TSR3,GGI,TUFM,gene,gene
TSR3,GGI,DEXI,gene,gene
TSR3,GGI,METRN,gene,gene
TSR3,GGI,TELO2,gene,gene
TSR3,GGI,NDUFB7,gene,gene
TSR3,GGI,ELOB,gene,gene
TSR3,GGI,FAM174C,gene,gene
TSR3,GGI,NTHL1,gene,gene
TSR3,GGI,BAD,gene,gene
TSR3,GGI,CCDC85B,gene,gene
TSR3,GGI,SSNA1,gene,gene
TSR3,GGI,ENDOG,gene,gene
TSR3,GGI,ARL6IP4,gene,gene
TSR3,GGI,AMDHD2,gene,gene
TSR3,GGI,ATP5F1D,gene,gene
TSR3,GGI,RAB40C,gene,gene
TSR3,GGI,E4F1,gene,gene
TSR3,GGI,TIMM13,gene,gene
TSR3,GGI,NT5C,gene,gene
TSR3,GGI,STK11,gene,gene
TSR3,GGI,NELFB,gene,gene
TSR3,GGI,CIAO3,gene,gene
TSR3,GGI,DUS1L,gene,gene
TSR3,GGI,SNF8,gene,gene
TSR3,GGI,MRPL12,gene,gene
TSR3,GGI,PTGES2,gene,gene
TSR3,GGI,NAGPA,gene,gene
TSR3,GGI,EEF2KMT,gene,gene
TSR3,GGI,CENPB,gene,gene
TSR3,GGI,GUK1,gene,gene
TSR3,GGI,NDUFS6,gene,gene
TSR3,GGI,MLST8,gene,gene
TSR3,GGI,ZNF205,gene,gene
TSR3,GGI,NAA10,gene,gene
TSR3,GGI,ZNF771,gene,gene
MAGEA4,GGI,MAGEA1,gene,gene
MAGEA4,GGI,MAGEA3,gene,gene
MAGEA4,GGI,MAGEA12,gene,gene
MAGEA4,GGI,MAGEA6,gene,gene
MAGEA4,GGI,MAGEB2,gene,gene
MAGEA4,GGI,MAGEA10,gene,gene
MAGEA4,GGI,MAGEC1,gene,gene
MAGEA4,GGI,MAGEC2,gene,gene
MAGEA4,GGI,CTAG2,gene,gene
MAGEA4,GGI,GABRA3,gene,gene
MAGEA4,GGI,GABRG2,gene,gene
MAGEA4,GGI,PRAME,gene,gene
MAGEA4,GGI,PRM1,gene,gene
MAGEA4,GGI,PAGE4,gene,gene
WSB2,GGI,GNB1,gene,gene
WSB2,GGI,SPRING1,gene,gene
WSB2,GGI,DUSP3,gene,gene
RER1,GGI,MRPL20,gene,gene
RER1,GGI,AURKAIP1,gene,gene
RER1,GGI,TAF12,gene,gene
RER1,GGI,SDF4,gene,gene
RER1,GGI,CEP104,gene,gene
RER1,GGI,KDELR2,gene,gene
RER1,GGI,SPCS1,gene,gene
RER1,GGI,JTB,gene,gene
RER1,GGI,ATP6V0B,gene,gene
RER1,GGI,DAD1,gene,gene
RER1,GGI,TRAPPC3,gene,gene
RER1,GGI,DDOST,gene,gene
RER1,GGI,PARK7,gene,gene
RER1,GGI,ICMT,gene,gene
RER1,GGI,SDHB,gene,gene
RER1,GGI,SDF2,gene,gene
RER1,GGI,TMBIM4,gene,gene
RER1,GGI,CPTP,gene,gene
RER1,GGI,TMX2,gene,gene
RER1,GGI,RPN1,gene,gene
RER1,GGI,TMCO1,gene,gene
RER1,GGI,WRAP73,gene,gene
RER1,GGI,LRRC47,gene,gene
RER1,GGI,EMC1,gene,gene
RER1,GGI,RPA2,gene,gene
RER1,GGI,TMEM165,gene,gene
RER1,GGI,NECAP2,gene,gene
RER1,GGI,EMC7,gene,gene
RER1,GGI,CCNL2,gene,gene
RER1,GGI,MED8,gene,gene
RER1,GGI,TOR1A,gene,gene
RER1,GGI,P4HB,gene,gene
RER1,GGI,INTS11,gene,gene
RER1,GGI,PSMA7,gene,gene
RER1,GGI,YKT6,gene,gene
RER1,GGI,PSMA5,gene,gene
RER1,GGI,YIF1A,gene,gene
RER1,GGI,TMEM222,gene,gene
RER1,GGI,YIPF1,gene,gene
RER1,GGI,AKR7A2,gene,gene
RER1,GGI,PSMD13,gene,gene
RER1,GGI,ATP6V0E1,gene,gene
RER1,GGI,TMED9,gene,gene
RER1,GGI,ARPC1A,gene,gene
RER1,GGI,GNB1,gene,gene
RER1,GGI,RTCA,gene,gene
PGD,GGI,G6PD,gene,gene
PGD,GGI,TKT,gene,gene
PGD,GGI,TALDO1,gene,gene
PGD,GGI,GSR,gene,gene
PGD,GGI,IDH1,gene,gene
PGD,GGI,TXNRD1,gene,gene
PGD,GGI,ENO1,gene,gene
PGD,GGI,POR,gene,gene
PGD,GGI,PRDX1,gene,gene
PGD,GGI,DHCR7,gene,gene
PGD,GGI,FTL,gene,gene
PGD,GGI,HMGCR,gene,gene
PGD,GGI,TRIM16,gene,gene
PGD,GGI,FDFT1,gene,gene
PGD,GGI,NSDHL,gene,gene
PGD,GGI,VCP,gene,gene
PGD,GGI,PIR,gene,gene
MRPL40,GGI,TXN2,gene,gene
MRPL40,GGI,UQCR10,gene,gene
MRPL40,GGI,NDUFA6,gene,gene
MRPL40,GGI,SNAP29,gene,gene
MRPL40,GGI,ATRAID,gene,gene
MRPL40,GGI,RPL26L1,gene,gene
MRPL40,GGI,MRPL46,gene,gene
MRPL40,GGI,DRG1,gene,gene
MRPL40,GGI,NDUFAF3,gene,gene
MRPL40,GGI,WASHC3,gene,gene
MRPL40,GGI,THAP7,gene,gene
MRPL40,GGI,NDUFB3,gene,gene
MRPL40,GGI,SAMM50,gene,gene
MRPL40,GGI,GTF2H5,gene,gene
MRPL40,GGI,GATB,gene,gene
MRPL40,GGI,NUDT2,gene,gene
MRPL40,GGI,MRPS11,gene,gene
MRPL40,GGI,COX5B,gene,gene
MRPL40,GGI,PSMB6,gene,gene
MRPL40,GGI,MRPL58,gene,gene
MRPL40,GGI,UQCRQ,gene,gene
MRPL40,GGI,NDUFA7,gene,gene
MRPL40,GGI,ZMAT5,gene,gene
MRPL40,GGI,DGCR6L,gene,gene
MRPL40,GGI,RBX1,gene,gene
MRPL40,GGI,RANBP1,gene,gene
MRPL40,GGI,UFD1,gene,gene
MRPL40,GGI,MRPS7,gene,gene
MRPL40,GGI,ATP6V1E1,gene,gene
MRPL40,GGI,ATP5PF,gene,gene
MRPL40,GGI,PIGP,gene,gene
MRPL40,GGI,MRPS33,gene,gene
MRPL40,GGI,MRPS15,gene,gene
MRPL40,GGI,MRPL24,gene,gene
MRPL40,GGI,CFAP68,gene,gene
MRPL40,GGI,POP4,gene,gene
MRPL40,GGI,TOMM22,gene,gene
MRPL40,GGI,ADSL,gene,gene
MRPL40,GGI,POLR2F,gene,gene
MRPL40,GGI,NDUFA2,gene,gene
MRPL40,GGI,MRPL20,gene,gene
MRPL40,GGI,BCS1L,gene,gene
MRPL40,GGI,C19orf53,gene,gene
MRPL40,GGI,EBAG9,gene,gene
MRPL40,GGI,NFU1,gene,gene
ALDH3A2,GGI,SLC47A1,gene,gene
ALDH3A2,GGI,ALDH3A1,gene,gene
ALDH3A2,GGI,CBR1,gene,gene
ALDH3A2,GGI,SHMT1,gene,gene
ALDH3A2,GGI,EPHX1,gene,gene
ALDH3A2,GGI,IDH1,gene,gene
ALDH3A2,GGI,HSD17B4,gene,gene
ALDH3A2,GGI,GCLC,gene,gene
ALDH3A2,GGI,PCYOX1,gene,gene
ACSL5,GGI,APOL3,gene,gene
ACSL5,GGI,APOL1,gene,gene
ACSL5,GGI,CTSS,gene,gene
ACSL5,GGI,ERAP1,gene,gene
ACSL5,GGI,APOL6,gene,gene
ACSL5,GGI,CASP4,gene,gene
PBX1,GGI,MEIS1,gene,gene
PBX1,GGI,AR,gene,gene
PBX1,GGI,LTBP1,gene,gene
PBX1,GGI,PDE3A,gene,gene
PBX1,GGI,SELENBP1,gene,gene
CELA2A,GGI,CELA2B,gene,gene
CELA2A,GGI,CTRC,gene,gene
CELA2A,GGI,CTRB2,gene,gene
CELA2A,GGI,CELA3A,gene,gene
CELA2A,GGI,AQP8,gene,gene
CELA2A,GGI,CLPS,gene,gene
ARFGEF1,GGI,UBR5,gene,gene
ARFGEF1,GGI,RB1CC1,gene,gene
ARFGEF1,GGI,NCOA2,gene,gene
ARFGEF1,GGI,BLTP1,gene,gene
ARFGEF1,GGI,TAF2,gene,gene
ARFGEF1,GGI,NIPBL,gene,gene
ARFGEF1,GGI,WWP1,gene,gene
ARFGEF1,GGI,VCPIP1,gene,gene
ARFGEF1,GGI,STAU2,gene,gene
ARFGEF1,GGI,WASHC5,gene,gene
ARFGEF1,GGI,TRAPPC8,gene,gene
ARFGEF1,GGI,VPS13B,gene,gene
ARFGEF1,GGI,EFR3A,gene,gene
ARFGEF1,GGI,PHF20L1,gene,gene
ARFGEF1,GGI,RALGAPB,gene,gene
ARFGEF1,GGI,YTHDF3,gene,gene
ARFGEF1,GGI,SETD2,gene,gene
ARFGEF1,GGI,ARFGEF2,gene,gene
ARFGEF1,GGI,BPTF,gene,gene
ARFGEF1,GGI,USP9X,gene,gene
ARFGEF1,GGI,CERT1,gene,gene
ARFGEF1,GGI,DMXL1,gene,gene
ARFGEF1,GGI,USP34,gene,gene
ARFGEF1,GGI,STRN,gene,gene
ARFGEF1,GGI,PCM1,gene,gene
ARFGEF1,GGI,CSPP1,gene,gene
ARFGEF1,GGI,VPS13C,gene,gene
ARFGEF1,GGI,BRAF,gene,gene
ARFGEF1,GGI,TAOK1,gene,gene
ARFGEF1,GGI,TLK1,gene,gene
ARFGEF1,GGI,PPP6R3,gene,gene
ARFGEF1,GGI,GOLGB1,gene,gene
ARFGEF1,GGI,CEP350,gene,gene
ARFGEF1,GGI,DNAJC13,gene,gene
ARFGEF1,GGI,PDS5A,gene,gene
ARFGEF1,GGI,DENND4C,gene,gene
ARFGEF1,GGI,COPS5,gene,gene
ARFGEF1,GGI,CDK13,gene,gene
ARFGEF1,GGI,PRKDC,gene,gene
ARFGEF1,GGI,VPS13D,gene,gene
ARFGEF1,GGI,SPG11,gene,gene
ARFGEF1,GGI,TNKS2,gene,gene
ARFGEF1,GGI,JMJD1C,gene,gene
ARFGEF1,GGI,GCC2,gene,gene
ARFGEF1,GGI,RASA1,gene,gene
ARFGEF1,GGI,KAT6A,gene,gene
ARFGEF1,GGI,TGS1,gene,gene
ARFGEF1,GGI,HELZ,gene,gene
ARFGEF1,GGI,NSD3,gene,gene
ARFGEF1,GGI,NBN,gene,gene
ARFGEF1,GGI,CLINT1,gene,gene
ARFGEF1,GGI,CNOT1,gene,gene
ARFGEF1,GGI,INTS8,gene,gene
ARFGEF1,GGI,EMC2,gene,gene
ARFGEF1,GGI,UBE2W,gene,gene
ARFGEF1,GGI,ITSN2,gene,gene
ARFGEF1,GGI,SENP6,gene,gene
ARFGEF1,GGI,ZNF148,gene,gene
ARFGEF1,GGI,TNKS,gene,gene
ARFGEF1,GGI,RANBP2,gene,gene
ARFGEF1,GGI,ROCK1,gene,gene
ARFGEF1,GGI,TRAPPC11,gene,gene
ARFGEF1,GGI,LYPLA1,gene,gene
ARFGEF1,GGI,ZMYM2,gene,gene
ARFGEF1,GGI,RAB3GAP2,gene,gene
CFAP46,GGI,SPEF1,gene,gene
CFAP46,GGI,DNAAF1,gene,gene
CFAP46,GGI,CFAP74,gene,gene
CFAP46,GGI,DNAI2,gene,gene
CFAP46,GGI,ZMYND10,gene,gene
CFAP46,GGI,TEKT2,gene,gene
CFAP46,GGI,TSNAXIP1,gene,gene
VGLL1,GGI,VTCN1,gene,gene
VGLL1,GGI,UPK2,gene,gene
VGLL1,GGI,ADGRF1,gene,gene
VGLL1,GGI,GABRP,gene,gene
VGLL1,GGI,SPRR3,gene,gene
VGLL1,GGI,ELF5,gene,gene
VGLL1,GGI,PRSS22,gene,gene
VGLL1,GGI,MUC16,gene,gene
VGLL1,GGI,TACSTD2,gene,gene
VGLL1,GGI,TMPRSS4,gene,gene
VGLL1,GGI,KRT4,gene,gene
VGLL1,GGI,KLK5,gene,gene
VGLL1,GGI,ALDH3B2,gene,gene
VGLL1,GGI,CLDN8,gene,gene
VGLL1,GGI,IL36RN,gene,gene
VGLL1,GGI,KLK6,gene,gene
VGLL1,GGI,ITGB6,gene,gene
VGLL1,GGI,ACKR2,gene,gene
CDH18,GGI,CDH12,gene,gene
CDH18,GGI,CDH10,gene,gene
CDH18,GGI,GABRG2,gene,gene
CDH18,GGI,GRIA2,gene,gene
CDH18,GGI,NCAM2,gene,gene
CDH18,GGI,SCN2A,gene,gene
CDH18,GGI,PPFIA2,gene,gene
CDH18,GGI,MYT1L,gene,gene
CDH18,GGI,EPHA5,gene,gene
CLK3,GGI,ANKZF1,gene,gene
CLK3,GGI,AKAP8L,gene,gene
CLK3,GGI,JMJD6,gene,gene
CLK3,GGI,YY1AP1,gene,gene
CLK3,GGI,RSRC2,gene,gene
CLK3,GGI,CHD2,gene,gene
CLK3,GGI,ZNF143,gene,gene
CLK3,GGI,RNF111,gene,gene
CLK3,GGI,PIAS1,gene,gene
CLK3,GGI,MED15,gene,gene
CLK3,GGI,AKAP17A,gene,gene
CLK3,GGI,HINFP,gene,gene
CLK3,GGI,POLG,gene,gene
CLK3,GGI,ARID3B,gene,gene
CLK3,GGI,ARIH1,gene,gene
CLK3,GGI,DPF2,gene,gene
CLK3,GGI,PRR14,gene,gene
CLK3,GGI,YJU2B,gene,gene
CLK3,GGI,WBP2,gene,gene
CLK3,GGI,MKRN1,gene,gene
CLK3,GGI,ZBTB17,gene,gene
CLK3,GGI,KDM3A,gene,gene
CLK3,GGI,KHDC4,gene,gene
CLK3,GGI,SFSWAP,gene,gene
CENPF,GGI,ASPM,gene,gene
CENPF,GGI,TOP2A,gene,gene
CENPF,GGI,CENPE,gene,gene
CENPF,GGI,MKI67,gene,gene
CENPF,GGI,KIF14,gene,gene
CENPF,GGI,KNL1,gene,gene
CENPF,GGI,TPX2,gene,gene
CENPF,GGI,DLGAP5,gene,gene
CENPF,GGI,KIF11,gene,gene
CENPF,GGI,NEK2,gene,gene
CENPF,GGI,BUB1B,gene,gene
CENPF,GGI,KIF4A,gene,gene
CENPF,GGI,NCAPG,gene,gene
CENPF,GGI,BUB1,gene,gene
CENPF,GGI,TTK,gene,gene
CENPF,GGI,HMMR,gene,gene
CENPF,GGI,KIF23,gene,gene
CENPF,GGI,NUSAP1,gene,gene
CENPF,GGI,KIF15,gene,gene
CENPF,GGI,KIF20A,gene,gene
CENPF,GGI,NDC80,gene,gene
CENPF,GGI,CCNB2,gene,gene
CENPF,GGI,CEP55,gene,gene
CENPF,GGI,DEPDC1,gene,gene
CENPF,GGI,CCNB1,gene,gene
CENPF,GGI,KIF18A,gene,gene
CENPF,GGI,PRC1,gene,gene
CENPF,GGI,HJURP,gene,gene
CENPF,GGI,KIF20B,gene,gene
CENPF,GGI,SPAG5,gene,gene
CENPF,GGI,PLK1,gene,gene
CENPF,GGI,CIT,gene,gene
CENPF,GGI,KIF2C,gene,gene
CENPF,GGI,CDC20,gene,gene
CENPF,GGI,ARHGAP11A,gene,gene
CENPF,GGI,PRR11,gene,gene
CENPF,GGI,NCAPH,gene,gene
CENPF,GGI,CCNA2,gene,gene
CENPF,GGI,SMC4,gene,gene
CENPF,GGI,CKAP2,gene,gene
CENPF,GGI,POLQ,gene,gene
CENPF,GGI,CDK1,gene,gene
CENPF,GGI,PTTG1,gene,gene
CENPF,GGI,PBK,gene,gene
CENPF,GGI,GTSE1,gene,gene
CENPF,GGI,UBE2C,gene,gene
CENPF,GGI,CDCA8,gene,gene
CENPF,GGI,RACGAP1,gene,gene
CENPF,GGI,CDKN3,gene,gene
CENPF,GGI,BIRC5,gene,gene
CENPF,GGI,CENPA,gene,gene
CENPF,GGI,KIFC1,gene,gene
CENPF,GGI,PLK4,gene,gene
CENPF,GGI,SMC2,gene,gene
CENPF,GGI,AURKA,gene,gene
CENPF,GGI,ECT2,gene,gene
CENPF,GGI,FOXM1,gene,gene
CENPF,GGI,CKAP5,gene,gene
CENPF,GGI,CDCA3,gene,gene
CENPF,GGI,CDC25C,gene,gene
CENPF,GGI,SPC25,gene,gene
CENPF,GGI,TPR,gene,gene
CENPF,GGI,DIAPH3,gene,gene
CENPF,GGI,AURKB,gene,gene
CENPF,GGI,DTL,gene,gene
CENPF,GGI,FANCI,gene,gene
CENPF,GGI,TROAP,gene,gene
CENPF,GGI,BRCA2,gene,gene
CENPF,GGI,SKA1,gene,gene
CENPF,GGI,NCAPD2,gene,gene
CENPF,GGI,MELK,gene,gene
CENPF,GGI,PIMREG,gene,gene
CENPF,GGI,STMN1,gene,gene
CENPF,GGI,MAD2L1,gene,gene
CENPF,GGI,RRM2,gene,gene
CENPF,GGI,EXO1,gene,gene
CENPF,GGI,KPNA2,gene,gene
CENPF,GGI,SHCBP1,gene,gene
CENPF,GGI,ZWINT,gene,gene
CENPF,GGI,KIF18B,gene,gene
CENPF,GGI,HMGB2,gene,gene
CENPF,GGI,RAD51AP1,gene,gene
CENPF,GGI,NEIL3,gene,gene
CENPF,GGI,CLSPN,gene,gene
CENPF,GGI,ESPL1,gene,gene
CENPF,GGI,GPSM2,gene,gene
CENPF,GGI,CENPU,gene,gene
CENPF,GGI,PCLAF,gene,gene
CENPF,GGI,CENPI,gene,gene
CENPF,GGI,STIL,gene,gene
CENPF,GGI,CCNF,gene,gene
CENPF,GGI,INCENP,gene,gene
CENPF,GGI,GOLGB1,gene,gene
CENPF,GGI,CKS2,gene,gene
CENPF,GGI,CEP350,gene,gene
SPOCK3,GGI,ADGRB3,gene,gene
CCDC85C,GGI,CEP170B,gene,gene
CCDC85C,GGI,PPP2R3B,gene,gene
CCDC85C,GGI,PAK4,gene,gene
CCDC85C,GGI,SLC25A23,gene,gene
YTHDF2,GGI,PUM1,gene,gene
YTHDF2,GGI,AKIRIN1,gene,gene
YTHDF2,GGI,PPP1R8,gene,gene
YTHDF2,GGI,ELOA,gene,gene
YTHDF2,GGI,PPP2CA,gene,gene
YTHDF2,GGI,KPNA6,gene,gene
YTHDF2,GGI,THRAP3,gene,gene
YTHDF2,GGI,FASTKD5,gene,gene
YTHDF2,GGI,GMEB1,gene,gene
YTHDF2,GGI,RBBP4,gene,gene
YTHDF2,GGI,HNRNPK,gene,gene
YTHDF2,GGI,GPN2,gene,gene
YTHDF2,GGI,GPATCH3,gene,gene
YTHDF2,GGI,DDX5,gene,gene
YTHDF2,GGI,ETF1,gene,gene
YTHDF2,GGI,RNF4,gene,gene
YTHDF2,GGI,GTF3C4,gene,gene
YTHDF2,GGI,SNIP1,gene,gene
YTHDF2,GGI,TXLNA,gene,gene
YTHDF2,GGI,DNTTIP2,gene,gene
YTHDF2,GGI,PSMB2,gene,gene
YTHDF2,GGI,YRDC,gene,gene
YTHDF2,GGI,TOE1,gene,gene
YTHDF2,GGI,UTP11,gene,gene
YTHDF2,GGI,HNRNPR,gene,gene
YTHDF2,GGI,MUL1,gene,gene
YTHDF2,GGI,LRRC47,gene,gene
YTHDF2,GGI,MED17,gene,gene
YTHDF2,GGI,LUZP1,gene,gene
YTHDF2,GGI,COA7,gene,gene
YTHDF2,GGI,CLP1,gene,gene
YTHDF2,GGI,CDKN2AIP,gene,gene
YTHDF2,GGI,KDM1A,gene,gene
YTHDF2,GGI,SFPQ,gene,gene
YTHDF2,GGI,G3BP2,gene,gene
YTHDF2,GGI,NIP7,gene,gene
YTHDF2,GGI,URB2,gene,gene
YTHDF2,GGI,ZNF669,gene,gene
YTHDF2,GGI,WDR82,gene,gene
YTHDF2,GGI,QRICH1,gene,gene
YTHDF2,GGI,DHX15,gene,gene
YTHDF2,GGI,FBXO28,gene,gene
YTHDF2,GGI,KHDRBS1,gene,gene
YTHDF2,GGI,HNRNPU,gene,gene
YTHDF2,GGI,BCL10,gene,gene
YTHDF2,GGI,FBXO42,gene,gene
YTHDF2,GGI,SRSF6,gene,gene
YTHDF2,GGI,RBM15,gene,gene
YTHDF2,GGI,G3BP1,gene,gene
YTHDF2,GGI,BAG5,gene,gene
YTHDF2,GGI,DR1,gene,gene
ZKSCAN3,GGI,ZKSCAN4,gene,gene
ZKSCAN3,GGI,ZKSCAN8,gene,gene
ZKSCAN3,GGI,ZNF225,gene,gene
ZKSCAN3,GGI,ZNF623,gene,gene
ZKSCAN3,GGI,ZSCAN9,gene,gene
ZKSCAN3,GGI,ZNF234,gene,gene
ZKSCAN3,GGI,ZNF221,gene,gene
ZKSCAN3,GGI,ZNF184,gene,gene
ZKSCAN3,GGI,MED20,gene,gene
ZKSCAN3,GGI,ZNF780B,gene,gene
ZKSCAN3,GGI,BBS10,gene,gene
ZKSCAN3,GGI,ZNF250,gene,gene
ZKSCAN3,GGI,ZNF45,gene,gene
ZKSCAN3,GGI,BTN2A3P,gene,gene
ZKSCAN3,GGI,FAM200C,gene,gene
ZKSCAN3,GGI,GTF2H4,gene,gene
ZKSCAN3,GGI,ZMYM1,gene,gene
GABRG2,GGI,GABRA1,gene,gene
GABRG2,GGI,GABRA3,gene,gene
GABRG2,GGI,HTR2C,gene,gene
GABRG2,GGI,ST8SIA3,gene,gene
GABRG2,GGI,SLC17A6,gene,gene
GABRG2,GGI,MYT1L,gene,gene
GABRG2,GGI,POU6F2,gene,gene
GABRG2,GGI,CDH8,gene,gene
GABRG2,GGI,ADAMTS20,gene,gene
GABRG2,GGI,CDH18,gene,gene
GABRG2,GGI,GRIA2,gene,gene
GABRG2,GGI,MAGEA3,gene,gene
GABRG2,GGI,MAGEA12,gene,gene
GABRG2,GGI,GAD2,gene,gene
GABRG2,GGI,MAGEB2,gene,gene
GABRG2,GGI,SLITRK3,gene,gene
GABRG2,GGI,IAPP,gene,gene
GABRG2,GGI,MAGEA1,gene,gene
GABRG2,GGI,MAGEA4,gene,gene
GABRG2,GGI,NSG2,gene,gene
GABRG2,GGI,SLCO1B1,gene,gene
GABRG2,GGI,MAGEC1,gene,gene
GABRG2,GGI,CA10,gene,gene
GABRG2,GGI,UNC13A,gene,gene
GABRG2,GGI,SYT1,gene,gene
GABRG2,GGI,CDH12,gene,gene
GABRG2,GGI,ELAVL4,gene,gene
SOX1,GGI,SOX21,gene,gene
SOX1,GGI,POU3F3,gene,gene
SOX1,GGI,FEZF2,gene,gene
SOX1,GGI,LHX5,gene,gene
SOX1,GGI,RAX,gene,gene
SOX1,GGI,POU3F2,gene,gene
SOX1,GGI,SOX3,gene,gene
SOX1,GGI,POU3F4,gene,gene
SOX1,GGI,APC2,gene,gene
SOX1,GGI,EN2,gene,gene
SOX1,GGI,MYOD1,gene,gene
SOX1,GGI,ASCL1,gene,gene
SOX1,GGI,POU3F1,gene,gene
SOX1,GGI,INSM1,gene,gene
SOX1,GGI,NKX2-1,gene,gene
SOX1,GGI,PCDH8,gene,gene
SOX1,GGI,NKX2-2,gene,gene
SOX1,GGI,PHOX2A,gene,gene
SOX1,GGI,DRD4,gene,gene
SOX1,GGI,FZD10,gene,gene
SOX1,GGI,LMO1,gene,gene
SOX1,GGI,OLIG2,gene,gene
SOX1,GGI,NEUROG2,gene,gene
SOX1,GGI,GAD2,gene,gene
MEP1A,GGI,SI,gene,gene
MEP1A,GGI,FABP1,gene,gene
MEP1A,GGI,CDH17,gene,gene
MEP1A,GGI,MYO1A,gene,gene
MEP1A,GGI,GUCA2A,gene,gene
MEP1A,GGI,ALPI,gene,gene
MEP1A,GGI,UGT2A3,gene,gene
MEP1A,GGI,GCG,gene,gene
MEP1A,GGI,SERPINA7,gene,gene
MEP1A,GGI,BTNL3,gene,gene
MEP1A,GGI,SULT2A1,gene,gene
MEP1A,GGI,PNLIPRP2,gene,gene
MEP1A,GGI,OTC,gene,gene
MEP1A,GGI,CLCA1,gene,gene
MEP1A,GGI,SLC26A3,gene,gene
ZNF185,GGI,TMEM40,gene,gene
CDK5RAP1,GGI,ACTR5,gene,gene
CDK5RAP1,GGI,CTNNBL1,gene,gene
CDK5RAP1,GGI,DDX27,gene,gene
CDK5RAP1,GGI,EIF2B5,gene,gene
CDK5RAP1,GGI,NFS1,gene,gene
CDK5RAP1,GGI,UQCC1,gene,gene
CDK5RAP1,GGI,IDH3B,gene,gene
CDK5RAP1,GGI,DHX35,gene,gene
CDK5RAP1,GGI,RAE1,gene,gene
CDK5RAP1,GGI,METTL17,gene,gene
CDK5RAP1,GGI,VPS33B,gene,gene
CDK5RAP1,GGI,MRPL2,gene,gene
CDK5RAP1,GGI,TRPC4AP,gene,gene
CDK5RAP1,GGI,DHX16,gene,gene
CDK5RAP1,GGI,PRPF6,gene,gene
CDK5RAP1,GGI,EIF6,gene,gene
CDK5RAP1,GGI,GSS,gene,gene
CDK5RAP1,GGI,POLR3F,gene,gene
CDK5RAP1,GGI,CWF19L1,gene,gene
CDK5RAP1,GGI,VPS16,gene,gene
CDK5RAP1,GGI,NDUFAF5,gene,gene
CDK5RAP1,GGI,DSN1,gene,gene
CDK5RAP1,GGI,NSFL1C,gene,gene
CDK5RAP1,GGI,ILKAP,gene,gene
CDK5RAP1,GGI,MRM3,gene,gene
CDK5RAP1,GGI,XAB2,gene,gene
CDK5RAP1,GGI,EIF2B4,gene,gene
CDK5RAP1,GGI,OSGEP,gene,gene
CDK5RAP1,GGI,PTCD3,gene,gene
CDK5RAP1,GGI,AAR2,gene,gene
CDK5RAP1,GGI,WDR70,gene,gene
CDK5RAP1,GGI,TOP3B,gene,gene
CDK5RAP1,GGI,SUPV3L1,gene,gene
CDK5RAP1,GGI,ERCC3,gene,gene
CDK5RAP1,GGI,DDX56,gene,gene
CDK5RAP1,GGI,WDR74,gene,gene
CDK5RAP1,GGI,ARFGAP1,gene,gene
CDK5RAP1,GGI,GTF3C5,gene,gene
CDK5RAP1,GGI,TARS2,gene,gene
CDK5RAP1,GGI,NUP93,gene,gene
CDK5RAP1,GGI,NUP85,gene,gene
HOXA3,GGI,HOXA2,gene,gene
HOXA3,GGI,HOXA5,gene,gene
HOXA3,GGI,HOXA4,gene,gene
HOXA3,GGI,HOXA6,gene,gene
HOXA3,GGI,HOXA1,gene,gene
HOXA3,GGI,HOXA10,gene,gene
HOXA3,GGI,HOXB5,gene,gene
HOXA3,GGI,HOXB3,gene,gene
HOXA3,GGI,SKAP2,gene,gene
HOXA3,GGI,HOXB6,gene,gene
HOXA3,GGI,HOXA11,gene,gene
HOXA3,GGI,HOXB8,gene,gene
HOXA3,GGI,HOXC8,gene,gene
HOXA3,GGI,HOXC4,gene,gene
HOXA3,GGI,HOXC6,gene,gene
HOXA3,GGI,HOXB7,gene,gene
HOXA3,GGI,HOXB2,gene,gene
HOXA3,GGI,HOXD3,gene,gene
HOXA3,GGI,HOXC10,gene,gene
HOXA3,GGI,HOXD11,gene,gene
HOXA3,GGI,HOXD9,gene,gene
CYB5R4,GGI,CYRIB,gene,gene
CYB5R4,GGI,ATG5,gene,gene
CYB5R4,GGI,MTMR6,gene,gene
CYB5R4,GGI,OSTM1,gene,gene
CYB5R4,GGI,PPP2R3C,gene,gene
CYB5R4,GGI,COMMD8,gene,gene
CYB5R4,GGI,UBE2D1,gene,gene
CYB5R4,GGI,UBE2J1,gene,gene
CYB5R4,GGI,MOB1A,gene,gene
CYB5R4,GGI,CAPZA2,gene,gene
MID2,GGI,MORC4,gene,gene
MID2,GGI,ZFYVE9,gene,gene
MID2,GGI,PPP1R13B,gene,gene
MID2,GGI,JHY,gene,gene
LAMC3,GGI,FLT4,gene,gene
MAT2A,GGI,SRSF6,gene,gene
MAT2A,GGI,SRSF1,gene,gene
MAT2A,GGI,DDX5,gene,gene
MAT2A,GGI,NOP56,gene,gene
MAT2A,GGI,HSPA8,gene,gene
MAT2A,GGI,TARDBP,gene,gene
MAT2A,GGI,DDX17,gene,gene
MAT2A,GGI,HNRNPAB,gene,gene
MAT2A,GGI,SFPQ,gene,gene
MAT2A,GGI,SRSF7,gene,gene
MAT2A,GGI,G3BP1,gene,gene
MAT2A,GGI,OGT,gene,gene
MAT2A,GGI,PPRC1,gene,gene
MAT2A,GGI,DGCR8,gene,gene
MAT2A,GGI,SF1,gene,gene
MAT2A,GGI,NOP2,gene,gene
MAT2A,GGI,CPSF6,gene,gene
MAT2A,GGI,URB2,gene,gene
MAT2A,GGI,MTRR,gene,gene
MAT2A,GGI,HNRNPA2B1,gene,gene
SENP2,GGI,SENP5,gene,gene
SENP2,GGI,ABCF3,gene,gene
SENP2,GGI,MFN1,gene,gene
SENP2,GGI,PCYT1A,gene,gene
SENP2,GGI,FXR1,gene,gene
SENP2,GGI,LSG1,gene,gene
SENP2,GGI,UBXN7,gene,gene
SENP2,GGI,OPA1,gene,gene
SENP2,GGI,PIK3CA,gene,gene
SENP2,GGI,DCUN1D1,gene,gene
SENP2,GGI,ARMC8,gene,gene
SENP2,GGI,KPNA4,gene,gene
SENP2,GGI,DVL3,gene,gene
SENP2,GGI,EIF2B5,gene,gene
SENP2,GGI,FBXW2,gene,gene
FGL1,GGI,FGA,gene,gene
FGL1,GGI,FGG,gene,gene
FGL1,GGI,FGB,gene,gene
FGL1,GGI,APOH,gene,gene
FGL1,GGI,UGT2B4,gene,gene
FGL1,GGI,GC,gene,gene
FGL1,GGI,ALB,gene,gene
FGL1,GGI,CFHR2,gene,gene
FGL1,GGI,C4BPA,gene,gene
FGL1,GGI,SERPINA7,gene,gene
FGL1,GGI,C8A,gene,gene
FGL1,GGI,C8B,gene,gene
FGL1,GGI,APCS,gene,gene
FGL1,GGI,F13B,gene,gene
FGL1,GGI,HABP2,gene,gene
FGL1,GGI,CRP,gene,gene
FGL1,GGI,AFM,gene,gene
FGL1,GGI,AHSG,gene,gene
FGL1,GGI,KNG1,gene,gene
FGL1,GGI,SERPINA4,gene,gene
FGL1,GGI,F9,gene,gene
FGL1,GGI,ITIH2,gene,gene
FGL1,GGI,TM4SF4,gene,gene
FGL1,GGI,MBL2,gene,gene
FGL1,GGI,HAO1,gene,gene
FGL1,GGI,FABP1,gene,gene
FGL1,GGI,CFHR5,gene,gene
FGL1,GGI,F2,gene,gene
FGL1,GGI,SPP2,gene,gene
FGL1,GGI,SERPINA6,gene,gene
FGL1,GGI,AMBP,gene,gene
FGL1,GGI,SLCO1B1,gene,gene
FGL1,GGI,PLG,gene,gene
FGL1,GGI,ANXA13,gene,gene
FGL1,GGI,G6PC1,gene,gene
FGL1,GGI,BAAT,gene,gene
FGL1,GGI,UGT2B15,gene,gene
FGL1,GGI,ANGPTL3,gene,gene
FGL1,GGI,SULT2A1,gene,gene
FGL1,GGI,HRG,gene,gene
FGL1,GGI,A1CF,gene,gene
FGL1,GGI,ORM1,gene,gene
FGL1,GGI,AKR1C4,gene,gene
FGL1,GGI,TTR,gene,gene
FGL1,GGI,AADAC,gene,gene
RHOT2,GGI,E4F1,gene,gene
RHOT2,GGI,TAF1C,gene,gene
RHOT2,GGI,TELO2,gene,gene
RHOT2,GGI,CENPT,gene,gene
RHOT2,GGI,TBL3,gene,gene
RHOT2,GGI,TMEM259,gene,gene
RHOT2,GGI,MAN2C1,gene,gene
RHOT2,GGI,NUBP2,gene,gene
RHOT2,GGI,CIAO3,gene,gene
RHOT2,GGI,SNRNP70,gene,gene
RHOT2,GGI,TRABD,gene,gene
RHOT2,GGI,RAB40C,gene,gene
RHOT2,GGI,TSC2,gene,gene
RHOT2,GGI,PNKP,gene,gene
RHOT2,GGI,FBXL6,gene,gene
RHOT2,GGI,PIGQ,gene,gene
RHOT2,GGI,ARFGAP1,gene,gene
RHOT2,GGI,SH2B1,gene,gene
RHOT2,GGI,CAPN15,gene,gene
RHOT2,GGI,ANAPC2,gene,gene
RHOT2,GGI,LUC7L,gene,gene
RHOT2,GGI,INTS11,gene,gene
RHOT2,GGI,NFATC2IP,gene,gene
RHOT2,GGI,MAPK8IP3,gene,gene
RHOT2,GGI,CAPN10,gene,gene
RHOT2,GGI,TRMT2A,gene,gene
RHOT2,GGI,EDC4,gene,gene
RHOT2,GGI,HGS,gene,gene
RHOT2,GGI,LMF2,gene,gene
RHOT2,GGI,PIDD1,gene,gene
RHOT2,GGI,FASTK,gene,gene
RHOT2,GGI,CPSF1,gene,gene
RHOT2,GGI,NSUN5P1,gene,gene
RHOT2,GGI,STUB1,gene,gene
RHOT2,GGI,CLASRP,gene,gene
RHOT2,GGI,NME3,gene,gene
RHOT2,GGI,SPSB3,gene,gene
RHOT2,GGI,AP5Z1,gene,gene
RHOT2,GGI,C1orf159,gene,gene
RHOT2,GGI,ANTKMT,gene,gene
RHOT2,GGI,SRRT,gene,gene
RHOT2,GGI,PGAP6,gene,gene
RHOT2,GGI,MFSD10,gene,gene
RHOT2,GGI,DCAF15,gene,gene
RHOT2,GGI,CXXC1,gene,gene
RHOT2,GGI,AMDHD2,gene,gene
RHOT2,GGI,CDK10,gene,gene
RHOT2,GGI,PHKG2,gene,gene
RHOT2,GGI,TRAPPC14,gene,gene
RHOT2,GGI,CLCN7,gene,gene
RHOT2,GGI,RTEL1,gene,gene
RHOT2,GGI,OGFOD2,gene,gene
RHOT2,GGI,ZGPAT,gene,gene
RHOT2,GGI,SGSM3,gene,gene
RHOT2,GGI,TOP3B,gene,gene
RHOT2,GGI,CDC37,gene,gene
RHOT2,GGI,FAAP100,gene,gene
RHOT2,GGI,ATG4B,gene,gene
RHOT2,GGI,CSNK1G2,gene,gene
RHOT2,GGI,PGP,gene,gene
RHOT2,GGI,NCLN,gene,gene
RHOT2,GGI,GGA1,gene,gene
RHOT2,GGI,NOC4L,gene,gene
RHOT2,GGI,LRCH4,gene,gene
RHOT2,GGI,ZNF276,gene,gene
RHOT2,GGI,DHX38,gene,gene
RHOT2,GGI,CD2BP2,gene,gene
RHOT2,GGI,RHBDL1,gene,gene
RHOT2,GGI,CDK5RAP3,gene,gene
RHOT2,GGI,ARHGEF1,gene,gene
RHOT2,GGI,CORO7,gene,gene
RHOT2,GGI,RNPS1,gene,gene
RHOT2,GGI,PTGES2,gene,gene
RHOT2,GGI,DECR2,gene,gene
RHOT2,GGI,ELMO3,gene,gene
RHOT2,GGI,MRPL28,gene,gene
RHOT2,GGI,TRMT1,gene,gene
RHOT2,GGI,ZNF692,gene,gene
RHOT2,GGI,E2F4,gene,gene
RHOT2,GGI,CHKB,gene,gene
RHOT2,GGI,POLRMT,gene,gene
RHOT2,GGI,DUS1L,gene,gene
RHOT2,GGI,QTRT1,gene,gene
RHOT2,GGI,HAUS5,gene,gene
RHOT2,GGI,TAFAZZIN,gene,gene
RHOT2,GGI,INTS1,gene,gene
RHOT2,GGI,ZBTB17,gene,gene
RHOT2,GGI,SIRT7,gene,gene
RHOT2,GGI,MTG1,gene,gene
RHOT2,GGI,ATAD3A,gene,gene
RHOT2,GGI,RPS6KB2,gene,gene
RHOT2,GGI,LZTR1,gene,gene
RHOT2,GGI,TYK2,gene,gene
RHOT2,GGI,AKAP8,gene,gene
RHOT2,GGI,TUFM,gene,gene
RHOT2,GGI,PPP6R2,gene,gene
RHOT2,GGI,APBB3,gene,gene
RHOT2,GGI,PPP4C,gene,gene
RHOT2,GGI,ARFRP1,gene,gene
RHOT2,GGI,RECQL4,gene,gene
RHOT2,GGI,SPG7,gene,gene
RHOT2,GGI,NDOR1,gene,gene
RHOT2,GGI,TCIRG1,gene,gene
RHOT2,GGI,TCF25,gene,gene
RHOT2,GGI,AKAP17A,gene,gene
RHOT2,GGI,METTL17,gene,gene
RHOT2,GGI,IRF3,gene,gene
RHOT2,GGI,NSUN5,gene,gene
RHOT2,GGI,PKD1,gene,gene
RHOT2,GGI,DGKZ,gene,gene
RHOT2,GGI,RABEP2,gene,gene
RHOT2,GGI,ATP13A1,gene,gene
RHOT2,GGI,THOP1,gene,gene
RHOT2,GGI,CDK9,gene,gene
RHOT2,GGI,RNF126,gene,gene
RHOT2,GGI,RNF31,gene,gene
RHOT2,GGI,RAD9A,gene,gene
RHOT2,GGI,CCNL2,gene,gene
NDEL1,GGI,UBAP1,gene,gene
NDEL1,GGI,MAP2K4,gene,gene
NDEL1,GGI,FXR2,gene,gene
NDEL1,GGI,GABARAPL1,gene,gene
NDEL1,GGI,VPS53,gene,gene
NDEL1,GGI,OSBPL2,gene,gene
NDEL1,GGI,CRK,gene,gene
NDEL1,GGI,PITPNA,gene,gene
NDEL1,GGI,CWC25,gene,gene
NDEL1,GGI,MXD1,gene,gene
NDEL1,GGI,CD55,gene,gene
NDEL1,GGI,KLC1,gene,gene
NDEL1,GGI,DNAJB6,gene,gene
NDEL1,GGI,COQ10B,gene,gene
NDEL1,GGI,JMJD6,gene,gene
MORC2,GGI,KRI1,gene,gene
MORC2,GGI,GCN1,gene,gene
MORC2,GGI,METTL13,gene,gene
MORC2,GGI,SUPT5H,gene,gene
MORC2,GGI,NOP2,gene,gene
MORC2,GGI,GON4L,gene,gene
MORC2,GGI,SMARCA4,gene,gene
MORC2,GGI,DDX27,gene,gene
MORC2,GGI,PES1,gene,gene
MORC2,GGI,TUG1,gene,gene
MORC2,GGI,ASCC2,gene,gene
MORC2,GGI,TFIP11,gene,gene
LGALS1,GGI,EMP3,gene,gene
LGALS1,GGI,VIM,gene,gene
LGALS1,GGI,ANXA2,gene,gene
LGALS1,GGI,S100A6,gene,gene
LGALS1,GGI,TMSB10,gene,gene
LGALS1,GGI,CAPG,gene,gene
LGALS1,GGI,S100A4,gene,gene
LGALS1,GGI,RRAS,gene,gene
LGALS1,GGI,S100A10,gene,gene
LGALS1,GGI,TSPO,gene,gene
LGALS1,GGI,TIMP1,gene,gene
LGALS1,GGI,CAVIN3,gene,gene
LGALS1,GGI,RHOC,gene,gene
LGALS1,GGI,MYL6,gene,gene
LGALS1,GGI,PLP2,gene,gene
LGALS1,GGI,FLNA,gene,gene
LGALS1,GGI,AHNAK,gene,gene
OSM,GGI,SOCS3,gene,gene
OSM,GGI,ADGRG3,gene,gene
OSM,GGI,SLC11A1,gene,gene
OSM,GGI,IL1B,gene,gene
OSM,GGI,C5AR1,gene,gene
OSM,GGI,LILRA5,gene,gene
OSM,GGI,FUT7,gene,gene
OSM,GGI,IL10,gene,gene
OSM,GGI,TREM1,gene,gene
OSM,GGI,FFAR2,gene,gene
OSM,GGI,CSF3R,gene,gene
OSM,GGI,TNFRSF4,gene,gene
OSM,GGI,HK3,gene,gene
OSM,GGI,CSF2RB,gene,gene
OSM,GGI,G0S2,gene,gene
OSM,GGI,GPR132,gene,gene
OSM,GGI,JUNB,gene,gene
OSM,GGI,SIGLEC9,gene,gene
OSM,GGI,HBEGF,gene,gene
OSM,GGI,FPR2,gene,gene
OSM,GGI,WAS,gene,gene
OSM,GGI,MEFV,gene,gene
OSM,GGI,FPR1,gene,gene
STAT5B,GGI,STAT5A,gene,gene
STAT5B,GGI,STAT3,gene,gene
STAT5B,GGI,CASC3,gene,gene
STAT5B,GGI,MSL1,gene,gene
STAT5B,GGI,NBR1,gene,gene
STAT5B,GGI,DENND5A,gene,gene
STAT5B,GGI,EZH1,gene,gene
STAT5B,GGI,FLOT2,gene,gene
ARHGEF1,GGI,EML3,gene,gene
ARHGEF1,GGI,CLASRP,gene,gene
ARHGEF1,GGI,SNRNP70,gene,gene
ARHGEF1,GGI,LRCH4,gene,gene
ARHGEF1,GGI,TRABD,gene,gene
ARHGEF1,GGI,TYK2,gene,gene
ARHGEF1,GGI,SIPA1,gene,gene
ARHGEF1,GGI,MYO9B,gene,gene
ARHGEF1,GGI,GMIP,gene,gene
ARHGEF1,GGI,DEF6,gene,gene
ARHGEF1,GGI,ARHGAP45,gene,gene
ARHGEF1,GGI,IRF3,gene,gene
ARHGEF1,GGI,ARAP1,gene,gene
ARHGEF1,GGI,TAFAZZIN,gene,gene
ARHGEF1,GGI,ARHGAP4,gene,gene
ARHGEF1,GGI,PNKP,gene,gene
ARHGEF1,GGI,PRKD2,gene,gene
ARHGEF1,GGI,ZNF276,gene,gene
ARHGEF1,GGI,SYMPK,gene,gene
ARHGEF1,GGI,TAF1C,gene,gene
ARHGEF1,GGI,HAUS5,gene,gene
ARHGEF1,GGI,GRK2,gene,gene
ARHGEF1,GGI,STK10,gene,gene
ARHGEF1,GGI,DCAF15,gene,gene
ARHGEF1,GGI,PPP6R1,gene,gene
ARHGEF1,GGI,CORO7,gene,gene
ARHGEF1,GGI,POLM,gene,gene
ARHGEF1,GGI,RHOT2,gene,gene
ARHGEF1,GGI,DNM2,gene,gene
ARHGEF1,GGI,PGGHG,gene,gene
ARHGEF1,GGI,CSK,gene,gene
ARHGEF1,GGI,DGKZ,gene,gene
ARHGEF1,GGI,NLRP1,gene,gene
ARHGEF1,GGI,HGS,gene,gene
ARHGEF1,GGI,CPSF1,gene,gene
ARHGEF1,GGI,VASP,gene,gene
ARHGEF1,GGI,SUN2,gene,gene
ARHGEF1,GGI,MAN2C1,gene,gene
ARHGEF1,GGI,TCIRG1,gene,gene
ARHGEF1,GGI,PIK3CD,gene,gene
ARHGEF1,GGI,RBM42,gene,gene
ARHGEF1,GGI,HDAC7,gene,gene
ARHGEF1,GGI,TMC6,gene,gene
ARHGEF1,GGI,AP1G2,gene,gene
ARHGEF1,GGI,RGS19,gene,gene
ARHGEF1,GGI,PSD4,gene,gene
ARHGEF1,GGI,CXXC1,gene,gene
ALDOC,GGI,BNIP3,gene,gene
ALDOC,GGI,PGK1,gene,gene
ALDOC,GGI,FAM162A,gene,gene
ALDOC,GGI,PFKFB4,gene,gene
ALDOC,GGI,PGAM1,gene,gene
ALDOC,GGI,SCD,gene,gene
ALDOC,GGI,GPI,gene,gene
ALDOC,GGI,P4HA1,gene,gene
ALDOC,GGI,DHCR7,gene,gene
ALDOC,GGI,ENO2,gene,gene
ALDOC,GGI,PDK1,gene,gene
ALDOC,GGI,TPI1,gene,gene
ALDOC,GGI,SLC25A1,gene,gene
ALDOC,GGI,ENO1,gene,gene
ALDOC,GGI,LDHA,gene,gene
ALDOC,GGI,MPI,gene,gene
ALDOC,GGI,PPFIA4,gene,gene
ALDOC,GGI,PGM1,gene,gene
ALDOC,GGI,AK4,gene,gene
ALDOC,GGI,FDFT1,gene,gene
ALDOC,GGI,ACAT2,gene,gene
ALDOC,GGI,INSIG1,gene,gene
ALDOC,GGI,EFNA3,gene,gene
ALDOC,GGI,SPAG4,gene,gene
ALDOC,GGI,VKORC1,gene,gene
ALDOC,GGI,MVD,gene,gene
ALDOC,GGI,MSMO1,gene,gene
ALDOC,GGI,CA9,gene,gene
ALDOC,GGI,NDRG1,gene,gene
ALDOC,GGI,FDPS,gene,gene
ALDOC,GGI,MIF,gene,gene
ALDOC,GGI,HILPDA,gene,gene
ALDOC,GGI,FADS2,gene,gene
ALDOC,GGI,NIPSNAP1,gene,gene
ALDOC,GGI,ERG28,gene,gene
ALDOC,GGI,EBP,gene,gene
ALDOC,GGI,LSS,gene,gene
ALDOC,GGI,ANKZF1,gene,gene
TRIM21,GGI,IRF9,gene,gene
TRIM21,GGI,SP110,gene,gene
TRIM21,GGI,APOL2,gene,gene
TRIM21,GGI,TRIM5,gene,gene
TRIM21,GGI,IFI35,gene,gene
TRIM21,GGI,RIGI,gene,gene
TRIM21,GGI,TAP1,gene,gene
TRIM21,GGI,IFIH1,gene,gene
TRIM21,GGI,PSMB9,gene,gene
TRIM21,GGI,PSMB8,gene,gene
TRIM21,GGI,IFIT3,gene,gene
TRIM21,GGI,UBE2L6,gene,gene
TRIM21,GGI,DDX60,gene,gene
TRIM21,GGI,OAS3,gene,gene
TRIM21,GGI,PARP12,gene,gene
TRIM21,GGI,RTP4,gene,gene
TRIM21,GGI,PSME1,gene,gene
TRIM21,GGI,OAS1,gene,gene
TRIM21,GGI,SAMD9,gene,gene
TRIM21,GGI,NMI,gene,gene
TRIM21,GGI,TRIM22,gene,gene
TRIM21,GGI,IFIT5,gene,gene
TRIM21,GGI,SHFL,gene,gene
TRIM21,GGI,HERC6,gene,gene
TRIM21,GGI,APOL6,gene,gene
TRIM21,GGI,MYD88,gene,gene
TRIM21,GGI,SP100,gene,gene
TRIM21,GGI,IRF2,gene,gene
TRIM21,GGI,TRAFD1,gene,gene
TRIM21,GGI,GBP1,gene,gene
TRIM21,GGI,APOL1,gene,gene
TRIM21,GGI,TDRD7,gene,gene
TRIM21,GGI,STAT1,gene,gene
TRIM21,GGI,TRIM68,gene,gene
TRIM21,GGI,PML,gene,gene
TRIM21,GGI,IFIT2,gene,gene
TRIM21,GGI,EIF2AK2,gene,gene
TRIM21,GGI,TRIM25,gene,gene
TRIM21,GGI,USP18,gene,gene
TRIM21,GGI,TAP2,gene,gene
TRIM21,GGI,CASP7,gene,gene
TRIM21,GGI,MX1,gene,gene
TRIM21,GGI,OAS2,gene,gene
TRIM21,GGI,IFIT1,gene,gene
TRIM21,GGI,PLSCR1,gene,gene
TRIM21,GGI,RSAD2,gene,gene
TRIM21,GGI,IFI6,gene,gene
TRIM21,GGI,RNASEL,gene,gene
TRIM21,GGI,ADAR,gene,gene
TRIM21,GGI,UBA7,gene,gene
TRIM21,GGI,SP140L,gene,gene
TRIM21,GGI,CASP4,gene,gene
TRIM21,GGI,OGFR,gene,gene
TRIM21,GGI,CASP1,gene,gene
TRIM21,GGI,TRANK1,gene,gene
TRIM21,GGI,DHX58,gene,gene
TRIM21,GGI,N4BP1,gene,gene
TRIM21,GGI,ISG15,gene,gene
TRIM21,GGI,PSMB10,gene,gene
TRIM21,GGI,MX2,gene,gene
TRIM21,GGI,XAF1,gene,gene
TRIM21,GGI,IRF7,gene,gene
USP22,GGI,PRPF8,gene,gene
USP22,GGI,POLR2A,gene,gene
USP22,GGI,HCFC1,gene,gene
USP22,GGI,KDM3B,gene,gene
USP22,GGI,YWHAE,gene,gene
USP22,GGI,WDR82,gene,gene
USP22,GGI,PRRC2A,gene,gene
USP22,GGI,TOP3A,gene,gene
USP22,GGI,FAM168B,gene,gene
USP22,GGI,CHD4,gene,gene
USP22,GGI,PPP2R1A,gene,gene
USP22,GGI,NCOR1,gene,gene
USP22,GGI,ADNP,gene,gene
USP22,GGI,EIF4G2,gene,gene
USP22,GGI,KCTD2,gene,gene
USP22,GGI,MED9,gene,gene
USP22,GGI,NONO,gene,gene
CDK8,GGI,KPNA3,gene,gene
CDK8,GGI,SUPT20H,gene,gene
CDK8,GGI,RAP2A,gene,gene
CDK8,GGI,MRPS31,gene,gene
CDK8,GGI,FASTKD1,gene,gene
CDK8,GGI,TBPL1,gene,gene
CDK8,GGI,MARK3,gene,gene
JMJD6,GGI,DNAJB1,gene,gene
JMJD6,GGI,CLK3,gene,gene
JMJD6,GGI,SAP30BP,gene,gene
JMJD6,GGI,EIF4A3,gene,gene
JMJD6,GGI,GRPEL1,gene,gene
JMJD6,GGI,CWC25,gene,gene
JMJD6,GGI,STIP1,gene,gene
JMJD6,GGI,DNAJA1,gene,gene
JMJD6,GGI,WDR45B,gene,gene
JMJD6,GGI,CHORDC1,gene,gene
JMJD6,GGI,HSPA1A,gene,gene
JMJD6,GGI,LRRC59,gene,gene
JMJD6,GGI,FOXK2,gene,gene
JMJD6,GGI,CSNK1D,gene,gene
JMJD6,GGI,UBE2O,gene,gene
JMJD6,GGI,DDX39A,gene,gene
JMJD6,GGI,NARF,gene,gene
JMJD6,GGI,ZNF394,gene,gene
JMJD6,GGI,MLX,gene,gene
JMJD6,GGI,PFKFB3,gene,gene
JMJD6,GGI,NDEL1,gene,gene
TTK,GGI,DLGAP5,gene,gene
TTK,GGI,KIF18A,gene,gene
TTK,GGI,HMMR,gene,gene
TTK,GGI,DEPDC1,gene,gene
TTK,GGI,NCAPG,gene,gene
TTK,GGI,BUB1,gene,gene
TTK,GGI,ASPM,gene,gene
TTK,GGI,KIF11,gene,gene
TTK,GGI,BUB1B,gene,gene
TTK,GGI,NDC80,gene,gene
TTK,GGI,KIF14,gene,gene
TTK,GGI,TOP2A,gene,gene
TTK,GGI,CENPE,gene,gene
TTK,GGI,KIF23,gene,gene
TTK,GGI,PLK4,gene,gene
TTK,GGI,KNL1,gene,gene
TTK,GGI,CEP55,gene,gene
TTK,GGI,CCNA2,gene,gene
TTK,GGI,TPX2,gene,gene
TTK,GGI,CDK1,gene,gene
TTK,GGI,CENPF,gene,gene
TTK,GGI,HJURP,gene,gene
TTK,GGI,KIF15,gene,gene
TTK,GGI,KIF20A,gene,gene
TTK,GGI,CCNB2,gene,gene
TTK,GGI,KIF2C,gene,gene
TTK,GGI,KIF4A,gene,gene
TTK,GGI,NEK2,gene,gene
TTK,GGI,ARHGAP11A,gene,gene
TTK,GGI,CCNB1,gene,gene
TTK,GGI,CDC25C,gene,gene
TTK,GGI,NCAPH,gene,gene
TTK,GGI,NUSAP1,gene,gene
TTK,GGI,CDCA8,gene,gene
TTK,GGI,SPC25,gene,gene
TTK,GGI,PBK,gene,gene
TTK,GGI,AURKA,gene,gene
TTK,GGI,CDC20,gene,gene
TTK,GGI,SKA1,gene,gene
TTK,GGI,KIF20B,gene,gene
TTK,GGI,KIFC1,gene,gene
TTK,GGI,MELK,gene,gene
TTK,GGI,RAD51AP1,gene,gene
TTK,GGI,MAD2L1,gene,gene
TTK,GGI,PLK1,gene,gene
TTK,GGI,MKI67,gene,gene
TTK,GGI,POLQ,gene,gene
TTK,GGI,PRC1,gene,gene
TTK,GGI,CDKN3,gene,gene
TTK,GGI,ECT2,gene,gene
TTK,GGI,UBE2C,gene,gene
TTK,GGI,RACGAP1,gene,gene
TTK,GGI,GTSE1,gene,gene
TTK,GGI,NEIL3,gene,gene
TTK,GGI,PRR11,gene,gene
TTK,GGI,BIRC5,gene,gene
TTK,GGI,DIAPH3,gene,gene
TTK,GGI,CENPA,gene,gene
TTK,GGI,ERCC6L,gene,gene
TTK,GGI,STIL,gene,gene
TTK,GGI,CENPI,gene,gene
TTK,GGI,SPAG5,gene,gene
TTK,GGI,CDCA3,gene,gene
TTK,GGI,BORA,gene,gene
TTK,GGI,SHCBP1,gene,gene
TTK,GGI,CKAP2,gene,gene
TTK,GGI,FBXO5,gene,gene
TTK,GGI,AURKB,gene,gene
TTK,GGI,CENPU,gene,gene
TTK,GGI,SMC4,gene,gene
TTK,GGI,TRIP13,gene,gene
TTK,GGI,EXO1,gene,gene
TTK,GGI,CIT,gene,gene
TTK,GGI,FOXM1,gene,gene
TTK,GGI,CHEK1,gene,gene
TTK,GGI,PTTG1,gene,gene
TTK,GGI,TROAP,gene,gene
TTK,GGI,FANCI,gene,gene
TTK,GGI,OIP5,gene,gene
TTK,GGI,RRM2,gene,gene
TTK,GGI,DTL,gene,gene
TTK,GGI,DBF4,gene,gene
TTK,GGI,BRCA2,gene,gene
TTK,GGI,PIMREG,gene,gene
TTK,GGI,KIF18B,gene,gene
TTK,GGI,MCM10,gene,gene
TTK,GGI,ESPL1,gene,gene
TTK,GGI,SPDL1,gene,gene
TTK,GGI,E2F8,gene,gene
TTK,GGI,GPSM2,gene,gene
TTK,GGI,KPNA2,gene,gene
TTK,GGI,PCLAF,gene,gene
TTK,GGI,CCNF,gene,gene
TTK,GGI,ZWINT,gene,gene
TTK,GGI,CKS2,gene,gene
TTK,GGI,MIS18BP1,gene,gene
TTK,GGI,CENPQ,gene,gene
TTK,GGI,SMC2,gene,gene
TTK,GGI,CLSPN,gene,gene
TTK,GGI,CENPN,gene,gene
TTK,GGI,RAD51,gene,gene
TTK,GGI,BLM,gene,gene
TTK,GGI,ORC1,gene,gene
TTK,GGI,NCAPG2,gene,gene
TTK,GGI,XRCC2,gene,gene
TTK,GGI,TRAIP,gene,gene
TTK,GGI,HELLS,gene,gene
SLAMF8,GGI,C1QB,gene,gene
SLAMF8,GGI,ADAMDEC1,gene,gene
SLAMF8,GGI,FPR3,gene,gene
SLAMF8,GGI,LILRB4,gene,gene
SLAMF8,GGI,CCL18,gene,gene
SLAMF8,GGI,C1QA,gene,gene
SLAMF8,GGI,VSIG4,gene,gene
SLAMF8,GGI,CXCL9,gene,gene
SLAMF8,GGI,LILRB1,gene,gene
SLAMF8,GGI,CD209,gene,gene
SLAMF8,GGI,CD163,gene,gene
SLAMF8,GGI,CMKLR1,gene,gene
SLAMF8,GGI,SIGLEC9,gene,gene
SLAMF8,GGI,CCR5,gene,gene
SLAMF8,GGI,CCL8,gene,gene
SLAMF8,GGI,CCL13,gene,gene
SLAMF8,GGI,CD84,gene,gene
SLAMF8,GGI,CSF1R,gene,gene
SLAMF8,GGI,MSR1,gene,gene
SLAMF8,GGI,DCSTAMP,gene,gene
SLAMF8,GGI,TREM2,gene,gene
SLAMF8,GGI,C3AR1,gene,gene
SLAMF8,GGI,LAIR1,gene,gene
SLAMF8,GGI,ADORA3,gene,gene
SLAMF8,GGI,SLCO2B1,gene,gene
SLAMF8,GGI,IGSF6,gene,gene
SLAMF8,GGI,LILRB5,gene,gene
SLAMF8,GGI,SIGLEC1,gene,gene
SLAMF8,GGI,IL18BP,gene,gene
SLAMF8,GGI,CLEC10A,gene,gene
SLAMF8,GGI,MS4A4A,gene,gene
SLAMF8,GGI,SLAMF7,gene,gene
SLAMF8,GGI,CLEC5A,gene,gene
SLAMF8,GGI,TYROBP,gene,gene
SLAMF8,GGI,FOLR2,gene,gene
SLAMF8,GGI,LILRB2,gene,gene
SLAMF8,GGI,TLR8,gene,gene
SLAMF8,GGI,MS4A6A,gene,gene
SLAMF8,GGI,CCL19,gene,gene
SLAMF8,GGI,CD300C,gene,gene
SLAMF8,GGI,FCER1G,gene,gene
SLAMF8,GGI,MMP9,gene,gene
SLAMF8,GGI,PDCD1LG2,gene,gene
SLAMF8,GGI,PLA2G7,gene,gene
SLAMF8,GGI,DOK2,gene,gene
RFXAP,GGI,GPALPP1,gene,gene
RFXAP,GGI,EXOSC8,gene,gene
RFXAP,GGI,MED4,gene,gene
RFXAP,GGI,ARGLU1,gene,gene
RFXAP,GGI,MRPS31,gene,gene
CHORDC1,GGI,HSPH1,gene,gene
CHORDC1,GGI,HSP90AA1,gene,gene
CHORDC1,GGI,DNAJA1,gene,gene
CHORDC1,GGI,HSPA8,gene,gene
CHORDC1,GGI,STIP1,gene,gene
CHORDC1,GGI,AHSA1,gene,gene
CHORDC1,GGI,CACYBP,gene,gene
CHORDC1,GGI,HSPD1,gene,gene
CHORDC1,GGI,PPID,gene,gene
CHORDC1,GGI,DNAJB4,gene,gene
CHORDC1,GGI,HSPA1A,gene,gene
CHORDC1,GGI,FKBP4,gene,gene
CHORDC1,GGI,HSPE1,gene,gene
CHORDC1,GGI,TCP1,gene,gene
CHORDC1,GGI,PTGES3,gene,gene
CHORDC1,GGI,MRPL18,gene,gene
CHORDC1,GGI,DNAJB1,gene,gene
CHORDC1,GGI,HSP90AB1,gene,gene
CHORDC1,GGI,HSPA4,gene,gene
CHORDC1,GGI,MED17,gene,gene
CHORDC1,GGI,PSMC6,gene,gene
CHORDC1,GGI,HNRNPH3,gene,gene
CHORDC1,GGI,JMJD6,gene,gene
CHORDC1,GGI,CCT6A,gene,gene
CHORDC1,GGI,NOL11,gene,gene
CHORDC1,GGI,SSB,gene,gene
CHORDC1,GGI,DNAJA4,gene,gene
CHORDC1,GGI,RSRC2,gene,gene
CHORDC1,GGI,EIF3J,gene,gene
CHORDC1,GGI,DDX10,gene,gene
CHORDC1,GGI,CYCS,gene,gene
CHORDC1,GGI,USPL1,gene,gene
CHORDC1,GGI,CCT2,gene,gene
ABCA12,GGI,CLCA2,gene,gene
ABCA12,GGI,GPR87,gene,gene
ABCA12,GGI,DSG3,gene,gene
ABCA12,GGI,SPRR1A,gene,gene
ABCA12,GGI,SCEL,gene,gene
ABCA12,GGI,SPRR1B,gene,gene
ABCA12,GGI,ALDH3B2,gene,gene
ABCA12,GGI,IVL,gene,gene
ABCA12,GGI,SERPINB13,gene,gene
ITGB3BP,GGI,VRK1,gene,gene
ITGB3BP,GGI,USP1,gene,gene
ITGB3BP,GGI,XRCC4,gene,gene
ITGB3BP,GGI,PRIM1,gene,gene
ITGB3BP,GGI,CENPQ,gene,gene
ITGB3BP,GGI,CETN3,gene,gene
ITGB3BP,GGI,ORC3,gene,gene
ITGB3BP,GGI,YEATS4,gene,gene
ITGB3BP,GGI,PPIH,gene,gene
ITGB3BP,GGI,RAD51AP1,gene,gene
ITGB3BP,GGI,NDC1,gene,gene
ITGB3BP,GGI,POT1,gene,gene
ITGB3BP,GGI,RPA3,gene,gene
ITGB3BP,GGI,HPF1,gene,gene
ITGB3BP,GGI,ALG6,gene,gene
ITGB3BP,GGI,TPRKB,gene,gene
ITGB3BP,GGI,EFCAB11,gene,gene
ITGB3BP,GGI,LSM5,gene,gene
ITGB3BP,GGI,MNS1,gene,gene
ITGB3BP,GGI,HAT1,gene,gene
ITGB3BP,GGI,MRE11,gene,gene
ITGB3BP,GGI,FIRRM,gene,gene
ITGB3BP,GGI,NSL1,gene,gene
ITGB3BP,GGI,RFC4,gene,gene
ITGB3BP,GGI,MAGOHB,gene,gene
ATP6AP2,GGI,ATP6AP1,gene,gene
ATP6AP2,GGI,LAMP2,gene,gene
ATP6AP2,GGI,TMEM30A,gene,gene
ATP6AP2,GGI,ASAH1,gene,gene
ATP6AP2,GGI,MAGT1,gene,gene
ATP6AP2,GGI,TM9SF2,gene,gene
ATP6AP2,GGI,RPN2,gene,gene
ATP6AP2,GGI,HEXB,gene,gene
ATP6AP2,GGI,BCAP31,gene,gene
ATP6AP2,GGI,PRCP,gene,gene
ATP6AP2,GGI,ITM2B,gene,gene
ATP6AP2,GGI,NDFIP1,gene,gene
ATP6AP2,GGI,ITFG1,gene,gene
ATP6AP2,GGI,PSAP,gene,gene
ATP6AP2,GGI,PDIA3,gene,gene
ATP6AP2,GGI,LAPTM4A,gene,gene
ATP6AP2,GGI,APLP2,gene,gene
ATP6AP2,GGI,LAMP1,gene,gene
ATP6AP2,GGI,ATP6V1A,gene,gene
ATP6AP2,GGI,SH3BGRL,gene,gene
ATP6AP2,GGI,SCPEP1,gene,gene
ATP6AP2,GGI,TMED10,gene,gene
ATP6AP2,GGI,LIPA,gene,gene
ATP6AP2,GGI,APMAP,gene,gene
ATP6AP2,GGI,MFSD1,gene,gene
ATP6AP2,GGI,TMEM9B,gene,gene
ATP6AP2,GGI,VAMP7,gene,gene
ATP6AP2,GGI,DYNLT3,gene,gene
ATP6AP2,GGI,PSMD10,gene,gene
ATP6AP2,GGI,SLC9A6,gene,gene
ATP6AP2,GGI,PIGT,gene,gene
ATP6AP2,GGI,SERINC1,gene,gene
ATP6AP2,GGI,PIGK,gene,gene
ATP6AP2,GGI,RAB2A,gene,gene
ATP6AP2,GGI,RCN2,gene,gene
ATP6AP2,GGI,TMED2,gene,gene
ATP6AP2,GGI,PCYOX1,gene,gene
ATP6AP2,GGI,C1GALT1C1,gene,gene
ATP6AP2,GGI,DDOST,gene,gene
ATP6AP2,GGI,OS9,gene,gene
ATP6AP2,GGI,PRDX4,gene,gene
ATP6AP2,GGI,EXT2,gene,gene
ATP6AP2,GGI,LRPAP1,gene,gene
ATP6AP2,GGI,GNS,gene,gene
ATP6AP2,GGI,ACTR10,gene,gene
ATP6AP2,GGI,PGRMC1,gene,gene
ATP6AP2,GGI,TMED7,gene,gene
ATP6AP2,GGI,GLB1,gene,gene
ATP6AP2,GGI,GRN,gene,gene
ATP6AP2,GGI,OAT,gene,gene
ATP6AP2,GGI,MBTPS2,gene,gene
ATP6AP2,GGI,SSR1,gene,gene
ATP6AP2,GGI,CANX,gene,gene
ATP6AP2,GGI,ERP44,gene,gene
ATP6AP2,GGI,GHITM,gene,gene
ATP6AP2,GGI,EMC7,gene,gene
ATP6AP2,GGI,CTSA,gene,gene
ATP6AP2,GGI,RBBP7,gene,gene
ATP6AP2,GGI,ATRN,gene,gene
ATP6AP2,GGI,TMBIM6,gene,gene
ATP6AP2,GGI,CD164,gene,gene
ATP6AP2,GGI,AGA,gene,gene
ATP6AP2,GGI,FUCA1,gene,gene
ATP6AP2,GGI,CMTM6,gene,gene
ATP6AP2,GGI,DEGS1,gene,gene
ATP6AP2,GGI,YIPF5,gene,gene
ATP6AP2,GGI,TM9SF3,gene,gene
ATP6AP2,GGI,RAB1A,gene,gene
ATP6AP2,GGI,PLD3,gene,gene
ATP6AP2,GGI,PPT1,gene,gene
ATP6AP2,GGI,P4HB,gene,gene
ENO3,GGI,ATP2A1,gene,gene
ENO3,GGI,ACADVL,gene,gene
ENO3,GGI,PYGM,gene,gene
ENO3,GGI,TNNC1,gene,gene
ENO3,GGI,ITGB1BP2,gene,gene
ENO3,GGI,MYH3,gene,gene
NDN,GGI,MAGEL2,gene,gene
NDN,GGI,TRO,gene,gene
MPC2,GGI,DCAF6,gene,gene
MPC2,GGI,MGST3,gene,gene
MPC2,GGI,ATP5IF1,gene,gene
MPC2,GGI,GLRX2,gene,gene
MPC2,GGI,MPC1,gene,gene
MPC2,GGI,TIPRL,gene,gene
MPC2,GGI,NDUFB6,gene,gene
MPC2,GGI,MPZL1,gene,gene
MPC2,GGI,APOO,gene,gene
MPC2,GGI,CMC2,gene,gene
MPC2,GGI,TIMM17A,gene,gene
MPC2,GGI,UQCRFS1,gene,gene
MPC2,GGI,ATP5F1C,gene,gene
MPC2,GGI,NDUFB3,gene,gene
MPC2,GGI,JTB,gene,gene
MPC2,GGI,TMCO1,gene,gene
MPC2,GGI,SUCLG1,gene,gene
MPC2,GGI,FH,gene,gene
MPC2,GGI,CHCHD2,gene,gene
MPC2,GGI,UFC1,gene,gene
MPC2,GGI,ATP5MG,gene,gene
MPC2,GGI,PRDX6,gene,gene
MPC2,GGI,NDUFA6,gene,gene
MPC2,GGI,LAMTOR5,gene,gene
MPC2,GGI,SDHB,gene,gene
MPC2,GGI,CHPT1,gene,gene
MPC2,GGI,ATP5MC3,gene,gene
REEP1,GGI,CAMK2B,gene,gene
SPHK2,GGI,EPN1,gene,gene
SPHK2,GGI,ZNF444,gene,gene
SPHK2,GGI,BICRA,gene,gene
SPHK2,GGI,MED16,gene,gene
SPHK2,GGI,ZNF446,gene,gene
SPHK2,GGI,ACTMAP,gene,gene
SPHK2,GGI,TBC1D17,gene,gene
SPHK2,GGI,ZNF668,gene,gene
SPHK2,GGI,MBD3,gene,gene
SPHK2,GGI,IRF2BP1,gene,gene
SPHK2,GGI,GPR137,gene,gene
SPHK2,GGI,NDOR1,gene,gene
SPHK2,GGI,CCDC106,gene,gene
SPHK2,GGI,HSPBP1,gene,gene
SPHK2,GGI,WIZ,gene,gene
YKT6,GGI,SEC61A1,gene,gene
YKT6,GGI,KDELR2,gene,gene
YKT6,GGI,LRRC59,gene,gene
YKT6,GGI,SEC61G,gene,gene
YKT6,GGI,WIPI2,gene,gene
YKT6,GGI,TMED9,gene,gene
YKT6,GGI,CRCP,gene,gene
YKT6,GGI,RAC1,gene,gene
YKT6,GGI,AP5Z1,gene,gene
YKT6,GGI,GARS1,gene,gene
YKT6,GGI,ARPC1A,gene,gene
YKT6,GGI,RIC8A,gene,gene
YKT6,GGI,MAPKAP1,gene,gene
YKT6,GGI,INTS15,gene,gene
YKT6,GGI,PDAP1,gene,gene
YKT6,GGI,BCL7B,gene,gene
YKT6,GGI,CHPF2,gene,gene
YKT6,GGI,SLC35B1,gene,gene
YKT6,GGI,GCC1,gene,gene
YKT6,GGI,DHDDS,gene,gene
YKT6,GGI,BRMS1,gene,gene
YKT6,GGI,BUD31,gene,gene
YKT6,GGI,PSMD2,gene,gene
YKT6,GGI,SNX11,gene,gene
YKT6,GGI,VCP,gene,gene
YKT6,GGI,IRAK1,gene,gene
YKT6,GGI,GOSR2,gene,gene
YKT6,GGI,SNF8,gene,gene
YKT6,GGI,HUS1,gene,gene
YKT6,GGI,ARFIP2,gene,gene
YKT6,GGI,CHCHD2,gene,gene
YKT6,GGI,SEC13,gene,gene
YKT6,GGI,RER1,gene,gene
YKT6,GGI,ATG101,gene,gene
YKT6,GGI,EIF4H,gene,gene
YKT6,GGI,CREB3,gene,gene
YKT6,GGI,ARFGAP1,gene,gene
YKT6,GGI,PSMD3,gene,gene
YKT6,GGI,AP3D1,gene,gene
YKT6,GGI,SAR1A,gene,gene
YKT6,GGI,PSMD13,gene,gene
YKT6,GGI,GNA12,gene,gene
YKT6,GGI,KCTD5,gene,gene
YKT6,GGI,FKBP14,gene,gene
YKT6,GGI,RNASEH1,gene,gene
YKT6,GGI,BAK1,gene,gene
PRELP,GGI,FMOD,gene,gene
PRELP,GGI,DPT,gene,gene
PRELP,GGI,ISLR,gene,gene
PRELP,GGI,SOD3,gene,gene
PRELP,GGI,LMOD1,gene,gene
PRELP,GGI,ELN,gene,gene
PRELP,GGI,SLIT3,gene,gene
PRELP,GGI,PTGIS,gene,gene
PRELP,GGI,MFAP4,gene,gene
PRELP,GGI,OMD,gene,gene
PRELP,GGI,MYH11,gene,gene
PRELP,GGI,BGN,gene,gene
PRELP,GGI,DCN,gene,gene
PRELP,GGI,ADH1B,gene,gene
PRELP,GGI,HSPB6,gene,gene
PRELP,GGI,ITGBL1,gene,gene
PRELP,GGI,AEBP1,gene,gene
SERPINB13,GGI,SERPINB3,gene,gene
SERPINB13,GGI,SPRR1B,gene,gene
SERPINB13,GGI,SERPINB4,gene,gene
SERPINB13,GGI,SPRR1A,gene,gene
SERPINB13,GGI,ADH7,gene,gene
SERPINB13,GGI,DSG3,gene,gene
SERPINB13,GGI,CLCA2,gene,gene
SERPINB13,GGI,KRT6A,gene,gene
SERPINB13,GGI,CLCA4,gene,gene
SERPINB13,GGI,SPRR2B,gene,gene
SERPINB13,GGI,KRT6B,gene,gene
SERPINB13,GGI,SPRR3,gene,gene
SERPINB13,GGI,CRCT1,gene,gene
SERPINB13,GGI,CRNN,gene,gene
SERPINB13,GGI,TMPRSS11D,gene,gene
SERPINB13,GGI,DSG1,gene,gene
SERPINB13,GGI,IL36G,gene,gene
SERPINB13,GGI,S100A7,gene,gene
SERPINB13,GGI,KRT5,gene,gene
SERPINB13,GGI,KRT1,gene,gene
SERPINB13,GGI,CWH43,gene,gene
SERPINB13,GGI,IVL,gene,gene
SERPINB13,GGI,KRT24,gene,gene
SERPINB13,GGI,KRT16,gene,gene
SERPINB13,GGI,KRT13,gene,gene
SERPINB13,GGI,SERPINB5,gene,gene
SERPINB13,GGI,KRT4,gene,gene
SERPINB13,GGI,SERPINB7,gene,gene
SERPINB13,GGI,SLC6A14,gene,gene
SERPINB13,GGI,STATH,gene,gene
SERPINB13,GGI,CALML3,gene,gene
SERPINB13,GGI,GPR87,gene,gene
SERPINB13,GGI,IL36RN,gene,gene
SERPINB13,GGI,TMPRSS11E,gene,gene
SERPINB13,GGI,KRT75,gene,gene
SERPINB13,GGI,LY6D,gene,gene
SERPINB13,GGI,SPINK5,gene,gene
SERPINB13,GGI,DSC3,gene,gene
SERPINB13,GGI,KRT14,gene,gene
SERPINB13,GGI,TYR,gene,gene
SERPINB13,GGI,LCE2B,gene,gene
SERPINB13,GGI,TP63,gene,gene
SERPINB13,GGI,SCEL,gene,gene
SERPINB13,GGI,SERPINB10,gene,gene
SERPINB13,GGI,KPLCE,gene,gene
SERPINB13,GGI,CLDN8,gene,gene
SERPINB13,GGI,FGFBP1,gene,gene
SERPINB13,GGI,KLK8,gene,gene
SERPINB13,GGI,PKP1,gene,gene
SERPINB13,GGI,ABCA12,gene,gene
SERPINB13,GGI,KLK11,gene,gene
MAP4K1,GGI,ACAP1,gene,gene
MAP4K1,GGI,DENND1C,gene,gene
MAP4K1,GGI,ARHGAP4,gene,gene
MAP4K1,GGI,WAS,gene,gene
MAP4K1,GGI,ITGAL,gene,gene
MAP4K1,GGI,ZAP70,gene,gene
MAP4K1,GGI,SIT1,gene,gene
MAP4K1,GGI,CD3E,gene,gene
MAP4K1,GGI,DEF6,gene,gene
MAP4K1,GGI,TRAF3IP3,gene,gene
MAP4K1,GGI,PTPRCAP,gene,gene
MAP4K1,GGI,IKZF3,gene,gene
MAP4K1,GGI,SPN,gene,gene
MAP4K1,GGI,ARHGAP45,gene,gene
MAP4K1,GGI,LCK,gene,gene
MAP4K1,GGI,SASH3,gene,gene
MAP4K1,GGI,CXCR3,gene,gene
MAP4K1,GGI,CD37,gene,gene
MAP4K1,GGI,CD52,gene,gene
MAP4K1,GGI,CD79A,gene,gene
MAP4K1,GGI,IL12RB1,gene,gene
MAP4K1,GGI,CD6,gene,gene
MAP4K1,GGI,CD2,gene,gene
MAP4K1,GGI,CD5,gene,gene
MAP4K1,GGI,ITGB7,gene,gene
MAP4K1,GGI,IL2RB,gene,gene
MAP4K1,GGI,PTPN7,gene,gene
MAP4K1,GGI,CD27,gene,gene
MAP4K1,GGI,AGAP2,gene,gene
MAP4K1,GGI,CD79B,gene,gene
MAP4K1,GGI,HLA-DOA,gene,gene
MAP4K1,GGI,VAV1,gene,gene
MAP4K1,GGI,NKG7,gene,gene
MAP4K1,GGI,CD72,gene,gene
MAP4K1,GGI,PSTPIP1,gene,gene
MAP4K1,GGI,RHOH,gene,gene
MAP4K1,GGI,CD247,gene,gene
MAP4K1,GGI,CD19,gene,gene
MAP4K1,GGI,PIK3R5,gene,gene
HOXB6,GGI,HOXB5,gene,gene
HOXB6,GGI,HOXB7,gene,gene
HOXB6,GGI,HOXB8,gene,gene
HOXB6,GGI,HOXB3,gene,gene
HOXB6,GGI,HOXB9,gene,gene
HOXB6,GGI,HOXB2,gene,gene
HOXB6,GGI,HOXA6,gene,gene
HOXB6,GGI,HOXA5,gene,gene
HOXB6,GGI,HOXC6,gene,gene
HOXB6,GGI,HOXC8,gene,gene
HOXB6,GGI,HOXA3,gene,gene
HOXB6,GGI,HOXA4,gene,gene
HOXB6,GGI,HOXA11,gene,gene
HOXB6,GGI,HOXA2,gene,gene
HOXB6,GGI,HOXA10,gene,gene
HOXB6,GGI,HOXC10,gene,gene
HOXB6,GGI,HOXD9,gene,gene
HOXB6,GGI,HOXC4,gene,gene
HOXB6,GGI,HOXB13,gene,gene
HOXB6,GGI,HOXD3,gene,gene
HOXB6,GGI,SKAP1,gene,gene
RAC3,GGI,DCXR,gene,gene
RAC3,GGI,PYCR1,gene,gene
RAC3,GGI,DEAF1,gene,gene
RAC3,GGI,CCDC106,gene,gene
RAC3,GGI,CENPX,gene,gene
TYRP1,GGI,TYR,gene,gene
TYRP1,GGI,DCT,gene,gene
DSTN,GGI,BFSP1,gene,gene
DSTN,GGI,CETN2,gene,gene
DSTN,GGI,SNRPB2,gene,gene
DSTN,GGI,CSRP1,gene,gene
DSTN,GGI,RSU1,gene,gene
DSTN,GGI,TPM1,gene,gene
DSTN,GGI,TRAM1,gene,gene
DSTN,GGI,YWHAQ,gene,gene
DSTN,GGI,MYL12B,gene,gene
DSTN,GGI,REXO2,gene,gene
AUH,GGI,CCDC28A,gene,gene
AUH,GGI,XPA,gene,gene
AUH,GGI,NFIL3,gene,gene
AUH,GGI,PCCA,gene,gene
AUH,GGI,RDH14,gene,gene
MRPL46,GGI,MRPS11,gene,gene
MRPL46,GGI,MRPL58,gene,gene
MRPL46,GGI,TACO1,gene,gene
MRPL46,GGI,MRPS7,gene,gene
MRPL46,GGI,SNAPC5,gene,gene
MRPL46,GGI,NDUFS3,gene,gene
MRPL46,GGI,IMP3,gene,gene
MRPL46,GGI,NDUFA9,gene,gene
MRPL46,GGI,COQ9,gene,gene
MRPL46,GGI,MRM3,gene,gene
MRPL46,GGI,TSFM,gene,gene
MRPL46,GGI,SLIRP,gene,gene
MRPL46,GGI,MRPL35,gene,gene
MRPL46,GGI,MRPL40,gene,gene
MRPL46,GGI,MRPS31,gene,gene
MRPL46,GGI,UMPS,gene,gene
MRPL46,GGI,INTS14,gene,gene
MRPL46,GGI,SNUPN,gene,gene
MRPL46,GGI,NDUFAF1,gene,gene
MRPL46,GGI,PSMA4,gene,gene
MRPL46,GGI,NDUFAB1,gene,gene
MRPL46,GGI,WDR73,gene,gene
MRPL46,GGI,MRPS18B,gene,gene
MRPL46,GGI,COA3,gene,gene
MRPL46,GGI,GATB,gene,gene
MRPL46,GGI,PSMB5,gene,gene
MRPL46,GGI,MRPL2,gene,gene
MRPL46,GGI,RPP38,gene,gene
MRPL46,GGI,NIF3L1,gene,gene
MRPL46,GGI,MRPL9,gene,gene
MRPL46,GGI,RPUSD2,gene,gene
MRPL46,GGI,TIMM22,gene,gene
MRPL46,GGI,TMEM186,gene,gene
MRPL46,GGI,MRPL15,gene,gene
MRPL46,GGI,TIMM10,gene,gene
MRPL46,GGI,MRPS22,gene,gene
MRPL46,GGI,CCDC51,gene,gene
MRPL46,GGI,C12orf43,gene,gene
MRPL46,GGI,MRPL57,gene,gene
MRPL46,GGI,OXSM,gene,gene
MRPL46,GGI,NGDN,gene,gene
MRPL46,GGI,GEMIN6,gene,gene
MRPL46,GGI,QRSL1,gene,gene
MRPL46,GGI,MRPL22,gene,gene
MRPL46,GGI,MRPL16,gene,gene
MRPL46,GGI,CLPX,gene,gene
MRPL46,GGI,POP4,gene,gene
MRPL46,GGI,MRPL17,gene,gene
MRPL46,GGI,PHB1,gene,gene
MRPL46,GGI,RNF25,gene,gene
MRPL46,GGI,DCTPP1,gene,gene
MRPL46,GGI,TMEM223,gene,gene
MRPL46,GGI,IDH3A,gene,gene
MRPL46,GGI,NDUFA6,gene,gene
MRPL46,GGI,COX5A,gene,gene
MRPL46,GGI,NDUFB8,gene,gene
RALGDS,GGI,ABCA2,gene,gene
RALGDS,GGI,CAMSAP1,gene,gene
RALGDS,GGI,USP20,gene,gene
RALGDS,GGI,NSMF,gene,gene
TOMM20,GGI,EIF4B,gene,gene
TOMM20,GGI,EIF3H,gene,gene
TOMM20,GGI,EIF2S3,gene,gene
TOMM20,GGI,EIF3L,gene,gene
TOMM20,GGI,IARS2,gene,gene
TOMM20,GGI,TSNAX,gene,gene
TOMM20,GGI,BTF3,gene,gene
TOMM20,GGI,RAB4A,gene,gene
TOMM20,GGI,RSL24D1,gene,gene
TOMM20,GGI,RPL22,gene,gene
TOMM20,GGI,NUP133,gene,gene
TOMM20,GGI,EIF3E,gene,gene
TOMM20,GGI,RPL10A,gene,gene
TOMM20,GGI,RSL1D1,gene,gene
TOMM20,GGI,TFB2M,gene,gene
TOMM20,GGI,ARF1,gene,gene
TOMM20,GGI,NACA,gene,gene
TOMM20,GGI,RPL14,gene,gene
TOMM20,GGI,SNRPE,gene,gene
TOMM20,GGI,EEF2,gene,gene
TOMM20,GGI,SLC25A6,gene,gene
TOMM20,GGI,SRP9,gene,gene
TOMM20,GGI,RPL5,gene,gene
TOMM20,GGI,EIF3M,gene,gene
TOMM20,GGI,CAMLG,gene,gene
TOMM20,GGI,COPS2,gene,gene
TOMM20,GGI,RBM34,gene,gene
TOMM20,GGI,OLA1,gene,gene
TOMM20,GGI,RPL3,gene,gene
TOMM20,GGI,NUCKS1,gene,gene
TOMM20,GGI,MTR,gene,gene
TOMM20,GGI,EEF1A1,gene,gene
TOMM20,GGI,CCNB1IP1,gene,gene
TOMM20,GGI,RPS6,gene,gene
TOMM20,GGI,RPL7A,gene,gene
TOMM20,GGI,CNIH1,gene,gene
TOMM20,GGI,RPL15,gene,gene
TOMM20,GGI,NUDT21,gene,gene
TOMM20,GGI,VDAC2,gene,gene
TOMM20,GGI,RPL9,gene,gene
TOMM20,GGI,RPS13,gene,gene
TOMM20,GGI,ADSS2,gene,gene
TOMM20,GGI,SLC25A3,gene,gene
TOMM20,GGI,RACK1,gene,gene
TOMM20,GGI,RPL6,gene,gene
TOMM20,GGI,RPL35A,gene,gene
TOMM20,GGI,FBXO28,gene,gene
TOMM20,GGI,RPS5,gene,gene
TOMM20,GGI,RPL7,gene,gene
TOMM20,GGI,RPS7,gene,gene
TOMM20,GGI,RPL34,gene,gene
TOMM20,GGI,RPS23,gene,gene
TOMM20,GGI,SLC25A36,gene,gene
TOMM20,GGI,TMEM183A,gene,gene
TOMM20,GGI,RPL37A,gene,gene
TOMM20,GGI,RPL18,gene,gene
TOMM20,GGI,EPRS1,gene,gene
TOMM20,GGI,PHB2,gene,gene
TOMM20,GGI,CCNG1,gene,gene
TOMM20,GGI,BPNT2,gene,gene
TOMM20,GGI,RPL12,gene,gene
TOMM20,GGI,IPO5,gene,gene
TOMM20,GGI,RBM3,gene,gene
TOMM20,GGI,NSA2,gene,gene
TOMM20,GGI,ARPP19,gene,gene
TOMM20,GGI,RPL8,gene,gene
TOMM20,GGI,RPL27A,gene,gene
TOMM20,GGI,AIMP1,gene,gene
TOMM20,GGI,RPLP0,gene,gene
TOMM20,GGI,HNRNPA1,gene,gene
TOMM20,GGI,RPL11,gene,gene
TOMM20,GGI,NAP1L1,gene,gene
KCTD7,GGI,EZH1,gene,gene
KCTD7,GGI,VAMP1,gene,gene
KCTD7,GGI,PHF1,gene,gene
VAMP2,GGI,CAMTA2,gene,gene
VAMP2,GGI,CTDNEP1,gene,gene
VAMP2,GGI,MNT,gene,gene
VAMP2,GGI,SP2,gene,gene
VAMP2,GGI,RNF167,gene,gene
VAMP2,GGI,MEF2D,gene,gene
VAMP2,GGI,PRAF2,gene,gene
VAMP2,GGI,ZNF580,gene,gene
VAMP2,GGI,POLR2A,gene,gene
VAMP2,GGI,SF1,gene,gene
VAMP2,GGI,R3HDM2,gene,gene
VAMP2,GGI,WBP2,gene,gene
VAMP2,GGI,FOXJ2,gene,gene
VAMP2,GGI,TOM1L2,gene,gene
VAMP2,GGI,SF3A1,gene,gene
VAMP2,GGI,VAMP1,gene,gene
VAMP2,GGI,RAB11B,gene,gene
VAMP2,GGI,CPSF7,gene,gene
VAMP2,GGI,RELA,gene,gene
VAMP2,GGI,ATN1,gene,gene
VAMP2,GGI,PHF1,gene,gene
VAMP2,GGI,SRSF5,gene,gene
VAMP2,GGI,ATP6V0C,gene,gene
VAMP2,GGI,PRRC2A,gene,gene
VAMP2,GGI,INPP5K,gene,gene
VAMP2,GGI,GDI1,gene,gene
ITIH2,GGI,FGA,gene,gene
ITIH2,GGI,ALB,gene,gene
ITIH2,GGI,APOH,gene,gene
ITIH2,GGI,F2,gene,gene
ITIH2,GGI,FGB,gene,gene
ITIH2,GGI,AHSG,gene,gene
ITIH2,GGI,TAT,gene,gene
ITIH2,GGI,C8A,gene,gene
ITIH2,GGI,F13B,gene,gene
ITIH2,GGI,FGL1,gene,gene
ITIH2,GGI,A1CF,gene,gene
ITIH2,GGI,CPB2,gene,gene
ITIH2,GGI,FGG,gene,gene
ITIH2,GGI,AMBP,gene,gene
ITIH2,GGI,SERPIND1,gene,gene
ITIH2,GGI,SERPINA4,gene,gene
ITIH2,GGI,BAAT,gene,gene
ITIH2,GGI,C4BPA,gene,gene
ITIH2,GGI,SERPINA6,gene,gene
ITIH2,GGI,SERPINC1,gene,gene
ITIH2,GGI,SERPINA7,gene,gene
ITIH2,GGI,GC,gene,gene
ITIH2,GGI,MBL2,gene,gene
ITIH2,GGI,KNG1,gene,gene
ITIH2,GGI,HABP2,gene,gene
ITIH2,GGI,CPN1,gene,gene
ITIH2,GGI,ITIH1,gene,gene
ITIH2,GGI,C8B,gene,gene
ITIH2,GGI,SERPINA10,gene,gene
ITIH2,GGI,ALDH8A1,gene,gene
ITIH2,GGI,PLG,gene,gene
ITIH2,GGI,F9,gene,gene
ITIH2,GGI,TM4SF4,gene,gene
ITIH2,GGI,TF,gene,gene
ITIH2,GGI,UGT2B15,gene,gene
ART4,GGI,RHAG,gene,gene
ART4,GGI,GYPA,gene,gene
EHF,GGI,ADGRF1,gene,gene
SYT13,GGI,USH1C,gene,gene
SYT13,GGI,GPRIN2,gene,gene
SOX15,GGI,EPHX3,gene,gene
SOX15,GGI,GJB4,gene,gene
CEACAM7,GGI,CEACAM5,gene,gene
CEACAM7,GGI,CEACAM6,gene,gene
CEACAM7,GGI,CLCA4,gene,gene
CEACAM7,GGI,SPRR3,gene,gene
CEACAM7,GGI,CRNN,gene,gene
CEACAM7,GGI,TRIM31,gene,gene
CEACAM7,GGI,SLC6A14,gene,gene
CEACAM7,GGI,SCGB2A1,gene,gene
CEACAM7,GGI,CLDN8,gene,gene
CEACAM7,GGI,TMPRSS4,gene,gene
CEACAM7,GGI,ERN2,gene,gene
CEACAM7,GGI,KRT20,gene,gene
CEACAM7,GGI,BPIFA1,gene,gene
CEACAM7,GGI,ATP10B,gene,gene
MON2,GGI,ATG2B,gene,gene
MON2,GGI,ZFC3H1,gene,gene
MON2,GGI,BTAF1,gene,gene
MON2,GGI,USP34,gene,gene
MON2,GGI,ZDHHC17,gene,gene
MON2,GGI,RALGAPB,gene,gene
MON2,GGI,VPS13D,gene,gene
MON2,GGI,HECTD4,gene,gene
MON2,GGI,VPS13B,gene,gene
MON2,GGI,SMG1,gene,gene
MON2,GGI,DMXL1,gene,gene
MON2,GGI,KDM5A,gene,gene
MON2,GGI,SEC23IP,gene,gene
MON2,GGI,UBE4A,gene,gene
MON2,GGI,CAPN7,gene,gene
MON2,GGI,GOLGB1,gene,gene
MON2,GGI,MFN1,gene,gene
MON2,GGI,COPB2,gene,gene
MON2,GGI,CAND1,gene,gene
MON2,GGI,ABCA5,gene,gene
MON2,GGI,ATP7A,gene,gene
MON2,GGI,FRS2,gene,gene
MON2,GGI,VPS13C,gene,gene
MON2,GGI,SCYL2,gene,gene
MON2,GGI,LEMD3,gene,gene
MON2,GGI,AKAP9,gene,gene
MON2,GGI,SCAF11,gene,gene
MON2,GGI,DOP1A,gene,gene
MON2,GGI,APPBP2,gene,gene
MON2,GGI,COPA,gene,gene
MON2,GGI,WASHC4,gene,gene
MON2,GGI,MCM3AP,gene,gene
MON2,GGI,ENTPD4,gene,gene
MON2,GGI,SRP54,gene,gene
MON2,GGI,EP400,gene,gene
MON2,GGI,AGO3,gene,gene
MON2,GGI,KRIT1,gene,gene
TSC22D2,GGI,NOCT,gene,gene
TSC22D2,GGI,CCNL1,gene,gene
TSC22D2,GGI,JUND,gene,gene
TSC22D2,GGI,ETV3,gene,gene
TSC22D2,GGI,JUN,gene,gene
TSC22D2,GGI,PPP1R2,gene,gene
TSC22D2,GGI,DUSP8,gene,gene
TSC22D2,GGI,RBBP6,gene,gene
TSC22D2,GGI,TIPARP,gene,gene
TSC22D2,GGI,GADD45B,gene,gene
RGS19,GGI,OPRL1,gene,gene
RGS19,GGI,SIPA1,gene,gene
RGS19,GGI,GPSM3,gene,gene
RGS19,GGI,GMIP,gene,gene
RGS19,GGI,CORO1A,gene,gene
RGS19,GGI,LIMD2,gene,gene
RGS19,GGI,RGS14,gene,gene
RGS19,GGI,LAT2,gene,gene
RGS19,GGI,CSK,gene,gene
RGS19,GGI,ORAI2,gene,gene
RGS19,GGI,SASH3,gene,gene
RGS19,GGI,SH3BP1,gene,gene
RGS19,GGI,WAS,gene,gene
RGS19,GGI,ARHGEF1,gene,gene
PCDH1,GGI,SOX13,gene,gene
PCDH1,GGI,ARAP3,gene,gene
PCDH1,GGI,CAPN5,gene,gene
PCDH1,GGI,PDGFB,gene,gene
PCDH1,GGI,ADGRG1,gene,gene
TMA16,GGI,ABCE1,gene,gene
TMA16,GGI,PUM3,gene,gene
TMA16,GGI,GAR1,gene,gene
TMA16,GGI,LSM6,gene,gene
TMA16,GGI,RRP15,gene,gene
TMA16,GGI,MAGOHB,gene,gene
TMA16,GGI,AP1AR,gene,gene
TMA16,GGI,SDAD1,gene,gene
TMA16,GGI,HPF1,gene,gene
TMA16,GGI,GNL3,gene,gene
TMA16,GGI,SNRPD1,gene,gene
TMA16,GGI,NOC3L,gene,gene
TMA16,GGI,MRPL3,gene,gene
TMA16,GGI,ESF1,gene,gene
TMA16,GGI,PPAT,gene,gene
TMA16,GGI,NAA15,gene,gene
TMA16,GGI,ARFIP1,gene,gene
TMA16,GGI,ZNF330,gene,gene
TMA16,GGI,CETN3,gene,gene
TMA16,GGI,RPE,gene,gene
TMA16,GGI,PRMT3,gene,gene
TMA16,GGI,AIMP1,gene,gene
TMA16,GGI,CBR4,gene,gene
TMA16,GGI,PAICS,gene,gene
TMA16,GGI,MAK16,gene,gene
TMA16,GGI,NOP16,gene,gene
TMA16,GGI,NCBP2,gene,gene
TMA16,GGI,SERBP1,gene,gene
VEZT,GGI,FGD6,gene,gene
VEZT,GGI,METAP2,gene,gene
VEZT,GGI,USP47,gene,gene
VEZT,GGI,SCYL2,gene,gene
VEZT,GGI,CAND1,gene,gene
VEZT,GGI,CDK17,gene,gene
VEZT,GGI,SPATS2,gene,gene
VEZT,GGI,STRN3,gene,gene
VEZT,GGI,DNM1L,gene,gene
VEZT,GGI,ZDHHC17,gene,gene
VEZT,GGI,TDG,gene,gene
VEZT,GGI,CLIP1,gene,gene
ULBP1,GGI,CHAC1,gene,gene
ULBP1,GGI,ULBP2,gene,gene
ULBP1,GGI,TRIB3,gene,gene
ULBP1,GGI,ASNS,gene,gene
ULBP1,GGI,STC2,gene,gene
ULBP1,GGI,ADM2,gene,gene
ULBP1,GGI,GARS1,gene,gene
ULBP1,GGI,PSAT1,gene,gene
ULBP1,GGI,MTHFD2,gene,gene
ULBP1,GGI,INHBE,gene,gene
ULBP1,GGI,YARS1,gene,gene
ULBP1,GGI,PCK2,gene,gene
ULBP1,GGI,CARS1,gene,gene
ULBP1,GGI,XPOT,gene,gene
ULBP1,GGI,TARS1,gene,gene
ULBP1,GGI,EIF2S2,gene,gene
ULBP1,GGI,SLC7A11,gene,gene
ULBP1,GGI,EPRS1,gene,gene
ULBP1,GGI,EIF4EBP1,gene,gene
ULBP1,GGI,CEBPG,gene,gene
ULBP1,GGI,MARS1,gene,gene
ULBP1,GGI,SLC1A5,gene,gene
ULBP1,GGI,PHGDH,gene,gene
ULBP1,GGI,SLC1A4,gene,gene
ULBP1,GGI,CTH,gene,gene
ULBP1,GGI,IARS1,gene,gene
ULBP1,GGI,SLC7A5,gene,gene
ULBP1,GGI,DDIT3,gene,gene
ULBP1,GGI,SARS1,gene,gene
ALG6,GGI,GLMN,gene,gene
ALG6,GGI,FPGT,gene,gene
ALG6,GGI,NDC1,gene,gene
ALG6,GGI,CEPT1,gene,gene
ALG6,GGI,ZMYM1,gene,gene
ALG6,GGI,PIGK,gene,gene
ALG6,GGI,ALG8,gene,gene
ALG6,GGI,LRRC40,gene,gene
ALG6,GGI,PIGF,gene,gene
ALG6,GGI,CDC7,gene,gene
ALG6,GGI,ITGB3BP,gene,gene
ALG6,GGI,INTS8,gene,gene
ALG6,GGI,TMBIM4,gene,gene
ALG6,GGI,RWDD3,gene,gene
ALG6,GGI,TM2D1,gene,gene
ALG6,GGI,ZMPSTE24,gene,gene
ALG6,GGI,IPP,gene,gene
ALG6,GGI,TMEM161A,gene,gene
LAMC2,GGI,LAMB3,gene,gene
LAMC2,GGI,ITGB6,gene,gene
LAMC2,GGI,CDCP1,gene,gene
LAMC2,GGI,COL17A1,gene,gene
LAMC2,GGI,NMNAT2,gene,gene
LAMC2,GGI,GJB3,gene,gene
LAMC2,GGI,CDH3,gene,gene
LAMC2,GGI,C3orf52,gene,gene
LAMC2,GGI,IRF6,gene,gene
LAMC2,GGI,XDH,gene,gene
LAMC2,GGI,MMP10,gene,gene
LAMC2,GGI,ARL14,gene,gene
LAMC2,GGI,ITGA3,gene,gene
FBXO34,GGI,PPM1A,gene,gene
FBXO34,GGI,ATG14,gene,gene
FBXO34,GGI,KLHDC2,gene,gene
FBXO34,GGI,MTMR3,gene,gene
FBXO34,GGI,SOS2,gene,gene
MYL1,GGI,PPP1R3A,gene,gene
MYL1,GGI,TRDN,gene,gene
MYL1,GGI,CSRP3,gene,gene
MYL1,GGI,MYH2,gene,gene
MYL1,GGI,MYH8,gene,gene
MYL1,GGI,MYL2,gene,gene
MYL1,GGI,MYH1,gene,gene
MYL1,GGI,MYOG,gene,gene
MYL1,GGI,SMPX,gene,gene
MYL1,GGI,SLN,gene,gene
MYL1,GGI,MYF6,gene,gene
MYL1,GGI,NRAP,gene,gene
MYL1,GGI,CACNA1S,gene,gene
MYL1,GGI,CKM,gene,gene
MYL1,GGI,MYBPC1,gene,gene
MYL1,GGI,SYNPO2L,gene,gene
MYL1,GGI,MYH7,gene,gene
MYL1,GGI,KLHL41,gene,gene
MYL1,GGI,TNNI1,gene,gene
MYL1,GGI,MYOD1,gene,gene
MYL1,GGI,MYL11,gene,gene
MYL1,GGI,AMPD1,gene,gene
MYL1,GGI,TNNT3,gene,gene
MYL1,GGI,MYOZ2,gene,gene
MYL1,GGI,COX6A2,gene,gene
MYL1,GGI,ACTA1,gene,gene
MYL1,GGI,MYBPC2,gene,gene
MYL1,GGI,MB,gene,gene
MYL1,GGI,NEB,gene,gene
MYL1,GGI,MYH6,gene,gene
MYL1,GGI,TNNC1,gene,gene
MYL1,GGI,ARPP21,gene,gene
MYL1,GGI,FBXO40,gene,gene
MYL1,GGI,SMR3B,gene,gene
MYL1,GGI,ACTN2,gene,gene
MYL1,GGI,MYOT,gene,gene
MYL1,GGI,HSPB3,gene,gene
MYL1,GGI,CHRNA1,gene,gene
MYL1,GGI,MYL3,gene,gene
MYL1,GGI,CASQ2,gene,gene
MYL1,GGI,CASQ1,gene,gene
MYL1,GGI,FBP2,gene,gene
MYL1,GGI,MYOZ1,gene,gene
MYL1,GGI,STATH,gene,gene
MYL1,GGI,ACTC1,gene,gene
MYL1,GGI,MYBPH,gene,gene
MYL1,GGI,TNNC2,gene,gene
GTPBP1,GGI,POLDIP3,gene,gene
GTPBP1,GGI,SF3A1,gene,gene
GTPBP1,GGI,HIRA,gene,gene
GTPBP1,GGI,AMBRA1,gene,gene
GTPBP1,GGI,MED15,gene,gene
GTPBP1,GGI,RANGAP1,gene,gene
GTPBP1,GGI,CMTR1,gene,gene
GTPBP1,GGI,CABIN1,gene,gene
GTPBP1,GGI,BAZ2A,gene,gene
GTPBP1,GGI,BRD1,gene,gene
GTPBP1,GGI,ATG2A,gene,gene
GTPBP1,GGI,SREBF2,gene,gene
GTPBP1,GGI,PML,gene,gene
GTPBP1,GGI,EP300,gene,gene
GTPBP1,GGI,SAMD4B,gene,gene
GTPBP1,GGI,KDM5C,gene,gene
GTPBP1,GGI,ADAR,gene,gene
GTPBP1,GGI,JOSD1,gene,gene
GTPBP1,GGI,DESI1,gene,gene
NUP62CL,GGI,RBM41,gene,gene
NUP62CL,GGI,MORC4,gene,gene
NUP62CL,GGI,RADX,gene,gene
CNBP,GGI,NAA50,gene,gene
CNBP,GGI,C11orf58,gene,gene
CNBP,GGI,HNRNPC,gene,gene
CNBP,GGI,HNRNPK,gene,gene
CNBP,GGI,ANAPC13,gene,gene
CNBP,GGI,MRPL3,gene,gene
CNBP,GGI,EIF3M,gene,gene
CNBP,GGI,NUDT21,gene,gene
CNBP,GGI,RSL24D1,gene,gene
CNBP,GGI,SET,gene,gene
CNBP,GGI,RSL1D1,gene,gene
CNBP,GGI,ATG3,gene,gene
CNBP,GGI,ZNF330,gene,gene
CNBP,GGI,PSMD6,gene,gene
CNBP,GGI,H3-3B,gene,gene
CNBP,GGI,RAB7A,gene,gene
CNBP,GGI,NCBP2,gene,gene
CNBP,GGI,NCK1,gene,gene
CNBP,GGI,SYF2,gene,gene
CNBP,GGI,SAP18,gene,gene
CNBP,GGI,CSDE1,gene,gene
CNBP,GGI,TDP2,gene,gene
CNBP,GGI,POLR2C,gene,gene
CNBP,GGI,NGDN,gene,gene
CNBP,GGI,DNAJA2,gene,gene
CNBP,GGI,ATF1,gene,gene
CNBP,GGI,KPNA4,gene,gene
CNBP,GGI,PARL,gene,gene
CNBP,GGI,RAN,gene,gene
CNBP,GGI,PCNP,gene,gene
CNBP,GGI,SELENOT,gene,gene
CNBP,GGI,ARMC8,gene,gene
CNBP,GGI,SERINC1,gene,gene
MLF2,GGI,COPS7A,gene,gene
MLF2,GGI,PTMS,gene,gene
MLF2,GGI,USP5,gene,gene
MLF2,GGI,RAB1B,gene,gene
MLF2,GGI,NECAP1,gene,gene
MLF2,GGI,GAPDH,gene,gene
MLF2,GGI,RAB7A,gene,gene
MLF2,GGI,STRAP,gene,gene
MLF2,GGI,PHB2,gene,gene
MLF2,GGI,WBP11,gene,gene
MLF2,GGI,PSME3,gene,gene
MLF2,GGI,GSK3A,gene,gene
MLF2,GGI,POLDIP2,gene,gene
MLF2,GGI,POLR2C,gene,gene
MLF2,GGI,ARF3,gene,gene
MLF2,GGI,NOP2,gene,gene
MLF2,GGI,RAB5C,gene,gene
MLF2,GGI,ZNF384,gene,gene
MLF2,GGI,TPI1,gene,gene
MLF2,GGI,RNF167,gene,gene
MLF2,GGI,CFL1,gene,gene
MLF2,GGI,LPCAT3,gene,gene
MLF2,GGI,NSFL1C,gene,gene
MLF2,GGI,ATN1,gene,gene
MLF2,GGI,POLR2E,gene,gene
MLF2,GGI,UBA1,gene,gene
MLF2,GGI,PRCC,gene,gene
MLF2,GGI,MRPL28,gene,gene
MLF2,GGI,BCAP31,gene,gene
MLF2,GGI,MBOAT7,gene,gene
DDX24,GGI,SNW1,gene,gene
DDX24,GGI,PSMC1,gene,gene
DDX24,GGI,SUPT16H,gene,gene
DDX24,GGI,BAG5,gene,gene
DDX24,GGI,YLPM1,gene,gene
DDX24,GGI,CHD8,gene,gene
DDX24,GGI,SF3B2,gene,gene
DDX24,GGI,WBP11,gene,gene
DDX24,GGI,RBM25,gene,gene
DDX24,GGI,ABCF1,gene,gene
DDX24,GGI,XRCC6,gene,gene
DDX24,GGI,DHX8,gene,gene
DDX24,GGI,TFIP11,gene,gene
DDX24,GGI,HSP90AA1,gene,gene
DDX24,GGI,SUPT5H,gene,gene
DDX24,GGI,SART3,gene,gene
DDX24,GGI,QRICH1,gene,gene
DDX24,GGI,NGDN,gene,gene
DDX24,GGI,ALKBH1,gene,gene
DDX24,GGI,SRRM1,gene,gene
DDX24,GGI,TOX4,gene,gene
DDX24,GGI,PRPF6,gene,gene
DDX24,GGI,UBR7,gene,gene
DDX24,GGI,IK,gene,gene
DDX24,GGI,HSP90AB1,gene,gene
DDX24,GGI,EIF2B2,gene,gene
DDX24,GGI,SUPT6H,gene,gene
DDX24,GGI,LSG1,gene,gene
DDX24,GGI,DLST,gene,gene
DDX24,GGI,MED6,gene,gene
DDX24,GGI,TDP1,gene,gene
DDX24,GGI,CCNK,gene,gene
DDX24,GGI,NOLC1,gene,gene
DDX24,GGI,G3BP2,gene,gene
DDX24,GGI,ABCF3,gene,gene
DDX24,GGI,DDX27,gene,gene
DDX24,GGI,DHX9,gene,gene
DDX24,GGI,AHSA1,gene,gene
DDX24,GGI,ELOA,gene,gene
DDX24,GGI,KLC1,gene,gene
DDX24,GGI,SF3A1,gene,gene
DDX24,GGI,GTPBP4,gene,gene
DDX24,GGI,MOAP1,gene,gene
DDX24,GGI,RPL36AL,gene,gene
DDX24,GGI,CHD4,gene,gene
DDX24,GGI,DYNC1H1,gene,gene
DDX24,GGI,KPNA6,gene,gene
DDX24,GGI,PRPF8,gene,gene
DDX24,GGI,SON,gene,gene
DDX24,GGI,USP11,gene,gene
DDX24,GGI,TSPYL2,gene,gene
DDX24,GGI,PAF1,gene,gene
DDX24,GGI,MAPK1IP1L,gene,gene
DDX24,GGI,SAFB2,gene,gene
DDX24,GGI,NRDE2,gene,gene
DDX24,GGI,EIF2S1,gene,gene
DDX24,GGI,NCL,gene,gene
DDX24,GGI,TSPYL1,gene,gene
DDX24,GGI,ILF2,gene,gene
DDX24,GGI,UBAP2L,gene,gene
IRF1,GGI,APOL6,gene,gene
IRF1,GGI,TAP1,gene,gene
IRF1,GGI,PSMB9,gene,gene
IRF1,GGI,GBP1,gene,gene
IRF1,GGI,PSMB10,gene,gene
IRF1,GGI,APOL3,gene,gene
IRF1,GGI,TAPBP,gene,gene
IRF1,GGI,APOL1,gene,gene
IRF1,GGI,PLAAT4,gene,gene
IRF1,GGI,RELB,gene,gene
IRF1,GGI,BCL3,gene,gene
IRF1,GGI,STAT1,gene,gene
IRF1,GGI,TAPBPL,gene,gene
IRF1,GGI,PSME1,gene,gene
IRF1,GGI,APOL2,gene,gene
IRF1,GGI,HLA-F,gene,gene
IRF1,GGI,GBP2,gene,gene
IRF1,GGI,PML,gene,gene
IRF1,GGI,TAP2,gene,gene
IRF1,GGI,CD47,gene,gene
IRF1,GGI,SOD2,gene,gene
IRF1,GGI,ICAM1,gene,gene
IRF1,GGI,ERAP1,gene,gene
IRF1,GGI,NFKBIA,gene,gene
IRF1,GGI,JUNB,gene,gene
IRF1,GGI,TNFAIP2,gene,gene
IRF1,GGI,PSMB8,gene,gene
IRF1,GGI,ZC3H12A,gene,gene
IRF1,GGI,HLA-B,gene,gene
IRF1,GGI,SOCS1,gene,gene
IRF1,GGI,BTN3A1,gene,gene
IRF1,GGI,OGFR,gene,gene
MAFK,GGI,MAFF,gene,gene
MAFK,GGI,MEF2D,gene,gene
MAFK,GGI,INTS1,gene,gene
MAFK,GGI,FBXL18,gene,gene
MAFK,GGI,DUSP8,gene,gene
SOX12,GGI,ZNF444,gene,gene
SOX12,GGI,SIX5,gene,gene
SOX12,GGI,FBXO46,gene,gene
SOX12,GGI,ZNF768,gene,gene
SOX12,GGI,ERF,gene,gene
SOX12,GGI,CCDC106,gene,gene
SOX12,GGI,ZNF74,gene,gene
SOX12,GGI,IRF2BP1,gene,gene
SOX12,GGI,ZNF580,gene,gene
SOX12,GGI,MAZ,gene,gene
SOX12,GGI,ENTREP3,gene,gene
SOX12,GGI,ZNF771,gene,gene
SOX12,GGI,UCN,gene,gene
SCRN3,GGI,FPGT,gene,gene
SCRN3,GGI,SLC25A46,gene,gene
SCRN3,GGI,STAM2,gene,gene
SCRN3,GGI,BBS10,gene,gene
SCRN3,GGI,TMEM106B,gene,gene
SCRN3,GGI,OSGEPL1,gene,gene
SCRN3,GGI,PREPL,gene,gene
SCRN3,GGI,AGGF1,gene,gene
SCRN3,GGI,FAM114A2,gene,gene
SCRN3,GGI,HIBCH,gene,gene
SCRN3,GGI,KRCC1,gene,gene
NSA2,GGI,BTF3,gene,gene
NSA2,GGI,RPL26,gene,gene
NSA2,GGI,RPL5,gene,gene
NSA2,GGI,RPL14,gene,gene
NSA2,GGI,EIF3E,gene,gene
NSA2,GGI,NACA,gene,gene
NSA2,GGI,RPL7,gene,gene
NSA2,GGI,RPL24,gene,gene
NSA2,GGI,RPS23,gene,gene
NSA2,GGI,RPL6,gene,gene
NSA2,GGI,EIF3H,gene,gene
NSA2,GGI,RPS25,gene,gene
NSA2,GGI,RPS3A,gene,gene
NSA2,GGI,RPL37,gene,gene
NSA2,GGI,RPL17,gene,gene
NSA2,GGI,COX7C,gene,gene
NSA2,GGI,RPL23A,gene,gene
NSA2,GGI,RPS6,gene,gene
NSA2,GGI,RPL30,gene,gene
NSA2,GGI,RPS17,gene,gene
NSA2,GGI,RPL11,gene,gene
NSA2,GGI,RPS24,gene,gene
NSA2,GGI,RPL9,gene,gene
NSA2,GGI,RPL34,gene,gene
NSA2,GGI,RPL36AL,gene,gene
NSA2,GGI,RPL38,gene,gene
NSA2,GGI,NAP1L1,gene,gene
NSA2,GGI,RPS8,gene,gene
NSA2,GGI,RACK1,gene,gene
NSA2,GGI,NDUFS4,gene,gene
NSA2,GGI,RPL35A,gene,gene
NSA2,GGI,RPL22,gene,gene
NSA2,GGI,RPS15A,gene,gene
NSA2,GGI,RPS7,gene,gene
NSA2,GGI,RPL7A,gene,gene
NSA2,GGI,RPL10A,gene,gene
NSA2,GGI,RPL15,gene,gene
NSA2,GGI,RPL19,gene,gene
NSA2,GGI,RPS13,gene,gene
NSA2,GGI,RPL31,gene,gene
NSA2,GGI,TPT1,gene,gene
NSA2,GGI,RPS27A,gene,gene
NSA2,GGI,RPL35,gene,gene
NSA2,GGI,RSL1D1,gene,gene
NSA2,GGI,RPS14,gene,gene
NSA2,GGI,RPL12,gene,gene
NSA2,GGI,RPL21,gene,gene
NSA2,GGI,RPS27,gene,gene
NSA2,GGI,RPS20,gene,gene
NSA2,GGI,RPL36A,gene,gene
NSA2,GGI,RPL39,gene,gene
NSA2,GGI,EEF1A1,gene,gene
NSA2,GGI,PFDN1,gene,gene
NSA2,GGI,RPL27,gene,gene
NSA2,GGI,RPL36,gene,gene
NSA2,GGI,NPM1,gene,gene
NSA2,GGI,EIF3M,gene,gene
NSA2,GGI,RPL10,gene,gene
NSA2,GGI,BCCIP,gene,gene
NSA2,GGI,RPL37A,gene,gene
NSA2,GGI,EIF4B,gene,gene
NSA2,GGI,TAF9,gene,gene
NSA2,GGI,RPS12,gene,gene
NSA2,GGI,RPL13A,gene,gene
NSA2,GGI,HNRNPA1,gene,gene
NSA2,GGI,EIF3G,gene,gene
NSA2,GGI,RPS18,gene,gene
NSA2,GGI,RPS4X,gene,gene
NSA2,GGI,EIF3L,gene,gene
NSA2,GGI,TAF1D,gene,gene
NSA2,GGI,THG1L,gene,gene
NSA2,GGI,METAP2,gene,gene
NSA2,GGI,CCDC59,gene,gene
NSA2,GGI,RPL27A,gene,gene
NSA2,GGI,RSL24D1,gene,gene
NSA2,GGI,IGBP1,gene,gene
NSA2,GGI,COPS2,gene,gene
NSA2,GGI,EEF2,gene,gene
NSA2,GGI,RPL3,gene,gene
NSA2,GGI,RPL32,gene,gene
NSA2,GGI,NHP2,gene,gene
NSA2,GGI,RPL18,gene,gene
NSA2,GGI,CAMLG,gene,gene
NSA2,GGI,RPL29,gene,gene
NSA2,GGI,RPS3,gene,gene
NSA2,GGI,RPLP2,gene,gene
NSA2,GGI,RPS10,gene,gene
NSA2,GGI,RPSA,gene,gene
NSA2,GGI,NOP53,gene,gene
NSA2,GGI,RPS11,gene,gene
NSA2,GGI,ST13,gene,gene
NSA2,GGI,EEF1B2,gene,gene
NSA2,GGI,CLNS1A,gene,gene
NSA2,GGI,ZC3H15,gene,gene
NSA2,GGI,RPS5,gene,gene
NSA2,GGI,MRPS27,gene,gene
NSA2,GGI,RPS21,gene,gene
NSA2,GGI,SYF2,gene,gene
NSA2,GGI,RPS15,gene,gene
NSA2,GGI,OLA1,gene,gene
NSA2,GGI,RPL8,gene,gene
NSA2,GGI,RPS16,gene,gene
NSA2,GGI,TBCA,gene,gene
NSA2,GGI,BRIX1,gene,gene
NSA2,GGI,AIMP1,gene,gene
NSA2,GGI,RWDD1,gene,gene
NSA2,GGI,RPLP0,gene,gene
NSA2,GGI,RBMX,gene,gene
NSA2,GGI,RTRAF,gene,gene
NSA2,GGI,SRP14,gene,gene
NSA2,GGI,DPH5,gene,gene
NSA2,GGI,RPS2,gene,gene
NSA2,GGI,RPS29,gene,gene
NSA2,GGI,RIOK2,gene,gene
NSA2,GGI,SSB,gene,gene
NSA2,GGI,EIF3D,gene,gene
NSA2,GGI,FAU,gene,gene
NSA2,GGI,UQCRB,gene,gene
NSA2,GGI,SSBP1,gene,gene
NSA2,GGI,IK,gene,gene
NSA2,GGI,RPS26,gene,gene
NSA2,GGI,RPL28,gene,gene
NSA2,GGI,PMPCB,gene,gene
NSA2,GGI,RPS28,gene,gene
NSA2,GGI,C19orf53,gene,gene
NSA2,GGI,CFDP1,gene,gene
NSA2,GGI,COX16,gene,gene
NSA2,GGI,UXT,gene,gene
NSA2,GGI,UBA52,gene,gene
NSA2,GGI,FXR1,gene,gene
NSA2,GGI,LSM3,gene,gene
NSA2,GGI,TMA7,gene,gene
NSA2,GGI,TTC1,gene,gene
NSA2,GGI,PPA1,gene,gene
NSA2,GGI,TIMM9,gene,gene
NSA2,GGI,RPL26L1,gene,gene
NSA2,GGI,MATR3,gene,gene
NSA2,GGI,CETN3,gene,gene
NSA2,GGI,USP16,gene,gene
NSA2,GGI,RPLP1,gene,gene
NSA2,GGI,CCNG1,gene,gene
NSA2,GGI,SNX2,gene,gene
NSA2,GGI,CFAP68,gene,gene
NSA2,GGI,PFDN5,gene,gene
NSA2,GGI,PABPC1,gene,gene
NSA2,GGI,TOMM20,gene,gene
NSA2,GGI,RPL4,gene,gene
NSA2,GGI,MRPS18C,gene,gene
NSA2,GGI,MTREX,gene,gene
FASTK,GGI,ABCB8,gene,gene
FASTK,GGI,GPAA1,gene,gene
FASTK,GGI,RUSF1,gene,gene
FASTK,GGI,TRMT2A,gene,gene
FASTK,GGI,RHOT2,gene,gene
FASTK,GGI,B4GALT7,gene,gene
FASTK,GGI,SHARPIN,gene,gene
FASTK,GGI,CHPF2,gene,gene
FASTK,GGI,MUS81,gene,gene
FASTK,GGI,THAP7,gene,gene
FASTK,GGI,MBD3,gene,gene
FASTK,GGI,FAM3A,gene,gene
FASTK,GGI,RPS6KB2,gene,gene
FASTK,GGI,PIGQ,gene,gene
FASTK,GGI,LZTR1,gene,gene
FASTK,GGI,SLC35C2,gene,gene
FASTK,GGI,TAFAZZIN,gene,gene
FASTK,GGI,LMF2,gene,gene
FASTK,GGI,PTGES2,gene,gene
FASTK,GGI,CPSF4,gene,gene
FASTK,GGI,SLC4A2,gene,gene
FASTK,GGI,REPIN1,gene,gene
FASTK,GGI,APBA3,gene,gene
FASTK,GGI,TRAPPC14,gene,gene
FASTK,GGI,NSUN5P1,gene,gene
FASTK,GGI,JMJD4,gene,gene
FASTK,GGI,UBE3C,gene,gene
FASTK,GGI,CPTP,gene,gene
FASTK,GGI,OGFOD2,gene,gene
FASTK,GGI,CFAP410,gene,gene
FASTK,GGI,ANAPC2,gene,gene
FASTK,GGI,LRRC14,gene,gene
FASTK,GGI,CHKB,gene,gene
FASTK,GGI,GMPPA,gene,gene
FASTK,GGI,ACTR1B,gene,gene
FASTK,GGI,GSTK1,gene,gene
FASTK,GGI,NUBP2,gene,gene
FASTK,GGI,CIAO3,gene,gene
FASTK,GGI,FAAP100,gene,gene
FASTK,GGI,INTS11,gene,gene
FASTK,GGI,FHIP2B,gene,gene
FASTK,GGI,CCS,gene,gene
FASTK,GGI,AP5Z1,gene,gene
FASTK,GGI,DDX56,gene,gene
FASTK,GGI,RHBDD3,gene,gene
FASTK,GGI,NDUFB2,gene,gene
FASTK,GGI,ABCF3,gene,gene
FASTK,GGI,PSKH1,gene,gene
FASTK,GGI,SH2B1,gene,gene
FASTK,GGI,MRPS33,gene,gene
LMO7,GGI,GRAMD2B,gene,gene
TERT,GGI,TONSL,gene,gene
EPB41L1,GGI,ATP9A,gene,gene
EPB41L1,GGI,PTPRS,gene,gene
EPB41L1,GGI,NDRG3,gene,gene
VENTX,GGI,UTF1,gene,gene
VENTX,GGI,FOXH1,gene,gene
VENTX,GGI,DPEP3,gene,gene
VENTX,GGI,LILRB2,gene,gene
VENTX,GGI,LILRA1,gene,gene
NUDT2,GGI,STOML2,gene,gene
NUDT2,GGI,DCTN3,gene,gene
NUDT2,GGI,FANCG,gene,gene
NUDT2,GGI,IGBP1,gene,gene
NUDT2,GGI,GRHPR,gene,gene
NUDT2,GGI,MRPL40,gene,gene
NUDT2,GGI,CLTA,gene,gene
NUDT2,GGI,CREB3,gene,gene
NUDT2,GGI,STX8,gene,gene
NUDT2,GGI,APTX,gene,gene
CSPP1,GGI,TGS1,gene,gene
CSPP1,GGI,DNAJC2,gene,gene
CSPP1,GGI,ARFGEF1,gene,gene
CSPP1,GGI,CEP83,gene,gene
CSPP1,GGI,COPS5,gene,gene
CSPP1,GGI,DYNC2I1,gene,gene
CSPP1,GGI,CFAP44,gene,gene
CSPP1,GGI,CEP135,gene,gene
CSPP1,GGI,ESF1,gene,gene
CSPP1,GGI,AKAP9,gene,gene
CSPP1,GGI,TERF1,gene,gene
CSPP1,GGI,PUM3,gene,gene
CSPP1,GGI,DDX10,gene,gene
CSPP1,GGI,CEP290,gene,gene
KCNJ9,GGI,ACTL6B,gene,gene
KCNJ9,GGI,SCRT1,gene,gene
KCNJ9,GGI,CNTN2,gene,gene
KCNJ9,GGI,CDK5R2,gene,gene
KCNJ9,GGI,LY6H,gene,gene
KCNJ9,GGI,CELF3,gene,gene
DESI1,GGI,TTLL12,gene,gene
DESI1,GGI,SRM,gene,gene
DESI1,GGI,GTPBP1,gene,gene
DESI1,GGI,SIGMAR1,gene,gene
DESI1,GGI,MRPL4,gene,gene
CCN1,GGI,CCN2,gene,gene
CCN1,GGI,AMOTL2,gene,gene
CCN1,GGI,DUSP1,gene,gene
CCN1,GGI,EGR1,gene,gene
CCN1,GGI,THBS1,gene,gene
CCN1,GGI,GADD45B,gene,gene
CCN1,GGI,FOSB,gene,gene
CCN1,GGI,JUN,gene,gene
CCN1,GGI,ATF3,gene,gene
CCN1,GGI,EDN1,gene,gene
CCN1,GGI,ANKRD1,gene,gene
CCN1,GGI,DDAH1,gene,gene
CCN1,GGI,KLF6,gene,gene
CCN1,GGI,SERPINE1,gene,gene
CCN1,GGI,FOS,gene,gene
CCN1,GGI,RND3,gene,gene
CCN1,GGI,ZFP36,gene,gene
CCN1,GGI,ADAMTS1,gene,gene
CCN1,GGI,FHL2,gene,gene
CCN1,GGI,TPM1,gene,gene
CCN1,GGI,TNFRSF12A,gene,gene
CCN1,GGI,IER2,gene,gene
CCN1,GGI,TAGLN,gene,gene
CCN1,GGI,SRF,gene,gene
CCN1,GGI,CRIM1,gene,gene
CCN1,GGI,HBEGF,gene,gene
CCN1,GGI,PPP1R15A,gene,gene
CCN1,GGI,SAMD4A,gene,gene
CCN1,GGI,LMCD1,gene,gene
CCN1,GGI,CITED2,gene,gene
CCN1,GGI,RHOB,gene,gene
CCN1,GGI,MAFF,gene,gene
CCN1,GGI,EPHA2,gene,gene
RAD9A,GGI,PNKP,gene,gene
RAD9A,GGI,RPS6KB2,gene,gene
RAD9A,GGI,PIDD1,gene,gene
RAD9A,GGI,HAUS5,gene,gene
RAD9A,GGI,NAA40,gene,gene
RAD9A,GGI,NDOR1,gene,gene
RAD9A,GGI,RECQL4,gene,gene
RAD9A,GGI,PHKG2,gene,gene
RAD9A,GGI,POLA2,gene,gene
RAD9A,GGI,MEN1,gene,gene
RAD9A,GGI,C2CD2L,gene,gene
RAD9A,GGI,TAF1C,gene,gene
RAD9A,GGI,RNF31,gene,gene
RAD9A,GGI,CDK2AP2,gene,gene
RAD9A,GGI,FANCG,gene,gene
RAD9A,GGI,ACD,gene,gene
RAD9A,GGI,DCAF15,gene,gene
RAD9A,GGI,CENPT,gene,gene
RAD9A,GGI,FBXL6,gene,gene
RAD9A,GGI,CPSF7,gene,gene
RAD9A,GGI,TONSL,gene,gene
RAD9A,GGI,RUSC1,gene,gene
RAD9A,GGI,OGFOD2,gene,gene
RAD9A,GGI,XRCC3,gene,gene
RAD9A,GGI,SIRT7,gene,gene
RAD9A,GGI,ZFPL1,gene,gene
RAD9A,GGI,C1orf159,gene,gene
RAD9A,GGI,TOP3B,gene,gene
RAD9A,GGI,CXXC1,gene,gene
RAD9A,GGI,METTL17,gene,gene
RAD9A,GGI,TAF6L,gene,gene
RAD9A,GGI,ZNF692,gene,gene
RAD9A,GGI,RHOT2,gene,gene
HRAS,GGI,TSR3,gene,gene
HRAS,GGI,POLR2L,gene,gene
HRAS,GGI,SAC3D1,gene,gene
HRAS,GGI,PSMC3,gene,gene
HRAS,GGI,TSSC4,gene,gene
HRAS,GGI,PPP1R14B,gene,gene
HRAS,GGI,BRMS1,gene,gene
HRAS,GGI,BAD,gene,gene
HRAS,GGI,SSNA1,gene,gene
HRAS,GGI,PTDSS2,gene,gene
HRAS,GGI,UBE2M,gene,gene
HRAS,GGI,GADD45GIP1,gene,gene
HRAS,GGI,SURF2,gene,gene
HRAS,GGI,RIC8A,gene,gene
HRAS,GGI,C1orf35,gene,gene
HRAS,GGI,NAP1L4,gene,gene
HRAS,GGI,STUB1,gene,gene
HRAS,GGI,NAA10,gene,gene
HRAS,GGI,PTGES2,gene,gene
HRAS,GGI,GIPC1,gene,gene
HRAS,GGI,PSMD13,gene,gene
HRAS,GGI,MRPL41,gene,gene
HRAS,GGI,RASSF7,gene,gene
HRAS,GGI,FAM50A,gene,gene
PLOD3,GGI,PLOD1,gene,gene
PLOD3,GGI,CALU,gene,gene
PLOD3,GGI,PRKCSH,gene,gene
PLOD3,GGI,PDIA4,gene,gene
PLOD3,GGI,COLGALT1,gene,gene
PLOD3,GGI,GANAB,gene,gene
PLOD3,GGI,SERPINH1,gene,gene
PLOD3,GGI,P3H1,gene,gene
PLOD3,GGI,PIGT,gene,gene
PLOD3,GGI,TBL2,gene,gene
PLOD3,GGI,P4HB,gene,gene
PLOD3,GGI,MOGS,gene,gene
PLOD3,GGI,SLC52A2,gene,gene
PLOD3,GGI,RRBP1,gene,gene
PLOD3,GGI,ATP13A1,gene,gene
PLOD3,GGI,SLC4A2,gene,gene
PLOD3,GGI,GUSB,gene,gene
PLOD3,GGI,SEC61A1,gene,gene
PLOD3,GGI,LMF2,gene,gene
PLOD3,GGI,TMEM214,gene,gene
PLOD3,GGI,ESYT1,gene,gene
PLOD3,GGI,RPN2,gene,gene
PLOD3,GGI,EMC1,gene,gene
PLOD3,GGI,MYDGF,gene,gene
PLOD3,GGI,PIEZO1,gene,gene
PLOD3,GGI,C11orf24,gene,gene
PLOD3,GGI,NUCB1,gene,gene
PLOD3,GGI,ATP6AP1,gene,gene
PLOD3,GGI,ZNHIT1,gene,gene
PLOD3,GGI,MAN1B1,gene,gene
PLOD3,GGI,AP1S1,gene,gene
PLOD3,GGI,HSP90B1,gene,gene
PLOD3,GGI,CHPF2,gene,gene
NRBF2,GGI,UBE2D1,gene,gene
NRBF2,GGI,SAR1A,gene,gene
NRBF2,GGI,BCL10,gene,gene
NRBF2,GGI,RAB5A,gene,gene
NRBF2,GGI,TOPORS,gene,gene
NRBF2,GGI,GOLGA5,gene,gene
NRBF2,GGI,R3HCC1L,gene,gene
HBE1,GGI,MAGEA3,gene,gene
HBE1,GGI,HBD,gene,gene
HBE1,GGI,RHAG,gene,gene
HBE1,GGI,HBZ,gene,gene
EIF6,GGI,PSMC4,gene,gene
EIF6,GGI,PSMB3,gene,gene
EIF6,GGI,ADRM1,gene,gene
EIF6,GGI,WDR46,gene,gene
EIF6,GGI,SNRPB,gene,gene
EIF6,GGI,RAE1,gene,gene
EIF6,GGI,PHB1,gene,gene
EIF6,GGI,AAR2,gene,gene
EIF6,GGI,PSMD13,gene,gene
EIF6,GGI,OTUB1,gene,gene
EIF6,GGI,PSMD8,gene,gene
EIF6,GGI,RUVBL2,gene,gene
EIF6,GGI,CSNK2B,gene,gene
EIF6,GGI,PSMC3,gene,gene
EIF6,GGI,ZNRD2,gene,gene
EIF6,GGI,DDX56,gene,gene
EIF6,GGI,CTNNBL1,gene,gene
EIF6,GGI,WDR74,gene,gene
EIF6,GGI,MPDU1,gene,gene
EIF6,GGI,PSMB6,gene,gene
EIF6,GGI,FIBP,gene,gene
EIF6,GGI,ITPA,gene,gene
EIF6,GGI,XRCC6,gene,gene
EIF6,GGI,ARPC4,gene,gene
EIF6,GGI,RTF2,gene,gene
EIF6,GGI,CCT3,gene,gene
EIF6,GGI,GSS,gene,gene
EIF6,GGI,CDK5RAP1,gene,gene
EIF6,GGI,PSMA7,gene,gene
EIF6,GGI,ENO1,gene,gene
EIF6,GGI,PUF60,gene,gene
EIF6,GGI,SNRPC,gene,gene
EIF6,GGI,TOMM34,gene,gene
EIF6,GGI,ERGIC3,gene,gene
EIF6,GGI,HSD17B10,gene,gene
EIF6,GGI,TIMM50,gene,gene
EIF6,GGI,PSMB7,gene,gene
EIF6,GGI,CCT7,gene,gene
EIF6,GGI,TIMM13,gene,gene
EIF6,GGI,ATG101,gene,gene
EIF6,GGI,PSMB2,gene,gene
EIF6,GGI,PEF1,gene,gene
EIF6,GGI,BRMS1,gene,gene
EIF6,GGI,MRPS12,gene,gene
EIF6,GGI,PQBP1,gene,gene
EIF6,GGI,CPNE1,gene,gene
EIF6,GGI,BCAP31,gene,gene
EIF6,GGI,IDH3B,gene,gene
EIF6,GGI,CIAPIN1,gene,gene
EIF6,GGI,NSFL1C,gene,gene
EIF6,GGI,PPP4C,gene,gene
EIF6,GGI,PPP1CA,gene,gene
EIF6,GGI,RTCB,gene,gene
EIF6,GGI,STOML2,gene,gene
EIF6,GGI,RPS5,gene,gene
APOE,GGI,APOC1,gene,gene
APOE,GGI,HSD17B14,gene,gene
APOE,GGI,PLTP,gene,gene
APOE,GGI,SLCO2B1,gene,gene
APOE,GGI,ACP5,gene,gene
APOE,GGI,NR1H3,gene,gene
APOE,GGI,CYP27A1,gene,gene
IDH3A,GGI,PDHA1,gene,gene
IDH3A,GGI,DLAT,gene,gene
IDH3A,GGI,ATP5F1B,gene,gene
IDH3A,GGI,ACO2,gene,gene
IDH3A,GGI,GOT1,gene,gene
IDH3A,GGI,HCCS,gene,gene
IDH3A,GGI,SDHA,gene,gene
IDH3A,GGI,UQCRC2,gene,gene
IDH3A,GGI,NDUFA9,gene,gene
IDH3A,GGI,BTBD1,gene,gene
IDH3A,GGI,GHITM,gene,gene
IDH3A,GGI,NIPA2,gene,gene
IDH3A,GGI,SUCLA2,gene,gene
IDH3A,GGI,NDUFAF4,gene,gene
IDH3A,GGI,ATP2A2,gene,gene
IDH3A,GGI,NARS1,gene,gene
IDH3A,GGI,COQ9,gene,gene
IDH3A,GGI,CHCHD3,gene,gene
IDH3A,GGI,AFG3L2,gene,gene
IDH3A,GGI,CYCS,gene,gene
IDH3A,GGI,AAGAB,gene,gene
IDH3A,GGI,NDUFS1,gene,gene
IDH3A,GGI,GFM1,gene,gene
IDH3A,GGI,DNAJA3,gene,gene
IDH3A,GGI,OGDH,gene,gene
IDH3A,GGI,COX5A,gene,gene
IDH3A,GGI,EIF2S1,gene,gene
IDH3A,GGI,GOT2,gene,gene
IDH3A,GGI,MRPL46,gene,gene
IDH3A,GGI,TUBGCP4,gene,gene
BLK,GGI,CD19,gene,gene
BLK,GGI,MS4A1,gene,gene
BLK,GGI,TCL1A,gene,gene
BLK,GGI,CD79A,gene,gene
BLK,GGI,PAX5,gene,gene
BLK,GGI,CNR2,gene,gene
BLK,GGI,CD79B,gene,gene
BLK,GGI,CXCR5,gene,gene
BLK,GGI,FAM30A,gene,gene
BLK,GGI,POU2AF1,gene,gene
BLK,GGI,CR2,gene,gene
BLK,GGI,SPIB,gene,gene
BLK,GGI,TNFRSF13B,gene,gene
BLK,GGI,FCER2,gene,gene
BLK,GGI,VPREB3,gene,gene
BLK,GGI,CD22,gene,gene
BLK,GGI,LY9,gene,gene
BLK,GGI,PNOC,gene,gene
BLK,GGI,FCMR,gene,gene
BLK,GGI,CD72,gene,gene
BLK,GGI,P2RX5,gene,gene
BLK,GGI,BANK1,gene,gene
BLK,GGI,CCR6,gene,gene
BLK,GGI,SIT1,gene,gene
BLK,GGI,COL19A1,gene,gene
BLK,GGI,STAP1,gene,gene
BLK,GGI,P2RY10,gene,gene
BLK,GGI,AFF3,gene,gene
BLK,GGI,MZB1,gene,gene
BLK,GGI,HLA-DOB,gene,gene
BLK,GGI,ABCB4,gene,gene
RPL24,GGI,RPS7,gene,gene
RPL24,GGI,RPL35A,gene,gene
RPL24,GGI,RPS15A,gene,gene
RPL24,GGI,RPS17,gene,gene
RPL24,GGI,RPL11,gene,gene
RPL24,GGI,RPL27,gene,gene
RPL24,GGI,RPL26,gene,gene
RPL24,GGI,RPS6,gene,gene
RPL24,GGI,RPS25,gene,gene
RPL24,GGI,RPL38,gene,gene
RPL24,GGI,RPL35,gene,gene
RPL24,GGI,RPL9,gene,gene
RPL24,GGI,RPS27A,gene,gene
RPL24,GGI,RPS18,gene,gene
RPL24,GGI,RPL39,gene,gene
RPL24,GGI,RPS20,gene,gene
RPL24,GGI,RPL30,gene,gene
RPL24,GGI,RPL12,gene,gene
RPL24,GGI,RPL7A,gene,gene
RPL24,GGI,RPL34,gene,gene
RPL24,GGI,RPL14,gene,gene
RPL24,GGI,RPS10,gene,gene
RPL24,GGI,RPL17,gene,gene
RPL24,GGI,RPL21,gene,gene
RPL24,GGI,RPL10A,gene,gene
RPL24,GGI,RPS8,gene,gene
RPL24,GGI,RPS24,gene,gene
RPL24,GGI,RPS11,gene,gene
RPL24,GGI,RPS12,gene,gene
RPL24,GGI,RPL5,gene,gene
RPL24,GGI,RPS21,gene,gene
RPL24,GGI,RPL6,gene,gene
RPL24,GGI,RPS3A,gene,gene
RPL24,GGI,RPL36A,gene,gene
RPL24,GGI,RPS27,gene,gene
RPL24,GGI,RPL37A,gene,gene
RPL24,GGI,RPL23A,gene,gene
RPL24,GGI,RPSA,gene,gene
RPL24,GGI,RPL7,gene,gene
RPL24,GGI,RPS3,gene,gene
RPL24,GGI,RPL37,gene,gene
RPL24,GGI,RPS14,gene,gene
RPL24,GGI,RPL29,gene,gene
RPL24,GGI,NACA,gene,gene
RPL24,GGI,RPS13,gene,gene
RPL24,GGI,RPL32,gene,gene
RPL24,GGI,BTF3,gene,gene
RPL24,GGI,EEF1B2,gene,gene
RPL24,GGI,RPS16,gene,gene
RPL24,GGI,RPLP2,gene,gene
RPL24,GGI,RPLP0,gene,gene
RPL24,GGI,RPS5,gene,gene
RPL24,GGI,RPL19,gene,gene
RPL24,GGI,RPL18,gene,gene
RPL24,GGI,RPS19,gene,gene
RPL24,GGI,RPL36,gene,gene
RPL24,GGI,FAU,gene,gene
RPL24,GGI,RPS23,gene,gene
RPL24,GGI,RPL22,gene,gene
RPL24,GGI,PFDN5,gene,gene
RPL24,GGI,RPS4X,gene,gene
RPL24,GGI,UBA52,gene,gene
RPL24,GGI,RPS29,gene,gene
RPL24,GGI,RPS2,gene,gene
RPL24,GGI,RPL13A,gene,gene
RPL24,GGI,RPLP1,gene,gene
RPL24,GGI,RPL15,gene,gene
RPL24,GGI,SNRPD2,gene,gene
RPL24,GGI,RACK1,gene,gene
RPL24,GGI,RPS15,gene,gene
RPL24,GGI,RPL27A,gene,gene
RPL24,GGI,RPL3,gene,gene
RPL24,GGI,RPL31,gene,gene
RPL24,GGI,RPL8,gene,gene
RPL24,GGI,EIF3E,gene,gene
RPL24,GGI,TPT1,gene,gene
RPL24,GGI,RPL36AL,gene,gene
RPL24,GGI,EEF1A1,gene,gene
RPL24,GGI,COX7C,gene,gene
RPL24,GGI,NSA2,gene,gene
RPL24,GGI,EIF3H,gene,gene
RPL24,GGI,RPS28,gene,gene
RPL24,GGI,RPL10,gene,gene
RPL24,GGI,RPL13,gene,gene
RPL24,GGI,HINT1,gene,gene
RPL24,GGI,RPL28,gene,gene
RPL24,GGI,RPL4,gene,gene
RPL24,GGI,UQCRH,gene,gene
RPL24,GGI,UXT,gene,gene
RPL24,GGI,HNRNPA1,gene,gene
RPL24,GGI,EIF3K,gene,gene
RPL24,GGI,EEF1D,gene,gene
RPL24,GGI,EEF2,gene,gene
RPL24,GGI,NOP53,gene,gene
RPL24,GGI,ATP5PO,gene,gene
RPL24,GGI,EIF3L,gene,gene
RPL24,GGI,EIF3D,gene,gene
RPL24,GGI,FBL,gene,gene
RPL24,GGI,RPS9,gene,gene
RPL24,GGI,SNRPF,gene,gene
RPL24,GGI,RSL24D1,gene,gene
RPL24,GGI,COX4I1,gene,gene
RPL24,GGI,EIF3M,gene,gene
RPL24,GGI,EDF1,gene,gene
RPL24,GGI,RPS26,gene,gene
RPL24,GGI,SNRPE,gene,gene
RPL24,GGI,NAP1L1,gene,gene
RPL24,GGI,ATP5MG,gene,gene
RPL24,GGI,EIF4B,gene,gene
RPL24,GGI,IMPDH2,gene,gene
RPL24,GGI,SNHG32,gene,gene
RPL24,GGI,ATP5MC2,gene,gene
RPL24,GGI,EIF3G,gene,gene
RPL24,GGI,IGBP1,gene,gene
RPL24,GGI,TMA7,gene,gene
RPL24,GGI,ATP5ME,gene,gene
RPL24,GGI,ATP5MJ,gene,gene
RPL24,GGI,NDUFB4,gene,gene
RPL24,GGI,PABPC1,gene,gene
RPL24,GGI,COX7A2,gene,gene
RPL24,GGI,NDUFA4,gene,gene
RPL24,GGI,SSBP1,gene,gene
RPL24,GGI,SEC11A,gene,gene
RPL24,GGI,PHB2,gene,gene
RPL24,GGI,NDUFA1,gene,gene
RPL24,GGI,RSL1D1,gene,gene
RPL24,GGI,RTRAF,gene,gene
RPL24,GGI,ATP5F1E,gene,gene
RPL24,GGI,PSMB1,gene,gene
RPL24,GGI,TMSB10,gene,gene
RPL24,GGI,SLC25A6,gene,gene
RPL24,GGI,CCT4,gene,gene
RPL24,GGI,SLIRP,gene,gene
RPL24,GGI,COX6B1,gene,gene
RPL24,GGI,C19orf53,gene,gene
RPL24,GGI,PPIA,gene,gene
RPL24,GGI,COX7A2L,gene,gene
RPL24,GGI,NHP2,gene,gene
RPL24,GGI,NPM1,gene,gene
RPL24,GGI,UBL5,gene,gene
RPL24,GGI,EIF3F,gene,gene
RPL24,GGI,TMEM258,gene,gene
RPL24,GGI,UQCRQ,gene,gene
RPL24,GGI,UQCRB,gene,gene
RPL24,GGI,TXN,gene,gene
RPL24,GGI,TRMT112,gene,gene
RPL24,GGI,SRP14,gene,gene
RPL24,GGI,PSMB7,gene,gene
RPL24,GGI,CHCHD2,gene,gene
RPL24,GGI,EIF2S3,gene,gene
RPL24,GGI,FXR1,gene,gene
RPL24,GGI,UBXN1,gene,gene
RPL24,GGI,EIF3I,gene,gene
RPL24,GGI,LSM3,gene,gene
RPL24,GGI,SF3B5,gene,gene
RPL24,GGI,LSM7,gene,gene
RPL24,GGI,PSMB4,gene,gene
RPL24,GGI,COX7B,gene,gene
RPL24,GGI,NDUFS4,gene,gene
RPL24,GGI,SEC61B,gene,gene
RPL24,GGI,TBCA,gene,gene
RPL24,GGI,DPH5,gene,gene
RPL24,GGI,SEC61G,gene,gene
RPL24,GGI,QARS1,gene,gene
RPL24,GGI,MRPL22,gene,gene
RPL24,GGI,MYL6,gene,gene
RPL24,GGI,SSR2,gene,gene
RPL24,GGI,RPL26L1,gene,gene
ANKRD36BP2,GGI,TNFRSF17,gene,gene
ANKRD36BP2,GGI,JCHAIN,gene,gene
ANKRD36BP2,GGI,AMPD1,gene,gene
ANKRD36BP2,GGI,MZB1,gene,gene
ANKRD36BP2,GGI,POU2AF1,gene,gene
SLC25A17,GGI,SAMM50,gene,gene
SLC25A17,GGI,ADSL,gene,gene
SLC25A17,GGI,TRMU,gene,gene
SLC25A17,GGI,DRG1,gene,gene
SLC25A17,GGI,SKIC8,gene,gene
SLC25A17,GGI,ATXN10,gene,gene
SLC25A17,GGI,RTCB,gene,gene
WDCP,GGI,POLR1B,gene,gene
WDCP,GGI,PAPOLG,gene,gene
WDCP,GGI,DHX57,gene,gene
WDCP,GGI,GEMIN6,gene,gene
WDCP,GGI,TTI1,gene,gene
WDCP,GGI,NUP43,gene,gene
WDCP,GGI,ZBTB39,gene,gene
WDCP,GGI,TRMT61B,gene,gene
WDCP,GGI,ANKRD46,gene,gene
WDCP,GGI,BBS10,gene,gene
WDCP,GGI,CSTF1,gene,gene
WDCP,GGI,EDRF1,gene,gene
WDCP,GGI,SMG8,gene,gene
WDCP,GGI,ZKSCAN4,gene,gene
WDCP,GGI,GTF2E1,gene,gene
WDCP,GGI,SHQ1,gene,gene
BSG,GGI,OAZ1,gene,gene
BSG,GGI,FKBP8,gene,gene
BSG,GGI,POLR2E,gene,gene
BSG,GGI,NUCB1,gene,gene
BSG,GGI,LRPAP1,gene,gene
BSG,GGI,PRDX2,gene,gene
BSG,GGI,CDC34,gene,gene
BSG,GGI,ATP6V0C,gene,gene
BSG,GGI,PRKCSH,gene,gene
BSG,GGI,UBXN6,gene,gene
BSG,GGI,GET3,gene,gene
BSG,GGI,GPX4,gene,gene
BSG,GGI,GRN,gene,gene
BSG,GGI,GUK1,gene,gene
BSG,GGI,GFUS,gene,gene
BSG,GGI,CTSD,gene,gene
BSG,GGI,BABAM1,gene,gene
BSG,GGI,COPE,gene,gene
BSG,GGI,TECR,gene,gene
BSG,GGI,LMAN2,gene,gene
BSG,GGI,ARF1,gene,gene
BSG,GGI,AP2M1,gene,gene
BSG,GGI,SLC6A8,gene,gene
BSG,GGI,YIPF3,gene,gene
BSG,GGI,OS9,gene,gene
BSG,GGI,PSMF1,gene,gene
BSG,GGI,BCAP31,gene,gene
BSG,GGI,CTSA,gene,gene
BSG,GGI,PSAP,gene,gene
BSG,GGI,R3HDM4,gene,gene
BSG,GGI,DDOST,gene,gene
BSG,GGI,ASCC2,gene,gene
BSG,GGI,UBB,gene,gene
BSG,GGI,TMEM161A,gene,gene
BSG,GGI,ELOB,gene,gene
BSG,GGI,CLPTM1,gene,gene
BSG,GGI,APLP2,gene,gene
BSG,GGI,PLD3,gene,gene
BSG,GGI,STK11,gene,gene
BSG,GGI,CD320,gene,gene
BSG,GGI,UQCRC1,gene,gene
BSG,GGI,EIF2AK1,gene,gene
BSG,GGI,UQCR11,gene,gene
BSG,GGI,ATP6AP1,gene,gene
BSG,GGI,RAB11B,gene,gene
BSG,GGI,CARM1,gene,gene
BSG,GGI,CYB5R3,gene,gene
BSG,GGI,GLRX5,gene,gene
BSG,GGI,CDIPT,gene,gene
BSG,GGI,NAPA,gene,gene
BSG,GGI,RAD23A,gene,gene
BSG,GGI,PPP2R1A,gene,gene
BSG,GGI,PIGT,gene,gene
RUSC2,GGI,CTIF,gene,gene
RUSC2,GGI,KIFC3,gene,gene
RUSC2,GGI,PVR,gene,gene
RUSC2,GGI,AMOTL2,gene,gene
RUSC2,GGI,MRAS,gene,gene
RUSC2,GGI,RIPOR1,gene,gene
RUSC2,GGI,TESK1,gene,gene
RUSC2,GGI,ARHGEF17,gene,gene
RUSC2,GGI,RASAL2,gene,gene
RUSC2,GGI,ATOSB,gene,gene
RUSC2,GGI,NDST1,gene,gene
YPEL5,GGI,CHMP1B,gene,gene
YPEL5,GGI,HBP1,gene,gene
YPEL5,GGI,MAP1LC3B,gene,gene
YPEL5,GGI,COQ10B,gene,gene
YPEL5,GGI,KLHL24,gene,gene
YPEL5,GGI,GABARAPL1,gene,gene
YPEL5,GGI,GABARAPL2,gene,gene
YPEL5,GGI,BNIP3L,gene,gene
YPEL5,GGI,SERINC1,gene,gene
YPEL5,GGI,OSER1,gene,gene
YPEL5,GGI,MOAP1,gene,gene
YPEL5,GGI,BTG1,gene,gene
YPEL5,GGI,TAX1BP1,gene,gene
YPEL5,GGI,CCNG2,gene,gene
YPEL5,GGI,RNF139,gene,gene
YPEL5,GGI,MED21,gene,gene
YPEL5,GGI,ZFAND5,gene,gene
YPEL5,GGI,HECA,gene,gene
YPEL5,GGI,DNAJB9,gene,gene
MOGS,GGI,TMEM214,gene,gene
MOGS,GGI,P3H1,gene,gene
MOGS,GGI,PREB,gene,gene
MOGS,GGI,TRMT2A,gene,gene
MOGS,GGI,ARFGAP1,gene,gene
MOGS,GGI,PIGO,gene,gene
MOGS,GGI,SLC52A2,gene,gene
MOGS,GGI,AUP1,gene,gene
MOGS,GGI,CHPF2,gene,gene
MOGS,GGI,SEC24C,gene,gene
MOGS,GGI,TBL2,gene,gene
MOGS,GGI,P4HB,gene,gene
MOGS,GGI,PLOD3,gene,gene
MOGS,GGI,CRELD1,gene,gene
MOGS,GGI,YIPF2,gene,gene
MOGS,GGI,GANAB,gene,gene
MOGS,GGI,RUSF1,gene,gene
MOGS,GGI,SLC33A1,gene,gene
MOGS,GGI,TMED9,gene,gene
MOGS,GGI,PDIA4,gene,gene
MOGS,GGI,DDOST,gene,gene
MOGS,GGI,XYLT2,gene,gene
MOGS,GGI,ATP13A1,gene,gene
MOGS,GGI,LZTR1,gene,gene
MOGS,GGI,GMPPA,gene,gene
MOGS,GGI,TMEM259,gene,gene
MOGS,GGI,PDIA5,gene,gene
MOGS,GGI,SLC35C2,gene,gene
MOGS,GGI,TTC31,gene,gene
MOGS,GGI,EMC1,gene,gene
MOGS,GGI,WDR6,gene,gene
MOGS,GGI,SCAP,gene,gene
MOGS,GGI,MEN1,gene,gene
MOGS,GGI,GCN1,gene,gene
MOGS,GGI,B4GALT3,gene,gene
MOGS,GGI,HYOU1,gene,gene
MOGS,GGI,SEC61A1,gene,gene
MOGS,GGI,DHX16,gene,gene
MOGS,GGI,B3GAT3,gene,gene
MOGS,GGI,EIF2B4,gene,gene
MOGS,GGI,ALDH18A1,gene,gene
MOGS,GGI,COLGALT1,gene,gene
MOGS,GGI,MFSD10,gene,gene
MOGS,GGI,POLG,gene,gene
MOGS,GGI,TMEM115,gene,gene
MOGS,GGI,CHPF,gene,gene
MOGS,GGI,GGCX,gene,gene
MOGS,GGI,QPCTL,gene,gene
MOGS,GGI,B4GALT7,gene,gene
GYS1,GGI,GPI,gene,gene
GYS1,GGI,MPI,gene,gene
GYS1,GGI,PKM,gene,gene
GYS1,GGI,PGK1,gene,gene
GYS1,GGI,PFKL,gene,gene
GYS1,GGI,BCKDK,gene,gene
GYS1,GGI,TPI1,gene,gene
GYS1,GGI,FAM162A,gene,gene
GYS1,GGI,LDHA,gene,gene
GYS1,GGI,BNIP3,gene,gene
GYS1,GGI,TBC1D9B,gene,gene
GYS1,GGI,PPFIA4,gene,gene
GYS1,GGI,PDK1,gene,gene
GYS1,GGI,PGM1,gene,gene
GYS1,GGI,MAVS,gene,gene
GYS1,GGI,PLOD1,gene,gene
GYS1,GGI,BCKDHA,gene,gene
GYS1,GGI,GAPDH,gene,gene
GYS1,GGI,PGAM1,gene,gene
GYS1,GGI,PFKFB4,gene,gene
GYS1,GGI,UBA1,gene,gene
GYS1,GGI,MARK4,gene,gene
GYS1,GGI,GBE1,gene,gene
GYS1,GGI,HK2,gene,gene
GYS1,GGI,SLC2A1,gene,gene
GYS1,GGI,PPP2R1A,gene,gene
TRIM38,GGI,SP100,gene,gene
TRIM38,GGI,IFI16,gene,gene
TRIM38,GGI,SP140L,gene,gene
TRIM38,GGI,CASP10,gene,gene
TRIM38,GGI,CASP8,gene,gene
TRIM38,GGI,STAT2,gene,gene
TRIM38,GGI,TRIM5,gene,gene
TRIM38,GGI,SP110,gene,gene
TRIM38,GGI,SAMD9,gene,gene
TRIM38,GGI,CASP4,gene,gene
TRIM38,GGI,MR1,gene,gene
TRIM38,GGI,BTN2A3P,gene,gene
TRIM38,GGI,BTN2A1,gene,gene
TRIM38,GGI,BTN2A2,gene,gene
TRIM38,GGI,TRIM26,gene,gene
TRIM38,GGI,RNASEL,gene,gene
HSPA2,GGI,HSPA1A,gene,gene
GCH1,GGI,ISOC1,gene,gene
ACAA1,GGI,MYD88,gene,gene
ACAA1,GGI,SLC25A20,gene,gene
ACAA1,GGI,GRHPR,gene,gene
ACAA1,GGI,APEH,gene,gene
GLRX2,GGI,UCHL5,gene,gene
GLRX2,GGI,PSMG1,gene,gene
GLRX2,GGI,TIMM17A,gene,gene
GLRX2,GGI,RABIF,gene,gene
GLRX2,GGI,MPC2,gene,gene
GLRX2,GGI,PDCD5,gene,gene
GLRX2,GGI,TMEM70,gene,gene
GLRX2,GGI,CACYBP,gene,gene
GLRX2,GGI,NDUFAF4,gene,gene
GLRX2,GGI,PFDN2,gene,gene
GLRX2,GGI,CMC2,gene,gene
SLC19A2,GGI,PIGA,gene,gene
CENPC,GGI,MIS18BP1,gene,gene
CENPC,GGI,YTHDC1,gene,gene
CENPC,GGI,LARP7,gene,gene
CENPC,GGI,PHF3,gene,gene
CENPC,GGI,PPIG,gene,gene
CENPC,GGI,RSRC2,gene,gene
CENPC,GGI,CEP295,gene,gene
CENPC,GGI,CEP152,gene,gene
CENPC,GGI,NPAT,gene,gene
CENPC,GGI,HAUS3,gene,gene
CENPC,GGI,CKAP2,gene,gene
CENPC,GGI,MPHOSPH9,gene,gene
CENPC,GGI,PRP4K,gene,gene
CENPC,GGI,SMC3,gene,gene
CENPC,GGI,PNISR,gene,gene
CENPC,GGI,EXOSC9,gene,gene
CENPC,GGI,KIF20B,gene,gene
CENPC,GGI,SMC5,gene,gene
CENPC,GGI,PIBF1,gene,gene
CENPC,GGI,ELF2,gene,gene
CENPC,GGI,TOPORS,gene,gene
CENPC,GGI,SREK1,gene,gene
CENPC,GGI,KIAA0586,gene,gene
CENPC,GGI,NKTR,gene,gene
CENPC,GGI,TTC21B,gene,gene
CENPC,GGI,GCC2,gene,gene
CENPC,GGI,DBF4,gene,gene
CENPC,GGI,RFC1,gene,gene
CENPC,GGI,CPAP,gene,gene
CENPC,GGI,BCLAF1,gene,gene
CENPC,GGI,AKAP9,gene,gene
DLGAP1,GGI,ASTN1,gene,gene
PLXDC1,GGI,CD248,gene,gene
DDX60,GGI,HERC6,gene,gene
DDX60,GGI,IFIH1,gene,gene
DDX60,GGI,OAS3,gene,gene
DDX60,GGI,IFIT1,gene,gene
DDX60,GGI,IFI44,gene,gene
DDX60,GGI,IFIT3,gene,gene
DDX60,GGI,OAS2,gene,gene
DDX60,GGI,RIGI,gene,gene
DDX60,GGI,RSAD2,gene,gene
DDX60,GGI,MX1,gene,gene
DDX60,GGI,XAF1,gene,gene
DDX60,GGI,IFI44L,gene,gene
DDX60,GGI,PARP12,gene,gene
DDX60,GGI,IFI6,gene,gene
DDX60,GGI,OAS1,gene,gene
DDX60,GGI,IFIT2,gene,gene
DDX60,GGI,SAMD9,gene,gene
DDX60,GGI,IFI35,gene,gene
DDX60,GGI,EIF2AK2,gene,gene
DDX60,GGI,USP18,gene,gene
DDX60,GGI,DHX58,gene,gene
DDX60,GGI,ISG15,gene,gene
DDX60,GGI,HERC5,gene,gene
DDX60,GGI,IFIT5,gene,gene
DDX60,GGI,STAT1,gene,gene
DDX60,GGI,IRF9,gene,gene
DDX60,GGI,APOL6,gene,gene
DDX60,GGI,PLSCR1,gene,gene
DDX60,GGI,RTP4,gene,gene
DDX60,GGI,SP110,gene,gene
DDX60,GGI,IFI27,gene,gene
DDX60,GGI,MX2,gene,gene
DDX60,GGI,UBE2L6,gene,gene
DDX60,GGI,TRIM22,gene,gene
DDX60,GGI,TRIM21,gene,gene
DDX60,GGI,SP100,gene,gene
DDX60,GGI,TRANK1,gene,gene
DDX60,GGI,ADAR,gene,gene
DDX60,GGI,IRF7,gene,gene
DDX60,GGI,PSMB9,gene,gene
DDX60,GGI,GBP1,gene,gene
DDX60,GGI,TAP1,gene,gene
DDX60,GGI,NMI,gene,gene
DDX60,GGI,BST2,gene,gene
DDX60,GGI,TLR3,gene,gene
DDX60,GGI,BTN3A1,gene,gene
DDX60,GGI,ERAP1,gene,gene
DDX60,GGI,IFITM1,gene,gene
DDX60,GGI,SHFL,gene,gene
DDX60,GGI,TDRD7,gene,gene
DDX60,GGI,UBA7,gene,gene
DDX60,GGI,APOL1,gene,gene
DDX60,GGI,TAP2,gene,gene
DDX60,GGI,PSMB8,gene,gene
DDX60,GGI,LGALS3BP,gene,gene
DDX60,GGI,STAT2,gene,gene
DDX60,GGI,TRIM5,gene,gene
DDX60,GGI,TRIM14,gene,gene
DDX60,GGI,BTN3A3,gene,gene
DDX60,GGI,LY6E,gene,gene
DDX60,GGI,TRIM25,gene,gene
DDX60,GGI,ZC3HAV1,gene,gene
DDX60,GGI,LAP3,gene,gene
DDX60,GGI,BTN3A2,gene,gene
DDX60,GGI,IFI16,gene,gene
DDX60,GGI,PML,gene,gene
DDX60,GGI,ERAP2,gene,gene
NDOR1,GGI,ANAPC2,gene,gene
NDOR1,GGI,SNAPC4,gene,gene
NDOR1,GGI,TONSL,gene,gene
NDOR1,GGI,TELO2,gene,gene
NDOR1,GGI,TAF1C,gene,gene
NDOR1,GGI,XRCC3,gene,gene
NDOR1,GGI,INPP5E,gene,gene
NDOR1,GGI,FBXL6,gene,gene
NDOR1,GGI,TYK2,gene,gene
NDOR1,GGI,HAUS5,gene,gene
NDOR1,GGI,PIDD1,gene,gene
NDOR1,GGI,FBXL18,gene,gene
NDOR1,GGI,RECQL4,gene,gene
NDOR1,GGI,CAPN15,gene,gene
NDOR1,GGI,DCAF15,gene,gene
NDOR1,GGI,MED22,gene,gene
NDOR1,GGI,SCRIB,gene,gene
NDOR1,GGI,RAD9A,gene,gene
NDOR1,GGI,POLD1,gene,gene
NDOR1,GGI,INTS1,gene,gene
NDOR1,GGI,DGKQ,gene,gene
NDOR1,GGI,ACD,gene,gene
NDOR1,GGI,ABCB8,gene,gene
NDOR1,GGI,TMEM259,gene,gene
NDOR1,GGI,KMT2B,gene,gene
NDOR1,GGI,NUP214,gene,gene
NDOR1,GGI,ZC3H3,gene,gene
NDOR1,GGI,DDX11,gene,gene
NDOR1,GGI,RTEL1,gene,gene
NDOR1,GGI,C1orf159,gene,gene
NDOR1,GGI,TJAP1,gene,gene
NDOR1,GGI,E4F1,gene,gene
NDOR1,GGI,POLE,gene,gene
NDOR1,GGI,TOP3B,gene,gene
NDOR1,GGI,SPHK2,gene,gene
NDOR1,GGI,WDR62,gene,gene
NDOR1,GGI,LRRC14,gene,gene
NDOR1,GGI,RHOT2,gene,gene
NDOR1,GGI,AP5Z1,gene,gene
NDOR1,GGI,RABL6,gene,gene
NDOR1,GGI,ATP13A1,gene,gene
NDOR1,GGI,MUS81,gene,gene
NDOR1,GGI,DENND4B,gene,gene
NDOR1,GGI,ABCA7,gene,gene
CDKN2AIP,GGI,ING2,gene,gene
CDKN2AIP,GGI,CASP3,gene,gene
CDKN2AIP,GGI,SIRT1,gene,gene
CDKN2AIP,GGI,KANSL2,gene,gene
CDKN2AIP,GGI,RAB33B,gene,gene
CDKN2AIP,GGI,YTHDF2,gene,gene
CDKN2AIP,GGI,MIS12,gene,gene
CDKN2AIP,GGI,ZNF131,gene,gene
CDKN2AIP,GGI,YTHDC1,gene,gene
CDKN2AIP,GGI,IKZF5,gene,gene
WIPI2,GGI,ATG13,gene,gene
WIPI2,GGI,INPP5K,gene,gene
WIPI2,GGI,ZER1,gene,gene
WIPI2,GGI,IP6K1,gene,gene
WIPI2,GGI,RETREG2,gene,gene
WIPI2,GGI,EIF3B,gene,gene
WIPI2,GGI,WDR45,gene,gene
WIPI2,GGI,RETREG3,gene,gene
WIPI2,GGI,HBP1,gene,gene
WIPI2,GGI,EIF2AK1,gene,gene
WIPI2,GGI,RAC1,gene,gene
WIPI2,GGI,RB1CC1,gene,gene
WIPI2,GGI,YKT6,gene,gene
WIPI2,GGI,RNF216,gene,gene
WIPI2,GGI,KLHDC3,gene,gene
WIPI2,GGI,GID8,gene,gene
WIPI2,GGI,MKRN1,gene,gene
WIPI2,GGI,CCDC28A,gene,gene
WIPI2,GGI,TAX1BP1,gene,gene
WIPI2,GGI,CDIPT,gene,gene
WIPI2,GGI,CALCOCO1,gene,gene
WIPI2,GGI,MTMR14,gene,gene
WIPI2,GGI,BSDC1,gene,gene
WIPI2,GGI,UBE2H,gene,gene
WIPI2,GGI,WDR48,gene,gene
WIPI2,GGI,MXD4,gene,gene
WIPI2,GGI,ATG14,gene,gene
WIPI2,GGI,RNF10,gene,gene
WIPI2,GGI,RALBP1,gene,gene
WIPI2,GGI,AP5Z1,gene,gene
WIPI2,GGI,ATG9A,gene,gene
WIPI2,GGI,GNA12,gene,gene
WIPI2,GGI,UBXN6,gene,gene
WIPI2,GGI,KLHL24,gene,gene
WIPI2,GGI,DHX40,gene,gene
WIPI2,GGI,ULK1,gene,gene
WIPI2,GGI,BABAM1,gene,gene
WIPI2,GGI,BRAP,gene,gene
WIPI2,GGI,EXOC3,gene,gene
WIPI2,GGI,PSMD2,gene,gene
WIPI2,GGI,FAM32A,gene,gene
WIPI2,GGI,PCMTD2,gene,gene
WIPI2,GGI,OSBPL2,gene,gene
CGRRF1,GGI,CNIH1,gene,gene
CGRRF1,GGI,PPP2R3C,gene,gene
CGRRF1,GGI,ACTR10,gene,gene
CGRRF1,GGI,GMFB,gene,gene
CGRRF1,GGI,ZNF410,gene,gene
CGRRF1,GGI,TIMM9,gene,gene
CGRRF1,GGI,TBPL1,gene,gene
CGRRF1,GGI,RCHY1,gene,gene
CGRRF1,GGI,GEMIN2,gene,gene
CGRRF1,GGI,ASNSD1,gene,gene
CGRRF1,GGI,PIGH,gene,gene
CGRRF1,GGI,MBIP,gene,gene
CGRRF1,GGI,RNF139,gene,gene
CGRRF1,GGI,NGDN,gene,gene
CGRRF1,GGI,ORC4,gene,gene
CGRRF1,GGI,RTRAF,gene,gene
CGRRF1,GGI,DERL2,gene,gene
CGRRF1,GGI,AP5M1,gene,gene
CGRRF1,GGI,PPP4R3A,gene,gene
CGRRF1,GGI,PSMC6,gene,gene
CGRRF1,GGI,ZNF639,gene,gene
CGRRF1,GGI,COPS4,gene,gene
CGRRF1,GGI,DNAAF2,gene,gene
CGRRF1,GGI,PPM1A,gene,gene
CGRRF1,GGI,ANAPC10,gene,gene
CGRRF1,GGI,NFU1,gene,gene
ZNF84,GGI,ZNF10,gene,gene
ZNF84,GGI,ZNF268,gene,gene
ZNF84,GGI,ZNF721,gene,gene
ZNF84,GGI,ZNF12,gene,gene
ZNF84,GGI,ZNF550,gene,gene
ZNF84,GGI,ZNF432,gene,gene
ZNF84,GGI,ZNF606,gene,gene
ZNF84,GGI,ZNF234,gene,gene
ZNF84,GGI,ZNF780B,gene,gene
ZNF84,GGI,ZNF195,gene,gene
ZNF84,GGI,ZNF235,gene,gene
ZNF84,GGI,ZNF227,gene,gene
ZNF84,GGI,ZNF510,gene,gene
ZNF84,GGI,ZNF225,gene,gene
ZNF84,GGI,ZNF136,gene,gene
ZNF84,GGI,ZNF480,gene,gene
ZNF84,GGI,ZNF549,gene,gene
ZNF84,GGI,ZNF224,gene,gene
ZNF84,GGI,ZNF180,gene,gene
ZNF84,GGI,ZNF112,gene,gene
ZNF84,GGI,ZNF571,gene,gene
ZNF84,GGI,ZNF146,gene,gene
ZNF84,GGI,ZNF528,gene,gene
ZNF84,GGI,ZNF329,gene,gene
ZNF84,GGI,PRPF39,gene,gene
ZNF84,GGI,ZNF160,gene,gene
ZNF84,GGI,ZNF134,gene,gene
ZNF84,GGI,ZNF266,gene,gene
ZNF84,GGI,ZNF337,gene,gene
ZNF84,GGI,ZNF253,gene,gene
ZNF84,GGI,ZNF614,gene,gene
ZNF84,GGI,ZNF211,gene,gene
ZNF84,GGI,ZNF613,gene,gene
ZNF84,GGI,ZNF14,gene,gene
ZNF84,GGI,ZNF221,gene,gene
ZNF84,GGI,ZFP30,gene,gene
ZNF84,GGI,ZNF286A,gene,gene
ZNF84,GGI,ZNF83,gene,gene
ZNF84,GGI,ZNF354A,gene,gene
ZNF84,GGI,ZNF350,gene,gene
ZNF84,GGI,ZNF816,gene,gene
ZNF84,GGI,KRBOX4,gene,gene
ZNF84,GGI,ZNF223,gene,gene
ZNF84,GGI,ZNF45,gene,gene
ZNF84,GGI,ZNF189,gene,gene
ZNF84,GGI,ZNF23,gene,gene
ZNF84,GGI,ZNF250,gene,gene
ZNF84,GGI,ZNF155,gene,gene
ZNF84,GGI,ZNF506,gene,gene
ZNF84,GGI,ZNF749,gene,gene
ZNF84,GGI,ZNF274,gene,gene
ZNF84,GGI,ZNF675,gene,gene
ZNF84,GGI,ZBTB1,gene,gene
ZNF84,GGI,ZNF573,gene,gene
HACD1,GGI,STAM,gene,gene
PPP3CA,GGI,ATP2B1,gene,gene
PPP3CA,GGI,OSBPL8,gene,gene
PPP3CA,GGI,PTEN,gene,gene
PPP3CA,GGI,ARFIP1,gene,gene
TAF1B,GGI,SMC6,gene,gene
TAF1B,GGI,YWHAQ,gene,gene
TAF1B,GGI,ITGB1BP1,gene,gene
TAF1B,GGI,NOL10,gene,gene
PLK4,GGI,TTK,gene,gene
PLK4,GGI,MAD2L1,gene,gene
PLK4,GGI,KIF11,gene,gene
PLK4,GGI,CENPE,gene,gene
PLK4,GGI,NCAPG,gene,gene
PLK4,GGI,BUB1B,gene,gene
PLK4,GGI,KIF18A,gene,gene
PLK4,GGI,NDC80,gene,gene
PLK4,GGI,KNL1,gene,gene
PLK4,GGI,FANCI,gene,gene
PLK4,GGI,DEPDC1,gene,gene
PLK4,GGI,CENPU,gene,gene
PLK4,GGI,KIF23,gene,gene
PLK4,GGI,KIF15,gene,gene
PLK4,GGI,CCNA2,gene,gene
PLK4,GGI,POLQ,gene,gene
PLK4,GGI,RAD51AP1,gene,gene
PLK4,GGI,NCAPH,gene,gene
PLK4,GGI,ARHGAP11A,gene,gene
PLK4,GGI,MELK,gene,gene
PLK4,GGI,ASPM,gene,gene
PLK4,GGI,BUB1,gene,gene
PLK4,GGI,CDK1,gene,gene
PLK4,GGI,TOP2A,gene,gene
PLK4,GGI,EXO1,gene,gene
PLK4,GGI,KIF14,gene,gene
PLK4,GGI,STIL,gene,gene
PLK4,GGI,DLGAP5,gene,gene
PLK4,GGI,KIF20B,gene,gene
PLK4,GGI,CENPF,gene,gene
PLK4,GGI,PRC1,gene,gene
PLK4,GGI,CHEK1,gene,gene
PLK4,GGI,DTL,gene,gene
PLK4,GGI,XRCC2,gene,gene
PLK4,GGI,SPC25,gene,gene
PLK4,GGI,NUSAP1,gene,gene
PLK4,GGI,HMMR,gene,gene
PLK4,GGI,SKA1,gene,gene
PLK4,GGI,PBK,gene,gene
PLK4,GGI,HJURP,gene,gene
PLK4,GGI,BRCA2,gene,gene
PLK4,GGI,ERCC6L,gene,gene
PLK4,GGI,FBXO5,gene,gene
PLK4,GGI,TPX2,gene,gene
PLK4,GGI,CEP55,gene,gene
PLK4,GGI,SHCBP1,gene,gene
PLK4,GGI,ZWINT,gene,gene
PLK4,GGI,RAD51,gene,gene
PLK4,GGI,MKI67,gene,gene
PLK4,GGI,NEIL3,gene,gene
PLK4,GGI,CENPI,gene,gene
PLK4,GGI,ATAD2,gene,gene
PLK4,GGI,DIAPH3,gene,gene
PLK4,GGI,HELLS,gene,gene
PLK4,GGI,MCM10,gene,gene
PLK4,GGI,WDHD1,gene,gene
PLK4,GGI,CLSPN,gene,gene
PLK4,GGI,KIF4A,gene,gene
PLK4,GGI,CDCA8,gene,gene
PLK4,GGI,NCAPG2,gene,gene
PLK4,GGI,KIF2C,gene,gene
PLK4,GGI,ZWILCH,gene,gene
PLK4,GGI,ATAD5,gene,gene
PLK4,GGI,E2F8,gene,gene
PLK4,GGI,NEK2,gene,gene
PLK4,GGI,BLM,gene,gene
PLK4,GGI,RFC3,gene,gene
PLK4,GGI,ORC6,gene,gene
PLK4,GGI,CCNB2,gene,gene
PLK4,GGI,CDKN3,gene,gene
PLK4,GGI,TRIP13,gene,gene
PLK4,GGI,SPAG5,gene,gene
PLK4,GGI,CDC7,gene,gene
PLK4,GGI,SMC4,gene,gene
PLK4,GGI,RACGAP1,gene,gene
PLK4,GGI,ECT2,gene,gene
PLK4,GGI,SMC2,gene,gene
PLK4,GGI,ORC1,gene,gene
PLK4,GGI,DBF4,gene,gene
PLK4,GGI,BRCA1,gene,gene
PLK4,GGI,CKAP2,gene,gene
PLK4,GGI,RRM1,gene,gene
PLK4,GGI,PRR11,gene,gene
PLK4,GGI,FOXM1,gene,gene
PLK4,GGI,POLE2,gene,gene
PLK4,GGI,HMGB2,gene,gene
PLK4,GGI,MCM4,gene,gene
PLK4,GGI,CCNB1,gene,gene
PLK4,GGI,KIFC1,gene,gene
PLK4,GGI,KNTC1,gene,gene
PLK4,GGI,RRM2,gene,gene
PLK4,GGI,PCLAF,gene,gene
PLK4,GGI,KIF20A,gene,gene
PLK4,GGI,CCNE2,gene,gene
PLK4,GGI,PLK1,gene,gene
PLK4,GGI,AURKA,gene,gene
PLK4,GGI,TRAIP,gene,gene
PLK4,GGI,CENPN,gene,gene
PLK4,GGI,CENPQ,gene,gene
PLK4,GGI,WDR76,gene,gene
PLK4,GGI,CDC45,gene,gene
PLK4,GGI,CIT,gene,gene
PLK4,GGI,DSN1,gene,gene
PLK4,GGI,DSCC1,gene,gene
PLK4,GGI,OIP5,gene,gene
PLK4,GGI,BORA,gene,gene
PLK4,GGI,KIF24,gene,gene
PLK4,GGI,CDC25C,gene,gene
PLK4,GGI,DNA2,gene,gene
PLK4,GGI,CDT1,gene,gene
PLK4,GGI,SUV39H1,gene,gene
PLK4,GGI,CPAP,gene,gene
PLK4,GGI,CDC20,gene,gene
PLK4,GGI,CEP152,gene,gene
PLK4,GGI,CHAF1A,gene,gene
PLK4,GGI,DHFR,gene,gene
PLK4,GGI,CENPA,gene,gene
PLK4,GGI,UBE2C,gene,gene
PLK4,GGI,CDC6,gene,gene
PLK4,GGI,CDC25A,gene,gene
PLK4,GGI,GINS1,gene,gene
PLK4,GGI,VRK1,gene,gene
PLK4,GGI,GTSE1,gene,gene
PLK4,GGI,RAD54L,gene,gene
PLK4,GGI,GMNN,gene,gene
YIF1B,GGI,RABAC1,gene,gene
YIF1B,GGI,MYDGF,gene,gene
YIF1B,GGI,YIPF2,gene,gene
YIF1B,GGI,MPG,gene,gene
YIF1B,GGI,NDUFS7,gene,gene
YIF1B,GGI,COPE,gene,gene
YIF1B,GGI,PSMD8,gene,gene
YIF1B,GGI,YIF1A,gene,gene
YIF1B,GGI,PLD3,gene,gene
YIF1B,GGI,SIRT2,gene,gene
YIF1B,GGI,NUCB1,gene,gene
YIF1B,GGI,TBCB,gene,gene
YIF1B,GGI,SEC13,gene,gene
YIF1B,GGI,QPCTL,gene,gene
JADE2,GGI,CBX7,gene,gene
JADE2,GGI,TCOF1,gene,gene
JADE2,GGI,MEPCE,gene,gene
ARID3A,GGI,ARID3B,gene,gene
ARID3A,GGI,HIC2,gene,gene
TNNI3,GGI,TNNT1,gene,gene
TNNI3,GGI,SYT5,gene,gene
TNNI3,GGI,HRC,gene,gene
ACKR4,GGI,HTR2B,gene,gene
ACKR4,GGI,OMD,gene,gene
ATOX1,GGI,NDUFA2,gene,gene
ATOX1,GGI,UQCRQ,gene,gene
ATOX1,GGI,NDUFA3,gene,gene
ATOX1,GGI,LAMTOR2,gene,gene
ATOX1,GGI,AP2S1,gene,gene
ATOX1,GGI,NEDD8,gene,gene
ATOX1,GGI,ELOB,gene,gene
ATOX1,GGI,ATP6V1F,gene,gene
ATOX1,GGI,UBL5,gene,gene
ATOX1,GGI,ATP5F1E,gene,gene
ATOX1,GGI,UQCR10,gene,gene
ATOX1,GGI,COX6B1,gene,gene
ATOX1,GGI,POLR2L,gene,gene
ATOX1,GGI,ATP5MF,gene,gene
ATOX1,GGI,ATP5ME,gene,gene
ATOX1,GGI,NDUFB2,gene,gene
ATOX1,GGI,NDUFB4,gene,gene
ATOX1,GGI,COX5B,gene,gene
ATOX1,GGI,ATP6V0E1,gene,gene
ATOX1,GGI,UQCR11,gene,gene
ATOX1,GGI,COX8A,gene,gene
ATOX1,GGI,NDUFA1,gene,gene
ATOX1,GGI,NDUFA7,gene,gene
ATOX1,GGI,SF3B5,gene,gene
ATOX1,GGI,PSMB3,gene,gene
ATOX1,GGI,COX6A1,gene,gene
ATOX1,GGI,TMEM258,gene,gene
ATOX1,GGI,ATP5MJ,gene,gene
ATOX1,GGI,NOP10,gene,gene
ATOX1,GGI,SERF2,gene,gene
ATOX1,GGI,NDUFB7,gene,gene
ATOX1,GGI,ATP5PD,gene,gene
ATOX1,GGI,RPL26L1,gene,gene
ATOX1,GGI,C19orf53,gene,gene
ATOX1,GGI,GSTO1,gene,gene
ATOX1,GGI,COX7A2,gene,gene
ATOX1,GGI,SEC61B,gene,gene
ATOX1,GGI,RBX1,gene,gene
ATOX1,GGI,MRPL52,gene,gene
ATOX1,GGI,COX17,gene,gene
ATOX1,GGI,ATP5PF,gene,gene
ATOX1,GGI,NDUFB11,gene,gene
ATOX1,GGI,SLIRP,gene,gene
ATOX1,GGI,GTF2H5,gene,gene
ATOX1,GGI,TMSB10,gene,gene
ATOX1,GGI,NDUFB3,gene,gene
ATOX1,GGI,DYNLRB1,gene,gene
ATOX1,GGI,NDUFA4,gene,gene
ATOX1,GGI,NDUFS6,gene,gene
ATOX1,GGI,PSMB4,gene,gene
ATOX1,GGI,TXN,gene,gene
ATOX1,GGI,RPS28,gene,gene
ATOX1,GGI,NDUFB1,gene,gene
ATOX1,GGI,ZNHIT1,gene,gene
ATOX1,GGI,SNRPD2,gene,gene
ATOX1,GGI,COX7C,gene,gene
ATOX1,GGI,POLR2I,gene,gene
ATOX1,GGI,POLR2J,gene,gene
ATOX1,GGI,POMP,gene,gene
ATOX1,GGI,ATP5MC3,gene,gene
ATOX1,GGI,PSME2,gene,gene
ATOX1,GGI,NENF,gene,gene
ATOX1,GGI,CSTB,gene,gene
ATOX1,GGI,CUTA,gene,gene
ATOX1,GGI,NPC2,gene,gene
ATOX1,GGI,NDUFC1,gene,gene
ATOX1,GGI,COX6C,gene,gene
ATOX1,GGI,SPCS1,gene,gene
GRIK3,GGI,PCSK2,gene,gene
GRIK3,GGI,ADGRB1,gene,gene
GRIK3,GGI,PMP2,gene,gene
GRIK3,GGI,KLHDC8A,gene,gene
GRIK3,GGI,DCX,gene,gene
XRCC3,GGI,TONSL,gene,gene
XRCC3,GGI,POLD1,gene,gene
XRCC3,GGI,RECQL4,gene,gene
XRCC3,GGI,TELO2,gene,gene
XRCC3,GGI,HAUS5,gene,gene
XRCC3,GGI,NDOR1,gene,gene
XRCC3,GGI,CDCA4,gene,gene
XRCC3,GGI,TRMT61A,gene,gene
XRCC3,GGI,SIVA1,gene,gene
XRCC3,GGI,CDT1,gene,gene
XRCC3,GGI,MUTYH,gene,gene
XRCC3,GGI,FANCG,gene,gene
XRCC3,GGI,CEP72,gene,gene
XRCC3,GGI,PKMYT1,gene,gene
XRCC3,GGI,RFC5,gene,gene
XRCC3,GGI,IQCC,gene,gene
XRCC3,GGI,HAUS7,gene,gene
XRCC3,GGI,E2F1,gene,gene
XRCC3,GGI,NCAPH2,gene,gene
XRCC3,GGI,LIG1,gene,gene
XRCC3,GGI,POLE,gene,gene
XRCC3,GGI,PASK,gene,gene
XRCC3,GGI,TRAIP,gene,gene
XRCC3,GGI,MCM2,gene,gene
XRCC3,GGI,CHAF1A,gene,gene
XRCC3,GGI,DCAF15,gene,gene
XRCC3,GGI,WDHD1,gene,gene
XRCC3,GGI,MCM5,gene,gene
XRCC3,GGI,RAD54L,gene,gene
XRCC3,GGI,TEDC2,gene,gene
XRCC3,GGI,RAD9A,gene,gene
XRCC3,GGI,ATAD3A,gene,gene
XRCC3,GGI,THOP1,gene,gene
XRCC3,GGI,DDX11,gene,gene
XRCC3,GGI,C1orf159,gene,gene
XRCC3,GGI,MCM7,gene,gene
XRCC3,GGI,POLA2,gene,gene
XRCC3,GGI,CCHCR1,gene,gene
BAMBI,GGI,MSX2,gene,gene
TTI1,GGI,CSTF1,gene,gene
TTI1,GGI,NUP155,gene,gene
TTI1,GGI,DHX35,gene,gene
TTI1,GGI,CSE1L,gene,gene
TTI1,GGI,DARS2,gene,gene
TTI1,GGI,ZSWIM1,gene,gene
TTI1,GGI,RBL1,gene,gene
TTI1,GGI,POLA2,gene,gene
TTI1,GGI,DROSHA,gene,gene
TTI1,GGI,TRPC4AP,gene,gene
TTI1,GGI,PIK3R4,gene,gene
TTI1,GGI,TOP3A,gene,gene
TTI1,GGI,WDCP,gene,gene
TTI1,GGI,IPO9,gene,gene
TTI1,GGI,RAE1,gene,gene
TTI1,GGI,SF3B3,gene,gene
TTI1,GGI,NCAPD3,gene,gene
TTI1,GGI,NFS1,gene,gene
TTI1,GGI,AAR2,gene,gene
TTI1,GGI,TM9SF4,gene,gene
TTI1,GGI,NUP85,gene,gene
TTI1,GGI,RALGAPB,gene,gene
TTI1,GGI,GART,gene,gene
TTI1,GGI,DSN1,gene,gene
TTI1,GGI,DCAF1,gene,gene
TTI1,GGI,INTS9,gene,gene
TTI1,GGI,NUP205,gene,gene
TTI1,GGI,LARS2,gene,gene
TTI1,GGI,ELMO2,gene,gene
TTI1,GGI,RFWD3,gene,gene
TTI1,GGI,CTNNBL1,gene,gene
TTI1,GGI,LIG3,gene,gene
TTI1,GGI,APEX2,gene,gene
TTI1,GGI,CDKAL1,gene,gene
TTI1,GGI,UQCC1,gene,gene
TTI1,GGI,TCOF1,gene,gene
TTI1,GGI,RPAP1,gene,gene
TTI1,GGI,GPATCH1,gene,gene
TTI1,GGI,DIDO1,gene,gene
TTI1,GGI,TUBGCP4,gene,gene
TTI1,GGI,INTS7,gene,gene
TTI1,GGI,NUP160,gene,gene
TTI1,GGI,POLA1,gene,gene
TTI1,GGI,ZNF473,gene,gene
TTI1,GGI,MOCS3,gene,gene
TTI1,GGI,PRPF4,gene,gene
TTI1,GGI,NAT10,gene,gene
SNRPB,GGI,IDH3B,gene,gene
SNRPB,GGI,ITPA,gene,gene
SNRPB,GGI,SNRPB2,gene,gene
SNRPB,GGI,EIF6,gene,gene
SNRPB,GGI,ILF2,gene,gene
SNRPB,GGI,PRMT1,gene,gene
SNRPB,GGI,EIF4A3,gene,gene
SNRPB,GGI,PTBP1,gene,gene
SNRPB,GGI,NOP56,gene,gene
SNRPB,GGI,DDX39A,gene,gene
SNRPB,GGI,FBL,gene,gene
SNRPB,GGI,NXT1,gene,gene
SNRPB,GGI,PSMB3,gene,gene
SNRPB,GGI,XRCC6,gene,gene
SNRPB,GGI,PUF60,gene,gene
SNRPB,GGI,NSFL1C,gene,gene
SNRPB,GGI,PSMB6,gene,gene
SNRPB,GGI,SNRPC,gene,gene
SNRPB,GGI,SNRPA,gene,gene
SNRPB,GGI,RNPS1,gene,gene
SNRPB,GGI,HNRNPK,gene,gene
SNRPB,GGI,U2AF2,gene,gene
SNRPB,GGI,RALY,gene,gene
SNRPB,GGI,ADRM1,gene,gene
SNRPB,GGI,PCNA,gene,gene
SNRPB,GGI,PSMC4,gene,gene
SNRPB,GGI,PRPF19,gene,gene
SNRPB,GGI,RAE1,gene,gene
SNRPB,GGI,ERH,gene,gene
SNRPB,GGI,PSMA7,gene,gene
SNRPB,GGI,UXT,gene,gene
SNRPB,GGI,FASTKD5,gene,gene
SNRPB,GGI,TRMT112,gene,gene
SNRPB,GGI,CFL1,gene,gene
SNRPB,GGI,SRSF3,gene,gene
SNRPB,GGI,HNRNPL,gene,gene
SNRPB,GGI,TIMM50,gene,gene
SNRPB,GGI,PSMD8,gene,gene
SNRPB,GGI,TUBA1B,gene,gene
SNRPB,GGI,ENO1,gene,gene
SNRPB,GGI,OTUB1,gene,gene
SNRPB,GGI,SAE1,gene,gene
SNRPB,GGI,ILF3,gene,gene
SNRPB,GGI,SIVA1,gene,gene
SNRPB,GGI,ABT1,gene,gene
SNRPB,GGI,FKBP1A,gene,gene
SNRPB,GGI,RAN,gene,gene
SNRPB,GGI,DHX15,gene,gene
SNRPB,GGI,MAPRE1,gene,gene
SNRPB,GGI,EIF4H,gene,gene
SNRPB,GGI,AAR2,gene,gene
SNRPB,GGI,TRIM28,gene,gene
SNRPB,GGI,HNRNPM,gene,gene
SNRPB,GGI,RFC2,gene,gene
CTSL,GGI,CTSB,gene,gene
CTSL,GGI,HMOX1,gene,gene
CTSL,GGI,PSAP,gene,gene
CTSL,GGI,CDK20,gene,gene
CTSL,GGI,SMPDL3A,gene,gene
CTSL,GGI,CD63,gene,gene
CTSL,GGI,HEXB,gene,gene
CYP46A1,GGI,GPR88,gene,gene
HOXB2,GGI,HOXB3,gene,gene
HOXB2,GGI,HOXB6,gene,gene
HOXB2,GGI,HOXB5,gene,gene
HOXB2,GGI,HOXB7,gene,gene
HOXB2,GGI,HOXB8,gene,gene
HOXB2,GGI,HOXB9,gene,gene
HOXB2,GGI,HOXA4,gene,gene
HOXB2,GGI,SKAP1,gene,gene
HOXB2,GGI,HOXA2,gene,gene
HOXB2,GGI,HOXA3,gene,gene
HOXB2,GGI,HOXC4,gene,gene
HOXB2,GGI,HOXA5,gene,gene
TMEM186,GGI,METTL13,gene,gene
TMEM186,GGI,ZSCAN32,gene,gene
TMEM186,GGI,KNOP1,gene,gene
TMEM186,GGI,MED18,gene,gene
TMEM186,GGI,TRMT12,gene,gene
TMEM186,GGI,DNAJA3,gene,gene
TMEM186,GGI,TWNK,gene,gene
TMEM186,GGI,GEMIN6,gene,gene
TMEM186,GGI,CCDC51,gene,gene
TMEM186,GGI,SDHAF1,gene,gene
TMEM186,GGI,OXSM,gene,gene
TMEM186,GGI,ZNF174,gene,gene
TMEM186,GGI,POLR3K,gene,gene
TMEM186,GGI,PAAF1,gene,gene
TMEM186,GGI,BOLA1,gene,gene
TMEM186,GGI,RPUSD2,gene,gene
TMEM186,GGI,MRM2,gene,gene
TMEM186,GGI,MRPL46,gene,gene
TMEM186,GGI,MRPS18B,gene,gene
TMEM186,GGI,REXO4,gene,gene
TMEM186,GGI,IMP3,gene,gene
TMEM186,GGI,NDUFAB1,gene,gene
TMEM186,GGI,UMPS,gene,gene
TMEM186,GGI,SEPHS2,gene,gene
TMEM186,GGI,ERCC4,gene,gene
TMEM186,GGI,TIMM8A,gene,gene
TMEM186,GGI,COQ9,gene,gene
TMEM186,GGI,PTRH2,gene,gene
TMEM186,GGI,MOCS3,gene,gene
USP24,GGI,BLTP1,gene,gene
USP24,GGI,HERC1,gene,gene
USP24,GGI,FRYL,gene,gene
USP24,GGI,VPS13C,gene,gene
USP24,GGI,PIKFYVE,gene,gene
USP24,GGI,RANBP2,gene,gene
USP24,GGI,MDN1,gene,gene
USP24,GGI,USP34,gene,gene
USP24,GGI,TRIP12,gene,gene
USP24,GGI,UBR5,gene,gene
USP24,GGI,VPS13D,gene,gene
USP24,GGI,MTOR,gene,gene
USP24,GGI,ZMYM4,gene,gene
USP24,GGI,TUT4,gene,gene
USP24,GGI,SETD2,gene,gene
USP24,GGI,CLASP1,gene,gene
USP24,GGI,ANKRD17,gene,gene
USP24,GGI,USP33,gene,gene
USP24,GGI,UBR4,gene,gene
USP24,GGI,VPS13B,gene,gene
USP24,GGI,ZNF407,gene,gene
USP24,GGI,CNOT1,gene,gene
USP24,GGI,YTHDC2,gene,gene
USP24,GGI,PDS5A,gene,gene
USP24,GGI,INO80D,gene,gene
USP24,GGI,MYCBP2,gene,gene
USP24,GGI,XPO4,gene,gene
USP24,GGI,TRIM33,gene,gene
USP24,GGI,ATAD2B,gene,gene
USP24,GGI,MED13,gene,gene
USP24,GGI,HERC2,gene,gene
USP24,GGI,ARFGEF2,gene,gene
USP24,GGI,PCM1,gene,gene
USP24,GGI,VPS13A,gene,gene
USP24,GGI,SMG1,gene,gene
USP24,GGI,PCNX1,gene,gene
USP24,GGI,CEP192,gene,gene
USP24,GGI,KAT6A,gene,gene
USP24,GGI,ATR,gene,gene
USP24,GGI,HIPK1,gene,gene
USP24,GGI,PUM2,gene,gene
USP24,GGI,ANAPC1,gene,gene
USP24,GGI,PBRM1,gene,gene
USP24,GGI,KIDINS220,gene,gene
USP24,GGI,PIK3C2A,gene,gene
USP24,GGI,NF1,gene,gene
USP24,GGI,ICE1,gene,gene
USP24,GGI,KMT2A,gene,gene
USP24,GGI,HELZ,gene,gene
USP24,GGI,SZT2,gene,gene
USP24,GGI,TNKS2,gene,gene
USP24,GGI,HEATR1,gene,gene
USP24,GGI,SPG11,gene,gene
USP24,GGI,DMXL1,gene,gene
USP24,GGI,ACACA,gene,gene
USP24,GGI,ITSN2,gene,gene
USP24,GGI,CEP350,gene,gene
USP24,GGI,IPO8,gene,gene
USP24,GGI,NCOA2,gene,gene
USP24,GGI,TNKS,gene,gene
USP24,GGI,HUWE1,gene,gene
USP24,GGI,USP9X,gene,gene
USP24,GGI,OTUD4,gene,gene
USP24,GGI,PHIP,gene,gene
USP24,GGI,SMCHD1,gene,gene
USP24,GGI,DYNC1H1,gene,gene
RABEP1,GGI,NCOR1,gene,gene
RABEP1,GGI,MAP2K4,gene,gene
RABEP1,GGI,PTPN11,gene,gene
RABEP1,GGI,VPS53,gene,gene
RABEP1,GGI,BAZ1B,gene,gene
RABEP1,GGI,NCBP3,gene,gene
RABEP1,GGI,ZC3H13,gene,gene
RABEP1,GGI,PCM1,gene,gene
RABEP1,GGI,FXR2,gene,gene
RABEP1,GGI,EEA1,gene,gene
RABEP1,GGI,C1QBP,gene,gene
RABEP1,GGI,KTN1,gene,gene
RABEP1,GGI,ZMYND11,gene,gene
CRABP2,GGI,MDK,gene,gene
CRABP2,GGI,PCOLCE,gene,gene
UFM1,GGI,GOLT1B,gene,gene
UFM1,GGI,ATG12,gene,gene
UFM1,GGI,DNAJC3,gene,gene
UFM1,GGI,DIS3,gene,gene
UFM1,GGI,ARL1,gene,gene
UFM1,GGI,TMED7,gene,gene
UFM1,GGI,SPCS3,gene,gene
UFM1,GGI,LIN7C,gene,gene
UFM1,GGI,ALG5,gene,gene
UFM1,GGI,TMED2,gene,gene
UFM1,GGI,SSR3,gene,gene
UFM1,GGI,TMED5,gene,gene
UFM1,GGI,ARF4,gene,gene
UFM1,GGI,ACBD3,gene,gene
UFM1,GGI,DNAJB9,gene,gene
UFM1,GGI,HSPA13,gene,gene
UFM1,GGI,TGDS,gene,gene
UFM1,GGI,COPB1,gene,gene
UFM1,GGI,SERP1,gene,gene
UFM1,GGI,USPL1,gene,gene
UFM1,GGI,MTMR6,gene,gene
UFM1,GGI,SAP18,gene,gene
UFM1,GGI,RNF6,gene,gene
UFM1,GGI,SSR1,gene,gene
UFM1,GGI,UCHL3,gene,gene
UFM1,GGI,GPALPP1,gene,gene
UFM1,GGI,TRAM1,gene,gene
UFM1,GGI,MED4,gene,gene
UFM1,GGI,SEC61B,gene,gene
UFM1,GGI,PGM3,gene,gene
UFM1,GGI,FKBP14,gene,gene
UFM1,GGI,YIPF5,gene,gene
UFM1,GGI,FAM204A,gene,gene
UFM1,GGI,RAB5A,gene,gene
UFM1,GGI,ARMCX3,gene,gene
UFM1,GGI,ERP44,gene,gene
UFM1,GGI,RAB33B,gene,gene
UFM1,GGI,MCFD2,gene,gene
UFM1,GGI,GMFB,gene,gene
UFM1,GGI,LIG4,gene,gene
UFM1,GGI,TMED10,gene,gene
UFM1,GGI,SIKE1,gene,gene
UFM1,GGI,TWF1,gene,gene
UFM1,GGI,USP12,gene,gene
UFM1,GGI,SAR1A,gene,gene
UFM1,GGI,IER3IP1,gene,gene
UFM1,GGI,LMAN1,gene,gene
UFM1,GGI,GFPT1,gene,gene
UFM1,GGI,TPT1,gene,gene
UFM1,GGI,DYNLT3,gene,gene
UFM1,GGI,SEC61A1,gene,gene
UFM1,GGI,KDELR2,gene,gene
UFM1,GGI,UBL3,gene,gene
UFM1,GGI,EXOSC8,gene,gene
UFM1,GGI,TMF1,gene,gene
UFM1,GGI,RAB6A,gene,gene
UFM1,GGI,SEC61G,gene,gene
UFM1,GGI,BET1,gene,gene
UFM1,GGI,CLN5,gene,gene
UFM1,GGI,VAMP7,gene,gene
UFM1,GGI,MORF4L2,gene,gene
UFM1,GGI,COQ10B,gene,gene
UFM1,GGI,SLC33A1,gene,gene
UFM1,GGI,SAR1B,gene,gene
UFM1,GGI,SEC63,gene,gene
DMBT1,GGI,REG3A,gene,gene
DMBT1,GGI,PLEKHS1,gene,gene
DMBT1,GGI,REG1B,gene,gene
DMBT1,GGI,PIGR,gene,gene
DMBT1,GGI,MUC2,gene,gene
RGS7,GGI,ATP8A2,gene,gene
PPP1R13B,GGI,CEP170B,gene,gene
PPP1R13B,GGI,MID2,gene,gene
PPP1R13B,GGI,MAP3K9,gene,gene
PPP1R13B,GGI,RCOR1,gene,gene
CD27,GGI,SIT1,gene,gene
CD27,GGI,SIRPG,gene,gene
CD27,GGI,LCK,gene,gene
CD27,GGI,CD79A,gene,gene
CD27,GGI,CD3E,gene,gene
CD27,GGI,CD5,gene,gene
CD27,GGI,CD6,gene,gene
CD27,GGI,POU2AF1,gene,gene
CD27,GGI,LAX1,gene,gene
CD27,GGI,CD3D,gene,gene
CD27,GGI,CD3G,gene,gene
CD27,GGI,FCMR,gene,gene
CD27,GGI,MZB1,gene,gene
CD27,GGI,UBASH3A,gene,gene
CD27,GGI,LY9,gene,gene
CD27,GGI,PTPRCAP,gene,gene
CD27,GGI,CD28,gene,gene
CD27,GGI,CD247,gene,gene
CD27,GGI,CD2,gene,gene
CD27,GGI,ACAP1,gene,gene
CD27,GGI,CD8B,gene,gene
CD27,GGI,CD79B,gene,gene
CD27,GGI,LTB,gene,gene
CD27,GGI,TRAT1,gene,gene
CD27,GGI,IKZF3,gene,gene
CD27,GGI,CXCR3,gene,gene
CD27,GGI,CCR7,gene,gene
CD27,GGI,GZMK,gene,gene
CD27,GGI,CD7,gene,gene
CD27,GGI,PNOC,gene,gene
CD27,GGI,CD8A,gene,gene
CD27,GGI,P2RY10,gene,gene
CD27,GGI,VAMP1,gene,gene
CD27,GGI,JCHAIN,gene,gene
CD27,GGI,FOXP3,gene,gene
CD27,GGI,CD52,gene,gene
CD27,GGI,RHOH,gene,gene
CD27,GGI,TESPA1,gene,gene
CD27,GGI,ITGB7,gene,gene
CD27,GGI,MAP4K1,gene,gene
CD27,GGI,IL16,gene,gene
CD27,GGI,TNFRSF17,gene,gene
CD27,GGI,ZAP70,gene,gene
CD27,GGI,ICOS,gene,gene
CD27,GGI,TNFRSF13B,gene,gene
CD27,GGI,SPOCK2,gene,gene
CD27,GGI,TRAF3IP3,gene,gene
CD27,GGI,CD37,gene,gene
CD27,GGI,ITK,gene,gene
ATP13A3,GGI,SENP5,gene,gene
ATP13A3,GGI,TFRC,gene,gene
ATP13A3,GGI,ATP11B,gene,gene
ATP13A3,GGI,OPA1,gene,gene
ATP13A3,GGI,PTPN11,gene,gene
ATP13A3,GGI,RANBP2,gene,gene
ATP13A3,GGI,ATP2A2,gene,gene
ATP13A3,GGI,FNDC3B,gene,gene
ATP13A3,GGI,PRKCI,gene,gene
ATP13A3,GGI,RASA2,gene,gene
ATP13A3,GGI,NUP58,gene,gene
ATP13A3,GGI,UGCG,gene,gene
ATP13A3,GGI,UBA6,gene,gene
ATP13A3,GGI,DLG1,gene,gene
ATP13A3,GGI,ARFGEF2,gene,gene
ATP13A3,GGI,TM9SF3,gene,gene
ATP13A3,GGI,SEC24A,gene,gene
ATP13A3,GGI,TGFBR1,gene,gene
ATP13A3,GGI,ACSL4,gene,gene
ATP13A3,GGI,LTN1,gene,gene
ATP13A3,GGI,BACH1,gene,gene
ATP13A3,GGI,EDEM3,gene,gene
ATP13A3,GGI,SEL1L,gene,gene
RAD51D,GGI,TADA2A,gene,gene
RAD51D,GGI,MRM1,gene,gene
RAD51D,GGI,NLE1,gene,gene
RAD51D,GGI,FN3KRP,gene,gene
RAD51D,GGI,WDR76,gene,gene
RAD51D,GGI,HAUS5,gene,gene
CSF3R,GGI,MNDA,gene,gene
CSF3R,GGI,LILRA2,gene,gene
CSF3R,GGI,SLC11A1,gene,gene
CSF3R,GGI,FPR1,gene,gene
CSF3R,GGI,ADGRG3,gene,gene
CSF3R,GGI,CXCR2,gene,gene
CSF3R,GGI,LILRB2,gene,gene
CSF3R,GGI,CXCR1,gene,gene
CSF3R,GGI,ADGRE3,gene,gene
CSF3R,GGI,TREM1,gene,gene
CSF3R,GGI,SPI1,gene,gene
CSF3R,GGI,MEFV,gene,gene
CSF3R,GGI,FCGR3B,gene,gene
CSF3R,GGI,FPR2,gene,gene
CSF3R,GGI,S100A9,gene,gene
CSF3R,GGI,P2RY13,gene,gene
CSF3R,GGI,TYROBP,gene,gene
CSF3R,GGI,FFAR2,gene,gene
CSF3R,GGI,LILRA1,gene,gene
CSF3R,GGI,S100A8,gene,gene
CSF3R,GGI,ITGAX,gene,gene
CSF3R,GGI,MYO1F,gene,gene
CSF3R,GGI,CSF2RB,gene,gene
CSF3R,GGI,CLEC4E,gene,gene
CSF3R,GGI,SIGLEC5,gene,gene
CSF3R,GGI,CEACAM3,gene,gene
CSF3R,GGI,LILRA5,gene,gene
CSF3R,GGI,S100A12,gene,gene
CSF3R,GGI,C5AR1,gene,gene
CSF3R,GGI,HK3,gene,gene
CSF3R,GGI,FCGR2A,gene,gene
CSF3R,GGI,SIGLEC9,gene,gene
CSF3R,GGI,NCF4,gene,gene
CSF3R,GGI,FCN1,gene,gene
CSF3R,GGI,TLR8,gene,gene
CSF3R,GGI,AQP9,gene,gene
CSF3R,GGI,HCK,gene,gene
CSF3R,GGI,RNASE2,gene,gene
CSF3R,GGI,NFE2,gene,gene
CSF3R,GGI,TNFRSF10C,gene,gene
CSF3R,GGI,CSF2RA,gene,gene
CSF3R,GGI,PILRA,gene,gene
CSF3R,GGI,CLEC7A,gene,gene
CSF3R,GGI,HAL,gene,gene
CSF3R,GGI,PADI4,gene,gene
CSF3R,GGI,CR1,gene,gene
CSF3R,GGI,CD300A,gene,gene
CSF3R,GGI,LST1,gene,gene
CSF3R,GGI,OSM,gene,gene
CSF3R,GGI,ADGRE2,gene,gene
CSF3R,GGI,BEST1,gene,gene
CSF3R,GGI,ALOX5,gene,gene
CSF3R,GGI,DPEP2,gene,gene
CSF3R,GGI,IGSF6,gene,gene
CSF3R,GGI,FGR,gene,gene
CSF3R,GGI,WAS,gene,gene
CSF3R,GGI,ITGB2,gene,gene
CSF3R,GGI,APOBEC3A,gene,gene
CSF3R,GGI,SERPINA1,gene,gene
CSF3R,GGI,APOBR,gene,gene
CSF3R,GGI,NCF2,gene,gene
MED6,GGI,NGDN,gene,gene
MED6,GGI,SNW1,gene,gene
MED6,GGI,ALKBH1,gene,gene
MED6,GGI,RAE1,gene,gene
MED6,GGI,PSMC1,gene,gene
MED6,GGI,FCF1,gene,gene
MED6,GGI,EAPP,gene,gene
MED6,GGI,NRDE2,gene,gene
MED6,GGI,ZNF410,gene,gene
MED6,GGI,PPP4R3A,gene,gene
MED6,GGI,PSMC6,gene,gene
MED6,GGI,CCNK,gene,gene
MED6,GGI,EIF2B2,gene,gene
MED6,GGI,EIF2S1,gene,gene
MED6,GGI,MNAT1,gene,gene
MED6,GGI,KIN,gene,gene
MED6,GGI,ATG14,gene,gene
MED6,GGI,DIABLO,gene,gene
MED6,GGI,SRP54,gene,gene
MED6,GGI,ERH,gene,gene
MED6,GGI,DLST,gene,gene
MED6,GGI,SMU1,gene,gene
MED6,GGI,PSMA3,gene,gene
MED6,GGI,MRPS22,gene,gene
MED6,GGI,TFIP11,gene,gene
MED6,GGI,YLPM1,gene,gene
MED6,GGI,RBM48,gene,gene
MED6,GGI,COX16,gene,gene
MED6,GGI,SRSF5,gene,gene
MED6,GGI,VCPKMT,gene,gene
MED6,GGI,VPS33A,gene,gene
MED6,GGI,DDX24,gene,gene
MED6,GGI,BAG5,gene,gene
MED6,GGI,SNIP1,gene,gene
MED6,GGI,RAD51B,gene,gene
MED6,GGI,TTF1,gene,gene
MED6,GGI,MBIP,gene,gene
MED6,GGI,ECD,gene,gene
MED6,GGI,EIF5,gene,gene
MED6,GGI,MED4,gene,gene
MED6,GGI,COIL,gene,gene
MED6,GGI,TAF11,gene,gene
MED6,GGI,PIGH,gene,gene
MED6,GGI,CHD8,gene,gene
MED6,GGI,MAIP1,gene,gene
MED6,GGI,MFAP1,gene,gene
MED6,GGI,RTRAF,gene,gene
MED6,GGI,CLP1,gene,gene
MED6,GGI,TRMT5,gene,gene
MED6,GGI,FKBP3,gene,gene
MED6,GGI,NUP54,gene,gene
MED6,GGI,ABT1,gene,gene
MED6,GGI,AHSA1,gene,gene
MED6,GGI,GOSR1,gene,gene
MED6,GGI,AREL1,gene,gene
MED6,GGI,RBM22,gene,gene
MED6,GGI,AP4S1,gene,gene
NADSYN1,GGI,DPP3,gene,gene
NADSYN1,GGI,CDK5RAP3,gene,gene
NADSYN1,GGI,PFKL,gene,gene
NADSYN1,GGI,CORO1B,gene,gene
NADSYN1,GGI,SIRT7,gene,gene
NADSYN1,GGI,VPS16,gene,gene
NADSYN1,GGI,TCIRG1,gene,gene
NADSYN1,GGI,ACAD10,gene,gene
NADSYN1,GGI,MAN2B1,gene,gene
NADSYN1,GGI,AP1G2,gene,gene
NADSYN1,GGI,BRMS1,gene,gene
NADSYN1,GGI,GSTK1,gene,gene
NADSYN1,GGI,HPS1,gene,gene
NADSYN1,GGI,ANKZF1,gene,gene
NADSYN1,GGI,DDB2,gene,gene
NADSYN1,GGI,MAN2C1,gene,gene
NADSYN1,GGI,ARAP1,gene,gene
NADSYN1,GGI,CHFR,gene,gene
NADSYN1,GGI,PHKG2,gene,gene
NADSYN1,GGI,CAPN1,gene,gene
MTHFSD,GGI,COG4,gene,gene
MTHFSD,GGI,CDK10,gene,gene
MTHFSD,GGI,SPG7,gene,gene
MTHFSD,GGI,CHMP1A,gene,gene
MTHFSD,GGI,MEAK7,gene,gene
MTHFSD,GGI,MKS1,gene,gene
MTHFSD,GGI,ZNF276,gene,gene
MTHFSD,GGI,PRMT7,gene,gene
MTHFSD,GGI,GAS8,gene,gene
MTHFSD,GGI,POLL,gene,gene
MTHFSD,GGI,ZDHHC7,gene,gene
MTHFSD,GGI,DNASE1,gene,gene
MTHFSD,GGI,TAF1C,gene,gene
MTHFSD,GGI,BANP,gene,gene
MTHFSD,GGI,TAB1,gene,gene
MTHFSD,GGI,DET1,gene,gene
MEG3,GGI,DLK1,gene,gene
PPP2R3C,GGI,SNX6,gene,gene
PPP2R3C,GGI,CGRRF1,gene,gene
PPP2R3C,GGI,PSMA6,gene,gene
PPP2R3C,GGI,BBIP1,gene,gene
PPP2R3C,GGI,SCFD1,gene,gene
PPP2R3C,GGI,CYB5R4,gene,gene
PPP2R3C,GGI,ACTR10,gene,gene
PPP2R3C,GGI,CCDC90B,gene,gene
PPP2R3C,GGI,MICU2,gene,gene
PPP2R3C,GGI,PSMC6,gene,gene
PPP2R3C,GGI,PAPOLA,gene,gene
PPP2R3C,GGI,DYNC1LI1,gene,gene
PPP2R3C,GGI,RTRAF,gene,gene
PPP2R3C,GGI,TIMM9,gene,gene
PPP2R3C,GGI,LARP7,gene,gene
PPP2R3C,GGI,COMMD8,gene,gene
PPP2R3C,GGI,SNW1,gene,gene
PPP2R3C,GGI,USP16,gene,gene
TMEM176A,GGI,TMEM176B,gene,gene
TMEM176A,GGI,AOC1,gene,gene
TMEM176A,GGI,C1QB,gene,gene
TMEM176A,GGI,C1QA,gene,gene
TMEM176A,GGI,CYP27A1,gene,gene
TMEM176A,GGI,CD14,gene,gene
AKAP3,GGI,CFAP70,gene,gene
AKAP3,GGI,KDM4D,gene,gene
AKAP3,GGI,DNAH6,gene,gene
AKAP3,GGI,DNAI4,gene,gene
EGFR,GGI,OSMR,gene,gene
EGFR,GGI,THSD4,gene,gene
EGFR,GGI,PTPN14,gene,gene
RAP2A,GGI,RAB6A,gene,gene
RAP2A,GGI,EXOC5,gene,gene
RAP2A,GGI,PANK3,gene,gene
RAP2A,GGI,CDK8,gene,gene
RAP2A,GGI,MBNL2,gene,gene
RAP2A,GGI,ARL5A,gene,gene
ADISSP,GGI,BOP1,gene,gene
ADISSP,GGI,TRMT61A,gene,gene
ADISSP,GGI,FKBP1A,gene,gene
ADISSP,GGI,IMPDH1,gene,gene
ADISSP,GGI,SLC19A1,gene,gene
ADISSP,GGI,CENPB,gene,gene
ADISSP,GGI,POLR2E,gene,gene
ADISSP,GGI,GTPBP3,gene,gene
ADISSP,GGI,CD320,gene,gene
ADISSP,GGI,APRT,gene,gene
DNASE2,GGI,HEXB,gene,gene
DNASE2,GGI,PSAP,gene,gene
DNASE2,GGI,GLB1,gene,gene
DNASE2,GGI,ERP29,gene,gene
DNASE2,GGI,MAN2B1,gene,gene
DNASE2,GGI,CTSD,gene,gene
DNASE2,GGI,HEXA,gene,gene
DNASE2,GGI,ATP6AP1,gene,gene
DNASE2,GGI,FUCA1,gene,gene
DNASE2,GGI,GRN,gene,gene
DNASE2,GGI,BLVRB,gene,gene
DNASE2,GGI,PLD3,gene,gene
DNASE2,GGI,CRTAP,gene,gene
DNASE2,GGI,NUPR1,gene,gene
DNASE2,GGI,MANBA,gene,gene
DNASE2,GGI,MAN1B1,gene,gene
DNASE2,GGI,GNS,gene,gene
DNASE2,GGI,SCPEP1,gene,gene
DNASE2,GGI,NAGLU,gene,gene
DNASE2,GGI,NPC2,gene,gene
DNASE2,GGI,GM2A,gene,gene
DNASE2,GGI,CTSB,gene,gene
SEMA4F,GGI,ENTPD6,gene,gene
SEMA4F,GGI,EXT2,gene,gene
GIT2,GGI,USP4,gene,gene
GIT2,GGI,FKBP15,gene,gene
GIT2,GGI,SYNRG,gene,gene
GIT2,GGI,APAF1,gene,gene
GIT2,GGI,MAPK14,gene,gene
GIT2,GGI,ASB8,gene,gene
GIT2,GGI,MAP3K3,gene,gene
GIT2,GGI,UBE3B,gene,gene
GIT2,GGI,BRAP,gene,gene
GIT2,GGI,EPS15L1,gene,gene
PTGER2,GGI,PTGDR,gene,gene
COLEC10,GGI,TNFRSF11B,gene,gene
COLEC10,GGI,CHRM2,gene,gene
MED24,GGI,PSMD3,gene,gene
MED24,GGI,ERAL1,gene,gene
MED24,GGI,SYMPK,gene,gene
MED24,GGI,TMEM94,gene,gene
MED24,GGI,RPAP1,gene,gene
MED24,GGI,GPS1,gene,gene
MED24,GGI,USP5,gene,gene
MED24,GGI,HCFC1,gene,gene
MED24,GGI,NUP188,gene,gene
MED24,GGI,KAT2A,gene,gene
MED24,GGI,BAP1,gene,gene
MED24,GGI,STARD3,gene,gene
MED24,GGI,NMT1,gene,gene
MED24,GGI,EDC4,gene,gene
MED24,GGI,GTF3C2,gene,gene
MED24,GGI,GTF3C1,gene,gene
MED24,GGI,ELAC2,gene,gene
MED24,GGI,POLDIP2,gene,gene
MED24,GGI,TSC2,gene,gene
MED24,GGI,PPP2R1A,gene,gene
MED24,GGI,DNAJC11,gene,gene
MED24,GGI,MED1,gene,gene
MED24,GGI,LARS2,gene,gene
MED24,GGI,LIG3,gene,gene
MED24,GGI,AP2B1,gene,gene
MED24,GGI,COASY,gene,gene
MED24,GGI,SMARCA4,gene,gene
MED24,GGI,GCN1,gene,gene
MED24,GGI,CASC3,gene,gene
MED24,GGI,DCTN1,gene,gene
MED24,GGI,TUBG1,gene,gene
MED24,GGI,PPP5C,gene,gene
MED24,GGI,EXOSC10,gene,gene
MED24,GGI,PIP4K2B,gene,gene
MED24,GGI,TNPO2,gene,gene
MED24,GGI,ACLY,gene,gene
MED24,GGI,CPSF1,gene,gene
MED24,GGI,PRPF8,gene,gene
MED24,GGI,DDX52,gene,gene
MED24,GGI,VARS1,gene,gene
MED24,GGI,CABIN1,gene,gene
MED24,GGI,SARS2,gene,gene
MED24,GGI,PELP1,gene,gene
MED24,GGI,MED16,gene,gene
MED24,GGI,SNRNP200,gene,gene
MED24,GGI,CCAR2,gene,gene
MED24,GGI,TARS2,gene,gene
MED24,GGI,GTF3C5,gene,gene
MED24,GGI,PPP2R5D,gene,gene
MED24,GGI,AP1B1,gene,gene
PLEKHO1,GGI,LIMD2,gene,gene
BCKDHB,GGI,ALDH6A1,gene,gene
BCKDHB,GGI,MCCC1,gene,gene
BCKDHB,GGI,PCCB,gene,gene
BCKDHB,GGI,PCCA,gene,gene
BCKDHB,GGI,ACADSB,gene,gene
BCKDHB,GGI,PDSS2,gene,gene
BCKDHB,GGI,MMUT,gene,gene
BCKDHB,GGI,MCCC2,gene,gene
BCKDHB,GGI,SUCLG2,gene,gene
BCKDHB,GGI,GCDH,gene,gene
BCKDHB,GGI,FIG4,gene,gene
BCKDHB,GGI,HIBCH,gene,gene
BCKDHB,GGI,PEX7,gene,gene
BCKDHB,GGI,DHTKD1,gene,gene
BCKDHB,GGI,IVD,gene,gene
BCKDHB,GGI,UROS,gene,gene
BCKDHB,GGI,PIGN,gene,gene
BCKDHB,GGI,DCXR,gene,gene
BCKDHB,GGI,HADH,gene,gene
BCKDHB,GGI,DBT,gene,gene
DMXL1,GGI,BLTP1,gene,gene
DMXL1,GGI,YTHDC2,gene,gene
DMXL1,GGI,SKIC3,gene,gene
DMXL1,GGI,APC,gene,gene
DMXL1,GGI,VPS13C,gene,gene
DMXL1,GGI,DOP1A,gene,gene
DMXL1,GGI,FRYL,gene,gene
DMXL1,GGI,WASHC4,gene,gene
DMXL1,GGI,AFF4,gene,gene
DMXL1,GGI,CERT1,gene,gene
DMXL1,GGI,HELZ,gene,gene
DMXL1,GGI,USP34,gene,gene
DMXL1,GGI,PPIP5K2,gene,gene
DMXL1,GGI,VPS13D,gene,gene
DMXL1,GGI,WDR7,gene,gene
DMXL1,GGI,MYCBP2,gene,gene
DMXL1,GGI,AKAP11,gene,gene
DMXL1,GGI,VPS13A,gene,gene
DMXL1,GGI,WDR11,gene,gene
DMXL1,GGI,HSD17B4,gene,gene
DMXL1,GGI,USP9X,gene,gene
DMXL1,GGI,MON2,gene,gene
DMXL1,GGI,PIK3C2A,gene,gene
DMXL1,GGI,HERC1,gene,gene
DMXL1,GGI,ARFGEF1,gene,gene
DMXL1,GGI,SETX,gene,gene
DMXL1,GGI,SPG11,gene,gene
DMXL1,GGI,LNPEP,gene,gene
DMXL1,GGI,MED13,gene,gene
DMXL1,GGI,LRBA,gene,gene
DMXL1,GGI,TAOK1,gene,gene
DMXL1,GGI,ATG2B,gene,gene
DMXL1,GGI,MAN2A1,gene,gene
DMXL1,GGI,MYO9A,gene,gene
DMXL1,GGI,DENND4C,gene,gene
DMXL1,GGI,NCOA2,gene,gene
DMXL1,GGI,PDS5A,gene,gene
DMXL1,GGI,LTN1,gene,gene
DMXL1,GGI,PIKFYVE,gene,gene
DMXL1,GGI,CEP350,gene,gene
DMXL1,GGI,UBR5,gene,gene
DMXL1,GGI,DNAJC13,gene,gene
DMXL1,GGI,USP24,gene,gene
DMXL1,GGI,TNKS2,gene,gene
DMXL1,GGI,RANBP2,gene,gene
DMXL1,GGI,WDFY3,gene,gene
DMXL1,GGI,VPS13B,gene,gene
DMXL1,GGI,ITPR2,gene,gene
DMXL1,GGI,SECISBP2L,gene,gene
DMXL1,GGI,SEC24A,gene,gene
DMXL1,GGI,RAD50,gene,gene
DMXL1,GGI,MSH3,gene,gene
DMXL1,GGI,NF1,gene,gene
MSL3,GGI,RPGR,gene,gene
FHL5,GGI,MYH11,gene,gene
FHL5,GGI,CASQ2,gene,gene
FHL5,GGI,EMCN,gene,gene
FHL5,GGI,SPARCL1,gene,gene
FHL5,GGI,ADGRF5,gene,gene
FHL5,GGI,PLN,gene,gene
FHL5,GGI,ADH1B,gene,gene
FHL5,GGI,MEOX2,gene,gene
FHL5,GGI,ADGRL4,gene,gene
FHL5,GGI,C7,gene,gene
FHL5,GGI,FMO2,gene,gene
FHL5,GGI,ACTG2,gene,gene
FHL5,GGI,CDH19,gene,gene
FHL5,GGI,ADIPOQ,gene,gene
FHL5,GGI,MYOC,gene,gene
FHL5,GGI,LMOD1,gene,gene
FHL5,GGI,AVPR1A,gene,gene
FHL5,GGI,EBF2,gene,gene
FHL5,GGI,OR51E2,gene,gene
FHL5,GGI,ITGA8,gene,gene
FHL5,GGI,SCN7A,gene,gene
FHL5,GGI,MMRN1,gene,gene
FHL5,GGI,BMX,gene,gene
B3GALT2,GGI,LRRN3,gene,gene
B3GALT2,GGI,GPR22,gene,gene
B3GALT2,GGI,PLN,gene,gene
B3GALT2,GGI,SLC4A10,gene,gene
B3GALT2,GGI,OMG,gene,gene
FRMD8,GGI,MAP3K11,gene,gene
FRMD8,GGI,AP5Z1,gene,gene
FRMD8,GGI,TOLLIP,gene,gene
FRMD8,GGI,EML3,gene,gene
ZNF551,GGI,ZNF134,gene,gene
ZNF551,GGI,ZNF549,gene,gene
ZNF551,GGI,ZNF304,gene,gene
ZNF551,GGI,ZNF749,gene,gene
ZNF551,GGI,ZNF586,gene,gene
ZNF551,GGI,ZNF550,gene,gene
ZNF551,GGI,ZNF136,gene,gene
ZNF551,GGI,ZNF329,gene,gene
ZNF551,GGI,ZNF614,gene,gene
ZNF551,GGI,ZNF211,gene,gene
ZNF551,GGI,ZNF814,gene,gene
ZNF551,GGI,ZNF552,gene,gene
ZNF551,GGI,ZNF154,gene,gene
ZNF551,GGI,ZNF350,gene,gene
ZNF551,GGI,ZNF268,gene,gene
ZNF551,GGI,ZNF669,gene,gene
ZNF551,GGI,ZNF264,gene,gene
ZNF551,GGI,ZNF671,gene,gene
ZNF551,GGI,ZNF227,gene,gene
ZNF551,GGI,ZNF14,gene,gene
ZNF551,GGI,ZNF180,gene,gene
ZNF551,GGI,ZNF468,gene,gene
ZNF551,GGI,ZNF606,gene,gene
ZNF551,GGI,ZNF45,gene,gene
ZNF551,GGI,ZNF274,gene,gene
ZNF551,GGI,ZNF432,gene,gene
ZNF551,GGI,ZNF813,gene,gene
ZNF551,GGI,ZNF155,gene,gene
ZNF551,GGI,ZNF8,gene,gene
ZNF551,GGI,ZNF544,gene,gene
ZNF551,GGI,ZNF426,gene,gene
ZNF551,GGI,ZNF480,gene,gene
ZNF551,GGI,ZNF35,gene,gene
ZNF551,GGI,ZNF460,gene,gene
ZNF551,GGI,ZNF235,gene,gene
ZNF551,GGI,ZNF223,gene,gene
ZNF551,GGI,ZNF587,gene,gene
ZNF551,GGI,ZNF816,gene,gene
ZNF551,GGI,ZNF225,gene,gene
ZNF551,GGI,FASTKD5,gene,gene
ZNF551,GGI,ZNF528,gene,gene
ZNF551,GGI,ZBTB39,gene,gene
ZNF551,GGI,ZNF701,gene,gene
ZNF551,GGI,ZNF611,gene,gene
ZNF551,GGI,ZNF613,gene,gene
ZNF551,GGI,ZNF557,gene,gene
ZNF551,GGI,ZNF234,gene,gene
ZNF551,GGI,ZNF266,gene,gene
ZNF551,GGI,ZNF16,gene,gene
ZNF551,GGI,ADNP2,gene,gene
ZNF551,GGI,ZNF562,gene,gene
ZNF551,GGI,ZNF430,gene,gene
ZNF551,GGI,QTRT2,gene,gene
BBS1,GGI,TCTN2,gene,gene
BBS1,GGI,CSTPP1,gene,gene
BBS1,GGI,DNAL4,gene,gene
BBS1,GGI,CLBA1,gene,gene
BBS1,GGI,TCTN1,gene,gene
BBS1,GGI,PIGQ,gene,gene
BBS1,GGI,IFT22,gene,gene
BBS1,GGI,WDR73,gene,gene
BBS1,GGI,MORN1,gene,gene
BBS1,GGI,KATNIP,gene,gene
BBS1,GGI,TSC2,gene,gene
BBS1,GGI,IQCK,gene,gene
BBS1,GGI,TTC12,gene,gene
BBS1,GGI,WDR19,gene,gene
BBS1,GGI,BRD3OS,gene,gene
BBS1,GGI,NPHP1,gene,gene
BBS1,GGI,IFT46,gene,gene
BBS1,GGI,CLUAP1,gene,gene
BBS1,GGI,EFHC1,gene,gene
BBS1,GGI,SPACA9,gene,gene
BBS1,GGI,GLB1L,gene,gene
BBS1,GGI,VPS39,gene,gene
BBS1,GGI,UNC119B,gene,gene
BBS1,GGI,CBY1,gene,gene
BBS1,GGI,NUMA1,gene,gene
BBS1,GGI,CALCOCO1,gene,gene
BBS1,GGI,VPS11,gene,gene
BBS1,GGI,BBS4,gene,gene
JPT1,GGI,GRB2,gene,gene
JPT1,GGI,TUBA1A,gene,gene
JPT1,GGI,EIF4A3,gene,gene
JPT1,GGI,TUBA1C,gene,gene
JPT1,GGI,CFL1,gene,gene
JPT1,GGI,KPNA2,gene,gene
JPT1,GGI,PSMB3,gene,gene
JPT1,GGI,H3-3B,gene,gene
JPT1,GGI,TUBA1B,gene,gene
JPT1,GGI,CBX1,gene,gene
JPT1,GGI,NME1,gene,gene
JPT1,GGI,PSME3,gene,gene
JPT1,GGI,PAFAH1B3,gene,gene
CSH1,GGI,UMOD,gene,gene
CSH1,GGI,DEFA6,gene,gene
CSH1,GGI,PSG2,gene,gene
CSH1,GGI,CLPS,gene,gene
PIK3CG,GGI,PTPRC,gene,gene
PIK3CG,GGI,NCKAP1L,gene,gene
PIK3CG,GGI,DOCK2,gene,gene
PIK3CG,GGI,IKZF1,gene,gene
PIK3CG,GGI,CD84,gene,gene
PIK3CG,GGI,PLCB2,gene,gene
PIK3CG,GGI,SAMSN1,gene,gene
PIK3CG,GGI,PTPN22,gene,gene
PIK3CG,GGI,LAPTM5,gene,gene
PIK3CG,GGI,LCP2,gene,gene
PIK3CG,GGI,IRAG2,gene,gene
PIK3CG,GGI,HCLS1,gene,gene
PIK3CG,GGI,ARHGAP15,gene,gene
PIK3CG,GGI,ST8SIA4,gene,gene
PIK3CG,GGI,CD53,gene,gene
PIK3CG,GGI,PTPN7,gene,gene
PIK3CG,GGI,FLI1,gene,gene
PIK3CG,GGI,GPR65,gene,gene
PIK3CG,GGI,PLEK,gene,gene
PIK3CG,GGI,CYTIP,gene,gene
PIK3CG,GGI,SASH3,gene,gene
PIK3CG,GGI,ITGAL,gene,gene
PIK3CG,GGI,CSF2RB,gene,gene
PIK3CG,GGI,TASL,gene,gene
PIK3CG,GGI,FYB1,gene,gene
PIK3CG,GGI,PRKCB,gene,gene
PLA2G12A,GGI,CASP6,gene,gene
PLA2G12A,GGI,PPA2,gene,gene
PLA2G12A,GGI,ABHD18,gene,gene
PROS1,GGI,TFPI,gene,gene
PROS1,GGI,ITGB3,gene,gene
PROS1,GGI,PLSCR4,gene,gene
PROS1,GGI,LEPR,gene,gene
IMPDH2,GGI,RPSA,gene,gene
IMPDH2,GGI,RPL14,gene,gene
IMPDH2,GGI,QARS1,gene,gene
IMPDH2,GGI,RPLP0,gene,gene
IMPDH2,GGI,RACK1,gene,gene
IMPDH2,GGI,RPL10A,gene,gene
IMPDH2,GGI,RPS2,gene,gene
IMPDH2,GGI,RPL3,gene,gene
IMPDH2,GGI,RPL7A,gene,gene
IMPDH2,GGI,RPL12,gene,gene
IMPDH2,GGI,EEF2,gene,gene
IMPDH2,GGI,EIF3D,gene,gene
IMPDH2,GGI,EIF3L,gene,gene
IMPDH2,GGI,RPL29,gene,gene
IMPDH2,GGI,RPL13A,gene,gene
IMPDH2,GGI,RPS3,gene,gene
IMPDH2,GGI,RPS5,gene,gene
IMPDH2,GGI,RPL15,gene,gene
IMPDH2,GGI,RPS6,gene,gene
IMPDH2,GGI,RPS8,gene,gene
IMPDH2,GGI,FBL,gene,gene
IMPDH2,GGI,RPL5,gene,gene
IMPDH2,GGI,RPL8,gene,gene
IMPDH2,GGI,MRPS27,gene,gene
IMPDH2,GGI,RPL23A,gene,gene
IMPDH2,GGI,POLR1E,gene,gene
IMPDH2,GGI,RPS4X,gene,gene
IMPDH2,GGI,PHB2,gene,gene
IMPDH2,GGI,RPL18,gene,gene
IMPDH2,GGI,NPM3,gene,gene
IMPDH2,GGI,AHCY,gene,gene
IMPDH2,GGI,RPS18,gene,gene
IMPDH2,GGI,EEF1A1,gene,gene
IMPDH2,GGI,RPL32,gene,gene
IMPDH2,GGI,RPL6,gene,gene
IMPDH2,GGI,RPS16,gene,gene
IMPDH2,GGI,EIF4B,gene,gene
IMPDH2,GGI,RPL11,gene,gene
IMPDH2,GGI,TRAP1,gene,gene
IMPDH2,GGI,RPL10,gene,gene
IMPDH2,GGI,EEF1B2,gene,gene
IMPDH2,GGI,RPL28,gene,gene
IMPDH2,GGI,EIF3E,gene,gene
IMPDH2,GGI,RPL24,gene,gene
IMPDH2,GGI,HAUS4,gene,gene
IMPDH2,GGI,NOP53,gene,gene
IMPDH2,GGI,BTF3,gene,gene
IMPDH2,GGI,EIF3H,gene,gene
IMPDH2,GGI,RPL19,gene,gene
IMPDH2,GGI,HNRNPA1,gene,gene
IMPDH2,GGI,RPS17,gene,gene
IMPDH2,GGI,APEX1,gene,gene
IMPDH2,GGI,NLE1,gene,gene
IMPDH2,GGI,RPL36,gene,gene
IMPDH2,GGI,RPS25,gene,gene
IMPDH2,GGI,RPS24,gene,gene
IMPDH2,GGI,NACA,gene,gene
IMPDH2,GGI,RPL13,gene,gene
IMPDH2,GGI,APEH,gene,gene
IMPDH2,GGI,RPS3A,gene,gene
IMPDH2,GGI,RPL7,gene,gene
IMPDH2,GGI,RPS23,gene,gene
IMPDH2,GGI,RPL37A,gene,gene
IMPDH2,GGI,TKT,gene,gene
IMPDH2,GGI,RPL4,gene,gene
IMPDH2,GGI,RPS13,gene,gene
IMPDH2,GGI,GNL3,gene,gene
IMPDH2,GGI,RPS11,gene,gene
IMPDH2,GGI,RPL9,gene,gene
IMPDH2,GGI,RPS12,gene,gene
IMPDH2,GGI,ADSL,gene,gene
IMPDH2,GGI,DPH5,gene,gene
IMPDH2,GGI,RPS19,gene,gene
IMPDH2,GGI,EIF3I,gene,gene
IMPDH2,GGI,RPLP1,gene,gene
IMPDH2,GGI,RPS7,gene,gene
IMPDH2,GGI,CCT4,gene,gene
IMPDH2,GGI,IPO5,gene,gene
IMPDH2,GGI,RPS15,gene,gene
IMPDH2,GGI,EIF3G,gene,gene
IMPDH2,GGI,TRIM28,gene,gene
IMPDH2,GGI,RPLP2,gene,gene
IMPDH2,GGI,RPL22,gene,gene
IMPDH2,GGI,CCT7,gene,gene
IMPDH2,GGI,RPL35A,gene,gene
IMPDH2,GGI,RPS10,gene,gene
IMPDH2,GGI,RPL35,gene,gene
IMPDH2,GGI,THG1L,gene,gene
IMPDH2,GGI,RSL1D1,gene,gene
IMPDH2,GGI,SLC25A6,gene,gene
IMPDH2,GGI,NAP1L1,gene,gene
IMPDH2,GGI,LTA4H,gene,gene
IMPDH2,GGI,HSP90AB1,gene,gene
IMPDH2,GGI,DALRD3,gene,gene
IMPDH2,GGI,RPS14,gene,gene
IMPDH2,GGI,EEF1D,gene,gene
IMPDH2,GGI,RPS20,gene,gene
IMPDH2,GGI,PABPC4,gene,gene
IMPDH2,GGI,RPL17,gene,gene
IMPDH2,GGI,RPL34,gene,gene
IMPDH2,GGI,NPRL2,gene,gene
IMPDH2,GGI,CCT3,gene,gene
IMPDH2,GGI,MMS19,gene,gene
IMPDH2,GGI,RPL26,gene,gene
IMPDH2,GGI,PABPC1,gene,gene
IMPDH2,GGI,RCC1,gene,gene
IMPDH2,GGI,RPL30,gene,gene
IMPDH2,GGI,SNHG3,gene,gene
IMPDH2,GGI,OXA1L,gene,gene
IMPDH2,GGI,POLD2,gene,gene
IMPDH2,GGI,RPS15A,gene,gene
IMPDH2,GGI,CCNB1IP1,gene,gene
IMPDH2,GGI,RPL37,gene,gene
IMPDH2,GGI,RPS28,gene,gene
IMPDH2,GGI,RPL36A,gene,gene
IMPDH2,GGI,IGBP1,gene,gene
IMPDH2,GGI,RPL27,gene,gene
IMPDH2,GGI,NOLC1,gene,gene
IMPDH2,GGI,SLC25A3,gene,gene
IMPDH2,GGI,RPS27A,gene,gene
IMPDH2,GGI,IPO7,gene,gene
IMPDH2,GGI,RPS21,gene,gene
IMPDH2,GGI,EIF2S3,gene,gene
IMPDH2,GGI,RPL21,gene,gene
IMPDH2,GGI,EXOSC7,gene,gene
IMPDH2,GGI,EIF2D,gene,gene
IMPDH2,GGI,RPL27A,gene,gene
IMPDH2,GGI,RUVBL2,gene,gene
IMPDH2,GGI,SHMT2,gene,gene
IMPDH2,GGI,RPS29,gene,gene
IMPDH2,GGI,UBA52,gene,gene
IMPDH2,GGI,NONO,gene,gene
IMPDH2,GGI,C1QBP,gene,gene
IMPDH2,GGI,LARS1,gene,gene
IMPDH2,GGI,CAMLG,gene,gene
IMPDH2,GGI,PAICS,gene,gene
IMPDH2,GGI,EIF3M,gene,gene
IMPDH2,GGI,RPL38,gene,gene
IMPDH2,GGI,RPS27,gene,gene
IMPDH2,GGI,DDX50,gene,gene
IMPDH2,GGI,NHP2,gene,gene
IMPDH2,GGI,NAT10,gene,gene
IMPDH2,GGI,BZW2,gene,gene
IMPDH2,GGI,CAD,gene,gene
IMPDH2,GGI,EIF3F,gene,gene
IMPDH2,GGI,LSM2,gene,gene
IMPDH2,GGI,TUFM,gene,gene
IMPDH2,GGI,EXOSC5,gene,gene
IMPDH2,GGI,STOML2,gene,gene
IMPDH2,GGI,PRMT1,gene,gene
IMPDH2,GGI,SMARCC1,gene,gene
IMPDH2,GGI,HEMK1,gene,gene
IMPDH2,GGI,LETMD1,gene,gene
FBXO41,GGI,CELSR3,gene,gene
FBXO41,GGI,NSMF,gene,gene
FBXO41,GGI,AGAP2,gene,gene
FBXO41,GGI,P2RX5,gene,gene
SF3A3,GGI,SNRNP40,gene,gene
SF3A3,GGI,GNL2,gene,gene
SF3A3,GGI,UTP11,gene,gene
SF3A3,GGI,EXOSC10,gene,gene
SF3A3,GGI,NASP,gene,gene
SF3A3,GGI,RBBP4,gene,gene
SF3A3,GGI,EBNA1BP2,gene,gene
SF3A3,GGI,XRCC6,gene,gene
SF3A3,GGI,DNAJC8,gene,gene
SF3A3,GGI,NUDC,gene,gene
SF3A3,GGI,SUPT16H,gene,gene
SF3A3,GGI,PPIH,gene,gene
SF3A3,GGI,EIF3I,gene,gene
SF3A3,GGI,RPA2,gene,gene
SF3A3,GGI,EXOSC2,gene,gene
SF3A3,GGI,ILF2,gene,gene
SF3A3,GGI,PRPF31,gene,gene
SF3A3,GGI,RPF1,gene,gene
SF3A3,GGI,XRCC5,gene,gene
SF3A3,GGI,KDM1A,gene,gene
SF3A3,GGI,IK,gene,gene
SF3A3,GGI,MAGOH,gene,gene
SF3A3,GGI,DKC1,gene,gene
SF3A3,GGI,MRTO4,gene,gene
SF3A3,GGI,EIF2B3,gene,gene
SF3A3,GGI,PPP1R8,gene,gene
SF3A3,GGI,DRG1,gene,gene
SF3A3,GGI,CDC123,gene,gene
SF3A3,GGI,WDR46,gene,gene
SF3A3,GGI,PA2G4,gene,gene
SF3A3,GGI,PSMB2,gene,gene
SF3A3,GGI,TOE1,gene,gene
SF3A3,GGI,FAF1,gene,gene
SF3A3,GGI,CCT5,gene,gene
SF3A3,GGI,THYN1,gene,gene
SF3A3,GGI,HNRNPR,gene,gene
SF3A3,GGI,PPIE,gene,gene
SF3A3,GGI,USP39,gene,gene
SF3A3,GGI,NUP93,gene,gene
SF3A3,GGI,DNTTIP2,gene,gene
SF3A3,GGI,POLE3,gene,gene
SF3A3,GGI,UTP14A,gene,gene
SF3A3,GGI,UTP6,gene,gene
SF3A3,GGI,CCT3,gene,gene
SF3A3,GGI,HDAC1,gene,gene
SF3A3,GGI,DDX27,gene,gene
SF3A3,GGI,PRPF4,gene,gene
SF3A3,GGI,WDR3,gene,gene
SF3A3,GGI,AK2,gene,gene
SF3A3,GGI,HARS1,gene,gene
SF3A3,GGI,SMU1,gene,gene
SF3A3,GGI,EIF2B1,gene,gene
SF3A3,GGI,LAS1L,gene,gene
SF3A3,GGI,SF3A1,gene,gene
SF3A3,GGI,ELOA,gene,gene
SF3A3,GGI,MRPS15,gene,gene
SF3A3,GGI,NGDN,gene,gene
SF3A3,GGI,PRPF19,gene,gene
SF3A3,GGI,EIF3D,gene,gene
SF3A3,GGI,NOLC1,gene,gene
SF3A3,GGI,NOC2L,gene,gene
SF3A3,GGI,EXOSC9,gene,gene
SF3A3,GGI,TRIT1,gene,gene
SF3A3,GGI,CCT6A,gene,gene
SF3A3,GGI,SF3B2,gene,gene
SF3A3,GGI,MCM3,gene,gene
SF3A3,GGI,DNAJC11,gene,gene
SF3A3,GGI,PPM1G,gene,gene
SF3A3,GGI,THRAP3,gene,gene
SF3A3,GGI,KARS1,gene,gene
SF3A3,GGI,PPT1,gene,gene
SF3A3,GGI,CCT7,gene,gene
SF3A3,GGI,CSTF2,gene,gene
SF3A3,GGI,NCL,gene,gene
SF3A3,GGI,DHX9,gene,gene
SF3A3,GGI,KPNA6,gene,gene
SF3A3,GGI,AATF,gene,gene
SF3A3,GGI,LSG1,gene,gene
SF3A3,GGI,EIF3M,gene,gene
SF3A3,GGI,DDX1,gene,gene
SF3A3,GGI,YARS1,gene,gene
SF3A3,GGI,HNRNPC,gene,gene
SF3A3,GGI,PRMT5,gene,gene
SF3A3,GGI,TXLNA,gene,gene
SF3A3,GGI,OGFOD1,gene,gene
SF3A3,GGI,TSR1,gene,gene
SYPL1,GGI,LAPTM4A,gene,gene
SYPL1,GGI,CD164,gene,gene
SYPL1,GGI,DLD,gene,gene
SYPL1,GGI,PLEKHF2,gene,gene
SYPL1,GGI,CAPZA2,gene,gene
SYPL1,GGI,SLC25A40,gene,gene
SYPL1,GGI,TMBIM4,gene,gene
SYPL1,GGI,TRAM1,gene,gene
SYPL1,GGI,RAB14,gene,gene
SYPL1,GGI,CNIH1,gene,gene
SYPL1,GGI,TMED7,gene,gene
SYPL1,GGI,LMBRD1,gene,gene
SYPL1,GGI,DPY19L4,gene,gene
SYPL1,GGI,FAM3C,gene,gene
SYPL1,GGI,ORC5,gene,gene
SYPL1,GGI,WASL,gene,gene
SYPL1,GGI,TMEM106B,gene,gene
SYPL1,GGI,RNF138,gene,gene
SYPL1,GGI,TMEM123,gene,gene
SYPL1,GGI,RAB2A,gene,gene
SYPL1,GGI,PRDX3,gene,gene
SYPL1,GGI,DUS4L,gene,gene
COL1A2,GGI,COL3A1,gene,gene
COL1A2,GGI,COL1A1,gene,gene
COL1A2,GGI,COL6A3,gene,gene
COL1A2,GGI,COL5A2,gene,gene
COL1A2,GGI,BGN,gene,gene
COL1A2,GGI,COL5A1,gene,gene
COL1A2,GGI,MXRA5,gene,gene
COL1A2,GGI,COL6A2,gene,gene
COL1A2,GGI,DCN,gene,gene
COL1A2,GGI,POSTN,gene,gene
COL1A2,GGI,CD248,gene,gene
COL1A2,GGI,CDH11,gene,gene
COL1A2,GGI,LUM,gene,gene
COL1A2,GGI,ISLR,gene,gene
COL1A2,GGI,THBS2,gene,gene
COL1A2,GGI,PDGFRB,gene,gene
COL1A2,GGI,PCOLCE,gene,gene
COL1A2,GGI,MMP2,gene,gene
COL1A2,GGI,THY1,gene,gene
COL1A2,GGI,COL15A1,gene,gene
COL1A2,GGI,FBN1,gene,gene
COL1A2,GGI,COL6A1,gene,gene
COL1A2,GGI,ADAMTS2,gene,gene
COL1A2,GGI,FBLN2,gene,gene
COL1A2,GGI,COL11A1,gene,gene
COL1A2,GGI,FAP,gene,gene
COL1A2,GGI,AEBP1,gene,gene
COL1A2,GGI,SPARC,gene,gene
COL1A2,GGI,COL14A1,gene,gene
COL1A2,GGI,PRRX1,gene,gene
COL1A2,GGI,FMOD,gene,gene
COL1A2,GGI,COL16A1,gene,gene
COL1A2,GGI,COL4A1,gene,gene
COL1A2,GGI,CCN4,gene,gene
COL1A2,GGI,COL10A1,gene,gene
COL1A2,GGI,ITGBL1,gene,gene
COL1A2,GGI,NID2,gene,gene
COL1A2,GGI,ELN,gene,gene
COL1A2,GGI,CREB3L1,gene,gene
COL1A2,GGI,OLFML3,gene,gene
COL1A2,GGI,COL4A2,gene,gene
COL1A2,GGI,SULF1,gene,gene
COL1A2,GGI,EMILIN1,gene,gene
COL1A2,GGI,PDGFRA,gene,gene
COL1A2,GGI,FN1,gene,gene
COL1A2,GGI,ASPN,gene,gene
COL1A2,GGI,LOXL2,gene,gene
COL1A2,GGI,RCN3,gene,gene
DONSON,GGI,DSN1,gene,gene
DONSON,GGI,WDR76,gene,gene
DONSON,GGI,RFC4,gene,gene
DONSON,GGI,CHAF1B,gene,gene
DONSON,GGI,CCNE2,gene,gene
DONSON,GGI,FANCG,gene,gene
DONSON,GGI,SLBP,gene,gene
DONSON,GGI,PAXBP1,gene,gene
DONSON,GGI,CDK2,gene,gene
DONSON,GGI,DNA2,gene,gene
DONSON,GGI,GINS2,gene,gene
DONSON,GGI,MCM4,gene,gene
DONSON,GGI,CDC6,gene,gene
DONSON,GGI,MCM6,gene,gene
DONSON,GGI,CENPU,gene,gene
DONSON,GGI,PARP2,gene,gene
DONSON,GGI,BTG3,gene,gene
DONSON,GGI,BRCA1,gene,gene
DONSON,GGI,GMPS,gene,gene
DONSON,GGI,PCNA,gene,gene
DONSON,GGI,RAD51,gene,gene
DONSON,GGI,RRM1,gene,gene
DONSON,GGI,CDC7,gene,gene
DONSON,GGI,FANCI,gene,gene
DONSON,GGI,GMNN,gene,gene
DONSON,GGI,ZWILCH,gene,gene
DONSON,GGI,POLE2,gene,gene
DONSON,GGI,MSH6,gene,gene
DONSON,GGI,PSMG1,gene,gene
DONSON,GGI,DTL,gene,gene
DONSON,GGI,RFC5,gene,gene
DONSON,GGI,FBXO5,gene,gene
DONSON,GGI,HELLS,gene,gene
DONSON,GGI,E2F1,gene,gene
DONSON,GGI,ATAD5,gene,gene
DONSON,GGI,CCNE1,gene,gene
DONSON,GGI,SUZ12,gene,gene
DONSON,GGI,PSMC3IP,gene,gene
DONSON,GGI,TOPBP1,gene,gene
DONSON,GGI,C9orf40,gene,gene
DONSON,GGI,DSCC1,gene,gene
DONSON,GGI,KNTC1,gene,gene
KCNAB2,GGI,ITGB2,gene,gene
KCNAB2,GGI,FMNL1,gene,gene
HNRNPA3,GGI,HNRNPD,gene,gene
HNRNPA3,GGI,HNRNPA2B1,gene,gene
HNRNPA3,GGI,HNRNPH3,gene,gene
HNRNPA3,GGI,HNRNPU,gene,gene
HNRNPA3,GGI,FUS,gene,gene
HNRNPA3,GGI,TAF15,gene,gene
HNRNPA3,GGI,HNRNPR,gene,gene
HNRNPA3,GGI,HNRNPM,gene,gene
HNRNPA3,GGI,NCL,gene,gene
HNRNPA3,GGI,TARDBP,gene,gene
HNRNPA3,GGI,HNRNPH1,gene,gene
HNRNPA3,GGI,HNRNPA1,gene,gene
HNRNPA3,GGI,SRSF1,gene,gene
HNRNPA3,GGI,PNN,gene,gene
HNRNPA3,GGI,HNRNPDL,gene,gene
HNRNPA3,GGI,SYNCRIP,gene,gene
HNRNPA3,GGI,HNRNPK,gene,gene
HNRNPA3,GGI,ANP32A,gene,gene
HNRNPA3,GGI,HMGB1,gene,gene
HNRNPA3,GGI,TRA2B,gene,gene
HNRNPA3,GGI,SAFB,gene,gene
HNRNPA3,GGI,ANP32E,gene,gene
HNRNPA3,GGI,FUBP1,gene,gene
HNRNPA3,GGI,GAR1,gene,gene
HNRNPA3,GGI,SFPQ,gene,gene
HNRNPA3,GGI,EWSR1,gene,gene
HNRNPA3,GGI,SSB,gene,gene
HNRNPA3,GGI,PTMA,gene,gene
HNRNPA3,GGI,NASP,gene,gene
HNRNPA3,GGI,HNRNPC,gene,gene
HNRNPA3,GGI,RBM25,gene,gene
HNRNPA3,GGI,MATR3,gene,gene
HNRNPA3,GGI,LUC7L3,gene,gene
HNRNPA3,GGI,EIF5B,gene,gene
HNRNPA3,GGI,SRSF3,gene,gene
HNRNPA3,GGI,HNRNPUL2,gene,gene
HNRNPA3,GGI,DDX46,gene,gene
HNRNPA3,GGI,HNRNPAB,gene,gene
HNRNPA3,GGI,DHX9,gene,gene
HNRNPA3,GGI,ILF3,gene,gene
HNRNPA3,GGI,ACTR2,gene,gene
HNRNPA3,GGI,RBM17,gene,gene
HNRNPA3,GGI,SNRPD1,gene,gene
HNRNPA3,GGI,SET,gene,gene
HNRNPA3,GGI,ANP32B,gene,gene
HNRNPA3,GGI,SRSF10,gene,gene
HNRNPA3,GGI,HNRNPL,gene,gene
HNRNPA3,GGI,HNRNPA0,gene,gene
HNRNPA3,GGI,KHDRBS1,gene,gene
HNRNPA3,GGI,SRSF7,gene,gene
HNRNPA3,GGI,SRSF5,gene,gene
HNRNPA3,GGI,SMC1A,gene,gene
HNRNPA3,GGI,TRA2A,gene,gene
HNRNPA3,GGI,XRCC5,gene,gene
HNRNPA3,GGI,SRSF4,gene,gene
HNRNPA3,GGI,TOP2B,gene,gene
HNRNPA3,GGI,SNRPF,gene,gene
HNRNPA3,GGI,PPIG,gene,gene
HNRNPA3,GGI,PCBP1,gene,gene
HNRNPA3,GGI,SERBP1,gene,gene
HNRNPA3,GGI,MAGOH,gene,gene
HNRNPA3,GGI,FKBP3,gene,gene
HNRNPA3,GGI,RAB1A,gene,gene
HNRNPA3,GGI,DDX5,gene,gene
HNRNPA3,GGI,NUCKS1,gene,gene
HNRNPA3,GGI,FBXO11,gene,gene
HNRNPA3,GGI,PRPF38B,gene,gene
HNRNPA3,GGI,TOP1,gene,gene
HNRNPA3,GGI,HSPD1,gene,gene
HNRNPA3,GGI,SUPT16H,gene,gene
HNRNPA3,GGI,CPSF6,gene,gene
HNRNPA3,GGI,USP7,gene,gene
HNRNPA3,GGI,PTGES3,gene,gene
HNRNPA3,GGI,ZC3H15,gene,gene
HNRNPA3,GGI,BCCIP,gene,gene
HNRNPA3,GGI,RSRC2,gene,gene
HNRNPA3,GGI,PDAP1,gene,gene
HNRNPA3,GGI,DDX42,gene,gene
HNRNPA3,GGI,DHX15,gene,gene
HNRNPA3,GGI,MAPRE1,gene,gene
HNRNPA3,GGI,PRPF40A,gene,gene
HNRNPA3,GGI,BCLAF1,gene,gene
HNRNPA3,GGI,DDX18,gene,gene
HNRNPA3,GGI,YTHDC1,gene,gene
HNRNPA3,GGI,HMGB2,gene,gene
HNRNPA3,GGI,ZNF207,gene,gene
HNRNPA3,GGI,C11orf58,gene,gene
HNRNPA3,GGI,SNRNP200,gene,gene
HNRNPA3,GGI,ARGLU1,gene,gene
SLC11A2,GGI,TFRC,gene,gene
BCAM,GGI,LAMA5,gene,gene
BCAM,GGI,NECTIN2,gene,gene
BCAM,GGI,NOTCH3,gene,gene
BCAM,GGI,OBSL1,gene,gene
BCAM,GGI,ARHGEF17,gene,gene
BCAM,GGI,SEMA3F,gene,gene
BCAM,GGI,AGRN,gene,gene
BCAM,GGI,COL18A1,gene,gene
BCAM,GGI,ISYNA1,gene,gene
ANP32E,GGI,NUCKS1,gene,gene
ANP32E,GGI,HMGB1,gene,gene
ANP32E,GGI,ANP32A,gene,gene
ANP32E,GGI,HNRNPR,gene,gene
ANP32E,GGI,HNRNPU,gene,gene
ANP32E,GGI,HNRNPA3,gene,gene
ANP32E,GGI,USP1,gene,gene
ANP32E,GGI,HNRNPD,gene,gene
ANP32E,GGI,HMGB2,gene,gene
ANP32E,GGI,SRP9,gene,gene
ANP32E,GGI,HNRNPH3,gene,gene
ANP32E,GGI,CBX3,gene,gene
ANP32E,GGI,TSNAX,gene,gene
ANP32E,GGI,PCNP,gene,gene
ANP32E,GGI,SMC3,gene,gene
ANP32E,GGI,HNRNPA2B1,gene,gene
ANP32E,GGI,PPP1CB,gene,gene
ANP32E,GGI,DEK,gene,gene
ANP32E,GGI,HNRNPH1,gene,gene
ANP32E,GGI,HNRNPM,gene,gene
ANP32E,GGI,CACYBP,gene,gene
ANP32E,GGI,LBR,gene,gene
ANP32E,GGI,UCHL5,gene,gene
ANP32E,GGI,SERBP1,gene,gene
ANP32E,GGI,SNRPE,gene,gene
ANP32E,GGI,NCL,gene,gene
ANP32E,GGI,NDUFA5,gene,gene
ANP32E,GGI,HDGF,gene,gene
ANP32E,GGI,CBX5,gene,gene
ANP32E,GGI,PARP1,gene,gene
ANP32E,GGI,UBE2V2,gene,gene
ANP32E,GGI,METAP2,gene,gene
ANP32E,GGI,HNRNPA1,gene,gene
ANP32E,GGI,HTATSF1,gene,gene
ANP32E,GGI,MATR3,gene,gene
ANP32E,GGI,RAD21,gene,gene
ANP32E,GGI,TMX1,gene,gene
ANP32E,GGI,TCEA1,gene,gene
ANP32E,GGI,C11orf58,gene,gene
ANP32E,GGI,SNRPD1,gene,gene
ANP32E,GGI,SUPT16H,gene,gene
ANP32E,GGI,PSMD4,gene,gene
ANP32E,GGI,HMGN5,gene,gene
ANP32E,GGI,CBFB,gene,gene
OAS2,GGI,OAS1,gene,gene
OAS2,GGI,XAF1,gene,gene
OAS2,GGI,MX1,gene,gene
OAS2,GGI,OAS3,gene,gene
OAS2,GGI,IFI44L,gene,gene
OAS2,GGI,IFI44,gene,gene
OAS2,GGI,RSAD2,gene,gene
OAS2,GGI,IFI6,gene,gene
OAS2,GGI,IFIT1,gene,gene
OAS2,GGI,DDX60,gene,gene
OAS2,GGI,MX2,gene,gene
OAS2,GGI,IFIT3,gene,gene
OAS2,GGI,ISG15,gene,gene
OAS2,GGI,HERC6,gene,gene
OAS2,GGI,USP18,gene,gene
OAS2,GGI,DHX58,gene,gene
OAS2,GGI,IFIH1,gene,gene
OAS2,GGI,IFI27,gene,gene
OAS2,GGI,RIGI,gene,gene
OAS2,GGI,RTP4,gene,gene
OAS2,GGI,IRF9,gene,gene
OAS2,GGI,IFIT2,gene,gene
OAS2,GGI,HERC5,gene,gene
OAS2,GGI,IFI35,gene,gene
OAS2,GGI,EIF2AK2,gene,gene
OAS2,GGI,BST2,gene,gene
OAS2,GGI,STAT1,gene,gene
OAS2,GGI,IRF7,gene,gene
OAS2,GGI,SAMD9,gene,gene
OAS2,GGI,PARP12,gene,gene
OAS2,GGI,SP110,gene,gene
OAS2,GGI,TRIM22,gene,gene
OAS2,GGI,IFITM1,gene,gene
OAS2,GGI,IFIT5,gene,gene
OAS2,GGI,STAT2,gene,gene
OAS2,GGI,SHFL,gene,gene
OAS2,GGI,SP100,gene,gene
OAS2,GGI,LGALS9,gene,gene
OAS2,GGI,PLSCR1,gene,gene
OAS2,GGI,UBE2L6,gene,gene
OAS2,GGI,LY6E,gene,gene
OAS2,GGI,TRIM14,gene,gene
OAS2,GGI,ADAR,gene,gene
OAS2,GGI,PML,gene,gene
OAS2,GGI,IFI16,gene,gene
OAS2,GGI,TNFSF10,gene,gene
OAS2,GGI,APOL1,gene,gene
OAS2,GGI,LAP3,gene,gene
OAS2,GGI,TRIM21,gene,gene
OAS2,GGI,TMEM140,gene,gene
OAS2,GGI,APOL6,gene,gene
OAS2,GGI,ZBP1,gene,gene
OAS2,GGI,CXCL10,gene,gene
OAS2,GGI,TRANK1,gene,gene
OAS2,GGI,UBA7,gene,gene
OAS2,GGI,TRIM25,gene,gene
OAS2,GGI,TRIM5,gene,gene
OAS2,GGI,TAP1,gene,gene
OAS2,GGI,CXCL11,gene,gene
OAS2,GGI,CMTR1,gene,gene
OAS2,GGI,TAP2,gene,gene
OAS2,GGI,GBP1,gene,gene
OAS2,GGI,ZC3HAV1,gene,gene
TTC31,GGI,AAAS,gene,gene
TTC31,GGI,PAN2,gene,gene
TTC31,GGI,GTF3C2,gene,gene
TTC31,GGI,METTL17,gene,gene
TTC31,GGI,HAUS5,gene,gene
TTC31,GGI,SARS2,gene,gene
TTC31,GGI,TAFAZZIN,gene,gene
TTC31,GGI,PIGO,gene,gene
TTC31,GGI,MAN2C1,gene,gene
TTC31,GGI,NFATC2IP,gene,gene
TTC31,GGI,CLK2,gene,gene
TTC31,GGI,CDK5RAP3,gene,gene
TTC31,GGI,CDK10,gene,gene
TTC31,GGI,GALT,gene,gene
TTC31,GGI,MOGS,gene,gene
TTC31,GGI,ATF6B,gene,gene
TTC31,GGI,SUPT7L,gene,gene
TTC31,GGI,MMS19,gene,gene
TTC31,GGI,MUTYH,gene,gene
TTC31,GGI,PPIL2,gene,gene
TTC31,GGI,AUP1,gene,gene
TTC31,GGI,TAF1C,gene,gene
TTC31,GGI,PTPN18,gene,gene
TTC31,GGI,AP1G2,gene,gene
TTC31,GGI,HDAC6,gene,gene
TTC31,GGI,TMCO6,gene,gene
TTC31,GGI,TMEM143,gene,gene
CCDC90B,GGI,HIKESHI,gene,gene
CCDC90B,GGI,GGPS1,gene,gene
CCDC90B,GGI,MICU2,gene,gene
CCDC90B,GGI,METTL5,gene,gene
CCDC90B,GGI,NKAPD1,gene,gene
CCDC90B,GGI,WASHC3,gene,gene
CCDC90B,GGI,PPP2R3C,gene,gene
CCDC90B,GGI,REXO2,gene,gene
CCDC90B,GGI,C11orf58,gene,gene
CCDC90B,GGI,JRKL,gene,gene
CCDC90B,GGI,BIRC2,gene,gene
CCDC90B,GGI,RWDD3,gene,gene
CCDC90B,GGI,RAB6A,gene,gene
CCDC90B,GGI,RPS27L,gene,gene
CCDC90B,GGI,VBP1,gene,gene
CCDC90B,GGI,TPRKB,gene,gene
CCDC90B,GGI,PIGP,gene,gene
CCDC90B,GGI,AMZ2,gene,gene
CCDC90B,GGI,CCDC82,gene,gene
CCDC90B,GGI,CHMP5,gene,gene
PRKX,GGI,TXLNG,gene,gene
PRKX,GGI,ZRSR2,gene,gene
PGAP3,GGI,ERBB2,gene,gene
PGAP3,GGI,TMEM254,gene,gene
PGAP3,GGI,ALG12,gene,gene
PGAP3,GGI,MAN2B2,gene,gene
SLC25A20,GGI,ETFDH,gene,gene
SLC25A20,GGI,CPT1A,gene,gene
SLC25A20,GGI,ACAA2,gene,gene
SLC25A20,GGI,HADHB,gene,gene
SLC25A20,GGI,ACADVL,gene,gene
SLC25A20,GGI,ACOX1,gene,gene
SLC25A20,GGI,ATG4A,gene,gene
SLC25A20,GGI,CAT,gene,gene
SLC25A20,GGI,HSDL2,gene,gene
SLC25A20,GGI,PDK4,gene,gene
SLC25A20,GGI,TCTA,gene,gene
SLC25A20,GGI,ETFA,gene,gene
SLC25A20,GGI,ACAA1,gene,gene
SLC25A20,GGI,PAFAH2,gene,gene
SLC25A20,GGI,SUCLG1,gene,gene
SLC25A20,GGI,ECH1,gene,gene
SLC25A20,GGI,NPRL2,gene,gene
SLC25A20,GGI,ABHD6,gene,gene
SLC25A20,GGI,PLIN2,gene,gene
SLC25A20,GGI,ALAS1,gene,gene
C5AR2,GGI,C5AR1,gene,gene
C5AR2,GGI,ADGRE3,gene,gene
C5AR2,GGI,MEFV,gene,gene
C5AR2,GGI,SIGLEC9,gene,gene
C5AR2,GGI,SLC11A1,gene,gene
C5AR2,GGI,CXCR1,gene,gene
C5AR2,GGI,FPR1,gene,gene
C5AR2,GGI,MYO1F,gene,gene
C5AR2,GGI,FPR2,gene,gene
C5AR2,GGI,CEACAM3,gene,gene
C5AR2,GGI,DPEP2,gene,gene
C5AR2,GGI,FFAR2,gene,gene
C5AR2,GGI,LILRA2,gene,gene
C5AR2,GGI,ADGRG3,gene,gene
C5AR2,GGI,PADI4,gene,gene
C5AR2,GGI,LILRB2,gene,gene
RNF19B,GGI,SUSD6,gene,gene
RNF19B,GGI,N4BP1,gene,gene
RNF19B,GGI,ZDHHC18,gene,gene
RNF19B,GGI,PLK3,gene,gene
RNF19B,GGI,RRAGC,gene,gene
RAF1,GGI,USP4,gene,gene
RAF1,GGI,IP6K1,gene,gene
RAF1,GGI,MKRN2,gene,gene
RAF1,GGI,ABHD5,gene,gene
RAF1,GGI,RBM23,gene,gene
RAF1,GGI,NR2C2,gene,gene
RAF1,GGI,WDR82,gene,gene
RAF1,GGI,CAPN7,gene,gene
RAF1,GGI,QRICH1,gene,gene
RAF1,GGI,TATDN2,gene,gene
RAF1,GGI,OXSR1,gene,gene
RAF1,GGI,USP19,gene,gene
RAF1,GGI,XPO6,gene,gene
RAF1,GGI,SETD5,gene,gene
RAF1,GGI,NUP98,gene,gene
RAF1,GGI,MTMR14,gene,gene
RAF1,GGI,AREL1,gene,gene
RAF1,GGI,UBAP1,gene,gene
RAF1,GGI,TRPC4AP,gene,gene
RAF1,GGI,DYNC1LI1,gene,gene
RAF1,GGI,SETD2,gene,gene
RAF1,GGI,NT5C2,gene,gene
RAF1,GGI,RNF10,gene,gene
RAF1,GGI,MAPK14,gene,gene
RAF1,GGI,RAB5A,gene,gene
RAF1,GGI,DCAF1,gene,gene
NOL3,GGI,HSF4,gene,gene
NOL3,GGI,FBXL8,gene,gene
NOL3,GGI,TRADD,gene,gene
NOL3,GGI,MAP3K6,gene,gene
ETS1,GGI,FLI1,gene,gene
ETS1,GGI,ELK3,gene,gene
ETS1,GGI,MSN,gene,gene
THAP11,GGI,IMP3,gene,gene
THAP11,GGI,CTCF,gene,gene
THAP11,GGI,E2F4,gene,gene
THAP11,GGI,UBL4A,gene,gene
THAP11,GGI,NFATC3,gene,gene
THAP11,GGI,EDC4,gene,gene
THAP11,GGI,ACD,gene,gene
THAP11,GGI,ZBTB14,gene,gene
THAP11,GGI,TMEM223,gene,gene
THAP11,GGI,RPUSD2,gene,gene
THAP11,GGI,SDHAF1,gene,gene
THAP11,GGI,PGP,gene,gene
THAP11,GGI,RBM15B,gene,gene
THAP11,GGI,THAP7,gene,gene
THAP11,GGI,ATMIN,gene,gene
THAP11,GGI,PARD6A,gene,gene
THAP11,GGI,MRPL34,gene,gene
THAP11,GGI,DNAAF2,gene,gene
THAP11,GGI,PRUNE1,gene,gene
THAP11,GGI,IRF2BP1,gene,gene
THAP11,GGI,INTS5,gene,gene
HOXD10,GGI,HOXD11,gene,gene
HOXD10,GGI,HOXD9,gene,gene
HOXD10,GGI,HOXD3,gene,gene
HOXD10,GGI,HOXA11,gene,gene
HOXD10,GGI,HOXC11,gene,gene
HOXD10,GGI,HOXA10,gene,gene
HOXD10,GGI,HOXC10,gene,gene
HOXD10,GGI,HOXA6,gene,gene
HOXD10,GGI,HOXC6,gene,gene
HOXD10,GGI,HOXB13,gene,gene
HOXD10,GGI,HOXC8,gene,gene
HOXD10,GGI,HOXB9,gene,gene
HOXD10,GGI,HOXC13,gene,gene
HOXD10,GGI,HOXA5,gene,gene
HOXD10,GGI,HOXB8,gene,gene
HOXD10,GGI,HOXD1,gene,gene
HOXD10,GGI,HAND2,gene,gene
HOXD10,GGI,HOXB5,gene,gene
SAP18,GGI,POMP,gene,gene
SAP18,GGI,MRPL57,gene,gene
SAP18,GGI,MED4,gene,gene
SAP18,GGI,ATP5MG,gene,gene
SAP18,GGI,SRP14,gene,gene
SAP18,GGI,SOD1,gene,gene
SAP18,GGI,MRPS31,gene,gene
SAP18,GGI,ATP6V1G1,gene,gene
SAP18,GGI,WBP4,gene,gene
SAP18,GGI,PSMB1,gene,gene
SAP18,GGI,LAMTOR5,gene,gene
SAP18,GGI,HMGB1,gene,gene
SAP18,GGI,RPL36AL,gene,gene
SAP18,GGI,RPL21,gene,gene
SAP18,GGI,BUD31,gene,gene
SAP18,GGI,UFM1,gene,gene
SAP18,GGI,C11orf58,gene,gene
SAP18,GGI,RNF6,gene,gene
SAP18,GGI,PSMD6,gene,gene
SAP18,GGI,UBB,gene,gene
SAP18,GGI,ERH,gene,gene
SAP18,GGI,MRPL18,gene,gene
SAP18,GGI,NEDD8,gene,gene
SAP18,GGI,RBM8A,gene,gene
SAP18,GGI,H3-3B,gene,gene
SAP18,GGI,SNRPC,gene,gene
SAP18,GGI,ZC3H13,gene,gene
SAP18,GGI,PSMC1,gene,gene
SAP18,GGI,IK,gene,gene
SAP18,GGI,DNAJA2,gene,gene
SAP18,GGI,HSBP1,gene,gene
SAP18,GGI,TPT1,gene,gene
SAP18,GGI,ESD,gene,gene
SAP18,GGI,PSPC1,gene,gene
SAP18,GGI,NDUFC1,gene,gene
SAP18,GGI,PSMB7,gene,gene
SAP18,GGI,MICU2,gene,gene
SAP18,GGI,SYF2,gene,gene
SAP18,GGI,ATP5ME,gene,gene
SAP18,GGI,PARK7,gene,gene
SAP18,GGI,DYNLL1,gene,gene
SAP18,GGI,HNRNPC,gene,gene
SAP18,GGI,DYNLT1,gene,gene
SAP18,GGI,NDUFB4,gene,gene
SAP18,GGI,BCAS2,gene,gene
SAP18,GGI,ATP6V1E1,gene,gene
SAP18,GGI,KARS1,gene,gene
SAP18,GGI,COX6A1,gene,gene
SAP18,GGI,CNBP,gene,gene
SAP18,GGI,LSM3,gene,gene
SAP18,GGI,SNRPD3,gene,gene
SAP18,GGI,ELOB,gene,gene
SAP18,GGI,SUCLA2,gene,gene
SAP18,GGI,UBL5,gene,gene
SAP18,GGI,MAGOH,gene,gene
SAP18,GGI,ENY2,gene,gene
SAP18,GGI,NGDN,gene,gene
SAP18,GGI,GTF3A,gene,gene
SAP18,GGI,ALG5,gene,gene
SAP18,GGI,PSMA5,gene,gene
SAP18,GGI,SUPT4H1,gene,gene
SAP18,GGI,COX6B1,gene,gene
SAP18,GGI,POLR2K,gene,gene
SAP18,GGI,COX7A2,gene,gene
SAP18,GGI,ATP5PD,gene,gene
SAP18,GGI,UBE2L3,gene,gene
SAP18,GGI,CHMP5,gene,gene
SAP18,GGI,SUMO1,gene,gene
SAP18,GGI,TMA7,gene,gene
SAP18,GGI,SNRPB2,gene,gene
SAP18,GGI,UQCR10,gene,gene
SAP18,GGI,PSMA6,gene,gene
OSGIN2,GGI,RIPK2,gene,gene
OSGIN2,GGI,NBN,gene,gene
OSGIN2,GGI,YTHDF3,gene,gene
OSGIN2,GGI,ATP6V1C1,gene,gene
OSGIN2,GGI,SNX16,gene,gene
OSGIN2,GGI,AZIN1,gene,gene
OSGIN2,GGI,KCMF1,gene,gene
OSGIN2,GGI,CYRIB,gene,gene
OSGIN2,GGI,RAB2A,gene,gene
OSGIN2,GGI,RNF139,gene,gene
OSGIN2,GGI,CHMP2B,gene,gene
OSGIN2,GGI,UBE2W,gene,gene
OSGIN2,GGI,RAB21,gene,gene
OSGIN2,GGI,COQ10B,gene,gene
OSGIN2,GGI,RNF19A,gene,gene
OSGIN2,GGI,TMEM70,gene,gene
DNAJC11,GGI,NOC2L,gene,gene
DNAJC11,GGI,MTOR,gene,gene
DNAJC11,GGI,MFN2,gene,gene
DNAJC11,GGI,EXOSC10,gene,gene
DNAJC11,GGI,LARS2,gene,gene
DNAJC11,GGI,MRTO4,gene,gene
DNAJC11,GGI,LRRC47,gene,gene
DNAJC11,GGI,EMC1,gene,gene
DNAJC11,GGI,NOP14,gene,gene
DNAJC11,GGI,PMPCA,gene,gene
DNAJC11,GGI,RBM19,gene,gene
DNAJC11,GGI,UBAP2L,gene,gene
DNAJC11,GGI,PDCD11,gene,gene
DNAJC11,GGI,MRPL20,gene,gene
DNAJC11,GGI,PANK4,gene,gene
DNAJC11,GGI,FTSJ3,gene,gene
DNAJC11,GGI,CEP104,gene,gene
DNAJC11,GGI,PPP5C,gene,gene
DNAJC11,GGI,EIF3B,gene,gene
DNAJC11,GGI,AFG3L2,gene,gene
DNAJC11,GGI,PEX14,gene,gene
DNAJC11,GGI,UBE4B,gene,gene
DNAJC11,GGI,MYBBP1A,gene,gene
DNAJC11,GGI,DHDDS,gene,gene
DNAJC11,GGI,MED24,gene,gene
DNAJC11,GGI,ACO2,gene,gene
DNAJC11,GGI,ATAD3A,gene,gene
DNAJC11,GGI,NAT10,gene,gene
DNAJC11,GGI,TSR1,gene,gene
DNAJC11,GGI,LETM1,gene,gene
DNAJC11,GGI,OGDH,gene,gene
DNAJC11,GGI,THRAP3,gene,gene
DNAJC11,GGI,ELAC2,gene,gene
DNAJC11,GGI,ELOA,gene,gene
DNAJC11,GGI,TCOF1,gene,gene
DNAJC11,GGI,KDM1A,gene,gene
DNAJC11,GGI,LAS1L,gene,gene
DNAJC11,GGI,DFFA,gene,gene
DNAJC11,GGI,CLUH,gene,gene
DNAJC11,GGI,EWSR1,gene,gene
DNAJC11,GGI,GATB,gene,gene
DNAJC11,GGI,EIF2B3,gene,gene
DNAJC11,GGI,NUDC,gene,gene
DNAJC11,GGI,EIF4G1,gene,gene
DNAJC11,GGI,DNAJA3,gene,gene
DNAJC11,GGI,MECR,gene,gene
DNAJC11,GGI,CDK11A,gene,gene
DNAJC11,GGI,LONP1,gene,gene
DNAJC11,GGI,GLYR1,gene,gene
DNAJC11,GGI,SZRD1,gene,gene
DNAJC11,GGI,SF3A3,gene,gene
DNAJC11,GGI,PRPF31,gene,gene
DNAJC11,GGI,POLR3B,gene,gene
DNAJC11,GGI,CTPS1,gene,gene
DNAJC11,GGI,SDHB,gene,gene
DNAJC11,GGI,GCN1,gene,gene
DNAJC11,GGI,IDH3B,gene,gene
DNAJC11,GGI,DNAJC16,gene,gene
DNAJC11,GGI,PPIL2,gene,gene
DNAJC11,GGI,MAEA,gene,gene
DNAJC11,GGI,UQCC1,gene,gene
DNAJC11,GGI,DDX19A,gene,gene
DNAJC11,GGI,GPATCH3,gene,gene
DNAJC11,GGI,DPH2,gene,gene
DNAJC11,GGI,NUP188,gene,gene
DNAJC11,GGI,NDUFA10,gene,gene
DNAJC11,GGI,PSMD1,gene,gene
DNAJC11,GGI,TOMM40,gene,gene
DNAJC11,GGI,TBRG4,gene,gene
DNAJC11,GGI,COQ9,gene,gene
DNAJC11,GGI,ABCF1,gene,gene
DNAJC11,GGI,IMMT,gene,gene
DNAJC11,GGI,INTS11,gene,gene
DNAJC11,GGI,SDF4,gene,gene
DNAJC11,GGI,USP5,gene,gene
DNAJC11,GGI,MUL1,gene,gene
DNAJC11,GGI,TRMT1,gene,gene
DNAJC11,GGI,DDX23,gene,gene
DNAJC11,GGI,SUPT6H,gene,gene
PGP,GGI,ANTKMT,gene,gene
PGP,GGI,MRPS34,gene,gene
PGP,GGI,STUB1,gene,gene
PGP,GGI,TSR3,gene,gene
PGP,GGI,PHKG2,gene,gene
PGP,GGI,TMEM160,gene,gene
PGP,GGI,RAB40C,gene,gene
PGP,GGI,CENPX,gene,gene
PGP,GGI,GFER,gene,gene
PGP,GGI,RHOT2,gene,gene
PGP,GGI,HAGH,gene,gene
PGP,GGI,PAQR4,gene,gene
PGP,GGI,POP7,gene,gene
PGP,GGI,LSM4,gene,gene
PGP,GGI,ECI1,gene,gene
PGP,GGI,RECQL4,gene,gene
PGP,GGI,NME3,gene,gene
PGP,GGI,PIGQ,gene,gene
PGP,GGI,PCYT2,gene,gene
PGP,GGI,E4F1,gene,gene
PGP,GGI,NUBP2,gene,gene
PGP,GGI,MRPL41,gene,gene
PGP,GGI,THAP11,gene,gene
PGP,GGI,POLR3K,gene,gene
PGP,GGI,MLST8,gene,gene
PGP,GGI,SLC25A10,gene,gene
PGP,GGI,NR2F6,gene,gene
PGP,GGI,TEDC2,gene,gene
PGP,GGI,DUS1L,gene,gene
ZNF674,GGI,KRBOX4,gene,gene
ZNF674,GGI,MOSPD2,gene,gene
ZNF674,GGI,ZNF41,gene,gene
ZNF674,GGI,ZNF81,gene,gene
ZNF674,GGI,TFE3,gene,gene
RNF25,GGI,SAP30BP,gene,gene
RNF25,GGI,ZNF408,gene,gene
RNF25,GGI,SUGP1,gene,gene
RNF25,GGI,ALKBH1,gene,gene
RNF25,GGI,ATG16L1,gene,gene
RNF25,GGI,CD2BP2,gene,gene
RNF25,GGI,EIF2B4,gene,gene
RNF25,GGI,ERCC3,gene,gene
RNF25,GGI,ASB6,gene,gene
RNF25,GGI,BRMS1,gene,gene
RNF25,GGI,ABCF3,gene,gene
RNF25,GGI,TFIP11,gene,gene
RNF25,GGI,BRPF1,gene,gene
RNF25,GGI,GPATCH3,gene,gene
RNF25,GGI,TOE1,gene,gene
RNF25,GGI,GPN2,gene,gene
RNF25,GGI,HARS1,gene,gene
RNF25,GGI,RIC8A,gene,gene
RNF25,GGI,PCGF1,gene,gene
RNF25,GGI,DDX56,gene,gene
RNF25,GGI,EIF2B2,gene,gene
RNF25,GGI,LIN37,gene,gene
RNF25,GGI,ARFIP2,gene,gene
RNF25,GGI,ZNF174,gene,gene
RNF25,GGI,ADRM1,gene,gene
RNF25,GGI,ATG101,gene,gene
RNF25,GGI,ZNF142,gene,gene
RNF25,GGI,COPS7B,gene,gene
RNF25,GGI,TIMM22,gene,gene
RNF25,GGI,TMEM115,gene,gene
RNF25,GGI,AAR2,gene,gene
RNF25,GGI,C12orf43,gene,gene
RNF25,GGI,MOCS3,gene,gene
RNF25,GGI,WDR73,gene,gene
RNF25,GGI,ZNF79,gene,gene
RNF25,GGI,RAB35,gene,gene
RNF25,GGI,ZKSCAN5,gene,gene
RNF25,GGI,MRPL46,gene,gene
RNF25,GGI,SLC25A44,gene,gene
RNF25,GGI,TTI2,gene,gene
RNF25,GGI,WDR46,gene,gene
RNF25,GGI,TBP,gene,gene
RNF25,GGI,MFSD5,gene,gene
RNF25,GGI,RAE1,gene,gene
RNF25,GGI,MED8,gene,gene
PPFIA1,GGI,PPP6R3,gene,gene
PPFIA1,GGI,STX3,gene,gene
PPFIA1,GGI,CEP104,gene,gene
PPFIA1,GGI,CCDC93,gene,gene
PPFIA1,GGI,UBN1,gene,gene
PPFIA1,GGI,SPAG9,gene,gene
PPFIA1,GGI,CTTN,gene,gene
PPFIA1,GGI,PHF20L1,gene,gene
PPFIA1,GGI,ANKLE2,gene,gene
PPFIA1,GGI,KMT5B,gene,gene
PPFIA1,GGI,CLIP1,gene,gene
MAGEL2,GGI,NDN,gene,gene
MAGEL2,GGI,TRO,gene,gene
MAGEL2,GGI,GPR173,gene,gene
TGM2,GGI,TNS1,gene,gene
DCAF17,GGI,METTL8,gene,gene
DCAF17,GGI,ANAPC1,gene,gene
DCAF17,GGI,TLK1,gene,gene
DCAF17,GGI,ICE2,gene,gene
DCAF17,GGI,GCFC2,gene,gene
DCAF17,GGI,PIKFYVE,gene,gene
DCAF17,GGI,ORC2,gene,gene
DCAF17,GGI,TTC21B,gene,gene
DCAF17,GGI,PUS7L,gene,gene
DCAF17,GGI,ATF2,gene,gene
MYO10,GGI,SASH1,gene,gene
MYO10,GGI,TJP1,gene,gene
DYM,GGI,SMAD2,gene,gene
DYM,GGI,PIGN,gene,gene
DYM,GGI,NBAS,gene,gene
DYM,GGI,COG5,gene,gene
DYM,GGI,TXNL1,gene,gene
DYM,GGI,PIAS2,gene,gene
DYM,GGI,MAP2K5,gene,gene
DYM,GGI,WDR7,gene,gene
DYM,GGI,RHOT1,gene,gene
DYM,GGI,SMAD4,gene,gene
DYM,GGI,CCNI,gene,gene
DYM,GGI,SND1,gene,gene
DYM,GGI,CCNG1,gene,gene
DYM,GGI,POLI,gene,gene
DYM,GGI,BBS9,gene,gene
DYM,GGI,PSMG2,gene,gene
DYM,GGI,LMAN1,gene,gene
DYM,GGI,SMAP1,gene,gene
DYM,GGI,GDI2,gene,gene
DYM,GGI,MBD2,gene,gene
DYM,GGI,GID4,gene,gene
DYM,GGI,EEF2,gene,gene
HECTD3,GGI,IPO13,gene,gene
HECTD3,GGI,UROD,gene,gene
HECTD3,GGI,DHDDS,gene,gene
HECTD3,GGI,CNPPD1,gene,gene
HECTD3,GGI,MAST2,gene,gene
HECTD3,GGI,ZSWIM8,gene,gene
HECTD3,GGI,MCOLN1,gene,gene
HECTD3,GGI,ATG9A,gene,gene
HECTD3,GGI,SZT2,gene,gene
HECTD3,GGI,KPNA6,gene,gene
HECTD3,GGI,RNF123,gene,gene
HECTD3,GGI,ZFYVE26,gene,gene
HECTD3,GGI,SEC24C,gene,gene
HECTD3,GGI,WASF2,gene,gene
HECTD3,GGI,EFCAB14,gene,gene
HECTD3,GGI,TBC1D13,gene,gene
HECTD3,GGI,ATP13A2,gene,gene
HECTD3,GGI,CEP104,gene,gene
HECTD3,GGI,LZTR1,gene,gene
HECTD3,GGI,PPP2R5B,gene,gene
HECTD3,GGI,AP3D1,gene,gene
HECTD3,GGI,ASCC2,gene,gene
HECTD3,GGI,FLII,gene,gene
HECTD3,GGI,ELOVL1,gene,gene
HECTD3,GGI,TMEM214,gene,gene
HECTD3,GGI,RANBP10,gene,gene
FAM124B,GGI,ARHGEF15,gene,gene
FAM124B,GGI,MYCT1,gene,gene
FAM124B,GGI,CD93,gene,gene
FAM124B,GGI,NOTCH4,gene,gene
FAM124B,GGI,CLDN5,gene,gene
FAM124B,GGI,PCDH12,gene,gene
FAM124B,GGI,TIE1,gene,gene
FAM124B,GGI,CDH5,gene,gene
FAM124B,GGI,VWF,gene,gene
FAM124B,GGI,TEK,gene,gene
FAM124B,GGI,GIMAP6,gene,gene
ORC4,GGI,MARCHF7,gene,gene
ORC4,GGI,OLA1,gene,gene
ORC4,GGI,MMADHC,gene,gene
ORC4,GGI,CRIPT,gene,gene
ORC4,GGI,RPAP3,gene,gene
ORC4,GGI,METTL5,gene,gene
ORC4,GGI,ACTR6,gene,gene
ORC4,GGI,ZC3H15,gene,gene
ORC4,GGI,ASNSD1,gene,gene
ORC4,GGI,XPO1,gene,gene
ORC4,GGI,FASTKD2,gene,gene
ORC4,GGI,TBPL1,gene,gene
ORC4,GGI,TXNDC9,gene,gene
ORC4,GGI,CAPZA2,gene,gene
ORC4,GGI,TTC21B,gene,gene
ORC4,GGI,PTPN4,gene,gene
ORC4,GGI,PRKRA,gene,gene
ORC4,GGI,SPAST,gene,gene
ORC4,GGI,CGRRF1,gene,gene
ORC4,GGI,RCHY1,gene,gene
ORC4,GGI,MICU2,gene,gene
ORC4,GGI,PDCD10,gene,gene
ORC4,GGI,VBP1,gene,gene
ORC4,GGI,CCNT2,gene,gene
ORC4,GGI,ZFAND6,gene,gene
ORC4,GGI,VPS26A,gene,gene
ORC4,GGI,FASTKD1,gene,gene
ORC4,GGI,SSB,gene,gene
ORC4,GGI,HIBCH,gene,gene
ORC4,GGI,PRPF40A,gene,gene
ORC4,GGI,MYNN,gene,gene
ORC4,GGI,TPRKB,gene,gene
ORC4,GGI,MAIP1,gene,gene
ORC4,GGI,MTX2,gene,gene
ORC4,GGI,ORC2,gene,gene
HMOX2,GGI,HARS1,gene,gene
HMOX2,GGI,DNAJA3,gene,gene
HMOX2,GGI,CIAPIN1,gene,gene
HMOX2,GGI,MRPL28,gene,gene
HMOX2,GGI,MRPS34,gene,gene
HMOX2,GGI,ZNF174,gene,gene
HMOX2,GGI,OSTF1,gene,gene
UBE2E3,GGI,TPGS2,gene,gene
NLRP1,GGI,DGKA,gene,gene
NLRP1,GGI,DPEP2,gene,gene
NLRP1,GGI,PLCB2,gene,gene
NLRP1,GGI,ARHGEF1,gene,gene
NLRP1,GGI,ADCY7,gene,gene
ARHGAP4,GGI,ARHGAP45,gene,gene
ARHGAP4,GGI,ACAP1,gene,gene
ARHGAP4,GGI,DEF6,gene,gene
ARHGAP4,GGI,MAP4K1,gene,gene
ARHGAP4,GGI,TMC6,gene,gene
ARHGAP4,GGI,PLCB2,gene,gene
ARHGAP4,GGI,WAS,gene,gene
ARHGAP4,GGI,ATP2A3,gene,gene
ARHGAP4,GGI,ARHGEF1,gene,gene
ARHGAP4,GGI,DENND1C,gene,gene
ARHGAP4,GGI,VAV1,gene,gene
ARHGAP4,GGI,SASH3,gene,gene
ARHGAP4,GGI,LIMD2,gene,gene
ARHGAP4,GGI,TAFAZZIN,gene,gene
ARHGAP4,GGI,SIPA1,gene,gene
ARHGAP4,GGI,PTPN6,gene,gene
ARHGAP4,GGI,MFNG,gene,gene
ARHGAP4,GGI,HCLS1,gene,gene
ARHGAP4,GGI,CORO7,gene,gene
ARHGAP4,GGI,PGGHG,gene,gene
ARHGAP4,GGI,ITGB2,gene,gene
ARHGAP4,GGI,MYO1F,gene,gene
ARHGAP4,GGI,MYO15B,gene,gene
ARHGAP4,GGI,ABCA7,gene,gene
ARHGAP4,GGI,RGS14,gene,gene
CYP2E1,GGI,ITIH4,gene,gene
CBR1,GGI,CBR3,gene,gene
CBR1,GGI,ALDH3A2,gene,gene
CBR1,GGI,SOD1,gene,gene
CBR1,GGI,HTATIP2,gene,gene
ASB1,GGI,FAM168B,gene,gene
ASB1,GGI,RGP1,gene,gene
LRFN4,GGI,CCDC85B,gene,gene
LRFN4,GGI,ZNF668,gene,gene
LRFN4,GGI,CAPN15,gene,gene
LRFN4,GGI,MFSD10,gene,gene
LRFN4,GGI,B4GALT2,gene,gene
LRFN4,GGI,PPP1R14B,gene,gene
KATNIP,GGI,IQCE,gene,gene
KATNIP,GGI,SZT2,gene,gene
KATNIP,GGI,IQCK,gene,gene
KATNIP,GGI,RNF40,gene,gene
KATNIP,GGI,TAOK2,gene,gene
KATNIP,GGI,UBN1,gene,gene
KATNIP,GGI,GTF3C1,gene,gene
KATNIP,GGI,BBS1,gene,gene
KATNIP,GGI,ZNF646,gene,gene
KATNIP,GGI,ANKS1A,gene,gene
KATNIP,GGI,GLYR1,gene,gene
KATNIP,GGI,COG7,gene,gene
KATNIP,GGI,NPHP4,gene,gene
KATNIP,GGI,TECPR2,gene,gene
KATNIP,GGI,IQCG,gene,gene
KATNIP,GGI,CLBA1,gene,gene
KATNIP,GGI,CUL9,gene,gene
KATNIP,GGI,GALNS,gene,gene
KATNIP,GGI,NEK11,gene,gene
KATNIP,GGI,CABIN1,gene,gene
KATNIP,GGI,CLEC16A,gene,gene
KATNIP,GGI,VPS39,gene,gene
KATNIP,GGI,MAU2,gene,gene
KATNIP,GGI,PLEKHM1,gene,gene
KATNIP,GGI,GAS8,gene,gene
KATNIP,GGI,C2CD3,gene,gene
KATNIP,GGI,CEP164,gene,gene
KATNIP,GGI,ACAD10,gene,gene
KATNIP,GGI,SNX29,gene,gene
KATNIP,GGI,ZFYVE26,gene,gene
KATNIP,GGI,CSTPP1,gene,gene
SCRG1,GGI,PMP2,gene,gene
PIK3R2,GGI,CARM1,gene,gene
PIK3R2,GGI,WIZ,gene,gene
PIK3R2,GGI,STK11,gene,gene
PIK3R2,GGI,BTBD2,gene,gene
PIK3R2,GGI,MXD4,gene,gene
PIK3R2,GGI,TTLL12,gene,gene
PIK3R2,GGI,MAST3,gene,gene
PIK3R2,GGI,NFIX,gene,gene
PIK3R2,GGI,FKBP8,gene,gene
PIK3R2,GGI,CC2D1A,gene,gene
PIK3R2,GGI,LRFN3,gene,gene
PIK3R2,GGI,SMARCA4,gene,gene
PIK3R2,GGI,NPRL3,gene,gene
PIK3R2,GGI,PRDX2,gene,gene
PIK3R2,GGI,ATP13A1,gene,gene
PIK3R2,GGI,CIZ1,gene,gene
PIK3R2,GGI,KHSRP,gene,gene
PIK3R2,GGI,AGPAT1,gene,gene
PIK3R2,GGI,SH3GL1,gene,gene
PIK3R2,GGI,FOXRED2,gene,gene
VPS4B,GGI,PIK3C3,gene,gene
VPS4B,GGI,NARS1,gene,gene
VPS4B,GGI,TRAPPC8,gene,gene
VPS4B,GGI,KDSR,gene,gene
VPS4B,GGI,SMAD4,gene,gene
VPS4B,GGI,CTDP1,gene,gene
VPS4B,GGI,RAB22A,gene,gene
VPS4B,GGI,FBXO28,gene,gene
VPS4B,GGI,SS18,gene,gene
VPS4B,GGI,CHMP1B,gene,gene
VPS4B,GGI,RIOK3,gene,gene
VPS4B,GGI,ABI1,gene,gene
VPS4B,GGI,ZNF24,gene,gene
VPS4B,GGI,STXBP3,gene,gene
VPS4B,GGI,SOCS6,gene,gene
VPS4B,GGI,MBD1,gene,gene
VPS4B,GGI,ARK2N,gene,gene
VPS4B,GGI,SYF2,gene,gene
VPS4B,GGI,BNIP2,gene,gene
VPS4B,GGI,SERPINB8,gene,gene
VPS4B,GGI,CRNKL1,gene,gene
VPS4B,GGI,BCL10,gene,gene
VPS4B,GGI,ARFIP1,gene,gene
VPS4B,GGI,VPS26A,gene,gene
VPS4B,GGI,GALNT1,gene,gene
IDS,GGI,GDI1,gene,gene
IDS,GGI,MECP2,gene,gene
GFPT2,GGI,COL6A2,gene,gene
GFPT2,GGI,COL6A1,gene,gene
RPS10,GGI,RPL27,gene,gene
RPS10,GGI,RPL35,gene,gene
RPS10,GGI,RPS17,gene,gene
RPS10,GGI,RPS15A,gene,gene
RPS10,GGI,RPS21,gene,gene
RPS10,GGI,RPS18,gene,gene
RPS10,GGI,RPS11,gene,gene
RPS10,GGI,RPS19,gene,gene
RPS10,GGI,RPL38,gene,gene
RPS10,GGI,RPS5,gene,gene
RPS10,GGI,RPL30,gene,gene
RPS10,GGI,RPL10A,gene,gene
RPS10,GGI,RPL36A,gene,gene
RPS10,GGI,RPS14,gene,gene
RPS10,GGI,RPLP0,gene,gene
RPS10,GGI,RPS7,gene,gene
RPS10,GGI,RPS8,gene,gene
RPS10,GGI,RPL24,gene,gene
RPS10,GGI,RPS27A,gene,gene
RPS10,GGI,RPS27,gene,gene
RPS10,GGI,RPL13A,gene,gene
RPS10,GGI,RPL35A,gene,gene
RPS10,GGI,RPS20,gene,gene
RPS10,GGI,RPL12,gene,gene
RPS10,GGI,RPLP2,gene,gene
RPS10,GGI,RPL17,gene,gene
RPS10,GGI,RPL21,gene,gene
RPS10,GGI,RPL34,gene,gene
RPS10,GGI,RPS29,gene,gene
RPS10,GGI,RPL18,gene,gene
RPS10,GGI,RPS16,gene,gene
RPS10,GGI,RPL11,gene,gene
RPS10,GGI,RPL39,gene,gene
RPS10,GGI,RPL36,gene,gene
RPS10,GGI,RPLP1,gene,gene
RPS10,GGI,RPL23A,gene,gene
RPS10,GGI,UBA52,gene,gene
RPS10,GGI,RPS6,gene,gene
RPS10,GGI,RPL7A,gene,gene
RPS10,GGI,RPS12,gene,gene
RPS10,GGI,RPS15,gene,gene
RPS10,GGI,RPL9,gene,gene
RPS10,GGI,RPS3,gene,gene
RPS10,GGI,RPL26,gene,gene
RPS10,GGI,RPSA,gene,gene
RPS10,GGI,RPL5,gene,gene
RPS10,GGI,FAU,gene,gene
RPS10,GGI,RPS25,gene,gene
RPS10,GGI,RPL19,gene,gene
RPS10,GGI,RPL6,gene,gene
RPS10,GGI,RPL8,gene,gene
RPS10,GGI,RPS13,gene,gene
RPS10,GGI,RPL37A,gene,gene
RPS10,GGI,RPL29,gene,gene
RPS10,GGI,RACK1,gene,gene
RPS10,GGI,RPS2,gene,gene
RPS10,GGI,RPL14,gene,gene
RPS10,GGI,EEF1B2,gene,gene
RPS10,GGI,RPL32,gene,gene
RPS10,GGI,RPS3A,gene,gene
RPS10,GGI,RPS28,gene,gene
RPS10,GGI,RPL7,gene,gene
RPS10,GGI,RPS24,gene,gene
RPS10,GGI,RPL10,gene,gene
RPS10,GGI,RPL3,gene,gene
RPS10,GGI,RPL37,gene,gene
RPS10,GGI,RPL15,gene,gene
RPS10,GGI,RPS23,gene,gene
RPS10,GGI,SNRPD2,gene,gene
RPS10,GGI,RPL27A,gene,gene
RPS10,GGI,RPS4X,gene,gene
RPS10,GGI,RPL13,gene,gene
RPS10,GGI,RPL31,gene,gene
RPS10,GGI,RPS9,gene,gene
RPS10,GGI,NACA,gene,gene
RPS10,GGI,PFDN5,gene,gene
RPS10,GGI,SNHG32,gene,gene
RPS10,GGI,UXT,gene,gene
RPS10,GGI,TPT1,gene,gene
RPS10,GGI,RPL22,gene,gene
RPS10,GGI,EEF1D,gene,gene
RPS10,GGI,BTF3,gene,gene
RPS10,GGI,HINT1,gene,gene
RPS10,GGI,EEF1A1,gene,gene
RPS10,GGI,COX4I1,gene,gene
RPS10,GGI,COX7C,gene,gene
RPS10,GGI,EIF3H,gene,gene
RPS10,GGI,FBL,gene,gene
RPS10,GGI,EEF2,gene,gene
RPS10,GGI,EIF3K,gene,gene
RPS10,GGI,NOP53,gene,gene
RPS10,GGI,RPL4,gene,gene
RPS10,GGI,RPL28,gene,gene
RPS10,GGI,EIF3E,gene,gene
RPS10,GGI,RPS26,gene,gene
RPS10,GGI,EIF3L,gene,gene
RPS10,GGI,SLC25A6,gene,gene
RPS10,GGI,EIF4B,gene,gene
RPS10,GGI,RPL36AL,gene,gene
RPS10,GGI,ATP5ME,gene,gene
RPS10,GGI,EIF3D,gene,gene
RPS10,GGI,UBL5,gene,gene
RPS10,GGI,ATP5MC2,gene,gene
RPS10,GGI,EIF3G,gene,gene
RPS10,GGI,ATP5PO,gene,gene
RPS10,GGI,NSA2,gene,gene
RPS10,GGI,TMA7,gene,gene
RPS10,GGI,ATP5MG,gene,gene
RPS10,GGI,COX7A2,gene,gene
RPS10,GGI,IMPDH2,gene,gene
RPS10,GGI,SF3B5,gene,gene
RPS10,GGI,IGBP1,gene,gene
RPS10,GGI,UQCRH,gene,gene
RPS10,GGI,ATP5MJ,gene,gene
RPS10,GGI,UQCR11,gene,gene
RPS10,GGI,HNRNPA1,gene,gene
RPS10,GGI,SNRPE,gene,gene
RPS10,GGI,QARS1,gene,gene
RPS10,GGI,NENF,gene,gene
RPS10,GGI,PHB2,gene,gene
RPS10,GGI,PABPC1,gene,gene
RPS10,GGI,C19orf53,gene,gene
RPS10,GGI,ELOB,gene,gene
RPS10,GGI,SSR4,gene,gene
RPS10,GGI,TMEM258,gene,gene
RPS10,GGI,PPIA,gene,gene
RPS10,GGI,SSR2,gene,gene
RPS10,GGI,UQCRQ,gene,gene
RPS10,GGI,TMSB10,gene,gene
RPS10,GGI,SEC11A,gene,gene
RPS10,GGI,PFDN6,gene,gene
RPS10,GGI,EDF1,gene,gene
RPS10,GGI,RSL24D1,gene,gene
RPS10,GGI,LSM7,gene,gene
RPS10,GGI,EIF3M,gene,gene
RPS10,GGI,NAP1L1,gene,gene
LTBP2,GGI,MRC2,gene,gene
LTBP2,GGI,COL8A1,gene,gene
LTBP2,GGI,MMP2,gene,gene
LTBP2,GGI,ITGBL1,gene,gene
LTBP2,GGI,COL5A1,gene,gene
LTBP2,GGI,BGN,gene,gene
LTBP2,GGI,COL1A1,gene,gene
LTBP2,GGI,ISLR,gene,gene
LTBP2,GGI,SRPX2,gene,gene
LTBP2,GGI,GAS6,gene,gene
AIFM1,GGI,PDHA1,gene,gene
AIFM1,GGI,FH,gene,gene
AIFM1,GGI,DLD,gene,gene
AIFM1,GGI,NDUFS1,gene,gene
AIFM1,GGI,ATP5F1A,gene,gene
AIFM1,GGI,APOO,gene,gene
AIFM1,GGI,IMMT,gene,gene
AIFM1,GGI,NDUFS2,gene,gene
AIFM1,GGI,NFS1,gene,gene
AIFM1,GGI,SLC25A5,gene,gene
AIFM1,GGI,NDUFV1,gene,gene
AIFM1,GGI,UQCRC2,gene,gene
AIFM1,GGI,ATP5F1B,gene,gene
AIFM1,GGI,ACAT1,gene,gene
AIFM1,GGI,NSDHL,gene,gene
AIFM1,GGI,HSD17B10,gene,gene
AIFM1,GGI,PCCB,gene,gene
AIFM1,GGI,GOT2,gene,gene
AIFM1,GGI,SDHA,gene,gene
AIFM1,GGI,ETFA,gene,gene
AIFM1,GGI,ECHS1,gene,gene
AIFM1,GGI,MTHFD1,gene,gene
AIFM1,GGI,HSD17B4,gene,gene
AIFM1,GGI,HTATSF1,gene,gene
AIFM1,GGI,NDUFA1,gene,gene
AIFM1,GGI,ABCB7,gene,gene
AIFM1,GGI,HIBCH,gene,gene
AIFM1,GGI,ETFDH,gene,gene
AIFM1,GGI,IARS2,gene,gene
AIFM1,GGI,HADH,gene,gene
AIFM1,GGI,NDUFA8,gene,gene
AIFM1,GGI,SUCLG1,gene,gene
AIFM1,GGI,SAMM50,gene,gene
AIFM1,GGI,DECR1,gene,gene
AIFM1,GGI,MDH1,gene,gene
AIFM1,GGI,ENOX2,gene,gene
AIFM1,GGI,RBBP7,gene,gene
AIFM1,GGI,RBMX2,gene,gene
AIFM1,GGI,ATG4A,gene,gene
AIFM1,GGI,LAS1L,gene,gene
AIFM1,GGI,ATP5MC3,gene,gene
AIFM1,GGI,UQCRFS1,gene,gene
AIFM1,GGI,COQ9,gene,gene
AIFM1,GGI,NDUFS3,gene,gene
AIFM1,GGI,BCAP31,gene,gene
AIFM1,GGI,MTCH2,gene,gene
AIFM1,GGI,TUFM,gene,gene
AIFM1,GGI,SDHB,gene,gene
AIFM1,GGI,NDUFA10,gene,gene
AIFM1,GGI,NDUFA9,gene,gene
AIFM1,GGI,HADHA,gene,gene
AIFM1,GGI,NDUFAF1,gene,gene
AIFM1,GGI,AFG3L2,gene,gene
AIFM1,GGI,ELAC2,gene,gene
AIFM1,GGI,IDH3G,gene,gene
AIFM1,GGI,COQ3,gene,gene
AIFM1,GGI,EBP,gene,gene
AIFM1,GGI,HADHB,gene,gene
AIFM1,GGI,ATP5F1C,gene,gene
AIFM1,GGI,NUDT9,gene,gene
AIFM1,GGI,PRPS1,gene,gene
AIFM1,GGI,IDH3B,gene,gene
AIFM1,GGI,ACO2,gene,gene
FGL2,GGI,IGSF6,gene,gene
FGL2,GGI,MNDA,gene,gene
FGL2,GGI,P2RY13,gene,gene
FGL2,GGI,MS4A6A,gene,gene
FGL2,GGI,CCR2,gene,gene
FGL2,GGI,TLR8,gene,gene
FGL2,GGI,TASL,gene,gene
FGL2,GGI,CYBB,gene,gene
FGL2,GGI,CYSLTR1,gene,gene
FGL2,GGI,CD86,gene,gene
FGL2,GGI,P2RY14,gene,gene
FGL2,GGI,AOAH,gene,gene
FGL2,GGI,CLEC7A,gene,gene
FGL2,GGI,MARCHF1,gene,gene
B4GALT4,GGI,UPK1B,gene,gene
B4GALT4,GGI,TMEM39A,gene,gene
MGAT2,GGI,DNAAF2,gene,gene
MGAT2,GGI,TXNDC15,gene,gene
MGAT2,GGI,FICD,gene,gene
MGAT2,GGI,DOLK,gene,gene
MGAT2,GGI,TBL2,gene,gene
MGAT2,GGI,ARF6,gene,gene
MGAT2,GGI,MANF,gene,gene
MGAT2,GGI,SRP54,gene,gene
MGAT2,GGI,TMED2,gene,gene
MGAT2,GGI,MAGT1,gene,gene
MGAT2,GGI,RPL36AL,gene,gene
MGAT2,GGI,SLC33A1,gene,gene
MGAT2,GGI,TMED7,gene,gene
MGAT2,GGI,DNAJB9,gene,gene
MGAT2,GGI,TMED10,gene,gene
MGAT2,GGI,PCNX4,gene,gene
MGAT2,GGI,HSPA13,gene,gene
MGAT2,GGI,SPCS3,gene,gene
THOC5,GGI,ADSL,gene,gene
THOC5,GGI,TFIP11,gene,gene
THOC5,GGI,EIF3D,gene,gene
THOC5,GGI,DRG1,gene,gene
THOC5,GGI,SAMM50,gene,gene
THOC5,GGI,PES1,gene,gene
THOC5,GGI,UFD1,gene,gene
THOC5,GGI,PRMT5,gene,gene
THOC5,GGI,PSMD4,gene,gene
THOC5,GGI,PPP6R2,gene,gene
THOC5,GGI,HIRA,gene,gene
THOC5,GGI,ASCC2,gene,gene
THOC5,GGI,SUGP1,gene,gene
THOC5,GGI,CDC123,gene,gene
THOC5,GGI,SF3A1,gene,gene
THOC5,GGI,DCTN1,gene,gene
THOC5,GGI,POLR3C,gene,gene
KLHDC3,GGI,RNF5,gene,gene
KLHDC3,GGI,PPP2R5D,gene,gene
KLHDC3,GGI,TAF11,gene,gene
KLHDC3,GGI,RXRB,gene,gene
KLHDC3,GGI,PIH1D1,gene,gene
KLHDC3,GGI,BABAM1,gene,gene
KLHDC3,GGI,MTCH1,gene,gene
KLHDC3,GGI,WIPI2,gene,gene
KLHDC3,GGI,MRPL2,gene,gene
KLHDC3,GGI,COQ8A,gene,gene
KLHDC3,GGI,MEA1,gene,gene
KLHDC3,GGI,YIPF3,gene,gene
KLHDC3,GGI,PRUNE1,gene,gene
KLHDC3,GGI,HDAC5,gene,gene
KLHDC3,GGI,AGPAT1,gene,gene
KLHDC3,GGI,EHMT2,gene,gene
KLHDC3,GGI,CUTA,gene,gene
KLHDC3,GGI,MED20,gene,gene
KLHDC3,GGI,DCAF11,gene,gene
KLHDC3,GGI,NELFB,gene,gene
KLHDC3,GGI,ILRUN,gene,gene
KLHDC3,GGI,CTDSP2,gene,gene
KLHDC3,GGI,NUDT3,gene,gene
KLHDC3,GGI,CSNK2B,gene,gene
KLHDC3,GGI,LSM2,gene,gene
KLHDC3,GGI,BAP1,gene,gene
UPF1,GGI,CHERP,gene,gene
UPF1,GGI,TNPO2,gene,gene
UPF1,GGI,TRIM28,gene,gene
UPF1,GGI,XAB2,gene,gene
UPF1,GGI,DNM2,gene,gene
UPF1,GGI,SMG5,gene,gene
UPF1,GGI,GATAD2A,gene,gene
UPF1,GGI,MAU2,gene,gene
UPF1,GGI,ZNF282,gene,gene
UPF1,GGI,U2AF2,gene,gene
UPF1,GGI,PPP6R1,gene,gene
UPF1,GGI,ZNF574,gene,gene
UPF1,GGI,KLHL21,gene,gene
UPF1,GGI,AP3D1,gene,gene
UPF1,GGI,STRN4,gene,gene
UPF1,GGI,DHX34,gene,gene
UPF1,GGI,SGTA,gene,gene
UPF1,GGI,USP19,gene,gene
UPF1,GGI,ATP13A1,gene,gene
UPF1,GGI,MAP1S,gene,gene
UPF1,GGI,IP6K1,gene,gene
UPF1,GGI,MLLT1,gene,gene
UPF1,GGI,EDC4,gene,gene
UPF1,GGI,RANBP3,gene,gene
UPF1,GGI,SART1,gene,gene
UPF1,GGI,SIN3B,gene,gene
UPF1,GGI,FZR1,gene,gene
UPF1,GGI,DCAF15,gene,gene
UPF1,GGI,KMT2B,gene,gene
UPF1,GGI,RBM10,gene,gene
UPF1,GGI,SAFB,gene,gene
UPF1,GGI,PIAS4,gene,gene
UPF1,GGI,POLR2A,gene,gene
UPF1,GGI,CTDP1,gene,gene
UPF1,GGI,SUPT5H,gene,gene
UPF1,GGI,TOP3A,gene,gene
UPF1,GGI,GMEB2,gene,gene
UPF1,GGI,CLUH,gene,gene
UPF1,GGI,GCN1,gene,gene
UPF1,GGI,KHSRP,gene,gene
UPF1,GGI,SYMPK,gene,gene
UPF1,GGI,WIZ,gene,gene
UPF1,GGI,POLG,gene,gene
UPF1,GGI,SMARCA4,gene,gene
UPF1,GGI,GAK,gene,gene
UPF1,GGI,PTBP1,gene,gene
UPF1,GGI,KMT2D,gene,gene
UPF1,GGI,SUGP1,gene,gene
UPF1,GGI,SAFB2,gene,gene
UPF1,GGI,LRRC47,gene,gene
UPF1,GGI,TYK2,gene,gene
UPF1,GGI,ZNF646,gene,gene
UPF1,GGI,RANGAP1,gene,gene
UPF1,GGI,MYO9B,gene,gene
UPF1,GGI,MED16,gene,gene
UPF1,GGI,DHX38,gene,gene
UPF1,GGI,SF3A1,gene,gene
UPF1,GGI,UBA1,gene,gene
UPF1,GGI,SMG9,gene,gene
UPF1,GGI,MEPCE,gene,gene
UPF1,GGI,SF3B2,gene,gene
UPF1,GGI,ARMC6,gene,gene
UPF1,GGI,HIRA,gene,gene
UPF1,GGI,NADK,gene,gene
UPF1,GGI,SCAP,gene,gene
UPF1,GGI,RNF40,gene,gene
UPF1,GGI,RBM42,gene,gene
UPF1,GGI,MAML1,gene,gene
UPF1,GGI,MFN2,gene,gene
UPF1,GGI,RFX1,gene,gene
UPF1,GGI,LETM1,gene,gene
UPF1,GGI,DDX49,gene,gene
UPF1,GGI,SNRNP200,gene,gene
UPF1,GGI,DGCR2,gene,gene
UPF1,GGI,SBF1,gene,gene
UPF1,GGI,PRRC2A,gene,gene
UPF1,GGI,PLEKHM2,gene,gene
UPF1,GGI,ASB6,gene,gene
UPF1,GGI,URB1,gene,gene
UPF1,GGI,HGS,gene,gene
UPF1,GGI,E4F1,gene,gene
DHRS12,GGI,LYRM9,gene,gene
DHRS12,GGI,TRAPPC6A,gene,gene
DHRS12,GGI,FGGY,gene,gene
DHRS12,GGI,MSRB2,gene,gene
DHRS12,GGI,BPHL,gene,gene
COQ2,GGI,HPSE,gene,gene
COQ2,GGI,PPA2,gene,gene
CDKL5,GGI,NCOA2,gene,gene
CDKL5,GGI,TANC2,gene,gene
ST3GAL6,GGI,RRAGD,gene,gene
IP6K2,GGI,RBM5,gene,gene
IP6K2,GGI,QRICH1,gene,gene
IP6K2,GGI,WDR48,gene,gene
IP6K2,GGI,RBM4,gene,gene
IP6K2,GGI,RBM39,gene,gene
IP6K2,GGI,KDM4A,gene,gene
IP6K2,GGI,ING4,gene,gene
IP6K2,GGI,WDR6,gene,gene
IP6K2,GGI,USP19,gene,gene
IP6K2,GGI,CYTH2,gene,gene
IP6K2,GGI,PNISR,gene,gene
IP6K2,GGI,EAPP,gene,gene
IP6K2,GGI,BSDC1,gene,gene
RAB40B,GGI,FN3KRP,gene,gene
HMGN1,GGI,HMGN2,gene,gene
HMGN1,GGI,PTMA,gene,gene
HMGN1,GGI,HMGB1,gene,gene
HMGN1,GGI,SET,gene,gene
HMGN1,GGI,LSM5,gene,gene
HMGN1,GGI,HNRNPC,gene,gene
HMGN1,GGI,CBX3,gene,gene
HMGN1,GGI,SUMO3,gene,gene
HMGN1,GGI,HMGB2,gene,gene
HMGN1,GGI,SRP9,gene,gene
HMGN1,GGI,TRA2B,gene,gene
HMGN1,GGI,SNRPE,gene,gene
HMGN1,GGI,CBX1,gene,gene
HMGN1,GGI,NUCKS1,gene,gene
HMGN1,GGI,LSM3,gene,gene
HMGN1,GGI,ERH,gene,gene
HMGN1,GGI,HNRNPD,gene,gene
HMGN1,GGI,ANP32A,gene,gene
HMGN1,GGI,YWHAQ,gene,gene
HMGN1,GGI,ANP32B,gene,gene
HMGN1,GGI,HNRNPH1,gene,gene
HMGN1,GGI,HNRNPA1,gene,gene
HMGN1,GGI,H2AZ1,gene,gene
TRIM29,GGI,KRT17,gene,gene
TRIM29,GGI,KRT5,gene,gene
TRIM29,GGI,SERPINB5,gene,gene
TRIM29,GGI,TNS4,gene,gene
TRIM29,GGI,KRT16,gene,gene
TRIM29,GGI,KRT14,gene,gene
TRIM29,GGI,KRT6A,gene,gene
TRIM29,GGI,KRT13,gene,gene
TRIM29,GGI,KRT15,gene,gene
TRIM29,GGI,KRT6B,gene,gene
TRIM29,GGI,GJB5,gene,gene
TRIM29,GGI,LY6D,gene,gene
TRIM29,GGI,PKP1,gene,gene
TRIM29,GGI,GJB3,gene,gene
TRIM29,GGI,DSG3,gene,gene
TRIM29,GGI,GJB4,gene,gene
TRIM29,GGI,COL17A1,gene,gene
TRIM29,GGI,SFN,gene,gene
TRIM29,GGI,S100A14,gene,gene
TRIM29,GGI,FGFBP1,gene,gene
TRIM29,GGI,LYPD3,gene,gene
TRIM29,GGI,ITGB4,gene,gene
TRIM29,GGI,KLK7,gene,gene
TRIM29,GGI,KRT4,gene,gene
TRIM29,GGI,KLK11,gene,gene
TRIM29,GGI,SCEL,gene,gene
TRIM29,GGI,PKP3,gene,gene
TRIM29,GGI,FXYD3,gene,gene
TRIM29,GGI,MUC16,gene,gene
TRIM29,GGI,SPRR1B,gene,gene
TRIM29,GGI,KLK10,gene,gene
MCTP1,GGI,DOCK4,gene,gene
GALE,GGI,LYPLA2,gene,gene
GALE,GGI,HMGCL,gene,gene
GALE,GGI,GSS,gene,gene
GALE,GGI,ASL,gene,gene
GALE,GGI,SLC37A4,gene,gene
GALE,GGI,NIT1,gene,gene
NUP88,GGI,COPS3,gene,gene
NUP88,GGI,C1QBP,gene,gene
NUP88,GGI,TSR1,gene,gene
NUP88,GGI,RPAIN,gene,gene
NUP88,GGI,MIS12,gene,gene
NUP88,GGI,MRM3,gene,gene
NUP88,GGI,ELAC2,gene,gene
NUP88,GGI,PRPSAP2,gene,gene
NUP88,GGI,NCBP1,gene,gene
NUP88,GGI,PRPF8,gene,gene
NUP88,GGI,DDX47,gene,gene
NUP88,GGI,CSE1L,gene,gene
NUP88,GGI,SENP3,gene,gene
NUP88,GGI,CCT2,gene,gene
NUP88,GGI,ECD,gene,gene
NUP88,GGI,TEX10,gene,gene
NUP88,GGI,METTL16,gene,gene
NUP88,GGI,SUPV3L1,gene,gene
NUP88,GGI,UTP6,gene,gene
NUP88,GGI,PFAS,gene,gene
NUP88,GGI,TTC27,gene,gene
NUP88,GGI,MTREX,gene,gene
NUP88,GGI,UBE2G1,gene,gene
NUP88,GGI,RPA1,gene,gene
NUP88,GGI,MYBBP1A,gene,gene
NUP88,GGI,GEMIN4,gene,gene
NUP88,GGI,NOL11,gene,gene
NUP88,GGI,INPP5K,gene,gene
NUP88,GGI,PTCD3,gene,gene
NUP88,GGI,DCAF1,gene,gene
NUP88,GGI,ILF2,gene,gene
NUP88,GGI,EXOSC8,gene,gene
NUP88,GGI,DDX52,gene,gene
NUP88,GGI,PWP1,gene,gene
NUP88,GGI,DHX9,gene,gene
NUP88,GGI,PSMB6,gene,gene
NUP88,GGI,MPDU1,gene,gene
NUP88,GGI,ELP5,gene,gene
NUP88,GGI,YWHAE,gene,gene
PHF7,GGI,NAA80,gene,gene
ABI3BP,GGI,PTGFR,gene,gene
ABI3BP,GGI,ABCA8,gene,gene
ABI3BP,GGI,ITGBL1,gene,gene
ABI3BP,GGI,EFEMP1,gene,gene
ABI3BP,GGI,DCN,gene,gene
LECT2,GGI,APCS,gene,gene
LECT2,GGI,AFM,gene,gene
LECT2,GGI,SPP2,gene,gene
LECT2,GGI,F13B,gene,gene
LECT2,GGI,C8A,gene,gene
LECT2,GGI,MBL2,gene,gene
LECT2,GGI,F9,gene,gene
LECT2,GGI,SERPINA7,gene,gene
LECT2,GGI,C8B,gene,gene
LECT2,GGI,CFHR2,gene,gene
LECT2,GGI,CFHR5,gene,gene
LECT2,GGI,SLC2A2,gene,gene
LECT2,GGI,C9,gene,gene
LECT2,GGI,UGT2B4,gene,gene
LECT2,GGI,GC,gene,gene
LECT2,GGI,SULT2A1,gene,gene
LECT2,GGI,SLCO1B1,gene,gene
LECT2,GGI,HAO1,gene,gene
LECT2,GGI,SLC22A7,gene,gene
LECT2,GGI,APOH,gene,gene
LECT2,GGI,CRP,gene,gene
LECT2,GGI,IAPP,gene,gene
LECT2,GGI,PLG,gene,gene
LECT2,GGI,CPN1,gene,gene
LECT2,GGI,FETUB,gene,gene
LECT2,GGI,FGA,gene,gene
LECT2,GGI,SERPINA4,gene,gene
LECT2,GGI,SERPINA6,gene,gene
LECT2,GGI,AHSG,gene,gene
LECT2,GGI,CYP4A11,gene,gene
LECT2,GGI,HRG,gene,gene
LECT2,GGI,HAO2,gene,gene
LECT2,GGI,FGB,gene,gene
LECT2,GGI,AKR1D1,gene,gene
LECT2,GGI,GLYAT,gene,gene
SPIDR,GGI,IKBKB,gene,gene
SPIDR,GGI,TRAPPC9,gene,gene
SPIDR,GGI,NSMAF,gene,gene
SPIDR,GGI,CDK10,gene,gene
FBXL4,GGI,TMEM260,gene,gene
FBXL4,GGI,SMAD2,gene,gene
FBXL4,GGI,SIRT5,gene,gene
FBXL4,GGI,BICRAL,gene,gene
FBXL4,GGI,ORC3,gene,gene
FBXL4,GGI,MED23,gene,gene
FBXL4,GGI,PDSS2,gene,gene
FBXL4,GGI,STX7,gene,gene
FBXL4,GGI,SMIM8,gene,gene
PTPN13,GGI,MAPK10,gene,gene
PTPN13,GGI,DYNC2H1,gene,gene
PNISR,GGI,LUC7L3,gene,gene
PNISR,GGI,ARGLU1,gene,gene
PNISR,GGI,PNN,gene,gene
PNISR,GGI,SF3B1,gene,gene
PNISR,GGI,SRSF5,gene,gene
PNISR,GGI,NKTR,gene,gene
PNISR,GGI,RBM6,gene,gene
PNISR,GGI,RBM39,gene,gene
PNISR,GGI,FNBP4,gene,gene
PNISR,GGI,SRSF11,gene,gene
PNISR,GGI,PRP4K,gene,gene
PNISR,GGI,CCNL1,gene,gene
PNISR,GGI,SREK1,gene,gene
PNISR,GGI,DMTF1,gene,gene
PNISR,GGI,CCNL2,gene,gene
PNISR,GGI,DDX17,gene,gene
PNISR,GGI,ZFC3H1,gene,gene
PNISR,GGI,PAXBP1,gene,gene
PNISR,GGI,PHIP,gene,gene
PNISR,GGI,RBM5,gene,gene
PNISR,GGI,OGT,gene,gene
PNISR,GGI,ANKRD10,gene,gene
PNISR,GGI,PRPF38B,gene,gene
PNISR,GGI,TCERG1,gene,gene
PNISR,GGI,SRRM2,gene,gene
PNISR,GGI,CHD2,gene,gene
PNISR,GGI,TIA1,gene,gene
PNISR,GGI,RBM25,gene,gene
PNISR,GGI,TRIM52,gene,gene
PNISR,GGI,BCLAF1,gene,gene
PNISR,GGI,ZNF292,gene,gene
PNISR,GGI,SEC31B,gene,gene
PNISR,GGI,KHDC4,gene,gene
PNISR,GGI,FUBP1,gene,gene
PNISR,GGI,NR2C1,gene,gene
PNISR,GGI,ZNF692,gene,gene
PNISR,GGI,METTL3,gene,gene
PNISR,GGI,WSB1,gene,gene
PNISR,GGI,THOC2,gene,gene
PNISR,GGI,CLK4,gene,gene
PNISR,GGI,CENPC,gene,gene
PNISR,GGI,SUGP2,gene,gene
PNISR,GGI,RSRC2,gene,gene
PNISR,GGI,PPIG,gene,gene
PNISR,GGI,BTAF1,gene,gene
PNISR,GGI,YTHDC1,gene,gene
PNISR,GGI,ZNF638,gene,gene
PNISR,GGI,MDM4,gene,gene
PNISR,GGI,IP6K2,gene,gene
PNISR,GGI,EOLA2-DT,gene,gene
PNISR,GGI,TRMT11,gene,gene
PNISR,GGI,SRRM1,gene,gene
PNISR,GGI,PAN2,gene,gene
PNISR,GGI,PRPF39,gene,gene
PNISR,GGI,TTC17,gene,gene
PNISR,GGI,RBM26,gene,gene
PNISR,GGI,METTL17,gene,gene
PNISR,GGI,SENP6,gene,gene
PNISR,GGI,OGA,gene,gene
PNISR,GGI,EWSR1,gene,gene
PNISR,GGI,CNOT2,gene,gene
PNISR,GGI,TARDBP,gene,gene
PNISR,GGI,SON,gene,gene
PNISR,GGI,SRSF10,gene,gene
PNISR,GGI,DDX5,gene,gene
RAB11FIP2,GGI,PDZD8,gene,gene
RAB11FIP2,GGI,NHLRC2,gene,gene
RAB11FIP2,GGI,FAM204A,gene,gene
RAB11FIP2,GGI,RUFY2,gene,gene
RAB11FIP2,GGI,CUL5,gene,gene
RAB11FIP2,GGI,MAN1A2,gene,gene
RAB11FIP2,GGI,REV3L,gene,gene
RAB11FIP2,GGI,AKAP11,gene,gene
RAB11FIP2,GGI,PTPN11,gene,gene
RAB11FIP2,GGI,TOGARAM1,gene,gene
RAB11FIP2,GGI,DPP8,gene,gene
RAB11FIP2,GGI,CSGALNACT2,gene,gene
RAB11FIP2,GGI,TNKS2,gene,gene
EMC1,GGI,DDOST,gene,gene
EMC1,GGI,GANAB,gene,gene
EMC1,GGI,CLSTN1,gene,gene
EMC1,GGI,PLOD1,gene,gene
EMC1,GGI,GLG1,gene,gene
EMC1,GGI,NOC2L,gene,gene
EMC1,GGI,RPN2,gene,gene
EMC1,GGI,UGGT1,gene,gene
EMC1,GGI,DNAJC16,gene,gene
EMC1,GGI,DNAJC11,gene,gene
EMC1,GGI,SDF4,gene,gene
EMC1,GGI,TM9SF4,gene,gene
EMC1,GGI,NCSTN,gene,gene
EMC1,GGI,POFUT1,gene,gene
EMC1,GGI,MAN1B1,gene,gene
EMC1,GGI,KPNA6,gene,gene
EMC1,GGI,EXT2,gene,gene
EMC1,GGI,GCN1,gene,gene
EMC1,GGI,DHDDS,gene,gene
EMC1,GGI,LRRC47,gene,gene
EMC1,GGI,UBR4,gene,gene
EMC1,GGI,COLGALT1,gene,gene
EMC1,GGI,STT3A,gene,gene
EMC1,GGI,MFN2,gene,gene
EMC1,GGI,TXLNA,gene,gene
EMC1,GGI,MRTO4,gene,gene
EMC1,GGI,MTOR,gene,gene
EMC1,GGI,HYOU1,gene,gene
EMC1,GGI,NUP188,gene,gene
EMC1,GGI,POMGNT1,gene,gene
EMC1,GGI,MUL1,gene,gene
EMC1,GGI,P4HB,gene,gene
EMC1,GGI,SEC61A1,gene,gene
EMC1,GGI,P3H1,gene,gene
EMC1,GGI,TGOLN2,gene,gene
EMC1,GGI,ELOA,gene,gene
EMC1,GGI,GTF3C1,gene,gene
EMC1,GGI,TCTN3,gene,gene
EMC1,GGI,DDB1,gene,gene
EMC1,GGI,RER1,gene,gene
EMC1,GGI,ATRN,gene,gene
EMC1,GGI,LMAN2L,gene,gene
EMC1,GGI,MECR,gene,gene
EMC1,GGI,PLOD3,gene,gene
EMC1,GGI,FBXO42,gene,gene
EMC1,GGI,PIGT,gene,gene
EMC1,GGI,RPN1,gene,gene
EMC1,GGI,DYNC1H1,gene,gene
EMC1,GGI,MOGS,gene,gene
EMC1,GGI,MBTPS1,gene,gene
EMC1,GGI,VPS13D,gene,gene
EMC1,GGI,PIGK,gene,gene
EMC1,GGI,PUM1,gene,gene
EMC1,GGI,GGCX,gene,gene
EMC1,GGI,URB1,gene,gene
EMC1,GGI,IGF2R,gene,gene
EMC1,GGI,PIGO,gene,gene
EMC1,GGI,LRPAP1,gene,gene
EMC1,GGI,CALR,gene,gene
EMC1,GGI,TMED9,gene,gene
EMC1,GGI,OGFOD3,gene,gene
EMC1,GGI,EIF4G1,gene,gene
EMC1,GGI,ESYT1,gene,gene
EMC1,GGI,PDIA3,gene,gene
EMC1,GGI,CLCC1,gene,gene
EMC1,GGI,NOL6,gene,gene
EMC1,GGI,ATP6AP1,gene,gene
EMC1,GGI,DFFA,gene,gene
EMC1,GGI,NDC1,gene,gene
RPL8,GGI,RPL18,gene,gene
RPL8,GGI,RPS2,gene,gene
RPL8,GGI,RACK1,gene,gene
RPL8,GGI,EEF1D,gene,gene
RPL8,GGI,RPL3,gene,gene
RPL8,GGI,RPS5,gene,gene
RPL8,GGI,RPS3,gene,gene
RPL8,GGI,RPS15,gene,gene
RPL8,GGI,RPLP0,gene,gene
RPL8,GGI,RPS14,gene,gene
RPL8,GGI,RPL13A,gene,gene
RPL8,GGI,RPL36,gene,gene
RPL8,GGI,RPS8,gene,gene
RPL8,GGI,RPL35,gene,gene
RPL8,GGI,RPL12,gene,gene
RPL8,GGI,RPS16,gene,gene
RPL8,GGI,EIF3H,gene,gene
RPL8,GGI,RPL30,gene,gene
RPL8,GGI,RPL29,gene,gene
RPL8,GGI,RPS6,gene,gene
RPL8,GGI,RPL10A,gene,gene
RPL8,GGI,RPS11,gene,gene
RPL8,GGI,RPL14,gene,gene
RPL8,GGI,RPLP2,gene,gene
RPL8,GGI,RPS18,gene,gene
RPL8,GGI,RPS10,gene,gene
RPL8,GGI,RPL7A,gene,gene
RPL8,GGI,RPS19,gene,gene
RPL8,GGI,SLC25A6,gene,gene
RPL8,GGI,RPL7,gene,gene
RPL8,GGI,RPL10,gene,gene
RPL8,GGI,RPS20,gene,gene
RPL8,GGI,RPS17,gene,gene
RPL8,GGI,RPS28,gene,gene
RPL8,GGI,RPL13,gene,gene
RPL8,GGI,RPL5,gene,gene
RPL8,GGI,EEF2,gene,gene
RPL8,GGI,RPL35A,gene,gene
RPL8,GGI,RPLP1,gene,gene
RPL8,GGI,RPL11,gene,gene
RPL8,GGI,FAU,gene,gene
RPL8,GGI,RPL9,gene,gene
RPL8,GGI,RPSA,gene,gene
RPL8,GGI,RPL15,gene,gene
RPL8,GGI,RPL27,gene,gene
RPL8,GGI,RPS4X,gene,gene
RPL8,GGI,RPL19,gene,gene
RPL8,GGI,RPL23A,gene,gene
RPL8,GGI,RPL24,gene,gene
RPL8,GGI,RPL37A,gene,gene
RPL8,GGI,RPL28,gene,gene
RPL8,GGI,RPL32,gene,gene
RPL8,GGI,RPS13,gene,gene
RPL8,GGI,RPS15A,gene,gene
RPL8,GGI,RPL38,gene,gene
RPL8,GGI,RPS25,gene,gene
RPL8,GGI,RPS21,gene,gene
RPL8,GGI,RPL6,gene,gene
RPL8,GGI,RPS7,gene,gene
RPL8,GGI,EIF3G,gene,gene
RPL8,GGI,UBA52,gene,gene
RPL8,GGI,RPS23,gene,gene
RPL8,GGI,NOP53,gene,gene
RPL8,GGI,EEF1B2,gene,gene
RPL8,GGI,FBL,gene,gene
RPL8,GGI,EIF3L,gene,gene
RPL8,GGI,RPL27A,gene,gene
RPL8,GGI,RPS9,gene,gene
RPL8,GGI,EIF3D,gene,gene
RPL8,GGI,RPL34,gene,gene
RPL8,GGI,RPS3A,gene,gene
RPL8,GGI,RPS27A,gene,gene
RPL8,GGI,RPL37,gene,gene
RPL8,GGI,EIF3E,gene,gene
RPL8,GGI,RPS12,gene,gene
RPL8,GGI,RPL39,gene,gene
RPL8,GGI,RPL21,gene,gene
RPL8,GGI,EEF1A1,gene,gene
RPL8,GGI,RPL26,gene,gene
RPL8,GGI,EIF3K,gene,gene
RPL8,GGI,RPL17,gene,gene
RPL8,GGI,NACA,gene,gene
RPL8,GGI,IMPDH2,gene,gene
RPL8,GGI,RPS27,gene,gene
RPL8,GGI,PABPC1,gene,gene
RPL8,GGI,RPS24,gene,gene
RPL8,GGI,RPL4,gene,gene
RPL8,GGI,RPS29,gene,gene
RPL8,GGI,RPL22,gene,gene
RPL8,GGI,RPL36A,gene,gene
RPL8,GGI,BTF3,gene,gene
RPL8,GGI,TPT1,gene,gene
RPL8,GGI,RPL31,gene,gene
RPL8,GGI,QARS1,gene,gene
RPL8,GGI,PHB2,gene,gene
RPL8,GGI,ATP5MC2,gene,gene
RPL8,GGI,UXT,gene,gene
RPL8,GGI,COX4I1,gene,gene
RPL8,GGI,SNHG32,gene,gene
RPL8,GGI,C19orf53,gene,gene
RPL8,GGI,SNRPD2,gene,gene
RPL8,GGI,EIF4B,gene,gene
RPL8,GGI,RPS26,gene,gene
RPL8,GGI,EIF3I,gene,gene
RPL8,GGI,PFDN5,gene,gene
RPL8,GGI,HNRNPA1,gene,gene
RPL8,GGI,VPS28,gene,gene
RPL8,GGI,CYC1,gene,gene
RPL8,GGI,STOML2,gene,gene
RPL8,GGI,UBXN1,gene,gene
RPL8,GGI,SSR2,gene,gene
RPL8,GGI,OXA1L,gene,gene
RPL8,GGI,APEX1,gene,gene
RPL8,GGI,NSA2,gene,gene
RPL8,GGI,MIF,gene,gene
RPL8,GGI,RSL1D1,gene,gene
RPL8,GGI,GAPDH,gene,gene
RPL8,GGI,EDF1,gene,gene
RPL8,GGI,NHP2,gene,gene
RPL8,GGI,EIF3M,gene,gene
RPL8,GGI,ZNF16,gene,gene
RPL8,GGI,EIF3F,gene,gene
RPL8,GGI,ERGIC3,gene,gene
RPL8,GGI,IGBP1,gene,gene
RPL8,GGI,USE1,gene,gene
RPL8,GGI,APRT,gene,gene
RPL8,GGI,EIF2S3,gene,gene
RPL8,GGI,PUF60,gene,gene
RPL8,GGI,UQCRB,gene,gene
RPL8,GGI,NDUFB11,gene,gene
RPL8,GGI,PQBP1,gene,gene
RPL8,GGI,CCT7,gene,gene
RPL8,GGI,IMP4,gene,gene
RPL8,GGI,SLC25A5,gene,gene
RPL8,GGI,HIGD2A,gene,gene
RPL8,GGI,SF3B5,gene,gene
RPL8,GGI,AHCY,gene,gene
RPL8,GGI,ZFAND1,gene,gene
RPL8,GGI,TRMT112,gene,gene
RPL8,GGI,ARL6IP4,gene,gene
RPL8,GGI,CCNB1IP1,gene,gene
RPL8,GGI,COX7C,gene,gene
RPL8,GGI,OAZ1,gene,gene
RPL8,GGI,TOMM20,gene,gene
RPL8,GGI,GPX4,gene,gene
TREH,GGI,CDHR2,gene,gene
TREH,GGI,PHLDB1,gene,gene
TREH,GGI,CDHR5,gene,gene
TREH,GGI,SLC22A7,gene,gene
TREH,GGI,TM4SF5,gene,gene
NOTCH3,GGI,LAMA5,gene,gene
NOTCH3,GGI,BCAM,gene,gene
NOTCH3,GGI,HEYL,gene,gene
NOTCH3,GGI,EPHX3,gene,gene
NOTCH3,GGI,SEMA3F,gene,gene
NOTCH3,GGI,ITGA7,gene,gene
NOTCH3,GGI,TEAD3,gene,gene
NOTCH3,GGI,CELSR1,gene,gene
NOTCH3,GGI,COL1A1,gene,gene
NOTCH3,GGI,LAMB2,gene,gene
NOTCH3,GGI,UNC5B,gene,gene
NOTCH3,GGI,NOTCH1,gene,gene
NOTCH3,GGI,EFS,gene,gene
DPYS,GGI,PLG,gene,gene
DPYS,GGI,PAH,gene,gene
DPYS,GGI,HAO2,gene,gene
DPYS,GGI,AFM,gene,gene
DPYS,GGI,GLYAT,gene,gene
DPYS,GGI,SLC22A7,gene,gene
DPYS,GGI,SLC2A2,gene,gene
DPYS,GGI,C8B,gene,gene
DPYS,GGI,PRODH2,gene,gene
DPYS,GGI,FTCD,gene,gene
DPYS,GGI,SLC17A3,gene,gene
DPYS,GGI,KNG1,gene,gene
DPYS,GGI,GC,gene,gene
DPYS,GGI,ALDOB,gene,gene
DPYS,GGI,DIO1,gene,gene
DPYS,GGI,C9,gene,gene
DPYS,GGI,HAO1,gene,gene
DPYS,GGI,AMBP,gene,gene
DPYS,GGI,DAO,gene,gene
DPYS,GGI,BHMT,gene,gene
DPYS,GGI,AGXT,gene,gene
DPYS,GGI,CPN2,gene,gene
DPYS,GGI,GBA3,gene,gene
DPYS,GGI,HRG,gene,gene
DPYS,GGI,C8A,gene,gene
DPYS,GGI,SERPINC1,gene,gene
DPYS,GGI,ALDH8A1,gene,gene
DPYS,GGI,ACSM5,gene,gene
DPYS,GGI,G6PC1,gene,gene
DPYS,GGI,AHSG,gene,gene
CARTPT,GGI,NSG2,gene,gene
CARTPT,GGI,CACNG3,gene,gene
CARTPT,GGI,NEUROD6,gene,gene
CARTPT,GGI,SLC17A6,gene,gene
CARTPT,GGI,MYT1L,gene,gene
CARTPT,GGI,INS,gene,gene
CARTPT,GGI,SST,gene,gene
CARTPT,GGI,CA10,gene,gene
CARTPT,GGI,CELA3A,gene,gene
CARTPT,GGI,ST8SIA3,gene,gene
CARTPT,GGI,ACTL6B,gene,gene
CARTPT,GGI,GAD2,gene,gene
CARTPT,GGI,PHOX2B,gene,gene
CARTPT,GGI,SLC5A7,gene,gene
ERN2,GGI,MUC2,gene,gene
ERN2,GGI,FAM83E,gene,gene
ERN2,GGI,SLC44A4,gene,gene
ERN2,GGI,TRIM31,gene,gene
ERN2,GGI,MUC4,gene,gene
ERN2,GGI,SPDEF,gene,gene
ERN2,GGI,PIGR,gene,gene
ERN2,GGI,MUC5AC,gene,gene
ERN2,GGI,AQP5,gene,gene
ERN2,GGI,MUC5B,gene,gene
ERN2,GGI,TMPRSS4,gene,gene
ERN2,GGI,EPS8L3,gene,gene
ERN2,GGI,CHP2,gene,gene
ERN2,GGI,CEACAM5,gene,gene
ERN2,GGI,TFF1,gene,gene
ERN2,GGI,CEACAM7,gene,gene
ERN2,GGI,BPIFA1,gene,gene
ERN2,GGI,RNF186,gene,gene
ERN2,GGI,VILL,gene,gene
ERN2,GGI,CBLC,gene,gene
ERN2,GGI,TOX3,gene,gene
