head,relation,tail,head_type,tail_type,label
10020353,CPI,P21728,compound,protein,1
10029385,CPI,O75116,compound,protein,1
10029385,CPI,P48729,compound,protein,1
10029385,CPI,Q8TDC3,compound,protein,1
10029385,CPI,Q93008,compound,protein,0
10029385,CPI,Q9Y4R7,compound,protein,0
10063341,CPI,P49798,compound,protein,1
10071196,CPI,P28335,compound,protein,1
10074640,CPI,P0C1S8,compound,protein,1
10074640,CPI,P27361,compound,protein,1
10074640,CPI,P37173,compound,protein,1
10074640,CPI,P41240,compound,protein,1
10074640,CPI,P49761,compound,protein,1
10074640,CPI,P51813,compound,protein,1
10074640,CPI,P51817,compound,protein,1
10074640,CPI,P54646,compound,protein,1
10074640,CPI,Q16816,compound,protein,1
10074640,CPI,Q86Y07,compound,protein,1
10074640,CPI,Q8TDX7,compound,protein,1
10074640,CPI,Q9UHD2,compound,protein,1
10074640,CPI,P10600,compound,protein,0
10074640,CPI,Q08211,compound,protein,0
10074640,CPI,O00754,compound,protein,0
10074640,CPI,P09936,compound,protein,0
10074640,CPI,Q13423,compound,protein,0
10074640,CPI,P01023,compound,protein,0
10074640,CPI,P08908,compound,protein,0
10077130,CPI,P23975,compound,protein,1
10077130,CPI,P09601,compound,protein,0
10077130,CPI,Q04912,compound,protein,0
10077147,CPI,Q92633,compound,protein,0
10077147,CPI,P34981,compound,protein,0
10077147,CPI,P30556,compound,protein,0
10077147,CPI,Q8TDS4,compound,protein,0
10090485,CPI,P27544,compound,protein,0
10090485,CPI,P04150,compound,protein,0
10096344,CPI,Q99640,compound,protein,0
10109823,CPI,O00141,compound,protein,1
10113978,CPI,O14757,compound,protein,1
10113978,CPI,O75914,compound,protein,1
10113978,CPI,P07949,compound,protein,1
10113978,CPI,P27037,compound,protein,1
10113978,CPI,P36507,compound,protein,1
10113978,CPI,P48736,compound,protein,1
10113978,CPI,P52333,compound,protein,1
10113978,CPI,Q13523,compound,protein,1
10113978,CPI,Q15375,compound,protein,1
10113978,CPI,Q9H4B4,compound,protein,1
10113978,CPI,Q9P2E9,compound,protein,0
10113978,CPI,P34981,compound,protein,0
10113978,CPI,P05198,compound,protein,0
10113978,CPI,Q9Y487,compound,protein,0
10113978,CPI,Q13423,compound,protein,0
10113978,CPI,P43235,compound,protein,0
10113978,CPI,Q9NYW0,compound,protein,0
10113978,CPI,P14060,compound,protein,0
10113978,CPI,Q9UGM1,compound,protein,0
10117987,CPI,P20645,compound,protein,0
10126189,CPI,Q16613,compound,protein,0
10127622,CPI,O15197,compound,protein,1
10127622,CPI,O60331,compound,protein,1
10127622,CPI,O95835,compound,protein,1
10127622,CPI,P07550,compound,protein,1
10127622,CPI,P07947,compound,protein,1
10127622,CPI,P29376,compound,protein,1
10127622,CPI,P41595,compound,protein,1
10127622,CPI,P48729,compound,protein,1
10127622,CPI,P49336,compound,protein,1
10127622,CPI,P49761,compound,protein,1
10127622,CPI,P52564,compound,protein,1
10127622,CPI,P53671,compound,protein,1
10127622,CPI,P54760,compound,protein,1
10127622,CPI,Q00532,compound,protein,1
10127622,CPI,Q05655,compound,protein,1
10127622,CPI,Q08881,compound,protein,1
10127622,CPI,Q13554,compound,protein,1
10127622,CPI,Q14289,compound,protein,1
10127622,CPI,Q8TDR2,compound,protein,1
10127622,CPI,Q9H3Y6,compound,protein,1
10127622,CPI,Q9UKE5,compound,protein,1
10127622,CPI,Q9Y6R4,compound,protein,1
10127622,CPI,Q16613,compound,protein,0
10127622,CPI,Q3T906,compound,protein,0
10127622,CPI,Q8TBC4,compound,protein,0
10127622,CPI,Q8N543,compound,protein,0
10127622,CPI,Q96LA8,compound,protein,0
10127622,CPI,P51553,compound,protein,0
10127622,CPI,Q13219,compound,protein,0
10127622,CPI,O15492,compound,protein,0
10127622,CPI,Q8TET4,compound,protein,0
10127622,CPI,O15375,compound,protein,0
10127622,CPI,Q6J4K2,compound,protein,0
10127622,CPI,P49366,compound,protein,0
10152654,CPI,P09601,compound,protein,0
10154,CPI,P01258,compound,protein,0
10154,CPI,P45974,compound,protein,0
101616,CPI,Q93008,compound,protein,0
10168,CPI,Q9UBT6,compound,protein,1
10171544,CPI,P01258,compound,protein,0
1017704,CPI,Q9NR56,compound,protein,1
10182969,CPI,Q16706,compound,protein,0
10184653,CPI,O15075,compound,protein,1
10184653,CPI,O75747,compound,protein,1
10184653,CPI,P22607,compound,protein,1
10184653,CPI,P29597,compound,protein,1
10184653,CPI,P53778,compound,protein,1
10184653,CPI,Q13627,compound,protein,1
10184653,CPI,Q15139,compound,protein,1
10184653,CPI,Q15835,compound,protein,1
10184653,CPI,Q59H18,compound,protein,1
10184653,CPI,Q86YV6,compound,protein,1
10184653,CPI,Q8NI60,compound,protein,1
10184653,CPI,Q9H2K8,compound,protein,1
10184653,CPI,Q9Y2U5,compound,protein,1
10184653,CPI,Q9Y6M4,compound,protein,1
10184653,CPI,P20393,compound,protein,0
10184653,CPI,O95352,compound,protein,0
10184653,CPI,O00429,compound,protein,0
10184653,CPI,O14735,compound,protein,0
10184653,CPI,Q9Y570,compound,protein,0
10184653,CPI,Q15077,compound,protein,0
10184653,CPI,P07814,compound,protein,0
10184653,CPI,P62258,compound,protein,0
10184653,CPI,Q9Y4C1,compound,protein,0
10184653,CPI,P30613,compound,protein,0
10184653,CPI,Q8N8Y2,compound,protein,0
10184653,CPI,P24310,compound,protein,0
10184653,CPI,P19878,compound,protein,0
10200390,CPI,O60674,compound,protein,1
10200390,CPI,P04626,compound,protein,1
10200390,CPI,Q9Y243,compound,protein,1
10200390,CPI,Q9Y6M4,compound,protein,1
10200390,CPI,P34981,compound,protein,0
10200390,CPI,O00429,compound,protein,0
10202642,CPI,P36897,compound,protein,1
10205,CPI,Q16602,compound,protein,0
10205,CPI,P54578,compound,protein,0
10206158,CPI,Q92731,compound,protein,0
10208,CPI,P28482,compound,protein,1
10208,CPI,P45974,compound,protein,0
10219,CPI,P15880,compound,protein,1
10219,CPI,Q12809,compound,protein,1
10223146,CPI,Q9P296,compound,protein,1
10223146,CPI,O60894,compound,protein,0
10224714,CPI,P01258,compound,protein,0
10224714,CPI,Q9UIF8,compound,protein,0
10235,CPI,P06733,compound,protein,0
10265481,CPI,P23975,compound,protein,1
10275777,CPI,P00750,compound,protein,1
10275789,CPI,P24941,compound,protein,1
10275789,CPI,P49760,compound,protein,1
10275789,CPI,Q9NQB0,compound,protein,0
10275789,CPI,P19835,compound,protein,0
10275789,CPI,Q96KQ7,compound,protein,0
10286159,CPI,P21554,compound,protein,0
10295295,CPI,P13631,compound,protein,1
10296883,CPI,O14757,compound,protein,1
10296883,CPI,O60674,compound,protein,1
10296883,CPI,P10721,compound,protein,1
10296883,CPI,P29376,compound,protein,1
10296883,CPI,P54760,compound,protein,1
10296883,CPI,Q05397,compound,protein,1
10296883,CPI,O43463,compound,protein,0
10296883,CPI,P13866,compound,protein,0
10296883,CPI,Q99798,compound,protein,0
10296883,CPI,P11086,compound,protein,0
10296883,CPI,P10600,compound,protein,0
10296883,CPI,Q9Y4U1,compound,protein,0
10297043,CPI,P09619,compound,protein,1
10297043,CPI,P51575,compound,protein,0
10302451,CPI,P36894,compound,protein,1
10302451,CPI,Q9H0K1,compound,protein,1
10316032,CPI,Q15139,compound,protein,1
10316032,CPI,Q9NR56,compound,protein,0
10330240,CPI,Q9H3N8,compound,protein,1
10335364,CPI,Q9Y2K2,compound,protein,0
10341154,CPI,Q9UBF8,compound,protein,1
10343454,CPI,P17948,compound,protein,0
1034641,CPI,Q7Z2K8,compound,protein,0
1034641,CPI,P23458,compound,protein,0
10365,CPI,Q6P6C2,compound,protein,1
10366136,CPI,Q2M3G0,compound,protein,0
10367662,CPI,Q9UQ88,compound,protein,0
10377751,CPI,P11597,compound,protein,0
10379137,CPI,Q9BY41,compound,protein,1
10404245,CPI,P10636,compound,protein,1
10404245,CPI,P28223,compound,protein,0
10407195,CPI,Q99720,compound,protein,0
10410894,CPI,O00754,compound,protein,0
10427712,CPI,O94921,compound,protein,1
10427712,CPI,O95819,compound,protein,1
10427712,CPI,P28482,compound,protein,1
10427712,CPI,Q04912,compound,protein,1
10427712,CPI,Q07002,compound,protein,1
10427712,CPI,Q08345,compound,protein,1
10427712,CPI,Q13153,compound,protein,1
10427712,CPI,Q13177,compound,protein,1
10427712,CPI,Q13188,compound,protein,1
10427712,CPI,Q7L7X3,compound,protein,1
10427712,CPI,Q8TDC3,compound,protein,1
10427712,CPI,Q8TDX7,compound,protein,1
10427712,CPI,Q9P2K8,compound,protein,1
10427712,CPI,Q9UEW8,compound,protein,1
10427712,CPI,Q9UPE1,compound,protein,1
10427712,CPI,Q9UQB9,compound,protein,1
10427712,CPI,P11597,compound,protein,0
10427712,CPI,O95670,compound,protein,0
10427712,CPI,Q16864,compound,protein,0
10427712,CPI,P51787,compound,protein,0
10427712,CPI,Q8TDS5,compound,protein,0
10427712,CPI,O95461,compound,protein,0
10427712,CPI,Q09428,compound,protein,0
10427712,CPI,Q9NPC2,compound,protein,0
10427712,CPI,P52597,compound,protein,0
10427712,CPI,O00591,compound,protein,0
10427712,CPI,Q9H2X9,compound,protein,0
10427712,CPI,P19878,compound,protein,0
10427712,CPI,Q99456,compound,protein,0
10429242,CPI,P37231,compound,protein,1
10429242,CPI,O00767,compound,protein,0
10430360,CPI,P45984,compound,protein,1
10430360,CPI,Q9BZL6,compound,protein,1
10430360,CPI,Q9HAZ1,compound,protein,1
10430360,CPI,P48061,compound,protein,0
10446295,CPI,Q9UHD2,compound,protein,0
10448938,CPI,O00444,compound,protein,0
10452020,CPI,P14416,compound,protein,1
10452020,CPI,P22033,compound,protein,0
1046,CPI,Q96K76,compound,protein,0
1046,CPI,P49810,compound,protein,0
1046,CPI,Q9BUB5,compound,protein,0
10461815,CPI,O15264,compound,protein,1
10461815,CPI,O15530,compound,protein,1
10461815,CPI,O60674,compound,protein,1
10461815,CPI,O76039,compound,protein,1
10461815,CPI,O94804,compound,protein,1
10461815,CPI,P07949,compound,protein,1
10461815,CPI,P0C1S8,compound,protein,1
10461815,CPI,P41743,compound,protein,1
10461815,CPI,P42345,compound,protein,1
10461815,CPI,P42685,compound,protein,1
10461815,CPI,P57058,compound,protein,1
10461815,CPI,P78368,compound,protein,1
10461815,CPI,Q8NFD2,compound,protein,1
10461815,CPI,Q8TDR2,compound,protein,1
10461815,CPI,Q99759,compound,protein,1
10461815,CPI,Q9BZL6,compound,protein,1
10461815,CPI,Q9NYL2,compound,protein,1
10461815,CPI,Q9UPE1,compound,protein,1
10461815,CPI,Q9Y6E0,compound,protein,1
10461815,CPI,Q9HBG4,compound,protein,0
10461815,CPI,Q96LB4,compound,protein,0
10461815,CPI,P42898,compound,protein,0
10461815,CPI,Q13423,compound,protein,0
10461815,CPI,Q2M2H8,compound,protein,0
10461815,CPI,Q96SW2,compound,protein,0
10461815,CPI,P09871,compound,protein,0
10461815,CPI,Q14571,compound,protein,0
10461815,CPI,P48549,compound,protein,0
10461815,CPI,Q02108,compound,protein,0
104741,CPI,Q9Y4U1,compound,protein,0
104741,CPI,Q9GZT9,compound,protein,0
10479060,CPI,P08913,compound,protein,0
104845,CPI,P37288,compound,protein,0
104850,CPI,Q14994,compound,protein,1
104850,CPI,O00204,compound,protein,0
104850,CPI,O00401,compound,protein,0
104858,CPI,Q96KQ7,compound,protein,1
104865,CPI,Q9UBS5,compound,protein,1
104867,CPI,P16444,compound,protein,1
104956,CPI,Q9NUW8,compound,protein,1
105008,CPI,P16615,compound,protein,1
10531,CPI,P18089,compound,protein,1
10531,CPI,P28222,compound,protein,1
10531,CPI,Q8N543,compound,protein,0
10531,CPI,Q00537,compound,protein,0
1054,CPI,P08684,compound,protein,0
1054,CPI,P25815,compound,protein,0
10607,CPI,Q16665,compound,protein,1
10631,CPI,P04150,compound,protein,1
10635,CPI,O00142,compound,protein,0
10668061,CPI,P0DMS8,compound,protein,1
10745,CPI,O95398,compound,protein,0
10748,CPI,Q96KQ7,compound,protein,0
1075698,CPI,P51452,compound,protein,1
1075883,CPI,P16066,compound,protein,0
1075883,CPI,P30613,compound,protein,0
10767,CPI,P35498,compound,protein,1
10770,CPI,Q9Y4C1,compound,protein,0
10770,CPI,P14416,compound,protein,0
107715,CPI,P10636,compound,protein,1
107715,CPI,P21728,compound,protein,1
107715,CPI,P35462,compound,protein,1
107715,CPI,P53609,compound,protein,0
107780,CPI,Q8IZX4,compound,protein,0
107780,CPI,P99999,compound,protein,0
10783,CPI,Q99928,compound,protein,1
107896,CPI,P04150,compound,protein,0
107905,CPI,P10415,compound,protein,1
107905,CPI,Q9Y6L6,compound,protein,1
107926,CPI,P47869,compound,protein,1
107950,CPI,Q9NUW8,compound,protein,1
107970,CPI,Q9NYA1,compound,protein,1
107970,CPI,P55211,compound,protein,0
107982,CPI,O75496,compound,protein,1
107992,CPI,P33261,compound,protein,1
1080352,CPI,P51812,compound,protein,1
108046,CPI,P14416,compound,protein,1
108107,CPI,P08559,compound,protein,0
10819,CPI,P49354,compound,protein,1
10831,CPI,P14091,compound,protein,0
1091784,CPI,P43220,compound,protein,1
1092458,CPI,Q16637,compound,protein,1
10947895,CPI,P25100,compound,protein,1
10947895,CPI,P28222,compound,protein,1
10947895,CPI,P28566,compound,protein,1
10947895,CPI,P34969,compound,protein,1
10947895,CPI,O14672,compound,protein,0
10970751,CPI,Q9UL54,compound,protein,0
11001318,CPI,P35462,compound,protein,1
1102,CPI,Q9H773,compound,protein,0
1103147,CPI,Q01344,compound,protein,1
110635,CPI,Q9Y5K8,compound,protein,0
11095,CPI,P16050,compound,protein,1
11152667,CPI,P16591,compound,protein,1
11152667,CPI,Q9NWZ3,compound,protein,1
11152667,CPI,P21730,compound,protein,0
11167602,CPI,Q02763,compound,protein,1
11167602,CPI,O95749,compound,protein,0
11175137,CPI,P31751,compound,protein,1
11175137,CPI,P15884,compound,protein,0
11180808,CPI,P51451,compound,protein,0
11192346,CPI,Q8IZX4,compound,protein,0
11192346,CPI,Q13557,compound,protein,0
11201035,CPI,Q8NEY4,compound,protein,0
11201705,CPI,Q9UQM7,compound,protein,0
11213558,CPI,O14976,compound,protein,1
11213558,CPI,O15111,compound,protein,1
11213558,CPI,O43283,compound,protein,1
11213558,CPI,P16591,compound,protein,1
11213558,CPI,P36888,compound,protein,1
11213558,CPI,P54762,compound,protein,1
11213558,CPI,P57078,compound,protein,1
11213558,CPI,Q00537,compound,protein,1
11213558,CPI,Q06418,compound,protein,1
11213558,CPI,Q13043,compound,protein,1
11213558,CPI,Q13237,compound,protein,1
11213558,CPI,Q13627,compound,protein,1
11213558,CPI,Q16816,compound,protein,1
11213558,CPI,Q86TW2,compound,protein,1
11213558,CPI,Q86Z02,compound,protein,1
11213558,CPI,Q8NE63,compound,protein,1
11213558,CPI,Q8WTQ7,compound,protein,1
11213558,CPI,Q9BQI3,compound,protein,1
11213558,CPI,Q9H093,compound,protein,1
11213558,CPI,Q9UBF8,compound,protein,1
11213558,CPI,Q9UIK4,compound,protein,1
11213558,CPI,Q9UQ88,compound,protein,1
11213558,CPI,Q9Y2H1,compound,protein,1
11213558,CPI,Q9Y4K4,compound,protein,1
11213558,CPI,Q13488,compound,protein,0
11213558,CPI,P32927,compound,protein,0
11213558,CPI,O60488,compound,protein,0
11213558,CPI,P13674,compound,protein,0
11213558,CPI,Q04917,compound,protein,0
11213558,CPI,Q6V1X1,compound,protein,0
11213558,CPI,Q16134,compound,protein,0
11214940,CPI,O75496,compound,protein,0
11219195,CPI,P41595,compound,protein,0
11219835,CPI,P14416,compound,protein,1
11219835,CPI,Q9P289,compound,protein,0
11222830,CPI,P45974,compound,protein,1
11222830,CPI,P51451,compound,protein,0
11234052,CPI,O14936,compound,protein,1
11234052,CPI,O15111,compound,protein,1
11234052,CPI,O60331,compound,protein,1
11234052,CPI,P06241,compound,protein,1
11234052,CPI,P0C1S8,compound,protein,1
11234052,CPI,P29317,compound,protein,1
11234052,CPI,P50613,compound,protein,1
11234052,CPI,P53779,compound,protein,1
11234052,CPI,Q13043,compound,protein,1
11234052,CPI,Q13164,compound,protein,1
11234052,CPI,Q13557,compound,protein,1
11234052,CPI,Q16513,compound,protein,1
11234052,CPI,Q86UX6,compound,protein,1
11234052,CPI,Q9HC98,compound,protein,1
11234052,CPI,Q9P289,compound,protein,1
11234052,CPI,Q9Y5K8,compound,protein,0
11234052,CPI,P10586,compound,protein,0
11234052,CPI,Q96RJ0,compound,protein,0
11234052,CPI,Q9NR28,compound,protein,0
11234052,CPI,Q99456,compound,protein,0
11234052,CPI,Q9Y263,compound,protein,0
11234052,CPI,P50213,compound,protein,0
11234052,CPI,P29972,compound,protein,0
11238147,CPI,O95050,compound,protein,0
11238147,CPI,Q05655,compound,protein,0
11238823,CPI,P30556,compound,protein,1
11270783,CPI,P29274,compound,protein,1
11282283,CPI,Q06609,compound,protein,1
11289630,CPI,P09467,compound,protein,1
11289630,CPI,P48736,compound,protein,0
11292680,CPI,P09237,compound,protein,1
11296583,CPI,Q9UBN7,compound,protein,1
1130,CPI,O60779,compound,protein,1
11304743,CPI,Q02153,compound,protein,1
11313361,CPI,P28223,compound,protein,0
11313361,CPI,Q13188,compound,protein,0
11317348,CPI,P0C869,compound,protein,0
11317348,CPI,P27449,compound,protein,0
11327430,CPI,P00734,compound,protein,0
1133083,CPI,O15379,compound,protein,1
1133083,CPI,Q14832,compound,protein,0
11338033,CPI,O60674,compound,protein,1
11338033,CPI,P15735,compound,protein,1
11338033,CPI,Q13523,compound,protein,1
11338033,CPI,Q13882,compound,protein,1
11338033,CPI,Q16620,compound,protein,1
11338033,CPI,Q16832,compound,protein,1
11338033,CPI,Q5S007,compound,protein,1
11338033,CPI,Q6PHR2,compound,protein,1
11338033,CPI,Q7L7X3,compound,protein,1
11338033,CPI,Q8IY84,compound,protein,1
11338033,CPI,Q9Y463,compound,protein,1
11338033,CPI,O15342,compound,protein,0
11338033,CPI,P15144,compound,protein,0
11338033,CPI,Q9P1Z3,compound,protein,0
11338033,CPI,P41229,compound,protein,0
11338033,CPI,P13498,compound,protein,0
11338033,CPI,Q6PL18,compound,protein,0
11338033,CPI,Q13219,compound,protein,0
11338033,CPI,P24387,compound,protein,0
11338033,CPI,P08670,compound,protein,0
11338033,CPI,Q14974,compound,protein,0
11338033,CPI,P51857,compound,protein,0
11364421,CPI,P19525,compound,protein,1
11364421,CPI,P21709,compound,protein,1
11364421,CPI,P33981,compound,protein,1
11364421,CPI,P35968,compound,protein,1
11364421,CPI,P54760,compound,protein,1
11364421,CPI,Q00526,compound,protein,1
11364421,CPI,Q02156,compound,protein,1
11364421,CPI,Q02779,compound,protein,1
11364421,CPI,Q8IW41,compound,protein,1
11364421,CPI,Q99683,compound,protein,1
11364421,CPI,Q9NRP7,compound,protein,1
11364421,CPI,Q9P1W9,compound,protein,1
11364421,CPI,Q9UEW8,compound,protein,1
11364421,CPI,Q9Y243,compound,protein,1
11364421,CPI,Q96LB4,compound,protein,0
11364421,CPI,Q92990,compound,protein,0
11364421,CPI,P27169,compound,protein,0
11364421,CPI,O15382,compound,protein,0
11364421,CPI,Q494W8,compound,protein,0
11364421,CPI,P12955,compound,protein,0
11364421,CPI,Q7Z5B4,compound,protein,0
11364421,CPI,Q6GMR7,compound,protein,0
11364421,CPI,Q8TEK3,compound,protein,0
11364421,CPI,Q9BYV1,compound,protein,0
11373846,CPI,P22792,compound,protein,0
11395181,CPI,Q16864,compound,protein,0
11403114,CPI,P17787,compound,protein,1
11404337,CPI,P15954,compound,protein,0
11427553,CPI,O95819,compound,protein,1
11427553,CPI,Q00535,compound,protein,1
11427553,CPI,Q04759,compound,protein,1
11427553,CPI,Q13554,compound,protein,1
11427553,CPI,Q13555,compound,protein,1
11427553,CPI,Q13873,compound,protein,1
11427553,CPI,Q9H2G2,compound,protein,1
11427553,CPI,Q9UKI8,compound,protein,1
11427553,CPI,Q9UPZ9,compound,protein,1
11427553,CPI,O15342,compound,protein,0
11427553,CPI,O14841,compound,protein,0
11427553,CPI,Q9ULA0,compound,protein,0
11427553,CPI,Q6N021,compound,protein,0
11427553,CPI,Q9H228,compound,protein,0
11427553,CPI,P60842,compound,protein,0
11427553,CPI,P21730,compound,protein,0
11427553,CPI,P17174,compound,protein,0
11427553,CPI,Q7LG56,compound,protein,0
11427553,CPI,P22760,compound,protein,0
11427553,CPI,P00439,compound,protein,0
11427553,CPI,P07477,compound,protein,0
11427553,CPI,Q15825,compound,protein,0
11427553,CPI,Q15185,compound,protein,0
11427553,CPI,P23381,compound,protein,0
1143390,CPI,P54760,compound,protein,0
11440648,CPI,P57059,compound,protein,0
11442891,CPI,O14920,compound,protein,1
11442891,CPI,P11362,compound,protein,1
11442891,CPI,P36896,compound,protein,1
11442891,CPI,Q96L34,compound,protein,1
11442891,CPI,P0DPH7,compound,protein,0
11450633,CPI,P21728,compound,protein,1
11450633,CPI,Q86TI2,compound,protein,1
11450633,CPI,P42229,compound,protein,0
114709,CPI,P17931,compound,protein,0
114829,CPI,P01023,compound,protein,0
114829,CPI,Q8NER1,compound,protein,0
11485656,CPI,O15197,compound,protein,1
11485656,CPI,O75582,compound,protein,1
11485656,CPI,P00533,compound,protein,1
11485656,CPI,P15056,compound,protein,1
11485656,CPI,P42685,compound,protein,1
11485656,CPI,P53355,compound,protein,1
11485656,CPI,P53778,compound,protein,1
11485656,CPI,P54762,compound,protein,1
11485656,CPI,Q05655,compound,protein,1
11485656,CPI,Q13153,compound,protein,1
11485656,CPI,Q8IVH8,compound,protein,1
11485656,CPI,Q8NG66,compound,protein,1
11485656,CPI,Q92918,compound,protein,1
11485656,CPI,Q96PF2,compound,protein,1
11485656,CPI,Q9UBE8,compound,protein,1
11485656,CPI,Q9UBF8,compound,protein,1
11485656,CPI,Q9UQ88,compound,protein,1
11485656,CPI,Q9Y2U5,compound,protein,1
11485656,CPI,P03905,compound,protein,0
11485656,CPI,Q12830,compound,protein,0
11485656,CPI,P04155,compound,protein,0
11485656,CPI,P51512,compound,protein,0
11485656,CPI,P48147,compound,protein,0
11485656,CPI,O95050,compound,protein,0
11485656,CPI,Q99489,compound,protein,0
11485656,CPI,O15552,compound,protein,0
11485656,CPI,Q14181,compound,protein,0
11485656,CPI,P19367,compound,protein,0
11485656,CPI,P51553,compound,protein,0
11485656,CPI,P59543,compound,protein,0
11485656,CPI,Q6ZQW0,compound,protein,0
11485656,CPI,P14415,compound,protein,0
11485656,CPI,O15492,compound,protein,0
11485656,CPI,Q9UH92,compound,protein,0
11488320,CPI,P08575,compound,protein,0
11488320,CPI,Q9UBX1,compound,protein,0
11494412,CPI,P54132,compound,protein,0
11494970,CPI,P07332,compound,protein,0
11497983,CPI,P07948,compound,protein,1
11497983,CPI,P08581,compound,protein,1
11497983,CPI,Q04912,compound,protein,1
11497983,CPI,Q9UQB9,compound,protein,1
11497983,CPI,Q02817,compound,protein,0
11497983,CPI,Q9Y2T1,compound,protein,0
11497983,CPI,P51161,compound,protein,0
11497983,CPI,O43399,compound,protein,0
11497983,CPI,P30044,compound,protein,0
11497983,CPI,P35354,compound,protein,0
11511120,CPI,O60911,compound,protein,0
115113,CPI,Q05586,compound,protein,1
115175,CPI,O43193,compound,protein,0
11524144,CPI,O00238,compound,protein,1
11524144,CPI,P12931,compound,protein,1
11527152,CPI,P50993,compound,protein,1
115368,CPI,P23975,compound,protein,1
115368,CPI,P35462,compound,protein,1
115368,CPI,P13861,compound,protein,0
11538455,CPI,Q8WUI4,compound,protein,1
11538455,CPI,Q13489,compound,protein,0
11552706,CPI,P10275,compound,protein,0
11556711,CPI,P10632,compound,protein,1
11556711,CPI,P62937,compound,protein,0
11561674,CPI,P33261,compound,protein,1
11561674,CPI,Q08493,compound,protein,1
11561674,CPI,Q96PN6,compound,protein,0
11565518,CPI,P04626,compound,protein,0
11581936,CPI,P21860,compound,protein,0
11581936,CPI,P04637,compound,protein,0
11597537,CPI,Q8N1C3,compound,protein,0
11598628,CPI,O60674,compound,protein,1
11598628,CPI,P07550,compound,protein,0
11609586,CPI,Q13464,compound,protein,0
11609955,CPI,P30305,compound,protein,0
11612883,CPI,P07947,compound,protein,1
11612883,CPI,Q14289,compound,protein,1
11612883,CPI,Q96CA5,compound,protein,0
11617559,CPI,P07947,compound,protein,1
11617559,CPI,P08581,compound,protein,1
11617559,CPI,P0C264,compound,protein,1
11617559,CPI,P16234,compound,protein,1
11617559,CPI,P24941,compound,protein,1
11617559,CPI,P45985,compound,protein,1
11617559,CPI,Q13555,compound,protein,1
11617559,CPI,Q14012,compound,protein,1
11617559,CPI,Q15303,compound,protein,1
11617559,CPI,Q5S007,compound,protein,1
11617559,CPI,Q7L7X3,compound,protein,1
11617559,CPI,Q8IW41,compound,protein,1
11617559,CPI,Q96D53,compound,protein,1
11617559,CPI,Q9NRP7,compound,protein,1
11617559,CPI,Q9UKI8,compound,protein,1
11617559,CPI,P51511,compound,protein,0
11617559,CPI,P36639,compound,protein,0
11617559,CPI,Q9UGM1,compound,protein,0
11617559,CPI,Q9NS85,compound,protein,0
11617559,CPI,P41440,compound,protein,0
11617559,CPI,P32246,compound,protein,0
11617559,CPI,P38606,compound,protein,0
11620908,CPI,P11362,compound,protein,1
11620908,CPI,Q16539,compound,protein,1
11620908,CPI,P31040,compound,protein,0
11620908,CPI,O00180,compound,protein,0
11620908,CPI,Q9H5I1,compound,protein,0
11620908,CPI,P62736,compound,protein,0
11622909,CPI,P23975,compound,protein,1
11622909,CPI,Q9ULW8,compound,protein,0
11625818,CPI,O00329,compound,protein,1
11625818,CPI,O00443,compound,protein,1
11625818,CPI,P10997,compound,protein,0
11626560,CPI,O43353,compound,protein,1
11626560,CPI,O75676,compound,protein,1
11626560,CPI,O75716,compound,protein,1
11626560,CPI,O94921,compound,protein,1
11626560,CPI,P30291,compound,protein,1
11626560,CPI,P36894,compound,protein,1
11626560,CPI,Q13153,compound,protein,1
11626560,CPI,Q15208,compound,protein,1
11626560,CPI,Q16288,compound,protein,1
11626560,CPI,Q32MK0,compound,protein,1
11626560,CPI,Q5S007,compound,protein,1
11626560,CPI,Q6XUX3,compound,protein,1
11626560,CPI,Q8IY84,compound,protein,1
11626560,CPI,Q8N5S9,compound,protein,1
11626560,CPI,Q9C098,compound,protein,1
11626560,CPI,Q9Y572,compound,protein,1
11626560,CPI,Q9ULC6,compound,protein,0
11626560,CPI,Q13422,compound,protein,0
11626560,CPI,P10619,compound,protein,0
11626560,CPI,P0DPH7,compound,protein,0
11626560,CPI,P40306,compound,protein,0
11626560,CPI,Q9UBB5,compound,protein,0
11626560,CPI,Q7L0J3,compound,protein,0
11626560,CPI,O95907,compound,protein,0
11626560,CPI,P35520,compound,protein,0
11626560,CPI,Q6ZQW0,compound,protein,0
11626560,CPI,P16109,compound,protein,0
11626560,CPI,Q14974,compound,protein,0
11626560,CPI,P30711,compound,protein,0
11626560,CPI,P05177,compound,protein,0
11626927,CPI,P53350,compound,protein,1
11626927,CPI,P28222,compound,protein,0
11634725,CPI,Q13464,compound,protein,1
11640390,CPI,P22830,compound,protein,1
11640390,CPI,Q92959,compound,protein,0
11646777,CPI,P31645,compound,protein,0
11647372,CPI,P27986,compound,protein,1
11654378,CPI,P04629,compound,protein,1
11654378,CPI,Q14376,compound,protein,0
11655119,CPI,Q9NR56,compound,protein,0
11656518,CPI,O00625,compound,protein,1
11656518,CPI,O14757,compound,protein,1
11656518,CPI,O60331,compound,protein,1
11656518,CPI,O94804,compound,protein,1
11656518,CPI,P04626,compound,protein,1
11656518,CPI,P30530,compound,protein,1
11656518,CPI,P36894,compound,protein,1
11656518,CPI,P42345,compound,protein,1
11656518,CPI,P54760,compound,protein,1
11656518,CPI,P78368,compound,protein,1
11656518,CPI,Q02156,compound,protein,1
11656518,CPI,Q13177,compound,protein,1
11656518,CPI,Q16539,compound,protein,1
11656518,CPI,Q8WTQ7,compound,protein,1
11656518,CPI,Q96NX5,compound,protein,1
11656518,CPI,Q9H1R3,compound,protein,1
11656518,CPI,Q9UBF8,compound,protein,1
11656518,CPI,Q9UEW8,compound,protein,1
11656518,CPI,Q9UQB9,compound,protein,1
11656518,CPI,O43184,compound,protein,0
11656518,CPI,P00748,compound,protein,0
11656518,CPI,Q16581,compound,protein,0
11656518,CPI,P11217,compound,protein,0
11656518,CPI,Q15080,compound,protein,0
11656518,CPI,Q15465,compound,protein,0
11656518,CPI,O95461,compound,protein,0
11656518,CPI,P61978,compound,protein,0
11658860,CPI,Q96GW9,compound,protein,0
11667893,CPI,O15264,compound,protein,1
11667893,CPI,P15056,compound,protein,1
11667893,CPI,P19784,compound,protein,1
11667893,CPI,P49674,compound,protein,1
11667893,CPI,P51955,compound,protein,1
11667893,CPI,P53350,compound,protein,1
11667893,CPI,P78368,compound,protein,1
11667893,CPI,Q8N4C8,compound,protein,1
11667893,CPI,Q9HBH9,compound,protein,1
11667893,CPI,Q9NRM7,compound,protein,1
11667893,CPI,P00439,compound,protein,0
11667893,CPI,Q494W8,compound,protein,0
11667893,CPI,Q6SZW1,compound,protein,0
11667893,CPI,Q8IU80,compound,protein,0
11667893,CPI,P31151,compound,protein,0
11667893,CPI,Q12974,compound,protein,0
11667893,CPI,P48507,compound,protein,0
11667893,CPI,Q16769,compound,protein,0
11667893,CPI,P33151,compound,protein,0
11683,CPI,O15438,compound,protein,0
11689883,CPI,Q16236,compound,protein,0
11705608,CPI,Q16621,compound,protein,0
11707110,CPI,P34972,compound,protein,0
11712649,CPI,O96013,compound,protein,1
11712649,CPI,P00533,compound,protein,1
11712649,CPI,P05129,compound,protein,1
11712649,CPI,P19525,compound,protein,1
11712649,CPI,P21127,compound,protein,1
11712649,CPI,P27037,compound,protein,1
11712649,CPI,P50750,compound,protein,1
11712649,CPI,P54756,compound,protein,1
11712649,CPI,P54764,compound,protein,1
11712649,CPI,P57078,compound,protein,1
11712649,CPI,Q04912,compound,protein,1
11712649,CPI,Q13163,compound,protein,1
11712649,CPI,Q14289,compound,protein,1
11712649,CPI,Q15831,compound,protein,1
11712649,CPI,Q9H2X6,compound,protein,1
11712649,CPI,Q9UKE5,compound,protein,1
11712649,CPI,Q9UPZ9,compound,protein,1
11712649,CPI,Q9Y2H1,compound,protein,1
11712649,CPI,Q14914,compound,protein,0
11712649,CPI,P23945,compound,protein,0
11712649,CPI,Q86TI2,compound,protein,0
11712649,CPI,P16860,compound,protein,0
11712649,CPI,P22059,compound,protein,0
11712649,CPI,Q04756,compound,protein,0
11712649,CPI,P39086,compound,protein,0
11712649,CPI,O14672,compound,protein,0
11712649,CPI,P50993,compound,protein,0
11712649,CPI,O60669,compound,protein,0
11712649,CPI,P36956,compound,protein,0
11712649,CPI,P23975,compound,protein,0
11713159,CPI,Q05397,compound,protein,1
11713159,CPI,Q8IW41,compound,protein,1
11713159,CPI,P48546,compound,protein,0
11713159,CPI,Q9Y263,compound,protein,0
11713159,CPI,P11150,compound,protein,0
11713159,CPI,Q9NYW6,compound,protein,0
11713159,CPI,O15392,compound,protein,0
11713159,CPI,Q14330,compound,protein,0
11715767,CPI,O96017,compound,protein,1
11715767,CPI,P04629,compound,protein,1
11715767,CPI,P07333,compound,protein,1
11715767,CPI,P08069,compound,protein,1
11715767,CPI,Q06187,compound,protein,1
11715767,CPI,Q15759,compound,protein,1
11715767,CPI,Q7KZI7,compound,protein,1
11715767,CPI,Q9UIF9,compound,protein,0
11715767,CPI,O60502,compound,protein,0
11717001,CPI,O14578,compound,protein,1
11717001,CPI,O14965,compound,protein,1
11717001,CPI,O14976,compound,protein,1
11717001,CPI,P04629,compound,protein,1
11717001,CPI,P10721,compound,protein,1
11717001,CPI,P31751,compound,protein,1
11717001,CPI,P48736,compound,protein,1
11717001,CPI,P51955,compound,protein,1
11717001,CPI,P52333,compound,protein,1
11717001,CPI,Q13233,compound,protein,1
11717001,CPI,Q86V86,compound,protein,1
11717001,CPI,Q92772,compound,protein,1
11717001,CPI,Q9Y2U5,compound,protein,1
11717001,CPI,Q8TDD5,compound,protein,0
11717001,CPI,Q6J4K2,compound,protein,0
11717001,CPI,Q9ULA0,compound,protein,0
11717001,CPI,Q07075,compound,protein,0
11717001,CPI,Q9H2J7,compound,protein,0
11717001,CPI,P00966,compound,protein,0
11717001,CPI,Q8TET4,compound,protein,0
11717001,CPI,Q9NYW3,compound,protein,0
11717001,CPI,P01100,compound,protein,0
11754511,CPI,P41145,compound,protein,0
1176,CPI,Q03181,compound,protein,1
11771279,CPI,O14976,compound,protein,0
11831,CPI,Q16236,compound,protein,1
1183113,CPI,Q16236,compound,protein,1
11844351,CPI,P34949,compound,protein,0
11844351,CPI,Q9UGM1,compound,protein,0
11865433,CPI,Q9H2G2,compound,protein,0
11869602,CPI,Q99527,compound,protein,1
11869602,CPI,Q9BZM2,compound,protein,0
11870423,CPI,P09086,compound,protein,0
11870426,CPI,P27448,compound,protein,0
11875278,CPI,P05091,compound,protein,0
1189521,CPI,P10636,compound,protein,1
1189521,CPI,O15067,compound,protein,0
119,CPI,O75496,compound,protein,1
119,CPI,Q9UIF8,compound,protein,1
119,CPI,Q969P6,compound,protein,0
119029,CPI,Q99720,compound,protein,1
119034,CPI,P50406,compound,protein,0
11908593,CPI,P06734,compound,protein,0
119182,CPI,P23921,compound,protein,1
119182,CPI,P41145,compound,protein,1
119182,CPI,P17948,compound,protein,0
119192,CPI,P25089,compound,protein,1
119376,CPI,O94782,compound,protein,1
119376,CPI,P39748,compound,protein,1
119376,CPI,Q96KQ7,compound,protein,1
119461,CPI,P21731,compound,protein,0
11950170,CPI,O75582,compound,protein,1
11950170,CPI,P00533,compound,protein,1
11950170,CPI,P29597,compound,protein,1
11950170,CPI,Q96GD4,compound,protein,1
11950170,CPI,Q9HCP0,compound,protein,1
11950170,CPI,O00337,compound,protein,0
11950170,CPI,P84077,compound,protein,0
11950170,CPI,Q9NY72,compound,protein,0
11950170,CPI,O95954,compound,protein,0
11950170,CPI,Q96G23,compound,protein,0
11950726,CPI,Q9H2G2,compound,protein,0
11955716,CPI,P07900,compound,protein,1
11955716,CPI,P51659,compound,protein,0
11955855,CPI,Q8TEK3,compound,protein,0
11955855,CPI,Q01959,compound,protein,0
11955855,CPI,P20648,compound,protein,0
11957499,CPI,P02545,compound,protein,1
11957499,CPI,Q96QE3,compound,protein,1
11957499,CPI,Q8IWU9,compound,protein,0
11957615,CPI,P08908,compound,protein,1
11957615,CPI,P35462,compound,protein,1
11957615,CPI,Q96KS0,compound,protein,0
119584,CPI,P08913,compound,protein,1
11960529,CPI,Q53GL7,compound,protein,1
119607,CPI,P16499,compound,protein,1
119607,CPI,Q16790,compound,protein,1
119607,CPI,O95954,compound,protein,0
119607,CPI,P11216,compound,protein,0
119607,CPI,P51580,compound,protein,0
11977753,CPI,P17948,compound,protein,1
11977753,CPI,P07305,compound,protein,0
11978790,CPI,P48736,compound,protein,1
11978813,CPI,P08913,compound,protein,1
11978813,CPI,P35367,compound,protein,1
11978813,CPI,P50406,compound,protein,1
12001014,CPI,P54803,compound,protein,0
12004949,CPI,Q06710,compound,protein,1
12004950,CPI,O75874,compound,protein,1
1201549,CPI,P32245,compound,protein,1
1201549,CPI,P21283,compound,protein,0
1203,CPI,P00352,compound,protein,1
1203,CPI,P39877,compound,protein,0
12035,CPI,O75496,compound,protein,1
12035,CPI,P10828,compound,protein,1
12035,CPI,P19838,compound,protein,1
12035,CPI,P35354,compound,protein,1
1204,CPI,Q9HAW7,compound,protein,0
1204,CPI,Q9H228,compound,protein,0
1218,CPI,Q9UQQ2,compound,protein,0
1218,CPI,O75469,compound,protein,0
121846,CPI,P15382,compound,protein,1
121877,CPI,P13945,compound,protein,1
121891,CPI,P06401,compound,protein,1
121891,CPI,P30542,compound,protein,1
121891,CPI,P37288,compound,protein,1
121891,CPI,P41968,compound,protein,1
121891,CPI,P10997,compound,protein,0
121892,CPI,O43526,compound,protein,1
121926,CPI,P47869,compound,protein,1
121926,CPI,O14920,compound,protein,0
121930,CPI,P27695,compound,protein,1
1220,CPI,P08908,compound,protein,1
1220,CPI,P28222,compound,protein,1
122070,CPI,P01579,compound,protein,0
122136,CPI,Q96KS0,compound,protein,0
122327,CPI,Q14721,compound,protein,0
122334,CPI,O75469,compound,protein,0
122335,CPI,P22792,compound,protein,0
122623,CPI,P06241,compound,protein,0
12304008,CPI,P04083,compound,protein,1
12304008,CPI,O43148,compound,protein,0
1234,CPI,P08183,compound,protein,1
1234,CPI,P12821,compound,protein,1
123619,CPI,P07550,compound,protein,1
123619,CPI,P11229,compound,protein,1
123619,CPI,Q92887,compound,protein,0
123619,CPI,P09238,compound,protein,0
123631,CPI,P07947,compound,protein,1
123631,CPI,Q7KZI7,compound,protein,1
123631,CPI,Q9H2X6,compound,protein,1
123631,CPI,Q9HBY8,compound,protein,1
123631,CPI,Q9ULZ9,compound,protein,0
123631,CPI,O00401,compound,protein,0
123631,CPI,Q9UDX3,compound,protein,0
123631,CPI,P17980,compound,protein,0
123631,CPI,P29762,compound,protein,0
123631,CPI,P08670,compound,protein,0
123631,CPI,P39877,compound,protein,0
123631,CPI,P13497,compound,protein,0
123631,CPI,P10070,compound,protein,0
123692,CPI,O15382,compound,protein,0
123692,CPI,P08908,compound,protein,0
123692,CPI,Q05BQ5,compound,protein,0
123879,CPI,Q9Y5Y4,compound,protein,1
123879,CPI,Q8IV61,compound,protein,0
123879,CPI,Q9NUW8,compound,protein,0
123932,CPI,P08908,compound,protein,1
123932,CPI,P31645,compound,protein,1
123964,CPI,P14854,compound,protein,0
124007,CPI,P41595,compound,protein,0
124087,CPI,O14841,compound,protein,0
124087,CPI,P43686,compound,protein,0
124172,CPI,P33261,compound,protein,1
1242,CPI,P61160,compound,protein,0
1242547,CPI,P02545,compound,protein,0
124735,CPI,P51812,compound,protein,0
12555,CPI,P08913,compound,protein,1
12555,CPI,P23975,compound,protein,1
12555,CPI,O95870,compound,protein,0
125564,CPI,P05230,compound,protein,0
125564,CPI,P08908,compound,protein,0
125564,CPI,Q9BWU1,compound,protein,0
12598376,CPI,Q9Y4K4,compound,protein,0
1261872,CPI,Q9Y2T6,compound,protein,1
1263681,CPI,P41250,compound,protein,0
126941,CPI,O43193,compound,protein,1
126941,CPI,P04637,compound,protein,1
126941,CPI,P37231,compound,protein,1
127382,CPI,P33261,compound,protein,1
1285940,CPI,P21397,compound,protein,0
12866477,CPI,P28845,compound,protein,1
12866477,CPI,P08588,compound,protein,0
128784,CPI,P05177,compound,protein,1
128784,CPI,P08684,compound,protein,1
1288922,CPI,Q8WUK0,compound,protein,0
129009864,CPI,Q14524,compound,protein,0
129009868,CPI,Q02643,compound,protein,0
129009888,CPI,P53004,compound,protein,1
129009888,CPI,P11362,compound,protein,0
129009888,CPI,Q9Y4K4,compound,protein,0
129009888,CPI,P36507,compound,protein,0
129009888,CPI,Q8N6T7,compound,protein,0
129009973,CPI,P29597,compound,protein,0
129009987,CPI,P10275,compound,protein,1
129010007,CPI,Q96GD4,compound,protein,1
129010024,CPI,P14410,compound,protein,1
129010025,CPI,P28335,compound,protein,0
129010073,CPI,P25105,compound,protein,1
1292,CPI,P25021,compound,protein,0
129228,CPI,Q16552,compound,protein,0
129348,CPI,Q15842,compound,protein,1
1299526,CPI,Q9H773,compound,protein,0
1299526,CPI,P49798,compound,protein,0
13017911,CPI,P12931,compound,protein,0
13019152,CPI,O75496,compound,protein,0
13019201,CPI,Q6IQ20,compound,protein,0
13021033,CPI,O43525,compound,protein,0
1302558,CPI,O15118,compound,protein,1
130611,CPI,Q16706,compound,protein,1
130881,CPI,O43193,compound,protein,1
130881,CPI,P08908,compound,protein,1
130956,CPI,P24941,compound,protein,0
13109,CPI,Q16853,compound,protein,0
131411,CPI,P48067,compound,protein,0
131411,CPI,Q16322,compound,protein,0
1316,CPI,P08684,compound,protein,1
131682,CPI,P27338,compound,protein,1
131682,CPI,O95622,compound,protein,0
131747,CPI,P10635,compound,protein,1
132496,CPI,B1AH88,compound,protein,1
132496,CPI,P16473,compound,protein,1
132496,CPI,P22459,compound,protein,0
132519,CPI,P14780,compound,protein,1
132519,CPI,P08684,compound,protein,0
1328218,CPI,P37231,compound,protein,1
1328218,CPI,O60841,compound,protein,0
1329,CPI,P48547,compound,protein,0
132971,CPI,P15954,compound,protein,0
133002,CPI,P35462,compound,protein,0
13303884,CPI,P30542,compound,protein,0
133076,CPI,P48637,compound,protein,0
133076,CPI,Q9Y463,compound,protein,0
133538,CPI,P49798,compound,protein,1
133538,CPI,Q01959,compound,protein,0
133633,CPI,P28222,compound,protein,1
133633,CPI,P35573,compound,protein,0
133633,CPI,P31946,compound,protein,0
134018,CPI,Q9H228,compound,protein,0
134044,CPI,P08913,compound,protein,0
134141,CPI,Q13219,compound,protein,0
134141,CPI,P29508,compound,protein,0
134551,CPI,Q9UI32,compound,protein,0
134780,CPI,Q96SW2,compound,protein,1
13501,CPI,P48736,compound,protein,0
135398495,CPI,P16234,compound,protein,1
135398495,CPI,P36897,compound,protein,1
135398495,CPI,P43405,compound,protein,1
135398495,CPI,P53667,compound,protein,1
135398495,CPI,Q9H2G2,compound,protein,1
135398495,CPI,Q9UK32,compound,protein,1
135398495,CPI,Q6FHJ7,compound,protein,0
135398495,CPI,Q13885,compound,protein,0
135398495,CPI,Q92736,compound,protein,0
135398495,CPI,O00337,compound,protein,0
135398495,CPI,P09429,compound,protein,0
135398499,CPI,O95835,compound,protein,1
135398499,CPI,P54619,compound,protein,1
135398499,CPI,Q8TD08,compound,protein,1
135398499,CPI,Q9UKQ2,compound,protein,0
135398499,CPI,Q04609,compound,protein,0
135398499,CPI,P20839,compound,protein,0
135398499,CPI,P49862,compound,protein,0
135398516,CPI,P42345,compound,protein,1
135398737,CPI,Q01959,compound,protein,1
135398737,CPI,Q99720,compound,protein,1
135398737,CPI,Q9H3N8,compound,protein,1
135398737,CPI,P27482,compound,protein,0
135398737,CPI,O60427,compound,protein,0
135398738,CPI,P08588,compound,protein,1
135398738,CPI,P30518,compound,protein,1
135398738,CPI,P32238,compound,protein,1
135398738,CPI,P37288,compound,protein,1
135398738,CPI,P52209,compound,protein,1
135398738,CPI,Q4FZB7,compound,protein,0
135398738,CPI,P11177,compound,protein,0
135398745,CPI,P20309,compound,protein,1
135398745,CPI,P21728,compound,protein,1
135398745,CPI,P34969,compound,protein,1
135398745,CPI,Q9Y617,compound,protein,0
135398745,CPI,Q00722,compound,protein,0
135398745,CPI,P27482,compound,protein,0
135400439,CPI,Q16637,compound,protein,1
135409453,CPI,P13945,compound,protein,1
135409453,CPI,Q8NET8,compound,protein,0
135409468,CPI,Q8WYN0,compound,protein,0
135409468,CPI,P28482,compound,protein,0
135411,CPI,Q9Y6R4,compound,protein,0
135419190,CPI,P11712,compound,protein,1
1355,CPI,P23975,compound,protein,1
1355,CPI,Q9UJW3,compound,protein,0
135533054,CPI,P04049,compound,protein,0
135539077,CPI,Q12931,compound,protein,1
135539077,CPI,Q07108,compound,protein,0
135564558,CPI,O14672,compound,protein,0
135564558,CPI,P35354,compound,protein,0
135565635,CPI,O14757,compound,protein,1
135565635,CPI,O95747,compound,protein,1
135565635,CPI,P07332,compound,protein,1
135565635,CPI,P31152,compound,protein,1
135565635,CPI,P51813,compound,protein,1
135565635,CPI,P54756,compound,protein,1
135565635,CPI,Q05655,compound,protein,1
135565635,CPI,Q08881,compound,protein,1
135565635,CPI,Q12866,compound,protein,1
135565635,CPI,Q13237,compound,protein,1
135565635,CPI,Q13464,compound,protein,1
135565635,CPI,Q15208,compound,protein,1
135565635,CPI,Q15349,compound,protein,1
135565635,CPI,Q9NYL2,compound,protein,1
135565635,CPI,Q9P0L2,compound,protein,1
135565635,CPI,Q9UKE5,compound,protein,1
135565635,CPI,Q14573,compound,protein,0
135565635,CPI,P27348,compound,protein,0
135565635,CPI,P34932,compound,protein,0
135565635,CPI,O00222,compound,protein,0
135565635,CPI,Q8TDX5,compound,protein,0
135565635,CPI,P28065,compound,protein,0
135565635,CPI,Q13443,compound,protein,0
135565635,CPI,P15954,compound,protein,0
135565635,CPI,P31946,compound,protein,0
135565635,CPI,P11168,compound,protein,0
135749824,CPI,P04040,compound,protein,0
135749824,CPI,P33261,compound,protein,0
135857071,CPI,Q02763,compound,protein,0
135886613,CPI,P41143,compound,protein,0
1359,CPI,P50213,compound,protein,0
135925261,CPI,P33261,compound,protein,0
135925692,CPI,P18089,compound,protein,0
1361332,CPI,P27361,compound,protein,0
13711,CPI,P53355,compound,protein,0
13819073,CPI,Q13554,compound,protein,0
1383884,CPI,P32297,compound,protein,1
1383884,CPI,P34969,compound,protein,1
1383884,CPI,P50406,compound,protein,1
1383884,CPI,Q11130,compound,protein,0
1383884,CPI,P54646,compound,protein,0
139032026,CPI,O14920,compound,protein,1
139032026,CPI,Q01201,compound,protein,1
13927310,CPI,P60953,compound,protein,1
1398027,CPI,P45983,compound,protein,0
13981868,CPI,Q13698,compound,protein,1
1400,CPI,O00418,compound,protein,1
1400,CPI,P19113,compound,protein,0
1400,CPI,O75185,compound,protein,0
1400,CPI,P22888,compound,protein,0
1400,CPI,Q13422,compound,protein,0
1401,CPI,P38936,compound,protein,0
1403142,CPI,Q99714,compound,protein,1
14187,CPI,Q9H422,compound,protein,0
1434953,CPI,Q9Y2T6,compound,protein,1
1434956,CPI,Q9Y2T6,compound,protein,1
1434957,CPI,O15164,compound,protein,0
1456,CPI,P59541,compound,protein,0
1456,CPI,P48735,compound,protein,0
145722103,CPI,Q8TDR2,compound,protein,0
1464,CPI,P16473,compound,protein,0
14709,CPI,P09038,compound,protein,0
1471787,CPI,Q16659,compound,protein,0
148124,CPI,Q9H4B7,compound,protein,1
148124,CPI,O75716,compound,protein,0
148201,CPI,Q9UNQ0,compound,protein,1
14925,CPI,Q9NYL2,compound,protein,0
1502520,CPI,Q9NZJ5,compound,protein,0
1502520,CPI,O60939,compound,protein,0
150311,CPI,P11229,compound,protein,1
15032,CPI,O95342,compound,protein,0
15032,CPI,Q96KQ7,compound,protein,0
15096,CPI,P19525,compound,protein,0
1510378,CPI,O94925,compound,protein,1
1510379,CPI,P48546,compound,protein,0
151194,CPI,O60674,compound,protein,1
151194,CPI,O94806,compound,protein,1
151194,CPI,P35916,compound,protein,1
151194,CPI,P42679,compound,protein,1
151194,CPI,P43403,compound,protein,1
151194,CPI,P49137,compound,protein,1
151194,CPI,Q13188,compound,protein,1
151194,CPI,Q15569,compound,protein,1
151194,CPI,Q86Y07,compound,protein,1
151194,CPI,Q8NI60,compound,protein,1
151194,CPI,Q9BVS4,compound,protein,1
151194,CPI,Q9NRP7,compound,protein,1
151194,CPI,Q9Y243,compound,protein,1
151194,CPI,Q9NWT6,compound,protein,0
151194,CPI,P51178,compound,protein,0
151194,CPI,Q7Z2Z2,compound,protein,0
151194,CPI,Q16478,compound,protein,0
151194,CPI,P06870,compound,protein,0
151194,CPI,P00439,compound,protein,0
151194,CPI,P20648,compound,protein,0
151194,CPI,P22760,compound,protein,0
151194,CPI,P36776,compound,protein,0
151194,CPI,P55769,compound,protein,0
151194,CPI,Q6SZW1,compound,protein,0
1512045,CPI,P07550,compound,protein,0
151582,CPI,P11388,compound,protein,1
151582,CPI,P19838,compound,protein,1
1517919,CPI,P14618,compound,protein,1
153241,CPI,P20839,compound,protein,1
1534,CPI,P23975,compound,protein,0
1537,CPI,P27361,compound,protein,1
1537,CPI,P27695,compound,protein,1
1537,CPI,Q96KQ7,compound,protein,1
15387,CPI,O95342,compound,protein,0
15387,CPI,P28065,compound,protein,0
154059,CPI,P11229,compound,protein,1
154059,CPI,Q12809,compound,protein,1
154059,CPI,Q14524,compound,protein,1
154059,CPI,P32238,compound,protein,0
154059,CPI,Q9Y5S2,compound,protein,0
1542103,CPI,Q9H792,compound,protein,0
154257,CPI,Q9UL51,compound,protein,0
154417,CPI,P07550,compound,protein,1
15443,CPI,O75496,compound,protein,1
15443,CPI,P34969,compound,protein,1
1547484,CPI,P30411,compound,protein,1
1547484,CPI,P35462,compound,protein,1
1547484,CPI,Q12809,compound,protein,1
1547484,CPI,Q9H3N8,compound,protein,1
1547484,CPI,P48506,compound,protein,0
1547484,CPI,P62826,compound,protein,0
15478,CPI,Q99700,compound,protein,1
1548076,CPI,P21266,compound,protein,0
1548942,CPI,P04062,compound,protein,1
1548942,CPI,P11229,compound,protein,1
1548942,CPI,P21397,compound,protein,1
1548942,CPI,P30556,compound,protein,1
1548942,CPI,Q09470,compound,protein,1
1548942,CPI,Q5JUK3,compound,protein,0
1548942,CPI,Q9Y266,compound,protein,0
1548942,CPI,Q6PIU2,compound,protein,0
1548942,CPI,Q5JPH6,compound,protein,0
1548953,CPI,P06241,compound,protein,1
1548953,CPI,O95563,compound,protein,0
1548955,CPI,Q15125,compound,protein,1
1548955,CPI,P08913,compound,protein,1
1548955,CPI,P10275,compound,protein,1
1548955,CPI,P56385,compound,protein,0
1549120,CPI,O15439,compound,protein,1
1549120,CPI,P07098,compound,protein,0
15541,CPI,P27695,compound,protein,1
15541,CPI,Q09472,compound,protein,0
1554210,CPI,P06401,compound,protein,0
15547703,CPI,P10606,compound,protein,0
15548,CPI,P49238,compound,protein,0
15558393,CPI,Q14978,compound,protein,1
15558439,CPI,Q13555,compound,protein,0
1556232,CPI,P28223,compound,protein,0
1556232,CPI,Q13224,compound,protein,0
155806,CPI,Q96KQ7,compound,protein,1
155806,CPI,Q16637,compound,protein,0
155815,CPI,Q15120,compound,protein,0
1560402,CPI,P23219,compound,protein,0
156333,CPI,Q9H2G2,compound,protein,0
156391,CPI,Q4U2R8,compound,protein,1
156414,CPI,O75460,compound,protein,1
156414,CPI,P00519,compound,protein,1
156414,CPI,P08631,compound,protein,1
156414,CPI,P19784,compound,protein,1
156414,CPI,P35590,compound,protein,1
156414,CPI,P36897,compound,protein,1
156414,CPI,P42679,compound,protein,1
156414,CPI,P49759,compound,protein,1
156414,CPI,P51812,compound,protein,1
156414,CPI,Q00535,compound,protein,1
156414,CPI,Q13464,compound,protein,1
156414,CPI,Q14680,compound,protein,1
156414,CPI,Q8IY84,compound,protein,1
156414,CPI,Q8WTQ7,compound,protein,1
156414,CPI,Q96SB4,compound,protein,1
156414,CPI,Q9BX84,compound,protein,1
156414,CPI,Q9H2G2,compound,protein,1
156414,CPI,Q9H4B4,compound,protein,1
156414,CPI,Q9HC98,compound,protein,1
156414,CPI,Q9NSY1,compound,protein,1
156414,CPI,Q494W8,compound,protein,0
156414,CPI,Q9Y266,compound,protein,0
156414,CPI,P05181,compound,protein,0
156414,CPI,P25815,compound,protein,0
156414,CPI,Q02083,compound,protein,0
156414,CPI,O60882,compound,protein,0
156419,CPI,P67936,compound,protein,0
156422,CPI,O00238,compound,protein,1
156422,CPI,O60674,compound,protein,1
156422,CPI,O75676,compound,protein,1
156422,CPI,O95747,compound,protein,1
156422,CPI,P00533,compound,protein,1
156422,CPI,P16234,compound,protein,1
156422,CPI,P19784,compound,protein,1
156422,CPI,P54764,compound,protein,1
156422,CPI,Q02156,compound,protein,1
156422,CPI,Q02750,compound,protein,1
156422,CPI,Q08345,compound,protein,1
156422,CPI,Q14012,compound,protein,1
156422,CPI,Q15303,compound,protein,1
156422,CPI,Q15835,compound,protein,1
156422,CPI,Q16288,compound,protein,1
156422,CPI,Q6ZN16,compound,protein,1
156422,CPI,Q86UX6,compound,protein,1
156422,CPI,Q8IU85,compound,protein,1
156422,CPI,Q9BWU1,compound,protein,1
156422,CPI,Q9P0L2,compound,protein,1
156422,CPI,Q9UF33,compound,protein,1
156422,CPI,P19801,compound,protein,0
156422,CPI,P28062,compound,protein,0
156422,CPI,Q9BV23,compound,protein,0
156422,CPI,O14717,compound,protein,0
156422,CPI,O15427,compound,protein,0
156422,CPI,Q9Y617,compound,protein,0
156422,CPI,P62917,compound,protein,0
156422,CPI,Q7LG56,compound,protein,0
156422,CPI,P05413,compound,protein,0
158758,CPI,P27815,compound,protein,1
158758,CPI,P55809,compound,protein,0
15922487,CPI,Q9Y5Y4,compound,protein,1
15922487,CPI,Q9UL54,compound,protein,0
15922487,CPI,P23443,compound,protein,0
15951529,CPI,P21731,compound,protein,1
15983966,CPI,O14920,compound,protein,1
15983966,CPI,O15075,compound,protein,1
15983966,CPI,O75116,compound,protein,1
15983966,CPI,P08922,compound,protein,1
15983966,CPI,P52333,compound,protein,1
15983966,CPI,P54753,compound,protein,1
15983966,CPI,Q13882,compound,protein,1
15983966,CPI,Q15139,compound,protein,1
15983966,CPI,Q56UN5,compound,protein,1
15983966,CPI,Q8NI60,compound,protein,1
15983966,CPI,Q9UPZ9,compound,protein,1
15983966,CPI,Q969F8,compound,protein,0
15983966,CPI,P48546,compound,protein,0
15983966,CPI,O43708,compound,protein,0
15983966,CPI,P29972,compound,protein,0
15983966,CPI,P48167,compound,protein,0
15983966,CPI,O14815,compound,protein,0
15983966,CPI,P15144,compound,protein,0
15983966,CPI,P59538,compound,protein,0
15983966,CPI,P50213,compound,protein,0
15983966,CPI,Q8NA19,compound,protein,0
15983966,CPI,Q96DB2,compound,protein,0
16004692,CPI,P05231,compound,protein,0
16007391,CPI,O75716,compound,protein,1
16007391,CPI,P07332,compound,protein,1
16007391,CPI,P15735,compound,protein,1
16007391,CPI,P49841,compound,protein,1
16007391,CPI,Q00536,compound,protein,1
16007391,CPI,Q14680,compound,protein,1
16007391,CPI,Q9H2K8,compound,protein,1
16007391,CPI,Q9HC98,compound,protein,1
16007391,CPI,Q9HCP0,compound,protein,1
16007391,CPI,Q9UKE5,compound,protein,1
16007391,CPI,Q8TDD5,compound,protein,0
16007391,CPI,P34995,compound,protein,0
16007391,CPI,P17980,compound,protein,0
16007391,CPI,P78334,compound,protein,0
16007391,CPI,P18405,compound,protein,0
16007391,CPI,P17735,compound,protein,0
16014341,CPI,P11473,compound,protein,1
16014341,CPI,P27348,compound,protein,0
160254,CPI,P30044,compound,protein,0
160254,CPI,Q16555,compound,protein,0
160355,CPI,P11362,compound,protein,1
160355,CPI,P21802,compound,protein,1
160355,CPI,P51812,compound,protein,1
160355,CPI,P80192,compound,protein,1
160355,CPI,Q00535,compound,protein,1
160355,CPI,Q00536,compound,protein,1
160355,CPI,Q15349,compound,protein,1
160355,CPI,Q7KZI7,compound,protein,1
160355,CPI,Q9P1W9,compound,protein,1
160355,CPI,P49619,compound,protein,0
160355,CPI,Q03393,compound,protein,0
160355,CPI,P68106,compound,protein,0
160355,CPI,Q9BUL5,compound,protein,0
160355,CPI,P15144,compound,protein,0
160355,CPI,P38435,compound,protein,0
160355,CPI,P19320,compound,protein,0
160355,CPI,Q7Z2Z2,compound,protein,0
16038120,CPI,O00311,compound,protein,1
16038120,CPI,O75747,compound,protein,1
16038120,CPI,P04049,compound,protein,1
16038120,CPI,P33981,compound,protein,1
16038120,CPI,P43405,compound,protein,1
16038120,CPI,P49137,compound,protein,1
16038120,CPI,Q02156,compound,protein,1
16038120,CPI,Q13164,compound,protein,1
16038120,CPI,Q16620,compound,protein,1
16038120,CPI,Q32MK0,compound,protein,1
16038120,CPI,Q7L7X3,compound,protein,1
16038120,CPI,Q8IVH8,compound,protein,1
16038120,CPI,Q8NEV4,compound,protein,1
16038120,CPI,Q9UQ88,compound,protein,1
16038120,CPI,Q9Y4K4,compound,protein,1
16038120,CPI,Q9Y6E0,compound,protein,1
16038120,CPI,O76054,compound,protein,0
16038120,CPI,O14788,compound,protein,0
16038120,CPI,P23297,compound,protein,0
16038120,CPI,Q14832,compound,protein,0
16038120,CPI,P12004,compound,protein,0
16038120,CPI,P32297,compound,protein,0
16038120,CPI,P08473,compound,protein,0
16038120,CPI,P05412,compound,protein,0
16038120,CPI,P22760,compound,protein,0
16038120,CPI,P05181,compound,protein,0
16038120,CPI,Q05BQ5,compound,protein,0
16038120,CPI,P23416,compound,protein,0
16041424,CPI,P06241,compound,protein,1
16041424,CPI,P37173,compound,protein,1
16041424,CPI,Q9GZR1,compound,protein,0
16041424,CPI,Q9NP59,compound,protein,0
16043,CPI,Q16236,compound,protein,1
16061509,CPI,Q9Y5N1,compound,protein,1
16061509,CPI,P29375,compound,protein,0
16061509,CPI,P21554,compound,protein,0
16095342,CPI,O15530,compound,protein,1
16095342,CPI,O96013,compound,protein,1
16095342,CPI,P35968,compound,protein,1
16095342,CPI,P42685,compound,protein,1
16095342,CPI,P36544,compound,protein,0
16095342,CPI,P20648,compound,protein,0
16118392,CPI,P08631,compound,protein,1
16118392,CPI,P23945,compound,protein,0
16123056,CPI,O00329,compound,protein,1
16123056,CPI,P11532,compound,protein,0
16126651,CPI,P42680,compound,protein,1
16129666,CPI,Q08050,compound,protein,1
16129706,CPI,P30556,compound,protein,1
16129706,CPI,P43681,compound,protein,1
16129706,CPI,P49146,compound,protein,1
16129706,CPI,Q13885,compound,protein,0
16133851,CPI,P30968,compound,protein,1
16195819,CPI,P43681,compound,protein,0
16195819,CPI,Q00653,compound,protein,0
16218975,CPI,Q08289,compound,protein,1
16220172,CPI,P08588,compound,protein,1
16220172,CPI,P43681,compound,protein,1
16231,CPI,P19367,compound,protein,0
16231,CPI,Q9NR22,compound,protein,0
162755,CPI,P21917,compound,protein,1
162755,CPI,Q8TD30,compound,protein,0
162755,CPI,Q9Y5N1,compound,protein,0
16351,CPI,Q12809,compound,protein,1
16351,CPI,P48167,compound,protein,0
16351,CPI,Q9BPZ7,compound,protein,0
16362,CPI,Q9NUW8,compound,protein,1
16362,CPI,Q92499,compound,protein,0
16362,CPI,Q9BYV1,compound,protein,0
16363,CPI,P08908,compound,protein,1
163844,CPI,P48169,compound,protein,1
16397403,CPI,P35372,compound,protein,1
16404350,CPI,P50613,compound,protein,0
16446678,CPI,Q13393,compound,protein,0
16446868,CPI,O75496,compound,protein,1
164676,CPI,P28482,compound,protein,1
164676,CPI,P49798,compound,protein,1
1649,CPI,P05177,compound,protein,1
1649,CPI,P21728,compound,protein,1
16490,CPI,P62508,compound,protein,1
16654980,CPI,O00750,compound,protein,1
166553,CPI,Q14680,compound,protein,0
166553,CPI,Q9NYL2,compound,protein,0
166558,CPI,P21728,compound,protein,0
16666708,CPI,P10275,compound,protein,0
16667669,CPI,P30044,compound,protein,1
16667705,CPI,P31040,compound,protein,0
16718576,CPI,O75716,compound,protein,1
16718576,CPI,P54753,compound,protein,1
16718576,CPI,Q16539,compound,protein,1
16718576,CPI,Q8NI60,compound,protein,1
16718576,CPI,Q9HAZ1,compound,protein,1
16718576,CPI,Q8N5Y8,compound,protein,0
16718576,CPI,Q6V0L0,compound,protein,0
16718576,CPI,P01111,compound,protein,0
16718576,CPI,O00591,compound,protein,0
16718576,CPI,P45954,compound,protein,0
16718576,CPI,Q13002,compound,protein,0
16718576,CPI,Q8NFT8,compound,protein,0
16720766,CPI,P51957,compound,protein,0
16720766,CPI,P08648,compound,protein,0
16722836,CPI,P08172,compound,protein,1
16722836,CPI,P15056,compound,protein,1
16722836,CPI,P30291,compound,protein,1
16722836,CPI,P30530,compound,protein,1
16722836,CPI,P36888,compound,protein,1
16722836,CPI,P36896,compound,protein,1
16722836,CPI,P80192,compound,protein,1
16722836,CPI,Q00532,compound,protein,1
16722836,CPI,Q08499,compound,protein,1
16722836,CPI,Q8TBX8,compound,protein,1
16722836,CPI,Q9BVS4,compound,protein,1
16722836,CPI,Q9BYT3,compound,protein,1
16722836,CPI,Q9HCP0,compound,protein,1
16722836,CPI,Q9P2K8,compound,protein,1
16722836,CPI,Q9Y6M4,compound,protein,1
16722836,CPI,P41235,compound,protein,0
16722836,CPI,P16455,compound,protein,0
16722836,CPI,Q9UKT9,compound,protein,0
16722836,CPI,Q9UJT1,compound,protein,0
16722836,CPI,P62917,compound,protein,0
16722836,CPI,P15104,compound,protein,0
16722836,CPI,P03905,compound,protein,0
16722836,CPI,P48145,compound,protein,0
16722836,CPI,Q9NPC2,compound,protein,0
16722836,CPI,Q86W10,compound,protein,0
16722836,CPI,Q9NY65,compound,protein,0
16722836,CPI,Q9GZR1,compound,protein,0
16722836,CPI,Q15910,compound,protein,0
16722836,CPI,O15427,compound,protein,0
16722836,CPI,P54886,compound,protein,0
16722836,CPI,Q06520,compound,protein,0
16722836,CPI,P00390,compound,protein,0
16725726,CPI,O95835,compound,protein,1
16725726,CPI,P04629,compound,protein,1
16725726,CPI,P05771,compound,protein,1
16725726,CPI,P06239,compound,protein,1
16725726,CPI,P11802,compound,protein,1
16725726,CPI,P42338,compound,protein,1
16725726,CPI,Q05655,compound,protein,1
16725726,CPI,Q06418,compound,protein,1
16725726,CPI,Q13163,compound,protein,1
16725726,CPI,Q96RR4,compound,protein,1
16725726,CPI,Q9BUB5,compound,protein,1
16725726,CPI,Q9P289,compound,protein,1
16725726,CPI,Q9UGJ0,compound,protein,1
16725726,CPI,Q9UPZ9,compound,protein,1
16725726,CPI,P02708,compound,protein,0
16725726,CPI,Q7L0J3,compound,protein,0
16725726,CPI,Q53EL6,compound,protein,0
16725726,CPI,Q9NYW7,compound,protein,0
16725726,CPI,P04183,compound,protein,0
16725726,CPI,P08134,compound,protein,0
16725726,CPI,Q15633,compound,protein,0
16725726,CPI,P04818,compound,protein,0
16725726,CPI,P19429,compound,protein,0
16725726,CPI,P59543,compound,protein,0
16725726,CPI,P09668,compound,protein,0
16725726,CPI,P59533,compound,protein,0
16725726,CPI,P11766,compound,protein,0
16734800,CPI,Q12888,compound,protein,0
16736529,CPI,P35372,compound,protein,0
16736529,CPI,P56704,compound,protein,0
16739650,CPI,P36888,compound,protein,1
1674,CPI,P0DMS8,compound,protein,1
16741,CPI,O75762,compound,protein,1
16741,CPI,P56385,compound,protein,1
16741,CPI,Q92598,compound,protein,1
16741,CPI,P02708,compound,protein,0
16741,CPI,Q6N021,compound,protein,0
16741,CPI,Q9Y5Y4,compound,protein,0
16741,CPI,P23945,compound,protein,0
16741,CPI,Q96L34,compound,protein,0
16741281,CPI,P41145,compound,protein,1
16747388,CPI,P29323,compound,protein,1
16747388,CPI,Q53EL6,compound,protein,0
16747776,CPI,Q9Y6M4,compound,protein,0
16749997,CPI,Q9BRS2,compound,protein,0
167551,CPI,P29274,compound,protein,0
16757524,CPI,P42261,compound,protein,0
16757524,CPI,P01023,compound,protein,0
16759369,CPI,P10636,compound,protein,1
16760039,CPI,Q9ULX7,compound,protein,1
16760039,CPI,Q16515,compound,protein,0
16760039,CPI,O00764,compound,protein,0
16760376,CPI,P56817,compound,protein,1
16773791,CPI,Q9H237,compound,protein,0
1683,CPI,Q9P2R7,compound,protein,0
1687,CPI,Q86V86,compound,protein,0
1691,CPI,P84077,compound,protein,0
1694,CPI,P54619,compound,protein,1
1694,CPI,Q9NRF9,compound,protein,0
16960,CPI,P11229,compound,protein,1
16960,CPI,Q99418,compound,protein,0
16960,CPI,Q01538,compound,protein,0
1697,CPI,Q16548,compound,protein,0
17142,CPI,Q16637,compound,protein,1
17142,CPI,P49748,compound,protein,0
1714884,CPI,Q99928,compound,protein,0
171548,CPI,P21728,compound,protein,1
171548,CPI,P28482,compound,protein,1
171548,CPI,P41145,compound,protein,1
171548,CPI,O43915,compound,protein,0
171548,CPI,Q99986,compound,protein,0
1716436,CPI,P42574,compound,protein,1
1720,CPI,P41595,compound,protein,0
1727,CPI,P02545,compound,protein,1
1727,CPI,P48547,compound,protein,1
173614,CPI,P18405,compound,protein,0
173614,CPI,Q9H2G2,compound,protein,0
17460708,CPI,Q9BPZ7,compound,protein,0
17534,CPI,Q8IUX4,compound,protein,1
17540423,CPI,Q16637,compound,protein,0
175540,CPI,P07550,compound,protein,1
175540,CPI,P18089,compound,protein,1
176155,CPI,O96013,compound,protein,1
176155,CPI,P08922,compound,protein,1
176155,CPI,P15056,compound,protein,1
176155,CPI,P29322,compound,protein,1
176155,CPI,P42336,compound,protein,1
176155,CPI,P53779,compound,protein,1
176155,CPI,P54762,compound,protein,1
176155,CPI,Q13177,compound,protein,1
176155,CPI,Q16288,compound,protein,1
176155,CPI,Q16513,compound,protein,1
176155,CPI,Q8IWQ3,compound,protein,1
176155,CPI,Q9BRS2,compound,protein,1
176155,CPI,Q9BYT3,compound,protein,1
176155,CPI,Q9H093,compound,protein,1
176155,CPI,Q9NY57,compound,protein,1
176155,CPI,Q9UQM7,compound,protein,1
176155,CPI,P62917,compound,protein,0
176155,CPI,P40429,compound,protein,0
176155,CPI,P35520,compound,protein,0
176155,CPI,Q9UBE0,compound,protein,0
176155,CPI,P16220,compound,protein,0
176155,CPI,P21281,compound,protein,0
176155,CPI,A8MPY1,compound,protein,0
176155,CPI,Q9NZ42,compound,protein,0
176155,CPI,Q8NFI3,compound,protein,0
176155,CPI,P54829,compound,protein,0
176155,CPI,P48544,compound,protein,0
176155,CPI,P08670,compound,protein,0
176155,CPI,P00734,compound,protein,0
176155,CPI,P35408,compound,protein,0
176157,CPI,P34998,compound,protein,1
176157,CPI,Q8NEV4,compound,protein,0
176158,CPI,P50391,compound,protein,0
176167,CPI,P06239,compound,protein,1
176167,CPI,P11802,compound,protein,1
176167,CPI,P17252,compound,protein,1
176167,CPI,P29320,compound,protein,1
176167,CPI,P48736,compound,protein,1
176167,CPI,P51813,compound,protein,1
176167,CPI,P51955,compound,protein,1
176167,CPI,Q12852,compound,protein,1
176167,CPI,Q13237,compound,protein,1
176167,CPI,Q13555,compound,protein,1
176167,CPI,Q9BZL6,compound,protein,1
176167,CPI,Q9UEE5,compound,protein,1
176167,CPI,Q9UQ88,compound,protein,1
176167,CPI,Q9UIG8,compound,protein,0
176167,CPI,Q92934,compound,protein,0
176167,CPI,P08473,compound,protein,0
176167,CPI,P00492,compound,protein,0
176167,CPI,P30872,compound,protein,0
176167,CPI,P49862,compound,protein,0
176167,CPI,Q9NYV7,compound,protein,0
176167,CPI,Q9UBE0,compound,protein,0
176167,CPI,Q96DB2,compound,protein,0
176167,CPI,P20648,compound,protein,0
176167,CPI,P56381,compound,protein,0
176167,CPI,Q02108,compound,protein,0
176167,CPI,Q05209,compound,protein,0
176167,CPI,Q9H8P0,compound,protein,0
176167,CPI,Q6V1X1,compound,protein,0
176167,CPI,P14415,compound,protein,0
176167,CPI,Q06520,compound,protein,0
176167,CPI,P52732,compound,protein,0
176870,CPI,O95819,compound,protein,1
176870,CPI,P19525,compound,protein,1
176870,CPI,P35372,compound,protein,1
176870,CPI,P36897,compound,protein,1
176870,CPI,P43405,compound,protein,1
176870,CPI,P49674,compound,protein,1
176870,CPI,Q00536,compound,protein,1
176870,CPI,Q04912,compound,protein,1
176870,CPI,Q12866,compound,protein,1
176870,CPI,Q13177,compound,protein,1
176870,CPI,Q13523,compound,protein,1
176870,CPI,Q86UE8,compound,protein,1
176870,CPI,Q8IU85,compound,protein,1
176870,CPI,Q8WTQ7,compound,protein,1
176870,CPI,Q96RR4,compound,protein,1
176870,CPI,Q99640,compound,protein,1
176870,CPI,Q9UHD2,compound,protein,1
176870,CPI,O15151,compound,protein,0
176870,CPI,Q15047,compound,protein,0
176870,CPI,Q9H237,compound,protein,0
176870,CPI,P16152,compound,protein,0
176870,CPI,Q8N1Q1,compound,protein,0
176870,CPI,P15880,compound,protein,0
176870,CPI,Q9UBS5,compound,protein,0
176870,CPI,Q71U36,compound,protein,0
1775,CPI,P24941,compound,protein,0
17754438,CPI,Q9Y463,compound,protein,1
17754438,CPI,Q9NY56,compound,protein,0
17755052,CPI,P22455,compound,protein,1
17755052,CPI,P36888,compound,protein,1
17755052,CPI,P42336,compound,protein,1
17755052,CPI,P42680,compound,protein,1
17755052,CPI,P43405,compound,protein,1
17755052,CPI,P50750,compound,protein,1
17755052,CPI,Q00537,compound,protein,1
17755052,CPI,Q14012,compound,protein,1
17755052,CPI,Q16288,compound,protein,1
17755052,CPI,Q99759,compound,protein,1
17755052,CPI,Q9P289,compound,protein,1
17755052,CPI,Q9UHD2,compound,protein,1
17755052,CPI,Q9P2N6,compound,protein,0
17755052,CPI,P54710,compound,protein,0
17755052,CPI,P08473,compound,protein,0
17755052,CPI,Q02083,compound,protein,0
17755052,CPI,Q8WYK2,compound,protein,0
17755052,CPI,O00180,compound,protein,0
17755052,CPI,P23469,compound,protein,0
17755052,CPI,P25774,compound,protein,0
17755052,CPI,P22309,compound,protein,0
17755052,CPI,P50993,compound,protein,0
17755052,CPI,Q7Z3E1,compound,protein,0
17755052,CPI,P29350,compound,protein,0
17755052,CPI,Q9NYW5,compound,protein,0
17755052,CPI,P61024,compound,protein,0
17755052,CPI,P35367,compound,protein,0
17756785,CPI,P30518,compound,protein,1
17757095,CPI,O75496,compound,protein,1
17757095,CPI,P51151,compound,protein,0
17757146,CPI,P08913,compound,protein,0
17757294,CPI,Q13164,compound,protein,0
177992,CPI,P52564,compound,protein,0
1780,CPI,P27695,compound,protein,1
1780,CPI,P28562,compound,protein,1
1780,CPI,P18847,compound,protein,0
1794,CPI,P21439,compound,protein,0
1794,CPI,P35367,compound,protein,0
1794427,CPI,P21453,compound,protein,0
180933,CPI,P33261,compound,protein,1
182362,CPI,P42229,compound,protein,0
182362,CPI,Q9UQB9,compound,protein,0
18283,CPI,Q06520,compound,protein,0
1833,CPI,P28566,compound,protein,1
1853,CPI,Q16236,compound,protein,1
1856447,CPI,Q00537,compound,protein,0
1858,CPI,P48039,compound,protein,1
1862,CPI,O00750,compound,protein,0
1864426,CPI,Q92830,compound,protein,1
1864426,CPI,P20292,compound,protein,0
1864426,CPI,P80192,compound,protein,0
187,CPI,P43686,compound,protein,0
18721,CPI,Q16678,compound,protein,1
18755269,CPI,P57789,compound,protein,0
1884,CPI,Q96KQ7,compound,protein,1
1892,CPI,P21673,compound,protein,0
1892,CPI,P12931,compound,protein,0
1893,CPI,Q16236,compound,protein,1
1893,CPI,P51159,compound,protein,0
1893668,CPI,P49674,compound,protein,1
1893730,CPI,P49802,compound,protein,0
189562,CPI,O75469,compound,protein,0
189748,CPI,Q00536,compound,protein,0
19003,CPI,P08172,compound,protein,1
19003,CPI,Q01959,compound,protein,1
19003,CPI,P30519,compound,protein,0
19003,CPI,P62917,compound,protein,0
1901244,CPI,Q9NUW8,compound,protein,1
1901244,CPI,P12236,compound,protein,0
19103,CPI,P30559,compound,protein,0
19103,CPI,P25021,compound,protein,0
1918543,CPI,Q9BXA7,compound,protein,0
192197,CPI,P59536,compound,protein,0
192706,CPI,Q99707,compound,protein,0
1935,CPI,P54707,compound,protein,0
1935,CPI,Q8IYD1,compound,protein,0
193949,CPI,P20309,compound,protein,0
193962,CPI,P21728,compound,protein,1
193962,CPI,P42356,compound,protein,0
19529,CPI,Q16665,compound,protein,1
19529,CPI,Q13733,compound,protein,0
19529,CPI,P30518,compound,protein,0
195915,CPI,O00506,compound,protein,0
1963150,CPI,Q8N3A8,compound,protein,0
1963150,CPI,P16234,compound,protein,0
19675,CPI,P41231,compound,protein,0
197690,CPI,P18089,compound,protein,0
197706,CPI,Q9UL54,compound,protein,0
197706,CPI,Q13177,compound,protein,0
1978,CPI,O43193,compound,protein,1
1978,CPI,P08908,compound,protein,1
1978,CPI,P18825,compound,protein,1
1978,CPI,P01137,compound,protein,0
1978,CPI,P02787,compound,protein,0
198107,CPI,Q9UHD2,compound,protein,0
1983,CPI,P35218,compound,protein,0
1983,CPI,Q13627,compound,protein,0
1986,CPI,O75496,compound,protein,1
1986,CPI,P04150,compound,protein,1
1986,CPI,O43151,compound,protein,0
1986,CPI,P41250,compound,protein,0
1989,CPI,P07550,compound,protein,1
1989,CPI,P48995,compound,protein,0
1989,CPI,P51164,compound,protein,0
1989,CPI,Q9P2R7,compound,protein,0
1989,CPI,Q9UBL9,compound,protein,0
199472,CPI,Q8N6T7,compound,protein,1
2022,CPI,P35462,compound,protein,1
2022,CPI,P84022,compound,protein,1
2022,CPI,Q96KQ7,compound,protein,1
2022,CPI,Q14697,compound,protein,0
202225,CPI,P21731,compound,protein,1
20279,CPI,P27707,compound,protein,1
20279,CPI,P49356,compound,protein,0
20299,CPI,P10635,compound,protein,1
20345,CPI,P0DMS8,compound,protein,1
2040,CPI,P14416,compound,protein,1
2040,CPI,P04179,compound,protein,0
2040,CPI,Q9NSE4,compound,protein,0
2040,CPI,O75676,compound,protein,0
2048,CPI,Q96QE3,compound,protein,1
2048,CPI,P49773,compound,protein,0
2048,CPI,Q9P0J0,compound,protein,0
2051,CPI,P04062,compound,protein,1
2051,CPI,P41145,compound,protein,0
20525,CPI,P43235,compound,protein,0
205912,CPI,P42684,compound,protein,0
2061,CPI,P04637,compound,protein,1
2061,CPI,O95237,compound,protein,0
2082,CPI,O43193,compound,protein,1
2082,CPI,P02545,compound,protein,1
2082,CPI,P08913,compound,protein,1
2082,CPI,Q71U36,compound,protein,1
2082,CPI,Q92847,compound,protein,1
2083,CPI,Q9UJT0,compound,protein,0
20854195,CPI,P21728,compound,protein,0
20854254,CPI,P15056,compound,protein,0
20862025,CPI,O94925,compound,protein,1
20876331,CPI,P52564,compound,protein,0
2088,CPI,P23975,compound,protein,1
2088,CPI,Q15084,compound,protein,0
208898,CPI,P26196,compound,protein,0
208902,CPI,Q9H237,compound,protein,0
208908,CPI,O14578,compound,protein,1
208908,CPI,O43293,compound,protein,1
208908,CPI,P00519,compound,protein,1
208908,CPI,P19784,compound,protein,1
208908,CPI,P28482,compound,protein,1
208908,CPI,P49760,compound,protein,1
208908,CPI,Q00536,compound,protein,1
208908,CPI,Q13188,compound,protein,1
208908,CPI,Q9H0K1,compound,protein,1
208908,CPI,Q9UNQ0,compound,protein,1
208908,CPI,Q9Y616,compound,protein,1
208908,CPI,P14207,compound,protein,0
208908,CPI,P84098,compound,protein,0
208908,CPI,Q01344,compound,protein,0
208908,CPI,P14415,compound,protein,0
208908,CPI,P34995,compound,protein,0
208908,CPI,Q12882,compound,protein,0
208908,CPI,P63000,compound,protein,0
208908,CPI,P31350,compound,protein,0
208908,CPI,P21695,compound,protein,0
208908,CPI,P30049,compound,protein,0
208908,CPI,Q96Q83,compound,protein,0
208908,CPI,P00797,compound,protein,0
2094,CPI,P02545,compound,protein,1
2094,CPI,Q9NUW8,compound,protein,1
20969430,CPI,P51800,compound,protein,0
20969756,CPI,P04150,compound,protein,0
2099,CPI,P08684,compound,protein,1
2099,CPI,P37288,compound,protein,1
2099,CPI,P07741,compound,protein,0
2099,CPI,Q9UHA3,compound,protein,0
2099,CPI,Q96Q15,compound,protein,0
2100018,CPI,P61812,compound,protein,0
210332,CPI,P53350,compound,protein,1
210332,CPI,P02788,compound,protein,0
21071390,CPI,P08908,compound,protein,1
21071390,CPI,P28335,compound,protein,1
21109,CPI,P32246,compound,protein,0
21109,CPI,P33261,compound,protein,0
2113511,CPI,P28062,compound,protein,0
21138,CPI,P41595,compound,protein,1
21138,CPI,P08700,compound,protein,0
21138,CPI,P00915,compound,protein,0
2118,CPI,O14764,compound,protein,1
2118,CPI,Q8IV61,compound,protein,0
2118,CPI,P40238,compound,protein,0
2120,CPI,Q9UEW8,compound,protein,0
2123,CPI,P30542,compound,protein,1
2123,CPI,Q92847,compound,protein,1
2123,CPI,Q9P0J0,compound,protein,0
2125,CPI,P34972,compound,protein,1
2130,CPI,P35354,compound,protein,1
2130,CPI,P37288,compound,protein,1
2130,CPI,P08758,compound,protein,0
213040,CPI,P51159,compound,protein,0
213046,CPI,P18825,compound,protein,1
213046,CPI,P34969,compound,protein,1
213046,CPI,P35367,compound,protein,1
213046,CPI,Q9NUW8,compound,protein,0
2131,CPI,P05177,compound,protein,0
2131,CPI,P49768,compound,protein,0
2132,CPI,P26196,compound,protein,0
2141,CPI,P53634,compound,protein,0
2143,CPI,Q99250,compound,protein,1
2143,CPI,P14770,compound,protein,0
214347,CPI,P08684,compound,protein,1
2145,CPI,P34969,compound,protein,0
2146,CPI,P16473,compound,protein,1
2146,CPI,P49798,compound,protein,1
2148,CPI,Q9UNX3,compound,protein,0
2153,CPI,P11308,compound,protein,1
2153,CPI,P48736,compound,protein,0
2157,CPI,P08588,compound,protein,1
2157,CPI,P19838,compound,protein,1
2157,CPI,P21452,compound,protein,1
2157,CPI,P33032,compound,protein,1
2157,CPI,Q01959,compound,protein,1
2157,CPI,P30281,compound,protein,0
2157,CPI,P10599,compound,protein,0
21584481,CPI,P25929,compound,protein,0
2159,CPI,P18089,compound,protein,1
2159,CPI,P34969,compound,protein,1
2160,CPI,P11229,compound,protein,1
2160,CPI,P20309,compound,protein,1
2160,CPI,P21554,compound,protein,1
2160,CPI,Q01959,compound,protein,1
2160,CPI,Q09472,compound,protein,0
2161,CPI,P52333,compound,protein,0
2162,CPI,O43193,compound,protein,1
2162,CPI,P00915,compound,protein,1
2162,CPI,P46098,compound,protein,1
2162,CPI,P09237,compound,protein,0
2162,CPI,Q96Q04,compound,protein,0
216210,CPI,O15244,compound,protein,1
216210,CPI,Q9NQW7,compound,protein,0
216237,CPI,P13612,compound,protein,0
216239,CPI,P04626,compound,protein,1
216239,CPI,P10398,compound,protein,1
216239,CPI,P30530,compound,protein,1
216239,CPI,P35354,compound,protein,1
216239,CPI,Q05397,compound,protein,1
216239,CPI,Q05655,compound,protein,1
216239,CPI,Q16584,compound,protein,1
216239,CPI,Q8N752,compound,protein,1
216239,CPI,Q8WU08,compound,protein,1
216239,CPI,Q9BXA7,compound,protein,1
216239,CPI,Q9NUW8,compound,protein,1
216239,CPI,Q9Y6E0,compound,protein,1
216239,CPI,Q13507,compound,protein,0
216239,CPI,Q9UHC3,compound,protein,0
216239,CPI,Q96PN8,compound,protein,0
216239,CPI,P51452,compound,protein,0
216239,CPI,O75030,compound,protein,0
216239,CPI,P10253,compound,protein,0
216239,CPI,P20711,compound,protein,0
216239,CPI,P35610,compound,protein,0
216239,CPI,P11926,compound,protein,0
216239,CPI,Q5BJF2,compound,protein,0
21625941,CPI,Q8IYT8,compound,protein,0
216284,CPI,O95237,compound,protein,0
216327,CPI,P35498,compound,protein,1
216468,CPI,Q01970,compound,protein,0
2165,CPI,P18825,compound,protein,1
21678144,CPI,P08588,compound,protein,0
2170,CPI,P14867,compound,protein,1
2170,CPI,P28335,compound,protein,1
2170,CPI,P41145,compound,protein,1
2170,CPI,P50406,compound,protein,1
2170,CPI,Q08499,compound,protein,1
2170,CPI,P30519,compound,protein,0
2170,CPI,P41250,compound,protein,0
2170,CPI,P49748,compound,protein,0
21700,CPI,P18089,compound,protein,1
21700,CPI,Q96KQ7,compound,protein,0
21704,CPI,P35367,compound,protein,0
21704,CPI,P08912,compound,protein,0
2179,CPI,P14416,compound,protein,1
2179,CPI,P21728,compound,protein,1
2179,CPI,Q06609,compound,protein,0
2179,CPI,Q15910,compound,protein,0
21800,CPI,P06401,compound,protein,1
2182,CPI,P21397,compound,protein,1
2182,CPI,P51570,compound,protein,0
2182,CPI,Q9Y239,compound,protein,0
2183264,CPI,Q9UQF2,compound,protein,0
2183264,CPI,Q06187,compound,protein,0
21865526,CPI,P49768,compound,protein,0
2187,CPI,P11511,compound,protein,1
219078,CPI,P35498,compound,protein,1
2196,CPI,P02545,compound,protein,0
21997268,CPI,P31153,compound,protein,0
2200,CPI,P35462,compound,protein,1
2200,CPI,Q96Q15,compound,protein,0
2200,CPI,Q6JQN1,compound,protein,0
2200,CPI,Q9UQF2,compound,protein,0
2200,CPI,P42345,compound,protein,0
2201555,CPI,O75496,compound,protein,1
2206,CPI,P08172,compound,protein,1
2206,CPI,Q9ULC5,compound,protein,0
2210290,CPI,P53355,compound,protein,0
221493,CPI,P14854,compound,protein,1
221493,CPI,P20674,compound,protein,1
221493,CPI,P05177,compound,protein,0
22228376,CPI,P06213,compound,protein,1
22228376,CPI,P08922,compound,protein,1
22228376,CPI,P27695,compound,protein,1
22228376,CPI,P42685,compound,protein,1
22228376,CPI,Q14680,compound,protein,1
22228376,CPI,O00337,compound,protein,0
22228376,CPI,Q9Y263,compound,protein,0
22228376,CPI,P50453,compound,protein,0
22228376,CPI,Q9Y5Y6,compound,protein,0
222515,CPI,P18074,compound,protein,0
222515,CPI,Q96KQ7,compound,protein,0
222528,CPI,P28161,compound,protein,1
222528,CPI,P51681,compound,protein,0
2225472,CPI,P83916,compound,protein,1
222786,CPI,P39748,compound,protein,1
222786,CPI,Q13148,compound,protein,1
222786,CPI,P43235,compound,protein,0
2236,CPI,O75496,compound,protein,1
2236,CPI,P11229,compound,protein,0
22416235,CPI,P19634,compound,protein,0
22416276,CPI,P21554,compound,protein,0
2244,CPI,P18825,compound,protein,1
2244,CPI,P21554,compound,protein,1
2244,CPI,P21917,compound,protein,1
2244,CPI,P24385,compound,protein,1
2244,CPI,P28482,compound,protein,1
2244,CPI,Q96KQ7,compound,protein,1
2244,CPI,Q9UBS5,compound,protein,1
2244,CPI,Q9UGI9,compound,protein,1
2244,CPI,Q15059,compound,protein,0
2244,CPI,Q9NPD8,compound,protein,0
2244,CPI,B1AH88,compound,protein,0
2244,CPI,O94811,compound,protein,0
2247,CPI,O75604,compound,protein,1
2247,CPI,O95342,compound,protein,1
2247,CPI,P08908,compound,protein,1
2247,CPI,P21728,compound,protein,1
2247,CPI,P25021,compound,protein,1
2247,CPI,P30874,compound,protein,1
2247,CPI,Q9NQS7,compound,protein,0
2247,CPI,P51955,compound,protein,0
2247,CPI,P39023,compound,protein,0
2249,CPI,P08700,compound,protein,0
2250,CPI,Q92769,compound,protein,1
2250,CPI,P61088,compound,protein,0
2264,CPI,Q12809,compound,protein,1
2265,CPI,P18089,compound,protein,1
2265,CPI,P63000,compound,protein,1
2265,CPI,P68871,compound,protein,1
2265,CPI,Q9NSD9,compound,protein,0
2266,CPI,P14679,compound,protein,1
2266,CPI,P21731,compound,protein,1
2266,CPI,P31213,compound,protein,1
2267,CPI,P35367,compound,protein,1
2267,CPI,P99999,compound,protein,0
22833647,CPI,P49761,compound,protein,0
2284,CPI,Q15392,compound,protein,0
2284,CPI,P0DMV8,compound,protein,0
2284,CPI,P08758,compound,protein,0
2284,CPI,P11712,compound,protein,0
2286,CPI,P21728,compound,protein,0
2307,CPI,Q8IVT5,compound,protein,0
230748,CPI,O95644,compound,protein,1
230748,CPI,Q99714,compound,protein,1
230748,CPI,Q9Y263,compound,protein,0
2315,CPI,P25929,compound,protein,1
2318,CPI,Q9BZE4,compound,protein,0
2321431,CPI,O15118,compound,protein,1
2327,CPI,P63279,compound,protein,1
2327,CPI,Q15131,compound,protein,0
2327953,CPI,Q16853,compound,protein,0
2333,CPI,Q14432,compound,protein,1
2333,CPI,P01116,compound,protein,0
2335,CPI,P41145,compound,protein,1
2335,CPI,Q99571,compound,protein,0
23350989,CPI,P11229,compound,protein,0
23351218,CPI,P51681,compound,protein,0
2337,CPI,P14416,compound,protein,1
2337,CPI,P32245,compound,protein,1
2337,CPI,P41968,compound,protein,1
2337,CPI,P43681,compound,protein,1
2337,CPI,Q4G0J3,compound,protein,0
23418,CPI,Q9UBL9,compound,protein,1
2343,CPI,O43570,compound,protein,1
2343,CPI,P25929,compound,protein,1
2343,CPI,P29274,compound,protein,1
2343,CPI,P30518,compound,protein,1
23500906,CPI,P99999,compound,protein,0
2351,CPI,P35367,compound,protein,1
2351,CPI,Q13936,compound,protein,1
2353,CPI,Q6FHJ7,compound,protein,0
235382,CPI,Q5TCX8,compound,protein,0
2355,CPI,P17658,compound,protein,0
2356,CPI,P10275,compound,protein,0
23581828,CPI,P02545,compound,protein,0
2360837,CPI,P28335,compound,protein,0
23612567,CPI,P21554,compound,protein,1
23631972,CPI,P43220,compound,protein,1
23631972,CPI,O00763,compound,protein,0
23648037,CPI,P06213,compound,protein,0
23654757,CPI,P08575,compound,protein,0
236702,CPI,P11229,compound,protein,1
236702,CPI,Q16637,compound,protein,1
236702,CPI,P30519,compound,protein,0
2369,CPI,P00736,compound,protein,0
2370,CPI,P35367,compound,protein,1
23725,CPI,P52564,compound,protein,0
23725625,CPI,Q7Z3E1,compound,protein,1
23725625,CPI,P47900,compound,protein,0
23725625,CPI,Q13509,compound,protein,0
23725625,CPI,Q9NUW8,compound,protein,0
23727689,CPI,P99999,compound,protein,0
23748533,CPI,Q99700,compound,protein,0
2375,CPI,P34969,compound,protein,1
2375,CPI,P35372,compound,protein,1
2375,CPI,P46098,compound,protein,1
2375,CPI,Q9UBS5,compound,protein,1
2375,CPI,Q9Y2W1,compound,protein,0
2378,CPI,P41595,compound,protein,1
2378,CPI,Q14839,compound,protein,0
2381,CPI,P39748,compound,protein,1
23817956,CPI,P50052,compound,protein,0
23874512,CPI,P41145,compound,protein,0
23897,CPI,P34969,compound,protein,1
23897,CPI,P10275,compound,protein,0
2390,CPI,P31749,compound,protein,1
2390,CPI,P68400,compound,protein,1
2390,CPI,Q16644,compound,protein,1
2390,CPI,Q5VT25,compound,protein,1
2390,CPI,O94782,compound,protein,1
2390,CPI,P11021,compound,protein,1
2390,CPI,P39748,compound,protein,1
2390,CPI,P54132,compound,protein,1
2390,CPI,Q8N5Y8,compound,protein,0
2390,CPI,P31213,compound,protein,0
2390,CPI,P07900,compound,protein,0
2391,CPI,P02545,compound,protein,1
23947601,CPI,P05023,compound,protein,1
2396,CPI,P08151,compound,protein,0
24041599,CPI,P23415,compound,protein,1
2405,CPI,P25103,compound,protein,1
2405,CPI,P35372,compound,protein,1
2405,CPI,Q2M385,compound,protein,0
24058669,CPI,P06401,compound,protein,0
24058669,CPI,P37088,compound,protein,0
2406,CPI,P28482,compound,protein,1
2406,CPI,Q9H7Z7,compound,protein,0
24066,CPI,P23975,compound,protein,1
24066,CPI,Q9Y5S1,compound,protein,0
2415,CPI,P19838,compound,protein,1
2416356,CPI,Q02641,compound,protein,0
24180719,CPI,O14965,compound,protein,1
24180719,CPI,O94804,compound,protein,1
24180719,CPI,P29317,compound,protein,1
24180719,CPI,P48730,compound,protein,1
24180719,CPI,P49841,compound,protein,1
24180719,CPI,P51957,compound,protein,1
24180719,CPI,P53779,compound,protein,1
24180719,CPI,Q13131,compound,protein,1
24180719,CPI,Q13164,compound,protein,1
24180719,CPI,Q13557,compound,protein,1
24180719,CPI,Q7KZI7,compound,protein,1
24180719,CPI,Q8NE63,compound,protein,1
24180719,CPI,Q8NFD2,compound,protein,1
24180719,CPI,P23921,compound,protein,0
24180719,CPI,P47712,compound,protein,0
24180719,CPI,Q16478,compound,protein,0
24180719,CPI,Q460N3,compound,protein,0
24180719,CPI,P30872,compound,protein,0
24180719,CPI,P14324,compound,protein,0
24180719,CPI,Q14643,compound,protein,0
24180719,CPI,P61981,compound,protein,0
24180719,CPI,P02675,compound,protein,0
24180719,CPI,O75912,compound,protein,0
24180719,CPI,Q96SW2,compound,protein,0
24180719,CPI,Q9UJT0,compound,protein,0
24180719,CPI,P00750,compound,protein,0
241903,CPI,Q9Y2R2,compound,protein,0
2430,CPI,P84022,compound,protein,1
2430,CPI,Q16665,compound,protein,0
2431,CPI,Q08881,compound,protein,0
2435,CPI,P08908,compound,protein,1
24360,CPI,P41595,compound,protein,1
24360,CPI,P19801,compound,protein,0
24360,CPI,Q12974,compound,protein,0
2442307,CPI,P20020,compound,protein,0
2446,CPI,P49354,compound,protein,0
2453,CPI,P08514,compound,protein,0
2462,CPI,Q02127,compound,protein,0
2466,CPI,P10635,compound,protein,1
2471,CPI,Q03154,compound,protein,0
24720976,CPI,P33261,compound,protein,0
24739943,CPI,P25105,compound,protein,0
24747169,CPI,P78356,compound,protein,0
24747191,CPI,P06241,compound,protein,0
24747270,CPI,Q13546,compound,protein,0
24747340,CPI,P21860,compound,protein,0
24747342,CPI,Q06710,compound,protein,1
24747343,CPI,P21918,compound,protein,0
24748573,CPI,P51800,compound,protein,0
24771824,CPI,P08908,compound,protein,0
24771867,CPI,P15735,compound,protein,1
24771867,CPI,P61026,compound,protein,1
24771867,CPI,Q8NE63,compound,protein,1
24771867,CPI,Q9NR20,compound,protein,1
24771867,CPI,Q9Y4K4,compound,protein,1
24771867,CPI,P05181,compound,protein,0
24775005,CPI,P21554,compound,protein,1
24775005,CPI,Q6NS38,compound,protein,0
24775005,CPI,Q16236,compound,protein,0
24776445,CPI,Q96RU2,compound,protein,1
24776445,CPI,P43235,compound,protein,0
24776445,CPI,P08238,compound,protein,0
24776445,CPI,P07355,compound,protein,0
24779724,CPI,O15264,compound,protein,1
24779724,CPI,O94804,compound,protein,1
24779724,CPI,P07948,compound,protein,1
24779724,CPI,P24941,compound,protein,1
24779724,CPI,P49759,compound,protein,1
24779724,CPI,P52333,compound,protein,1
24779724,CPI,P54756,compound,protein,1
24779724,CPI,P57058,compound,protein,1
24779724,CPI,Q16566,compound,protein,1
24779724,CPI,Q16816,compound,protein,1
24779724,CPI,Q8NE63,compound,protein,1
24779724,CPI,Q9H2G2,compound,protein,1
24779724,CPI,Q8TC12,compound,protein,0
24779724,CPI,P31213,compound,protein,0
24779724,CPI,P13637,compound,protein,0
24779724,CPI,Q16099,compound,protein,0
24779724,CPI,P05362,compound,protein,0
24779724,CPI,Q9NSA2,compound,protein,0
24779724,CPI,P18507,compound,protein,0
24779724,CPI,P39023,compound,protein,0
24779724,CPI,P08686,compound,protein,0
24779724,CPI,P07359,compound,protein,0
2478,CPI,P14780,compound,protein,1
24785538,CPI,Q12809,compound,protein,1
24785538,CPI,P31260,compound,protein,0
24788740,CPI,Q16322,compound,protein,0
24788740,CPI,Q15759,compound,protein,0
24794418,CPI,P08069,compound,protein,1
24794418,CPI,P12931,compound,protein,1
2480,CPI,P29762,compound,protein,0
24800541,CPI,P28062,compound,protein,1
2481,CPI,Q9UBU7,compound,protein,0
2481,CPI,Q99814,compound,protein,0
2481,CPI,P41212,compound,protein,0
24812758,CPI,Q96RR4,compound,protein,0
2482,CPI,P62955,compound,protein,1
2482,CPI,Q06432,compound,protein,1
2482,CPI,Q08289,compound,protein,1
2482,CPI,Q14500,compound,protein,1
2482,CPI,Q9UF02,compound,protein,1
24821094,CPI,O43353,compound,protein,1
24821094,CPI,P06239,compound,protein,1
24821094,CPI,P09769,compound,protein,1
24821094,CPI,P25105,compound,protein,0
24821094,CPI,P01111,compound,protein,0
24826799,CPI,O43353,compound,protein,1
24826799,CPI,P11274,compound,protein,1
24826799,CPI,Q13233,compound,protein,1
24826799,CPI,O00391,compound,protein,0
24826799,CPI,P34949,compound,protein,0
2482839,CPI,P43220,compound,protein,1
2482839,CPI,Q14004,compound,protein,0
2482839,CPI,P08588,compound,protein,0
2484,CPI,P07550,compound,protein,1
24856041,CPI,Q969S8,compound,protein,0
24856237,CPI,Q7KZI7,compound,protein,0
24856313,CPI,Q13148,compound,protein,1
24856436,CPI,Q13188,compound,protein,1
24856436,CPI,Q16620,compound,protein,1
24856436,CPI,Q9Y6R4,compound,protein,1
24856436,CPI,P68371,compound,protein,0
24856436,CPI,P29074,compound,protein,0
24856436,CPI,P08686,compound,protein,0
24856436,CPI,P14207,compound,protein,0
24856436,CPI,P12821,compound,protein,0
24857286,CPI,O95622,compound,protein,0
24858111,CPI,Q9Y6K1,compound,protein,1
24868309,CPI,P49798,compound,protein,0
24868316,CPI,O00329,compound,protein,0
24880028,CPI,Q96RQ3,compound,protein,0
24889392,CPI,O14920,compound,protein,1
24889392,CPI,O94768,compound,protein,1
24889392,CPI,P06241,compound,protein,1
24889392,CPI,P07948,compound,protein,1
24889392,CPI,P20794,compound,protein,1
24889392,CPI,P50613,compound,protein,1
24889392,CPI,P52564,compound,protein,1
24889392,CPI,P80192,compound,protein,1
24889392,CPI,Q8IU85,compound,protein,1
24889392,CPI,Q9BRS2,compound,protein,1
24889392,CPI,Q9H093,compound,protein,1
24889392,CPI,Q9UPZ9,compound,protein,1
24889392,CPI,P07477,compound,protein,0
24889392,CPI,Q9Y6Q9,compound,protein,0
24889392,CPI,Q8WXS5,compound,protein,0
24889392,CPI,Q9UHC9,compound,protein,0
24889392,CPI,O15399,compound,protein,0
24889392,CPI,P29972,compound,protein,0
24889392,CPI,A5X5Y0,compound,protein,0
24889392,CPI,P06858,compound,protein,0
24889392,CPI,P07195,compound,protein,0
24889392,CPI,P49238,compound,protein,0
24889392,CPI,Q09428,compound,protein,0
24901704,CPI,Q9Y5K3,compound,protein,0
24946690,CPI,Q8IYT8,compound,protein,0
24963293,CPI,P20618,compound,protein,0
24964624,CPI,Q13393,compound,protein,0
24965990,CPI,Q01959,compound,protein,1
24965990,CPI,Q8NFU5,compound,protein,0
24988881,CPI,Q00526,compound,protein,0
24989044,CPI,P51159,compound,protein,1
24995524,CPI,P53667,compound,protein,1
24995524,CPI,Q9UEE5,compound,protein,1
24995524,CPI,O43193,compound,protein,0
25022668,CPI,P19793,compound,protein,0
25023738,CPI,O60885,compound,protein,1
25023738,CPI,P53350,compound,protein,1
25033539,CPI,Q9Y233,compound,protein,0
25062766,CPI,O95977,compound,protein,0
25066467,CPI,P42685,compound,protein,1
25066467,CPI,P51617,compound,protein,1
25066467,CPI,Q00537,compound,protein,1
25066467,CPI,Q9Y4K4,compound,protein,1
25066467,CPI,Q15822,compound,protein,0
25067404,CPI,P25103,compound,protein,0
25067484,CPI,P33981,compound,protein,0
25067492,CPI,Q7RTN6,compound,protein,0
25102847,CPI,O14965,compound,protein,1
25102847,CPI,P04629,compound,protein,1
25102847,CPI,Q9NSA2,compound,protein,0
25105713,CPI,Q96EB6,compound,protein,0
25109909,CPI,Q6W5P4,compound,protein,1
25117126,CPI,O00748,compound,protein,0
2512,CPI,P28223,compound,protein,1
25124816,CPI,P35916,compound,protein,1
25124816,CPI,P42685,compound,protein,1
25124816,CPI,Q14164,compound,protein,1
25124816,CPI,P42262,compound,protein,0
25124816,CPI,O00519,compound,protein,0
25126798,CPI,O14730,compound,protein,1
25126798,CPI,O75385,compound,protein,1
25126798,CPI,O75747,compound,protein,1
25126798,CPI,Q00535,compound,protein,1
25126798,CPI,Q04759,compound,protein,1
25126798,CPI,Q13164,compound,protein,1
25126798,CPI,Q7L7X3,compound,protein,1
25126798,CPI,Q8IW41,compound,protein,1
25126798,CPI,Q96PY6,compound,protein,1
25126798,CPI,P07686,compound,protein,0
25126798,CPI,P43354,compound,protein,0
25126798,CPI,Q460N3,compound,protein,0
25126798,CPI,Q9NS85,compound,protein,0
25126798,CPI,P07359,compound,protein,0
25126798,CPI,Q9GZZ6,compound,protein,0
25126798,CPI,Q9Y4R7,compound,protein,0
25126798,CPI,Q9Y698,compound,protein,0
25126798,CPI,P31213,compound,protein,0
25126798,CPI,Q96NT5,compound,protein,0
25126798,CPI,Q16762,compound,protein,0
25126798,CPI,P46063,compound,protein,0
25126798,CPI,Q9NSA0,compound,protein,0
25126798,CPI,Q13224,compound,protein,0
25126798,CPI,P24864,compound,protein,0
25126798,CPI,P98066,compound,protein,0
25126798,CPI,Q96KQ7,compound,protein,0
25134326,CPI,Q7RTT9,compound,protein,0
25154867,CPI,P32298,compound,protein,0
25161177,CPI,Q9Y5Y4,compound,protein,0
25181240,CPI,Q99584,compound,protein,0
25182616,CPI,P11802,compound,protein,1
25182616,CPI,P22607,compound,protein,1
25182616,CPI,P29323,compound,protein,1
25182616,CPI,P35916,compound,protein,1
25182616,CPI,P36897,compound,protein,1
25182616,CPI,P41240,compound,protein,1
25182616,CPI,P43405,compound,protein,1
25182616,CPI,P49674,compound,protein,1
25182616,CPI,Q13976,compound,protein,1
25182616,CPI,Q9C098,compound,protein,1
25182616,CPI,Q9P2K8,compound,protein,1
25182616,CPI,Q9Y5S2,compound,protein,1
25182616,CPI,P47869,compound,protein,0
25182616,CPI,P00813,compound,protein,0
25182616,CPI,Q9BQB6,compound,protein,0
25182616,CPI,P22001,compound,protein,0
25182616,CPI,P48058,compound,protein,0
25182616,CPI,P13637,compound,protein,0
25182616,CPI,Q96PR1,compound,protein,0
25182616,CPI,P30968,compound,protein,0
25182616,CPI,P30531,compound,protein,0
25182616,CPI,Q06432,compound,protein,0
25182616,CPI,P30542,compound,protein,0
2519,CPI,O75496,compound,protein,1
2519,CPI,Q9UNQ0,compound,protein,0
25190912,CPI,P04035,compound,protein,0
25190912,CPI,P27695,compound,protein,0
25195348,CPI,P22001,compound,protein,0
25195348,CPI,P41145,compound,protein,0
25195352,CPI,P20839,compound,protein,0
25199536,CPI,P50591,compound,protein,1
25199536,CPI,Q96QE3,compound,protein,1
25199536,CPI,P11802,compound,protein,0
25199538,CPI,P00488,compound,protein,0
2520,CPI,P23975,compound,protein,1
2520,CPI,P28223,compound,protein,1
2520,CPI,Q00613,compound,protein,0
2520,CPI,Q9H255,compound,protein,0
2520,CPI,Q6IQ55,compound,protein,0
25209788,CPI,P28222,compound,protein,0
25227436,CPI,P07949,compound,protein,1
25227436,CPI,P33032,compound,protein,0
25227436,CPI,Q15878,compound,protein,0
25227462,CPI,O00444,compound,protein,1
25227462,CPI,O15305,compound,protein,0
25227462,CPI,Q99814,compound,protein,0
25227462,CPI,Q70Z44,compound,protein,0
25243714,CPI,P16233,compound,protein,0
25243721,CPI,P14618,compound,protein,1
25243721,CPI,P43405,compound,protein,0
25243721,CPI,Q6PHR2,compound,protein,0
25243728,CPI,Q8N5S9,compound,protein,0
25243736,CPI,Q9NY57,compound,protein,0
25243736,CPI,P27487,compound,protein,0
25243775,CPI,P21728,compound,protein,0
25243775,CPI,P03372,compound,protein,0
25243776,CPI,P14618,compound,protein,1
25243781,CPI,Q09470,compound,protein,0
25243782,CPI,Q8TD08,compound,protein,0
25243782,CPI,P54760,compound,protein,0
25243783,CPI,P08185,compound,protein,0
25243786,CPI,P14618,compound,protein,1
25243787,CPI,P30613,compound,protein,1
25243794,CPI,P51787,compound,protein,0
25249,CPI,P11712,compound,protein,1
25254071,CPI,P40145,compound,protein,0
25262792,CPI,P27986,compound,protein,1
25262792,CPI,O15245,compound,protein,0
25262965,CPI,P22830,compound,protein,1
25262965,CPI,Q01959,compound,protein,0
252682,CPI,P42224,compound,protein,0
25295,CPI,Q12809,compound,protein,1
253078,CPI,P35626,compound,protein,0
2531,CPI,P84022,compound,protein,0
25320895,CPI,P08235,compound,protein,1
2536,CPI,Q92843,compound,protein,0
2536,CPI,Q9NUW8,compound,protein,0
2540,CPI,O75469,compound,protein,1
2540,CPI,P21917,compound,protein,1
2540,CPI,Q96PH1,compound,protein,0
2540,CPI,Q6JQN1,compound,protein,0
2541,CPI,P07550,compound,protein,1
2541,CPI,P08908,compound,protein,1
2541,CPI,P28223,compound,protein,1
2541,CPI,P30556,compound,protein,1
2541,CPI,P43681,compound,protein,1
2541,CPI,Q9Y265,compound,protein,0
2541,CPI,Q6P2M8,compound,protein,0
25429,CPI,Q8WU08,compound,protein,0
2549,CPI,Q9UKK3,compound,protein,0
2549,CPI,Q460N5,compound,protein,0
2551,CPI,O75469,compound,protein,1
2551,CPI,P16473,compound,protein,1
2551,CPI,P25929,compound,protein,1
2551,CPI,P32238,compound,protein,1
2551,CPI,Q86XF0,compound,protein,0
2554,CPI,P10275,compound,protein,1
2554,CPI,P14416,compound,protein,1
2554,CPI,Q9UQD0,compound,protein,1
2554,CPI,P20813,compound,protein,0
2562,CPI,Q00G26,compound,protein,1
2562,CPI,Q99720,compound,protein,1
2562,CPI,P12236,compound,protein,0
2576,CPI,O75496,compound,protein,1
2576,CPI,O94782,compound,protein,1
2576,CPI,P16473,compound,protein,1
2576,CPI,P31644,compound,protein,1
2576,CPI,Q96KQ7,compound,protein,1
2576,CPI,Q9BZ95,compound,protein,0
2576,CPI,Q9Y230,compound,protein,0
2581,CPI,P61158,compound,protein,0
2581,CPI,P10997,compound,protein,0
2581,CPI,O95544,compound,protein,0
2581,CPI,P07195,compound,protein,0
2581,CPI,Q16512,compound,protein,0
2583,CPI,P18089,compound,protein,1
2583,CPI,P34949,compound,protein,0
2585,CPI,P19320,compound,protein,1
2585,CPI,P35368,compound,protein,1
2585,CPI,P48050,compound,protein,1
2585,CPI,Q12809,compound,protein,1
25886838,CPI,Q9Y468,compound,protein,1
2608,CPI,O14521,compound,protein,0
2608,CPI,P27338,compound,protein,0
262093,CPI,P19838,compound,protein,1
262093,CPI,P26447,compound,protein,1
262093,CPI,Q99700,compound,protein,1
262093,CPI,P35462,compound,protein,0
26248,CPI,P08684,compound,protein,1
2662,CPI,P10635,compound,protein,1
2662,CPI,P35367,compound,protein,1
2662,CPI,Q13547,compound,protein,1
2662,CPI,O15054,compound,protein,0
2662,CPI,Q14123,compound,protein,0
2662,CPI,P20366,compound,protein,0
2662,CPI,Q9NYX4,compound,protein,0
2662,CPI,Q53GL7,compound,protein,0
2663,CPI,Q96S37,compound,protein,0
26757,CPI,P21554,compound,protein,1
26757,CPI,Q92847,compound,protein,1
26757,CPI,Q9Y5N1,compound,protein,1
2678,CPI,P21397,compound,protein,1
2680,CPI,Q92630,compound,protein,0
26879,CPI,P02545,compound,protein,0
2688,CPI,P32418,compound,protein,1
2690,CPI,P28482,compound,protein,1
26987,CPI,P08172,compound,protein,1
26987,CPI,P20309,compound,protein,1
26987,CPI,P50406,compound,protein,1
26987,CPI,P09467,compound,protein,0
26987,CPI,P39023,compound,protein,0
2703,CPI,Q02156,compound,protein,1
2708,CPI,P02545,compound,protein,1
2708,CPI,P40225,compound,protein,1
2712,CPI,P28907,compound,protein,0
2713,CPI,P02545,compound,protein,1
2713,CPI,P41595,compound,protein,1
2713,CPI,P49761,compound,protein,1
2713,CPI,P00390,compound,protein,0
2713,CPI,P09210,compound,protein,0
2713,CPI,Q6IQ20,compound,protein,0
2717,CPI,P41145,compound,protein,1
2719,CPI,P25929,compound,protein,1
2719,CPI,P43681,compound,protein,1
2719,CPI,Q9H792,compound,protein,0
2719,CPI,P51172,compound,protein,0
2719,CPI,O60885,compound,protein,0
2720,CPI,P10635,compound,protein,0
2722,CPI,P04637,compound,protein,1
2722,CPI,P84022,compound,protein,1
2722,CPI,P43250,compound,protein,0
2724,CPI,P84022,compound,protein,1
2724354,CPI,P26358,compound,protein,1
2724354,CPI,P55212,compound,protein,0
2724385,CPI,Q09470,compound,protein,0
2724385,CPI,P21589,compound,protein,0
2725,CPI,P18089,compound,protein,1
2726,CPI,P21452,compound,protein,1
2726,CPI,Q9UL62,compound,protein,0
2726824,CPI,P28223,compound,protein,0
2727,CPI,Q09428,compound,protein,1
2727,CPI,Q6IQ55,compound,protein,0
2727,CPI,P25116,compound,protein,0
2730,CPI,P10828,compound,protein,1
2732,CPI,P35218,compound,protein,1
2732,CPI,P41968,compound,protein,1
2732,CPI,Q13621,compound,protein,1
2732,CPI,Q15393,compound,protein,0
2732,CPI,P49841,compound,protein,0
2732,CPI,P16234,compound,protein,0
2733,CPI,P29274,compound,protein,1
2733,CPI,P46098,compound,protein,1
2733,CPI,Q96KQ7,compound,protein,1
2733,CPI,Q99835,compound,protein,0
2733,CPI,Q13370,compound,protein,0
2733,CPI,P08922,compound,protein,0
2733335,CPI,Q6XUX3,compound,protein,0
2733526,CPI,P03372,compound,protein,1
2733526,CPI,P08908,compound,protein,1
2733526,CPI,P29274,compound,protein,1
2733526,CPI,P35462,compound,protein,1
2733526,CPI,P05023,compound,protein,0
2733526,CPI,P18505,compound,protein,0
2733526,CPI,O00443,compound,protein,0
2733526,CPI,P10827,compound,protein,0
2735313,CPI,P11712,compound,protein,1
2735313,CPI,Q9HBH9,compound,protein,0
273769,CPI,P00352,compound,protein,1
27447,CPI,P55212,compound,protein,0
2745686,CPI,Q9HC97,compound,protein,1
2745694,CPI,Q9HC97,compound,protein,1
2745696,CPI,P31751,compound,protein,0
2750,CPI,P20309,compound,protein,1
2750,CPI,P05230,compound,protein,0
2750,CPI,Q9H255,compound,protein,0
2752,CPI,P11229,compound,protein,1
2752,CPI,P35354,compound,protein,1
2752,CPI,P51956,compound,protein,0
2752,CPI,Q13043,compound,protein,0
2754,CPI,P25116,compound,protein,0
2755,CPI,P10275,compound,protein,0
2756,CPI,P18825,compound,protein,1
2756,CPI,P21554,compound,protein,1
2756,CPI,P25021,compound,protein,1
2756,CPI,P27815,compound,protein,1
2756,CPI,Q16873,compound,protein,0
2756,CPI,P54756,compound,protein,0
2761,CPI,P29274,compound,protein,0
2762,CPI,P04150,compound,protein,1
2762,CPI,P21397,compound,protein,1
2762,CPI,P37288,compound,protein,1
2762,CPI,P41145,compound,protein,1
2762,CPI,O43525,compound,protein,0
2762,CPI,Q13133,compound,protein,0
2762,CPI,Q9H9B1,compound,protein,0
2763,CPI,Q9NSA0,compound,protein,0
2764,CPI,P25103,compound,protein,1
2764,CPI,P43681,compound,protein,1
2764,CPI,O95069,compound,protein,0
2765,CPI,P10635,compound,protein,1
2769,CPI,O43193,compound,protein,1
2769,CPI,P29372,compound,protein,0
2769229,CPI,P27695,compound,protein,1
2769230,CPI,P41145,compound,protein,0
2775510,CPI,P19784,compound,protein,0
2777391,CPI,Q07869,compound,protein,1
2780,CPI,P11712,compound,protein,1
2780,CPI,P18825,compound,protein,1
2780,CPI,P46098,compound,protein,1
2780,CPI,O00443,compound,protein,0
27812,CPI,P31645,compound,protein,1
27812,CPI,Q9HBX9,compound,protein,0
2787,CPI,Q00535,compound,protein,0
2787,CPI,P08069,compound,protein,0
2788,CPI,Q9UHC3,compound,protein,0
2790,CPI,P35367,compound,protein,1
2794,CPI,P35367,compound,protein,1
2794,CPI,Q13233,compound,protein,0
2796,CPI,P21554,compound,protein,1
2796,CPI,O94806,compound,protein,0
2796,CPI,P33527,compound,protein,0
2799,CPI,P23975,compound,protein,1
2801,CPI,O94788,compound,protein,0
2801,CPI,P27487,compound,protein,0
2802,CPI,P18507,compound,protein,1
2802,CPI,P31644,compound,protein,1
2802,CPI,P31645,compound,protein,1
2802190,CPI,P00352,compound,protein,1
2803,CPI,O15245,compound,protein,1
2803,CPI,P37288,compound,protein,1
2803,CPI,P35368,compound,protein,0
2803,CPI,P08253,compound,protein,0
2803185,CPI,P21917,compound,protein,0
2805,CPI,P23975,compound,protein,1
28061,CPI,O15439,compound,protein,0
2812,CPI,P04637,compound,protein,1
2812,CPI,P08172,compound,protein,1
2812,CPI,P14416,compound,protein,1
2812,CPI,P21728,compound,protein,1
2812,CPI,P35372,compound,protein,1
2812,CPI,P50052,compound,protein,0
28417,CPI,P07550,compound,protein,1
28417,CPI,P30411,compound,protein,1
28417,CPI,P43681,compound,protein,1
28417,CPI,P18505,compound,protein,0
2853908,CPI,Q8N752,compound,protein,0
2861757,CPI,P26358,compound,protein,1
28693,CPI,P08173,compound,protein,1
28693,CPI,P21728,compound,protein,1
28693,CPI,P22303,compound,protein,1
28693,CPI,P51617,compound,protein,0
2871,CPI,P02545,compound,protein,1
2871,CPI,P35218,compound,protein,1
2871,CPI,P35869,compound,protein,1
2871,CPI,Q8IUX4,compound,protein,1
2878586,CPI,P42680,compound,protein,0
2893,CPI,P41595,compound,protein,1
2895,CPI,P31645,compound,protein,1
2896739,CPI,P30531,compound,protein,0
290486,CPI,O00264,compound,protein,0
2905,CPI,P18089,compound,protein,1
2905,CPI,Q8NEB9,compound,protein,0
2905,CPI,O00459,compound,protein,0
2910,CPI,Q9UHD8,compound,protein,0
2911646,CPI,O15357,compound,protein,0
2913,CPI,Q13393,compound,protein,0
2921053,CPI,P54803,compound,protein,0
2921148,CPI,P27695,compound,protein,1
2941,CPI,P49798,compound,protein,1
2948,CPI,P53671,compound,protein,1
2948,CPI,Q7L5N7,compound,protein,0
2950,CPI,Q460N5,compound,protein,0
2951172,CPI,O95347,compound,protein,0
2951539,CPI,P84022,compound,protein,1
2955,CPI,P30542,compound,protein,1
2955,CPI,Q99808,compound,protein,1
2955,CPI,P55157,compound,protein,0
2965120,CPI,O94804,compound,protein,0
2977478,CPI,Q9HBH5,compound,protein,0
2977478,CPI,P37288,compound,protein,0
2977752,CPI,P16050,compound,protein,1
2980973,CPI,Q9NWH9,compound,protein,0
2981635,CPI,Q02750,compound,protein,0
2990,CPI,P08588,compound,protein,0
29926609,CPI,P06401,compound,protein,1
2993,CPI,P08172,compound,protein,1
2993,CPI,P40225,compound,protein,1
2993,CPI,P42345,compound,protein,1
2993,CPI,Q96QE3,compound,protein,1
2993,CPI,O15118,compound,protein,0
2993,CPI,P37231,compound,protein,0
2993,CPI,Q9BYT3,compound,protein,0
2995,CPI,P08172,compound,protein,1
2995,CPI,P34949,compound,protein,0
29985980,CPI,P10275,compound,protein,1
2998659,CPI,Q9UBF8,compound,protein,0
2998821,CPI,O94925,compound,protein,1
2998821,CPI,Q9UM73,compound,protein,0
3000322,CPI,P08908,compound,protein,1
3000540,CPI,P18089,compound,protein,1
3000540,CPI,P21397,compound,protein,1
3000540,CPI,P21731,compound,protein,1
3000540,CPI,Q99808,compound,protein,1
3001055,CPI,P21917,compound,protein,1
3001055,CPI,P49146,compound,protein,1
3001055,CPI,Q96KQ7,compound,protein,1
3001055,CPI,O15554,compound,protein,0
3003,CPI,P43115,compound,protein,0
3003565,CPI,P08684,compound,protein,0
300471,CPI,O60503,compound,protein,0
3005573,CPI,P50406,compound,protein,1
3009355,CPI,Q92793,compound,protein,0
3016,CPI,P21397,compound,protein,1
3016,CPI,Q9Y6E0,compound,protein,0
3019,CPI,O75469,compound,protein,1
3019,CPI,P05177,compound,protein,1
3019,CPI,Q96KQ7,compound,protein,1
3019,CPI,P43490,compound,protein,0
3019,CPI,Q9HCR9,compound,protein,0
3019,CPI,Q9Y233,compound,protein,0
3019,CPI,Q8TDS4,compound,protein,0
3019,CPI,Q9UIK4,compound,protein,0
3025,CPI,P00352,compound,protein,1
3025,CPI,Q9NZ45,compound,protein,0
3025920,CPI,P10145,compound,protein,1
3025945,CPI,P16591,compound,protein,0
3025961,CPI,P49589,compound,protein,0
3025961,CPI,O75469,compound,protein,0
3025986,CPI,O00238,compound,protein,1
3025986,CPI,O14936,compound,protein,1
3025986,CPI,O75914,compound,protein,1
3025986,CPI,P08922,compound,protein,1
3025986,CPI,P19784,compound,protein,1
3025986,CPI,P34947,compound,protein,1
3025986,CPI,P36507,compound,protein,1
3025986,CPI,P42338,compound,protein,1
3025986,CPI,P43403,compound,protein,1
3025986,CPI,P50750,compound,protein,1
3025986,CPI,Q04759,compound,protein,1
3025986,CPI,Q13464,compound,protein,1
3025986,CPI,Q15746,compound,protein,1
3025986,CPI,Q16659,compound,protein,1
3025986,CPI,Q8WTQ7,compound,protein,1
3025986,CPI,Q96BR1,compound,protein,1
3025986,CPI,Q96NX5,compound,protein,1
3025986,CPI,Q9BRS2,compound,protein,1
3025986,CPI,Q9H2K8,compound,protein,1
3025986,CPI,Q9H422,compound,protein,1
3025986,CPI,Q9HBH9,compound,protein,1
3025986,CPI,Q9NYY3,compound,protein,1
3025986,CPI,Q9P0L2,compound,protein,1
3025986,CPI,Q9Y463,compound,protein,1
3025986,CPI,Q9Y4K4,compound,protein,1
3025986,CPI,Q9Y5S2,compound,protein,1
3025986,CPI,P00338,compound,protein,0
3025986,CPI,P18405,compound,protein,0
3025986,CPI,P18507,compound,protein,0
3025986,CPI,A5X5Y0,compound,protein,0
3025986,CPI,Q08828,compound,protein,0
3025986,CPI,P01375,compound,protein,0
3025986,CPI,Q9NZV8,compound,protein,0
30322,CPI,P50993,compound,protein,1
30323,CPI,P37231,compound,protein,1
30323,CPI,P61981,compound,protein,1
30323,CPI,P46019,compound,protein,0
30323,CPI,Q9UHD8,compound,protein,0
3033,CPI,P03372,compound,protein,1
3033,CPI,P0DMS8,compound,protein,1
3033,CPI,P10275,compound,protein,1
3033,CPI,P21397,compound,protein,1
3033,CPI,P31645,compound,protein,1
3033,CPI,P50570,compound,protein,0
3033,CPI,Q05397,compound,protein,0
3033,CPI,P49327,compound,protein,0
3033,CPI,Q9Y463,compound,protein,0
3033637,CPI,Q16236,compound,protein,0
3033637,CPI,Q14957,compound,protein,0
3033637,CPI,Q13304,compound,protein,0
3033818,CPI,P05129,compound,protein,0
3034010,CPI,P34972,compound,protein,1
3034034,CPI,O15554,compound,protein,1
3034034,CPI,P10635,compound,protein,1
3035672,CPI,Q9H422,compound,protein,0
3035746,CPI,Q9P1W9,compound,protein,0
3036,CPI,P02545,compound,protein,1
3036780,CPI,Q9UGL1,compound,protein,0
3036780,CPI,P34949,compound,protein,0
3036864,CPI,Q96QE3,compound,protein,0
3037,CPI,Q9NUW8,compound,protein,1
3038,CPI,P43405,compound,protein,0
3038,CPI,Q9H2X6,compound,protein,0
3038495,CPI,P41595,compound,protein,1
3038522,CPI,O00506,compound,protein,1
3038522,CPI,O75914,compound,protein,1
3038522,CPI,P06239,compound,protein,1
3038522,CPI,P57078,compound,protein,1
3038522,CPI,Q04912,compound,protein,1
3038522,CPI,Q05513,compound,protein,1
3038522,CPI,Q07912,compound,protein,1
3038522,CPI,Q09013,compound,protein,1
3038522,CPI,Q13177,compound,protein,1
3038522,CPI,Q13464,compound,protein,1
3038522,CPI,Q13470,compound,protein,1
3038522,CPI,Q13882,compound,protein,1
3038522,CPI,Q14012,compound,protein,1
3038522,CPI,Q16644,compound,protein,1
3038522,CPI,Q8IVW4,compound,protein,1
3038522,CPI,Q9NQU5,compound,protein,1
3038522,CPI,Q9NRH2,compound,protein,1
3038522,CPI,Q9Y6R4,compound,protein,1
3038522,CPI,P31213,compound,protein,0
3038522,CPI,P13637,compound,protein,0
3038522,CPI,Q15822,compound,protein,0
3038522,CPI,Q9Y6K1,compound,protein,0
3038522,CPI,O60755,compound,protein,0
3038522,CPI,A5X5Y0,compound,protein,0
3038522,CPI,P25929,compound,protein,0
3038522,CPI,P42226,compound,protein,0
3038522,CPI,P54803,compound,protein,0
3038522,CPI,O43175,compound,protein,0
3038522,CPI,Q9GZV3,compound,protein,0
3038522,CPI,P39748,compound,protein,0
3038522,CPI,P05090,compound,protein,0
3038522,CPI,P04150,compound,protein,0
3038525,CPI,P07947,compound,protein,1
3038525,CPI,P29323,compound,protein,1
3038525,CPI,P29597,compound,protein,1
3038525,CPI,P46734,compound,protein,1
3038525,CPI,P50750,compound,protein,1
3038525,CPI,Q13188,compound,protein,1
3038525,CPI,Q7L7X3,compound,protein,1
3038525,CPI,Q8IU85,compound,protein,1
3038525,CPI,Q8NFD2,compound,protein,1
3038525,CPI,Q96Q40,compound,protein,1
3038525,CPI,Q9BXA7,compound,protein,1
3038525,CPI,Q9H2X6,compound,protein,1
3038525,CPI,Q9UBE8,compound,protein,1
3038525,CPI,Q9Y243,compound,protein,1
3038525,CPI,P51843,compound,protein,0
3038525,CPI,P13500,compound,protein,0
3038525,CPI,Q86VL8,compound,protein,0
3038525,CPI,P30556,compound,protein,0
3038525,CPI,Q99835,compound,protein,0
3038525,CPI,P13631,compound,protein,0
3039,CPI,P02787,compound,protein,1
3039,CPI,P16473,compound,protein,1
3042,CPI,P20309,compound,protein,1
3042,CPI,P21728,compound,protein,1
3042,CPI,P40225,compound,protein,1
3055,CPI,P20309,compound,protein,1
3058754,CPI,P34972,compound,protein,0
3059,CPI,P00918,compound,protein,1
3059,CPI,P0DMS8,compound,protein,1
3059,CPI,P30542,compound,protein,1
3062316,CPI,O00506,compound,protein,1
3062316,CPI,O60285,compound,protein,1
3062316,CPI,P12931,compound,protein,1
3062316,CPI,P46734,compound,protein,1
3062316,CPI,P49759,compound,protein,1
3062316,CPI,P49840,compound,protein,1
3062316,CPI,P50613,compound,protein,1
3062316,CPI,P51813,compound,protein,1
3062316,CPI,P52564,compound,protein,1
3062316,CPI,P54756,compound,protein,1
3062316,CPI,Q00532,compound,protein,1
3062316,CPI,Q13188,compound,protein,1
3062316,CPI,Q56UN5,compound,protein,1
3062316,CPI,Q9BX84,compound,protein,1
3062316,CPI,Q9BXA7,compound,protein,1
3062316,CPI,Q9UQ88,compound,protein,1
3062316,CPI,Q9UQB9,compound,protein,1
3062316,CPI,Q9Y243,compound,protein,1
3062316,CPI,Q9Y6E0,compound,protein,1
3062316,CPI,P41594,compound,protein,0
3062316,CPI,P05129,compound,protein,0
3062316,CPI,Q01064,compound,protein,0
3062316,CPI,Q8WZA2,compound,protein,0
3062316,CPI,P47871,compound,protein,0
3062316,CPI,P18825,compound,protein,0
3062316,CPI,P28566,compound,protein,0
3062316,CPI,Q8NBN7,compound,protein,0
3062316,CPI,Q07699,compound,protein,0
3064778,CPI,O75116,compound,protein,1
3074,CPI,O15528,compound,protein,0
3074,CPI,Q9H1R3,compound,protein,0
30751,CPI,Q14500,compound,protein,0
30751,CPI,Q13148,compound,protein,0
3076,CPI,O15530,compound,protein,0
3078519,CPI,Q05397,compound,protein,1
3078519,CPI,O60939,compound,protein,0
3078519,CPI,P48775,compound,protein,0
3078519,CPI,P61088,compound,protein,0
3078519,CPI,P84022,compound,protein,0
3080554,CPI,Q96KQ7,compound,protein,1
3081361,CPI,P07949,compound,protein,1
3081361,CPI,P42680,compound,protein,1
3081361,CPI,P43405,compound,protein,1
3081361,CPI,P51956,compound,protein,1
3081361,CPI,Q07002,compound,protein,1
3081361,CPI,Q12866,compound,protein,1
3081361,CPI,Q13153,compound,protein,1
3081361,CPI,Q13464,compound,protein,1
3081361,CPI,Q13627,compound,protein,1
3081361,CPI,Q86Z02,compound,protein,1
3081361,CPI,Q8IWQ3,compound,protein,1
3081361,CPI,Q99683,compound,protein,1
3081361,CPI,Q99759,compound,protein,1
3081361,CPI,Q9BX84,compound,protein,1
3081361,CPI,Q9UM73,compound,protein,1
3081361,CPI,Q9Y2K2,compound,protein,1
3081361,CPI,Q4U2R8,compound,protein,0
3081361,CPI,Q9H9B1,compound,protein,0
3081361,CPI,O95180,compound,protein,0
3081361,CPI,P57764,compound,protein,0
3081361,CPI,P25105,compound,protein,0
3081361,CPI,P51151,compound,protein,0
3081361,CPI,O94925,compound,protein,0
3081361,CPI,P41597,compound,protein,0
3092570,CPI,P14625,compound,protein,0
3100,CPI,P16499,compound,protein,1
3100,CPI,P28335,compound,protein,1
3100,CPI,Q8NFJ5,compound,protein,0
3101,CPI,P42345,compound,protein,1
3103,CPI,Q13393,compound,protein,0
31055126,CPI,O00763,compound,protein,0
31072,CPI,P07550,compound,protein,1
31072,CPI,P25021,compound,protein,1
3108,CPI,P27815,compound,protein,1
3108,CPI,P84022,compound,protein,1
3108,CPI,Q9UNQ0,compound,protein,1
31101,CPI,P08311,compound,protein,0
31101,CPI,O95347,compound,protein,0
31101,CPI,P54753,compound,protein,0
31101,CPI,Q86W47,compound,protein,0
3114,CPI,P54132,compound,protein,1
3114,CPI,Q15835,compound,protein,0
311434,CPI,Q6W5P4,compound,protein,0
3117,CPI,P08684,compound,protein,1
3117,CPI,P27361,compound,protein,1
3117,CPI,P29375,compound,protein,1
3117,CPI,P50406,compound,protein,1
3117,CPI,O43613,compound,protein,0
3117,CPI,Q96RR4,compound,protein,0
3117,CPI,P56817,compound,protein,0
3117,CPI,Q8TDC3,compound,protein,0
3121,CPI,P08173,compound,protein,1
3121,CPI,P50406,compound,protein,1
3121,CPI,P68371,compound,protein,0
3121,CPI,O60656,compound,protein,0
312145,CPI,O00329,compound,protein,1
31307,CPI,Q99712,compound,protein,0
3132,CPI,Q9NRP7,compound,protein,0
3132,CPI,P78356,compound,protein,0
3132,CPI,Q16584,compound,protein,0
3135,CPI,P27695,compound,protein,1
3136845,CPI,Q16584,compound,protein,0
3146158,CPI,P21397,compound,protein,0
3150672,CPI,P84022,compound,protein,1
3152,CPI,P56817,compound,protein,1
3152,CPI,O75747,compound,protein,0
3152,CPI,Q07699,compound,protein,0
3152,CPI,Q01201,compound,protein,0
3152,CPI,P55287,compound,protein,0
31549,CPI,P08173,compound,protein,0
3157,CPI,P08908,compound,protein,1
3157,CPI,Q01959,compound,protein,1
3157,CPI,Q8WTQ7,compound,protein,0
3157,CPI,Q13555,compound,protein,0
3162043,CPI,P27695,compound,protein,1
3164059,CPI,P19174,compound,protein,1
3164059,CPI,Q13526,compound,protein,1
3166,CPI,Q99972,compound,protein,0
3168,CPI,P11926,compound,protein,0
31703,CPI,Q8N752,compound,protein,0
31703,CPI,P07437,compound,protein,0
3180,CPI,P35367,compound,protein,1
3180,CPI,Q01959,compound,protein,1
3180,CPI,P68871,compound,protein,0
3180,CPI,O94806,compound,protein,0
3180,CPI,Q14004,compound,protein,0
3180,CPI,Q9ULX7,compound,protein,0
3182,CPI,O75496,compound,protein,1
3182,CPI,P08686,compound,protein,0
3182,CPI,P54764,compound,protein,0
3185,CPI,P10635,compound,protein,1
3185,CPI,O00443,compound,protein,0
3194,CPI,P15428,compound,protein,1
3194,CPI,Q8N6T7,compound,protein,0
3194,CPI,P51449,compound,protein,0
3194,CPI,Q15746,compound,protein,0
3194,CPI,P28335,compound,protein,0
3194,CPI,Q9UQB9,compound,protein,0
3198,CPI,P05093,compound,protein,1
3198,CPI,P29274,compound,protein,1
3198,CPI,Q01959,compound,protein,1
3198,CPI,Q8N568,compound,protein,0
3213,CPI,Q9UJU2,compound,protein,0
3219,CPI,P21554,compound,protein,0
3220,CPI,P21397,compound,protein,1
3220,CPI,O75914,compound,protein,0
3220,CPI,Q9H0J9,compound,protein,0
3220,CPI,Q04759,compound,protein,0
3223669,CPI,P49761,compound,protein,0
3223669,CPI,Q9Y463,compound,protein,0
3226,CPI,P48167,compound,protein,1
3226,CPI,Q7L5N7,compound,protein,0
3229,CPI,P07550,compound,protein,1
3229,CPI,P35462,compound,protein,1
3229,CPI,P28562,compound,protein,0
3229,CPI,Q07820,compound,protein,0
3229,CPI,P43405,compound,protein,0
323,CPI,P35218,compound,protein,1
323,CPI,P54803,compound,protein,1
3232217,CPI,O75911,compound,protein,0
3232621,CPI,P11712,compound,protein,1
3232621,CPI,O15379,compound,protein,0
3233012,CPI,P49760,compound,protein,1
3233276,CPI,P09210,compound,protein,0
3233276,CPI,Q08209,compound,protein,0
3234028,CPI,P16473,compound,protein,1
3234028,CPI,Q03431,compound,protein,0
3234518,CPI,P35462,compound,protein,0
3234850,CPI,P02545,compound,protein,1
3234850,CPI,P51828,compound,protein,0
3235086,CPI,Q9UJU2,compound,protein,0
3235166,CPI,P46059,compound,protein,0
3235398,CPI,P16473,compound,protein,1
3235398,CPI,Q16873,compound,protein,0
3235429,CPI,P21728,compound,protein,0
3235537,CPI,Q16665,compound,protein,1
3236979,CPI,P12104,compound,protein,0
3236979,CPI,Q9NY57,compound,protein,0
3238551,CPI,P35462,compound,protein,0
3241,CPI,P23975,compound,protein,1
3242434,CPI,P04637,compound,protein,1
3242997,CPI,Q99685,compound,protein,0
3243424,CPI,P42356,compound,protein,0
3248000,CPI,P33261,compound,protein,1
3250,CPI,P49798,compound,protein,1
3266419,CPI,P35236,compound,protein,1
3266419,CPI,Q9UKE5,compound,protein,0
3266419,CPI,P27815,compound,protein,0
327653,CPI,P0DMV8,compound,protein,1
3277599,CPI,P41143,compound,protein,1
3277599,CPI,P31645,compound,protein,0
3278,CPI,O60240,compound,protein,1
3278,CPI,P08172,compound,protein,1
3278,CPI,P18089,compound,protein,1
3278,CPI,O43451,compound,protein,0
3278,CPI,Q8NFU5,compound,protein,0
3279,CPI,Q96KQ7,compound,protein,1
32798,CPI,O75469,compound,protein,1
32798,CPI,P08235,compound,protein,1
3280,CPI,Q96KQ7,compound,protein,0
3287,CPI,P23975,compound,protein,1
3287,CPI,P32245,compound,protein,1
3287,CPI,Q92731,compound,protein,0
3287,CPI,Q9BVS4,compound,protein,0
3290,CPI,P35462,compound,protein,1
3291,CPI,Q99808,compound,protein,1
3291,CPI,O14757,compound,protein,0
3292447,CPI,P28221,compound,protein,1
3292447,CPI,O60503,compound,protein,0
3293,CPI,O15296,compound,protein,1
33032,CPI,Q8N159,compound,protein,1
33036,CPI,Q9Y5N1,compound,protein,1
33036,CPI,P30531,compound,protein,0
3306,CPI,Q13285,compound,protein,0
3308,CPI,P41968,compound,protein,1
3308,CPI,P00374,compound,protein,0
3308,CPI,P05106,compound,protein,0
3308,CPI,Q15596,compound,protein,0
3308,CPI,P28482,compound,protein,0
3308,CPI,P37231,compound,protein,0
3308,CPI,Q01668,compound,protein,0
3324,CPI,P20309,compound,protein,1
3324,CPI,Q52WX2,compound,protein,0
3325,CPI,Q14432,compound,protein,1
3325,CPI,P22309,compound,protein,0
3331,CPI,P07550,compound,protein,1
3331,CPI,Q12879,compound,protein,1
3333,CPI,Q96LD8,compound,protein,0
3333,CPI,P14679,compound,protein,0
3334,CPI,O75469,compound,protein,1
3334,CPI,Q9NUW8,compound,protein,1
3334,CPI,Q53GL7,compound,protein,0
3334,CPI,Q9Y6F1,compound,protein,0
3336,CPI,O43614,compound,protein,0
3339,CPI,P0DMS8,compound,protein,1
3339,CPI,P11712,compound,protein,1
3339,CPI,P25021,compound,protein,1
3339,CPI,P31645,compound,protein,1
3343,CPI,Q01959,compound,protein,1
3343,CPI,Q8NEV1,compound,protein,0
3354,CPI,P35462,compound,protein,1
33572,CPI,O95271,compound,protein,0
33572,CPI,Q13085,compound,protein,0
3361211,CPI,P20309,compound,protein,0
33613,CPI,P35372,compound,protein,1
33624,CPI,P08908,compound,protein,1
33624,CPI,P10635,compound,protein,1
33624,CPI,P41279,compound,protein,0
33625,CPI,P41279,compound,protein,0
3363,CPI,P18089,compound,protein,0
33630,CPI,P35367,compound,protein,1
3365,CPI,P11229,compound,protein,1
3365,CPI,P78334,compound,protein,0
3366,CPI,P18089,compound,protein,1
3366,CPI,P29274,compound,protein,1
3366,CPI,P35367,compound,protein,1
3366,CPI,Q15835,compound,protein,0
3366,CPI,P05129,compound,protein,0
3366,CPI,P52895,compound,protein,0
3371,CPI,P08172,compound,protein,1
3371,CPI,P21554,compound,protein,1
3371,CPI,Q9UL62,compound,protein,0
3371,CPI,Q7KZI7,compound,protein,0
3371,CPI,P07359,compound,protein,0
3372,CPI,P34969,compound,protein,1
3372,CPI,Q96KQ7,compound,protein,1
3372,CPI,Q96QE3,compound,protein,0
3372,CPI,Q02763,compound,protein,0
3372,CPI,P00750,compound,protein,0
3372,CPI,Q14534,compound,protein,0
3373,CPI,P08908,compound,protein,1
3373,CPI,P16473,compound,protein,1
3373,CPI,Q16637,compound,protein,1
3373,CPI,P27338,compound,protein,0
3373,CPI,Q8N884,compound,protein,0
3373,CPI,O00750,compound,protein,0
3373,CPI,Q9NP56,compound,protein,0
3374,CPI,O75496,compound,protein,1
33741,CPI,P41143,compound,protein,1
33741,CPI,P37059,compound,protein,0
3385,CPI,Q9NR56,compound,protein,0
3392161,CPI,P37268,compound,protein,0
3392731,CPI,Q12809,compound,protein,0
3394,CPI,P11229,compound,protein,1
3394,CPI,P28223,compound,protein,1
3394,CPI,Q92847,compound,protein,1
3394,CPI,O14521,compound,protein,0
3396,CPI,O43193,compound,protein,1
3396,CPI,P08172,compound,protein,1
3396,CPI,P20309,compound,protein,1
3396,CPI,P20366,compound,protein,1
3396,CPI,P41968,compound,protein,1
3396,CPI,P06746,compound,protein,0
3396,CPI,P36894,compound,protein,0
3396,CPI,P49841,compound,protein,0
3406,CPI,P04040,compound,protein,1
3406,CPI,P21397,compound,protein,1
3406,CPI,P30518,compound,protein,1
3406,CPI,O60285,compound,protein,0
3413,CPI,Q01453,compound,protein,1
3418,CPI,P12931,compound,protein,0
3423,CPI,P27695,compound,protein,1
3423,CPI,O00443,compound,protein,0
34359,CPI,O00264,compound,protein,0
3440,CPI,P00915,compound,protein,1
3440,CPI,P98066,compound,protein,0
3440,CPI,P27169,compound,protein,0
3440,CPI,Q13554,compound,protein,0
3446,CPI,O75899,compound,protein,1
3446,CPI,O00303,compound,protein,0
3448,CPI,O00303,compound,protein,0
3448,CPI,P51956,compound,protein,0
3449,CPI,P22303,compound,protein,1
3450,CPI,Q8TDV5,compound,protein,0
3455,CPI,P51170,compound,protein,0
3456,CPI,Q96KQ7,compound,protein,1
3456,CPI,P08908,compound,protein,0
3463,CPI,P21397,compound,protein,1
3463,CPI,Q9NZ45,compound,protein,1
3463,CPI,O15440,compound,protein,0
34633,CPI,P43220,compound,protein,1
346721,CPI,P04150,compound,protein,0
3467590,CPI,Q9NP56,compound,protein,0
3474,CPI,P0DMS8,compound,protein,1
3475,CPI,P07550,compound,protein,1
3475,CPI,P30556,compound,protein,1
3475,CPI,P52895,compound,protein,0
3476,CPI,Q16665,compound,protein,1
3476986,CPI,P35579,compound,protein,1
3476986,CPI,Q9NUW8,compound,protein,1
34772,CPI,P11473,compound,protein,1
3478,CPI,P14416,compound,protein,1
3478,CPI,P19838,compound,protein,1
3478,CPI,P46098,compound,protein,1
3478,CPI,P31751,compound,protein,0
3478,CPI,Q07002,compound,protein,0
34781,CPI,P11474,compound,protein,0
3478439,CPI,Q9H2X6,compound,protein,0
3488,CPI,O60706,compound,protein,1
3494,CPI,P21917,compound,protein,0
35028748,CPI,P19784,compound,protein,0
3503,CPI,O94782,compound,protein,1
3503,CPI,O00238,compound,protein,0
3503044,CPI,P10636,compound,protein,0
3510,CPI,P21918,compound,protein,1
3510,CPI,Q14432,compound,protein,1
3510,CPI,Q86VL8,compound,protein,0
3510,CPI,P31751,compound,protein,0
3510,CPI,Q9Y616,compound,protein,0
3510,CPI,P40763,compound,protein,0
3516,CPI,P35367,compound,protein,1
3516,CPI,P36542,compound,protein,0
3516,CPI,Q8N6T7,compound,protein,0
3516,CPI,P28566,compound,protein,0
3516032,CPI,Q9UNA4,compound,protein,1
3517,CPI,P08913,compound,protein,1
3517,CPI,P25100,compound,protein,1
3517,CPI,P35372,compound,protein,1
3517,CPI,P41595,compound,protein,1
3517,CPI,O15357,compound,protein,0
3518,CPI,P35367,compound,protein,0
3518,CPI,P15692,compound,protein,0
3519,CPI,P29322,compound,protein,0
35370,CPI,P07550,compound,protein,1
35370,CPI,P08588,compound,protein,1
35370,CPI,P05771,compound,protein,0
35370,CPI,Q9NY57,compound,protein,0
3538,CPI,P19838,compound,protein,1
3538139,CPI,O75496,compound,protein,1
353825,CPI,Q16665,compound,protein,1
3540,CPI,P19838,compound,protein,1
3540,CPI,P19784,compound,protein,0
3542,CPI,P61925,compound,protein,1
3544,CPI,O95622,compound,protein,0
3544,CPI,P80192,compound,protein,0
354624,CPI,Q7LG56,compound,protein,1
354624,CPI,P14618,compound,protein,0
3547,CPI,O00444,compound,protein,1
3547,CPI,O75116,compound,protein,1
3547,CPI,Q07912,compound,protein,1
3547,CPI,Q14680,compound,protein,1
3547,CPI,P30530,compound,protein,0
3547,CPI,Q6NVY1,compound,protein,0
3547,CPI,O75914,compound,protein,0
3547,CPI,O43525,compound,protein,0
3547,CPI,Q01118,compound,protein,0
3559,CPI,P04439,compound,protein,1
3559,CPI,P08908,compound,protein,1
3559,CPI,Q01959,compound,protein,1
3559,CPI,Q8N5S9,compound,protein,0
3561,CPI,P23975,compound,protein,1
3561,CPI,Q14500,compound,protein,0
35647030,CPI,O95747,compound,protein,0
3568,CPI,P27695,compound,protein,1
35802,CPI,P0DMS8,compound,protein,1
3593902,CPI,P04049,compound,protein,0
3598,CPI,O75604,compound,protein,1
3598,CPI,P28482,compound,protein,1
3598,CPI,Q8N5S9,compound,protein,0
3598,CPI,P10827,compound,protein,0
3604,CPI,P49798,compound,protein,1
3606,CPI,P21731,compound,protein,1
3607,CPI,Q8NG66,compound,protein,0
3607,CPI,P18505,compound,protein,0
3607,CPI,P07550,compound,protein,0
3610,CPI,P18054,compound,protein,1
3610,CPI,P27695,compound,protein,1
3610,CPI,P21731,compound,protein,0
3611,CPI,P14679,compound,protein,1
3627,CPI,P08172,compound,protein,1
3627,CPI,P21728,compound,protein,1
3627,CPI,P35367,compound,protein,1
36314,CPI,P18825,compound,protein,1
36314,CPI,O75173,compound,protein,0
36314,CPI,O00748,compound,protein,0
36314,CPI,P27361,compound,protein,0
3634,CPI,P50750,compound,protein,0
3639,CPI,P41145,compound,protein,1
3639,CPI,Q9UBS5,compound,protein,1
3639,CPI,Q8IU85,compound,protein,0
3639,CPI,Q86Z02,compound,protein,0
3641059,CPI,P18089,compound,protein,0
3646,CPI,Q86Z02,compound,protein,0
3647,CPI,P04150,compound,protein,1
3647,CPI,P08908,compound,protein,1
3647,CPI,P35354,compound,protein,1
3647,CPI,Q99808,compound,protein,1
3647906,CPI,Q8TDX7,compound,protein,0
3651377,CPI,Q2M385,compound,protein,1
3652,CPI,P28223,compound,protein,1
3652,CPI,P32245,compound,protein,1
3652,CPI,P35367,compound,protein,1
3657,CPI,O43451,compound,protein,0
3657,CPI,Q02127,compound,protein,0
3658,CPI,P08172,compound,protein,1
3658,CPI,Q5S007,compound,protein,0
3661,CPI,P08173,compound,protein,1
3671,CPI,O75496,compound,protein,1
3671,CPI,Q08499,compound,protein,1
3672,CPI,P28223,compound,protein,1
3672,CPI,P49662,compound,protein,1
3676,CPI,Q99250,compound,protein,0
3676,CPI,P30305,compound,protein,0
36811,CPI,P00533,compound,protein,1
36811,CPI,P00918,compound,protein,1
36811,CPI,P06241,compound,protein,1
36811,CPI,Q99720,compound,protein,1
36811,CPI,P55210,compound,protein,0
36811,CPI,Q13224,compound,protein,0
3686,CPI,P08684,compound,protein,1
3686,CPI,P11712,compound,protein,1
3686,CPI,P35367,compound,protein,1
3686,CPI,P21462,compound,protein,0
3689,CPI,P35372,compound,protein,1
3689,CPI,P41145,compound,protein,1
3689413,CPI,Q06710,compound,protein,1
3689413,CPI,Q8NEB9,compound,protein,1
3689416,CPI,P08588,compound,protein,0
3690,CPI,P23219,compound,protein,1
3690,CPI,P33261,compound,protein,1
3690,CPI,P43220,compound,protein,0
3696,CPI,P08173,compound,protein,1
3696,CPI,P18089,compound,protein,1
3696,CPI,P21728,compound,protein,1
3696,CPI,P05067,compound,protein,0
3696,CPI,Q15125,compound,protein,0
3698,CPI,P10828,compound,protein,1
3698,CPI,P11229,compound,protein,1
3698,CPI,Q6NVY1,compound,protein,0
3698,CPI,P43405,compound,protein,0
3698,CPI,P55210,compound,protein,0
370,CPI,P28074,compound,protein,0
370,CPI,O00764,compound,protein,0
3715,CPI,P23219,compound,protein,1
3715,CPI,P41145,compound,protein,1
3715,CPI,P52895,compound,protein,1
3715,CPI,Q07869,compound,protein,1
37175,CPI,P43088,compound,protein,0
37175,CPI,Q9UDY8,compound,protein,0
3728,CPI,P20813,compound,protein,0
3730,CPI,O43193,compound,protein,1
3730,CPI,P14416,compound,protein,1
3730,CPI,P50613,compound,protein,0
3742,CPI,Q6ZN16,compound,protein,0
3744,CPI,Q9NZK7,compound,protein,1
374536,CPI,Q96KQ7,compound,protein,1
3747,CPI,Q13148,compound,protein,1
3749,CPI,P21917,compound,protein,1
3749,CPI,P25929,compound,protein,1
3749,CPI,P32239,compound,protein,1
37542,CPI,O43193,compound,protein,1
3758,CPI,P29274,compound,protein,1
3758,CPI,Q13370,compound,protein,1
3758,CPI,P31645,compound,protein,0
3759,CPI,P30542,compound,protein,1
3759,CPI,P00519,compound,protein,0
3760,CPI,P03372,compound,protein,1
3760,CPI,Q96SB4,compound,protein,0
3783,CPI,P21397,compound,protein,1
3784,CPI,Q13698,compound,protein,1
3784,CPI,Q13936,compound,protein,1
379077,CPI,P29466,compound,protein,1
3792,CPI,P57059,compound,protein,0
3793,CPI,Q9UNQ0,compound,protein,1
3795,CPI,P52333,compound,protein,1
3795,CPI,O94788,compound,protein,0
3796,CPI,P29973,compound,protein,0
3797,CPI,Q9NPA1,compound,protein,0
38081,CPI,P24385,compound,protein,0
38081,CPI,P13631,compound,protein,0
3820,CPI,O00311,compound,protein,1
3820,CPI,O15530,compound,protein,1
3820,CPI,P14618,compound,protein,1
3820,CPI,Q13464,compound,protein,1
3820,CPI,Q15303,compound,protein,1
3820,CPI,P35913,compound,protein,0
3820,CPI,Q9UHD2,compound,protein,0
3820,CPI,P19174,compound,protein,0
3820,CPI,Q13555,compound,protein,0
3822,CPI,Q9UIK4,compound,protein,0
3822,CPI,P54652,compound,protein,0
3823,CPI,P02545,compound,protein,1
3823,CPI,P16473,compound,protein,1
3823,CPI,P21554,compound,protein,1
3823,CPI,P30556,compound,protein,1
3823,CPI,Q13224,compound,protein,0
3823393,CPI,P53350,compound,protein,1
3825,CPI,P31645,compound,protein,1
3825,CPI,Q96KQ7,compound,protein,1
3825,CPI,P78356,compound,protein,0
3825,CPI,P08311,compound,protein,0
3826,CPI,O95622,compound,protein,0
3826,CPI,Q2M2I8,compound,protein,0
3826,CPI,O75582,compound,protein,0
3827,CPI,P21731,compound,protein,1
3827,CPI,P30556,compound,protein,1
3827,CPI,P35367,compound,protein,1
3827,CPI,P41595,compound,protein,1
3827,CPI,Q92847,compound,protein,1
3827,CPI,Q14004,compound,protein,0
3827,CPI,P35498,compound,protein,0
3827,CPI,P08581,compound,protein,0
3828,CPI,P10635,compound,protein,1
3845,CPI,P50225,compound,protein,0
3853,CPI,Q99720,compound,protein,1
3869,CPI,P25100,compound,protein,1
3869,CPI,P55789,compound,protein,0
3878,CPI,P21917,compound,protein,1
3878,CPI,Q01959,compound,protein,1
3878,CPI,P09960,compound,protein,0
3883,CPI,O75164,compound,protein,1
3883,CPI,P21554,compound,protein,1
3883,CPI,P23975,compound,protein,1
3883,CPI,P41143,compound,protein,1
3883,CPI,Q04206,compound,protein,0
3883,CPI,Q9Y2U5,compound,protein,0
38853,CPI,P41145,compound,protein,1
38853,CPI,Q92830,compound,protein,1
38853,CPI,P16473,compound,protein,0
38853,CPI,P05771,compound,protein,0
38888103,CPI,Q9H2K2,compound,protein,0
38945,CPI,P25103,compound,protein,1
38945,CPI,P28223,compound,protein,1
38945,CPI,Q9UBS5,compound,protein,1
3894573,CPI,P33261,compound,protein,1
3894573,CPI,P49798,compound,protein,1
3896,CPI,P12931,compound,protein,1
3896,CPI,O15440,compound,protein,0
3899,CPI,P14416,compound,protein,1
3899,CPI,P21554,compound,protein,1
3899,CPI,Q16236,compound,protein,1
3899,CPI,P35218,compound,protein,0
3899,CPI,Q8NER1,compound,protein,0
3899541,CPI,Q9NS75,compound,protein,0
3899541,CPI,Q9NPA1,compound,protein,0
3902,CPI,P11511,compound,protein,1
3902,CPI,Q92753,compound,protein,0
3903,CPI,P35372,compound,protein,1
3903,CPI,P02545,compound,protein,0
39042,CPI,P0DMS8,compound,protein,1
39042,CPI,P18825,compound,protein,1
39042,CPI,P16615,compound,protein,0
3906779,CPI,P35367,compound,protein,0
3906779,CPI,Q8TBX8,compound,protein,0
3906779,CPI,Q9UEW8,compound,protein,0
39186,CPI,P27695,compound,protein,1
39186,CPI,O60755,compound,protein,0
3926,CPI,P02545,compound,protein,1
3926,CPI,P08684,compound,protein,1
3926,CPI,P41145,compound,protein,1
3926,CPI,P24557,compound,protein,0
3926,CPI,P28482,compound,protein,0
392622,CPI,P10632,compound,protein,1
392622,CPI,P21452,compound,protein,1
392622,CPI,Q96FL8,compound,protein,1
392622,CPI,O00206,compound,protein,0
392622,CPI,P19793,compound,protein,0
392622,CPI,P50747,compound,protein,0
3926765,CPI,Q02880,compound,protein,1
3926765,CPI,P21728,compound,protein,0
394449,CPI,O75496,compound,protein,1
3946,CPI,P02763,compound,protein,0
3947,CPI,Q96KQ7,compound,protein,1
3949,CPI,P35462,compound,protein,1
3950,CPI,Q9H169,compound,protein,1
3950572,CPI,P34947,compound,protein,0
3951,CPI,Q08209,compound,protein,0
3955,CPI,P41146,compound,protein,1
39562,CPI,O75496,compound,protein,0
3957,CPI,P10636,compound,protein,1
3957,CPI,P18825,compound,protein,1
3957,CPI,Q01959,compound,protein,1
3957,CPI,P04049,compound,protein,0
3957,CPI,Q92772,compound,protein,0
3958,CPI,P08172,compound,protein,1
3958,CPI,P21728,compound,protein,1
3958,CPI,P23975,compound,protein,1
3958,CPI,P25024,compound,protein,0
3958,CPI,P10635,compound,protein,0
3960,CPI,P16473,compound,protein,0
3961,CPI,P08173,compound,protein,1
3961,CPI,P18825,compound,protein,1
3961,CPI,P19235,compound,protein,1
3961,CPI,P23975,compound,protein,1
3961,CPI,P50052,compound,protein,1
3961,CPI,P24557,compound,protein,0
3964,CPI,P21397,compound,protein,1
3964,CPI,P37288,compound,protein,1
3964,CPI,P46098,compound,protein,1
3964,CPI,Q9Y5N1,compound,protein,1
3964,CPI,O60285,compound,protein,0
3964,CPI,P10721,compound,protein,0
3964,CPI,Q8IU85,compound,protein,0
3969,CPI,P30043,compound,protein,0
3976,CPI,Q9UBM7,compound,protein,0
398148,CPI,Q99700,compound,protein,1
39836,CPI,P41595,compound,protein,0
3989078,CPI,P27448,compound,protein,0
39912,CPI,P07359,compound,protein,1
39912,CPI,P16473,compound,protein,1
39912,CPI,P18074,compound,protein,0
4008,CPI,Q02127,compound,protein,0
4011,CPI,P08172,compound,protein,1
4011,CPI,O75604,compound,protein,0
4011,CPI,Q15375,compound,protein,0
4020,CPI,P25103,compound,protein,1
4020,CPI,P47898,compound,protein,1
4020,CPI,Q05940,compound,protein,1
4021,CPI,P10636,compound,protein,1
4021,CPI,Q09470,compound,protein,0
4029677,CPI,P31391,compound,protein,0
4029677,CPI,P04818,compound,protein,0
4030,CPI,P68371,compound,protein,1
4030,CPI,P49662,compound,protein,0
4031,CPI,P20309,compound,protein,1
4032,CPI,P07550,compound,protein,1
4032,CPI,P21554,compound,protein,1
4032,CPI,Q99808,compound,protein,1
4034,CPI,P05981,compound,protein,1
4034,CPI,P14416,compound,protein,1
4034,CPI,P25021,compound,protein,1
4034,CPI,P34947,compound,protein,0
4034,CPI,P49840,compound,protein,0
4037,CPI,Q92830,compound,protein,1
4044,CPI,P37059,compound,protein,0
4044,CPI,P25098,compound,protein,0
4046,CPI,P08588,compound,protein,1
40461270,CPI,P28221,compound,protein,0
40467075,CPI,P04083,compound,protein,1
40467075,CPI,P18074,compound,protein,0
40467075,CPI,Q9H9B1,compound,protein,0
40467075,CPI,P11229,compound,protein,0
40467075,CPI,P35354,compound,protein,0
40469415,CPI,Q96PY6,compound,protein,0
40469540,CPI,P35228,compound,protein,1
40486,CPI,P21731,compound,protein,0
40488277,CPI,P04278,compound,protein,1
4050965,CPI,P30304,compound,protein,1
40539,CPI,O94782,compound,protein,1
40539,CPI,P00352,compound,protein,1
40539,CPI,Q14833,compound,protein,0
4054,CPI,O60391,compound,protein,1
4054,CPI,P21397,compound,protein,1
4054,CPI,P22303,compound,protein,1
4054,CPI,P28223,compound,protein,1
4054,CPI,Q13224,compound,protein,1
4054,CPI,O60674,compound,protein,0
4055,CPI,P21728,compound,protein,1
4055,CPI,P27338,compound,protein,1
4055,CPI,P30411,compound,protein,1
4055,CPI,P37288,compound,protein,1
4055,CPI,Q9BQB6,compound,protein,1
4055,CPI,Q9UIF8,compound,protein,1
4055,CPI,P09936,compound,protein,0
4060,CPI,Q86Z02,compound,protein,0
40634,CPI,P06276,compound,protein,0
40634,CPI,P51692,compound,protein,0
4065,CPI,P28223,compound,protein,0
4067,CPI,P14416,compound,protein,0
40692,CPI,Q9NUW8,compound,protein,1
4075,CPI,Q9UBT6,compound,protein,1
4076092,CPI,Q13526,compound,protein,1
4078,CPI,P08172,compound,protein,1
4078,CPI,P35372,compound,protein,1
4078,CPI,P35462,compound,protein,1
4089709,CPI,Q9NS40,compound,protein,0
4091,CPI,O15245,compound,protein,0
4098,CPI,P00734,compound,protein,1
4098,CPI,P11229,compound,protein,1
4099,CPI,P08172,compound,protein,1
4099,CPI,P41968,compound,protein,1
4099,CPI,Q15759,compound,protein,0
4104,CPI,P24666,compound,protein,0
41049,CPI,P23219,compound,protein,1
4106,CPI,P28223,compound,protein,1
4106,CPI,Q13555,compound,protein,0
4107,CPI,P25021,compound,protein,1
4107,CPI,P27037,compound,protein,0
4107,CPI,P30307,compound,protein,0
4107,CPI,Q9UKE5,compound,protein,0
4114,CPI,Q13621,compound,protein,0
4114,CPI,O60755,compound,protein,0
4116,CPI,P48730,compound,protein,0
4116,CPI,Q99549,compound,protein,0
4116,CPI,P36888,compound,protein,0
4122,CPI,P40225,compound,protein,1
4122,CPI,P61925,compound,protein,0
4131581,CPI,P36888,compound,protein,0
4133412,CPI,P36888,compound,protein,0
4135,CPI,Q8NG66,compound,protein,0
4135,CPI,P50747,compound,protein,0
4141,CPI,P20309,compound,protein,1
4141,CPI,P49798,compound,protein,1
4163,CPI,Q9UBC3,compound,protein,0
4167,CPI,P08912,compound,protein,1
4167,CPI,O00167,compound,protein,0
4168,CPI,P08172,compound,protein,1
4168,CPI,P10635,compound,protein,1
4168,CPI,P37288,compound,protein,1
41684,CPI,P32239,compound,protein,1
41693,CPI,Q96RJ0,compound,protein,0
4170,CPI,O43193,compound,protein,1
4170,CPI,P54132,compound,protein,1
4170,CPI,Q14376,compound,protein,0
4170,CPI,P53779,compound,protein,0
4170,CPI,P42261,compound,protein,0
4170,CPI,P02753,compound,protein,0
417052,CPI,P46098,compound,protein,1
417052,CPI,P42226,compound,protein,0
4171,CPI,P25021,compound,protein,1
4173,CPI,P11229,compound,protein,1
4173,CPI,P32245,compound,protein,1
4174,CPI,P02545,compound,protein,1
4174,CPI,P21731,compound,protein,1
4174,CPI,P05067,compound,protein,0
4178,CPI,P41595,compound,protein,1
4178,CPI,O75030,compound,protein,0
41781,CPI,P07550,compound,protein,1
41781,CPI,P35367,compound,protein,1
4184,CPI,P50406,compound,protein,1
4184,CPI,P27707,compound,protein,0
4189,CPI,O15296,compound,protein,1
4189,CPI,P10635,compound,protein,1
4189,CPI,P30556,compound,protein,1
4189,CPI,P32245,compound,protein,1
4189,CPI,P37288,compound,protein,1
4189,CPI,Q9H2S1,compound,protein,1
4189,CPI,P17516,compound,protein,0
4189,CPI,P29466,compound,protein,0
4189,CPI,P33981,compound,protein,0
4189,CPI,Q13621,compound,protein,0
4192,CPI,P47870,compound,protein,1
4192,CPI,Q86W47,compound,protein,0
4195,CPI,P23975,compound,protein,1
4195,CPI,P25021,compound,protein,1
4195,CPI,P47898,compound,protein,1
4195,CPI,Q15835,compound,protein,0
4197,CPI,P18089,compound,protein,1
4197,CPI,P54132,compound,protein,1
4197,CPI,P11712,compound,protein,0
4199,CPI,P83916,compound,protein,0
4199,CPI,O75914,compound,protein,0
4201,CPI,P21554,compound,protein,1
4201,CPI,P41145,compound,protein,1
4201,CPI,P41595,compound,protein,1
4201,CPI,Q9Y5N1,compound,protein,1
4203080,CPI,P48729,compound,protein,0
4210951,CPI,P49840,compound,protein,1
4211,CPI,P31645,compound,protein,1
4211,CPI,P49146,compound,protein,0
4211,CPI,O00748,compound,protein,0
4211,CPI,P08183,compound,protein,0
4211,CPI,P51957,compound,protein,0
4212,CPI,P04637,compound,protein,1
4212,CPI,P39748,compound,protein,1
4212,CPI,P43351,compound,protein,1
4216,CPI,Q9UN88,compound,protein,0
4217,CPI,P19838,compound,protein,1
4217,CPI,P28482,compound,protein,1
4235,CPI,P35367,compound,protein,1
4235,CPI,P41968,compound,protein,1
4235,CPI,P31025,compound,protein,0
4236,CPI,P41143,compound,protein,1
4241,CPI,P08172,compound,protein,0
4241,CPI,Q14534,compound,protein,0
4246,CPI,O75496,compound,protein,1
42574,CPI,P35354,compound,protein,1
4259181,CPI,P07947,compound,protein,1
4259181,CPI,P16050,compound,protein,1
4259181,CPI,P25116,compound,protein,1
4261,CPI,P10275,compound,protein,1
4261,CPI,P32249,compound,protein,0
4261,CPI,Q9NS75,compound,protein,0
42618298,CPI,P05177,compound,protein,0
42623900,CPI,Q8N6T3,compound,protein,1
42628507,CPI,O75385,compound,protein,1
42628507,CPI,P49674,compound,protein,1
42636535,CPI,P32245,compound,protein,0
42640809,CPI,P27361,compound,protein,0
42640811,CPI,P28223,compound,protein,0
42642645,CPI,O43283,compound,protein,1
42642645,CPI,O75747,compound,protein,1
42642645,CPI,P08913,compound,protein,1
42642645,CPI,P0C1S8,compound,protein,1
42642645,CPI,P23458,compound,protein,1
42642645,CPI,P29317,compound,protein,1
42642645,CPI,P29597,compound,protein,1
42642645,CPI,P30530,compound,protein,1
42642645,CPI,P43405,compound,protein,1
42642645,CPI,P51617,compound,protein,1
42642645,CPI,P54764,compound,protein,1
42642645,CPI,P78368,compound,protein,1
42642645,CPI,Q00532,compound,protein,1
42642645,CPI,Q07912,compound,protein,1
42642645,CPI,Q6DT37,compound,protein,1
42642645,CPI,Q86Z02,compound,protein,1
42642645,CPI,Q8IU85,compound,protein,1
42642645,CPI,Q8N752,compound,protein,1
42642645,CPI,Q9H2G2,compound,protein,1
42642645,CPI,Q9H2K8,compound,protein,1
42642645,CPI,Q9NRP7,compound,protein,1
42642645,CPI,Q14524,compound,protein,0
42642645,CPI,Q16558,compound,protein,0
42642645,CPI,Q12797,compound,protein,0
42642645,CPI,Q9BVC4,compound,protein,0
42642645,CPI,Q6IQ20,compound,protein,0
42642645,CPI,P17861,compound,protein,0
42642645,CPI,O95263,compound,protein,0
42642645,CPI,P00374,compound,protein,0
42642645,CPI,P51589,compound,protein,0
42642645,CPI,Q12791,compound,protein,0
42642648,CPI,O43353,compound,protein,1
42642648,CPI,P00533,compound,protein,1
42642648,CPI,Q15303,compound,protein,1
4277,CPI,P34913,compound,protein,1
4284,CPI,O00519,compound,protein,0
4284720,CPI,P50406,compound,protein,1
4284720,CPI,P35408,compound,protein,0
42890,CPI,P28335,compound,protein,1
42955,CPI,O43193,compound,protein,1
42955,CPI,P25929,compound,protein,1
42955,CPI,P30556,compound,protein,1
42955,CPI,P41145,compound,protein,1
42955,CPI,Q99808,compound,protein,1
42955,CPI,O15245,compound,protein,0
42955,CPI,P11926,compound,protein,0
4296,CPI,P21917,compound,protein,0
4299,CPI,P27695,compound,protein,1
4299,CPI,Q15746,compound,protein,1
4299,CPI,Q6NVY1,compound,protein,0
4302116,CPI,Q16665,compound,protein,0
4302962,CPI,P21554,compound,protein,1
4306515,CPI,P32745,compound,protein,0
4350931,CPI,P35367,compound,protein,0
4355450,CPI,P20309,compound,protein,0
4364841,CPI,P33261,compound,protein,0
4369233,CPI,P12268,compound,protein,0
4369270,CPI,Q96QE3,compound,protein,1
4369359,CPI,P21731,compound,protein,1
4369359,CPI,P30411,compound,protein,1
4369359,CPI,P46663,compound,protein,1
4369359,CPI,Q86W47,compound,protein,0
4369359,CPI,O75173,compound,protein,0
4369359,CPI,P46734,compound,protein,0
4369491,CPI,Q16236,compound,protein,0
4376,CPI,P14416,compound,protein,1
4376,CPI,P30939,compound,protein,1
4376,CPI,Q16099,compound,protein,1
4376,CPI,P21127,compound,protein,0
4380,CPI,P27338,compound,protein,1
4380267,CPI,P29460,compound,protein,0
4380267,CPI,P11473,compound,protein,0
4381127,CPI,P01215,compound,protein,1
4381127,CPI,P43220,compound,protein,1
4381127,CPI,P84022,compound,protein,1
43815,CPI,P43681,compound,protein,1
43815,CPI,P46098,compound,protein,1
43815,CPI,Q9Y5N1,compound,protein,1
43815,CPI,P04035,compound,protein,0
43815,CPI,P57078,compound,protein,0
43815,CPI,Q96PY6,compound,protein,0
439246,CPI,P35372,compound,protein,1
439246,CPI,Q03431,compound,protein,0
439246,CPI,Q14164,compound,protein,0
439260,CPI,P18089,compound,protein,1
4392675,CPI,P36896,compound,protein,0
439530,CPI,Q04206,compound,protein,0
439533,CPI,P51679,compound,protein,0
439654,CPI,O75496,compound,protein,1
439654,CPI,P39748,compound,protein,1
439654,CPI,O95551,compound,protein,0
439654,CPI,P51843,compound,protein,0
4402,CPI,P98170,compound,protein,0
4409,CPI,P30939,compound,protein,0
4409,CPI,Q6XUX3,compound,protein,0
44093,CPI,P43681,compound,protein,1
441074,CPI,P08588,compound,protein,1
441074,CPI,P35367,compound,protein,1
441074,CPI,Q12809,compound,protein,1
441074,CPI,Q14524,compound,protein,1
441074,CPI,Q14534,compound,protein,0
441074,CPI,P10721,compound,protein,0
441074,CPI,Q02641,compound,protein,0
4411,CPI,P08588,compound,protein,1
4411,CPI,P18825,compound,protein,1
4411,CPI,P41145,compound,protein,1
441140,CPI,P29274,compound,protein,1
441140,CPI,P68371,compound,protein,0
441243,CPI,P08908,compound,protein,1
441243,CPI,P09917,compound,protein,0
441289,CPI,P18825,compound,protein,1
441289,CPI,P29474,compound,protein,0
441289,CPI,P45983,compound,protein,0
4413,CPI,P35462,compound,protein,1
441314,CPI,Q13148,compound,protein,0
441336,CPI,P19838,compound,protein,0
44137675,CPI,Q8WTS6,compound,protein,0
44137946,CPI,P18089,compound,protein,0
441383,CPI,Q86V86,compound,protein,0
44139710,CPI,Q99720,compound,protein,0
44141938,CPI,Q02127,compound,protein,0
44142043,CPI,O75496,compound,protein,1
44142043,CPI,Q99519,compound,protein,0
44142046,CPI,P08235,compound,protein,0
44142046,CPI,P04278,compound,protein,0
44142047,CPI,Q99720,compound,protein,0
44142060,CPI,P29274,compound,protein,0
44142061,CPI,Q96T88,compound,protein,0
44142064,CPI,Q9Y6L6,compound,protein,0
44142069,CPI,Q96QE3,compound,protein,1
44142072,CPI,Q86Y07,compound,protein,0
44142079,CPI,Q16236,compound,protein,1
44142079,CPI,P06401,compound,protein,0
44142079,CPI,Q8TD19,compound,protein,0
44142083,CPI,Q9UK32,compound,protein,0
44142085,CPI,P16050,compound,protein,1
44142088,CPI,P27815,compound,protein,1
44142092,CPI,P21728,compound,protein,0
44142096,CPI,P84022,compound,protein,1
44142096,CPI,P53355,compound,protein,0
44142097,CPI,Q8TD08,compound,protein,0
44142099,CPI,O75496,compound,protein,1
44142100,CPI,O75496,compound,protein,1
44142106,CPI,O75496,compound,protein,1
44142108,CPI,P10721,compound,protein,0
44142110,CPI,O95747,compound,protein,0
44142110,CPI,Q02750,compound,protein,0
44142112,CPI,Q9UNA4,compound,protein,1
44142116,CPI,P51617,compound,protein,0
44142124,CPI,Q9BYF1,compound,protein,0
44142128,CPI,P04637,compound,protein,1
44142130,CPI,P22001,compound,protein,0
44142135,CPI,Q16236,compound,protein,1
44142143,CPI,P07305,compound,protein,0
44142144,CPI,P20309,compound,protein,0
44142148,CPI,Q96QE3,compound,protein,1
44142152,CPI,Q9H0H5,compound,protein,1
44142346,CPI,Q13224,compound,protein,0
44142351,CPI,P15692,compound,protein,0
44143088,CPI,P35367,compound,protein,0
44143090,CPI,Q16566,compound,protein,0
44143091,CPI,P27695,compound,protein,1
44143092,CPI,Q16566,compound,protein,0
44143244,CPI,P98170,compound,protein,1
44143700,CPI,O00506,compound,protein,0
44143772,CPI,P16591,compound,protein,0
44176347,CPI,P83916,compound,protein,0
44182295,CPI,P30556,compound,protein,0
441853,CPI,Q9UHD2,compound,protein,0
44187,CPI,Q15835,compound,protein,0
44187362,CPI,P36507,compound,protein,1
44199317,CPI,Q96NZ9,compound,protein,1
442009,CPI,O14684,compound,protein,1
44201003,CPI,P07948,compound,protein,0
44202300,CPI,Q00537,compound,protein,0
44202729,CPI,Q9UQM7,compound,protein,0
44202935,CPI,P21728,compound,protein,0
44202943,CPI,Q96QE3,compound,protein,1
44202943,CPI,O95747,compound,protein,0
44205240,CPI,P17252,compound,protein,1
44205240,CPI,P58215,compound,protein,0
4421,CPI,Q96KQ7,compound,protein,1
44219749,CPI,P27986,compound,protein,1
44219749,CPI,P21589,compound,protein,0
4422,CPI,P41145,compound,protein,1
44223952,CPI,Q8TBX8,compound,protein,1
44223952,CPI,Q9HAZ1,compound,protein,1
44223974,CPI,O43497,compound,protein,0
44224135,CPI,Q12809,compound,protein,0
44229067,CPI,P0C1S8,compound,protein,0
44229067,CPI,P49798,compound,protein,0
44237404,CPI,Q5BJF2,compound,protein,0
44237406,CPI,P49674,compound,protein,0
44246455,CPI,P13945,compound,protein,0
44246456,CPI,Q8N568,compound,protein,0
44246456,CPI,P43166,compound,protein,0
44246512,CPI,P14618,compound,protein,1
44246512,CPI,P30613,compound,protein,1
44247471,CPI,Q92793,compound,protein,0
44247542,CPI,Q14994,compound,protein,0
44247568,CPI,P10696,compound,protein,0
4425,CPI,P21554,compound,protein,0
442530,CPI,P04150,compound,protein,1
44257,CPI,Q8NFD2,compound,protein,0
44259,CPI,P27037,compound,protein,1
44259,CPI,P36507,compound,protein,1
44259,CPI,Q02763,compound,protein,1
44259,CPI,Q16659,compound,protein,1
44259,CPI,Q8IVW4,compound,protein,1
44259,CPI,Q8IY84,compound,protein,1
44259,CPI,Q8NEV4,compound,protein,1
44259,CPI,Q9BYT3,compound,protein,1
44259,CPI,Q9NQU5,compound,protein,1
44259,CPI,Q96RI1,compound,protein,0
44259,CPI,P37288,compound,protein,0
44259,CPI,O75496,compound,protein,0
44259,CPI,Q9Y271,compound,protein,0
44259,CPI,Q7L5N7,compound,protein,0
44259,CPI,P37059,compound,protein,0
44259,CPI,O15379,compound,protein,0
44259,CPI,Q5BJF2,compound,protein,0
44259,CPI,P60953,compound,protein,0
44259,CPI,Q9UGI6,compound,protein,0
44259,CPI,P10827,compound,protein,0
44259,CPI,Q03431,compound,protein,0
4426,CPI,P34897,compound,protein,0
442793,CPI,P23219,compound,protein,0
4428,CPI,P08908,compound,protein,0
442897,CPI,P80370,compound,protein,0
442972,CPI,P55210,compound,protein,0
442972,CPI,P08588,compound,protein,0
4430,CPI,P08588,compound,protein,0
4430,CPI,Q9HC16,compound,protein,0
443118,CPI,P11229,compound,protein,0
443278,CPI,P27815,compound,protein,0
443375,CPI,P05177,compound,protein,0
443390,CPI,P28335,compound,protein,1
443390,CPI,P22694,compound,protein,0
443390,CPI,O95398,compound,protein,0
44369694,CPI,P08254,compound,protein,0
443872,CPI,P25021,compound,protein,1
443872,CPI,P09884,compound,protein,0
443872,CPI,P07949,compound,protein,0
443874,CPI,O95382,compound,protein,0
443879,CPI,P08173,compound,protein,1
443879,CPI,P08908,compound,protein,1
443879,CPI,P17405,compound,protein,0
443879,CPI,Q9H2K2,compound,protein,0
443879,CPI,P58215,compound,protein,0
443944,CPI,P14416,compound,protein,1
443944,CPI,P21728,compound,protein,1
443944,CPI,Q9Y6Q9,compound,protein,0
443944,CPI,Q9P2K8,compound,protein,0
443955,CPI,P10636,compound,protein,1
443955,CPI,P51589,compound,protein,0
443955,CPI,Q14123,compound,protein,0
444,CPI,Q5BJF2,compound,protein,0
444008,CPI,P03372,compound,protein,1
444025,CPI,P11474,compound,protein,1
444031,CPI,Q9UN88,compound,protein,0
444031,CPI,P33032,compound,protein,0
444254,CPI,P25103,compound,protein,1
444254,CPI,P05129,compound,protein,0
44460114,CPI,Q9NRP7,compound,protein,0
44460121,CPI,Q92793,compound,protein,0
44460122,CPI,Q8IWQ3,compound,protein,0
44460123,CPI,Q9HAZ1,compound,protein,0
44460126,CPI,Q13188,compound,protein,0
44460126,CPI,Q9Y4K4,compound,protein,0
44460141,CPI,P16050,compound,protein,1
44460141,CPI,P31751,compound,protein,0
44460172,CPI,Q8TD08,compound,protein,0
44460175,CPI,P51160,compound,protein,0
44460176,CPI,O76039,compound,protein,0
44462758,CPI,P43405,compound,protein,1
44462760,CPI,P00519,compound,protein,1
44462760,CPI,P42684,compound,protein,1
44462760,CPI,P25963,compound,protein,0
444732,CPI,Q9UBN7,compound,protein,1
44473434,CPI,O75496,compound,protein,0
444795,CPI,P31025,compound,protein,1
444795,CPI,P08631,compound,protein,0
44483164,CPI,P18089,compound,protein,0
44483247,CPI,Q16288,compound,protein,0
44483270,CPI,P27815,compound,protein,0
44483304,CPI,P04150,compound,protein,1
44483339,CPI,P41145,compound,protein,0
44486342,CPI,Q9NUW8,compound,protein,1
44486959,CPI,Q15046,compound,protein,0
44487411,CPI,O95382,compound,protein,0
44487415,CPI,O94782,compound,protein,1
44487415,CPI,Q9UGJ0,compound,protein,0
444899,CPI,P08684,compound,protein,1
444899,CPI,Q9UHH9,compound,protein,0
444899,CPI,P13726,compound,protein,0
4449,CPI,Q14432,compound,protein,1
44490230,CPI,P47898,compound,protein,0
44493079,CPI,Q6XUX3,compound,protein,0
44494083,CPI,Q13285,compound,protein,0
44494142,CPI,P84022,compound,protein,1
44494142,CPI,Q02817,compound,protein,0
44497202,CPI,P07550,compound,protein,0
44503649,CPI,Q06710,compound,protein,1
44503649,CPI,Q13873,compound,protein,0
44503649,CPI,P49798,compound,protein,0
44504316,CPI,Q9NPC1,compound,protein,0
44504931,CPI,Q9BQI3,compound,protein,0
44504955,CPI,Q8NI60,compound,protein,0
44505004,CPI,P57059,compound,protein,0
44505004,CPI,P06239,compound,protein,0
44505177,CPI,Q86UX6,compound,protein,0
44505339,CPI,Q9P0L2,compound,protein,0
44505404,CPI,Q6XUX3,compound,protein,0
44505415,CPI,O14733,compound,protein,0
44505480,CPI,Q9UK32,compound,protein,0
44505555,CPI,Q9NUW8,compound,protein,1
44505555,CPI,P54619,compound,protein,0
44505588,CPI,Q14289,compound,protein,0
44505627,CPI,P08172,compound,protein,0
44505961,CPI,Q15746,compound,protein,0
44505975,CPI,P07948,compound,protein,0
44505980,CPI,O60706,compound,protein,0
44506647,CPI,P57078,compound,protein,0
44507247,CPI,P10636,compound,protein,0
44516953,CPI,P42345,compound,protein,1
44516953,CPI,P12268,compound,protein,0
44517659,CPI,P53671,compound,protein,0
4452,CPI,P18825,compound,protein,1
4452,CPI,P35462,compound,protein,1
4452,CPI,P41595,compound,protein,1
4452,CPI,Q12809,compound,protein,1
445354,CPI,P30542,compound,protein,1
445354,CPI,Q92847,compound,protein,1
445354,CPI,P46063,compound,protein,0
44537767,CPI,Q8IU85,compound,protein,0
44543605,CPI,P08912,compound,protein,0
44551660,CPI,Q13698,compound,protein,0
445580,CPI,O75365,compound,protein,0
445580,CPI,Q9NYV4,compound,protein,0
445713,CPI,O75496,compound,protein,0
445858,CPI,Q99835,compound,protein,0
445858,CPI,P09917,compound,protein,0
44593869,CPI,P21728,compound,protein,0
44595079,CPI,O14757,compound,protein,1
44595079,CPI,O60674,compound,protein,1
44595079,CPI,Q8TCT1,compound,protein,0
44595079,CPI,P35499,compound,protein,0
44595079,CPI,P05186,compound,protein,0
44595079,CPI,Q9Y233,compound,protein,0
44601455,CPI,Q92952,compound,protein,0
44602375,CPI,P53350,compound,protein,1
44602375,CPI,O95718,compound,protein,0
44603533,CPI,P10635,compound,protein,1
44603533,CPI,P11712,compound,protein,1
44603533,CPI,Q9H2X9,compound,protein,0
44607573,CPI,Q15569,compound,protein,0
44607580,CPI,O43526,compound,protein,0
44607587,CPI,P08172,compound,protein,0
44607974,CPI,P43119,compound,protein,0
446157,CPI,Q8NEV4,compound,protein,0
44617931,CPI,P07333,compound,protein,0
44620882,CPI,Q13370,compound,protein,0
44620892,CPI,P03372,compound,protein,0
44620895,CPI,Q92952,compound,protein,0
44620939,CPI,Q9H4B4,compound,protein,0
44623837,CPI,O94782,compound,protein,1
44623839,CPI,Q13148,compound,protein,1
44623839,CPI,Q9UNQ0,compound,protein,1
44623840,CPI,P24462,compound,protein,0
44623844,CPI,O15440,compound,protein,0
44623888,CPI,P51570,compound,protein,1
44623946,CPI,P02545,compound,protein,0
44629742,CPI,P08183,compound,protein,1
4463,CPI,P21397,compound,protein,1
4463,CPI,P36888,compound,protein,0
4463,CPI,P19793,compound,protein,0
4463,CPI,O43293,compound,protein,0
44630538,CPI,Q13148,compound,protein,1
44630539,CPI,Q9NUW8,compound,protein,1
44630541,CPI,P02545,compound,protein,0
44631078,CPI,Q9Y6M4,compound,protein,0
446313,CPI,Q03164,compound,protein,0
44631783,CPI,Q9BXA7,compound,protein,0
44634539,CPI,Q15418,compound,protein,0
44634573,CPI,Q06187,compound,protein,0
44634701,CPI,P84022,compound,protein,1
44640136,CPI,P10826,compound,protein,0
44640181,CPI,Q99808,compound,protein,0
446541,CPI,P16662,compound,protein,1
446541,CPI,Q9NUW8,compound,protein,1
446556,CPI,O75496,compound,protein,0
446556,CPI,Q4U2R8,compound,protein,0
446596,CPI,O75874,compound,protein,1
446596,CPI,P07550,compound,protein,1
446596,CPI,P08908,compound,protein,1
446596,CPI,P21728,compound,protein,1
446596,CPI,Q9NUW8,compound,protein,1
446596,CPI,O14578,compound,protein,0
446598,CPI,P08172,compound,protein,1
446598,CPI,O60240,compound,protein,0
44665680,CPI,Q92793,compound,protein,0
447043,CPI,Q9UBS5,compound,protein,1
4474,CPI,P27815,compound,protein,1
4474,CPI,Q9UF02,compound,protein,1
4474,CPI,P21554,compound,protein,0
4477,CPI,P39748,compound,protein,1
4477,CPI,P43220,compound,protein,1
4477,CPI,Q16637,compound,protein,1
447905,CPI,Q13133,compound,protein,1
447912,CPI,P28702,compound,protein,1
448013,CPI,Q9BVC4,compound,protein,0
448014,CPI,P08069,compound,protein,1
448014,CPI,Q9Y243,compound,protein,1
448014,CPI,P17252,compound,protein,0
448014,CPI,Q16445,compound,protein,0
448014,CPI,Q9UEW8,compound,protein,0
448014,CPI,P11388,compound,protein,0
448014,CPI,P35372,compound,protein,0
44818131,CPI,P49137,compound,protein,0
44820550,CPI,P35236,compound,protein,0
44820670,CPI,P01584,compound,protein,0
44825280,CPI,P53355,compound,protein,0
44825304,CPI,P16473,compound,protein,0
448281,CPI,Q14680,compound,protein,0
44828481,CPI,Q00537,compound,protein,0
4485,CPI,P08588,compound,protein,1
4485,CPI,Q96KQ7,compound,protein,1
4485,CPI,Q9Y2H1,compound,protein,0
448537,CPI,O95718,compound,protein,1
448537,CPI,P29274,compound,protein,1
448537,CPI,O60240,compound,protein,0
448537,CPI,Q8IVW4,compound,protein,0
448537,CPI,O75716,compound,protein,0
4486,CPI,O15245,compound,protein,0
4487,CPI,Q96QE3,compound,protein,1
4488,CPI,P32245,compound,protein,1
4488,CPI,P41968,compound,protein,1
448912,CPI,Q15078,compound,protein,1
448991,CPI,P48169,compound,protein,0
449171,CPI,Q9NUW8,compound,protein,1
449193,CPI,O00408,compound,protein,0
4493,CPI,P40225,compound,protein,0
4494,CPI,O43497,compound,protein,1
4494,CPI,Q9P0X4,compound,protein,1
4494,CPI,Q9Y2K2,compound,protein,0
4494,CPI,P52895,compound,protein,0
4494,CPI,Q86V86,compound,protein,0
449459,CPI,P04155,compound,protein,1
449459,CPI,P19793,compound,protein,1
4495,CPI,O75496,compound,protein,1
4495,CPI,P16473,compound,protein,1
4495,CPI,Q16236,compound,protein,1
4495,CPI,P29322,compound,protein,0
4496,CPI,Q07820,compound,protein,0
44968224,CPI,P43119,compound,protein,0
44968227,CPI,Q9Y233,compound,protein,0
44968231,CPI,P10253,compound,protein,0
4497,CPI,P32238,compound,protein,1
4497,CPI,Q9HC98,compound,protein,0
4499,CPI,Q92847,compound,protein,1
4499,CPI,Q04864,compound,protein,0
4500,CPI,Q01959,compound,protein,1
45006157,CPI,P27695,compound,protein,0
4506,CPI,P21397,compound,protein,1
4506,CPI,P29274,compound,protein,1
4506,CPI,P32245,compound,protein,1
4506,CPI,Q9NY57,compound,protein,0
4506,CPI,P50750,compound,protein,0
4507,CPI,P48729,compound,protein,0
45115609,CPI,P06241,compound,protein,0
4514,CPI,Q12809,compound,protein,1
4514,CPI,O00167,compound,protein,0
4516886,CPI,P37231,compound,protein,1
4516886,CPI,Q9HC97,compound,protein,0
4519822,CPI,P35372,compound,protein,0
4520732,CPI,Q15139,compound,protein,0
4521392,CPI,P06241,compound,protein,1
4521392,CPI,P21709,compound,protein,1
4521392,CPI,P31751,compound,protein,1
4521392,CPI,P35590,compound,protein,1
4521392,CPI,P80192,compound,protein,1
4521392,CPI,Q13627,compound,protein,1
4521392,CPI,Q15746,compound,protein,1
4521392,CPI,Q8IW41,compound,protein,1
4521392,CPI,Q8NEV4,compound,protein,1
4521392,CPI,Q9BUB5,compound,protein,1
4521392,CPI,Q9Y2H1,compound,protein,1
4521392,CPI,Q96KQ7,compound,protein,0
4521392,CPI,Q16445,compound,protein,0
4521392,CPI,Q92959,compound,protein,0
4521392,CPI,P16473,compound,protein,0
4521392,CPI,P35398,compound,protein,0
4528,CPI,Q96QE3,compound,protein,1
4533,CPI,P15056,compound,protein,0
4534,CPI,P29466,compound,protein,1
4534,CPI,Q9NUW8,compound,protein,1
4539,CPI,P03372,compound,protein,1
4539,CPI,P18825,compound,protein,1
4539,CPI,Q9H244,compound,protein,0
4543,CPI,O00264,compound,protein,1
4543,CPI,P08172,compound,protein,1
4543,CPI,P18825,compound,protein,1
4543,CPI,Q14376,compound,protein,0
4549,CPI,Q9C0B1,compound,protein,0
4549,CPI,P18089,compound,protein,0
4552,CPI,Q06203,compound,protein,0
456199,CPI,O43193,compound,protein,1
456199,CPI,P30939,compound,protein,0
456201,CPI,O95342,compound,protein,1
456201,CPI,P11511,compound,protein,1
456201,CPI,Q9NYV4,compound,protein,0
456201,CPI,Q8TF76,compound,protein,0
456214,CPI,P24941,compound,protein,1
456389,CPI,Q96KQ7,compound,protein,1
4567,CPI,P08908,compound,protein,1
4567,CPI,P21918,compound,protein,1
4567,CPI,P41145,compound,protein,1
4567,CPI,P10276,compound,protein,0
4567,CPI,P19174,compound,protein,0
4567,CPI,Q6DT37,compound,protein,0
4567,CPI,Q9NY46,compound,protein,0
4567,CPI,P15559,compound,protein,0
457193,CPI,Q16236,compound,protein,1
457193,CPI,P33402,compound,protein,0
4573811,CPI,Q16236,compound,protein,1
4574540,CPI,P35916,compound,protein,0
4578,CPI,P03372,compound,protein,0
457964,CPI,P84022,compound,protein,0
4581,CPI,P08253,compound,protein,0
4583,CPI,Q06203,compound,protein,0
4592,CPI,P08254,compound,protein,0
45934210,CPI,P08912,compound,protein,1
45934210,CPI,P05091,compound,protein,0
4595,CPI,Q86VL8,compound,protein,1
459617,CPI,Q9H3R0,compound,protein,1
459617,CPI,P25103,compound,protein,0
4601,CPI,P11229,compound,protein,1
4601,CPI,Q9NUW8,compound,protein,0
4601225,CPI,O15392,compound,protein,0
460747,CPI,P51151,compound,protein,1
460747,CPI,P27695,compound,protein,0
4614,CPI,Q9H4B4,compound,protein,0
46172926,CPI,P48145,compound,protein,1
46172926,CPI,P41595,compound,protein,0
46199207,CPI,Q16513,compound,protein,0
46199646,CPI,P21731,compound,protein,0
462,CPI,Q99700,compound,protein,0
46209133,CPI,P51817,compound,protein,0
46215462,CPI,P08581,compound,protein,1
46215462,CPI,P31749,compound,protein,1
46215815,CPI,Q96GD4,compound,protein,1
46216796,CPI,O95819,compound,protein,1
46216796,CPI,P17252,compound,protein,1
46216796,CPI,P08922,compound,protein,0
46216796,CPI,P21728,compound,protein,0
46220502,CPI,P05771,compound,protein,1
46220502,CPI,P51946,compound,protein,1
46224516,CPI,P02545,compound,protein,0
46233311,CPI,Q9Y4K4,compound,protein,0
46239015,CPI,Q01064,compound,protein,0
4624,CPI,P08588,compound,protein,0
4632,CPI,P03956,compound,protein,0
4632,CPI,P28845,compound,protein,0
4632,CPI,Q8NI60,compound,protein,0
4634,CPI,Q99720,compound,protein,1
4636,CPI,P50406,compound,protein,1
4636,CPI,Q96KQ7,compound,protein,1
4636,CPI,P10636,compound,protein,0
4641,CPI,O75874,compound,protein,1
4641,CPI,Q9NUW8,compound,protein,1
4644,CPI,O43318,compound,protein,0
4649,CPI,P18031,compound,protein,0
4659569,CPI,Q01959,compound,protein,1
4659569,CPI,Q9Y2I1,compound,protein,0
46700756,CPI,Q9NUW8,compound,protein,0
4671,CPI,P13631,compound,protein,0
4671,CPI,P08588,compound,protein,0
4673492,CPI,O94782,compound,protein,1
4673492,CPI,Q15842,compound,protein,0
4673492,CPI,O95718,compound,protein,0
46740,CPI,Q13224,compound,protein,1
46742345,CPI,Q14680,compound,protein,0
46742345,CPI,Q7KZI7,compound,protein,0
467801,CPI,P35354,compound,protein,0
46780805,CPI,P52564,compound,protein,0
46780805,CPI,P21860,compound,protein,0
46783268,CPI,P32320,compound,protein,1
46783403,CPI,O75469,compound,protein,1
46783527,CPI,P31751,compound,protein,0
46783527,CPI,P04637,compound,protein,0
4679,CPI,P08588,compound,protein,1
4679,CPI,Q16816,compound,protein,0
4679,CPI,Q15125,compound,protein,0
4679312,CPI,P36896,compound,protein,0
4680,CPI,P19838,compound,protein,1
4680,CPI,Q01064,compound,protein,1
4680,CPI,Q96KQ7,compound,protein,1
4680,CPI,O00506,compound,protein,0
46835808,CPI,Q96S44,compound,protein,0
46843057,CPI,P62942,compound,protein,0
46843906,CPI,P43220,compound,protein,0
46843906,CPI,P25098,compound,protein,0
4684627,CPI,P49798,compound,protein,0
46851313,CPI,P33261,compound,protein,1
46851313,CPI,P21397,compound,protein,0
46861588,CPI,Q9UNQ0,compound,protein,0
46869951,CPI,Q16515,compound,protein,0
46869952,CPI,P25021,compound,protein,0
4687238,CPI,P06401,compound,protein,0
46876249,CPI,P04818,compound,protein,1
46876249,CPI,Q9BZL6,compound,protein,0
4688,CPI,P07947,compound,protein,0
46881851,CPI,P19838,compound,protein,0
46883536,CPI,P14061,compound,protein,0
46885626,CPI,O94806,compound,protein,1
46885626,CPI,P32745,compound,protein,0
46885626,CPI,Q00653,compound,protein,0
46885626,CPI,P20309,compound,protein,0
46893585,CPI,Q9UQM7,compound,protein,0
46898058,CPI,Q02224,compound,protein,1
46902718,CPI,O00444,compound,protein,0
46903589,CPI,P03372,compound,protein,0
46903884,CPI,P08908,compound,protein,0
46907659,CPI,Q9BVS4,compound,protein,0
46907683,CPI,P49662,compound,protein,0
46907683,CPI,Q9NY46,compound,protein,0
46907689,CPI,P49798,compound,protein,0
46907689,CPI,Q13237,compound,protein,0
46907705,CPI,Q16637,compound,protein,1
46907798,CPI,Q16620,compound,protein,0
4691,CPI,P07550,compound,protein,1
46912091,CPI,Q92959,compound,protein,0
46912230,CPI,P30556,compound,protein,0
46916178,CPI,Q9UBF8,compound,protein,1
46916178,CPI,P11229,compound,protein,0
46916179,CPI,P04083,compound,protein,0
46916182,CPI,P07711,compound,protein,0
46916206,CPI,P30518,compound,protein,0
46925861,CPI,Q9UKK3,compound,protein,0
46925870,CPI,Q8IY84,compound,protein,0
46925875,CPI,P36897,compound,protein,0
46925884,CPI,P27695,compound,protein,1
46926350,CPI,Q14839,compound,protein,1
46926360,CPI,O43193,compound,protein,0
46944259,CPI,P63165,compound,protein,0
46948703,CPI,O75496,compound,protein,0
4698,CPI,P25105,compound,protein,1
4698,CPI,P46063,compound,protein,1
4712,CPI,Q99572,compound,protein,0
4712,CPI,P51955,compound,protein,0
4713,CPI,P08684,compound,protein,1
4723,CPI,P21397,compound,protein,1
4723,CPI,P51151,compound,protein,1
4723,CPI,Q08828,compound,protein,0
4723,CPI,Q9UQD0,compound,protein,0
4725,CPI,Q14289,compound,protein,0
4728,CPI,Q86W47,compound,protein,0
4735,CPI,O15244,compound,protein,1
4735,CPI,P21728,compound,protein,1
4735,CPI,Q13164,compound,protein,0
4735,CPI,O14744,compound,protein,0
4737,CPI,P03372,compound,protein,1
4737,CPI,P30556,compound,protein,1
4737,CPI,P37288,compound,protein,1
4737,CPI,P42262,compound,protein,1
4737,CPI,Q13936,compound,protein,0
4737,CPI,Q2M2I8,compound,protein,0
4737,CPI,P27487,compound,protein,0
4737,CPI,Q99700,compound,protein,0
4737,CPI,P16152,compound,protein,0
4740,CPI,Q16637,compound,protein,1
4740,CPI,Q32MK0,compound,protein,0
4746,CPI,P08173,compound,protein,1
4746,CPI,P41968,compound,protein,1
47472,CPI,P51946,compound,protein,0
4748,CPI,P05106,compound,protein,0
4748,CPI,Q06187,compound,protein,0
4748,CPI,O75116,compound,protein,0
4748,CPI,Q96QE3,compound,protein,0
4748,CPI,Q13627,compound,protein,0
4753,CPI,P03372,compound,protein,1
4753,CPI,P08588,compound,protein,1
4753,CPI,P30556,compound,protein,1
4753,CPI,P37288,compound,protein,1
4753,CPI,P41595,compound,protein,1
4753,CPI,P35414,compound,protein,0
4753,CPI,O95819,compound,protein,0
4754,CPI,Q9NUW8,compound,protein,1
4756,CPI,P35498,compound,protein,1
4756,CPI,P41143,compound,protein,1
4756,CPI,P41145,compound,protein,1
4760,CPI,P29274,compound,protein,1
4760,CPI,P41145,compound,protein,1
4760,CPI,O76039,compound,protein,0
4760,CPI,P21860,compound,protein,0
4768,CPI,P08172,compound,protein,1
4768,CPI,P14416,compound,protein,1
4770,CPI,Q9NUW8,compound,protein,1
4771,CPI,P35218,compound,protein,0
4775,CPI,P0DMS8,compound,protein,1
4775,CPI,Q92847,compound,protein,1
4780,CPI,Q15722,compound,protein,0
4781,CPI,P08588,compound,protein,1
4781,CPI,P35354,compound,protein,1
47811,CPI,P08908,compound,protein,1
47811,CPI,O15379,compound,protein,0
47811,CPI,O75676,compound,protein,0
4787756,CPI,P08913,compound,protein,0
4788,CPI,P11309,compound,protein,0
47936,CPI,P13569,compound,protein,1
47936,CPI,P51828,compound,protein,1
47936,CPI,Q9H2S1,compound,protein,1
47936,CPI,Q99720,compound,protein,0
47936,CPI,P10827,compound,protein,0
47936,CPI,P04062,compound,protein,0
47965,CPI,P68400,compound,protein,0
4813,CPI,P08631,compound,protein,1
4813,CPI,Q13627,compound,protein,1
4813,CPI,Q8IU85,compound,protein,1
4813,CPI,Q9UQM7,compound,protein,1
4813,CPI,P09917,compound,protein,1
4813,CPI,P49798,compound,protein,1
4813,CPI,Q16236,compound,protein,1
4813,CPI,Q9HCP0,compound,protein,0
4813,CPI,P19793,compound,protein,0
48229,CPI,P23219,compound,protein,1
48229,CPI,Q96KB5,compound,protein,0
48229,CPI,Q8TDX7,compound,protein,0
4823,CPI,P21397,compound,protein,1
4826,CPI,P30556,compound,protein,0
4828,CPI,P30556,compound,protein,1
4828,CPI,Q9UPZ9,compound,protein,0
4830,CPI,P28223,compound,protein,1
4830,CPI,P35462,compound,protein,1
4830,CPI,P26196,compound,protein,0
4831588,CPI,P08588,compound,protein,0
4847,CPI,Q96KQ7,compound,protein,1
4849,CPI,Q9UGI6,compound,protein,0
4850,CPI,Q9UBE8,compound,protein,0
4858,CPI,Q53GL7,compound,protein,1
4865,CPI,Q99700,compound,protein,1
4877,CPI,O94806,compound,protein,1
4877,CPI,P51878,compound,protein,0
4877,CPI,Q00987,compound,protein,0
4878,CPI,Q06187,compound,protein,1
4878,CPI,Q13131,compound,protein,1
4878,CPI,O14578,compound,protein,0
4879,CPI,P00439,compound,protein,0
4879298,CPI,P10696,compound,protein,1
4879298,CPI,Q16832,compound,protein,0
4884,CPI,Q9UPZ9,compound,protein,0
4887,CPI,P19838,compound,protein,1
4887,CPI,P14416,compound,protein,0
4887,CPI,P61088,compound,protein,0
4888,CPI,Q9UKI8,compound,protein,0
4891,CPI,O60331,compound,protein,0
4891,CPI,Q9Y2H1,compound,protein,0
4893,CPI,P25021,compound,protein,1
4893,CPI,P21802,compound,protein,0
4906,CPI,P27361,compound,protein,0
4908,CPI,P08729,compound,protein,1
4909,CPI,O43193,compound,protein,1
4909,CPI,P47869,compound,protein,1
4909,CPI,P10826,compound,protein,0
4909,CPI,Q13976,compound,protein,0
4911,CPI,P07550,compound,protein,1
4911,CPI,P29274,compound,protein,1
4911,CPI,O60563,compound,protein,0
4911,CPI,P34969,compound,protein,0
4911,CPI,O15245,compound,protein,0
4912,CPI,Q9NXA8,compound,protein,1
4912,CPI,P25089,compound,protein,0
4913,CPI,P04150,compound,protein,1
4913,CPI,P08588,compound,protein,1
4915,CPI,O75469,compound,protein,1
4915,CPI,P04150,compound,protein,1
4917,CPI,P05177,compound,protein,1
4917,CPI,Q07820,compound,protein,1
4917,CPI,P53671,compound,protein,0
4919,CPI,Q99808,compound,protein,1
4919,CPI,Q9Y2K2,compound,protein,0
4919,CPI,P35346,compound,protein,0
4919,CPI,Q15375,compound,protein,0
492405,CPI,P42345,compound,protein,0
4926,CPI,P08173,compound,protein,1
4926,CPI,P18089,compound,protein,1
4926,CPI,Q32MK0,compound,protein,0
4926,CPI,O95271,compound,protein,0
4926,CPI,P08631,compound,protein,0
4927,CPI,P28335,compound,protein,1
4927,CPI,O14757,compound,protein,0
4927,CPI,Q9BUB5,compound,protein,0
4927,CPI,Q9Y2I1,compound,protein,0
4943,CPI,P31644,compound,protein,1
4946,CPI,P08172,compound,protein,1
4946,CPI,P0DMS8,compound,protein,1
4946,CPI,P10632,compound,protein,1
4946,CPI,P35372,compound,protein,1
4946,CPI,Q14973,compound,protein,1
4950,CPI,P21397,compound,protein,1
4950,CPI,P35499,compound,protein,0
4950,CPI,Q13627,compound,protein,0
4970,CPI,Q9H422,compound,protein,0
4976,CPI,P30542,compound,protein,1
4976,CPI,P35367,compound,protein,1
4976,CPI,P40225,compound,protein,1
4976,CPI,Q8IW41,compound,protein,0
4976,CPI,P28702,compound,protein,0
4977,CPI,Q16637,compound,protein,1
49792852,CPI,P07948,compound,protein,1
49792852,CPI,Q9H4B4,compound,protein,1
49792852,CPI,P48048,compound,protein,0
49806720,CPI,P49761,compound,protein,1
49806720,CPI,Q92830,compound,protein,0
49831257,CPI,O14684,compound,protein,0
49835913,CPI,Q13131,compound,protein,0
49836020,CPI,P21452,compound,protein,0
49836027,CPI,Q9BVC4,compound,protein,1
49848070,CPI,O43323,compound,protein,1
49850262,CPI,Q8WUI4,compound,protein,1
49850262,CPI,Q9UBN7,compound,protein,1
49852959,CPI,P00352,compound,protein,1
49852959,CPI,P27037,compound,protein,0
49855250,CPI,P55072,compound,protein,0
49867926,CPI,P04054,compound,protein,0
49867929,CPI,Q9UIF8,compound,protein,0
49867929,CPI,P10275,compound,protein,0
49867930,CPI,P49768,compound,protein,1
4991,CPI,O15303,compound,protein,0
4992,CPI,P02545,compound,protein,1
4992,CPI,P08172,compound,protein,1
4992,CPI,P35367,compound,protein,1
4992,CPI,P51449,compound,protein,1
4993,CPI,P08684,compound,protein,1
4993,CPI,P56817,compound,protein,0
4993,CPI,Q99755,compound,protein,0
4993,CPI,P22303,compound,protein,0
4995951,CPI,P08912,compound,protein,1
4995951,CPI,Q9UKI8,compound,protein,0
4996,CPI,Q99640,compound,protein,0
5002,CPI,P18089,compound,protein,1
5002,CPI,P28566,compound,protein,1
5002,CPI,O95398,compound,protein,0
5002,CPI,Q8IXJ6,compound,protein,0
5002,CPI,Q9NPH5,compound,protein,0
5011,CPI,P08684,compound,protein,1
5013,CPI,P08908,compound,protein,0
5022426,CPI,P31751,compound,protein,0
5024764,CPI,Q9UBS5,compound,protein,1
50248,CPI,Q13148,compound,protein,1
50248,CPI,P00519,compound,protein,0
5029,CPI,P31645,compound,protein,1
5029,CPI,P35367,compound,protein,1
5029,CPI,P37288,compound,protein,1
5029,CPI,P08581,compound,protein,0
5034,CPI,Q9GZQ8,compound,protein,1
5034,CPI,P31645,compound,protein,0
5035,CPI,P21728,compound,protein,1
5035,CPI,Q14432,compound,protein,1
5035,CPI,P15056,compound,protein,0
5037,CPI,Q15746,compound,protein,0
5040063,CPI,P10275,compound,protein,1
5040063,CPI,P11388,compound,protein,1
5040063,CPI,P16050,compound,protein,1
5040063,CPI,P51955,compound,protein,0
5040456,CPI,P34949,compound,protein,1
5042,CPI,Q96QE3,compound,protein,0
5042,CPI,P84022,compound,protein,0
5050726,CPI,Q16513,compound,protein,0
5053,CPI,P22830,compound,protein,0
5055,CPI,P07202,compound,protein,1
5056,CPI,P08648,compound,protein,1
5056,CPI,P02766,compound,protein,1
5056,CPI,P38398,compound,protein,1
5056,CPI,Q96KQ7,compound,protein,1
5056,CPI,P51817,compound,protein,0
5056,CPI,P36888,compound,protein,0
5056,CPI,P12268,compound,protein,0
5056,CPI,P13569,compound,protein,0
5056,CPI,P27815,compound,protein,0
50599,CPI,Q9NUW8,compound,protein,1
50599,CPI,P53779,compound,protein,0
50599,CPI,P00519,compound,protein,0
5070,CPI,P49798,compound,protein,1
5070,CPI,O95069,compound,protein,0
5071,CPI,P18825,compound,protein,1
5071,CPI,P21554,compound,protein,1
5071,CPI,Q96FL8,compound,protein,1
5071,CPI,P11166,compound,protein,0
5072,CPI,P14416,compound,protein,1
5073,CPI,P08172,compound,protein,1
5073,CPI,P08908,compound,protein,1
5073,CPI,P28222,compound,protein,1
5073,CPI,P28566,compound,protein,1
5073,CPI,P47898,compound,protein,1
5073,CPI,O75751,compound,protein,0
5073,CPI,Q59H18,compound,protein,0
5074,CPI,P10635,compound,protein,1
5074,CPI,P18825,compound,protein,1
5074,CPI,P34969,compound,protein,1
5074,CPI,P35367,compound,protein,1
5074,CPI,Q9BQB6,compound,protein,0
5074,CPI,Q9Y243,compound,protein,0
5076,CPI,Q9BY41,compound,protein,0
5078,CPI,Q9P0L2,compound,protein,0
5081,CPI,P14867,compound,protein,1
5081913,CPI,P28482,compound,protein,1
5081913,CPI,P56373,compound,protein,1
5081913,CPI,P35346,compound,protein,0
5083,CPI,Q15078,compound,protein,0
50878566,CPI,P35367,compound,protein,0
5090,CPI,P00352,compound,protein,1
5090,CPI,P20309,compound,protein,1
5090,CPI,Q01959,compound,protein,1
5090,CPI,P27695,compound,protein,0
5090,CPI,P36544,compound,protein,0
5092098,CPI,Q9BPZ7,compound,protein,0
50942,CPI,O00408,compound,protein,1
5095,CPI,P07550,compound,protein,1
5095,CPI,P25021,compound,protein,1
5095,CPI,P25100,compound,protein,1
51001932,CPI,O00459,compound,protein,1
5103,CPI,Q8IW41,compound,protein,1
51039,CPI,Q8TCC7,compound,protein,0
5104,CPI,P02545,compound,protein,1
5104,CPI,P43681,compound,protein,0
51049968,CPI,Q16602,compound,protein,1
5113032,CPI,Q9NXA8,compound,protein,0
512292,CPI,P41595,compound,protein,0
51348735,CPI,O43193,compound,protein,0
51358113,CPI,Q8WTS6,compound,protein,0
51358113,CPI,Q9NUW8,compound,protein,0
51371328,CPI,P78559,compound,protein,1
51371328,CPI,P08588,compound,protein,0
51397657,CPI,P47898,compound,protein,0
51397657,CPI,P45452,compound,protein,0
5143,CPI,P06276,compound,protein,1
5145950,CPI,P10635,compound,protein,1
5145950,CPI,Q16790,compound,protein,0
5152,CPI,P08912,compound,protein,1
5152,CPI,P11229,compound,protein,1
5152,CPI,P28221,compound,protein,1
5152,CPI,P14780,compound,protein,0
5152,CPI,Q9NY46,compound,protein,0
5152,CPI,Q9BX84,compound,protein,0
5154,CPI,P30411,compound,protein,0
5154691,CPI,Q9BZL6,compound,protein,1
5163,CPI,Q16539,compound,protein,0
5166,CPI,P48730,compound,protein,1
5166,CPI,O00418,compound,protein,1
5166,CPI,P52333,compound,protein,1
5166,CPI,Q8N4C8,compound,protein,1
5166,CPI,Q9Y6M4,compound,protein,1
5166,CPI,Q15746,compound,protein,0
5166,CPI,Q99755,compound,protein,0
51683,CPI,P07948,compound,protein,0
5169,CPI,O60285,compound,protein,1
5169,CPI,O95835,compound,protein,1
5169,CPI,P21127,compound,protein,1
5169,CPI,P31749,compound,protein,1
5169,CPI,P36896,compound,protein,1
5169,CPI,P49674,compound,protein,1
5169,CPI,P51451,compound,protein,1
5169,CPI,P78368,compound,protein,1
5169,CPI,Q16832,compound,protein,1
5169,CPI,Q8NFD2,compound,protein,1
5169,CPI,Q9NY57,compound,protein,1
5169,CPI,P14780,compound,protein,0
5169,CPI,O95180,compound,protein,0
5169,CPI,Q9H244,compound,protein,0
5169,CPI,P11021,compound,protein,0
5169,CPI,O00206,compound,protein,0
5169,CPI,Q8IUX4,compound,protein,0
5169,CPI,P52895,compound,protein,0
5169,CPI,Q9UBN7,compound,protein,0
5173,CPI,Q9UBN7,compound,protein,1
5173,CPI,Q9UQL6,compound,protein,1
5184,CPI,P05091,compound,protein,0
5195,CPI,P25103,compound,protein,1
5202,CPI,O95264,compound,protein,1
5202,CPI,P47898,compound,protein,1
5205,CPI,O95264,compound,protein,1
5212,CPI,P16499,compound,protein,1
5212,CPI,P23975,compound,protein,1
5212,CPI,P25021,compound,protein,1
5212,CPI,Q01959,compound,protein,1
5212,CPI,Q13946,compound,protein,1
5215,CPI,P25021,compound,protein,1
5215,CPI,Q9BWU1,compound,protein,0
5215,CPI,P11474,compound,protein,0
5215,CPI,P78334,compound,protein,0
5215,CPI,Q16445,compound,protein,0
5218788,CPI,P10635,compound,protein,0
5225086,CPI,Q02156,compound,protein,1
5236771,CPI,P34969,compound,protein,0
5253,CPI,P08908,compound,protein,1
5253,CPI,Q13153,compound,protein,0
5253,CPI,Q9H4B4,compound,protein,0
5265,CPI,P28222,compound,protein,1
5265,CPI,O00750,compound,protein,0
5265,CPI,P51449,compound,protein,0
5268,CPI,Q8TDU6,compound,protein,0
5277135,CPI,P09668,compound,protein,0
52780,CPI,P10696,compound,protein,1
5280335,CPI,O75496,compound,protein,1
5280343,CPI,P07550,compound,protein,1
5280343,CPI,P07947,compound,protein,1
5280343,CPI,P23280,compound,protein,1
5280343,CPI,Q9HC98,compound,protein,1
5280343,CPI,Q9UBT6,compound,protein,1
5280343,CPI,Q9UNA4,compound,protein,1
5280343,CPI,Q7L5N7,compound,protein,1
5280343,CPI,Q16659,compound,protein,0
5280343,CPI,O14733,compound,protein,0
5280343,CPI,Q9UN88,compound,protein,0
5280360,CPI,P43119,compound,protein,1
5280360,CPI,Q9Y694,compound,protein,1
5280360,CPI,P00533,compound,protein,0
5280360,CPI,P36544,compound,protein,0
5280363,CPI,O15244,compound,protein,1
5280378,CPI,P60568,compound,protein,1
5280436,CPI,P08172,compound,protein,0
5280443,CPI,P22748,compound,protein,1
5280443,CPI,Q99700,compound,protein,1
5280445,CPI,P02545,compound,protein,1
5280445,CPI,P41743,compound,protein,0
5280445,CPI,Q8TCT1,compound,protein,0
5280445,CPI,P18089,compound,protein,0
5280445,CPI,P46098,compound,protein,0
5280450,CPI,P15090,compound,protein,1
5280450,CPI,P25089,compound,protein,0
5280483,CPI,P29317,compound,protein,0
5280567,CPI,P05177,compound,protein,1
5280567,CPI,P18089,compound,protein,0
5280569,CPI,Q13177,compound,protein,0
5280647,CPI,P16050,compound,protein,1
5280704,CPI,P31644,compound,protein,0
5280723,CPI,O15439,compound,protein,1
5280723,CPI,P07550,compound,protein,1
5280723,CPI,Q14164,compound,protein,0
5280804,CPI,O60341,compound,protein,1
5280804,CPI,Q8IVH8,compound,protein,0
5280805,CPI,Q96PF2,compound,protein,0
5280863,CPI,O75914,compound,protein,0
5280934,CPI,P46063,compound,protein,1
5280934,CPI,Q5VT25,compound,protein,0
5280953,CPI,P21397,compound,protein,1
5280953,CPI,P34969,compound,protein,1
5280953,CPI,P49841,compound,protein,1
5280953,CPI,Q99700,compound,protein,1
5280954,CPI,P11229,compound,protein,1
5280954,CPI,P35372,compound,protein,1
5280961,CPI,P00519,compound,protein,1
5280961,CPI,P03372,compound,protein,1
5280961,CPI,P11474,compound,protein,1
5281004,CPI,P32238,compound,protein,1
5281004,CPI,Q92731,compound,protein,1
5281037,CPI,P47898,compound,protein,1
5281037,CPI,O75676,compound,protein,0
5281037,CPI,P28566,compound,protein,0
5281037,CPI,O15197,compound,protein,0
5281051,CPI,P37840,compound,protein,1
5281081,CPI,Q9NUW8,compound,protein,0
5281081,CPI,P10276,compound,protein,0
5281404,CPI,P29317,compound,protein,0
5281437,CPI,Q9NUW8,compound,protein,0
5281607,CPI,P00352,compound,protein,1
5281607,CPI,P00915,compound,protein,1
5281607,CPI,P15121,compound,protein,1
5281614,CPI,Q92793,compound,protein,1
5281614,CPI,Q99714,compound,protein,1
5281643,CPI,P41143,compound,protein,1
5281657,CPI,Q9Y5Y9,compound,protein,0
5281670,CPI,P05067,compound,protein,1
5281670,CPI,P39748,compound,protein,1
5281670,CPI,Q9C0B1,compound,protein,1
5281672,CPI,P11309,compound,protein,1
5281672,CPI,Q9NR56,compound,protein,1
5281672,CPI,Q9NUW8,compound,protein,1
5281672,CPI,Q99250,compound,protein,0
5281672,CPI,P31152,compound,protein,0
5281672,CPI,P11474,compound,protein,0
5281672,CPI,Q9Y2I1,compound,protein,0
5281691,CPI,P15121,compound,protein,1
5281691,CPI,O00591,compound,protein,0
5281708,CPI,Q9NWZ3,compound,protein,0
5281718,CPI,Q15842,compound,protein,0
5281727,CPI,P55789,compound,protein,1
5281727,CPI,P11712,compound,protein,0
5281787,CPI,O75496,compound,protein,1
5281787,CPI,Q96KQ7,compound,protein,1
5281787,CPI,P07947,compound,protein,0
5281787,CPI,P18507,compound,protein,0
5281787,CPI,Q9UPZ9,compound,protein,0
5281792,CPI,Q9NUW8,compound,protein,1
5281792,CPI,P25021,compound,protein,0
5281847,CPI,O00418,compound,protein,1
5281855,CPI,P00915,compound,protein,1
5281855,CPI,P04626,compound,protein,1
5281855,CPI,P18031,compound,protein,1
5281855,CPI,P35218,compound,protein,1
5281855,CPI,Q9UNA4,compound,protein,1
5281855,CPI,P29275,compound,protein,0
5281855,CPI,P06401,compound,protein,0
5281855,CPI,Q9H422,compound,protein,0
5281855,CPI,Q52WX2,compound,protein,0
5281881,CPI,P21917,compound,protein,1
5281881,CPI,Q16445,compound,protein,0
5281884,CPI,Q99808,compound,protein,0
5281912,CPI,P35462,compound,protein,0
5282060,CPI,Q15759,compound,protein,0
5282073,CPI,P15428,compound,protein,1
5282136,CPI,P11229,compound,protein,1
5282136,CPI,Q9Y5N1,compound,protein,1
5282136,CPI,O94782,compound,protein,0
5282181,CPI,O75365,compound,protein,0
5282272,CPI,P34969,compound,protein,0
5282272,CPI,P03372,compound,protein,0
5282367,CPI,P36897,compound,protein,0
5282375,CPI,P48443,compound,protein,1
5282375,CPI,P03372,compound,protein,1
5282375,CPI,P07550,compound,protein,1
5282375,CPI,P30556,compound,protein,1
5282375,CPI,O43353,compound,protein,0
5282375,CPI,Q13555,compound,protein,0
5282375,CPI,Q9UF33,compound,protein,0
5282375,CPI,P04035,compound,protein,0
5282443,CPI,P21731,compound,protein,1
5282443,CPI,Q96GD4,compound,protein,0
5282451,CPI,O96017,compound,protein,0
5282452,CPI,O75469,compound,protein,1
5282452,CPI,P08908,compound,protein,1
5282452,CPI,P21554,compound,protein,1
5282452,CPI,O00238,compound,protein,0
5282593,CPI,P38398,compound,protein,0
5283344,CPI,O43283,compound,protein,0
5283387,CPI,Q16665,compound,protein,0
5283389,CPI,P14618,compound,protein,0
5283734,CPI,P54803,compound,protein,0
5283734,CPI,O75385,compound,protein,0
5284513,CPI,P08913,compound,protein,1
5284513,CPI,P25021,compound,protein,1
5284513,CPI,P29376,compound,protein,0
5284549,CPI,Q08493,compound,protein,0
5284550,CPI,Q6PHR2,compound,protein,0
5284550,CPI,P11511,compound,protein,0
5284550,CPI,P42345,compound,protein,0
5284590,CPI,P07949,compound,protein,0
5284616,CPI,P08183,compound,protein,1
5284616,CPI,P11229,compound,protein,1
5284627,CPI,P08172,compound,protein,1
5284627,CPI,P25103,compound,protein,1
5284627,CPI,Q13003,compound,protein,1
5284627,CPI,Q9BUB5,compound,protein,0
5284627,CPI,Q9NUW8,compound,protein,0
5284639,CPI,P32238,compound,protein,0
5287969,CPI,O00506,compound,protein,1
5287969,CPI,O94806,compound,protein,1
5287969,CPI,P29323,compound,protein,1
5287969,CPI,Q07912,compound,protein,1
5287969,CPI,Q08345,compound,protein,1
5287969,CPI,Q13464,compound,protein,1
5287969,CPI,Q8N568,compound,protein,1
5287969,CPI,Q96GD4,compound,protein,1
5287969,CPI,Q99759,compound,protein,1
5287969,CPI,Q9NQU5,compound,protein,1
5287969,CPI,Q9NYY3,compound,protein,1
5287969,CPI,Q9Y2U5,compound,protein,1
5287969,CPI,P43119,compound,protein,0
5287969,CPI,P25929,compound,protein,0
5287969,CPI,P27986,compound,protein,0
5287969,CPI,Q13526,compound,protein,0
5287969,CPI,P32238,compound,protein,0
5287969,CPI,O95271,compound,protein,0
5287969,CPI,Q13936,compound,protein,0
5287969,CPI,P28702,compound,protein,0
5287969,CPI,Q8IXJ6,compound,protein,0
5287969,CPI,P05121,compound,protein,0
5287969,CPI,P12821,compound,protein,0
5287969,CPI,Q92769,compound,protein,0
5287969,CPI,P08588,compound,protein,0
5287969,CPI,P21589,compound,protein,0
5287969,CPI,Q8N1Q1,compound,protein,0
5287969,CPI,Q08493,compound,protein,0
5287969,CPI,Q9HCR9,compound,protein,0
5287969,CPI,O15379,compound,protein,0
5287969,CPI,Q00975,compound,protein,0
5288149,CPI,P08173,compound,protein,0
5288209,CPI,Q13233,compound,protein,0
5288320,CPI,P57058,compound,protein,0
5288320,CPI,P08913,compound,protein,0
5288382,CPI,Q13639,compound,protein,0
5289501,CPI,P28702,compound,protein,1
52897293,CPI,P25929,compound,protein,0
52897293,CPI,P36544,compound,protein,0
5291,CPI,O14733,compound,protein,1
5291,CPI,O15146,compound,protein,1
5291,CPI,P06493,compound,protein,1
5291,CPI,P32298,compound,protein,1
5291,CPI,Q13043,compound,protein,1
5291,CPI,Q13554,compound,protein,1
5291,CPI,Q13627,compound,protein,1
5291,CPI,Q14289,compound,protein,1
5291,CPI,Q15418,compound,protein,1
5291,CPI,Q5S007,compound,protein,1
5291,CPI,Q96BR1,compound,protein,1
5291,CPI,Q9NRM7,compound,protein,1
5291,CPI,Q9NSY1,compound,protein,1
5291,CPI,Q9Y6E0,compound,protein,1
5291,CPI,P23415,compound,protein,0
5291,CPI,P35368,compound,protein,0
5291,CPI,P10632,compound,protein,0
5291,CPI,P11229,compound,protein,0
5291,CPI,P28074,compound,protein,0
5291,CPI,Q9P0X4,compound,protein,0
5291,CPI,P07711,compound,protein,0
5291,CPI,P46663,compound,protein,0
5291,CPI,P36544,compound,protein,0
5291,CPI,P54750,compound,protein,0
5291,CPI,O60563,compound,protein,0
5291,CPI,P42574,compound,protein,0
5291,CPI,P49327,compound,protein,0
5291,CPI,Q13698,compound,protein,0
5293655,CPI,P78334,compound,protein,0
5300,CPI,P22830,compound,protein,0
5309153,CPI,Q99500,compound,protein,1
5310786,CPI,Q16665,compound,protein,0
5310966,CPI,O95271,compound,protein,0
5311,CPI,P28223,compound,protein,1
5311,CPI,P56524,compound,protein,1
5311,CPI,Q92769,compound,protein,1
5311046,CPI,P11362,compound,protein,0
5311067,CPI,P62508,compound,protein,1
5311097,CPI,Q9NR96,compound,protein,0
5311097,CPI,Q9UKI8,compound,protein,0
5311181,CPI,Q08499,compound,protein,1
5311211,CPI,P49798,compound,protein,1
5311211,CPI,Q9UBT6,compound,protein,1
5311211,CPI,P11229,compound,protein,0
5311217,CPI,Q9UBT6,compound,protein,1
5311217,CPI,P55210,compound,protein,0
5311221,CPI,P07437,compound,protein,0
5311257,CPI,P08684,compound,protein,1
5311309,CPI,Q9BZL6,compound,protein,0
5311380,CPI,Q15120,compound,protein,1
5311412,CPI,O75874,compound,protein,1
5311412,CPI,P04150,compound,protein,1
5311412,CPI,P21554,compound,protein,1
5311412,CPI,P30411,compound,protein,1
5311412,CPI,P35367,compound,protein,1
5311412,CPI,P41595,compound,protein,1
5311412,CPI,Q9BWU1,compound,protein,0
5311412,CPI,P07948,compound,protein,0
5311424,CPI,P11021,compound,protein,0
5311451,CPI,P10635,compound,protein,0
5311454,CPI,P21554,compound,protein,0
5311493,CPI,P21731,compound,protein,1
5311493,CPI,Q96GD4,compound,protein,0
5311507,CPI,P08588,compound,protein,1
5311507,CPI,P25021,compound,protein,1
5311507,CPI,P30411,compound,protein,1
5311507,CPI,Q96KQ7,compound,protein,1
5311507,CPI,P42574,compound,protein,0
5311507,CPI,P54760,compound,protein,0
5311510,CPI,P11274,compound,protein,1
5312114,CPI,Q9NUW8,compound,protein,0
5312137,CPI,P43351,compound,protein,0
5312137,CPI,Q2M2I8,compound,protein,0
5314,CPI,P35368,compound,protein,0
5317221,CPI,Q14457,compound,protein,1
5317750,CPI,Q14191,compound,protein,0
5318,CPI,P08913,compound,protein,1
5318386,CPI,P08172,compound,protein,1
5318433,CPI,P28845,compound,protein,0
5318997,CPI,Q6ZN16,compound,protein,0
5318998,CPI,P08684,compound,protein,1
5320,CPI,P08172,compound,protein,1
5320,CPI,Q16637,compound,protein,1
5320,CPI,P32239,compound,protein,0
5320,CPI,P04629,compound,protein,0
5320346,CPI,P04083,compound,protein,1
5320716,CPI,P10275,compound,protein,1
53232,CPI,P53350,compound,protein,0
53235510,CPI,P29597,compound,protein,1
53235510,CPI,P42345,compound,protein,1
53235510,CPI,Q05397,compound,protein,1
53235510,CPI,P35499,compound,protein,0
53235510,CPI,Q9H422,compound,protein,0
5323714,CPI,O75469,compound,protein,1
5323714,CPI,P04150,compound,protein,1
5323714,CPI,Q99683,compound,protein,0
5323714,CPI,Q9HC16,compound,protein,0
5323714,CPI,Q96PY6,compound,protein,0
53239854,CPI,P17252,compound,protein,0
53239854,CPI,P16083,compound,protein,0
53239990,CPI,Q5BJF2,compound,protein,0
53240420,CPI,O15151,compound,protein,1
5324346,CPI,P06401,compound,protein,1
5324346,CPI,P21397,compound,protein,1
5324346,CPI,P32238,compound,protein,1
5324346,CPI,Q01959,compound,protein,1
5324346,CPI,Q16539,compound,protein,0
5325,CPI,P08588,compound,protein,1
5325,CPI,P31645,compound,protein,1
5325,CPI,Q9UIK4,compound,protein,0
5325,CPI,P42338,compound,protein,0
5327,CPI,P03372,compound,protein,1
5327,CPI,P43681,compound,protein,1
5327,CPI,Q92769,compound,protein,0
5327,CPI,P42685,compound,protein,0
5327,CPI,P05771,compound,protein,0
53276,CPI,Q9UPE1,compound,protein,0
53276,CPI,P25024,compound,protein,0
5328,CPI,P35354,compound,protein,1
5328,CPI,P41597,compound,protein,0
5328760,CPI,P04150,compound,protein,0
5328760,CPI,P16152,compound,protein,0
5328768,CPI,Q9NUW8,compound,protein,1
5328769,CPI,Q96KQ7,compound,protein,1
5328771,CPI,P36507,compound,protein,0
5328771,CPI,P08235,compound,protein,0
5328807,CPI,P11362,compound,protein,1
5328807,CPI,P35968,compound,protein,1
5328940,CPI,O14976,compound,protein,1
5328940,CPI,P28335,compound,protein,1
5328940,CPI,P29317,compound,protein,1
5328940,CPI,P31645,compound,protein,1
5328940,CPI,P31751,compound,protein,1
5328940,CPI,P34969,compound,protein,1
5328940,CPI,P49841,compound,protein,1
5328940,CPI,P50406,compound,protein,1
5328940,CPI,P54764,compound,protein,1
5328940,CPI,Q08345,compound,protein,1
5328940,CPI,Q13557,compound,protein,1
5328940,CPI,Q13976,compound,protein,1
5328940,CPI,Q14012,compound,protein,1
5328940,CPI,Q16659,compound,protein,1
5328940,CPI,Q5S007,compound,protein,1
5328940,CPI,Q5VT25,compound,protein,1
5328940,CPI,Q8IU85,compound,protein,1
5328940,CPI,Q92772,compound,protein,1
5328940,CPI,Q9UQM7,compound,protein,1
5328940,CPI,Q9P0X4,compound,protein,0
5328940,CPI,Q99928,compound,protein,0
5328940,CPI,Q13547,compound,protein,0
5328940,CPI,P10826,compound,protein,0
5328940,CPI,O15554,compound,protein,0
5328940,CPI,Q01064,compound,protein,0
5328940,CPI,P28472,compound,protein,0
5328940,CPI,P06276,compound,protein,0
5328940,CPI,Q16790,compound,protein,0
5328940,CPI,P30305,compound,protein,0
5328940,CPI,Q08289,compound,protein,0
5328940,CPI,P14780,compound,protein,0
5328940,CPI,Q8N1C3,compound,protein,0
5328940,CPI,O60218,compound,protein,0
5328940,CPI,P11712,compound,protein,0
5328940,CPI,P08253,compound,protein,0
5328940,CPI,Q12791,compound,protein,0
5328940,CPI,P07451,compound,protein,0
5329,CPI,P20309,compound,protein,1
5329006,CPI,Q02880,compound,protein,0
5329098,CPI,P35916,compound,protein,1
5329098,CPI,Q13224,compound,protein,0
5329102,CPI,O14578,compound,protein,1
5329102,CPI,O15111,compound,protein,1
5329102,CPI,P0C264,compound,protein,1
5329102,CPI,P22303,compound,protein,1
5329102,CPI,P48736,compound,protein,1
5329102,CPI,P49674,compound,protein,1
5329102,CPI,P49761,compound,protein,1
5329102,CPI,Q14680,compound,protein,1
5329102,CPI,Q16539,compound,protein,1
5329102,CPI,Q8IVH8,compound,protein,1
5329102,CPI,Q8IWQ3,compound,protein,1
5329102,CPI,Q8TBX8,compound,protein,1
5329102,CPI,Q9H093,compound,protein,1
5329102,CPI,Q9P1W9,compound,protein,1
5329102,CPI,Q9Y243,compound,protein,1
5329102,CPI,Q9Y4K4,compound,protein,1
5329102,CPI,Q13285,compound,protein,0
5329102,CPI,Q9HBY8,compound,protein,0
5329102,CPI,P28566,compound,protein,0
5329102,CPI,P40225,compound,protein,0
5329102,CPI,Q00975,compound,protein,0
5329102,CPI,P38398,compound,protein,0
5329102,CPI,P08684,compound,protein,0
5329102,CPI,P24530,compound,protein,0
5329102,CPI,P10636,compound,protein,0
5329103,CPI,P43220,compound,protein,0
5329255,CPI,Q9BRS2,compound,protein,0
5329775,CPI,Q92731,compound,protein,0
5330,CPI,P08908,compound,protein,1
5330,CPI,P41145,compound,protein,1
5330,CPI,Q13133,compound,protein,0
5330286,CPI,P07550,compound,protein,1
5330286,CPI,P08581,compound,protein,1
5330286,CPI,P27815,compound,protein,1
5330286,CPI,P35968,compound,protein,1
5330286,CPI,Q02750,compound,protein,1
5330286,CPI,Q9BVS4,compound,protein,0
5330286,CPI,P14902,compound,protein,0
5330286,CPI,Q86V86,compound,protein,0
5330790,CPI,O94806,compound,protein,1
5330790,CPI,P36507,compound,protein,1
5330790,CPI,P51812,compound,protein,1
5330790,CPI,P52333,compound,protein,1
5330790,CPI,P54762,compound,protein,1
5330790,CPI,Q07912,compound,protein,1
5330790,CPI,Q13705,compound,protein,1
5330790,CPI,Q14680,compound,protein,1
5330790,CPI,Q5VT25,compound,protein,1
5330790,CPI,Q8NEV4,compound,protein,1
5330790,CPI,P48039,compound,protein,0
5330790,CPI,P11474,compound,protein,0
5330790,CPI,O14733,compound,protein,0
5330790,CPI,Q9UQL6,compound,protein,0
53315104,CPI,Q9UPE1,compound,protein,0
53315878,CPI,Q9NQR1,compound,protein,1
53315878,CPI,Q4FZB7,compound,protein,1
53315878,CPI,O43193,compound,protein,0
53315882,CPI,Q9H9B1,compound,protein,1
5334,CPI,Q9NUW8,compound,protein,1
53340666,CPI,Q9UKV0,compound,protein,1
53359,CPI,Q9UBL9,compound,protein,0
5336,CPI,P21554,compound,protein,1
5336,CPI,O14757,compound,protein,0
5337366,CPI,O94782,compound,protein,1
5338,CPI,Q9Y6R4,compound,protein,0
53382703,CPI,Q9Y4K4,compound,protein,0
53382764,CPI,Q13188,compound,protein,0
53389,CPI,P14416,compound,protein,1
53389,CPI,Q7KZI7,compound,protein,0
5339,CPI,O15111,compound,protein,1
53394010,CPI,Q14004,compound,protein,0
53398658,CPI,Q02790,compound,protein,1
5340,CPI,P20309,compound,protein,1
5340,CPI,P35367,compound,protein,1
5340,CPI,P41145,compound,protein,1
5342,CPI,P04150,compound,protein,1
5342,CPI,P34903,compound,protein,0
5344,CPI,P11229,compound,protein,1
5344,CPI,Q04759,compound,protein,0
5346285,CPI,P04150,compound,protein,0
53484654,CPI,P00439,compound,protein,1
5352,CPI,P27361,compound,protein,1
5352,CPI,Q9Y5Y4,compound,protein,1
5352,CPI,O14684,compound,protein,1
5352,CPI,P23975,compound,protein,1
5352,CPI,P30542,compound,protein,1
5352,CPI,P46098,compound,protein,1
5352,CPI,P28222,compound,protein,0
5352062,CPI,Q8WUI4,compound,protein,1
5352062,CPI,Q6XQN6,compound,protein,0
5352624,CPI,Q96GD4,compound,protein,0
5352624,CPI,P04278,compound,protein,0
5353432,CPI,P46063,compound,protein,0
5353464,CPI,O95382,compound,protein,0
5353609,CPI,Q86VL8,compound,protein,0
5353623,CPI,Q9H2K8,compound,protein,0
5353685,CPI,P06746,compound,protein,1
5353685,CPI,P16473,compound,protein,1
5353685,CPI,Q9Y468,compound,protein,1
5353685,CPI,Q8WU08,compound,protein,0
5353760,CPI,P49798,compound,protein,1
5353760,CPI,Q00534,compound,protein,0
5353853,CPI,P11712,compound,protein,1
5353853,CPI,Q12809,compound,protein,1
5353853,CPI,P18054,compound,protein,0
5354,CPI,Q86UX6,compound,protein,0
5354,CPI,Q15303,compound,protein,0
53555,CPI,P46098,compound,protein,0
53555,CPI,O43570,compound,protein,0
5356121,CPI,Q9Y6M4,compound,protein,0
5356121,CPI,P28223,compound,protein,0
5358,CPI,Q16644,compound,protein,0
5360515,CPI,Q99720,compound,protein,1
5360696,CPI,P10635,compound,protein,1
5360696,CPI,P11229,compound,protein,1
5361,CPI,Q99549,compound,protein,1
5361,CPI,Q9Y251,compound,protein,1
5361,CPI,Q9BZL6,compound,protein,0
5361,CPI,P37231,compound,protein,0
5361092,CPI,Q8IXJ6,compound,protein,0
5361202,CPI,P16473,compound,protein,1
5362116,CPI,P05177,compound,protein,0
5362119,CPI,P11229,compound,protein,1
5362119,CPI,P35367,compound,protein,1
5362119,CPI,P07332,compound,protein,0
5362124,CPI,P08588,compound,protein,1
5362124,CPI,O14733,compound,protein,0
5362129,CPI,Q96QE3,compound,protein,0
5362422,CPI,P23443,compound,protein,0
5362422,CPI,P11474,compound,protein,0
5362422,CPI,Q9NRM7,compound,protein,0
5362440,CPI,P28223,compound,protein,0
5368,CPI,P26358,compound,protein,0
53708,CPI,P08172,compound,protein,1
53708,CPI,P08908,compound,protein,1
53708,CPI,Q96BR1,compound,protein,0
53708,CPI,P78362,compound,protein,0
53708,CPI,Q16566,compound,protein,0
53729257,CPI,Q92630,compound,protein,0
53734236,CPI,P35462,compound,protein,1
53734236,CPI,P41968,compound,protein,0
5374,CPI,P38398,compound,protein,0
5374464,CPI,Q14164,compound,protein,0
5379,CPI,P06401,compound,protein,1
5379,CPI,P0DMS8,compound,protein,1
5379,CPI,O15075,compound,protein,0
5381,CPI,O43193,compound,protein,1
5381,CPI,P08172,compound,protein,1
5381,CPI,P10826,compound,protein,1
5381,CPI,Q9NPD5,compound,protein,0
5381,CPI,P02545,compound,protein,0
5387,CPI,P12931,compound,protein,0
5388962,CPI,P21397,compound,protein,1
5388962,CPI,P50750,compound,protein,0
5391,CPI,P24557,compound,protein,0
5400,CPI,P43220,compound,protein,0
5401,CPI,P00734,compound,protein,1
5401,CPI,P08913,compound,protein,1
5401,CPI,P43681,compound,protein,1
5401,CPI,Q8NEV4,compound,protein,0
5405,CPI,P08913,compound,protein,1
5405,CPI,P21397,compound,protein,1
5405,CPI,P51956,compound,protein,0
5405,CPI,O43353,compound,protein,0
5408,CPI,P43115,compound,protein,0
5411,CPI,Q13188,compound,protein,0
5417,CPI,P39748,compound,protein,0
5426,CPI,P37288,compound,protein,1
5426,CPI,P41145,compound,protein,1
5426,CPI,Q86V86,compound,protein,0
5429,CPI,Q9Y3Q4,compound,protein,0
5429,CPI,P0C1S8,compound,protein,0
5436,CPI,Q13882,compound,protein,0
54367,CPI,P28335,compound,protein,1
54367,CPI,Q8NER1,compound,protein,0
54416523,CPI,P08588,compound,protein,0
54416523,CPI,P53778,compound,protein,0
54445,CPI,P14735,compound,protein,0
54454,CPI,P02545,compound,protein,0
54454,CPI,O94768,compound,protein,0
54456,CPI,P14416,compound,protein,1
5450,CPI,O15296,compound,protein,1
5450,CPI,P43351,compound,protein,0
5452,CPI,P43681,compound,protein,1
5452,CPI,P0C1S8,compound,protein,0
5453,CPI,P20813,compound,protein,1
5453,CPI,P31645,compound,protein,1
5455,CPI,P11473,compound,protein,1
5455,CPI,Q6W5P4,compound,protein,1
5456,CPI,O75604,compound,protein,1
54562,CPI,Q8NI60,compound,protein,0
54575046,CPI,P35368,compound,protein,0
5458656,CPI,Q8NFD2,compound,protein,0
5460339,CPI,P07550,compound,protein,1
54617784,CPI,Q06418,compound,protein,0
54618067,CPI,Q06710,compound,protein,1
54618307,CPI,P45985,compound,protein,0
54618330,CPI,Q06710,compound,protein,1
54618762,CPI,O14730,compound,protein,0
54618771,CPI,P21731,compound,protein,0
54618795,CPI,P21917,compound,protein,0
54618795,CPI,O75469,compound,protein,0
54618864,CPI,P49137,compound,protein,0
54618876,CPI,Q06710,compound,protein,1
54618940,CPI,Q96NX5,compound,protein,0
54618968,CPI,O75469,compound,protein,0
5462501,CPI,Q16832,compound,protein,0
54645987,CPI,O43293,compound,protein,0
54646515,CPI,Q6W5P4,compound,protein,0
54646688,CPI,P16499,compound,protein,0
54650077,CPI,Q06710,compound,protein,1
54651469,CPI,Q15208,compound,protein,0
54651469,CPI,P68400,compound,protein,0
54660729,CPI,P10145,compound,protein,0
54661292,CPI,Q9UM73,compound,protein,0
54664831,CPI,O00418,compound,protein,0
54664857,CPI,Q6ZN16,compound,protein,0
54664871,CPI,Q9BUB5,compound,protein,0
54675769,CPI,P35590,compound,protein,0
54676038,CPI,Q08499,compound,protein,1
54676038,CPI,P42681,compound,protein,0
54676478,CPI,P08069,compound,protein,0
54676535,CPI,O00329,compound,protein,0
54676537,CPI,P30518,compound,protein,1
54676537,CPI,P19525,compound,protein,0
54676537,CPI,Q96SB4,compound,protein,0
54678486,CPI,P25103,compound,protein,1
5468,CPI,P08588,compound,protein,1
5468,CPI,P20815,compound,protein,0
5468,CPI,O60674,compound,protein,0
54680692,CPI,Q05655,compound,protein,0
5468216,CPI,P11166,compound,protein,0
5469318,CPI,P02545,compound,protein,1
5472,CPI,Q8TDS4,compound,protein,1
54746,CPI,P08913,compound,protein,1
54746,CPI,O43283,compound,protein,0
54746,CPI,O14757,compound,protein,0
5475586,CPI,Q99549,compound,protein,0
5478883,CPI,P0DJD9,compound,protein,1
5479,CPI,Q13233,compound,protein,0
5479,CPI,Q9HBY8,compound,protein,0
5482,CPI,Q16850,compound,protein,1
5482,CPI,P25024,compound,protein,0
5482,CPI,Q92630,compound,protein,0
5482874,CPI,P06401,compound,protein,0
54841,CPI,P23975,compound,protein,1
5487,CPI,P25103,compound,protein,1
5487,CPI,Q9UBN7,compound,protein,0
5488548,CPI,Q14524,compound,protein,0
54892,CPI,P14416,compound,protein,1
54892,CPI,P35462,compound,protein,1
54897,CPI,P08172,compound,protein,1
54897,CPI,P08173,compound,protein,1
54897,CPI,Q8N568,compound,protein,0
54897,CPI,P51817,compound,protein,0
5494449,CPI,O14965,compound,protein,1
5494449,CPI,O15075,compound,protein,1
5494449,CPI,O15146,compound,protein,1
5494449,CPI,O94806,compound,protein,1
5494449,CPI,P05129,compound,protein,1
5494449,CPI,P0C264,compound,protein,1
5494449,CPI,P16591,compound,protein,1
5494449,CPI,P19525,compound,protein,1
5494449,CPI,P42679,compound,protein,1
5494449,CPI,P48736,compound,protein,1
5494449,CPI,Q09013,compound,protein,1
5494449,CPI,Q13177,compound,protein,1
5494449,CPI,Q13470,compound,protein,1
5494449,CPI,Q14289,compound,protein,1
5494449,CPI,Q15208,compound,protein,1
5494449,CPI,Q15831,compound,protein,1
5494449,CPI,Q6XUX3,compound,protein,1
5494449,CPI,Q96GD4,compound,protein,1
5494449,CPI,Q9BX84,compound,protein,1
5494449,CPI,Q9Y5S2,compound,protein,1
5494449,CPI,Q02641,compound,protein,0
5494449,CPI,P47870,compound,protein,0
5494449,CPI,P05177,compound,protein,0
5494449,CPI,P39748,compound,protein,0
5494449,CPI,O15554,compound,protein,0
5494449,CPI,P11473,compound,protein,0
5494449,CPI,Q13698,compound,protein,0
5494449,CPI,P02545,compound,protein,0
5494449,CPI,P20813,compound,protein,0
5494449,CPI,P10276,compound,protein,0
5494449,CPI,P08684,compound,protein,0
5494449,CPI,Q12791,compound,protein,0
5494449,CPI,P08235,compound,protein,0
5503,CPI,P18054,compound,protein,1
5503,CPI,P21397,compound,protein,1
5503,CPI,P41145,compound,protein,1
5503,CPI,Q99808,compound,protein,1
5504,CPI,P18825,compound,protein,1
5505,CPI,Q9NYY3,compound,protein,0
5510,CPI,P08908,compound,protein,1
5510,CPI,P30411,compound,protein,1
5510,CPI,P32245,compound,protein,1
551033,CPI,O95398,compound,protein,0
5511,CPI,Q08257,compound,protein,0
5511,CPI,O75496,compound,protein,0
55245,CPI,P08235,compound,protein,1
55245,CPI,P08908,compound,protein,1
55245,CPI,P41145,compound,protein,1
55245,CPI,P16499,compound,protein,0
55245,CPI,P25103,compound,protein,0
5526,CPI,P08172,compound,protein,1
5526,CPI,P37288,compound,protein,1
5526,CPI,Q13882,compound,protein,0
5526,CPI,Q09013,compound,protein,0
5531,CPI,Q13946,compound,protein,1
5531,CPI,Q14123,compound,protein,1
5533,CPI,P18825,compound,protein,1
5538,CPI,P29762,compound,protein,1
5546,CPI,P08912,compound,protein,1
5546,CPI,P21917,compound,protein,1
5546,CPI,P51170,compound,protein,1
5546,CPI,P40763,compound,protein,0
5546,CPI,P05067,compound,protein,0
5564,CPI,P07900,compound,protein,1
5566,CPI,P18089,compound,protein,1
5566,CPI,P21917,compound,protein,1
5566,CPI,Q9Y6R4,compound,protein,0
5566,CPI,Q9HBY8,compound,protein,0
5566,CPI,Q9H2G2,compound,protein,0
5566,CPI,Q9BVS4,compound,protein,0
5566,CPI,P05067,compound,protein,0
5568,CPI,P14416,compound,protein,1
5568,CPI,Q12809,compound,protein,1
5568,CPI,P07550,compound,protein,0
5573,CPI,P08172,compound,protein,1
5573,CPI,P35372,compound,protein,1
5573,CPI,P28074,compound,protein,0
5573,CPI,P84022,compound,protein,0
5573,CPI,P42680,compound,protein,0
5573,CPI,Q9NRM7,compound,protein,0
5576,CPI,P07550,compound,protein,1
5576,CPI,P14416,compound,protein,1
5578,CPI,Q06418,compound,protein,0
5584,CPI,P18089,compound,protein,1
5584,CPI,P35367,compound,protein,1
5584,CPI,Q12809,compound,protein,1
5584,CPI,P51151,compound,protein,0
5585,CPI,P07550,compound,protein,1
5585,CPI,P32245,compound,protein,1
5585,CPI,P11021,compound,protein,0
5585,CPI,P10636,compound,protein,0
5587,CPI,P08172,compound,protein,1
5587,CPI,O15118,compound,protein,0
5591,CPI,O60488,compound,protein,1
5591,CPI,P04150,compound,protein,1
5591,CPI,P11229,compound,protein,1
5591,CPI,Q08499,compound,protein,1
5591,CPI,Q96RI1,compound,protein,1
5593,CPI,P13569,compound,protein,0
5595,CPI,P39748,compound,protein,0
5614,CPI,P19784,compound,protein,0
5614,CPI,Q09013,compound,protein,0
5614,CPI,Q9ULX7,compound,protein,0
5626,CPI,P28482,compound,protein,1
564,CPI,P04150,compound,protein,1
564,CPI,P0DMS8,compound,protein,1
564,CPI,P30542,compound,protein,1
564,CPI,P41145,compound,protein,1
564,CPI,Q92847,compound,protein,1
5650,CPI,Q9UPZ9,compound,protein,0
5656,CPI,P18089,compound,protein,1
56599293,CPI,P08908,compound,protein,0
56645356,CPI,Q07912,compound,protein,0
56649450,CPI,P48736,compound,protein,1
56649450,CPI,Q96KQ7,compound,protein,0
5665,CPI,P21397,compound,protein,1
5665,CPI,P28223,compound,protein,1
5665,CPI,P41968,compound,protein,1
5665,CPI,P43681,compound,protein,1
5665,CPI,P78356,compound,protein,0
5665,CPI,P08173,compound,protein,0
5665,CPI,Q96RI1,compound,protein,0
56655374,CPI,O75496,compound,protein,0
5666,CPI,P08908,compound,protein,1
5666,CPI,P31645,compound,protein,1
5666,CPI,O75747,compound,protein,0
56719,CPI,O60563,compound,protein,0
5684,CPI,P14416,compound,protein,1
56846693,CPI,P07333,compound,protein,1
56846693,CPI,Q9H4B4,compound,protein,0
5685,CPI,P08913,compound,protein,1
56949517,CPI,P48736,compound,protein,1
56949517,CPI,P35372,compound,protein,0
56956240,CPI,P35354,compound,protein,0
56959,CPI,Q01668,compound,protein,1
56959,CPI,Q9UI33,compound,protein,1
56959,CPI,Q92731,compound,protein,0
56971,CPI,P35462,compound,protein,1
56971,CPI,Q12851,compound,protein,0
56973724,CPI,P33981,compound,protein,1
56973724,CPI,Q05209,compound,protein,0
57007282,CPI,P51957,compound,protein,0
5702015,CPI,P34969,compound,protein,1
5702015,CPI,P08912,compound,protein,0
5702035,CPI,P28221,compound,protein,0
5702068,CPI,P54803,compound,protein,1
5702069,CPI,Q99714,compound,protein,0
5702080,CPI,Q13555,compound,protein,0
5702081,CPI,Q16644,compound,protein,0
5702085,CPI,Q15569,compound,protein,0
5702095,CPI,P06401,compound,protein,1
5702095,CPI,Q92769,compound,protein,0
5702108,CPI,P08588,compound,protein,0
5702124,CPI,P27338,compound,protein,1
5702124,CPI,P08684,compound,protein,0
5702125,CPI,P04150,compound,protein,1
5702127,CPI,Q00975,compound,protein,0
5702135,CPI,P04626,compound,protein,0
5702140,CPI,P28335,compound,protein,1
5702164,CPI,P62829,compound,protein,1
5702210,CPI,P05121,compound,protein,1
5702265,CPI,Q9NPA1,compound,protein,1
5702266,CPI,P62508,compound,protein,1
5702266,CPI,P07948,compound,protein,0
5703330,CPI,Q13163,compound,protein,0
5709,CPI,Q96KQ7,compound,protein,1
5709,CPI,O75460,compound,protein,0
5711,CPI,P29376,compound,protein,1
5711,CPI,P48729,compound,protein,1
5711,CPI,Q16513,compound,protein,1
5711,CPI,Q96RG2,compound,protein,1
5711,CPI,P29274,compound,protein,0
5711,CPI,Q9UKE5,compound,protein,0
5711,CPI,O75164,compound,protein,0
5711,CPI,P13569,compound,protein,0
5711,CPI,P37288,compound,protein,0
5712,CPI,Q16637,compound,protein,1
5717,CPI,P41968,compound,protein,1
5717,CPI,P48729,compound,protein,0
5717,CPI,Q9NZ45,compound,protein,0
5717,CPI,P07947,compound,protein,0
5719,CPI,O75914,compound,protein,0
5720,CPI,O14936,compound,protein,0
5722,CPI,Q9HC97,compound,protein,1
5726,CPI,P41595,compound,protein,0
57267,CPI,P49146,compound,protein,0
57335384,CPI,Q00975,compound,protein,0
57335384,CPI,Q08289,compound,protein,0
57336812,CPI,Q8NFD2,compound,protein,0
57339144,CPI,P08172,compound,protein,1
5734,CPI,O75469,compound,protein,1
5734,CPI,P14867,compound,protein,1
5734,CPI,P18089,compound,protein,1
5734,CPI,Q14524,compound,protein,1
57340680,CPI,P14618,compound,protein,0
5735,CPI,P46098,compound,protein,1
5735,CPI,P19838,compound,protein,0
57363,CPI,P28335,compound,protein,1
57363,CPI,Q96KQ7,compound,protein,1
57363,CPI,P20813,compound,protein,0
57363,CPI,Q86V86,compound,protein,0
57364,CPI,Q8IVH8,compound,protein,0
57379345,CPI,P24941,compound,protein,1
57379345,CPI,Q96RR4,compound,protein,1
57379345,CPI,P10415,compound,protein,0
57390074,CPI,P08235,compound,protein,0
5742673,CPI,P53779,compound,protein,0
57469,CPI,P54756,compound,protein,0
5748555,CPI,Q12851,compound,protein,0
5753,CPI,P08185,compound,protein,1
5753,CPI,P28223,compound,protein,0
5756371,CPI,Q06710,compound,protein,1
5757,CPI,O14965,compound,protein,0
5757,CPI,P15428,compound,protein,0
5757,CPI,Q15746,compound,protein,0
5770,CPI,P06401,compound,protein,1
5770,CPI,P07550,compound,protein,1
5770,CPI,Q12809,compound,protein,1
5770,CPI,Q9NUW8,compound,protein,1
5770,CPI,O75747,compound,protein,0
5770,CPI,Q00526,compound,protein,0
5775,CPI,P41595,compound,protein,1
5775,CPI,P19784,compound,protein,0
57946,CPI,P06401,compound,protein,0
5803,CPI,P19793,compound,protein,1
58144,CPI,P11362,compound,protein,0
5816,CPI,P35368,compound,protein,1
5833,CPI,O60218,compound,protein,0
5833,CPI,P0C1S8,compound,protein,0
58423153,CPI,P06280,compound,protein,0
5850,CPI,Q9GZZ6,compound,protein,1
5853,CPI,O00444,compound,protein,0
58573469,CPI,O15151,compound,protein,1
5865,CPI,P00352,compound,protein,1
5865,CPI,P21917,compound,protein,1
5865,CPI,P41145,compound,protein,1
5865,CPI,Q13705,compound,protein,0
5879,CPI,Q13882,compound,protein,0
5881,CPI,O00591,compound,protein,1
5881,CPI,Q8TDU6,compound,protein,1
5881,CPI,Q9UN88,compound,protein,1
5881,CPI,P53778,compound,protein,0
5893,CPI,Q15831,compound,protein,0
5901,CPI,O60674,compound,protein,1
5904,CPI,P08913,compound,protein,1
5904,CPI,P21554,compound,protein,1
5904441,CPI,P36888,compound,protein,0
5906,CPI,O43193,compound,protein,1
5906,CPI,P29274,compound,protein,1
5906,CPI,Q9UNQ0,compound,protein,0
5908088,CPI,O94768,compound,protein,1
5908088,CPI,P55211,compound,protein,0
5910,CPI,P11229,compound,protein,1
5910,CPI,P43681,compound,protein,1
5910,CPI,P47989,compound,protein,0
5910,CPI,P06746,compound,protein,0
5910,CPI,Q96SB4,compound,protein,0
5912039,CPI,P06276,compound,protein,1
5920,CPI,P50406,compound,protein,1
5920,CPI,P10415,compound,protein,0
59227,CPI,P14416,compound,protein,1
5941539,CPI,P35968,compound,protein,1
5943,CPI,P16473,compound,protein,1
5943,CPI,P08908,compound,protein,0
59472121,CPI,P00519,compound,protein,1
59472121,CPI,P20848,compound,protein,1
59473233,CPI,P10415,compound,protein,0
5952,CPI,O75496,compound,protein,1
5952,CPI,P18089,compound,protein,0
59603622,CPI,P62508,compound,protein,0
596344,CPI,O15296,compound,protein,1
5966,CPI,Q15418,compound,protein,0
5966,CPI,P21917,compound,protein,0
5978,CPI,Q9UF33,compound,protein,0
5991,CPI,P18825,compound,protein,1
5991,CPI,P21554,compound,protein,1
5991,CPI,Q8N4C8,compound,protein,0
5991,CPI,O94804,compound,protein,0
5991,CPI,Q96GD4,compound,protein,0
5994,CPI,P56373,compound,protein,1
5995,CPI,P04150,compound,protein,1
5995,CPI,P08588,compound,protein,1
5995,CPI,P37288,compound,protein,1
5995,CPI,P49760,compound,protein,0
6000,CPI,P32297,compound,protein,1
6000,CPI,P24557,compound,protein,0
6000,CPI,O75874,compound,protein,0
6001,CPI,P36894,compound,protein,0
6005,CPI,P28223,compound,protein,1
60063,CPI,Q13936,compound,protein,0
600670,CPI,P35354,compound,protein,0
6009,CPI,P05177,compound,protein,1
6009,CPI,P45984,compound,protein,0
6009,CPI,P14416,compound,protein,0
60138149,CPI,O00141,compound,protein,1
60148439,CPI,O95271,compound,protein,0
60149,CPI,P31645,compound,protein,1
60149,CPI,Q99714,compound,protein,0
60164,CPI,P48443,compound,protein,1
6018,CPI,Q9BXA7,compound,protein,0
60182388,CPI,P36897,compound,protein,1
60182388,CPI,P68400,compound,protein,0
60184958,CPI,Q06710,compound,protein,1
60184958,CPI,P08631,compound,protein,0
60185239,CPI,P12931,compound,protein,0
60189737,CPI,P21802,compound,protein,0
60198,CPI,Q13148,compound,protein,0
6024,CPI,P10276,compound,protein,0
6041,CPI,P41143,compound,protein,1
6041,CPI,P41145,compound,protein,1
6041,CPI,Q01959,compound,protein,1
6041,CPI,Q16665,compound,protein,1
6049,CPI,Q8TD08,compound,protein,0
60490,CPI,P18089,compound,protein,1
60490,CPI,P37288,compound,protein,1
60490,CPI,Q8IU85,compound,protein,0
60490,CPI,Q13188,compound,protein,0
60490,CPI,P07947,compound,protein,0
60511,CPI,Q06187,compound,protein,0
60602,CPI,P07550,compound,protein,1
60602,CPI,P08183,compound,protein,1
60602,CPI,P28222,compound,protein,1
60602,CPI,P50406,compound,protein,1
60602,CPI,Q9Y5N1,compound,protein,1
60606,CPI,P21554,compound,protein,1
60648,CPI,Q8IW41,compound,protein,0
60700,CPI,P57078,compound,protein,0
60703,CPI,P54132,compound,protein,1
60703,CPI,Q96KQ7,compound,protein,1
60726,CPI,P23219,compound,protein,1
60750,CPI,Q9UPZ9,compound,protein,0
60753,CPI,P18825,compound,protein,1
6077,CPI,P23975,compound,protein,1
60773,CPI,P11229,compound,protein,1
60773,CPI,P21728,compound,protein,1
60773,CPI,Q01959,compound,protein,1
60773,CPI,O15296,compound,protein,0
60795,CPI,P11229,compound,protein,1
60795,CPI,P37288,compound,protein,1
60795,CPI,Q96QE3,compound,protein,0
6082,CPI,P21728,compound,protein,1
60823,CPI,P08908,compound,protein,1
60823,CPI,P35367,compound,protein,1
60823,CPI,P16234,compound,protein,0
60825,CPI,P25103,compound,protein,1
60825,CPI,P34969,compound,protein,1
6083,CPI,P06737,compound,protein,1
6083,CPI,P33121,compound,protein,1
6083,CPI,P05186,compound,protein,0
6083,CPI,P05177,compound,protein,0
60835,CPI,P34969,compound,protein,1
60835,CPI,P50406,compound,protein,1
60835,CPI,Q9Y463,compound,protein,0
60843,CPI,P22102,compound,protein,1
60846,CPI,Q8N568,compound,protein,0
60852,CPI,Q96GD4,compound,protein,0
60852,CPI,Q96BR1,compound,protein,0
60854,CPI,P31645,compound,protein,1
60854,CPI,Q9BRS2,compound,protein,0
60937,CPI,Q9Y487,compound,protein,1
60937,CPI,Q13488,compound,protein,1
6103,CPI,Q16099,compound,protein,0
6103,CPI,P57059,compound,protein,0
610479,CPI,Q9Y4P1,compound,protein,1
6127,CPI,Q99808,compound,protein,1
6127,CPI,Q16566,compound,protein,0
6127,CPI,P19793,compound,protein,0
6127,CPI,P16499,compound,protein,0
6128,CPI,P19793,compound,protein,1
6128,CPI,P54132,compound,protein,0
6128,CPI,Q9Y6R4,compound,protein,0
6129,CPI,P41145,compound,protein,0
6160690,CPI,P08172,compound,protein,0
616433,CPI,Q9Y6Q9,compound,protein,1
616479,CPI,Q9Y2H1,compound,protein,0
6166563,CPI,P35236,compound,protein,1
6166563,CPI,P51452,compound,protein,1
6167,CPI,P02545,compound,protein,1
6167,CPI,O00444,compound,protein,0
6167,CPI,O60341,compound,protein,0
6173479,CPI,Q99928,compound,protein,0
6185,CPI,P42338,compound,protein,0
6197,CPI,Q9NUW8,compound,protein,1
6197,CPI,P32238,compound,protein,0
6197,CPI,Q8WZA2,compound,protein,0
619865,CPI,Q9Y3S1,compound,protein,0
6202912,CPI,P84022,compound,protein,1
6202912,CPI,O94921,compound,protein,0
6202912,CPI,Q9UK32,compound,protein,0
62034,CPI,Q16236,compound,protein,1
6212,CPI,Q03181,compound,protein,1
6230,CPI,P29274,compound,protein,1
6230,CPI,Q99720,compound,protein,0
6230,CPI,Q04912,compound,protein,0
6231,CPI,P04278,compound,protein,1
6231,CPI,Q86YV6,compound,protein,0
6249,CPI,P46059,compound,protein,0
6253,CPI,P0DMS8,compound,protein,1
6253,CPI,P30556,compound,protein,1
6253,CPI,Q9NUW8,compound,protein,1
6253,CPI,Q04771,compound,protein,0
6256,CPI,O43193,compound,protein,1
6256,CPI,O75469,compound,protein,1
6256,CPI,P43220,compound,protein,1
6279,CPI,P08183,compound,protein,1
6279,CPI,P14867,compound,protein,1
6279,CPI,O95180,compound,protein,0
6279,CPI,Q9P1W9,compound,protein,0
628698,CPI,P08235,compound,protein,0
62875,CPI,Q9Y233,compound,protein,1
62887,CPI,P30926,compound,protein,1
62887,CPI,Q15825,compound,protein,1
6291,CPI,O43193,compound,protein,1
6291,CPI,P43681,compound,protein,1
6291,CPI,P53350,compound,protein,0
6291,CPI,P47989,compound,protein,0
6293,CPI,Q07820,compound,protein,1
6293,CPI,P43166,compound,protein,0
62959,CPI,Q00G26,compound,protein,0
629852,CPI,P31749,compound,protein,1
629852,CPI,P51151,compound,protein,1
629852,CPI,P52333,compound,protein,0
6303,CPI,P28335,compound,protein,0
6305,CPI,P41595,compound,protein,0
6307,CPI,P22694,compound,protein,0
6307,CPI,P16050,compound,protein,0
6307,CPI,P51617,compound,protein,0
6321411,CPI,Q99714,compound,protein,0
6321411,CPI,P40225,compound,protein,0
6321411,CPI,P29323,compound,protein,0
63306,CPI,P33261,compound,protein,1
6334600,CPI,P50750,compound,protein,0
6335411,CPI,P17948,compound,protein,0
6335411,CPI,P49759,compound,protein,0
6335411,CPI,Q96RR4,compound,protein,0
6338099,CPI,O94925,compound,protein,1
636403,CPI,P28845,compound,protein,1
637568,CPI,P51617,compound,protein,0
637858,CPI,O75496,compound,protein,1
638024,CPI,P38398,compound,protein,1
638024,CPI,P23443,compound,protein,0
638034,CPI,P49798,compound,protein,1
638034,CPI,Q12791,compound,protein,0
638278,CPI,P39748,compound,protein,1
638278,CPI,Q96P20,compound,protein,1
638278,CPI,P46098,compound,protein,0
639665,CPI,P06401,compound,protein,0
6399253,CPI,P28223,compound,protein,1
6399253,CPI,Q8TBX8,compound,protein,0
6399253,CPI,P54756,compound,protein,0
6399253,CPI,P08069,compound,protein,0
6399253,CPI,P05067,compound,protein,0
6401129,CPI,O75164,compound,protein,0
64139,CPI,P41595,compound,protein,1
64139,CPI,Q86Y07,compound,protein,0
64139,CPI,P19838,compound,protein,0
6419755,CPI,Q02156,compound,protein,1
6419833,CPI,O76074,compound,protein,0
6422124,CPI,O75676,compound,protein,0
6436,CPI,P02545,compound,protein,1
6436048,CPI,P42679,compound,protein,0
643606,CPI,P08913,compound,protein,1
643606,CPI,Q9H2X6,compound,protein,0
6437862,CPI,P54284,compound,protein,1
6437862,CPI,O14578,compound,protein,0
6437862,CPI,Q16512,compound,protein,0
6439225,CPI,P49798,compound,protein,1
6439225,CPI,Q6XQN6,compound,protein,0
644030,CPI,P35590,compound,protein,0
644215,CPI,Q96KQ7,compound,protein,0
644241,CPI,O75676,compound,protein,1
644241,CPI,O96017,compound,protein,1
644241,CPI,P09769,compound,protein,1
644241,CPI,P21728,compound,protein,1
644241,CPI,P36896,compound,protein,1
644241,CPI,P41145,compound,protein,1
644241,CPI,P45983,compound,protein,1
644241,CPI,P49336,compound,protein,1
644241,CPI,Q02156,compound,protein,1
644241,CPI,Q13233,compound,protein,1
644241,CPI,Q15759,compound,protein,1
644241,CPI,Q16288,compound,protein,1
644241,CPI,Q16659,compound,protein,1
644241,CPI,Q16832,compound,protein,1
644241,CPI,Q7L7X3,compound,protein,1
644241,CPI,Q86Y07,compound,protein,1
644241,CPI,Q8N568,compound,protein,1
644241,CPI,Q92772,compound,protein,1
644241,CPI,Q9P1W9,compound,protein,1
644241,CPI,Q9UQM7,compound,protein,1
644241,CPI,P11021,compound,protein,0
644241,CPI,P10632,compound,protein,0
644241,CPI,O76074,compound,protein,0
644241,CPI,P14780,compound,protein,0
644241,CPI,P04278,compound,protein,0
644241,CPI,P30939,compound,protein,0
644241,CPI,Q9NPD5,compound,protein,0
644354,CPI,P47871,compound,protein,0
6444692,CPI,Q8N4C8,compound,protein,1
6445562,CPI,O00444,compound,protein,1
6445562,CPI,O15530,compound,protein,1
6445562,CPI,O94804,compound,protein,1
6445562,CPI,P04629,compound,protein,1
6445562,CPI,P14616,compound,protein,1
6445562,CPI,P29376,compound,protein,1
6445562,CPI,P37173,compound,protein,1
6445562,CPI,P49674,compound,protein,1
6445562,CPI,Q13233,compound,protein,1
6445562,CPI,Q92918,compound,protein,1
6445562,CPI,Q96SB4,compound,protein,1
6445562,CPI,Q9P0L2,compound,protein,1
6445562,CPI,Q9UIK4,compound,protein,1
6445562,CPI,P41968,compound,protein,0
6445562,CPI,P35354,compound,protein,0
6445562,CPI,P37288,compound,protein,0
6445562,CPI,P42345,compound,protein,0
6445562,CPI,P39748,compound,protein,0
6445562,CPI,P30542,compound,protein,0
6446,CPI,O75496,compound,protein,0
644601,CPI,P49146,compound,protein,0
6449767,CPI,P41595,compound,protein,0
6450278,CPI,Q8N752,compound,protein,0
6450546,CPI,P23416,compound,protein,1
6450546,CPI,P48167,compound,protein,1
6450546,CPI,Q13547,compound,protein,0
6450546,CPI,Q9Y468,compound,protein,0
6450551,CPI,O14976,compound,protein,1
6450551,CPI,O15197,compound,protein,1
6450551,CPI,P16591,compound,protein,1
6450551,CPI,P32298,compound,protein,1
6450551,CPI,P57059,compound,protein,1
6450551,CPI,Q00535,compound,protein,1
6450551,CPI,Q13043,compound,protein,1
6450551,CPI,Q15303,compound,protein,1
6450551,CPI,Q15831,compound,protein,1
6450551,CPI,Q16512,compound,protein,1
6450551,CPI,Q5VT25,compound,protein,1
6450551,CPI,Q86V86,compound,protein,1
6450551,CPI,Q8N752,compound,protein,1
6450551,CPI,P00352,compound,protein,0
6450551,CPI,P34903,compound,protein,0
6450551,CPI,Q96RI1,compound,protein,0
6450551,CPI,Q08289,compound,protein,0
6450551,CPI,O15118,compound,protein,0
6450551,CPI,P06276,compound,protein,0
6450551,CPI,P10275,compound,protein,0
6450551,CPI,Q9HC97,compound,protein,0
6450551,CPI,P83916,compound,protein,0
6450551,CPI,P30939,compound,protein,0
6450551,CPI,Q9UBT6,compound,protein,0
6450551,CPI,Q16790,compound,protein,0
6450813,CPI,P84022,compound,protein,0
6451149,CPI,Q14191,compound,protein,0
6466,CPI,Q9BZL6,compound,protein,0
6473866,CPI,O94782,compound,protein,1
6473866,CPI,P0DMS8,compound,protein,1
6473866,CPI,P24530,compound,protein,1
6473866,CPI,Q13324,compound,protein,1
6473866,CPI,Q14432,compound,protein,1
6473866,CPI,Q92887,compound,protein,1
6473866,CPI,Q9Y2U5,compound,protein,0
6473881,CPI,Q9NUW8,compound,protein,0
647508,CPI,P02545,compound,protein,0
647508,CPI,P51956,compound,protein,0
6477762,CPI,P08581,compound,protein,0
64945,CPI,Q86TW2,compound,protein,0
64971,CPI,Q15878,compound,protein,0
64971,CPI,P21127,compound,protein,0
64983,CPI,Q15418,compound,protein,0
65015,CPI,P36888,compound,protein,0
65015,CPI,Q8IVW4,compound,protein,0
65016,CPI,O75469,compound,protein,1
65016,CPI,P35354,compound,protein,1
65016,CPI,Q8IY84,compound,protein,0
65064,CPI,P49759,compound,protein,1
65064,CPI,Q86XF0,compound,protein,1
65064,CPI,Q96KQ7,compound,protein,1
65064,CPI,P42680,compound,protein,0
65064,CPI,P42679,compound,protein,0
6519698,CPI,Q8N752,compound,protein,0
65351,CPI,O14733,compound,protein,0
6539732,CPI,Q9H2S1,compound,protein,0
65399,CPI,Q9NUW8,compound,protein,1
65399,CPI,P07333,compound,protein,0
65482,CPI,P51580,compound,protein,1
655278,CPI,P83916,compound,protein,1
655278,CPI,Q8N4C8,compound,protein,0
655278,CPI,P32238,compound,protein,0
65637,CPI,P22748,compound,protein,0
656516,CPI,Q2M2I8,compound,protein,0
656516,CPI,O96013,compound,protein,0
65655,CPI,P35354,compound,protein,1
65655,CPI,P33261,compound,protein,0
65655,CPI,P43681,compound,protein,0
65659,CPI,Q06710,compound,protein,0
656615,CPI,O14976,compound,protein,0
656732,CPI,Q9NQU5,compound,protein,0
656767,CPI,O15197,compound,protein,0
657237,CPI,P11511,compound,protein,0
657380,CPI,Q13526,compound,protein,0
65752,CPI,P11021,compound,protein,1
65752,CPI,P08684,compound,protein,0
65833,CPI,P41143,compound,protein,0
65863,CPI,Q16539,compound,protein,0
65863,CPI,P15428,compound,protein,0
65906,CPI,O75496,compound,protein,1
659101,CPI,P16473,compound,protein,1
659101,CPI,Q9NP59,compound,protein,1
65957,CPI,P08913,compound,protein,1
65957,CPI,Q9UBE8,compound,protein,0
6597,CPI,P10828,compound,protein,1
65981,CPI,O15245,compound,protein,1
65997,CPI,O75874,compound,protein,0
65997,CPI,P21397,compound,protein,0
65999,CPI,P02545,compound,protein,1
65999,CPI,P00533,compound,protein,0
65999,CPI,P20813,compound,protein,0
6603797,CPI,P40225,compound,protein,1
6603865,CPI,Q8IUX4,compound,protein,0
6603897,CPI,P21917,compound,protein,1
6603897,CPI,Q9NUW8,compound,protein,1
6603897,CPI,P30556,compound,protein,0
6603901,CPI,P52333,compound,protein,0
6603901,CPI,Q9H422,compound,protein,0
6603931,CPI,Q96QE3,compound,protein,1
6603931,CPI,P35372,compound,protein,0
6604009,CPI,P34969,compound,protein,0
6604200,CPI,P07550,compound,protein,1
6604200,CPI,P08913,compound,protein,1
6604200,CPI,P11229,compound,protein,1
6604200,CPI,O94804,compound,protein,0
6604471,CPI,Q16665,compound,protein,1
6604724,CPI,P05177,compound,protein,1
6604724,CPI,P23975,compound,protein,0
6604789,CPI,P46098,compound,protein,1
6604789,CPI,P00734,compound,protein,0
6604794,CPI,Q9NUW8,compound,protein,1
6604822,CPI,Q16665,compound,protein,0
6604858,CPI,P06401,compound,protein,0
6604858,CPI,P48730,compound,protein,0
6604889,CPI,P28222,compound,protein,1
6604889,CPI,P47898,compound,protein,1
6604915,CPI,P16473,compound,protein,0
6604926,CPI,P33261,compound,protein,1
6604928,CPI,Q16566,compound,protein,0
6604931,CPI,P37288,compound,protein,0
6604931,CPI,Q7L7X3,compound,protein,0
6604933,CPI,P42680,compound,protein,0
6610268,CPI,O75582,compound,protein,0
6610310,CPI,O75116,compound,protein,0
6610332,CPI,P23280,compound,protein,1
6610344,CPI,P19784,compound,protein,0
6610347,CPI,Q12866,compound,protein,0
6610353,CPI,P11309,compound,protein,1
6610353,CPI,P49137,compound,protein,1
66148,CPI,P08913,compound,protein,1
66148,CPI,O15264,compound,protein,0
662619,CPI,P21554,compound,protein,0
662944,CPI,Q9P0L2,compound,protein,0
663281,CPI,P04637,compound,protein,0
663290,CPI,P41145,compound,protein,1
663290,CPI,P42345,compound,protein,0
663459,CPI,Q16236,compound,protein,1
663459,CPI,Q9NRM7,compound,protein,0
663872,CPI,Q9NUW8,compound,protein,1
66414,CPI,P21554,compound,protein,0
665013,CPI,P17861,compound,protein,1
66524294,CPI,P35368,compound,protein,0
665518,CPI,Q9ULX7,compound,protein,0
66558664,CPI,Q92800,compound,protein,1
66577038,CPI,P07949,compound,protein,1
666267,CPI,Q8WXR4,compound,protein,0
666410,CPI,O14936,compound,protein,0
66654,CPI,O75496,compound,protein,1
6669976,CPI,Q13315,compound,protein,1
667466,CPI,P05177,compound,protein,1
667468,CPI,P21397,compound,protein,1
667468,CPI,P41968,compound,protein,1
667468,CPI,P46098,compound,protein,1
667468,CPI,Q9UHD2,compound,protein,0
667468,CPI,P16591,compound,protein,0
667476,CPI,P21554,compound,protein,1
667477,CPI,P35368,compound,protein,1
667477,CPI,P50406,compound,protein,1
667477,CPI,Q92769,compound,protein,0
667484,CPI,P03372,compound,protein,1
667484,CPI,P04150,compound,protein,1
667484,CPI,P08588,compound,protein,1
667484,CPI,P23975,compound,protein,1
667484,CPI,P47869,compound,protein,1
667484,CPI,P00533,compound,protein,0
667511,CPI,P11229,compound,protein,1
667511,CPI,P41145,compound,protein,1
667528,CPI,P35222,compound,protein,0
667528,CPI,P23975,compound,protein,0
667550,CPI,P35354,compound,protein,1
6675804,CPI,Q12797,compound,protein,1
6675804,CPI,Q8TDS4,compound,protein,0
667594,CPI,P27707,compound,protein,0
667601,CPI,Q01668,compound,protein,0
667601,CPI,P32245,compound,protein,0
6708778,CPI,O43293,compound,protein,0
6708815,CPI,P35968,compound,protein,0
6708818,CPI,P04818,compound,protein,1
6708818,CPI,P36888,compound,protein,0
6710614,CPI,P06493,compound,protein,0
6710657,CPI,P14416,compound,protein,1
6710659,CPI,Q9BYT3,compound,protein,0
6710755,CPI,P29323,compound,protein,0
6710780,CPI,P23258,compound,protein,1
6710780,CPI,Q9UJT0,compound,protein,1
6710780,CPI,P49674,compound,protein,0
6713947,CPI,P36544,compound,protein,1
6713947,CPI,Q13547,compound,protein,0
6713958,CPI,O95747,compound,protein,0
6713978,CPI,P43220,compound,protein,1
6713984,CPI,P41145,compound,protein,0
6713984,CPI,P78527,compound,protein,0
6714003,CPI,Q07002,compound,protein,0
6736,CPI,P48551,compound,protein,0
6736,CPI,P41968,compound,protein,0
67505836,CPI,P0DMS8,compound,protein,1
6758,CPI,O95342,compound,protein,1
6758,CPI,P42345,compound,protein,1
6758,CPI,P46063,compound,protein,1
6758,CPI,Q01453,compound,protein,1
6758,CPI,Q9Y2H1,compound,protein,0
6758,CPI,P28221,compound,protein,0
6769,CPI,Q9UBS5,compound,protein,0
6803,CPI,O75874,compound,protein,1
6803,CPI,Q16236,compound,protein,1
6803,CPI,Q14164,compound,protein,0
680501,CPI,P16473,compound,protein,1
68071,CPI,Q96DB2,compound,protein,0
68093,CPI,P49841,compound,protein,0
681,CPI,O15244,compound,protein,0
681,CPI,P04629,compound,protein,0
681,CPI,Q9HCP0,compound,protein,0
68184482,CPI,P42345,compound,protein,0
68186,CPI,P07550,compound,protein,1
68186,CPI,P10636,compound,protein,1
68186,CPI,P35462,compound,protein,1
682802,CPI,P14416,compound,protein,1
6839,CPI,P08172,compound,protein,1
6839,CPI,P27815,compound,protein,0
68508601,CPI,O14578,compound,protein,0
6852376,CPI,P14416,compound,protein,1
6852376,CPI,P21918,compound,protein,1
68617,CPI,P08908,compound,protein,1
68617,CPI,P08913,compound,protein,1
68617,CPI,P43166,compound,protein,0
68617,CPI,Q06710,compound,protein,0
68634,CPI,Q8WXR4,compound,protein,0
68712,CPI,P31749,compound,protein,0
68712,CPI,Q9NYY3,compound,protein,0
68740,CPI,P07550,compound,protein,0
6875617,CPI,P49759,compound,protein,0
688020,CPI,P03372,compound,protein,1
688020,CPI,P51813,compound,protein,0
688020,CPI,P23458,compound,protein,0
688272,CPI,P08913,compound,protein,1
688272,CPI,P11229,compound,protein,1
688272,CPI,P14416,compound,protein,1
688272,CPI,P35462,compound,protein,1
6883,CPI,Q13148,compound,protein,0
68844,CPI,Q06710,compound,protein,0
68844,CPI,P35590,compound,protein,0
688666,CPI,P30556,compound,protein,0
6890,CPI,P08684,compound,protein,1
689043,CPI,Q16790,compound,protein,1
689043,CPI,Q06187,compound,protein,0
68911,CPI,P04150,compound,protein,0
69049742,CPI,Q16644,compound,protein,0
6913176,CPI,Q8IWU5,compound,protein,1
6914273,CPI,P08172,compound,protein,1
6914273,CPI,P28223,compound,protein,1
6914273,CPI,P35354,compound,protein,1
6914273,CPI,Q96GD4,compound,protein,0
6914657,CPI,P05981,compound,protein,0
6915744,CPI,Q9UQM7,compound,protein,0
6916127,CPI,Q02880,compound,protein,1
6918140,CPI,Q03181,compound,protein,1
6918155,CPI,P25021,compound,protein,1
6918155,CPI,P31645,compound,protein,1
6918155,CPI,P43681,compound,protein,1
6918155,CPI,Q92847,compound,protein,1
6918155,CPI,Q86YV6,compound,protein,0
6918155,CPI,Q9H0K1,compound,protein,0
6918314,CPI,Q9BZL6,compound,protein,0
6918454,CPI,O15264,compound,protein,1
6918454,CPI,P16591,compound,protein,1
6918454,CPI,P17252,compound,protein,1
6918454,CPI,P31751,compound,protein,1
6918454,CPI,P37023,compound,protein,1
6918454,CPI,P37173,compound,protein,1
6918454,CPI,P43403,compound,protein,1
6918454,CPI,P53667,compound,protein,1
6918454,CPI,Q02763,compound,protein,1
6918454,CPI,Q13131,compound,protein,1
6918454,CPI,Q15303,compound,protein,1
6918454,CPI,Q8IY84,compound,protein,1
6918454,CPI,Q8N5S9,compound,protein,1
6918454,CPI,Q9BVS4,compound,protein,1
6918454,CPI,Q9Y5S2,compound,protein,1
6918454,CPI,P01215,compound,protein,0
6918454,CPI,Q9UBT6,compound,protein,0
6918454,CPI,P46063,compound,protein,0
6918454,CPI,P21918,compound,protein,0
6918454,CPI,P43166,compound,protein,0
6918454,CPI,P30556,compound,protein,0
6918454,CPI,P11388,compound,protein,0
6918454,CPI,P35218,compound,protein,0
6918454,CPI,P54132,compound,protein,0
6918454,CPI,P22303,compound,protein,0
6918454,CPI,P14416,compound,protein,0
6918454,CPI,P06401,compound,protein,0
6918537,CPI,P27487,compound,protein,1
6918537,CPI,Q9UHL4,compound,protein,1
6918638,CPI,O60885,compound,protein,1
6918638,CPI,P43681,compound,protein,1
6918638,CPI,P49146,compound,protein,1
6918638,CPI,Q9UKV0,compound,protein,1
6918736,CPI,Q99720,compound,protein,0
6918837,CPI,P09960,compound,protein,1
6918837,CPI,P48736,compound,protein,1
6918837,CPI,Q8WUI4,compound,protein,1
6918837,CPI,P28222,compound,protein,0
6918837,CPI,P23219,compound,protein,0
6918852,CPI,O75385,compound,protein,1
6918852,CPI,P11309,compound,protein,1
6918852,CPI,P37173,compound,protein,1
6918852,CPI,P42680,compound,protein,1
6918852,CPI,Q15831,compound,protein,1
6918852,CPI,Q16288,compound,protein,1
6918852,CPI,Q16566,compound,protein,1
6918852,CPI,Q32MK0,compound,protein,1
6918852,CPI,Q6ZN16,compound,protein,1
6918852,CPI,Q8N752,compound,protein,1
6918852,CPI,Q9BRS2,compound,protein,1
6918852,CPI,Q9H2K8,compound,protein,1
6918852,CPI,Q9HC98,compound,protein,1
6918852,CPI,Q9NYL2,compound,protein,1
6918852,CPI,Q9UBF8,compound,protein,1
6918852,CPI,Q9UK32,compound,protein,1
6918852,CPI,Q9Y463,compound,protein,1
6918852,CPI,P84022,compound,protein,0
6918852,CPI,P35869,compound,protein,0
6918852,CPI,P35462,compound,protein,0
6918852,CPI,Q6W5P4,compound,protein,0
6918852,CPI,P05177,compound,protein,0
6918852,CPI,P10253,compound,protein,0
6918852,CPI,Q92769,compound,protein,0
6918852,CPI,P43681,compound,protein,0
6918852,CPI,Q08289,compound,protein,0
6918852,CPI,Q9Y5N1,compound,protein,0
6918852,CPI,P25101,compound,protein,0
6918852,CPI,P04278,compound,protein,0
6950539,CPI,P04054,compound,protein,1
6950539,CPI,Q8NE63,compound,protein,0
695345,CPI,O75164,compound,protein,1
6976314,CPI,Q8N5S9,compound,protein,0
701939,CPI,O15118,compound,protein,1
701939,CPI,Q06710,compound,protein,1
701939,CPI,P08912,compound,protein,0
7028,CPI,P08588,compound,protein,1
7029,CPI,Q8TD19,compound,protein,0
702927,CPI,Q9NRP7,compound,protein,0
7046,CPI,Q13705,compound,protein,0
7048709,CPI,Q92769,compound,protein,0
70547,CPI,O75496,compound,protein,1
70547,CPI,P84022,compound,protein,1
70547,CPI,Q8TBX8,compound,protein,0
70547,CPI,P16083,compound,protein,0
7059423,CPI,Q92731,compound,protein,1
7059423,CPI,P18089,compound,protein,0
7066682,CPI,P07900,compound,protein,0
7082,CPI,P21728,compound,protein,0
7088398,CPI,P11474,compound,protein,1
7088398,CPI,P41145,compound,protein,0
7092995,CPI,P0DMS8,compound,protein,0
7092995,CPI,Q8N4C8,compound,protein,0
71077,CPI,P49798,compound,protein,1
71077,CPI,P07948,compound,protein,0
7108,CPI,P23975,compound,protein,1
71183,CPI,P16473,compound,protein,1
71203,CPI,Q9NUW8,compound,protein,1
71226662,CPI,P04626,compound,protein,1
71226662,CPI,Q9H093,compound,protein,0
71277,CPI,P16083,compound,protein,0
71317162,CPI,O95347,compound,protein,1
71317162,CPI,P06239,compound,protein,1
71317162,CPI,P07948,compound,protein,1
71317162,CPI,P29323,compound,protein,1
71317162,CPI,P36896,compound,protein,1
71317162,CPI,P41240,compound,protein,1
71317162,CPI,P46734,compound,protein,1
71317162,CPI,P53667,compound,protein,1
71317162,CPI,P54577,compound,protein,1
71317162,CPI,Q9BZE4,compound,protein,1
71317162,CPI,Q9H2G2,compound,protein,1
71317162,CPI,Q9H2K8,compound,protein,1
71317162,CPI,Q9Y2K2,compound,protein,1
71317162,CPI,Q9Y2U5,compound,protein,1
71317162,CPI,Q9Y616,compound,protein,1
71317162,CPI,Q13523,compound,protein,0
71317162,CPI,Q8TDS4,compound,protein,0
71317162,CPI,Q8TDR2,compound,protein,0
71317162,CPI,Q15349,compound,protein,0
71317162,CPI,P04278,compound,protein,0
71317162,CPI,P04150,compound,protein,0
71329,CPI,Q9Y5Y9,compound,protein,0
71333,CPI,P52564,compound,protein,0
71350,CPI,P02545,compound,protein,0
71360,CPI,P14416,compound,protein,1
71360,CPI,P34998,compound,protein,1
71360,CPI,P13945,compound,protein,0
7141881,CPI,P08912,compound,protein,0
71490,CPI,P14859,compound,protein,1
71496458,CPI,P49589,compound,protein,1
71601111,CPI,P51168,compound,protein,0
716121,CPI,P30542,compound,protein,0
71657455,CPI,O75874,compound,protein,1
71657455,CPI,P02545,compound,protein,0
71693,CPI,Q96QE3,compound,protein,1
71721648,CPI,Q5S007,compound,protein,0
71748056,CPI,P52333,compound,protein,1
71771,CPI,O75496,compound,protein,1
71771,CPI,P28223,compound,protein,1
71771,CPI,Q9NRM7,compound,protein,0
7192031,CPI,P08172,compound,protein,0
72093,CPI,P49760,compound,protein,0
72124,CPI,Q9UPE1,compound,protein,0
72172,CPI,P28838,compound,protein,1
7217942,CPI,P46063,compound,protein,0
7217942,CPI,Q9BYT3,compound,protein,0
7217946,CPI,P45984,compound,protein,0
72201027,CPI,Q56UN5,compound,protein,0
72201027,CPI,Q9Y5S2,compound,protein,0
72281,CPI,O75907,compound,protein,1
72281,CPI,P08908,compound,protein,1
72281,CPI,P35610,compound,protein,1
72281,CPI,P41595,compound,protein,1
72281,CPI,P47989,compound,protein,1
72281,CPI,Q99808,compound,protein,1
72281,CPI,P48730,compound,protein,0
72281,CPI,Q9C098,compound,protein,0
72281,CPI,P36888,compound,protein,0
72287,CPI,P21917,compound,protein,1
72303,CPI,O75496,compound,protein,1
72376,CPI,O14936,compound,protein,0
72385,CPI,O94804,compound,protein,0
7251185,CPI,Q8N752,compound,protein,0
72551585,CPI,Q99720,compound,protein,1
72551585,CPI,Q06710,compound,protein,0
72734382,CPI,Q92769,compound,protein,1
73010930,CPI,Q9H8M2,compound,protein,1
73010930,CPI,Q6ZN16,compound,protein,0
73078,CPI,Q9H2S1,compound,protein,1
73078,CPI,Q8NE63,compound,protein,0
73211763,CPI,P16473,compound,protein,0
73265276,CPI,P19838,compound,protein,0
73333,CPI,Q7KZI7,compound,protein,0
73364,CPI,P07384,compound,protein,1
73440795,CPI,Q9HBX9,compound,protein,0
73453,CPI,P21728,compound,protein,1
73453,CPI,P25100,compound,protein,1
73602827,CPI,Q9NYV4,compound,protein,1
73707345,CPI,Q16566,compound,protein,0
73707347,CPI,P13945,compound,protein,1
73707347,CPI,O15296,compound,protein,0
73707365,CPI,Q96L34,compound,protein,0
73707383,CPI,P41143,compound,protein,0
73707384,CPI,P00352,compound,protein,0
73707388,CPI,Q9P289,compound,protein,0
73707390,CPI,P08581,compound,protein,0
73707390,CPI,P30556,compound,protein,0
73707406,CPI,O43193,compound,protein,0
73707413,CPI,P11388,compound,protein,1
73707414,CPI,P05177,compound,protein,1
73707414,CPI,P10635,compound,protein,1
73707414,CPI,O75385,compound,protein,0
73707415,CPI,P10275,compound,protein,1
73707417,CPI,P40225,compound,protein,0
73707425,CPI,O14730,compound,protein,0
73707426,CPI,P19793,compound,protein,1
73707430,CPI,P12821,compound,protein,0
73707445,CPI,Q9Y463,compound,protein,0
73707449,CPI,O95718,compound,protein,1
73707449,CPI,P04150,compound,protein,1
73707455,CPI,P10275,compound,protein,1
73707459,CPI,P24046,compound,protein,1
73707464,CPI,P35354,compound,protein,0
73707472,CPI,P04083,compound,protein,1
73707473,CPI,Q08209,compound,protein,0
73707474,CPI,P34969,compound,protein,1
73707474,CPI,P00533,compound,protein,0
73707474,CPI,Q9BQI3,compound,protein,0
73707478,CPI,P11474,compound,protein,1
73707483,CPI,P09619,compound,protein,0
73707483,CPI,P11309,compound,protein,0
73707487,CPI,P08173,compound,protein,1
73707487,CPI,P08913,compound,protein,0
73707489,CPI,P43681,compound,protein,0
73707493,CPI,O94925,compound,protein,0
73707494,CPI,Q9NYA1,compound,protein,0
73707497,CPI,P20309,compound,protein,0
73707506,CPI,P28221,compound,protein,1
73707507,CPI,O95747,compound,protein,0
73707509,CPI,Q13705,compound,protein,0
73707513,CPI,Q06432,compound,protein,1
73707513,CPI,Q13936,compound,protein,1
73707515,CPI,P08912,compound,protein,1
73707515,CPI,P29320,compound,protein,0
73707519,CPI,P84077,compound,protein,1
73707523,CPI,Q13554,compound,protein,0
73707524,CPI,P29597,compound,protein,0
73707526,CPI,P05177,compound,protein,0
73707528,CPI,P16591,compound,protein,0
73707543,CPI,P05177,compound,protein,0
73707544,CPI,P0C1S8,compound,protein,0
73707550,CPI,O15379,compound,protein,1
73707586,CPI,P28335,compound,protein,1
73707586,CPI,Q13639,compound,protein,1
73707586,CPI,P23443,compound,protein,0
73707587,CPI,P34972,compound,protein,1
73707587,CPI,P53667,compound,protein,0
73707588,CPI,P28221,compound,protein,1
73707588,CPI,P31645,compound,protein,1
73707588,CPI,O75582,compound,protein,0
73707602,CPI,Q13976,compound,protein,0
73707602,CPI,P28221,compound,protein,0
73707603,CPI,P18825,compound,protein,0
7456,CPI,P49841,compound,protein,0
74709,CPI,Q9NYY3,compound,protein,0
74709,CPI,P51813,compound,protein,0
747185,CPI,Q04912,compound,protein,0
74812,CPI,Q9UBT6,compound,protein,1
74812,CPI,P27695,compound,protein,0
74812,CPI,O95718,compound,protein,0
7504,CPI,Q05655,compound,protein,0
755673,CPI,Q15139,compound,protein,1
755673,CPI,Q9Y468,compound,protein,1
759940,CPI,Q96LD8,compound,protein,1
759940,CPI,Q9UM73,compound,protein,0
766949,CPI,P24941,compound,protein,1
7693333,CPI,P84022,compound,protein,1
7694069,CPI,O43353,compound,protein,0
76973971,CPI,Q13526,compound,protein,0
7699,CPI,Q9C098,compound,protein,0
770820,CPI,P21731,compound,protein,0
771910,CPI,Q2M2I8,compound,protein,0
774,CPI,P34969,compound,protein,1
7741,CPI,O43193,compound,protein,1
7741,CPI,P43681,compound,protein,1
77918,CPI,P15538,compound,protein,1
779754,CPI,Q9UBE8,compound,protein,0
77999,CPI,P25021,compound,protein,1
77999,CPI,Q9UBS5,compound,protein,1
790,CPI,P00492,compound,protein,1
800048,CPI,O15118,compound,protein,1
800048,CPI,Q9NR96,compound,protein,1
801047,CPI,P32239,compound,protein,0
81131,CPI,P41145,compound,protein,1
82146,CPI,P11229,compound,protein,1
82148,CPI,P35462,compound,protein,1
82148,CPI,P49286,compound,protein,1
82148,CPI,O00238,compound,protein,0
82148,CPI,P11388,compound,protein,0
82148,CPI,Q13554,compound,protein,0
82148,CPI,Q6W5P4,compound,protein,0
8226,CPI,Q9BZL6,compound,protein,0
8249,CPI,P54619,compound,protein,1
8249,CPI,P42684,compound,protein,0
82755,CPI,O75496,compound,protein,0
831629,CPI,P41595,compound,protein,0
833,CPI,P00966,compound,protein,1
833,CPI,P68400,compound,protein,0
838,CPI,P54764,compound,protein,0
843289,CPI,Q9NQU5,compound,protein,0
8515,CPI,P32238,compound,protein,0
854026,CPI,P11474,compound,protein,0
8550,CPI,P32245,compound,protein,1
8550,CPI,P42338,compound,protein,0
8569,CPI,P0DMS8,compound,protein,1
8609,CPI,P02545,compound,protein,1
861,CPI,P10828,compound,protein,1
8616,CPI,P16499,compound,protein,0
864,CPI,Q96KQ7,compound,protein,1
871154,CPI,P30291,compound,protein,0
877874,CPI,Q9UBN7,compound,protein,0
88505,CPI,P10636,compound,protein,1
888706,CPI,Q96PD7,compound,protein,1
888706,CPI,Q07002,compound,protein,0
8955,CPI,P34947,compound,protein,0
89594,CPI,O75762,compound,protein,1
896,CPI,O75496,compound,protein,1
896,CPI,P08908,compound,protein,1
896,CPI,P54132,compound,protein,1
896331,CPI,Q6ZN16,compound,protein,0
8969,CPI,P30939,compound,protein,1
8969,CPI,P31645,compound,protein,1
8969,CPI,P34969,compound,protein,1
8974,CPI,P39748,compound,protein,1
8974,CPI,P78362,compound,protein,0
8997,CPI,P07202,compound,protein,1
8997,CPI,P29322,compound,protein,0
9064,CPI,P08172,compound,protein,1
9064,CPI,P43166,compound,protein,1
90642938,CPI,P0C1S8,compound,protein,0
906542,CPI,P51151,compound,protein,1
90936519,CPI,P62937,compound,protein,1
91192474,CPI,Q92830,compound,protein,0
91270,CPI,Q9Y2H1,compound,protein,0
914635,CPI,P15538,compound,protein,0
91469,CPI,P11362,compound,protein,0
91486,CPI,Q13148,compound,protein,1
91486,CPI,Q96Q40,compound,protein,0
91522200,CPI,Q13936,compound,protein,1
91536,CPI,P41595,compound,protein,1
91536,CPI,Q14973,compound,protein,1
91588,CPI,P05177,compound,protein,0
91610,CPI,Q15842,compound,protein,1
91613,CPI,P25021,compound,protein,0
91654625,CPI,Q9BXF3,compound,protein,1
91654625,CPI,Q8WTQ7,compound,protein,0
91654625,CPI,Q56UN5,compound,protein,0
91668,CPI,P04150,compound,protein,1
91668,CPI,P21731,compound,protein,1
91668541,CPI,Q9H8M2,compound,protein,1
91668541,CPI,P11229,compound,protein,0
91668541,CPI,P06401,compound,protein,0
91754484,CPI,Q9NSY1,compound,protein,0
92095,CPI,O15264,compound,protein,0
92144482,CPI,O14965,compound,protein,0
92400,CPI,Q01959,compound,protein,1
92400,CPI,P32239,compound,protein,0
92400,CPI,Q99549,compound,protein,0
9266740,CPI,Q13233,compound,protein,0
92727,CPI,Q16790,compound,protein,0
92786,CPI,P18505,compound,protein,1
92786,CPI,P47870,compound,protein,1
92786,CPI,Q8N1C3,compound,protein,1
92786,CPI,P32238,compound,protein,0
92974,CPI,Q9UKE5,compound,protein,0
9305,CPI,P42336,compound,protein,0
932,CPI,P03372,compound,protein,1
932,CPI,Q92731,compound,protein,1
9330,CPI,P08912,compound,protein,1
9330,CPI,P08684,compound,protein,0
933171,CPI,P15056,compound,protein,0
93504,CPI,P23975,compound,protein,0
936,CPI,P09874,compound,protein,0
938,CPI,P28223,compound,protein,1
938,CPI,P43220,compound,protein,1
938,CPI,P08631,compound,protein,0
941361,CPI,P0DP23,compound,protein,1
941361,CPI,P08173,compound,protein,1
941650,CPI,P02545,compound,protein,1
941650,CPI,P27695,compound,protein,1
9419,CPI,P49798,compound,protein,1
9444,CPI,O43193,compound,protein,1
9444,CPI,P08588,compound,protein,1
9444,CPI,P37231,compound,protein,1
9444,CPI,P51449,compound,protein,1
9444,CPI,Q01959,compound,protein,1
9444,CPI,P34969,compound,protein,0
9444,CPI,Q96NX5,compound,protein,0
9444,CPI,Q15139,compound,protein,0
946943,CPI,Q8IZS8,compound,protein,0
951,CPI,P40225,compound,protein,0
9549213,CPI,Q04912,compound,protein,0
9549297,CPI,P16473,compound,protein,0
9550235,CPI,P02545,compound,protein,1
9554,CPI,P11309,compound,protein,1
95801,CPI,O15375,compound,protein,1
95801,CPI,Q13526,compound,protein,0
95801,CPI,P46734,compound,protein,0
9592990,CPI,P10636,compound,protein,1
9601084,CPI,O75676,compound,protein,0
963514,CPI,P08581,compound,protein,0
9642,CPI,P84022,compound,protein,1
9642,CPI,P49137,compound,protein,0
9651,CPI,Q92769,compound,protein,0
9675990,CPI,Q9UBS5,compound,protein,0
9675990,CPI,P30411,compound,protein,0
9681,CPI,Q13164,compound,protein,0
9687,CPI,P14416,compound,protein,1
9687,CPI,Q13148,compound,protein,0
96946,CPI,Q05940,compound,protein,1
969472,CPI,P49674,compound,protein,0
969516,CPI,P53779,compound,protein,0
973891,CPI,P28482,compound,protein,0
976135,CPI,Q9UKE5,compound,protein,0
9782,CPI,Q96KQ7,compound,protein,1
9782,CPI,P46098,compound,protein,0
9795276,CPI,P23975,compound,protein,1
9795276,CPI,P10635,compound,protein,0
9797568,CPI,Q9UKP6,compound,protein,1
9799509,CPI,P02545,compound,protein,0
9799509,CPI,Q9UK32,compound,protein,0
9801,CPI,P07550,compound,protein,1
9801,CPI,Q12866,compound,protein,0
980157,CPI,O75874,compound,protein,0
9804992,CPI,P29274,compound,protein,0
9806229,CPI,P28222,compound,protein,0
9806489,CPI,P57078,compound,protein,0
9808022,CPI,Q96BR1,compound,protein,0
9808844,CPI,P07947,compound,protein,1
9809715,CPI,O15530,compound,protein,1
9809715,CPI,O43318,compound,protein,1
9809715,CPI,O60674,compound,protein,1
9809715,CPI,P04049,compound,protein,1
9809715,CPI,P07332,compound,protein,1
9809715,CPI,P10721,compound,protein,1
9809715,CPI,Q13976,compound,protein,1
9809715,CPI,Q14680,compound,protein,1
9809715,CPI,Q15835,compound,protein,1
9809715,CPI,Q8N568,compound,protein,1
9809715,CPI,Q9UHD2,compound,protein,1
9809715,CPI,Q9Y263,compound,protein,0
9809715,CPI,P54803,compound,protein,0
9809715,CPI,Q16236,compound,protein,0
9809715,CPI,P21918,compound,protein,0
9809715,CPI,P46063,compound,protein,0
9809715,CPI,P34947,compound,protein,0
9809715,CPI,Q9NR56,compound,protein,0
9810884,CPI,Q8N568,compound,protein,0
9810929,CPI,P25101,compound,protein,0
9813758,CPI,O15111,compound,protein,1
9813758,CPI,O60285,compound,protein,1
9813758,CPI,O75914,compound,protein,1
9813758,CPI,P15056,compound,protein,1
9813758,CPI,P16234,compound,protein,1
9813758,CPI,P29322,compound,protein,1
9813758,CPI,P29376,compound,protein,1
9813758,CPI,P45984,compound,protein,1
9813758,CPI,P51813,compound,protein,1
9813758,CPI,Q07912,compound,protein,1
9813758,CPI,Q16620,compound,protein,1
9813758,CPI,Q32MK0,compound,protein,1
9813758,CPI,Q86UE8,compound,protein,1
9813758,CPI,Q86YV6,compound,protein,1
9813758,CPI,Q99683,compound,protein,1
9813758,CPI,Q9UQB9,compound,protein,1
9813758,CPI,P51151,compound,protein,0
9813758,CPI,P16050,compound,protein,0
9813758,CPI,P41145,compound,protein,0
9813758,CPI,Q12809,compound,protein,0
9813758,CPI,P19793,compound,protein,0
9813758,CPI,P54132,compound,protein,0
9813758,CPI,O75164,compound,protein,0
9813758,CPI,P09917,compound,protein,0
9813758,CPI,O43781,compound,protein,0
9813758,CPI,P25021,compound,protein,0
9813758,CPI,Q96QE3,compound,protein,0
9813758,CPI,P21728,compound,protein,0
9815618,CPI,P50750,compound,protein,0
9819927,CPI,Q5T601,compound,protein,1
9820008,CPI,Q9UKE5,compound,protein,0
9823820,CPI,Q9Y572,compound,protein,1
9823820,CPI,P08588,compound,protein,0
9825149,CPI,P08069,compound,protein,1
9826308,CPI,O75116,compound,protein,1
9826308,CPI,P04629,compound,protein,1
9826308,CPI,P06213,compound,protein,1
9826308,CPI,P23443,compound,protein,1
9826308,CPI,P53350,compound,protein,1
9826308,CPI,P53667,compound,protein,1
9826308,CPI,Q13557,compound,protein,1
9826308,CPI,P09917,compound,protein,0
9826308,CPI,P21917,compound,protein,0
9826308,CPI,Q9UNA4,compound,protein,0
9826308,CPI,Q16832,compound,protein,0
9826308,CPI,Q9H093,compound,protein,0
9826308,CPI,Q9UPZ9,compound,protein,0
9826308,CPI,P41240,compound,protein,0
9828429,CPI,O75874,compound,protein,1
9829523,CPI,O14730,compound,protein,1
9829523,CPI,P27361,compound,protein,1
9829523,CPI,P29322,compound,protein,1
9829523,CPI,P36894,compound,protein,1
9829523,CPI,P42681,compound,protein,1
9829523,CPI,P51813,compound,protein,1
9829523,CPI,P53778,compound,protein,1
9829523,CPI,Q13873,compound,protein,1
9829523,CPI,Q56UN5,compound,protein,1
9829523,CPI,Q96BR1,compound,protein,1
9829523,CPI,P06746,compound,protein,0
9829523,CPI,Q96KQ7,compound,protein,0
9829523,CPI,P10828,compound,protein,0
9829523,CPI,O43570,compound,protein,0
9829523,CPI,P30542,compound,protein,0
9829523,CPI,Q9UBS5,compound,protein,0
9829523,CPI,P30556,compound,protein,0
9829523,CPI,P27815,compound,protein,0
9829523,CPI,P21397,compound,protein,0
9829526,CPI,Q5BJF2,compound,protein,1
9830392,CPI,P45452,compound,protein,1
9830392,CPI,P22455,compound,protein,0
9830392,CPI,Q13043,compound,protein,0
9836739,CPI,Q04771,compound,protein,0
9839842,CPI,Q99714,compound,protein,0
9840076,CPI,Q16236,compound,protein,1
9841596,CPI,Q9NUW8,compound,protein,0
9841596,CPI,P16473,compound,protein,0
984170,CPI,Q9NUW8,compound,protein,1
9841834,CPI,P14415,compound,protein,1
9841834,CPI,P40225,compound,protein,0
9841972,CPI,P29274,compound,protein,0
9841972,CPI,P29320,compound,protein,0
9841972,CPI,Q00537,compound,protein,0
9846332,CPI,P49137,compound,protein,0
9849616,CPI,P25021,compound,protein,1
9849616,CPI,P25103,compound,protein,1
9849616,CPI,P25105,compound,protein,1
9849616,CPI,P46098,compound,protein,1
9849616,CPI,Q12852,compound,protein,0
9858940,CPI,P20815,compound,protein,0
9858940,CPI,P10636,compound,protein,0
9863367,CPI,P30530,compound,protein,1
9863367,CPI,P36507,compound,protein,1
9863367,CPI,Q13464,compound,protein,1
9863367,CPI,Q86V86,compound,protein,1
9863367,CPI,P29322,compound,protein,0
9863367,CPI,P35218,compound,protein,0
9863367,CPI,Q13163,compound,protein,0
9864378,CPI,P43166,compound,protein,0
9865515,CPI,Q14524,compound,protein,0
9865515,CPI,P10828,compound,protein,0
9865554,CPI,Q06710,compound,protein,0
9867642,CPI,P08912,compound,protein,1
9867642,CPI,P50406,compound,protein,1
9867642,CPI,Q08499,compound,protein,1
9867642,CPI,Q9HCP0,compound,protein,0
9867812,CPI,O00591,compound,protein,1
9868037,CPI,P07949,compound,protein,1
9868037,CPI,P21127,compound,protein,0
9871875,CPI,P13569,compound,protein,1
9871875,CPI,Q86W47,compound,protein,1
9871875,CPI,P19784,compound,protein,0
9872740,CPI,Q9NUW8,compound,protein,0
9874913,CPI,O43293,compound,protein,1
9874913,CPI,O75676,compound,protein,1
9874913,CPI,P00533,compound,protein,1
9874913,CPI,P04049,compound,protein,1
9874913,CPI,P37023,compound,protein,1
9874913,CPI,P78356,compound,protein,1
9874913,CPI,Q07002,compound,protein,1
9874913,CPI,Q59H18,compound,protein,1
9874913,CPI,Q6DT37,compound,protein,1
9874913,CPI,Q7KZI7,compound,protein,1
9874913,CPI,Q8WXR4,compound,protein,1
9874913,CPI,Q96L34,compound,protein,1
9874913,CPI,Q99640,compound,protein,1
9874913,CPI,Q99683,compound,protein,1
9874913,CPI,Q9P2K8,compound,protein,1
9874913,CPI,P18089,compound,protein,0
9874913,CPI,P32245,compound,protein,0
9874913,CPI,Q9NR56,compound,protein,0
9874913,CPI,O00329,compound,protein,0
9874913,CPI,Q9UBT6,compound,protein,0
9874913,CPI,P00734,compound,protein,0
9875401,CPI,P11229,compound,protein,1
9877265,CPI,P06213,compound,protein,0
9880,CPI,Q03181,compound,protein,1
9880,CPI,Q9H0K1,compound,protein,0
9882625,CPI,Q9NUW8,compound,protein,0
9882972,CPI,P10275,compound,protein,1
9884685,CPI,P08631,compound,protein,1
9884685,CPI,P31751,compound,protein,1
9884685,CPI,P37173,compound,protein,1
9884685,CPI,Q15746,compound,protein,1
9884685,CPI,Q8NE63,compound,protein,1
9884685,CPI,Q8WTQ7,compound,protein,1
9884685,CPI,Q9NYL2,compound,protein,1
9884685,CPI,Q9UBE8,compound,protein,1
9884685,CPI,Q14524,compound,protein,0
9884685,CPI,P21397,compound,protein,0
9884685,CPI,Q9UBS5,compound,protein,0
9884685,CPI,P54803,compound,protein,0
9884685,CPI,P28222,compound,protein,0
9884685,CPI,Q9UBT6,compound,protein,0
9884685,CPI,P08173,compound,protein,0
9884685,CPI,P43220,compound,protein,0
9884685,CPI,P41143,compound,protein,0
9884685,CPI,P08908,compound,protein,0
9886086,CPI,O60674,compound,protein,0
9887537,CPI,P21917,compound,protein,1
9887537,CPI,O15296,compound,protein,0
9887870,CPI,P08253,compound,protein,1
9888030,CPI,Q9NSD5,compound,protein,1
9888030,CPI,P49336,compound,protein,0
9888590,CPI,P46663,compound,protein,0
98889,CPI,Q99700,compound,protein,0
9893924,CPI,Q9BZL6,compound,protein,0
9903,CPI,Q96RI1,compound,protein,1
9903,CPI,P21397,compound,protein,0
9903,CPI,P42680,compound,protein,0
9903757,CPI,O43193,compound,protein,0
9903786,CPI,P43351,compound,protein,0
9904,CPI,Q8NFD2,compound,protein,0
9904,CPI,Q8N568,compound,protein,0
9904854,CPI,P09488,compound,protein,0
9906851,CPI,P14867,compound,protein,0
9907093,CPI,P42338,compound,protein,1
990823,CPI,P51151,compound,protein,1
9908783,CPI,P41968,compound,protein,0
9908992,CPI,P23458,compound,protein,0
9911830,CPI,P0DMS8,compound,protein,1
9911830,CPI,P11274,compound,protein,1
9911830,CPI,P43681,compound,protein,1
9911830,CPI,Q99808,compound,protein,1
9911830,CPI,Q9UNQ0,compound,protein,1
9911830,CPI,P83916,compound,protein,0
9912743,CPI,P13612,compound,protein,1
9913,CPI,P04406,compound,protein,1
9913,CPI,P37023,compound,protein,0
9914412,CPI,O96013,compound,protein,1
9914412,CPI,P49760,compound,protein,1
9914412,CPI,Q07912,compound,protein,1
9914412,CPI,Q02763,compound,protein,0
9914412,CPI,Q13554,compound,protein,0
9915743,CPI,O14976,compound,protein,1
9915743,CPI,P07332,compound,protein,1
9915743,CPI,P12931,compound,protein,1
9915743,CPI,P21709,compound,protein,1
9915743,CPI,P32298,compound,protein,1
9915743,CPI,P48729,compound,protein,1
9915743,CPI,P51817,compound,protein,1
9915743,CPI,Q13233,compound,protein,1
9915743,CPI,Q13557,compound,protein,1
9915743,CPI,Q15746,compound,protein,1
9915743,CPI,Q6XUX3,compound,protein,1
9915743,CPI,Q92772,compound,protein,1
9915743,CPI,Q96SB4,compound,protein,1
9915743,CPI,Q9H093,compound,protein,1
9915743,CPI,Q9UKI8,compound,protein,1
9915743,CPI,Q9HC97,compound,protein,0
9915743,CPI,P10636,compound,protein,0
9915743,CPI,O75874,compound,protein,0
9915886,CPI,Q99928,compound,protein,1
9915886,CPI,P80192,compound,protein,0
9918,CPI,P04629,compound,protein,0
992,CPI,P37023,compound,protein,0
9926048,CPI,P36544,compound,protein,1
9926791,CPI,O00506,compound,protein,1
9926791,CPI,O15264,compound,protein,1
9926791,CPI,P0C1S8,compound,protein,1
9926791,CPI,P10721,compound,protein,1
9926791,CPI,P11229,compound,protein,1
9926791,CPI,P19525,compound,protein,1
9926791,CPI,P27448,compound,protein,1
9926791,CPI,P31152,compound,protein,1
9926791,CPI,P41240,compound,protein,1
9926791,CPI,Q00537,compound,protein,1
9926791,CPI,Q15349,compound,protein,1
9926791,CPI,Q8IWQ3,compound,protein,1
9926791,CPI,Q99755,compound,protein,1
9926791,CPI,Q9BVS4,compound,protein,1
9926791,CPI,Q9UQM7,compound,protein,1
9926791,CPI,Q9Y2H1,compound,protein,1
9926791,CPI,Q9Y5S2,compound,protein,1
9926791,CPI,P00918,compound,protein,0
9926791,CPI,Q99700,compound,protein,0
9926791,CPI,P04062,compound,protein,0
9926791,CPI,Q16665,compound,protein,0
9926791,CPI,P21452,compound,protein,0
9926791,CPI,P32238,compound,protein,0
9927531,CPI,O14746,compound,protein,1
9927768,CPI,P49354,compound,protein,0
9931954,CPI,O95271,compound,protein,1
9931954,CPI,P06493,compound,protein,1
9931954,CPI,P27448,compound,protein,1
9931954,CPI,P28223,compound,protein,1
9931954,CPI,Q08499,compound,protein,1
9931954,CPI,O43318,compound,protein,0
9931954,CPI,Q16288,compound,protein,0
9931954,CPI,P43403,compound,protein,0
9931954,CPI,P36894,compound,protein,0
9933475,CPI,O00418,compound,protein,1
9933475,CPI,P09769,compound,protein,1
9933475,CPI,P11802,compound,protein,1
9933475,CPI,P21127,compound,protein,1
9933475,CPI,P35916,compound,protein,1
9933475,CPI,P42345,compound,protein,1
9933475,CPI,Q13153,compound,protein,1
9933475,CPI,Q15831,compound,protein,1
9933475,CPI,Q16644,compound,protein,1
9933475,CPI,Q86V86,compound,protein,1
9933475,CPI,Q8NEV4,compound,protein,1
9933475,CPI,Q8TDR2,compound,protein,1
9933475,CPI,Q9C098,compound,protein,1
9933475,CPI,Q9NYL2,compound,protein,1
9933475,CPI,Q12809,compound,protein,0
9933475,CPI,Q16665,compound,protein,0
9933475,CPI,P11473,compound,protein,0
9933475,CPI,Q13148,compound,protein,0
9933475,CPI,P04278,compound,protein,0
9933475,CPI,P21731,compound,protein,0
9933475,CPI,P19838,compound,protein,0
9934347,CPI,O43293,compound,protein,1
9934347,CPI,P08631,compound,protein,1
9934347,CPI,P50613,compound,protein,1
9934347,CPI,Q96PF2,compound,protein,1
9934347,CPI,Q14004,compound,protein,0
9934347,CPI,P36896,compound,protein,0
9934347,CPI,P25103,compound,protein,0
9934347,CPI,O76039,compound,protein,0
9939609,CPI,P47712,compound,protein,1
9941444,CPI,P32745,compound,protein,1
9941444,CPI,P35372,compound,protein,1
9941444,CPI,Q9NUW8,compound,protein,0
9949093,CPI,Q9Y6K9,compound,protein,1
9949641,CPI,P05177,compound,protein,1
9949641,CPI,P08908,compound,protein,0
9952605,CPI,Q15208,compound,protein,0
9952605,CPI,Q9Y243,compound,protein,0
9952709,CPI,Q13464,compound,protein,0
9952773,CPI,P07333,compound,protein,1
9952773,CPI,P29597,compound,protein,1
9952773,CPI,P51957,compound,protein,1
9952773,CPI,Q05397,compound,protein,1
9952773,CPI,Q13237,compound,protein,1
9952773,CPI,Q15759,compound,protein,1
9952773,CPI,Q9H4B4,compound,protein,1
9952773,CPI,P42336,compound,protein,0
9952773,CPI,Q6PHR2,compound,protein,0
9952773,CPI,P28223,compound,protein,0
9952773,CPI,P19525,compound,protein,0
9952884,CPI,P22748,compound,protein,0
9953065,CPI,P06493,compound,protein,0
9953599,CPI,P23458,compound,protein,0
9953769,CPI,O14733,compound,protein,0
9956119,CPI,O15111,compound,protein,1
9956119,CPI,O95819,compound,protein,1
9956119,CPI,P07948,compound,protein,1
9956119,CPI,P49137,compound,protein,1
9956119,CPI,Q13882,compound,protein,1
9956119,CPI,P16499,compound,protein,0
9956119,CPI,Q86V86,compound,protein,0
9956119,CPI,O94925,compound,protein,0
9956119,CPI,O15296,compound,protein,0
9956637,CPI,P10275,compound,protein,0
996,CPI,P07451,compound,protein,1
9989505,CPI,P21728,compound,protein,0
9994677,CPI,Q01959,compound,protein,1
