head,relation,tail,head_type,tail_type,label
100016,CPI,P23975,compound,protein,0
10022508,CPI,Q99798,compound,protein,0
10029385,CPI,P31751,compound,protein,1
10029385,CPI,Q9P2E9,compound,protein,0
100526,CPI,P05177,compound,protein,0
10074640,CPI,P00533,compound,protein,1
10074640,CPI,P07948,compound,protein,1
10074640,CPI,P08922,compound,protein,1
10074640,CPI,P33981,compound,protein,1
10074640,CPI,P51617,compound,protein,1
10074640,CPI,P53779,compound,protein,1
10074640,CPI,Q04771,compound,protein,1
10074640,CPI,Q13627,compound,protein,1
10074640,CPI,Q15835,compound,protein,1
10074640,CPI,Q16288,compound,protein,1
10074640,CPI,Q8IY84,compound,protein,1
10074640,CPI,Q8TBX8,compound,protein,1
10074640,CPI,Q9BVS4,compound,protein,1
10074640,CPI,Q9H0K1,compound,protein,1
10074640,CPI,Q9NWZ3,compound,protein,1
10074640,CPI,Q9NY57,compound,protein,1
10074640,CPI,Q9UBF8,compound,protein,1
10074640,CPI,Q9UQ88,compound,protein,1
10074640,CPI,P50570,compound,protein,0
10074640,CPI,O00754,compound,protein,0
10074640,CPI,Q3T906,compound,protein,0
10074640,CPI,P16885,compound,protein,0
10074640,CPI,P06858,compound,protein,0
10074640,CPI,Q13003,compound,protein,0
10074640,CPI,P00338,compound,protein,0
10074640,CPI,P23921,compound,protein,0
10074640,CPI,Q8IZS8,compound,protein,0
10074640,CPI,P31644,compound,protein,0
10077147,CPI,Q8N884,compound,protein,1
10077147,CPI,P31040,compound,protein,0
10090485,CPI,O95819,compound,protein,1
10090485,CPI,P36896,compound,protein,1
10109069,CPI,P39023,compound,protein,0
10109823,CPI,P00533,compound,protein,1
10109823,CPI,Q13639,compound,protein,0
10113978,CPI,O43293,compound,protein,1
10113978,CPI,O75676,compound,protein,1
10113978,CPI,O95835,compound,protein,1
10113978,CPI,P04049,compound,protein,1
10113978,CPI,P29320,compound,protein,1
10113978,CPI,Q02750,compound,protein,1
10113978,CPI,Q13554,compound,protein,1
10113978,CPI,Q16288,compound,protein,1
10113978,CPI,Q2M2I8,compound,protein,1
10113978,CPI,Q86UE8,compound,protein,1
10113978,CPI,Q8IY84,compound,protein,1
10113978,CPI,Q99640,compound,protein,1
10113978,CPI,Q9H3Y6,compound,protein,1
10113978,CPI,Q9H4B4,compound,protein,1
10113978,CPI,Q14145,compound,protein,0
10113978,CPI,Q99798,compound,protein,0
10113978,CPI,Q16602,compound,protein,0
10113978,CPI,P32754,compound,protein,0
10113978,CPI,Q9UKM7,compound,protein,0
10113978,CPI,Q8N543,compound,protein,0
10113978,CPI,P49810,compound,protein,0
10113978,CPI,Q9NSD5,compound,protein,0
10113978,CPI,P23297,compound,protein,0
10113978,CPI,P49448,compound,protein,0
10117987,CPI,P0DMS8,compound,protein,1
10126189,CPI,P08047,compound,protein,1
10127622,CPI,O00238,compound,protein,1
10127622,CPI,O75116,compound,protein,1
10127622,CPI,P06213,compound,protein,1
10127622,CPI,P07550,compound,protein,1
10127622,CPI,P08631,compound,protein,1
10127622,CPI,P49761,compound,protein,1
10127622,CPI,P57058,compound,protein,1
10127622,CPI,P57078,compound,protein,1
10127622,CPI,Q04771,compound,protein,1
10127622,CPI,Q13523,compound,protein,1
10127622,CPI,Q13546,compound,protein,1
10127622,CPI,Q56UN5,compound,protein,1
10127622,CPI,Q86Z02,compound,protein,1
10127622,CPI,Q8TDC3,compound,protein,1
10127622,CPI,Q9BYT3,compound,protein,1
10127622,CPI,Q9UEE5,compound,protein,1
10127622,CPI,Q9UKI8,compound,protein,1
10127622,CPI,Q02224,compound,protein,0
10127622,CPI,P16444,compound,protein,0
10127622,CPI,Q15119,compound,protein,0
10127622,CPI,P29459,compound,protein,0
10127622,CPI,P51685,compound,protein,0
10127622,CPI,Q13564,compound,protein,0
10127622,CPI,A0AVT1,compound,protein,0
10127622,CPI,P08559,compound,protein,0
10127622,CPI,P13612,compound,protein,0
10127622,CPI,P13639,compound,protein,0
10127622,CPI,Q10588,compound,protein,0
10127622,CPI,P40926,compound,protein,0
10127622,CPI,Q9UGM6,compound,protein,0
10133,CPI,P49798,compound,protein,1
10133,CPI,Q08211,compound,protein,0
10135759,CPI,Q05586,compound,protein,1
10152654,CPI,P09668,compound,protein,1
10152654,CPI,Q9Y2I7,compound,protein,0
10152654,CPI,P28335,compound,protein,0
10154,CPI,P08172,compound,protein,0
10154,CPI,P50406,compound,protein,0
10158940,CPI,P09619,compound,protein,1
10168,CPI,P11168,compound,protein,0
10172943,CPI,Q16236,compound,protein,1
10173277,CPI,Q9Y2I7,compound,protein,1
10173277,CPI,P29459,compound,protein,1
10173949,CPI,P15056,compound,protein,1
1017704,CPI,P54762,compound,protein,0
10184653,CPI,O43318,compound,protein,1
10184653,CPI,O76039,compound,protein,1
10184653,CPI,P07949,compound,protein,1
10184653,CPI,P08631,compound,protein,1
10184653,CPI,P09769,compound,protein,1
10184653,CPI,P23458,compound,protein,1
10184653,CPI,P42680,compound,protein,1
10184653,CPI,P51955,compound,protein,1
10184653,CPI,P53779,compound,protein,1
10184653,CPI,P78368,compound,protein,1
10184653,CPI,Q02750,compound,protein,1
10184653,CPI,Q04771,compound,protein,1
10184653,CPI,Q13153,compound,protein,1
10184653,CPI,Q13470,compound,protein,1
10184653,CPI,Q15759,compound,protein,1
10184653,CPI,Q8IU85,compound,protein,1
10184653,CPI,Q8N568,compound,protein,1
10184653,CPI,Q8WTQ7,compound,protein,1
10184653,CPI,Q9NRM7,compound,protein,1
10184653,CPI,P25090,compound,protein,0
10184653,CPI,P05198,compound,protein,0
10184653,CPI,Q02224,compound,protein,0
10184653,CPI,P49810,compound,protein,0
10184653,CPI,Q16581,compound,protein,0
10184653,CPI,P54578,compound,protein,0
10200390,CPI,O75582,compound,protein,1
10200390,CPI,P04626,compound,protein,1
10200390,CPI,P23443,compound,protein,1
10200390,CPI,P42679,compound,protein,1
10200390,CPI,P45984,compound,protein,1
10200390,CPI,Q16288,compound,protein,1
10200390,CPI,Q16644,compound,protein,1
10200390,CPI,Q8IW41,compound,protein,1
10200390,CPI,Q9Y6M4,compound,protein,1
10200390,CPI,P34981,compound,protein,0
10201696,CPI,P30542,compound,protein,0
10202642,CPI,P01137,compound,protein,1
10202642,CPI,P09601,compound,protein,0
10202642,CPI,Q15119,compound,protein,0
10205,CPI,Q16613,compound,protein,0
10206158,CPI,P43681,compound,protein,0
10208,CPI,P46063,compound,protein,1
10208,CPI,P08908,compound,protein,0
10212,CPI,Q92847,compound,protein,0
10219,CPI,P15880,compound,protein,1
10219,CPI,P21917,compound,protein,0
10252734,CPI,Q92830,compound,protein,1
102614,CPI,O43451,compound,protein,1
102614,CPI,P05091,compound,protein,1
102614,CPI,P01258,compound,protein,0
10265481,CPI,P20618,compound,protein,0
10275777,CPI,P30613,compound,protein,0
10295295,CPI,P10600,compound,protein,0
10296883,CPI,O00444,compound,protein,1
10296883,CPI,P08684,compound,protein,1
10296883,CPI,P50613,compound,protein,1
10296883,CPI,P34981,compound,protein,0
10296883,CPI,Q9NR97,compound,protein,0
10296883,CPI,Q6J4K2,compound,protein,0
10297043,CPI,P04626,compound,protein,1
10297043,CPI,P22607,compound,protein,1
1030,CPI,P07949,compound,protein,0
10302451,CPI,P29323,compound,protein,1
10302451,CPI,P36897,compound,protein,1
10302451,CPI,O60894,compound,protein,0
10302451,CPI,Q3T906,compound,protein,0
10313,CPI,P42574,compound,protein,0
10322450,CPI,P35462,compound,protein,0
10335364,CPI,P08684,compound,protein,1
10341154,CPI,O94806,compound,protein,1
10341154,CPI,Q8IWU5,compound,protein,0
10341154,CPI,P28223,compound,protein,0
10365,CPI,Q96NZ9,compound,protein,0
10365,CPI,P16444,compound,protein,0
10366136,CPI,P15735,compound,protein,1
10366136,CPI,P22830,compound,protein,1
10366136,CPI,Q9HBW0,compound,protein,0
10366136,CPI,O00767,compound,protein,0
10366136,CPI,Q92633,compound,protein,0
10377751,CPI,P51151,compound,protein,1
10377751,CPI,Q9HBW0,compound,protein,0
10404245,CPI,Q8WTQ7,compound,protein,0
10410310,CPI,Q02750,compound,protein,0
10410894,CPI,Q92633,compound,protein,0
10427712,CPI,O00764,compound,protein,1
10427712,CPI,O96013,compound,protein,1
10427712,CPI,P06239,compound,protein,1
10427712,CPI,P0C1S8,compound,protein,1
10427712,CPI,P48736,compound,protein,1
10427712,CPI,P54760,compound,protein,1
10427712,CPI,Q16620,compound,protein,1
10427712,CPI,Q16816,compound,protein,1
10427712,CPI,Q96GD4,compound,protein,1
10427712,CPI,Q9H3Y6,compound,protein,1
10427712,CPI,Q9UF33,compound,protein,1
10427712,CPI,P16066,compound,protein,0
10427712,CPI,Q96A05,compound,protein,0
10427712,CPI,Q96PD7,compound,protein,0
10427712,CPI,P62750,compound,protein,0
10427712,CPI,Q9Y239,compound,protein,0
10427712,CPI,P54707,compound,protein,0
10427712,CPI,Q9UBB5,compound,protein,0
10427712,CPI,P11766,compound,protein,0
10427712,CPI,P56704,compound,protein,0
10427712,CPI,P27449,compound,protein,0
10427712,CPI,Q9NYP7,compound,protein,0
10429242,CPI,P06213,compound,protein,1
10430360,CPI,P49761,compound,protein,1
10430360,CPI,P53779,compound,protein,1
10430360,CPI,P22792,compound,protein,0
10430360,CPI,Q8WW43,compound,protein,0
10436840,CPI,P31749,compound,protein,1
10461508,CPI,Q9NYY3,compound,protein,1
10461508,CPI,P43003,compound,protein,0
10461815,CPI,O75582,compound,protein,1
10461815,CPI,O94804,compound,protein,1
10461815,CPI,P00519,compound,protein,1
10461815,CPI,P35590,compound,protein,1
10461815,CPI,P43405,compound,protein,1
10461815,CPI,Q13873,compound,protein,1
10461815,CPI,Q16584,compound,protein,1
10461815,CPI,Q86YV6,compound,protein,1
10461815,CPI,Q9BRS2,compound,protein,1
10461815,CPI,Q9H4B4,compound,protein,1
10461815,CPI,Q9HCP0,compound,protein,1
10461815,CPI,P29972,compound,protein,0
10461815,CPI,A4D1B5,compound,protein,0
10461815,CPI,P55809,compound,protein,0
10461815,CPI,Q10471,compound,protein,0
10461815,CPI,Q8N3A8,compound,protein,0
10461815,CPI,Q8N371,compound,protein,0
10461815,CPI,P28062,compound,protein,0
10461815,CPI,Q99500,compound,protein,0
10461815,CPI,Q9UP95,compound,protein,0
10461815,CPI,P49366,compound,protein,0
10461815,CPI,P01112,compound,protein,0
10461815,CPI,P59543,compound,protein,0
10461815,CPI,Q9GZZ6,compound,protein,0
10461815,CPI,Q9Y694,compound,protein,0
10474339,CPI,Q01959,compound,protein,0
1048267,CPI,Q09013,compound,protein,0
104842,CPI,P53609,compound,protein,0
104842,CPI,P43004,compound,protein,0
104850,CPI,P08173,compound,protein,1
104850,CPI,P41145,compound,protein,1
104850,CPI,O15438,compound,protein,0
104850,CPI,P29972,compound,protein,0
104865,CPI,P21397,compound,protein,1
104867,CPI,P09467,compound,protein,0
104956,CPI,Q7Z2W7,compound,protein,1
104956,CPI,P29972,compound,protein,0
104956,CPI,P36888,compound,protein,0
105078,CPI,P31644,compound,protein,1
105078,CPI,Q15743,compound,protein,0
105078,CPI,Q13075,compound,protein,0
105078,CPI,P07333,compound,protein,0
10531,CPI,P28221,compound,protein,1
10631,CPI,Q96BI3,compound,protein,0
1065,CPI,P15336,compound,protein,0
10668061,CPI,P21554,compound,protein,0
1075698,CPI,Q9UNA4,compound,protein,1
1075698,CPI,Q5QJU3,compound,protein,0
1075698,CPI,O43323,compound,protein,0
10767,CPI,P43487,compound,protein,0
107704,CPI,Q96BI3,compound,protein,0
107715,CPI,P08908,compound,protein,1
107751,CPI,P04150,compound,protein,1
107751,CPI,Q8N6T3,compound,protein,0
107775,CPI,Q9H422,compound,protein,0
107775,CPI,P13866,compound,protein,0
107780,CPI,P35462,compound,protein,1
107780,CPI,P38606,compound,protein,0
107905,CPI,Q8N6T3,compound,protein,0
107926,CPI,P32320,compound,protein,0
107930,CPI,Q9UH92,compound,protein,0
107950,CPI,P31644,compound,protein,1
107970,CPI,Q92696,compound,protein,0
107982,CPI,P33261,compound,protein,1
107982,CPI,O95398,compound,protein,0
107982,CPI,Q9UDR5,compound,protein,0
107985,CPI,Q00653,compound,protein,1
107985,CPI,P40933,compound,protein,0
1080352,CPI,P00734,compound,protein,0
108143,CPI,P11229,compound,protein,1
1092458,CPI,Q9Y2K2,compound,protein,0
10947895,CPI,P08172,compound,protein,1
10947895,CPI,P08588,compound,protein,1
10947895,CPI,P31645,compound,protein,1
10947895,CPI,Q93084,compound,protein,0
10947895,CPI,O95551,compound,protein,0
10970751,CPI,O00444,compound,protein,0
10970751,CPI,P21554,compound,protein,0
11001318,CPI,P62937,compound,protein,0
11003969,CPI,P49137,compound,protein,0
1102,CPI,P11388,compound,protein,0
11052947,CPI,O43193,compound,protein,0
110634,CPI,Q07343,compound,protein,1
110634,CPI,Q9Y233,compound,protein,1
110634,CPI,P14416,compound,protein,0
110635,CPI,P54750,compound,protein,1
11152667,CPI,Q13490,compound,protein,0
11152667,CPI,Q9UGI6,compound,protein,0
11152667,CPI,P41229,compound,protein,0
11152667,CPI,Q86W47,compound,protein,0
11154555,CPI,P28335,compound,protein,1
11154555,CPI,P35462,compound,protein,1
11167602,CPI,P08908,compound,protein,1
11167602,CPI,P09493,compound,protein,0
11175137,CPI,Q9Y243,compound,protein,1
11175137,CPI,P06280,compound,protein,0
11192346,CPI,Q9H2G2,compound,protein,0
11192346,CPI,P08588,compound,protein,0
11207937,CPI,O15075,compound,protein,0
11207937,CPI,Q8NFD2,compound,protein,0
11213350,CPI,P07550,compound,protein,0
11213558,CPI,O00750,compound,protein,1
11213558,CPI,O60674,compound,protein,1
11213558,CPI,O94806,compound,protein,1
11213558,CPI,P07947,compound,protein,1
11213558,CPI,P11362,compound,protein,1
11213558,CPI,P14616,compound,protein,1
11213558,CPI,P15056,compound,protein,1
11213558,CPI,P36888,compound,protein,1
11213558,CPI,P36897,compound,protein,1
11213558,CPI,P42685,compound,protein,1
11213558,CPI,P49760,compound,protein,1
11213558,CPI,P52333,compound,protein,1
11213558,CPI,P78362,compound,protein,1
11213558,CPI,Q13470,compound,protein,1
11213558,CPI,Q5VT25,compound,protein,1
11213558,CPI,Q8N5S9,compound,protein,1
11213558,CPI,Q96L34,compound,protein,1
11213558,CPI,Q96PF2,compound,protein,1
11213558,CPI,Q9NYL2,compound,protein,1
11213558,CPI,Q9UK32,compound,protein,1
11213558,CPI,Q9UQ88,compound,protein,1
11213558,CPI,Q8N159,compound,protein,0
11213558,CPI,O43924,compound,protein,0
11213558,CPI,O95665,compound,protein,0
11213558,CPI,P31941,compound,protein,0
11213558,CPI,Q9NZK7,compound,protein,0
11213558,CPI,Q96JM7,compound,protein,0
11213558,CPI,Q92736,compound,protein,0
11213558,CPI,P21439,compound,protein,0
11213558,CPI,Q8TF61,compound,protein,0
11213558,CPI,P46721,compound,protein,0
11213558,CPI,Q15465,compound,protein,0
11213558,CPI,Q05901,compound,protein,0
11213558,CPI,P04070,compound,protein,0
11219195,CPI,Q02221,compound,protein,0
11228183,CPI,Q12809,compound,protein,0
11234052,CPI,P31751,compound,protein,1
11234052,CPI,P36894,compound,protein,1
11234052,CPI,P41743,compound,protein,1
11234052,CPI,P51817,compound,protein,1
11234052,CPI,Q13554,compound,protein,1
11234052,CPI,Q7RTN6,compound,protein,1
11234052,CPI,Q8IY84,compound,protein,1
11234052,CPI,Q8N4C8,compound,protein,1
11234052,CPI,Q8TD19,compound,protein,1
11234052,CPI,Q96L34,compound,protein,1
11234052,CPI,Q9NRM7,compound,protein,1
11234052,CPI,Q9P0L2,compound,protein,1
11234052,CPI,Q9UKE5,compound,protein,1
11234052,CPI,O43924,compound,protein,0
11234052,CPI,P28065,compound,protein,0
11234052,CPI,Q9NXB9,compound,protein,0
11234052,CPI,Q6V1X1,compound,protein,0
11234052,CPI,P00747,compound,protein,0
11234052,CPI,P04070,compound,protein,0
11234052,CPI,P24298,compound,protein,0
11234052,CPI,Q96I99,compound,protein,0
11234052,CPI,P61313,compound,protein,0
11234052,CPI,P78417,compound,protein,0
11234052,CPI,P21266,compound,protein,0
11234052,CPI,P05155,compound,protein,0
11234052,CPI,P19320,compound,protein,0
11234052,CPI,P23416,compound,protein,0
11234052,CPI,P08243,compound,protein,0
11234052,CPI,Q05329,compound,protein,0
11234052,CPI,Q15111,compound,protein,0
11243969,CPI,O15439,compound,protein,0
11270783,CPI,P30542,compound,protein,1
11282283,CPI,P07437,compound,protein,0
11289,CPI,P10636,compound,protein,1
11289,CPI,Q16665,compound,protein,1
11292191,CPI,P10635,compound,protein,1
11292191,CPI,P23284,compound,protein,0
11302540,CPI,Q9Y5S8,compound,protein,0
11302540,CPI,Q9NUW8,compound,protein,0
11304743,CPI,P53396,compound,protein,0
11317348,CPI,P53611,compound,protein,0
11326715,CPI,P27361,compound,protein,0
1133083,CPI,P35462,compound,protein,0
11338033,CPI,O14920,compound,protein,1
11338033,CPI,O15197,compound,protein,1
11338033,CPI,O95835,compound,protein,1
11338033,CPI,P14616,compound,protein,1
11338033,CPI,P15056,compound,protein,1
11338033,CPI,P27448,compound,protein,1
11338033,CPI,P42679,compound,protein,1
11338033,CPI,P49840,compound,protein,1
11338033,CPI,Q02779,compound,protein,1
11338033,CPI,Q13164,compound,protein,1
11338033,CPI,Q99640,compound,protein,1
11338033,CPI,Q9BRS2,compound,protein,1
11338033,CPI,Q9BYT3,compound,protein,1
11338033,CPI,O00142,compound,protein,0
11338033,CPI,Q9NY47,compound,protein,0
11338033,CPI,Q05932,compound,protein,0
11338033,CPI,P50135,compound,protein,0
11338033,CPI,Q8N5K1,compound,protein,0
11338033,CPI,P55011,compound,protein,0
11338033,CPI,Q05BQ5,compound,protein,0
11338033,CPI,P28065,compound,protein,0
11338033,CPI,Q9NRF9,compound,protein,0
11338033,CPI,P05108,compound,protein,0
11338033,CPI,P28838,compound,protein,0
11338033,CPI,Q96PD7,compound,protein,0
11338033,CPI,Q8NA19,compound,protein,0
11338033,CPI,Q00722,compound,protein,0
11338033,CPI,O60733,compound,protein,0
11351021,CPI,O15075,compound,protein,0
1135867,CPI,O14843,compound,protein,0
11364421,CPI,O60885,compound,protein,1
11364421,CPI,P29322,compound,protein,1
11364421,CPI,P32298,compound,protein,1
11364421,CPI,P36896,compound,protein,1
11364421,CPI,P45983,compound,protein,1
11364421,CPI,Q13131,compound,protein,1
11364421,CPI,Q16620,compound,protein,1
11364421,CPI,Q5VT25,compound,protein,1
11364421,CPI,Q6PHR2,compound,protein,1
11364421,CPI,Q86UE8,compound,protein,1
11364421,CPI,Q92772,compound,protein,1
11364421,CPI,Q96RR4,compound,protein,1
11364421,CPI,Q9UBF8,compound,protein,1
11364421,CPI,Q9UF33,compound,protein,1
11364421,CPI,Q9Y2U5,compound,protein,1
11364421,CPI,P36776,compound,protein,0
11364421,CPI,P0DMV8,compound,protein,0
11364421,CPI,O75964,compound,protein,0
11364421,CPI,P04040,compound,protein,0
11364421,CPI,Q12888,compound,protein,0
11364421,CPI,P63279,compound,protein,0
11364421,CPI,P59544,compound,protein,0
11364421,CPI,O15121,compound,protein,0
11364421,CPI,Q13002,compound,protein,0
11364421,CPI,O00341,compound,protein,0
11364421,CPI,P51686,compound,protein,0
11364421,CPI,Q7Z2Z2,compound,protein,0
11364421,CPI,Q16853,compound,protein,0
11364421,CPI,Q9UP65,compound,protein,0
11364421,CPI,O00512,compound,protein,0
11373846,CPI,O75116,compound,protein,1
11382492,CPI,P32320,compound,protein,0
11403114,CPI,O00750,compound,protein,0
11427553,CPI,P35590,compound,protein,1
11427553,CPI,P49137,compound,protein,1
11427553,CPI,Q9UPZ9,compound,protein,1
11427553,CPI,P36543,compound,protein,0
11427553,CPI,P30872,compound,protein,0
11427553,CPI,O95954,compound,protein,0
11427553,CPI,P35579,compound,protein,0
11427553,CPI,P42765,compound,protein,0
11427553,CPI,P24468,compound,protein,0
11427553,CPI,Q96NR8,compound,protein,0
11427553,CPI,P03952,compound,protein,0
11427553,CPI,Q969G6,compound,protein,0
11427553,CPI,P36544,compound,protein,0
11427553,CPI,P61927,compound,protein,0
11427553,CPI,Q9UHL4,compound,protein,0
11434515,CPI,P08172,compound,protein,1
11438771,CPI,Q92769,compound,protein,0
11440648,CPI,Q7L7X3,compound,protein,0
11442891,CPI,P07332,compound,protein,1
11442891,CPI,P11362,compound,protein,1
11442891,CPI,Q13188,compound,protein,1
11442891,CPI,Q05823,compound,protein,0
11451527,CPI,P11362,compound,protein,1
114709,CPI,P41595,compound,protein,1
11476171,CPI,P22607,compound,protein,1
11476171,CPI,P41279,compound,protein,1
11476171,CPI,P49137,compound,protein,1
11476171,CPI,P54764,compound,protein,1
1148,CPI,Q6PHR2,compound,protein,0
114829,CPI,Q9NUW8,compound,protein,0
11485656,CPI,O15530,compound,protein,1
11485656,CPI,O43293,compound,protein,1
11485656,CPI,O75676,compound,protein,1
11485656,CPI,P12931,compound,protein,1
11485656,CPI,P51955,compound,protein,1
11485656,CPI,Q14289,compound,protein,1
11485656,CPI,Q16584,compound,protein,1
11485656,CPI,Q86UE8,compound,protein,1
11485656,CPI,Q8IW41,compound,protein,1
11485656,CPI,Q8NEV4,compound,protein,1
11485656,CPI,Q8TDX7,compound,protein,1
11485656,CPI,Q96RR4,compound,protein,1
11485656,CPI,Q9BZL6,compound,protein,1
11485656,CPI,Q9UF33,compound,protein,1
11485656,CPI,Q9Y243,compound,protein,1
11485656,CPI,Q9NR63,compound,protein,0
11485656,CPI,P07098,compound,protein,0
11485656,CPI,P41440,compound,protein,0
11485656,CPI,P10586,compound,protein,0
11485656,CPI,P29034,compound,protein,0
11485656,CPI,O43924,compound,protein,0
11485656,CPI,P22736,compound,protein,0
11485656,CPI,P21730,compound,protein,0
11485656,CPI,O95259,compound,protein,0
11485656,CPI,Q96KS0,compound,protein,0
11485656,CPI,Q13733,compound,protein,0
11488320,CPI,P29317,compound,protein,1
11488320,CPI,Q14833,compound,protein,0
11497983,CPI,O14757,compound,protein,1
11497983,CPI,Q14164,compound,protein,1
11503972,CPI,Q96CA5,compound,protein,0
11503972,CPI,P17676,compound,protein,0
11507802,CPI,Q9BZL6,compound,protein,0
1150897,CPI,P21917,compound,protein,0
11511120,CPI,P06401,compound,protein,1
11511120,CPI,Q6IA69,compound,protein,0
115113,CPI,P23975,compound,protein,0
115163,CPI,Q9UIK4,compound,protein,0
115210,CPI,Q8TDU6,compound,protein,0
11524144,CPI,P36888,compound,protein,1
11524144,CPI,P37023,compound,protein,1
11524144,CPI,Q13873,compound,protein,1
115348,CPI,A8K7I4,compound,protein,0
115368,CPI,P08172,compound,protein,1
115368,CPI,P18858,compound,protein,0
115368,CPI,O60911,compound,protein,0
11538455,CPI,Q9ULC6,compound,protein,0
11538455,CPI,P39877,compound,protein,0
11552706,CPI,P08588,compound,protein,0
11556711,CPI,P28062,compound,protein,1
11556711,CPI,Q16637,compound,protein,0
11570626,CPI,P18825,compound,protein,0
11598628,CPI,P35968,compound,protein,1
11609955,CPI,P01023,compound,protein,0
11609955,CPI,P04278,compound,protein,0
11612883,CPI,Q05397,compound,protein,1
11612883,CPI,Q14164,compound,protein,0
11617559,CPI,P07948,compound,protein,1
11617559,CPI,P08631,compound,protein,1
11617559,CPI,P43403,compound,protein,1
11617559,CPI,P49759,compound,protein,1
11617559,CPI,P51813,compound,protein,1
11617559,CPI,Q13131,compound,protein,1
11617559,CPI,Q6ZN16,compound,protein,1
11617559,CPI,Q9BVS4,compound,protein,1
11617559,CPI,Q9BXA7,compound,protein,1
11617559,CPI,Q9H2X6,compound,protein,1
11617559,CPI,Q9NYL2,compound,protein,1
11617559,CPI,O60488,compound,protein,0
11617559,CPI,P07686,compound,protein,0
11617559,CPI,Q2NL67,compound,protein,0
11617559,CPI,Q05315,compound,protein,0
11617559,CPI,Q9NR33,compound,protein,0
11617559,CPI,P53004,compound,protein,0
11617559,CPI,Q15185,compound,protein,0
11617559,CPI,O75912,compound,protein,0
11620908,CPI,P04626,compound,protein,1
11622909,CPI,Q12879,compound,protein,1
11625818,CPI,O43193,compound,protein,0
11626560,CPI,O96013,compound,protein,1
11626560,CPI,P18825,compound,protein,1
11626560,CPI,P28223,compound,protein,1
11626560,CPI,P31645,compound,protein,1
11626560,CPI,Q04759,compound,protein,1
11626560,CPI,Q13131,compound,protein,1
11626560,CPI,Q13153,compound,protein,1
11626560,CPI,Q8N5S9,compound,protein,1
11626560,CPI,P09525,compound,protein,0
11626560,CPI,P32246,compound,protein,0
11626560,CPI,Q9UKX2,compound,protein,0
11626560,CPI,O14841,compound,protein,0
11626560,CPI,Q8WTV0,compound,protein,0
11626560,CPI,P00480,compound,protein,0
11626560,CPI,P22059,compound,protein,0
11626560,CPI,Q9UDR5,compound,protein,0
11626927,CPI,P53350,compound,protein,1
11631681,CPI,O14965,compound,protein,1
11631681,CPI,P17252,compound,protein,1
11631681,CPI,P24941,compound,protein,1
11631681,CPI,P28482,compound,protein,1
11631681,CPI,P22792,compound,protein,0
11634725,CPI,P41594,compound,protein,0
11640390,CPI,P08185,compound,protein,0
11644425,CPI,Q9UP65,compound,protein,0
11655119,CPI,P37173,compound,protein,1
11656518,CPI,O15264,compound,protein,1
11656518,CPI,O75385,compound,protein,1
11656518,CPI,P07949,compound,protein,1
11656518,CPI,P14616,compound,protein,1
11656518,CPI,P29376,compound,protein,1
11656518,CPI,Q07912,compound,protein,1
11656518,CPI,Q14164,compound,protein,1
11656518,CPI,Q15831,compound,protein,1
11656518,CPI,Q16832,compound,protein,1
11656518,CPI,Q8IU85,compound,protein,1
11656518,CPI,Q92772,compound,protein,1
11656518,CPI,Q99755,compound,protein,1
11656518,CPI,Q9P0L2,compound,protein,1
11656518,CPI,Q9UK32,compound,protein,1
11656518,CPI,Q9UGM6,compound,protein,0
11656518,CPI,Q9UBX1,compound,protein,0
11656518,CPI,Q9UGM1,compound,protein,0
11656518,CPI,P25788,compound,protein,0
11656518,CPI,Q969G6,compound,protein,0
11656518,CPI,P29074,compound,protein,0
11656518,CPI,Q9UHL4,compound,protein,0
11656518,CPI,P47712,compound,protein,0
11656518,CPI,O00180,compound,protein,0
11658860,CPI,P18825,compound,protein,1
11658860,CPI,P41595,compound,protein,1
11658860,CPI,Q9NQS7,compound,protein,0
11667893,CPI,O75676,compound,protein,1
11667893,CPI,P45985,compound,protein,1
11667893,CPI,P49674,compound,protein,1
11667893,CPI,P49840,compound,protein,1
11667893,CPI,P57059,compound,protein,1
11667893,CPI,Q8IW41,compound,protein,1
11667893,CPI,Q8NEV4,compound,protein,1
11667893,CPI,Q92630,compound,protein,1
11667893,CPI,Q99759,compound,protein,1
11667893,CPI,Q9P1W9,compound,protein,1
11667893,CPI,Q9UM73,compound,protein,1
11667893,CPI,Q9Y2D1,compound,protein,0
11667893,CPI,P35579,compound,protein,0
11667893,CPI,Q02127,compound,protein,0
11667893,CPI,Q14974,compound,protein,0
11667893,CPI,Q15238,compound,protein,0
11667893,CPI,P49642,compound,protein,0
11667893,CPI,O95665,compound,protein,0
11667893,CPI,Q16099,compound,protein,0
11688990,CPI,P36894,compound,protein,0
11688990,CPI,Q8TD08,compound,protein,0
11689883,CPI,Q14896,compound,protein,1
11689883,CPI,P11229,compound,protein,0
11705608,CPI,P49448,compound,protein,0
11712649,CPI,O14920,compound,protein,1
11712649,CPI,P04626,compound,protein,1
11712649,CPI,P06241,compound,protein,1
11712649,CPI,P35590,compound,protein,1
11712649,CPI,P46734,compound,protein,1
11712649,CPI,P53667,compound,protein,1
11712649,CPI,Q00535,compound,protein,1
11712649,CPI,Q04771,compound,protein,1
11712649,CPI,Q16513,compound,protein,1
11712649,CPI,Q32MK0,compound,protein,1
11712649,CPI,Q7KZI7,compound,protein,1
11712649,CPI,Q9H0K1,compound,protein,1
11712649,CPI,Q9NY57,compound,protein,1
11712649,CPI,Q9P0L2,compound,protein,1
11712649,CPI,Q9UBF8,compound,protein,1
11712649,CPI,Q9UF33,compound,protein,1
11712649,CPI,Q9Y239,compound,protein,0
11712649,CPI,P49802,compound,protein,0
11712649,CPI,P21283,compound,protein,0
11712649,CPI,P47712,compound,protein,0
11712649,CPI,P08729,compound,protein,0
11712649,CPI,P13866,compound,protein,0
11712649,CPI,P51164,compound,protein,0
11712649,CPI,P19235,compound,protein,0
11712649,CPI,P59540,compound,protein,0
11712649,CPI,P48061,compound,protein,0
11712649,CPI,P62714,compound,protein,0
11712649,CPI,Q6B0I6,compound,protein,0
11713159,CPI,P05129,compound,protein,1
11713159,CPI,P06241,compound,protein,1
11713159,CPI,P53667,compound,protein,1
11713159,CPI,P53778,compound,protein,1
11713159,CPI,P68400,compound,protein,1
11713159,CPI,Q13555,compound,protein,1
11713159,CPI,Q13557,compound,protein,1
11713159,CPI,Q9Y5Y6,compound,protein,0
11713159,CPI,Q8TD30,compound,protein,0
11713159,CPI,P67936,compound,protein,0
11713159,CPI,Q96SD1,compound,protein,0
11713159,CPI,Q2M3G0,compound,protein,0
11713159,CPI,Q8NCG7,compound,protein,0
11715767,CPI,P07333,compound,protein,1
11715767,CPI,P09619,compound,protein,1
11715767,CPI,P22607,compound,protein,1
11715767,CPI,P34947,compound,protein,1
11715767,CPI,Q13153,compound,protein,1
11715767,CPI,Q13464,compound,protein,1
11715767,CPI,Q14164,compound,protein,1
11715767,CPI,Q9HBY8,compound,protein,1
11715767,CPI,P43115,compound,protein,0
11715767,CPI,P09958,compound,protein,0
11715767,CPI,P14091,compound,protein,0
11715767,CPI,Q9ULZ9,compound,protein,0
11717001,CPI,O14920,compound,protein,1
11717001,CPI,O75385,compound,protein,1
11717001,CPI,P49841,compound,protein,1
11717001,CPI,Q14680,compound,protein,1
11717001,CPI,Q15139,compound,protein,1
11717001,CPI,Q16659,compound,protein,1
11717001,CPI,Q9HC98,compound,protein,1
11717001,CPI,Q9UBE8,compound,protein,1
11717001,CPI,Q9UEE5,compound,protein,1
11717001,CPI,Q9UIK4,compound,protein,1
11717001,CPI,Q9UQ88,compound,protein,1
11717001,CPI,Q9UQB9,compound,protein,1
11717001,CPI,O00206,compound,protein,0
11717001,CPI,P59542,compound,protein,0
11717001,CPI,P33260,compound,protein,0
11717001,CPI,P32418,compound,protein,0
11717001,CPI,Q6P6C2,compound,protein,0
11717001,CPI,P30926,compound,protein,0
11717001,CPI,P22888,compound,protein,0
11717001,CPI,Q9BV23,compound,protein,0
11717001,CPI,P48506,compound,protein,0
11717001,CPI,P18847,compound,protein,0
11717001,CPI,P11678,compound,protein,0
11749858,CPI,P00480,compound,protein,0
11754511,CPI,P47989,compound,protein,0
1176,CPI,Q9H255,compound,protein,1
11831,CPI,Q9UPZ9,compound,protein,0
11844351,CPI,P08172,compound,protein,0
11865433,CPI,P35590,compound,protein,0
11869580,CPI,O00555,compound,protein,1
11869580,CPI,Q13423,compound,protein,0
11869580,CPI,P21397,compound,protein,0
11872394,CPI,P11166,compound,protein,0
11872394,CPI,P32249,compound,protein,0
1189521,CPI,P17861,compound,protein,1
119,CPI,Q8IV61,compound,protein,0
119029,CPI,Q9UM73,compound,protein,0
119031,CPI,P03956,compound,protein,1
119031,CPI,O15552,compound,protein,0
119031,CPI,P41968,compound,protein,0
119182,CPI,Q9NUW8,compound,protein,1
119214,CPI,P00352,compound,protein,0
119461,CPI,P80192,compound,protein,0
11950170,CPI,O75116,compound,protein,1
11950170,CPI,P06493,compound,protein,1
11950170,CPI,P15735,compound,protein,1
11950170,CPI,Q16513,compound,protein,1
11950170,CPI,Q9H2X6,compound,protein,1
11950170,CPI,P51648,compound,protein,0
11950170,CPI,Q9UNU6,compound,protein,0
11950170,CPI,Q14232,compound,protein,0
11950170,CPI,P10599,compound,protein,0
11955716,CPI,P07900,compound,protein,1
119570,CPI,O95342,compound,protein,0
119570,CPI,Q12931,compound,protein,0
119570,CPI,P01579,compound,protein,0
11957499,CPI,P11021,compound,protein,1
11957499,CPI,P84022,compound,protein,1
11957586,CPI,O75747,compound,protein,0
11957615,CPI,P21728,compound,protein,1
11957615,CPI,P28335,compound,protein,1
119584,CPI,P08913,compound,protein,1
11960528,CPI,Q9HBH9,compound,protein,0
11960529,CPI,P31645,compound,protein,0
119607,CPI,P21917,compound,protein,1
119607,CPI,Q9ULX7,compound,protein,1
119607,CPI,Q9UHA3,compound,protein,0
11973736,CPI,O00512,compound,protein,0
11973736,CPI,Q9Y487,compound,protein,0
11973736,CPI,Q9NS40,compound,protein,0
11977753,CPI,P45983,compound,protein,1
11977753,CPI,P51955,compound,protein,1
11977753,CPI,Q16539,compound,protein,1
11977753,CPI,P59551,compound,protein,0
11977753,CPI,P48551,compound,protein,0
11978813,CPI,P08588,compound,protein,1
11978813,CPI,P28335,compound,protein,1
12001014,CPI,P35968,compound,protein,0
12004949,CPI,P15104,compound,protein,0
12004949,CPI,Q8TB61,compound,protein,0
12004949,CPI,P54578,compound,protein,0
12004949,CPI,P18825,compound,protein,0
1201549,CPI,P21731,compound,protein,1
1201549,CPI,P35372,compound,protein,1
1201549,CPI,Q9NRE1,compound,protein,0
1201976,CPI,P54756,compound,protein,0
12035,CPI,P54132,compound,protein,1
1204,CPI,Q494W8,compound,protein,1
1204,CPI,O60911,compound,protein,0
121051,CPI,O43570,compound,protein,0
12124,CPI,P80098,compound,protein,0
12135546,CPI,O14936,compound,protein,0
121846,CPI,Q9Y271,compound,protein,0
121877,CPI,P31749,compound,protein,0
121877,CPI,P42679,compound,protein,0
121878,CPI,P78362,compound,protein,0
121891,CPI,P31645,compound,protein,1
121891,CPI,P09493,compound,protein,0
121892,CPI,Q14680,compound,protein,0
121892,CPI,O00329,compound,protein,0
121892,CPI,P22309,compound,protein,0
1219,CPI,P21728,compound,protein,1
121930,CPI,P16473,compound,protein,1
1220,CPI,P25100,compound,protein,1
122077,CPI,P15056,compound,protein,0
122136,CPI,P03372,compound,protein,0
122162,CPI,P48039,compound,protein,1
122162,CPI,Q9NUW8,compound,protein,1
122162,CPI,Q06520,compound,protein,0
122162,CPI,P48730,compound,protein,0
122295,CPI,P18089,compound,protein,1
122327,CPI,P35610,compound,protein,1
122327,CPI,Q8NHE4,compound,protein,0
122334,CPI,P12429,compound,protein,0
12309103,CPI,P53355,compound,protein,0
12310313,CPI,Q9H093,compound,protein,0
1234,CPI,P12821,compound,protein,1
1234,CPI,Q08499,compound,protein,1
1234,CPI,O95696,compound,protein,0
1234,CPI,Q9NWT6,compound,protein,0
123606,CPI,P28221,compound,protein,1
123618,CPI,O60313,compound,protein,0
123619,CPI,P55769,compound,protein,0
123631,CPI,O00444,compound,protein,1
123631,CPI,O60674,compound,protein,1
123631,CPI,P22455,compound,protein,1
123631,CPI,P27448,compound,protein,1
123631,CPI,P29323,compound,protein,1
123631,CPI,P34947,compound,protein,1
123631,CPI,P68400,compound,protein,1
123631,CPI,Q00535,compound,protein,1
123631,CPI,Q02750,compound,protein,1
123631,CPI,Q05655,compound,protein,1
123631,CPI,Q13523,compound,protein,1
123631,CPI,Q13554,compound,protein,1
123631,CPI,Q8IVW4,compound,protein,1
123631,CPI,Q96NX5,compound,protein,1
123631,CPI,Q9BWU1,compound,protein,1
123631,CPI,Q9H422,compound,protein,1
123631,CPI,Q9HBH9,compound,protein,1
123631,CPI,Q9Y2U5,compound,protein,1
123631,CPI,Q9Y572,compound,protein,1
123631,CPI,P49915,compound,protein,0
123631,CPI,P13073,compound,protein,0
123631,CPI,Q494W8,compound,protein,0
123631,CPI,Q02218,compound,protein,0
123631,CPI,P01100,compound,protein,0
123631,CPI,Q8WYK2,compound,protein,0
123631,CPI,Q9H492,compound,protein,0
123631,CPI,P56381,compound,protein,0
123631,CPI,P00480,compound,protein,0
123631,CPI,P21730,compound,protein,0
123631,CPI,P15104,compound,protein,0
123631,CPI,Q9Y5K2,compound,protein,0
123631,CPI,P18858,compound,protein,0
123631,CPI,Q99542,compound,protein,0
123631,CPI,O00519,compound,protein,0
123631,CPI,Q15904,compound,protein,0
123662,CPI,Q9P0U3,compound,protein,0
123683,CPI,P10619,compound,protein,0
123831,CPI,P24311,compound,protein,0
123879,CPI,P03372,compound,protein,1
123879,CPI,P18825,compound,protein,1
123879,CPI,P41145,compound,protein,1
123924,CPI,P41145,compound,protein,1
123932,CPI,P31645,compound,protein,1
123932,CPI,O15440,compound,protein,0
123964,CPI,Q04864,compound,protein,1
123964,CPI,Q7KZI7,compound,protein,0
123964,CPI,P18825,compound,protein,0
124007,CPI,Q9NYW3,compound,protein,0
124087,CPI,O43399,compound,protein,0
124087,CPI,Q16769,compound,protein,0
1241420,CPI,P42684,compound,protein,0
124172,CPI,P08684,compound,protein,1
12420,CPI,P13637,compound,protein,1
124202151,CPI,Q8IVW4,compound,protein,0
124202151,CPI,P53350,compound,protein,0
124226581,CPI,O15552,compound,protein,0
1242547,CPI,P48551,compound,protein,0
124489981,CPI,P50406,compound,protein,0
124835980,CPI,P41145,compound,protein,1
125017,CPI,Q14524,compound,protein,0
125564,CPI,P35462,compound,protein,1
12560,CPI,P21728,compound,protein,1
12560,CPI,P43681,compound,protein,1
1257,CPI,P28335,compound,protein,1
1261872,CPI,P01130,compound,protein,0
126280,CPI,P19838,compound,protein,1
1263681,CPI,Q9UBX1,compound,protein,0
1263681,CPI,P23526,compound,protein,0
126388,CPI,Q99720,compound,protein,1
126388,CPI,P08684,compound,protein,0
126402,CPI,O00571,compound,protein,0
126769,CPI,P33261,compound,protein,1
126769,CPI,Q8N163,compound,protein,0
126769,CPI,Q96KQ7,compound,protein,0
126941,CPI,Q4U2R8,compound,protein,0
127898,CPI,Q06710,compound,protein,0
128268,CPI,Q14432,compound,protein,0
128355,CPI,O75496,compound,protein,1
128355,CPI,P98066,compound,protein,0
12866477,CPI,Q01959,compound,protein,0
128784,CPI,P11712,compound,protein,1
128878,CPI,P42345,compound,protein,0
1288922,CPI,Q13123,compound,protein,0
1289024,CPI,P16473,compound,protein,1
129009864,CPI,P0DMS8,compound,protein,0
129009888,CPI,P53004,compound,protein,1
129009890,CPI,P07948,compound,protein,0
129010007,CPI,P30518,compound,protein,0
129010022,CPI,O75116,compound,protein,0
129010031,CPI,P11388,compound,protein,1
129010049,CPI,P42345,compound,protein,1
129010074,CPI,P39900,compound,protein,1
129010074,CPI,O14843,compound,protein,0
129010078,CPI,Q04864,compound,protein,1
129010078,CPI,O94806,compound,protein,0
1292,CPI,Q9NUW8,compound,protein,0
1292,CPI,Q9HCP0,compound,protein,0
129211,CPI,P25021,compound,protein,1
13017911,CPI,Q9Y6K9,compound,protein,0
13021033,CPI,Q05397,compound,protein,0
1302558,CPI,O15118,compound,protein,1
1302558,CPI,Q9UBE8,compound,protein,0
1302558,CPI,Q04912,compound,protein,0
130325,CPI,P10826,compound,protein,1
130611,CPI,P29597,compound,protein,0
13071436,CPI,P0DMS8,compound,protein,0
130881,CPI,Q9NUW8,compound,protein,1
1316,CPI,Q99700,compound,protein,1
1316,CPI,P09466,compound,protein,0
13200033,CPI,Q16659,compound,protein,0
132059,CPI,P28335,compound,protein,1
132496,CPI,P26196,compound,protein,0
132496,CPI,O00222,compound,protein,0
132519,CPI,P16112,compound,protein,1
132519,CPI,Q99523,compound,protein,0
132846,CPI,P25021,compound,protein,0
132887,CPI,P00533,compound,protein,0
1329,CPI,P29274,compound,protein,1
132971,CPI,Q58F21,compound,protein,0
132981,CPI,P13639,compound,protein,0
13303884,CPI,P03372,compound,protein,1
13303884,CPI,P41143,compound,protein,1
133621,CPI,P32246,compound,protein,0
133633,CPI,P28221,compound,protein,1
134044,CPI,Q14012,compound,protein,0
134141,CPI,P28222,compound,protein,1
134141,CPI,P28335,compound,protein,1
1345,CPI,Q6W5P4,compound,protein,1
134551,CPI,P08684,compound,protein,1
134551,CPI,P11712,compound,protein,1
134778,CPI,O75688,compound,protein,0
134780,CPI,Q9UBT6,compound,protein,0
135398495,CPI,O94804,compound,protein,1
135398495,CPI,P11274,compound,protein,1
135398495,CPI,Q15349,compound,protein,1
135398495,CPI,Q9Y4K0,compound,protein,0
135398495,CPI,O43399,compound,protein,0
135398495,CPI,P07602,compound,protein,0
135398499,CPI,Q05397,compound,protein,1
135398499,CPI,Q96RR4,compound,protein,1
135398499,CPI,Q9H2K8,compound,protein,1
135398499,CPI,Q15109,compound,protein,0
135398516,CPI,P41143,compound,protein,0
135398737,CPI,P23975,compound,protein,1
135398737,CPI,Q96QE3,compound,protein,1
135398737,CPI,O43915,compound,protein,0
135398737,CPI,P28838,compound,protein,0
135398737,CPI,Q9BZ95,compound,protein,0
135398737,CPI,P19113,compound,protein,0
135398738,CPI,P30556,compound,protein,1
135398745,CPI,P07305,compound,protein,1
135398745,CPI,P28222,compound,protein,1
135398745,CPI,P34969,compound,protein,1
135398745,CPI,Q14432,compound,protein,1
135398745,CPI,P17812,compound,protein,0
135398745,CPI,Q9UGC6,compound,protein,0
135398745,CPI,O15164,compound,protein,0
135409453,CPI,P15104,compound,protein,0
135409468,CPI,P10635,compound,protein,1
135409468,CPI,O43915,compound,protein,0
135419176,CPI,Q13043,compound,protein,0
135419190,CPI,O94811,compound,protein,0
135449332,CPI,P40238,compound,protein,1
135449527,CPI,P10636,compound,protein,1
135460532,CPI,P41595,compound,protein,0
135470813,CPI,Q9BYT3,compound,protein,1
1355,CPI,P50406,compound,protein,1
1355,CPI,O15439,compound,protein,0
1355,CPI,P21728,compound,protein,0
135533054,CPI,O14920,compound,protein,0
135564985,CPI,O14843,compound,protein,0
135565082,CPI,Q53GL7,compound,protein,1
135565082,CPI,Q00722,compound,protein,0
135565545,CPI,O14757,compound,protein,1
135565635,CPI,O43283,compound,protein,1
135565635,CPI,O60674,compound,protein,1
135565635,CPI,O75582,compound,protein,1
135565635,CPI,P16591,compound,protein,1
135565635,CPI,P20794,compound,protein,1
135565635,CPI,P31749,compound,protein,1
135565635,CPI,P35916,compound,protein,1
135565635,CPI,P45983,compound,protein,1
135565635,CPI,P48729,compound,protein,1
135565635,CPI,Q13177,compound,protein,1
135565635,CPI,Q13523,compound,protein,1
135565635,CPI,Q15835,compound,protein,1
135565635,CPI,Q16288,compound,protein,1
135565635,CPI,Q16659,compound,protein,1
135565635,CPI,Q59H18,compound,protein,1
135565635,CPI,Q8TDX7,compound,protein,1
135565635,CPI,Q92630,compound,protein,1
135565635,CPI,Q9NRP7,compound,protein,1
135565635,CPI,P16455,compound,protein,0
135565635,CPI,Q02846,compound,protein,0
135565635,CPI,P15502,compound,protein,0
135565635,CPI,P46439,compound,protein,0
135565635,CPI,P10070,compound,protein,0
135565635,CPI,Q9Y266,compound,protein,0
135565635,CPI,P23526,compound,protein,0
135565635,CPI,P49768,compound,protein,0
135565635,CPI,P47895,compound,protein,0
135565635,CPI,Q7RTR8,compound,protein,0
135565635,CPI,Q04917,compound,protein,0
135565635,CPI,P33260,compound,protein,0
135565635,CPI,P15954,compound,protein,0
135565635,CPI,Q9Y2K7,compound,protein,0
135749824,CPI,P49802,compound,protein,0
1359,CPI,P05177,compound,protein,1
1359,CPI,Q9BZ95,compound,protein,0
135925261,CPI,P25021,compound,protein,0
135925692,CPI,P49841,compound,protein,0
1361332,CPI,P30556,compound,protein,0
1370,CPI,P49354,compound,protein,0
13711,CPI,Q99714,compound,protein,0
13791,CPI,P62508,compound,protein,1
1379247,CPI,Q9BPZ7,compound,protein,0
13819073,CPI,P16591,compound,protein,0
1383884,CPI,Q969G3,compound,protein,0
139032026,CPI,Q9Y266,compound,protein,0
13927310,CPI,P60953,compound,protein,1
13927312,CPI,P08173,compound,protein,0
13981868,CPI,Q13698,compound,protein,1
1398345,CPI,P10696,compound,protein,1
1398345,CPI,P54764,compound,protein,0
1398674,CPI,P49841,compound,protein,0
13994399,CPI,P17252,compound,protein,0
1400,CPI,O15296,compound,protein,1
1400,CPI,P10721,compound,protein,1
1400,CPI,Q13555,compound,protein,1
1400,CPI,Q9NYL2,compound,protein,1
1400,CPI,O60741,compound,protein,0
1400,CPI,O75874,compound,protein,0
1409759,CPI,Q9H3Y6,compound,protein,0
14187,CPI,P05177,compound,protein,1
1434953,CPI,P14616,compound,protein,0
1434956,CPI,P49761,compound,protein,0
146570,CPI,P19838,compound,protein,1
148121,CPI,P41968,compound,protein,0
148184,CPI,P48058,compound,protein,0
148192,CPI,P28223,compound,protein,1
148192,CPI,Q9H492,compound,protein,0
148192,CPI,Q14914,compound,protein,0
148198,CPI,P08684,compound,protein,1
148198,CPI,Q9NUW8,compound,protein,0
14896501,CPI,P08588,compound,protein,0
14925,CPI,Q13304,compound,protein,0
14987,CPI,P28566,compound,protein,1
14987,CPI,P49862,compound,protein,1
1502520,CPI,P35367,compound,protein,0
15096,CPI,Q9HBG4,compound,protein,0
15096,CPI,Q12830,compound,protein,0
1510379,CPI,Q92830,compound,protein,1
1510379,CPI,P00918,compound,protein,0
151075,CPI,P23219,compound,protein,1
151118,CPI,P21452,compound,protein,0
15115512,CPI,P14416,compound,protein,1
15115512,CPI,Q9Y243,compound,protein,0
15115512,CPI,Q13153,compound,protein,0
151166,CPI,P13639,compound,protein,0
151171,CPI,P37288,compound,protein,1
151194,CPI,O00311,compound,protein,1
151194,CPI,O94804,compound,protein,1
151194,CPI,P06493,compound,protein,1
151194,CPI,P27037,compound,protein,1
151194,CPI,P29322,compound,protein,1
151194,CPI,P29597,compound,protein,1
151194,CPI,P42345,compound,protein,1
151194,CPI,Q12866,compound,protein,1
151194,CPI,Q13976,compound,protein,1
151194,CPI,Q6DT37,compound,protein,1
151194,CPI,Q8IWQ3,compound,protein,1
151194,CPI,Q99755,compound,protein,1
151194,CPI,Q9H1R3,compound,protein,1
151194,CPI,Q9P2K8,compound,protein,1
151194,CPI,Q9UIK4,compound,protein,1
151194,CPI,P68366,compound,protein,0
151194,CPI,Q99500,compound,protein,0
151194,CPI,P11177,compound,protein,0
151194,CPI,O15403,compound,protein,0
151194,CPI,P48145,compound,protein,0
151194,CPI,Q14896,compound,protein,0
151194,CPI,O75907,compound,protein,0
151194,CPI,P59534,compound,protein,0
151194,CPI,P42785,compound,protein,0
151194,CPI,Q9HC62,compound,protein,0
151194,CPI,Q9HBG4,compound,protein,0
151194,CPI,P23946,compound,protein,0
151194,CPI,P07477,compound,protein,0
151194,CPI,P35573,compound,protein,0
151194,CPI,P78536,compound,protein,0
151194,CPI,Q9UGC6,compound,protein,0
151194,CPI,P05090,compound,protein,0
151582,CPI,P26447,compound,protein,1
151582,CPI,Q9HCN6,compound,protein,0
1517919,CPI,P84022,compound,protein,1
1517919,CPI,Q96L34,compound,protein,0
1520267,CPI,Q8TDU6,compound,protein,1
152946,CPI,P11388,compound,protein,1
153005,CPI,P49840,compound,protein,0
15331,CPI,P49137,compound,protein,0
1537,CPI,P17735,compound,protein,0
15387,CPI,P08912,compound,protein,1
15387,CPI,Q12809,compound,protein,1
15387,CPI,Q6IQ55,compound,protein,0
153994,CPI,Q13698,compound,protein,1
153994,CPI,Q9Y5R2,compound,protein,0
154059,CPI,Q13936,compound,protein,1
154059,CPI,P08514,compound,protein,0
1542103,CPI,P43220,compound,protein,1
1542103,CPI,O00443,compound,protein,0
1542103,CPI,Q9Y2U5,compound,protein,0
154257,CPI,Q09472,compound,protein,0
154417,CPI,Q16322,compound,protein,0
15443,CPI,P08684,compound,protein,1
154575,CPI,O76074,compound,protein,1
1547484,CPI,O43497,compound,protein,1
1547484,CPI,Q14831,compound,protein,0
1547484,CPI,O94760,compound,protein,0
1547484,CPI,P14854,compound,protein,0
1547484,CPI,Q9H237,compound,protein,0
1548076,CPI,Q9NZ08,compound,protein,0
1548942,CPI,P08588,compound,protein,1
1548942,CPI,P08908,compound,protein,1
1548942,CPI,P25101,compound,protein,1
1548942,CPI,P35367,compound,protein,1
1548942,CPI,Q14432,compound,protein,1
1548953,CPI,P56704,compound,protein,0
1548953,CPI,P17706,compound,protein,0
1548955,CPI,P08908,compound,protein,1
1548955,CPI,P62258,compound,protein,0
1549120,CPI,P14060,compound,protein,0
1550607,CPI,P48039,compound,protein,1
1554210,CPI,P04626,compound,protein,0
155806,CPI,O75496,compound,protein,1
1560402,CPI,Q9Y6Q9,compound,protein,1
15625,CPI,P17948,compound,protein,1
156391,CPI,P28223,compound,protein,1
156391,CPI,P41595,compound,protein,1
156414,CPI,O60285,compound,protein,1
156414,CPI,P14616,compound,protein,1
156414,CPI,P16591,compound,protein,1
156414,CPI,P19525,compound,protein,1
156414,CPI,P20794,compound,protein,1
156414,CPI,P36888,compound,protein,1
156414,CPI,P42681,compound,protein,1
156414,CPI,P52564,compound,protein,1
156414,CPI,P57059,compound,protein,1
156414,CPI,Q02779,compound,protein,1
156414,CPI,Q14680,compound,protein,1
156414,CPI,Q16584,compound,protein,1
156414,CPI,Q16659,compound,protein,1
156414,CPI,Q86Y07,compound,protein,1
156414,CPI,Q8IYT8,compound,protein,1
156414,CPI,Q9H2K8,compound,protein,1
156414,CPI,Q9HC98,compound,protein,1
156414,CPI,Q9NWZ3,compound,protein,1
156414,CPI,Q9UPZ9,compound,protein,1
156414,CPI,P62258,compound,protein,0
156414,CPI,P45954,compound,protein,0
156414,CPI,P19224,compound,protein,0
156414,CPI,Q969F8,compound,protein,0
156414,CPI,Q05469,compound,protein,0
156414,CPI,Q14416,compound,protein,0
156414,CPI,Q2M385,compound,protein,0
156414,CPI,P22310,compound,protein,0
156414,CPI,O60779,compound,protein,0
156414,CPI,Q9HC62,compound,protein,0
156414,CPI,O15164,compound,protein,0
156414,CPI,P31941,compound,protein,0
156414,CPI,P02144,compound,protein,0
156419,CPI,P0DMS8,compound,protein,1
156422,CPI,O94806,compound,protein,1
156422,CPI,P31751,compound,protein,1
156422,CPI,P49336,compound,protein,1
156422,CPI,P53779,compound,protein,1
156422,CPI,P57059,compound,protein,1
156422,CPI,Q05397,compound,protein,1
156422,CPI,Q05513,compound,protein,1
156422,CPI,Q13523,compound,protein,1
156422,CPI,Q14289,compound,protein,1
156422,CPI,Q8WTQ7,compound,protein,1
156422,CPI,Q99755,compound,protein,1
156422,CPI,Q9H1R3,compound,protein,1
156422,CPI,Q9NYY3,compound,protein,1
156422,CPI,Q9UKI8,compound,protein,1
156422,CPI,P29033,compound,protein,0
156422,CPI,P49407,compound,protein,0
156422,CPI,Q8TDD5,compound,protein,0
156422,CPI,Q7Z3E1,compound,protein,0
156422,CPI,O94760,compound,protein,0
156422,CPI,P57771,compound,protein,0
156422,CPI,Q14914,compound,protein,0
156422,CPI,P30990,compound,protein,0
156422,CPI,P54289,compound,protein,0
156422,CPI,Q9NYB5,compound,protein,0
156422,CPI,Q6NS38,compound,protein,0
156422,CPI,Q8N159,compound,protein,0
156422,CPI,O15121,compound,protein,0
159278,CPI,P05067,compound,protein,1
159278,CPI,O60285,compound,protein,0
15945539,CPI,Q13002,compound,protein,0
15983966,CPI,P29322,compound,protein,1
15983966,CPI,P31152,compound,protein,1
15983966,CPI,P37023,compound,protein,1
15983966,CPI,P46734,compound,protein,1
15983966,CPI,P48736,compound,protein,1
15983966,CPI,P68400,compound,protein,1
15983966,CPI,Q15831,compound,protein,1
15983966,CPI,Q16512,compound,protein,1
15983966,CPI,Q52WX2,compound,protein,1
15983966,CPI,Q56UN5,compound,protein,1
15983966,CPI,Q6ZN16,compound,protein,1
15983966,CPI,Q96PY6,compound,protein,1
15983966,CPI,Q9H2K8,compound,protein,1
15983966,CPI,Q9UHD2,compound,protein,1
15983966,CPI,Q9UQ88,compound,protein,1
15983966,CPI,Q9UQB9,compound,protein,1
15983966,CPI,Q8NHE4,compound,protein,0
15983966,CPI,P47901,compound,protein,0
15983966,CPI,P00326,compound,protein,0
15983966,CPI,Q9UGM1,compound,protein,0
15983966,CPI,Q96L21,compound,protein,0
15983966,CPI,P10619,compound,protein,0
15983966,CPI,P29474,compound,protein,0
15983966,CPI,P53004,compound,protein,0
15983966,CPI,Q6PHW0,compound,protein,0
15983966,CPI,P61927,compound,protein,0
15983966,CPI,P61586,compound,protein,0
15983966,CPI,Q6NS38,compound,protein,0
15983966,CPI,P61604,compound,protein,0
15983966,CPI,P02774,compound,protein,0
160020,CPI,P28335,compound,protein,0
16004692,CPI,P31645,compound,protein,1
16004692,CPI,Q9H792,compound,protein,0
16007391,CPI,O15075,compound,protein,1
16007391,CPI,O94921,compound,protein,1
16007391,CPI,O95382,compound,protein,1
16007391,CPI,P28482,compound,protein,1
16007391,CPI,P41240,compound,protein,1
16007391,CPI,P45984,compound,protein,1
16007391,CPI,P49674,compound,protein,1
16007391,CPI,P51955,compound,protein,1
16007391,CPI,P53778,compound,protein,1
16007391,CPI,P54760,compound,protein,1
16007391,CPI,Q12852,compound,protein,1
16007391,CPI,Q14012,compound,protein,1
16007391,CPI,Q14164,compound,protein,1
16007391,CPI,Q15835,compound,protein,1
16007391,CPI,Q6ZN16,compound,protein,1
16007391,CPI,Q96D53,compound,protein,1
16007391,CPI,Q96L34,compound,protein,1
16007391,CPI,Q9P2K8,compound,protein,1
16007391,CPI,P09466,compound,protein,0
16007391,CPI,O60882,compound,protein,0
16007391,CPI,P61978,compound,protein,0
16007391,CPI,Q9UHL4,compound,protein,0
16007391,CPI,P0DPH7,compound,protein,0
16007391,CPI,O76054,compound,protein,0
16007391,CPI,Q96T88,compound,protein,0
16007391,CPI,Q9P0L9,compound,protein,0
16007391,CPI,Q14974,compound,protein,0
16007391,CPI,Q9Y4C1,compound,protein,0
16007391,CPI,Q06520,compound,protein,0
16007391,CPI,O95644,compound,protein,0
16007391,CPI,Q9UKK3,compound,protein,0
16007391,CPI,Q96NT5,compound,protein,0
16007391,CPI,P42261,compound,protein,0
16007391,CPI,Q9NYK1,compound,protein,0
16013152,CPI,P41145,compound,protein,0
16014494,CPI,O43451,compound,protein,0
160254,CPI,P49773,compound,protein,0
160254,CPI,O43708,compound,protein,0
160355,CPI,O14730,compound,protein,1
160355,CPI,O75582,compound,protein,1
160355,CPI,P09769,compound,protein,1
160355,CPI,Q16539,compound,protein,1
160355,CPI,Q16584,compound,protein,1
160355,CPI,Q2M2I8,compound,protein,1
160355,CPI,Q8N752,compound,protein,1
160355,CPI,Q9UKE5,compound,protein,1
160355,CPI,Q8N5K1,compound,protein,0
160355,CPI,Q16555,compound,protein,0
160355,CPI,P17544,compound,protein,0
160355,CPI,O14842,compound,protein,0
160355,CPI,P62258,compound,protein,0
160355,CPI,P07814,compound,protein,0
160355,CPI,P22001,compound,protein,0
160355,CPI,P06307,compound,protein,0
16038120,CPI,O00506,compound,protein,1
16038120,CPI,O15530,compound,protein,1
16038120,CPI,P14616,compound,protein,1
16038120,CPI,P27037,compound,protein,1
16038120,CPI,P29320,compound,protein,1
16038120,CPI,P45983,compound,protein,1
16038120,CPI,P45984,compound,protein,1
16038120,CPI,Q07912,compound,protein,1
16038120,CPI,Q8NG66,compound,protein,1
16038120,CPI,Q96KB5,compound,protein,1
16038120,CPI,Q9H2G2,compound,protein,1
16038120,CPI,Q9HBH9,compound,protein,1
16038120,CPI,Q9Y6M4,compound,protein,1
16038120,CPI,Q15825,compound,protein,0
16038120,CPI,P47712,compound,protein,0
16038120,CPI,P19320,compound,protein,0
16038120,CPI,P35625,compound,protein,0
16038120,CPI,P61313,compound,protein,0
16038120,CPI,O15067,compound,protein,0
16038120,CPI,Q16549,compound,protein,0
16038120,CPI,Q9NR22,compound,protein,0
16038120,CPI,P20648,compound,protein,0
16041424,CPI,P04629,compound,protein,1
16041424,CPI,P10721,compound,protein,1
16041424,CPI,Q16832,compound,protein,1
16041424,CPI,Q9NR22,compound,protein,0
16041424,CPI,Q9H492,compound,protein,0
16041424,CPI,P00736,compound,protein,0
16041424,CPI,Q9HBL8,compound,protein,0
16041424,CPI,P41143,compound,protein,0
16043,CPI,P00352,compound,protein,1
16048642,CPI,Q00G26,compound,protein,0
16062593,CPI,Q14833,compound,protein,1
16062593,CPI,P10415,compound,protein,0
16070100,CPI,P31645,compound,protein,0
16095342,CPI,P06239,compound,protein,1
16095342,CPI,P15735,compound,protein,1
16095342,CPI,P48730,compound,protein,1
16095342,CPI,Q12851,compound,protein,1
16095342,CPI,P15880,compound,protein,0
16095342,CPI,Q99712,compound,protein,0
16095342,CPI,P00326,compound,protein,0
16095342,CPI,Q96RU2,compound,protein,0
16095342,CPI,Q9UDX3,compound,protein,0
16102146,CPI,P21554,compound,protein,1
16118392,CPI,P54756,compound,protein,1
16118392,CPI,Q9NYW1,compound,protein,0
16118392,CPI,P23946,compound,protein,0
16129706,CPI,Q01959,compound,protein,1
16129706,CPI,O76054,compound,protein,0
16129706,CPI,Q9BU89,compound,protein,0
16129706,CPI,O15164,compound,protein,0
16187238,CPI,Q8IWU9,compound,protein,0
16190091,CPI,P61024,compound,protein,0
161930,CPI,P02545,compound,protein,1
16218975,CPI,Q9P0X4,compound,protein,1
16218975,CPI,Q15904,compound,protein,0
16218975,CPI,P29274,compound,protein,0
16218979,CPI,P99999,compound,protein,1
16218979,CPI,P80192,compound,protein,0
16219061,CPI,Q8WXR4,compound,protein,0
16220172,CPI,P28223,compound,protein,1
16222096,CPI,P00439,compound,protein,0
16231,CPI,P50406,compound,protein,1
16231,CPI,P78348,compound,protein,1
16273006,CPI,Q13148,compound,protein,0
162755,CPI,O95264,compound,protein,1
162755,CPI,P35462,compound,protein,1
162755,CPI,Q9H7Z7,compound,protein,0
16307489,CPI,Q16236,compound,protein,1
16330153,CPI,P43220,compound,protein,1
16351,CPI,P46098,compound,protein,1
16362,CPI,O94953,compound,protein,0
16362,CPI,P61812,compound,protein,0
16362,CPI,A8K7I4,compound,protein,0
16362,CPI,P08047,compound,protein,0
163844,CPI,P00352,compound,protein,0
164676,CPI,Q9P296,compound,protein,0
166553,CPI,P06241,compound,protein,0
166596686,CPI,P22033,compound,protein,1
16659841,CPI,Q07912,compound,protein,1
16659841,CPI,Q14289,compound,protein,1
16667717,CPI,P04150,compound,protein,1
16667722,CPI,Q9UNA4,compound,protein,0
16681732,CPI,P51452,compound,protein,0
16718576,CPI,P53350,compound,protein,1
16718576,CPI,P34903,compound,protein,0
16718576,CPI,O95864,compound,protein,0
16722836,CPI,O00238,compound,protein,1
16722836,CPI,O00750,compound,protein,1
16722836,CPI,O15111,compound,protein,1
16722836,CPI,O75385,compound,protein,1
16722836,CPI,P24941,compound,protein,1
16722836,CPI,P41595,compound,protein,1
16722836,CPI,P43681,compound,protein,1
16722836,CPI,P53779,compound,protein,1
16722836,CPI,Q12851,compound,protein,1
16722836,CPI,Q13164,compound,protein,1
16722836,CPI,Q14164,compound,protein,1
16722836,CPI,Q86YV6,compound,protein,1
16722836,CPI,Q8NG66,compound,protein,1
16722836,CPI,Q99640,compound,protein,1
16722836,CPI,Q9NY57,compound,protein,1
16722836,CPI,Q9Y6R4,compound,protein,1
16722836,CPI,O75908,compound,protein,0
16722836,CPI,Q9BYV1,compound,protein,0
16722836,CPI,Q969G3,compound,protein,0
16722836,CPI,Q9GZR1,compound,protein,0
16722836,CPI,P27348,compound,protein,0
16722836,CPI,O95644,compound,protein,0
16722836,CPI,O43708,compound,protein,0
16722836,CPI,P48066,compound,protein,0
16722836,CPI,Q92598,compound,protein,0
16722836,CPI,P09238,compound,protein,0
16722836,CPI,B1AH88,compound,protein,0
16722836,CPI,P61313,compound,protein,0
16722836,CPI,Q9UGH3,compound,protein,0
16722836,CPI,Q969G6,compound,protein,0
16722836,CPI,P61421,compound,protein,0
16722836,CPI,P54687,compound,protein,0
16722836,CPI,P05177,compound,protein,0
16725726,CPI,P04049,compound,protein,1
16725726,CPI,P50750,compound,protein,1
16725726,CPI,P51451,compound,protein,1
16725726,CPI,P52333,compound,protein,1
16725726,CPI,Q8IYT8,compound,protein,1
16725726,CPI,Q8WTQ7,compound,protein,1
16725726,CPI,Q99640,compound,protein,1
16725726,CPI,O95237,compound,protein,0
16725726,CPI,O60427,compound,protein,0
16725726,CPI,Q96RU2,compound,protein,0
16725726,CPI,Q14914,compound,protein,0
16725726,CPI,Q14571,compound,protein,0
16725726,CPI,Q8N1C3,compound,protein,0
16725726,CPI,Q96G23,compound,protein,0
16725726,CPI,Q9UKT9,compound,protein,0
16725726,CPI,P54289,compound,protein,0
16739650,CPI,Q13043,compound,protein,1
16739650,CPI,Q16513,compound,protein,1
16739650,CPI,Q86TW2,compound,protein,1
16739650,CPI,Q9NYV4,compound,protein,1
16739650,CPI,Q9UL54,compound,protein,1
16739650,CPI,Q9Y4K4,compound,protein,1
1674,CPI,P05177,compound,protein,1
16741,CPI,P31946,compound,protein,1
16741,CPI,P34932,compound,protein,1
16741,CPI,Q8NER1,compound,protein,0
16741,CPI,Q9NPD8,compound,protein,0
16741,CPI,P59541,compound,protein,0
16741,CPI,P41240,compound,protein,0
16741281,CPI,Q92769,compound,protein,0
16746329,CPI,Q59H18,compound,protein,0
16746402,CPI,O14818,compound,protein,0
16747388,CPI,P54756,compound,protein,1
16747683,CPI,P20248,compound,protein,1
16747683,CPI,P49841,compound,protein,1
16758824,CPI,O75469,compound,protein,0
16759155,CPI,Q99549,compound,protein,0
16759160,CPI,Q12809,compound,protein,0
16759160,CPI,P32239,compound,protein,0
16759169,CPI,P37288,compound,protein,0
16759175,CPI,P21917,compound,protein,1
16760027,CPI,P06493,compound,protein,1
16760027,CPI,P21728,compound,protein,0
16760039,CPI,O15440,compound,protein,1
16760039,CPI,P56817,compound,protein,1
16760039,CPI,P41180,compound,protein,0
167715,CPI,P14416,compound,protein,1
167715,CPI,O00206,compound,protein,0
1687,CPI,P08913,compound,protein,0
1691,CPI,P0DMS8,compound,protein,0
1694,CPI,Q8TDS5,compound,protein,0
16960,CPI,P14416,compound,protein,1
16960,CPI,P30542,compound,protein,1
16960,CPI,P31645,compound,protein,1
16960,CPI,P42229,compound,protein,0
16960,CPI,P20848,compound,protein,0
16960,CPI,Q9P2R7,compound,protein,0
169682,CPI,Q7RTR8,compound,protein,0
1697,CPI,P25021,compound,protein,0
171548,CPI,P31645,compound,protein,1
171548,CPI,Q96KQ7,compound,protein,1
171548,CPI,P51659,compound,protein,0
171548,CPI,Q02153,compound,protein,0
171548,CPI,Q9UKX2,compound,protein,0
1716436,CPI,P42574,compound,protein,1
1716436,CPI,P35222,compound,protein,0
1720,CPI,P04899,compound,protein,0
1720,CPI,Q9H0H5,compound,protein,0
1727,CPI,P22460,compound,protein,1
1727,CPI,Q96KQ7,compound,protein,1
1727,CPI,P12644,compound,protein,0
1727,CPI,P06756,compound,protein,0
172997,CPI,P49116,compound,protein,0
174174,CPI,Q13510,compound,protein,0
174174,CPI,Q9NS87,compound,protein,0
17461,CPI,P36896,compound,protein,0
17534,CPI,P00492,compound,protein,1
175540,CPI,O43837,compound,protein,0
17572266,CPI,P46098,compound,protein,1
17572266,CPI,Q15120,compound,protein,0
176155,CPI,O00238,compound,protein,1
176155,CPI,P07948,compound,protein,1
176155,CPI,P11309,compound,protein,1
176155,CPI,P11712,compound,protein,1
176155,CPI,P27448,compound,protein,1
176155,CPI,P49336,compound,protein,1
176155,CPI,P49674,compound,protein,1
176155,CPI,Q00537,compound,protein,1
176155,CPI,Q14004,compound,protein,1
176155,CPI,Q15569,compound,protein,1
176155,CPI,Q8N4C8,compound,protein,1
176155,CPI,Q8WTQ7,compound,protein,1
176155,CPI,Q9BRS2,compound,protein,1
176155,CPI,Q9H1R3,compound,protein,1
176155,CPI,Q9H2K8,compound,protein,1
176155,CPI,O43708,compound,protein,0
176155,CPI,P12235,compound,protein,0
176155,CPI,P00736,compound,protein,0
176155,CPI,Q9Y257,compound,protein,0
176155,CPI,Q9NP59,compound,protein,0
176155,CPI,Q16478,compound,protein,0
176155,CPI,P36969,compound,protein,0
176155,CPI,P22888,compound,protein,0
176155,CPI,Q494W8,compound,protein,0
176155,CPI,P02675,compound,protein,0
176155,CPI,P00505,compound,protein,0
176155,CPI,P61421,compound,protein,0
176155,CPI,P49356,compound,protein,0
176155,CPI,P15144,compound,protein,0
176155,CPI,Q96GW9,compound,protein,0
176157,CPI,O75496,compound,protein,1
176158,CPI,P10636,compound,protein,1
176167,CPI,O14578,compound,protein,1
176167,CPI,O75385,compound,protein,1
176167,CPI,P48736,compound,protein,1
176167,CPI,P51956,compound,protein,1
176167,CPI,P54646,compound,protein,1
176167,CPI,Q06418,compound,protein,1
176167,CPI,Q12851,compound,protein,1
176167,CPI,Q16584,compound,protein,1
176167,CPI,Q16620,compound,protein,1
176167,CPI,Q2M2I8,compound,protein,1
176167,CPI,Q8IVW4,compound,protein,1
176167,CPI,Q8TD08,compound,protein,1
176167,CPI,Q8TDR2,compound,protein,1
176167,CPI,Q99759,compound,protein,1
176167,CPI,Q9BYT3,compound,protein,1
176167,CPI,Q9BZL6,compound,protein,1
176167,CPI,Q9Y243,compound,protein,1
176167,CPI,Q9Y5S2,compound,protein,1
176167,CPI,P22736,compound,protein,0
176167,CPI,O60359,compound,protein,0
176167,CPI,P36969,compound,protein,0
176167,CPI,Q86W10,compound,protein,0
176167,CPI,O95237,compound,protein,0
176167,CPI,P36639,compound,protein,0
176167,CPI,P17735,compound,protein,0
176167,CPI,Q05193,compound,protein,0
176167,CPI,Q9NYW0,compound,protein,0
176167,CPI,P48065,compound,protein,0
176167,CPI,P09871,compound,protein,0
176167,CPI,P17812,compound,protein,0
176870,CPI,O43781,compound,protein,1
176870,CPI,P00519,compound,protein,1
176870,CPI,P07947,compound,protein,1
176870,CPI,P10721,compound,protein,1
176870,CPI,P27361,compound,protein,1
176870,CPI,P29376,compound,protein,1
176870,CPI,P30530,compound,protein,1
176870,CPI,P36896,compound,protein,1
176870,CPI,P37173,compound,protein,1
176870,CPI,Q00526,compound,protein,1
176870,CPI,Q08345,compound,protein,1
176870,CPI,Q13233,compound,protein,1
176870,CPI,Q13464,compound,protein,1
176870,CPI,Q56UN5,compound,protein,1
176870,CPI,Q8WTQ7,compound,protein,1
176870,CPI,Q99759,compound,protein,1
176870,CPI,Q9NYY3,compound,protein,1
176870,CPI,P07237,compound,protein,0
176870,CPI,Q8WYK2,compound,protein,0
176870,CPI,O60427,compound,protein,0
176870,CPI,O14815,compound,protein,0
176870,CPI,A8MPY1,compound,protein,0
176870,CPI,Q969G6,compound,protein,0
176870,CPI,P54707,compound,protein,0
176870,CPI,P48066,compound,protein,0
176870,CPI,P19429,compound,protein,0
176870,CPI,P21453,compound,protein,0
176870,CPI,P43220,compound,protein,0
176873,CPI,Q9NQS7,compound,protein,0
177236,CPI,P21980,compound,protein,0
17748,CPI,P01215,compound,protein,1
17754438,CPI,P06213,compound,protein,1
17754438,CPI,P06241,compound,protein,1
17754438,CPI,P49841,compound,protein,1
17754438,CPI,Q13464,compound,protein,1
17754438,CPI,P17812,compound,protein,0
17755052,CPI,O00444,compound,protein,1
17755052,CPI,O95835,compound,protein,1
17755052,CPI,P07949,compound,protein,1
17755052,CPI,P08922,compound,protein,1
17755052,CPI,P19525,compound,protein,1
17755052,CPI,P22607,compound,protein,1
17755052,CPI,P35968,compound,protein,1
17755052,CPI,P36894,compound,protein,1
17755052,CPI,P50750,compound,protein,1
17755052,CPI,P52564,compound,protein,1
17755052,CPI,P78356,compound,protein,1
17755052,CPI,Q02156,compound,protein,1
17755052,CPI,Q12866,compound,protein,1
17755052,CPI,Q13470,compound,protein,1
17755052,CPI,Q13557,compound,protein,1
17755052,CPI,Q15303,compound,protein,1
17755052,CPI,Q15375,compound,protein,1
17755052,CPI,Q2M2I8,compound,protein,1
17755052,CPI,Q99640,compound,protein,1
17755052,CPI,Q9BWU1,compound,protein,1
17755052,CPI,Q9P2K8,compound,protein,1
17755052,CPI,Q9Y2H1,compound,protein,1
17755052,CPI,Q9Y337,compound,protein,0
17755052,CPI,P41229,compound,protein,0
17755052,CPI,P53582,compound,protein,0
17755052,CPI,Q9Y5Y6,compound,protein,0
17755052,CPI,P30872,compound,protein,0
17755052,CPI,P32246,compound,protein,0
17755052,CPI,Q9BZ95,compound,protein,0
17755052,CPI,P08246,compound,protein,0
17755052,CPI,Q86V24,compound,protein,0
17755052,CPI,Q86YN6,compound,protein,0
17755052,CPI,P15336,compound,protein,0
17755052,CPI,Q9UJT1,compound,protein,0
17755052,CPI,P10599,compound,protein,0
17755052,CPI,Q05BQ5,compound,protein,0
17756785,CPI,P30518,compound,protein,1
17757075,CPI,P28335,compound,protein,0
17757294,CPI,P62829,compound,protein,0
1779,CPI,Q92772,compound,protein,0
177990,CPI,Q9NRC8,compound,protein,0
1780,CPI,P23219,compound,protein,1
1780,CPI,Q7L2E3,compound,protein,0
1794,CPI,P05177,compound,protein,1
1794,CPI,P10599,compound,protein,0
1797,CPI,Q9NUW8,compound,protein,1
1817779,CPI,P02545,compound,protein,0
182593,CPI,P40763,compound,protein,0
18283,CPI,P04150,compound,protein,1
18283,CPI,P08588,compound,protein,1
18283,CPI,P18089,compound,protein,1
18283,CPI,P18825,compound,protein,1
18283,CPI,P27695,compound,protein,1
18283,CPI,P28223,compound,protein,1
18283,CPI,P39748,compound,protein,1
1830,CPI,P78368,compound,protein,1
1830,CPI,Q86X55,compound,protein,0
1833,CPI,P34969,compound,protein,1
18343,CPI,P10636,compound,protein,1
184644,CPI,P21731,compound,protein,0
1853,CPI,O95271,compound,protein,1
1853,CPI,P31645,compound,protein,0
1864426,CPI,P61812,compound,protein,0
18680317,CPI,P05177,compound,protein,0
187,CPI,P08173,compound,protein,1
187,CPI,P08574,compound,protein,0
18721,CPI,P11511,compound,protein,1
18721,CPI,Q16678,compound,protein,1
1893,CPI,O15254,compound,protein,0
1893668,CPI,P40225,compound,protein,1
1893668,CPI,Q86Y97,compound,protein,0
189748,CPI,P48039,compound,protein,1
19003,CPI,P30518,compound,protein,1
19003,CPI,Q96Q15,compound,protein,0
1901244,CPI,P07550,compound,protein,0
19103,CPI,P01215,compound,protein,1
19103,CPI,P43235,compound,protein,0
19103,CPI,P08172,compound,protein,0
1923,CPI,O00571,compound,protein,0
192706,CPI,Q9NZ42,compound,protein,0
192706,CPI,P08913,compound,protein,0
19385000,CPI,P42684,compound,protein,0
193949,CPI,P04626,compound,protein,0
193962,CPI,Q16322,compound,protein,0
19529,CPI,O75496,compound,protein,1
19582717,CPI,Q16637,compound,protein,0
19585362,CPI,Q15831,compound,protein,0
1967,CPI,Q5TCX8,compound,protein,0
19728,CPI,Q96RI1,compound,protein,0
197383,CPI,P54753,compound,protein,0
197690,CPI,P43220,compound,protein,1
1978,CPI,P30542,compound,protein,1
1978,CPI,P35354,compound,protein,1
1978,CPI,Q92847,compound,protein,1
1978,CPI,P16389,compound,protein,0
1978,CPI,P62750,compound,protein,0
1978,CPI,P48167,compound,protein,0
1978,CPI,Q9Y239,compound,protein,0
1978,CPI,P61586,compound,protein,0
1979,CPI,P08172,compound,protein,1
198107,CPI,P54289,compound,protein,1
198107,CPI,P30411,compound,protein,0
1986,CPI,P07550,compound,protein,1
1986,CPI,P21554,compound,protein,1
1989,CPI,O43193,compound,protein,1
1989,CPI,P21554,compound,protein,1
1989,CPI,Q99808,compound,protein,1
1989,CPI,O15151,compound,protein,0
199472,CPI,P28074,compound,protein,1
199472,CPI,P37840,compound,protein,1
199472,CPI,P52209,compound,protein,1
1998811,CPI,P29376,compound,protein,0
1998940,CPI,Q13002,compound,protein,0
1999882,CPI,O94768,compound,protein,0
2005,CPI,Q15349,compound,protein,0
2017368,CPI,Q13470,compound,protein,0
2019,CPI,Q6P2M8,compound,protein,0
201986,CPI,P42330,compound,protein,1
201986,CPI,Q96NR8,compound,protein,0
2022,CPI,Q9NQS7,compound,protein,0
202225,CPI,P35354,compound,protein,1
202225,CPI,Q92847,compound,protein,1
202225,CPI,Q99808,compound,protein,1
20279,CPI,Q07864,compound,protein,1
20279,CPI,Q9GZP0,compound,protein,0
20299,CPI,P10635,compound,protein,1
20345,CPI,O75496,compound,protein,1
20345,CPI,Q8NFT8,compound,protein,0
2040,CPI,P08913,compound,protein,1
2046,CPI,Q96KQ7,compound,protein,1
2046,CPI,O75897,compound,protein,0
2048,CPI,O75496,compound,protein,1
2048,CPI,Q03431,compound,protein,1
2051,CPI,P09619,compound,protein,1
2051,CPI,P25774,compound,protein,0
2052,CPI,Q16637,compound,protein,1
2052,CPI,P51553,compound,protein,0
205912,CPI,P21709,compound,protein,0
2061,CPI,P04637,compound,protein,1
2063,CPI,P16473,compound,protein,1
2064,CPI,Q96LD8,compound,protein,0
2064,CPI,Q92781,compound,protein,0
2082,CPI,P31645,compound,protein,1
2082,CPI,P32238,compound,protein,1
2082,CPI,P41229,compound,protein,0
2082,CPI,P31639,compound,protein,0
2083,CPI,P61160,compound,protein,0
2083,CPI,Q7RTN6,compound,protein,0
2083,CPI,P13861,compound,protein,0
20862034,CPI,Q9UQB9,compound,protein,0
2088,CPI,P43681,compound,protein,1
2088,CPI,Q9Y5X4,compound,protein,0
208898,CPI,Q9BXA6,compound,protein,0
208908,CPI,O94804,compound,protein,1
208908,CPI,P15056,compound,protein,1
208908,CPI,P23458,compound,protein,1
208908,CPI,P36896,compound,protein,1
208908,CPI,P42345,compound,protein,1
208908,CPI,P54756,compound,protein,1
208908,CPI,Q13555,compound,protein,1
208908,CPI,Q14289,compound,protein,1
208908,CPI,Q16584,compound,protein,1
208908,CPI,Q8NFD2,compound,protein,1
208908,CPI,Q8TDC3,compound,protein,1
208908,CPI,Q96BR1,compound,protein,1
208908,CPI,Q96D53,compound,protein,1
208908,CPI,Q96L34,compound,protein,1
208908,CPI,Q9P2K8,compound,protein,1
208908,CPI,Q9UF33,compound,protein,1
208908,CPI,Q9Y616,compound,protein,1
208908,CPI,Q96NT5,compound,protein,0
208908,CPI,P62750,compound,protein,0
208908,CPI,P09488,compound,protein,0
208908,CPI,Q14232,compound,protein,0
208908,CPI,Q9H237,compound,protein,0
208908,CPI,Q15910,compound,protein,0
208908,CPI,P59544,compound,protein,0
2092,CPI,P18089,compound,protein,1
2094,CPI,P07550,compound,protein,1
2094,CPI,P41145,compound,protein,1
2099,CPI,P25021,compound,protein,1
2099,CPI,P41595,compound,protein,1
2099,CPI,Q07864,compound,protein,0
2100018,CPI,P11217,compound,protein,0
21071390,CPI,P08908,compound,protein,1
21109,CPI,P08311,compound,protein,0
2113511,CPI,P02545,compound,protein,0
2113511,CPI,Q16566,compound,protein,0
21158442,CPI,P49840,compound,protein,0
2118,CPI,Q9BYP7,compound,protein,0
2118,CPI,P62913,compound,protein,0
2120347,CPI,Q96Q04,compound,protein,0
2123,CPI,P06401,compound,protein,1
2123,CPI,P0DMS8,compound,protein,1
2125,CPI,Q96Q15,compound,protein,0
2130,CPI,O75469,compound,protein,1
2130,CPI,Q8IYD1,compound,protein,0
2130,CPI,Q9Y2R2,compound,protein,0
213040,CPI,P08183,compound,protein,1
213046,CPI,P43681,compound,protein,1
2131,CPI,P62826,compound,protein,0
2132,CPI,P04062,compound,protein,1
2132,CPI,Q9UBS5,compound,protein,1
2132,CPI,Q9UBL9,compound,protein,0
2132,CPI,P25774,compound,protein,0
2133,CPI,Q6IQ55,compound,protein,0
2133,CPI,P03372,compound,protein,0
2143,CPI,P31644,compound,protein,1
2143,CPI,Q15858,compound,protein,1
2143,CPI,Q9UNI1,compound,protein,0
214348,CPI,P08684,compound,protein,1
214348,CPI,P04150,compound,protein,0
2145,CPI,O95264,compound,protein,0
2146,CPI,C0HM02,compound,protein,0
2153,CPI,Q15155,compound,protein,1
2153,CPI,Q7L2E3,compound,protein,0
2153,CPI,Q9HD36,compound,protein,0
2153,CPI,P08700,compound,protein,0
2153,CPI,Q96S53,compound,protein,0
2157,CPI,P20309,compound,protein,1
2157,CPI,P12314,compound,protein,0
2157,CPI,P42285,compound,protein,0
2159,CPI,P41595,compound,protein,1
2159,CPI,Q9NTK5,compound,protein,0
2160,CPI,P25100,compound,protein,1
2160,CPI,P35462,compound,protein,1
2160,CPI,Q16236,compound,protein,1
2160,CPI,P48995,compound,protein,0
2162,CPI,P08908,compound,protein,1
216210,CPI,O15244,compound,protein,1
216210,CPI,P18505,compound,protein,0
216237,CPI,O95342,compound,protein,1
216237,CPI,P35414,compound,protein,1
216239,CPI,O75385,compound,protein,1
216239,CPI,P04049,compound,protein,1
216239,CPI,P09619,compound,protein,1
216239,CPI,P09769,compound,protein,1
216239,CPI,P36894,compound,protein,1
216239,CPI,Q2M2I8,compound,protein,1
216239,CPI,Q52WX2,compound,protein,1
216239,CPI,Q8N4C8,compound,protein,1
216239,CPI,Q9Y616,compound,protein,1
216239,CPI,P07101,compound,protein,0
216239,CPI,Q9H5I1,compound,protein,0
216239,CPI,O00204,compound,protein,0
216239,CPI,Q9UGC6,compound,protein,0
216239,CPI,P14867,compound,protein,0
216239,CPI,Q8WUI4,compound,protein,0
216239,CPI,P63000,compound,protein,0
216239,CPI,Q12908,compound,protein,0
216239,CPI,Q99720,compound,protein,0
216239,CPI,P51449,compound,protein,0
216239,CPI,P31639,compound,protein,0
216239,CPI,O43915,compound,protein,0
216239,CPI,Q13507,compound,protein,0
216239,CPI,Q92793,compound,protein,0
216239,CPI,Q9NZ08,compound,protein,0
216326,CPI,O60885,compound,protein,1
2165,CPI,P25929,compound,protein,1
2165,CPI,Q9Y5N1,compound,protein,1
2165,CPI,Q13885,compound,protein,0
2170,CPI,P05177,compound,protein,1
2170,CPI,P18507,compound,protein,1
2170,CPI,P25100,compound,protein,1
2170,CPI,P37288,compound,protein,1
2170,CPI,P40225,compound,protein,1
2170,CPI,P01116,compound,protein,0
21700,CPI,P06401,compound,protein,1
21700,CPI,P11229,compound,protein,1
21700,CPI,Q9Y337,compound,protein,0
2174,CPI,P46059,compound,protein,1
2179,CPI,Q16665,compound,protein,1
2182,CPI,P20309,compound,protein,1
2182,CPI,Q9NZK7,compound,protein,0
21874557,CPI,Q9UPY5,compound,protein,0
219078,CPI,P43166,compound,protein,1
219078,CPI,Q9UI33,compound,protein,1
219078,CPI,Q9UBE0,compound,protein,0
2191501,CPI,Q9P2R7,compound,protein,0
219271,CPI,Q13237,compound,protein,0
2196,CPI,P33261,compound,protein,1
2196,CPI,P42263,compound,protein,0
21997268,CPI,Q02763,compound,protein,0
2200,CPI,P20309,compound,protein,1
2200,CPI,P30556,compound,protein,1
2200,CPI,P43681,compound,protein,1
2200,CPI,P11413,compound,protein,0
2201555,CPI,Q7L7X3,compound,protein,0
22049997,CPI,Q16539,compound,protein,1
22049997,CPI,P00915,compound,protein,0
2206,CPI,O75496,compound,protein,1
2206,CPI,P08588,compound,protein,1
2206,CPI,Q9H8M2,compound,protein,0
2210290,CPI,P04062,compound,protein,1
2210290,CPI,O00305,compound,protein,0
221493,CPI,P24311,compound,protein,1
221493,CPI,P04054,compound,protein,0
22228376,CPI,O75582,compound,protein,1
22228376,CPI,P06493,compound,protein,1
22228376,CPI,Q05655,compound,protein,1
22228376,CPI,Q8NE63,compound,protein,1
22228376,CPI,Q9NR20,compound,protein,1
22228376,CPI,Q9UEE5,compound,protein,1
22228376,CPI,Q9Y243,compound,protein,1
22228376,CPI,Q8TCT9,compound,protein,0
22228376,CPI,A5X5Y0,compound,protein,0
22228376,CPI,P51512,compound,protein,0
22228376,CPI,P48637,compound,protein,0
22228376,CPI,P11498,compound,protein,0
22228376,CPI,P40306,compound,protein,0
222515,CPI,O75475,compound,protein,1
2225472,CPI,P57771,compound,protein,1
2228302,CPI,P49137,compound,protein,0
2236,CPI,Q8IUX4,compound,protein,1
223997,CPI,P06746,compound,protein,1
22416236,CPI,Q9Y5N1,compound,protein,0
22416276,CPI,P34949,compound,protein,1
22416276,CPI,Q92830,compound,protein,1
2244,CPI,P34969,compound,protein,1
2244,CPI,Q9UGJ0,compound,protein,1
2244,CPI,P00918,compound,protein,0
2244,CPI,Q9Y337,compound,protein,0
2244,CPI,P23526,compound,protein,0
2247,CPI,O95259,compound,protein,1
2247,CPI,P25103,compound,protein,1
2247,CPI,P34969,compound,protein,1
2247,CPI,P41145,compound,protein,1
2264,CPI,P08913,compound,protein,1
2264,CPI,Q08499,compound,protein,1
2264,CPI,P33261,compound,protein,0
2265,CPI,P04637,compound,protein,1
2265,CPI,P21728,compound,protein,1
2265,CPI,Q06203,compound,protein,1
2266,CPI,O75469,compound,protein,1
2266,CPI,P32238,compound,protein,1
2266,CPI,P35367,compound,protein,1
2266,CPI,Q92847,compound,protein,1
2266,CPI,P49721,compound,protein,0
2266,CPI,P51788,compound,protein,0
2266,CPI,Q9Y2R2,compound,protein,0
2266,CPI,P41212,compound,protein,0
2267,CPI,P18825,compound,protein,1
2267,CPI,P31645,compound,protein,1
2267,CPI,Q86XF0,compound,protein,0
2284,CPI,P08173,compound,protein,1
2284,CPI,P0DMS8,compound,protein,1
2284,CPI,P21452,compound,protein,1
2284,CPI,P25021,compound,protein,1
2300608,CPI,Q5S007,compound,protein,0
2300608,CPI,P18850,compound,protein,0
2300880,CPI,P21918,compound,protein,0
2303,CPI,P02545,compound,protein,1
230710,CPI,P18074,compound,protein,0
2308203,CPI,P52732,compound,protein,0
2311,CPI,P53350,compound,protein,0
2315,CPI,Q92847,compound,protein,1
2315,CPI,Q9NZJ5,compound,protein,0
2318,CPI,P08908,compound,protein,1
2327,CPI,P07550,compound,protein,1
2327,CPI,P14416,compound,protein,1
2331284,CPI,Q08499,compound,protein,0
2332853,CPI,Q9Y2T6,compound,protein,1
2333,CPI,P03372,compound,protein,1
2333,CPI,P08172,compound,protein,1
2333,CPI,Q14432,compound,protein,1
2333,CPI,P48058,compound,protein,0
2333,CPI,Q12908,compound,protein,0
2335,CPI,O43193,compound,protein,1
2335,CPI,P02545,compound,protein,1
2335,CPI,P08588,compound,protein,1
2335,CPI,P14416,compound,protein,1
2335,CPI,P28335,compound,protein,1
2335,CPI,Q01959,compound,protein,1
23350989,CPI,Q00532,compound,protein,0
2336,CPI,Q8IUX4,compound,protein,1
2337,CPI,P30542,compound,protein,1
2337,CPI,P37288,compound,protein,1
2337,CPI,Q9BZE4,compound,protein,0
2337,CPI,O43151,compound,protein,0
23418,CPI,Q6VAB6,compound,protein,0
23418,CPI,P04637,compound,protein,0
2343,CPI,P11712,compound,protein,1
2343,CPI,P30556,compound,protein,1
2343,CPI,P55017,compound,protein,1
2343,CPI,P48775,compound,protein,0
2344,CPI,P07550,compound,protein,1
2345373,CPI,Q9Y5N1,compound,protein,0
2351,CPI,P01116,compound,protein,0
2353,CPI,P06276,compound,protein,1
2353,CPI,P10635,compound,protein,1
2353,CPI,P04746,compound,protein,0
235382,CPI,P41594,compound,protein,1
2354,CPI,P18825,compound,protein,0
23626877,CPI,Q13627,compound,protein,0
23631972,CPI,Q16236,compound,protein,1
23633604,CPI,P45984,compound,protein,0
23648022,CPI,P04062,compound,protein,1
23648022,CPI,Q8NEV4,compound,protein,0
23654757,CPI,P41143,compound,protein,1
2366,CPI,P08922,compound,protein,0
236702,CPI,P43220,compound,protein,1
236702,CPI,Q16665,compound,protein,1
236702,CPI,P14625,compound,protein,0
2369,CPI,Q8N568,compound,protein,0
237,CPI,P08912,compound,protein,1
237,CPI,P08913,compound,protein,1
237,CPI,P18825,compound,protein,1
2370,CPI,P14416,compound,protein,1
2370,CPI,O94782,compound,protein,0
2370,CPI,Q9H4A3,compound,protein,0
2370,CPI,P35236,compound,protein,0
23727689,CPI,O43614,compound,protein,1
23748533,CPI,P51151,compound,protein,0
23760137,CPI,P35367,compound,protein,0
2378,CPI,P04062,compound,protein,1
2378,CPI,Q8TF76,compound,protein,0
2378,CPI,P05230,compound,protein,0
2378,CPI,O00764,compound,protein,0
23817956,CPI,P21709,compound,protein,0
2390,CPI,Q8N4C8,compound,protein,1
2390,CPI,Q9NYL2,compound,protein,1
2390,CPI,Q99549,compound,protein,1
2390,CPI,P17752,compound,protein,0
2390,CPI,O75185,compound,protein,0
2391,CPI,P08913,compound,protein,1
2391,CPI,Q5TCX8,compound,protein,0
2392,CPI,P62826,compound,protein,0
23947601,CPI,P35968,compound,protein,0
24041599,CPI,Q9NUW8,compound,protein,1
2405,CPI,P23975,compound,protein,1
2405,CPI,Q9Y5N1,compound,protein,1
2405,CPI,O95977,compound,protein,0
2405,CPI,Q15131,compound,protein,0
2406,CPI,P03372,compound,protein,1
2406,CPI,Q92731,compound,protein,1
2406,CPI,P25440,compound,protein,0
24066,CPI,P11229,compound,protein,1
24066,CPI,P19838,compound,protein,1
24066,CPI,P41279,compound,protein,0
2416356,CPI,P05067,compound,protein,0
24178170,CPI,P08684,compound,protein,0
24180719,CPI,O94768,compound,protein,1
24180719,CPI,O94921,compound,protein,1
24180719,CPI,P09769,compound,protein,1
24180719,CPI,P51957,compound,protein,1
24180719,CPI,Q00535,compound,protein,1
24180719,CPI,Q05397,compound,protein,1
24180719,CPI,Q12851,compound,protein,1
24180719,CPI,Q13153,compound,protein,1
24180719,CPI,Q15139,compound,protein,1
24180719,CPI,O60840,compound,protein,0
24180719,CPI,Q15059,compound,protein,0
24180719,CPI,Q15825,compound,protein,0
24180719,CPI,P50225,compound,protein,0
24180719,CPI,O60656,compound,protein,0
24180719,CPI,Q8IU80,compound,protein,0
24180719,CPI,P30968,compound,protein,0
24180719,CPI,P14416,compound,protein,0
2419,CPI,P39748,compound,protein,1
243,CPI,P41240,compound,protein,0
2430,CPI,P84022,compound,protein,1
24360,CPI,O75496,compound,protein,1
24360,CPI,Q96QE3,compound,protein,1
24360,CPI,Q53GL7,compound,protein,0
24360,CPI,P09038,compound,protein,0
24360,CPI,Q8TD08,compound,protein,0
2442,CPI,Q00526,compound,protein,0
2443,CPI,Q6NS38,compound,protein,0
2446,CPI,P14416,compound,protein,1
2446,CPI,O75936,compound,protein,0
244898,CPI,O75496,compound,protein,1
2462,CPI,P23634,compound,protein,0
2466259,CPI,P35372,compound,protein,0
2467,CPI,Q15125,compound,protein,1
24733,CPI,Q9NUW8,compound,protein,0
24747216,CPI,P49798,compound,protein,0
24747242,CPI,P35626,compound,protein,0
24747242,CPI,Q9UEE5,compound,protein,0
24747343,CPI,P84022,compound,protein,1
24747343,CPI,P51813,compound,protein,0
24747343,CPI,Q8TDS4,compound,protein,0
24748204,CPI,P11712,compound,protein,0
24748573,CPI,O14757,compound,protein,1
24748573,CPI,P49841,compound,protein,1
24748573,CPI,Q9P0X4,compound,protein,0
24748573,CPI,P22460,compound,protein,0
24748573,CPI,Q96KQ7,compound,protein,0
24770514,CPI,P49760,compound,protein,0
24771867,CPI,Q00535,compound,protein,1
24771867,CPI,Q04912,compound,protein,1
24771867,CPI,Q14164,compound,protein,1
24771867,CPI,Q9H3Y6,compound,protein,1
24771867,CPI,Q9HBY8,compound,protein,1
24771867,CPI,P63000,compound,protein,0
24771867,CPI,P07204,compound,protein,0
24771867,CPI,Q9NYK1,compound,protein,0
24771867,CPI,P08134,compound,protein,0
24771867,CPI,P07477,compound,protein,0
24771867,CPI,P50052,compound,protein,0
24775005,CPI,P25021,compound,protein,1
24775005,CPI,P41143,compound,protein,1
24775005,CPI,Q99558,compound,protein,0
24775005,CPI,Q6NS38,compound,protein,0
24776445,CPI,O43193,compound,protein,1
24776445,CPI,P25021,compound,protein,1
24776445,CPI,Q6IQ55,compound,protein,0
24779724,CPI,O14578,compound,protein,1
24779724,CPI,P00519,compound,protein,1
24779724,CPI,P21709,compound,protein,1
24779724,CPI,P35968,compound,protein,1
24779724,CPI,P49760,compound,protein,1
24779724,CPI,Q02750,compound,protein,1
24779724,CPI,Q09013,compound,protein,1
24779724,CPI,Q13043,compound,protein,1
24779724,CPI,Q5VT25,compound,protein,1
24779724,CPI,Q8NI60,compound,protein,1
24779724,CPI,Q96D53,compound,protein,1
24779724,CPI,Q9H0K1,compound,protein,1
24779724,CPI,Q9H2G2,compound,protein,1
24779724,CPI,Q9UM73,compound,protein,1
24779724,CPI,Q9Y463,compound,protein,1
24779724,CPI,P54709,compound,protein,0
24779724,CPI,Q9NYW2,compound,protein,0
24779724,CPI,P63252,compound,protein,0
24779724,CPI,O60939,compound,protein,0
24779724,CPI,P07384,compound,protein,0
24779724,CPI,Q16099,compound,protein,0
24779724,CPI,P41440,compound,protein,0
24779724,CPI,Q05932,compound,protein,0
24779724,CPI,O14717,compound,protein,0
24779724,CPI,Q96LD8,compound,protein,0
24779724,CPI,P14920,compound,protein,0
24779724,CPI,Q13574,compound,protein,0
2478,CPI,O75496,compound,protein,1
24788740,CPI,P16473,compound,protein,0
24791027,CPI,P07437,compound,protein,1
24791027,CPI,Q15842,compound,protein,0
24794418,CPI,P12931,compound,protein,1
24794418,CPI,Q01668,compound,protein,0
24795070,CPI,P07947,compound,protein,1
24795070,CPI,Q8TF76,compound,protein,1
24795070,CPI,O75762,compound,protein,0
2480,CPI,O43306,compound,protein,0
2480,CPI,Q9P0J0,compound,protein,0
24800541,CPI,P08311,compound,protein,1
24800541,CPI,P62993,compound,protein,0
24800541,CPI,P21728,compound,protein,0
24800541,CPI,Q9Y5S2,compound,protein,0
2481,CPI,P07550,compound,protein,1
2481,CPI,P31644,compound,protein,1
2481,CPI,Q9UN88,compound,protein,1
2481,CPI,Q15131,compound,protein,0
2481,CPI,P33260,compound,protein,0
2482,CPI,O60359,compound,protein,1
2482,CPI,Q08289,compound,protein,1
2482,CPI,Q15111,compound,protein,0
24821094,CPI,P43405,compound,protein,1
24821094,CPI,Q13882,compound,protein,1
24821094,CPI,Q92570,compound,protein,1
24821094,CPI,Q96PR1,compound,protein,0
24826799,CPI,P06401,compound,protein,1
24826799,CPI,P29323,compound,protein,1
24826799,CPI,P54756,compound,protein,1
24826799,CPI,Q9NYL2,compound,protein,1
24826799,CPI,Q9H8M2,compound,protein,0
24826799,CPI,Q96Q15,compound,protein,0
24826799,CPI,Q9NSA2,compound,protein,0
24826799,CPI,Q6FHJ7,compound,protein,0
2484,CPI,P07550,compound,protein,1
2484,CPI,P08908,compound,protein,1
2484,CPI,Q9UBS0,compound,protein,0
24856041,CPI,O14965,compound,protein,1
24856041,CPI,P07949,compound,protein,1
24856041,CPI,P25025,compound,protein,0
24856041,CPI,P04035,compound,protein,0
24856237,CPI,Q9UNA4,compound,protein,1
24856238,CPI,P04083,compound,protein,0
24856238,CPI,P43166,compound,protein,0
24856436,CPI,Q9Y463,compound,protein,1
24856436,CPI,Q9Y6R4,compound,protein,1
24857286,CPI,P51957,compound,protein,0
24857286,CPI,Q16881,compound,protein,0
24868317,CPI,O00625,compound,protein,0
24871506,CPI,P21453,compound,protein,0
24871506,CPI,P04278,compound,protein,0
24872560,CPI,Q5T601,compound,protein,0
24880028,CPI,Q08345,compound,protein,1
24889392,CPI,P09769,compound,protein,1
24889392,CPI,P15056,compound,protein,1
24889392,CPI,P49336,compound,protein,1
24889392,CPI,P53667,compound,protein,1
24889392,CPI,Q05397,compound,protein,1
24889392,CPI,Q13163,compound,protein,1
24889392,CPI,Q16832,compound,protein,1
24889392,CPI,Q8N5S9,compound,protein,1
24889392,CPI,Q96SB4,compound,protein,1
24889392,CPI,O95477,compound,protein,0
24889392,CPI,O43525,compound,protein,0
24889392,CPI,Q13002,compound,protein,0
24889392,CPI,P54709,compound,protein,0
24889392,CPI,P0DUB6,compound,protein,0
24889392,CPI,P30518,compound,protein,0
24901704,CPI,P32249,compound,protein,1
24901704,CPI,P24462,compound,protein,0
24951314,CPI,Q16762,compound,protein,0
24963252,CPI,O75604,compound,protein,0
24963293,CPI,O60658,compound,protein,1
24963293,CPI,Q14683,compound,protein,0
24965990,CPI,P27695,compound,protein,0
24978538,CPI,Q07820,compound,protein,1
24989044,CPI,Q7Z5B4,compound,protein,0
24995524,CPI,O15264,compound,protein,1
24995524,CPI,Q13237,compound,protein,1
24995524,CPI,Q14680,compound,protein,1
24995524,CPI,P54710,compound,protein,0
24995524,CPI,P20648,compound,protein,0
24995524,CPI,Q9Y698,compound,protein,0
24995524,CPI,P50406,compound,protein,0
25015515,CPI,O95271,compound,protein,1
25015515,CPI,P18089,compound,protein,0
25025298,CPI,Q8IWU9,compound,protein,1
25025505,CPI,P07333,compound,protein,0
25025505,CPI,Q04759,compound,protein,0
25062766,CPI,Q12884,compound,protein,0
25062766,CPI,O15054,compound,protein,0
25066467,CPI,P07947,compound,protein,1
25066467,CPI,Q16539,compound,protein,1
25066467,CPI,Q16584,compound,protein,1
25066467,CPI,Q9HAZ1,compound,protein,1
25067484,CPI,P49760,compound,protein,0
25067496,CPI,P99999,compound,protein,0
25073775,CPI,P30305,compound,protein,0
25102847,CPI,Q16832,compound,protein,1
25105713,CPI,O14939,compound,protein,1
25105715,CPI,P36888,compound,protein,0
25105719,CPI,Q96QE3,compound,protein,1
25105719,CPI,Q99986,compound,protein,0
25109893,CPI,Q6W5P4,compound,protein,1
25109893,CPI,P08173,compound,protein,0
25109906,CPI,Q16236,compound,protein,1
25109908,CPI,O75496,compound,protein,1
25109910,CPI,Q96PN8,compound,protein,0
25109910,CPI,P41595,compound,protein,0
25117126,CPI,Q14004,compound,protein,1
25117126,CPI,P18825,compound,protein,0
2512,CPI,Q9NTG7,compound,protein,0
25124816,CPI,P52333,compound,protein,1
25124816,CPI,Q00G26,compound,protein,0
25124816,CPI,P25105,compound,protein,0
25124816,CPI,P51172,compound,protein,0
25124816,CPI,Q93009,compound,protein,0
25124826,CPI,O75355,compound,protein,1
25126798,CPI,O15264,compound,protein,1
25126798,CPI,P20794,compound,protein,1
25126798,CPI,P30291,compound,protein,1
25126798,CPI,P37023,compound,protein,1
25126798,CPI,P43403,compound,protein,1
25126798,CPI,P53355,compound,protein,1
25126798,CPI,P54762,compound,protein,1
25126798,CPI,Q00536,compound,protein,1
25126798,CPI,Q04759,compound,protein,1
25126798,CPI,Q52WX2,compound,protein,1
25126798,CPI,Q9H0K1,compound,protein,1
25126798,CPI,Q9NRH2,compound,protein,1
25126798,CPI,Q9NY57,compound,protein,1
25126798,CPI,Q9UBF8,compound,protein,1
25126798,CPI,Q9UL54,compound,protein,1
25126798,CPI,Q16549,compound,protein,0
25126798,CPI,P50747,compound,protein,0
25126798,CPI,P68366,compound,protein,0
25126798,CPI,P05166,compound,protein,0
25126798,CPI,P05093,compound,protein,0
25126798,CPI,P04070,compound,protein,0
25126798,CPI,Q96RJ0,compound,protein,0
25126798,CPI,Q8IZS8,compound,protein,0
25126798,CPI,P16389,compound,protein,0
25126798,CPI,P00742,compound,protein,0
25126798,CPI,P30531,compound,protein,0
25126798,CPI,P30968,compound,protein,0
25134326,CPI,P00519,compound,protein,1
25134326,CPI,Q05397,compound,protein,1
2513861,CPI,Q9Y6M4,compound,protein,0
2513861,CPI,P34969,compound,protein,0
25147679,CPI,Q8N474,compound,protein,1
25147679,CPI,Q13557,compound,protein,0
25150857,CPI,O95259,compound,protein,0
25151504,CPI,P10635,compound,protein,1
25161177,CPI,Q00653,compound,protein,0
25182616,CPI,O60285,compound,protein,1
25182616,CPI,P45984,compound,protein,1
25182616,CPI,P78368,compound,protein,1
25182616,CPI,Q15139,compound,protein,1
25182616,CPI,Q15746,compound,protein,1
25182616,CPI,Q16620,compound,protein,1
25182616,CPI,Q6PHR2,compound,protein,1
25182616,CPI,Q8TDC3,compound,protein,1
25182616,CPI,Q92630,compound,protein,1
25182616,CPI,Q9BQI3,compound,protein,1
25182616,CPI,Q9BZL6,compound,protein,1
25182616,CPI,Q9NSY1,compound,protein,1
25182616,CPI,Q9UKE5,compound,protein,1
25182616,CPI,Q9Y6R4,compound,protein,1
25182616,CPI,P31644,compound,protein,0
25182616,CPI,P50052,compound,protein,0
25182616,CPI,Q7Z5B4,compound,protein,0
25182616,CPI,Q9H4B7,compound,protein,0
25182616,CPI,Q16549,compound,protein,0
25182616,CPI,Q70Z44,compound,protein,0
25182616,CPI,Q9GZZ6,compound,protein,0
25182616,CPI,Q7LG56,compound,protein,0
25182616,CPI,Q9Y4R7,compound,protein,0
25182616,CPI,P48050,compound,protein,0
25182616,CPI,P54219,compound,protein,0
25182616,CPI,P08700,compound,protein,0
25182616,CPI,P06401,compound,protein,0
25182616,CPI,P84077,compound,protein,0
2519,CPI,P35367,compound,protein,1
2519,CPI,P35913,compound,protein,1
2519,CPI,P50406,compound,protein,1
2519,CPI,Q9HC29,compound,protein,0
2519,CPI,Q9BY08,compound,protein,0
2519,CPI,Q709F0,compound,protein,0
25195348,CPI,Q8TDR2,compound,protein,0
25195352,CPI,P37288,compound,protein,0
25199517,CPI,O75582,compound,protein,0
2520,CPI,Q9UNQ0,compound,protein,1
2520,CPI,Q99873,compound,protein,0
25227462,CPI,P06241,compound,protein,1
25227462,CPI,P28482,compound,protein,1
25227462,CPI,Q9UHD2,compound,protein,1
25227462,CPI,O00591,compound,protein,0
25227462,CPI,O95136,compound,protein,0
25227462,CPI,Q99873,compound,protein,0
25227462,CPI,Q8TCT1,compound,protein,0
25227462,CPI,Q9UQL6,compound,protein,0
25227462,CPI,P14416,compound,protein,0
25241666,CPI,P41145,compound,protein,0
25241666,CPI,P18825,compound,protein,0
25243723,CPI,P34969,compound,protein,0
25243728,CPI,P14618,compound,protein,1
25243730,CPI,O75496,compound,protein,1
25243778,CPI,P08912,compound,protein,0
25243781,CPI,O60674,compound,protein,0
25243782,CPI,P25929,compound,protein,0
25243783,CPI,Q13705,compound,protein,0
25243783,CPI,P23975,compound,protein,0
25243786,CPI,P22607,compound,protein,0
25243787,CPI,P54760,compound,protein,0
25249,CPI,Q9NUW8,compound,protein,0
25254071,CPI,Q06187,compound,protein,1
25262965,CPI,P22830,compound,protein,1
25267262,CPI,P29274,compound,protein,0
25295,CPI,P35372,compound,protein,1
253078,CPI,P11712,compound,protein,1
253078,CPI,Q9NZQ7,compound,protein,0
25320895,CPI,P06401,compound,protein,1
253602,CPI,P61313,compound,protein,1
253602,CPI,P62917,compound,protein,1
253602,CPI,Q9NYV4,compound,protein,0
2540,CPI,Q9NPI1,compound,protein,0
2541,CPI,P21731,compound,protein,1
2541,CPI,O15492,compound,protein,0
2541,CPI,Q9NZ08,compound,protein,0
25419,CPI,Q9BVC4,compound,protein,0
25429,CPI,Q99504,compound,protein,0
25429,CPI,O75907,compound,protein,0
25429,CPI,P25021,compound,protein,0
2547325,CPI,P06241,compound,protein,0
2551,CPI,P03372,compound,protein,1
2551,CPI,P18089,compound,protein,1
2551,CPI,Q01959,compound,protein,1
2551,CPI,Q15084,compound,protein,0
2551,CPI,P35236,compound,protein,0
2551,CPI,Q9NRA0,compound,protein,0
2551,CPI,Q9HC29,compound,protein,0
2554,CPI,P17516,compound,protein,0
2554,CPI,P35626,compound,protein,0
2562,CPI,P20340,compound,protein,0
2562,CPI,P24864,compound,protein,0
2562,CPI,Q96PN8,compound,protein,0
2562,CPI,Q13304,compound,protein,0
2576,CPI,Q9UGL1,compound,protein,0
2576,CPI,P49798,compound,protein,0
25791508,CPI,O60733,compound,protein,0
2581,CPI,P08913,compound,protein,1
2581,CPI,P21397,compound,protein,1
2581,CPI,P21728,compound,protein,1
2581,CPI,O95551,compound,protein,0
2583,CPI,P30519,compound,protein,0
2585,CPI,P08912,compound,protein,1
2585,CPI,P52732,compound,protein,0
26070,CPI,P07477,compound,protein,0
2608,CPI,Q15078,compound,protein,1
2608,CPI,P25100,compound,protein,0
262093,CPI,P16473,compound,protein,1
262093,CPI,P37840,compound,protein,1
262093,CPI,Q08462,compound,protein,0
26248,CPI,O15439,compound,protein,1
26248,CPI,Q16637,compound,protein,1
26248,CPI,P51828,compound,protein,0
264,CPI,Q86Z02,compound,protein,0
26596,CPI,P04792,compound,protein,0
2662,CPI,P16499,compound,protein,1
2662,CPI,P22748,compound,protein,1
2662,CPI,P43166,compound,protein,1
2662,CPI,Q14457,compound,protein,0
2662,CPI,P30531,compound,protein,0
26757,CPI,P04150,compound,protein,1
26757,CPI,P06276,compound,protein,0
26757,CPI,O00459,compound,protein,0
2680,CPI,P43681,compound,protein,0
2688,CPI,P43681,compound,protein,0
2689,CPI,P05177,compound,protein,1
2689,CPI,O15305,compound,protein,0
2690,CPI,Q96KQ7,compound,protein,1
2690,CPI,P60568,compound,protein,0
26937,CPI,Q96EB6,compound,protein,0
26937,CPI,O15254,compound,protein,0
26987,CPI,P35354,compound,protein,1
2703,CPI,P49798,compound,protein,1
2703,CPI,P20711,compound,protein,0
2708,CPI,Q53EL6,compound,protein,0
2710,CPI,P00492,compound,protein,0
2712,CPI,P08913,compound,protein,1
2712,CPI,P18089,compound,protein,1
2712,CPI,P34903,compound,protein,1
2713,CPI,O15056,compound,protein,1
2713,CPI,P18089,compound,protein,1
2713,CPI,P49760,compound,protein,1
2713,CPI,Q92630,compound,protein,1
2713,CPI,Q9NR96,compound,protein,0
2717,CPI,P07550,compound,protein,1
2717,CPI,Q9NRA0,compound,protein,0
2717,CPI,O00459,compound,protein,0
2717,CPI,P00742,compound,protein,0
2719,CPI,Q9NR96,compound,protein,1
2719,CPI,Q9Y5N1,compound,protein,1
2719,CPI,Q9H665,compound,protein,0
2720,CPI,O43193,compound,protein,1
2720,CPI,P08908,compound,protein,1
2722,CPI,P43220,compound,protein,1
2722,CPI,P50281,compound,protein,1
2724385,CPI,P10145,compound,protein,1
2724385,CPI,P21554,compound,protein,1
2724385,CPI,P30411,compound,protein,1
2724385,CPI,P30556,compound,protein,1
2724385,CPI,O00519,compound,protein,0
2724385,CPI,P14867,compound,protein,0
2725,CPI,P18089,compound,protein,1
2725,CPI,P21918,compound,protein,1
2725,CPI,P28335,compound,protein,1
2725,CPI,P41595,compound,protein,1
2725,CPI,P50579,compound,protein,0
2726,CPI,P08183,compound,protein,1
2726,CPI,P08908,compound,protein,1
2726,CPI,P08913,compound,protein,1
2726,CPI,P18825,compound,protein,1
2726,CPI,P21397,compound,protein,1
2726,CPI,P21452,compound,protein,1
2726,CPI,P47869,compound,protein,0
2726,CPI,Q7L5N7,compound,protein,0
2726824,CPI,P63252,compound,protein,0
2726824,CPI,P49662,compound,protein,0
2726824,CPI,P35372,compound,protein,0
2727,CPI,O94953,compound,protein,0
2732,CPI,P08908,compound,protein,1
2732,CPI,P30518,compound,protein,1
2732,CPI,Q08493,compound,protein,0
2732,CPI,Q08881,compound,protein,0
2733,CPI,O43193,compound,protein,1
2733,CPI,Q9NR56,compound,protein,1
2733,CPI,Q12879,compound,protein,0
2733335,CPI,Q13873,compound,protein,0
2733526,CPI,O75496,compound,protein,1
2733526,CPI,Q01959,compound,protein,1
2733526,CPI,Q9Y2U5,compound,protein,0
2733526,CPI,P22314,compound,protein,0
2733526,CPI,P63165,compound,protein,0
2733526,CPI,Q8NB16,compound,protein,0
2735313,CPI,P08684,compound,protein,1
27400,CPI,P18089,compound,protein,1
27400,CPI,P51452,compound,protein,0
2741632,CPI,Q14524,compound,protein,0
2741632,CPI,P16473,compound,protein,0
27447,CPI,P14416,compound,protein,1
2745684,CPI,P51817,compound,protein,0
2745688,CPI,P62942,compound,protein,0
2752,CPI,P30556,compound,protein,1
2752,CPI,P35367,compound,protein,1
2752,CPI,P09769,compound,protein,0
2752,CPI,P17787,compound,protein,0
2752,CPI,P45985,compound,protein,0
2752,CPI,Q99928,compound,protein,0
2752,CPI,Q9H9B1,compound,protein,0
2754,CPI,P00352,compound,protein,1
2754,CPI,P08908,compound,protein,1
27559,CPI,P10997,compound,protein,0
2756,CPI,P31645,compound,protein,1
2756,CPI,P46098,compound,protein,1
2756,CPI,Q01959,compound,protein,1
2756,CPI,P29350,compound,protein,0
2756,CPI,P10636,compound,protein,0
2761,CPI,P62993,compound,protein,0
2761,CPI,P31025,compound,protein,0
2762,CPI,P08172,compound,protein,1
2762,CPI,P23975,compound,protein,1
2762,CPI,P28223,compound,protein,1
2762,CPI,P30542,compound,protein,1
2762,CPI,Q92847,compound,protein,1
2762,CPI,Q01201,compound,protein,0
2769,CPI,P28335,compound,protein,1
2769,CPI,Q8TCG2,compound,protein,0
2769230,CPI,Q9P0L2,compound,protein,0
2770,CPI,P14416,compound,protein,0
2771,CPI,P37288,compound,protein,1
2771,CPI,P22612,compound,protein,0
2772126,CPI,P07900,compound,protein,0
2775426,CPI,Q16665,compound,protein,0
2775510,CPI,O15554,compound,protein,0
2780,CPI,P41595,compound,protein,1
2780,CPI,Q08828,compound,protein,0
2782,CPI,P17516,compound,protein,0
2783,CPI,P01138,compound,protein,1
2783,CPI,P28161,compound,protein,0
2788,CPI,P0DMS8,compound,protein,0
27924,CPI,Q12908,compound,protein,0
27924,CPI,P37059,compound,protein,0
2794,CPI,Q15842,compound,protein,0
2796,CPI,P08684,compound,protein,1
2797577,CPI,Q9HAZ1,compound,protein,1
2797577,CPI,P32245,compound,protein,0
27991,CPI,P08581,compound,protein,0
2801,CPI,P50406,compound,protein,1
2801,CPI,Q9Y5N1,compound,protein,1
2801,CPI,Q99685,compound,protein,0
2802,CPI,P78334,compound,protein,1
2802,CPI,Q8TDS4,compound,protein,1
2802,CPI,Q9UN88,compound,protein,1
2802,CPI,Q9H3R0,compound,protein,0
2802190,CPI,Q9NUW8,compound,protein,1
2802894,CPI,P84022,compound,protein,0
2803,CPI,P11712,compound,protein,1
2803,CPI,O60391,compound,protein,0
2803185,CPI,P53350,compound,protein,1
2803185,CPI,Q12974,compound,protein,0
2803185,CPI,P37840,compound,protein,0
2809273,CPI,P08263,compound,protein,0
2812,CPI,O95342,compound,protein,1
2812,CPI,P14416,compound,protein,1
2812,CPI,P83916,compound,protein,1
2812,CPI,Q7Z2W7,compound,protein,1
2812,CPI,Q99640,compound,protein,0
2812,CPI,P51617,compound,protein,0
2812,CPI,P00740,compound,protein,0
2812,CPI,P29376,compound,protein,0
2817242,CPI,P42345,compound,protein,1
2819095,CPI,Q13258,compound,protein,0
2837663,CPI,Q2M2I8,compound,protein,0
28417,CPI,P30411,compound,protein,1
28417,CPI,O60674,compound,protein,0
28417,CPI,P43403,compound,protein,0
2852569,CPI,P42261,compound,protein,0
2852569,CPI,Q15569,compound,protein,0
2857183,CPI,P08913,compound,protein,0
2857183,CPI,P08908,compound,protein,0
2866,CPI,Q15842,compound,protein,1
2866,CPI,Q8NEV1,compound,protein,0
2866,CPI,Q96SB4,compound,protein,0
2871,CPI,P35869,compound,protein,1
28761,CPI,P36544,compound,protein,0
2878586,CPI,P08172,compound,protein,0
2882,CPI,P07900,compound,protein,1
28871,CPI,Q13946,compound,protein,0
28871,CPI,Q8TDX7,compound,protein,0
2895,CPI,P18825,compound,protein,1
2895,CPI,P21397,compound,protein,1
2895,CPI,Q9Y5N1,compound,protein,1
2900,CPI,P41145,compound,protein,0
2900,CPI,P14550,compound,protein,0
2905,CPI,P08908,compound,protein,1
2905,CPI,P21728,compound,protein,1
2910,CPI,P48058,compound,protein,1
2910,CPI,P30411,compound,protein,0
2911646,CPI,Q8TDD5,compound,protein,1
2913,CPI,P08238,compound,protein,0
2913,CPI,Q99685,compound,protein,0
2921148,CPI,P07550,compound,protein,0
29243,CPI,P09917,compound,protein,0
2930014,CPI,P49589,compound,protein,0
2946601,CPI,O75874,compound,protein,0
2951539,CPI,P84022,compound,protein,1
2955,CPI,P02545,compound,protein,1
2955,CPI,P08172,compound,protein,1
2955,CPI,P27695,compound,protein,1
2955,CPI,P41145,compound,protein,1
2955,CPI,P84022,compound,protein,1
2955,CPI,Q92847,compound,protein,1
2955,CPI,Q92499,compound,protein,0
2955,CPI,Q99640,compound,protein,0
2966,CPI,P39900,compound,protein,0
2977478,CPI,P48426,compound,protein,1
2977478,CPI,Q9NUW8,compound,protein,1
2978593,CPI,Q9UEE5,compound,protein,0
298,CPI,P22455,compound,protein,0
2980973,CPI,Q9NUW8,compound,protein,1
29922189,CPI,P23443,compound,protein,0
29922606,CPI,P30411,compound,protein,0
2993,CPI,P08913,compound,protein,1
2993,CPI,Q9NUW8,compound,protein,1
2993,CPI,P04035,compound,protein,0
2993,CPI,Q16678,compound,protein,0
2995,CPI,P08912,compound,protein,1
2995,CPI,P31645,compound,protein,1
2995,CPI,Q9NTG7,compound,protein,0
3000022,CPI,P20366,compound,protein,0
3000322,CPI,P25929,compound,protein,1
3000322,CPI,P35367,compound,protein,1
3000322,CPI,P41595,compound,protein,1
3000322,CPI,Q14683,compound,protein,0
3000540,CPI,P31645,compound,protein,1
3001055,CPI,P16473,compound,protein,1
3001055,CPI,P19838,compound,protein,1
3001055,CPI,P37288,compound,protein,1
3001055,CPI,Q8TDU6,compound,protein,0
3001055,CPI,P61073,compound,protein,0
3001055,CPI,P55212,compound,protein,0
3003,CPI,Q16236,compound,protein,1
3003,CPI,P01189,compound,protein,0
3003565,CPI,P49798,compound,protein,1
3003565,CPI,Q96KQ7,compound,protein,1
3005573,CPI,P41235,compound,protein,1
3005573,CPI,P10398,compound,protein,0
3005573,CPI,P35916,compound,protein,0
3006531,CPI,P11362,compound,protein,0
3009355,CPI,P08172,compound,protein,1
3011155,CPI,Q9UPE1,compound,protein,0
3011155,CPI,P21554,compound,protein,0
3011155,CPI,P21731,compound,protein,0
3011155,CPI,P14616,compound,protein,0
3012,CPI,P61981,compound,protein,0
3016,CPI,P08172,compound,protein,1
3016,CPI,P21554,compound,protein,1
3016,CPI,P35367,compound,protein,1
3016,CPI,P50579,compound,protein,0
3016,CPI,P14859,compound,protein,0
3017,CPI,P98194,compound,protein,0
3019,CPI,P25705,compound,protein,1
3019,CPI,P00742,compound,protein,0
3019,CPI,Q460N5,compound,protein,0
3019,CPI,O95622,compound,protein,0
3019,CPI,P49146,compound,protein,0
3025,CPI,P31645,compound,protein,1
3025,CPI,Q12809,compound,protein,1
3025,CPI,Q56UN5,compound,protein,0
3025,CPI,Q8IW41,compound,protein,0
3025,CPI,P45985,compound,protein,0
3025,CPI,P06239,compound,protein,0
3025920,CPI,Q9HCP0,compound,protein,0
3025920,CPI,Q08499,compound,protein,0
3025944,CPI,O15075,compound,protein,0
3025986,CPI,O00311,compound,protein,1
3025986,CPI,O00329,compound,protein,1
3025986,CPI,O14730,compound,protein,1
3025986,CPI,O43293,compound,protein,1
3025986,CPI,P04629,compound,protein,1
3025986,CPI,P06493,compound,protein,1
3025986,CPI,P07947,compound,protein,1
3025986,CPI,P29323,compound,protein,1
3025986,CPI,P30291,compound,protein,1
3025986,CPI,P34947,compound,protein,1
3025986,CPI,P51812,compound,protein,1
3025986,CPI,Q08881,compound,protein,1
3025986,CPI,Q15835,compound,protein,1
3025986,CPI,Q6PHR2,compound,protein,1
3025986,CPI,Q99640,compound,protein,1
3025986,CPI,O14764,compound,protein,0
3025986,CPI,Q99928,compound,protein,0
3025986,CPI,O60760,compound,protein,0
3025986,CPI,P38435,compound,protein,0
3025986,CPI,P48443,compound,protein,0
3025986,CPI,P05186,compound,protein,0
3025986,CPI,P21918,compound,protein,0
3025986,CPI,P0DP23,compound,protein,0
30322,CPI,Q13177,compound,protein,0
30323,CPI,P03372,compound,protein,1
30323,CPI,P06401,compound,protein,1
30323,CPI,P27695,compound,protein,1
30323,CPI,Q9BVC4,compound,protein,0
3032818,CPI,Q07343,compound,protein,0
3033,CPI,O43193,compound,protein,1
3033,CPI,Q4U2R8,compound,protein,1
3033,CPI,P00374,compound,protein,0
3033,CPI,Q16584,compound,protein,0
3033,CPI,Q12851,compound,protein,0
3033,CPI,Q9ULX7,compound,protein,0
3033,CPI,P16234,compound,protein,0
3033,CPI,O75496,compound,protein,0
3033637,CPI,O75469,compound,protein,1
3033637,CPI,P21554,compound,protein,1
3033637,CPI,Q6P6C2,compound,protein,0
3033637,CPI,P35218,compound,protein,0
3033637,CPI,Q8IXQ6,compound,protein,0
3033637,CPI,P27695,compound,protein,0
3033769,CPI,P33261,compound,protein,1
3033769,CPI,Q93084,compound,protein,0
3033825,CPI,P43405,compound,protein,0
3034010,CPI,P46019,compound,protein,0
3035746,CPI,Q9H3N8,compound,protein,1
3036,CPI,O00571,compound,protein,0
3036703,CPI,P27986,compound,protein,0
3038,CPI,P35354,compound,protein,1
3038,CPI,Q99808,compound,protein,1
3038,CPI,P08238,compound,protein,0
3038522,CPI,O00238,compound,protein,1
3038522,CPI,P22455,compound,protein,1
3038522,CPI,P23443,compound,protein,1
3038522,CPI,P31751,compound,protein,1
3038522,CPI,P41240,compound,protein,1
3038522,CPI,P46734,compound,protein,1
3038522,CPI,P51817,compound,protein,1
3038522,CPI,P51955,compound,protein,1
3038522,CPI,P52333,compound,protein,1
3038522,CPI,Q00532,compound,protein,1
3038522,CPI,Q00536,compound,protein,1
3038522,CPI,Q14164,compound,protein,1
3038522,CPI,Q8IYT8,compound,protein,1
3038522,CPI,Q8N568,compound,protein,1
3038522,CPI,Q9H0K1,compound,protein,1
3038522,CPI,Q9H1R3,compound,protein,1
3038522,CPI,P00813,compound,protein,0
3038522,CPI,O60760,compound,protein,0
3038522,CPI,P43354,compound,protein,0
3038522,CPI,P05023,compound,protein,0
3038522,CPI,Q08493,compound,protein,0
3038522,CPI,Q9NS40,compound,protein,0
3038522,CPI,P04798,compound,protein,0
3038522,CPI,P21554,compound,protein,0
3038522,CPI,Q9UGI6,compound,protein,0
3038522,CPI,P01584,compound,protein,0
3038522,CPI,Q92793,compound,protein,0
3038525,CPI,O60674,compound,protein,1
3038525,CPI,P04626,compound,protein,1
3038525,CPI,P11802,compound,protein,1
3038525,CPI,P15056,compound,protein,1
3038525,CPI,P19525,compound,protein,1
3038525,CPI,P29322,compound,protein,1
3038525,CPI,P49137,compound,protein,1
3038525,CPI,Q00535,compound,protein,1
3038525,CPI,Q05513,compound,protein,1
3038525,CPI,Q13163,compound,protein,1
3038525,CPI,Q9BQI3,compound,protein,1
3038525,CPI,Q9Y6R4,compound,protein,1
3038525,CPI,Q8TCT1,compound,protein,0
3038525,CPI,P25105,compound,protein,0
3038525,CPI,P84022,compound,protein,0
3038525,CPI,Q03164,compound,protein,0
3038525,CPI,P06746,compound,protein,0
3038525,CPI,P30043,compound,protein,0
3038525,CPI,O94956,compound,protein,0
3038525,CPI,P47989,compound,protein,0
3038525,CPI,P35367,compound,protein,0
3038525,CPI,P05981,compound,protein,0
3038525,CPI,P30556,compound,protein,0
3038525,CPI,P78508,compound,protein,0
3042,CPI,P02545,compound,protein,1
3042,CPI,P20309,compound,protein,1
3042,CPI,Q12809,compound,protein,1
3042,CPI,P25098,compound,protein,0
3042,CPI,P61956,compound,protein,0
3052776,CPI,P27338,compound,protein,1
3053,CPI,Q8IXQ6,compound,protein,0
3055,CPI,P08908,compound,protein,1
3055,CPI,P08912,compound,protein,1
3055,CPI,Q99720,compound,protein,1
3059,CPI,P14416,compound,protein,1
3059,CPI,P20813,compound,protein,0
3059,CPI,P51617,compound,protein,0
3062316,CPI,P51957,compound,protein,1
3062316,CPI,Q9NYY3,compound,protein,1
3062316,CPI,P12821,compound,protein,0
3062316,CPI,Q71U36,compound,protein,0
3062316,CPI,P07225,compound,protein,0
3062316,CPI,P08173,compound,protein,0
3062316,CPI,Q709F0,compound,protein,0
3064778,CPI,Q13464,compound,protein,1
30668,CPI,Q15067,compound,protein,0
30668,CPI,Q8N4C6,compound,protein,0
3071,CPI,Q9UIK4,compound,protein,0
3074,CPI,P51955,compound,protein,0
3074,CPI,P42785,compound,protein,0
30751,CPI,P07332,compound,protein,0
3076,CPI,Q8IW41,compound,protein,0
3078519,CPI,P16591,compound,protein,1
3078519,CPI,Q13555,compound,protein,1
3078519,CPI,Q13557,compound,protein,1
3078519,CPI,Q93084,compound,protein,0
3078519,CPI,Q8NER1,compound,protein,0
3078519,CPI,P17655,compound,protein,0
3078519,CPI,Q16762,compound,protein,0
3081361,CPI,O15264,compound,protein,1
3081361,CPI,O94921,compound,protein,1
3081361,CPI,P00533,compound,protein,1
3081361,CPI,P07947,compound,protein,1
3081361,CPI,P09769,compound,protein,1
3081361,CPI,P32298,compound,protein,1
3081361,CPI,P42679,compound,protein,1
3081361,CPI,P51957,compound,protein,1
3081361,CPI,P54760,compound,protein,1
3081361,CPI,Q02779,compound,protein,1
3081361,CPI,Q13237,compound,protein,1
3081361,CPI,Q14164,compound,protein,1
3081361,CPI,Q14289,compound,protein,1
3081361,CPI,Q15418,compound,protein,1
3081361,CPI,Q32MK0,compound,protein,1
3081361,CPI,Q9BXA7,compound,protein,1
3081361,CPI,Q9UNQ0,compound,protein,1
3081361,CPI,P43119,compound,protein,0
3081361,CPI,Q9HC16,compound,protein,0
3081361,CPI,P16050,compound,protein,0
3081361,CPI,P57764,compound,protein,0
3081361,CPI,Q06432,compound,protein,0
3081361,CPI,P60568,compound,protein,0
3081361,CPI,Q8TDS4,compound,protein,0
3081361,CPI,O60240,compound,protein,0
3081361,CPI,P22314,compound,protein,0
3081361,CPI,O75751,compound,protein,0
3081361,CPI,P84022,compound,protein,0
3081361,CPI,O43451,compound,protein,0
3081361,CPI,P00740,compound,protein,0
3083928,CPI,Q9H2G2,compound,protein,0
3085219,CPI,P25100,compound,protein,1
3085219,CPI,Q16566,compound,protein,0
3085416,CPI,O75496,compound,protein,1
3085416,CPI,Q8IUX4,compound,protein,1
30951,CPI,P23219,compound,protein,1
30951,CPI,P35354,compound,protein,1
30951,CPI,O43683,compound,protein,0
3100,CPI,P07550,compound,protein,1
3100,CPI,P49798,compound,protein,1
3100,CPI,P35218,compound,protein,0
3100,CPI,Q13976,compound,protein,0
3103,CPI,O43193,compound,protein,0
3103,CPI,P05177,compound,protein,0
3105,CPI,P10599,compound,protein,0
31072,CPI,P08588,compound,protein,1
31072,CPI,P08913,compound,protein,1
31072,CPI,P25021,compound,protein,1
31072,CPI,P28223,compound,protein,1
31072,CPI,Q92847,compound,protein,1
31072,CPI,Q8N8N7,compound,protein,0
3108,CPI,P02545,compound,protein,1
3108,CPI,Q99808,compound,protein,1
3108,CPI,Q16280,compound,protein,0
31101,CPI,Q9BXA7,compound,protein,0
3111,CPI,P23219,compound,protein,1
3111211,CPI,P56696,compound,protein,1
3111211,CPI,Q96QE3,compound,protein,1
3114,CPI,Q9H244,compound,protein,0
3116236,CPI,P05181,compound,protein,0
3117,CPI,O60240,compound,protein,1
3117,CPI,P08684,compound,protein,1
3117,CPI,P15428,compound,protein,1
3117,CPI,P00749,compound,protein,0
3117,CPI,P35610,compound,protein,0
3117,CPI,P01375,compound,protein,0
3121,CPI,O15379,compound,protein,0
312145,CPI,Q9NUW8,compound,protein,1
31307,CPI,P04150,compound,protein,1
3135,CPI,P21728,compound,protein,1
3135,CPI,Q96KQ7,compound,protein,1
3135,CPI,O00418,compound,protein,0
3135,CPI,Q12866,compound,protein,0
3136666,CPI,Q08345,compound,protein,0
3136844,CPI,O00329,compound,protein,0
31404,CPI,P06746,compound,protein,1
31404,CPI,Q16637,compound,protein,1
31411,CPI,Q9Y572,compound,protein,0
3146158,CPI,O75496,compound,protein,1
3146158,CPI,P21554,compound,protein,0
3150672,CPI,P14416,compound,protein,0
31508,CPI,P23634,compound,protein,0
3151,CPI,O15244,compound,protein,1
3151,CPI,P02545,compound,protein,1
3151,CPI,P08908,compound,protein,1
3151,CPI,P23975,compound,protein,1
3152,CPI,P42330,compound,protein,0
3157,CPI,P08172,compound,protein,1
3157,CPI,P35372,compound,protein,1
3157,CPI,P41143,compound,protein,1
3157,CPI,P22607,compound,protein,0
3164059,CPI,O43451,compound,protein,0
3166,CPI,P08908,compound,protein,1
3168,CPI,P28223,compound,protein,1
3168,CPI,Q12809,compound,protein,1
31703,CPI,P04150,compound,protein,1
31703,CPI,P07900,compound,protein,1
31729,CPI,P21728,compound,protein,1
31729,CPI,Q15842,compound,protein,1
31729,CPI,Q9UIK4,compound,protein,0
31729,CPI,P60953,compound,protein,0
3177,CPI,P18825,compound,protein,0
31772,CPI,O94782,compound,protein,1
3180,CPI,P25103,compound,protein,1
3180,CPI,P41143,compound,protein,1
3180,CPI,Q9UBS5,compound,protein,1
3180,CPI,P04818,compound,protein,0
3180,CPI,P78329,compound,protein,0
3180,CPI,Q9UI33,compound,protein,0
3182,CPI,P30542,compound,protein,1
3182,CPI,O75185,compound,protein,0
3185,CPI,Q92830,compound,protein,1
3185,CPI,O76083,compound,protein,0
3194,CPI,O75496,compound,protein,1
3194,CPI,P04839,compound,protein,1
3194,CPI,P49407,compound,protein,1
3194,CPI,Q04637,compound,protein,1
3194,CPI,P37059,compound,protein,0
3198,CPI,P08913,compound,protein,1
3198,CPI,Q13370,compound,protein,0
3198,CPI,P09960,compound,protein,0
3198,CPI,P10721,compound,protein,0
3202,CPI,P35372,compound,protein,1
3213,CPI,P33261,compound,protein,1
3220,CPI,P27338,compound,protein,1
3220,CPI,P21127,compound,protein,0
3220,CPI,P23975,compound,protein,0
3226,CPI,P23415,compound,protein,1
3226,CPI,Q13698,compound,protein,1
3226,CPI,P31213,compound,protein,0
3226,CPI,Q13164,compound,protein,0
3229,CPI,P35367,compound,protein,1
3229,CPI,P43403,compound,protein,0
323,CPI,P03372,compound,protein,0
323,CPI,P08172,compound,protein,0
3232217,CPI,O14936,compound,protein,0
3233012,CPI,P23921,compound,protein,0
3233276,CPI,P08913,compound,protein,0
3234028,CPI,Q9UBT6,compound,protein,1
3234184,CPI,P37840,compound,protein,0
3234345,CPI,O75496,compound,protein,1
3235086,CPI,Q16665,compound,protein,1
3235086,CPI,P14210,compound,protein,0
3235398,CPI,Q9HAZ1,compound,protein,1
3235429,CPI,P24666,compound,protein,0
3235537,CPI,P05177,compound,protein,1
3237904,CPI,P35398,compound,protein,1
3238417,CPI,P16050,compound,protein,1
3238417,CPI,P22314,compound,protein,0
3241,CPI,Q96FL8,compound,protein,1
3241,CPI,O15440,compound,protein,0
3242434,CPI,P21728,compound,protein,0
3243424,CPI,O75173,compound,protein,0
3243760,CPI,O43741,compound,protein,0
3243873,CPI,O75496,compound,protein,0
3247,CPI,P21728,compound,protein,0
3247059,CPI,P29376,compound,protein,0
3248000,CPI,P28223,compound,protein,0
3250,CPI,P02545,compound,protein,1
3272524,CPI,P27695,compound,protein,1
3277599,CPI,P10635,compound,protein,0
3278,CPI,P05023,compound,protein,1
3278,CPI,P11473,compound,protein,1
3278,CPI,Q99712,compound,protein,0
3278,CPI,P10415,compound,protein,0
3278,CPI,Q9Y478,compound,protein,0
32798,CPI,P06401,compound,protein,1
3287,CPI,P32245,compound,protein,1
3287,CPI,P84022,compound,protein,1
3287,CPI,P53634,compound,protein,0
3287,CPI,O75173,compound,protein,0
3287,CPI,Q9Y6R4,compound,protein,0
3287,CPI,Q96SB4,compound,protein,0
32875,CPI,Q8NB16,compound,protein,0
32875,CPI,P60568,compound,protein,0
3290,CPI,P51648,compound,protein,0
3290,CPI,P42679,compound,protein,0
3292447,CPI,P28221,compound,protein,1
3292447,CPI,Q9UBT6,compound,protein,1
3293,CPI,P15428,compound,protein,1
3293,CPI,P84022,compound,protein,1
3293,CPI,Q96KQ7,compound,protein,1
3301126,CPI,P02545,compound,protein,0
33032,CPI,Q05932,compound,protein,1
33032,CPI,Q9ULA0,compound,protein,1
33032,CPI,Q5JPH6,compound,protein,1
33032,CPI,Q7KZI7,compound,protein,0
33032,CPI,P10721,compound,protein,0
33036,CPI,P23975,compound,protein,1
33036,CPI,P42356,compound,protein,0
33036,CPI,P39900,compound,protein,0
3307,CPI,P14867,compound,protein,1
3308,CPI,P31645,compound,protein,1
3308,CPI,P34947,compound,protein,0
3314,CPI,P41595,compound,protein,0
3324,CPI,P41145,compound,protein,1
3325,CPI,Q01959,compound,protein,1
3325,CPI,P35968,compound,protein,0
3326,CPI,Q9UEW8,compound,protein,0
3331,CPI,P14210,compound,protein,0
3333,CPI,P20813,compound,protein,0
3335,CPI,P55211,compound,protein,1
3336,CPI,Q9UNA0,compound,protein,0
3339,CPI,P0DMS8,compound,protein,1
3339,CPI,P10636,compound,protein,1
3339,CPI,P51648,compound,protein,0
3339,CPI,P06730,compound,protein,0
3339,CPI,Q14957,compound,protein,0
3341,CPI,Q96RJ0,compound,protein,1
3342,CPI,P37231,compound,protein,1
3342,CPI,P01215,compound,protein,0
3342,CPI,Q8IVW4,compound,protein,0
3342298,CPI,P09238,compound,protein,1
3342390,CPI,P16615,compound,protein,0
3343,CPI,P08588,compound,protein,1
3343,CPI,P35372,compound,protein,1
3343,CPI,Q13164,compound,protein,0
3348,CPI,P08908,compound,protein,1
33572,CPI,O15554,compound,protein,1
33572,CPI,O43526,compound,protein,0
33624,CPI,P07550,compound,protein,1
33624,CPI,Q9BRX8,compound,protein,0
33625,CPI,P18089,compound,protein,1
33625,CPI,P18825,compound,protein,1
33625,CPI,P07711,compound,protein,0
3365,CPI,P11712,compound,protein,1
3365,CPI,P18825,compound,protein,1
3366,CPI,P30411,compound,protein,1
3366,CPI,O43318,compound,protein,0
3371,CPI,P21728,compound,protein,1
3371,CPI,P28335,compound,protein,1
3371,CPI,Q9UKE5,compound,protein,0
3372,CPI,P02545,compound,protein,1
3372,CPI,P06241,compound,protein,1
3372,CPI,P14416,compound,protein,1
3372,CPI,P22694,compound,protein,0
3372,CPI,P42336,compound,protein,0
3373,CPI,P28472,compound,protein,1
3373,CPI,Q9UQM7,compound,protein,0
3373,CPI,Q9H2K8,compound,protein,0
33741,CPI,Q14957,compound,protein,1
33741,CPI,Q9NWT8,compound,protein,0
33741,CPI,P35218,compound,protein,0
3380841,CPI,P50591,compound,protein,1
3385,CPI,Q9NR56,compound,protein,0
3385,CPI,Q8NB16,compound,protein,0
3385203,CPI,P29475,compound,protein,0
3386,CPI,P18089,compound,protein,1
3386,CPI,P25103,compound,protein,1
3386,CPI,Q99720,compound,protein,1
3386,CPI,Q9UBC3,compound,protein,0
3386,CPI,P98066,compound,protein,0
3386,CPI,P42338,compound,protein,0
3386,CPI,P54764,compound,protein,0
3386,CPI,P28562,compound,protein,0
3386,CPI,P11498,compound,protein,0
3392731,CPI,O00264,compound,protein,0
3394,CPI,P25021,compound,protein,1
3394,CPI,P41968,compound,protein,1
3394,CPI,P43681,compound,protein,1
3394,CPI,P07225,compound,protein,0
3396,CPI,Q12809,compound,protein,1
3396,CPI,P35218,compound,protein,0
3397,CPI,P33261,compound,protein,1
3397,CPI,P41595,compound,protein,1
3397,CPI,O00750,compound,protein,0
34040,CPI,P31645,compound,protein,1
34040,CPI,P28845,compound,protein,0
3406,CPI,P08172,compound,protein,1
3409332,CPI,P01137,compound,protein,0
3413,CPI,P21728,compound,protein,1
3413,CPI,P28223,compound,protein,0
3423,CPI,P05177,compound,protein,1
34312,CPI,P51151,compound,protein,0
3437,CPI,P49798,compound,protein,1
3437,CPI,Q8IVW4,compound,protein,0
3440,CPI,P22748,compound,protein,1
3440,CPI,P78368,compound,protein,0
3442,CPI,P54132,compound,protein,1
3446,CPI,O75899,compound,protein,1
3446,CPI,P21728,compound,protein,1
3448,CPI,Q13882,compound,protein,0
3449,CPI,Q9UNQ0,compound,protein,0
3450,CPI,P80404,compound,protein,0
3450,CPI,P09960,compound,protein,0
3455,CPI,Q12809,compound,protein,1
3455,CPI,Q9NUW8,compound,protein,1
3456,CPI,O15296,compound,protein,1
3456,CPI,P34969,compound,protein,0
3463,CPI,P18089,compound,protein,1
3463,CPI,Q16637,compound,protein,1
3463,CPI,Q9NPD5,compound,protein,1
3463,CPI,O43175,compound,protein,0
3463,CPI,P43250,compound,protein,0
3463,CPI,P55263,compound,protein,0
34633,CPI,Q14524,compound,protein,1
3467590,CPI,P11712,compound,protein,1
3472,CPI,Q96KQ7,compound,protein,1
3475,CPI,P55212,compound,protein,0
3476,CPI,P11712,compound,protein,1
3476986,CPI,Q9UBS5,compound,protein,0
34772,CPI,P21554,compound,protein,0
3478,CPI,P34969,compound,protein,1
3478,CPI,Q09428,compound,protein,1
3478,CPI,Q92793,compound,protein,0
3478,CPI,P54619,compound,protein,0
3478,CPI,O15399,compound,protein,0
3478439,CPI,P53779,compound,protein,0
34870,CPI,Q13255,compound,protein,0
3488,CPI,Q03431,compound,protein,0
3489614,CPI,P41968,compound,protein,0
3503,CPI,P46019,compound,protein,0
3503,CPI,P68400,compound,protein,0
3505,CPI,P35372,compound,protein,1
350929,CPI,P15735,compound,protein,0
3516,CPI,P36897,compound,protein,0
3516032,CPI,Q8WUI4,compound,protein,1
3517,CPI,P22303,compound,protein,1
3517,CPI,Q14432,compound,protein,1
3517,CPI,P68400,compound,protein,0
3517,CPI,P28472,compound,protein,0
3517,CPI,P42226,compound,protein,0
3519,CPI,P08908,compound,protein,1
3519,CPI,P36544,compound,protein,0
3519,CPI,Q8WTS6,compound,protein,0
3519,CPI,O00408,compound,protein,0
3519,CPI,Q9UPZ9,compound,protein,0
3519541,CPI,P14416,compound,protein,0
3519541,CPI,P48061,compound,protein,0
3538,CPI,Q9NUW8,compound,protein,1
3538139,CPI,Q02083,compound,protein,0
353825,CPI,Q16348,compound,protein,0
353825,CPI,P37288,compound,protein,0
3540,CPI,P68400,compound,protein,0
3542,CPI,Q08209,compound,protein,0
3544,CPI,P03956,compound,protein,0
354624,CPI,Q14376,compound,protein,0
354624,CPI,O60706,compound,protein,0
3547,CPI,P17948,compound,protein,1
3547,CPI,P60953,compound,protein,1
3547,CPI,P68400,compound,protein,1
3547,CPI,Q04912,compound,protein,1
3547,CPI,Q09013,compound,protein,1
3547,CPI,Q16288,compound,protein,1
3547,CPI,Q9Y618,compound,protein,0
3547,CPI,Q6XQN6,compound,protein,0
3547,CPI,Q14973,compound,protein,0
3547,CPI,O75030,compound,protein,0
3549,CPI,P30411,compound,protein,0
3549,CPI,P31645,compound,protein,0
3559,CPI,P21731,compound,protein,1
3559,CPI,P35462,compound,protein,1
3559,CPI,Q96DB2,compound,protein,0
3559,CPI,P13569,compound,protein,0
3561,CPI,P0DMS8,compound,protein,1
3561,CPI,P42356,compound,protein,0
3563638,CPI,Q14289,compound,protein,0
3563638,CPI,Q9UKI8,compound,protein,0
3598,CPI,O75496,compound,protein,1
3598,CPI,P02545,compound,protein,1
3598,CPI,Q01959,compound,protein,1
3598,CPI,P61956,compound,protein,1
3598,CPI,Q02779,compound,protein,0
3601086,CPI,Q9NUW8,compound,protein,0
3604,CPI,P11712,compound,protein,0
3606,CPI,Q01959,compound,protein,1
3610,CPI,P30926,compound,protein,0
3616,CPI,P28482,compound,protein,1
3627,CPI,P08172,compound,protein,1
3627,CPI,Q13315,compound,protein,0
3627,CPI,Q7Z2W7,compound,protein,0
36314,CPI,P18825,compound,protein,1
36314,CPI,P35367,compound,protein,1
36314,CPI,Q01453,compound,protein,1
36314,CPI,Q02790,compound,protein,0
36339,CPI,P51168,compound,protein,0
36339,CPI,P25098,compound,protein,0
36339,CPI,O75173,compound,protein,0
3634,CPI,Q9NY56,compound,protein,0
3639,CPI,P21452,compound,protein,1
3639,CPI,Q9H2X6,compound,protein,0
3639,CPI,O60240,compound,protein,0
36462,CPI,P21731,compound,protein,1
36462,CPI,Q99572,compound,protein,0
3647,CPI,P05023,compound,protein,1
3647,CPI,P30411,compound,protein,1
3647,CPI,P27487,compound,protein,0
3651377,CPI,P83916,compound,protein,1
3652,CPI,P25100,compound,protein,1
3652,CPI,P28223,compound,protein,1
3652,CPI,P04629,compound,protein,0
3654103,CPI,P28566,compound,protein,1
3654103,CPI,P30939,compound,protein,1
3654103,CPI,P34969,compound,protein,1
3658,CPI,Q9BVS4,compound,protein,0
3668,CPI,A5X5Y0,compound,protein,0
3668,CPI,P21397,compound,protein,0
3671,CPI,Q13148,compound,protein,1
3671,CPI,Q9NUW8,compound,protein,1
3671,CPI,Q99712,compound,protein,0
3672,CPI,P00533,compound,protein,1
3672,CPI,P21917,compound,protein,1
3672,CPI,P35367,compound,protein,1
3672,CPI,P37231,compound,protein,1
3676,CPI,P08684,compound,protein,1
3677,CPI,P08913,compound,protein,1
3677,CPI,P14416,compound,protein,1
3678,CPI,O60240,compound,protein,1
3678,CPI,P22894,compound,protein,0
36811,CPI,P25021,compound,protein,1
36811,CPI,P43166,compound,protein,1
36811,CPI,Q16790,compound,protein,1
3686,CPI,Q9UBS5,compound,protein,1
3686,CPI,P37059,compound,protein,0
3686,CPI,P18507,compound,protein,0
3689,CPI,P41145,compound,protein,1
3689,CPI,Q9NUW8,compound,protein,1
3689,CPI,Q5XXA6,compound,protein,0
3689413,CPI,P01215,compound,protein,1
3689416,CPI,O75496,compound,protein,1
3696,CPI,P47898,compound,protein,1
3696,CPI,Q8IYT8,compound,protein,0
3698,CPI,P08908,compound,protein,1
3698,CPI,P54750,compound,protein,0
3698,CPI,P48729,compound,protein,0
370,CPI,P05067,compound,protein,1
370,CPI,Q9NUW8,compound,protein,1
370,CPI,Q9Y466,compound,protein,0
3702,CPI,P18089,compound,protein,1
3702,CPI,P28223,compound,protein,1
3702,CPI,P27487,compound,protein,0
3715,CPI,Q07869,compound,protein,1
37175,CPI,P22460,compound,protein,0
3718,CPI,P07148,compound,protein,1
3718,CPI,P23219,compound,protein,1
3718,CPI,P49662,compound,protein,1
3739,CPI,Q8TDX7,compound,protein,0
374536,CPI,P11498,compound,protein,0
3746,CPI,P00352,compound,protein,0
37461,CPI,P21728,compound,protein,1
3747,CPI,Q9NR56,compound,protein,0
3749,CPI,P25021,compound,protein,1
3749,CPI,P35462,compound,protein,1
3749,CPI,Q14432,compound,protein,1
3749,CPI,Q8TDV5,compound,protein,0
37542,CPI,P02545,compound,protein,1
37542,CPI,P12268,compound,protein,1
3758,CPI,P29275,compound,protein,1
3758,CPI,Q13936,compound,protein,0
3759,CPI,O75469,compound,protein,1
3759,CPI,P07550,compound,protein,1
3759,CPI,Q01959,compound,protein,1
3759,CPI,Q9NUW8,compound,protein,1
3759,CPI,P11387,compound,protein,0
3760,CPI,P48039,compound,protein,0
3765615,CPI,Q01201,compound,protein,0
3767,CPI,P21728,compound,protein,1
3767,CPI,P27695,compound,protein,1
3767,CPI,P51812,compound,protein,0
37768,CPI,P11229,compound,protein,1
37768,CPI,P30518,compound,protein,1
37768,CPI,P30556,compound,protein,1
37768,CPI,O76083,compound,protein,0
37768,CPI,P03956,compound,protein,0
3779,CPI,P18089,compound,protein,1
3779,CPI,P59541,compound,protein,1
3779,CPI,P83916,compound,protein,1
3779,CPI,Q9NYW7,compound,protein,1
3779,CPI,Q9UEW8,compound,protein,0
3783,CPI,Q01959,compound,protein,1
3783,CPI,P56817,compound,protein,0
3784,CPI,Q08499,compound,protein,1
379077,CPI,Q13237,compound,protein,0
3793,CPI,P21917,compound,protein,1
3793,CPI,P25021,compound,protein,1
3793,CPI,Q8N884,compound,protein,0
3796,CPI,Q15822,compound,protein,0
3799,CPI,P14618,compound,protein,1
38081,CPI,Q15822,compound,protein,0
3820,CPI,O75116,compound,protein,1
3820,CPI,P19838,compound,protein,1
3820,CPI,P31749,compound,protein,1
3820,CPI,Q13464,compound,protein,1
3820,CPI,Q9NR20,compound,protein,0
3822,CPI,P11712,compound,protein,1
3822,CPI,Q06418,compound,protein,0
3823,CPI,P21554,compound,protein,1
3823,CPI,P18505,compound,protein,0
3825,CPI,P28482,compound,protein,1
3825,CPI,P35354,compound,protein,1
3825,CPI,P41968,compound,protein,1
3825,CPI,Q00535,compound,protein,0
3827,CPI,P02545,compound,protein,1
3827,CPI,P08913,compound,protein,1
3827,CPI,P16473,compound,protein,1
3827,CPI,P35462,compound,protein,1
3827,CPI,P42356,compound,protein,0
3827,CPI,O15111,compound,protein,0
3827,CPI,P35499,compound,protein,0
3830,CPI,Q16637,compound,protein,1
3838,CPI,Q15842,compound,protein,0
3845,CPI,P10253,compound,protein,1
3845,CPI,O15056,compound,protein,0
3853,CPI,P21917,compound,protein,1
3856780,CPI,P49798,compound,protein,1
3856780,CPI,P22830,compound,protein,0
3869,CPI,P10635,compound,protein,1
3869,CPI,Q8NF37,compound,protein,0
387447,CPI,Q9BY41,compound,protein,1
3878,CPI,O00591,compound,protein,1
3878,CPI,P07550,compound,protein,1
3878,CPI,P18507,compound,protein,1
3883,CPI,P18089,compound,protein,1
3883,CPI,P35462,compound,protein,1
38853,CPI,P41145,compound,protein,1
38853,CPI,Q99714,compound,protein,1
38853,CPI,P62508,compound,protein,0
3894,CPI,Q99623,compound,protein,0
38945,CPI,P18825,compound,protein,1
38945,CPI,P21728,compound,protein,1
38945,CPI,P21917,compound,protein,1
3894573,CPI,P49798,compound,protein,1
3899,CPI,P18089,compound,protein,1
3899541,CPI,P21728,compound,protein,0
3902,CPI,P33261,compound,protein,1
3903,CPI,P38398,compound,protein,0
39042,CPI,P11229,compound,protein,1
39042,CPI,P21731,compound,protein,1
39042,CPI,P43681,compound,protein,1
39042,CPI,Q8N1C3,compound,protein,0
39042,CPI,P35398,compound,protein,0
39186,CPI,P11229,compound,protein,1
39186,CPI,P23975,compound,protein,1
39186,CPI,P41595,compound,protein,1
39186,CPI,P53667,compound,protein,0
3921152,CPI,Q9NUW8,compound,protein,1
3921152,CPI,Q15303,compound,protein,0
3926,CPI,Q03431,compound,protein,1
3926,CPI,P21709,compound,protein,0
392622,CPI,O75030,compound,protein,0
392622,CPI,Q99572,compound,protein,0
3932,CPI,P08684,compound,protein,1
3932,CPI,P40225,compound,protein,1
3932,CPI,P35368,compound,protein,0
393595,CPI,P04183,compound,protein,0
39468,CPI,P10696,compound,protein,0
3947,CPI,P20309,compound,protein,1
3947,CPI,P55210,compound,protein,0
3948,CPI,O15296,compound,protein,0
3950926,CPI,Q13627,compound,protein,0
3951,CPI,P49841,compound,protein,0
3955,CPI,P08183,compound,protein,1
3955,CPI,Q9BVC4,compound,protein,0
3957,CPI,P18089,compound,protein,1
3957,CPI,P18825,compound,protein,1
3957,CPI,P23975,compound,protein,1
395754,CPI,P54764,compound,protein,0
3958,CPI,P45452,compound,protein,0
3958,CPI,P07339,compound,protein,0
3960,CPI,Q8NEV1,compound,protein,0
3961,CPI,P41145,compound,protein,1
3961,CPI,P51172,compound,protein,0
3961,CPI,P06493,compound,protein,0
3964,CPI,Q9UBS5,compound,protein,1
3969,CPI,P19793,compound,protein,1
3971,CPI,Q00653,compound,protein,0
3973,CPI,Q16665,compound,protein,1
3973,CPI,Q16620,compound,protein,0
3976006,CPI,P51160,compound,protein,0
39765,CPI,O15245,compound,protein,0
3989078,CPI,P08173,compound,protein,0
3994,CPI,Q86W47,compound,protein,0
3998,CPI,O43570,compound,protein,1
4004,CPI,Q99571,compound,protein,0
4004,CPI,Q12791,compound,protein,0
4008,CPI,P08183,compound,protein,1
4008,CPI,Q01668,compound,protein,1
4008,CPI,Q02641,compound,protein,1
4008,CPI,Q13698,compound,protein,1
4011,CPI,O75469,compound,protein,1
4011,CPI,P05771,compound,protein,0
4014737,CPI,Q13332,compound,protein,0
4018512,CPI,P37288,compound,protein,0
4018928,CPI,P35462,compound,protein,1
4018928,CPI,Q08828,compound,protein,0
4020,CPI,P35372,compound,protein,1
4029677,CPI,P04818,compound,protein,0
4030,CPI,P20839,compound,protein,0
4031,CPI,P11229,compound,protein,1
4032,CPI,P19838,compound,protein,1
4032,CPI,P36544,compound,protein,1
4032,CPI,Q92847,compound,protein,1
4032,CPI,P20711,compound,protein,0
4032,CPI,Q8IVW4,compound,protein,0
4034,CPI,P41145,compound,protein,1
4037,CPI,P35354,compound,protein,1
40399,CPI,Q01959,compound,protein,0
4044,CPI,P18825,compound,protein,1
4044,CPI,Q96RI1,compound,protein,1
4044,CPI,P55055,compound,protein,0
4046,CPI,P43681,compound,protein,1
4046,CPI,Q96KB5,compound,protein,0
40467075,CPI,P07477,compound,protein,0
40469526,CPI,P11229,compound,protein,0
40469540,CPI,Q9H0K1,compound,protein,0
4050965,CPI,Q32MK0,compound,protein,0
4050965,CPI,P16234,compound,protein,0
4053,CPI,P21918,compound,protein,0
4053,CPI,Q15418,compound,protein,0
40539,CPI,Q96KQ7,compound,protein,1
40539,CPI,O15303,compound,protein,0
4054,CPI,Q14957,compound,protein,1
4054,CPI,Q52WX2,compound,protein,0
4054,CPI,O15554,compound,protein,0
4055,CPI,P08913,compound,protein,1
4055,CPI,P11712,compound,protein,1
4055,CPI,P30518,compound,protein,1
4055,CPI,P27986,compound,protein,0
4055306,CPI,O75496,compound,protein,0
40692,CPI,P06576,compound,protein,0
4071,CPI,P00352,compound,protein,1
4071,CPI,Q9NUW8,compound,protein,1
4071,CPI,O00264,compound,protein,0
4075,CPI,P54652,compound,protein,0
4078,CPI,P48730,compound,protein,0
4084010,CPI,P04629,compound,protein,0
4091,CPI,P09619,compound,protein,0
4098,CPI,P57764,compound,protein,0
4099,CPI,P0DMS8,compound,protein,1
4099,CPI,P21728,compound,protein,1
4099,CPI,Q99928,compound,protein,1
4099,CPI,Q13131,compound,protein,0
4099,CPI,P51679,compound,protein,0
4100,CPI,Q13509,compound,protein,0
4104,CPI,P23219,compound,protein,1
4104,CPI,P50993,compound,protein,0
4106,CPI,P04035,compound,protein,0
4106,CPI,Q14123,compound,protein,0
4107,CPI,P21728,compound,protein,1
4114,CPI,P28482,compound,protein,1
412,CPI,P16591,compound,protein,0
4122,CPI,P00519,compound,protein,1
4122,CPI,P27695,compound,protein,1
4122,CPI,P29320,compound,protein,0
4122,CPI,P24557,compound,protein,0
4131581,CPI,Q13285,compound,protein,1
4139,CPI,P02675,compound,protein,1
4140,CPI,Q06187,compound,protein,0
4141,CPI,Q8NEV1,compound,protein,0
4141,CPI,P04150,compound,protein,0
4158,CPI,P31645,compound,protein,1
4168,CPI,P08172,compound,protein,1
4168,CPI,P28335,compound,protein,1
4168,CPI,P35367,compound,protein,1
41684,CPI,P31645,compound,protein,1
41684,CPI,P43681,compound,protein,1
41684,CPI,Q16620,compound,protein,0
4170,CPI,O43570,compound,protein,1
4170,CPI,P14416,compound,protein,1
4170,CPI,P28223,compound,protein,1
4170,CPI,P43681,compound,protein,1
4170,CPI,Q9Y6Q9,compound,protein,0
4171,CPI,P11229,compound,protein,1
4171,CPI,P28223,compound,protein,1
4171,CPI,P41143,compound,protein,1
4171,CPI,P43681,compound,protein,1
4171,CPI,P08183,compound,protein,0
4171,CPI,O14980,compound,protein,0
4173,CPI,P02545,compound,protein,1
4173,CPI,P25021,compound,protein,1
4173,CPI,Q01959,compound,protein,1
4173,CPI,Q92847,compound,protein,1
4173,CPI,Q99808,compound,protein,1
4174,CPI,P07550,compound,protein,1
4174,CPI,P11511,compound,protein,1
4174,CPI,P15538,compound,protein,1
4174,CPI,P29274,compound,protein,1
4174,CPI,O43614,compound,protein,0
4174,CPI,P42684,compound,protein,0
4174,CPI,Q8WTS6,compound,protein,0
41774,CPI,P29274,compound,protein,0
41781,CPI,Q13546,compound,protein,0
4184,CPI,O43193,compound,protein,1
4184,CPI,P08172,compound,protein,1
4184,CPI,P21918,compound,protein,1
4184,CPI,Q13131,compound,protein,0
41867,CPI,P21731,compound,protein,1
41867,CPI,P09172,compound,protein,0
4189,CPI,O75469,compound,protein,1
4189,CPI,P11229,compound,protein,1
4189,CPI,Q16850,compound,protein,1
4189,CPI,O43293,compound,protein,0
4189,CPI,Q9Y5S8,compound,protein,0
4189,CPI,P33402,compound,protein,0
4189,CPI,O95264,compound,protein,0
4192,CPI,P14416,compound,protein,1
4192,CPI,Q16445,compound,protein,1
4192,CPI,O00305,compound,protein,0
4192,CPI,P10632,compound,protein,0
4192,CPI,O14965,compound,protein,0
4192,CPI,P04278,compound,protein,0
4195,CPI,P28223,compound,protein,1
4195,CPI,P31749,compound,protein,0
4196,CPI,P01215,compound,protein,0
4197,CPI,O14521,compound,protein,0
41987,CPI,P25103,compound,protein,0
4203080,CPI,P31644,compound,protein,1
4205,CPI,P08913,compound,protein,1
4205,CPI,P41145,compound,protein,1
4205,CPI,P46098,compound,protein,1
4205,CPI,P51151,compound,protein,0
4205,CPI,P54132,compound,protein,0
42066809,CPI,P08581,compound,protein,0
4210951,CPI,O94925,compound,protein,1
4210951,CPI,O43497,compound,protein,0
4211,CPI,O43193,compound,protein,1
4212,CPI,P08173,compound,protein,1
4212,CPI,P14416,compound,protein,1
4212,CPI,P35367,compound,protein,1
4212,CPI,Q13148,compound,protein,1
4217,CPI,P28482,compound,protein,1
4233538,CPI,P36888,compound,protein,0
4233538,CPI,Q8NI60,compound,protein,0
4235,CPI,O43193,compound,protein,1
4235,CPI,P16152,compound,protein,0
4236,CPI,P08173,compound,protein,1
4237,CPI,Q92793,compound,protein,0
4239,CPI,P21731,compound,protein,0
4241,CPI,P42263,compound,protein,0
4246,CPI,P03372,compound,protein,0
42574,CPI,P63165,compound,protein,1
42574,CPI,P21452,compound,protein,0
42574,CPI,Q8IY84,compound,protein,0
42574,CPI,Q02156,compound,protein,0
42594,CPI,Q02880,compound,protein,1
4261,CPI,Q9UKV0,compound,protein,1
4261,CPI,Q9UQL6,compound,protein,1
4261,CPI,P22460,compound,protein,0
42611257,CPI,P37173,compound,protein,1
42628507,CPI,P49674,compound,protein,1
42628507,CPI,Q9UGI6,compound,protein,0
42636535,CPI,O00443,compound,protein,1
42640807,CPI,P40763,compound,protein,1
42640807,CPI,Q13153,compound,protein,0
42642645,CPI,O96013,compound,protein,1
42642645,CPI,P07949,compound,protein,1
42642645,CPI,P08069,compound,protein,1
42642645,CPI,P11309,compound,protein,1
42642645,CPI,P11802,compound,protein,1
42642645,CPI,P14210,compound,protein,1
42642645,CPI,P31152,compound,protein,1
42642645,CPI,P32249,compound,protein,1
42642645,CPI,P42681,compound,protein,1
42642645,CPI,P48729,compound,protein,1
42642645,CPI,P52564,compound,protein,1
42642645,CPI,Q13131,compound,protein,1
42642645,CPI,Q14012,compound,protein,1
42642645,CPI,Q9UEE5,compound,protein,1
42642645,CPI,P34972,compound,protein,0
42642645,CPI,Q96RI1,compound,protein,0
42642645,CPI,P25101,compound,protein,0
42642645,CPI,P32238,compound,protein,0
42642645,CPI,Q99519,compound,protein,0
42642645,CPI,P29274,compound,protein,0
42642645,CPI,Q00987,compound,protein,0
42642645,CPI,P05106,compound,protein,0
4267713,CPI,P07333,compound,protein,0
4273754,CPI,P30613,compound,protein,0
4284720,CPI,P28335,compound,protein,1
42890,CPI,P49662,compound,protein,0
42890,CPI,P28907,compound,protein,0
42955,CPI,O75496,compound,protein,1
42955,CPI,P08588,compound,protein,1
42955,CPI,P41143,compound,protein,1
42955,CPI,Q9NXA8,compound,protein,0
42955,CPI,Q16584,compound,protein,0
42955,CPI,P41146,compound,protein,0
42955,CPI,Q02750,compound,protein,0
4296,CPI,P41595,compound,protein,1
4296,CPI,P30613,compound,protein,0
4302116,CPI,Q8NG66,compound,protein,0
4302963,CPI,Q13085,compound,protein,0
4308,CPI,Q9BXA7,compound,protein,0
4314,CPI,P08684,compound,protein,1
43231,CPI,O75914,compound,protein,0
43232,CPI,P08173,compound,protein,1
4331799,CPI,P49798,compound,protein,1
4336830,CPI,Q8IY84,compound,protein,0
4336830,CPI,Q86UE8,compound,protein,0
4350931,CPI,O75496,compound,protein,1
4350931,CPI,Q96KQ7,compound,protein,1
4353886,CPI,P23280,compound,protein,0
4353886,CPI,P49798,compound,protein,0
435678,CPI,Q00987,compound,protein,1
4369233,CPI,P12931,compound,protein,0
4369359,CPI,P33981,compound,protein,0
4369491,CPI,P03372,compound,protein,0
4369524,CPI,Q6DT37,compound,protein,0
4376,CPI,P08173,compound,protein,1
4380267,CPI,P32297,compound,protein,0
4380267,CPI,P32245,compound,protein,0
4381125,CPI,P60709,compound,protein,0
4381126,CPI,O75874,compound,protein,1
4381126,CPI,P84022,compound,protein,1
43815,CPI,Q13133,compound,protein,0
43815,CPI,Q8TDU6,compound,protein,0
438981,CPI,Q00535,compound,protein,1
439246,CPI,P00918,compound,protein,1
439246,CPI,P23975,compound,protein,0
439246,CPI,P20813,compound,protein,0
439260,CPI,Q92847,compound,protein,1
439530,CPI,Q9UNX3,compound,protein,1
439530,CPI,Q9BVS4,compound,protein,0
439533,CPI,P27695,compound,protein,1
439533,CPI,P05177,compound,protein,0
439620,CPI,O14730,compound,protein,0
4396344,CPI,Q9UL54,compound,protein,0
4409,CPI,O75496,compound,protein,1
44093,CPI,P07550,compound,protein,1
44093,CPI,P08172,compound,protein,1
44093,CPI,Q8NER1,compound,protein,1
44093,CPI,Q99549,compound,protein,1
44093,CPI,P07332,compound,protein,0
44093,CPI,P52333,compound,protein,0
44093,CPI,P15056,compound,protein,0
441074,CPI,P25021,compound,protein,1
441074,CPI,P40238,compound,protein,0
4411,CPI,P23975,compound,protein,1
4411,CPI,Q01959,compound,protein,1
4411,CPI,Q8WUI4,compound,protein,0
4411,CPI,P33261,compound,protein,0
441130,CPI,P07550,compound,protein,1
441130,CPI,P47870,compound,protein,0
441140,CPI,P21731,compound,protein,1
441140,CPI,P31645,compound,protein,1
441140,CPI,Q9Y233,compound,protein,0
441140,CPI,P04839,compound,protein,0
441140,CPI,Q9Y6M4,compound,protein,0
441194,CPI,Q9UM73,compound,protein,0
441199,CPI,P46059,compound,protein,0
441289,CPI,P31645,compound,protein,1
441289,CPI,Q9UPY5,compound,protein,0
441289,CPI,O75899,compound,protein,0
4413,CPI,P00734,compound,protein,1
4413,CPI,P06870,compound,protein,1
4413,CPI,P16233,compound,protein,0
4413,CPI,Q5NUL3,compound,protein,0
4413,CPI,P09884,compound,protein,0
441314,CPI,P14410,compound,protein,1
441336,CPI,O75496,compound,protein,1
44137675,CPI,P42336,compound,protein,1
44137675,CPI,P43403,compound,protein,0
44139710,CPI,P04062,compound,protein,0
44142043,CPI,Q9UPZ9,compound,protein,0
44142045,CPI,P10828,compound,protein,0
44142048,CPI,P41597,compound,protein,0
44142049,CPI,P10828,compound,protein,0
44142052,CPI,Q16236,compound,protein,1
44142056,CPI,P20618,compound,protein,0
44142059,CPI,O94925,compound,protein,0
44142060,CPI,Q13627,compound,protein,1
44142068,CPI,Q99640,compound,protein,0
44142070,CPI,O60331,compound,protein,0
44142070,CPI,Q13546,compound,protein,0
44142075,CPI,P31645,compound,protein,0
44142077,CPI,Q12852,compound,protein,0
44142078,CPI,Q96QE3,compound,protein,1
44142078,CPI,Q99623,compound,protein,0
44142078,CPI,P35916,compound,protein,0
44142084,CPI,P55055,compound,protein,0
44142086,CPI,P09769,compound,protein,0
44142087,CPI,Q9HC16,compound,protein,1
44142088,CPI,P35590,compound,protein,0
44142090,CPI,Q9NUW8,compound,protein,0
44142091,CPI,Q16236,compound,protein,1
44142092,CPI,Q9UF33,compound,protein,0
44142094,CPI,Q9NSY1,compound,protein,0
44142095,CPI,Q01201,compound,protein,0
44142097,CPI,Q9NQU5,compound,protein,0
44142099,CPI,P14416,compound,protein,0
44142100,CPI,P21731,compound,protein,0
44142114,CPI,P08912,compound,protein,0
44142116,CPI,Q12851,compound,protein,0
44142116,CPI,Q13224,compound,protein,0
44142121,CPI,Q9UNA4,compound,protein,1
44142123,CPI,P32297,compound,protein,0
44142130,CPI,Q16236,compound,protein,1
44142132,CPI,Q9NUW8,compound,protein,1
44142135,CPI,O75496,compound,protein,1
44142135,CPI,P31645,compound,protein,0
44142135,CPI,Q01118,compound,protein,0
44142138,CPI,P11274,compound,protein,0
44142139,CPI,O75496,compound,protein,1
44142139,CPI,Q8TBX8,compound,protein,1
44142139,CPI,O14939,compound,protein,0
44142144,CPI,P78508,compound,protein,0
44142147,CPI,Q7KZI7,compound,protein,0
44142148,CPI,Q96QE3,compound,protein,1
44142150,CPI,P84022,compound,protein,1
44142152,CPI,Q2M2I8,compound,protein,0
44142159,CPI,O75496,compound,protein,1
44142168,CPI,P51151,compound,protein,1
44142168,CPI,Q56UN5,compound,protein,0
44142351,CPI,O75496,compound,protein,1
44143088,CPI,O60911,compound,protein,1
44143088,CPI,Q9UBR2,compound,protein,1
44143089,CPI,O43172,compound,protein,0
44143091,CPI,P43235,compound,protein,1
44143153,CPI,P11473,compound,protein,1
44143370,CPI,P25021,compound,protein,0
44143370,CPI,P43115,compound,protein,0
44155856,CPI,Q9H252,compound,protein,0
44176347,CPI,P08588,compound,protein,0
4418,CPI,P28482,compound,protein,1
4418,CPI,Q12809,compound,protein,1
4418,CPI,P11309,compound,protein,0
4418,CPI,Q9Y2I1,compound,protein,0
4418,CPI,Q15569,compound,protein,0
4418,CPI,P06746,compound,protein,0
44182295,CPI,P62942,compound,protein,0
44187362,CPI,Q9Y5S8,compound,protein,0
442009,CPI,O14684,compound,protein,1
44202057,CPI,O75582,compound,protein,0
44202572,CPI,Q9NSY1,compound,protein,0
44202876,CPI,P42345,compound,protein,0
44202943,CPI,Q15349,compound,protein,0
44202980,CPI,P08588,compound,protein,0
44205240,CPI,P23458,compound,protein,1
4421,CPI,Q02880,compound,protein,0
44223952,CPI,P34972,compound,protein,0
44223952,CPI,Q99720,compound,protein,0
44223955,CPI,P04278,compound,protein,0
44223970,CPI,P49662,compound,protein,0
44223973,CPI,P49760,compound,protein,1
44223973,CPI,Q13627,compound,protein,1
44223973,CPI,Q14973,compound,protein,0
44223973,CPI,P05164,compound,protein,0
44223974,CPI,P35499,compound,protein,0
44237407,CPI,P35398,compound,protein,1
44237408,CPI,P35398,compound,protein,1
44237408,CPI,P51449,compound,protein,1
44240264,CPI,P04049,compound,protein,0
44246456,CPI,Q8NEV4,compound,protein,0
44246456,CPI,P80192,compound,protein,0
44246457,CPI,P41743,compound,protein,0
44246512,CPI,P14618,compound,protein,1
44246512,CPI,Q03431,compound,protein,0
44246708,CPI,P53778,compound,protein,1
44246708,CPI,P53779,compound,protein,1
44247542,CPI,Q00537,compound,protein,0
44247568,CPI,P08684,compound,protein,1
44247568,CPI,Q9NZV8,compound,protein,0
44251605,CPI,Q8N568,compound,protein,0
44251605,CPI,P25929,compound,protein,0
442530,CPI,P24385,compound,protein,0
44259,CPI,P29323,compound,protein,1
44259,CPI,P34947,compound,protein,1
44259,CPI,P35916,compound,protein,1
44259,CPI,P45985,compound,protein,1
44259,CPI,P51956,compound,protein,1
44259,CPI,Q09013,compound,protein,1
44259,CPI,Q16644,compound,protein,1
44259,CPI,Q16881,compound,protein,1
44259,CPI,Q96BR1,compound,protein,1
44259,CPI,Q96PF2,compound,protein,1
44259,CPI,Q9H0K1,compound,protein,1
44259,CPI,Q9H422,compound,protein,1
44259,CPI,Q9UIK4,compound,protein,1
44259,CPI,Q14500,compound,protein,0
44259,CPI,P18089,compound,protein,0
44259,CPI,P08235,compound,protein,0
44259,CPI,Q04206,compound,protein,0
44259,CPI,Q06278,compound,protein,0
44259,CPI,Q01118,compound,protein,0
44259,CPI,P14780,compound,protein,0
44259,CPI,Q9NS40,compound,protein,0
44259,CPI,Q96JB6,compound,protein,0
44259,CPI,P54289,compound,protein,0
442894,CPI,P08684,compound,protein,0
442897,CPI,P21728,compound,protein,0
44295709,CPI,Q04206,compound,protein,0
442972,CPI,Q99835,compound,protein,1
4431,CPI,P11309,compound,protein,0
443118,CPI,Q01118,compound,protein,0
443278,CPI,P37288,compound,protein,0
443278,CPI,P31645,compound,protein,0
443372,CPI,P29460,compound,protein,1
443390,CPI,P04637,compound,protein,1
443872,CPI,P04798,compound,protein,0
443879,CPI,Q9UIK4,compound,protein,0
443879,CPI,P42226,compound,protein,0
443935,CPI,Q9HC97,compound,protein,0
443943,CPI,P19652,compound,protein,0
443944,CPI,P29274,compound,protein,1
443944,CPI,O00408,compound,protein,0
444,CPI,Q01959,compound,protein,1
444,CPI,Q9C0B1,compound,protein,0
444025,CPI,O00141,compound,protein,0
444025,CPI,P01215,compound,protein,0
444031,CPI,P18825,compound,protein,1
444031,CPI,P20309,compound,protein,1
444031,CPI,Q01959,compound,protein,1
444031,CPI,Q16512,compound,protein,0
444031,CPI,Q8N5S9,compound,protein,0
444031,CPI,P10635,compound,protein,0
444036,CPI,Q13164,compound,protein,0
444254,CPI,P14416,compound,protein,1
444254,CPI,P34969,compound,protein,1
44460113,CPI,P50613,compound,protein,0
44460115,CPI,Q9Y243,compound,protein,0
44460122,CPI,Q9P1W9,compound,protein,0
44460124,CPI,P45983,compound,protein,0
44460125,CPI,P08912,compound,protein,0
44460127,CPI,Q9UM73,compound,protein,0
44460127,CPI,P50613,compound,protein,0
44460134,CPI,P16050,compound,protein,1
44460135,CPI,P54764,compound,protein,0
44460139,CPI,Q04828,compound,protein,0
44460141,CPI,Q16445,compound,protein,0
44460175,CPI,P0C1S8,compound,protein,0
44460187,CPI,O75164,compound,protein,1
44460187,CPI,P15056,compound,protein,0
44462758,CPI,P43405,compound,protein,1
44462760,CPI,P51617,compound,protein,1
44462760,CPI,Q00536,compound,protein,1
44462760,CPI,Q00613,compound,protein,1
44462760,CPI,Q15842,compound,protein,0
444732,CPI,O43172,compound,protein,0
444732,CPI,P16233,compound,protein,0
444795,CPI,P28562,compound,protein,1
444795,CPI,P41595,compound,protein,1
444795,CPI,Q13233,compound,protein,0
44483269,CPI,P49798,compound,protein,0
44483270,CPI,Q8N163,compound,protein,0
44483291,CPI,P29375,compound,protein,0
44483291,CPI,Q13547,compound,protein,0
44483329,CPI,P0DMS8,compound,protein,0
44483336,CPI,Q9P2K8,compound,protein,0
44483340,CPI,P41143,compound,protein,0
44483355,CPI,Q14680,compound,protein,0
44483355,CPI,P41595,compound,protein,0
44485047,CPI,P21728,compound,protein,0
44485047,CPI,Q9Y2U5,compound,protein,0
44488698,CPI,Q9NUW8,compound,protein,1
44488698,CPI,P23975,compound,protein,0
44489268,CPI,P07949,compound,protein,0
44489271,CPI,P84022,compound,protein,1
444899,CPI,Q9Y6L6,compound,protein,1
4449,CPI,P57764,compound,protein,0
44493079,CPI,Q9BQI3,compound,protein,0
44494142,CPI,P84022,compound,protein,1
44494142,CPI,O75914,compound,protein,0
44498587,CPI,P11362,compound,protein,0
44503649,CPI,Q9H2K8,compound,protein,0
44504316,CPI,O96013,compound,protein,0
44504931,CPI,Q9BYT3,compound,protein,0
44504937,CPI,Q9UBF8,compound,protein,0
44504950,CPI,P21728,compound,protein,0
44505177,CPI,Q96NX5,compound,protein,0
44505339,CPI,P00918,compound,protein,0
44505404,CPI,Q99700,compound,protein,1
44505834,CPI,P43220,compound,protein,1
44505834,CPI,Q9UPZ9,compound,protein,0
44505892,CPI,P08172,compound,protein,0
44505943,CPI,Q13976,compound,protein,0
44505980,CPI,Q86Z02,compound,protein,0
44507247,CPI,P10721,compound,protein,0
44516953,CPI,Q92793,compound,protein,0
44516953,CPI,P11473,compound,protein,0
4452,CPI,Q02880,compound,protein,0
445354,CPI,P37288,compound,protein,1
445354,CPI,Q9UI33,compound,protein,0
445354,CPI,Q96SB4,compound,protein,0
445354,CPI,P57078,compound,protein,0
445354,CPI,P10721,compound,protein,0
445354,CPI,P11362,compound,protein,0
4453692,CPI,P18089,compound,protein,0
44543611,CPI,P14618,compound,protein,1
445580,CPI,P28702,compound,protein,1
44564,CPI,Q8NFD2,compound,protein,0
445858,CPI,P00918,compound,protein,1
44595079,CPI,Q12851,compound,protein,1
44595079,CPI,Q13188,compound,protein,1
44595079,CPI,P06730,compound,protein,0
44601455,CPI,P35228,compound,protein,0
44601475,CPI,Q13627,compound,protein,0
44602,CPI,P07550,compound,protein,0
44602375,CPI,Q05586,compound,protein,0
44602376,CPI,Q13148,compound,protein,1
44602376,CPI,P50281,compound,protein,0
44602376,CPI,P35968,compound,protein,0
44602378,CPI,P11413,compound,protein,1
44602406,CPI,P43115,compound,protein,0
44603533,CPI,P07949,compound,protein,1
44603533,CPI,P51878,compound,protein,0
44603533,CPI,P35408,compound,protein,0
44603533,CPI,Q16348,compound,protein,0
44607573,CPI,O75716,compound,protein,0
44607591,CPI,Q86W47,compound,protein,0
44607591,CPI,O75469,compound,protein,0
44607954,CPI,Q9Y570,compound,protein,1
44607954,CPI,P11511,compound,protein,0
44607965,CPI,Q9UKI8,compound,protein,0
446155,CPI,Q96RR4,compound,protein,0
446156,CPI,P57058,compound,protein,0
44617670,CPI,P42345,compound,protein,0
44617931,CPI,Q06710,compound,protein,1
44618522,CPI,Q9H1R3,compound,protein,0
44619374,CPI,Q06710,compound,protein,1
44620892,CPI,P54619,compound,protein,0
44620895,CPI,Q9GZT9,compound,protein,0
44623833,CPI,O94925,compound,protein,1
44623833,CPI,Q16558,compound,protein,0
44623838,CPI,O94925,compound,protein,1
44623872,CPI,Q16790,compound,protein,0
44629742,CPI,P62508,compound,protein,0
4463,CPI,Q13882,compound,protein,0
44630541,CPI,Q06203,compound,protein,0
44634508,CPI,P14416,compound,protein,0
44634539,CPI,P41595,compound,protein,0
446378,CPI,Q9Y5S2,compound,protein,0
44640136,CPI,Q06710,compound,protein,1
44640177,CPI,Q9NUW8,compound,protein,1
44640177,CPI,Q9UNQ0,compound,protein,1
44640178,CPI,Q9Y5Y4,compound,protein,0
44640178,CPI,P42679,compound,protein,0
44640181,CPI,P08684,compound,protein,0
446556,CPI,Q9NUW8,compound,protein,1
446556,CPI,Q13393,compound,protein,0
446556,CPI,Q9Y5Y4,compound,protein,0
446596,CPI,O75874,compound,protein,1
446596,CPI,P07550,compound,protein,1
446596,CPI,Q05513,compound,protein,0
446596,CPI,P35968,compound,protein,0
446596,CPI,Q07973,compound,protein,0
446598,CPI,P35462,compound,protein,1
446598,CPI,Q8TDS4,compound,protein,1
446598,CPI,P53350,compound,protein,0
446916,CPI,Q9P1W9,compound,protein,0
447043,CPI,P08588,compound,protein,1
447043,CPI,P08912,compound,protein,1
447043,CPI,P35462,compound,protein,1
447043,CPI,P41145,compound,protein,1
4472,CPI,Q16637,compound,protein,1
4472,CPI,P10398,compound,protein,0
4474,CPI,O00305,compound,protein,1
4474,CPI,P20309,compound,protein,1
4474,CPI,P21731,compound,protein,1
4474,CPI,P35372,compound,protein,1
4474,CPI,Q9UBN1,compound,protein,1
4474,CPI,Q9H2K8,compound,protein,0
4474,CPI,P22309,compound,protein,0
4474,CPI,O75751,compound,protein,0
4477,CPI,O15296,compound,protein,1
4477,CPI,Q03431,compound,protein,1
4477,CPI,P08069,compound,protein,0
4477,CPI,Q96DB2,compound,protein,0
447912,CPI,P51449,compound,protein,1
447912,CPI,P23975,compound,protein,0
448014,CPI,P00519,compound,protein,1
448014,CPI,P68400,compound,protein,1
448014,CPI,O43526,compound,protein,0
448014,CPI,Q9Y6Q9,compound,protein,0
448014,CPI,P41143,compound,protein,0
448042,CPI,Q09013,compound,protein,1
448042,CPI,O60706,compound,protein,0
448055,CPI,P04083,compound,protein,0
44807133,CPI,P37231,compound,protein,1
44819697,CPI,Q96QE3,compound,protein,0
44820554,CPI,Q9Y2K2,compound,protein,0
44820562,CPI,P11802,compound,protein,0
44820647,CPI,Q9Y478,compound,protein,0
448281,CPI,P12821,compound,protein,1
44828476,CPI,Q15759,compound,protein,0
4484064,CPI,P07900,compound,protein,1
4484064,CPI,P06858,compound,protein,0
4485,CPI,P05177,compound,protein,1
4485,CPI,P08908,compound,protein,1
4485,CPI,P18089,compound,protein,1
4485,CPI,Q96QE3,compound,protein,1
4485,CPI,Q04760,compound,protein,0
4485,CPI,P42330,compound,protein,0
448537,CPI,P10275,compound,protein,1
448537,CPI,P31645,compound,protein,1
448537,CPI,P35372,compound,protein,1
448537,CPI,Q04828,compound,protein,0
448537,CPI,Q00536,compound,protein,0
448537,CPI,Q00987,compound,protein,0
4487,CPI,Q99835,compound,protein,0
4488,CPI,O60563,compound,protein,0
4488,CPI,P06280,compound,protein,0
448991,CPI,P11802,compound,protein,1
449054,CPI,Q6W5P4,compound,protein,0
449171,CPI,P55055,compound,protein,1
449241,CPI,Q9Y243,compound,protein,1
4493,CPI,P10828,compound,protein,1
4494,CPI,O00305,compound,protein,1
4494,CPI,O96017,compound,protein,0
4494,CPI,P49760,compound,protein,0
4494,CPI,P19099,compound,protein,0
449459,CPI,P04155,compound,protein,1
449459,CPI,Q13393,compound,protein,1
4495,CPI,Q04864,compound,protein,0
4495,CPI,Q9H1R3,compound,protein,0
4496,CPI,Q9UBT6,compound,protein,0
44968186,CPI,P49759,compound,protein,1
44968186,CPI,P21917,compound,protein,0
44968206,CPI,Q16637,compound,protein,0
44968231,CPI,P10515,compound,protein,0
4497,CPI,P14416,compound,protein,1
4497,CPI,Q6NUS8,compound,protein,0
4499,CPI,P18089,compound,protein,1
4499,CPI,P36888,compound,protein,0
450,CPI,O75469,compound,protein,1
450,CPI,P08684,compound,protein,0
4500,CPI,Q5NUL3,compound,protein,0
45006140,CPI,Q9H3Y6,compound,protein,0
4506,CPI,P34903,compound,protein,0
4506,CPI,Q16445,compound,protein,0
4507,CPI,O15554,compound,protein,1
4507,CPI,Q9BXA7,compound,protein,0
4507,CPI,Q9HCP0,compound,protein,0
45115609,CPI,Q52WX2,compound,protein,0
45115620,CPI,Q04771,compound,protein,0
45136810,CPI,P53350,compound,protein,0
4514,CPI,P43681,compound,protein,1
4514,CPI,P07237,compound,protein,0
4515,CPI,P10635,compound,protein,1
451668,CPI,Q9UQL6,compound,protein,1
4516886,CPI,Q9NWZ3,compound,protein,0
4520732,CPI,O43318,compound,protein,0
4520732,CPI,P57058,compound,protein,0
4521392,CPI,O96013,compound,protein,1
4521392,CPI,P07948,compound,protein,1
4521392,CPI,P22694,compound,protein,1
4521392,CPI,P24941,compound,protein,1
4521392,CPI,P35590,compound,protein,1
4521392,CPI,P36897,compound,protein,1
4521392,CPI,P51451,compound,protein,1
4521392,CPI,Q08881,compound,protein,1
4521392,CPI,Q13164,compound,protein,1
4521392,CPI,Q13188,compound,protein,1
4521392,CPI,Q15349,compound,protein,1
4521392,CPI,Q8IWQ3,compound,protein,1
4521392,CPI,Q9HC98,compound,protein,1
4521392,CPI,P04637,compound,protein,0
4521392,CPI,Q13285,compound,protein,0
4521392,CPI,Q9NPD5,compound,protein,0
4521392,CPI,P40763,compound,protein,0
4521392,CPI,P10826,compound,protein,0
4521392,CPI,O95264,compound,protein,0
4521392,CPI,O95718,compound,protein,0
4521392,CPI,P33032,compound,protein,0
4521392,CPI,Q16637,compound,protein,0
45281794,CPI,P19793,compound,protein,0
45281801,CPI,O94925,compound,protein,0
4534,CPI,P04626,compound,protein,1
4534,CPI,P32249,compound,protein,1
4534086,CPI,O15296,compound,protein,1
45376076,CPI,P21397,compound,protein,1
4539,CPI,P21728,compound,protein,1
4539,CPI,P41145,compound,protein,1
4539,CPI,P08253,compound,protein,0
454217,CPI,P43681,compound,protein,0
4543,CPI,P08173,compound,protein,1
4543,CPI,P21728,compound,protein,1
4543,CPI,P27695,compound,protein,1
4543,CPI,P08581,compound,protein,0
4543,CPI,Q13177,compound,protein,0
456199,CPI,Q8NG66,compound,protein,0
456199,CPI,P30304,compound,protein,0
456201,CPI,P11511,compound,protein,1
456214,CPI,P11473,compound,protein,0
456214,CPI,P41595,compound,protein,0
457193,CPI,P54132,compound,protein,1
457193,CPI,P54764,compound,protein,0
4578,CPI,P16455,compound,protein,1
4578,CPI,P19838,compound,protein,1
4578,CPI,Q96KQ7,compound,protein,1
4578,CPI,P07550,compound,protein,0
4579,CPI,Q99720,compound,protein,0
4583,CPI,P35354,compound,protein,0
4592,CPI,Q15078,compound,protein,1
4594,CPI,P15428,compound,protein,1
4594,CPI,P51164,compound,protein,1
4594,CPI,P78417,compound,protein,1
4595,CPI,Q9Y2I1,compound,protein,1
4595,CPI,Q15375,compound,protein,0
460,CPI,P22748,compound,protein,1
4601,CPI,O15399,compound,protein,1
4601225,CPI,P24666,compound,protein,1
4601225,CPI,P08575,compound,protein,1
4601225,CPI,P45452,compound,protein,0
4601225,CPI,Q13133,compound,protein,0
4605,CPI,P15056,compound,protein,0
460612,CPI,Q96KQ7,compound,protein,1
460612,CPI,P06746,compound,protein,0
460747,CPI,O75874,compound,protein,1
460747,CPI,Q9Y4P1,compound,protein,1
460747,CPI,Q8IVH8,compound,protein,0
4614,CPI,P61925,compound,protein,0
4615,CPI,P23975,compound,protein,1
46172919,CPI,Q06418,compound,protein,0
46172919,CPI,P51449,compound,protein,0
46173038,CPI,Q04771,compound,protein,1
46173038,CPI,Q96QE3,compound,protein,0
46191454,CPI,Q00526,compound,protein,1
46191454,CPI,P26447,compound,protein,0
462,CPI,Q86SG6,compound,protein,0
4621,CPI,O15296,compound,protein,1
4621,CPI,P01350,compound,protein,1
4621,CPI,Q16665,compound,protein,1
46215462,CPI,O14965,compound,protein,1
46215462,CPI,Q8N1C3,compound,protein,0
46215815,CPI,P42330,compound,protein,0
46216796,CPI,O14976,compound,protein,1
46216796,CPI,Q9BRS2,compound,protein,0
46220502,CPI,Q86TW2,compound,protein,1
46220502,CPI,Q9H2K8,compound,protein,1
46220502,CPI,Q9Y5N1,compound,protein,1
46220502,CPI,O00748,compound,protein,0
46224413,CPI,Q9NZ42,compound,protein,1
46224413,CPI,Q9UM73,compound,protein,0
46224413,CPI,P47989,compound,protein,0
46224413,CPI,Q00534,compound,protein,0
46224413,CPI,P60953,compound,protein,0
46233311,CPI,P15056,compound,protein,0
462382,CPI,P28074,compound,protein,1
462382,CPI,Q16620,compound,protein,0
46239015,CPI,O95835,compound,protein,1
46239015,CPI,Q9UK17,compound,protein,0
4628,CPI,P05177,compound,protein,1
4633,CPI,P10635,compound,protein,1
4633,CPI,P23975,compound,protein,1
4634,CPI,P23975,compound,protein,1
46398810,CPI,O60674,compound,protein,1
4649,CPI,Q6PHR2,compound,protein,0
4649,CPI,P13569,compound,protein,0
4659569,CPI,P08172,compound,protein,1
46705323,CPI,P11473,compound,protein,1
46705323,CPI,P49674,compound,protein,0
46705323,CPI,Q8NI60,compound,protein,0
4674,CPI,P08172,compound,protein,1
4674,CPI,Q9H2K8,compound,protein,0
4674,CPI,Q13153,compound,protein,0
4675130,CPI,P35916,compound,protein,0
467801,CPI,Q9UBN7,compound,protein,1
46783268,CPI,P29323,compound,protein,0
46783373,CPI,Q8WU08,compound,protein,0
46783373,CPI,Q9Y2U5,compound,protein,0
46783403,CPI,P98170,compound,protein,0
46783757,CPI,Q9Y463,compound,protein,0
4679,CPI,P20648,compound,protein,1
4679,CPI,P21728,compound,protein,1
4679,CPI,P25103,compound,protein,1
4679312,CPI,O00264,compound,protein,1
4680,CPI,P04083,compound,protein,0
4680,CPI,Q04759,compound,protein,0
4680,CPI,Q9P289,compound,protein,0
4684,CPI,P56524,compound,protein,0
46848036,CPI,P00519,compound,protein,1
46851313,CPI,O96028,compound,protein,0
46854655,CPI,P14416,compound,protein,0
46861588,CPI,P00750,compound,protein,0
46861623,CPI,O15399,compound,protein,0
46868135,CPI,Q14289,compound,protein,0
46869951,CPI,Q92793,compound,protein,0
46869952,CPI,P55263,compound,protein,0
4687,CPI,P22830,compound,protein,0
4687238,CPI,P10635,compound,protein,1
46873819,CPI,P55072,compound,protein,1
46876249,CPI,P36507,compound,protein,0
4688,CPI,Q9UNQ0,compound,protein,1
46893585,CPI,P54619,compound,protein,0
46903353,CPI,Q16512,compound,protein,0
46903465,CPI,Q99700,compound,protein,1
46903876,CPI,P21397,compound,protein,0
46903884,CPI,Q9P2K8,compound,protein,0
46905000,CPI,P08183,compound,protein,1
46907658,CPI,O76039,compound,protein,0
46907720,CPI,Q16637,compound,protein,1
46907796,CPI,P80192,compound,protein,0
46907798,CPI,P12644,compound,protein,0
46908929,CPI,P21554,compound,protein,0
4691,CPI,P28222,compound,protein,1
4691,CPI,Q70Z44,compound,protein,1
46912192,CPI,P34998,compound,protein,0
46916178,CPI,P49759,compound,protein,1
46916178,CPI,Q13627,compound,protein,1
46916179,CPI,P49760,compound,protein,1
46916182,CPI,P07900,compound,protein,0
46916192,CPI,Q13627,compound,protein,1
46916193,CPI,P42574,compound,protein,0
46916204,CPI,P19784,compound,protein,0
46916205,CPI,Q9Y4P1,compound,protein,0
46925881,CPI,Q8TD19,compound,protein,0
46925884,CPI,Q9Y2U5,compound,protein,0
46926350,CPI,Q00537,compound,protein,1
46926350,CPI,Q14004,compound,protein,1
46926350,CPI,Q9H2K8,compound,protein,1
46926350,CPI,Q99527,compound,protein,0
46931007,CPI,Q96PY6,compound,protein,0
46931012,CPI,P83916,compound,protein,0
46931953,CPI,P08172,compound,protein,0
46943339,CPI,P60953,compound,protein,0
46944259,CPI,P35968,compound,protein,1
46948705,CPI,Q14004,compound,protein,0
46948706,CPI,O15111,compound,protein,0
4705,CPI,P05177,compound,protein,1
4705,CPI,P47869,compound,protein,0
4707,CPI,O95180,compound,protein,0
4708,CPI,O95180,compound,protein,0
4712,CPI,P08183,compound,protein,0
4712,CPI,P30304,compound,protein,0
4713,CPI,Q96KQ7,compound,protein,1
4735,CPI,P00747,compound,protein,1
4735,CPI,Q01959,compound,protein,1
4740,CPI,P21731,compound,protein,1
4740,CPI,P41968,compound,protein,1
4740,CPI,P43681,compound,protein,1
4746,CPI,P10635,compound,protein,1
4746,CPI,Q99720,compound,protein,1
47472,CPI,P06401,compound,protein,1
4748,CPI,P21397,compound,protein,1
4748,CPI,P25021,compound,protein,1
4748,CPI,Q8TDV5,compound,protein,1
4748,CPI,Q9BRS2,compound,protein,0
4753,CPI,P08588,compound,protein,1
4753,CPI,P35498,compound,protein,1
4753,CPI,Q08345,compound,protein,0
4753,CPI,P36897,compound,protein,0
4754,CPI,P17405,compound,protein,0
4756,CPI,P18825,compound,protein,1
4756,CPI,P12931,compound,protein,0
4758734,CPI,Q13976,compound,protein,0
4758734,CPI,P80192,compound,protein,0
4760,CPI,P18089,compound,protein,1
4760,CPI,P30542,compound,protein,1
4760,CPI,Q92847,compound,protein,1
4760,CPI,P56817,compound,protein,0
4760,CPI,P01375,compound,protein,0
4764,CPI,P08684,compound,protein,1
47641,CPI,O43193,compound,protein,1
47641,CPI,P18825,compound,protein,1
4770,CPI,Q9UNA4,compound,protein,1
4771,CPI,P21554,compound,protein,1
4771,CPI,O96017,compound,protein,0
4771,CPI,Q5VT25,compound,protein,0
4775,CPI,P08588,compound,protein,1
4775,CPI,P21452,compound,protein,1
4775,CPI,P43681,compound,protein,1
4780,CPI,Q9BY41,compound,protein,0
4780551,CPI,Q86UE8,compound,protein,0
4780551,CPI,P36896,compound,protein,0
4781,CPI,P18825,compound,protein,1
47811,CPI,P08908,compound,protein,1
47811,CPI,Q13936,compound,protein,0
4788,CPI,P02545,compound,protein,1
4788,CPI,P11712,compound,protein,1
47936,CPI,P08172,compound,protein,1
47936,CPI,P51843,compound,protein,1
47936,CPI,Q08462,compound,protein,1
47936,CPI,Q12791,compound,protein,1
47936,CPI,Q16236,compound,protein,1
47965,CPI,O75496,compound,protein,1
4806,CPI,P08908,compound,protein,1
4813,CPI,P17405,compound,protein,1
4813,CPI,P22894,compound,protein,1
4813,CPI,Q8WZA2,compound,protein,1
4813,CPI,Q9HC16,compound,protein,1
4813,CPI,Q56UN5,compound,protein,0
4813,CPI,P30556,compound,protein,0
4813,CPI,P09619,compound,protein,0
4814,CPI,Q8TDU6,compound,protein,0
4815,CPI,P18089,compound,protein,0
481747,CPI,P08581,compound,protein,0
4822,CPI,P10635,compound,protein,1
48229,CPI,Q9Y478,compound,protein,0
4826,CPI,Q16236,compound,protein,1
4828,CPI,P30411,compound,protein,1
4828,CPI,Q96KQ7,compound,protein,1
4829,CPI,O43193,compound,protein,1
4829,CPI,P41143,compound,protein,1
4829,CPI,P25024,compound,protein,0
4846,CPI,P28335,compound,protein,1
4848,CPI,P08173,compound,protein,1
4848,CPI,P08912,compound,protein,1
4849,CPI,O75604,compound,protein,1
4849,CPI,Q9H9B1,compound,protein,0
4850,CPI,Q13526,compound,protein,1
4858,CPI,Q460N5,compound,protein,1
4858,CPI,Q53GL7,compound,protein,1
4858,CPI,Q9UGN5,compound,protein,1
4858,CPI,O75469,compound,protein,0
4878,CPI,Q9H0K1,compound,protein,1
4878,CPI,Q14004,compound,protein,0
4879298,CPI,P10636,compound,protein,1
4883,CPI,P29275,compound,protein,0
4883,CPI,Q8TD19,compound,protein,0
4886,CPI,Q9HC98,compound,protein,0
4887,CPI,P19838,compound,protein,1
4887,CPI,P27815,compound,protein,1
4891,CPI,O43293,compound,protein,0
4893,CPI,P35462,compound,protein,1
4893,CPI,Q9Y463,compound,protein,0
4909,CPI,P21731,compound,protein,1
4909,CPI,P30542,compound,protein,1
4909,CPI,Q99928,compound,protein,1
4909,CPI,Q9NUW8,compound,protein,1
4909,CPI,Q9UN88,compound,protein,1
4909,CPI,P29597,compound,protein,0
4910,CPI,P33261,compound,protein,1
4911,CPI,P21554,compound,protein,1
4911,CPI,P21709,compound,protein,0
4911,CPI,Q13523,compound,protein,0
4911,CPI,P55210,compound,protein,0
4912,CPI,P08172,compound,protein,1
4913,CPI,P35354,compound,protein,1
4914,CPI,Q9H2S1,compound,protein,1
4914,CPI,Q99250,compound,protein,0
4915,CPI,Q01959,compound,protein,1
4917,CPI,O95342,compound,protein,1
4917,CPI,P07550,compound,protein,1
4917,CPI,P50406,compound,protein,1
4917,CPI,P51817,compound,protein,0
4917,CPI,Q8N568,compound,protein,0
4917,CPI,P18031,compound,protein,0
4917,CPI,Q9H2K2,compound,protein,0
4919,CPI,P21731,compound,protein,1
4919,CPI,P25021,compound,protein,1
4919,CPI,P28223,compound,protein,1
4919,CPI,O96017,compound,protein,0
4919,CPI,Q16637,compound,protein,0
4919,CPI,P54577,compound,protein,0
491941,CPI,Q13148,compound,protein,0
4922,CPI,P41595,compound,protein,1
4922,CPI,P07900,compound,protein,0
492405,CPI,Q08499,compound,protein,0
492405,CPI,P33981,compound,protein,0
4926,CPI,P08908,compound,protein,1
4926,CPI,P21728,compound,protein,1
4926,CPI,P78527,compound,protein,0
4927,CPI,P07550,compound,protein,1
4927,CPI,P55789,compound,protein,0
4927,CPI,Q96BR1,compound,protein,0
4932,CPI,P14618,compound,protein,0
4932,CPI,O94921,compound,protein,0
4934,CPI,Q96KQ7,compound,protein,1
493570,CPI,P51449,compound,protein,0
4939,CPI,Q96GD4,compound,protein,0
4943,CPI,Q9H2S1,compound,protein,0
4946,CPI,P37288,compound,protein,1
4950,CPI,P03372,compound,protein,1
4950,CPI,P06401,compound,protein,1
4950,CPI,P16473,compound,protein,1
4950,CPI,Q9HC97,compound,protein,0
4950,CPI,Q8TDX7,compound,protein,0
4967,CPI,Q92847,compound,protein,0
4976,CPI,P02545,compound,protein,1
4976,CPI,P30411,compound,protein,1
4976,CPI,P11511,compound,protein,0
4976,CPI,Q9HC97,compound,protein,0
49792852,CPI,P23458,compound,protein,1
49792852,CPI,P29317,compound,protein,1
49792852,CPI,P43405,compound,protein,1
49792852,CPI,Q9P289,compound,protein,1
49792852,CPI,O00555,compound,protein,0
49792852,CPI,P31644,compound,protein,0
49836020,CPI,Q96CA5,compound,protein,1
49846579,CPI,P11712,compound,protein,1
49846579,CPI,Q12797,compound,protein,1
49846579,CPI,O43293,compound,protein,0
49848070,CPI,P36544,compound,protein,0
49853258,CPI,P00352,compound,protein,1
49855250,CPI,P61073,compound,protein,0
49867926,CPI,P28472,compound,protein,0
49867929,CPI,P24941,compound,protein,1
49867929,CPI,Q07869,compound,protein,0
49867930,CPI,P49768,compound,protein,1
4992,CPI,P33261,compound,protein,1
4993,CPI,P07550,compound,protein,1
4993,CPI,P08172,compound,protein,1
4995951,CPI,P08912,compound,protein,1
4995951,CPI,P08913,compound,protein,1
5002,CPI,O43193,compound,protein,1
5002,CPI,P35368,compound,protein,1
5002,CPI,P35462,compound,protein,1
5002,CPI,Q9P1W9,compound,protein,0
5011,CPI,P05177,compound,protein,1
5022426,CPI,P53355,compound,protein,0
5024764,CPI,P27695,compound,protein,1
5024764,CPI,P36888,compound,protein,0
50248,CPI,P02766,compound,protein,1
50248,CPI,Q13148,compound,protein,1
5029,CPI,P02545,compound,protein,1
5029,CPI,P07550,compound,protein,1
5029,CPI,P21554,compound,protein,1
5029,CPI,P43681,compound,protein,1
5029,CPI,Q6SZW1,compound,protein,1
5029,CPI,P52333,compound,protein,0
5032,CPI,Q9Y5N1,compound,protein,0
5034,CPI,P02545,compound,protein,1
5034,CPI,P04637,compound,protein,1
5034,CPI,P15056,compound,protein,1
5034,CPI,Q9UF33,compound,protein,0
5034,CPI,Q00536,compound,protein,0
5035,CPI,O60341,compound,protein,1
5035,CPI,P35462,compound,protein,1
5035,CPI,Q92731,compound,protein,1
5035,CPI,Q13547,compound,protein,0
5039877,CPI,P13945,compound,protein,0
5040063,CPI,P11509,compound,protein,0
5056,CPI,O43570,compound,protein,1
5056,CPI,P18031,compound,protein,1
5056,CPI,P28907,compound,protein,1
5056,CPI,P49798,compound,protein,1
5056,CPI,Q8NER1,compound,protein,0
5056,CPI,P47898,compound,protein,0
5059,CPI,Q8TDU6,compound,protein,1
5059,CPI,Q15078,compound,protein,0
5059,CPI,O60285,compound,protein,0
50599,CPI,P30556,compound,protein,1
5070,CPI,P22309,compound,protein,0
5071,CPI,P11229,compound,protein,1
5071,CPI,P14416,compound,protein,1
5071,CPI,P32238,compound,protein,1
5071,CPI,P37288,compound,protein,1
5071,CPI,P51812,compound,protein,0
5071,CPI,Q8IYT8,compound,protein,0
5072,CPI,P11166,compound,protein,0
5073,CPI,P18825,compound,protein,1
5073,CPI,P25100,compound,protein,1
5073,CPI,P25103,compound,protein,1
5073,CPI,Q8NI60,compound,protein,0
5074,CPI,Q9Y6T7,compound,protein,1
5074,CPI,P23219,compound,protein,0
5078,CPI,P25021,compound,protein,1
5078,CPI,O15111,compound,protein,0
5081,CPI,Q16445,compound,protein,1
5081,CPI,O60341,compound,protein,0
5081913,CPI,Q9NWZ3,compound,protein,1
5081913,CPI,P20813,compound,protein,0
5083,CPI,Q96EB6,compound,protein,1
5083,CPI,P35499,compound,protein,0
50878566,CPI,O60674,compound,protein,1
50897816,CPI,O15197,compound,protein,0
50897816,CPI,Q8NE63,compound,protein,0
5090,CPI,P07550,compound,protein,1
5090,CPI,P08913,compound,protein,1
5090,CPI,P21554,compound,protein,1
5090,CPI,O60331,compound,protein,0
5090,CPI,O75475,compound,protein,0
50905713,CPI,P42336,compound,protein,1
5092,CPI,P43220,compound,protein,1
5094,CPI,P27695,compound,protein,1
5095,CPI,P41595,compound,protein,1
50997747,CPI,P36896,compound,protein,1
51000408,CPI,P78527,compound,protein,1
51000408,CPI,P21554,compound,protein,0
51001932,CPI,P48736,compound,protein,1
51038269,CPI,P16234,compound,protein,1
51039095,CPI,P42226,compound,protein,0
5113032,CPI,Q06187,compound,protein,0
51348735,CPI,O75469,compound,protein,1
51358113,CPI,O95718,compound,protein,0
51371328,CPI,P25705,compound,protein,0
5143,CPI,P84022,compound,protein,0
5152,CPI,P08172,compound,protein,1
5152,CPI,P28222,compound,protein,1
5152,CPI,O60331,compound,protein,0
5152,CPI,Q92630,compound,protein,0
5154,CPI,P16050,compound,protein,1
51576,CPI,P43681,compound,protein,0
5163,CPI,P09211,compound,protein,0
5166,CPI,O43293,compound,protein,1
5166,CPI,O95819,compound,protein,1
5166,CPI,P11309,compound,protein,1
5166,CPI,Q05655,compound,protein,1
5166,CPI,Q06187,compound,protein,1
5166,CPI,Q08881,compound,protein,1
5166,CPI,Q13464,compound,protein,1
5166,CPI,P10828,compound,protein,0
5166,CPI,Q16665,compound,protein,0
5166,CPI,P48736,compound,protein,0
5166,CPI,P46734,compound,protein,0
5166,CPI,P09619,compound,protein,0
5166,CPI,O94782,compound,protein,0
5166,CPI,P08173,compound,protein,0
51683,CPI,Q2M2I8,compound,protein,0
5169,CPI,O15146,compound,protein,1
5169,CPI,P08069,compound,protein,1
5169,CPI,P08581,compound,protein,1
5169,CPI,P15735,compound,protein,1
5169,CPI,P37023,compound,protein,1
5169,CPI,P52333,compound,protein,1
5169,CPI,Q00536,compound,protein,1
5169,CPI,Q13555,compound,protein,1
5169,CPI,Q96NX5,compound,protein,1
5169,CPI,Q9NRP7,compound,protein,1
5169,CPI,Q9UM73,compound,protein,1
5169,CPI,P34913,compound,protein,0
5169,CPI,P21554,compound,protein,0
5169,CPI,Q04760,compound,protein,0
5169,CPI,P35354,compound,protein,0
5169,CPI,Q9UI33,compound,protein,0
5169,CPI,P29275,compound,protein,0
5169,CPI,Q9UBN7,compound,protein,0
5169,CPI,Q92731,compound,protein,0
5169,CPI,P11474,compound,protein,0
5169,CPI,P35368,compound,protein,0
5169,CPI,P10275,compound,protein,0
5169,CPI,P20794,compound,protein,0
5174,CPI,Q16539,compound,protein,1
5174,CPI,P39748,compound,protein,0
51755,CPI,Q9H9B1,compound,protein,0
5186,CPI,P00439,compound,protein,0
5191,CPI,P16473,compound,protein,1
5191,CPI,O15379,compound,protein,0
5191,CPI,P06401,compound,protein,0
5191289,CPI,Q9NUW8,compound,protein,0
5197049,CPI,O00329,compound,protein,0
5202,CPI,P28566,compound,protein,1
5202,CPI,Q96NX5,compound,protein,0
5202074,CPI,Q96D31,compound,protein,1
5205,CPI,P08908,compound,protein,1
5205,CPI,P34969,compound,protein,1
5205,CPI,P30542,compound,protein,0
5210,CPI,P08913,compound,protein,1
5210,CPI,Q96DB2,compound,protein,0
5210,CPI,O60285,compound,protein,0
5212,CPI,P25021,compound,protein,1
5212,CPI,P35367,compound,protein,1
5212,CPI,O75164,compound,protein,0
5215,CPI,P06401,compound,protein,1
5215,CPI,Q92847,compound,protein,1
5215,CPI,Q13873,compound,protein,0
5218788,CPI,Q9BVS4,compound,protein,0
5219,CPI,P10636,compound,protein,1
5245,CPI,P21554,compound,protein,1
5245,CPI,Q15349,compound,protein,0
5253,CPI,P11229,compound,protein,1
5253,CPI,P41595,compound,protein,1
5265,CPI,O75496,compound,protein,1
5265,CPI,P14416,compound,protein,1
5265,CPI,P21917,compound,protein,1
5265,CPI,Q16566,compound,protein,0
5265,CPI,P31751,compound,protein,0
5265,CPI,Q00532,compound,protein,0
5265,CPI,Q13976,compound,protein,0
5268,CPI,P34969,compound,protein,1
5271544,CPI,Q9NY57,compound,protein,0
5275766,CPI,Q92630,compound,protein,0
5275766,CPI,Q8N4C8,compound,protein,0
5278,CPI,O15530,compound,protein,0
5280343,CPI,P00734,compound,protein,1
5280343,CPI,P00918,compound,protein,1
5280343,CPI,P05177,compound,protein,1
5280343,CPI,P07451,compound,protein,1
5280343,CPI,P08253,compound,protein,1
5280343,CPI,P23280,compound,protein,1
5280343,CPI,P25021,compound,protein,1
5280343,CPI,P40763,compound,protein,1
5280343,CPI,Q14289,compound,protein,0
5280343,CPI,O94921,compound,protein,0
5280343,CPI,P10145,compound,protein,0
5280343,CPI,P15735,compound,protein,0
5280343,CPI,Q15835,compound,protein,0
5280343,CPI,P31751,compound,protein,0
5280343,CPI,Q99250,compound,protein,0
5280343,CPI,P35228,compound,protein,0
5280343,CPI,Q92772,compound,protein,0
5280360,CPI,O15244,compound,protein,1
5280360,CPI,Q9NSA0,compound,protein,1
5280363,CPI,P35408,compound,protein,1
5280378,CPI,P31639,compound,protein,1
5280378,CPI,Q8IY84,compound,protein,0
5280436,CPI,Q16236,compound,protein,0
5280443,CPI,P08183,compound,protein,1
5280443,CPI,P49841,compound,protein,1
5280443,CPI,Q9NUW8,compound,protein,1
5280443,CPI,O60840,compound,protein,0
5280443,CPI,P31645,compound,protein,0
5280445,CPI,O43570,compound,protein,1
5280445,CPI,O94956,compound,protein,1
5280445,CPI,P36888,compound,protein,1
5280445,CPI,Q9UBT6,compound,protein,1
5280445,CPI,Q00534,compound,protein,0
5280445,CPI,P23219,compound,protein,0
5280445,CPI,Q92793,compound,protein,0
5280569,CPI,P10635,compound,protein,1
5280723,CPI,Q9BYT3,compound,protein,0
5280723,CPI,Q9UKV0,compound,protein,0
5280805,CPI,O43318,compound,protein,0
5280863,CPI,P00918,compound,protein,1
5280863,CPI,P09917,compound,protein,1
5280863,CPI,P14061,compound,protein,1
5280863,CPI,Q6NUS8,compound,protein,1
5280863,CPI,P05129,compound,protein,0
5280934,CPI,Q9UBT6,compound,protein,1
5280953,CPI,P18825,compound,protein,1
5280953,CPI,P49840,compound,protein,1
5280953,CPI,Q9Y2I1,compound,protein,1
5280953,CPI,P54577,compound,protein,0
5280954,CPI,P42679,compound,protein,0
5280954,CPI,Q07002,compound,protein,0
5280961,CPI,P11474,compound,protein,1
5280961,CPI,P27487,compound,protein,1
5281004,CPI,Q16678,compound,protein,0
5281004,CPI,P35228,compound,protein,0
5281037,CPI,P32239,compound,protein,1
5281040,CPI,Q8WU08,compound,protein,0
5281071,CPI,P41145,compound,protein,0
5281437,CPI,P59540,compound,protein,1
5281571,CPI,Q00534,compound,protein,0
5281571,CPI,P26358,compound,protein,0
5281607,CPI,P54646,compound,protein,0
5281614,CPI,P49327,compound,protein,1
5281614,CPI,Q96GD4,compound,protein,1
5281614,CPI,P08588,compound,protein,0
5281643,CPI,P10635,compound,protein,1
5281643,CPI,Q8WUI4,compound,protein,0
5281643,CPI,Q9UKI8,compound,protein,0
5281657,CPI,P30556,compound,protein,0
5281657,CPI,Q8TCU5,compound,protein,0
5281670,CPI,P39748,compound,protein,1
5281670,CPI,P40225,compound,protein,1
5281670,CPI,P15121,compound,protein,0
5281672,CPI,O15296,compound,protein,1
5281672,CPI,P18089,compound,protein,0
5281707,CPI,P68400,compound,protein,1
5281707,CPI,P28223,compound,protein,0
5281708,CPI,Q9UL62,compound,protein,1
5281708,CPI,P49840,compound,protein,0
5281708,CPI,Q7KZI7,compound,protein,0
5281727,CPI,P51151,compound,protein,1
5281787,CPI,O95819,compound,protein,0
5281792,CPI,Q9NUW8,compound,protein,1
5281804,CPI,P23975,compound,protein,0
5281847,CPI,P02545,compound,protein,1
5281855,CPI,O14965,compound,protein,1
5281855,CPI,O15296,compound,protein,1
5281855,CPI,P24941,compound,protein,1
5281855,CPI,P27695,compound,protein,1
5281855,CPI,P83916,compound,protein,1
5281855,CPI,Q9HC97,compound,protein,1
5281855,CPI,Q9NUW8,compound,protein,1
5281855,CPI,P07947,compound,protein,0
5281855,CPI,Q9H2G2,compound,protein,0
5281855,CPI,Q16850,compound,protein,0
5281881,CPI,P21728,compound,protein,1
5281894,CPI,O60885,compound,protein,0
5281912,CPI,Q08493,compound,protein,0
5282054,CPI,P49327,compound,protein,1
5282054,CPI,P11309,compound,protein,0
5282054,CPI,P04629,compound,protein,0
5282073,CPI,P08684,compound,protein,1
5282073,CPI,P28482,compound,protein,1
5282073,CPI,P35372,compound,protein,1
5282181,CPI,P23975,compound,protein,1
5282181,CPI,Q14432,compound,protein,1
5282226,CPI,P43088,compound,protein,1
5282230,CPI,P28482,compound,protein,1
5282230,CPI,P23280,compound,protein,0
5282367,CPI,O75496,compound,protein,0
5282375,CPI,P10276,compound,protein,1
5282375,CPI,P11229,compound,protein,1
5282375,CPI,P43681,compound,protein,1
5282375,CPI,P45983,compound,protein,0
5282375,CPI,O14920,compound,protein,0
5282443,CPI,O43193,compound,protein,1
5282443,CPI,P03372,compound,protein,1
5282443,CPI,P08908,compound,protein,1
5282443,CPI,P28223,compound,protein,1
5282443,CPI,P32245,compound,protein,1
5282452,CPI,O75469,compound,protein,1
5282452,CPI,P04150,compound,protein,1
5282452,CPI,P28223,compound,protein,1
5282452,CPI,Q14432,compound,protein,1
5283389,CPI,P39748,compound,protein,1
5283389,CPI,Q15349,compound,protein,0
5283446,CPI,P00352,compound,protein,1
5283446,CPI,P07550,compound,protein,0
5284329,CPI,Q99835,compound,protein,1
5284353,CPI,P21918,compound,protein,1
5284513,CPI,P19793,compound,protein,1
5284513,CPI,P21397,compound,protein,1
5284513,CPI,P28702,compound,protein,1
5284513,CPI,P30518,compound,protein,1
5284513,CPI,P48443,compound,protein,1
5284513,CPI,Q99808,compound,protein,1
5284513,CPI,P28845,compound,protein,0
5284515,CPI,P49759,compound,protein,0
5284549,CPI,P07451,compound,protein,1
5284549,CPI,P29275,compound,protein,0
5284549,CPI,O96013,compound,protein,0
5284616,CPI,P08908,compound,protein,1
5284616,CPI,P11712,compound,protein,1
5284616,CPI,Q9Y5N1,compound,protein,1
5284616,CPI,O43781,compound,protein,0
5284627,CPI,O75493,compound,protein,1
5284627,CPI,P21397,compound,protein,1
5284627,CPI,P27695,compound,protein,1
5284627,CPI,P35462,compound,protein,1
5284627,CPI,P27037,compound,protein,0
5284627,CPI,P05023,compound,protein,0
5284627,CPI,Q9UBF8,compound,protein,0
5284627,CPI,P53667,compound,protein,0
5284627,CPI,P49759,compound,protein,0
5284639,CPI,P50750,compound,protein,0
5284639,CPI,P04062,compound,protein,0
5286239,CPI,P04637,compound,protein,1
5286239,CPI,P15428,compound,protein,1
5286239,CPI,P33261,compound,protein,1
5286239,CPI,P06493,compound,protein,0
5287620,CPI,Q96QE3,compound,protein,1
5287620,CPI,Q08493,compound,protein,0
5287855,CPI,P30556,compound,protein,0
5287855,CPI,Q13639,compound,protein,0
5287969,CPI,O00444,compound,protein,1
5287969,CPI,O14965,compound,protein,1
5287969,CPI,P04049,compound,protein,1
5287969,CPI,P19525,compound,protein,1
5287969,CPI,P27448,compound,protein,1
5287969,CPI,P41743,compound,protein,1
5287969,CPI,Q13237,compound,protein,1
5287969,CPI,Q13705,compound,protein,1
5287969,CPI,Q14164,compound,protein,1
5287969,CPI,Q16620,compound,protein,1
5287969,CPI,Q86UE8,compound,protein,1
5287969,CPI,Q8NEV4,compound,protein,1
5287969,CPI,Q8WTQ7,compound,protein,1
5287969,CPI,Q9BRS2,compound,protein,1
5287969,CPI,Q9H422,compound,protein,1
5287969,CPI,Q9NRP7,compound,protein,1
5287969,CPI,P08588,compound,protein,0
5287969,CPI,P51679,compound,protein,0
5287969,CPI,P10636,compound,protein,0
5287969,CPI,Q99549,compound,protein,0
5287969,CPI,Q9P0X4,compound,protein,0
5287969,CPI,P01106,compound,protein,0
5287969,CPI,Q6XQN6,compound,protein,0
5287969,CPI,Q14957,compound,protein,0
5287969,CPI,Q8NER1,compound,protein,0
5287969,CPI,P62508,compound,protein,0
5288209,CPI,P16050,compound,protein,1
5288209,CPI,Q9NUW8,compound,protein,1
5288382,CPI,Q9H3R0,compound,protein,1
5288382,CPI,P00915,compound,protein,0
5290,CPI,P35462,compound,protein,1
5290,CPI,P43681,compound,protein,0
5291,CPI,P04626,compound,protein,1
5291,CPI,P04629,compound,protein,1
5291,CPI,P07948,compound,protein,1
5291,CPI,P11274,compound,protein,1
5291,CPI,P15056,compound,protein,1
5291,CPI,P23443,compound,protein,1
5291,CPI,P49759,compound,protein,1
5291,CPI,P49760,compound,protein,1
5291,CPI,P54646,compound,protein,1
5291,CPI,Q13464,compound,protein,1
5291,CPI,Q15375,compound,protein,1
5291,CPI,Q5S007,compound,protein,1
5291,CPI,Q99755,compound,protein,1
5291,CPI,Q9BWU1,compound,protein,1
5291,CPI,Q9HBH9,compound,protein,1
5291,CPI,Q9Y463,compound,protein,1
5291,CPI,P05164,compound,protein,0
5291,CPI,P47898,compound,protein,0
5291,CPI,P25089,compound,protein,0
5291,CPI,Q9UHH9,compound,protein,0
5291,CPI,O95180,compound,protein,0
5291,CPI,P07550,compound,protein,0
5291,CPI,P05177,compound,protein,0
5291,CPI,P12821,compound,protein,0
5291,CPI,O75164,compound,protein,0
5291,CPI,P51679,compound,protein,0
5291,CPI,Q15822,compound,protein,0
5291,CPI,P28222,compound,protein,0
5291,CPI,P32239,compound,protein,0
5291,CPI,P48546,compound,protein,0
5291,CPI,P48039,compound,protein,0
5291,CPI,P07900,compound,protein,0
53025,CPI,P41597,compound,protein,0
5310346,CPI,P42680,compound,protein,0
5310988,CPI,P35869,compound,protein,0
5311,CPI,P08908,compound,protein,1
5311,CPI,Q9Y2U5,compound,protein,0
5311,CPI,Q9H4B4,compound,protein,0
5311,CPI,Q13936,compound,protein,0
5311032,CPI,P29466,compound,protein,0
5311037,CPI,P04150,compound,protein,0
5311047,CPI,P46098,compound,protein,1
5311047,CPI,Q04912,compound,protein,0
5311053,CPI,P21731,compound,protein,1
5311067,CPI,Q8IVH8,compound,protein,0
5311097,CPI,P47898,compound,protein,1
5311097,CPI,Q96PF2,compound,protein,0
5311128,CPI,P30968,compound,protein,1
5311128,CPI,P54577,compound,protein,0
5311181,CPI,P34995,compound,protein,1
5311217,CPI,Q13882,compound,protein,0
5311257,CPI,P30989,compound,protein,0
5311309,CPI,P42226,compound,protein,0
5311309,CPI,P16083,compound,protein,0
5311346,CPI,Q9UF33,compound,protein,0
5311380,CPI,P48729,compound,protein,0
5311412,CPI,P08172,compound,protein,1
5311412,CPI,P30542,compound,protein,1
5311412,CPI,P32245,compound,protein,1
5311412,CPI,Q96Q40,compound,protein,0
5311412,CPI,P54764,compound,protein,0
5311424,CPI,P33261,compound,protein,1
5311507,CPI,P28335,compound,protein,1
5311507,CPI,P46098,compound,protein,1
5311507,CPI,P07451,compound,protein,0
5312137,CPI,P83916,compound,protein,1
5312137,CPI,Q8IWQ3,compound,protein,1
5312137,CPI,Q9UQB9,compound,protein,1
5312137,CPI,Q9Y478,compound,protein,1
5312137,CPI,P07711,compound,protein,0
5312137,CPI,P80192,compound,protein,0
5312149,CPI,P28221,compound,protein,1
5312529,CPI,P53667,compound,protein,0
5312529,CPI,P0C264,compound,protein,0
5317221,CPI,Q96PF2,compound,protein,0
5318,CPI,Q9Y616,compound,protein,0
5318,CPI,P43403,compound,protein,0
5318998,CPI,P08684,compound,protein,1
5318998,CPI,Q9HAZ1,compound,protein,0
5320,CPI,P25021,compound,protein,1
5320,CPI,Q01959,compound,protein,1
5320,CPI,Q9Y4P1,compound,protein,0
53232,CPI,O43193,compound,protein,1
53232,CPI,P21917,compound,protein,1
53235510,CPI,P49841,compound,protein,1
53235510,CPI,Q05397,compound,protein,1
53235510,CPI,Q16513,compound,protein,1
53235510,CPI,Q8NEB9,compound,protein,1
53235510,CPI,P0C264,compound,protein,0
53235510,CPI,Q96PF2,compound,protein,0
5323714,CPI,P18089,compound,protein,1
5323714,CPI,O43570,compound,protein,0
5324346,CPI,P28223,compound,protein,1
5324346,CPI,Q9UK32,compound,protein,0
5325,CPI,O75874,compound,protein,1
5325,CPI,P11712,compound,protein,1
5325,CPI,Q9Y5N1,compound,protein,1
5325,CPI,P49798,compound,protein,0
5325,CPI,Q13237,compound,protein,0
5327,CPI,O75469,compound,protein,1
5327,CPI,Q13188,compound,protein,0
5327,CPI,Q9NYY3,compound,protein,0
5327,CPI,Q86Z02,compound,protein,0
5327723,CPI,P24385,compound,protein,1
5327723,CPI,Q969S8,compound,protein,0
5327723,CPI,Q9NY46,compound,protein,0
5328,CPI,P18825,compound,protein,1
5328,CPI,P21397,compound,protein,1
5328,CPI,Q96PY6,compound,protein,0
5328760,CPI,P16050,compound,protein,1
5328760,CPI,O14764,compound,protein,0
5328760,CPI,P28335,compound,protein,0
5328760,CPI,Q04828,compound,protein,0
5328768,CPI,Q9UBT6,compound,protein,1
5328768,CPI,Q05193,compound,protein,0
5328771,CPI,P09619,compound,protein,1
5328772,CPI,P16234,compound,protein,0
5328772,CPI,O94921,compound,protein,0
5328807,CPI,Q14191,compound,protein,1
5328807,CPI,Q14289,compound,protein,0
5328807,CPI,Q99808,compound,protein,0
5328940,CPI,O14733,compound,protein,1
5328940,CPI,O94806,compound,protein,1
5328940,CPI,P06213,compound,protein,1
5328940,CPI,P06241,compound,protein,1
5328940,CPI,P15056,compound,protein,1
5328940,CPI,P22607,compound,protein,1
5328940,CPI,P22694,compound,protein,1
5328940,CPI,P25021,compound,protein,1
5328940,CPI,P49760,compound,protein,1
5328940,CPI,P52333,compound,protein,1
5328940,CPI,P53671,compound,protein,1
5328940,CPI,P53779,compound,protein,1
5328940,CPI,P78362,compound,protein,1
5328940,CPI,Q14004,compound,protein,1
5328940,CPI,Q16659,compound,protein,1
5328940,CPI,Q16816,compound,protein,1
5328940,CPI,Q7KZI7,compound,protein,1
5328940,CPI,Q96BR1,compound,protein,1
5328940,CPI,Q96L34,compound,protein,1
5328940,CPI,Q9UIK4,compound,protein,1
5328940,CPI,P49286,compound,protein,0
5328940,CPI,Q13639,compound,protein,0
5328940,CPI,P34947,compound,protein,0
5328940,CPI,O60885,compound,protein,0
5328940,CPI,Q04206,compound,protein,0
5328940,CPI,O75475,compound,protein,0
5328940,CPI,P35869,compound,protein,0
5328940,CPI,Q13224,compound,protein,0
5328940,CPI,P09211,compound,protein,0
5328940,CPI,P34972,compound,protein,0
5328940,CPI,Q9Y4P1,compound,protein,0
5328940,CPI,P11308,compound,protein,0
5328940,CPI,Q9UI33,compound,protein,0
5328940,CPI,P00918,compound,protein,0
5328940,CPI,Q9UL62,compound,protein,0
5328940,CPI,P11474,compound,protein,0
5329,CPI,P31645,compound,protein,1
5329,CPI,P42684,compound,protein,0
5329006,CPI,P17948,compound,protein,1
5329006,CPI,P32245,compound,protein,0
5329098,CPI,O75496,compound,protein,1
5329098,CPI,O95718,compound,protein,0
5329098,CPI,P05771,compound,protein,0
5329099,CPI,O00555,compound,protein,0
5329099,CPI,Q92769,compound,protein,0
5329099,CPI,P31645,compound,protein,0
5329102,CPI,O43318,compound,protein,1
5329102,CPI,P06401,compound,protein,1
5329102,CPI,P08912,compound,protein,1
5329102,CPI,P14416,compound,protein,1
5329102,CPI,P35367,compound,protein,1
5329102,CPI,P46098,compound,protein,1
5329102,CPI,P51957,compound,protein,1
5329102,CPI,P54762,compound,protein,1
5329102,CPI,P78356,compound,protein,1
5329102,CPI,Q02779,compound,protein,1
5329102,CPI,Q12809,compound,protein,1
5329102,CPI,Q13523,compound,protein,1
5329102,CPI,Q13705,compound,protein,1
5329102,CPI,Q16288,compound,protein,1
5329102,CPI,Q8IYT8,compound,protein,1
5329102,CPI,Q8NG66,compound,protein,1
5329102,CPI,Q92772,compound,protein,1
5329102,CPI,Q96L34,compound,protein,1
5329102,CPI,Q9UIK4,compound,protein,1
5329102,CPI,O75164,compound,protein,0
5329102,CPI,P49798,compound,protein,0
5329102,CPI,Q04206,compound,protein,0
5329102,CPI,P05177,compound,protein,0
5329102,CPI,Q13526,compound,protein,0
5329102,CPI,P49327,compound,protein,0
5329102,CPI,P28074,compound,protein,0
5329102,CPI,Q9H2S1,compound,protein,0
5329102,CPI,Q16236,compound,protein,0
5329775,CPI,P51449,compound,protein,0
53299835,CPI,P43220,compound,protein,1
53299835,CPI,Q9UQM7,compound,protein,0
5330,CPI,P21860,compound,protein,0
5330286,CPI,O43193,compound,protein,1
5330286,CPI,P06239,compound,protein,1
5330286,CPI,P08173,compound,protein,1
5330286,CPI,P25021,compound,protein,1
5330286,CPI,P45984,compound,protein,1
5330286,CPI,Q02750,compound,protein,1
5330286,CPI,Q9NYV4,compound,protein,1
5330286,CPI,Q9Y4K4,compound,protein,1
5330286,CPI,P38398,compound,protein,0
5330286,CPI,P33261,compound,protein,0
5330286,CPI,P14618,compound,protein,0
5330286,CPI,P80370,compound,protein,0
5330286,CPI,P18054,compound,protein,0
5330286,CPI,Q9UEE5,compound,protein,0
5330286,CPI,P10828,compound,protein,0
5330790,CPI,O75582,compound,protein,1
5330790,CPI,P04049,compound,protein,1
5330790,CPI,P09769,compound,protein,1
5330790,CPI,P21709,compound,protein,1
5330790,CPI,P23458,compound,protein,1
5330790,CPI,P29320,compound,protein,1
5330790,CPI,P31749,compound,protein,1
5330790,CPI,P35590,compound,protein,1
5330790,CPI,P45983,compound,protein,1
5330790,CPI,P45984,compound,protein,1
5330790,CPI,P51813,compound,protein,1
5330790,CPI,P52333,compound,protein,1
5330790,CPI,Q02750,compound,protein,1
5330790,CPI,Q06418,compound,protein,1
5330790,CPI,Q13153,compound,protein,1
5330790,CPI,Q13177,compound,protein,1
5330790,CPI,Q8WXR4,compound,protein,1
5330790,CPI,Q96D53,compound,protein,1
5330790,CPI,Q96L34,compound,protein,1
5330790,CPI,P10415,compound,protein,0
5330790,CPI,Q96KB5,compound,protein,0
5330790,CPI,P37231,compound,protein,0
5330790,CPI,P55789,compound,protein,0
5330790,CPI,P28074,compound,protein,0
5330790,CPI,P08183,compound,protein,0
5330790,CPI,P43681,compound,protein,0
5330790,CPI,P47989,compound,protein,0
5330790,CPI,Q8IUX4,compound,protein,0
53315878,CPI,O00750,compound,protein,0
53315878,CPI,P45983,compound,protein,0
53315882,CPI,P42345,compound,protein,0
53340666,CPI,Q9UBN7,compound,protein,1
5335,CPI,Q9NUW8,compound,protein,1
5336,CPI,P23975,compound,protein,1
5336,CPI,P0C264,compound,protein,0
5337366,CPI,O75496,compound,protein,1
53377448,CPI,P40763,compound,protein,0
5337997,CPI,O75874,compound,protein,1
5338,CPI,P08172,compound,protein,0
53382703,CPI,P29597,compound,protein,0
53382792,CPI,Q9UKI8,compound,protein,0
53389,CPI,Q15831,compound,protein,0
5339,CPI,P21397,compound,protein,1
5339,CPI,P41595,compound,protein,1
5339,CPI,O00238,compound,protein,0
5340,CPI,P08913,compound,protein,1
5340,CPI,P25103,compound,protein,1
5340,CPI,Q15303,compound,protein,0
5341934,CPI,O95835,compound,protein,0
5341934,CPI,P03372,compound,protein,0
5342,CPI,P25929,compound,protein,1
5342,CPI,P43681,compound,protein,1
5342,CPI,Q07869,compound,protein,0
5344,CPI,P08172,compound,protein,1
5344,CPI,P08908,compound,protein,1
5344,CPI,P0DMS8,compound,protein,1
5344,CPI,Q01959,compound,protein,1
5344,CPI,Q6DT37,compound,protein,0
5344,CPI,P27448,compound,protein,0
5346285,CPI,O95382,compound,protein,0
5346285,CPI,P41143,compound,protein,0
53472153,CPI,P48730,compound,protein,1
53484654,CPI,P07101,compound,protein,1
53495165,CPI,P10275,compound,protein,0
5351344,CPI,P00519,compound,protein,1
5351344,CPI,P12931,compound,protein,1
5352,CPI,P21397,compound,protein,1
5352,CPI,P32245,compound,protein,1
5352,CPI,P46098,compound,protein,1
5352,CPI,Q13464,compound,protein,0
5352,CPI,P49759,compound,protein,0
5352,CPI,Q99759,compound,protein,0
5352,CPI,Q9Y2U5,compound,protein,0
5352062,CPI,Q9Y616,compound,protein,0
5352062,CPI,P35218,compound,protein,0
5352624,CPI,P28482,compound,protein,1
5352624,CPI,P37231,compound,protein,1
5353,CPI,Q01064,compound,protein,0
5353431,CPI,Q96Q40,compound,protein,0
5353432,CPI,P35367,compound,protein,0
5353454,CPI,Q12809,compound,protein,1
5353593,CPI,P37840,compound,protein,1
5353609,CPI,P62508,compound,protein,0
5353623,CPI,P20309,compound,protein,0
5353685,CPI,P27695,compound,protein,1
5353685,CPI,P27986,compound,protein,0
5353760,CPI,Q8TBX8,compound,protein,0
5353842,CPI,P53355,compound,protein,0
5353853,CPI,P11229,compound,protein,1
5353853,CPI,P21452,compound,protein,1
5353853,CPI,Q16790,compound,protein,0
5353853,CPI,O14920,compound,protein,0
5353853,CPI,Q16539,compound,protein,0
5354,CPI,P21452,compound,protein,1
5354,CPI,P31645,compound,protein,1
5354,CPI,P41595,compound,protein,1
5354,CPI,Q14524,compound,protein,1
5354,CPI,Q8N568,compound,protein,0
5354,CPI,P34913,compound,protein,0
5354033,CPI,Q02750,compound,protein,1
5354033,CPI,O14976,compound,protein,0
5355,CPI,P54132,compound,protein,1
5355,CPI,Q12809,compound,protein,1
5358,CPI,P34969,compound,protein,1
5358,CPI,P46098,compound,protein,1
5358,CPI,Q9BUB5,compound,protein,0
5359,CPI,P41968,compound,protein,1
5359,CPI,P10828,compound,protein,0
5359371,CPI,Q15822,compound,protein,1
5360630,CPI,P21554,compound,protein,0
5360696,CPI,P11229,compound,protein,1
5360696,CPI,P25021,compound,protein,1
5360696,CPI,Q92830,compound,protein,0
5360696,CPI,P47898,compound,protein,0
5360696,CPI,P0C264,compound,protein,0
5361,CPI,P29275,compound,protein,0
5361,CPI,Q9Y2U5,compound,protein,0
5361092,CPI,P41143,compound,protein,1
5361092,CPI,P41145,compound,protein,1
5361202,CPI,P16473,compound,protein,1
5361298,CPI,Q16348,compound,protein,1
5361298,CPI,Q9NSA0,compound,protein,1
5361298,CPI,P06241,compound,protein,0
5362032,CPI,P16234,compound,protein,0
5362032,CPI,Q13554,compound,protein,0
5362119,CPI,P21554,compound,protein,1
5362119,CPI,P16083,compound,protein,0
5362124,CPI,P07550,compound,protein,1
5362124,CPI,P41595,compound,protein,1
5362124,CPI,P10632,compound,protein,0
5362124,CPI,P49840,compound,protein,0
5362129,CPI,P25021,compound,protein,1
5362129,CPI,P41595,compound,protein,1
5362129,CPI,P18054,compound,protein,0
5362422,CPI,P22894,compound,protein,1
5362422,CPI,Q9UKQ2,compound,protein,1
53708,CPI,P54132,compound,protein,1
53708,CPI,Q9Y463,compound,protein,0
5379,CPI,P35354,compound,protein,1
5379,CPI,P49674,compound,protein,0
5379,CPI,P38398,compound,protein,0
5382,CPI,Q16620,compound,protein,0
5386,CPI,Q9H1R3,compound,protein,0
5387,CPI,P11229,compound,protein,1
5388962,CPI,P23975,compound,protein,1
5388962,CPI,P25021,compound,protein,1
5388962,CPI,P27695,compound,protein,1
5388962,CPI,P41595,compound,protein,1
5388962,CPI,P35916,compound,protein,0
5391,CPI,P08588,compound,protein,1
5391,CPI,O15118,compound,protein,0
5394,CPI,P34969,compound,protein,1
5394,CPI,P05177,compound,protein,0
5401,CPI,P04062,compound,protein,1
5403,CPI,P21554,compound,protein,0
5405,CPI,Q14994,compound,protein,0
54091660,CPI,P49841,compound,protein,0
5411,CPI,P25103,compound,protein,1
54167661,CPI,Q96PH1,compound,protein,0
54167661,CPI,O15379,compound,protein,0
54248788,CPI,P54289,compound,protein,1
5426,CPI,P37288,compound,protein,1
5426,CPI,P51813,compound,protein,0
5426,CPI,P51812,compound,protein,0
5429,CPI,P07550,compound,protein,1
54367,CPI,P11473,compound,protein,0
5440,CPI,P40763,compound,protein,0
54445,CPI,Q13148,compound,protein,1
54454,CPI,Q01959,compound,protein,1
54454,CPI,P22607,compound,protein,0
54456,CPI,O95977,compound,protein,0
54459,CPI,Q12809,compound,protein,0
5447130,CPI,Q9NUW8,compound,protein,1
54477,CPI,O95342,compound,protein,1
54477,CPI,Q92830,compound,protein,1
5452,CPI,P18089,compound,protein,1
5452,CPI,P15121,compound,protein,0
5452,CPI,Q15303,compound,protein,0
5453,CPI,P16473,compound,protein,0
5453,CPI,P29466,compound,protein,0
5453,CPI,P35869,compound,protein,0
54575046,CPI,P34903,compound,protein,0
54575046,CPI,P28566,compound,protein,0
54575046,CPI,Q00975,compound,protein,0
5458656,CPI,P21709,compound,protein,0
5460339,CPI,P48730,compound,protein,0
54615639,CPI,Q06710,compound,protein,1
54615639,CPI,O14733,compound,protein,0
54615640,CPI,P43405,compound,protein,0
54615640,CPI,Q14191,compound,protein,0
54618771,CPI,P42685,compound,protein,0
54618912,CPI,P29323,compound,protein,0
54619148,CPI,Q00536,compound,protein,0
54637825,CPI,P41145,compound,protein,0
54637826,CPI,P16083,compound,protein,0
54645832,CPI,Q06710,compound,protein,1
54645987,CPI,Q15418,compound,protein,0
54646515,CPI,P31152,compound,protein,0
54646515,CPI,Q8IW41,compound,protein,0
54646520,CPI,Q9UKE5,compound,protein,0
54650077,CPI,Q9Y6M4,compound,protein,0
54650077,CPI,P25963,compound,protein,0
54657608,CPI,Q15569,compound,protein,0
54661292,CPI,Q9NZ08,compound,protein,1
5467,CPI,P28222,compound,protein,1
54671008,CPI,Q13285,compound,protein,0
54675769,CPI,Q15139,compound,protein,0
54676038,CPI,P54762,compound,protein,0
54676038,CPI,O75716,compound,protein,0
54676537,CPI,Q9BQB6,compound,protein,1
54678486,CPI,P50406,compound,protein,1
5468,CPI,O75469,compound,protein,1
5468,CPI,P0DMS8,compound,protein,1
5468,CPI,P21728,compound,protein,1
5468,CPI,P23975,compound,protein,1
5468,CPI,P37288,compound,protein,1
5468,CPI,P04278,compound,protein,0
5468,CPI,Q06278,compound,protein,0
54685921,CPI,P49798,compound,protein,1
54688261,CPI,Q12797,compound,protein,0
5469318,CPI,Q9BX84,compound,protein,0
5472,CPI,Q16665,compound,protein,0
5472495,CPI,O14733,compound,protein,0
5472495,CPI,Q9BXA7,compound,protein,0
54746,CPI,P23975,compound,protein,1
54746,CPI,P35354,compound,protein,1
54746,CPI,P41968,compound,protein,1
54746,CPI,Q01959,compound,protein,1
54746,CPI,Q12809,compound,protein,1
54746,CPI,P48730,compound,protein,0
54746,CPI,Q99755,compound,protein,0
5475158,CPI,P28335,compound,protein,1
5475158,CPI,P07437,compound,protein,0
54764919,CPI,Q9H228,compound,protein,1
54764919,CPI,P10145,compound,protein,0
54766,CPI,P10635,compound,protein,1
5478883,CPI,O75496,compound,protein,1
5478883,CPI,P34903,compound,protein,0
5478883,CPI,P23975,compound,protein,0
5479,CPI,P30518,compound,protein,1
5479,CPI,P43681,compound,protein,1
5479,CPI,Q05586,compound,protein,0
5480230,CPI,P37288,compound,protein,0
54841,CPI,O15296,compound,protein,1
5487,CPI,P21728,compound,protein,1
5487,CPI,O60840,compound,protein,0
5487,CPI,Q16816,compound,protein,0
5487407,CPI,P27338,compound,protein,1
54892,CPI,P16499,compound,protein,1
54892,CPI,P23975,compound,protein,1
54892,CPI,P43681,compound,protein,1
54892,CPI,P46098,compound,protein,1
54892,CPI,Q9NYL2,compound,protein,0
54892,CPI,Q9BVS4,compound,protein,0
54897,CPI,P46663,compound,protein,1
54897,CPI,Q16620,compound,protein,0
54897,CPI,Q16288,compound,protein,0
54897,CPI,Q9UQL6,compound,protein,0
5494449,CPI,O00238,compound,protein,1
5494449,CPI,O60331,compound,protein,1
5494449,CPI,O75716,compound,protein,1
5494449,CPI,P14616,compound,protein,1
5494449,CPI,P30530,compound,protein,1
5494449,CPI,P35590,compound,protein,1
5494449,CPI,P42684,compound,protein,1
5494449,CPI,P42685,compound,protein,1
5494449,CPI,P45985,compound,protein,1
5494449,CPI,P53667,compound,protein,1
5494449,CPI,Q16816,compound,protein,1
5494449,CPI,Q59H18,compound,protein,1
5494449,CPI,Q8IW41,compound,protein,1
5494449,CPI,Q8TD19,compound,protein,1
5494449,CPI,Q96L34,compound,protein,1
5494449,CPI,Q5BJF2,compound,protein,0
5494449,CPI,Q92769,compound,protein,0
5494449,CPI,Q96RI1,compound,protein,0
5494449,CPI,P05121,compound,protein,0
5494449,CPI,P08588,compound,protein,0
5494449,CPI,P28335,compound,protein,0
5494449,CPI,P54284,compound,protein,0
5494449,CPI,P28566,compound,protein,0
5494449,CPI,P40225,compound,protein,0
5494449,CPI,P21728,compound,protein,0
5496659,CPI,P30411,compound,protein,0
5497183,CPI,P08172,compound,protein,0
5498067,CPI,Q12851,compound,protein,0
5501,CPI,P05177,compound,protein,1
5501,CPI,O75496,compound,protein,0
5503,CPI,P0DMS8,compound,protein,1
5503,CPI,P35367,compound,protein,1
5503,CPI,Q09428,compound,protein,1
5505,CPI,P08172,compound,protein,1
5505,CPI,P18089,compound,protein,1
5505,CPI,P21397,compound,protein,1
5505,CPI,Q14654,compound,protein,1
5505,CPI,P14616,compound,protein,0
5510,CPI,P07550,compound,protein,1
5510,CPI,P35354,compound,protein,1
5510,CPI,P41145,compound,protein,1
5510,CPI,P43681,compound,protein,1
55245,CPI,P25021,compound,protein,1
55245,CPI,Q14432,compound,protein,1
5526,CPI,P07550,compound,protein,1
5526,CPI,P14416,compound,protein,1
5526,CPI,P20309,compound,protein,1
5526,CPI,P19793,compound,protein,0
5531,CPI,Q9Y233,compound,protein,1
5531,CPI,P53671,compound,protein,0
5533,CPI,Q99755,compound,protein,0
5538,CPI,O00311,compound,protein,0
5538,CPI,O60331,compound,protein,0
5546,CPI,P21917,compound,protein,1
5546,CPI,P34969,compound,protein,1
5546,CPI,P46663,compound,protein,1
5560,CPI,P35218,compound,protein,1
5564,CPI,P22694,compound,protein,0
55652,CPI,P18089,compound,protein,0
5566,CPI,P20309,compound,protein,1
5566,CPI,P35462,compound,protein,1
5566,CPI,P43220,compound,protein,1
5566,CPI,P27695,compound,protein,0
5568,CPI,P08908,compound,protein,1
5574,CPI,Q12809,compound,protein,1
5576,CPI,P03372,compound,protein,1
5576,CPI,P11229,compound,protein,1
5576,CPI,P21554,compound,protein,1
5576,CPI,P30556,compound,protein,1
5576,CPI,Q9Y243,compound,protein,0
5576,CPI,O75475,compound,protein,0
5578,CPI,P08588,compound,protein,1
5578,CPI,P08908,compound,protein,1
5578,CPI,P41145,compound,protein,1
5578,CPI,Q08881,compound,protein,0
5584,CPI,Q00534,compound,protein,0
5587,CPI,Q14432,compound,protein,1
5587,CPI,Q92847,compound,protein,1
5587,CPI,P48729,compound,protein,0
5591,CPI,P20815,compound,protein,0
5601,CPI,O75460,compound,protein,0
5614,CPI,Q9Y2I1,compound,protein,0
5614,CPI,P30411,compound,protein,0
5626,CPI,P20309,compound,protein,0
564,CPI,P08172,compound,protein,1
564,CPI,P21397,compound,protein,1
564,CPI,P25929,compound,protein,1
564,CPI,P46663,compound,protein,0
564,CPI,P47871,compound,protein,0
56463,CPI,O00311,compound,protein,0
5650,CPI,P46721,compound,protein,0
5650,CPI,P30530,compound,protein,0
5656,CPI,Q8N752,compound,protein,0
5665,CPI,P80404,compound,protein,0
5666,CPI,P08172,compound,protein,1
5666,CPI,P14416,compound,protein,1
5666,CPI,P18089,compound,protein,1
5666,CPI,P21918,compound,protein,1
5666,CPI,Q8WTQ7,compound,protein,0
566661,CPI,Q02641,compound,protein,0
5667,CPI,Q9H093,compound,protein,0
5681,CPI,P16083,compound,protein,0
56835213,CPI,Q9UK32,compound,protein,0
5684,CPI,Q9H2X6,compound,protein,0
56846693,CPI,P00519,compound,protein,1
56846693,CPI,P17948,compound,protein,1
56846693,CPI,P23458,compound,protein,1
56846693,CPI,P33261,compound,protein,1
56846693,CPI,Q15759,compound,protein,1
56846693,CPI,Q9UM73,compound,protein,1
56846693,CPI,O95718,compound,protein,0
56959,CPI,P35590,compound,protein,0
56962336,CPI,P22607,compound,protein,0
56962337,CPI,P26358,compound,protein,1
56971,CPI,P42345,compound,protein,0
56973724,CPI,P33981,compound,protein,1
5701998,CPI,P10275,compound,protein,1
5702015,CPI,P41595,compound,protein,1
5702051,CPI,P03372,compound,protein,1
5702051,CPI,P23975,compound,protein,0
5702068,CPI,Q8NI60,compound,protein,0
5702074,CPI,P28482,compound,protein,0
5702077,CPI,P11511,compound,protein,1
5702080,CPI,P06401,compound,protein,1
5702081,CPI,O95718,compound,protein,1
5702081,CPI,P18089,compound,protein,0
5702094,CPI,P06401,compound,protein,1
5702096,CPI,P05771,compound,protein,0
5702106,CPI,P04070,compound,protein,0
5702108,CPI,P41145,compound,protein,0
5702124,CPI,P05771,compound,protein,0
5702125,CPI,Q13153,compound,protein,0
5702127,CPI,Q969S8,compound,protein,0
5702134,CPI,P23975,compound,protein,0
5702135,CPI,P52333,compound,protein,0
5702140,CPI,P35462,compound,protein,1
5702164,CPI,Q9P0L2,compound,protein,0
5702174,CPI,P05177,compound,protein,0
5702174,CPI,P00813,compound,protein,0
5702233,CPI,Q07343,compound,protein,0
5702239,CPI,P41143,compound,protein,1
5702239,CPI,P41145,compound,protein,1
5702265,CPI,P05121,compound,protein,1
5702265,CPI,Q12791,compound,protein,1
57030,CPI,P00374,compound,protein,1
5703330,CPI,Q15375,compound,protein,0
5707,CPI,Q9NR56,compound,protein,0
5707818,CPI,Q13233,compound,protein,0
5707818,CPI,Q9Y2H1,compound,protein,0
5711,CPI,O15111,compound,protein,1
5711,CPI,P16234,compound,protein,1
5711,CPI,P17948,compound,protein,1
5711,CPI,P45983,compound,protein,1
5711,CPI,P50613,compound,protein,1
5711,CPI,P51617,compound,protein,1
5711,CPI,Q07912,compound,protein,1
5711,CPI,Q14680,compound,protein,1
5711,CPI,Q9HC98,compound,protein,0
5711,CPI,Q13177,compound,protein,0
5711,CPI,P25929,compound,protein,0
5711,CPI,Q16665,compound,protein,0
5717,CPI,O43193,compound,protein,1
5717,CPI,O76074,compound,protein,0
5717,CPI,Q9Y463,compound,protein,0
5717,CPI,P51955,compound,protein,0
5717719,CPI,P21728,compound,protein,0
5719,CPI,P21728,compound,protein,1
5719,CPI,P28223,compound,protein,1
5720,CPI,P35354,compound,protein,1
5722,CPI,O75604,compound,protein,1
5722,CPI,O43570,compound,protein,0
5722,CPI,P54764,compound,protein,0
5723,CPI,P43220,compound,protein,1
5723,CPI,Q07343,compound,protein,1
57267,CPI,P00533,compound,protein,0
57267,CPI,Q9Y6M4,compound,protein,0
5732,CPI,P14867,compound,protein,1
5732,CPI,P19793,compound,protein,0
57339144,CPI,P27361,compound,protein,0
5734,CPI,O43570,compound,protein,1
5734,CPI,P00918,compound,protein,1
5734,CPI,P18089,compound,protein,1
5734,CPI,P18507,compound,protein,1
5734,CPI,P22748,compound,protein,1
5734,CPI,P25929,compound,protein,1
5734,CPI,P30542,compound,protein,1
5734,CPI,P31645,compound,protein,1
5734,CPI,P41145,compound,protein,1
5734,CPI,P41595,compound,protein,1
5734,CPI,Q04759,compound,protein,0
5734,CPI,O15264,compound,protein,0
5734,CPI,Q8NER1,compound,protein,0
57363,CPI,P41143,compound,protein,1
57363,CPI,Q13873,compound,protein,0
57369718,CPI,Q8TD08,compound,protein,0
57379345,CPI,P08922,compound,protein,1
57379345,CPI,Q13470,compound,protein,1
57379345,CPI,P19838,compound,protein,0
5738263,CPI,Q04637,compound,protein,1
5738263,CPI,Q9UNA4,compound,protein,1
5742673,CPI,P41743,compound,protein,0
5742832,CPI,P00533,compound,protein,0
5742832,CPI,P35968,compound,protein,0
5743,CPI,P04054,compound,protein,1
5743,CPI,O75496,compound,protein,0
5743,CPI,Q15831,compound,protein,0
5745,CPI,P08172,compound,protein,1
5745,CPI,Q2M2I8,compound,protein,0
57469,CPI,P36639,compound,protein,1
57469,CPI,Q92847,compound,protein,1
5748555,CPI,Q16665,compound,protein,1
57519518,CPI,P31639,compound,protein,1
57519544,CPI,Q16637,compound,protein,0
5753,CPI,P25021,compound,protein,0
5754137,CPI,P05177,compound,protein,0
5756,CPI,P08185,compound,protein,1
5757,CPI,Q9UNQ0,compound,protein,0
5757,CPI,O95180,compound,protein,0
5757,CPI,O60840,compound,protein,0
5757,CPI,Q9C098,compound,protein,0
5770,CPI,P25929,compound,protein,1
5770,CPI,P39748,compound,protein,1
5770,CPI,Q14432,compound,protein,1
57748689,CPI,Q9NWZ3,compound,protein,0
5790,CPI,O75496,compound,protein,1
5790,CPI,Q16637,compound,protein,1
5803,CPI,P19793,compound,protein,1
5803,CPI,Q99755,compound,protein,0
58144,CPI,Q8N568,compound,protein,0
58144,CPI,Q15303,compound,protein,0
5816,CPI,P25100,compound,protein,1
5816,CPI,O43353,compound,protein,0
5819,CPI,Q9Y6L6,compound,protein,1
5832,CPI,Q16637,compound,protein,0
5833,CPI,Q13936,compound,protein,1
58423153,CPI,P53355,compound,protein,1
5850,CPI,O14757,compound,protein,0
5865,CPI,P21917,compound,protein,1
5865,CPI,P51449,compound,protein,1
5865,CPI,Q96SB4,compound,protein,0
5870,CPI,Q96KQ7,compound,protein,0
5878,CPI,P54764,compound,protein,0
5881,CPI,P03372,compound,protein,1
5881,CPI,Q99720,compound,protein,1
5881,CPI,P06401,compound,protein,0
5881,CPI,Q8NI60,compound,protein,0
5881,CPI,P08172,compound,protein,0
5893,CPI,P04035,compound,protein,1
5893,CPI,P51956,compound,protein,0
5893,CPI,Q13164,compound,protein,0
5901,CPI,Q16637,compound,protein,1
5901,CPI,P29274,compound,protein,0
5901,CPI,P49760,compound,protein,0
5901,CPI,P78368,compound,protein,0
5904,CPI,P28223,compound,protein,1
5904,CPI,P43681,compound,protein,1
5904,CPI,Q9Y5N1,compound,protein,1
5904,CPI,Q9HBH9,compound,protein,0
5904,CPI,P16050,compound,protein,0
5904441,CPI,P11229,compound,protein,0
5906,CPI,P08172,compound,protein,1
5906,CPI,P35367,compound,protein,1
5908088,CPI,Q9Y2T6,compound,protein,0
5908088,CPI,P20815,compound,protein,0
5910,CPI,P35367,compound,protein,1
5917,CPI,P21917,compound,protein,0
59174488,CPI,P33261,compound,protein,0
5920,CPI,P18825,compound,protein,1
5920,CPI,Q96BD0,compound,protein,1
5920,CPI,Q9UBS5,compound,protein,1
5920,CPI,O14757,compound,protein,0
59227,CPI,P08908,compound,protein,1
59227,CPI,P35462,compound,protein,1
5944,CPI,O75496,compound,protein,1
59472121,CPI,P80192,compound,protein,1
59473233,CPI,P51955,compound,protein,0
5958,CPI,Q9UEE5,compound,protein,0
5959,CPI,Q9NUW8,compound,protein,1
59603622,CPI,Q00535,compound,protein,0
5962587,CPI,Q99700,compound,protein,0
596344,CPI,Q9UN88,compound,protein,0
5966,CPI,O14920,compound,protein,0
59671085,CPI,P33527,compound,protein,0
59693,CPI,Q9UBS5,compound,protein,0
5974189,CPI,O75676,compound,protein,0
5978,CPI,P02545,compound,protein,1
598,CPI,P48730,compound,protein,0
598,CPI,Q9Y6R4,compound,protein,0
5983,CPI,Q59H18,compound,protein,0
5983,CPI,P07900,compound,protein,0
5991,CPI,Q01959,compound,protein,1
5991,CPI,Q92731,compound,protein,1
5991,CPI,Q9Y468,compound,protein,0
5994,CPI,P08172,compound,protein,1
5994,CPI,P08908,compound,protein,1
5995,CPI,O75496,compound,protein,1
5995,CPI,Q92830,compound,protein,0
6000,CPI,P08235,compound,protein,0
6001,CPI,P51151,compound,protein,1
6005,CPI,P0DMS8,compound,protein,1
6005,CPI,P35462,compound,protein,1
6010,CPI,P04278,compound,protein,1
60138149,CPI,P53667,compound,protein,1
60138149,CPI,Q9H3N8,compound,protein,0
60138149,CPI,O43497,compound,protein,0
60148439,CPI,Q15375,compound,protein,0
60149,CPI,P18089,compound,protein,1
60149,CPI,P22460,compound,protein,1
60149,CPI,P35462,compound,protein,1
60149,CPI,P41145,compound,protein,1
60149,CPI,P41595,compound,protein,1
60149,CPI,P51151,compound,protein,0
60160561,CPI,Q9NUW8,compound,protein,0
60184847,CPI,Q06710,compound,protein,1
60184847,CPI,P36896,compound,protein,0
60185024,CPI,P30291,compound,protein,0
60185196,CPI,Q99683,compound,protein,0
60198,CPI,P07550,compound,protein,1
6024,CPI,Q4U2R8,compound,protein,1
6024,CPI,Q9GZU7,compound,protein,1
602897,CPI,Q9HC16,compound,protein,1
6032,CPI,O43193,compound,protein,1
6032,CPI,P31645,compound,protein,1
6032,CPI,Q86YV6,compound,protein,0
6032,CPI,Q8TD08,compound,protein,0
6041,CPI,P23415,compound,protein,0
6041,CPI,P48736,compound,protein,0
6041,CPI,P14859,compound,protein,0
6047,CPI,O75874,compound,protein,0
6047,CPI,Q13153,compound,protein,0
6049,CPI,P07550,compound,protein,1
6049,CPI,P08588,compound,protein,1
6049,CPI,P08908,compound,protein,1
6049,CPI,P21728,compound,protein,1
6049,CPI,P11308,compound,protein,0
60490,CPI,P51151,compound,protein,0
60511,CPI,P54753,compound,protein,0
60511,CPI,Q13043,compound,protein,0
60602,CPI,P25100,compound,protein,1
60602,CPI,P50406,compound,protein,1
60602,CPI,P54619,compound,protein,0
60602,CPI,P25103,compound,protein,0
60606,CPI,P08912,compound,protein,1
60606,CPI,P51449,compound,protein,0
60606,CPI,P08581,compound,protein,0
60663,CPI,Q02641,compound,protein,1
60663,CPI,P41143,compound,protein,0
60663,CPI,P35869,compound,protein,0
60700,CPI,P43115,compound,protein,0
60703,CPI,P33261,compound,protein,0
6075,CPI,P18089,compound,protein,1
60750,CPI,O75747,compound,protein,0
60753,CPI,Q9NS40,compound,protein,1
6077,CPI,P10635,compound,protein,1
6077,CPI,Q6DT37,compound,protein,0
60773,CPI,P08172,compound,protein,1
60785,CPI,P37231,compound,protein,0
60795,CPI,P07305,compound,protein,1
60795,CPI,P17252,compound,protein,1
60795,CPI,P18089,compound,protein,1
60825,CPI,P21917,compound,protein,1
60825,CPI,P07900,compound,protein,0
6083,CPI,P12931,compound,protein,1
6083,CPI,Q07343,compound,protein,1
6083,CPI,Q08828,compound,protein,1
6083,CPI,Q96KQ7,compound,protein,1
60838,CPI,P21397,compound,protein,0
60838,CPI,P32245,compound,protein,0
60843,CPI,P24557,compound,protein,0
60857,CPI,P27695,compound,protein,1
60859,CPI,Q9NUW8,compound,protein,1
6091659,CPI,P04626,compound,protein,1
6091659,CPI,Q9NWZ3,compound,protein,0
6091659,CPI,Q96PD7,compound,protein,0
60923,CPI,P10635,compound,protein,1
60923,CPI,Q9P2K8,compound,protein,0
6093,CPI,P00533,compound,protein,0
6093,CPI,Q15375,compound,protein,0
6093397,CPI,P31645,compound,protein,1
60947,CPI,P11229,compound,protein,1
60961,CPI,O00337,compound,protein,1
60961,CPI,P14625,compound,protein,1
60961,CPI,Q16637,compound,protein,1
6103,CPI,Q9H2S1,compound,protein,1
6127,CPI,P21860,compound,protein,0
6127,CPI,Q04828,compound,protein,0
6128,CPI,P00352,compound,protein,1
6128,CPI,P06276,compound,protein,1
6128,CPI,Q13554,compound,protein,0
6128,CPI,O75582,compound,protein,0
6166,CPI,P08185,compound,protein,1
6167,CPI,P11309,compound,protein,1
6167,CPI,P51151,compound,protein,1
6167,CPI,O43353,compound,protein,0
6173479,CPI,Q99755,compound,protein,0
6175,CPI,P09884,compound,protein,1
6175,CPI,Q00536,compound,protein,0
6185,CPI,Q16665,compound,protein,1
6194,CPI,Q8N752,compound,protein,0
6197,CPI,P04150,compound,protein,1
6197,CPI,P27695,compound,protein,1
6197,CPI,Q03181,compound,protein,1
6197,CPI,Q9UBS5,compound,protein,0
6202912,CPI,P16083,compound,protein,0
6202912,CPI,P25089,compound,protein,0
6212,CPI,P04626,compound,protein,0
6212,CPI,P10721,compound,protein,0
6215,CPI,P04150,compound,protein,1
6230,CPI,P21728,compound,protein,1
6230,CPI,P21731,compound,protein,1
6230,CPI,Q96KQ7,compound,protein,0
6230,CPI,P27361,compound,protein,0
6230,CPI,O94806,compound,protein,0
6230,CPI,P15735,compound,protein,0
6231,CPI,P10275,compound,protein,1
6234,CPI,Q96KQ7,compound,protein,1
62389,CPI,P23975,compound,protein,0
6249,CPI,P02545,compound,protein,0
6253,CPI,P41145,compound,protein,1
6253,CPI,O00444,compound,protein,0
6253,CPI,Q86UX6,compound,protein,0
6253,CPI,Q03164,compound,protein,0
6256,CPI,P03372,compound,protein,1
6256,CPI,P32238,compound,protein,1
6256,CPI,P41145,compound,protein,1
6256,CPI,P43220,compound,protein,1
6256,CPI,Q9NUW8,compound,protein,1
6256,CPI,O00329,compound,protein,0
6256,CPI,Q99700,compound,protein,0
6274486,CPI,Q92918,compound,protein,0
6274486,CPI,Q00535,compound,protein,0
62824,CPI,Q8IY84,compound,protein,0
62887,CPI,P08172,compound,protein,1
62887,CPI,P43681,compound,protein,1
62887,CPI,Q9UGM1,compound,protein,1
62887,CPI,P51955,compound,protein,0
6291,CPI,P21731,compound,protein,1
6291,CPI,P0DP23,compound,protein,0
6293,CPI,Q9H4B4,compound,protein,0
629852,CPI,P21802,compound,protein,0
6305,CPI,Q9Y263,compound,protein,1
6305,CPI,P00374,compound,protein,0
6307,CPI,P28223,compound,protein,1
6307,CPI,P35916,compound,protein,0
6307,CPI,Q02156,compound,protein,0
63112,CPI,P09874,compound,protein,1
63112,CPI,P00915,compound,protein,0
6321411,CPI,O95398,compound,protein,1
6321411,CPI,P14416,compound,protein,1
6321411,CPI,P21397,compound,protein,1
6321411,CPI,P30411,compound,protein,1
6321411,CPI,P31645,compound,protein,1
6321411,CPI,P46059,compound,protein,1
6321411,CPI,Q9Y468,compound,protein,1
6321411,CPI,P31152,compound,protein,0
6324671,CPI,P16234,compound,protein,0
6364620,CPI,Q9UPE1,compound,protein,0
637542,CPI,Q92731,compound,protein,1
637542,CPI,Q5BJF2,compound,protein,0
637542,CPI,P01215,compound,protein,0
637566,CPI,P11473,compound,protein,1
637566,CPI,O60285,compound,protein,0
637858,CPI,O75496,compound,protein,1
637858,CPI,P51151,compound,protein,1
637858,CPI,Q06710,compound,protein,1
637858,CPI,Q99700,compound,protein,1
638024,CPI,O75469,compound,protein,1
638024,CPI,Q02127,compound,protein,1
638024,CPI,Q16566,compound,protein,0
638278,CPI,P27695,compound,protein,1
638278,CPI,Q92731,compound,protein,1
638278,CPI,Q96QE3,compound,protein,1
638278,CPI,O75914,compound,protein,0
639665,CPI,P03372,compound,protein,0
6399253,CPI,P18825,compound,protein,1
6399253,CPI,P41143,compound,protein,1
6399253,CPI,P41145,compound,protein,1
6399253,CPI,Q9H4B4,compound,protein,0
6399253,CPI,Q00526,compound,protein,0
6404603,CPI,P30556,compound,protein,0
6410758,CPI,P54803,compound,protein,0
64139,CPI,P08172,compound,protein,1
64139,CPI,Q00537,compound,protein,0
64139,CPI,P43403,compound,protein,0
6419747,CPI,P04629,compound,protein,1
6419747,CPI,P11473,compound,protein,0
6419755,CPI,P05771,compound,protein,1
6419755,CPI,P52333,compound,protein,1
6419755,CPI,P30939,compound,protein,0
6422124,CPI,P51151,compound,protein,1
6433119,CPI,P35228,compound,protein,0
6435415,CPI,Q9Y463,compound,protein,0
6435901,CPI,P27695,compound,protein,1
6435901,CPI,P36894,compound,protein,0
6436,CPI,Q16665,compound,protein,1
643606,CPI,P18825,compound,protein,1
643606,CPI,Q13188,compound,protein,0
6438629,CPI,P23458,compound,protein,0
6440033,CPI,Q15418,compound,protein,0
644030,CPI,P62508,compound,protein,1
644076,CPI,P37288,compound,protein,1
644213,CPI,P35968,compound,protein,0
644215,CPI,P11274,compound,protein,0
644215,CPI,Q9UHD2,compound,protein,0
644241,CPI,O15197,compound,protein,1
644241,CPI,P21709,compound,protein,1
644241,CPI,P36896,compound,protein,1
644241,CPI,P42338,compound,protein,1
644241,CPI,Q04771,compound,protein,1
644241,CPI,Q04912,compound,protein,1
644241,CPI,Q15835,compound,protein,1
644241,CPI,Q6ZN16,compound,protein,1
644241,CPI,Q86UX6,compound,protein,1
644241,CPI,Q8N568,compound,protein,1
644241,CPI,Q9NQU5,compound,protein,1
644241,CPI,Q9UEW8,compound,protein,1
644241,CPI,P13631,compound,protein,0
644241,CPI,P01215,compound,protein,0
644241,CPI,O75496,compound,protein,0
644241,CPI,Q06710,compound,protein,0
644241,CPI,P06276,compound,protein,0
644241,CPI,Q99714,compound,protein,0
6443013,CPI,O94804,compound,protein,0
644354,CPI,O76074,compound,protein,0
6445533,CPI,Q9UQL6,compound,protein,1
6445533,CPI,Q13526,compound,protein,0
6445533,CPI,Q8TCU5,compound,protein,0
6445540,CPI,P21728,compound,protein,0
6445562,CPI,O94921,compound,protein,1
6445562,CPI,P06239,compound,protein,1
6445562,CPI,P09769,compound,protein,1
6445562,CPI,P12931,compound,protein,1
6445562,CPI,P45984,compound,protein,1
6445562,CPI,Q02156,compound,protein,1
6445562,CPI,Q16566,compound,protein,1
6445562,CPI,Q16832,compound,protein,1
6445562,CPI,Q9P2K8,compound,protein,1
6445562,CPI,Q9UF33,compound,protein,1
6445562,CPI,Q9UQ88,compound,protein,1
6445562,CPI,P00915,compound,protein,0
6445562,CPI,P08912,compound,protein,0
6445562,CPI,Q14994,compound,protein,0
6445562,CPI,P15428,compound,protein,0
6445562,CPI,O15296,compound,protein,0
6445562,CPI,P51957,compound,protein,0
6445562,CPI,Q9UNA4,compound,protein,0
6445562,CPI,P0C264,compound,protein,0
6445562,CPI,Q99808,compound,protein,0
6445562,CPI,P41143,compound,protein,0
6446,CPI,O43193,compound,protein,1
6446,CPI,P21731,compound,protein,1
6450278,CPI,P21917,compound,protein,0
6450546,CPI,Q13304,compound,protein,1
6450546,CPI,P11021,compound,protein,0
6450551,CPI,O75716,compound,protein,1
6450551,CPI,P06213,compound,protein,1
6450551,CPI,P21127,compound,protein,1
6450551,CPI,P21860,compound,protein,1
6450551,CPI,P35354,compound,protein,1
6450551,CPI,P42679,compound,protein,1
6450551,CPI,P45983,compound,protein,1
6450551,CPI,P49840,compound,protein,1
6450551,CPI,Q02779,compound,protein,1
6450551,CPI,Q13043,compound,protein,1
6450551,CPI,Q13873,compound,protein,1
6450551,CPI,Q14289,compound,protein,1
6450551,CPI,Q15349,compound,protein,1
6450551,CPI,Q8IWQ3,compound,protein,1
6450551,CPI,Q9BRS2,compound,protein,1
6450551,CPI,Q9H4B4,compound,protein,1
6450551,CPI,Q9NRH2,compound,protein,1
6450551,CPI,Q9UK32,compound,protein,1
6450551,CPI,Q9Y4K4,compound,protein,1
6450551,CPI,P84022,compound,protein,0
6450551,CPI,P28221,compound,protein,0
6450551,CPI,P30411,compound,protein,0
6450551,CPI,P10636,compound,protein,0
6450551,CPI,P04278,compound,protein,0
6450551,CPI,P16050,compound,protein,0
6450551,CPI,Q9HBY8,compound,protein,0
6450551,CPI,P24557,compound,protein,0
6450551,CPI,Q16678,compound,protein,0
6450551,CPI,Q96RI1,compound,protein,0
6451149,CPI,Q9P1W9,compound,protein,0
6451149,CPI,P16152,compound,protein,0
64650,CPI,Q9NRM7,compound,protein,0
6466,CPI,Q9UL54,compound,protein,0
6466,CPI,O95382,compound,protein,0
64715,CPI,Q04759,compound,protein,0
6473866,CPI,P08913,compound,protein,1
6473866,CPI,P34969,compound,protein,1
6473866,CPI,P42345,compound,protein,1
6473866,CPI,Q14432,compound,protein,1
6473866,CPI,Q8TD19,compound,protein,0
6473881,CPI,P18089,compound,protein,0
64945,CPI,P08842,compound,protein,1
64945,CPI,O94806,compound,protein,0
64971,CPI,P18031,compound,protein,1
64983,CPI,P43220,compound,protein,1
65015,CPI,P14618,compound,protein,0
65016,CPI,P35367,compound,protein,1
65016,CPI,Q99808,compound,protein,1
650361,CPI,P46098,compound,protein,0
650361,CPI,Q9Y2K2,compound,protein,0
65064,CPI,Q08881,compound,protein,0
65064,CPI,O94921,compound,protein,0
65064,CPI,P16499,compound,protein,0
650899,CPI,P18825,compound,protein,0
6519698,CPI,Q9H3R0,compound,protein,1
65351,CPI,P27448,compound,protein,0
653676,CPI,Q8WU08,compound,protein,0
653676,CPI,P21917,compound,protein,0
65399,CPI,P31749,compound,protein,1
6540825,CPI,P03372,compound,protein,1
65457,CPI,Q02763,compound,protein,0
655278,CPI,P53350,compound,protein,1
65628,CPI,Q969S8,compound,protein,1
65663,CPI,P17655,compound,protein,1
656717,CPI,Q13873,compound,protein,0
656767,CPI,Q13523,compound,protein,0
656767,CPI,Q13177,compound,protein,0
65681,CPI,P28223,compound,protein,0
657237,CPI,P20309,compound,protein,0
657309,CPI,P08912,compound,protein,1
657380,CPI,O43193,compound,protein,0
658169,CPI,Q00532,compound,protein,0
658169,CPI,Q04759,compound,protein,0
65856,CPI,P28221,compound,protein,1
65856,CPI,O75716,compound,protein,0
65863,CPI,P35462,compound,protein,1
65906,CPI,P28335,compound,protein,1
65909,CPI,P0DP23,compound,protein,1
659101,CPI,O94782,compound,protein,0
659101,CPI,Q9HCP0,compound,protein,0
65937,CPI,Q92769,compound,protein,0
65957,CPI,P21397,compound,protein,1
65957,CPI,Q01959,compound,protein,1
6597,CPI,P10828,compound,protein,1
65999,CPI,O75604,compound,protein,1
65999,CPI,P23415,compound,protein,1
65999,CPI,P32238,compound,protein,1
65999,CPI,Q08499,compound,protein,1
6603728,CPI,Q8TD08,compound,protein,0
6603797,CPI,Q99714,compound,protein,1
6603797,CPI,P08684,compound,protein,0
6603798,CPI,P28482,compound,protein,1
6603827,CPI,P31645,compound,protein,0
6603897,CPI,P21728,compound,protein,1
6603897,CPI,P41595,compound,protein,0
6603901,CPI,P11712,compound,protein,1
6603901,CPI,Q04912,compound,protein,0
6604009,CPI,Q9UBF8,compound,protein,0
6604200,CPI,P29274,compound,protein,1
6604200,CPI,Q01959,compound,protein,1
6604200,CPI,P11802,compound,protein,0
6604200,CPI,O15244,compound,protein,0
6604200,CPI,Q12852,compound,protein,0
6604200,CPI,P51617,compound,protein,0
6604381,CPI,P19838,compound,protein,1
6604446,CPI,Q6XUX3,compound,protein,0
6604453,CPI,P00918,compound,protein,1
6604653,CPI,P53779,compound,protein,0
6604653,CPI,P12931,compound,protein,0
6604653,CPI,Q32MK0,compound,protein,0
6604724,CPI,Q8IUX4,compound,protein,0
6604756,CPI,P14416,compound,protein,1
6604756,CPI,O94921,compound,protein,0
6604779,CPI,P13945,compound,protein,1
6604780,CPI,O94768,compound,protein,0
6604789,CPI,P08588,compound,protein,1
6604789,CPI,Q13639,compound,protein,1
6604789,CPI,P30939,compound,protein,0
6604822,CPI,P21554,compound,protein,1
6604889,CPI,P28221,compound,protein,1
6604889,CPI,P21802,compound,protein,0
6604889,CPI,O43570,compound,protein,0
6604909,CPI,P33261,compound,protein,1
6604926,CPI,P33261,compound,protein,1
6604926,CPI,P35354,compound,protein,0
6604928,CPI,Q01959,compound,protein,1
6604931,CPI,P10636,compound,protein,1
6604933,CPI,O15296,compound,protein,1
6604933,CPI,P21728,compound,protein,0
6610303,CPI,P11473,compound,protein,1
6610303,CPI,P11229,compound,protein,0
6610313,CPI,P08173,compound,protein,0
6610344,CPI,O43306,compound,protein,1
6610344,CPI,Q9UN88,compound,protein,0
6610344,CPI,O43283,compound,protein,0
6610347,CPI,Q15746,compound,protein,0
6610350,CPI,Q04771,compound,protein,0
6610353,CPI,Q04759,compound,protein,1
6610353,CPI,Q9HAZ1,compound,protein,0
662619,CPI,P18089,compound,protein,0
662944,CPI,P78362,compound,protein,0
663281,CPI,Q9UPZ9,compound,protein,0
66377,CPI,P27695,compound,protein,1
664331,CPI,P51570,compound,protein,1
665013,CPI,P01215,compound,protein,1
665013,CPI,P11473,compound,protein,1
665013,CPI,Q99714,compound,protein,1
665013,CPI,Q9UIK4,compound,protein,0
665093,CPI,Q9UF33,compound,protein,0
66524294,CPI,Q13163,compound,protein,1
665449,CPI,P17861,compound,protein,1
665449,CPI,P51617,compound,protein,0
665654,CPI,O75496,compound,protein,0
665654,CPI,O75469,compound,protein,0
66577038,CPI,P21802,compound,protein,1
66577038,CPI,P22607,compound,protein,1
66577038,CPI,Q01668,compound,protein,0
66577038,CPI,O60331,compound,protein,0
666410,CPI,Q16236,compound,protein,1
66654,CPI,Q9P289,compound,protein,0
6674,CPI,Q8IVH8,compound,protein,0
667466,CPI,P05177,compound,protein,1
667466,CPI,P25774,compound,protein,0
667468,CPI,P16499,compound,protein,1
667468,CPI,P34969,compound,protein,1
667468,CPI,Q9Y463,compound,protein,0
667468,CPI,P83916,compound,protein,0
667476,CPI,O14976,compound,protein,0
667484,CPI,P41968,compound,protein,1
667511,CPI,P35372,compound,protein,1
667528,CPI,O96013,compound,protein,0
6675804,CPI,Q01668,compound,protein,0
667601,CPI,P00352,compound,protein,1
667601,CPI,P16473,compound,protein,1
667601,CPI,P15121,compound,protein,0
67077825,CPI,P51449,compound,protein,0
6708482,CPI,Q96QE3,compound,protein,0
6708720,CPI,Q15822,compound,protein,1
6708720,CPI,P78368,compound,protein,0
6708778,CPI,P0DMS8,compound,protein,0
6708815,CPI,Q9P1W9,compound,protein,0
6710621,CPI,Q8TDC3,compound,protein,0
6710621,CPI,Q56UN5,compound,protein,0
6710628,CPI,Q9H1R3,compound,protein,0
6710657,CPI,Q9H4B7,compound,protein,0
6710658,CPI,P01215,compound,protein,0
6710690,CPI,O43451,compound,protein,1
6710733,CPI,Q15139,compound,protein,0
6710741,CPI,P21728,compound,protein,0
6710755,CPI,P04818,compound,protein,1
6710755,CPI,Q9UBF8,compound,protein,0
6710780,CPI,Q9UM73,compound,protein,0
6710780,CPI,P19838,compound,protein,0
6713942,CPI,P18089,compound,protein,0
6713942,CPI,O43781,compound,protein,0
6713947,CPI,P46098,compound,protein,1
6713978,CPI,P08908,compound,protein,0
6713978,CPI,Q13547,compound,protein,0
6714003,CPI,O15530,compound,protein,0
6714010,CPI,P08069,compound,protein,0
6726,CPI,P28335,compound,protein,1
6728942,CPI,Q9P289,compound,protein,0
673465,CPI,P08172,compound,protein,0
67377767,CPI,Q9P0L2,compound,protein,0
67475270,CPI,P04049,compound,protein,0
67505836,CPI,Q96QE3,compound,protein,0
6758,CPI,P12931,compound,protein,0
6758,CPI,P35368,compound,protein,0
6759,CPI,Q969G6,compound,protein,1
676288,CPI,P07550,compound,protein,0
676292,CPI,Q9NYY3,compound,protein,0
676292,CPI,O95747,compound,protein,0
6769,CPI,Q96KQ7,compound,protein,1
6769,CPI,Q96QE3,compound,protein,1
6769,CPI,P0C1S8,compound,protein,0
6803,CPI,Q14994,compound,protein,0
6803,CPI,P21709,compound,protein,0
680501,CPI,P10636,compound,protein,1
680501,CPI,Q8IY84,compound,protein,0
680501,CPI,Q9Y243,compound,protein,0
68093,CPI,P28482,compound,protein,1
681,CPI,P00441,compound,protein,1
681,CPI,P08908,compound,protein,1
681,CPI,P08581,compound,protein,0
681,CPI,Q16659,compound,protein,0
681,CPI,P41968,compound,protein,0
68184482,CPI,Q8TD08,compound,protein,0
68186,CPI,P11712,compound,protein,0
68186,CPI,P51449,compound,protein,0
68296,CPI,Q86V86,compound,protein,0
6839,CPI,Q99808,compound,protein,1
6839,CPI,P28566,compound,protein,0
6843,CPI,P08172,compound,protein,0
68602,CPI,P35368,compound,protein,1
68602,CPI,P21917,compound,protein,0
68602,CPI,P19525,compound,protein,0
68617,CPI,Q01959,compound,protein,1
68791,CPI,P27448,compound,protein,0
68802,CPI,O75716,compound,protein,0
688020,CPI,P07333,compound,protein,0
688020,CPI,Q6W5P4,compound,protein,0
6883,CPI,P24941,compound,protein,0
688666,CPI,P35354,compound,protein,0
688666,CPI,Q9BY41,compound,protein,0
68873,CPI,P08235,compound,protein,1
689043,CPI,P30556,compound,protein,1
689043,CPI,Q12809,compound,protein,1
6914273,CPI,P11229,compound,protein,1
6914273,CPI,Q92847,compound,protein,1
6914657,CPI,P33261,compound,protein,1
6914657,CPI,P43490,compound,protein,1
6917960,CPI,Q16288,compound,protein,0
6918155,CPI,P08913,compound,protein,1
6918305,CPI,Q96KQ7,compound,protein,1
6918305,CPI,Q16513,compound,protein,0
6918314,CPI,Q01959,compound,protein,1
6918324,CPI,O75582,compound,protein,0
6918324,CPI,P57058,compound,protein,0
6918454,CPI,O00238,compound,protein,1
6918454,CPI,P23443,compound,protein,1
6918454,CPI,P49760,compound,protein,1
6918454,CPI,P51955,compound,protein,1
6918454,CPI,P78362,compound,protein,1
6918454,CPI,Q12852,compound,protein,1
6918454,CPI,Q13555,compound,protein,1
6918454,CPI,Q96NX5,compound,protein,1
6918454,CPI,Q9H2X6,compound,protein,1
6918454,CPI,Q9BYF1,compound,protein,0
6918454,CPI,Q16236,compound,protein,0
6918454,CPI,P50406,compound,protein,0
6918454,CPI,Q03164,compound,protein,0
6918454,CPI,P18825,compound,protein,0
6918454,CPI,Q99700,compound,protein,0
6918454,CPI,Q96RI1,compound,protein,0
6918454,CPI,Q01453,compound,protein,0
6918454,CPI,P30556,compound,protein,0
6918454,CPI,P43166,compound,protein,0
6918454,CPI,Q16790,compound,protein,0
6918493,CPI,Q14524,compound,protein,0
6918508,CPI,O75496,compound,protein,1
6918537,CPI,P16499,compound,protein,1
6918537,CPI,P41595,compound,protein,1
6918537,CPI,Q9UBS5,compound,protein,1
6918537,CPI,Q9NRP7,compound,protein,0
6918638,CPI,P21917,compound,protein,1
6918638,CPI,P24530,compound,protein,1
6918638,CPI,Q12797,compound,protein,1
6918638,CPI,Q9UBS5,compound,protein,1
6918638,CPI,Q9UQL6,compound,protein,1
6918638,CPI,Q9UIK4,compound,protein,0
6918736,CPI,O60840,compound,protein,0
6918837,CPI,Q96DB2,compound,protein,1
6918837,CPI,Q9H3N8,compound,protein,0
6918852,CPI,P22607,compound,protein,1
6918852,CPI,P29320,compound,protein,1
6918852,CPI,P31152,compound,protein,1
6918852,CPI,P42338,compound,protein,1
6918852,CPI,P50750,compound,protein,1
6918852,CPI,P51812,compound,protein,1
6918852,CPI,P51957,compound,protein,1
6918852,CPI,Q00535,compound,protein,1
6918852,CPI,Q00536,compound,protein,1
6918852,CPI,Q14164,compound,protein,1
6918852,CPI,Q9H3Y6,compound,protein,1
6918852,CPI,Q13526,compound,protein,0
6918852,CPI,P10635,compound,protein,0
6918852,CPI,P37288,compound,protein,0
6918852,CPI,P11473,compound,protein,0
6918852,CPI,P10275,compound,protein,0
6918852,CPI,P04150,compound,protein,0
6918852,CPI,P10636,compound,protein,0
6918852,CPI,P27695,compound,protein,0
6918852,CPI,P11021,compound,protein,0
6918852,CPI,Q16665,compound,protein,0
6918878,CPI,Q9UBN7,compound,protein,1
6918878,CPI,P41595,compound,protein,0
6918878,CPI,Q13526,compound,protein,0
6927363,CPI,P80365,compound,protein,1
6927363,CPI,P25929,compound,protein,0
698942,CPI,P05186,compound,protein,1
701939,CPI,Q6W5P4,compound,protein,1
701939,CPI,P14867,compound,protein,0
702558,CPI,P33261,compound,protein,1
7028,CPI,P14618,compound,protein,1
7028,CPI,P15336,compound,protein,1
7028,CPI,P28223,compound,protein,1
7028,CPI,O14757,compound,protein,0
7029,CPI,P21802,compound,protein,0
7029,CPI,Q13148,compound,protein,0
704205,CPI,O75164,compound,protein,1
704205,CPI,Q9UGI6,compound,protein,0
704205,CPI,P23975,compound,protein,0
7048568,CPI,Q92769,compound,protein,1
7048568,CPI,P16473,compound,protein,0
7048591,CPI,P10275,compound,protein,1
7048624,CPI,P40933,compound,protein,1
7048664,CPI,P10275,compound,protein,0
7061270,CPI,Q9BUB5,compound,protein,0
7061270,CPI,Q8IU85,compound,protein,0
7075140,CPI,P49798,compound,protein,0
7076513,CPI,Q8IWQ3,compound,protein,0
7079134,CPI,O00329,compound,protein,0
7082,CPI,Q9HBY0,compound,protein,1
708857,CPI,Q5VT25,compound,protein,0
708857,CPI,Q9HBY8,compound,protein,0
7092517,CPI,P31645,compound,protein,0
7092995,CPI,P19525,compound,protein,0
709391,CPI,Q9NUW8,compound,protein,1
71077,CPI,P23415,compound,protein,1
71077,CPI,Q05586,compound,protein,1
71158,CPI,P11473,compound,protein,0
71183,CPI,P08173,compound,protein,1
71226662,CPI,Q15303,compound,protein,1
71226662,CPI,Q96QE3,compound,protein,0
71277,CPI,O43193,compound,protein,1
71299339,CPI,P36888,compound,protein,0
71310,CPI,P54803,compound,protein,1
71317162,CPI,O00764,compound,protein,1
71317162,CPI,O14965,compound,protein,1
71317162,CPI,P06239,compound,protein,1
71317162,CPI,P21709,compound,protein,1
71317162,CPI,P31749,compound,protein,1
71317162,CPI,P45983,compound,protein,1
71317162,CPI,P49748,compound,protein,1
71317162,CPI,P49841,compound,protein,1
71317162,CPI,Q13557,compound,protein,1
71317162,CPI,Q13976,compound,protein,1
71317162,CPI,Q15392,compound,protein,1
71317162,CPI,Q7Z406,compound,protein,1
71317162,CPI,Q9H093,compound,protein,1
71317162,CPI,Q9NUW8,compound,protein,0
71317162,CPI,Q14012,compound,protein,0
71317162,CPI,P21728,compound,protein,0
71317162,CPI,P21452,compound,protein,0
71317162,CPI,Q86UE8,compound,protein,0
71317162,CPI,O43293,compound,protein,0
71317162,CPI,P15428,compound,protein,0
71317162,CPI,P31645,compound,protein,0
71329,CPI,P25021,compound,protein,1
71329,CPI,Q9Y5Y9,compound,protein,0
71329,CPI,Q9UI33,compound,protein,0
71329,CPI,Q13705,compound,protein,0
71360,CPI,P25103,compound,protein,1
71360,CPI,Q8NI60,compound,protein,0
71360,CPI,Q9H2K8,compound,protein,0
71414,CPI,Q15746,compound,protein,0
71496458,CPI,Q07912,compound,protein,1
71496458,CPI,Q03181,compound,protein,0
715454,CPI,P10696,compound,protein,1
715454,CPI,Q8N752,compound,protein,0
71601111,CPI,Q9UGI6,compound,protein,0
71601111,CPI,P25100,compound,protein,0
71601111,CPI,P30939,compound,protein,0
71601111,CPI,Q8TDS4,compound,protein,0
71616,CPI,Q13936,compound,protein,0
71693,CPI,P0DMS8,compound,protein,0
71714682,CPI,Q9NYA1,compound,protein,1
7172,CPI,Q96KQ7,compound,protein,1
71748056,CPI,P49116,compound,protein,1
71748056,CPI,P30411,compound,protein,0
71768304,CPI,P31152,compound,protein,0
71768304,CPI,Q13705,compound,protein,0
71771,CPI,P02766,compound,protein,1
71771,CPI,P48730,compound,protein,0
71781,CPI,P21917,compound,protein,1
717880,CPI,Q8TDC3,compound,protein,0
717880,CPI,P07947,compound,protein,0
7184,CPI,Q9UNA4,compound,protein,0
7192031,CPI,P29372,compound,protein,0
72016,CPI,Q96KQ7,compound,protein,1
72016,CPI,Q9Y2I1,compound,protein,1
72016,CPI,P28335,compound,protein,0
7202911,CPI,Q96LD8,compound,protein,1
7202911,CPI,P11229,compound,protein,0
7211972,CPI,P41143,compound,protein,0
7217946,CPI,P08588,compound,protein,0
72193870,CPI,P35968,compound,protein,0
72281,CPI,O75907,compound,protein,1
72281,CPI,P10635,compound,protein,1
72281,CPI,P21397,compound,protein,1
72281,CPI,P30518,compound,protein,1
72281,CPI,P33261,compound,protein,1
72281,CPI,P35610,compound,protein,1
72287,CPI,P36897,compound,protein,0
72301,CPI,P21918,compound,protein,1
72326,CPI,P42574,compound,protein,0
72430,CPI,P00918,compound,protein,0
7251185,CPI,P42226,compound,protein,1
7251185,CPI,P52564,compound,protein,0
72703790,CPI,O75582,compound,protein,0
72734382,CPI,P04150,compound,protein,0
72846,CPI,O75469,compound,protein,0
72894,CPI,P24530,compound,protein,0
72943187,CPI,P00915,compound,protein,0
73010930,CPI,P28335,compound,protein,0
73157,CPI,Q9UI33,compound,protein,0
73157,CPI,Q8TDX7,compound,protein,0
73211763,CPI,P05067,compound,protein,0
73417326,CPI,P30613,compound,protein,0
73440752,CPI,P11229,compound,protein,1
73453,CPI,P27695,compound,protein,1
73453,CPI,Q8NE63,compound,protein,0
73453,CPI,O15264,compound,protein,0
7345532,CPI,O00506,compound,protein,0
73602827,CPI,Q5BJF2,compound,protein,0
73707340,CPI,Q9C098,compound,protein,0
73707345,CPI,P08588,compound,protein,1
73707354,CPI,P46098,compound,protein,0
73707380,CPI,P29317,compound,protein,0
73707380,CPI,Q8IVH8,compound,protein,0
73707383,CPI,P51817,compound,protein,0
73707386,CPI,Q6PHR2,compound,protein,0
73707386,CPI,P57058,compound,protein,0
73707404,CPI,P49354,compound,protein,1
73707408,CPI,P14618,compound,protein,0
73707412,CPI,P18089,compound,protein,0
73707414,CPI,Q15759,compound,protein,0
73707415,CPI,P10275,compound,protein,1
73707417,CPI,P43490,compound,protein,1
73707425,CPI,P21452,compound,protein,0
73707425,CPI,Q7KZI7,compound,protein,0
73707426,CPI,P08069,compound,protein,0
73707427,CPI,P08908,compound,protein,0
73707428,CPI,P11229,compound,protein,0
73707430,CPI,P30542,compound,protein,0
73707449,CPI,P62508,compound,protein,1
73707449,CPI,P17948,compound,protein,0
73707456,CPI,O75582,compound,protein,0
73707466,CPI,P13637,compound,protein,1
73707467,CPI,P04035,compound,protein,1
73707474,CPI,Q8N4C8,compound,protein,0
73707478,CPI,P62508,compound,protein,1
73707492,CPI,P21917,compound,protein,0
73707500,CPI,P40225,compound,protein,0
73707507,CPI,Q9H2G2,compound,protein,0
73707512,CPI,P25021,compound,protein,0
73707513,CPI,P24941,compound,protein,0
73707515,CPI,P08173,compound,protein,1
73707515,CPI,Q13705,compound,protein,0
73707530,CPI,Q9H3N8,compound,protein,0
73707532,CPI,Q13627,compound,protein,1
73707535,CPI,P35372,compound,protein,0
73707545,CPI,Q9UEE5,compound,protein,0
73707545,CPI,P35590,compound,protein,0
73707587,CPI,P35968,compound,protein,0
73707587,CPI,Q9NYY3,compound,protein,0
73707588,CPI,P43166,compound,protein,0
73707615,CPI,P35462,compound,protein,0
73707615,CPI,Q9UM73,compound,protein,0
73707616,CPI,P51817,compound,protein,0
73707616,CPI,P30556,compound,protein,0
7456,CPI,O75762,compound,protein,1
7456,CPI,P04637,compound,protein,1
75299800,CPI,P21453,compound,protein,1
75299811,CPI,Q9H228,compound,protein,1
75299811,CPI,P06213,compound,protein,0
75299812,CPI,P49798,compound,protein,0
753704,CPI,P10636,compound,protein,1
755673,CPI,Q9BZL6,compound,protein,1
755673,CPI,Q92630,compound,protein,0
75919,CPI,Q9H3N8,compound,protein,1
7638,CPI,Q9UBN7,compound,protein,1
766949,CPI,P53779,compound,protein,1
766949,CPI,P34903,compound,protein,0
76960974,CPI,Q15393,compound,protein,0
76968376,CPI,Q9UPZ9,compound,protein,0
7699,CPI,O43193,compound,protein,1
7699,CPI,O94925,compound,protein,0
770820,CPI,Q9UQM7,compound,protein,0
7741,CPI,P0DMS8,compound,protein,1
7741,CPI,P37288,compound,protein,1
7741,CPI,P49674,compound,protein,0
77918,CPI,P24557,compound,protein,1
77918,CPI,Q86W10,compound,protein,1
77999,CPI,Q9HC16,compound,protein,0
78357816,CPI,P51813,compound,protein,0
78428958,CPI,O00555,compound,protein,1
78428958,CPI,Q99759,compound,protein,0
78435479,CPI,Q01668,compound,protein,1
78435479,CPI,Q04759,compound,protein,0
784670,CPI,P37023,compound,protein,0
790989,CPI,P08913,compound,protein,0
800048,CPI,P30556,compound,protein,1
81423,CPI,P41968,compound,protein,0
82146,CPI,P55055,compound,protein,1
82146,CPI,Q9NSY1,compound,protein,0
82148,CPI,P39748,compound,protein,0
8226,CPI,P08908,compound,protein,1
8226,CPI,P41240,compound,protein,0
824226,CPI,P46063,compound,protein,1
824226,CPI,Q14957,compound,protein,0
824226,CPI,Q96L34,compound,protein,0
8249,CPI,P29597,compound,protein,0
8249,CPI,Q8NI60,compound,protein,0
830235,CPI,P41143,compound,protein,0
833,CPI,P06239,compound,protein,0
833,CPI,P50613,compound,protein,0
833,CPI,O00238,compound,protein,0
8362,CPI,Q12809,compound,protein,1
8362,CPI,Q14289,compound,protein,0
8378,CPI,Q8N5S9,compound,protein,0
84008,CPI,Q8TBX8,compound,protein,0
84029,CPI,P33261,compound,protein,0
843289,CPI,P06241,compound,protein,0
8480,CPI,P02545,compound,protein,1
8569,CPI,P04278,compound,protein,1
8593,CPI,P06239,compound,protein,0
861,CPI,P32298,compound,protein,0
86101,CPI,P14416,compound,protein,1
8616,CPI,O15118,compound,protein,1
87372,CPI,P11229,compound,protein,0
877874,CPI,Q9NR56,compound,protein,1
877874,CPI,P49674,compound,protein,0
8796093,CPI,Q9NUW8,compound,protein,1
882273,CPI,Q9Y2T6,compound,protein,0
882273,CPI,P30542,compound,protein,0
882273,CPI,P40225,compound,protein,0
888706,CPI,Q99759,compound,protein,0
8955,CPI,Q9HC97,compound,protein,0
89594,CPI,Q9UK32,compound,protein,0
896,CPI,P05164,compound,protein,1
896,CPI,P16083,compound,protein,1
896331,CPI,P43220,compound,protein,1
89683805,CPI,P53779,compound,protein,0
8969,CPI,Q9HBH9,compound,protein,0
8969,CPI,Q86UX6,compound,protein,0
897475,CPI,O43283,compound,protein,0
8975,CPI,P20309,compound,protein,0
8987,CPI,Q9HBH9,compound,protein,0
90241673,CPI,Q9NYL2,compound,protein,0
9064,CPI,P52564,compound,protein,0
9064,CPI,P25103,compound,protein,0
90642938,CPI,P0DMS8,compound,protein,0
90642938,CPI,P30556,compound,protein,0
906542,CPI,P19174,compound,protein,1
9128,CPI,P15428,compound,protein,1
91518,CPI,Q9UQM7,compound,protein,0
91522200,CPI,O43497,compound,protein,1
91536,CPI,P41595,compound,protein,1
91536,CPI,P16591,compound,protein,0
91610,CPI,P02545,compound,protein,1
91613,CPI,P18825,compound,protein,0
91617630,CPI,P43681,compound,protein,0
91617630,CPI,P08684,compound,protein,0
91668541,CPI,O60885,compound,protein,1
91754484,CPI,Q13188,compound,protein,0
91769,CPI,Q15746,compound,protein,0
92400,CPI,P11229,compound,protein,1
92400,CPI,P12821,compound,protein,1
92400,CPI,P25021,compound,protein,1
92400,CPI,Q99808,compound,protein,1
92400,CPI,P10636,compound,protein,0
92722,CPI,Q08499,compound,protein,0
92786,CPI,Q96KQ7,compound,protein,1
92786,CPI,Q01959,compound,protein,0
92786,CPI,P25021,compound,protein,0
92859,CPI,O75496,compound,protein,0
92974,CPI,P08588,compound,protein,1
9305,CPI,P29322,compound,protein,0
932,CPI,P08684,compound,protein,1
932,CPI,P36888,compound,protein,0
933171,CPI,Q9NUW8,compound,protein,0
93504,CPI,Q15842,compound,protein,1
936,CPI,P10276,compound,protein,0
9363,CPI,P54132,compound,protein,1
938,CPI,P18825,compound,protein,1
938,CPI,P21397,compound,protein,1
941361,CPI,Q12809,compound,protein,1
941361,CPI,Q07002,compound,protein,0
941361,CPI,P41743,compound,protein,0
9417,CPI,P35462,compound,protein,1
9417,CPI,Q06710,compound,protein,0
9419,CPI,P49798,compound,protein,1
9419,CPI,P50406,compound,protein,1
9419,CPI,P49760,compound,protein,0
9429,CPI,P18825,compound,protein,1
9429,CPI,P21728,compound,protein,1
9429,CPI,P28335,compound,protein,1
9444,CPI,P08913,compound,protein,1
9444,CPI,P18089,compound,protein,1
9444,CPI,P51449,compound,protein,1
9444,CPI,Q99549,compound,protein,0
9444,CPI,O95835,compound,protein,0
9444,CPI,Q8TDC3,compound,protein,0
946943,CPI,Q9NRH2,compound,protein,0
951,CPI,P35367,compound,protein,0
951,CPI,P08908,compound,protein,0
951,CPI,P04629,compound,protein,0
9547243,CPI,P02545,compound,protein,0
9549284,CPI,P45985,compound,protein,1
9549284,CPI,Q92630,compound,protein,0
9549284,CPI,Q96SB4,compound,protein,0
9549298,CPI,P37840,compound,protein,0
9549305,CPI,P04637,compound,protein,0
9550235,CPI,Q6W5P4,compound,protein,1
9550286,CPI,Q9Y616,compound,protein,0
95801,CPI,Q9UIF8,compound,protein,1
95883,CPI,P17948,compound,protein,0
95883,CPI,Q08345,compound,protein,0
95883,CPI,P22455,compound,protein,0
95883,CPI,P49759,compound,protein,0
9592990,CPI,P08172,compound,protein,0
9601084,CPI,Q96BR1,compound,protein,0
9604993,CPI,P32298,compound,protein,0
9616928,CPI,P78368,compound,protein,0
9642,CPI,P06746,compound,protein,0
9675990,CPI,P42574,compound,protein,1
9681,CPI,P08908,compound,protein,1
9681,CPI,P41595,compound,protein,1
9681,CPI,P43681,compound,protein,1
9681,CPI,P29323,compound,protein,0
9690109,CPI,P25100,compound,protein,1
96946,CPI,P35372,compound,protein,1
969516,CPI,P00352,compound,protein,1
969516,CPI,P35228,compound,protein,1
969516,CPI,Q9UKV0,compound,protein,0
969516,CPI,Q9UQL6,compound,protein,0
9705,CPI,Q13555,compound,protein,0
9727,CPI,Q9UGN5,compound,protein,0
975656,CPI,P83916,compound,protein,1
975656,CPI,Q9NUW8,compound,protein,1
976690,CPI,O94788,compound,protein,0
9782,CPI,Q9UQB9,compound,protein,0
9794218,CPI,Q9H4B7,compound,protein,0
9794218,CPI,Q07812,compound,protein,0
9794218,CPI,Q15835,compound,protein,0
9795278,CPI,Q96Q40,compound,protein,0
9796290,CPI,P08684,compound,protein,0
9801,CPI,P23975,compound,protein,1
9801,CPI,P32245,compound,protein,1
9801,CPI,Q9Y5N1,compound,protein,1
980157,CPI,P31645,compound,protein,0
9803433,CPI,P34972,compound,protein,0
9808022,CPI,Q92934,compound,protein,0
9809715,CPI,O14578,compound,protein,1
9809715,CPI,O60674,compound,protein,1
9809715,CPI,P21127,compound,protein,1
9809715,CPI,P36896,compound,protein,1
9809715,CPI,P36897,compound,protein,1
9809715,CPI,P42338,compound,protein,1
9809715,CPI,P49841,compound,protein,1
9809715,CPI,P53671,compound,protein,1
9809715,CPI,Q13043,compound,protein,1
9809715,CPI,Q7L7X3,compound,protein,1
9809715,CPI,Q8IWQ3,compound,protein,1
9809715,CPI,Q9UPE1,compound,protein,1
9809715,CPI,P27695,compound,protein,0
9809715,CPI,P25103,compound,protein,0
9809715,CPI,O94925,compound,protein,0
9809715,CPI,P21917,compound,protein,0
9810884,CPI,O95819,compound,protein,1
9810884,CPI,P19793,compound,protein,0
9811834,CPI,Q9H1R3,compound,protein,0
9813758,CPI,P07332,compound,protein,1
9813758,CPI,P36507,compound,protein,1
9813758,CPI,P36894,compound,protein,1
9813758,CPI,P42680,compound,protein,1
9813758,CPI,P43403,compound,protein,1
9813758,CPI,Q13546,compound,protein,1
9813758,CPI,Q15746,compound,protein,1
9813758,CPI,Q15831,compound,protein,1
9813758,CPI,Q16513,compound,protein,1
9813758,CPI,Q9NQU5,compound,protein,1
9813758,CPI,Q9UM73,compound,protein,1
9813758,CPI,P06401,compound,protein,0
9813758,CPI,P17252,compound,protein,0
9813758,CPI,P27815,compound,protein,0
9813758,CPI,P23219,compound,protein,0
9813758,CPI,P11712,compound,protein,0
9813758,CPI,P23280,compound,protein,0
9813758,CPI,Q9Y5N1,compound,protein,0
9813758,CPI,P41968,compound,protein,0
9813758,CPI,P20309,compound,protein,0
9818682,CPI,Q08493,compound,protein,1
9819927,CPI,P27037,compound,protein,0
9820008,CPI,Q16552,compound,protein,1
9820008,CPI,P42684,compound,protein,0
9821849,CPI,P06401,compound,protein,1
9823820,CPI,Q96Q40,compound,protein,0
9826308,CPI,P48730,compound,protein,1
9826308,CPI,Q9BZL6,compound,protein,1
9826308,CPI,P09769,compound,protein,0
9826308,CPI,P10275,compound,protein,0
9826308,CPI,P50750,compound,protein,0
9826528,CPI,P10275,compound,protein,0
9829523,CPI,O95382,compound,protein,1
9829523,CPI,P21802,compound,protein,1
9829523,CPI,P42679,compound,protein,1
9829523,CPI,P49336,compound,protein,1
9829523,CPI,P51451,compound,protein,1
9829523,CPI,P53350,compound,protein,1
9829523,CPI,P57059,compound,protein,1
9829523,CPI,Q00526,compound,protein,1
9829523,CPI,Q06418,compound,protein,1
9829523,CPI,Q09013,compound,protein,1
9829523,CPI,Q13177,compound,protein,1
9829523,CPI,Q15349,compound,protein,1
9829523,CPI,Q15759,compound,protein,1
9829523,CPI,Q8WXR4,compound,protein,1
9829523,CPI,Q9UQM7,compound,protein,1
9829523,CPI,P11308,compound,protein,0
9829523,CPI,P09917,compound,protein,0
9829523,CPI,P49798,compound,protein,0
9829523,CPI,P00352,compound,protein,0
9829523,CPI,P00915,compound,protein,0
9829523,CPI,P37288,compound,protein,0
9829526,CPI,P09917,compound,protein,0
9834591,CPI,P15735,compound,protein,0
9839311,CPI,P51452,compound,protein,0
9839842,CPI,P35916,compound,protein,1
9839842,CPI,Q6W5P4,compound,protein,0
9841560,CPI,P00352,compound,protein,0
9841834,CPI,P50993,compound,protein,1
9841972,CPI,P13945,compound,protein,1
984333,CPI,Q96NT5,compound,protein,0
9843900,CPI,P06737,compound,protein,1
9849616,CPI,P25929,compound,protein,1
9852185,CPI,P08235,compound,protein,0
9852185,CPI,P28222,compound,protein,0
9853053,CPI,O95747,compound,protein,0
9858940,CPI,O43353,compound,protein,1
9858940,CPI,O76074,compound,protein,0
9863367,CPI,O43781,compound,protein,1
9863367,CPI,P11362,compound,protein,1
9863367,CPI,P45984,compound,protein,1
9863367,CPI,Q06187,compound,protein,1
9863367,CPI,Q13464,compound,protein,1
9863367,CPI,Q9NWZ3,compound,protein,1
9863367,CPI,Q9Y6M4,compound,protein,1
9863367,CPI,O95747,compound,protein,0
9863367,CPI,Q96RI1,compound,protein,0
9863367,CPI,P02545,compound,protein,0
9863367,CPI,Q9C098,compound,protein,0
9863367,CPI,O94925,compound,protein,0
9863367,CPI,P54760,compound,protein,0
9863367,CPI,O75496,compound,protein,0
9865515,CPI,O15379,compound,protein,1
9865554,CPI,P11021,compound,protein,0
9867642,CPI,P08913,compound,protein,1
9867642,CPI,P35462,compound,protein,1
9867642,CPI,P41145,compound,protein,1
9867770,CPI,P42345,compound,protein,0
9867812,CPI,O00591,compound,protein,1
9869929,CPI,P84022,compound,protein,0
9871074,CPI,P35368,compound,protein,0
9871875,CPI,Q92952,compound,protein,1
9874913,CPI,O14976,compound,protein,1
9874913,CPI,O94804,compound,protein,1
9874913,CPI,P37023,compound,protein,1
9874913,CPI,P43405,compound,protein,1
9874913,CPI,P45984,compound,protein,1
9874913,CPI,Q13163,compound,protein,1
9874913,CPI,Q13557,compound,protein,1
9874913,CPI,Q6DT37,compound,protein,1
9874913,CPI,Q8TDC3,compound,protein,1
9874913,CPI,Q9UQM7,compound,protein,1
9874913,CPI,Q9Y4K4,compound,protein,1
9874913,CPI,P04637,compound,protein,0
9874913,CPI,Q96QE3,compound,protein,0
9874913,CPI,P37231,compound,protein,0
9874913,CPI,P07550,compound,protein,0
9874913,CPI,P83916,compound,protein,0
9874913,CPI,Q6W5P4,compound,protein,0
9877265,CPI,P48549,compound,protein,0
9880,CPI,P08913,compound,protein,1
9880,CPI,Q96NX5,compound,protein,0
9880620,CPI,P28335,compound,protein,0
9882580,CPI,P32238,compound,protein,0
9884685,CPI,O14733,compound,protein,1
9884685,CPI,O96013,compound,protein,1
9884685,CPI,P00519,compound,protein,1
9884685,CPI,P37173,compound,protein,1
9884685,CPI,P42338,compound,protein,1
9884685,CPI,Q04759,compound,protein,1
9884685,CPI,Q13188,compound,protein,1
9884685,CPI,Q86YV6,compound,protein,1
9884685,CPI,Q8IVW4,compound,protein,1
9884685,CPI,Q8WU08,compound,protein,1
9884685,CPI,Q9BVS4,compound,protein,1
9884685,CPI,Q9UM73,compound,protein,1
9884685,CPI,Q9UPE1,compound,protein,1
9884685,CPI,Q9Y5S2,compound,protein,1
9884685,CPI,Q9UBS5,compound,protein,0
9884685,CPI,P20309,compound,protein,0
9884685,CPI,P10253,compound,protein,0
9884685,CPI,P37288,compound,protein,0
9884685,CPI,O94782,compound,protein,0
9884685,CPI,P22303,compound,protein,0
9884685,CPI,P37231,compound,protein,0
9884685,CPI,P10275,compound,protein,0
9884685,CPI,P51151,compound,protein,0
9884685,CPI,P15428,compound,protein,0
9884817,CPI,P30542,compound,protein,1
9886498,CPI,P34947,compound,protein,0
9887537,CPI,P28223,compound,protein,1
9887870,CPI,Q9Y6M4,compound,protein,0
9888590,CPI,P35916,compound,protein,1
98889,CPI,O75496,compound,protein,1
9889366,CPI,P42261,compound,protein,1
9891901,CPI,P21918,compound,protein,1
9893924,CPI,P18089,compound,protein,1
9902313,CPI,O14983,compound,protein,1
9902313,CPI,Q3T906,compound,protein,0
9903,CPI,Q6ZN16,compound,protein,0
9906875,CPI,Q9H4B4,compound,protein,1
9907093,CPI,O00329,compound,protein,1
9907093,CPI,P27986,compound,protein,1
9907093,CPI,P19793,compound,protein,0
9911463,CPI,Q96SB4,compound,protein,0
9914412,CPI,O43293,compound,protein,1
9914412,CPI,O14733,compound,protein,0
9914412,CPI,Q15746,compound,protein,0
9915743,CPI,O14578,compound,protein,1
9915743,CPI,O14920,compound,protein,1
9915743,CPI,O15111,compound,protein,1
9915743,CPI,O43318,compound,protein,1
9915743,CPI,O43353,compound,protein,1
9915743,CPI,O60674,compound,protein,1
9915743,CPI,P00533,compound,protein,1
9915743,CPI,P07333,compound,protein,1
9915743,CPI,P0C264,compound,protein,1
9915743,CPI,P12931,compound,protein,1
9915743,CPI,P21802,compound,protein,1
9915743,CPI,P22607,compound,protein,1
9915743,CPI,P24941,compound,protein,1
9915743,CPI,P29320,compound,protein,1
9915743,CPI,P53355,compound,protein,1
9915743,CPI,P54764,compound,protein,1
9915743,CPI,Q13237,compound,protein,1
9915743,CPI,Q15831,compound,protein,1
9915743,CPI,Q15835,compound,protein,1
9915743,CPI,Q16513,compound,protein,1
9915743,CPI,Q8IW41,compound,protein,1
9915743,CPI,Q96NX5,compound,protein,1
9915743,CPI,Q96PY6,compound,protein,1
9915743,CPI,Q99683,compound,protein,1
9915743,CPI,Q9HCP0,compound,protein,1
9915743,CPI,Q9UIK4,compound,protein,1
9915743,CPI,Q9Y243,compound,protein,1
9915743,CPI,P08913,compound,protein,0
9915743,CPI,P34969,compound,protein,0
9915743,CPI,P30411,compound,protein,0
9915743,CPI,P51151,compound,protein,0
9915743,CPI,P37231,compound,protein,0
9915743,CPI,Q16637,compound,protein,0
9915743,CPI,P37288,compound,protein,0
9915743,CPI,Q99714,compound,protein,0
9915886,CPI,P18507,compound,protein,1
9915886,CPI,P47869,compound,protein,1
9915886,CPI,Q9UK32,compound,protein,0
9917079,CPI,P25103,compound,protein,1
9917079,CPI,Q9NPH5,compound,protein,0
9918559,CPI,P20839,compound,protein,1
992,CPI,Q9UBN7,compound,protein,0
99253,CPI,P02545,compound,protein,1
99253,CPI,Q96KQ7,compound,protein,1
99253,CPI,P41595,compound,protein,0
9926048,CPI,P36544,compound,protein,1
9926791,CPI,O75582,compound,protein,1
9926791,CPI,P04626,compound,protein,1
9926791,CPI,P42681,compound,protein,1
9926791,CPI,P53667,compound,protein,1
9926791,CPI,Q02779,compound,protein,1
9926791,CPI,Q08345,compound,protein,1
9926791,CPI,Q14004,compound,protein,1
9926791,CPI,Q16512,compound,protein,1
9926791,CPI,Q16816,compound,protein,1
9926791,CPI,Q86YV6,compound,protein,1
9926791,CPI,Q8IVW4,compound,protein,1
9926791,CPI,Q8TD19,compound,protein,1
9926791,CPI,Q96D53,compound,protein,1
9926791,CPI,Q9UNQ0,compound,protein,0
9926791,CPI,P15428,compound,protein,0
9926791,CPI,Q9UBN7,compound,protein,0
9926791,CPI,Q9UIF8,compound,protein,0
9926791,CPI,P16473,compound,protein,0
9926999,CPI,P21728,compound,protein,0
9927531,CPI,Q12809,compound,protein,0
9927768,CPI,P23975,compound,protein,0
9931954,CPI,P35916,compound,protein,1
9931954,CPI,Q7KZI7,compound,protein,1
9931954,CPI,P02545,compound,protein,0
9931954,CPI,Q8IU85,compound,protein,0
9931954,CPI,Q99755,compound,protein,0
9931954,CPI,Q16637,compound,protein,0
9931954,CPI,Q15746,compound,protein,0
9933475,CPI,P11274,compound,protein,1
9933475,CPI,P27448,compound,protein,1
9933475,CPI,P30530,compound,protein,1
9933475,CPI,P43403,compound,protein,1
9933475,CPI,P49336,compound,protein,1
9933475,CPI,Q13470,compound,protein,1
9933475,CPI,Q8IYT8,compound,protein,1
9933475,CPI,Q8TDC3,compound,protein,1
9933475,CPI,Q96SB4,compound,protein,1
9933475,CPI,Q9BYT3,compound,protein,1
9933475,CPI,Q9UEW8,compound,protein,1
9933475,CPI,Q9UL54,compound,protein,1
9933475,CPI,Q9UQ88,compound,protein,1
9933475,CPI,P33261,compound,protein,0
9933475,CPI,O43193,compound,protein,0
9933475,CPI,P54132,compound,protein,0
9933475,CPI,P04062,compound,protein,0
9933475,CPI,P47898,compound,protein,0
9933475,CPI,P35368,compound,protein,0
9934347,CPI,O15530,compound,protein,1
9934347,CPI,P49336,compound,protein,1
9934347,CPI,Q16644,compound,protein,1
9934347,CPI,Q9NWZ3,compound,protein,1
9934347,CPI,Q9Y4K4,compound,protein,1
9934347,CPI,P22455,compound,protein,0
9934347,CPI,Q99700,compound,protein,0
9934347,CPI,P30556,compound,protein,0
9934347,CPI,P31645,compound,protein,0
9934458,CPI,P10636,compound,protein,1
9934458,CPI,P10828,compound,protein,1
9934458,CPI,Q03181,compound,protein,1
9935249,CPI,P49356,compound,protein,1
9936746,CPI,Q9UBN7,compound,protein,1
9936746,CPI,P27815,compound,protein,0
9941444,CPI,P30556,compound,protein,1
9941444,CPI,P36888,compound,protein,0
9941444,CPI,Q8N568,compound,protein,0
9949641,CPI,P30556,compound,protein,0
9950038,CPI,P11021,compound,protein,0
9952220,CPI,Q99640,compound,protein,0
9952709,CPI,Q9Y466,compound,protein,1
9952773,CPI,P31751,compound,protein,1
9952773,CPI,Q16236,compound,protein,0
9952773,CPI,Q8IYT8,compound,protein,0
9952773,CPI,P04637,compound,protein,0
9952773,CPI,P22748,compound,protein,0
9953065,CPI,P32238,compound,protein,0
9954280,CPI,Q9Y5N1,compound,protein,0
9955,CPI,O75874,compound,protein,1
9956119,CPI,O00311,compound,protein,1
9956119,CPI,P07949,compound,protein,1
9956119,CPI,P36888,compound,protein,1
9956119,CPI,P48730,compound,protein,1
9956119,CPI,P51955,compound,protein,1
9956119,CPI,Q02763,compound,protein,1
9956119,CPI,Q9BQI3,compound,protein,0
9956119,CPI,P14618,compound,protein,0
9956146,CPI,P41145,compound,protein,1
996,CPI,P35218,compound,protein,0
9960285,CPI,P08922,compound,protein,0
9966051,CPI,P22455,compound,protein,0
9967941,CPI,P42345,compound,protein,1
99719310,CPI,Q06418,compound,protein,0
