CID,cmap_name,compound_aliases,standardized_smiles
4008,manidipine,"manidipine|89226-50-6|120092-68-4|s2481|T6577|D08155|Artedil|C08CA11|CV 4093|DB09238|DS-1275|Iperten|Q921133|HY-B0419|SY112666|SYB71854|DB-041526|DB-239666|EBC-11219|GTPL11739|STK635322|6O4754US88|BDBM642534|C35H38N4O6|CCG-213069|GLXC-07948|HMS2089K12|HMS3264H11|HMS3656C06|HMS3884D21|HMS5081O09|Manidipino|NS00001355|orb1223734|orb1300643|SW219347-1|Franidipine|manidipinum|Artedil (TN)|BDBM50227969|CHEBI:135849|CHEMBL312176|MFCD00871291|MLS004774156|MLS006011791|SCHEMBL49368|SMR003500793|AB01274741-01|AB01274741-02|AB01274741-03|AB01274741_04|AB01274741_05|AKOS003589070|AKOS016842350|DTXCID0023745|DTXSID2043745|RefChem:809939|SR-05000002134|Manidipine 6300|MANIDIPINE [MI]|NCGC00167493-01|NCGC00167493-02|NCGC00167493-03|NCGC00167493-04|NCGC00167493-08|NCGC00167493-13|SCHEMBL29801590|UNII-6O4754US88|(+/-)-Manidipine|Manidipine (INN)|Manidipine [INN]|SBI-0653413.0001|SR-05000002134-1|manidipine, (+-)-|MANIDIPINE [WHO-DD]|Manidipine(CV-4093)|Manidipine (Manyper)|Manidipine 6300 [INN]|BRD-A90695733-001-01-7|BRD-A90695733-001-06-6|BRD-A90695733-001-07-4|BRD-A90695733-001-08-2|BRD-A90695733-300-02-1|ANEBWFXPVPTEET-UHFFFAOYSA-N|US20230414632, Compound I-g|2-(4-Diphenylmethyl-1-piperazinyl)ethyl methyl-1,4-dihydro-2,6-dimethyl-4-(3-nitrophenyl)-3,5-pyridinedicarboxylate|3-(2-(4-Benzhydrylpiperazin-1-yl)ethyl)5-methyl2,6-dimethyl-4-(3-nitrophenyl)-1,4-dihydropyridine-3,5-dicarboxylate|2-[4-(Diphenylmethyl)-1-Piperazinyl]Ethyl Methyl 2,6-Dimethyl-4-(3-Nitrophenyl)-1,4-Dihydro-3,5-Pyridinedicarboxylate|2-[4-(diphenylmethyl)piperazin-1-yl]ethyl methyl 2,6-dimethyl-4-(3-nitrophenyl)-1,4-dihydropyridine-3,5-dicarboxylate|3-(2-(4-Benzhydrylpiperazin-1-yl)ethyl) 5-methyl 2,6-dimethyl-4-(3-nitrophenyl)-1,4-dihydropyridine-3,5-dicarboxylate|O5-[2-(4-benzhydrylpiperazin-1-yl)ethyl] O3-methyl 2,6-dimethyl-4-(3-nitrophenyl)-1,4-dihydropyridine-3,5-dicarboxylate|2-(4-(DIPHENYLMETHYL)-1-PIPERAZINYL)ETHYL METHYL (+/-)-1,4-DIHYDRO-2,6-DIMETHYL-4-(M-NITROPHENYL)-3,5-PYRIDINECARBOXYLATE|5-O-(2-(4-benzhydrylpiperazin-1-yl)ethyl) 3-O-methyl 2,6-dimethyl-4-(3-nitrophenyl)-1,4-dihydropyridine-3,5-dicarboxylate|5-O-[2-(4-benzhydrylpiperazin-1-yl)ethyl] 3-O-methyl 2,6-dimethyl-4-(3-nitrophenyl)-1,4-dihydropyridine-3,5-dicarboxylate|3-(2-(4-(diphenylmethyl)piperazin-1-yl)ethyl) 5-methyl 2,6-dimethyl-4-(3-nitrophenyl)-1,4-dihydropyridine-3,5-dicarboxylate|3-{2-[4-(diphenylmethyl)piperazin-1-yl]ethyl} 5-methyl 2,6-dimethyl-4-(3-nitrophenyl)-1,4-dihydropyridine-3,5-dicarboxylate|3,5-Pyridinedicarboxylic acid, 1,4-dihydro-2,6-dimethyl-4-(3-nitrophenyl)-, 2-(4-(diphenylmethyl)-1-piperazinyl)ethyl methyl ester|3,5-PYRIDINEDICARBOXYLIC ACID, 1,4-DIHYDRO-2,6-DIMETHYL-4-(3-NITROPHENYL)-, 3-(2-(4-(DIPHENYLMETHYL)-1-PIPERAZINYL)ETHYL) 5-METHYL ESTER|3,5-Pyridinedicarboxylic acid, 1,4-dihydro-2,6-dimethyl-4-(3-nitrophenyl)-, 3-[2-[4-(diphenylmethyl)-1-piperazinyl]ethyl] 5-methyl ester|3,5-Pyridinedicarboxylic acid,1,4-dihydro-2,6-dimethyl-4-(3-nitrophenyl)-,2-[4-(diphenylmethyl)-1-piperazinyl]ethyl methyl ester, (+/-)-|3,5-Pyridinedicarboxylic acid,1,4-dihydro-2,6-dimethyl-4-(3-nitrophenyl)-,2-[4-(diphenylmethyl)-1-piperazinyl]ethyl methyl ester, (A+/-)-|2,6-dimethyl-4-(3-nitrophenyl)-1,4-dihydropyridine-3,5-dicarboxylic acid O5-[2-[4-(diphenylmethyl)-1-piperazinyl]ethyl] ester O3-methyl ester|(5-(Methylsulfonyl)-2-((R)-1,1,1-trifluoropropan-2-yloxy)phenyl)((1R,5R)-1-(5-(trifluoromethyl)isoxazol-3-yl)-3-azabicyclo[3.1.0]hexan-3-yl)methanone|1,4-dihydro-2,6-dimethyl-4-(3-nitrophenyl)-3,5-Pyridinedicarboxylic acid 3-[2-[4-(diphenylmethyl)-1-piperazinyl]ethyl] 5-methyl ester; 3,5-Pyridinedicarboxylic acid, 1,4-dihydro-2,6-dimethyl-4-(3-nitrophenyl)-, 2-[4-(diphenylmethyl)-1-piperazinyl]ethyl methyl ester (9CI); (+/-)-Manidipine; Franidipine; Manidipine; Manidipine 6300",COC(=O)C1=C(C)NC(C)=C(C(=O)OCCN2CCN(C(c3ccccc3)c3ccccc3)CC2)C1c1cccc([N+](=O)[O-])c1
5440,thiethylperazine,"thiethylperazine|1420-55-9|C07132|D02354|H27367|T61915|DB00372|L000871|Q372725|R06AD03|Torecan|DA-78419|GTPL7306|HY-B1794|MS-26778|215-819-0|BDBM78436|EBC-26950|EX-A10897|HSDB 3400|8ETK1WAF6R|AB00514742|C22H29N3S2|CHEBI:9544|CHEMBL1378|CS-0013829|NS00004048|orb1688124|cid_3085006|DTXCID403651|MFCD00865537|MLS002154140|SCHEMBL49124|SMR001233447|DTXSID1023651|EN300-19766526|RefChem:897744|Tietilperazina|NCGC00262537-04|SCHEMBL29507072|SCHEMBL29688372|UNII-8ETK1WAF6R|EINECS 215-819-0|Theithylperazine|ETHYLTHIOPERAZINE|Thiethylperazinum|Thioethylperazine|Norzine (Salt/Mix)|Thiethylpipezazine|Torecan (Salt/Mix)|Tresten (Salt/Mix)|GS-95 (*Dimaleate*)|Norzine (*Dimaleate*)|THIETHYLPERAZINE [MI]|Tietilperazina [DCIT]|BRD-K69600043-328-05-5|THIETHYLPERAZINE [INN]|THIETHYLPERAZINE [HSDB]|THIETHYLPERAZINE [USAN]|THIETHYLPERAZINE [MART.]|THIETHYLPERAZINE [VANDF]|THIETHYLPERAZINE [WHO-DD]|Thiethylperazine (USAN/INN)|Thiethylperazinum [INN-Latin]|Thiethylperazine [USAN:INN:BAN]|Thiethylperazine maleate (Salt/Mix)|2-Ethylthio-10-(3-(4-methylpiperazin-1-yl)propyl)phenothiazine|2-(Ethylthio)-10-[3-(4-methyl-1-piperazinyl)propyl]phenthiazine|2-(Ethylthio)-10-(3-(4-methyl-1-piperazinyl)propyl)phenothiazine|2-(Ethylthio)-10-[3-(4-methyl-1-piperazinyl)propyl]phenothiazine|3-Ethylmercapto-10-(1'-methylpiperazinyl-4'-propyl)phenothiazine|2-ethylsulfanyl-10-[3-(4-methylpiperazin-1-yl)propyl]phenothiazine|Phenothiazine, 2-(ethylthio)-10-(3-(4-methyl-1-piperazinyl)propyl)-|Phenothiazine, 2-(ethylthio)-10-[3-(4-methyl-1-piperazinyl)propyl]-|2-(ethylthio)-10-(3-(4-methylpiperazin-1-yl)propyl)-10H-phenothiazine|2-(ethylthio)-10-[3-(4-methylpiperazin-1-yl)propyl]-10H-phenothiazine|10H-Phenothiazine, 2-(ethylthio)-10-(3-(4-methyl-1-piperazinyl)propyl)-|10H-Phenothiazine, 2-(ethylthio)-10-[3-(4-methyl-1-piperazinyl)propyl]-|2-(ethylthio)-10-[3-(4-methylpiperazino)propyl]phenothiazine;malic acid|2-(ethylsulfanyl)-10-(3-(4-methylpiperazin-1-yl)propyl)-10H-phenothiazine|2-(ethylsulfanyl)-10-[3-(4-methylpiperazin-1-yl)propyl]-10H-phenothiazine|2-(Ethylsulfanyl)-10-[3-(4-methyl-1-piperazinyl)propyl]-10H-phenothiazine #|2-(ethylthio)-10-[3-(4-methyl-1-piperazinyl)propyl]phenothiazine;2-hydroxybutanedioic acid|2-ethylsulfanyl-10-[3-(4-methylpiperazin-1-yl)propyl]phenothiazine;2-oxidanylbutanedioic acid",CCSc1ccc2c(c1)N(CCCN1CCN(C)CC1)c1ccccc1S2
5291,imatinib,"imatinib|152459-95-5|1080014-82-9|STI|1iep|1xbb|I0906|I4800|S2475|T6230|AC-524|D08066|Glamox|ST1571|CS-0964|DB00619|ES-0058|EX-A063|F361979|FM10813|L01XE01|PA-5291|Q177094|SB17306|ST 1571|ST-1571|112GI019|BI164570|cid_5291|GTPL5687|HY-15463|SY028029|BDBM13530|BDBM86734|C29H31N7O|CHEMBL941|EBC-06061|HY-15463R|MSK159951|NSC743414|NSC759854|NSC800772|STK617705|BKJ8M8G5HI|CCG-101289|CCRIS 9076|CGP 57148B|CGP-57148B|CGP057148B|GLXC-05177|HMS2089D03|HMS3244P06|HMS3244P10|HMS3244P14|HMS3656K04|HMS3715P03|HMS5081I09|Imatinibum|NS00009172|NSC 743414|NSC 759854|NSC-743414|NSC-759854|NSC-800772|orb1300957|orb1941075|orb3141244|RefChem:76|SW197805-5|BIDD:GT0047|CHEBI:45783|Glamox (TN)|Gleevec(TM)|Kinome_3724|MRF-0000449|SCHEMBL3827|Z1546624232|EN300-123057|Imatinib, 21|imatinib-CD3|MFCD05662257|AB00698388-07|AB00698388-10|AB00698388-11|AB00698388-12|AB00698388-13|AB00698388_15|AB00698388_16|AKOS000280662|DTXCID1017125|DTXSID3037125|IMATINIB [MI]|Imatinib base|Imatinib (INN)|IMATINIB [INN]|SR-01000763561|STI571,GLEEVEC|CAS_220127-57-1|GLEEVEC,STI-571|NCGC00159456-01|NCGC00159456-02|NCGC00159456-03|NCGC00159456-04|NCGC00159456-05|NCGC00159456-06|NCGC00159456-07|NCGC00159456-09|NCGC00159456-16|NCGC00159456-25|NCGC00159456-26|SCHEMBL29351601|SCHEMBL29355523|UNII-BKJ8M8G5HI|IMATINIB [VANDF]|SR-01000763561-4|SR-01000763561-6|Imatinib (STI571)|IMATINIB [WHO-DD]|STI-571; IMATINIB|Imatinib (Gleevec)|Imatinib [INN:BAN]|Imatinib free base|Imatinib (Standard)|IMATINIB [EMA EPAR]|Imatinib, Free base|SDCCGSBI-0634386.P009|BRD-K92723993-001-06-7|BRD-K92723993-001-12-5|BRD-K92723993-066-02-9|BRD-K92723993-066-04-5|BRD-K92723993-066-22-7|Pharmakon1600-01502276|152459-95-5 (free base)|Gleevec (TN) (Novartis)|Imatinib Methansulfonate|Imatinib base - Bio-X trade mark|alpha-(4-methyl-1-piperazinyl)-3'-((4-(3-pyridyl)-2-pyrimidinyl)amino)-p-toluidide|4-(4-Me-piperazin-1-ylmethyl)-N-[4-Me-3-(4-pyridin-3-yl-pyrimidin-2-ylamino)-phenyl]-benzamide|N-[4-Methyl-3-[[4-(3-pyridyl)-2-pyrimidyl]amino]phenyl]-4-[(4-methyl-1-piperazinyl)methyl]benzamide|4-[(4-methylpiperazin-1-yl)methyl]-N-[4-methyl-3-[[4-(3-pyridyl)pyrimidin-2-yl]amino]phenyl]benzamide|4-(4-METHYL-PIPERAZIN-1-YLMETHYL)-N-[4-METHYL-3-(4-PYRIDIN-3-YL-PYRIMIDIN-2-YLAMINO)-PHENYL]-BENZAMIDE|4-(4-Methylpiperazin-1-ylmethyl)-N-[4-methyl-3-[[4-(pyridin-3-yl)pyrimidin-2-yl]amino]phenyl]benzamide|4-[(4-methylpiperazin-1-yl)methyl]-N-[4-methyl-3-[(4-pyridin-3-ylpyrimidin-2-yl)amino]phenyl]benzamide|4-[(4-methylpiperazin-1-yl)methyl]-N-{4-methyl-3-[(4-pyridin-3-ylpyrimidin-2-yl)amino]phenyl}benzamide|N-(3-(4-(pyridin-3-yl)pyrimidin-2-ylamino)-4-methylphenyl)-4-((4-methylpiperazin-1-yl)methyl)benzamide|N-(4-methyl-3-(4-(pyridin-3-yl)pyrimidin-2-ylamino)phenyl)-4-((4-methylpiperazin-1-yl)methyl)benzamide|4-((4-Methyl-1-piperazinyl)methyl)-N-(4-methyl-3-((4-(3-pyridinyl)-2-pyrimidinyl)amino)phenyl)benzamide|4-[(4-Methyl-1-piperazinyl)methyl]-N-[4-methyl-3-[[4(3-pyridinyl)-2-pyrimidinyl]amino]phenyl]-benzamide|4-[(4-methyl-1-piperazinyl)methyl]-N-[4-methyl-3-[[4-(3-pyridinyl)-2-pyrimidinyl]amino]phenyl]benzamide|4-[(4-methyl-1-piperazinyl)methyl]-n[4-methyl-3-[[4-(3-pyridinyl)-2-pyrimidinyl]amino]phenyl]-benzamide|4-[(4-methyl-1-piperazinyl)methyl]-N-[4-methyl-3-[(4-(3-pyridinyl)-2-pyrimidinyl]amino]-phenyl]benzamide|4-[(4-Methyl-1-piperazinyl)methyl]-N-[4-methyl-3-[[4-(3- pyridinyl)-2-pyrimidinyl]amino]phenyl]benzamide|4-[(4-Methyl-1-piperazinyl)methyl]-N-[4-methyl-3-[[4-(3-pyridinyl)-2-pyrimidinyl]amino]-phenyl]benzamide|4-[(4-methyl-1-piperazinyl)methyl]-N-[4-methyl-3-[[4-(3-pyridinyl)-2-pyrimidinyl]amino]phenyl]-benzamide|4-[(4-methylpiperazin-1-yl)methyl]-N-(4-methyl-3-{[4-(pyridin-3-yl)pyrimidin-2-yl]amino}phenyl)benzamide|N-(4-Methyl-3-((4-(pyridin-3-yl)pyrimidin-2-yl)amino)phenyl)-4-((4-methylpiperazin-1-yl)methyl)benzamide|N-(4-methyl-3-{[4-(pyridin-3-yl)pyrimidin-2-yl]amino}phenyl)-4-[(4-methylpiperazin-1-yl)methyl]benzamide|BENZAMIDE, 4-((4-METHYL-1-PIPERAZINYL)METHYL)-N-(4-METHYL-3-((4-(3-PYRIDINYL)-2-PYRIMIDINYL)AMINOPHENYL)-|benzamide, 4-[(4-methyl-1-piperazinyl)methyl]-N-[4-methyl-3-[[4-(3-pyridinyl)-2-pyrimidinyl]amino]phenyl]-|4-[(4-methyl-1-piperazinyl)-methyl]-N-{4-methyl-3-[[4-(3-pyridinyl)-2-pyrimidinyl]-amino]-phenyl)-benzamide|4-[(4-methyl-1-piperazinyl)-methyl]-N-{4-methyl-3-[[4-(3-pyridinyl)-2-pyrimidinyl]-amino]-phenyl}-benzamide|Benzamide, 4-((4-methyl)-1-piperazinyl)methyl)-N-(4-methyl-3-((4-(3-pyridinyl)-2-pyrimidinyl)amino)phenyl)-|Benzamide, 4-[(4-methyl-1-piperazinyl)methyl]-N-[4-methyl-3-[[4-(3-pyridinyl)-2-pyrimidinyl]amino]phenyl]- (9CI)|4-[(4-methyl-1-piperazinyl)methyl]-N-[4-methyl-3-[[4-(3-pyridinyl)-2-pyrimidinyl]amino]phenyl]-benzamide methanesulfonate|IMATINIB MESYLATEGLEEVECGLIVECIMATINIBSTI571CGP 571484-[(4-METHYL-1-PIPERAZINYL)METHYL]-N-[4-METHYL-3-[[4-(3-PYRIDINYL)-2-PYRIMIDINYL]AMINO]-PHENYL]BENZAMIDE|4-(4-Methylpiperazin-1-ylmethyl)-N-[4-methyl-3-[[4-(pyridin-3-yl)pyrimidin-2-yl]amino]phenyl]benzamide; CGP 57148; Genfatinib; Imatinib, Benzamide, 4-[(4-methyl-1-piperazinyl)methyl]-N-[4-methyl-3-[[4-(3-pyridinyl)-2-pyrimidinyl]amino]phenyl]-",Cc1ccc(NC(=O)c2ccc(CN3CCN(C)CC3)cc2)cc1Nc1nccc(-c2cccnc2)n1
444036,fluticasone-propionate,"fluticasone-propionate|80474-14-2|F4683|FN-25|s1992|A51110|AC-457|atemur|D01708|HB1091|Skyron|Ubizol|Xhance|Zoflut|Asmatil|Axotide|Brethal|CS-1986|DB00588|FF23515|Flonase|Flovent|Fluinol|Flutide|KS-1173|MSK2239|Nasofan|NC00231|Sereflo|BF160362|BF161262|cci18781|Cutivate|Flusonal|Fluxonal|GTPL7080|HY-B0154|Inalacor|Pirinase|Q8564098|Rinosone|Sirdupla|SY028612|Trialona|YMB56612|CCI 18781|CCI-18781|Cultivate|EBC-27242|Flixonase|Flixotide|Fluspiral|FlutiCare|Flutivate|HY-B0154R|AB00513992|CCG-100981|CHEMBL1473|Flonase Aq|HMS1571G15|HMS2051N19|HMS2098G15|HMS3413A19|HMS3677A19|HMS3715G15|Nasopro 24|NS00069576|NSC 759889|NSC-759889|O2GMZ0LF5W|orb1223965|orb1310855|orb3139685|C25H31F3O5S|CHEBI:31441|Flovent HFA|Flovent-hfa|PF-00241939|SCHEMBL4068|Seretide 50|BDBM50354849|Flonase (TN)|Flovent (TN)|MFCD00866007|MLS001424085|MSK2239-100A|RefChem:5840|Seretide 100|Seretide 125|Seretide 250|Seretide 500|SMR000469159|SPBio_002984|Tox21_110698|AB00513992-06|AB00513992_08|AKOS015895220|BPBio1_001203|BSPBio_001093|Cutivate (TN)|DTXSID8045511|EN300-7480904|MSK2239-1000A|CAS-80474-14-2|Flixotide Disk|Flovent Diskus|HEB Nasopro 24|SR-01000763355|Tox21_110698_1|AN-584/43505443|childrens nasal|DTXCID801476602|Flixotide Disks|NCGC00016943-01|NCGC00179308-01|NCGC00179308-04|NCGC00179308-05|NCGC00179308-15|UNII-O2GMZ0LF5W|Aerivio Spiromax|Flovent Rotadisk|SR-01000763355-3|CHILDRENS FLONASE|Childrens Nasopro|Flixotide Inhaler|Flovent Diskus 50|Prestwick0_000997|Prestwick1_000997|Prestwick2_000997|Prestwick3_000997|Welby Fluticasone|Airflusal forspiro|ARMONAIR DIGIHALER|Flovent Diskus 100|Flovent Diskus 250|ArmonAir RespiClick|allergy relief nasal|24 Hour Allergy Nasal|ArmonAir RespiClickTM|Flixonase Nasal Spray|BRD-K62310379-001-03-0|BRD-K62310379-001-10-5|Flonase Allergy Relief|FLUTICASONE PROPIONATE|childrens allergy nasal|Walgreens allergy nasal|Fluticasone (propionate)|Fluticasone-17-propionate|Fluticasonpropionat Allen|Fluticasone propionate CRS|Fluticasone Propionate HFA|FLUTICASONE PROPIONATE [MI]|leader allergy relief nasal|FLUTICASONE PROPIONATE [JAN]|Fluticasone Propionate Nasal|Kirkland Signature Aller Flo|Topcare Allergy Relief Nasal|Fluticasone propionate [USAN]|FLUTICASONE PROPIONATE DISKUS|leader fluticasone propionate|DG Health Allergy Relief Nasal|FLUTICASONE PROPIONATE [MART.]|FLUTICASONE PROPIONATE [VANDF]|Up and Up Allergy Relief Nasal|basic care allergy relief nasal|Equaline Fluticasone Propionate|FLUTICASONE PROPIONATE [USP-RS]|FLUTICASONE PROPIONATE [WHO-DD]|caring mill allergy relief nasal|CHILDRENS FLONASE ALLERGY RELIEF|CHILDRENS FLUTICASONE PROPIONATE|Fluticasone propionate (JAN/USP)|Good Sense 24 hour allergy nasal|Fluticasone propionate [USAN:USP]|Fluticasone Propionate Impurity 15|Harris Teeter Allergy Relief Nasal|RUGBY FLUTICASONE PROPIONATE NASAL|SunMark allergy relief nasal 24 hr|Fluticasone (propionate) (Standard)|FLUTICASONE PROPIONATE [ORANGE BOOK]|topcare fluticasone propionate nasal|FLUTICASONE PROPIONATE [EP MONOGRAPH]|Fluticasone Propionate spray, metered|FLUTICASONE PROPIONATE [USP MONOGRAPH]|ADVAIR COMPONENT FLUTICASONE PROPIONATE|DG Health childrens allergy relief nasal|DYMISTA COMPONENT FLUTICASONE PROPIONATE|basic care childrens allergy relief nasal|Fluticasone propionate - Bio-X trade mark|LIPO-102 COMPONENT FLUTICASONE PROPIONATE|caring mill childrens allergy relief nasal|Fluticasone propionate (Flonase, Veramyst)|ADVAIR HFA COMPONENT FLUTICASONE PROPIONATE|Fluticasone propionate, >=98% (HPLC), powder|good neighbor pharmacy fluticasone propionate|TopCare Childrens Allergy Relief Nasal 24 Hour|Fluticasone propionate - micronised pharma grade|Fluticasone propionate 100 |Ig/mL in Acetonitrile|AIRDUO RESPICLICK COMPONENT FLUTICASONE PROPIONATE|Fluticasone propionate 100 microg/mL in Acetonitrile|Fluticasone 17(2)-Carbonylsulfenic Acid 17-Propionate|Good Neighbor Pharmacy Childrens Fluticasone Propionate|Fluticasone propionate for impurity C identification CRS|Fluticasone propionate for impurity G identification CRS|Fluticasone propionate Solution in Acetonitrile, 100ug/mL|Fluticasone (propionate)CCI-187881, Fluticasone propionate|Fluticasone propionate Solution in Acetonitrile, 1000ug/mL|Fluticasone propionate, European Pharmacopoeia (EP) Reference Standard|Fluticasone propionate, United States Pharmacopeia (USP) Reference Standard|Fluticasone Propionate, Pharmaceutical Secondary Standard; Certified Reference Material|Fluticasone propionate for impurity C identification, EuropePharmacopoeia (EP) Reference Standard|Fluticasone propionate for impurity G identification, EuropePharmacopoeia (EP) Reference Standard|6|A,9-Difluoro-17-[[(fluoromethyl)sulphanyl]carbonyl]-11|A-hydroxy-16|A-methyl-3-oxoandrosta-1,4-dien-17|A-yl propanoate|S-(Fluoromethyl) 6alpha,9-difluoro-11beta,17-dihydroxy-16alpha-methyl-3-oxoandrosta-1,4-diene-17beta-carbothioate, 17-propionate|6alpha,9-difluoro-17beta-{[(fluoromethyl)sulfanyl]carbonyl}-11beta-hydroxy-16-methyl-3-oxoandrosta-1,4-dien-17alpha-yl propanoate|6alpha,9-Difluoro-17beta-{[(fluoromethyl)sulfanyl]carbonyl}-11beta-hydroxy-16alpha-methyl-3-oxoandrosta-1,4-dien-17alpha-yl propanoate|(6a,11b,16a,17a)-6,9-Difluoro-11-hydroxy-16-methyl-3-oxo-17-(1-oxopropoxy)androsta-1,4-diene-17-carbothioic acid S-(fluoromethyl) es ter|(6alpha,11beta,16alpha,17alpha)-6,9-Difluoro-11-hydroxy-16-methyl-3-oxo-17-(1-oxopropoxy)androsta-1,4-diene-17-carbothioic acid fluoromethyl ester|S-FLUOROMETHYL 6.ALPHA., 9.ALPHA.-DIFLUORO-11.BETA.-HYDROXY-16.ALPHA.-METHYL-3-OXO-17.ALPHA.-PROPIONYLOXYANDROSTA-1,4-DIENE-17.BETA-. CARBOTHIOATE|(6alpha,11beta,16alpha,17alpha)-6,9-Difluoro-11-hydroxy-16-methyl-3-oxo-17-(1-oxopropoxy)androsta-1,4-diene-17-carbothioic Acid, S-(Fluoromethyl) Ester|Androsta-1,4-diene-17-carbothioic acid, 6,9-difluoro-11-hydroxy-16-methyl-3-oxo-17-(1-oxopropoxy)-, (6alpha,11beta,16alpha,17alpha)-S-(fluoromethyl) ester|ANDROSTA-1,4-DIENE-17-CARBOTHIOIC ACID, 6,9-DIFLUORO-11-HYDROXY-16-METHYL-3-OXO-17-(1-OXOPROPOXY)-, (6.ALPHA.,11.BETA.,16.ALPHA.,17.ALPHA.)-S-(FLUOROMETHYL) ESTER|Androsta-1,4-diene-17-carbothioic acid, 6,9-difluoro-11-hydroxy-16-methyl-3-oxo-17-(1-oxopropoxy)-,S-(fluoromethyl) ester, (6.alpha.,11.beta.,16.alpha.,17.alpha.)-|6,9-difluoro-17-{[(fluoromethyl)sulfanyl]carbonyl}-11-hydroxy-10,13,16-trimethyl-3-oxo-6,7,8,9,10,11,12,13,14,15,16,17-dodecahydro-3H-cyclopenta[a]phenanthren-17-yl propionate|(1R,2S,8S,10S,11S,13R,14R,15S,17S)-1,8-difluoro-14-(((fluoromethyl)sulfanyl)carbonyl)-17-hydroxy-2,13,15-trimethyl-5-oxotetracyclo(8.7.0.0^(2,7).0^(11,15))heptadeca-3,6-dien-14-yl propanoate|(1R,2S,8S,10S,11S,13R,14R,15S,17S)-1,8-difluoro-14-{[(fluoromethyl)sulfanyl]carbonyl}-17-hydroxy-2,13,15-trimethyl-5-oxotetracyclo[8.7.0.0^{2,7}.0^{11,15}]heptadeca-3,6-dien-14-yl propanoate|((6S,8S,9R,10S,11S,13S,14S,16R,17R)-6,9-difluoro-17-(fluoromethylsulfanylcarbonyl)-11-hydroxy-10,13,16-trimethyl-3-oxo-6,7,8,11,12,14,15,16-octahydrocyclopenta(a)phenanthren-17-yl) propanoate|[(6S,8S,9R,10S,11S,13S,14S,16R,17R)-6,9-difluoro-17-(fluoromethylsulfanylcarbonyl)-11-hydroxy-10,13,16-trimethyl-3-oxo-6,7,8,11,12,14,15,16-octahydrocyclopenta[a]phenanthren-17-yl] propanoate|(6S,8S,9R,10S,11S,13S,14S,16R,17R)-6,9-difluoro-17-(((fluoromethyl)thio)carbonyl)-11-hydroxy-10,13,16-trimethyl-3-oxo-6,7,8,9,10,11,12,13,14,15,16,17-dodecahydro-3H-cyclopenta[a]phenanthren-17-yl propionate|(1R,2R,3aS,3bS,5S,9aS,9bR,10S,11aS)-5,9b-difluoro-1-{[(fluoromethyl)sulfanyl]carbonyl}-10-hydroxy-2,9a,11a-trimethyl-7-oxo-1H,2H,3H,3aH,3bH,4H,5H,7H,9aH,9bH,10H,11H,11aH-cyclopenta[a]phenanthren-1-yl propanoate",CCC(=O)O[C@]1(C(=O)SCF)[C@H](C)C[C@H]2[C@@H]3C[C@H](F)C4=CC(=O)C=C[C@]4(C)[C@@]3(F)[C@@H](O)C[C@@]21C
4735,pentamidine,"pentamidine|100-33-4|PNT|C07420|D08333|MB-800|PR-118|T23133|DB00738|DS-1680|F092067|FP26808|NSC9921|P01CX01|Q416206|RP-2512|AC-12459|CHEMBL55|HY-B0537|NSC 9921|NSC-9921|202-841-0|BDBM45440|DB-315935|EBC-02046|EX-A1489A|HSDB 7474|HY-B0537R|MMV000062|MP 601205|MP-601205|Pentamide|673LC5J4LQ|AB00053572|CCRIS 3825|cid_359323|GLXC-07790|HMS2089J14|NS00008235|orb1219669|orb1305716|Pentamidin|BRN 3159790|CHEBI:45081|GNF-Pf-3680|Pentamidina|SCHEMBL3329|BDBM50368101|CHEMBL494163|DTXCID403431|EN300-124032|KBio3_001252|MFCD00599574|MLS006011562|NCI60_042221|Pentamidinum|SMR001549987|SPBio_000290|SPBio_002546|AB00053572-18|AB00053572_19|AB00053572_20|AKOS015919681|BPBio1_000689|BSPBio_000625|BSPBio_001752|DTXSID7023431|KBioGR_000879|Lomidine (TN)|RefChem:57387|NCGC00179034-01|NCGC00179034-02|NCGC00179034-03|NCGC00179034-04|NCGC00179034-08|NCGC00179034-16|NCGC00179034-23|UNII-673LC5J4LQ|EINECS 202-841-0|MB 800 FREE BASE|MB-800 FREE BASE|PENTAMIDINE [MI]|SBI-0051570.P002|Spectrum2_000155|Spectrum3_000276|Spectrum4_000380|Spectrum5_001808|Pentamidine (INN)|PENTAMIDINE [INN]|Prestwick1_000553|Prestwick2_000553|Prestwick3_000553|RP 2512 FREE BASE|RP-2512 FREE BASE|SR-01000075174-14|Pentamidina [DCIT]|PENTAMIDINE [HSDB]|PENTAMIDINE [VANDF]|PENTAMIDINI MESILAS|PENTAMIDINE [WHO-DD]|SDCCGSBI-0050899.P002|BRD-K13183738-001-01-1|BRD-K13183738-300-02-5|BRD-K13183738-317-06-0|BRD-K13183738-317-10-2|Pentamidine (Standard)|RP 2512 (*Isethionate)|WLN: MUYZR DO5OR DYZUM|Aerosolized Pentamadine|MB 800 [AS ISETHIONATE]|MB-800 (AS ISETHIONATE)|Nebupent (*Isethionate)|Pentamidinum [INN-Latin]|RP 2512 [as isethionate]|Nebupent (as isethionate)|Pentam 300 (*Isethionate)|Pentamidine [INN:BAN:DCF]|4,.omega.-diphenoxypentane|Pentacarinat (*Isethionate)|Pentam 300 (as isethionate)|Pentacarinat (as isethionate)|4,4'-Diamidinodiphenoxypentane|4, 4'-Diamidinodiphenoxypentane|1,3-BIS(4-AMIDINOPHENOXY)PENTANE|1,5-bis(4-amidinophenoxy)pentane|4,4'-(Pentamethylenedioxy)dibenzamide|4,4'-(Pentamethylenedioxy)dibenzamidine|Benzamidine,4'-(pentamethylenedioxy)di-|p,p'-(Pentamethylenedioxy)dibenzamidine|Benzamidine, 4,4'-(pentamethylenedioxy)di-|p,p'-(Pentamethylene-dioxy)bis-benzamidine|p,p'-(Pentamethylenedioxy)bis[benzamidine]|4-10-00-00447 (Beilstein Handbook Reference)|4,4'-(Pentane-1,5-diylbis(oxy))dibenzimidamide|4,4'-Diamidino-.alpha.,.omega.-diphenoxypentane|4-[5-(4-carbamimidoylphenoxy)pentoxy]benzamidine|4,4'-[pentane-1,5-diylbis(oxy)]dibenzenecarboximidamide|Benzenecarboximidamide,4'-[1,5-pentanediylbis(oxy)]bis-|4,4'-(1,5-Pentanediylbis(oxy))bis-benzenecarboximidamide|4,4'-[1,5-Pentanediylbis(oxy)]bis-benzenecarboximidamide|Benzenecarboximidamide, 4,4'-(1,5-pentanediylbis(oxy))bis-|Benzenecarboximidamide, 4,4'-[1,5-pentanediylbis(oxy)]bis-|4-[5-(4-Carbamimidoylphenoxy)pentoxy]benzenecarboximidamide|4,4'-[Pentane-1,5-diylbis(oxy)]di(benzene-1-carboximidamide)|4-((5-(4-carbamimidoylphenoxy)pentyl)oxy)benzene-1-carboximidamide|4-{[5-(4-carbamimidoylphenoxy)pentyl]oxy}benzene-1-carboximidamide|4-[5-(4-amidinophenoxy)pentoxy]benzamidine;2-hydroxyethanesulfonic acid|4-[5-(4-carbamimidoylphenoxy)pentoxy]benzenecarboximidamide;2-hydroxyethanesulfonic acid|4-[5-(4-carbamimidoylphenoxy)pentoxy]benzenecarboximidamide;2-oxidanylethanesulfonic acid|4,4-(pentamethylenedioxy)dibenzamidine;4,4'-(Pentane-1,5-diylbis(oxy))dibenzimidamide;4-{[5-(4-carbamimidoylphenoxy)pentyl]oxy}benzene-1-carboximidamide|4,4'-(pentamethylenedioxy)dibenzamidine;4,4'-(Pentane-1,5-diylbis(oxy))dibenzimidamide;4-{[5-(4-carbamimidoylphenoxy)pentyl]oxy}benzene-1-carboximidamide",N=C(N)c1ccc(OCCCCCOc2ccc(C(=N)N)cc2)cc1
3085416,ivermectin,ivermectin|LSM-5397|Q27166389|HMS2233J07|MLS001333247|MLS001333248|MLS002153248|SMR000857211|CHEMBL1699565,CC[C@H](C)[C@H]1O[C@]2(CC[C@@H]1C)C[C@@H]1C[C@@H](CC=C(C)[C@@H](O[C@H]3C[C@H](OC)[C@@H](O[C@H]4C[C@H](OC)[C@@H](O)[C@H](C)O4)[C@H](C)O3)[C@@H](C)C=CC=C3CO[C@@H]4[C@H](O)C(C)=C[C@@H](C(=O)O1)[C@]34O)O2
189562,nebivolol,"nebivolol|118457-15-1|T31402|AT27090|Lobivon|ME-3255|Nobiten|R 67138|R-67138|Vasoxen|Bystolic|R 065824|Silostar|Q27132971|STK637549|I43D0296P8|orb1697469|CHEBI:64021|d-nebivolol|BDBM50596182|Dexnebivolol|MLS006011743|SCHEMBL19864|SMR004703466|(+)-Nebivolol|AB01274797-01|AB01274797_02|AKOS005569513|CHEMBL3526436|(+-)-Nebivolol|dexnebivololum|NEBIVOLOL [MI]|RefChem:937783|SRRR-Nebivolol|(+/-)-Nebivolol|NEBIVOLOL [INN]|SCHEMBL29389162|UNII-030Y90569U|UNII-I43D0296P8|NEBIVOLOL [USAN]|SBI-0653874.0001|NEBIVOLOL [MART.]|NEBIVOLOL [VANDF]|(+)-RRRS-nebivolol|Dexnebivolol [INN]|NEBIVOLOL [WHO-DD]|(S,R,R,R)-nebivolol|D-Nebivolol (SR,RR)|DEXNEBIVOLOL [WHO-DD]|BRD-K04956647-003-02-5|BRD-K04956647-003-03-3|Nebivolol Impurity 111|(+)-(S,R,R,R)-nebivolol|SRRR and RSSS Nebivolol|Nebivolol [USAN:INN:BAN]|KOHIRBRYDXPAMZ-YHBROIRLSA-N|BYVALSON COMPONENT NEBIVOLOL|R 67138;d-Nebivolol;(+)-Nebivolol; (S,R,R,R)-Nebivolol|(1R,1'R)-2,2'-iminobis{1-[(2R,2'S)-6-fluoro-3,4-dihydro-2H-chromen-2-yl]ethanol}|(S,R,R,R)-alpha,alpha'-[iminobis(methylene)]bis(6-fluoro-3H,4H-dihydro-2H-1-benzopyran-2-methanol)|(R)-1-((R)-6-fluorochroman-2-yl)-2-(((R)-2-((S)-6-fluorochroman-2-yl)-2-hydroxyethyl)amino)ethan-1-ol|2H-1-Benzopyran-2-methanol, alpha,alpha'-(iminobis(methylene))bis(6-fluoro-3,4-dihydro-, (2R*(R*(R*(S*))))-|(alphaR,alpha'R,2R,2'S)-alpha,alpha'-[Iminobis(methylene)]bis[6-fluoro-3,4-dihydro-2H-1-benzopyran-2-methanol]|[2S,alphaR,2'R,alpha'R]-alpha,alpha'-[imino-bis(methylene)]bis[6-fluoro-3,4-dihydro-2H-1-benzopyran-2-methanol]|2H-1-Benzopyran-2-methanol, alpha,alpha'-(iminobis(methylene))bis(6-fluoro-3,4-dihydro-, (2R-(2R*(R*(R*(S*)))))-|2H-1-Benzopyran-2-methanol, alpha,alpha'-[iminobis(methylene)]bis[6-fluoro-3,4-dihydro-, (alphaR,alpha'R,2R,2'S)-|rel-(alphaR,alpha'R,2R,2'S)-alpha,alpha'-[Iminobis(methylene)]bis[6-fluoro-3,4-dihydro-2H-1-benzopyran-2-methanol]|2H-1-Benzopyran-2-methanol, alpha,alpha'-[iminobis(methylene)]bis[6-fluoro-3,4-dihydro-, (alphaR,alpha'R,2R,2'S)-rel-|(1R)-1-[(2R)-6-fluoro-3,4-dihydro-2H-chromen-2-yl]-2-({(2R)-2-[(2S)-6-fluoro-3,4-dihydro-2H-chromen-2-yl]-2-hydroxyethyl}amino)ethanol|(1R)-1-[(2R)-6-fluoro-3,4-dihydro-2H-chromen-2-yl]-2-[[(2R)-2-[(2S)-6-fluoro-3,4-dihydro-2H-chromen-2-yl]-2-hydroxyethyl]amino]ethanol|(1R)-1-[(2S)-6-fluoro-3,4-dihydro-2H-chromen-2-yl]-2-[[(2R)-2-[(2R)-6-fluoro-3,4-dihydro-2H-chromen-2-yl]-2-hydroxyethyl]amino]ethanol|(1R)-2-(((2R)-2-((2S)-6-FLUORO-3,4-DIHYDRO-2H-CHROMEN-2-YL)-2-HYDROXYETHYL)AMINO)-1-((2R)-6-FLUORO-3,4-DIHYDRO-2H-CHROMEN-2-YL)ETHANOL|(|AR,|A inverted exclamation markaR,2R,2 inverted exclamation markaS)-|A,|A inverted exclamation marka-[Iminobis(methylene)]bis[6-fluoro-3,4-dihydro-2H-1-benzopyran-2-methanol]",O[C@H](CNC[C@@H](O)[C@H]1CCc2cc(F)ccc2O1)[C@@H]1CCc2cc(F)ccc2O1
193962,etravirine,"etravirine|269055-15-4|394729-17-0|1142096-06-7|65B|3m8p|s3080|D04112|TMC125|AC-8503|CS-0435|DB06414|F856916|FA16346|HE-0088|J05AG04|PB32778|Q414762|R165335|TMC 125|TMC-125|BA164437|EX-A4282|HY-90005|R 165335|R-165335|SVB09593|SY097013|682-331-6|DB-067700|DB-262849|EBC-27088|GTPL12675|HY-90005R|Intelence|0C50HW4FO1|CCG-269074|DAPY deriv|Etravirina|GLXC-04866|HMS3651P20|HMS5081G14|NS00008301|orb1225464|orb1305326|SW219570-1|TMC125 cpd|C20H15BrN6O|CHEBI:63589|etravirinum|BDBM50103642|CHEMBL308954|MFCD09837879|SCHEMBL52691|AB01566873_01|AKOS015896355|Etravirine-d8|Intelence(TM)|RefChem:57536|DTXCID40103903|DTXSID30181412|EN300-23542752|Etravirine CRS|Intelence (TN)|R165335-TMC125|SR-01000944895|ETRAVIRINE [MI]|NCGC00345885-02|NCGC00345885-04|UNII-0C50HW4FO1|Etravirine [INN]|ETRAVIRINE [JAN]|SBI-0654096.0001|SR-01000944895-1|TMC-125/R-165335|Epitope ID:231719|ETRAVIRINE [USAN]|ETRAVIRINE [MART.]|ETRAVIRINE [VANDF]|Etravirine (TMC125)|ETRAVIRINE [WHO-DD]|Etravine; Etravirine|Etravirine (Standard)|ETRAVIRINE [EMA EPAR]|BRD-K74717603-001-02-2|Diaminopyrimidine deriv|ETRAVIRINE [ORANGE BOOK]|Etravirine (JAN/USAN/INN)|Etravirine [EP monograph]|4-({6-amino-5-bromo-2-[(4-|PYGWGZALEOIKDF-UHFFFAOYSA-N|Etravirine - Bio-X trade mark|Etravirine [USAN:INN:BAN:JAN]|cyanophenyl)amino]pyrimidin-4-yl}oxy)-3,5-|4-(6-amino-5-bromo-2-(4-cyanoanilino)pyrimidin-4-yl)oxy-3,5-dimethylbenzonitrile|4-(6-Amino-5-bromo-2-(4-cyanoanilino)pyrimidin-4-yloxy)-3,5-dimethylbenzonitrile|4-[6-amino-5-bromo-2-(4-cyanoanilino)pyrimidin-4-yl]oxy-3,5-dimethylbenzonitrile|4-[6-amino-5-bromo-2-(4-cyanoanilino)pyrimidin-4-yl]oxy-3,5-dimethyl-benzonitrile|4-{[6-Amino-5-bromo-2-(4-cyanoanilino)pyrimidin-4-yl]oxy}-3,5-dimethylbenzonitrile|4-(6-amino-5-bromo-2-(4-cyanophenylamino)pyrimidin-4-yloxy)-3,5-dimethylbenzonitrile|4-(6-amino-5-bromo-2-(4-cyanophenylamino)pyrimidin-4-ylamino)-3,5-dimethylbenzonitrile|4-[[4-amino 5-bromo-6-(4-cyano-2,6-dimethylphenyloxy)-2-pyrimidinyl]amino]benzonitrile|4-[[4-amino-5-bromo-6-(4-cyano-2,6-dimethylphenyloxy)-2-pyrimidinyl]amino]benzonitrile|4-[6-amino-5-bromo-2-(4-cyano-phenylamino)-pyrimidin-4-yloxy]-3,5-dimethyl-benzonitrile|4-[[4-amino-5-bromo-6-(4-cyano-2,6-dimethylphenyloxy)-2-pyrimidinyl]-amino]benzonitrile|4-((6-Amino-5-bromo-2-((4-cyanophenyl)amino)pyrimidin-4-yl)oxy)-3,5-dimethylbenzonitrile|4-({6-AMINO-5-BROMO-2-[(4-CYANOPHENYL)AMINO]PYRIMIDIN-4-YL}OXY)-3,5-DIMETHYLBENZONITRILE|4-[6-Amino-5-bromo-2-[(4-cyanophenyl)amino]pyrimidin-4-yl ]oxy-3,5-dimethyl-benzonitrile|4-[[6-AMINO-5-BROMO-2-[(4-CYANOPHENYL)AMINO]-4-PYRIMIDINYL]OXY]-3,5-DIMETHYLBENZONITRILE|4-((6-amino-5-bromo-2-((4-cyanophenyl)amino)-4-pyrimidinyl)oxy)-3,5-dimethyl-benzonitrile|4-[[6-amino-5-bromo-2-[(4-cyanophenyl)amino]-4-pyrimidinyl]oxy]-3, 5-dimethylbenzonitrile|4-[[6-amino-5-bromo-2-[(4-cyanophenyl)amino]-4-pyrimidinyl]oxy]-3,5-dimethyl-benzonitrile|4-[[6-Amino-5-bromo-2-[(4-cyanophenyl)amino]-4-pyrimidinyl]oxy]-3,5-dimethyl -benzonitrile|Benzonitrile,4-[[6-amino-5-bromo-2-[(4-cyanophenyl)amino]-4-pyrimidinyl]oxy]-3,5-dimethyl-|Benzonitrile, 4-((6-amino-5-bromo-2-((4-cyanophenyl)amino)-4-pyrimidinyl)oxy)-3,5-dimethyl-|Benzonitrile, 4-[[6-amino-5-bromo-2-[(4-cyanophenyl)amino]-4-pyrimidinyl]oxy]-3,5-dimethyl-|4-((6-amino-5-bromo-2-((4-cyanophenyl) amino) pyrimidin-4-yl) oxy)-3, 5-dimethylbenzonitrile|4-[[6-Amino-5-bromo-2-[(4-cyanophenyl)amino]-4-pyrimidinyl]oxy]-3,5-(dimethyl); benzonitrile",Cc1cc(C#N)cc(C)c1Oc1nc(Nc2ccc(C#N)cc2)nc(N)c1Br
1548953,clomifene,"clomifene|15690-57-0|53Q|C06917|D07726|D08910|H20724|T62017|DB06735|DA-63191|GTPL7619|ISOMER B|ISOMER-B|BDBM55354|CHEMBL954|Clomifeno|EBC-97043|HY-118861|ICI 46476|ICI-46476|RMI-16289|STK525981|Clomifenum|CS-0069846|HMS2090O17|HMS2232E06|NS00121637|orb3027227|R6D2UI4FLS|RMI 16,289|Rmi-16,289|BIDD:ER0223|BIDD:GT0216|cid_1548953|cid_6420009|Enclomifene|Enclomifeno|Enclomiphen|Enclomifenum|Enclomiphene|MFCD00867469|MLS001304092|MLS006011852|SCHEMBL34893|SMR000718756|SMR004703502|AKOS005459442|BPBio1_000675|BSPBio_000613|Cisclomiphene|En-Clomiphene|Cisclomiphene;|DTXCID50196644|RefChem:136761|Clomifene (INN)|DTXSID201318048|NCGC00179503-01|NCGC00179503-02|NCGC00179503-12|trans-Clomifene|Transclomifenum|UNII-R6D2UI4FLS|trans Clomiphene|trans-Clomiphene|Clomiphene trans-|Enclomifene [INN]|Prestwick2_000397|Prestwick3_000397|Trans-Enclomiphene|Enclomiphene (USAN)|Enclomiphene [USAN]|Clomiphene trans-form|ENCLOMIPHENE [WHO-DD]|BRD-K04218075-048-03-4|Enclomifenum [INN-Latin]|Enclomifeno [INN-Spanish]|CLOMIPHENE TRANS-FORM [MI]|trans-Clomiphene (Enclomiphene)|(E)-2-(p-(2-Chloro-1,2-diphenylvinyl)phenoxy)triethylamine|trans-2-(p-(2-Chloro-1,2-diphenylvinyl)phenoxy)triethylamine|{2-[4-(2-chloro-1,2-diphenylethenyl)phenoxy]ethyl}diethylamine|Triethylamine, 2-(p-(2-chloro-1,2-diphenylvinyl)phenoxy)-, (E)-|1-[(E)-2-chloro-1,2-diphenylethenyl]-4-methoxybenzene; clomiphene|2-(4-(2-Chloro-1,2-diphenylethenyl)phenoxy)-N,N-diethylethanamine|2-[4-(2-chloro-1,2-diphenylethenyl)phenoxy]-N,N-diethylethanamine|(2-(4-((E)-2-chloro-1,2-diphenylethenyl)phenoxy)ethyl)diethylamine|(E)-2-(4-(2-chloro-1,2-diphenylvinyl)phenoxy)-N,N-diethylethanamine|1-(p-.beta.-Diethylaminoethoxyphenyl)-1,2-diphenyl-2-chloroethylene|2-[4-[(E)-2-chloro-1,2-diphenyl-vinyl]phenoxy]-N,N-diethyl-ethanamine|2-[4-[(E)-2-chloro-1,2-diphenylethenyl]phenoxy]-N,N-diethylethanamine|2-{4-[(E)-2-chloro-1,2-diphenylethenyl]phenoxy}-N,N-diethylethanamine|(E)-2-(4-(2-chloro-1,2-diphenylvinyl)phenoxy)-N,N-diethylethan-1-amine|2-(4-((E)-2-chloro-1,2-di(phenyl)ethenyl)phenoxy)-N,N-diethylethanamine|2-[4-[(E)-2-chloro-1,2-di(phenyl)ethenyl]phenoxy]-N,N-diethylethanamine|trans-2-(4-(2-Chloro-1,2-diphenylethenyl)phenoxy)-N,N-diethylethanamine|2-{4-[(E)-2-chloro-1,2-diphenylethenyl]phenoxy}-N,N-diethylethan-1-amine|Ethanamine, 2-[4-[(1E)-2-chloro-1,2-diphenylethenyl]phenoxy]-N,N-diethyl-|Ethanamine, 2-(4-(2-chloro-1,2-diphenylethenyl)phenoxy)-N,N-diethyl-, (E)-",CCN(CC)CCOc1ccc(/C(=C(/Cl)c2ccccc2)c2ccccc2)cc1
5503,tolazamide,"tolazamide|1156-19-0|C71499|D00379|Ronase|T 2408|A10BB05|DB00839|F826220|FT61359|KS-1438|LP01195|MSK7196|NC00590|U 17835|U-17835|DA-68249|Diabewas|GTPL6847|HY-B0920|NSC70762|Q7814101|Tolanase|Tolinase|214-588-3|AI3-50826|CCG-39178|CCRIS 591|CHEMBL817|EBC-13624|HMS500K14|HSDB 3192|HY-B0920R|Norglycin|NSC 70762|NSC-70762|NSC758149|SBB058190|9LT1BRO48Q|AB00052247|CHEBI:9613|EU-0101195|F2173-1137|GLXC-21118|HMS1361L07|HMS1569P09|HMS1791L07|HMS1921P19|HMS1989L07|HMS2089L10|HMS2092L09|HMS2096P09|HMS2232L21|HMS3259O18|HMS3263P11|HMS3369L04|HMS3402L07|HMS3713P09|NCI-C03327|NS00007143|NSC-758149|orb1226898|orb1308942|orb3025022|ST51015133|SW196991-3|Tolazamida|Bio1_000204|Bio1_000693|Bio1_001182|Bio2_000225|Bio2_000705|BRN 1323565|IDI1_000212|IDI1_033975|Tolazamidum|Z1575267190|CBiol_001918|DTXCID401358|KBio1_000212|KBio2_000225|KBio2_001749|KBio2_002793|KBio2_004317|KBio2_005361|KBio2_006885|KBio3_000449|KBio3_000450|KBio3_002525|Lopac-T-2408|MFCD00083504|MLS000028534|MLS001076161|MSK7196-100M|NINDS_000212|SCHEMBL34417|SMR000058290|SPBio_001317|SPBio_002548|Tolazolamide|Tox21_110281|Tox21_201507|Tox21_300416|Tox21_501195|AB00052247-15|AB00052247_16|AB00052247_17|AKOS015913823|BPBio1_000691|BSPBio_000627|BSPBio_001505|BSPBio_003025|CAS-1156-19-0|DivK1c_000212|DTXSID3021358|KBioGR_000225|KBioGR_000939|KBioSS_000225|KBioSS_001749|Lopac0_001195|MSK7196-1000M|Opera_ID_1740|Oprea1_061180|Prestwick_865|RefChem:56140|Tolinase (TN)|SR-01000003105|Tox21_110281_1|NCGC00016009-01|NCGC00016009-02|NCGC00016009-03|NCGC00016009-04|NCGC00016009-05|NCGC00016009-06|NCGC00016009-07|NCGC00016009-08|NCGC00016009-09|NCGC00016009-10|NCGC00016009-11|NCGC00016009-12|NCGC00016009-13|NCGC00016009-14|NCGC00016009-15|NCGC00016009-16|NCGC00016009-17|NCGC00016009-19|NCGC00016009-24|NCGC00023701-03|NCGC00023701-04|NCGC00023701-05|NCGC00023701-06|NCGC00023701-07|NCGC00023701-08|NCGC00023701-09|NCGC00023701-10|NCGC00254501-01|NCGC00259058-01|NCGC00261880-01|NCIOpen2_008361|SPECTRUM1501201|Spectrum_001269|TOLAZAMIDE [MI]|UNII-9LT1BRO48Q|BCBcMAP01_000061|EINECS 214-588-3|SBI-0051162.P003|Spectrum2_001449|Spectrum3_001473|Spectrum4_000240|Spectrum5_001204|SR-01000003105-2|SR-01000003105-4|SR-01000003105-5|SR-01000003105-8|TOLAZAMIDE [INN]|TOLAZAMIDE [JAN]|Prestwick0_000554|Prestwick1_000554|Prestwick2_000554|Prestwick3_000554|TOLAZAMIDE [HSDB]|TOLAZAMIDE [USAN]|TOLAZAMIDE [MART.]|TOLAZAMIDE [VANDF]|TOLAZAMIDE [USP-RS]|TOLAZAMIDE [WHO-DD]|SDCCGSBI-0051162.P004|Tolazamide (Standard)|WLN: T7NTJ AMVMSWR D1|BRD-K32164935-001-06-8|BRD-K32164935-001-17-5|BRD-K32164935-001-28-2|BRD-K32164935-001-29-0|BRD-K32164935-001-30-8|BRD-K32164935-001-31-6|Pharmakon1600-01501201|Tolazamidum [INN-Latin]|Tolazamida [INN-Spanish]|Tolazamide (JAN/USP/INN)|TOLAZAMIDE [ORANGE BOOK]|Tolbutamide EP Impurity C|TOLAZAMIDE [USP MONOGRAPH]|Tolazamide [USAN:USP:INN:BAN:JAN]|TOLBUTAMIDE IMPURITY C [EP IMPURITY]|1-(azepan-1-yl)-3-(p-tolylsulfonyl)urea|Tolazamide Solution in Methanol, 100ug/mL|Tolazamide Solution in Methanol, 1000ug/mL|5-20-04-00062 (Beilstein Handbook Reference)|3-azepan-1-yl-1-(4-methylphenyl)sulfonyl-urea|1-(azepan-1-yl)-3-(4-methylphenyl)sulfonylurea|1-(Hexahydro-1-azepinyl)-3-p-tolylsulfonylurea|N-(p-Toluenesulfonyl)-N'-hexamethyleniminourea|1-(azepan-1-yl)-3-(4-methylbenzenesulfonyl)urea|N-(p-Toluenesulfonyl)-N'-hexa-methyleniminourea|1-(azepan-1-yl)-3-((4-methylbenzene)sulfonyl)urea|1-(azepan-1-yl)-3-[(4-methylbenzene)sulfonyl]urea|Urea, 1-(hexahydroazepin-1-yl)-3-p-tolylsulfonyl-|4-(p-Tolylsulfonyl)-1,1-hexamethylenesemicarbazide|N-(azepan-1-ylcarbamoyl)-4-methylbenzenesulfonamide|1-(Hexahydro-1H-azepin-1-yl)-3-(p-tolylsulfonyl)urea|1-(Hexahydro-1H-azepin-1-yl)-3-(p-toluenesulfonyl)urea|Urea, 1-(hexahydro-1H-azepin-1-yl)-3-(p-tolylsulfonyl)-|N-[(Azepan-1-yl)carbamoyl]-4-methylbenzene-1-sulfonamide|1-[(Azepan-1-ylamino)carbonyl]-4-methylbenzenesulfonamide|N-[(azepan-1-ylamino)carbonyl]-4-methylbenzenesulfonamide|1-(((((4-Methylphenyl)sulfonyl)amino)carbonyl)amino)azepane|1-(4-Methylphenylsulfonyl)-3-(hexahydro-1H-azepin-1-yl)urea|1-[({[(4-methylphenyl)sulfonyl]amino}carbonyl)amino]azepane|1-(4-Methyl phenylsulfonyl)-3-(hexahydro-1H-azepin-1-yl)urea|1-[(([(4-Methylphenyl)sulfonyl]amino)carbonyl)amino]azepane #|Tolazamide, United States Pharmacopeia (USP) Reference Standard|(azaperhydroepinylamino)-N-[(4-methylphenyl)sulfonyl]carboxamide|Benzenesulfonamide, N-[[(hexahydro-1-azepinyl)amino]carbonyl]-4-methyl-|N-[[(Hexahydro-1H-azepin-1-yl)amino]carbonyl]-4-methylbenzenesulfonamide|N-(((Hexahydro-1H-azepin-1-yl)-amino)carbonyl)-4-methylbenzenesulfonamide|N-{[(hexahydro-1H-azepin-1-yl)-amino]carbonyl}-4-methylbenzenesulfonamide|Benzenesulfonamide, N-(((hexahydro-1H-azepin-1-yl)amino)carbonyl)-4-methyl-|Benzenesulfonamide, N-[[(hexahydro-1H-azepin-1-yl)amino]carbonyl]-4-methyl-|Benzenesulfonamide, N-(((hexahydro-1H-azepin-1-yl)-amino)carbonyl)-4-methyl-|Benzenesulfonamide, {N-[[(hexahydro-1H-azepin-1-yl)amino]carbonyl]-4-methyl-}",Cc1ccc(S(=O)(=O)NC(=O)NN2CCCCCC2)cc1
208898,dronedarone,"dronedarone|141626-36-0|5394B|s5787|D02537|Multaq|AC-5012|CS-0384|DB04855|F979910|L001445|Q408637|SR33589|AS-80328|EX-A7762|GTPL7465|HY-A0016|SR 33589|SR-33589|EBC-27313|HSDB 7928|HY-A0016R|SR 33589B|HMS3749G19|HMS5085B09|JQZ1L091Y2|NS00024592|orb1226331|orb1300105|C31H44N2O5S|CHEBI:50659|Dronedarona|BDBM50151864|CHEMBL184412|dronedaronum|EN300-304885|MFCD00910331|Tox21_113008|AB01566893_01|AKOS005145680|DTXCID6028579|DTXSID3048653|RefChem:55073|SCHEMBL110363|Tox21_113008_1|CAS-141626-36-0|NCGC00188863-01|NCGC00188863-02|NCGC00188863-09|NCGC00188863-10|NCGC00188863-11|SCHEMBL29533002|UNII-JQZ1L091Y2|DRONEDARONE [MI]|DRONEDARONE BASE|Dronedarone (INN)|Dronedarone [INN]|DRONEDARONE [MART.]|DRONEDARONE [VANDF]|DRONEDARONE [WHO-DD]|Dronedarone [INN:BAN]|BRD-K05524748-003-04-4|Dronedarone (Standard)|DRONEDARONE [EMA EPAR]|ZQTNQVWKHCQYLQ-UHFFFAOYSA-N|N-(2-Butyl-3-(4-(3-(dibutylamino)propoxy)benzoyl)benzofuran-5-yl)methanesulfonamide|N-(2-Butyl-3-(p-(3-(dibutylamino)propoxy)benzoyl)-5-benzofuranyl)methanesulfonamide|n-[2-butyl-3-[4-[3-(dibutylamino)propoxy]benzoyl]-5-benzofuranyl]methanesulfonamide|N-[2-butyl-3-[4-[3-(dibutylamino)propoxy]benzoyl]benzofuran-5-yl]methanesulfonamide|N-(2-butyl-3-(4-(3-(dibutylamino)propoxy)benzoyl)-5-benzofuranyl)-methanesulfonamide|N-(2-butyl-3-(4-(3-(dibutylamino)propoxy)benzoyl)benzofuran-5-yl) methanesulfonamide|N-[2-butyl-3-(p-{3-(dibutylamino)propoxy} benzoyl)-5-benzofuranyl]methanesulfonamide|Methanesulfonamide, N-(2-butyl-3-(4-(3-(dibutylamino)propoxy)benzoyl)-5-benzofuranyl)-|Methanesulfonamide, N-[2-butyl-3-[4-[3-(dibutylamino)propoxy]benzoyl]-5-benzofuranyl]-|N-(2-butyl-3-(4-(3-(dibutylamino)propoxy)benzoyl)-1-benzofuran-5-yl)methanesulfonamide|N-(2-butyl-3-{4-[3-(dibutylamino)propoxy]benzoyl}-1-benzofuran-5-yl)methanesulfonamide|N-[2-butyl-3-[4-[3-(dibutylamino)propoxy]benzoyl]-1-benzofuran-5-yl]methanesulfonamide|N-[2-butyl-3-{4-[3-(dibutylamino)propoxy]benzoyl}-1-benzofuran-5-yl]methanesulfonamide",CCCCc1oc2ccc(NS(C)(=O)=O)cc2c1C(=O)c1ccc(OCCCN(CCCC)CCCC)cc1
446556,pemetrexed,"pemetrexed|137281-23-3|1006872-74-7|LYA|1juj|AXTLE|P2288|s5971|Alimta|D07472|AC-1701|CS-1297|DB00642|FP37935|LY-2315|PEMFEXY|Q415220|AS-30680|BP164240|HY-10820|LY231514|SY105930|DB-024764|EBC-24033|HSDB 7316|HY-10820R|LY-231514|04Q9AIZ7NO|231514, LY|LY-231,514|NSC-698037|orb1226422|orb1310854|orb3141246|231,514, LY|Alimta (TN)|CHEBI:63616|SCHEMBL7968|BDBM50027656|CHEMBL225072|MFCD19105065|pemetrexedum|Pemfexy (TN)|RefChem:6105|AB01273937-01|AKOS015896253|AKOS016842348|DTXCID7028304|DTXSID2048329|EN300-7396246|SCHEMBL209720|SCHEMBL7848273|SCHEMBL7848278|NCGC00166414-11|NCGC00166414-22|NCGC00167517-01|NCGC00242485-01|Pemetrexed (TN)|PEMETREXED [MI]|UNII-04Q9AIZ7NO|Pemetrexed (INN)|PEMETREXED [INN]|PEMETREXED [HSDB]|Pemetrexed Sodium|PEMETREXED [VANDF]|Pemetrexed Hydrate|Alimta (TN) (Lilly)|PEMETREXED [WHO-DD]|Pemetrexed [INN:BAN]|Pemetrexed (Standard)|PEMETREXED [EMA EPAR]|US9422297, Pemetrexed|BRD-K32842773-304-03-9|BRD-K32842773-304-04-7|BRD-K32842773-434-01-8|Multitargeted Antifolate|PEMETREXED [ORANGE BOOK]|PEMETREXED FOR INJECTION|WBXPDJSOTKVWSJ-ZDUSSCGKSA-N|Pemetrexed - Bio-X trade mark|Premetrexed [Common mis-spelling]|L-Glutamic acid,3-d]pyrimidin-5-yl]ethyl]benzoyl]-|N-(4-(2-(2-Amino-3,4-dihydro-4-oxo-7H-pyrrolo(2,3-d)pyrimdin-5-yl)ethyl)benzoyl)glutamic acid|N-(P-(2-(2-AMINO-4,7-DIHYDRO-4-OXO-1H-PYRROLO(2,3-D)PYRIMIDIN-5-YL)ETHYL)BENZOYL)-L-GLUTAMATE|N-[4-[2-[2-Amino-4,7-dihydro-4-oxo-3H-pyrrolo[2,3-d]pyrimidin-5-yl]ethyl]benzoyl]glutamic acid|N-[4-[2(2-amino-4,7-dihydro-4-oxo-1H-pyrrolo[2,3-d]pyrimidin-5-yl)ethyl]benzoyl]-L-glutamic acid|N-[4-[2-(2-amino-4,7-dihydro-4-oxo-3H-pyrrolo[2,3-d]pyrimidin-5-yl)ethyl]benzoyl]-L-glutamicacid|N-(4-(2-(2-AMINO-4,7-DIHYDRO-4-OXO-1H-PYRROLO(2,3-D)PYRIMIDIN-5-YL)ETHYL)BENZOYL)-L-GLUTAMIC ACID|N-(4-(2-(2-amino-4-oxo-4,7-dihydro-1H-pyrrolo(2,3-d)pyrimidin-5-yl)ethyl)benzoyl)-L-glutamic acid|N-(4-[2-(2-amino-4,7-Dihydro-4-Oxo-1H-Pyrrolo[2,3-d]pyrimidin-5-yl)ethyl]benzoyl)-L-Glutamic Acid|N-[4-[2(2-amino-4,7-dihydro-4-oxo-1H-pyrrolo [2,3-d]pyrimidin-5-yl)ethyl]benzoyl]-L-glutamic acid|N-[4-[2-(2-amino-3,4-dihydro-4-oxo-7h-pyrrolo[2,3-d]pyrimi-din-5-yl)ethyl]benzoyl]l-glutamic acid|N-[4-[2-(2-amino-4,7-dihydro-4-oxo-1H-pyrrolo[2,3-d]pyrimidin-5-yl)ethyl]benzoyl]-L-glutamic acid|N-[4-[2-(2-amino-4,7-dihydro-4-oxo-3H-pyrrolo[2,3-d]pyrimidin-5-yl)ethyl]benzoyl]-L-glutamic acid|N-{4-[2-(2-amino-4-oxo-4,7-dihydro-1H-pyrrolo[2,3-d]pyrimidin-5-yl)ethyl]benzoyl}-L-glutamic acid|L-Glutamic Acid, N-(4-(2-(2-Amino-4,7-dihydro-4-oxo-1H-pyrrolo(2,3-d)pyrimidin-5-yl)ethyl)benzoyl)|L-Glutamic acid, N-(4-(2-(2-amino-4,7-dihydro-4-oxo-1H-pyrrolo(2,3-d)pyrimidin-5-yl)ethyl)benzoyl)-|L-GLUTAMIC ACID, N-(4-(2-(2-AMINO-4,7-DIHYDRO-4-OXO-3H-PYRROLO(2,3-D)PYRIMIDIN-5-YL)ETHYL)BENZOYL)-|L-Glutamic acid, N-[4-[2-(2-amino-4,7-dihydro-4-oxo-3H-pyrrolo[2,3-d]pyrimidin-5-yl)ethyl]benzoyl]-|(S)-2-(4-(2-(2-Amino-4-oxo-4,7-dihydro-1H-pyrrolo[2,3-d]pyrimidin-5-yl)ethyl)benzamido)pentanedioic acid|(S)-2-[4-[2-(2-Amino-4-oxo-4,7-dihydro-1H-pyrrolo[2,3-d]pyrimidin-5-yl)ethyl]benzamido]pentanedioic Acid|(2R)-2-((4-(2-(2-amino-4-oxo-1,7-dihydropyrrolo(4,5-e)pyrimidin-5-yl)ethyl)benzoyl)amino)pentanedioic acid|(2S)-2-[[4-[2-(2-amino-4-oxo-1,7-dihydropyrrolo[2,3-d]pyrimidin-5-yl)ethyl]benzoyl]amino]pentanedioic acid|(2S)-2-[[4-[2-(2-amino-4-oxo-3,7-dihydropyrrolo[2,3-d]pyrimidin-5-yl)ethyl]benzoyl]amino]pentanedioic acid|2-{4-[2-(2-AMINO-4-OXO-4,7-DIHYDRO-3H-PYRROLO[2,3-D]PYRIMIDIN-5-YL)-ETHYL]-BENZOYLAMINO}-PENTANEDIOIC ACID|N-({4-[2-(2-amino-4-oxo-4,7-dihydro-1H-pyrrolo[2,3-d]pyrimidin-5-yl)ethyl]phenyl}carbonyl)-L-glutamic acid|(2S)-2-{[4-(2-{2-amino-4-oxo-3H,4H,7H-pyrrolo[2,3-d]pyrimidin-5-yl}ethyl)phenyl]formamido}pentanedioic acid",Nc1nc(=O)c2c(CCc3ccc(C(=O)N[C@@H](CCC(=O)O)C(=O)O)cc3)c[nH]c2[nH]1
5311,vorinostat,"vorinostat|149647-78-9|1227736-21-1|SHH|1t69|1zz1|4lxz|SAHA|H1388|s1047|V5734|D06320|HB1396|M06303|MK0683|SK1390|SKI390|AC-1923|CS-0589|DB02546|DG-0025|FH15949|L01XX38|MK 0683|MK-0683|MSK-390|NHNPODA|Q905901|SB17319|Zolinza|BP-25652|BP-30216|BV164560|CHEMBL98|cid_5311|EX-A2745|GTPL6852|HVB74948|HY-10221|SAHA cpd|SY009383|WIN64652|682-505-1|BDBM19149|EBC-11271|HSDB 7930|HY-10221G|HY-10221R|NSC701852|NSC748799|NSC759852|SW-064652|58IFB293JI|CCG-208659|CCRIS 8456|GLXC-05791|HMS2219L20|HMS3264D20|HMS3327C12|HMS3426G03|HMS3650D09|HMS3654G11|HMS3715E22|HMS3745M03|HMS5079I07|HMS6019F05|NS00068618|NSC 701852|NSC 748799|NSC 759852|NSC-701852|NSC-748799|NSC-759852|orb1226185|orb1308090|SW199536-4|CHEBI:45716|L-001079038|SCHEMBL9018|TNFa + SAHA|Z1530532755|EN300-120641|MFCD00945317|MLS001065855|MLS006011941|SMR000486344|Tox21_112605|Tox21_113623|vorinostatum|Zolinza (TN)|AB00375377-07|AB00375377-08|AB00375377-09|AB01644613_25|AKOS015966648|DTXCID4021133|DTXSID6041133|Zolinza; SAHA|RefChem:389361|SR-05000000373|Tox21_112605_1|Vorinostat MSD|CAS-149647-78-9|NCGC00168085-01|NCGC00168085-02|NCGC00168085-03|NCGC00168085-04|NCGC00168085-05|NCGC00168085-13|NCGC00168085-21|UNII-58IFB293JI|VORINOSTAT [MI]|SR-05000000373-2|SR-05000000373-6|SR-05000000373-8|Vorinostat (GMP)|VORINOSTAT [INN]|VORINOSTAT [JAN]|Vorinostat(SAHA)|Vorinostat (SAHA)|Vorinostat [USAN]|SAHA, >=98% (HPLC)|Vorinostat (SAHA)?|VORINOSTAT [MART.]|VORINOSTAT [VANDF]|VORINOSTAT [WHO-DD]|Zolinza (TN) (Merck)|Vorinostat (JAN/USAN)|Vorinostat (Standard)|Vorinostat [USAN:INN]|BRD-K81418486-001-01-2|BRD-K81418486-001-10-3|BRD-K81418486-001-12-9|BRD-K81418486-001-13-7|BRD-K81418486-001-17-8|BRD-K81418486-001-18-6|BRD-K81418486-001-44-2|BRD-K81418486-001-47-5|Pharmakon1600-01502267|VORINOSTAT [ORANGE BOOK]|Suberanilohydroxamic acid|Vorinostat (SAHA, MK0683)|Vorinostat (SAHA; MK0683)|Vorinostat,CAS:149647-78-9|SUBERANILOHYDROXAMINIC ACID|Vorinostat - Bio-X trade mark|Suberoylanilidehydroxamic Acid|suberoylanilide hydroxamic acid|Suberoylanilide-hydroxamic acid|Vorinostat,SAHA,Zolinza,MK-0683|N Hydroxy N' phenyloctanediamide|N'-hydroxy-N-phenyloctanediamide|N-hydroxy-N'-phenyloctanediamide|suberoyl anilide hydroxamic acid|N-hydroxy-N''-phenyloctanediamide|n-hydroxy-n'-phenyl-octanediamide|N-Hyrdroxy-N'-phenyloctanediamide|N1 Hydroxy N8 phenyloctanediamide|N1-hydroxy-N8-phenyloctanediamide|18F Suberoylanilide Hydroxamic Acid|18F-suberoylanilide hydroxamic acid|Octanediamide, N-hydroxy-N'-phenyl-|Octanediamide, N1-hydroxy-N8-phenyl|Octanediamide, N1-hydroxy-N8-phenyl-|N~1~-Hydroxy-N~8~-phenyloctanediamide|SAHA, Suberoylanilide hydroxamic acid|OCTANEDIOIC ACID HYDROXYAMIDE PHENYLAMIDE|8-(hydroxyamino)-8-oxo-N-phenyl-octanamide|Vorinostat, SAHA, suberoylanilide hydroxamic acid|N-hydroxy-N'-phenyl-octane-1,8-diotic acid diamide|N-Hydroxy-N inverted exclamation mark -phenyloctanediamide",O=C(CCCCCCC(=O)Nc1ccccc1)NO
3607,hexetidine,"hexetidine|141-94-6|Elsix|P 252|s6408|D07068|D94751|A01AB12|CS-4490|DB08958|Duranil|F817933|G01AX16|Hexigel|Hexocil|Hexoral|Hextril|Q419749|Triocil|Triscol|AS-56257|C21H45N3|Glypesin|HY-B0996|NSC17764|Oraldene|Oraldine|Sterisil|205-513-5|AI3-15546|CCG-39752|DB-042594|Drossadin|EBC-26655|Esetidina|Hexetidin|HMS500N22|HSDB 7828|HY-B0996R|MSK159144|NSC 17764|NSC-17764|NSC757394|Oraseptic|Paradenyl|SBB001384|Steri-sol|Steri/Sol|Sterilate|852A84Y8LS|AB00052133|Hexetidina|HMS1569P03|HMS1921M09|HMS2096P03|HMS3713P03|HMS5085M18|NS00010038|NSC-757394|orb1226323|orb1310717|ST50826237|CHEBI:94339|Hexetidinum|IDI1_000280|CAS-141-94-6|CHEMBL144673|KBio1_000280|KBio2_000716|KBio2_003284|KBio2_005852|KBio3_001242|MFCD00010428|MLS002207232|NINDS_000280|SCHEMBL56672|SMR000059080|SPBio_000946|SPBio_002542|Tox21_110424|AB00052133_06|AKOS000277944|AKOS024348907|BPBio1_000685|BSPBio_000621|BSPBio_001742|Collu hextril|Collu-Hextril|DivK1c_000280|DTXCID9025297|DTXSID1045297|KBioGR_000949|KBioSS_000716|Prestwick_800|EN300-18532439|Hexetidine CRS|RefChem:389045|SR-01000872662|Tox21_110424_1|Duranil Aerosol|HEXETIDINE [MI]|NCGC00016404-01|NCGC00094819-01|NCGC00094819-02|NCGC00094819-03|NCGC00094819-04|NCGC00094819-07|SPECTRUM1500633|Spectrum_000236|Steri/Sol (VAN)|UNII-852A84Y8LS|EINECS 205-513-5|Hexetidine (INN)|HEXETIDINE [INN]|SBI-0051566.P002|Spectrum2_000953|Spectrum3_000271|Spectrum4_000395|Spectrum5_001435|SR-01000872662-1|SR-01000872662-2|Caswell No. 033BB|HEXETIDINE [HSDB]|Prestwick0_000551|Prestwick1_000551|Prestwick2_000551|Prestwick3_000551|HEXETIDINE [MART.]|HEXETIDINE [WHO-DD]|Hexetidine [INN:BAN]|Hexetidine (Standard)|BRD-A18605525-001-12-4|BRD-A18605525-001-13-2|Pharmakon1600-01500633|Hexetidinum [INN-Latin]|Hexetidina [INN-Spanish]|HEXETIDINE [EP MONOGRAPH]|Hexetidine 100 |Ig/mL in Acetonitrile|Hexetidine 100 microg/mL in Acetonitrile|Pyrimidine,3-bis(2-ethylhexyl)hexahydro-5-methyl-|1,3-bis(2-ethylhexyl)-5-methyl-1,3-diazinan-5-amine|1,3-Bis(2-ethylhexyl)hexahydro-5-methyl-5-pyrimidiamine|5-Pyrimidinamine,3-bis(2-ethylhexyl)hexahydro-5-methyl-|1,3-Bis(2-ethylhexyl)-5-methylhexahydro-5-pyrimidinamine|1,3-bis(2-ethylhexyl)-5-methylhexahydropyrimidin-5-amine|1,3-Bis(2-ethylhexyl)-5-amino-hexahydro-5-methylpyrimidin|5-Amino-1,3-bis(2-ethylhexyl)-5-methyl-hexhydropyrimidine|5-Amino-1,3-bis(2-ethylhexyl)-5-methylhexahydropyrimidine|5-Amino-1,3-bis(2-ethylhexyl)hexahydro-5-methylpyrimidine|1,3-Bis(2-ethylhexyl)-5-methylhexahydro-5-pyrimidinamine #|5-Pyrimidinamine, 1,3-bis(2-ethylhexyl)hexahydro-5-methyl-|Hexetidine, European Pharmacopoeia (EP) Reference Standard|Pyrimidine, 5-amino-1,3-bis(2-ethylhexyl)hexahydro-5-methyl-|1,3-bis(2-ethylhexyl)-5-methyl-1,3-diazaperhydroine-5-ylamine|Hexetidine; 1,3-bis(2-ethylhexyl)]-5-methylhexahydropyrimidin-5-amine|5-Amino-1,3-bis(2-ethylhexyl)hexahydro-5-methylpyrimidine, mix of diastereomers",CCCCC(CC)CN1CN(CC(CC)CCCC)CC(C)(N)C1
2794,clofazimine,"clofazimine|2030-63-9|2458811-14-6|B663|B 663|B-663|C2866|s4107|B. 663|C06915|D00278|g30320|AC20496|C458567|CS-4567|DB00845|G 30320|G-30320|G30,320|J04BA01|KS-1412|Lampren|NC00409|Q418611|AC-38030|cid_2794|DA-72278|G 30,320|GTPL9184|HY-B1046|Lamprene|217-980-2|EBC-13571|HY-B1046R|MMV687800|MSK159113|NSC141046|NSC759283|CCG-101159|CCG-269477|CHEBI:3749|CHEMBL1292|D959AE5USF|GLXC-06907|HMS1569K13|HMS2052B05|HMS2093J10|HMS2096K13|HMS2231B04|HMS3370N05|HMS3394B05|HMS3652A16|HMS3713K13|HMS5082M14|KUC109573N|NS00011720|NSC 141046|NSC-141046|NSC-759283|orb1225740|orb1310671|orb3141362|ST51014966|SW196840-4|B 663 (VAN)|BRN 0060420|C27H22Cl2N4|Clofazimina|Colfazimine|KSC-27-052A|SMP2_000339|Z2037279473|BDBM50318909|BDBM50378783|BIDD:PXR0147|Chlofazimine|Clofaziminum|CPD000058704|DTXCID302839|EN300-267815|MFCD00056793|MLS000028617|MLS001424318|MLS006010789|SCHEMBL26757|SCHEMBL26758|SMR000058704|SMR004701474|SPBio_002452|Tox21_110516|AKOS015896438|AKOS026749881|BPBio1_000585|BSPBio_000531|CAS-2030-63-9|CHEMBL1083384|DTXSID7022839|Lamprene (TN)|Prestwick_685|RefChem:57185|Clofazimine RS|EN300-21680301|SCHEMBL5663361|SR-01000000259|SR-05000001807|Clofazimine CRS|DTXCID301064997|NCGC00016600-01|NCGC00016600-02|NCGC00016600-03|NCGC00016600-04|NCGC00016600-05|NCGC00016600-07|NCGC00016600-08|NCGC00016600-09|NCGC00179529-01|Riminophenazine|SCHEMBL29370522|SCHEMBL29373918|UNII-D959AE5USF|CLOFAZIMINE [MI]|EINECS 217-980-2|SBI-0206865.P001|SR-01000000259-6|SR-05000001807-1|SR-05000001807-2|CLOFAZIMINE [INN]|CLOFAZIMINE [JAN]|Prestwick0_000376|Prestwick1_000376|Prestwick2_000376|Prestwick3_000376|CLOFAZIMINE [USAN]|CLOFAZIMINE [MART.]|CLOFAZIMINE [VANDF]|COLFAZIMINE [VANDF]|CLOFAZIMINE [USP-RS]|CLOFAZIMINE [WHO-DD]|CLOFAZIMINE [WHO-IP]|B 663, pharmaceutical|B 663 (Pharmaceutical)|BRD-K56614220-001-10-9|BRD-K56614220-001-18-2|BRD-K56614220-001-19-0|BRD-K56614220-001-21-6|Clofazimine (Standard)|Pharmakon1600-01505974|Clofaziminum [INN-Latin]|Clofazimina [INN-Spanish]|Clofazimine (JAN/USP/INN)|CLOFAZIMINE [ORANGE BOOK]|CLOFAZIMINE [EP MONOGRAPH]|CLOFAZIMINE [USP IMPURITY]|CLOFAZIMINE [USP MONOGRAPH]|CLOFAZIMINUM [WHO-IP LATIN]|WDQPAMHFFCXSNU-KRUMMXJUSA-N|WDQPAMHFFCXSNU-UHFFFAOYSA-N|Clofazimine [USAN:USP:INN:BAN]|Clofazimine for system suitability CRS|Phenazine,10-dihydro-2-(isopropylimino)-|Clofazimine 100 microg/mL in Acetonitrile|4-25-00-03033 (Beilstein Handbook Reference)|N,5-bis(4-chlorophenyl)-3-isopropylimino-phenazin-2-amine|N,5-bis(4-chlorophenyl)-3-propan-2-yliminophenazin-2-amine|Clofazimine, European Pharmacopoeia (EP) Reference Standard|(3E)-N,5-bis(4-chlorophenyl)-3-isopropylimino-phenazin-2-amine|Clofazimine, United States Pharmacopeia (USP) Reference Standard|2-p-Chloranilino-5-p-chlorphenyl-3,5-dihydro-3-isopropylimino-phenazin|N,5-Bis(4-chlorophenyl)-3,5-dihydro-3-(isopropylimino)phenazin-2-amine|N,5-bis(4-chlorophenyl)-3-(isopropylimino)-3,5-dihydrophenazin-2-amine|N,5-bis(4-chlorophenyl)-3-(propan-2-ylimino)-3,5-dihydrophenazin-2-amine|(E)-N,5-bis(4-chlorophenyl)-3-(isopropylimino)-3,5-dihydrophenazin-2-amine|N,5-bis(4-chlorophenyl)-3-[(propan-2-yl)imino]-3,5-dihydrophenazin-2-amine|2-Phenazinamine,5-bis(4-chlorophenyl)-3,5-dihydro-3-[(1-methylethyl)imino]-|2-Phenazinamine,5-dihydro-N,5-bis(4-chlorophenyl)-3-[(1-methylethyl)imino]-|N,5-Bis(4-chlorophenyl)-3,5-dihydro-3-((1-methylethyl)imino)-2-phenazinamine|N,5-Bis(4-chlorophenyl)-3,5-dihydro-3-[(1-methylethyl)imino]-2-phenazinamine|2-Phenazinamine, 3,5-dihydro-N,5-bis(4-chlorophenyl)-3-((1-methylethyl)imino)-|2-Phenazinamine, N,5-bis(4-chlorophenyl)-3,5-dihydro-3-((1-methylethyl)imino)-|2-Phenazinamine, N,5-bis(4-chlorophenyl)-3,5-dihydro-3-[(1-methylethyl)imino]-|3-(p-Chloranilino)-10-(p-chlorphenyl)-2,10-dihydro-2-(isopropylimino)-phenazin|N,5-Bis(4-chlorophenyl)-3-([1-methylethyl]imino)-3,5-dihydro-2-phenazinamine #|(3E)-N,5-bis(4-chlorophenyl)-3-[(propan-2-yl)imino]-3,5-dihydrophenazin-2-amine|3-(p-Chloranilino)-10-(p-chlorophenyl)-2,10-dihydro-2-(isopropylimino)phenazine|3-(p-Chloranilino)-10-(p-chlorophenyl)-2,10-dihydro-2-(isopropylimino)-phenazine|3-(p-Chloroanilino)-10-(p-chlorophenyl)-2,10-dihydro-2-(isopropylimino)phenazine|Phenazine,10-dihydro-3-(p-chloroanilino)-10-(p-chlorophenyl)-2-(isopropylimino)-|(3Z)-N,5-bis(4-chlorophenyl)-3-[(1-methylethyl)imino]-3,5-dihydrophenazin-2-amine|Clofazimine for system suitability, European Pharmacopoeia (EP) Reference Standard|Phenazine, 2,10-dihydro-3-(p-chloroanilino)-10-(p-chlorophenyl)-2-(isopropylimino)-|Phenazine, 3-(p-chloroanilino)-10-(p-chlorophenyl)-2,10-dihydro-2-(isopropylimino)-|3-(p-Chloranilino)-10-(p-chlorphenyl)-2,10-dihydro-2-(isopropylimino)-phenazin [German]|(4-Chloro-phenyl)-[5-(4-chloro-phenyl)-3-isopropylimino-3,5-dihydro-phenazin-2-yl]-amine|(4-chlorophenyl)[5-(4-chlorophenyl)-3-(2-methyl-1-azapropylidene)(5-hydrophena zin-2-yl)]amine",CC(C)N=c1cc2n(-c3ccc(Cl)cc3)c3ccccc3nc-2cc1Nc1ccc(Cl)cc1
5282181,alfacalcidol,"alfacalcidol|41294-56-8|M9B|A3125|A4521|T6374|Alfa d|D01518|Diseon|EB 644|A11CC03|Alfarol|Bondiol|CS-0389|DB01436|Etalpha|F551598|FA17275|LP-0030|MSK1587|Onealfa|Q155883|Sinovul|Un alfa|Un-Alfa|Alpha D3|Alpha-D3|Alpharol|Alsiodol|CS-M0939|EX-A4432|HY-10003|Oxydevit|Tevabone|Un alpha|Un-Alpha|255-297-1|Alpha D 3|EBC-11161|EinsAlpha|HY-10003R|One-Alpha|CCRIS 3341|NS00008186|orb1300823|orb3140991|URQ2517572|1alpha-OHD3|CHEBI:31186|CHEBI:94779|SCHEMBL3063|1ALPHA(OH)D3|1alpha-OH-D3|LMST03020231|MFCD00868328|AKOS017343040|alfacalcidolo|Alphacalcidol|Alsiodol (TN)|CHEMBL1601669|DTXSID0022569|1.alpha.(oh)d3|Alfacalcidolum|alpha-Calcidol|EN300-24767397|RefChem:553950|DTXCID601324287|UNII-URQ2517572|.alpha.-calcidol|Alfacalcidol CRS|EINECS 255-297-1|1-alpha-vitamin d|ALFACALCIDOL [INN]|ALFACALCIDOL [JAN]|1-Hydroxyvitamin D3|ALFACALCIDOL [MART.]|1-a-Hydroxyvitamin D3|ALFACALCIDOL [WHO-DD]|Alfacalcidol (JAN/INN)|Alfacalcidol (Standard)|1-alpha-Hydroxyvitamin D|1-Hydroxycholecalciferol|1alpha-Hydroxyvitamin D3|1 alpha-hydroxyvitamin D3|1-alpha-Hydroxyvitamin D3|1alpha-Hydroxy-vitamin D3|1(ALPHA)-HYDROXYVITAMIN D3|1-a-hydroxycholecalciferol|1-alpha-hydroxy-vitamin D3|1-alpha-oxycholecalciferol|1.alpha.-Hydroxyvitamin D3|Alfacalcidol [INN:BAN:JAN]|Alfacalcidolum [INN-Latin]|ALFACALCIDOL [EP MONOGRAPH]|Vitamin D3, 1alpha-Hydroxy-|1alpha-Hydroxycholecalciferol|1 alpha-hydroxycholecalciferol|1-alpha-Hydroxycholecalciferol|1.alpha-hydroxycholecalciferol|1.alpha.-hydroxycholecalciferol|1|A-Hydroxy-5,6-trans-vitamin D3|1.ALPHA.-HYDROXYCHOLECALCIFEROL [MI]|1A-HYDROXYCHOLECALCIFEROL, ALFACALCIDOL|1alpha-Hydroxyvitamin D3, >=97.0% (HPLC)|Alfacalcidol 100 microg/mL in Acetonitrile|9,10-Secocholesta-,7,10(19)-triene-1alpha,3beta-diol|9,10-secocholesta-5,7,10(19)-triene-1alpha,3beta-diol|(1S,3R,5Z,7E)-9,10-secocholesta-5,7,10-triene-1,3-diol|9,10-secocholesta-,7,10(19)-triene-1 alpha,3 beta-diol|1alpha-hydroxyvitamin D3 / 1alpha-hydroxycholecalciferol|(1alpha,3beta,5Z,7E)-Secocholesta-5,7,10(19)-triene-1,3-diol|(5Z,7E)-(1S,3R)-9,10-seco-5,7,10(19)-cholestatriene-1,3-diol|(5Z,7E)-9,10-Seco-5,7,10(19)-cholestatrien-1alpha,3beta-diol|Alfacalcidol, European Pharmacopoeia (EP) Reference Standard|(5Z,7E)-9,10-Secocholesta-5,7,10(19)-triene-1alpha,3beta-diol|(1ALPHA,3BETA,5Z,7E)-9,10-SECOCHOLESTA-5,7,10(19)-TRIENE-1,3-DIOL|(5Z,7E)-9,10-SECOCHOLESTA-5,7,10(19)-TRIENE-1.ALPHA.,3.BETA.-DIOL|9,10-Secocholesta-5,7,10(19)-triene-1,3-diol, (1alpha,3beta,5Z,7E)-|9,10-Secocholesta-5,7,10(19)-triene-1,3-diol, (1-alpha,3-beta,5Z,7E)-|9,10-Secocholesta-5,7,10(19)-triene-1,3-diol, (1.alpha.,3.beta.,5Z,7E)-|Alfacalcidol for system suitability, European Pharmacopoeia (EP) Reference Standard|5-[(2E)-2-[(1R,3aS,7aR)-1-[(1R)-1,5-Dimethylhexyl]octahydro-7a-methyl-4H-inden-4-ylidene]ethylidene]-4-methylene-1,3-cyclohexanediol|(1R,3S,Z)-5-(2-((1R,3aS,7aR,E)-7a-methyl-1-((R)-6-methylheptan-2-yl)octahydro-4H-inden-4-ylidene)ethylidene)-4-methylenecyclohexane-1,3-diol|1,3-CYCLOHEXANEDIOL, 5-((2E)-2-((1R,3AS,7AR)-1-((1R)-1,5-DIMETHYLHEXYL)OCTAHYDRO-7A-METHYL-4H-INDEN-4-YLIDENE)ETHYLIDENE)-4-METHYLENE-, (1R,3R)-|(1R,3S,5Z)-5-{2-[(1R,3aS,4E,7aR)-7a-methyl-1-[(2R)-6-methylheptan-2-yl]-octahydro-1H-inden-4-ylidene]ethylidene}-4-methylidenecyclohexane-1,3-diol|(1R,3S)-5-[2-[(1R,3As,7aR)-7a-methyl-1-[(2R)-6-methylheptan-2-yl]-2,3,3a,5,6,7-hexahydro-1H-inden-4-ylidene]ethylidene]-4-methylidenecyclohexane-1,3-diol|(1R,3S,5Z)-5-[(2E)-2-[(1R,3aS,7aR)-1-[(1R)-1,5-dimethylhexyl]-7a-methyl-2,3,3a,5,6,7-hexahydro-1H-inden-4-ylidene]ethylidene]-4-methylene-cyclohexane-1,3-diol|(1R,3S,5Z)-5-[(2E)-2-[(1R,3aS,7aR)-7a-methyl-1-[(2R)-6-methylheptan-2-yl]-2,3,3a,5,6,7-hexahydro-1H-inden-4-ylidene]ethylidene]-4-methylidenecyclohexane-1,3-diol|trans-(1R,3S,5Z)-5-[(2E)-2-[(1R,3aS,7aR)-7a-methyl-1-[(2R)-6-methylheptan-2-yl]-2,3,3a,5,6,7-hexahydro-1H-inden-4-ylidene]ethylidene]-4-methylidenecyclohexane-1,3-diol",C=C1/C(=C\C=C2CCC[C@]3(C)[C@@H]([C@H](C)CCCC(C)C)CC[C@@H]23)C[C@@H](O)C[C@@H]1O
237,mepacrine,"mepacrine|83-89-6|Erion|C07339|D08179|G78134|St 439|T24449|atebrin|DB01103|F866766|MS-1557|P01AX05|Q417208|Akrichin|atabrine|DA-67071|HY-13735|201-508-7|Acirchine|acrichine|Acriquine|AI3-04467|BBL028456|EBC-06109|GTPL10172|HSDB 3253|Italchine|Mepacrina|Quinacrin|STL061087|Z31251611|AB00053540|Acrinamine|CCG-205050|CCRIS 3726|CCRIS 8633|CHEBI:8711|CHEMBL7568|CS-0007762|H0C805XYDE|Haffkinine|HMS2090L03|Mepacrinum|NS00003697|orb1703102|quinacrine|Quinactine|C23H30ClN3O|cMAP_000067|GNF-PF-5448|IDI1_000101|Antimalarina|BDBM50015214|DTXCID802627|EN300-246511|KBio1_000101|KBio2_001409|KBio2_002507|KBio2_003977|KBio2_005075|KBio2_006545|KBio2_007643|KBio3_001612|KBio3_002985|MFCD00242796|NCI60_000926|NINDS_000101|SCHEMBL19225|SPBio_000676|SPBio_002535|AB00053540-08|AB00053540-09|AB00053540_10|AKOS000541535|AKOS016340229|BPBio1_000348|BSPBio_000316|BSPBio_002112|DivK1c_000101|DTXSID7022627|KBioGR_001011|KBioGR_002507|KBioSS_001409|KBioSS_002515|Lopac0_000970|RefChem:871912|(+-)-Quinacrine|Mepacrine (INN)|MEPACRINE [INN]|NCGC00015874-02|NCGC00015874-03|NCGC00015874-04|NCGC00015874-06|NCGC00015874-08|NCGC00015874-12|NCGC00162300-01|QUINACRINE [MI]|SCHEMBL29363141|Spectrum_000929|UNII-H0C805XYDE|(+/-)-Quinacrine|EINECS 201-508-7|SBI-0050943.P004|Spectrum2_000888|Spectrum3_000606|Spectrum4_000496|Spectrum5_001405|Prestwick0_000318|Prestwick1_000318|Prestwick2_000318|Prestwick3_000318|QUINACRINE [HSDB]|(.+/-.)-Quinacrine|Atebrin (Salt/Mix)|MEPACRINE [WHO-DD]|QUINACRINE [VANDF]|Atebrine (Salt/Mix)|Mepacrine [INN:BAN]|Quinacrine,Mepacrine|Quinacrine, Mepacrine|SDCCGSBI-0050943.P006|BRD-A45889380-300-04-8|BRD-A45889380-300-06-3|BRD-A45889380-300-07-1|BRD-A45889380-300-08-9|BRD-A45889380-336-03-4|Dimesylate, Quinacrine|Mepacrinum [INN-Latin]|Mepacrina [INN-Spanish]|Mepacrine hydrochloride|Monoacetate, Quinacrine|Monomesylate, Quinacrine|Quinacrine hydrochloride|Hydrochloride, Quinacrine|Monohydrochloride, Quinacrine|acrichinum (for the hydrochloride)|Quinacrine (hydrochloride,hydrate)|RP-866 (Dihydrochloride dihydrate)|SN-390 (Dihydrochloride dihydrate)|( inverted exclamation markA)-Quinacrine|2-Methoxy-6-chloro-9-diethylaminopentylaminoacridine|2-Methoxy-6-chloro-9-diethylaminopent-2-ylaminoacridine|Atabrine hydrochloride dihydrate; Mepacrine hydrochloride|3-Chloro-7-methoxy-9-(1-methyl-4-diethylaminobutylamino)acridine|6-chloro-2-methoxy-9-acridinyl(4-diethylamino-1-methylbutyl)amine|6-chloro-N-(5-(diethylamino)pentan-2-yl)-2-methoxyacridin-9-amine|6-CHLORO-N-[5-(DIETHYLAMINO)PENTAN-2-YL]-2-METHOXYACRIDIN-9-AMINE|N'-(6-chloro-2-methoxyacridin-9-yl)-N,N-diethylpentane-1,4-diamine|acridine, 3-chloro-7-methoxy-9-(1-methyl-4-diethylaminobutylamino)-|acridine, 3-chloro-9-(4-diethylamino-1-methyl)butylamino-7-methoxy-|6-Chloro-9-((4-(diethylamino)-1-methylbutyl)amino)-2-methoxyacridine|N4-(6-Chloro-2-methoxy-9-acridinyl)-N1,N1-diethyl-1,4-pentanediamine|N4-(6-chloro-2-methoxyacridin-9-yl)-N1,N1-diethylpentane-1,4-diamine|N''-(6-chloro-2-methoxy-acridin-9-yl)-N,N-diethyl-pentane-1,4-diamine|1,4-Pentanediamine, N4-(6-chloro-2-methoxy-9-acridinyl)-N1,N1-diethyl-|N4-(6-chloro-2-methoxy-acridin-9-yl)-N1,N1-diethyl-pentane-1,4-diamine|4-N-(6-chloro-2-methoxyacridin-9-yl)-1-N,1-N-diethylpentane-1,4-diamine|Acridine, 6-chloro-9-((4-(diethylamino)-1-methylbutyl)amino)-2-methoxy-|Acridine, 6-chloro-9-[[4-(diethylamino)-1-methylbutyl]amino]-2-methoxy-|N(4)-(6-chloro-2-methoxy-9-acridinyl)-N(1),N(1)-diethyl-1,4-pentanediamine|N~4~-(6-chloro-2-methoxyacridin-9-yl)-N~1~,N~1~-diethylpentane-1,4-diamine|N*4*-(6-Chloro-2-methoxy-acridin-9-yl)-N*1*,N*1*-diethyl-pentane-1,4-diamine|N~4~-[6-chloro-2-(methyloxy)acridin-9-yl]-N~1~,N~1~-diethylpentane-1,4-diamine|N'-(6-Chloro-2-methoxy-acridin-9-yl)-N,N-diethyl-pentane-1,4-diamine dihydrochloride|N*4*-(6-Chloro-2-methoxy-acridin-9-yl)-N*1*,N*1*-diethyl-pentane-1,4-diamine (Mepacrine)|N*4*-(6-Chloro-2-methoxy-acridin-9-yl)-N*1*,N*1*-diethyl-pentane-1,4-diamine ; (mepacrine)",CCN(CC)CCCC(C)Nc1c2ccc(Cl)cc2nc2ccc(OC)cc12
65492,iopamidol,"iopamidol|60166-93-0|s4532|B15000|D01797|H11976|Isovue|Niopam|B 15000|B-15000|B15,000|DB08947|F819022|FI24639|KS-1421|Q424788|V08AB04|B 15,000|B- 15000|HY-B0684|Iopamiro|Isovue-M|MSK10799|SQ 13396|SQ-13396|SQ13,396|EBC-27465|HSDB 8075|HY-B0684R|iomapidol|Iopamiron|Iopamyron|Jopamidol|NSC759636|Oypalomin|Solutrast|SQ 13,396|AB00513941|CCG-213024|Gastromiro|HMS1570P03|HMS2097P03|HMS3714P03|iopamidolo|Isovue 200|Isovue 250|Isovue 300|Isovue 370|Isovue-128|Isovue-200|Isovue-250|Isovue-300|Isovue-370|JR13W81H44|Niopam 300|NS00000229|orb1224514|orb1308123|BRN 6250226|CHEBI:31711|Iopamidolum|Isovue (TN)|Scanlux-300|Scanlux-370|DTXCID203158|Iopamiro 370|Isovue-M 200|Isovue-M 300|MFCD00867931|SCHEMBL27781|SPBio_002862|Tox21_110668|(S)-Iopamidol|AB00513941_02|AKOS015891034|BPBio1_001037|BSPBio_000941|CHEMBL1200932|DTXSID1023158|Iopamidol 300|Iopamidol CRS|Iopamidol-200|Iopamidol-250|Iopamidol-300|Iopamidol-370|Iopamiron 300|Iopamiron 370|Jopamiron 200|RefChem:57419|Solutrast 370|CAS-60166-93-0|EN300-19767815|IOPAMIDOL [MI]|Iopamiron (TN)|Tox21_110668_1|IOPAMIDOL [INN]|IOPAMIDOL [JAN]|NCGC00016892-01|NCGC00016892-02|NCGC00016892-04|UNII-JR13W81H44|B-15000;SQ-13396|EINECS 262-093-6|IOPAMIDOL [USAN]|IOPAMIDOL [MART.]|IOPAMIDOL [VANDF]|Prestwick0_000871|Prestwick1_000871|Prestwick2_000871|Prestwick3_000871|IOPAMIDOL [WHO-DD]|Iopamidol (JP18/USP)|Iopamidol (Standard)|BRD-K75868704-001-01-2|BRD-K75868704-001-05-3|Pharmakon1600-01502304|IOPAMIDOL [EP IMPURITY]|IOPAMIDOL [ORANGE BOOK]|Iopamidolum [INN-Latin]|IOPAMIDOL [EP MONOGRAPH]|IOPAMIDOL [USP MONOGRAPH]|Iopamidol [USAN:USP:INN:BAN:JAN]|Iopamidol-200 in plastic container|Iopamidol-250 in plastic container|Iopamidol-300 in plastic container|Iopamidol-370 in plastic container|L-5alpha-Idrossipropionilamino-2,4,6-triiodoisoftal-di(1,3-diidrossi-2-propilamide)|(S)-N,N'-bis(2-Hydroxy-1-(hydroxymethyl)ethyl)-2,4,6-triiodo-5-lactamidoisophthalamide|L-(+)-N,N'-Bis(2-hydroxy-1-hydroxymethylethyl)-2,4,6-triiodo-5-lactamide isophthalamide|(S)-N1,N3-bis(1,3-dihydroxypropan-2-yl)-5-(2-hydroxypropanamido)-2,4,6-triiodoisophthalamide|L-5alpha-Hydroxypropionylamino-2,4,6-triiodoisophthalic acid di(1,3-dihydroxy-2-propylamide)|N,N'-Bis(2-hydroxy-1-(hydroxymethyl)ethyl)-5-((2S)-2-hydroxypropanoylamino)-2,4,6-triiodoisophthalamide|N1,N3-bis(1,3-dihydroxypropan-2-yl)-5-[(2S)-2-hydroxypropanamido]-2,4,6-triiodobenzene-1,3-dicarboxamide|N,N'-bis(1,3-dihydroxypropan-2-yl)-5-(((2S)-2-hydroxypropanoyl)amino)-2,4,6-triiodobenzene-1,3-dicarboxamide|N,N'-bis(1,3-dihydroxypropan-2-yl)-5-{[(2S)-2-hydroxypropanoyl]amino}-2,4,6-triiodobenzene-1,3-dicarboxamide|N~1~,N~3~-Bis(1,3-dihydroxypropan-2-yl)-5-[(2S)-2-hydroxypropanamido]-2,4,6-triiodobenzene-1,3-dicarboxamide|(S)-N,N'-Bis(2-hydroxy-1-(hydroxymethyl)ethyl)-5-((2-hydroxy-1-oxopropyl)amino)-2,4,6-triiodoisophthaldiamide|1-N,3-N-bis(1,3-dihydroxypropan-2-yl)-5-[[(2S)-2-hydroxypropanoyl]amino]-2,4,6-triiodobenzene-1,3-dicarboxamide|(S)-N,N inverted exclamation marka-Bis[2-hydroxy-1-(hydroxymethyl)ethyl]-2,4,6-triiodo-5-lactamidoisophthalamide|1,3-Benzenedicarboxamide, N,N'-bis(2-hydroxy-1-(hydroxymethyl)ethyl)-5-((2-hydroxy-1-oxopropyl)amino)-2,4,6-triiodo-|N,N'-bis[2-hydroxy-1-(hydroxymethyl)ethyl]-5-{[(2S)-2-hydroxypropanoyl]amino}-2,4,6-triiodobenzene-1,3-dicarboxamide|(S)-N,N'-bis[2-hydroxy-1-(hydroxymethyl)ethyl]-5-[(2-hydroxy-1-oxopropyl)amino]-2,4,6-triiodo-1,3-benzenedicarboxamide|N1,N3-bis[2-hydroxy-1-(hydroxymethyl)ethyl]-5-[[(2S)-2-hydroxypropanoyl]amino]-2,4,6-triiodo-benzene-1,3-dicarboxamide|N,N'-Bis[2-hydroxy-1-(hydroxymethyl)ethyl]-5-[[(2S)-2-hydroxy-1-oxopropyl]amino]-2,4,6-triiodo-1,3-benzenedicarboxamide|N1,N3-Bis[2-hydroxy-1-(hydroxymethyl)ethyl]-5-[[(2S)-2-hydroxy-1-oxopropyl]amino]-2,4,6-triiodo-1,3-benzenedicarboxamide|1,3-Benzenedicarboxamide, N,N'-bis(2-hydroxy-1-(hydroxymethyl)ethyl)-5-(((2S)-2-hydroxy-1-oxopropyl)amino)-2,4,6-triiodo-|1,3-Benzenedicarboxamide, N,N'-bis(2-hydroxy-1-(hydroxymethyl)ethyl)-5-((2-hydroxy-1-oxopropyl)amino)-2,4,6-triiodo-, (S)-|1,3-Benzenedicarboxamide, N,N'-bis[2-hydroxy-1-(hydroxymethyl)ethyl]-5-[(2-hydroxy-1-oxopropyl)amino]-2,4,6-triiodo-, (S)-|1,3-Benzenedicarboxamide, N1,N3-bis[2-hydroxy-1-(hydroxymethyl)ethyl]-5-[[(2S)-2-hydroxy-1-oxopropyl]amino]-2,4,6-triiodo-|Iopamidol; N,N'-Bis[2-hydroxy-1-(hydroxymethyl)ethyl]-5-[[(2S)-2-hydroxypropanoyl]amino]-2,4,6-triiodobenzene-1,3-dicarboxamide",C[C@H](O)C(=O)Nc1c(I)c(C(=O)NC(CO)CO)c(I)c(C(=O)NC(CO)CO)c1I
156419,cinacalcet,"cinacalcet|226256-56-0|1025064-29-2|CNC|YP4|s5191|T8403|AMG073|D03504|AC-8974|AMG 073|AMG-073|CS-0287|DB01012|F859016|H05BX01|KRN1493|Q193978|BS-16242|GTPL3308|HY-70037|KRN 1493|KRN-1493|SY035987|EBC-26718|HSDB 7318|NS00004927|orb1298963|UAZ6V7728S|CHEBI:48390|BDBM50416875|cinacalcetum|EN300-220098|MFCD09840270|SCHEMBL71876|AB01274759-01|AB01274759_02|AKOS015909821|CHEMBL1201284|DTXCID3028261|DTXSID8048286|RefChem:57401|CINACALCET [MI]|NCGC00181002-01|NCGC00181002-02|NCGC00181002-03|NCGC00181002-05|NCGC00181002-09|NCGC00181002-11|NCGC00181002-12|SCHEMBL29360301|SCHEMBL29373418|UNII-UAZ6V7728S|Cinacalcet [INN]|Cinacalcet (USAN)|CINACALCET [HSDB]|CINACALCET [USAN]|CINACALCET [VANDF]|CINACALCET [WHO-DD]|Cinacalcet (AMG-073)|CINACALCET [EMA EPAR]|BRD-K73838513-003-05-5|Cinacalcet [USAN:INN:BAN]|Cinacalcet See also C441800|(R)-N-(3-(3-trifluoromethylphenyl)propyl)-1-(1-naphthyl)ethylamine|(R)-N-[1-(1-Naphthyl)ethyl]-3-[3-(trifluoromethyl)phenyl]-1-propylamine|N-((1R)-1-(1-Naphthyl)ethyl)-3-(3-(trifluoromethyl)phenyl)propan-1-amine|N-[(1R)-1-(1-naphthyl)ethyl]-3-[3-(trifluoromethyl)phenyl]propan-1-amine|((1R)-1-(naphthalen-1-yl)ethyl)((3-(3-(trifluoromethyl)phenyl)propyl))amine|[(1R)-1-(naphthalen-1-yl)ethyl]({3-[3-(trifluoromethyl)phenyl]propyl})amine|N-((1R)-1-naphthalen-1-ylethyl)-3-(3-(trifluoromethyl)phenyl)propan-1-amine|N-[(1R)-1-naphthalen-1-ylethyl]-3-[3-(trifluoromethyl)phenyl]propan-1-amine|(R)-N-(1-(Naphthalen-1-yl)ethyl)-3-(3-(trifluoromethyl)phenyl)propan-1-amine|N-((1R)-1-(Naphthalen-1-yl)ethyl)-3-(3-(trifluoromethyl)phenyl)propan-1-amine|N-[(1r)-1-(naphthalen-1-yl)ethyl]-3-[3-(trifluoromethyl)phenyl]propan-1-amine|(R)-alpha-methyl-N-(3-(3-(trifluoromethyl)phenyl)propyl)-1-naphthalenemethane amine|(R)-alpha-methyl-N-[3-[3-(trifluoromethyl)phenyl]propyl]-1-naphthalenemethane amine|1-Naphthalenemethanamine, alpha-methyl-N-(3-(3-(trifluoromethyl)phenyl)propyl)-, (alphaR)-|1-NAPHTHALENEMETHANAMINE, .ALPHA.-METHYL-N-(3-(3-(TRIFLUOROMETHYL)PHENYL)PROPYL)-, (.ALPHA.R)-|alpha-methyl-N-(3-(3-(trifluoromethyl)phenyl)propyl)-1-naphthalenemethanamine, (alphaR)-hydrochloride|1-Naphthalenemethanamine, a-methyl-N-[3-[3-(trifluoromethyl)phenyl]propyl]-, (aR)-; (aR)-a-Methyl-N-[3-[3-(trifluoromethyl)phenyl]propyl]-1-naphthalenemethanamine; AMG 073; Cinacalcet; N-[(1R)-1-(1-Naphthyl)ethyl]-3-[3-(trifluoromethyl)phenyl]propan-1-amine",C[C@@H](NCCCc1cccc(C(F)(F)F)c1)c1cccc2ccccc12
4046,mefloquine,"mefloquine|49752-90-1|53230-10-7|Lariam|DB00358|P01BC02|Q736270|GTPL4252|Mefaquin|CCG-39182|DB-179095|EBC-26856|HMS502H12|Ro-215998|STL581681|WR142,490|WR177,602|AB00052310|HMS1922C09|Mefloquina|melfoquine|NS00005035|NSC-758233|Ro 21-5998|TML814419R|WR 142,490|WR 177,602|CHEBI:63609|CHEBI:63681|GNF-Pf-5544|IDI1_000790|Mefloquinum|Mephloquine|Ro215998001|BDBM50022889|CHEMBL416956|KBio1_000790|KBio2_001792|KBio2_004360|KBio2_006928|KBio3_002046|Mefloquinone|NINDS_000790|SCHEMBL21782|SPBio_001591|SPBio_002111|AB00052310_09|AKOS030575625|BPBio1_000190|BSPBio_000172|DivK1c_000790|DTXSID4037168|EN300-1696285|KBioGR_001392|KBioSS_001792|RefChem:56342|DTXSID50860636|rac-mefloquine|Ro 21 5998 001|Ro-21-5998-001|SR-05000001820|DTXCID001473959|NCGC00094994-01|NCGC00094994-02|NCGC00094994-03|NCGC00094994-04|NCGC00094994-06|SCHEMBL29433990|SPECTRUM1503070|Spectrum_001312|EINECS 256-468-3|SBI-0051761.P002|Spectrum2_001516|Spectrum3_000953|Spectrum4_001066|Spectrum5_001122|Prestwick0_000126|Prestwick1_000126|Prestwick2_000126|Prestwick3_000126|SR-05000001820-11|Racemic mefloquine|BRD-A89585551-003-03-4|BRD-A89585551-003-08-3|BRD-A89585551-003-16-6|Mefloquine EP Impurity C|[2,8-bis(trifluoromethyl)quinolin-4-yl]-(2-piperidyl)methanol|(2,8-bis(trifluoromethyl)quinolin-4-yl)-piperidin-2-ylmethanol|[2,8-bis(trifluoromethyl)quinolin-4-yl]-piperidin-2-ylmethanol|alpha-2-Piperidyl-2,8-bis(trifluoromethyl)quinoline-4-methanol|(2,8-bis(trifluoromethyl)quinolin-4-yl)(piperidin-2-yl)methanol|(2,8-Bis-trifluoromethyl-quinolin-4-yl)-piperidin-2-yl-methanol|[2,8-bis(trifluoromethyl)quinolin-4-yl](piperidin-2-yl)methanol|alpha-(2-Piperidyl)-2,8-bis(trifluoromethyl)-4-quinolinemethanol|alpha-2-Piperidinyl-2,8-bis(trifluoromethyl)-4-quinolinemethanol|4-Quinolinemethanol, alpha-2-piperidinyl-2,8-bis(trifluoromethyl)-|(S)-(2,8-Bis-trifluoromethyl-quinolin-4-yl)-piperidin-2-yl-methanol|rel-(2,8-bis(trifluoromethyl)quinolin-4-yl)(piperidin-2-yl)methanol|[(R*,S*)-2,8-bis(trifluoromethyl)quinolin-4-yl]-(2-piperidyl)methanol|(S)-(2,8-Bis-trifluoromethyl-quinolin-4-yl)-(R)-piperidin-2-yl-methanol|2-[(2,8-Bis-trifluoromethyl-quinolin-4-yl)-hydroxy-methyl]-piperidinium|(2,8-Bis-trifluoromethyl-quinolin-4-yl)-(1-methyl-piperidin-2-yl)-methanol|(2,8-Bis-trifluoromethyl-quinolin-4-yl)-piperidin-2-yl-methanol( Mefloquine)|(DL-erythro-.alpha.-2-Piperidyl-2,8-bis(trifluoromethyl)-4-quinolinemethanol|2,8-di(trifluoromethyl)-4-quinolyl-hexahydro-2-pyridinylmethanol(Mefloquine)|(2,8-Bis-trifluoromethyl-quinolin-4-yl)-piperidin-2-yl-methanol; (Mefloquine or MF)|4-Quinolinemethanol, .alpha.-2-piperidinyl-2,8-bis(trifluoromethyl)-, (R*,S*)-(.+/-.)-|4-Quinolinemethanol, .alpha.-(2R)-2-piperidinyl-2,8-bis(trifluoromethyl)-, (.alpha.S)-rel-",OC(c1cc(C(F)(F)F)nc2c(C(F)(F)F)cccc12)C1CCCCN1
3081361,vandetanib,"vandetanib|338992-00-0|443913-73-3|ZD6|2ivu|s1046|V0352|ZD-64|BDBM21|CH 331|CH-331|D06407|V-9402|ZD6474|AC-5251|AZD6474|CS-0130|DB05294|EX-A422|F050800|FV28668|L01XE12|SB16919|Zactima|ZD 6474|ZD-6474|AS-11067|AZD-6474|BP-44062|BV164508|Caprelsa|GTPL5717|HY-10260|Q7914515|SY027438|ZWB68349|EBC-07806|HSDB 8198|HY-10260R|NSC744325|NSC760766|NSC800961|CCG-269495|F9995-0087|GLXC-90097|HMS3244K03|HMS3244K04|HMS3244L03|HMS3654E11|HMS3672C07|HMS5087C15|NS00008846|NSC 744325|NSC 760766|NSC-744325|NSC-760766|NSC-800961|orb1225036|orb1307862|SW218092-2|YO460OQ37K|CHEBI:49960|CHEMBL24828|cid_3081361|GNF-PF-2188|Kinome_3316|SCHEMBL9044|Z2512943095|BDBM50595124|EN300-265835|MFCD07772346|MLS006011672|SMR002530472|Tox21_112511|vandetanibum|AB01273969-01|AB01273969-02|AB01273969_04|AKOS015902350|C22H24BrFN4O2|Caprelsa (TN)|DTXCID9026681|DTXSID1046681|RefChem:58965|SMSSF-0113863|SR-00000000462|Tox21_112511_1|CAS-443913-73-3|NCGC00167513-01|NCGC00167513-02|NCGC00167513-03|NCGC00167513-04|NCGC00167513-09|NCGC00167513-10|SCHEMBL21067679|SCHEMBL21067681|SCHEMBL29351698|SCHEMBL29352879|UNII-YO460OQ37K|VANDETANIB [MI]|SBI-0647658.0001|SR-00000000462-2|Vandetanib [INN]|VANDETANIB [JAN]|VANDETANIB [USAN]|VANDETANIB [MART.]|VANDETANIB [VANDF]|vandetanib (zd6474)|VANDETANIB [WHO-DD]|Vandetanib (Zactima)|Vandetanib (ZD6474)?|SDCCGSBI-0647658.P002|Vandetanib (Standard)|BRD-K77625799-001-01-0|BRD-K77625799-001-07-7|VANDETANIB [ORANGE BOOK]|Vandetanib (JAN/USAN/INN)|UHTHHESEBZOYNR-UHFFFAOYSA-N|Vandetanib - Bio-X trade mark|Vandetanib [USAN:INN:BAN:JAN]|4-(4-bromo-2-fluoroanilino)-6-methoxy-7-(1-methylpiperidin-4-ylmethoxy)quinazoline|4-(4-Bromo-2-fluoroanilino)-6-methoxy-7-(1-methylpiperidin-4-yl)methoxy]quinazoline|4-(4-Bromo-2-fluoroanilino)-6-methoxy-7-[(1-methylpiperidin-4-yl)methoxy]quinazoline|4-(4-Bromo-2-fluoroanilino)-6-methoxy-7-[ (1-methylpiperidin-4-yl)methoxy]quinazoline|4-[(4-Bromo-2-fluorophenyl)amino]-6-methoxy-7-[(1-methyl-4-piperidyl)methoxy]quinazoline|(4-bromo-2-fluorophenyl){6-methoxy-7-[(1-methyl-4-piperidyl)methoxy]-4-quinazolinyl}amine|N-(4-bromo-2-fluoro-phenyl)-6-methoxy-7-[(1-methyl-4-piperidyl)methoxy]quinazolin-4-amine|N-(4-Bromo-2-fluorophenyl)-6-methoxy-7-((1-methyl-4-piperidinyl)methoxy)-4-quinazolinamine|N-(4-Bromo-2-fluorophenyl)-6-methoxy-7-((1-methylpiperidin-4-yl)methoxy)quinazolin-4-amine|N-(4-Bromo-2-fluorophenyl)-6-methoxy-7-[(1-methyl-4-piperidinyl)methoxy]-4-quinazolinamine|N-(4-bromo-2-fluorophenyl)-6-methoxy-7-[(1-methylpiperidin-4-yl)methoxy]quinazolin-4-amine|Quinazolin-4-amine, N-(4-bromo-2-fluorophenyl)-6-mthoxy-7-[(1-methyl-4-piperidinyl)methoxy]-|4-QUINAZOLINAMINE, N-(4-BROMO-2-FLUOROPHENYL)-6-METHOXY-7-((1-METHYL-4- PIPERIDINYL)METHOXY)-|4-Quninazolinamine, N-(4-bromo-2-fluorophenyl)-6-methoxy-7-((1-methyl-4-piperidinyl)methoxy)-|(4-Bromo-2-fluoro-phenyl)-[6-methoxy-7-(1-methyl-piperidin-4-ylmethoxy)-quinazolin-4-yl]-amine|4-BROMO-2-FLUORO-N-[(4E)-6-METHOXY-7-[(1-METHYLPIPERIDIN-4-YL)METHOXY]QUINAZOLIN-4(1H)-YLIDENE]ANILINE",COc1cc2c(Nc3ccc(Br)cc3F)ncnc2cc1OCC1CCN(C)CC1
2724385,digoxin,"digoxin|20830-75-5|3b0w|D1828|Digon|Digos|Digox|Dokim|s4290|C06956|D00298|Dixina|Grexin|HB1138|C01AA05|CS-4571|Davoxin|DB00390|Digacin|Digamex|Digitek|Digomal|Digonix|Digosin|Dimecip|Dynamos|Eudigox|Lanikor|Lanoxin|Lenoxin|Lifusin|OD01513|Q422222|Saroxin|Toloxin|Vanoxin|Acygoxin|AS-13281|Cardigox|Cardoxin|Digoxina|Digoxine|Fargoxin|GTPL4725|GTPL4726|HSDB 214|HY-B1049|J-013666|Lanorale|Mapluxin|MSK10026|NSC95100|Purgoxin|Rougoxin|ST069334|244-068-1|BDBM46355|Cardioxin|Cordioxil|Digoksyna|Digossina|Digoxinum|Dilanacin|EBC-08615|Lanacrist|Natigoxin|NSC 95100|NSC-95100|orb104782|73K4184T59|CCG-220437|CHEBI:4551|CHEMBL1751|Coragoxine|Digoxin RS|HMS1569G16|HMS2096G16|HMS2232G20|HMS3713G16|Lanacordin|Lanocardin|Lanoxicaps|Lanoxin PG|Lanoxin-PG|Lenoxicaps|NS00008620|SK-Digoxin|Stillacor-|[3H]digoxin|BRN 0077011|Cardiogoxin|cid_2724385|Digoxin CRS|Lanoxin-125|Neo-Lanicor|Neodioxanin|Z2108699066|[3H]-digoxin|BIDD:PXR0148|DIGOXIN [MI]|Digoxin-Zori|DTXCID502934|Lanoxin (TN)|LMST01120023|MFCD00003674|MLS000069819|MLS001055371|MLS001076495|RefChem:5754|SCHEMBL20506|SMR000059217|SMR000653537|SPBio_002393|Tox21_111025|Tox21_201678|Tox21_303050|AKOS015895113|AKOS024283494|BPBio1_000500|BSPBio_000454|DIGOXIN [INN]|DIGOXIN [JAN]|DTXSID5022934|EN300-6492954|Opera_ID_1134|Prestwick_170|CAS-20830-75-5|DIGOXIN [HSDB]|DIGOXIN [IARC]|Digoxin-Sandoz|SR-01000721866|DIGOXIN [MART.]|DIGOXIN [VANDF]|Digoxina-Sandoz|Lanoxicaps (TN)|NCGC00090797-01|NCGC00090797-02|NCGC00090797-03|NCGC00090797-04|NCGC00090797-05|NCGC00090797-06|NCGC00090797-07|NCGC00090797-09|NCGC00090797-12|NCGC00090797-15|NCGC00090797-23|NCGC00090797-27|NCGC00257022-01|NCGC00259227-01|UNII-73K4184T59|Digossina [DCIT]|DIGOXIN [USP-RS]|DIGOXIN [WHO-DD]|DIGOXIN [WHO-IP]|EINECS 244-068-1|Novodigal [inj.]|SR-01000721866-3|SR-01000721866-4|Digoxin Nativelle|Digoxin Pediatric|Epitope ID:122964|LANOXIN PEDIATRIC|Prestwick0_000437|Prestwick1_000437|Prestwick2_000437|Prestwick3_000437|Digoksyna [Polish]|Digoxin (JP18/USP)|Digitalis glycoside|Digoxine Navtivelle|Homolle's digitalin|Nativelle, Digoxine|12A-Hydroxydigitoxin|12b-Hydroxydigitoxin|Boehringer, Digoxina|Hemigoxine Nativelle|DIGOXIN [ORANGE BOOK]|Digoxinum [INN-Latin]|Nativelle, Hemigoxine|REGID_for_CID_2724385|BRD-K23478508-001-03-7|Chloroformic digitalin|DIGOXIN [EP MONOGRAPH]|Digoxina [INN-Spanish]|12beta-Hydroxydigitoxin|DIGOXIN [USP MONOGRAPH]|DIGOXINUM [WHO-IP LATIN]|Digoxin [USP:INN:BAN:JAN]|Digoxigenin-tridigitoxosid|Digoxin, 1mg/ml in Methanol|Digoxin, analytical standard|Digoxin 1.0 mg/ml in Methanol|digoxin for peak identification|Human Serum - Digoxin, low level|Human Serum - Digoxin, high level|Digoxigenin-tridigitoxosid [German]|Digoxin for peak identification CRS|0B9662A7-264E-4ACD-94B2-9E1138C0CA5A|5-18-04-00381 (Beilstein Handbook Reference)|Digoxin, certified reference material, TraceCERT(R)|Digoxin, European Pharmacopoeia (EP) Reference Standard|Digoxin, United States Pharmacopeia (USP) Reference Standard|Digoxin, Pharmaceutical Secondary Standard; Certified Reference Material|3beta,12beta,14-Trihydroxy-5beta,14beta-card-20(22)-enolid-3-tridigitoxosid|Digoxin for peak identification, European Pharmacopoeia (EP) Reference Standard|3beta,12beta,14-trihydroxy-5beta-card-20(22)-enolide 3-O-(tris-beta-D-digitoxoside)|-6-methyltetrahydro-2H-pyran-2-yl)oxy)-12,14-dihydroxy-10,13-dimethylhexadecahydro-1H-cyclopenta[a]phenanthren-17-yl)furan-2(5H)-one|20(22),5b-Cardenolid-3b,12b,14b-triol 3b-2,6-dideoxy-4-o-[2 ,6-dideoxy-4-o-(2 ,6-dideoxy-b-d-ribohexopyranosyl)-b-d-ribohex opyranoside]|6R)-4-hydroxy-6-methyl(2H-3,4,5,6-te trahydropyran-2-yloxy)}-11,16-dihydroxy-2,15-dimethyltetracyclo[8.7.0.0<2,7>.0 <11,15>]heptadec-14-yl)-5-hydrofuran-2-one|3beta-{[2,6-Dideoxy-beta-D-ribo-hexopyranosyl-(1->4)-2,6-dideoxy-beta-D-ribo-hexopyranosyl-(1->4)-2,6-dideoxy-beta-D-ribo-hexopyranosyl]oxy}-12beta,14-dihydroxy-5beta-card-20(22)-enolide|3beta-((O-2,6-Dideoxy-beta-D-ribo-hexopyranosyl-(1-4)-O-2,6-dideoxy-beta-D-ribo-hexopyranosyl-(1-4)-2,6-dideoxy-beta-D-ribo-hexopyranosyl)oxy)-12beta,14-dihydroxy-5beta-card-20(22)-enolide|3beta-(2,6-Dideoxy-beta-D-ribo-hexopyranosyl-(1->4)-2,6-dideoxy-beta-D-ribo-hexopyranosyl-(1->4)-2,6-dideoxy-beta-D-ribo-hexopyranosyloxy)-12beta,14-dihydroxy-5beta,14beta-card-20(22)-enolide|(3beta,5beta,12beta)-3-((O-2,6-Dideoxy-beta-D-ribo-hexapyranosyl-(1-4)-2,6-dideoxy-beta-D-ribo-hexopyranosyl-(1-4)-2,6-dideoxy-beta-D-ribo-hexopyranosyl)oxy)-12,14-dihydroxycard-20(22)-enolide|(3beta,5beta,12beta)-3-{[2,6-dideoxy-beta-D-ribo-hexopyranosyl-(1->4)-2,6-dideoxy-beta-D-ribo-hexopyranosyl-(1->4)-2,6-dideoxy-beta-D-ribo-hexopyranosyl]oxy}-12,14-dihydroxycard-20(22)-enolide|Card-20(22)-enolide, 3-((O-2,6-dideoxy-beta-D-ribo-hexopyranosyl-(1-4)-O-2,6-dideoxy-beta-D-ribo-hexopyranosyl-(1-4)-2,6-dideoxy-beta-D-ribo-hexopyranosyl)oxy)-12,14-dihydroxy-, (3beta,5beta,12beta)-|4-((1S,2S,5S,11S,15S,7R,10R,14R,16R)-5-{5-[5-((2S,4S,5S,6R)-4,5-dihydroxy-6-me thyl(2H-3,4,5,6-tetrahydropyran-2-yloxy))(4S,5S,2R,6R)-4-hydroxy-6-methyl(2H-3 ,4,5,6-tetrahydropyran-2-yloxy)](4S,5S,2R,|4-((3S,5R,8R,9S,10S,12R,13S,14S,17R)-3-(((2R,4S,5S,6R)-5-(((2S,4S,5S,6R)-5-(((2S,4S,5S,6R)-4,5-dihydroxy-6-methyltetrahydro-2H-pyran-2-yl)oxy)-4-hydroxy-6-methyltetrahydro-2H-pyran-2-yl)oxy)-4-hydroxy|Card-20(22)-enolide, 3-((O-2,6-dideoxy-beta-D-ribo-hexopyranosyl-(1->4)-O-2,6-dideoxy-beta-D-ribo-hexopyranosyl-(1->4)-2,6-dideoxy-beta-D-ribo-hexopyranosyl)oxy)-12,14-dihydroxy-, (3beta,5beta,12beta)-|3.BETA.-((O-2,6-DIDEOXY-.BETA.-D-RIBO-HEXOPYRANOSYL-(1->4)-O-2,6-DIDEOXY-.BETA.-D-RIBO-HEXOPYRANOSYL-(1->4)-2,6-DIDEOXY-.BETA.-D-RIBO-HEXOPYRANOSYL)OXY)-12.BETA.,14-DIHYDROXY-5.BETA.-CARD-20(22)-ENOLIDE|CARD-20(22)-ENOLIDE, 3-((O-2,6-DIDEOXY-.BETA.-D-RIBO-HEXOPYRANOSYL-(1->4)-O-2,6-DIDEOXY-.BETA.-D-RIBO-HEXOPYRANOSYL-(1->4)-2,6-DIDEOXY-.BETA.-D-RIBO-HEXOPYRANOSYL)OXY)-12,14-DIHYDROXY-,(3.BETA.,5.BETA.,12.BETA.)-|Card-20(22)-enolide, 3-((O-2,6-dideoxy-beta-D-ribo-hexopyranosyl-(1.fwdarw.4)-O-2,6-dideoxy-beta-D-ribo-hexopyranosyl-(1.fwdarw.4)-2,6-dideoxy-beta-D-ribo-hexopyranosyl)oxy)-12,14-dihydroxy-, (3beta,5beta,12beta)-|Card-20(22)-enolide, 3-[[O-2,6-dideoxy-.beta.-D-ribo-hexopyranosyl-(1-->4)-O-2,6-dideoxy-.beta.-D-ribo-hexopyranosyl-(1-->4)-2,6-dideoxy-.beta.-D-ribo-hexopyranosyl]oxy]-12,14-dihydroxy-, (3.beta.,5.beta.,12.beta.)-|4-((1S,2S,5S,11S,15S,7R,10R,14R,16R)-5-{5-[5-((2S,4S,5S,6R)-4,5-dihydroxy-6-me thyl(2H-3,4,5,6-tetrahydropyran-2-yloxy))(4S,5S,2R,6R)-4-hydroxy-6-methyl(2H-3 ,4,5,6-tetrahydropyran-2-yloxy)](4S,5S,2R,6R)-4-hydroxy-6-methyl(2H-3,4,5,6-te trahydropyran-2-yl|4-((1S,2S,5S,7R,10R,11S,14R,15S,16R)-5-(((2R,4S,5S,6R)-5-(((2S,4S,5S,6R)-5-(((2S,4S,5S,6R)-4,5-dihydroxy-6-methyloxan-2-yl)oxy)-4-hydroxy-6-methyloxan-2-yl)oxy)-4-hydroxy-6-methyloxan-2-yl)oxy)-11,16-dihydroxy-2,15-dimethyltetracyclo(8.7.0.02,7.011,15)heptadecan-14-yl)-2,5-dihydrofuran-2-one|4-((1S,2S,5S,7R,10R,11S,14R,15S,16R)-5-(((2R,4S,5S,6R)-5-(((2S,4S,5S,6R)-5-(((2S,4S,5S,6R)-4,5-dihydroxy-6-methyloxan-2-yl)oxy)-4-hydroxy-6-methyloxan-2-yl)oxy)-4-hydroxy-6-methyloxan-2-yl)oxy)-11,16-dihydroxy-2,15-dimethyltetracyclo(8.7.0.0^(2,7).0^(11,15))heptadecan-14-yl)-2,5-dihydrofuran-2-one|4-[(1S,2S,5S,7R,10R,11S,14R,15S,16R)-5-{[(2R,4S,5S,6R)-5-{[(2S,4S,5S,6R)-5-{[(2S,4S,5S,6R)-4,5-dihydroxy-6-methyloxan-2-yl]oxy}-4-hydroxy-6-methyloxan-2-yl]oxy}-4-hydroxy-6-methyloxan-2-yl]oxy}-11,16-dihydroxy-2,15-dimethyltetracyclo[8.7.0.0^{2,7}.0^{11,15}]heptadecan-14-yl]-2,5-dihydrofuran-2-one|4-[(1R,3aS,3bR,5aR,7S,9aS,9bS,11R,11aS)-7-{[(2R,4S,5S,6R)-5-{[(2S,4S,5S,6R)-5-{[(2S,4S,5S,6R)-4,5-dihydroxy-6-methyloxan-2-yl]oxy}-4-hydroxy-6-methyloxan-2-yl]oxy}-4-hydroxy-6-methyloxan-2-yl]oxy}-3a,11-dihydroxy-9a,11a-dimethyl-hexadecahydro-1H-cyclopenta[a]phenanthren-1-yl]-2,5-dihydrofuran-2-one|3-[(3S,5R,10S,12R,13S,14S,17R)-3-[(2R,4S,5S,6R)-5-[(2S,4S,5S,6R)-5-[(2S,4S,5S,6R)-4,5-dihydroxy-6-methyloxan-2-yl]oxy-4-hydroxy-6-methyloxan-2-yl]oxy-4-hydroxy-6-methyloxan-2-yl]oxy-12,14-dihydroxy-10,13-dimethyl-1,2,3,4,5,6,7,8,9,11,12,15,16,17-tetradecahydrocyclopenta[a]phenanthren-17-yl]-2H-furan-5-one|4-[(3S,5R,8R,9S,10S,12R,13S,14S)-3-[(2S,4S,5R,6R)-5-[(2S,4S,5R,6R)-5-[(2S,4S,5R,6R)-4,5-dihydroxy-6-methyl-oxan-2-yl]oxy-4-hydroxy-6-methyl-oxan-2-yl]oxy-4-hydroxy-6-methyl-oxan-2-yl]oxy-12,14-dihydroxy-10,13-dimethyl-1,2,3,4,5,6,7,8,9,11,12,15,16,17-tetradecahydrocyclopenta[a]phenanthren-17-yl]-5H-furan-2-one|3-((3S,5R,8R,9S,10S,12R,13S,14S,17R)-3-((2R,4S,5S,6R)-5-((2S,4S,5S,6R)-5-((2S,4S,5S,6R)-4,5-dihydroxy-6-methyloxan-2-yl)oxy-4-hydroxy-6-methyloxan-2-yl)oxy-4-hydroxy-6-methyloxan-2-yl)oxy-12,14-dihydroxy-10,13-dimethyl-1,2,3,4,5,6,7,8,9,11,12,15,16,17-tetradecahydrocyclopenta(a)phenanthren-17-yl)-2H-furan-5-one|3-[(3S,5R,8R,9S,10S,12R,13S,14S,17R)-3-[(2R,4S,5S,6R)-5-[(2S,4S,5S,6R)-5-[(2S,4S,5S,6R)-4,5-dihydroxy-6-methyloxan-2-yl]oxy-4-hydroxy-6-methyloxan-2-yl]oxy-4-hydroxy-6-methyloxan-2-yl]oxy-12,14-dihydroxy-10,13-dimethyl-1,2,3,4,5,6,7,8,9,11,12,15,16,17-tetradecahydrocyclopenta[a]phenanthren-17-yl]-2H-furan-5-one|3-[(3S,5R,8R,9S,10S,12R,13S,14S,17R)-3-[(2R,4S,5S,6R)-5-[(2S,4S,5S,6R)-5-[(2S,4S,5S,6R)-4,5-dihydroxy-6-methyl-tetrahydropyran-2-yl]oxy-4-hydroxy-6-methyl-tetrahydropyran-2-yl]oxy-4-hydroxy-6-methyl-tetrahydropyran-2-yl]oxy-12,14-dihydroxy-10,13-dimethyl-1,2,3,4,5,6,7,8,9,11,12,15,16,17-tetradecahydrocyclopenta[a]phenanthren-17-yl]-2H-furan-5-one",C[C@H]1O[C@@H](O[C@H]2[C@@H](O)C[C@H](O[C@H]3[C@@H](O)C[C@H](O[C@H]4CC[C@@]5(C)[C@H](CC[C@@H]6[C@@H]5C[C@@H](O)[C@]5(C)[C@@H](C7=CC(=O)OC7)CC[C@]65O)C4)O[C@@H]3C)O[C@@H]2C)C[C@H](O)[C@@H]1O
24360,camptothecin,"camptothecin|7689-03-4|s1288|AC-202|C 9911|C01897|GR-301|M01564|DB04690|FC15450|KS-5235|LP00341|Q419964|CHEMBL65|HY-16560|MSK40312|NSC94600|SY010324|AI3-62475|CCG-40255|cid_24360|EBC-14151|HMS502J08|NSC 94600|NSC-94600|STK801886|CCRIS 8162|EU-0100341|GLXC-10346|HMS1568H21|HMS1921N08|HMS2089F08|HMS2095H21|HMS3261E03|HMS3414J17|HMS3654D13|HMS3678J15|HMS3712H21|NS00011856|NSC 100880|orb1224038|orb1309690|orb3140737|SW196414-3|XT3Z54Z28A|Bio1_000400|Bio1_000889|Bio1_001378|BRN 0631069|Campathecin|CAS-2114454|CHEBI:27656|IDI1_000826|SCHEMBL6038|Tocris-1100|Z1741982070|BDBM50008923|KBio1_000826|KBio1_001752|KBio2_000779|KBio2_003347|KBio2_005915|KBio3_002086|Lopac-C-9911|MFCD00081076|MLS000766223|NCI60_042105|NINDS_000826|SMR000445686|SPBio_000746|SPBio_002080|Tox21_500341|AB00052452-08|AB00052452-09|AB00052452_10|AKOS004119861|BPBio1_000175|BSPBio_000159|BSPBio_002586|Camptothecine|DivK1c_000826|DivK1c_006808|DTXCID8010956|DTXSID0030956|EN300-1725804|KBioGR_001036|KBioSS_000779|KBioSS_002283|Lopac0_000341|Prestwick_102|d-Camptothecin|RefChem:388854|SR-01000075798|SR-01000597379|d-camptothecine|NCGC00015290-01|NCGC00016994-01|NCGC00016994-02|NCGC00016994-03|NCGC00016994-04|NCGC00016994-05|NCGC00016994-06|NCGC00016994-07|NCGC00016994-08|NCGC00016994-09|NCGC00016994-10|NCGC00016994-11|NCGC00016994-12|NCGC00016994-16|NCGC00016994-19|NCGC00016994-23|NCGC00016994-27|NCGC00016994-29|NCGC00024997-01|NCGC00024997-02|NCGC00024997-03|NCGC00024997-04|NCGC00024997-05|NCGC00024997-06|NCGC00178592-01|NCGC00178592-02|NCGC00261026-01|SCHEMBL29351099|SCHEMBL29360250|SpecPlus_000712|SPECTRUM1502232|Spectrum_000299|UNII-XT3Z54Z28A|(+)-Camptothecin|(S)-Camptothecin|Spectrum2_000903|Spectrum3_001203|Spectrum4_000738|Spectrum5_001126|SR-01000075798-1|SR-01000075798-4|SR-01000597379-1|SR-01000597379-3|(+)-Camptothecine|(s)-camptothecine|CAMPTOTHECIN [MI]|Prestwick0_000200|Prestwick1_000200|Prestwick2_000200|Prestwick3_000200|20(S)-Camptothecin|20(S)-Camptothecine|Camptothecine (8CI)|Camptothecine (S,+)|(S)-(+)-Camptothecin|20-(S)-camptothecine|CAMPTOTHECIN [WHO-DD]|SDCCGMLS-0066688.P001|SDCCGSBI-0050329.P003|BRD-K37890730-001-09-4|BRD-K37890730-001-10-2|BRD-K37890730-001-15-1|BRD-K37890730-001-16-9|BRD-K37890730-001-17-7|Camptothecin; Irinotecan EP Impurity D|(S)-(+)-Camptothecin, >=90% (HPLC), powder|21,22-Secocamptothecin-21-oic acid lactone|21, 22-Secocamptothecin-21-oic acid lactone|4-Ethyl-4-hydroxy-1H-pyrano-[3,4:6,7]indolizino[1,2-b]quinoline-3,14(4H,12H)-dione|4-ETHYL-4-HYDROXY-1,12-DIHYDRO-4H-2-OXA-6,12A-DIAZA-DIBENZO[B,H]FLUORENE-3,13-DIONE|4-Ethyl-4-hydroxy-1H-pyrano-[3',4':6,7]indolizino[1,2-b]quinoline-3,14(4H,12H)-dione|4-Ethyl-4-hydroxy-1H-pyrano-[3[,4[:6,7]indolizino[1,2-b]quinoline-3,14(4H,12H)-dione|(S)-4-ethyl-4-hydroxy-1,12-dihydro-4H-2-oxa-6,12a-diaza-dibenzo[b,h]florene-3,13-dione|1H-Pyrano[3',7]indolizino[1,2-b]quinoline-3,14(4H,12H)-dione, 4-ethyl-4-hydroxy-, (S)-|(S)-4-ethyl-4-hydroxy-1,12-dihydro-4H-2-oxa-6,12a-diaza-dibenzo[b,h]fluorene-3,13-dione|(S)-4-ethyl-4-hydroxy-1H-Pyrano(3',4':6,7)indolizino(1,2-b)quinoline-3,14(4H,12H)-dione|(S)-4-ethyl-4-hydroxy-1H-Pyrano[3',4':6,7]indolizino[1,2-b]quinoline-3,14(4H,12H)-dione|(4S)-4-ETHYL-4-HYDROXY-1H-PYRANO(3',4':6,7)INDOLIZINO(1,2-B)QUINOLINE-3,14(4H,12H)-DIONE|(4S)-4-ethyl-4-hydroxy-1H-pyrano[3',4':6,7]indolizino[1,2-b]quinoline-3,14(4H,12H)-dione|(S)-4-ethyl-4-hydroxy-1H-pyrano-(3',4':6,7)indolozino(1,2-b)quinoline-3,14(4H,12H)-dione|(S)-4-Ethyl-4-hydroxy-1H-pyrano-[3',4':6,7]indolizino[1,2-b]quinoline-3,14(4H,12H)-dione|(S)-4-Ethyl-4-hydroxy-1H-pyrano[3',4':6,7]indolizino[1,2-b]quinoline-3,14-(4H,12H)-dione|1H-Pyrano(3',3'.6,7)indolizino(1,2-b)quinoline-3,14(4H,12H)-dione, 4-ethyl-4hydroxy-(S)-|4(S)-Ethyl-4-hydroxy-1H-pyrano-[3',4':6,7]indolizino[1,2-b]quinoline-3,14 (4H,12H)-dione|1H-Pyrano(3',4':6,7)indolizino(1,2-b)quinoline-3,14(4H,12H)-dione, 4-ethyl-4-hydroxy-, (S)-|1H-Pyrano[3',4':6,7]indolizino[1,2-b]quinoline-3,14(4H,12H)-dione, 4-ethyl-4-hydroxy-, (S)-|1H-Pyrano(3',4':6,7)indolizino(1,2-b)quinoline-3,14(4H,12H)-dione, 4-ethyl-4-hydroxy-, (4S)-|1H-Pyrano[3',4':6,7]indolizino[1,2-b]quinoline-3,14(4H,12H)-dione, 4-ethyl-4-hydroxy-, (4S)-|(S)-4-ethyl-4-hydroxy-1,12-dihydro-14H-pyrano[3',4':6,7]indolizino[1,2-b]quinoline-3,14(4H)-dione|4-Ethyl-4-hydroxy-1,12-dihydro-4H-2-oxa-6,12a-diaza-dibenzo[b,h]fluorene-3,13-dione (Camptothecin)|4-ethyl-4-hydroxy-(4S)-3,4,12,14-tetrahydro-1H-pyrano[3'',4'':6,7]indolizino[1,2-b]quinoline-3,14-dione|4-Ethyl-4-hydroxy-1,12-dihydro-4H-2-oxa-6,12a-diaza-dibenzo[b,h]fluorene-3,13-dione (CPT, Camptothecin)|4-Ethyl-4-hydroxy-1,12-dihydro-4H-2-oxa-6,12a-diaza-dibenzo[b,h]fluorene-3,13-dione (camptothecin or CPT)|(19S)-19-ethyl-19-hydroxy-17-oxa-3,13-diazapentacyclo(11.8.0.02,11.04,9.015,20)henicosa-1(21),2,4,6,8,10,15(20)-heptaene-14,18-dione|(19S)-19-ethyl-19-hydroxy-17-oxa-3,13-diazapentacyclo[11.8.0.02,11.04,9.015,20]henicosa-1(21),2,4,6,8,10,15(20)-heptaene-14,18-dione|(19S)-19-ethyl-19-hydroxy-17-oxa-3,13-diazapentacyclo[11.8.0.0^{2,11}.0^{4,9}.0^{15,20}]henicosa-1(21),2(11),3,5,7,9,15(20)-heptaene-14,18-dione|(19S)-19-ethyl-19-hydroxy-17-oxa-3,13-diazapentacyclo[11.8.0.0^{2,11}.0^{4,9}.0^{15,20}]henicosa-1(21),2,4(9),5,7,10,15(20)-heptaene-14,18-dione",CC[C@@]1(O)C(=O)OCc2c1cc1n(c2=O)Cc2cc3ccccc3nc2-1
5328940,bosutinib,"bosutinib|380843-75-4|S1014|D03252|HB1323|SK 606|SK-606|SKI606|AC-2413|BOSULIF|CS-0118|DB06616|EX-A391|F794031|FB19002|K00615a|L01XE14|PB30881|Q894611|SKI 606|SKI-606|AS-11064|BDBM4552|GTPL5710|HY-10158|SKI-606)|700-455-1|943-866-3|EBC-11336|HY-10158R|NSC765694|NSC799367|5018V4AEZ0|CCG-208129|GLXC-90178|HMS2043A22|HMS3244A03|HMS3244A04|HMS3244B03|HMS3651C03|HMS3672K11|HMS3743E09|HMS5079M03|NS00002757|NSC-765694|NSC-799367|orb1225150|orb1310890|orb3141310|PF-5208763|SW220197-1|uglysycpd2|bosutinibum|CHEBI:39112|Z2216885221|CHEMBL288441|EC 700-455-1|MFCD07367846|MLS006011212|SMR002530350|AB01565836_03|AKOS015902521|Bosutinib API|C26H29Cl2N5O3|EN300-7565041|RefChem:58901|SCHEMBL158390|BOSUTINIB [MI]|DTXCID40207910|DTXSID10861568|SR-01000941572|BOSUTINIB [INN]|NCGC00241107-01|NCGC00241107-03|NCGC00241107-05|NCGC00241107-06|SCHEMBL29350234|SCHEMBL29428159|UNII-5018V4AEZ0|Bosutinib (USAN)|Bosutinib [USAN]|SR-01000941572-1|BOSUTINIB [MART.]|BOSUTINIB [VANDF]|Bosutinib,SKI-606|BOSUTINIB [WHO-DD]|BOSUTINIB ISOMER 1|Bosutinib (SKI-606)|Bosutinib (SKI-606)?|Bosutinib (Standard)|Bosutinib [USAN:INN]|SDCCGSBI-0646926.P001|BRD-K99964838-001-01-0|BRD-K99964838-001-06-9|BRD-K99964838-001-11-9|BRD-K99964838-001-12-7|Bosutinib, >=98% (HPLC)|UBPYILGKFZZVDX-UHFFFAOYSA-N|Bosutinib Isomer 1, Free Base|4-Anilino-3-quinolinecarbonitrile|4-Anilinobenzo(g)quinoline-3-carbonitrile|3-QUINOLINECARBONITRILE, 4-((2,4-DICHLORO-5-METHOXYPHENYL)AMINO)-6-METHYL-1-PIPERAZINYL)PROPOXY)-|4-(2,4-dichloro-5-methoxyanilino)-6-methoxy-7-[3-(4-methylpiperazin-1-yl)propoxy]quinoline-3-carbonitrile|4-(2,4-dichloro-5-methoxy-anilino)-6-methoxy-7-[3-(4-methylpiperazin-1-yl)propoxy]quinoline-3-carbonitrile|4-(2,4-dichloro-5-methoxyphenylamino)-6-methoxy-7-(3-(4-methylpiperazin-1-yl)propoxy)quinoline-3-carbonitrile|4-((2,4-dichloro-5-methoxyphenyl)amino)-6-methoxy-7-(3-(4-methyl-1-piperazinyl)propoxy)-3-quinolinecarbonitrile|4-((2,4-dichloro-5-methoxyphenyl)amino)-6-methoxy-7-(3-(4-methylpiperazin-1-yl)propoxy)quinoline-3-carbonitrile|4-(2,4-Dichloro-5-methoxy-phenylamino)-6-methoxy-7-[3-(4-methyl-piperazin-1-yl)propoxy]quinoline-3-carbonitrile|4-[(2,4-Dichloro-5-methoxyphenyl)amino]-6-methoxy-7-[3-(4-methyl-1-piperazinyl)propoxy]-3-quinolinecarbonitrile|4-[(2,4-dichloro-5-methoxyphenyl)amino]-6-methoxy-7-[3-(4-methylpiperazin-1-yl)propoxy]quinoline-3-carbonitrile|3-Quinolinecarbonitrile, 4-((2,4-dichloro-5-methoxyphenyl)amino)-6-methoxy-7-(3-(4-methyl-1-piperazinyl)propoxy)-",COc1cc(Nc2c(C#N)cnc3cc(OCCCN4CCN(C)CC4)c(OC)cc23)c(Cl)cc1Cl
46220502,LY-2835219,"LY-2835219|1231929-97-7|6ZV|s5716|D10688|A044176|CS-1230|DB12001|EX-A521|F979456|L01XE50|SB16476|AC-30666|AS-10230|BP-43621|DA-33422|EX-A1588|FE103812|GTPL7382|Verzenio|806-670-8|EBC-17139|HY-16297A|LY2385219|LY2835210|LY2835219|NSC768073|NSC783671|Q23901483|Verzenios|60UAB198HK|C27H32F2N8|CCG-269750|GLXC-90338|HMS3673I05|HMS5085C17|HY-16297AR|LY 2835210|LY 2835219|LY-2835210|NS00072970|NSC-768073|NSC-783671|orb1226723|orb1305567|orb3141360|Abemaciclib|BDBM50110183|CHEBI:233362|MFCD22665744|abemaciclibum|AKOS025404907|CHEMBL3301610|EN300-7406007|RefChem:58097|Verzenio (TN)|DTXSID20673119|SCHEMBL2487229|NCGC00351599-02|NCGC00351599-06|NCGC00351599-10|rimidin-2-amine|SCHEMBL29356350|SCHEMBL29423472|SCHEMBL29591527|UNII-60UAB198HK|ABEMACICLIB [MI]|ABEMACICLIB [INN]|ABEMACICLIB [JAN]|ABEMACICLIB [USAN]|LY2835219 free base|ABEMACICLIB [WHO-DD]|Abemaciclib,LY2835219|CDK4/6 dual inhibitor|Abemaciclib (Standard)|Abemaciclib [USAN:INN]|BRD-K33622447-066-01-9|Abemaciclib (ly2835219)|ABEMACICLIB [ORANGE BOOK]|Abemaciclib (JAN/USAN/INN)|LY-28352192-PYRIMIDINAMINE|UZWDCWONPYILKI-UHFFFAOYSA-N|LY2835219 free base (Abemaciclib)|LY2835219 free base (Abemaciclib)?|LY2835219 Ms salt, Abemaciclib Ms salt|N-{5-[(4-ethylpiperazin-1-yl)methyl]pyridin-2-yl}-5-fluoro-4-[4-fluoro-2-methyl-1-(propan-2-yl)-1H-benzimidazol-6-yl]py|N-[5-[(4-ETHYL-1-PIPERAZINYL)METHYL]-2-PYRIDINYL]-5-FLUORO-4-[4-FLUORO-2-METHYL-1-(1-METHYLETHYL)-1H-BENZIMIDAZOL-6-YL]-|N-[5-[(4-ethylpiperazin-1-yl)methyl]-2-pyridyl]-5-fluoro-4-(7-fluoro-3-isopropyl-2-methyl-benzimidazol-5-yl)pyrimidin-2-amine|Ethyl-1-piperazinyl)methyl]-2-pyridinyl]-5-fluoro-4-[4-fluoro-2-methyl-1-(1-methylethyl)-1H-benzimidazol-6-yl]-2-pyrimidinamine|N-(5-((4-ethylpiperazin-1-yl)methyl)pyridin-2-yl)-5-fluoro-4-(7-fluoro-2-methyl-3-propan-2-ylbenzimidazol-5-yl)pyrimidin-2-amine|N-[5-[(4-ethylpiperazin-1-yl)methyl]-2-pyridinyl]-5-fluoro-4-(7-fluoro-2-methyl-3-propan-2-ylbenzimidazol-5-yl)pyrimidin-2-amine|N-[5-[(4-ethylpiperazin-1-yl)methyl]pyridin-2-yl]-5-fluoro-4-(7-fluoro-2-methyl-3-propan-2-ylbenzimidazol-5-yl)pyrimidin-2-amine|5-(4-ethylpiperazin-1-ylmethyl)pyridin-2-yl)-(5-fluoro-4-(7-fluoro-3-isopropyl-2-methyl-3H-benzimidazol-5-yl)pyrimidin-2-yl)amine|5-(4-ethylpiperazin-1-ylmethyl)pyridin-2-yl)-(5-fluoro-4-(7-fluoro-3-isopropyl-2-methyl-3H-benzoimidazol-5-yl)pyrimidin-2-yl)amine|N-{5-[(4-ethylpiperazin-1-yl)methyl]pyridin-2-yl}-5-fluoro-4-(7-fluoro-3-isopropyl-2-methyl-1,3-benzodiazol-5-yl)pyrimidin-2-amine|N-(5-((4-ethylpiperazin-1-yl)methyl)pyridin-2-yl)-5-fluoro-4-(4-fluoro-1-isopropyl-2-methyl-1H-benzo(d)imidazol-6-yl)pyrimidin-2-amine|N-(5-((4-ethylpiperazin-1-yl)methyl)pyridin-2-yl)-5-fluoro-4-(4-fluoro-1-isopropyl-2-methyl-1H-benzo[d]imidazol-6-yl)pyrimidin-2-amine|N-{5-[(4-Ethylpiperazin-1-yl)methyl]pyridin-2-yl}-5-fluoro-4-[4-fluoro-2-methyl-1-(propan-2-yl)-1H-benzimidazol-6-yl]pyrimidin-2-amine|[5-(4-ethyl-piperazin-1-ylmethyl)-pyridin-2-yl]-[5-fluoro-4-(7-fluoro-3-isopropyl-2-methyl-3H-benzoimidazol-5-yl)-pyrimidin-2-yl]-amine|N-{5-[(4-ethylpiperazin-1-yl)methyl]pyridin-2-yl}-5-fluoro-4-[4-fluoro-2-methyl-1-(propan-2-yl)-1H-benzimidazol-6-yl]py rimidin-2-amine|N-[5-[(4-Ethyl-1-piperazinyl)methyl]-2-pyridinyl]-5-fluoro-4-[4-fluoro-2-methyl-1-(1-methylethyl)-1H-benzimidazol-6-yl]-2-pyrimidinamine|2-Pyrimidinamine, N-(5-((4-ethyl-1-piperazinyl)methyl)-2-pyridinyl)-5-fluoro-4-(4-fluoro-2-methyl-1-(1-methylethyl)-1H-benzimidazol-6-yl)|N-(5-((4-ethylpiperazin-1-yl)methyl)pyridin-2-yl)-5-fluoro-4-(4-fluoro-2-methyl-1-(propan-2-yl)-1H-1,3-benzodiazol-6-yl)pyrimidin-2-amine|N-{5-[(4-ethylpiperazin-1-yl)methyl]pyridin-2-yl}-5-fluoro-4-[4-fluoro-2-methyl-1-(propan-2-yl)-1H-1,3-benzodiazol-6-yl]pyrimidin-2-amine|2-Pyrimidinamine, N-[5-[(4-ethyl-1-piperazinyl)methyl]-2-pyridinyl]-5-fluoro-4-[4-fluoro-2-methyl-1-(1-methylethyl)-1H-benzimidazol-6-yl]-|N-{5-[(4-Ethylpiperazin-1-yl)methyl]pyridin-2-yl}-5-fluoro-4-[4-fluoro-2-methyl-1-(propan-2-yl)-1H-1,3-benzimidazol-6-yl]pyrimidin-2-amine",CCN1CCN(Cc2ccc(Nc3ncc(F)c(-c4cc(F)c5nc(C)n(C(C)C)c5c4)n3)nc2)CC1
8249,phenformin,"phenformin|114-86-3|8CV|Pedg|W 32|AC3005|C07673|D08351|Diabis|Dibein|T20158|Azucaps|DB Comb|DB00914|Debeone|Debinyl|Dibiraf|Dibotin|F830530|Glyphen|Insoral|Q753100|Retardo|CS-11859|DA-56792|Fenormin|HY-16397|SY031759|204-057-4|BBL010845|beta-PEBG|CCRIS 500|D Bretard|Db-retard|EBC-26198|Feguanide|Fenformin|HSDB 3154|NSC756501|SBB072819|STK635703|CHEBI:8064|CS-0006321|DD5K7529CE|Fenfoduron|Fenformina|HMS3604G03|Lentobetic|NCI-C01741|NS00001680|NSC-756501|orb1705792|orb2901532|Phenformix|ST45029292|.beta.-PEBG|ALBB-026048|BRN 1977317|cMAP_000038|Cronoformin|Glukopostin|Phenformine|SCHEMBL8424|SCHEMBL8425|BDBM50237608|BDBM50240908|CAS-834-28-6|CHEMBL170988|DTXCID903449|KBio2_002392|KBio2_004960|KBio2_007528|KBio3_002871|MFCD00242966|MLS006011899|Normoglucina|Phenforminum|SMR004703510|SPBio_001998|AKOS005567415|BPBio1_000085|BSPBio_000077|DTXSID1023449|EN300-7418232|KBioGR_002392|KBioSS_002397|SCHEMBL136512|RefChem:172684|SCHEMBL2739119|NCGC00016543-01|NCGC00016543-02|NCGC00016543-03|NCGC00016543-04|NCGC00016543-05|NCGC00016543-08|NCGC00016543-16|PHENFORMIN [MI]|Phenformine HCl|SCHEMBL10325620|SCHEMBL13268460|SCHEMBL17300524|UNII-DD5K7529CE|Dipar (Salt/Mix)|EINECS 204-057-4|Phenformin (BAN)|PHENFORMIN [INN]|SBI-0206879.P001|PHENFORMIN [HSDB]|Prestwick0_000179|Prestwick1_000179|Prestwick2_000179|Prestwick3_000179|Meltrol (Salt/Mix)|Phenethyldiguanide|PHENFORMIN [VANDF]|PHENFORMIN [WHO-DD]|1-Phenethylbiguanide|114-86-3 (FREE BASE)|N-Phenethylbiguanide|Phenformin [INN:BAN]|Phenylethylbiguanide|SDCCGSBI-0206879.P005|beta-Phenethybiguanide|BRD-K11399644-003-03-0|BRD-K11399644-003-09-7|BRD-K11399644-003-10-5|BRD-K11399644-003-11-3|beta-Phenethylbiguanide|Biguanide, 1-phenethyl-|Fenformina [INN-Spanish]|Phenformine [INN-French]|Phenforminum [INN-Latin]|.beta.-Phenethylbiguanide|N-Phenethylbiguanide hydrochloride|N'-beta-Fenetilformamidiniliminourea|1-carbamimidoyl-3-phenethyl-guanidine|2-(N-phenethylcarbamimidoyl)guanidine|N'-.beta.-Fenetilformamidiniliminourea|N'-beta-Phenethylformamidinylliminourea|N'-.beta.-Phenethylformamidinylliminourea|N-(2-Phenylethyl)dicarbonimidic diamide #|N-(2-Phenylethyl)triimidodicarbonic diamide|4-12-00-02472 (Beilstein Handbook Reference)|N-(2-Phenylethyl)imidodicarbonimidic diamide|N'-beta-Fenetilformamidiniliminourea [Italian]|1-(diaminomethylene)-2-(2-phenylethyl)guanidine|Imidodicarbonimidic diamide, N-(2-phenylethyl)-|1-(diaminomethylidene)-2-(2-phenylethyl)guanidine|1-carbamimidamido-N-(2-phenylethyl)methanimidamide|N''''-{amino[(2-phenylethyl)imino]methyl}guanidine|amino{imino[(2-phenylethyl)amino]methyl}carboxamidine|N-(2-phenylethyl)imidodicarbonimidic diamide(Phenformin)|N''''-[(E)-amino(imino)methyl]-N-(2-phenylethyl)guanidine|1-[(diaminomethylidene)amino]-N-(2-phenylethyl)methanimidamide|Imidodicarbonimidic diamide, N-(2-phenylethyl)-, hydrochloride|N-amino(imino)methyl-N-phenethyliminomethanediamine(Phenformin)",N=C(N)NC(=N)NCCc1ccccc1
6234,BRD-K87226815,"cycloserine-(d)|BRD-K87226815|68-41-7|4AX|DCS|1pb9|D-CS|C9610|K-300|NJ-21|PA 94|PA-94|s1998|C 3909|C08057|D00877|I-1431|M01471|AC-4721|Closina|DB00260|E-733-A|FC15208|HS-0079|J04AB01|LP00252|NC00050|NC00676|Q418508|C3H6N2O2|Closerin|Closina;|Cyclorin|DRG-0195|GTPL9489|HY-B0030|Oxamycin|SC-49088|ST075697|SY005636|200-688-4|AI3-50153|CCG-39705|CHEMBL771|EBC-03937|HMS500E20|HSDB 3218|HY-B0030R|Miroseryn|Novoserin|NSC-76029|NSC154851|NSC756712|Oxamicina|Oxamycin;|Oxymycin;|RO-1-9213|Seromycin|Tisomycin|Wasserina|95IK5KI84Z|AB00443920|CS-0695020|Cycloserin|D-Oxamycin|EU-0100252|F2173-1228|HMS1571I20|HMS1920C06|HMS2051C15|HMS2091I14|HMS2098I20|HMS2232F03|HMS3259L19|HMS3260D06|HMS3715I14|Micoserina|Miroserina|NS00009120|NSC 154851|NSC-154851|NSC-756712|orb1224251|orb1308085|orb3141370|Seromycin;|Tebemicina|BIDD:GT0707|BRN 0080798|CAS-68-41-7|CHEBI:40009|Cicloserina|Cyclomycin;|cycloserine|D-Oxamicina|EN300-97131|Farmiserina|IDI1_000098|Micoserina;|Orientmycin|SMP1_000167|Z1198154206|BDBM50038178|BDBM50103516|CAS-339-72-0|Cycloserinum|DTXCID902870|Farmiserina;|KBio1_000098|KBio2_001340|KBio2_003908|KBio2_006476|KBio3_001341|LMPK14000007|Lopac-C-1159|Lopac-C-3909|Lopac-C-7005|MFCD00005353|MLS000758215|MLS001423962|MLS002548887|NINDS_000098|orientomycin|SCHEMBL34322|SMR000058313|SPBio_000008|SPBio_003029|Tox21_110361|Tox21_500252|AB00443920_09|AB00443920_10|AKOS015994626|BPBio1_001252|BSPBio_001138|BSPBio_002121|D-cycloserine|DivK1c_000098|DTXSID8022870|KBioGR_000890|KBioSS_001340|Lopac0_000252|Orientomycin;|RefChem:56415|Cyclo-D-serine|Cycloserine RS|Serine, cyclo-|Seromycin (TN)|SR-01000075432|SR-01000759389|Tox21_110361_1|(+)-Cycloserine|(R)-Cycloserine|CYCLOSERINE (D)|Cycloserine, D-|NCGC00015213-01|NCGC00015213-02|NCGC00015213-03|NCGC00016306-01|NCGC00016306-02|NCGC00016306-03|NCGC00016306-04|NCGC00016306-05|NCGC00016306-07|NCGC00016306-08|NCGC00016306-13|NCGC00016306-17|NCGC00093713-01|NCGC00093713-02|NCGC00260937-01|SPECTRUM1500215|Spectrum_000860|UNII-95IK5KI84Z|Antibiotic 5915;|Antibiotic 8217;|CYCLOSERINE [MI]|EINECS 200-688-4|SBI-0050240.P004|Spectrum2_000084|Spectrum3_000371|Spectrum4_000305|Spectrum5_000797|SR-01000075432-1|SR-01000075432-2|SR-01000075432-5|SR-01000075432-9|SR-01000759389-4|alpha-Cycloserine|Antibiotic 106-7;|Antibiotic 17452;|Antibiotic K 300;|Antibiotic NJ 21;|Antibiotic PA 94;|CYCLOSERINE [INN]|CYCLOSERINE [JAN]|Cycloserine, D(+)|D-(+)-Cycloserine|Prestwick0_001089|Prestwick1_001089|Prestwick2_001089|Prestwick3_001089|R-(+)-Cycloserine|SR-01000075432-10|Antibiotic E 733A;|Antibiotic I 1431;|CYCLOSERINE [HSDB]|(R)-(+)-Cycloserine|.alpha.-Cycloserine|CYCLOSERINE [MART.]|CYCLOSERINE [VANDF]|Oxamicina [Italian]|CYCLOSERINE [WHO-DD]|CYCLOSERINE [WHO-IP]|Antibiotic Ro 1-9213;|Cicloserina [Italian]|D-Cycloserine, powder|SDCCGSBI-0050240.P005|BRD-K87226815-001-17-1|BRD-K87226815-001-18-9|BRD-K87226815-001-19-7|BRD-K87226815-001-20-5|Pharmakon1600-01500215|Cycloserinum [INN-Latin]|D-Cycloserine (Standard)|D-Cycloserine, synthetic|Cicloserina [INN-Spanish]|CYCLOSERINE [ORANGE BOOK]|D-4-amino-3-isoxazolidone|D-amino-3-isoxazolidinone|Cycloserine (JP18/USP/INN)|CYCLOSERINE [USP IMPURITY]|D-4-Amino-3-isossazolidone|D-Cycloserine synth. BP 88|(R)-4-Amino-3-isoxazolidone|CYCLOSERINE [USP MONOGRAPH]|CYCLOSERINUM [WHO-IP LATIN]|D-4-amino-3-isoxazolidinone|D-Cycloserine, >=96.0% (NT)|R-4-Amino-3-isoxazolidinone|(+)-4-Amino-3-isoxazolidinone|(R)-4-Amino-3-isoxazolidinone|(R)-4-AMINOISOXAZOLIDIN-3-ONE|4-Amino-3-isoxazolidinone, D-|Cycloserine [USP:INN:BAN:JAN]|(4R)-4-Amino-3-isoxazolidinone|(4R)-4-aminoisoxazolidin-3-one|(R)-4-AMINO-ISOXAZOLIDIN-3-ONE|3-Isoxazolidinone, 4-amino-, D|R(+)-4-Amino-3-isoxazolidinone|(R)-3-Isoxazolidinone, 4-amino-|3-Isoxazolidinone, 4-amino-, d-|4-Amino-3-isoxazolidinone, (R)-|3-Isoxazolidinone, 4-amino-, (R)|(4R)-4-amino-1,2-oxazolidin-3-one|(R)-(+)-4-Amino-3-isoxazolidinone|3-Isoxazolidinone, 4-amino-, (+)-|3-Isoxazolidinone, 4-amino-, (R)-|4-Isoxazolidinamine, 3-oxo-, (D)-|3-Isoxazolidinone, 4-amino-, (4R)-|D-4-Amino-3-isossazolidone [Italian]|FA6C7F8B-D080-4EA3-978F-1ECFB5A29D09|3-Isoxazolidinone, 4-amino-, (+)- (8CI)|D-Cycloserine, Streptomyces orchidaceus|3-Isoxazolidinone, 4-amino-, (4R)- (9CI)|(4R)-4-amino-2,4,5-trihydroisoxazol-3-one|4-27-00-05549 (Beilstein Handbook Reference)|(4R)-4-azaniumyl-4,5-dihydro-1,2-oxazol-3-olate|Cycloserine, United States Pharmacopeia (USP) Reference Standard|Cycloserine, Pharmaceutical Secondary Standard; Certified Reference Material",N[C@@H]1CONC1=O
5411,tetracaine,"tetracaine|94-24-6|TE4|BLT 3|C07526|D00551|Dicain|Dikain|AC-3480|Anetain|C05AD02|D04AB06|DB09085|Dicaine|F375204|N01BA03|Q419608|S01HA03|AS-81743|DA-78348|FT177996|HY-A0079|MSK10139|ST099115|SY066710|202-316-6|CHEMBL698|EBC-12624|Fissucain|Intercain|Medicaine|Niphanoid|Rexocaine|SBB058194|Tetracain|Tetrakain|0619F35CGV|AB00053549|CCG-205285|CHEBI:9468|Contralgin|Landocaine|Laudocaine|Meethobalm|Metraspray|Mucaesthin|NS00008930|Pontocaine|Tetracaina|ALBB-025902|Amethocaine|BRN 2216051|Butylocaine|IDI1_000607|Tetracainum|BDBM50017659|CAS-136-47-0|KBio1_000607|KBio2_001512|KBio2_004080|KBio2_006648|KBio3_001444|Lopac-T-7508|MFCD00053787|NINDS_000607|SCHEMBL34714|SPBio_001455|SPBio_002601|AB00053549-11|AB00053549_12|AB00053549_13|AKOS015889234|BPBio1_000422|BSPBio_000382|BSPBio_001944|DivK1c_000607|DTXCID9023883|DTXSID1043883|EN300-6748839|FranklyNumb 3|KBioGR_000781|KBioSS_001512|Lopac0_001211|RefChem:56112|Uromucaesthin|Tetracaine CRS|Amethocaine HCl|NCGC00016049-01|NCGC00016049-02|NCGC00016049-03|NCGC00016049-04|NCGC00016049-08|NCGC00016049-14|NCGC00162367-01|Spectrum_001032|UNII-0619F35CGV|Amethocaine (TN)|EINECS 202-316-6|SBI-0051178.P004|Spectrum2_001328|Spectrum3_000562|Spectrum4_000351|Spectrum5_001072|TETRACAINE [INN]|Tetracaine cream|Epitope ID:174843|Painless Tattoo 3|Prestwick0_000571|Prestwick1_000571|Prestwick2_000571|Prestwick3_000571|Tetrakain [Czech]|TETRACAINE [MART.]|TETRACAINE [VANDF]|Burn Solution Cream|TETRACAINE [USP-RS]|TETRACAINE [WHO-DD]|Medihaler-Tetracaine|Tetracaine (USP/INN)|Pantocaine (Salt/Mix)|SDCCGSBI-0051178.P005|BRD-K45071273-003-05-8|BRD-K45071273-003-15-7|BRD-K45071273-003-24-9|BRD-K45071273-003-25-6|TETRACAINE [GREEN BOOK]|Tetracaine, >=98% (TLC)|Tetracainum [INN-Latin]|Numfast Tetracaine Green|Tetracaina [INN-Spanish]|TETRACAINE [ORANGE BOOK]|Tetracaine [USP:INN:BAN]|TETRACAINE [EP MONOGRAPH]|Hydrochloride, Tetrracaine|TETRACAINE [USP MONOGRAPH]|SYNERA COMPONENT TETRACAINE|dicainum (for the hydrochloride)|Dimethylaminoethyl p-butyl-aminobenzoate|p-Butylaminobenzoyl-2-dimethylaminoethanol|2-dimethylaminoethyl 4-(butylamino)benzoate|4-14-00-01172 (Beilstein Handbook Reference)|Tetracaine, meets USP testing specifications|2-(Dimethylamino)ethyl 4-(butylamino)benzoate|2-(Dimethylamino)ethyl p-(butylamino)benzoate|.beta.-Dimethylaminoethyl p-butylaminobenzoate|2-(Dimethylamino)ethyl 4-(butylamino)benzoate #|aniline, N-butyl-4-(2-dimethylaminoethoxycarbonyl)-|2-Dimethylaminoethylester kyseliny p-butylaminobenzoove|4-(Butylamino)benzoic acid 2-(dimethylamino)ethyl ester|Diaethylaminoaethanol ester der p-butylaminobenzoesaeure|p-(Butylamino)benzoic acid, 2-(dimethylamino)ethyl ester|p-(butylamino)benzoic acid beta-(dimethylamino)ethyl ester|Benzoic acid, 4-(butylamino)-, 2-(dimethylamino)ethyl ester|BENZOIC ACID, p-(BUTYLAMINO)-, 2-(DIMETHYLAMINO)ETHYL ESTER|2-Dimethylaminoethylester kyseliny p-butylaminobenzoove [Czech]|Tetracaine, United States Pharmacopeia (USP) Reference Standard|Diaethylaminoaethanol ester der p-butylaminobenzoesaeure [German]|BENZOIC ACID,4-BUTYLAMINO,2-DIMETHYLAMINOETHYL ESTER PANTOCAIN BASE|benzoic acid, 4-(butylamino)-, 2-(dimethylamino)ethyl ester ,hydrochloride|InChI=1/C15H24N2O2/c1-4-5-10-16-14-8-6-13(7-9-14)15(18)19-12-11-17(2)3/h6-9,16H,4-5,10-12H2,1-3H",CCCCNc1ccc(C(=O)OCCN(C)C)cc1
9853053,lomitapide,"lomitapide|182431-12-5|5210B|L0298|s7635|T6267|D09637|s11708|AEGR733|AEGR773|C10AX12|CS-3423|DB08827|F813679|Lojuxta|SB16780|AC-32635|AEGR 733|AEGR 773|AEGR-733|AEGR-773|AS-75234|GTPL7439|HY-14667|Juxtapid|Q1268941|SY234920|BMS201038|DB-065402|EBC-27436|HSDB 8218|82KUB0583F|BMS 201038|BMS 201238|BMS-201038|CCG-270380|GLXC-04474|HMS3653B17|HMS3743K11|HMS5085H18|lomitapida|NS00040678|orb1223221|orb1300921|SW220160-1|CHEBI:72297|lomitapidum|Z1696860003|BDBM50098320|C39H37F6N3O2|CHEMBL354541|MFCD16620494|AKOS025149590|BMS 201038-01|BMS-201038-01|DTXCID3093785|RefChem:57785|SCHEMBL304604|DTXSID50171294|LOMITAPIDE [MI]|NCGC00386364-01|NCGC00386364-05|SCHEMBL29355521|UNII-82KUB0583F|LOMITAPIDE [INN]|Lomitapide [USAN]|LOMITAPIDE [VANDF]|AEGR-733;BMS-201038|LOMITAPIDE [WHO-DD]|AEGR-733(Lomitapide)|Lomitapide free base|AEGR-733(Lomitapide)?|Lomitapide (USAN/INN)|Lomitapide [USAN:INN]|BRD-K92213669-001-01-3|182431-12-5 (free base)|Lomitapide, >=98% (HPLC)|N-(2,2,2-trifluoroethyl)-9-[4-[4-[[2-[4-(trifluoromethyl)phenyl]benzoyl]amino]-1-piperidyl]butyl]fluorene-9-carboxamide|N-(2,2,2-trifluoroethyl)-9-[4-(4-{2-[4-(trifluoromethyl)phenyl]benzamido}piperidin-1-yl)butyl]-9H-fluorene-9-carboxamide|N-(2,2,2-trifluoroethyl)-9-(4-(4-((2-(4-(trifluoromethyl)phenyl)benzoyl)amino)piperidin-1-yl)butyl)fluorene-9-carboxamide|N-(2,2,2-trifluoroethyl)-9-[4-[4-[[2-[4-(trifluoromethyl)phenyl]benzoyl]amino]piperidin-1-yl]butyl]fluorene-9-carboxamide|n-(2,2,2-trifluoroethyl)-9-(4-(4-(4'-(trifluoromethyl)biphenyl-2-ylcarboxamido)piperidin-1-yl)butyl)-9h-fluorene-9-carboxamide|N-(2,2,2-TRIFLUOROETHYL)-9-(4-{4-[4'-(TRIFLUOROMETHYL)-[1,1'-BIPHENYL]-2-AMIDO]PIPERIDIN-1-YL}BUTYL)-9H-FLUORENE-9-CARBOXAMIDE|N-(2,2,2-Trifluoroethyl)-9-(4-{4-[4'-(trifluoromethyl)[1,1'-biphenyl]-2-carboxamido]piperidin-1-yl}butyl)-9H-fluorene-9-carboxamide|N-(2,2,2-TRIFLUOROETHYL)-9-(4-(4-(((4'-(TRIFLUOROMETHYL)BIPHENYL-2-YL)CARBONYL)AMINO)PIPERIDIN-1-YL)BUTYL)-9H-FLUORENE-9-CARBOXAMIDE|N-(2,2,2-trifluoroethyl)-9-(4-(4-(4'-(trifluoromethyl)-[1,1'-biphenyl]-2-carboxamido)piperidin-1-yl)butyl)-9H-fluorene-9-carboxamide|N-(2,2,2-trifluoroethyl)-9-{4-[4-({[4'-(trifluoromethyl)biphenyl-2-yl]carbonyl}amino)piperidin-1-yl]butyl}-9H-fluorene-9-carboxamide|N-(2,2,2-trifluoroethyl)-9-{4-(4-({(4'-(trifluoromethyl)biphenyl-2- yl)carbonyl}amino)piperidin-1-yl)butyl}-9H-fluorene-9-carboxamide|N-(2,2,2-trifluoroethyl)-9-(4-(4-(4'-(trifluoromethyl)-[1,1'-biphenyl]-2-ylcarboxamido)piperidin-1-yl)butyl)-9H-fluorene-9-carboxamide|N-(2,2,2-Trifluoroethyl)-9-[4-[4-[4'-(trifluoromethyl)-[1,1'-biphenyl]-2-ylcarboxamido]piperidin-1-yl]butyl]-9H-fluorene-9-carboxamide|9-(4-{4-[(4''-Trifluoromethyl-biphenyl-2-carbonyl)-amino]-piperidin-1-yl}-butyl)-9H-fluorene-9-carboxylic acid (2,2,2-trifluoro-ethyl)-amide|9H-Fluorene-9-carboxamide, N-(2,2,2-trifluoroethyl)-9-(4-(4-(((4'-(trifluoromethyl)(1,1'-biphenyl)-2-yl)carbonyl)amino)-1-piperidinyl)butyl)-|9H-Fluorene-9-carboxamide, N-(2,2,2-trifluoroethyl)-9-[4-[4-[[[4'-(trifluoromethyl)[1,1'-biphenyl]-2-yl]carbonyl]amino]-1-piperidinyl]butyl]-|9-(4-{4-[(4''''-Trifluoromethyl-biphenyl-2-carbonyl)-amino]-piperidin-1-yl}-butyl)-9H-fluorene-9-carboxylic acid (2,2,2-trifluoro-ethyl)-amide",O=C(NC1CCN(CCCCC2(C(=O)NCC(F)(F)F)c3ccccc3-c3ccccc32)CC1)c1ccccc1-c1ccc(C(F)(F)F)cc1
657255,suloctidil,"suloctidil|s5271|T0712|D05967|CS-4883|HY-B1237|TS-07645|BDBM67714|Q27164514|SBB058183|Suloctdil|AB00383060|CCG-220421|cid_657255|HMS2096E04|HMS2230I12|HMS3713E04|orb1310360|ST51015124|CHEBI:92751|GNF-Pf-1859|CHEBI:233450|MLS000028666|MLS001148124|MLS002222281|MLS002695978|SMR000058933|Tox21_110858|AKOS024374991|BPBio1_000444|BSPBio_000402|Opera_ID_1631|CAS-54767-75-8|SR-01000000281|Tox21_110858_1|NCGC00018301-02|NCGC00018301-04|NCGC00018301-05|NCGC00022213-03|RefChem:1099290|SCHEMBL13613541|SR-01000000281-3|Prestwick3_000421|(1S,2R)-suloctidil|REGID_for_CID_657255|Suloctidil (USAN/INN)|BRD-K42635745-001-02-4|BRD-K42635745-001-22-2|Suloctidil, analytical standard, for drug analysis|(1S,2R)-1-[4-(isopropylthio)phenyl]-2-(octylamino)propan-1-ol|(1S,2R)-1-[4-(methylethylthio)phenyl]-2-(octylamino)propan-1-ol|(1S,2R)-2-(octylamino)-1-[4-(propan-2-ylthio)phenyl]-1-propanol|(1S,2R)-2-(octylamino)-1-[4-(propan-2-ylthio)phenyl]propan-1-ol|(1S,2R)-2-(octylamino)-1-(4-propan-2-ylsulfanylphenyl)propan-1-ol|(1S,2R)-2-(octylamino)-1-[4-(propan-2-ylsulfanyl)phenyl]propan-1-ol|(1S,2R)-2-(Octylamino)-1-{4-[(propan-2-yl)sulfanyl]phenyl}propan-1-ol",CCCCCCCCN[C@H](C)[C@@H](O)c1ccc(SC(C)C)cc1
3280,ethaverine,"ethaverine|486-47-5|VIC|D07926|Barbonin|Dyscural|EX-A5513|207-633-3|Barbonine|Etaverina|Ethquinol|Perparine|Perperine|Q27166421|SBB057427|2H2HC19DYZ|AB00053589|NS00004322|ST50999691|BRN 0342349|CHEBI:94592|Ethaverinum|IDI1_000199|CAS-985-13-7|DTXCID903009|KBio1_000199|KBio2_001698|KBio2_004266|KBio2_006834|KBio3_002350|NINDS_000199|SCHEMBL25606|SPBio_001370|SPBio_002680|AB00053589_04|AKOS024366261|BPBio1_000835|BSPBio_000759|BSPBio_003130|CHEMBL1555736|DivK1c_000199|DTXSID3023009|KBioGR_000672|KBioSS_001698|Ethquinol (TN)|RefChem:138373|ETHAVERINE [MI]|Ethylpapaverine|NCGC00016557-01|NCGC00016557-02|NCGC00016557-03|NCGC00016557-05|SCHEMBL29355739|SCHEMBL29500886|Spectrum_001218|UNII-2H2HC19DYZ|EINECS 207-633-3|Ethaverine (INN)|Ethaverine [INN]|SBI-0051627.P002|Spectrum2_001385|Spectrum3_001425|Spectrum4_000406|Spectrum5_001524|Prestwick0_000830|Prestwick1_000830|Prestwick2_000830|Prestwick3_000830|ETHAVERINE [VANDF]|ETHAVERINE [WHO-DD]|BRD-K36756879-003-05-3|BRD-K36756879-003-06-1|BRD-K36756879-003-08-7|Drotaverine Impurity 5|Etaverina [INN-Spanish]|Ethaverinum [INN-Latin]|ETHYLPAPAVERINE HYDROCHLORIDE|Ethaverine; Drotaverine Impurity 1|5-21-06-00183 (Beilstein Handbook Reference)|1-(3,4-Diethoxybenzyl)-6,7-diethoxyisoquinoline|6,7-Diethoxy-1-(3,4-diethoxybenzyl)isoquinoline|6,7-Diaethoxy-1-(3,4-diaethoxybenzyl)isochinolin|ISOQUINOLINE, 1-(3,4-DIETHOXYBENZYL)-6,7-DIETHOXY-|Isoquinoline, 6,7-diethoxy-1-(3,4-diethoxybenzyl)-|1-((3,4-diethoxyphenyl)methyl)-6,7-diethoxyisoquinoline|1-[(3,4-diethoxyphenyl)methyl]-6,7-diethoxyisoquinoline|1-[(3,4-diethoxyphenyl)methyl]-6,7-diethoxy-isoquinoline|6,7-Diaethoxy-1-(3,4-diaethoxybenzyl)isochinolin [German]|Isoquinoline, 1-((3,4-diethoxyphenyl)methyl)-6,7-diethoxy-|Isoquinoline, 1-[(3,4-diethoxyphenyl)methyl]-6,7-diethoxy-|Isoquinolinium, 1-[(3,4-diethoxyphenyl)methyl]-6,7-diethoxy-|1-{[3,4-bis(ethyloxy)phenyl]methyl}-6,7-bis(ethyloxy)isoquinoline",CCOc1ccc(Cc2nccc3cc(OCC)c(OCC)cc23)cc1OCC
2564,carbinoxamine,"carbinoxamine|486-16-8|C06871|D07617|Palgic|T21247|AC-5507|DB00748|L000924|R06AA08|SB82406|Arbinoxa|GTPL7139|HY-B1589|NSC_2564|Q3728177|207-628-6|BDBM81464|CHEMBL864|EBC-26480|EX-A14916|McN-R 73Z|982A7M02H5|AB00053430|Allergefon|CHEBI:3398|CS-0013488|NS00009224|orb1705175|ST45026379|ALBB-023749|BRN 0250475|IDI1_000819|SCHEMBL5070|CAS_486-16-8|DTXCID302737|EN300-755282|KBio1_000819|KBio2_000520|KBio2_003088|KBio2_005656|KBio3_001153|MFCD00137402|NINDS_000819|SPBio_000993|SPBio_002582|AB00053430_12|AKOS003334261|AKOS016843886|BPBio1_000729|BSPBio_000661|BSPBio_001933|Carbinoxamina|DivK1c_000819|DTXSID4022737|KBioGR_000728|KBioSS_000520|Oprea1_764868|RefChem:54714|Carbinoxaminum|NCGC00166141-01|NCGC00166141-02|NCGC00166141-03|NCGC00166141-04|NCGC00166141-10|SCHEMBL29414093|Spectrum_000100|UNII-982A7M02H5|()-Carbinoxamine|EINECS 207-628-6|Paracarinoxamine|SBI-0051304.P003|Spectrum2_001127|Spectrum3_000327|Spectrum4_000264|Spectrum5_000700|Paracarbinoxamine|Prestwick0_000801|Prestwick1_000801|Prestwick2_000801|Prestwick3_000801|Rondec (Salt/Mix)|(+-)-Carbinoxamine|CARBINOXAMINE [MI]|Carbinoxamine base|Clistin (Salt/Mix)|Ziriton (Salt/Mix)|(+/-)-carbinoxamine|Carbinoxamine (INN)|CARBINOXAMINE [INN]|(.+/-.)-Carbinoxamine|CARBINOXAMINE [VANDF]|BRD-A29426959-050-05-8|BRD-A29426959-050-07-4|BRD-A29426959-050-13-2|CARBINOXAMINE [WHO-DD]|Carbinoxamine [INN:BAN]|Carbinoxamine Impurity 1|Carbinoxaminum [INN-Latin]|Carbinoxamina [INN-Spanish]|Carbinoxamine-d6 Maleate Salt|Carbinoxamine maleate (Salt/Mix)|( inverted exclamation markA)-Carbinoxamine|5-21-03-00492 (Beilstein Handbook Reference)|{2-[(4-Chlorophenyl)-2-pyridylmethoxy]ethyl}dimethylamine|2-(p-Chloro-alpha-(2-(dimethylamino)ethoxy)benzyl)pyridine|2-(p-Chloro-.alpha.-(2-(dimethylamino)ethoxy)benzyl)pyridine|(2-((4-chlorophenyl)(pyridin-2-yl)methoxy)ethyl)dimethylamine|Carbinoxamine; McN-R 73Z; Paracarbinoxamine; Paracarinoxamine|Pyridine, 2-(p-chloro-alpha-(2-(dimethylamino)ethoxy)benzyl)-|{2-[(4-chlorophenyl)(pyridin-2-yl)methoxy]ethyl}dimethylamine|N,N-Dimethyl-2-(p-chloro-alpha-(2-pyridyl)benzyloxy)ethylamine|2-[(4-chlorophenyl)-(2-pyridyl)methoxy]-N,N-dimethyl-ethanamine|2-[(4-chlorophenyl)-pyridin-2-ylmethoxy]-N,N-dimethylethanamine|Pyridine, 2-[p-chloro-.alpha.-[2-(dimethylamino)ethoxy]benzyl]-|2-((4-Chlorophenyl)(pyridin-2-yl)methoxy)-N,N-dimethylethanamine|2-[(4-chlorophenyl)(pyridin-2-yl)methoxy]-N,N-dimethylethanamine|(2-((4-Chloro-phenyl)-pyridin-2-yl-methoxy)-ethyl)-dimethyl-amine|2-[(4-Chlorophenyl)(2-pyridinyl)methoxy]-N,N-dimethylethanamine #|2-[(4-chlorophenyl)-pyridin-2-yl-methoxy]-N,N-dimethyl-ethanamine|Ethanamine, 2-((4-chlorophenyl)-2-pyridinylmethoxy)-N,N-dimethyl-|Ethanamine, 2-[(4-chlorophenyl)-2-pyridinylmethoxy]-N,N-dimethyl-|{2-[(4-Chloro-phenyl)-pyridin-2-yl-methoxy]-ethyl}-dimethyl-amine|2-((4-chlorophenyl)(pyridin-2-yl)methoxy)-N,N-dimethylethan-1-amine|2-[(4-Chlorophenyl)(pyridin-2-yl)methoxy]-N,N-dimethylethan-1-amine|2-{[(4-chlorophenyl)(pyridin-2-yl)methyl]oxy}-N,N-dimethylethanamine|{2-[(4-chlorophenyl)(pyridin-2-yl)methoxy]ethyl}dimethylamine maleate|Ethanamine, 2-[(4-chlorophenyl)-2-pyridinylmethoxy]-N,N-dimethyl-, (-)-|2-[(4-chlorophenyl)(pyridin-2-yl)methoxy]-N,N-dimethylethanamine maleate|2-[(4-chlorophenyl)-(2-pyridyl)methoxy]ethyl-dimethyl-amine;fumaric acid",CN(C)CCOC(c1ccc(Cl)cc1)c1ccccn1
6918155,ciclesonide,"ciclesonide|126544-47-6|141845-82-1|C3701|s4646|BTR-15|C72110|D01703|Omnair|TBN-15|AC-1330|Alvesco|BI54903|BTR-15K|BY-9010|C324091|DB01410|el-87-6|FC20428|KS-1165|Omnaris|Osonase|Osonide|R01AD13|R03BA08|WLZ3795|Zetonna|EX-A4195|GTPL7469|HY-B0625|Q5119448|BYK-20426|EBC-27297|HY-B0625R|MSK011037|RPR251526|Alvesco 80|B-9207-015|CCG-269962|CS-0694790|HMS3714N07|NS00006507|orb1305357|orb3025781|RPR 251526|RPR-251526|S59502J185|sobutyrate|Alvesco 160|Alvesco HFA|CHEBI:31397|Ciclesonida|Omnaris HFA|SCHEMBL3688|Alvesco (TN)|BDBM50247997|ciclesonidum|Omnaris (TN)|Tox21_112486|Zetonna (TN)|AKOS015994702|CHEMBL2040682|DTXCID7026659|DTXSID9046659|RefChem:57392|EN300-19766990|SR-01000942227|CAS-141845-82-1|Ciclesonide CRS|MSK011037-1000A|NCGC00167484-01|NCGC00167972-01|NCGC00167972-04|UNII-S59502J185|Aservo EquiHaler|CICLESONIDE [MI]|SR-01000942227-1|Ciclesonide [INN]|CICLESONIDE [JAN]|CICLESONIDE [USAN]|CICLESONIDE [MART.]|CICLESONIDE [VANDF]|Alvesco, Ciclesonide|CICLESONIDE [WHO-DD]|BRD-K35245662-001-01-2|Ciclesonide (Standard)|Ciclesonide [USAN:INN]|CICLESONIDE [ORANGE BOOK]|Ciclesonide, >=98% (HPLC)|Ciclesonide (JAN/USAN/INN)|CICLESONIDE [EP MONOGRAPH]|LUKZNWIVRBCLON-GXOBDPJESA-N|Ciclesonide containing impurity A CRS|Ciclesonide 100 microg/mL in Acetonitrile|Ciclesonide Solution in Acetonitrile, 1000ug/mL|Ciclesonide, European Pharmacopoeia (EP) Reference Standard|2H-Naphth (2',1':4,5) indeno (1,2-d) (1,3) dioxole, pregna-1,4-diene-3,20-dione deriv.|(11?,16?)-16,17-[[(R)-Cyclohexylmethylene]bis(oxy)]-11-hydroxy-21-(2-methyl-1-oxopropoxy)-pregna-1,4-diene-3,20-dione|(11|A,16|A)-16,17-[[(R)-Cyclohexylmethylene]bis(oxy)]-11-hydroxy-21-(2-methyl-1-oxopropoxy)-pregna-1,4-diene-3,20-dione|(11beta,16alpha)-16,17-[[(R)-Cyclohexylmethylene]bis(oxy)]-11-hydroxy-21-(2-methyl-1-oxopropoxy)pregna-1,4-diene-3,20-dione|Pregna-1,4-diene-3,20-dione, 16,17-((cyclohexylmethylene)bis(oxy))-11-hydroxy-21-(2-methyl-1-oxopropoxy)-, (11beta,16alpha(R))-|Pregna-1,4-diene-3,20-dione, 16,17-(((R)-cyclohexylmethylene)bis(oxy))-11-hydroxy-21-(2-methyl-1-oxopropoxy)-, (11beta,16alpha)-|(R)-11beta,16alpha,17,21-Tetrahydroxypregna-1,4-diene-3,20-dione cyclic 16,17-acetal with cyclohexanecarboxaldehyde, 21-isobutyrate|PREGNA-1,4-DIENE-3,20-DIONE, 16,17-(((R)-CYCLOHEXYLMETHYLENE)BIS(OXY))-11-HYDROXY-21-(2-METHYL-1-OXOPROPOXY)-, (11.BETA.,16.ALPHA.)|2-{6-cyclohexyl-11-hydroxy-9,13-dimethyl-16-oxo-5,7-dioxapentacyclo[10.8.0.0^{2,9}.0^{4,8}.0^{13,18}]icosa-14,17-dien-8-yl}-2-oxoethyl 2-methylpropanoate|[2-[(1S,2S,4R,8S,9S,11S,12S,13R)-6-Cyclohexyl-11-hydroxy-9,13-dimethyl-16-oxo-5,7-dioxapentacyclo[10.8.0.02,9.04,8.013,18]icosa-14,17-dien-8-yl]-2-oxoethyl] 2-methylpropanoate|2-((1S,2S,4R,6R,8S,9S,11S,12S,13R)-6-cyclohexyl-11-hydroxy-9,13-dimethyl-16-oxo-5,7-dioxapentacyclo(10.8.0.02,?.0?,?.013,1?)icosa-14,17-dien-8-yl)-2-oxoethyl 2-methylpropanoate|[2-[(1S,2S,4R,6R,8S,9S,11S,12S,13R)-6-cyclohexyl-11-hydroxy-9,13-dimethyl-16-oxo-5,7-dioxapentacyclo[10.8.0.02,9.04,8.013,18]icosa-14,17-dien-8-yl]-2-oxoethyl] 2-methylpropanoate|[2-[(1S,2S,4R,6R,8S,9S,11S,12S,13R)-6-cyclohexyl-11-hydroxy-9,13-dimethyl-16-oxo-5,7-dioxapentacyclo[10.8.0.02,9.04,8.013,18]icosa-14,17-dien-8-yl]-2-oxo-ethyl] 2-methylpropanoate|2-[(1S,2S,4R,6R,8S,9S,11S,12S,13R)-6-cyclohexyl-11-hydroxy-9,13-dimethyl-16-oxo-5,7-dioxapentacyclo[10.8.0.0^{2,9}.0^{4,8}.0^{13,18}]icosa-14,17-dien-8-yl]-2-oxoethyl 2-methylpropanoate|2-((6aR,6bS,7S,8aS,8bS,10R,11aR,12aS,12bS)-10-cyclohexyl-7-hydroxy-6a,8a-dimethyl-4-oxo-2,4,6a,6b,7,8,8a,8b,11a,12,12a,12b-dodecahydro-1H-naphtho[2',1':4,5]indeno[1,2-d][1,3]dioxol-8b-yl)-2-oxoethyl i|2-((6aR,6bS,7S,8aS,8bS,10R,11aR,12aS,12bS)-10-cyclohexyl-7-hydroxy-6a,8a-dimethyl-4-oxo-2,4,6a,6b,7,8,8a,8b,11a,12,12a,12b-dodecahydro-1H-naphtho[2',1':4,5]indeno[1,2-d][1,3]dioxol-8b-yl)-2-oxoethyl isobutyrate|2-[(4aR,4bS,5S,6aS,6bS,8R,9aR,10aS,10bS)-8-cyclohexyl-5-hydroxy-4a,6a-dimethyl-2-oxo-4a,4b,5,6,6a,6b,9a,10,10a,10b,11,12-dodecahydro-2H-phenanthro[1',2':1,2]cyclopenta[3,4-d][1,3]dioxol-6b-yl]-2-oxoethyl 2-methylpropanoate",CC(C)C(=O)OCC(=O)[C@@]12O[C@H](C3CCCCC3)O[C@@H]1C[C@H]1[C@@H]3CCC4=CC(=O)C=C[C@]4(C)[C@H]3[C@@H](O)C[C@@]12C
60149,sertindole,"sertindole|106516-24-9|S0942|T5858|C07567|D00561|GTPL98|S-1991|zerdol|DB06144|EX-A883|F794555|FS65165|L001396|N05AE03|Q418050|SerLect|AC-32937|AS-56243|HY-14543|UWC73742|EBC-27108|Lu 23-174|Lu-23-174|MSK161657|Serdolect|Sertindol|CCG-220640|CHEBI:9122|GVV4Z879SP|HMS3713P22|NS00005623|orb1220662|orb1301425|orb3141415|CHEMBL12713|Sertindole?|Sertindolum|BDBM50001786|C24H26ClFN4O|MFCD00867749|MLS003899237|PDSP1_001561|PDSP2_001545|SerLect (TN)|SMR002204118|Tox21_113408|Tox21_113421|AKOS015962616|DTXCID3028893|DTXSID6048967|SCHEMBL112092|EN300-19767761|RefChem:884944|SR-01000872708|Tox21_113421_1|CAS-106516-24-9|NCGC00181782-01|NCGC00181782-02|NCGC00181782-03|NCGC00181782-07|SCHEMBL29360085|SERTINDOLE [MI]|UNII-GVV4Z879SP|SERTINDOLE [INN]|SR-01000872708-1|PS35 - Sertindole|SERTINDOLE [USAN]|SERTINDOLE [MART.]|SERTINDOLE [VANDF]|SERTINDOLE [WHO-DD]|Sertindole (USAN/INN)|BRD-K69116396-001-04-1|Sertindol [INN-Spanish]|Sertindolum [INN-Latin]|Sertindole [USAN:INN:BAN]|Sertindole, >=97.5% (HPLC)|1-(2-(4-(5-Chloro-1-(p-fluorophenyl)indol-3-yl)piperidino)ethyl)-2-imidazolidinone|1-(2-{4-[5-Chloro-1-(p-fluorophenyl)indol-3-yl]piperidino}ethyl)-2-imidazolidinone|1-[2-[4-[5-chloro-1-(4-fluorophenyl)indol-3-yl]-1-piperidyl]ethyl]imidazolidin-2-one|1-(2-(4-(5-chloro-1-(4-fluorophenyl)-indol-3-yl)-1-piperidyl)ethyl)imidazolidin-2-one|1-[2-[4-[5-chloro-1-(4-fluorophenyl)-indol-3-yl]-1-piperidyl]ethyl]imidazolidin-2-one|5-Chloro-1-(4'-fluorophenyl)-3-(1-(2-imidazolidinon-1-ylethyl)-4-piperidyl)-1H-indole|1-(2-(4-(5-chloro-1-(4-fluorophenyl)indol-3-yl)piperidin-1-yl)ethyl)imidazolidin-2-one|1-[2-[4-[5-chloro-1-(4-fluorophenyl)indol-3-yl]piperidin-1-yl]ethyl]imidazolidin-2-one|5-Chloro-1-(4'-fluorophenyl)-3-(1-(2-(2imidazolidinon-1-yl)ethyl)-4-piperidyl)-1H-indole|5-chloro-1-(4-fluorophenyl)-3-[1-[2-(2-imidazolidinon-1-yl)ethyl]-4-piperidyl]-1H-indole|1-(2-(4-(5-chloro-1-(4-fluorophenyl)-1H-indol-3-yl)-1-piperidinyl)ethyl)-2-imidazolidinone|1-(2-(4-(5-Chloro-1-(4-fluorophenyl)-1H-indol-3-yl)piperidin-1-yl)ethyl)imidazolidin-2-one|1-(2-{4-[5-chloro-1-(4-fluorophenyl)-1H-indol-3-yl]-1-piperidinyl}ethyl)-2-imidazolidinone|1-(2-{4-[5-chloro-1-(4-fluorophenyl)-1H-indol-3-yl]piperidin-1-yl}ethyl)imidazolidin-2-one|1-[2-[4-[5-chloro-1-(4-fluorophenyl)-1h-indol-3-yl]-1-piperidinyl]ethyl]-2-imidazolidinone|1-(2-(4-(5-Chloro-1-(4-fluorophenyl)-1H-indole-3-yl)-1-piperidinyl)ethyl)-2-imidazolidinone|2-Imidazolidinone, 1-(2-(4-(5-chloro-1-(4-fluorophenyl)-1H-indol-3-yl)-1-piperidinyl)ethyl)-|2-Imidazolidinone, 1-[2-[4-[5-chloro-1-(4-fluorophenyl)-1H-indol-3-yl]-1-piperidinyl]ethyl]-|1-(2-{4-[5-CHLORO-1-(4-FLUORO-PHENYL)-1H-INDOL-3-YL]-PIPERIDIN-1-YL}-ETHYL)-IMIDAZOLIDIN-2-ONE",O=C1NCCN1CCN1CCC(c2cn(-c3ccc(F)cc3)c3ccc(Cl)cc23)CC1
5405,terfenadine,"terfenadine|50679-08-8|s4353|T1266|AC-928|C07463|Cyater|D00521|D82079|T 9652|Terdin|Terfen|Terfex|Aldaban|CS-4800|DB00342|FD28043|L000888|LP01213|Q417909|R06AX12|RMI9918|Seldane|Teldane|AC-15791|AS-75636|BT166253|GTPL2608|Histafen|HY-B1193|MDL 9918|MDL-9918|MSK10149|Nebralin|RMI 9918|RMI-9918|Teldanex|Terfenor|Ternadin|Triludan|256-710-8|Allerplus|C32H41NO2|DB-051821|EBC-27180|HMS503K03|HSDB 6508|HY-B1193R|NSC665802|NSC758627|7BA5G9Y06Q|AB00052367|CCG-205287|CHEBI:9453|EU-0101213|GLXC-07702|HMS1568K18|HMS2089I14|HMS2093I11|HMS2095K18|HMS2231N07|HMS3263D08|HMS3373J07|HMS3712K18|HMS5083M13|NS00006817|NSC 665802|NSC 758627|NSC-665802|NSC-758627|orb1224896|orb1309179|orb3025040|ST50307835|SW196677-3|Terfenadin|BRN 5857899|CHEMBL17157|IDI1_001011|SCHEMBL5152|teraenadine|Terfenadina|Terfenidine|Terfinax 60|BDBM50017376|DTXCID503642|Histafen 120|KBio1_001011|MFCD00079622|MLS000028499|MLS001148415|NCI60_022784|NINDS_001011|Opera_ID_334|Seldane (TN)|SMR000058260|SPBio_002155|Terfenadinum|Terfenor fte|Terfinax 120|Tox21_110295|Tox21_110296|Tox21_501213|Triludan fte|AB00052367-16|AB00052367_17|AB00052367_18|AKOS015962091|BPBio1_000238|BSPBio_000216|DivK1c_001011|DTXSID2023642|Lopac0_001213|Oprea1_343139|Prestwick_460|CAS-50679-08-8|EN300-22527913|RefChem:891400|SR-01000000104|Tox21_110295_1|NCGC00016064-03|NCGC00016064-04|NCGC00016064-05|NCGC00016064-06|NCGC00016064-08|NCGC00016064-09|NCGC00016064-12|NCGC00016064-19|NCGC00089746-02|NCGC00089746-03|NCGC00089746-04|NCGC00261898-01|Terfenadine CRS|UNII-7BA5G9Y06Q|BIM-0051180.0001|EINECS 256-710-8|SBI-0051180.P003|SR-01000000104-2|SR-01000000104-4|SR-01000000104-7|TERFENADINE [MI]|Prestwick0_000138|Prestwick1_000138|Prestwick2_000138|Prestwick3_000138|TERFENADINE [INN]|TERFENADINE [JAN]|TERFENADINE [HSDB]|TERFENADINE [USAN]|(.+/-.)-Terfenadine|TERFENADINE [MART.]|TERFENADINE [VANDF]|TERFENADINE [WHO-DD]|SDCCGSBI-0051180.P004|Terfenadin Ratiopharm|BRD-A06352418-001-03-6|BRD-A06352418-001-15-0|BRD-A06352418-001-24-2|BRD-A06352418-001-25-9|Pharmakon1600-01503708|Terfenadine (Standard)|Terfenadinum (INN-Latin)|Terfenadinum [INN-Latin]|Terfenadina (INN-Spanish)|Terfenadina [INN-Spanish]|TERFENADINE [EP IMPURITY]|Terfenadine (JAN/USAN/INN)|TERFENADINE [EP MONOGRAPH]|Terfenadine - Bio-X trade mark|Terfenadine [USAN:USP:INN:BAN:JAN]|( inverted exclamation markA)-Terfenadine;MDL-991|Terfenadine, European Pharmacopoeia (EP) Reference Standard|Terfenadine, United States Pharmacopeia (USP) Reference Standard|alpha-(p-tert-Butylphenyl)-4-(hydroxydiphenylmethyl)-1-piperidinebutanol|1-[4-(tert-butyl)phenyl]-4-[4-(hydroxydiphenylmethyl)piperidyl]butan-1-ol|.alpha.-(p-tert-Butylphenyl)-4-(hydroxydiphenylmethyl)-1-piperidinebutanol|1-(4-tert-Butylphenyl)-4-(4-(alpha-hydroxybenzhydryl)piperidino)-butan-1-ol|a-[4-(1,1-Dimethylethyl)phenyl]-4-(hydroxydiphenylmethyl)-piperidinebutanol|1-(4-tert-butylphenyl)-4-(4-(hydroxydiphenylmethyl)piperidin-1-yl)butan-1-ol|1-(4-tert-butylphenyl)-4-[4-(hydroxydiphenylmethyl)piperidin-1-yl]butan-1-ol|1-(4-tert-butylphenyl)-4-[4-[hydroxy(diphenyl)methyl]-1-piperidyl]butan-1-ol|a-[4-(1,1-Dimethylethyl)phenyl]-4-(hydroxydiphenylmethyl)-1-piperidinebutanol|1-(4-(tert-butyl)phenyl)-4-(4-(hydroxydiphenylmethyl)piperidin-1-yl)butan-1-ol|1-(4-tert-butylphenyl)-4-[4-[hydroxy(diphenyl)methyl]piperidin-1-yl]butan-1-ol|1-(4-tert-Butylphenyl)-4-{4-[hydroxydi(phenyl)methyl]piperidin-1-yl}butan-1-ol|1-(4-(tert-Butyl)phenyl)-4-(4-(hydroxydiphenylmethyl)-piperidin-1-yl)butan-1-ol|1-(4-tert-butylphenyl)-4-(4-(hydroxy-di(phenyl)methyl)piperidin-1-yl)butan-1-ol|1-(4-tert-butylphenyl)-4-[4-[hydroxy-di(phenyl)methyl]piperidin-1-yl]butan-1-ol|1-(p-tert-Butylphenyl)-4-(4'-(alpha-hydroxydiphenylmethyl)-1'-piperidyl)butanol|1-(4-tert-Butylphenyl)-4-(4-[hydroxy(diphenyl)methyl]-1-piperidinyl)-1-butanol #|alpha-(4-(1,1-Dimethylethyl)phenyl)-4-(hydroxydiphenylmethyl)-1-piperdinebutanol|(+/-)1-(4-tert-butylphenyl)-4-(4-(hydroxydiphenylmethyl)piperidin-1-yl)butan-1-ol|1-(4-tert-Butyl-phenyl)-4-[4-(hydroxy-diphenyl-methyl)-piperidin-1-yl]-butan-1-ol|alpha-(4-(1,1-Dimethylethyl)phenyl)-4-(hydroxydiphenylmethyl)-1-piperidinebutanol|alpha-(4-[1,1-Dimethylethyl]phenyl)-4-[hydroxydiphenylmethyl]-1-piperidinebutanol|alpha-[4-(1,1-Dimethylethyl)phenyl]-4-(hydroxydiphenylmethyl)-1-piperidinebutanol|.alpha.-(4-(1,1-Dimethylethyl)phenyl)-4-(hydroxydiphenylmethyl)-1-piperidinebutanol|1-Piperidinebutanol, alpha-(4-(1,1-dimethylethyl)phenyl)-4-(hydroxydiphenylmethyl)-|(RS)-1-(4-tert-butylphenyl)-4-(4-(hydroxy(diphenyl)methyl)piperidin-1-yl)-butan-1-ol|(RS)-1-(4-tert-butylphenyl)-4-{4-[hydroxy(diphenyl)methyl]piperidin-1-yl}-butan-1-ol|.alpha.-(4-(1,1-dimethylethyl)phenyl)-4-(hydroxydiphenyl-methyl)-1-piperidine butanol|1-PIPERIDINEBUTANOL, .ALPHA.-(4-(1,1-DIMETHYLETHYL)PHENYL)-4-(HYDROXYDIPHENYLMETHYL)-|1-Piperidinebutanol, .alpha.-[4-(1,1-dimethylethyl)phenyl]-4-(hydroxydiphenylmethyl)-|1-[4-(1,1-dimethylethyl)phenyl]-4-{4-[hydroxy(diphenyl)methyl]piperidin-1-yl}butan-1-ol|(1RS)-1-[4-(1,1-Dimethylethyl)phenyl]-4-[4-(hydroxydiphenylmethyl)piperidin-1-yl]butan-1-ol|1-(4-tert-Butyl-phenyl)-4-[4-(hydroxy-diphenyl-methyl)-piperidin-1-yl]-butan-1-ol(Terfenadine)",CC(C)(C)c1ccc(C(O)CCCN2CCC(C(O)(c3ccccc3)c3ccccc3)CC2)cc1
5282493,clocortolone-pivalate,"clocortolone-pivalate|34097-16-0|CL 68|Cilder|D02287|G78320|SH 863|SH-863|Cloderm|FC20492|Purantix|251-826-5|HY-106714|MSK011019|Q39045318|AB00514058|CCG-221119|CS-0026393|HMS1571O20|HMS2098O20|HMS2236M06|HMS3715O20|orb1744934|QBL8IZH14X|C27H36ClFO5|CHEBI:59583|SCHEMBL5120|Cloderm (TN)|MLS002154165|SMR001233464|SPBio_003119|Tox21_110632|BPBio1_001383|BSPBio_001258|CHEMBL1200975|DTXCID8025460|DTXSID0045460|RefChem:57257|CAS-34097-16-0|MSK011019-100A|SR-01000838872|NCGC00016824-01|NCGC00179239-01|NCGC00179239-05|UNII-QBL8IZH14X|EINECS 251-826-5|SR-01000838872-2|Prestwick0_001119|Prestwick1_001119|Prestwick2_001119|Prestwick3_001119|CLOCORTOLONE PIVALATE|BRD-K38003476-001-03-4|BRD-K38003476-001-09-1|Clocortolone 21-pivalate|Clocortolone pivalate (USP)|Clocortolone pivalate [USAN]|CLOCORTOLONE 21-PIVALATE [MI]|CLOCORTOLONE PIVALATE [MART.]|CLOCORTOLONE PIVALATE [VANDF]|clocortolone trimethylacetate|CLOCORTOLONE PIVALATE (200 MG)|CLOCORTOLONE PIVALATE [USP-RS]|CLOCORTOLONE PIVALATE [WHO-DD]|Clocortolone pivalate [USAN:USP]|CLOCORTOLONE PIVALATE [ORANGE BOOK]|CLOCORTOLONE PIVALATE [USP MONOGRAPH]|Clocortolone pivalate Solution in Acetonitrile, 100ug/mL|Clocortolone trimethylacetate; Cloderm; Purantix; SH 863|9-chloro-6?-fluoro-11?,21-dihydroxy-16?-methylpregna-1,4-diene-3|9-Chloro-6alpha-fluoro-11beta,21-dihydroxy-16alpha-methylpregna-1,4-diene-3,20-dione 21-pivalate|9alpha-Chloro-6alpha-fluoro-11beta,21-dihydroxy-16alpha-methylpregna-1,4-diene-3,20-dione 21-pivalate|9 alpha-chloro-6 alpha-fluoro-11 beta,21-dihydroxy-16 alpha-methylpregna-1,4-diene-3,20-dione 21-pivalate|9-chloro-6alpha-fluoro-11beta-hydroxy-16alpha-methyl-3,20-dioxopregna-1,4-dien-21-yl 2,2-dimethylpropanoate|Pregna-1,4-diene-3,20-dione, 9-chloro-21-(2,2-dimethyl-1-oxopropoxy)-6-fluoro-11-hydroxy-16-methyl-, (6alpha,11beta,16alpha)-|Pregna-1,4-diene-3,20-dione, 9-chloro-21-(2,2-dimethyl-1-oxopropoxy)-6-fluoro-11-hydroxy-16-methyl-, (6.alpha.,11.beta.,16.alpha.)-|2-((6S,8S,9R,10S,11S,13S,14S,16R,17S)-9-chloro-6-fluoro-11-hydroxy-10,13,16-trimethyl-3-oxo-6,7,8,9,10,11,12,13,14,15,16,17-dodecahydro-3H-cyclopenta[a]phenanthren-17-yl)-2-oxoethyl pivalate|[2-[(6S,8S,9R,10S,11S,13S,14S,16R,17S)-9-chloro-6-fluoro-11-hydroxy-10,13,16-trimethyl-3-oxo-7,8,11,12,14,15,16,17-octahydro-6H-cyclopenta[a]phenanthren-17-yl]-2-oxoethyl] 2,2-dimethylpropanoate|[2-[(6S,8S,9R,10S,11S,13S,14S,16R,17S)-9-chloro-6-fluoro-11-hydroxy-10,13,16-trimethyl-3-oxo-7,8,11,12,14,15,16,17-octahydro-6H-cyclopenta[a]phenanthren-17-yl]-2-oxo-ethyl] 2,2-dimethylpropanoate",C[C@@H]1C[C@H]2[C@@H]3C[C@H](F)C4=CC(=O)C=C[C@]4(C)[C@@]3(Cl)[C@@H](O)C[C@]2(C)[C@H]1C(=O)COC(=O)C(C)(C)C
2090,alexidine,"alexidine|22573-93-9|D02804|T63500|AS-76176|245-096-7|Alexidina|BDBM59086|C26H56N10|DB-091261|Q15633921|WIN-21904|AB00053637|Alexidinum|Bisguadine|GVN71CAL3G|NS00011741|orb1686541|Win 21,904|Win 21-904|CHEBI:53661|IDI1_000722|QTL1_000005|Sterwin 904|BDBM50495214|BDBM50588191|Bisguanidine|cid_18968508|Compound 904|KBio1_000722|KBio2_000939|KBio2_003507|KBio2_006075|KBio3_002500|NINDS_000722|SCHEMBL94278|SMR001233329|SPBio_001178|SPBio_002793|AB00053637_04|AB00053637_05|BPBio1_000940|BSPBio_000854|BSPBio_003000|CHEMBL1195210|DivK1c_000722|DTXCID0028456|DTXSID4048482|KBioGR_001112|KBioSS_000939|RefChem:553948|NCGC00178352-01|NCGC00178352-02|NCGC00178352-05|SCHEMBL20597789|SCHEMBL20597790|SCHEMBL21496951|Spectrum_000459|UNII-GVN71CAL3G|EINECS 245-096-7|Spectrum2_001099|Spectrum3_001550|Spectrum4_000756|Spectrum5_001227|Prestwick0_000777|Prestwick1_000777|Prestwick2_000777|Prestwick3_000777|Epitope ID:1181319|Alexidine (USAN/INN)|Alexidine [USAN:INN]|Alexidinum [INN-Latin]|BRD-A27883417-300-01-6|Alexidina [INN-Spanish]|1,1'-Hexamethylenebis-(5-(ethylhexyl)biguanide)|1,1'-Hexamethylenebis(5-(2-ethylhexyl)biguanide)|N,N''''-Hexane-1,6-diylbis[N'-(2-ethylhexyl)triimidodicarbonic diamide]|N,N''''-hexane-1,6-diylbis(N'-(2-ethylhexyl)(imidodicarbonimidic diamide))|N,N''''-hexane-1,6-diylbis[N'-(2-ethylhexyl)(imidodicarbonimidic diamide)]|2,4,11,13-Tetraazatetradecanediimidamide, N,N'-bis(2-ethylhexyl)-3,12-diimino-|1-[N'-[6-[[amino-[[N'-(2-ethylhexyl)carbamimidoyl]amino]methylene]amino]hexyl]carbamimidoyl]-2-(2-ethylhexyl)guanidine|1-[N'-[6-[[amino-[[N'-(2-ethylhexyl)carbamimidoyl]amino]methylidene]amino]hexyl]carbamimidoyl]-2-(2-ethylhexyl)guanidine|1-[N''-[6-[[amino-[[N''-(2-ethylhexyl)amidino]amino]methylene]amino]hexyl]amidino]-2-(2-ethylhexyl)guanidine;hydrochloride|1-[amino-[6-[[amino-[[amino(2-ethylhexylimino)methyl]amino]methylidene]amino]hexylimino]methyl]-2-(2-ethylhexyl)guanidine;hydrochloride|1-[N''-[6-[[amino-[[N''-(2-ethylhexyl)carbamimidoyl]amino]methylidene]amino]hexyl]carbamimidoyl]-2-(2-ethylhexyl)guanidine;hydrochloride|1-[N''-[6-[[azanyl-[[N''-(2-ethylhexyl)carbamimidoyl]amino]methylidene]amino]hexyl]carbamimidoyl]-2-(2-ethylhexyl)guanidine;hydrochloride",CCCCC(CC)CNC(=N)NC(=N)NCCCCCCNC(=N)NC(=N)NCC(CC)CCCC
2194,BRD-K92490248,"anethole-trithione|BRD-K92490248|532-11-6|A3364|A5219|s4744|SL 25|D01584|Halpen|OP2113|CS-4781|DB13853|F078385|GS-3613|Heporal|Mucinol|OP-2113|Sonicur|Trithio|C10H8OS3|Felviten|HY-B1223|Q4761739|SKF 1717|Sufralem|Sulfogal|SY046610|208-528-5|EBC-17037|Sulfarlem|Sulfralem|Tiopropen|Tiotrifar|Bilitherap|CCG-207967|CCRIS 6289|HMS2089N08|HMS3715D09|HMS5083D04|NS00002237|orb1224772|orb1309123|QUY32964DJ|BRN 0158393|CHEBI:31221|BDBM50597993|CAS-532-11-6|CHEMBL178862|MFCD00129751|MLS004774038|SMR001550561|Tox21_112475|AB01275477-01|AKOS015920023|DTXCID7026651|DTXSID9046651|EN300-8663238|SCHEMBL225654|RefChem:558062|SR-05000001483|Tox21_112475_1|Trithioanethol|anetholtrithion|Athenentol (TN)|NCGC00167471-01|NCGC00167471-02|Trithioanethole|UNII-QUY32964DJ|Anetholtrithione|EINECS 208-528-5|SR-05000001483-1|SR-05000001483-2|Anetholetrithione|Anethole trithione|Trithione, Anethole|Anetholdithiolthione|3-(p-anisyl)trithione|Anethol Dithiolthione|Anetholtrithion (JAN)|Anetholtrithion [JAN]|Anisyldithiolthionine|anethole dithiolthione|BRD-K92490248-001-04-1|BRD-K92490248-001-06-6|Dithiolthione, Anethol|ANETHOLE TRITHIONE [MI]|ANETHOLE TRITHIONE [MART.]|ANETHOLE TRITHIONE [WHO-DD]|3-(p-Methoxyphenyl)trithione|Trithio-p-methoxyphenylpropene|(p-Methoxyphenyl)trithiopropene|Trithioparamethoxyphenylpropene|Trithio-(p-methoxyphenyl)propene|5-(4-methoxyphenyl)dithiole-3-thione|5-(p-methoxyphenyl)-1,2-dithiole-3-thione|5-(4-Methoxyphenyl)-3H-1,2-dithiole-3-thione|5-(p-methoxyphenyl)-1,2-dithiol-3(3h)-thione|5-(p-Methoxyphenyl)-3H-1,2-dithiole-3-thione|5-19-05-00546 (Beilstein Handbook Reference)|3H-1,2-Dithiole-3-thione, 5-(4-methoxyphenyl)-|3H-1,2-DITHIOLE-3-THIONE, 5-(p-METHOXYPHENYL)-|3-(p-Anisyl)-4,5-dithiacyclopent-2-ene-1-thione|5-(p-Methoxyphenyl)-1,2-dithiocyclopenten-3-thione|ANETHOLTRITHION, Anethole-trithione (Anetholtrithion)|3-(p-Methoxyphenyl)-4,5-dithiacyclopent-2-ene-1-thione|5-(p-Methoxyphenyl)-1,2-dithiacyclopent-4-ene-3-thione|5-(4-Methoxyphenyl)-1,2-dithiole-3-thione; 5-(4-Methoxyphenyl)-3H-1,2-dithiole-3-thione",COc1ccc(-c2cc(=S)ss2)cc1
4746,perhexiline,"perhexiline|6621-47-2|35193-73-8|39648-47-0|39648-48-1|D08340|T60510|C08EX02|DB01074|DA-66583|HY-B1334|Q1232737|229-569-5|BDBM61402|EBC-26416|AB00053656|CS-0013087|KU65374X44|NS00008350|orb1689514|CHEBI:35553|CHEMBL75880|cid_5284439|IDI1_000542|Perhexilene|Perhexilina|BDBM50117921|DTXCID603439|KBio1_000542|KBio2_000353|KBio2_002921|KBio2_005489|KBio3_002618|NINDS_000542|Perhexilinum|perhexilline|SPBio_001358|SPBio_002411|AB00053656_22|BPBio1_000212|BSPBio_000192|BSPBio_003118|DivK1c_000542|DTXSID7023439|KBioGR_000685|KBioSS_000353|Oprea1_365504|SCHEMBL114894|EN300-18567360|RefChem:860305|NCGC00018261-02|NCGC00018261-05|NCGC00018261-11|Spectrum_000013|UNII-KU65374X44|EINECS 229-569-5|EINECS 252-426-3|EINECS 254-558-7|EINECS 254-559-2|PERHEXILINE [MI]|SBI-0051794.P002|Spectrum2_001539|Spectrum3_001579|Spectrum4_000173|Spectrum5_001084|Perhexiline (INN)|PERHEXILINE [INN]|Prestwick0_000286|Prestwick1_000286|Prestwick2_000286|Prestwick3_000286|PERHEXILINE [WHO-DD]|Perhexiline [INN:BAN]|BRD-A19633847-050-32-1|Perhexilinum [INN-Latin]|Perhexilina [INN-Spanish]|2-(2,2-Dicyclohexylethyl)piperidine|Piperidine, 2-(2,2-dicyclohexylethyl)-|(+)-2-(2,2-Dicyclohexylethyl)piperidine|(-)-2-(2,2-Dicyclohexylethyl)piperidine|(1)-2-(2,2-Dicyclohexylethyl)piperidine|(+/-)-2-(2,2-DICYCLOHEXYLETHYL)PIPERIDINE|2-(2,2-dicyclohexylethyl)piperidine;maleic acid|2-[2,2-DICYCLOHEXYLETHYL]PIPERIDINE MALEATE SALT|(Z)-2-butenedioic acid;2-(2,2-dicyclohexylethyl)piperidine|Piperidine, 2-(2,2-dicyclohexylethyl)-, (2Z)-2-butenedioate (1:1)",C1CCC(C(CC2CCCCN2)C2CCCCC2)CC1
4369270,digitoxigenin,"digitoxigenin|143-62-4|DTX|1lnm|D0541|A12049|DB04177|F801786|FD11670|Q411469|AC-38163|205-603-4|BDBM66977|Echujetin|NSC407806|CCG-220436|CHEMBL1453|Evonogenin|HMS1569G14|HMS2096G14|HMS2231J22|HMS3713G14|NS00009205|NSC 407806|NSC-407806|S63WOD4VOL|ST 23:3;O4|BRN 0095448|CHEBI:42219|cid_4369270|Cerberigenin|LMST01120001|MFCD00003687|MLS002153810|MLS002701726|SCHEMBL61224|SMR001233182|SPBio_002391|Thevetigenin|AKOS015915862|BPBio1_000498|BSPBio_000452|Cerberigenin;|DTXCID6084767|Prestwick_169|Thevetigenin;|Digitoxigenine|DTXSID80162276|RefChem:388929|SR-01000841188|NCGC00179555-01|NCGC00179555-04|UNII-S63WOD4VOL|EINECS 205-603-4|SR-01000841188-2|(+)-DIGITOXIGENIN|Prestwick0_000436|Prestwick1_000436|Prestwick2_000436|Prestwick3_000436|DIGITOXIGENIN [MI]|BRD-K18518344-001-03-5|BRD-K18518344-001-15-9|5b,20(22)-Cardenolide-3?,14-diol|3-beta,14-Dioxy-digen-(20:22)-olid|3-BETA, 14-BETA-CARD-20(22)-ENOLIDE|3-beta,14-Dioxy-carden-(20:22)-olid|Cardogenen-(20:22)-diol-(3-beta,14)|3-.beta.,14-Dioxy-digen-(20:22)-olid|Cardogenen-(20:22)-diol-(3-.beta.,14)|3b,14-Dihydroxy-5b,20(22)-cardenolide,|3b,14-Dihydroxy-5b-card-20(22)-enolide|3b,14b-dihydroxy-5b-carda-20(22)-enolid|5.beta.-Card-20(22)-enolide,14-dihydroxy-|WLN: L E5 B666TJ A1 E1 F- DT5OV CUTJ IQ OQ|3-beta,14-Dioxy-digen-(20:22)-olid [German]|3-beta,14-Dioxy-carden-(20:22)-olid [German]|3beta,14-Dihydroxy-5beta-card-20(22)-enolide|5-18-03-00348 (Beilstein Handbook Reference)|Cardogenen-(20:22)-diol-(3-beta,14) [German]|3-beta,14-Dihydroxy-5-beta-card-20(22)-enolide|5beta-Card-20(22)-enolide, 3beta,14-dihydroxy-|3.beta.,14-Dihydroxy-5.beta.-card-20(22)-enolide|5-beta-CARD-20(22)-ENOLIDE, 3-beta,14-DIHYDROXY-|5.beta.-Card-20(22)-enolide, 3.beta.,14-dihydroxy|3,14,21-Trihydroxy-20(22)-norcholenic acid lactone|3-beta,14beta-dihydroxy-5-beta-card-20(22)-enolide|5.beta.-Card-20(22)-enolide, 3.beta.,14-dihydroxy-|.delta.20:22-3,21-Trihydroxynorcholenic acid lactone|Card-20(22)-enolide, 3,14-dihydroxy-, (3beta,5beta)-|Card-20(22)-enolide,14-dihydroxy-, (3.beta.,5.beta.)-|delta20:22-3,14,21-Trihydroxynorcholenic acid lactone|3-beta,14-Dihydroxy-5-beta,14-beta-card-20(22)-enolide|Card-20(22)-enolide, 3,14-dihydroxy-, (3-beta,5-beta)-|(3alpha,5beta,8alpha)-3,14-dihydroxycard-20(22)-enolide|.delta.20:22-3,14,21-Trihydroxynorcholenic acid lactone|3,14-Dihydroxycard-20(22)-enolide, (3.beta.,5.beta.)- #|Card-20(22)-enolide, 3,14-dihydroxy-, (3.beta.,5.beta.)-|.delta.-sup(20:22)-3,21-Trihydroxynorcholenic acid lactone|delta-sup(20:22)-3,14,21-Trihydroxynorcholenicacid lactone|delta-sup(20:22)-3,14,21-Trihydroxynorcholenic acid lactone|.DELTA.-sup(20:22)-3,14,21-Trihydroxynorcholenicacid lactone|4-(3,14-DIHYDROXY-10,13-DIMETHYL-HEXADECAHYDRO-CYCLOPENTA[A]PHENANTHREN-17-YL)-5H-FURAN-2-ONE|4-((3S,5R,8R,9S,10S,13R,14S,17R)-3,14-dihydroxy-10,13-dimethylhexadecahydro-1H-cyclopenta[a]phenanthren-17-yl)furan-2(5H)-one|3-((3S,5R,8R,9S,10S,13R,14S,17R)-3,14-dihydroxy-10,13-dimethyl-1,2,3,4,5,6,7,8,9,11,12,15,16,17-tetradecahydrocyclopenta(a)phenanthren-17-yl)-2H-furan-5-one|3-[(3S,5R,8R,9S,10S,13R,14S,17R)-3,14-dihydroxy-10,13-dimethyl-1,2,3,4,5,6,7,8,9,11,12,15,16,17-tetradecahydrocyclopenta[a]phenanthren-17-yl]-2H-furan-5-one|3-[(3S,5R,8R,9S,10S,13R,14S,17R)-10,13-dimethyl-3,14-bis(oxidanyl)-1,2,3,4,5,6,7,8,9,11,12,15,16,17-tetradecahydrocyclopenta[a]phenanthren-17-yl]-2H-furan-5-one|Digitoxigenin; (+)-Digitoxigenin; NSC 407806; Card-20(22)-enolide, 3,14-dihydroxy-, (3beta,5beta)-; 5beta-Card-20(22)-enolide, 3beta,14-dihydroxy- (6CI,7CI,8CI); Delta20:22-3,14,21-Trihydroxynorcholenic acid lactone",C[C@]12CC[C@H](O)C[C@H]1CC[C@@H]1[C@@H]2CC[C@]2(C)[C@@H](C3=CC(=O)OC3)CC[C@]12O
2157,amiodarone,"amiodarone|1951-25-3|BBI|L3428|C06823|D02910|G78136|L 3428|T21370|C01BD01|Cyto8E2|DB01118|F980385|L001174|Q410061|Atlansil|BAA95125|GTPL2566|HY-14187|IA156918|Kordaron|MSK11167|217-772-1|Amidorone|Amiodarex|BDBM18957|CHEMBL633|Cordarone|EBC-27411|STK529812|AB00053422|Amiodarona|CCG-204217|CCRIS 9360|CHEBI:2663|cid_441325|F2173-1018|GLXC-10157|HMS1791O16|HMS1989O16|HMS2089C07|N3RQ532IUT|NS00010453|orb1705102|orb2901502|SKF 33134A|ST51014902|ALBB-038651|Amiodaronum|Amjodaronum|BIDD:GT0425|Bio1_000026|Bio1_000515|Bio1_001004|Bio2_000294|Bio2_000774|BRN 1271711|C25H29I2NO3|IDI1_000079|IDI1_034044|QTL1_000008|BIDD:PXR0146|CBiol_001740|DTXCID702592|EN300-708787|KBio1_000079|KBio2_000294|KBio2_000741|KBio2_002862|KBio2_003309|KBio2_005430|KBio2_005877|KBio3_000587|KBio3_000588|KBio3_001800|Lopac-A-8423|MFCD00242801|NCI60_041885|NINDS_000079|RefChem:5543|SCHEMBL16284|SPBio_001825|SPBio_002277|Tox21_110083|AB00053422-17|AB00053422_18|AB00053422_19|AKOS005462717|AmiodaroneHCl|BPBio1_000372|BSPBio_000338|BSPBio_001574|BSPBio_002580|CAS-1951-25-3|DivK1c_000079|DTXSID7022592|KBioGR_000294|KBioGR_001859|KBioSS_000294|KBioSS_000741|Lopac0_000122|CAS-19774-82-4|Tox21_110083_1|AMIODARONE [MI]|Amiodarone Base|NCGC00015096-01|NCGC00015096-02|NCGC00015096-03|NCGC00015096-04|NCGC00015096-05|NCGC00015096-06|NCGC00015096-07|NCGC00015096-08|NCGC00015096-09|NCGC00015096-10|NCGC00015096-11|NCGC00015096-12|NCGC00015096-13|NCGC00015096-14|NCGC00015096-17|NCGC00015096-29|NCGC00015096-31|NCGC00024242-03|NCGC00024242-04|NCGC00024242-05|NCGC00024242-06|SCHEMBL29361787|Spectrum_000261|UNII-N3RQ532IUT|UNM000001215003|AMIODARONE [INN]|EINECS 217-772-1|Labaz (Salt/Mix)|SBI-0050110.P003|Spectrum2_001813|Spectrum3_001050|Spectrum4_001190|Spectrum5_001533|AMIODARONE [USAN]|Prestwick0_000409|Prestwick1_000409|Prestwick2_000409|Prestwick3_000409|AMIODARONE [MART.]|AMIODARONE [VANDF]|AMIODARONE [WHO-DD]|Cordarone (Salt/Mix)|Amiodarone (USAN/INN)|CRD - Cardiac mixture|SDCCGSBI-0050110.P004|Amiodarone N-oxide HCl|BRD-K17561142-003-16-8|BRD-K17561142-003-32-5|BRD-K17561142-003-33-3|BRD-K17561142-003-35-8|SKF-33134-A (Salt/Mix)|Amiodaronum [INN-Latin]|Amiodarona [INN-Spanish]|Amiodarone [USAN:INN:BAN]|Hydrochloride, Amiodarone|5-18-02-00353 (Beilstein Handbook Reference)|2-Butyl-3-(3,5-diiodo-4-(2-diethylaminoethoxy)benzoyl)benzofuran|2-n-Butyl-3',5'-diiodo-4'-N-diethylaminoethoxy-3-benzoylbenzofuran|2-Butyl-3-(3,5-diiodo-4-(beta-diethylaminoethoxy)benzoyl)benzofuran|2-Butyl-3-(3,5-diiodo-4-(.beta.-diethylaminoethoxy)benzoyl)benzofuran|2-Butyl-3-(4'-beta-N-diethylaminoethoxy-3',5'-diiodobenzoyl)benzofuran|2-Butyl-3-(4'-.beta.-N-diethylaminoethoxy-3',5'-diiodobenzoyl)benzofuran|2-Butyl-3-benzofuranyl 4-(2-(diethylamino)ethoxy)-3,5-diiodophenyl ketone|2-Butyl-3-benzofuranyl 4-[2-(diethylamino)ethoxy]-3,5-diiodophenyl ketone|2-Butyl-3-benzofuranyl p-((2-diethylamino)ethoxy)-m,m-diiodophenyl ketone|Ketone, 2-butyl-3-benzofuranyl 4-(2-(diethylamino)ethoxy)-3,5-diiodophenyl|(2-(4-(2-butyl-1-benzofuran-3-carbonyl)-2,6-diiodophenoxy)ethyl)diethylamine|4-[2-(diethylamino)ethoxy]-3,5-diiodophenyl 2-butylbenzo[b]furan-3-yl ketone|{2-[4-(2-butyl-1-benzofuran-3-carbonyl)-2,6-diiodophenoxy]ethyl}diethylamine|(2-Butyl-3-benzofuranyl)(4-(2-(diethylamino)ethoxy)-3,5-diidophenyl)methanone|(2-Butylbenzofuran-3-yl)(4-(2-(diethylamino)ethoxy)-3,5-diiodophenyl)methanone|(2-Butylbenzofuran-3-yl)(4-(2-(diethylamino)-ethoxy)-3,5-diiodophenyl)methanone|(2-butylbenzofuran-3-yl)-[4-(2-diethylaminoethoxy)-3,5-diiodo-phenyl]-methanone|(2-butyl-1-benzofuran-3-yl)-(4-(2-diethylaminoethoxy)-3,5-diiodophenyl)methanone|(2-butyl-1-benzofuran-3-yl)-[4-(2-diethylaminoethoxy)-3,5-diiodophenyl]methanone|(2-butylbenzofuran-3-yl)-[4-(2-diethylaminoethyloxy)-3,5-diiodo-phenyl]methanone|(2-butylbenzofuran-3-yl)-[4-[2-(diethylamino)ethoxy]-3,5-diiodo-phenyl]methanone|(2-{4-[(2-butyl-1-benzofuran-3-yl)carbonyl]-2,6-diiodophenoxy}ethyl)diethylamine|(2-butyl-1-benzofuran-3-yl)(4-(2-(diethylamino)ethoxy)-3,5-diiodophenyl)methanone|(2-butyl-1-benzofuran-3-yl){4-[2-(diethylamino)ethoxy]-3,5-diiodophenyl}methanone|(2-Butyl-benzofuran-3-yl)(4-[2-(diethylamino)ethoxy]-3,5-diiodophenyl)methanone #|(2-n-butyl-3-benzofuranyl)[4-[2-(diethylamino)ethoxyl]-3,5-diiodophenyl]methanone|Methanone, (2-butyl-3-benzofuranyl)(4-(2-(diethylamino)ethoxy)-3,5-diiodophenyl)-|Methanone, (2-butyl-3-benzofuranyl)[4-[2-(diethylamino)ethoxy]-3,5-diiodophenyl]-|(2-butyl-1-benzofuran-3-yl)-[4-[2-(diethylamino)ethoxy]-3,5-diiodophenyl]methanone|(2-n-butyl-3-benzofuranyl) [4-[2-(diethylamino)ethoxyl]-3,5-diiodophenyl] methanone|(2-butyl-1-benzofuran-3-yl)(4-{[2-(diethylamino)ethyl]oxy}-3,5-diiodophenyl)methanone",CCCCc1oc2ccccc2c1C(=O)c1cc(I)c(OCCN(CC)CC)c(I)c1
16362,pimozide,"pimozide|2062-78-4|1II|Orap|R 623|R-623|R6238|s4358|C07566|D00560|F70142|GTPL90|Opiran|P 1793|R 6238|R-6238|DB01100|FP63878|L000494|LP00946|N05AG02|Q144085|AS-13916|DA-56876|DXC19357|HY-12987|MSK11217|pimozida|218-171-7|CCG-35918|CCG-36461|CCG-39728|EBC-12825|EX-A10246|HMS501D08|HY-12987R|NSC170984|NSC757854|Orap (TN)|Pimozide?|Pimozidum|Primozida|Primozide|1HIZ4DL86F|AB00052215|CCRIS 9172|CHEBI:8212|CHEMBL1423|CS-0012921|EU-0100946|GLXC-06097|HMS1568N18|HMS1791H21|HMS1921H19|HMS1989H21|HMS2089C11|HMS2092F09|HMS2095N18|HMS2231P23|HMS3262N14|HMS3267E19|HMS3370N13|HMS3402H21|HMS3411J16|HMS3675J16|HMS3712N18|HMS5083C15|NS00003971|NSC 170984|NSC-170984|NSC-757854|Orap forte|orb1225725|orb1305335|orb3141422|SW196639-3|BIDD:GT0435|BRN 0729089|C28H29F2N3O|IDI1_000386|McN-JR 6238|McN-JR-6238|Neoperidole|SMP1_000241|Tocris-0937|BDBM50334150|DTXCID803474|EN300-127038|KBio1_000386|KBio2_000925|KBio2_003493|KBio2_006061|KBio3_002441|Lopac-P-1793|MFCD00055081|MLS000028410|MLS001077311|MLS002702058|NINDS_000386|Pimozide CRS|SCHEMBL41584|SMR000058385|SPBio_001211|SPBio_002495|Tox21_110224|Tox21_301586|Tox21_500946|AB00052215-06|AB00052215_07|AB00052215_08|AKOS024458706|BPBio1_000304|BSPBio_000276|BSPBio_001439|BSPBio_002941|CAS-2062-78-4|DivK1c_000386|DTXSID8023474|KBioGR_000720|KBioSS_000925|Lopac0_000946|Opera_ID_1580|PIMOZIDE [MI]|Prestwick_395|RefChem:56650|NCIMech_000356|PIMOZIDE [INN]|PIMOZIDE [JAN]|SCHEMBL7519553|SR-01000075392|Tox21_110224_1|NCGC00015802-01|NCGC00015802-02|NCGC00015802-03|NCGC00015802-04|NCGC00015802-05|NCGC00015802-06|NCGC00015802-07|NCGC00015802-08|NCGC00015802-09|NCGC00015802-10|NCGC00015802-11|NCGC00015802-12|NCGC00015802-13|NCGC00015802-14|NCGC00015802-15|NCGC00015802-16|NCGC00015802-18|NCGC00015802-23|NCGC00015802-26|NCGC00015802-29|NCGC00016601-01|NCGC00022282-03|NCGC00024888-01|NCGC00024888-02|NCGC00024888-03|NCGC00024888-04|NCGC00024888-05|NCGC00024888-06|NCGC00024888-07|NCGC00255294-01|NCGC00261631-01|PIMOZIDE [USAN]|SCHEMBL29381325|SPECTRUM1501134|Spectrum_000445|UNII-1HIZ4DL86F|BCBcMAP01_000043|EINECS 218-171-7|PIMOZIDE [MART.]|PIMOZIDE [VANDF]|SBI-0050920.P003|Spectrum2_001026|Spectrum3_001451|Spectrum4_000420|Spectrum5_001308|SR-01000075392-1|SR-01000075392-3|SR-01000075392-4|SR-01000075392-6|PIMOZIDE [USP-RS]|PIMOZIDE [WHO-DD]|Prestwick0_000308|Prestwick1_000308|Prestwick2_000308|Prestwick3_000308|Pimozide (Standard)|Pimozidum [INN-Latin]|SDCCGSBI-0050920.P004|BRD-K01292756-001-06-0|BRD-K01292756-001-13-6|BRD-K01292756-001-23-5|BRD-K01292756-001-24-3|BRD-K01292756-001-25-0|Pharmakon1600-01501134|Pimozida [INN-Spanish]|PIMOZIDE [ORANGE BOOK]|Pimozide (JP18/USP/INN)|PIMOZIDE [EP MONOGRAPH]|Primozida [INN-Spanish]|PIMOZIDE [USP MONOGRAPH]|Pimozide [USAN:USP:INN:BAN:JAN]|WLN: T56 BMVNJ D- DT6NTJ A3YR DF&R DF|5-24-02-00367 (Beilstein Handbook Reference)|Pimozide, European Pharmacopoeia (EP) Reference Standard|2-Benzimidazolinone,4-bis(p-fluorophenyl)butyl]-4-piperidyl]-|N-benzyl-N-(3-isobutoxy-2-(pyrrolidin-1-yl)propyl)benzenamine|Pimozide, United States Pharmacopeia (USP) Reference Standard|1-[1-[4,4-Bis(p-flurophenyl)butyl]-4-piperidyl]-2-benzimidazolinone|1-(1-(4,4-Bis(p-fluorophenyl)butyl)-4-piperidyl)-2-benzimidazolinone|1-[1-[4,4-Bis(4-fluorophenyl)butyl]-4-piperidyl]-2-benzimidazolinone|1-[1-[4,4-Bis(p-fluorophenyl)butyl]-4-piperidyl]-2-benzimidazolinone|2-Benzimidazolinone, 1-[1-[4,4-bis(p-fluorophenyl)butyl]-4-piperidyl]-|3-[1-[4,4-bis(4-fluorophenyl)butyl]-4-piperidyl]-1H-benzimidazol-2-one|1-(4,4-Bis(p-fluorophenyl)butyl)-4-(2-oxo-1-benzimidazolinyl)piperidine|1-[4,4-Bis(p-fluorophenyl)butyl]-4-(2-oxo-1-benzimidazolinyl)piperidine|3-(1-(4,4-bis(4-fluorophenyl)butyl)piperidin-4-yl)-1H-benzimidazol-2-one|3-[1-[4,4-bis(4-fluorophenyl)butyl]piperidin-4-yl]-1H-benzimidazol-2-one|3-[1-[4,4-bis(4-fluorophenyl)butyl]piperidin-4-yl]-1~{H}-benzimidazol-2-one|2H-Benzimidazol-2-one,4-bis(4-fluorophenyl)butyl]-4-piperidinyl]-1,3-dihydro-|1-(1-(4,4-bis(4-fluorophenyl)butyl)piperidin-4-yl)-1H-benzo[d]imidazol-2(3H)-one|1-(1-(4,4-bis(4-fluorophenyl)butyl)-4-piperidinyl)-1,3-dihydro-2H-benzimidazol-2-one|1-(1-(4,4-Bis(4-fluorophenyl)butyl)piperidin-4-yl)-1,3-dihydro-2H-benzimidazol-2-one|1-[1-[4,4-bis(4-Fluorophenyl)butyl]-4-piperidinyl]-1,3-dihydro-2H-benzimidazol-2-one|1-{1-[4,4-bis(4-fluorophenyl)butyl]piperidin-4-yl}-1,3-dihydro-2H-benzimidazol-2-one|1-[1-[4,4-bis(4-fluorophenyl)butyl]-4-piperidinyl]-1,3-dihydro-2h-benzimidazole-2-one|2H-BENZIMIDAZOL-2-ONE, 1-(1-(4,4-BIS(4-FLUOROPHENYL)BUTYL)-4-PIPERIDINYL)-1,3-DIHYDRO|1-{1-[4,4-bis-(4-fluoro-phenyl)-butyl]-piperidin-4-yl}-1,3-dihydro-benzoimidazol-2-one|2H-Benzimidazol-2-one, 1-(1-(4,4-bis(4-fluorophenyl)butyl)-4-piperidinyl)-1,3-dihydro-|2H-Benzimidazol-2-one, 1-[1-[4,4-bis(4-fluorophenyl)butyl]-4-piperidinyl]-1,3-dihydro-|1-(1-(4,4-bis(4-fluorophenyl)butyl)piperidin-4-yl)-2,3-dihydro-1H-1,3-benzodiazol-2-one|1-{1-[4,4-bis(4-fluorophenyl)butyl]piperidin-4-yl}-2,3-dihydro-1H-1,3-benzodiazol-2-one|1-{1-[4,4-Bis(4-fluorophenyl)butyl]piperidin-4-yl}-1,3-dihydro-2H-1,3-benzimidazol-2-one|Pimozide (1-[1-[4,4-Bis(4-fluorophenyl)butyl]-4-piperidinyl]-1,3-dihydro-2H-benzimidaol-2-one)|PIMOZIDE1-{1-[4,4-BIS-(4-FLUORO-PHENYL)-BUTYL]-PIPERIDIN-4-YL}-1,3-DIHYDRO-BENZOIMIDAZOL-2-ONE|1-{1-[4,4-Bis-(4-fluoro-phenyl)-butyl]-piperidin-4-yl}-1,3-dihydro-benzoimidazol-2-one(Pimozide)",O=c1[nH]c2ccccc2n1C1CCN(CCCC(c2ccc(F)cc2)c2ccc(F)cc2)CC1
